Report Date,Route,Time,Day,Location,Incident,Min Delay,Min Gap,Direction,Vehicle
2017/01/01,73,12:42:00 AM,Sunday,Claireport at Albion,Mechanical,20,20,S,8091
2017/01/01,75,1:02:00 AM,Sunday,Glen /Elm,Emergency Services,30,60,n,1821
2017/01/01,102,1:20:00 AM,Sunday,Warden Station,Mechanical,10,20,,8114
2017/01/01,120,1:22:00 AM,Sunday,Sheppard at Northover,Mechanical,30,60,e,8548
2017/01/01,83,1:30:00 AM,Sunday,Donlands station,Mechanical,30,60,,8127
2017/01/01,43,1:30:00 AM,Sunday,Midland & Steeles,Mechanical,10,20,up,7628
2017/01/01,43,1:42:00 AM,Sunday,Midland & Steeles,Mechanical,10,20,up,7556
2017/01/01,72,1:46:00 AM,Sunday,Pape Stn,Utilized Off Route,15,30,EB,8151
2017/01/01,98,2:00:00 AM,Sunday,Sheppard stn,Mechanical,30,60,e,8198
2017/01/01,11,2:03:00 AM,Sunday,Steeles/ Bayview,Utilized Off Route,24,48,n/b,8388
2017/01/01,95,2:05:00 AM,Sunday,Yorkmills Station,Emergency Services,20,40,e,1111
2017/01/01,131,2:06:00 AM,Sunday,McCowan and Nugget,Mechanical,22,44,WB,1222
2017/01/01,105,2:30:00 AM,Sunday,Downsview stn,Mechanical,30,60,n/b,8340
2017/01/01,69,2:30:00 AM,Sunday,Warden Station,Mechanical,20,40,,8162
2017/01/01,79,2:32:00 AM,Sunday,Pine and Lawrence,Mechanical,27,54,nb,1043
2017/01/01,29,3:04:00 AM,Sunday,Wilson stn,Mechanical,10,20,s/b,9042
2017/01/01,52,3:17:00 AM,Sunday,Lawrence Station,Mechanical,30,60,wb,1578
2017/01/01,52,3:30:00 AM,Sunday,Celestine and Dixon,Mechanical,26,52,wb,1633
2017/01/01,320,3:30:00 AM,Sunday,Route 320,General Delay,16,20,BW,
2017/01/01,300,4:01:00 AM,Sunday,Kennedy Station to Terminal 3 Air Port,General Delay,30,51,EB,
2017/01/01,129,4:04:00 AM,Sunday,McCowan and Finch Ave,Mechanical,20,27,s,1130
2017/01/01,129,4:31:00 AM,Sunday,McCowan and Finch Ave,Emergency Services,1,1,s,1746
2017/01/01,334,4:42:00 AM,Sunday,Newgale Gate and Finchdene Sq,Late Leaving Garage,25,50,EB,7664
2017/01/01,300,4:45:00 AM,Sunday,Burnhamthorpe and West Mall,Investigation,1,1,WB,7496
2017/01/01,300,5:00:00 AM,Sunday,300 Route,General Delay,20,40,B/W,7411
2017/01/01,300,5:09:00 AM,Sunday,Kennedy Station,Late Leaving Garage,27,54,WB,7773
2017/01/01,300,5:11:00 AM,Sunday,Spadina,Investigation,33,60,W,7964
2017/01/01,320,5:35:00 AM,Sunday,Queens Quay and Yonge,Mechanical,15,30,N,8206
2017/01/01,334,5:42:00 AM,Sunday,Neilson Rd on Finch,Investigation,1,1,E,7649
2017/01/01,320,6:02:00 AM,Sunday,Yonge Loop on Steels,Emergency Services,4,10,N,8366
2017/01/01,300,6:16:00 AM,Sunday,Bathurst and Bloor,Investigation,20,40,W,7406
2017/01/01,300,6:25:00 AM,Sunday,Bathurst and Bloor street,Investigation,16,32,W,7654
2017/01/01,190,6:32:00 AM,Sunday,STC,Mechanical,9,18,SB,7449
2017/01/01,300,6:37:00 AM,Sunday,Danforth and Danforth,Late Leaving Garage,12,24,W,8003
2017/01/01,354,6:38:00 AM,Sunday,Eglinton station,Mechanical,30,60,E,7608
2017/01/01,320,6:45:00 AM,Sunday,Yonge and York Mills,Utilized Off Route,3,6,n,8340
2017/01/01,124,6:45:00 AM,Sunday,Lawrence and Yonge,Mechanical,1,1,W,8211
2017/01/01,320,6:52:00 AM,Sunday,Wilson and Yonge,Emergency Services,3,6,S,8372
2017/01/01,57,6:54:00 AM,Sunday,midland and steeles,Late Leaving Garage,1,22,sb,8126
2017/01/01,85,7:02:00 AM,Sunday,Sheppard Station at Yonge,Investigation,20,40,E,1301
2017/01/01,54,7:23:00 AM,Sunday,STSP,Mechanical,30,30,WB,7670
2017/01/01,121,7:25:00 AM,Sunday,lakeshore and strachan,Late Leaving Garage,20,25,wb,8105
2017/01/01,8,7:31:00 AM,Sunday,plains and coxwell,Late Leaving Garage,1,30,sb,8116
2017/01/01,121,7:33:00 AM,Sunday,mill and cherry,Late Leaving Garage,20,40,eb,7812
2017/01/01,72,7:34:00 AM,Sunday,front and bay,Late Leaving Garage,1,18,nb,7851
2017/01/01,23,7:35:00 AM,Sunday,ferris and dawes,Late Leaving Garage,12,24,sb,7796
2017/01/01,83,7:42:00 AM,Sunday,lakeshore garage,Late Leaving Garage,1,30,nb,8106
2017/01/01,169,7:45:00 AM,Sunday,Scarbough Town Centre,Utilized Off Route,15,30,w,8367
2017/01/01,29,7:45:00 AM,Sunday,Wilson Station,Utilized Off Route,11,22,s,8329
2017/01/01,25,7:45:00 AM,Sunday,PSTN,Mechanical,30,35,NB,7415
2017/01/01,134,7:46:00 AM,Sunday,Finchden and Finch,Late Leaving Garage,22,44,S,1277
2017/01/01,11,7:48:00 AM,Sunday,Davisville Stn,Utilized Off Route,36,71,,8348
2017/01/01,196,7:57:00 AM,Sunday,sheppard Station,Utilized Off Route,16,32,W,8371
2017/01/01,84,8:10:00 AM,Sunday,Sheppard Stn.,Late Leaving Garage,10,20,W,8501
2017/01/01,74,8:15:00 AM,Sunday,St Clair Stn,Utilized Off Route,30,60,,1814
2017/01/01,53,8:27:00 AM,Sunday,PAMK,Utilized Off Route,9,18,W,1317
2017/01/01,32,8:35:00 AM,Sunday,Eglinton Station,Mechanical,10,20,wb,1646
2017/01/01,133,9:00:00 AM,Sunday,Sheppard and Scunthorpe,Mechanical,12,24,E,1757
2017/01/01,54,9:01:00 AM,Sunday,STSP,Mechanical,9,18,WB,4
2017/01/01,196,9:04:00 AM,Sunday,Downsview Station,Utilized Off Route,30,60,S,1367
2017/01/01,29,9:14:00 AM,Sunday,Wilson Stn,Utilized Off Route,4,8,,8302
2017/01/01,85,9:37:00 AM,Sunday,DonMills station,Mechanical,24,48,E,1145
2017/01/01,94,9:40:00 AM,Sunday,castle frank stn.,Utilized Off Route,7,14,wb,7872
2017/01/01,165,9:51:00 AM,Sunday,York Mills Stn.,Investigation,9,27,W,8447
2017/01/01,79,10:24:00 AM,Sunday,Mount Dennis to Runnymede Station,Mechanical,24,48,nb,1522
2017/01/01,65,10:28:00 AM,Sunday,Parliament and Richmond,Diversion,154,166,SB,7827
2017/01/01,34,10:30:00 AM,Sunday,Eglinton Ave E and Leslie St,Mechanical,9,18,WB,7640
2017/01/01,21,10:39:00 AM,Sunday,Steeles and Brimley,Mechanical,20,40,SB,7750
2017/01/01,165,10:43:00 AM,Sunday,Barmac and Steeles,Mechanical,9,27,S,8447
2017/01/01,185,11:10:00 AM,Sunday,PSTN,Mechanical,10,20,NB,7680
2017/01/01,57,11:45:00 AM,Sunday,Midland and Eglinton,Mechanical,20,40,NB,8148
2017/01/01,96,12:11:00 PM,Sunday,York Mills Stn.,Late Leaving Garage,17,34,W,7936
2017/01/01,29,12:14:00 PM,Sunday,Princess Gates,Diversion,0,0,s,9056
2017/01/01,34,12:28:00 PM,Sunday,Kennedy STN,Mechanical,8,15,WB,7583
2017/01/01,116,12:38:00 PM,Sunday,Kennedy STN,Mechanical,8,15,EB,7522
2017/01/01,116,12:46:00 PM,Sunday,Morningside & Nighstar,Investigation,10,20,dn,7494
2017/01/01,24,12:48:00 PM,Sunday,Victoria Park Station,Utilized Off Route,8,16,NB,7741
2017/01/01,56,1:10:00 PM,Sunday,Donland Av/Mortimer Av,Diversion,40,65,B/W,8185
2017/01/01,63,1:39:00 PM,Sunday,Eglinton Station,Investigation,6,13,S,1573
2017/01/01,131,1:58:00 PM,Sunday,Morningview Trail and Morningside Road,Diversion,26,26,B/W,
2017/01/01,102,2:10:00 PM,Sunday,Warden Station,Mechanical,10,20,NB,7880
2017/01/01,54,2:12:00 PM,Sunday,Lawrence/ Don Mills,Mechanical,12,24,EB,7617
2017/01/01,34,2:37:00 PM,Sunday,Eglinton Ave E and Banff Rd,Investigation,8,15,EB,7631
2017/01/01,108,2:51:00 PM,Sunday,Downsview Stn.,Investigation,18,36,W,8466
2017/01/01,92,3:11:00 PM,Sunday,Woodbine Station,Mechanical,11,21,SB,7776
2017/01/01,67,3:13:00 PM,Sunday,Pharmacy Ave and Princeway Dr,Investigation,17,34,NB,7690
2017/01/01,96,4:23:00 PM,Sunday,Carrier Loop,Mechanical,17,34,E,8449
2017/01/01,35,4:27:00 PM,Sunday,Jane and East,Investigation,10,20,S,8452
2017/01/01,90,5:30:00 PM,Sunday,Vaughan & Kenwood,Investigation,12,24,S,8215
2017/01/01,199,5:45:00 PM,Sunday,Birchmount on Finch,Mechanical,8,16,WB,1086
2017/01/01,43,5:50:00 PM,Sunday,Kennedy Ave and Steeles Ave E,Investigation,10,20,SB,7434
2017/01/01,185,5:58:00 PM,Sunday,FMDM,Mechanical,10,20,SB,7682
2017/01/01,199,6:39:00 PM,Sunday,Scarborough Town Centre,Utilized Off Route,7,15,W/B,1096
2017/01/01,95,6:42:00 PM,Sunday,York Mills Station,Utilized Off Route,10,20,W/B,1775
2017/01/01,759,6:43:00 PM,Sunday,East Liberty,Utilized Off Route,1,1,n/b,1642
2017/01/01,759,6:44:00 PM,Sunday,Ossington stn,Utilized Off Route,1,1,s/b,1417
2017/01/01,709,6:45:00 PM,Sunday,Keele and Eglinton,Utilized Off Route,1,1,E,1604
2017/01/01,759,6:45:00 PM,Sunday,Ossington stn,Utilized Off Route,1,1,s/b,1016
2017/01/01,709,6:45:00 PM,Sunday,Eglinton west station,Utilized Off Route,1,1,E,1562
2017/01/01,709,6:45:00 PM,Sunday,Eglinton west stn.,Utilized Off Route,1,1,E,1058
2017/01/01,72,6:46:00 PM,Sunday,Pape Station,Utilized Off Route,18,36,,8150
2017/01/01,97,6:47:00 PM,Sunday,Eglinton stn,Utilized Off Route,20,40,n,8192
2017/01/01,51,6:49:00 PM,Sunday,Eglinton stn,Utilized Off Route,30,60,e,1826
2017/01/01,87,6:50:00 PM,Sunday,Broadview Station,Utilized Off Route,10,20,,7735
2017/01/01,102,6:50:00 PM,Sunday,Warden Station,Utilized Off Route,10,20,,7850
2017/01/01,100,6:50:00 PM,Sunday,Broadview STN,Utilized Off Route,10,20,NB,7437
2017/01/01,35,6:50:00 PM,Sunday,Jane Stn,Utilized Off Route,20,40,N,8457
2017/01/01,94,6:52:00 PM,Sunday,Castle Frank Station,Utilized Off Route,14,28,,7826
2017/01/01,11,6:53:00 PM,Sunday,Davisville stn,Utilized Off Route,10,20,n,8365
2017/01/01,191,6:55:00 PM,Sunday,kipling stn,Utilized Off Route,10,20,n,8568
2017/01/01,90,6:55:00 PM,Sunday,St. Clair W Stn,Utilized Off Route,1,1,E,8308
2017/01/01,7,6:55:00 PM,Sunday,Bathurst & Wilson,Utilized Off Route,8,15,N,1550
2017/01/01,25,6:55:00 PM,Sunday,Pape STN,Utilized Off Route,10,20,NB,7596
2017/01/01,63,6:56:00 PM,Sunday,Eglinton West station,Utilized Off Route,7,14,S,1050
2017/01/01,24,6:56:00 PM,Sunday,Victoria Park Station,Utilized Off Route,10,20,,8111
2017/01/01,95,6:56:00 PM,Sunday,York Mills Station,Utilized Off Route,10,20,E/B,1080
2017/01/01,32,6:58:00 PM,Sunday,Eglinton Station,Utilized Off Route,1,1,W,1598
2017/01/01,39,6:59:00 PM,Sunday,Finch Station,Utilized Off Route,1,1,E/B,1270
2017/01/01,29,7:00:00 PM,Sunday,Dufferin and Dundas,Utilized Off Route,5,11,n,8205
2017/01/01,29,7:00:00 PM,Sunday,Dufferin and Bloor,Utilized Off Route,4,8,n,8309
2017/01/01,76,7:00:00 PM,Sunday,Royal York Station,Utilized Off Route,9,19,S,8023
2017/01/01,165,7:00:00 PM,Sunday,York Mills Stn.,Utilized Off Route,10,30,W,8572
2017/01/01,84,7:00:00 PM,Sunday,Sheppard Stn.,Utilized Off Route,10,20,W,8579
2017/01/01,96,7:00:00 PM,Sunday,York Mills Stn.,Utilized Off Route,20,40,W,1205
2017/01/01,63,7:02:00 PM,Sunday,Eglinton west Station,Utilized Off Route,1,1,S,1626
2017/01/01,45,7:03:00 PM,Sunday,Kipling Station,Utilized Off Route,10,20,N,8073
2017/01/01,52,7:05:00 PM,Sunday,Lawrence stn,Utilized Off Route,20,40,w/b,1249
2017/01/01,46,7:05:00 PM,Sunday,kipling stn,Utilized Off Route,20,40,n,8482
2017/01/01,168,7:06:00 PM,Sunday,Dundas West Station,Utilized Off Route,9,21,N,7928
2017/01/01,52,7:10:00 PM,Sunday,Lawrence stn,Utilized Off Route,20,40,w/b,1048
2017/01/01,54,7:18:00 PM,Sunday,Eglinton STN,Utilized Off Route,19,38,EB,7567
2017/01/01,84,8:35:00 PM,Sunday,Weston rd and Bradstock,Mechanical,10,20,w,8584
2017/01/01,29,8:44:00 PM,Sunday,Cne loop,Investigation,10,20,n,8205
2017/01/01,135,10:10:00 PM,Sunday,Main Station,Mechanical,30,60,,7716
2017/01/01,39,10:15:00 PM,Sunday,Neilson and Crow Trail.,Late Leaving Garage,10,20,W,1145
2017/01/01,102,10:30:00 PM,Sunday,Warden Station,Utilized Off Route,10,20,,7709
2017/01/01,87,11:08:00 PM,Sunday,Doncaster on Main St.,Mechanical,10,20,,7773
2017/01/02,41,12:05:00 AM,Monday,Keele and Wilson,Mechanical,24,48,N/B,1057
2017/01/02,320,3:34:00 AM,Monday,Yonge & Bloor,Investigation,15,30,N,8331
2017/01/02,300,3:37:00 AM,Monday,Bloor and Sherbourne.,Investigation,30,60,E,7786
2017/01/02,40,4:46:00 AM,Monday,Dundas w stn,Mechanical,12,0,N,8047
2017/01/02,5,5:00:00 AM,Monday,Shermount S. of Lawrence,Mechanical,1,1,s,8191
2017/01/02,105,5:27:00 AM,Monday,Confederation and Dufferin,Mechanical,30,60,n,8332
2017/01/02,118,5:32:00 AM,Monday,Wilson station,Late Leaving Garage,30,0,w/b,7946
2017/01/02,26,5:40:00 AM,Monday,St George stn,Late Leaving Garage,0,30,w,1513
2017/01/02,75,5:49:00 AM,Monday,Sherbourne and Bloor,Utilized Off Route,20,40,N,8348
2017/01/02,12,5:52:00 AM,Monday,Kennedy Station,Late Leaving Garage,17,34,WB,7744
2017/01/02,29,5:55:00 AM,Monday,Wilson Station,Utilized Off Route,11,22,s,8350
2017/01/02,161,6:05:00 AM,Monday,Alliance and Rockcliffe,Investigation,0,20,e,1641
2017/01/02,12,6:10:00 AM,Monday,Kennedy Station,Late Leaving Garage,17,34,WB,8155
2017/01/02,82,6:40:00 AM,Monday,Rosedale Station,Utilized Off Route,20,40,W,8348
2017/01/02,39,8:18:00 AM,Monday,Finch Stn,Mechanical,17,34,E,1743
2017/01/02,199,8:32:00 AM,Monday,Finch Stn,Late Leaving Garage,8,16,E,1757
2017/01/02,53,8:48:00 AM,Monday,Passmore and Markham Rd,Mechanical,18,27,wb,1301
2017/01/02,102,8:53:00 AM,Monday,Markham and steeles,Mechanical,10,20,nb,8124
2017/01/02,91,9:00:00 AM,Monday,Woodbine stn,Mechanical,24,48,W/B,7804
2017/01/02,168,9:10:00 AM,Monday,Dundas West Station,Late Leaving Garage,10,20,N,8025
2017/01/02,51,9:16:00 AM,Monday,Townsend,Mechanical,14,28,S,8203
2017/01/02,43,9:50:00 AM,Monday,Kennedy Stn,Mechanical,10,20,N,7462
2017/01/02,168,11:06:00 AM,Monday,Avon Loop,Late Leaving Garage,7,16,S,8057
2017/01/02,25,11:33:00 AM,Monday,Don Mills Station,Mechanical,10,20,SB,7411
2017/01/02,85,11:34:00 AM,Monday,Don Mills Station,Late Leaving Garage,,,e,1086
2017/01/02,94,12:03:00 PM,Monday,Castle Frank Stn,Mechanical,13,26,W,8102
2017/01/02,38,12:05:00 PM,Monday,STC,Late Leaving Garage,0,0,E/B,1280
2017/01/02,79,12:14:00 PM,Monday,Scarlett and Fontenay,Investigation,24,48,s,1602
2017/01/02,16,12:30:00 PM,Monday,warden stn,Mechanical,12,24,nb,8123
2017/01/02,65,1:00:00 PM,Monday,Castle frank to Union,General Delay,1,1,B/W,
2017/01/02,102,1:00:00 PM,Monday,WARDEN STN,Mechanical,10,20,nb,8132
2017/01/02,12,1:27:00 PM,Monday,Sandown and Kingston Road,Investigation,17,34,E,7830
2017/01/02,34,1:36:00 PM,Monday,Eglinton station,Emergency Services,7,15,eb,7434
2017/01/02,24,1:50:00 PM,Monday,Dawes Rd and Victoria Park,Mechanical,8,16,NB,7783
2017/01/02,34,1:51:00 PM,Monday,Eglinton station,Emergency Services,7,15,eb,7506
2017/01/02,165,1:53:00 PM,Monday,Weston and Finch,Mechanical,34,68,n,8573
2017/01/02,52,1:54:00 PM,Monday,McNaughton and Victory,Mechanical,47,28,SB,1054
2017/01/02,106,2:06:00 PM,Monday,Yukon Lane,Mechanical,10,20,W,8449
2017/01/02,52,2:10:00 PM,Monday,Lawrence and Keele,Mechanical,9,18,EB,1544
2017/01/02,34,2:13:00 PM,Monday,Spanbridge & Grenoble,Mechanical,18,36,eb,7700
2017/01/02,9,2:16:00 PM,Monday,WARDEN STN,Mechanical,22,44,NB,7776
2017/01/02,102,2:20:00 PM,Monday,warden stn,Utilized Off Route,10,20,NB,8112
2017/01/02,24,2:24:00 PM,Monday,Victoria Park Station,Mechanical,8,16,NB,7742
2017/01/02,80,3:00:00 PM,Monday,Sherway Gardens to Humber loop,General Delay,20,40,BW,
2017/01/02,31,3:00:00 PM,Monday,Greenwood Station,Mechanical,20,40,SB,7765
2017/01/02,72,3:10:00 PM,Monday,Pape Station,Utilized Off Route,18,36,SB,8172
2017/01/02,74,3:55:00 PM,Monday,St.Clair Station,Mechanical,20,40,Wb,8305
2017/01/02,68,3:56:00 PM,Monday,Warden and Steeles,Investigation,10,20,NB,7490
2017/01/02,41,4:18:00 PM,Monday,York U Commons,Mechanical,14,28,SB,1029
2017/01/02,185,4:30:00 PM,Monday,PSTN,Mechanical,10,20,NB,7511
2017/01/02,42,4:48:00 PM,Monday,Finch stn,Mechanical,16,32,e,8349
2017/01/02,191,5:17:00 PM,Monday,SLPM,Late Leaving Garage,10,20,S,7974
2017/01/02,161,5:42:00 PM,Monday,Rogers and Harvie,Mechanical,15,30,E,1011
2017/01/02,63,6:00:00 PM,Monday,Ossington Station,Utilized Off Route,6,13,N,1384
2017/01/02,121,6:30:00 PM,Monday,Lakeshore and Strachan,Mechanical,15,30,E/B,7764
2017/01/02,196,6:48:00 PM,Monday,Allen rd and Kennard,Mechanical,7,15,s,1306
2017/01/02,102,6:51:00 PM,Monday,Warden Station,Mechanical,10,30,NB,8124
2017/01/02,100,7:30:00 PM,Monday,Broadview station,Mechanical,10,20,eb,7615
2017/01/02,165,9:01:00 PM,Monday,Weston and Finch,Mechanical,10,20,s,8592
2017/01/02,46,9:18:00 PM,Monday,Steeles Loop,Late Leaving Garage,30,60,SB,7942
2017/01/02,52,9:26:00 PM,Monday,Lawrence west station,Late Leaving Garage,20,40,W/B,1515
2017/01/02,57,9:45:00 PM,Monday,Kennedy Station,Late Leaving Garage,30,60,EB,8103
2017/01/02,44,9:48:00 PM,Monday,COL SAM LOOP,Utilized Off Route,10,20,n/b,7926
2017/01/02,123,9:58:00 PM,Monday,QUEENSWAY GARAGE,Utilized Off Route,30,60,w/b,8098
2017/01/02,97,10:35:00 PM,Monday,York Mills Stn,Mechanical,20,40,SB,8203
2017/01/02,165,11:06:00 PM,Monday,Wilson ave & Murray rd,Diversion,40,50,W,
2017/01/02,118,11:06:00 PM,Monday,Wilson ave & Murray rd,Diversion,20,50,W,
2017/01/02,96,11:06:00 PM,Monday,Wilson ave & Murray rd,Diversion,40,50,W,
2017/01/02,120,11:06:00 PM,Monday,Wilson ave & Murray rd,Diversion,20,50,W,
2017/01/03,320,1:03:00 AM,Tuesday,Steeles loop & Yonge,Investigation,20,0,S,8348
2017/01/03,320,2:00:00 AM,Tuesday,Yonge & Cumberland,Investigation,7,14,N,7809
2017/01/03,302,3:18:00 AM,Tuesday,BING,Mechanical,30,60,N,8157
2017/01/03,300,3:47:00 AM,Tuesday,427 AND DIXON,Mechanical,30,60,W,8033
2017/01/03,300,3:48:00 AM,Tuesday,BLOOR AND WESTMALL,Investigation,30,60,W,7970
2017/01/03,68,4:45:00 AM,Tuesday,Warden and Danforth,Late Leaving Garage,1,1,n,7588
2017/01/03,300,4:53:00 AM,Tuesday,T3,Utilized Off Route,30,60,E,7747
2017/01/03,25,5:25:00 AM,Tuesday,Duncan Mill,Mechanical,9,18,S,7483
2017/01/03,185,5:30:00 AM,Tuesday,Pape station,Mechanical,9,0,n,7573
2017/01/03,32,5:35:00 AM,Tuesday,Pine & Lawrence,Late Leaving Garage,10,10,s/b,1032
2017/01/03,84,5:38:00 AM,Tuesday,Sheppard station,Late Leaving Garage,14,0,w/b,1326
2017/01/03,46,5:41:00 AM,Tuesday,Kipling Station,Mechanical,15,40,N/B,8449
2017/01/03,86,5:45:00 AM,Tuesday,lawrence & Manse,Mechanical,24,39,E,7438
2017/01/03,32,5:54:00 AM,Tuesday,Pine,Utilized Off Route,10,17,e,1583
2017/01/03,24,6:00:00 AM,Tuesday,Victoria Park and Steeles,Late Leaving Garage,14,24,S,7796
2017/01/03,43,6:00:00 AM,Tuesday,Kennedy stn,Mechanical,10,20,nb,7636
2017/01/03,29,6:00:00 AM,Tuesday,Dufferin and Yorkdale,Mechanical,13,26,n,9013
2017/01/03,35,6:05:00 AM,Tuesday,Trethewey,Mechanical,10,20,N,8500
2017/01/03,131,6:06:00 AM,Tuesday,Morningview Tr-Morningside,Late Leaving Garage,7,15,eb,1307
2017/01/03,43,6:06:00 AM,Tuesday,Kennnedy stn,Utilized Off Route,10,20,nb,7586
2017/01/03,7,6:06:00 AM,Tuesday,Village gate and Bathurst,Late Leaving Garage,9,33,s/b,8376
2017/01/03,95,6:07:00 AM,Tuesday,KNRD,Mechanical,9,17,WB,1069
2017/01/03,86,6:07:00 AM,Tuesday,Kennedy Stn,Mechanical,10,18,E,7400
2017/01/03,32,6:09:00 AM,Tuesday,Eglinton Stn,Late Leaving Garage,5,11,w/b,1647
2017/01/03,43,6:10:00 AM,Tuesday,Scarbough Town Centre,Mechanical,10,20,sb,7422
2017/01/03,116,6:16:00 AM,Tuesday,Kennedy Stn,Utilized Off Route,7,13,E,7518
2017/01/03,32,6:17:00 AM,Tuesday,Keele & Eglinton,Utilized Off Route,6,12,e/b,1521
2017/01/03,11,6:17:00 AM,Tuesday,Sunnybrook Hospital,Late Leaving Garage,22,44,Sb,8335
2017/01/03,32,6:23:00 AM,Tuesday,Keele & Eglinton,Utilized Off Route,6,12,e/b,1509
2017/01/03,79,6:28:00 AM,Tuesday,Pine,Late Leaving Garage,10,20,s,1538
2017/01/03,122,6:33:00 AM,Tuesday,York Mills Station,Mechanical,10,20,E,8347
2017/01/03,29,6:36:00 AM,Tuesday,Tycos,Mechanical,15,30,n,9051
2017/01/03,131,6:36:00 AM,Tuesday,STC SRT,Late Leaving Garage,9,18,eb,1129
2017/01/03,125,6:38:00 AM,Tuesday,Bathurst/Antibes,Late Leaving Garage,4,8,Eb,8340
2017/01/03,85,6:41:00 AM,Tuesday,Don Mills Station,Late Leaving Garage,13,26,e,9065
2017/01/03,29,6:42:00 AM,Tuesday,Princes Gates,Mechanical,9,18,n,9018
2017/01/03,108,6:44:00 AM,Tuesday,Sheppard and John Drury,Mechanical,13,26,w/b,1332
2017/01/03,100,6:52:00 AM,Tuesday,Broadview STN,Mechanical,4,8,N,7435
2017/01/03,504,6:52:00 AM,Tuesday,Eglinton yard,Late Leaving Garage,1,1,S,7563
2017/01/03,195,6:58:00 AM,Tuesday,JSTE,Late Leaving Garage,10,20,S,8518
2017/01/03,54,6:59:00 AM,Tuesday,Lawrence Scarbough Golf Club rd,Mechanical,9,18,eb,7693
2017/01/03,131,7:04:00 AM,Tuesday,STC SRT,Late Leaving Garage,8,15,sb,1201
2017/01/03,102,7:05:00 AM,Tuesday,Warden Stn,Utilized Off Route,10,20,N,7796
2017/01/03,68,7:08:00 AM,Tuesday,Warden Loop,Mechanical,5,10,sb,7539
2017/01/03,68,7:08:00 AM,Tuesday,Steeles Loop,Diversion,377,387,sb,7539
2017/01/03,29,7:10:00 AM,Tuesday,Princes Gates,Utilized Off Route,4,8,n,8371
2017/01/03,188,7:15:00 AM,Tuesday,Colonel Samuel Loop,Utilized Off Route,10,20,n,8073
2017/01/03,44,7:30:00 AM,Tuesday,Colonel Samuel Smith Loop,Mechanical,6,12,N,7924
2017/01/03,75,7:30:00 AM,Tuesday,Lower Sherbourne and Esplanade,Emergency Services,195,202,b/w,
2017/01/03,94,7:30:00 AM,Tuesday,Castle Frank Stn,Mechanical,13,26,W,7806
2017/01/03,198,7:34:00 AM,Tuesday,U of T loop,Mechanical,12,24,S,7466
2017/01/03,121,7:36:00 AM,Tuesday,Lower Sherbourne and Esplanade,Diversion,194,209,E,7815
2017/01/03,199,7:40:00 AM,Tuesday,STC,Late Leaving Garage,4,8,W,1757
2017/01/03,87,7:45:00 AM,Tuesday,Broadview Stn,Utilized Off Route,5,10,E,7828
2017/01/03,89,8:10:00 AM,Tuesday,Dundas and Keele,Investigation,5,10,sb,1592
2017/01/03,165,8:12:00 AM,Tuesday,York Mills Stn.,Utilized Off Route,6,18,W,8529
2017/01/03,63,8:18:00 AM,Tuesday,Oakwood Loop,Mechanical,4,9,S/B,1359
2017/01/03,125,8:25:00 AM,Tuesday,Finch Station,Mechanical,7,14,Wb,1669
2017/01/03,195,8:32:00 AM,Tuesday,COMMONS,Utilized Off Route,10,20,S,8518
2017/01/03,9,8:45:00 AM,Tuesday,Bellamy and Brimorton,Mechanical,15,30,S,7795
2017/01/03,84,8:50:00 AM,Tuesday,Fenmar,Mechanical,14,28,w/b,1322
2017/01/03,29,8:59:00 AM,Tuesday,Wilson Station,Mechanical,5,10,s,1665
2017/01/03,198,9:01:00 AM,Tuesday,Eglinton & McCowan,Mechanical,12,24,E,7494
2017/01/03,36,9:11:00 AM,Tuesday,Pearldale and Finch,Investigation,6,11,W/B,9117
2017/01/03,54,9:36:00 AM,Tuesday,Lawrence Orton Park,Mechanical,6,12,eb,7603
2017/01/03,34,9:38:00 AM,Tuesday,Eglinton and Warden,Emergency Services,5,12,W,7514
2017/01/03,17,9:50:00 AM,Tuesday,Steeles Loop,Diversion,13,26,SB,7804
2017/01/03,129,10:01:00 AM,Tuesday,SLMC,Mechanical,7,21,SB,1094
2017/01/03,186,10:10:00 AM,Tuesday,Kipling and Brookmere,Mechanical,11,22,E,8572
2017/01/03,68,10:15:00 AM,Tuesday,Warden ave HWY #7,Diversion,35,75,sb,7414
2017/01/03,56,11:02:00 AM,Tuesday,laird and Commercial,Investigation,18,36,S,1668
2017/01/03,69,11:19:00 AM,Tuesday,Warden Station,Mechanical,11,22,SB,8144
2017/01/03,70,11:25:00 AM,Tuesday,Victoria Park and St. Clair,Diversion,55,73,e,7675
2017/01/03,32,11:35:00 AM,Tuesday,Weston & Eglinton,Mechanical,10,20,e/b,1500
2017/01/03,165,11:44:00 AM,Tuesday,walsh at weston,Investigation,20,30,w,8602
2017/01/03,75,11:48:00 AM,Tuesday,Queens Quay and LowerJarvis,Mechanical,12,24,n/b,1828
2017/01/03,191,11:50:00 AM,Tuesday,Steeles and Martin Grove loop,Mechanical,6,12,s/b,7968
2017/01/03,26,11:50:00 AM,Tuesday,Jane Station,Mechanical,20,40,E/B,1642
2017/01/03,130,11:54:00 AM,Tuesday,Middlefield and Nashdene,Investigation,21,42,n,1121
2017/01/03,63,12:04:00 PM,Tuesday,Liberty and Atlantic,Utilized Off Route,5,11,N/b,1405
2017/01/03,102,12:05:00 PM,Tuesday,Castlemore,Mechanical,30,60,SB,7756
2017/01/03,29,12:10:00 PM,Tuesday,wilson Station,Mechanical,5,10,n,9034
2017/01/03,199,12:12:00 PM,Tuesday,STC,Mechanical,4,8,W,1288
2017/01/03,134,12:17:00 PM,Tuesday,Scarborough Town Centre,Utilized Off Route,7,13,e,1068
2017/01/03,191,12:18:00 PM,Tuesday,Arrow garage,Utilized Off Route,6,12,s/b,7952
2017/01/03,709,12:19:00 PM,Tuesday,Jane St at Lawrence Ave,Utilized Off Route,1,1,E,1587
2017/01/03,709,12:19:00 PM,Tuesday,Eglinton Ave at Jane St,Utilized Off Route,1,1,E,1059
2017/01/03,188,12:24:00 PM,Tuesday,Colonel Samuel Smith Loop,Utilized Off Route,10,20,N,7971
2017/01/03,76,12:29:00 PM,Tuesday,"On Lake Shore Blvd., at Mimico",Utilized Off Route,9,18,N,7910
2017/01/03,35,12:36:00 PM,Tuesday,JNST,Utilized Off Route,7,14,N,8563
2017/01/03,73,12:50:00 PM,Tuesday,Albion and Claireport,Mechanical,11,26,s/b,8415
2017/01/03,30,12:50:00 PM,Tuesday,"On Dundas, at Kipling",Emergency Services,30,60,W,7915
2017/01/03,32,1:00:00 PM,Tuesday,Eglinton West Station,Mechanical,10,20,W,1054
2017/01/03,52,1:26:00 PM,Tuesday,Lawerence and Welland,Mechanical,14,28,W,1027
2017/01/03,5,1:30:00 PM,Tuesday,Eglinton Stn,Mechanical,30,60,s,1514
2017/01/03,73,1:34:00 PM,Tuesday,Arcot and Albion,Mechanical,15,30,n/b,8064
2017/01/03,51,1:35:00 PM,Tuesday,Leslie and  York Mills,Mechanical,25,25,n,1801
2017/01/03,74,1:35:00 PM,Tuesday,St.Clair Station,Mechanical,20,40,WB,1751
2017/01/03,14,1:45:00 PM,Tuesday,Caledonia and Tycos,Mechanical,24,48,eb,1048
2017/01/03,32,1:45:00 PM,Tuesday,Eglinton West Stn,Utilized Off Route,10,20,eb,1073
2017/01/03,29,2:01:00 PM,Tuesday,Exhibition,Utilized Off Route,5,10,N,8305
2017/01/03,104,2:11:00 PM,Tuesday,Wilson STN Lower,Mechanical,19,38,nb,8386
2017/01/03,108,2:14:00 PM,Tuesday,Downsview Station,Mechanical,16,30,W,8584
2017/01/03,41,2:24:00 PM,Tuesday,Keele and St Clair,Mechanical,7,14,NB,9146
2017/01/03,89,2:39:00 PM,Tuesday,Keele station,Late Leaving Garage,7,14,NB,1354
2017/01/03,72,2:41:00 PM,Tuesday,Pape Stn,Mechanical,16,32,S,7830
2017/01/03,191,2:42:00 PM,Tuesday,Martin Grove and Royalcrest,Utilized Off Route,6,12,S/b,8492
2017/01/03,185,2:43:00 PM,Tuesday,Greenbelt and Don Mills Road,Mechanical,7,14,NB,7608
2017/01/03,11,2:50:00 PM,Tuesday,Sunnybrook Hospital,Mechanical,12,24,n,8214
2017/01/03,52,2:53:00 PM,Tuesday,Lawrence and Olympia,Mechanical,3,6,E,1001
2017/01/03,86,3:00:00 PM,Tuesday,Kingston and Military trail,Mechanical,7,17,W,7647
2017/01/03,63,3:00:00 PM,Tuesday,Ossington and St Clair,Mechanical,9,15,NB,1518
2017/01/03,131,3:05:00 PM,Tuesday,Scarborough Town Centre,Mechanical,9,18,E,1307
2017/01/03,29,3:14:00 PM,Tuesday,Dufferin and Dufferin Park,Investigation,5,10,n,9034
2017/01/03,131,3:15:00 PM,Tuesday,McCowan and Triton,Mechanical,9,17,S,1141
2017/01/03,42,3:17:00 PM,Tuesday,Finch station,Utilized Off Route,15,30,E,8325
2017/01/03,54,3:21:00 PM,Tuesday,RTLS,Late Leaving Garage,14,28,EB,7548
2017/01/03,68,3:22:00 PM,Tuesday,WLAS,Mechanical,7,14,SB,7464
2017/01/03,42,3:24:00 PM,Tuesday,Finch Station,Late Leaving Garage,30,60,E,1675
2017/01/03,125,3:25:00 PM,Tuesday,Finch Station,Mechanical,10,20,W,8394
2017/01/03,97,3:25:00 PM,Tuesday,Yorkmill station,Mechanical,20,40,S,1554
2017/01/03,60,3:29:00 PM,Tuesday,Finch Station,Late Leaving Garage,7,14,W,7976
2017/01/03,131,3:31:00 PM,Tuesday,Kennedy Stn,Utilized Off Route,5,9,E,1101
2017/01/03,52,3:36:00 PM,Tuesday,Lawrence and Pine,Mechanical,3,6,W,1383
2017/01/03,25,3:39:00 PM,Tuesday,Pape Station,Mechanical,7,14,NB,7672
2017/01/03,57,3:42:00 PM,Tuesday,Kennedy Stn,Late Leaving Garage,9,18,N,7707
2017/01/03,53,3:43:00 PM,Tuesday,Markham & Passmore,Late Leaving Garage,2,4,WB,9082
2017/01/03,192,3:43:00 PM,Tuesday,Kipling Station,Mechanical,9,17,N,8004
2017/01/03,34,3:54:00 PM,Tuesday,Eglinton & Bayview,Mechanical,4,8,up,7468
2017/01/03,87,3:54:00 PM,Tuesday,Main Stn,Utilized Off Route,5,10,WB,7819
2017/01/03,53,3:55:00 PM,Tuesday,Morningside  & Staines,Late Leaving Garage,15,30,WB,9098
2017/01/03,11,3:59:00 PM,Tuesday,Eglinton Stn,Utilized Off Route,8,17,n,1579
2017/01/03,86,4:07:00 PM,Tuesday,Kennedy STN,Late Leaving Garage,10,20,E,7575
2017/01/03,53,4:13:00 PM,Tuesday,Finch Station,Late Leaving Garage,15,30,EB,9091
2017/01/03,45,4:17:00 PM,Tuesday,Kipling Station,Mechanical,16,32,N,8097
2017/01/03,121,4:20:00 PM,Tuesday,SB Cherry and Front St,Investigation,10,20,SB,7779
2017/01/03,45,4:24:00 PM,Tuesday,Kipling Station,Utilized Off Route,9,19,N,7911
2017/01/03,107,4:26:00 PM,Tuesday,Yokr Blvd. & Bus Roadway,Mechanical,12,32,WB,1701
2017/01/03,7,4:50:00 PM,Tuesday,Finch,Mechanical,8,17,N,9003
2017/01/03,57,5:12:00 PM,Tuesday,Midland SRT and Midland,Investigation,9,18,N,7780
2017/01/03,102,5:25:00 PM,Tuesday,Warden Station,Utilized Off Route,10,20,EB,7757
2017/01/03,123,5:27:00 PM,Tuesday,Kipling Stn,Mechanical,22,44,s/b,8075
2017/01/03,52,5:40:00 PM,Tuesday,Lawrence and Weston,Utilized Off Route,3,6,E,1349
2017/01/03,171,5:40:00 PM,Tuesday,Mt. Dennis division,Mechanical,20,40,W,1408
2017/01/03,191,6:24:00 PM,Tuesday,Finch and Westmore,Diversion,6,12,E/b,8534
2017/01/03,36,6:28:00 PM,Tuesday,Westmore and Finch,Diversion,20,26,EB,9106
2017/01/03,12,6:30:00 PM,Tuesday,Victoria Park Stn,Investigation,19,39,E,7878
2017/01/03,131,6:47:00 PM,Tuesday,Scarborough Town Center,Mechanical,9,18,S/B,1288
2017/01/03,32,7:02:00 PM,Tuesday,Eglinton Ave W at Martingrove Ave,Mechanical,9,18,E,1549
2017/01/03,165,7:05:00 PM,Tuesday,barmac at steeles,Mechanical,20,30,s,1274
2017/01/03,134,7:15:00 PM,Tuesday,McNicol/Ironside,Mechanical,20,40,WB,1131
2017/01/03,24,7:15:00 PM,Tuesday,Navaho and Victoria Park,Investigation,8,16,SB,7847
2017/01/03,131,7:17:00 PM,Tuesday,Blackwell and Tapscott,Investigation,11,23,E,1085
2017/01/03,72,7:23:00 PM,Tuesday,Yonge and Wellington,Mechanical,18,36,5,8145
2017/01/03,17,7:44:00 PM,Tuesday,Birchmount Rd and Glendower Circle,Diversion,38,50,NB,8151
2017/01/03,25,7:49:00 PM,Tuesday,Pape Station,Mechanical,7,14,SB,7513
2017/01/03,25,8:15:00 PM,Tuesday,Thorncliffe Park and Overlea Blvd,Diversion,7,59,WB,
2017/01/03,185,8:15:00 PM,Tuesday,Thorncliffe Park and Overlea,Diversion,7,59,WB,
2017/01/03,25,8:15:00 PM,Tuesday,Thorncliffe Park and Overlea Blvd,Diversion,7,14,WB,7456
2017/01/03,81,8:20:00 PM,Tuesday,Thorncliffe Par West and Overlea,Diversion,50,60,S,7852
2017/01/03,100,8:30:00 PM,Tuesday,Overlea & Thorncliff Pk W,Diversion,8,16,dn,7499
2017/01/03,6,8:32:00 PM,Tuesday,Bay and Queens Quay,Mechanical,15,30,N/B,1040
2017/01/03,88,8:35:00 PM,Tuesday,Overlea Blvd and Thornclffe Dr.,Diversion,26,36,W,8373
2017/01/03,165,8:38:00 PM,Tuesday,YKMS - York,Mechanical,10,20,W,1324
2017/01/03,32,8:43:00 PM,Tuesday,Eglinton,Mechanical,9,19,E/B,1643
2017/01/03,21,8:45:00 PM,Tuesday,Kennedy Station,Emergency Services,11,22,EB,8120
2017/01/03,52,8:46:00 PM,Tuesday,Scarlett and Lawrence,Investigation,12,24,EB,1501
2017/01/03,79,8:53:00 PM,Tuesday,Scarlett and Lawrence,Diversion,43,14,NB,1538
2017/01/03,52,8:53:00 PM,Tuesday,Scarlett and Lawrence,Diversion,43,24,EB,1515
2017/01/03,42,9:29:00 PM,Tuesday,Finch station,Mechanical,1,1,W,8300
2017/01/03,29,10:10:00 PM,Tuesday,Dufferin at Shanley,Mechanical,6,12,NB,9025
2017/01/03,41,10:17:00 PM,Tuesday,Keele and Patroila,Mechanical,18,36,S/B,9141
2017/01/03,52,10:53:00 PM,Tuesday,Lawrence and Avenue Rd.,Mechanical,18,36,W/B,1585
2017/01/03,79,11:17:00 PM,Tuesday,Runnymede and St. Clair Ave,Emergency Services,30,60,S/B,1537
2017/01/03,95,11:54:00 PM,Tuesday,ELLESMERE AND PHARMACY,Mechanical,10,20,W,1711
2017/01/04,68,12:41:00 AM,Wednesday,WLAS,Mechanical,15,30,S,7690
2017/01/04,192,12:41:00 AM,Wednesday,427NORTH,Mechanical,10,20,n/b,8007
2017/01/04,335,1:21:00 AM,Wednesday,York University - COMM,Mechanical,20,20,S,8531
2017/01/04,335,2:40:00 AM,Wednesday,Jane & Finch,Mechanical,15,45,N,8531
2017/01/04,300,3:03:00 AM,Wednesday,Bloor and High Park,Emergency Services,20,40,W,7752
2017/01/04,320,3:30:00 AM,Wednesday,Yonge & Churchill,Mechanical,4,8,S,8350
2017/01/04,320,3:40:00 AM,Wednesday,Yonge & Sheppard,Utilized Off Route,4,8,S,1606
2017/01/04,325,3:57:00 AM,Wednesday,FMDM,Mechanical,30,60,S,7635
2017/01/04,332,4:05:00 AM,Wednesday,Dixon & carlingview,Mechanical,10,40,E,1663
2017/01/04,353,4:14:00 AM,Wednesday,Steeles and Dumont,Investigation,30,60,E,1222
2017/01/04,300,4:25:00 AM,Wednesday,Danforth and Pape,Utilized Off Route,20,40,E,7665
2017/01/04,300,4:30:00 AM,Wednesday,DDAN,Investigation,30,60,W,7470
2017/01/04,320,4:35:00 AM,Wednesday,Bay & front,Diversion,93,101,S,
2017/01/04,25,4:55:00 AM,Wednesday,Pape station,Late Leaving Garage,25,40,n,7698
2017/01/04,60,5:02:00 AM,Wednesday,SIGT,Late Leaving Garage,10,20,E,1313
2017/01/04,11,5:15:00 AM,Wednesday,Davisville stn,Mechanical,25,1,N,1808
2017/01/04,35,5:22:00 AM,Wednesday,HULLMAR,Late Leaving Garage,7,14,N,1237
2017/01/04,131,5:29:00 AM,Wednesday,Morningview Trail and Morningside,Late Leaving Garage,10,23,n,1756
2017/01/04,95,5:33:00 AM,Wednesday,ELRT,Late Leaving Garage,7,7,WB,8395
2017/01/04,129,5:40:00 AM,Wednesday,MMRC,Late Leaving Garage,15,31,SB,9089
2017/01/04,53,5:41:00 AM,Wednesday,Morningside & Staines,Late Leaving Garage,13,27,W,9066
2017/01/04,185,5:42:00 AM,Wednesday,FreshMeadow,Late Leaving Garage,1,1,n,7556
2017/01/04,52,5:44:00 AM,Wednesday,Lawrence stn,Late Leaving Garage,13,26,w,1565
2017/01/04,195,5:49:00 AM,Wednesday,JSTE,Late Leaving Garage,1,0,S,1205
2017/01/04,41,5:58:00 AM,Wednesday,Petrolia,Late Leaving Garage,11,22,s,9143
2017/01/04,186,5:58:00 AM,Wednesday,Humber College Loop,Late Leaving Garage,1,10,E,8542
2017/01/04,320,6:00:00 AM,Wednesday,Yonge and Queens Quay,Mechanical,8,0,N/B,1821
2017/01/04,24,6:00:00 AM,Wednesday,Victoria Park Stn,Late Leaving Garage,17,34,N,7773
2017/01/04,85,6:01:00 AM,Wednesday,Don Mills Station,Late Leaving Garage,8,25,e,9088
2017/01/04,32,6:01:00 AM,Wednesday,Keele & Eglinton,Late Leaving Garage,6,12,e/b,1034
2017/01/04,7,6:02:00 AM,Wednesday,Bathurst and Wilson,Late Leaving Garage,10,30,s/b,9010
2017/01/04,41,6:02:00 AM,Wednesday,Keele stn,Late Leaving Garage,11,22,n,9141
2017/01/04,60,6:07:00 AM,Wednesday,SIGT,Late Leaving Garage,2,12,E,8470
2017/01/04,100,6:08:00 AM,Wednesday,Eglinton Don Mills,Mechanical,4,8,sb,7485
2017/01/04,199,6:11:00 AM,Wednesday,Morninside & Nightstar,Mechanical,9,18,W,1142
2017/01/04,106,6:20:00 AM,Wednesday,Downsview station,Late Leaving Garage,7,14,w/b,8452
2017/01/04,90,6:24:00 AM,Wednesday,St.Clair west sn,Late Leaving Garage,4,8,n/b,1672
2017/01/04,52,6:25:00 AM,Wednesday,Royal york and Dixon,Late Leaving Garage,3,6,s,1004
2017/01/04,29,6:29:00 AM,Wednesday,Princes gates,Mechanical,9,18,n,9048
2017/01/04,36,6:31:00 AM,Wednesday,Humberwood Loop,Late Leaving Garage,6,11,E/B,1239
2017/01/04,5,6:36:00 AM,Wednesday,Eglinton station,Mechanical,12,24,s,1826
2017/01/04,52,6:40:00 AM,Wednesday,Keele and Lawrence,Mechanical,14,27,w,1589
2017/01/04,129,6:41:00 AM,Wednesday,Castlemore and The Bridle Walk,Mechanical,15,29,S/B,1251
2017/01/04,108,6:42:00 AM,Wednesday,Downsview station,Late Leaving Garage,13,26,w/b,8579
2017/01/04,29,6:42:00 AM,Wednesday,Princes Gates,Mechanical,9,18,N,9022
2017/01/04,89,6:42:00 AM,Wednesday,Keele Station,Late Leaving Garage,4,9,N/B,1563
2017/01/04,36,6:43:00 AM,Wednesday,Finch Station,Late Leaving Garage,5,11,W/B,9117
2017/01/04,63,6:44:00 AM,Wednesday,Eglinton West stn,Late Leaving Garage,4,8,s/b,1624
2017/01/04,89,6:45:00 AM,Wednesday,Albion and Weston,Late Leaving Garage,5,10,S/B,1003
2017/01/04,79,6:45:00 AM,Wednesday,Weston Rd and Lawrence,Investigation,10,20,n,1551
2017/01/04,199,6:48:00 AM,Wednesday,STC,Late Leaving Garage,4,8,W,1130
2017/01/04,70,6:50:00 AM,Wednesday,Danforth and Coxwell,Late Leaving Garage,8,16,s,687
2017/01/04,199,6:56:00 AM,Wednesday,Morningside & Nightstar,Mechanical,9,18,W,1248
2017/01/04,118,7:07:00 AM,Wednesday,Wilson and Julian,Mechanical,20,40,E,8576
2017/01/04,71,7:07:00 AM,Wednesday,Runnymede stn,Mechanical,19,38,n/b,1389
2017/01/04,107,7:10:00 AM,Wednesday,Rutherford Go Stn.,Mechanical,9,20,S/B,8195
2017/01/04,199,7:12:00 AM,Wednesday,STC,Mechanical,4,8,W,1282
2017/01/04,26,7:15:00 AM,Wednesday,St. George Station,Mechanical,14,29,W/B,1200
2017/01/04,32,7:16:00 AM,Wednesday,Pine & Lawrence,Utilized Off Route,5,11,s/b,1412
2017/01/04,132,7:16:00 AM,Wednesday,Breckon Gate and Sheppard,Mechanical,17,33,n,1081
2017/01/04,133,7:21:00 AM,Wednesday,Berner Trail,Mechanical,10,20,SB,1146
2017/01/04,51,7:25:00 AM,Wednesday,Leslie and Old Cummer,Investigation,16,32,SB,1375
2017/01/04,10,7:30:00 AM,Wednesday,Donmills Stn.,Mechanical,15,30,W/B,8348
2017/01/04,186,7:30:00 AM,Wednesday,Wilson Stn.,Utilized Off Route,10,19,W,8438
2017/01/04,134,7:45:00 AM,Wednesday,Scarborough Town Centre,Utilized Off Route,6,12,e,1228
2017/01/04,54,8:00:00 AM,Wednesday,Eglinton station,Mechanical,1,1,EB,7593
2017/01/04,759,8:13:00 AM,Wednesday,St.Cliar & Weston,Utilized Off Route,1,1,s/b,1663
2017/01/04,100,8:32:00 AM,Wednesday,Broadview STN,Mechanical,4,8,N,7423
2017/01/04,709,8:42:00 AM,Wednesday,Eglinton West stn,Utilized Off Route,1,1,w/b,1378
2017/01/04,709,8:44:00 AM,Wednesday,Trethewey & Black Creek,Utilized Off Route,1,1,s/b,1537
2017/01/04,143,8:45:00 AM,Wednesday,Neville Loop,Mechanical,15,30,WB,8164
2017/01/04,188,8:45:00 AM,Wednesday,Colonel Samuel Smith Loop,Utilized Off Route,10,20,N,8045
2017/01/04,76,8:50:00 AM,Wednesday,Royal York stn,Utilized Off Route,6,12,n/b,8077
2017/01/04,12,8:53:00 AM,Wednesday,Victoria Park Station,Utilized Off Route,21,42,EB,7803
2017/01/04,47,8:55:00 AM,Wednesday,Lansdown and Queen,Mechanical,18,18,S/B,1422
2017/01/04,165,8:57:00 AM,Wednesday,Wilson and Wendall,Investigation,6,12,E,8567
2017/01/04,54,10:25:00 AM,Wednesday,Lawrence rt,Mechanical,6,12,eb,7613
2017/01/04,107,11:00:00 AM,Wednesday,Keele and Finch,Diversion,37,70,bw,8381
2017/01/04,41,11:00:00 AM,Wednesday,Keele Between Toro and Finch,Diversion,39,30,bw,1029
2017/01/04,32,11:47:00 AM,Wednesday,Jane & Eglinton,Mechanical,10,20,e/b,1325
2017/01/04,32,11:48:00 AM,Wednesday,Locksley & Eglinton,Investigation,10,20,w/b,1577
2017/01/04,43,11:51:00 AM,Wednesday,Kennedy Station,Mechanical,10,20,NB,7682
2017/01/04,6,12:00:00 PM,Wednesday,Bay and Bloor,Mechanical,10,20,S/B,1643
2017/01/04,53,12:30:00 PM,Wednesday,Finch Station,Mechanical,5,10,EB,1722
2017/01/04,53,12:35:00 PM,Wednesday,Finch Station,Mechanical,5,10,EB,1722
2017/01/04,89,12:38:00 PM,Wednesday,Keele Station,Mechanical,10,20,nb,1003
2017/01/04,53,1:00:00 PM,Wednesday,Steeles/Woodbine,Mechanical,5,10,WB,1096
2017/01/04,192,1:04:00 PM,Wednesday,Kipling Station,Mechanical,10,20,N,8006
2017/01/04,67,1:06:00 PM,Wednesday,Pharmacy and Dewey,Investigation,15,30,N,7412
2017/01/04,24,1:10:00 PM,Wednesday,Victoria Park Stn,Mechanical,10,20,N,8132
2017/01/04,192,1:34:00 PM,Wednesday,Kipling Station,Mechanical,10,20,N,8002
2017/01/04,21,1:35:00 PM,Wednesday,Brimley and Ellesemere,Mechanical,20,40,S,8157
2017/01/04,47,1:51:00 PM,Wednesday,Davenport on Lansdowne,Investigation,15,30,SB,1042
2017/01/04,57,1:59:00 PM,Wednesday,Kennedy Stn,Utilized Off Route,12,24,N,7782
2017/01/04,95,2:04:00 PM,Wednesday,Markham,Mechanical,15,30,EB,1079
2017/01/04,129,2:17:00 PM,Wednesday,SLMC,Late Leaving Garage,13,23,NB,1764
2017/01/04,52,2:20:00 PM,Wednesday,Airport T3,Mechanical,14,28,E,1547
2017/01/04,7,2:26:00 PM,Wednesday,Steeles,Mechanical,10,19,S,9021
2017/01/04,196,2:27:00 PM,Wednesday,Downsview Station,Utilized Off Route,2,5,nb,8386
2017/01/04,104,2:27:00 PM,Wednesday,Downsview Station,Mechanical,18,36,sb,8345
2017/01/04,84,2:30:00 PM,Wednesday,Sheppard,Late Leaving Garage,6,11,W,8492
2017/01/04,6,2:35:00 PM,Wednesday,Ray near Weston Road,Mechanical,11,22,SB,1359
2017/01/04,79,2:38:00 PM,Wednesday,Pine and Lawrence,Mechanical,8,15,S,1345
2017/01/04,34,2:44:00 PM,Wednesday,Mt Pleasant,Mechanical,5,9,w,7411
2017/01/04,199,2:46:00 PM,Wednesday,Malvern Garage,Late Leaving Garage,10,12,WB,1321
2017/01/04,191,2:52:00 PM,Wednesday,Martin Grove and Royalcrest,Utilized Off Route,6,12,S/b,8452
2017/01/04,87,2:53:00 PM,Wednesday,Main Stn,Mechanical,5,10,WB,7840
2017/01/04,199,2:55:00 PM,Wednesday,Malvern Garage,Late Leaving Garage,10,22,WB,1788
2017/01/04,23,2:56:00 PM,Wednesday,Main Stn,Mechanical,7,14,NB,8109
2017/01/04,11,3:00:00 PM,Wednesday,Bayview and Finch,Mechanical,12,24,s,8191
2017/01/04,92,3:00:00 PM,Wednesday,Woodbine Stn,Mechanical,9,18,SB,8169
2017/01/04,190,3:01:00 PM,Wednesday,STC,Mechanical,5,10,WB,7636
2017/01/04,68,3:03:00 PM,Wednesday,Warden Station,Late Leaving Garage,10,20,NB,7542
2017/01/04,39,3:15:00 PM,Wednesday,Old Finch and Morningview Trail,Mechanical,18,36,WB,1279
2017/01/04,89,3:17:00 PM,Wednesday,Keele and Dudnas,Investigation,7,14,SB,1390
2017/01/04,110,3:21:00 PM,Wednesday,"On Islington, at Evans",Investigation,30,60,N,7938
2017/01/04,196,3:23:00 PM,Wednesday,York U Commons,Mechanical,2,5,sb,8313
2017/01/04,131,3:23:00 PM,Wednesday,Scarborough Town Centre,Late Leaving Garage,4,8,S,1110
2017/01/04,53,3:28:00 PM,Wednesday,Markham/Passmore,Late Leaving Garage,1,2,WB,9081
2017/01/04,24,3:43:00 PM,Wednesday,Victoria Park Station,Late Leaving Garage,17,34,NB,8140
2017/01/04,43,3:45:00 PM,Wednesday,Midland and Steeles,Mechanical,10,30,SB,7496
2017/01/04,41,3:50:00 PM,Wednesday,Keele and Ingram,Mechanical,19,1,NB,9139
2017/01/04,90,4:00:00 PM,Wednesday,Kenwood,Mechanical,6,12,S,1385
2017/01/04,41,4:04:00 PM,Wednesday,Keele and Falstaff,Investigation,10,20,NB,9143
2017/01/04,102,4:05:00 PM,Wednesday,Warden Station,Mechanical,10,20,EB,7749
2017/01/04,125,4:15:00 PM,Wednesday,Finch Station,Mechanical,10,20,n,8352
2017/01/04,24,4:17:00 PM,Wednesday,Steeles and Victoria Park,Utilized Off Route,8,16,SB,7843
2017/01/04,91,4:20:00 PM,Wednesday,York Mills and Vally Wood,Mechanical,14,28,SB,8166
2017/01/04,108,4:25:00 PM,Wednesday,Sheppard and Allen rd.,Mechanical,9,18,W/b,8446
2017/01/04,51,4:29:00 PM,Wednesday,Steeles and Leslie,Mechanical,17,35,s,8177
2017/01/04,44,4:30:00 PM,Wednesday,ALBANS AND KIPLING,Emergency Services,8,16,s/b,7933
2017/01/04,10,4:30:00 PM,Wednesday,Don Mills Station,Mechanical,10,25,eb,1814
2017/01/04,86,4:32:00 PM,Wednesday,Military Trail & Kingston,Mechanical,10,20,sb,7422
2017/01/04,199,4:32:00 PM,Wednesday,DonMills Rd,Investigation,12,24,EB,1401
2017/01/04,192,4:36:00 PM,Wednesday,TERMINAL 3,Investigation,9,18,w/b,8007
2017/01/04,188,4:40:00 PM,Wednesday,ALBANS AND KIPLING,Emergency Services,10,20,s/b,8031
2017/01/04,66,4:41:00 PM,Wednesday,Parklawn and Lakeshore,Mechanical,15,30,s/b,8014
2017/01/04,109,5:02:00 PM,Wednesday,Eglinton West station,Mechanical,15,30,N,8195
2017/01/04,54,5:07:00 PM,Wednesday,Lawrance and McCowan,Mechanical,10,20,EB,7498
2017/01/04,71,5:15:00 PM,Wednesday,Dundas St at Runnymede,Diversion,10,20,S,
2017/01/04,504,5:20:00 PM,Wednesday,Eglinton yard,Late Leaving Garage,1,1,e,7520
2017/01/04,79,5:20:00 PM,Wednesday,Dundas and Runnymede,Diversion,14,28,SB,
2017/01/04,87,5:22:00 PM,Wednesday,Main Station,Utilized Off Route,6,11,NB,7742
2017/01/04,89,5:50:00 PM,Wednesday,Lawrence and John,Diversion,70,60,SB,1576
2017/01/04,59,6:03:00 PM,Wednesday,Oak and Weston Rd,Mechanical,13,26,E,8488
2017/01/04,86,6:08:00 PM,Wednesday,Brimley & Eglinton,Investigation,6,20,eb,7665
2017/01/04,188,6:30:00 PM,Wednesday,ALBANS AND KIPLING,Emergency Services,10,20,s/b,8045
2017/01/04,199,6:30:00 PM,Wednesday,Leslie St,Mechanical,12,24,WB,1130
2017/01/04,39,6:31:00 PM,Wednesday,Finch Station,Utilized Off Route,12,24,EB,1141
2017/01/04,54,6:53:00 PM,Wednesday,Eglinton station,Mechanical,11,22,EB,7402
2017/01/04,16,6:59:00 PM,Wednesday,Warden Station,Mechanical,11,22,EB,7873
2017/01/04,74,7:07:00 PM,Wednesday,Doncliffe,Mechanical,18,36,s,1714
2017/01/04,60,7:14:00 PM,Wednesday,Finch Station,Mechanical,8,16,W,8470
2017/01/04,133,7:20:00 PM,Wednesday,Morningside and Staines,Mechanical,10,20,S/B,1734
2017/01/04,7,7:29:00 PM,Wednesday,Bathurst and Steeles,Investigation,10,18,E,9048
2017/01/04,95,7:47:00 PM,Wednesday,Birchmount and Ellesmere,Mechanical,7,14,W,1097
2017/01/04,89,7:55:00 PM,Wednesday,Keele station,Mechanical,10,20,NB,1621
2017/01/04,96,8:00:00 PM,Wednesday,Wilson Ave / Keele St,Mechanical,10,20,E,8463
2017/01/04,116,8:20:00 PM,Wednesday,Kennedy station,Mechanical,10,20,eb,7462
2017/01/04,36,8:21:00 PM,Wednesday,Topcliff and Finch,Investigation,7,14,W,9109
2017/01/04,74,8:23:00 PM,Wednesday,Doncliffe Loop,Mechanical,20,40,s,1550
2017/01/04,102,8:25:00 PM,Wednesday,Kingston Rd and Bellamy Road South,Mechanical,10,20,EB,8112
2017/01/04,32,9:00:00 PM,Wednesday,Eglinton and Commerce,Mechanical,6,9,EB,1609
2017/01/04,86,9:20:00 PM,Wednesday,KENN,Investigation,10,20,E,7604
2017/01/04,39,9:21:00 PM,Wednesday,Neilson and Crow Trail,Mechanical,15,21,W/B,1207
2017/01/04,85,9:29:00 PM,Wednesday,sheppard and Brimley,Mechanical,16,32,W,9066
2017/01/04,92,10:28:00 PM,Wednesday,Woodbine Ave. and Eastwood Rd. (Gerrard),Mechanical,12,29,SB,7862
2017/01/04,91,10:35:00 PM,Wednesday,Woodbine Station,Mechanical,30,60,NB,7702
2017/01/04,87,10:45:00 PM,Wednesday,Main Station,Utilized Off Route,10,20,NB,8130
2017/01/04,66,10:45:00 PM,Wednesday,OLD MILL STN,Mechanical,30,60,S/B,8097
2017/01/04,54,10:50:00 PM,Wednesday,LAWA,Mechanical,12,25,W,7631
2017/01/04,126,11:10:00 PM,Wednesday,Christie and Yormouth Garden,Mechanical,30,60,N/B,1557
2017/01/04,63,11:15:00 PM,Wednesday,Ossington Station,Utilized Off Route,10,20,N/B,1656
2017/01/04,87,11:30:00 PM,Wednesday,Danforth Ave and Victoria Park Ave,Utilized Off Route,10,20,WB,7752
2017/01/04,24,11:35:00 PM,Wednesday,Victoria Park Station,Utilized Off Route,10,20,NB,8165
2017/01/04,54,11:40:00 PM,Wednesday,Lawrence and Greenholme,Mechanical,14,32,W,7482
2017/01/05,85,12:23:00 AM,Thursday,Sheppard and Markham,Diversion,25,45,E,9066
2017/01/05,24,1:05:00 AM,Thursday,Victoria Park Station,Utilized Off Route,10,30,NB,8154
2017/01/05,87,1:15:00 AM,Thursday,Main Station,Utilized Off Route,10,27,NB,7752
2017/01/05,322,3:37:00 AM,Thursday,Coxwell and Gerrard,Emergency Services,30,60,S,8168
2017/01/05,300,3:50:00 AM,Thursday,Bloor and Bathurst,Utilized Off Route,20,40,E,7873
2017/01/05,300,4:08:00 AM,Thursday,DDAN,Mechanical,10,30,W,8014
2017/01/05,300,4:14:00 AM,Thursday,KENN,Investigation,10,30,W,7639
2017/01/05,320,4:40:00 AM,Thursday,Yonge & York Mills,Mechanical,0,0,S,8382
2017/01/05,63,4:51:00 AM,Thursday,Eglinton West stn,Late Leaving Garage,13,13,s/b,1515
2017/01/05,34,4:53:00 AM,Thursday,Eglinton station,Late Leaving Garage,10,15,w,7400
2017/01/05,36,4:56:00 AM,Thursday,Finch and Arrow,Late Leaving Garage,1,13,E,9104
2017/01/05,87,5:10:00 AM,Thursday,Broadview Stn,Late Leaving Garage,5,10,E,8110
2017/01/05,102,5:12:00 AM,Thursday,Warden Station,Late Leaving Garage,20,40,NB,8138
2017/01/05,87,5:12:00 AM,Thursday,Main Stn,Late Leaving Garage,5,10,W,8122
2017/01/05,116,5:24:00 AM,Thursday,Eglinton Yard,Late Leaving Garage,1,1,OB,7604
2017/01/05,87,5:25:00 AM,Thursday,Broadview Stn,Late Leaving Garage,5,10,E,7723
2017/01/05,31,5:25:00 AM,Thursday,Greenwood Stn,Mechanical,20,40,S,8166
2017/01/05,52,5:25:00 AM,Thursday,Weston Rd and Lawrence,Late Leaving Garage,10,38,e,1513
2017/01/05,87,5:30:00 AM,Thursday,Broadview Stn,Utilized Off Route,5,10,E,8147
2017/01/05,32,5:35:00 AM,Thursday,Pine & Lawrence,Late Leaving Garage,10,10,s/b,1657
2017/01/05,25,5:38:00 AM,Thursday,Pape station,Late Leaving Garage,9,18,n,7664
2017/01/05,100,5:38:00 AM,Thursday,broadview station,Late Leaving Garage,16,24,n,7440
2017/01/05,131,5:46:00 AM,Thursday,Morningview Tr-Old Finch,Late Leaving Garage,7,14,eb,1782
2017/01/05,34,5:52:00 AM,Thursday,Eglinton Yard,Late Leaving Garage,1,1,W,7451
2017/01/05,100,5:55:00 AM,Thursday,Eglinton yard,Mechanical,1,1,ob,7428
2017/01/05,199,5:57:00 AM,Thursday,STC,Late Leaving Garage,5,5,W,1127
2017/01/05,125,5:57:00 AM,Thursday,Bathurst and Antibes,Mechanical,18,33,w,8312
2017/01/05,85,6:01:00 AM,Thursday,Don Mills Station,Mechanical,14,31,e,9078
2017/01/05,100,6:03:00 AM,Thursday,DonMills/Eglinton,Late Leaving Garage,6,10,n,7690
2017/01/05,7,6:12:00 AM,Thursday,Bathurst and Wilson,Late Leaving Garage,8,18,s/b,9026
2017/01/05,85,6:14:00 AM,Thursday,Meadowvale Loop,Late Leaving Garage,7,21,w,9076
2017/01/05,32,6:17:00 AM,Thursday,Eglinton stn,Mechanical,5,11,w/b,1609
2017/01/05,41,6:17:00 AM,Thursday,Mount Dennis to Keele Station,Late Leaving Garage,13,26,nb,9136
2017/01/05,42,6:17:00 AM,Thursday,Kennedy Loop,Mechanical,24,34,w,1802
2017/01/05,84,6:18:00 AM,Thursday,Sheppard station,Late Leaving Garage,17,34,w/b,8576
2017/01/05,107,6:20:00 AM,Thursday,Wilson and Transit Rd.,Mechanical,0,0,N/B,8300
2017/01/05,85,6:20:00 AM,Thursday,Rouge Hill Go Station,Late Leaving Garage,5,19,w,9058
2017/01/05,190,6:24:00 AM,Thursday,Don Mills stn,Late Leaving Garage,1,1,n,7431
2017/01/05,5,6:24:00 AM,Thursday,Eglinton station,Mechanical,12,24,s,8341
2017/01/05,100,6:26:00 AM,Thursday,Overlea blvd Millwood rd,Emergency Services,4,8,sb,7680
2017/01/05,85,6:27:00 AM,Thursday,Meadowvale Loop,Late Leaving Garage,13,26,w,9092
2017/01/05,51,6:28:00 AM,Thursday,Bayview loop,Mechanical,14,30,s/b,1669
2017/01/05,41,6:30:00 AM,Thursday,Mount Dennis to Keele Station,Mechanical,14,28,nb,9143
2017/01/05,73,6:30:00 AM,Thursday,Royal York Stn,Mechanical,15,30,n/b,7925
2017/01/05,117,6:30:00 AM,Thursday,Downsview Stn.,Mechanical,17,30,n/b,8354
2017/01/05,118,6:30:00 AM,Thursday,wilson Stn.,Late Leaving Garage,20,40,W,8531
2017/01/05,125,6:38:00 AM,Thursday,Bathurst and Antibes,Mechanical,11,15,w,8343
2017/01/05,84,6:38:00 AM,Thursday,Steeles and Ross Dean,Mechanical,17,34,w/b,8445
2017/01/05,196,6:38:00 AM,Thursday,Commons,Utilized Off Route,5,10,E/B,8391
2017/01/05,11,6:39:00 AM,Thursday,Sunnybrook Hospital,Late Leaving Garage,10,19,S,8313
2017/01/05,57,6:40:00 AM,Thursday,Kennedy Station,Utilized Off Route,9,18,,7718
2017/01/05,60,6:40:00 AM,Thursday,Signal Hill,Utilized Off Route,7,14,E,8455
2017/01/05,32,6:40:00 AM,Thursday,Eglinton stn,Utilized Off Route,6,11,e/b,1063
2017/01/05,760,6:41:00 AM,Thursday,Kennedy Stn,Utilized Off Route,1,1,EB,7568
2017/01/05,131,6:41:00 AM,Thursday,STC,Utilized Off Route,7,15,SB,1758
2017/01/05,34,6:42:00 AM,Thursday,Kennedy Stn,Utilized Off Route,1,1,EB,7645
2017/01/05,52,6:44:00 AM,Thursday,Lawrence stn,Mechanical,10,27,w,1200
2017/01/05,186,6:44:00 AM,Thursday,York Mills Stn.,Utilized Off Route,9,19,W,8514
2017/01/05,168,6:45:00 AM,Thursday,Dundas W Stn,Utilized Off Route,6,12,n/b,8416
2017/01/05,47,6:45:00 AM,Thursday,Lansdown and Bloor,Utilized Off Route,4,9,S/B,1348
2017/01/05,42,6:47:00 AM,Thursday,Finch Stn,Utilized Off Route,6,12,n,8209
2017/01/05,87,6:47:00 AM,Thursday,Main Station,Utilized Off Route,5,10,,7859
2017/01/05,85,6:48:00 AM,Thursday,Don Mills Station,Utilized Off Route,13,26,e,9080
2017/01/05,199,6:48:00 AM,Thursday,STC,Utilized Off Route,4,8,W,1101
2017/01/05,100,6:49:00 AM,Thursday,Broadview and O'Connor,Diversion,4,89,B/W,
2017/01/05,73,6:50:00 AM,Thursday,Islington Stn,Utilized Off Route,7,14,n/b,7949
2017/01/05,6,6:50:00 AM,Thursday,Bay and Bloor,Utilized Off Route,8,16,S/B,1620
2017/01/05,102,6:50:00 AM,Thursday,Warden Station,Utilized Off Route,20,40,,7775
2017/01/05,70,6:51:00 AM,Thursday,Danforth and Coxwell,Late Leaving Garage,9,18,s,7404
2017/01/05,60,6:52:00 AM,Thursday,York University Commons,Late Leaving Garage,8,16,E,1309
2017/01/05,45,6:52:00 AM,Thursday,Steeles Loop,Mechanical,6,12,s/b,8033
2017/01/05,60,6:53:00 AM,Thursday,York University Commons,Late Leaving Garage,7,14,E,8568
2017/01/05,51,6:53:00 AM,Thursday,Eglinton stn,Late Leaving Garage,16,32,E,8394
2017/01/05,116,6:54:00 AM,Thursday,Morningside and Nightstar,Mechanical,6,12,S,7412
2017/01/05,89,6:54:00 AM,Thursday,Mount Dennis to Albion/Weston,Late Leaving Garage,5,10,sb,1637
2017/01/05,8,6:55:00 AM,Thursday,Broadview and O'Connor,Diversion,85,115,W,8126
2017/01/05,20,6:56:00 AM,Thursday,Main Stn,Mechanical,9,18,E,7861
2017/01/05,199,6:56:00 AM,Thursday,STC,Late Leaving Garage,4,8,W,1721
2017/01/05,41,6:57:00 AM,Thursday,Mount Dennis to Keele Station,Late Leaving Garage,14,28,nb,9144
2017/01/05,186,7:03:00 AM,Thursday,York Mills Stn.,Utilized Off Route,9,19,W,8602
2017/01/05,196,7:04:00 AM,Thursday,Commons,Utilized Off Route,4,8,E/B,8396
2017/01/05,26,7:18:00 AM,Thursday,Jane Station,Mechanical,16,3,E/B,1568
2017/01/05,168,7:34:00 AM,Thursday,Avon Loop,Mechanical,6,12,s/b,7910
2017/01/05,47,7:50:00 AM,Thursday,Earlscourt Loop,Mechanical,4,9,S/B,1348
2017/01/05,29,7:55:00 AM,Thursday,Dufferin and Ascot,Investigation,4,8,s,9014
2017/01/05,199,8:06:00 AM,Thursday,Finch & Victoria Park,Mechanical,9,18,E,1117
2017/01/05,11,8:29:00 AM,Thursday,Sunnybrook Hospital,Mechanical,9,17,S,1534
2017/01/05,48,8:45:00 AM,Thursday,Royal York Stn,Mechanical,15,30,w/b,7948
2017/01/05,94,8:48:00 AM,Thursday,Castle Frank Stn,Mechanical,14,28,W,7728
2017/01/05,36,9:00:00 AM,Thursday,Finch and Sentinel,Mechanical,5,10,E/B,9128
2017/01/05,20,9:13:00 AM,Thursday,Main Stn,Mechanical,18,28,E,7861
2017/01/05,34,9:17:00 AM,Thursday,Kennedy STN,Mechanical,4,8,W,7652
2017/01/05,98,9:32:00 AM,Thursday,"Sheppard, West of Bathurst",Investigation,1,1,w,8395
2017/01/05,28,9:44:00 AM,Thursday,Davisville and Yonge,Mechanical,20,40,E,1362
2017/01/05,84,9:45:00 AM,Thursday,Sheppard and Arrow,Utilized Off Route,0,0,e/b,1294
2017/01/05,20,9:48:00 AM,Thursday,Kennedy Stn,Mechanical,18,36,W,8104
2017/01/05,86,9:54:00 AM,Thursday,Eglinton and Mason,Mechanical,10,20,E,7588
2017/01/05,129,10:02:00 AM,Thursday,McNicoll,Mechanical,7,14,SB,1266
2017/01/05,106,10:04:00 AM,Thursday,DOWNSVIEW STATION,Investigation,10,20,w/b,8553
2017/01/05,24,10:20:00 AM,Thursday,Victoria Park Station,Utilized Off Route,10,20,NB,7780
2017/01/05,85,10:21:00 AM,Thursday,Sheppard and Amethyst,Mechanical,9,18,e,9100
2017/01/05,21,10:23:00 AM,Thursday,Brimley / Sheppard,Mechanical,15,30,NB,7857
2017/01/05,105,10:31:00 AM,Thursday,Gerry Fitzgerald/Dufferin,Diversion,300,330,n/b,1680
2017/01/05,133,10:47:00 AM,Thursday,Markham,Investigation,10,20,EB,1126
2017/01/05,121,11:00:00 AM,Thursday,Mill and Cherry,Mechanical,15,30,,8118
2017/01/05,53,11:03:00 AM,Thursday,Passmore and Markham Rd,Mechanical,5,10,wb,1282
2017/01/05,37,11:10:00 AM,Thursday,Islington Stn,Mechanical,18,36,n/b,8407
2017/01/05,32,11:30:00 AM,Thursday,Municipal & Eglinton,Diversion,10,20,e/b,1662
2017/01/05,199,12:15:00 PM,Thursday,Scarborough Town Center,Mechanical,9,18,W/B,1141
2017/01/05,24,12:20:00 PM,Thursday,Victoria Park Station,Mechanical,10,20,NB,7748
2017/01/05,53,12:26:00 PM,Thursday,Markham and Steeles,Mechanical,15,34,W/B,1785
2017/01/05,117,1:00:00 PM,Thursday,Gerry Fitzgerald/Dufferin,General Delay,12,32,n/b,
2017/01/05,105,1:00:00 PM,Thursday,Supertest to steeles,General Delay,14,29,n/b,
2017/01/05,63,1:06:00 PM,Thursday,Eglinton West Stn.,Mechanical,5,11,SB,1413
2017/01/05,62,1:20:00 PM,Thursday,Donlands and Mortimer,Diversion,22,44,,7805
2017/01/05,247,1:30:00 PM,Thursday,Victoria Park Station,Mechanical,10,20,NB,7729
2017/01/05,53,1:58:00 PM,Thursday,Markham/Passmore,Mechanical,10,20,WB,1089
2017/01/05,196,2:12:00 PM,Thursday,Downsview stn,Utilized Off Route,3,13,w/b,8391
2017/01/05,54,2:14:00 PM,Thursday,Lawrance and Warden,Investigation,11,22,WB,7406
2017/01/05,72,2:15:00 PM,Thursday,Front and Bay,Investigation,16,32,N,7745
2017/01/05,64,2:30:00 PM,Thursday,Main stn,Late Leaving Garage,8,16,N/B,8151
2017/01/05,191,2:42:00 PM,Thursday,Royalcrest and hwy27,Utilized Off Route,6,12,S/b,8503
2017/01/05,41,2:43:00 PM,Thursday,Keele and St Regis,Investigation,11,22,NB,9147
2017/01/05,73,2:49:00 PM,Thursday,Royal York Station,Late Leaving Garage,30,60,N,8028
2017/01/05,35,2:50:00 PM,Thursday,Jane and Shoreham Dr,Late Leaving Garage,7,23,N,1548
2017/01/05,56,3:10:00 PM,Thursday,Laird & Lea,Investigation,12,24,SB,8370
2017/01/05,24,3:13:00 PM,Thursday,Steeles ans Victoria park,Mechanical,13,26,SB,7735
2017/01/05,52,3:19:00 PM,Thursday,Airport T3,Late Leaving Garage,10,17,E,1358
2017/01/05,42,3:24:00 PM,Thursday,Finch Station,Late Leaving Garage,30,60,E,8213
2017/01/05,32,3:25:00 PM,Thursday,Eglinton Ave W at Caledonia Ave,Investigation,8,16,E,1608
2017/01/05,121,3:30:00 PM,Thursday,Fort York to Bay street,General Delay,1,1,W/B,
2017/01/05,60,3:30:00 PM,Thursday,Finch Station,Late Leaving Garage,14,28,W,8581
2017/01/05,116,3:35:00 PM,Thursday,Morrish Road and Ellesmere Road,Mechanical,22,44,E,7469
2017/01/05,49,3:43:00 PM,Thursday,Kipling Station,Late Leaving Garage,8,18,W,8409
2017/01/05,24,3:48:00 PM,Thursday,Victoria Park Station,Mechanical,8,16,NB,7862
2017/01/05,34,3:57:00 PM,Thursday,Ionview Rd and Eglinton ave E,Mechanical,4,8,EB,7665
2017/01/05,32,3:57:00 PM,Thursday,Eglinton Station,Late Leaving Garage,8,16,W,1568
2017/01/05,24,3:59:00 PM,Thursday,Victoria Park Station,Mechanical,8,16,NB,7722
2017/01/05,54,4:13:00 PM,Thursday,Lawrence RT,Mechanical,14,27,E,7413
2017/01/05,24,4:16:00 PM,Thursday,Victoria Park Station,Utilized Off Route,8,16,NB,7726
2017/01/05,79,4:25:00 PM,Thursday,Pine and Wright,Investigation,14,28,sb,1537
2017/01/05,57,4:27:00 PM,Thursday,Kennedy Stn,Mechanical,9,18,N,7858
2017/01/05,168,4:30:00 PM,Thursday,Bicknell &Rogers,Investigation,8,16,N,8047
2017/01/05,41,4:43:00 PM,Thursday,Keele and Rustic,Investigation,14,28,SB,1020
2017/01/05,102,4:45:00 PM,Thursday,Warden Station,Mechanical,10,20,EB,8110
2017/01/05,89,4:48:00 PM,Thursday,Keele station,Utilized Off Route,7,14,NB,1210
2017/01/05,7,4:59:00 PM,Thursday,Steeles,Mechanical,10,20,S,9014
2017/01/05,196,5:02:00 PM,Thursday,Bus roadway/ keele,Mechanical,5,8,w,8300
2017/01/05,190,5:05:00 PM,Thursday,Warden and Sheppard,Investigation,5,10,EB,7582
2017/01/05,165,5:08:00 PM,Thursday,wilson / garratt,Mechanical,16,32,w,8576
2017/01/05,191,6:17:00 PM,Thursday,Kipling Stn,Mechanical,6,12,N/b,8460
2017/01/05,64,6:30:00 PM,Thursday,Main street,General Delay,1,1,B.W,
2017/01/05,53,6:48:00 PM,Thursday,Markham/Steeles,Mechanical,6,12,WB,1143
2017/01/05,190,6:48:00 PM,Thursday,STC,Mechanical,5,10,WB,7439
2017/01/05,90,7:10:00 PM,Thursday,St.Clair west station,Investigation,8,16,E,8363
2017/01/05,94,7:50:00 PM,Thursday,Harbord St and Brunswick,Mechanical,9,16,WB,7801
2017/01/05,87,7:55:00 PM,Thursday,Main stn,Mechanical,10,20,n/b,7717
2017/01/05,54,8:01:00 PM,Thursday,Brimorton and Scarborough Golf Club rd,Investigation,11,22,WB,7479
2017/01/05,32,8:35:00 PM,Thursday,Eglinton and Ennerdale Rd.,Mechanical,10,20,W/B,1652
2017/01/05,95,9:15:00 PM,Thursday,Yorkmills and York Ridge rd.,Mechanical,13,27,W,1142
2017/01/05,39,10:25:00 PM,Thursday,Neilson and Crow Trail,Mechanical,9,18,W/B,1221
2017/01/05,52,10:57:00 PM,Thursday,Lawrence West Station,Mechanical,11,19,E/B,1378
2017/01/05,65,11:00:00 PM,Thursday,Front St East and Berkeley St,Investigation,15,30,NB,8134
2017/01/05,35,11:24:00 PM,Thursday,Jane St. / Weston Road,Investigation,8,16,N,1309
2017/01/05,34,11:37:00 PM,Thursday,Eglinton and Sloane,Investigation,10,20,W,7451
2017/01/05,22,11:42:00 PM,Thursday,DCCO,Mechanical,10,20,S,7593
2017/01/05,39,11:51:00 PM,Thursday,Finch Station,Investigation,9,18,E/B,1708
2017/01/05,60,11:51:00 PM,Thursday,FSTN - Finch Station,Mechanical,18,36,W,8447
2017/01/05,94,11:53:00 PM,Thursday,Ossington Station,Mechanical,10,20,SB,7756
2017/01/06,329,1:52:00 AM,Friday,Dufferin and Dupont,Emergency Services,1,30,n,9027
2017/01/06,320,1:52:00 AM,Friday,Yonge at Steeles,Utilized Off Route,3,7,s,8305
2017/01/06,320,3:00:00 AM,Friday,Yonge and Lawrence,Utilized Off Route,3,7,n,1577
2017/01/06,32,3:48:00 AM,Friday,Eglinton stn,Mechanical,9,17,w/b,1021
2017/01/06,32,3:48:00 AM,Friday,Eglinton stn,Mechanical,9,17,w/b,1021
2017/01/06,25,4:31:00 AM,Friday,Pape stn,Late Leaving Garage,1,1,n,7638
2017/01/06,89,4:45:00 AM,Friday,Keele stn,Late Leaving Garage,30,60,n/b,1003
2017/01/06,116,4:50:00 AM,Friday,Eglinton Yard,Late Leaving Garage,1,1,OB,7412
2017/01/06,77,5:00:00 AM,Friday,Runnymede stn,Late Leaving Garage,10,25,s/b,1614
2017/01/06,87,5:10:00 AM,Friday,Broadview Stn,Late Leaving Garage,5,10,E,7813
2017/01/06,47,5:12:00 AM,Friday,Yorkdale,Late Leaving Garage,29,29,s/b,1358
2017/01/06,36,5:19:00 AM,Friday,FARR,Late Leaving Garage,4,10,W,9112
2017/01/06,116,5:20:00 AM,Friday,Eglinton Yard,Late Leaving Garage,1,1,OB,7570
2017/01/06,25,5:21:00 AM,Friday,Eglinton yard,Late Leaving Garage,1,1,s,7596
2017/01/06,116,5:24:00 AM,Friday,Morningside and Night Star,Late Leaving Garage,1,1,OB,7606
2017/01/06,161,5:28:00 AM,Friday,Lambton & Jane,Late Leaving Garage,13,33,s/b,1586
2017/01/06,53,5:30:00 AM,Friday,McCowan and Steeles,Mechanical,14,28,wb,9093
2017/01/06,131,5:33:00 AM,Friday,MVOF,Late Leaving Garage,7,14,WB,1279
2017/01/06,34,5:37:00 AM,Friday,Eglinton Yard,Mechanical,1,1,N,7633
2017/01/06,133,5:39:00 AM,Friday,STC SRT Station,Late Leaving Garage,15,29,EB,1131
2017/01/06,85,5:40:00 AM,Friday,Rouge Hill Go Station.,Late Leaving Garage,13,26,W,9094
2017/01/06,52,5:43:00 AM,Friday,Law w stn,Late Leaving Garage,18,34,w,1630
2017/01/06,52,5:45:00 AM,Friday,Royal York and Dixon,Late Leaving Garage,5,10,e,1542
2017/01/06,32,5:46:00 AM,Friday,Skymark,Utilized Off Route,8,24,e/b,1020
2017/01/06,7,5:50:00 AM,Friday,Bathurst St and Village Gate,Late Leaving Garage,9,18,,9018
2017/01/06,116,5:50:00 AM,Friday,Kennedy Stn,Late Leaving Garage,10,20,OB,7615
2017/01/06,113,5:52:00 AM,Friday,Main Stn,Late Leaving Garage,17,34,E,7778
2017/01/06,73,5:52:00 AM,Friday,ROYAL YORK STN,Mechanical,15,30,n/b,8088
2017/01/06,199,5:57:00 AM,Friday,Scarborough Town Centre,Late Leaving Garage,11,11,W/B,1260
2017/01/06,47,5:59:00 AM,Friday,Yorkdale,Late Leaving Garage,18,36,s/b,1360
2017/01/06,12,6:03:00 AM,Friday,Victoria Park / Kingston Rd,Mechanical,16,32,eb,7722
2017/01/06,68,6:03:00 AM,Friday,WLAS,Mechanical,5,10,SB,7410
2017/01/06,32,6:06:00 AM,Friday,Skymark,Utilized Off Route,6,12,e/b,1043
2017/01/06,7,6:06:00 AM,Friday,Bathurst and Wilson,Late Leaving Garage,9,27,,9034
2017/01/06,86,6:08:00 AM,Friday,Eglinton Yard,Late Leaving Garage,1,1,OB,7581
2017/01/06,185,6:10:00 AM,Friday,Pape station,Late Leaving Garage,1,1,n,7655
2017/01/06,84,6:12:00 AM,Friday,Downsview station,Mechanical,9,18,e/b,7940
2017/01/06,85,6:14:00 AM,Friday,Medowvale Loop,Late Leaving Garage,14,27,W,9077
2017/01/06,185,6:15:00 AM,Friday,Fresh meadow,Late Leaving Garage,1,1,n,7569
2017/01/06,8,6:15:00 AM,Friday,Plains and Coxwell,Late Leaving Garage,4,4,W,7881
2017/01/06,43,6:15:00 AM,Friday,Kennedy Station,Late Leaving Garage,10,15,NB,7653
2017/01/06,185,6:19:00 AM,Friday,FreshMeadow,Late Leaving Garage,9,18,n,7482
2017/01/06,42,6:19:00 AM,Friday,McNicoll & Victoria Park,Late Leaving Garage,13,25,W,8361
2017/01/06,79,6:25:00 AM,Friday,Runnymede stn,Mechanical,10,20,n,1543
2017/01/06,68,6:25:00 AM,Friday,WAST,Late Leaving Garage,5,10,NB,7692
2017/01/06,199,6:32:00 AM,Friday,Scarborough Town Centre,Late Leaving Garage,4,8,W/B,1716
2017/01/06,11,6:39:00 AM,Friday,Sunnybrook Hospital,Late Leaving Garage,10,19,S,8388
2017/01/06,41,6:44:00 AM,Friday,Keele Station,Late Leaving Garage,13,27,N,1524
2017/01/06,191,6:49:00 AM,Friday,Kipling station,Utilized Off Route,6,12,n/b,7976
2017/01/06,61,6:50:00 AM,Friday,Eglinton Stn,Utilized Off Route,12,24,N,8353
2017/01/06,7,6:51:00 AM,Friday,Bathurst Stn,Utilized Off Route,6,15,,9049
2017/01/06,45,6:52:00 AM,Friday,KPSN,Utilized Off Route,7,13,N,7929
2017/01/06,6,6:52:00 AM,Friday,Mount Dennnis,Utilized Off Route,4,8,S/B,1609
2017/01/06,75,6:54:00 AM,Friday,Yonge and Lawrence,Utilized Off Route,20,20,,1579
2017/01/06,7,6:55:00 AM,Friday,BriarHill and Bathurst,Mechanical,10,19,SB,9040
2017/01/06,186,6:55:00 AM,Friday,Weston and Wilson,Utilized Off Route,10,20,E,8529
2017/01/06,199,6:56:00 AM,Friday,Scarborough Town Centre,Late Leaving Garage,4,8,W/B,1118
2017/01/06,32,6:56:00 AM,Friday,Skymark,Utilized Off Route,6,11,e/b,1607
2017/01/06,29,6:56:00 AM,Friday,Princes gate,Utilized Off Route,8,16,n/b,9021
2017/01/06,37,6:56:00 AM,Friday,Islington Stn,Utilized Off Route,14,21,n/b,7906
2017/01/06,195,6:56:00 AM,Friday,JNST,Utilized Off Route,10,20,N,8566
2017/01/06,89,6:56:00 AM,Friday,Keele station,Utilized Off Route,4,9,N,1003
2017/01/06,46,6:57:00 AM,Friday,Kipling Station,Utilized Off Route,12,24,N/B,1285
2017/01/06,73,7:00:00 AM,Friday,ROYAL YORK STN,Utilized Off Route,15,30,n/b,8050
2017/01/06,709,7:00:00 AM,Friday,Mt.Dennis division,Utilized Off Route,1,1,s/b,1635
2017/01/06,759,7:00:00 AM,Friday,Mt.Dennis division,Utilized Off Route,1,1,s/b,1505
2017/01/06,709,7:00:00 AM,Friday,Mt Dennis division,Utilized Off Route,1,1,s/b,1007
2017/01/06,35,7:00:00 AM,Friday,JNST,Utilized Off Route,7,14,N,8553
2017/01/06,34,7:01:00 AM,Friday,Kennedy STN,Mechanical,4,8,W,7525
2017/01/06,124,7:02:00 AM,Friday,Lawrence Station,Late Leaving Garage,7,13,E,1678
2017/01/06,196,7:02:00 AM,Friday,Downsview Stn,Utilized Off Route,5,7,W/B,8325
2017/01/06,95,7:03:00 AM,Friday,Scar Coll-Loop,Late Leaving Garage,10,20,EB,1402
2017/01/06,39,7:04:00 AM,Friday,Finch Station,Utilized Off Route,20,38,E/B,1087
2017/01/06,165,7:04:00 AM,Friday,Sheppard and Weston Rd.,Utilized Off Route,12,18,N,8501
2017/01/06,29,7:04:00 AM,Friday,Dufferin and College,Utilized Off Route,5,9,N,8216
2017/01/06,45,7:05:00 AM,Friday,KPSN,Utilized Off Route,5,10,N,8056
2017/01/06,24,7:15:00 AM,Friday,Victoria Park and Steeles,Mechanical,9,18,S,7715
2017/01/06,53,7:28:00 AM,Friday,Warden and Steeles,Mechanical,5,10,EB,9093
2017/01/06,79,7:30:00 AM,Friday,Pine,Mechanical,10,20,s,1589
2017/01/06,89,7:33:00 AM,Friday,Albion road and Weston road,Mechanical,5,10,S,1210
2017/01/06,52,7:35:00 AM,Friday,Lawrence stn,Mechanical,6,18,w,1383
2017/01/06,32,7:40:00 AM,Friday,Black Creek & Eglinton,Mechanical,6,12,w/b,1023
2017/01/06,36,7:56:00 AM,Friday,Finch Station,Mechanical,22,43,N/B,9111
2017/01/06,185,8:00:00 AM,Friday,Pape stn,Mechanical,7,14,n,7542
2017/01/06,144,8:05:00 AM,Friday,Concorde Place,Mechanical,10,20,S,7693
2017/01/06,36,8:16:00 AM,Friday,Finch and Arrow,Utilized Off Route,11,22,E/B,9120
2017/01/06,63,8:24:00 AM,Friday,Oakwood Loop,Mechanical,4,7,S/B,1014
2017/01/06,86,8:26:00 AM,Friday,Kingston Road and Guildwood,Investigation,5,10,E,7647
2017/01/06,53,8:35:00 AM,Friday,Warden and Steeles,Mechanical,5,10,EB,1712
2017/01/06,60,8:37:00 AM,Friday,York University Commons,Utilized Off Route,13,26,E,8511
2017/01/06,54,8:40:00 AM,Friday,Lawrence RT,Mechanical,12,12,EB,7443
2017/01/06,108,8:43:00 AM,Friday,Downsview Station,Utilized Off Route,13,25,N/B,8437
2017/01/06,122,8:53:00 AM,Friday,York Mills stn,Mechanical,10,20,e/b,1829
2017/01/06,118,9:12:00 AM,Friday,Wilson and Weston rd.,Mechanical,21,41,E,1320
2017/01/06,76,9:20:00 AM,Friday,ROYAL YORK STN,Utilized Off Route,1,1,s/b,8403
2017/01/06,71,9:21:00 AM,Friday,Runnymede station,Utilized Off Route,1,1,n/b,1583
2017/01/06,188,9:22:00 AM,Friday,Col Sam Smith Loop,Utilized Off Route,10,20,N,8013
2017/01/06,36,9:22:00 AM,Friday,Finch and Jane,Mechanical,6,11,E/B,9115
2017/01/06,759,9:22:00 AM,Friday,Trethwey and Black Creek,Utilized Off Route,1,1,E,1518
2017/01/06,69,9:23:00 AM,Friday,Warden Station,Mechanical,11,22,SB,8132
2017/01/06,36,9:34:00 AM,Friday,Sentinel and Finch,Utilized Off Route,1,5,E/B,1232
2017/01/06,35,9:40:00 AM,Friday,Jane and Steeles,Utilized Off Route,0,0,S/B,1366
2017/01/06,56,9:45:00 AM,Friday,Eglinton Stn,Mechanical,18,36,E,1367
2017/01/06,32,9:45:00 AM,Friday,Caledonia & Eglinton,Mechanical,8,16,e/b,1607
2017/01/06,29,10:04:00 AM,Friday,Dufferin at Liberty,Mechanical,4,8,n/b,9036
2017/01/06,85,10:14:00 AM,Friday,Sheppard Station,Investigation,22,44,E,1753
2017/01/06,1,10:25:00 AM,Friday,,Mechanical,1,1,E,1
2017/01/06,116,10:27:00 AM,Friday,Kennedy Stn,Mechanical,10,20,N,7421
2017/01/06,20,10:28:00 AM,Friday,Danforth Ave and Dawes,Mechanical,22,44,E,7843
2017/01/06,199,10:32:00 AM,Friday,Finch Station,Mechanical,12,24,W/B,1260
2017/01/06,61,10:45:00 AM,Friday,Bombay loop,Mechanical,15,30,S,8377
2017/01/06,116,10:45:00 AM,Friday,Morningside and Night Star,Mechanical,10,20,S,7412
2017/01/06,24,10:53:00 AM,Friday,Victoria Park and Steeles,Mechanical,10,20,S,8179
2017/01/06,92,10:56:00 AM,Friday,Woodbine Stn,Mechanical,12,24,SB,8171
2017/01/06,41,11:03:00 AM,Friday,Keele Station,Mechanical,9,18,N,9144
2017/01/06,43,11:12:00 AM,Friday,Kennedy/AntrimCres.,Mechanical,10,20,SB,7544
2017/01/06,87,11:17:00 AM,Friday,Main Stn,Utilized Off Route,10,20,WB,8104
2017/01/06,53,11:21:00 AM,Friday,Finch Station,Mechanical,5,10,eb,1397
2017/01/06,32,11:43:00 AM,Friday,GlenCedar & Eglinton,Mechanical,10,20,e/b,1054
2017/01/06,75,12:08:00 PM,Friday,Bloor & Shebourne,Mechanical,12,24,NB,1579
2017/01/06,11,12:18:00 PM,Friday,Davisville Stn,Mechanical,12,24,S,1386
2017/01/06,25,12:30:00 PM,Friday,Pape station,Mechanical,9,18,n,7488
2017/01/06,29,12:50:00 PM,Friday,Dufferin and Auburn,Investigation,4,8,s,9014
2017/01/06,123,12:55:00 PM,Friday,N/B Northqueen at Queensway,Mechanical,20,40,n/b,8054
2017/01/06,24,1:10:00 PM,Friday,Victoria Park Station,Mechanical,10,20,NB,7842
2017/01/06,86,1:18:00 PM,Friday,Toronto Zoo,Mechanical,10,20,W,7670
2017/01/06,64,1:20:00 PM,Friday,Main stn,Investigation,10,20,WB,7850
2017/01/06,17,1:30:00 PM,Friday,Steeles loop,Mechanical,13,26,SB,7725
2017/01/06,54,1:37:00 PM,Friday,Lawrence RT Station,Mechanical,12,24,EB,7576
2017/01/06,75,1:55:00 PM,Friday,Bloor,Utilized Off Route,12,25,N,1796
2017/01/06,29,2:03:00 PM,Friday,Springhurst Loop,Utilized Off Route,5,10,n,8319
2017/01/06,80,2:08:00 PM,Friday,Kipling at Queensway,Mechanical,24,48,W/B,8035
2017/01/06,53,2:13:00 PM,Friday,Passmore and Markham,Mechanical,5,10,W,1754
2017/01/06,5,2:17:00 PM,Friday,Queen's Park Circle & Bloor,Investigation,30,60,S,8192
2017/01/06,11,2:35:00 PM,Friday,Davisville Stn,Utilized Off Route,12,24,S,1817
2017/01/06,191,2:45:00 PM,Friday,Royalcrest and Hwy27,Utilized Off Route,6,12,S/b,8468
2017/01/06,129,2:45:00 PM,Friday,STC,Mechanical,7,19,NB,1723
2017/01/06,36,2:47:00 PM,Friday,humberwood loop,Mechanical,6,12,e/b,9128
2017/01/06,23,2:49:00 PM,Friday,Squires and Ferris,Mechanical,20,40,N/B,8108
2017/01/06,23,2:49:00 PM,Friday,,Mechanical,20,40,N/B,8108
2017/01/06,89,2:51:00 PM,Friday,Albion and Weston,Late Leaving Garage,10,20,SB,1019
2017/01/06,24,2:52:00 PM,Friday,Castlefrank Station,Utilized Off Route,14,28,WB,7806
2017/01/06,65,2:53:00 PM,Friday,Castle Frank stn,Investigation,12,24,N/B,7841
2017/01/06,160,3:01:00 PM,Friday,Sheppard,Investigation,21,42,N,1374
2017/01/06,41,3:06:00 PM,Friday,York U commons,Late Leaving Garage,14,28,SB,1582
2017/01/06,112,3:11:00 PM,Friday,West Mall/Burnhamthorpe,Mechanical,19,38,N,8058
2017/01/06,41,3:11:00 PM,Friday,Keele and St Regis,Emergency Services,10,20,NB,9141
2017/01/06,102,3:18:00 PM,Friday,Warden Station,Late Leaving Garage,9,18,NB,8140
2017/01/06,80,3:18:00 PM,Friday,E/B The Queensway at the Eastmall,Diversion,54,78,e/b,8085
2017/01/06,185,3:26:00 PM,Friday,Cosburn and Pape,Mechanical,7,14,SB,7668
2017/01/06,24,3:26:00 PM,Friday,Victoria Park Station,Late Leaving Garage,1,1,NB,8132
2017/01/06,199,3:35:00 PM,Friday,York University,Mechanical,12,24,EB,1781
2017/01/06,6,3:37:00 PM,Friday,Davenport and Yonge,Utilized Off Route,9,18,S/B,1583
2017/01/06,199,3:39:00 PM,Friday,STC,Mechanical,12,24,EB,1094
2017/01/06,24,3:43:00 PM,Friday,Victoria Park Station,Late Leaving Garage,17,34,NB,7817
2017/01/06,24,3:44:00 PM,Friday,Don mills Station,Late Leaving Garage,17,34,SB,8142
2017/01/06,52,3:45:00 PM,Friday,Airport to Westwood Mall,General Delay,6,30,BW,1
2017/01/06,168,3:49:00 PM,Friday,Dundas W. Stn,Mechanical,8,16,n/b,7939
2017/01/06,60,4:00:00 PM,Friday,Entire 60 Steeles West Route,General Delay,8,15,B/W,
2017/01/06,196,4:02:00 PM,Friday,Downsview Station,Utilized Off Route,3,6,N,8322
2017/01/06,34,4:05:00 PM,Friday,Bayview & Eglinton,Mechanical,4,8,eb,7495
2017/01/06,91,4:06:00 PM,Friday,Woodbine Stn,Mechanical,14,28,N/B,7732
2017/01/06,35,4:08:00 PM,Friday,Jane & Steeles,Late Leaving Garage,5,20,SB,1500
2017/01/06,52,4:11:00 PM,Friday,Lawrence and Jane,Utilized Off Route,3,6,W,1357
2017/01/06,72,4:15:00 PM,Friday,Carlaw and Eastern,Utilized Off Route,14,28,N,7729
2017/01/06,54,4:15:00 PM,Friday,Radpath and Eglinton ave E,Mechanical,14,28,EB,7490
2017/01/06,143,4:17:00 PM,Friday,Sherbourne and Richmond,Late Leaving Garage,25,50,W,8135
2017/01/06,144,4:28:00 PM,Friday,Eglinton garage,Mechanical,20,40,ob,7525
2017/01/06,121,4:30:00 PM,Friday,Fort York to Mill street,General Delay,1,1,B/W,
2017/01/06,37,4:32:00 PM,Friday,Steeles Loop,Investigation,10,19,s/b,8033
2017/01/06,89,4:37:00 PM,Friday,Keele station,Mechanical,7,14,NB,1555
2017/01/06,12,4:51:00 PM,Friday,Victoria Park Stn,Mechanical,16,32,E,7771
2017/01/06,39,4:55:00 PM,Friday,VictoriaPark,Mechanical,12,18,wb,1081
2017/01/06,196,4:57:00 PM,Friday,Downsview Station,Mechanical,2,4,nb,1523
2017/01/06,94,5:06:00 PM,Friday,Bathurst and Harbord,Investigation,15,30,WB,7735
2017/01/06,143,5:07:00 PM,Friday,Sherbourne and Richmond,Late Leaving Garage,25,48,W,8106
2017/01/06,54,5:13:00 PM,Friday,Burnview Cr and Lawrence Ave E,Investigation,13,26,EB,7443
2017/01/06,75,5:18:00 PM,Friday,frederick st and the esplanade,Investigation,6,12,N,8209
2017/01/06,36,5:35:00 PM,Friday,jane and finch,Mechanical,6,12,w/b,9112
2017/01/06,196,5:37:00 PM,Friday,Downsview Station,Mechanical,3,6,nb,8311
2017/01/06,71,5:46:00 PM,Friday,Bloor & Kennedy,Investigation,20,40,w/b,1595
2017/01/06,41,5:55:00 PM,Friday,York u commons,Mechanical,14,28,SB,9144
2017/01/06,89,6:05:00 PM,Friday,Weston and John,Diversion,70,20,SB,1657
2017/01/06,23,6:15:00 PM,Friday,Rexleigh to Main stn,General Delay,1,1,b/w,
2017/01/06,134,6:24:00 PM,Friday,Scarborough Town Center,Mechanical,5,10,B/W,1145
2017/01/06,36,6:25:00 PM,Friday,humberwood loop,Mechanical,6,12,w/b,9110
2017/01/06,195,6:38:00 PM,Friday,Jane & Wilson,Emergency Services,12,24,NB,1299
2017/01/06,63,6:42:00 PM,Friday,Altantic and King St.,Mechanical,4,9,S/B,1000
2017/01/06,21,6:55:00 PM,Friday,Scarborough Town Centre,Mechanical,11,23,s,8144
2017/01/06,35,7:17:00 PM,Friday,Sheppard & Jane,Mechanical,20,40,NB,1243
2017/01/06,90,7:23:00 PM,Friday,Vaughan road and St.Clair,Mechanical,8,16,N,1805
2017/01/06,97,7:29:00 PM,Friday,Craighhurst and Yonge,Investigation,20,40,S,8203
2017/01/06,102,7:50:00 PM,Friday,Warden Station,Utilized Off Route,10,20,,7745
2017/01/06,34,7:51:00 PM,Friday,Kennedy station,Mechanical,6,12,wb,7495
2017/01/06,39,8:36:00 PM,Friday,Finch Station,Mechanical,16,32,EB,1095
2017/01/06,84,8:42:00 PM,Friday,Weston rd and Bradstock,Mechanical,9,18,E/b,8443
2017/01/06,94,8:49:00 PM,Friday,Wellsley and Parliament,Investigation,9,18,N/B,7837
2017/01/06,87,8:50:00 PM,Friday,Broadview Station,Utilized Off Route,10,20,,7818
2017/01/06,199,9:10:00 PM,Friday,Scarborough Town Centre,Mechanical,6,13,N,1121
2017/01/06,191,9:39:00 PM,Friday,KPSN - Kipling station,Mechanical,9,17,N,8539
2017/01/06,63,9:56:00 PM,Friday,Eglinton West Station,Mechanical,5,11,S/B,1004
2017/01/06,85,10:22:00 PM,Friday,Sheppard Yonge Station,Mechanical,20,40,EB,1113
2017/01/06,39,10:43:00 PM,Friday,Finch Station,Mechanical,9,18,E,1729
2017/01/06,35,10:48:00 PM,Friday,JNST - Jane Station,Mechanical,8,16,N,8448
2017/01/06,85,10:59:00 PM,Friday,Don Mills Station,Emergency Services,20,36,EB,9073
2017/01/06,191,11:00:00 PM,Friday,SLPM - Loop at Steeles / Martin Grove,Mechanical,10,20,S,8466
2017/01/06,102,11:35:00 PM,Friday,Warden Station,Utilized Off Route,30,60,,8155
2017/01/06,102,11:50:00 PM,Friday,Warden Station,Utilized Off Route,10,20,,7797
2017/01/07,105,12:45:00 AM,Saturday,Steeles at Dufferin,Diversion,90,120,BW,1668
2017/01/07,196,12:55:00 AM,Saturday,Downsview Stn,Mechanical,10,20,NB,8333
2017/01/07,25,1:04:00 AM,Saturday,BarberGreen Rd and Don Mills,Mechanical,13,28,S/B,7601
2017/01/07,70,1:18:00 AM,Saturday,Coxwell STN,Mechanical,20,40,N/B,7475
2017/01/07,353,2:22:00 AM,Saturday,York U - The Common,Diversion,30,60,WB,1126
2017/01/07,60,2:33:00 AM,Saturday,York Commons,Emergency Services,1,1,w,8497
2017/01/07,300,2:43:00 AM,Saturday,East Mall and Bloor,Mechanical,20,40,WB,7718
2017/01/07,85,3:15:00 AM,Saturday,Rouge Hill Go Station,Emergency Services,20,1,WB,9073
2017/01/07,395,4:53:00 AM,Saturday,Markham and Ellesmere Rd,Mechanical,30,60,WB,1119
2017/01/07,337,4:55:00 AM,Saturday,Lakeshore blvd. and 8th St.,Late Leaving Garage,15,30,N,8040
2017/01/07,24,5:28:00 AM,Saturday,Danforth and Victoria Park,Late Leaving Garage,20,40,N,7817
2017/01/07,60,5:30:00 AM,Saturday,Bathurst Street,Diversion,2,0,W,8496
2017/01/07,72,5:34:00 AM,Saturday,Pape Station,Late Leaving Garage,18,36,S,7879
2017/01/07,52,5:44:00 AM,Saturday,Ter 3,Late Leaving Garage,24,39,e,1646
2017/01/07,66,5:48:00 AM,Saturday,HUMBER LOOP,Late Leaving Garage,1,1,n/b,8069
2017/01/07,133,5:50:00 AM,Saturday,Morningside and Staines,Late Leaving Garage,12,24,s/B,1712
2017/01/07,89,5:50:00 AM,Saturday,Keele stn,Late Leaving Garage,10,20,n,1516
2017/01/07,7,5:51:00 AM,Saturday,Bathurst and Wilson,Mechanical,11,22,n/b,9007
2017/01/07,95,5:53:00 AM,Saturday,SCLP,Late Leaving Garage,9,26,W/B,1268
2017/01/07,85,5:53:00 AM,Saturday,Meadowvale loop,Late Leaving Garage,12,24,W/B,1201
2017/01/07,95,5:55:00 AM,Saturday,Ellesmere Cul-De-Sac,Late Leaving Garage,17,0,W/B,1208
2017/01/07,32,5:55:00 AM,Saturday,Eglinton stn,Late Leaving Garage,10,20,w,1075
2017/01/07,7,5:57:00 AM,Saturday,Steels and Village gate,Late Leaving Garage,9,19,s/b,9051
2017/01/07,85,6:00:00 AM,Saturday,Don Mills Station,Late Leaving Garage,15,22,E/B,1737
2017/01/07,132,6:00:00 AM,Saturday,stc,Late Leaving Garage,30,1,N,1315
2017/01/07,165,6:11:00 AM,Saturday,Arrow Rd.,Late Leaving Garage,20,40,W,8574
2017/01/07,191,6:14:00 AM,Saturday,Arrow Garage,Late Leaving Garage,10,20,N,7922
2017/01/07,48,6:20:00 AM,Saturday,EASTMALL AND MARTINGROVE,Mechanical,30,60,w/b,7956
2017/01/07,102,6:40:00 AM,Saturday,Warden Station,Utilized Off Route,10,20,N,7812
2017/01/07,133,6:54:00 AM,Saturday,Scarborough Town Centre,Mechanical,12,24,E/B,1117
2017/01/07,87,7:33:00 AM,Saturday,Main Station,Mechanical,10,20,W,8134
2017/01/07,195,7:45:00 AM,Saturday,York University Commons,Mechanical,10,20,S,1274
2017/01/07,85,7:58:00 AM,Saturday,Malvern gate,Mechanical,8,15,W/B,1070
2017/01/07,81,8:01:00 AM,Saturday,# 65 Thonrcliff park,Late Leaving Garage,8,16,sb,7873
2017/01/07,60,8:07:00 AM,Saturday,Signet and Steels,Late Leaving Garage,7,8,E,8608
2017/01/07,7,8:09:00 AM,Saturday,Bathurst and Baycrest,Mechanical,9,18,SB,9018
2017/01/07,52,8:10:00 AM,Saturday,Sandwell Dr. and The westway,Mechanical,20,40,EB,1631
2017/01/07,29,8:18:00 AM,Saturday,Wilson stn,Utilized Off Route,5,10,s/b,8356
2017/01/07,199,8:20:00 AM,Saturday,Finch Station,Late Leaving Garage,12,1,E,1729
2017/01/07,133,8:31:00 AM,Saturday,Morningside ave and Staines Rd,Late Leaving Garage,10,20,S/B,1251
2017/01/07,125,8:56:00 AM,Saturday,Bathurst and Antibies,Late Leaving Garage,17,34,w/b,1829
2017/01/07,104,9:00:00 AM,Saturday,Wilmington and Searle,Mechanical,14,28,n/b,8369
2017/01/07,20,9:06:00 AM,Saturday,Main Station,Late Leaving Garage,18,36,E,8150
2017/01/07,95,9:15:00 AM,Saturday,Kennedy and Ellesmere,Mechanical,17,34,W/B,1731
2017/01/07,75,9:30:00 AM,Saturday,Sherbourne & Bloor,Mechanical,10,25,SB,1828
2017/01/07,87,9:52:00 AM,Saturday,Main Station,Mechanical,10,20,W,7747
2017/01/07,199,10:02:00 AM,Saturday,Finch Station,Mechanical,7,14,E,1267
2017/01/07,6,10:10:00 AM,Saturday,Dockside dr,Mechanical,15,30,n/b,1048
2017/01/07,102,10:10:00 AM,Saturday,Warden Station,Utilized Off Route,10,20,BW,7778
2017/01/07,17,10:14:00 AM,Saturday,Warden Station,Mechanical,15,30,NB,8156
2017/01/07,53,10:15:00 AM,Saturday,Markham road & Select,Diversion,61,80,W,1217
2017/01/07,102,10:20:00 AM,Saturday,Select and Markham rd,Diversion,60,120,NB,7780
2017/01/07,72,10:35:00 AM,Saturday,Front and bay,Utilized Off Route,18,36,nb,7820
2017/01/07,39,11:21:00 AM,Saturday,Harvest Moon and Old Finch,Emergency Services,12,24,W,1711
2017/01/07,94,11:30:00 AM,Saturday,Castlefrank Station,Mechanical,13,26,;45a,7800
2017/01/07,94,11:37:00 AM,Saturday,Wellesley Station,Mechanical,13,26,E,7710
2017/01/07,43,11:39:00 AM,Saturday,McNicoll & Kennedy,Mechanical,10,20,nb,7495
2017/01/07,60,11:54:00 AM,Saturday,York University Commons.,Mechanical,10,20,E,1308
2017/01/07,52,12:07:00 PM,Saturday,Lawrence Stn.,Late Leaving Garage,11,26,wb,1595
2017/01/07,32,12:09:00 PM,Saturday,Eglinton stn,Late Leaving Garage,9,18,w,1594
2017/01/07,131,12:15:00 PM,Saturday,McLevin Ave and Markham Road,Diversion,50,68,W,1091
2017/01/07,102,12:15:00 PM,Saturday,Nugget and Markham,Diversion,10,20,SB,7837
2017/01/07,60,12:15:00 PM,Saturday,Steeles / Duferin,Diversion,1,1,Both,8516
2017/01/07,53,12:30:00 PM,Saturday,Markham and Passmore,Mechanical,16,24,E,1759
2017/01/07,198,12:30:00 PM,Saturday,Kennedy station,Mechanical,10,20,dn,7567
2017/01/07,84,12:41:00 PM,Saturday,Sheppard Station,Late Leaving Garage,6,12,WB,8547
2017/01/07,53,12:49:00 PM,Saturday,Markham and Passmore,Late Leaving Garage,6,9,W,1230
2017/01/07,199,12:50:00 PM,Saturday,Scarborough Town Centre,Late Leaving Garage,6,12,N,1145
2017/01/07,89,12:51:00 PM,Saturday,Weston and Lawrence,Investigation,10,20,s/b,1354
2017/01/07,118,1:10:00 PM,Saturday,Thistle Down & Albion,General Delay,30,60,EB,8568
2017/01/07,17,1:14:00 PM,Saturday,Warden Station,Mechanical,15,30,NB,7854
2017/01/07,63,1:50:00 PM,Saturday,Entire Route,Mechanical,5,11,S/B,1522
2017/01/07,96,2:07:00 PM,Saturday,Humber College & John Garland,Investigation,0,0,EB,8534
2017/01/07,134,2:25:00 PM,Saturday,STC,Mechanical,30,60,E,1140
2017/01/07,24,2:25:00 PM,Saturday,victoria park stn,Utilized Off Route,9,18,nb,8165
2017/01/07,53,2:25:00 PM,Saturday,FSTN,Utilized Off Route,6,11,E,1148
2017/01/07,79,2:35:00 PM,Saturday,Pine and Lawrence,Mechanical,14,28,S,1636
2017/01/07,199,2:35:00 PM,Saturday,STC,Utilized Off Route,6,12,N,1108
2017/01/07,29,2:55:00 PM,Saturday,Dufferin and St Clair,Mechanical,4,7,n,8212
2017/01/07,52,3:17:00 PM,Saturday,Keele and Lawrence,Mechanical,9,17,W,1059
2017/01/07,16,3:20:00 PM,Saturday,Warden Station,Investigation,10,20,SB,7742
2017/01/07,34,3:31:00 PM,Saturday,Eglinton & Wynford,Investigation,18,36,up,7679
2017/01/07,185,3:42:00 PM,Saturday,Pape station,Mechanical,9,19,nb,7546
2017/01/07,25,3:52:00 PM,Saturday,Lawrence & Don Mills,Mechanical,9,19,sb,7513
2017/01/07,39,3:57:00 PM,Saturday,Maxome and Finch,Diversion,4,10,E,1328
2017/01/07,29,4:15:00 PM,Saturday,dufferin and Bentworth,Diversion,52,55,s,9039
2017/01/07,199,4:18:00 PM,Saturday,Scarborough Town Centre,Investigation,6,12,N,1131
2017/01/07,90,4:25:00 PM,Saturday,St. Clair W. Station,Mechanical,8,16,E,1802
2017/01/07,76,4:42:00 PM,Saturday,Royal York Station,Utilized Off Route,9,18,S,8028
2017/01/07,73,4:44:00 PM,Saturday,Royal York Station,Mechanical,30,60,N,8086
2017/01/07,41,5:23:00 PM,Saturday,Keele and Dundas,Investigation,7,15,s/b,1617
2017/01/07,192,5:52:00 PM,Saturday,Kipling Station,Late Leaving Garage,8,17,N,8002
2017/01/07,111,6:21:00 PM,Saturday,Kipoling Station,Mechanical,11,22,N,8049
2017/01/07,43,6:35:00 PM,Saturday,Sheppard & Kennedy,Mechanical,10,20,nb,7495
2017/01/07,21,7:02:00 PM,Saturday,Kennedy Station,Mechanical,20,40,,7847
2017/01/07,709,7:16:00 PM,Saturday,Eglinton West Stn,Utilized Off Route,1,1,E/B,1076
2017/01/07,41,7:20:00 PM,Saturday,keele stn,Utilized Off Route,8,15,n/b,1002
2017/01/07,85,7:42:00 PM,Saturday,Malvern Gates,Mechanical,8,17,W,1109
2017/01/07,29,8:32:00 PM,Saturday,Wilson Stn,Mechanical,8,16,s,9020
2017/01/07,40,8:45:00 PM,Saturday,Dundas West station to runnymede loop,General Delay,15,30,BW,
2017/01/07,21,8:56:00 PM,Saturday,Kennedy Station,Mechanical,20,40,,8144
2017/01/07,116,9:02:00 PM,Saturday,Morning Side and Sheppard,Diversion,10,114,B/W,
2017/01/07,63,9:20:00 PM,Saturday,East Liberty,Mechanical,8,16,n/b,1555
2017/01/07,68,9:25:00 PM,Saturday,Ellesmere and Warden,Mechanical,14,28,S/B,7556
2017/01/07,7,9:35:00 PM,Saturday,Bathurst/Lytton,Mechanical,10,19,N,8389
2017/01/07,44,9:47:00 PM,Saturday,Col sam smith Loop,Utilized Off Route,10,20,N,8033
2017/01/07,165,9:59:00 PM,Saturday,Wilson Stn,Utilized Off Route,8,16,e,8591
2017/01/07,25,10:20:00 PM,Saturday,Pape STN,Mechanical,10,20,N/B,7403
2017/01/07,36,10:30:00 PM,Saturday,Finch & Kipling,Investigation,10,20,E,8535
2017/01/07,100,11:20:00 PM,Saturday,Don Mills and Eglinton,Mechanical,10,20,S/B,7512
2017/01/07,37,11:28:00 PM,Saturday,Islington at Bergamot,Investigation,30,60,N,8023
2017/01/07,54,11:49:00 PM,Saturday,Green Holm Crt and Lawrence,Investigation,20,40,W/B,7596
2017/01/08,59,12:22:00 AM,Sunday,Yelland & Gary,Investigation,30,60,W,1285
2017/01/08,84,12:25:00 AM,Sunday,Bradstock & Sheppard,Utilized Off Route,10,20,E,1237
2017/01/08,17,12:32:00 AM,Sunday,Wintermute,Diversion,22,44,nb,7854
2017/01/08,192,12:35:00 AM,Sunday,Kipling station,Utilized Off Route,10,20,N,8011
2017/01/08,97,12:38:00 AM,Sunday,Lawrence /Yonge,Mechanical,5,10,1824,
2017/01/08,116,12:51:00 AM,Sunday,Morningside and Sheppard,Diversion,10,1,S/B,
2017/01/08,91,1:10:00 AM,Sunday,Silverdale and Yorkmills,Mechanical,30,60,S,7784
2017/01/08,24,1:13:00 AM,Sunday,Sheppard and Victoria Park,Utilized Off Route,10,20,N,7829
2017/01/08,95,1:22:00 AM,Sunday,Ellesmere Cul-De-Sac Kingston Loop,Mechanical,10,24,WB,1222
2017/01/08,192,1:35:00 AM,Sunday,Kipling station,Mechanical,10,20,N,8008
2017/01/08,312,2:35:00 AM,Sunday,St Clair w & Christie,Mechanical,30,60,E,1606
2017/01/08,335,3:14:00 AM,Sunday,Steeles & Jane,Investigation,30,60,N,8537
2017/01/08,325,3:22:00 AM,Sunday,Danforth and Pape Avenue,Investigation,30,60,NB,7661
2017/01/08,353,5:08:00 AM,Sunday,Bathurst & Steeles,Emergency Services,30,60,WB,1760
2017/01/08,86,6:22:00 AM,Sunday,Kennedy Stn,Mechanical,12,24,E,7488
2017/01/08,133,6:25:00 AM,Sunday,Morningside and Statines,Late Leaving Garage,30,0,w,1113
2017/01/08,35,6:35:00 AM,Sunday,Jane & Steeles,Mechanical,30,60,SB,8440
2017/01/08,307,6:37:00 AM,Sunday,Steeles & Village Gate,Mechanical,30,60,SB,9027
2017/01/08,300,6:45:00 AM,Sunday,Bloor and Dundas,Mechanical,8,21,w,7495
2017/01/08,300,6:54:00 AM,Sunday,Bloor and Yonge,Mechanical,12,24,w,8120
2017/01/08,94,7:29:00 AM,Sunday,castle frank stn,Late Leaving Garage,13,26,n/b,8101
2017/01/08,62,7:33:00 AM,Sunday,Broadview Stn,Late Leaving Garage,20,40,EB,7736
2017/01/08,24,7:34:00 AM,Sunday,NB Danforth and Vicotria Park,Late Leaving Garage,10,20,SB,7810
2017/01/08,12,7:34:00 AM,Sunday,Kennedy Stn,Late Leaving Garage,17,34,SB,8126
2017/01/08,23,7:35:00 AM,Sunday,MAIN STN,Late Leaving Garage,12,24,N/B,8129
2017/01/08,60,7:40:00 AM,Sunday,Finch Station,Late Leaving Garage,1,20,WB,1308
2017/01/08,11,7:40:00 AM,Sunday,Yorkmills/bayview,Mechanical,40,80,NB,1674
2017/01/08,92,7:41:00 AM,Sunday,WOODBINE STN,Mechanical,16,32,N/B,7777
2017/01/08,87,7:43:00 AM,Sunday,main stn,Late Leaving Garage,20,40,n/b,7895
2017/01/08,23,7:47:00 AM,Sunday,Ferris,Late Leaving Garage,12,24,N/B,7750
2017/01/08,121,7:48:00 AM,Sunday,Mill and Cherry,Late Leaving Garage,15,30,WB,7740
2017/01/08,93,7:51:00 AM,Sunday,Woodbine stn,Late Leaving Garage,24,48,n/b,7842
2017/01/08,20,7:57:00 AM,Sunday,kennedy stn,Mechanical,22,44,n/b,8117
2017/01/08,70,7:58:00 AM,Sunday,Coxwell Stn,Mechanical,20,40,E,7647
2017/01/08,72,7:58:00 AM,Sunday,pape stn,Late Leaving Garage,9,18,N/B,8141
2017/01/08,75,8:00:00 AM,Sunday,Queen/Sherbourne,Diversion,210,230,B/W,8344
2017/01/08,25,8:05:00 AM,Sunday,pape Stn,Mechanical,10,20,N,7571
2017/01/08,47,8:10:00 AM,Sunday,Earls Court loop,Late Leaving Garage,10,20,s,1618
2017/01/08,9,8:12:00 AM,Sunday,Lawrence,Late Leaving Garage,22,44,n/b,7801
2017/01/08,87,8:15:00 AM,Sunday,Main stn,Mechanical,10,20,WB,8109
2017/01/08,51,8:15:00 AM,Sunday,Eglinton Station,Late Leaving Garage,29,58,NB,1714
2017/01/08,95,8:23:00 AM,Sunday,Ellesemere and Kingston rd,Late Leaving Garage,20,40,w,1208
2017/01/08,102,8:24:00 AM,Sunday,steeles,Late Leaving Garage,10,20,n/b,7808
2017/01/08,165,8:47:00 AM,Sunday,wilson at clayson,Mechanical,18,36,n,8551
2017/01/08,43,8:53:00 AM,Sunday,Scar. Town Center,Mechanical,7,14,S,7620
2017/01/08,192,9:02:00 AM,Sunday,Hwy 427 / Eglinton,Mechanical,8,17,n,8010
2017/01/08,63,9:02:00 AM,Sunday,Eglinton west stn,Late Leaving Garage,8,15,s,1604
2017/01/08,24,9:06:00 AM,Sunday,Steeles and Victoria Park,Mechanical,10,20,SB,8138
2017/01/08,32,9:09:00 AM,Sunday,Wright / Jane,Late Leaving Garage,10,20,e,1663
2017/01/08,43,9:09:00 AM,Sunday,garage,Late Leaving Garage,15,30,dn,7527
2017/01/08,85,9:21:00 AM,Sunday,Meadowvale Zoo,Mechanical,16,24,w,1091
2017/01/08,71,9:43:00 AM,Sunday,Mount Dennis Division,Mechanical,24,48,s,1659
2017/01/08,69,9:55:00 AM,Sunday,warden stn,Investigation,10,20,n/b,7808
2017/01/08,25,10:00:00 AM,Sunday,Don Mills and van Horne,Mechanical,10,20,N,7513
2017/01/08,121,10:15:00 AM,Sunday,Parliament and Mill,Investigation,15,30,W,8172
2017/01/08,32,10:40:00 AM,Sunday,Eglinton / Ennerdale,Mechanical,10,20,w,1067
2017/01/08,46,11:05:00 AM,Sunday,Kipling Station,Mechanical,16,32,NB,8437
2017/01/08,168,11:06:00 AM,Sunday,Avon Loop,Mechanical,7,14,s/b,7907
2017/01/08,52,12:13:00 PM,Sunday,Lawrence Station,Mechanical,14,28,wb,1210
2017/01/08,63,12:20:00 PM,Sunday,East Liberty,Late Leaving Garage,7,14,n,1600
2017/01/08,37,12:25:00 PM,Sunday,Islington Stn,Mechanical,12,24,n/b,8403
2017/01/08,39,12:33:00 PM,Sunday,Linus on Finch,Utilized Off Route,14,30,EB,1077
2017/01/08,39,12:33:00 PM,Sunday,Linus on Finch,Mechanical,15,31,EB,1077
2017/01/08,52,12:38:00 PM,Sunday,Mount Dennis to Terminal 1,Late Leaving Garage,14,28,eb,1613
2017/01/08,52,12:41:00 PM,Sunday,Mount Dennis to Martin Grove/The Westway,Late Leaving Garage,7,14,eb,1200
2017/01/08,52,12:41:00 PM,Sunday,Mount Dennis to Lawrence Station,Late Leaving Garage,14,28,wb,1565
2017/01/08,41,12:58:00 PM,Sunday,Clearview Heights and Keele,Mechanical,10,20,SB,1537
2017/01/08,89,1:06:00 PM,Sunday,Lawrence and Weston,Investigation,10,20,SB,1349
2017/01/08,102,1:14:00 PM,Sunday,Warden stn,Late Leaving Garage,10,20,n/b,7742
2017/01/08,7,1:30:00 PM,Sunday,Alcina Av/bathurst St,Diversion,40,48,Sb,9008
2017/01/08,42,1:36:00 PM,Sunday,Don Mills and MC. Nicoll Ave.,Mechanical,13,32,w/b,8359
2017/01/08,36,1:55:00 PM,Sunday,Finch West & Topcliff,Investigation,5,10,W,8593
2017/01/08,102,2:37:00 PM,Sunday,Nugget and Mc cleaven,Mechanical,10,20,N/B,8162
2017/01/08,102,2:39:00 PM,Sunday,Warden stn,Mechanical,10,20,N/B,
2017/01/08,7,2:40:00 PM,Sunday,Wilson,Mechanical,7,15,S,9042
2017/01/08,36,3:01:00 PM,Sunday,HWLP - Humberwood Loop,Mechanical,5,10,E,8534
2017/01/08,85,3:09:00 PM,Sunday,Don Mills Stn,Mechanical,27,45,E,1081
2017/01/08,134,3:17:00 PM,Sunday,Finchedene Sq,Mechanical,15,30,sb,1759
2017/01/08,102,3:22:00 PM,Sunday,Kingston rd and St Clair,Mechanical,10,20,N/B,7867
2017/01/08,38,3:26:00 PM,Sunday,Scarborough Town Center,Mechanical,10,20,e,1768
2017/01/08,7,4:00:00 PM,Sunday,Bathurst and Nina,Diversion,120,127,BW,
2017/01/08,196,4:40:00 PM,Sunday,Finch,Mechanical,7,15,N,8311
2017/01/08,32,5:10:00 PM,Sunday,Eglinton and Black Creek dr,Mechanical,10,20,e/b,1015
2017/01/08,87,5:10:00 PM,Sunday,Broadview Station,Utilized Off Route,10,20,N,8133
2017/01/08,75,5:12:00 PM,Sunday,Sherbourne Stn.,Utilized Off Route,20,40,n/b,8344
2017/01/08,85,5:15:00 PM,Sunday,Don Mills Stn,Utilized Off Route,6,12,E/B,1098
2017/01/08,94,5:15:00 PM,Sunday,Welleselly Stn,Utilized Off Route,7,14,EB,8101
2017/01/08,29,5:15:00 PM,Sunday,Bloor/Dufferin,Utilized Off Route,4,8,NB,1370
2017/01/08,72,5:16:00 PM,Sunday,Pape Station,Utilized Off Route,18,36,S,8141
2017/01/08,34,5:18:00 PM,Sunday,Eglinton station,Utilized Off Route,1,9,up,7625
2017/01/08,25,5:19:00 PM,Sunday,Pape STN,Utilized Off Route,8,17,N/B,7455
2017/01/08,68,5:20:00 PM,Sunday,WARDEN STATION,Utilized Off Route,10,20,N,7663
2017/01/08,29,5:20:00 PM,Sunday,Dundas/Dufferin,Utilized Off Route,4,8,NB,8342
2017/01/08,33,5:20:00 PM,Sunday,St.Clair west station,Utilized Off Route,20,40,N,8200
2017/01/08,102,5:20:00 PM,Sunday,Warden Station,Utilized Off Route,10,20,N,7808
2017/01/08,95,5:22:00 PM,Sunday,Scarb.Coll.Loop-Militray Trail,Utilized Off Route,17,34,WB,1277
2017/01/08,7,5:23:00 PM,Sunday,Bathurst station,Utilized Off Route,7,15,N,8324
2017/01/08,100,5:23:00 PM,Sunday,Broadview STN,Utilized Off Route,9,18,N/B,7622
2017/01/08,199,5:25:00 PM,Sunday,McCowan and Finch Av,Utilized Off Route,8,16,wb,1733
2017/01/08,133,5:30:00 PM,Sunday,STC,Utilized Off Route,10,20,N/B,1745
2017/01/08,54,5:34:00 PM,Sunday,EGLINTON STATION,Utilized Off Route,10,19,W,7596
2017/01/08,161,5:35:00 PM,Sunday,Oakwood and Davenport,Emergency Services,15,30,w/b,1500
2017/01/08,34,5:37:00 PM,Sunday,Eglinton & DVP,Mechanical,7,14,dn,7669
2017/01/08,63,5:40:00 PM,Sunday,Oakwood and Davenport,Diversion,80,87,B/W,
2017/01/08,25,5:40:00 PM,Sunday,Overlea and Thorncliffe,Mechanical,9,18,S/B,7580
2017/01/08,161,5:40:00 PM,Sunday,Oakwood and Davenport,Diversion,80,100,B/W,
2017/01/08,104,5:41:00 PM,Sunday,Downsview Station,Mechanical,20,40,N,1668
2017/01/08,168,5:44:00 PM,Sunday,Dundas W Stn,Investigation,9,18,n/b,7908
2017/01/08,709,5:45:00 PM,Sunday,Keele and Eglinton,Utilized Off Route,10,20,w/b,1379
2017/01/08,36,5:45:00 PM,Sunday,FSTN - Finch Station,Utilized Off Route,5,10,W,8482
2017/01/08,63,5:46:00 PM,Sunday,East Liberty,Utilized Off Route,7,13,e/b,1001
2017/01/08,32,5:47:00 PM,Sunday,Eglinton west stn,Utilized Off Route,10,20,e/b,1050
2017/01/08,6,5:49:00 PM,Sunday,Dockside and Queens Quay,Utilized Off Route,12,24,N,1641
2017/01/08,37,5:50:00 PM,Sunday,Islington Stn,Utilized Off Route,22,44,n/b,8060
2017/01/08,774,5:50:00 PM,Sunday,Downsview station,Utilized Off Route,1,1,w,8486
2017/01/08,84,5:56:00 PM,Sunday,Sheppard stn,Utilized Off Route,5,10,w,8492
2017/01/08,60,5:56:00 PM,Sunday,FSTN - Finch station,Utilized Off Route,10,20,W,8565
2017/01/08,123,6:04:00 PM,Sunday,Longbranch Loop,Utilized Off Route,20,40,n/b,8033
2017/01/08,45,6:15:00 PM,Sunday,Kipling Station,Utilized Off Route,9,19,N,8073
2017/01/08,38,6:27:00 PM,Sunday,Ellesemere at Military Trail,Mechanical,10,20,W/B,1230
2017/01/08,42,6:27:00 PM,Sunday,Don Mills and MC. Nicoll.,Mechanical,18,36,E/B,1815
2017/01/08,47,6:28:00 PM,Sunday,Earls court loop,Mechanical,18,34,S,1000
2017/01/08,7,6:38:00 PM,Sunday,bathurst station,Mechanical,8,15,N,9033
2017/01/08,95,6:45:00 PM,Sunday,Mondeo and Ellesmere Rd,Diversion,240,257,WB,1208
2017/01/08,23,8:04:00 PM,Sunday,Main Station,Investigation,15,30,N,8129
2017/01/08,102,8:10:00 PM,Sunday,Steeles,Mechanical,10,20,S,7882
2017/01/08,87,8:35:00 PM,Sunday,Main Station,Utilized Off Route,10,20,W,7777
2017/01/08,196,9:14:00 PM,Sunday,Downsview Station,Utilized Off Route,12,24,NB,1801
2017/01/08,24,9:16:00 PM,Sunday,Victoria Park Station,Utilized Off Route,10,20,N,7829
2017/01/08,12,9:20:00 PM,Sunday,Victoria Park Station,Mechanical,20,40,E,7786
2017/01/08,134,10:06:00 PM,Sunday,STC,Mechanical,22,44,E,1248
2017/01/08,70,10:46:00 PM,Sunday,VICTORIA PARK AND O'CONNOR,Mechanical,20,40,N,7636
2017/01/08,85,11:23:00 PM,Sunday,SHEPPARD AND MORNINGSIDE,Mechanical,20,40,W,1772
2017/01/08,21,11:30:00 PM,Sunday,Brimley Loop,Diversion,40,70,S,7873
2017/01/09,7,12:20:00 AM,Monday,Heathdale /Bathurst,Investigation,10,20,n/b,9047
2017/01/09,96,12:44:00 AM,Monday,Wilson Station,Mechanical,10,20,e/B,8585
2017/01/09,68,4:40:00 AM,Monday,Eglinton yard,Mechanical,1,1,ob,7653
2017/01/09,24,4:49:00 AM,Monday,VP STATION,Late Leaving Garage,0,0,N,7739
2017/01/09,20,4:50:00 AM,Monday,MAIN STATION,Late Leaving Garage,13,0,E,7782
2017/01/09,7,4:51:00 AM,Monday,Village Gate and Bathurst,Late Leaving Garage,26,52,S,9025
2017/01/09,725,5:03:00 AM,Monday,FRONT/BAY,Late Leaving Garage,30,0,E,7729
2017/01/09,72,5:03:00 AM,Monday,PAPE STATION,Late Leaving Garage,5,0,E,7774
2017/01/09,21,5:05:00 AM,Monday,STC,Late Leaving Garage,5,5,S,7785
2017/01/09,60,5:12:00 AM,Monday,Steeles Loop,Mechanical,10,20,E/b,1244
2017/01/09,16,5:15:00 AM,Monday,WARDEN STATION,Late Leaving Garage,20,0,N,7771
2017/01/09,60,5:22:00 AM,Monday,Steeles Loop,Late Leaving Garage,10,20,E/b,8489
2017/01/09,74,5:32:00 AM,Monday,St Clair Station,Late Leaving Garage,17,34,N,8327
2017/01/09,25,5:37:00 AM,Monday,Eglinton Yard,Late Leaving Garage,1,1,O/B,7414
2017/01/09,67,5:40:00 AM,Monday,Danforth ave and Victoria Park ave,Late Leaving Garage,24,36,NB,7418
2017/01/09,95,5:45:00 AM,Monday,Ellesmere and Kingston Rd,Late Leaving Garage,7,14,B/W,1402
2017/01/09,39,5:46:00 AM,Monday,Baldoon/Finch,Late Leaving Garage,8,16,EB,1369
2017/01/09,85,5:49:00 AM,Monday,Rouge Hill Go Station,Late Leaving Garage,12,23,w,9097
2017/01/09,88,5:50:00 AM,Monday,Laird and McCrea,Late Leaving Garage,10,20,E,1674
2017/01/09,35,5:57:00 AM,Monday,Jane and Steeles,Late Leaving Garage,5,10,S/b,1297
2017/01/09,112,6:00:00 AM,Monday,East mall / Rathburn,Mechanical,30,45,s,8052
2017/01/09,85,6:01:00 AM,Monday,Rouge Hill Go Station,Late Leaving Garage,5,28,w,9057
2017/01/09,41,6:02:00 AM,Monday,Keele stn,Late Leaving Garage,11,22,n,9149
2017/01/09,41,6:03:00 AM,Monday,Keele stn,Late Leaving Garage,15,30,n,9145
2017/01/09,121,6:05:00 AM,Monday,MILL STREET,Mechanical,12,24,W/B,7763
2017/01/09,122,6:08:00 AM,Monday,Fenelon loop Drive Loop,Mechanical,13,26,W,1812
2017/01/09,11,6:09:00 AM,Monday,Sunnybrook Hospital,Late Leaving Garage,22,44,S,8338
2017/01/09,95,6:09:00 AM,Monday,Ellesmere RT,Late Leaving Garage,7,14,B/W,8406
2017/01/09,52,6:11:00 AM,Monday,Lawrence stn,Late Leaving Garage,6,18,w,1047
2017/01/09,91,6:12:00 AM,Monday,Casandra,Late Leaving Garage,12,24,N/B,8155
2017/01/09,199,6:12:00 AM,Monday,Finch/Leslie,Mechanical,12,24,WB,1277
2017/01/09,16,6:20:00 AM,Monday,B/W Danforth and Middland,General Delay,9,18,B/W,7842
2017/01/09,42,6:20:00 AM,Monday,McNicoll and Victoria Park,Late Leaving Garage,12,24,E,8218
2017/01/09,89,6:25:00 AM,Monday,Weston / Coulter,Diversion,10,16,B/W,1076
2017/01/09,191,6:26:00 AM,Monday,Stelles,Mechanical,5,10,SB,7947
2017/01/09,29,6:27:00 AM,Monday,Wilson Station,Mechanical,9,18,s,9007
2017/01/09,63,6:35:00 AM,Monday,Canniff and Strachan,Late Leaving Garage,5,7,SB,1067
2017/01/09,29,6:36:00 AM,Monday,Tycos,Mechanical,9,16,s,9016
2017/01/09,39,6:37:00 AM,Monday,Finch Station,Mechanical,9,18,EB,1720
2017/01/09,65,6:40:00 AM,Monday,Espanade,Mechanical,12,24,n/b,8116
2017/01/09,35,6:40:00 AM,Monday,Jane and Sheppard,Mechanical,5,10,S/b,1284
2017/01/09,32,6:40:00 AM,Monday,Eglinton Station,Late Leaving Garage,6,12,W/B,1062
2017/01/09,29,6:45:00 AM,Monday,Tycos,Mechanical,9,18,s,9012
2017/01/09,63,6:46:00 AM,Monday,Eglinton west station,Late Leaving Garage,4,8,SB,1642
2017/01/09,38,6:46:00 AM,Monday,Sheppard and Neilson,Mechanical,10,20,B/W,1787
2017/01/09,33,6:50:00 AM,Monday,Eglinton and Spidina,Late Leaving Garage,9,9,s,
2017/01/09,185,6:51:00 AM,Monday,Pape STN,Mechanical,8,16,N/B,7680
2017/01/09,123,6:52:00 AM,Monday,Kipling Station,Mechanical,17,34,S/B,8040
2017/01/09,144,6:52:00 AM,Monday,Eglinton Yard,Late Leaving Garage,1,1,OB,7460
2017/01/09,52,6:53:00 AM,Monday,Lawrence stn,Late Leaving Garage,18,36,w,1408
2017/01/09,21,6:55:00 AM,Monday,SCARBOROUGH CENTRE STN,Late Leaving Garage,10,20,S,
2017/01/09,24,6:58:00 AM,Monday,VICTORIA PARK / ST CLAIR,Diversion,31,36,N,7748
2017/01/09,36,7:03:00 AM,Monday,Finch stn,Late Leaving Garage,20,40,w,8523
2017/01/09,199,7:09:00 AM,Monday,Scarborough Town Center,Late Leaving Garage,4,8,WB,1203
2017/01/09,6,7:13:00 AM,Monday,Bedford and Daveport,Late Leaving Garage,4,8,SB,1580
2017/01/09,21,7:15:00 AM,Monday,Scarborough Centre Station,Mechanical,10,20,N,8166
2017/01/09,60,7:19:00 AM,Monday,Signal Hill & Steeles,Late Leaving Garage,8,15,EB,8559
2017/01/09,61,7:32:00 AM,Monday,bombay loop,Mechanical,10,20,S,8311
2017/01/09,44,7:33:00 AM,Monday,Kipling / Evans,Mechanical,7,14,s,8031
2017/01/09,7,7:54:00 AM,Monday,Bathurst Stn,Mechanical,9,19,n,9008
2017/01/09,5,8:00:00 AM,Monday,Avenue Rd S,General Delay,10,18,BW,
2017/01/09,143,8:10:00 AM,Monday,Adelaide & University,Investigation,13,28,E,8135
2017/01/09,64,8:24:00 AM,Monday,Wineva & Queen,Utilized Off Route,8,16,N,7840
2017/01/09,45,8:25:00 AM,Monday,Kipling stn,Mechanical,6,12,n,8408
2017/01/09,122,8:35:00 AM,Monday,York Mills and Lesmills,Mechanical,10,20,E,8363
2017/01/09,53,8:36:00 AM,Monday,Steeles Ave and Fairway,Mechanical,5,10,w,1267
2017/01/09,167,8:47:00 AM,Monday,STEELES / PHARMACY,Mechanical,25,49,S,8102
2017/01/09,86,8:49:00 AM,Monday,Highland creek overpass/Old kingston Rd.,Mechanical,5,10,SB,7498
2017/01/09,54,8:51:00 AM,Monday,Eglinton stn,Mechanical,6,12,eb,7562
2017/01/09,143,9:00:00 AM,Monday,Neville Loop,Investigation,15,30,E,8164
2017/01/09,36,9:15:00 AM,Monday,Finch station,Mechanical,5,10,w,9125
2017/01/09,95,9:16:00 AM,Monday,Scarborough college Loop,Mechanical,15,31,W,1110
2017/01/09,24,9:39:00 AM,Monday,VP AND SWEENEY,Mechanical,2,8,N,7832
2017/01/09,81,9:50:00 AM,Monday,Pape Station,Mechanical,10,20,N,7806
2017/01/09,7,9:51:00 AM,Monday,Bathurst and Steeles,Mechanical,10,20,s,9027
2017/01/09,195,9:59:00 AM,Monday,Jane and Queen dr.,Emergency Services,10,20,N/b,8511
2017/01/09,95,10:22:00 AM,Monday,Ellesmere and Pollard Dr,Investigation,15,30,W,1140
2017/01/09,60,10:30:00 AM,Monday,York University Commons,Mechanical,6,13,EB,8562
2017/01/09,110,10:39:00 AM,Monday,Islington Stn,Mechanical,18,36,n/b,8032
2017/01/09,196,10:53:00 AM,Monday,Sheppard east of Bathurst,Mechanical,8,15,e/b,8393
2017/01/09,63,10:55:00 AM,Monday,Ossington and Harbord,Mechanical,5,10,N/B,1598
2017/01/09,29,11:15:00 AM,Monday,Wilson Station,Utilized Off Route,4,8,s,9004
2017/01/09,52,11:15:00 AM,Monday,Lawrence and Apex,Investigation,3,6,e,1553
2017/01/09,709,11:16:00 AM,Monday,Trethewey and Blackcreek,Utilized Off Route,5,10,E/B,1033
2017/01/09,709,11:16:00 AM,Monday,Eglinton and Keele,Utilized Off Route,5,10,E/B,1015
2017/01/09,196,11:18:00 AM,Monday,Downsview stn,Utilized Off Route,2,4,n,1808
2017/01/09,87,11:19:00 AM,Monday,Broadview station,Utilized Off Route,10,20,n/b,7734
2017/01/09,94,11:19:00 AM,Monday,Castlefrank Stn,Utilized Off Route,7,14,WB,8112
2017/01/09,186,11:19:00 AM,Monday,yorkmills stn,Utilized Off Route,11,22,w,8471
2017/01/09,196,11:20:00 AM,Monday,Downsview stn,Utilized Off Route,8,15,e/b,1368
2017/01/09,39,11:21:00 AM,Monday,Finch Stn,Utilized Off Route,13,26,E,1759
2017/01/09,760,11:25:00 AM,Monday,Eglinton Yard,Utilized Off Route,1,1,SB,7447
2017/01/09,45,11:30:00 AM,Monday,Kipling Stn,Utilized Off Route,10,20,n,7933
2017/01/09,760,11:30:00 AM,Monday,Eglinton Yard,Utilized Off Route,1,1,SB,7527
2017/01/09,47,11:30:00 AM,Monday,lansdowne / Queen,Mechanical,15,30,n,1007
2017/01/09,12,11:35:00 AM,Monday,Kingston & Bingham,Diversion,144,164,N,7861
2017/01/09,95,11:37:00 AM,Monday,York Mills station,Utilized Off Route,15,30,W,1719
2017/01/09,186,11:38:00 AM,Monday,wilson stn,Utilized Off Route,11,22,e,1364
2017/01/09,95,11:48:00 AM,Monday,Don Mills and Ellesmere Rd,Mechanical,15,30,WB,1731
2017/01/09,11,11:51:00 AM,Monday,Steels Loop,Mechanical,12,24,S,1665
2017/01/09,7,12:01:00 PM,Monday,Bathurst Stn,Mechanical,9,19,n,9021
2017/01/09,63,12:08:00 PM,Monday,Eglinton West Station,Investigation,10,20,sb,1021
2017/01/09,124,12:17:00 PM,Monday,Lawrence Station,Mechanical,8,16,W,8396
2017/01/09,199,12:40:00 PM,Monday,Finch Station,Utilized Off Route,8,16,EB,1398
2017/01/09,709,1:00:00 PM,Monday,Wilson Hgts and sheppard,Emergency Services,1,1,,1033
2017/01/09,95,1:01:00 PM,Monday,Scarborough College Loop- Military Trail,Utilized Off Route,8,17,WB,1130
2017/01/09,87,1:06:00 PM,Monday,Broadview Stn,Utilized Off Route,10,20,WB,8179
2017/01/09,759,1:10:00 PM,Monday,Downsview Stn,Utilized Off Route,5,10,,1381
2017/01/09,709,1:10:00 PM,Monday,Mount Dennis Garage,Utilized Off Route,5,10,,1009
2017/01/09,165,1:45:00 PM,Monday,Wilson Stn.,Mechanical,16,32,w,1294
2017/01/09,54,2:00:00 PM,Monday,Lawrance and Mossbank,Investigation,11,22,WB,7604
2017/01/09,32,2:15:00 PM,Monday,Mount Dennis Garage,Late Leaving Garage,5,14,,1543
2017/01/09,32,2:15:00 PM,Monday,Mount Dennis Garage,Late Leaving Garage,13,21,,1065
2017/01/09,23,2:32:00 PM,Monday,Main Station,Late Leaving Garage,7,14,N,7750
2017/01/09,134,2:35:00 PM,Monday,STC SRT,Mechanical,5,10,eb,1725
2017/01/09,65,2:36:00 PM,Monday,Castlefrank Station,Late Leaving Garage,9,18,S,7790
2017/01/09,73,2:37:00 PM,Monday,CLAIREPORT,Emergency Services,20,40,s/b,7914
2017/01/09,46,2:39:00 PM,Monday,MRFI - Martin Grove + Finch W,Investigation,7,14,S,7956
2017/01/09,75,2:41:00 PM,Monday,Bloor,Mechanical,6,12,N,1828
2017/01/09,81,2:43:00 PM,Monday,Pape Station,Mechanical,8,16,NB,8141
2017/01/09,52,2:43:00 PM,Monday,Law w stn,Late Leaving Garage,8,17,w,1557
2017/01/09,12,2:43:00 PM,Monday,Victoria Park Station,Late Leaving Garage,13,26,EB,7708
2017/01/09,105,2:44:00 PM,Monday,Sheppard / Allen,Investigation,12,24,n,1801
2017/01/09,45,2:45:00 PM,Monday,Queensway Garage,Investigation,3,7,s,8057
2017/01/09,102,2:50:00 PM,Monday,Warden Stn,Mechanical,5,10,nb,8168
2017/01/09,56,2:51:00 PM,Monday,Eglinton stn,Mechanical,9,27,N,1806
2017/01/09,87,2:53:00 PM,Monday,Main Station,Late Leaving Garage,6,12,W,
2017/01/09,15,2:55:00 PM,Monday,Sherway gardens,Mechanical,23,36,e/b,8412
2017/01/09,91,2:56:00 PM,Monday,Cassandra Blvd and Underhill,Late Leaving Garage,6,12,S,7727
2017/01/09,142,2:57:00 PM,Monday,Hillcrest,Mechanical,30,60,n,8379
2017/01/09,39,2:57:00 PM,Monday,McCowan and Finch,Mechanical,7,14,W,1715
2017/01/09,142,2:57:00 PM,Monday,Hillcrest,Mechanical,30,60,n,8346
2017/01/09,129,2:58:00 PM,Monday,Alton Towers,Investigation,6,12,B/W,1103
2017/01/09,60,3:00:00 PM,Monday,Finch Station,Late Leaving Garage,15,22,W,8529
2017/01/09,47,3:00:00 PM,Monday,Dupont and Lansdowne,Mechanical,14,28,nb,1653
2017/01/09,709,3:00:00 PM,Monday,Mount Dennis Garage,Late Leaving Garage,0,0,,1022
2017/01/09,20,3:00:00 PM,Monday,Main Station,Late Leaving Garage,14,28,BW,
2017/01/09,79,3:00:00 PM,Monday,Pine and Lawrence,Late Leaving Garage,14,28,sb,1590
2017/01/09,161,3:01:00 PM,Monday,Lambton and Jane,Late Leaving Garage,5,12,,1623
2017/01/09,16,3:04:00 PM,Monday,STC,Late Leaving Garage,8,16,NB,8111
2017/01/09,16,3:04:00 PM,Monday,STC,Late Leaving Garage,8,16,,
2017/01/09,127,3:05:00 PM,Monday,Townsley Loop,Late Leaving Garage,20,39,e/b,1606
2017/01/09,15,3:06:00 PM,Monday,Sherway gardens,Mechanical,11,22,n/b,8034
2017/01/09,62,3:06:00 PM,Monday,Broadview Station,Late Leaving Garage,16,32,E,7736
2017/01/09,41,3:06:00 PM,Monday,York University Commons,Late Leaving Garage,14,29,s/b,9144
2017/01/09,102,3:06:00 PM,Monday,Warden stn,Late Leaving Garage,5,10,nb,7832
2017/01/09,57,3:08:00 PM,Monday,Steeles and Silver Star,Late Leaving Garage,8,16,SB,7713
2017/01/09,111,3:15:00 PM,Monday,Kipling Stn,Mechanical,10,20,n/b,7938
2017/01/09,72,3:15:00 PM,Monday,Front and Bay,Late Leaving Garage,14,28,EB,7756
2017/01/09,116,3:16:00 PM,Monday,Morningside & Ellesmere,Investigation,22,44,WB,7439
2017/01/09,32,3:21:00 PM,Monday,Skymark and explore,Mechanical,8,17,eb,1582
2017/01/09,68,3:23:00 PM,Monday,Warden and Metropolitan,Mechanical,10,20,NB,7549
2017/01/09,68,3:25:00 PM,Monday,Warden and Fairfax,Late Leaving Garage,10,20,SB,7423
2017/01/09,24,3:26:00 PM,Monday,Victoria Park Station,Late Leaving Garage,17,37,NB,7723
2017/01/09,102,3:27:00 PM,Monday,Warden Stn,Late Leaving Garage,5,10,nb,
2017/01/09,111,3:30:00 PM,Monday,kipling Stn,Mechanical,10,20,n/b,7904
2017/01/09,87,3:32:00 PM,Monday,Main Station,Utilized Off Route,5,10,W,8142
2017/01/09,60,3:33:00 PM,Monday,Finch Station,Mechanical,17,14,W,8608
2017/01/09,24,3:34:00 PM,Monday,Victoria Park Station,Late Leaving Garage,9,17,BW,
2017/01/09,24,3:34:00 PM,Monday,Victoria Park & Steeles,Late Leaving Garage,8,17,SB,
2017/01/09,70,3:35:00 PM,Monday,Coxwell station,Mechanical,8,19,dn,7631
2017/01/09,100,3:35:00 PM,Monday,Broadview STN,Mechanical,5,11,NB,7624
2017/01/09,11,3:35:00 PM,Monday,Davisville stn,Mechanical,9,18,N,8191
2017/01/09,51,3:36:00 PM,Monday,Townsend and Freshmeadow,Mechanical,10,28,s,8358
2017/01/09,31,3:36:00 PM,Monday,Queen & Liang,Diversion,20,30,SB,7773
2017/01/09,37,3:38:00 PM,Monday,humber loop,Mechanical,18,36,s/b,8008
2017/01/09,91,3:38:00 PM,Monday,Woodbine Station,Mechanical,14,28,N,8128
2017/01/09,35,3:40:00 PM,Monday,JNST,Late Leaving Garage,15,30,N,1004
2017/01/09,53,3:40:00 PM,Monday,Morningside and Staines,Late Leaving Garage,9,24,wb,9084
2017/01/09,24,3:43:00 PM,Monday,Victoria Park & Steeles,Late Leaving Garage,9,17,SB,7873
2017/01/09,5,3:44:00 PM,Monday,Queenspark circle,Utilized Off Route,16,32,N,8387
2017/01/09,780,3:46:00 PM,Monday,Kenendy Station,Mechanical,1,1,WB,7553
2017/01/09,131,3:48:00 PM,Monday,STC,Mechanical,8,17,SB,1137
2017/01/09,199,3:48:00 PM,Monday,Finch Station,Late Leaving Garage,12,24,E,1276
2017/01/09,123,3:51:00 PM,Monday,kipling Stn,Mechanical,16,32,s/b,8009
2017/01/09,34,3:52:00 PM,Monday,Eglinton Ave E and Hakimi Ave,Investigation,4,8,WB,7596
2017/01/09,11,3:59:00 PM,Monday,Davisville Stn,Utilized Off Route,8,17,n,8194
2017/01/09,86,4:00:00 PM,Monday,86 Scarborough Route,General Delay,10,28,BW,
2017/01/09,116,4:00:00 PM,Monday,116 Moriningside Route,General Delay,6,18,BW,
2017/01/09,35,4:00:00 PM,Monday,JSTE,Mechanical,10,20,S,8514
2017/01/09,198,4:00:00 PM,Monday,198 Scarborough Express,General Delay,10,30,BW,
2017/01/09,144,4:01:00 PM,Monday,Eglinton Yard,Late Leaving Garage,1,1,OB,7615
2017/01/09,45,4:02:00 PM,Monday,Steeles loop,Mechanical,14,17,n/b,
2017/01/09,129,4:03:00 PM,Monday,Steele's Avenue East at McCowan Road,Mechanical,17,34,SB,1728
2017/01/09,88,4:04:00 PM,Monday,Thorncliffe Park,Mechanical,7,14,Eb,1667
2017/01/09,45,4:06:00 PM,Monday,Kipling stn,Investigation,8,14,n/b,8055
2017/01/09,129,4:07:00 PM,Monday,Steele's Avenue East and McCowan Road Loop,Mechanical,5,13,sb,1077
2017/01/09,85,4:11:00 PM,Monday,Midland,Mechanical,13,25,WB,9061
2017/01/09,89,4:15:00 PM,Monday,Keele and St Clair,Mechanical,7,14,n/b,1074
2017/01/09,72,4:22:00 PM,Monday,Commissioners and Carlaw,Mechanical,14,28,EB,7756
2017/01/09,85,4:40:00 PM,Monday,Don Mills Stn,Utilized Off Route,12,25,WB,9061
2017/01/09,107,4:47:00 PM,Monday,Steeles,Mechanical,12,23,n,1815
2017/01/09,87,4:54:00 PM,Monday,Main Station,Utilized Off Route,6,12,W,7852
2017/01/09,188,5:00:00 PM,Monday,Route 188 Kipling S Express,General Delay,10,25,b/w,
2017/01/09,37,5:06:00 PM,Monday,Islington Stn,Mechanical,10,20,n/b,7932
2017/01/09,94,5:06:00 PM,Monday,Castlefrank Station,Utilized Off Route,15,30,W,7740
2017/01/09,24,5:07:00 PM,Monday,Victoria Park Station 24E Branch,Utilized Off Route,8,17,BW,7748
2017/01/09,102,5:15:00 PM,Monday,Warden Stn,Utilized Off Route,10,20,N,7746
2017/01/09,21,5:17:00 PM,Monday,Midland and Eglinton,Mechanical,11,22,EB,7836
2017/01/09,32,5:20:00 PM,Monday,Pine and Lawrence W,Mechanical,8,17,nb,1630
2017/01/09,86,5:29:00 PM,Monday,Muirbank & Meadowvale,Mechanical,14,14,WB,7438
2017/01/09,196,5:36:00 PM,Monday,Downsview stn,Mechanical,6,12,e,1808
2017/01/09,199,5:40:00 PM,Monday,Finch Station,Mechanical,8,12,E,1731
2017/01/09,90,5:52:00 PM,Monday,St.Clair west station,Investigation,5,10,W,8331
2017/01/09,36,5:54:00 PM,Monday,Finch / Albion,Investigation,7,14,W,9103
2017/01/09,29,6:02:00 PM,Monday,Dufferin and Tycos,Mechanical,5,10,N/B,9024
2017/01/09,25,6:05:00 PM,Monday,Don Mills & York Mills,General Delay,1,1,SB,
2017/01/09,26,6:26:00 PM,Monday,Dupont St.,Mechanical,13,27,W/B,1032
2017/01/09,165,6:31:00 PM,Monday,Weston and Sheppard,Investigation,6,24,N,1298
2017/01/09,90,6:37:00 PM,Monday,St.Clair west station,Investigation,5,10,W,8383
2017/01/09,29,6:42:00 PM,Monday,Princess Gate,Mechanical,5,9,N/B,9014
2017/01/09,129,6:48:00 PM,Monday,Scarborough Town Center RT Station,Mechanical,5,14,NB,1275
2017/01/09,192,7:00:00 PM,Monday,Kipling stn,Late Leaving Garage,10,20,n/b,8089
2017/01/09,95,7:10:00 PM,Monday,Sheppard Ave.,Mechanical,10,20,S,8459
2017/01/09,29,7:50:00 PM,Monday,Dufferin St. and King ST. W,Mechanical,6,11,N/B,1823
2017/01/09,102,7:56:00 PM,Monday,St. Clair and Santa Monica,Mechanical,20,30,n,7746
2017/01/09,46,8:03:00 PM,Monday,KPSN - Kipling station,Investigation,17,34,N,1236
2017/01/09,106,8:55:00 PM,Monday,Keele and Shepperd,Mechanical,17,34,N/B,8604
2017/01/09,53,9:13:00 PM,Monday,Steele's Avenue East at Maxome Avenue,Investigation,16,36,EB,1773
2017/01/09,53,9:13:00 PM,Monday,Steele's Avenue East at Henderson Avenue,Mechanical,4,9,NB,1090
2017/01/09,42,9:13:00 PM,Monday,Mcnicoll/ Dynamic,Mechanical,22,44,w/b,8210
2017/01/09,59,9:53:00 PM,Monday,Church & Jane,Mechanical,17,47,E,8447
2017/01/09,94,10:30:00 PM,Monday,Castlefrank Stn,Utilized Off Route,10,20,W,7858
2017/01/10,196,12:12:00 AM,Tuesday,Downsview Stn,Utilized Off Route,10,20,NB,1511
2017/01/10,52,12:15:00 AM,Tuesday,Lawrence West Station,Mechanical,18,36,W/B,1626
2017/01/10,7,12:20:00 AM,Tuesday,Bathurst Stn,Mechanical,10,20,NB,9047
2017/01/10,7,12:30:00 AM,Tuesday,Bathurst Stn,Utilized Off Route,10,20,NB,9048
2017/01/10,43,12:50:00 AM,Tuesday,Kennedy stn,Investigation,10,20,Up,7690
2017/01/10,300,1:35:00 AM,Tuesday,KPSTN,Mechanical,10,1,E,8410
2017/01/10,63,1:46:00 AM,Tuesday,Ossington Station,Utilized Off Route,10,20,N/B,1639
2017/01/10,300,2:44:00 AM,Tuesday,KENN,Utilized Off Route,20,40,W,8070
2017/01/10,300,3:01:00 AM,Tuesday,Bloor and Church,Diversion,38,58,W,7665
2017/01/10,300,3:25:00 AM,Tuesday,Danforth and Linsmore,Diversion,71,91,E,8006
2017/01/10,300,3:39:00 AM,Tuesday,KENN,Utilized Off Route,5,20,W,7459
2017/01/10,36,4:23:00 AM,Tuesday,Humberwood Loop,Mechanical,7,15,E/B,9123
2017/01/10,35,4:41:00 AM,Tuesday,Jane and Steeles,Mechanical,10,20,S/b,8556
2017/01/10,25,4:51:00 AM,Tuesday,Pape Station,Mechanical,7,14,NB,7673
2017/01/10,25,5:05:00 AM,Tuesday,Pape Station,Mechanical,15,30,NB,7411
2017/01/10,87,5:17:00 AM,Tuesday,MAIN STATION,Late Leaving Garage,5,10,W,7790
2017/01/10,30,5:30:00 AM,Tuesday,Lakeshore/Ellis,Mechanical,20,40,W,8034
2017/01/10,47,5:32:00 AM,Tuesday,Yorkdale mall,Late Leaving Garage,18,58,S/B,1578
2017/01/10,38,5:42:00 AM,Tuesday,Rouge Hill Go Station,Late Leaving Garage,15,30,w,1779
2017/01/10,39,5:45:00 AM,Tuesday,Finch Station to Old Finch/Valley Centre Dr,General Delay,8,18,B/W,
2017/01/10,100,5:47:00 AM,Tuesday,Eglinton yard,Mechanical,1,1,ob,7457
2017/01/10,79,5:50:00 AM,Tuesday,Pine and Law,Late Leaving Garage,10,20,s,1643
2017/01/10,25,5:52:00 AM,Tuesday,Pape Station,Mechanical,8,16,NB,7512
2017/01/10,69,5:52:00 AM,Tuesday,birchmount and danforth,Late Leaving Garage,1,18,sb,8124
2017/01/10,52,5:54:00 AM,Tuesday,Royal York and Dixon,Investigation,4,12,e,1555
2017/01/10,199,5:57:00 AM,Tuesday,Scar Town Centre Station,Late Leaving Garage,12,24,W,1707
2017/01/10,125,5:57:00 AM,Tuesday,Bathurst and Antibes,Late Leaving Garage,15,30,w,1822
2017/01/10,17,5:59:00 AM,Tuesday,warden stn,Late Leaving Garage,6,12,nb,7744
2017/01/10,127,6:00:00 AM,Tuesday,Davenport and Caledonia park,Diversion,180,200,b/w,1405
2017/01/10,6,6:00:00 AM,Tuesday,entire route,General Delay,10,10,BW,
2017/01/10,26,6:00:00 AM,Tuesday,entire route,General Delay,9,9,BW,
2017/01/10,63,6:00:00 AM,Tuesday,entire rotue,General Delay,8,8,BW,
2017/01/10,199,6:00:00 AM,Tuesday,York University Loop to Morningside/Nightstar,General Delay,10,23,B/W,
2017/01/10,63,6:02:00 AM,Tuesday,Eglinton west station,Mechanical,8,21,SB,1624
2017/01/10,161,6:05:00 AM,Tuesday,Jane and Alliance,Mechanical,11,22,W,1565
2017/01/10,34,6:05:00 AM,Tuesday,Kennedy Stn,Mechanical,4,8,W,7588
2017/01/10,199,6:05:00 AM,Tuesday,Scar Town Centre Station,Late Leaving Garage,3,11,W,1104
2017/01/10,191,6:06:00 AM,Tuesday,Royal crest,Late Leaving Garage,5,10,Sb,8526
2017/01/10,87,6:12:00 AM,Tuesday,Main Station,Mechanical,5,10,WB,7858
2017/01/10,56,6:12:00 AM,Tuesday,Brentcliffe,Utilized Off Route,12,24,s,8363
2017/01/10,79,6:13:00 AM,Tuesday,Pine and Lawrence,Late Leaving Garage,10,20,S,1590
2017/01/10,43,6:15:00 AM,Tuesday,Kennedy stn,Mechanical,5,10,nb,7495
2017/01/10,21,6:15:00 AM,Tuesday,Scarborough Centre Station,Late Leaving Garage,10,20,S,7770
2017/01/10,69,6:15:00 AM,Tuesday,Sadler and danforth,Mechanical,6,12,sb,7806
2017/01/10,52,6:17:00 AM,Tuesday,Royal York and Dixon,Late Leaving Garage,3,6,e,1617
2017/01/10,95,6:18:00 AM,Tuesday,Malvern Garage,Late Leaving Garage,7,12,WB,1216
2017/01/10,57,6:22:00 AM,Tuesday,Kennedy Station,Mechanical,8,16,N,7834
2017/01/10,53,6:23:00 AM,Tuesday,Markham Rd and Passmore,Late Leaving Garage,5,10,w,9097
2017/01/10,95,6:26:00 AM,Tuesday,Malvern Garage,Late Leaving Garage,8,17,WB,1147
2017/01/10,29,6:28:00 AM,Tuesday,Dufferin and Bloor,Mechanical,9,18,n,9014
2017/01/10,113,6:32:00 AM,Tuesday,MAIN STATION,Mechanical,13,26,E,7752
2017/01/10,71,6:34:00 AM,Tuesday,Weston and Eglinton,Mechanical,19,38,N/B,1593
2017/01/10,36,6:38:00 AM,Tuesday,Finch station,Late Leaving Garage,12,24,w,8452
2017/01/10,98,6:40:00 AM,Tuesday,Sheppard Station,Late Leaving Garage,20,40,N,1347
2017/01/10,53,6:43:00 AM,Tuesday,Markham and Passmore,Late Leaving Garage,5,10,w,1247
2017/01/10,75,6:44:00 AM,Tuesday,Jarvis na Queens Quay,Mechanical,9,18,n/b,1828
2017/01/10,102,6:47:00 AM,Tuesday,warden stn,Late Leaving Garage,10,20,nb,7800
2017/01/10,109,6:50:00 AM,Tuesday,Lawrence West stn,Mechanical,22,39,s/b,1801
2017/01/10,51,6:53:00 AM,Tuesday,Eglinton Station,Late Leaving Garage,16,32,N,8159
2017/01/10,102,6:57:00 AM,Tuesday,warden stn,Late Leaving Garage,10,20,NB,7806
2017/01/10,52,7:00:00 AM,Tuesday,The westway and Brampton,Mechanical,12,24,w,1600
2017/01/10,133,7:00:00 AM,Tuesday,Morningside and Staines,General Delay,10,20,BW,
2017/01/10,56,7:00:00 AM,Tuesday,Leaside route,General Delay,7,15,BW,
2017/01/10,54,7:00:00 AM,Tuesday,Eglinton stn to the Star Spray Loop,General Delay,25,40,bw,
2017/01/10,5,7:00:00 AM,Tuesday,Avenue Rd S,General Delay,15,22,BW,
2017/01/10,168,7:00:00 AM,Tuesday,entire route,General Delay,5,30,b/w,
2017/01/10,61,7:00:00 AM,Tuesday,Avenue rd N,General Delay,10,15,BW,
2017/01/10,129,7:00:00 AM,Tuesday,Major Mackenzie-STC,General Delay,15,30,BW,
2017/01/10,109,7:00:00 AM,Tuesday,Neptune to Eglinton west stn,General Delay,15,35,b/w,
2017/01/10,11,7:00:00 AM,Tuesday,Bayview Route,General Delay,10,17,BW,
2017/01/10,160,7:00:00 AM,Tuesday,Bath. And Clark to Wilson stn,General Delay,15,35,b/w,
2017/01/10,51,7:00:00 AM,Tuesday,leslie route,General Delay,15,20,BW,
2017/01/10,73,7:00:00 AM,Tuesday,entire route,General Delay,15,45,b/w,
2017/01/10,90,7:00:00 AM,Tuesday,Oakwood and vaughan to St.Clair west stn,General Delay,15,19,b/w,
2017/01/10,97,7:02:00 AM,Tuesday,Yorkmills Station,Utilized Off Route,30,60,S,8352
2017/01/10,102,7:02:00 AM,Tuesday,warden stn,Late Leaving Garage,20,40,nb,8170
2017/01/10,60,7:07:00 AM,Tuesday,Finch Station,Late Leaving Garage,7,14,W,8605
2017/01/10,199,7:09:00 AM,Tuesday,Scar Town Centre Station,Mechanical,7,11,W,1737
2017/01/10,102,7:12:00 AM,Tuesday,ELLESEMERE AND MARKHAM RD.,Mechanical,10,20,NB,8156
2017/01/10,38,7:15:00 AM,Tuesday,STC-Rouge Hill Go,General Delay,8,19,BW,
2017/01/10,28,7:20:00 AM,Tuesday,Davisville stn,Late Leaving Garage,20,40,E,1819
2017/01/10,54,7:21:00 AM,Tuesday,Eglinton stn,Mechanical,4,9,eb,7596
2017/01/10,188,7:22:00 AM,Tuesday,Kipling Stn,Mechanical,7,15,s,8014
2017/01/10,32,7:22:00 AM,Tuesday,Eglinton West Station,Mechanical,6,11,E/B,1567
2017/01/10,14,7:30:00 AM,Tuesday,Glencairn route,General Delay,3,20,BW,1
2017/01/10,79,7:30:00 AM,Tuesday,Scarlett route,General Delay,5,15,BW,1
2017/01/10,102,7:30:00 AM,Tuesday,ON ROUTE,General Delay,28,1,BW,
2017/01/10,161,7:30:00 AM,Tuesday,Rogers route,General Delay,4,15,BW,1
2017/01/10,190,7:30:00 AM,Tuesday,Don Mills Station,Mechanical,6,14,EB,7677
2017/01/10,52,7:30:00 AM,Tuesday,Westwood mall to Lawrence stn,General Delay,15,20,b/w,
2017/01/10,47,7:30:00 AM,Tuesday,Lansdowne route,General Delay,8,20,BW,1
2017/01/10,85,7:30:00 AM,Tuesday,Sheppard Station to Rouge Hill Go Station,General Delay,29,18,b/w,
2017/01/10,54,7:40:00 AM,Tuesday,Lawrence rt,Mechanical,6,12,eb,7405
2017/01/10,196,7:42:00 AM,Tuesday,Downsview Stn,Utilized Off Route,5,7,W/B,8306
2017/01/10,196,7:44:00 AM,Tuesday,Downsview,Mechanical,2,7,W/B,8394
2017/01/10,52,7:45:00 AM,Tuesday,Jane and Lawrence,Investigation,3,6,e,1073
2017/01/10,131,7:45:00 AM,Tuesday,Kennedy Station - Morningvier Trail & Old Finch,General Delay,12,20,B/W's,
2017/01/10,132,7:45:00 AM,Tuesday,Scarborough Town Centre to Hupfield and Sewells,General Delay,18,12,b/w,
2017/01/10,95,7:45:00 AM,Tuesday,York Mills Station to Kingston Loop B/W's,General Delay,32,39,B/W's,
2017/01/10,9,8:00:00 AM,Tuesday,on route,General Delay,1,1,bw,
2017/01/10,122,8:00:00 AM,Tuesday,York Mills to Fenelon loop,General Delay,30,40,b/w,
2017/01/10,115,8:00:00 AM,Tuesday,York Mills to Bannatyne,General Delay,20,30,b/w,
2017/01/10,24,8:00:00 AM,Tuesday,VICTORIA PARK ROUTE,General Delay,10,1,BW,
2017/01/10,105,8:00:00 AM,Tuesday,Downsview Stn,General Delay,15,30,B/W,
2017/01/10,94,8:00:00 AM,Tuesday,WELLESLEY ROUTE,General Delay,10,1,BW,
2017/01/10,89,8:00:00 AM,Tuesday,Entire Route,General Delay,8,16,BW,
2017/01/10,60,8:00:00 AM,Tuesday,Entire 60 Steeles West Route,General Delay,8,18,B/W,
2017/01/10,17,8:00:00 AM,Tuesday,on route,General Delay,1,1,BW,
2017/01/10,133,8:11:00 AM,Tuesday,Neilson and Crow Trail,Investigation,10,20,NB,1314
2017/01/10,190,8:16:00 AM,Tuesday,STC,Mechanical,7,14,WB,7665
2017/01/10,121,8:28:00 AM,Tuesday,Fort York route,General Delay,18,23,BW,7717
2017/01/10,62,8:30:00 AM,Tuesday,Mortimer route,General Delay,8,23,BW,8150
2017/01/10,143,8:30:00 AM,Tuesday,Downtown - Beach Route,General Delay,10,14,BW,
2017/01/10,81,8:30:00 AM,Tuesday,Thorncliffe Park Route,General Delay,10,13,BW,
2017/01/10,57,8:30:00 AM,Tuesday,Midland Route,General Delay,10,13,BW,
2017/01/10,83,8:30:00 AM,Tuesday,Jones route,General Delay,22,32,BW,7703
2017/01/10,190,8:30:00 AM,Tuesday,190 Route,General Delay,15,20,BW,
2017/01/10,12,8:30:00 AM,Tuesday,Kingston Road Route,General Delay,14,18,BW,
2017/01/10,91,8:30:00 AM,Tuesday,Woodbine north route,General Delay,22,32,BW,7742
2017/01/10,21,8:30:00 AM,Tuesday,Brimley Route,General Delay,12,16,BW,
2017/01/10,129,8:34:00 AM,Tuesday,HWY#7 and McCowan,Mechanical,15,30,NB,9058
2017/01/10,121,8:40:00 AM,Tuesday,Bathurst and Strachan,Mechanical,15,30,WB,8168
2017/01/10,51,8:45:00 AM,Tuesday,Eglinton station,Mechanical,16,32,N,8159
2017/01/10,102,8:48:00 AM,Tuesday,centenial college,Mechanical,10,20,sb,8156
2017/01/10,5,8:52:00 AM,Tuesday,Avenue Rd and Edmund,Mechanical,12,24,N,8175
2017/01/10,196,8:52:00 AM,Tuesday,Downsview Stn,Investigation,28,56,W/B,8306
2017/01/10,104,8:52:00 AM,Tuesday,Downsview Stn,Investigation,14,28,W/B,1790
2017/01/10,95,8:56:00 AM,Tuesday,Scarborough UFT College Loop,Utilized Off Route,9,18,WB,1220
2017/01/10,95,8:59:00 AM,Tuesday,Scarborough UFT College Loop,Utilized Off Route,9,18,WB,1208
2017/01/10,45,9:00:00 AM,Tuesday,Kipling / Rexdale,General Delay,20,26,s,8431
2017/01/10,30,9:00:00 AM,Tuesday,Dundas / Scarlett,General Delay,15,35,e,8070
2017/01/10,95,9:00:00 AM,Tuesday,UFT College Loop,Utilized Off Route,9,18,WB,1754
2017/01/10,49,9:00:00 AM,Tuesday,Bloor / East mall,General Delay,10,18,e,7906
2017/01/10,112,9:00:00 AM,Tuesday,West mall /Burnhamthorpe,General Delay,20,42,n,8417
2017/01/10,35,9:06:00 AM,Tuesday,From Steeles to Jane Stn,General Delay,5,10,B/W,8469
2017/01/10,190,9:07:00 AM,Tuesday,Victoria Park and Sheppard,Investigation,6,12,EB,7412
2017/01/10,195,9:07:00 AM,Tuesday,York University to Jane stn,General Delay,10,20,B/W,8479
2017/01/10,95,9:09:00 AM,Tuesday,York Mills Station,Utilized Off Route,9,18,EB,1147
2017/01/10,192,9:15:00 AM,Tuesday,Hwy 427,General Delay,10,23,n,8008
2017/01/10,54,9:17:00 AM,Tuesday,Lawrence ave Barrymore ave,Investigation,6,12,eb,7605
2017/01/10,95,9:22:00 AM,Tuesday,York Mills Station,Utilized Off Route,1,1,EB,1214
2017/01/10,95,9:30:00 AM,Tuesday,York Mills Station,Utilized Off Route,1,1,EB,1704
2017/01/10,54,9:34:00 AM,Tuesday,Lawrence Carnforth rd,Investigation,6,12,wb,7510
2017/01/10,54,9:35:00 AM,Tuesday,Lawrence ave Carnforth rd,Investigation,6,12,wb,7623
2017/01/10,38,9:36:00 AM,Tuesday,Military Trail and Ellesmere,Investigation,13,25,EB,1115
2017/01/10,36,9:56:00 AM,Tuesday,Arrow,Mechanical,5,10,w,9108
2017/01/10,199,10:04:00 AM,Tuesday,Finch Station,Mechanical,4,12,E,1788
2017/01/10,69,10:29:00 AM,Tuesday,warden stn,Mechanical,11,22,sb,7818
2017/01/10,53,10:33:00 AM,Tuesday,Steeles Ave and Shadlock,Investigation,5,10,w,1738
2017/01/10,39,10:47:00 AM,Tuesday,Scar Town Centre Station,Mechanical,6,21,E,1260
2017/01/10,110,10:49:00 AM,Tuesday,Islington Station,Mechanical,18,36,S,8401
2017/01/10,196,10:55:00 AM,Tuesday,Downsview stn,Utilized Off Route,3,6,n,8200
2017/01/10,199,11:36:00 AM,Tuesday,Scar Town Centre Station,Mechanical,4,12,W,1743
2017/01/10,110,11:46:00 AM,Tuesday,Islington at Evans,Mechanical,20,40,N,7962
2017/01/10,36,12:15:00 PM,Tuesday,Finch and Islington Ave`,Emergency Services,5,11,W/B,9103
2017/01/10,25,12:17:00 PM,Tuesday,Freshmeadow and Don Mills,Mechanical,7,14,SB,7653
2017/01/10,64,12:25:00 PM,Tuesday,Main Station,Mechanical,10,20,NB,8106
2017/01/10,199,12:40:00 PM,Tuesday,Finch - Warden,Mechanical,12,24,E,1742
2017/01/10,34,12:42:00 PM,Tuesday,Kennedy STN,Mechanical,7,14,W,7438
2017/01/10,185,12:47:00 PM,Tuesday,Don Mills and Freshmeadow,Mechanical,7,14,SB,7524
2017/01/10,35,1:00:00 PM,Tuesday,JNST to JSTE and POJA,General Delay,7,14,B/W,
2017/01/10,195,1:00:00 PM,Tuesday,JNST to COMMONS,General Delay,10,20,B/W,
2017/01/10,115,1:05:00 PM,Tuesday,Yonge and Hedgewood,Diversion,60,80,e,1574
2017/01/10,89,1:10:00 PM,Tuesday,Weston / Ray,Mechanical,7,14,s,1510
2017/01/10,75,1:12:00 PM,Tuesday,Queen Quay and Lower jarvis,Mechanical,7,14,n/b,8391
2017/01/10,85,1:14:00 PM,Tuesday,Sheppard @ Rainbow Ridge,Mechanical,26,52,E,9079
2017/01/10,48,1:43:00 PM,Tuesday,RATHBURN AND COTTRELLE GATE,Investigation,22,44,W/B,8427
2017/01/10,76,1:52:00 PM,Tuesday,ROYAL YORK STN,Utilized Off Route,9,16,s/b,8049
2017/01/10,709,1:53:00 PM,Tuesday,Eglinton Stn.,Utilized Off Route,1,1,wb,1045
2017/01/10,87,1:57:00 PM,Tuesday,Main Station,Utilized Off Route,10,20,WB,7867
2017/01/10,24,2:00:00 PM,Tuesday,,General Delay,1,1,b/w,
2017/01/10,29,2:00:00 PM,Tuesday,Springhurst Loop,Utilized Off Route,4,8,n,8333
2017/01/10,43,2:00:00 PM,Tuesday,43-Kennedy Route,General Delay,17,23,BW,
2017/01/10,32,2:10:00 PM,Tuesday,Kipling and Eglinton,Mechanical,9,18,eb,1345
2017/01/10,709,2:14:00 PM,Tuesday,Eglinton and Avenue Road,Utilized Off Route,1,1,wb,1045
2017/01/10,57,2:16:00 PM,Tuesday,Dorcot and Midland,Mechanical,12,24,NB,7878
2017/01/10,29,2:17:00 PM,Tuesday,Springhurst Loop,Utilized Off Route,4,8,n,8333
2017/01/10,709,2:20:00 PM,Tuesday,Eglinton West Stn.,Utilized Off Route,1,1,wb,1587
2017/01/10,39,2:21:00 PM,Tuesday,Markham and Finch,Diversion,176,195,W,1716
2017/01/10,43,2:27:00 PM,Tuesday,Kennedy Station,Mechanical,10,20,WB,7627
2017/01/10,5,2:30:00 PM,Tuesday,Davenport to Eglinton Stn,General Delay,12,24,b,
2017/01/10,102,2:30:00 PM,Tuesday,on route,General Delay,1,1,bw,
2017/01/10,61,2:30:00 PM,Tuesday,Eglinton Stn to Bombay Loop,General Delay,13,20,b,
2017/01/10,16,2:30:00 PM,Tuesday,on route,General Delay,1,1,bw,
2017/01/10,105,2:31:00 PM,Tuesday,Downsview stn,Mechanical,12,24,n,8344
2017/01/10,65,2:36:00 PM,Tuesday,Catlefrank Station,Late Leaving Garage,9,18,s,7730
2017/01/10,198,2:36:00 PM,Tuesday,Kingston/Lawrence,Investigation,10,20,NB,7508
2017/01/10,116,2:39:00 PM,Tuesday,Kennedy station,Late Leaving Garage,20,40,NB,7665
2017/01/10,107,2:39:00 PM,Tuesday,St Bassil,Mechanical,7,14,n,8374
2017/01/10,81,2:43:00 PM,Tuesday,Pape Station,Late Leaving Garage,7,14,NB,8170
2017/01/10,12,2:43:00 PM,Tuesday,Victoria Park Station,Late Leaving Garage,14,28,EB,8144
2017/01/10,196,2:44:00 PM,Tuesday,Downsview stn,Utilized Off Route,3,6,n,8324
2017/01/10,12,2:45:00 PM,Tuesday,Kingston Road Route,General Delay,20,40,BW,
2017/01/10,57,2:45:00 PM,Tuesday,Midland Avenue Route,General Delay,8,16,BW,
2017/01/10,20,2:48:00 PM,Tuesday,,Mechanical,14,28,N/B,
2017/01/10,32,2:48:00 PM,Tuesday,Marshal Mcluhan H. S.,Late Leaving Garage,8,17,eb,1571
2017/01/10,57,2:48:00 PM,Tuesday,Dorcot and Midland,Mechanical,8,16,SB,7782
2017/01/10,191,2:50:00 PM,Tuesday,Martin Grove and Albion,Mechanical,6,12,S/B,8448
2017/01/10,35,2:53:00 PM,Tuesday,SJAN,Late Leaving Garage,7,14,N,1395
2017/01/10,87,2:53:00 PM,Tuesday,Braodview Station,Late Leaving Garage,6,12,E,7778
2017/01/10,32,2:55:00 PM,Tuesday,Jane / Wright,Investigation,10,18,wb,1644
2017/01/10,122,2:55:00 PM,Tuesday,Yorkmills and Old Yonge,Diversion,60,76,e,8203
2017/01/10,14,2:55:00 PM,Tuesday,Mount Dennis to Calendonia/Glencairn,Late Leaving Garage,20,40,eb,1649
2017/01/10,100,3:00:00 PM,Tuesday,Broadview STN to Don Mills and Eglinton,General Delay,16,11,B/W,
2017/01/10,90,3:00:00 PM,Tuesday,Vaughan road route,General Delay,15,18,B,
2017/01/10,65,3:00:00 PM,Tuesday,Castlefrank Station to Queen,General Delay,8,10,BW,8108
2017/01/10,41,3:00:00 PM,Tuesday,Entire route,General Delay,30,1,BW,
2017/01/10,23,3:00:00 PM,Tuesday,Main Station to Rexleigh,General Delay,10,12,BW,
2017/01/10,116,3:00:00 PM,Tuesday,On Route,General Delay,20,30,Bw,
2017/01/10,34,3:00:00 PM,Tuesday,Eglinton Avenue East,General Delay,20,8,B/W,
2017/01/10,95,3:00:00 PM,Tuesday,DollyVarden and Ellesmere,Mechanical,13,28,WB,1321
2017/01/10,86,3:00:00 PM,Tuesday,On Route,General Delay,20,30,Bw,
2017/01/10,39,3:00:00 PM,Tuesday,Finch Stn to Old Finch,General Delay,25,44,BW,
2017/01/10,34,3:02:00 PM,Tuesday,Eglinton STN,Mechanical,4,8,E,7683
2017/01/10,16,3:04:00 PM,Tuesday,STC,Mechanical,9,18,sb,
2017/01/10,78,3:05:00 PM,Tuesday,Yorkmills and Hedgewood,Diversion,55,70,e,1810
2017/01/10,195,3:06:00 PM,Tuesday,JNST,Late Leaving Garage,10,20,N,8537
2017/01/10,95,3:06:00 PM,Tuesday,York Mills station,Diversion,8,31,E,1705
2017/01/10,129,3:06:00 PM,Tuesday,Malvern Garage,Late Leaving Garage,12,24,NB,1730
2017/01/10,117,3:07:00 PM,Tuesday,Downsview stn,Mechanical,11,22,n,1819
2017/01/10,196,3:10:00 PM,Tuesday,Sheppard stn / York U,General Delay,0,0,b/w,
2017/01/10,61,3:12:00 PM,Tuesday,Eglinton Station,Mechanical,12,24,W,1689
2017/01/10,190,3:15:00 PM,Tuesday,1900 Sheppard ave E,Mechanical,5,9,w,7525
2017/01/10,72,3:15:00 PM,Tuesday,Pape Station,Late Leaving Garage,14,28,EB,7781
2017/01/10,60,3:19:00 PM,Tuesday,Finch Station,Late Leaving Garage,13,26,W,8471
2017/01/10,64,3:20:00 PM,Tuesday,Cavendish and Southwood,Diversion,106,113,N,7745
2017/01/10,41,3:20:00 PM,Tuesday,Commons,Late Leaving Garage,14,29,sb,1431
2017/01/10,39,3:22:00 PM,Tuesday,McNicoll and Victoria Park,Late Leaving Garage,12,24,W,1118
2017/01/10,24,3:23:00 PM,Tuesday,steeles,Utilized Off Route,6,12,s/b,8114
2017/01/10,24,3:24:00 PM,Tuesday,vic park stn,Mechanical,12,24,n/b,
2017/01/10,35,3:25:00 PM,Tuesday,JNST,Late Leaving Garage,15,30,N,
2017/01/10,132,3:25:00 PM,Tuesday,Milner @ Neilson,Mechanical,12,25,W,1253
2017/01/10,102,3:27:00 PM,Tuesday,warden stn,Mechanical,9,18,nb,
2017/01/10,38,3:28:00 PM,Tuesday,STC to RHGO,General Delay,12,24,bw,
2017/01/10,133,3:28:00 PM,Tuesday,STC to Mofi,General Delay,11,22,BW,
2017/01/10,161,3:28:00 PM,Tuesday,Mount Dennis to Jane/Lambton,Late Leaving Garage,11,22,eb,1033
2017/01/10,76,3:30:00 PM,Tuesday,Royal York/Newcastle,Mechanical,5,10,N,8031
2017/01/10,199,3:30:00 PM,Tuesday,Finch and Markham,Diversion,110,122,W,1129
2017/01/10,25,3:30:00 PM,Tuesday,DonMills and Sheppard,Mechanical,6,12,11,7678
2017/01/10,91,3:30:00 PM,Tuesday,Woodbine Station to Yorkmills road,General Delay,10,12,BW,
2017/01/10,53,3:34:00 PM,Tuesday,VP-Steeles,Mechanical,5,11,eb,1717
2017/01/10,41,3:35:00 PM,Tuesday,Commons,Late Leaving Garage,15,29,sb,1408
2017/01/10,63,3:35:00 PM,Tuesday,Ossington Station,Mechanical,10,20,N,1576
2017/01/10,52,3:38:00 PM,Tuesday,Weston & Lawrence,Late Leaving Garage,17,33,w/b,1500
2017/01/10,196,3:43:00 PM,Tuesday,York University,Mechanical,2,4,s,1823
2017/01/10,52,3:43:00 PM,Tuesday,Weston & Lawrence,Late Leaving Garage,11,22,e/b,1650
2017/01/10,63,3:44:00 PM,Tuesday,Eglinton West Station,Late Leaving Garage,10,20,S,1565
2017/01/10,35,3:44:00 PM,Tuesday,JSTE,Late Leaving Garage,13,20,S,
2017/01/10,32,3:47:00 PM,Tuesday,Skymark Ave. & Explorer Dr.,Late Leaving Garage,9,17,eb,1022
2017/01/10,52,3:51:00 PM,Tuesday,Terminal # 1,Late Leaving Garage,10,26,e/b,1646
2017/01/10,52,3:54:00 PM,Tuesday,Lawrence West stn,Late Leaving Garage,11,22,w/b,1621
2017/01/10,11,3:59:00 PM,Tuesday,Davisville Stn,Utilized Off Route,7,15,n,8320
2017/01/10,87,4:00:00 PM,Tuesday,Broadview Station to Main Station,General Delay,8,10,BW,
2017/01/10,113,4:00:00 PM,Tuesday,Danforth,General Delay,1,1,B/W,
2017/01/10,132,4:00:00 PM,Tuesday,STC to Hupfield,General Delay,12,25,E/W,
2017/01/10,69,4:00:00 PM,Tuesday,Warden South route,General Delay,12,1,BW,
2017/01/10,135,4:00:00 PM,Tuesday,Gerrard Route,General Delay,20,1,BW,
2017/01/10,9,4:00:00 PM,Tuesday,Bellamy Route,General Delay,20,1,BW,
2017/01/10,17,4:00:00 PM,Tuesday,Brichmount Route,General Delay,16,1,BW,
2017/01/10,55,4:00:00 PM,Tuesday,Entire route,General Delay,20,1,BW,
2017/01/10,74,4:03:00 PM,Tuesday,St.Clair Station,Late Leaving Garage,20,40,NB,1801
2017/01/10,134,4:05:00 PM,Tuesday,STC SRT,Mechanical,5,10,eb,1112
2017/01/10,162,4:05:00 PM,Tuesday,lawrence Station,Mechanical,30,60,EB,8305
2017/01/10,89,4:10:00 PM,Tuesday,Keele stn entrance,Investigation,7,14,sb,1053
2017/01/10,191,4:10:00 PM,Tuesday,Martin Grove and Albion,Diversion,6,12,n/b,8452
2017/01/10,67,4:10:00 PM,Tuesday,Pharmacy and Dewey,Mechanical,10,20,S,7564
2017/01/10,801,4:19:00 PM,Tuesday,Wilson Station,Utilized Off Route,1,1,s,8390
2017/01/10,801,4:19:00 PM,Tuesday,Wilson Station,Utilized Off Route,1,1,s,1701
2017/01/10,771,4:19:00 PM,Tuesday,Wilson Station,Utilized Off Route,1,1,S,1667
2017/01/10,16,4:20:00 PM,Tuesday,warden stn,Utilized Off Route,8,16,s/b,7833
2017/01/10,771,4:20:00 PM,Tuesday,Downsview stn,Utilized Off Route,0,0,s,1670
2017/01/10,63,4:20:00 PM,Tuesday,Eglinton Ave W at Oakwood Ave`,Utilized Off Route,10,20,S,1565
2017/01/10,54,4:20:00 PM,Tuesday,Eglinton and Leslie,Mechanical,10,20,WB,7599
2017/01/10,87,4:20:00 PM,Tuesday,Main Station,Utilized Off Route,10,20,W,8164
2017/01/10,771,4:20:00 PM,Tuesday,Downsview stn,Utilized Off Route,0,0,n,1375
2017/01/10,116,4:20:00 PM,Tuesday,Kennedy Station,Utilized Off Route,10,20,NB,7468
2017/01/10,6,4:20:00 PM,Tuesday,Sherbourne at Queens Quay.,Utilized Off Route,11,22,N,1353
2017/01/10,53,4:20:00 PM,Tuesday,Passmore and Markham Rd,Utilized Off Route,5,11,wb,1722
2017/01/10,75,4:21:00 PM,Tuesday,Bloor,Utilized Off Route,6,12,S,1559
2017/01/10,17,4:21:00 PM,Tuesday,Warden Stn,Mechanical,16,24,N,7847
2017/01/10,198,4:22:00 PM,Tuesday,Kennedy Station,Utilized Off Route,10,20,NB,7490
2017/01/10,32,4:23:00 PM,Tuesday,Emmett Av. / Hospital Roadway,Mechanical,8,16,wb,1350
2017/01/10,9,4:23:00 PM,Tuesday,Bellamy and Burnview,Investigation,16,32,S,7879
2017/01/10,100,4:24:00 PM,Tuesday,Gateway Blvd/Vendome,Diversion,7,17,up,7436
2017/01/10,131,4:24:00 PM,Tuesday,Kennedy station,Utilized Off Route,9,17,N,1107
2017/01/10,35,4:25:00 PM,Tuesday,Mt.Dennis,Utilized Off Route,15,30,S,1004
2017/01/10,35,4:25:00 PM,Tuesday,Mt. Dennis,Utilized Off Route,13,20,S,1360
2017/01/10,709,4:25:00 PM,Tuesday,Eglinton Stn.,Utilized Off Route,1,1,wb,1587
2017/01/10,191,4:25:00 PM,Tuesday,Kipling station,Utilized Off Route,6,12,n/b,7958
2017/01/10,133,4:25:00 PM,Tuesday,STC,Utilized Off Route,7,14,E,1782
2017/01/10,116,4:25:00 PM,Tuesday,Kennedy Station,Utilized Off Route,15,30,NB,7461
2017/01/10,39,4:27:00 PM,Tuesday,McCowan and Finch,Utilized Off Route,6,13,E,1220
2017/01/10,131,4:28:00 PM,Tuesday,Kennedy Station,Utilized Off Route,8,16,N,1208
2017/01/10,54,4:30:00 PM,Tuesday,Lawrance RT station,Utilized Off Route,10,20,EB,7639
2017/01/10,199,4:30:00 PM,Tuesday,Scarborough Town Centre,Utilized Off Route,8,12,N,1707
2017/01/10,43,4:30:00 PM,Tuesday,Kennedy station,Utilized Off Route,10,20,NB,7421
2017/01/10,52,4:30:00 PM,Tuesday,Lawrence stn,Utilized Off Route,11,22,e/b,1606
2017/01/10,709,4:30:00 PM,Tuesday,Eglinton West Stn.,Utilized Off Route,1,1,eb,1014
2017/01/10,124,4:30:00 PM,Tuesday,Lawrence Station,Mechanical,7,14,Eb,1799
2017/01/10,24,4:30:00 PM,Tuesday,vic park stn,Utilized Off Route,17,34,n/b,7754
2017/01/10,72,4:30:00 PM,Tuesday,Pape Station,Utilized Off Route,14,28,BW,7781
2017/01/10,36,4:31:00 PM,Tuesday,Finch Station,Utilized Off Route,7,15,W/B,9113
2017/01/10,11,4:33:00 PM,Tuesday,Davisville Stn,Utilized Off Route,8,15,n,8182
2017/01/10,32,4:35:00 PM,Tuesday,Weston Road and Ray,Utilized Off Route,9,8,WB,1530
2017/01/10,68,4:37:00 PM,Tuesday,Warden stn,Utilized Off Route,10,20,Up,7611
2017/01/10,56,4:40:00 PM,Tuesday,Donlands Stn,Mechanical,12,24,n,8363
2017/01/10,100,4:40:00 PM,Tuesday,Concorde pl,Mechanical,10,20,down,7494
2017/01/10,96,4:44:00 PM,Tuesday,York Mills Stn,Utilized Off Route,22,44,WB,8565
2017/01/10,60,4:44:00 PM,Tuesday,Finch Station,Utilized Off Route,8,16,W,1292
2017/01/10,32,4:45:00 PM,Tuesday,Eglinton Stn.,Utilized Off Route,10,18,WB,1630
2017/01/10,95,4:45:00 PM,Tuesday,ELLESMERE ROUTE(95),General Delay,20,40,B/W,1286
2017/01/10,116,4:46:00 PM,Tuesday,Kennedy Station,Utilized Off Route,10,20,NB,7539
2017/01/10,810,4:46:00 PM,Tuesday,Eglinton/Kennedy,Investigation,1,1,NB,7539
2017/01/10,186,4:47:00 PM,Tuesday,York Mills Stn,Utilized Off Route,11,21,WB,1243
2017/01/10,43,4:47:00 PM,Tuesday,North Service Rd and Eglinton,Investigation,10,20,WB,7404
2017/01/10,24,4:48:00 PM,Tuesday,ellsmere,Mechanical,26,52,n/b,7790
2017/01/10,131,4:48:00 PM,Tuesday,Nugget route (131),General Delay,10,20,B/W,1084
2017/01/10,68,4:49:00 PM,Tuesday,warden stn,Utilized Off Route,10,20,up,7611
2017/01/10,68,4:49:00 PM,Tuesday,Warden stn,Utilized Off Route,10,20,up,7472
2017/01/10,24,4:54:00 PM,Tuesday,VIC PARK AND STEELES,Utilized Off Route,8,16,n/b,8145
2017/01/10,73,5:00:00 PM,Tuesday,Royal York Station to Calireport at Albion,General Delay,20,40,BW,
2017/01/10,199,5:00:00 PM,Tuesday,York U to Nightstar and Morningside,General Delay,20,32,BW,
2017/01/10,129,5:00:00 PM,Tuesday,STC to MMRC,General Delay,17,34,BW,
2017/01/10,32,5:00:00 PM,Tuesday,Maxwell Ave. on Eglinton ave. west,Mechanical,9,17,wb,1022
2017/01/10,24,5:02:00 PM,Tuesday,vic park stn,Emergency Services,8,16,n/b,8131
2017/01/10,75,5:17:00 PM,Tuesday,Jarvis and Queens Quay,Mechanical,6,12,N,8337
2017/01/10,53,5:19:00 PM,Tuesday,Passmore and Markham Rd,Mechanical,5,10,wb,1231
2017/01/10,97,5:20:00 PM,Tuesday,Yonge/Yorkmills,Mechanical,30,60,Sb,1825
2017/01/10,162,5:30:00 PM,Tuesday,Lawrence Station,Mechanical,30,60,EB,1799
2017/01/10,67,5:30:00 PM,Tuesday,Pharmacy and Comstock,Mechanical,10,20,N,7564
2017/01/10,35,5:33:00 PM,Tuesday,Lambton,Investigation,7,14,N,8561
2017/01/10,54,5:34:00 PM,Tuesday,Lawrance and McCowan,Investigation,11,22,WB,7624
2017/01/10,98,5:35:00 PM,Tuesday,Willowdale/Steeles,Investigation,15,30,EB,8373
2017/01/10,102,5:36:00 PM,Tuesday,Centennial College,Mechanical,10,20,S,8156
2017/01/10,25,5:40:00 PM,Tuesday,DonMills and Lawrence,Mechanical,6,12,N,7698
2017/01/10,24,5:40:00 PM,Tuesday,ferncrest and vic park,Mechanical,8,16,n/b,7731
2017/01/10,190,5:45:00 PM,Tuesday,STC,Mechanical,4,9,w,7456
2017/01/10,69,5:47:00 PM,Tuesday,Warden and Danforth,Mechanical,10,20,N,7805
2017/01/10,98,5:50:00 PM,Tuesday,Willowdale/Steeles,Diversion,95,125,EB,8174
2017/01/10,87,5:57:00 PM,Tuesday,Gowan and Cosburn,Investigation,5,10,E,7840
2017/01/10,39,5:58:00 PM,Tuesday,Finch and Middlefield,Investigation,12,24,E,1827
2017/01/10,34,5:58:00 PM,Tuesday,Eglinton STN,Mechanical,4,8,E,7413
2017/01/10,32,6:00:00 PM,Tuesday,Eglinton Station,Mechanical,9,17,wb,1076
2017/01/10,192,6:05:00 PM,Tuesday,kipling stn,Late Leaving Garage,10,20,n/b,8002
2017/01/10,68,6:15:00 PM,Tuesday,Ellsmere/Warden,Mechanical,10,20,Down,7580
2017/01/10,14,6:15:00 PM,Tuesday,Glencairn and Calendonia,Mechanical,20,40,3,1013
2017/01/10,54,6:16:00 PM,Tuesday,Lawrance and McCowan,Diversion,12,23,WB,
2017/01/10,54,6:22:00 PM,Tuesday,Lawrance and Warden,Mechanical,11,22,WB,7657
2017/01/10,53,6:25:00 PM,Tuesday,Passmore and Markham Rd,Mechanical,6,11,wb,1759
2017/01/10,44,6:27:00 PM,Tuesday,Kipling / Evans,Mechanical,7,15,s/b,7913
2017/01/10,6,6:35:00 PM,Tuesday,Bedford Rd,Mechanical,10,20,S,1527
2017/01/10,77,6:52:00 PM,Tuesday,Lavinia Ave. on Morning side,Mechanical,9,22,sb,1659
2017/01/10,199,6:55:00 PM,Tuesday,Scarborough Town Centre,Mechanical,8,12,N,1116
2017/01/10,77,6:58:00 PM,Tuesday,Lavinia Ave. on Morning side,Diversion,9,22,bothways,
2017/01/10,54,6:59:00 PM,Tuesday,Lawrance RT station,Investigation,11,22,EB,7573
2017/01/10,9,7:15:00 PM,Tuesday,McCowan and Martindale,Investigation,16,31,S,7879
2017/01/10,87,7:27:00 PM,Tuesday,East York Acres,Diversion,388,398,W,7801
2017/01/10,89,7:40:00 PM,Tuesday,Lawrence and weston rd,Mechanical,8,17,nb,1053
2017/01/10,16,7:50:00 PM,Tuesday,Scarborough Town Centre,Mechanical,11,22,S,7777
2017/01/10,94,8:00:00 PM,Tuesday,Castlefrank Station,Utilized Off Route,9,18,W,8138
2017/01/10,112,8:09:00 PM,Tuesday,West Mall/Burnhamthorpe,Emergency Services,15,30,s/b,8052
2017/01/10,34,8:13:00 PM,Tuesday,Eglinton and Kennedy,Investigation,7,13,W,7474
2017/01/10,102,8:21:00 PM,Tuesday,Warden Stn,Utilized Off Route,18,36,N,7741
2017/01/10,199,8:31:00 PM,Tuesday,STC,Utilized Off Route,13,26,W,1745
2017/01/10,102,8:39:00 PM,Tuesday,Warden Stn,Mechanical,18,36,N,8129
2017/01/10,52,8:45:00 PM,Tuesday,Skyway and Lawrence,Mechanical,12,24,E/B,1610
2017/01/10,86,9:19:00 PM,Tuesday,kingston rd/Kingston rd,Mechanical,10,20,down,7660
2017/01/10,24,9:35:00 PM,Tuesday,Victoria Park Stn,Utilized Off Route,10,20,n,7831
2017/01/10,85,9:37:00 PM,Tuesday,SHEPPARD AND VIC. PARK,Mechanical,16,32,E,9101
2017/01/10,165,9:42:00 PM,Tuesday,Wilson and Clayson,Mechanical,9,17,e,1312
2017/01/10,35,10:42:00 PM,Tuesday,Jane station,Mechanical,1,1,n,8536
2017/01/10,22,11:01:00 PM,Tuesday,Bingham loop,Investigation,10,20,Up,7420
2017/01/10,85,11:17:00 PM,Tuesday,SHEPPARD AND WARDEN,Mechanical,19,35,E,9097
2017/01/10,63,11:21:00 PM,Tuesday,Ossington Station,Utilized Off Route,10,20,E/B,1249
2017/01/10,63,11:30:00 PM,Tuesday,Whole route affected,General Delay,10,30,B/W,
2017/01/10,102,11:35:00 PM,Tuesday,Warden Stn,Utilized Off Route,30,60,N,7805
2017/01/10,16,11:39:00 PM,Tuesday,Warden Stn,Utilized Off Route,15,30,N,8105
2017/01/10,87,11:45:00 PM,Tuesday,Main Station,Utilized Off Route,10,20,W,7867
2017/01/10,192,11:59:00 PM,Tuesday,427/Rathburn,Mechanical,10,20,s/b,8004
2017/01/11,43,12:00:00 AM,Wednesday,Kennedy stn,Utilized Off Route,1,1,,7607
2017/01/11,102,12:33:00 AM,Wednesday,Ellesemere and Markham,Mechanical,10,20,S,7741
2017/01/11,100,12:50:00 AM,Wednesday,Broadview stn,Utilized Off Route,10,20,up,7598
2017/01/11,96,12:56:00 AM,Wednesday,Wilson Stn,Mechanical,7,20,e,8522
2017/01/11,111,1:06:00 AM,Wednesday,Kipling stn,Mechanical,17,35,s/b,8069
2017/01/11,34,1:19:00 AM,Wednesday,Wynford/Eglinton,Mechanical,10,20,UP,7429
2017/01/11,54,1:31:00 AM,Wednesday,Lawerence Rt,Mechanical,10,20,UP,7628
2017/01/11,336,2:15:00 AM,Wednesday,Finch & Driftwood,Diversion,177,207,BW,
2017/01/11,320,2:40:00 AM,Wednesday,Yonge & Adelaide,Investigation,4,8,N,1347
2017/01/11,84,2:47:00 AM,Wednesday,Arrow Garage,Investigation,1,1,s,1366
2017/01/11,36,4:40:00 AM,Wednesday,Driftwood,Diversion,5,10,w,9123
2017/01/11,116,4:57:00 AM,Wednesday,Eglinton Yard,Late Leaving Garage,1,1,OB,7639
2017/01/11,108,5:03:00 AM,Wednesday,Finch and Driftwood,Diversion,160,180,SB,8521
2017/01/11,68,5:07:00 AM,Wednesday,Warden ave Danforth rd,Mechanical,10,29,NB,7596
2017/01/11,199,5:12:00 AM,Wednesday,McCowan N/B & Sheppard,Late Leaving Garage,11,22,W,1231
2017/01/11,39,5:17:00 AM,Wednesday,Finch & Baldoon,Late Leaving Garage,5,10,E,1740
2017/01/11,29,5:22:00 AM,Wednesday,Dufferin and Bloor,Mechanical,11,22,n,9021
2017/01/11,65,5:29:00 AM,Wednesday,Woodbine and Danforth,Mechanical,12,24,WB,8154
2017/01/11,129,5:30:00 AM,Wednesday,Malvern Garage,Mechanical,13,19,WB,9072
2017/01/11,17,5:41:00 AM,Wednesday,flora and birchmount,Mechanical,11,22,nb,8163
2017/01/11,53,5:50:00 AM,Wednesday,Markham and Passmore,Late Leaving Garage,4,9,w,1087
2017/01/11,133,5:50:00 AM,Wednesday,Morningside and nightstar,Late Leaving Garage,10,20,s,1217
2017/01/11,54,5:55:00 AM,Wednesday,Eglinton yard,Mechanical,1,1,ob,7530
2017/01/11,85,5:57:00 AM,Wednesday,Meadowvale Loop,Late Leaving Garage,13,25,w,9098
2017/01/11,32,6:01:00 AM,Wednesday,Keele and Ehlinton,Mechanical,6,12,E/b,1010
2017/01/11,32,6:06:00 AM,Wednesday,Skymark and Commerce,Mechanical,6,12,E/B,1053
2017/01/11,76,6:07:00 AM,Wednesday,EVANS AND ROYAL YORK,Mechanical,4,8,s/b,8068
2017/01/11,7,6:09:00 AM,Wednesday,Steeles and Village gate,Late Leaving Garage,9,18,s/b,9022
2017/01/11,29,6:09:00 AM,Wednesday,Tycos,Mechanical,9,18,s,9036
2017/01/11,63,6:10:00 AM,Wednesday,Eglinton West Station,Late Leaving Garage,4,12,S/B,1569
2017/01/11,124,6:10:00 AM,Wednesday,Lawrence Station,Late Leaving Garage,12,24,E,8381
2017/01/11,63,6:10:00 AM,Wednesday,Mount Dennis to Eglinton West Station,Late Leaving Garage,4,8,sb,1617
2017/01/11,90,6:10:00 AM,Wednesday,Oakwood and Vaughan,Late Leaving Garage,5,10,s/b,1534
2017/01/11,85,6:14:00 AM,Wednesday,Rouge Hill Go Station,Late Leaving Garage,0,0,w,9069
2017/01/11,32,6:14:00 AM,Wednesday,Skymark and Commerce,Mechanical,6,12,E/B,1002
2017/01/11,109,6:15:00 AM,Wednesday,Lawrence west stn,Late Leaving Garage,17,30,s/b,1385
2017/01/11,32,6:29:00 AM,Wednesday,Skymark and Conmmerce,Late Leaving Garage,5,11,E/B,1044
2017/01/11,95,6:29:00 AM,Wednesday,Wilson Garage,Late Leaving Garage,7,14,WB,8394
2017/01/11,68,6:33:00 AM,Wednesday,Warden Sheppard,Mechanical,5,4,nb,7500
2017/01/11,46,6:34:00 AM,Wednesday,Martin Grove,Late Leaving Garage,5,10,w,8435
2017/01/11,76,6:34:00 AM,Wednesday,Pape Station,Mechanical,14,28,S,7781
2017/01/11,70,6:44:00 AM,Wednesday,Danforth and Coxwell,Mechanical,8,16,SB,7427
2017/01/11,192,6:44:00 AM,Wednesday,Kipling Stn,Mechanical,10,20,n,8003
2017/01/11,78,6:45:00 AM,Wednesday,Upper Canada and Fairmeadow,Diversion,190,200,E,1820
2017/01/11,199,6:47:00 AM,Wednesday,Scar Town Centre Station,Late Leaving Garage,8,11,W,1403
2017/01/11,161,6:47:00 AM,Wednesday,jane / Lambton,Late Leaving Garage,11,22,e,1329
2017/01/11,32,6:48:00 AM,Wednesday,Pine and Lawrence,Mechanical,6,12,E/B,1202
2017/01/11,162,6:50:00 AM,Wednesday,Parklane and Highpoint rd,Diversion,730,800,W,1732
2017/01/11,89,6:51:00 AM,Wednesday,Keele stn,Late Leaving Garage,5,10,n,1031
2017/01/11,54,6:54:00 AM,Wednesday,Eglinton stn,Mechanical,4,9,eb,7518
2017/01/11,60,6:54:00 AM,Wednesday,Finch Station,Late Leaving Garage,8,16,W,8502
2017/01/11,196,6:57:00 AM,Wednesday,Downsview Stn,Mechanical,6,11,W/B,8390
2017/01/11,102,6:57:00 AM,Wednesday,warden stn,Late Leaving Garage,10,20,nb,7834
2017/01/11,89,6:58:00 AM,Wednesday,Keele stn,Late Leaving Garage,5,10,n,1565
2017/01/11,88,7:00:00 AM,Wednesday,St Clair Station,Late Leaving Garage,12,24,E,1677
2017/01/11,102,7:02:00 AM,Wednesday,WARDEN STN,Late Leaving Garage,20,40,nb,8143
2017/01/11,43,7:15:00 AM,Wednesday,Kennedy rd McNicoll,Diversion,60,70,nb,7446
2017/01/11,7,7:20:00 AM,Wednesday,Bathurst at Stafford,Mechanical,9,18,n/b,9047
2017/01/11,188,7:22:00 AM,Wednesday,Kipling Stn,Mechanical,8,23,s,8060
2017/01/11,24,7:37:00 AM,Wednesday,VP / CASSANDRA,Emergency Services,8,17,N,7859
2017/01/11,54,7:53:00 AM,Wednesday,Eglinton stn,Mechanical,6,12,eb,7620
2017/01/11,72,7:58:00 AM,Wednesday,Pape Station,Mechanical,14,28,S,8126
2017/01/11,116,7:58:00 AM,Wednesday,Morningside and Sheppard,Investigation,7,14,S,7434
2017/01/11,24,8:00:00 AM,Wednesday,VICTORIA PARK ROUTE,General Delay,15,0,BW,
2017/01/11,29,8:00:00 AM,Wednesday,CNE,Diversion,88,92,s,9035
2017/01/11,25,8:00:00 AM,Wednesday,Van Horne and Don Mills Road,General Delay,10,20,SB,
2017/01/11,102,8:00:00 AM,Wednesday,on route,General Delay,12,1,bw,
2017/01/11,17,8:00:00 AM,Wednesday,on route,General Delay,11,1,bw,
2017/01/11,185,8:00:00 AM,Wednesday,Van Horne and Don Mills Road,General Delay,10,20,SB,
2017/01/11,54,8:02:00 AM,Wednesday,Eglinton stn,Mechanical,6,12,eb,7527
2017/01/11,102,8:04:00 AM,Wednesday,warden stn,Investigation,10,20,sb,7821
2017/01/11,17,8:08:00 AM,Wednesday,st.clair and birchmount,Mechanical,7,14,sb,7844
2017/01/11,185,8:10:00 AM,Wednesday,Rivercourt and Don Mills Road,Investigation,7,14,NB,7473
2017/01/11,199,8:13:00 AM,Wednesday,Finch & Leslie,Mechanical,8,11,W,1731
2017/01/11,131,8:15:00 AM,Wednesday,Kennedy Station to Morningview Trail & Old Finch,General Delay,15,22,B/W's,
2017/01/11,95,8:15:00 AM,Wednesday,York Mills Station - Kingston Loop - B/W's,General Delay,15,22,B/W's,
2017/01/11,6,8:18:00 AM,Wednesday,Charles and Bay,Investigation,8,16,nb,1575
2017/01/11,23,8:35:00 AM,Wednesday,Main Station,Mechanical,5,10,NB,8128
2017/01/11,192,8:44:00 AM,Wednesday,Kipling Stn,Mechanical,10,20,n,8008
2017/01/11,35,8:55:00 AM,Wednesday,Jane at Lawrence,Diversion,7,14,N,8518
2017/01/11,53,8:57:00 AM,Wednesday,Steeles ave and Woodbine,Mechanical,13,21,e,9083
2017/01/11,75,9:05:00 AM,Wednesday,Sherbourne and Bloor,Utilized Off Route,4,9,n/b,1669
2017/01/11,709,9:06:00 AM,Wednesday,Queens Park Circle,Utilized Off Route,1,1,n/B,1507
2017/01/11,35,9:09:00 AM,Wednesday,Interchange Way and Edgeley.,Emergency Services,9,18,S/b,8495
2017/01/11,90,9:15:00 AM,Wednesday,St.Clair west stn,Utilized Off Route,1,1,0,8304
2017/01/11,129,9:20:00 AM,Wednesday,Steeles and McCowan,Utilized Off Route,1,1,SB,9085
2017/01/11,26,9:21:00 AM,Wednesday,St. George Station,Utilized Off Route,15,30,wb,1500
2017/01/11,116,9:30:00 AM,Wednesday,Eglinton and Midland,Mechanical,10,20,N,7510
2017/01/11,95,9:42:00 AM,Wednesday,,Utilized Off Route,1,1,EB,1748
2017/01/11,53,9:49:00 AM,Wednesday,Eglinton and Mt.Pleasant,Mechanical,18,41,W,8375
2017/01/11,85,9:56:00 AM,Wednesday,Don Mills Station,Mechanical,9,18,e,9087
2017/01/11,185,9:57:00 AM,Wednesday,Pape Station,Investigation,7,14,NB,7495
2017/01/11,100,10:00:00 AM,Wednesday,,Mechanical,1,1,,7486
2017/01/11,56,10:05:00 AM,Wednesday,Bathurst and Wilson,Utilized Off Route,1,1,0,1545
2017/01/11,109,10:10:00 AM,Wednesday,Ranee and Varna,Investigation,20,40,s/b,1559
2017/01/11,51,10:10:00 AM,Wednesday,Eglinton Stn,Mechanical,25,58,E,1579
2017/01/11,70,10:46:00 AM,Wednesday,Mortimer and Coxwell,Investigation,7,14,NB,7646
2017/01/11,75,11:13:00 AM,Wednesday,Queens quay and Lower Jarvis,Mechanical,7,14,n/b,8369
2017/01/11,96,11:17:00 AM,Wednesday,wilson at Bathurst,Mechanical,19,38,e,1340
2017/01/11,25,11:21:00 AM,Wednesday,Don Mills Station,Mechanical,7,14,SB,7704
2017/01/11,190,11:44:00 AM,Wednesday,Midland and Progress,Investigation,10,20,WB,7607
2017/01/11,29,11:48:00 AM,Wednesday,Dufferin and Hallam,Investigation,4,8,n,9039
2017/01/11,29,11:55:00 AM,Wednesday,Dufferin and Shanley,Diversion,140,145,b/w,1668
2017/01/11,53,12:28:00 PM,Wednesday,Steeles and Don mills,Mechanical,50,10,e,1719
2017/01/11,34,12:50:00 PM,Wednesday,Eglinton STN,Mechanical,10,20,E,7637
2017/01/11,95,12:50:00 PM,Wednesday,Neilson Rd on Ellesmere Rd,Mechanical,15,30,W,1119
2017/01/11,54,12:58:00 PM,Wednesday,Lawrence Markham rd,Investigation,1,1,eb,7490
2017/01/11,169,1:40:00 PM,Wednesday,Commando / Mccowan,Investigation,30,60,w,8180
2017/01/11,28,1:40:00 PM,Wednesday,Davisville Stn,Mechanical,30,60,s,1673
2017/01/11,83,1:52:00 PM,Wednesday,Gerrard and  Jones,Investigation,16,32,S,7747
2017/01/11,185,1:56:00 PM,Wednesday,Pape station,Emergency Services,6,13,n,7441
2017/01/11,44,2:09:00 PM,Wednesday,Kipling Stn,Utilized Off Route,7,14,s,7912
2017/01/11,49,2:10:00 PM,Wednesday,Kipling Stn,Mechanical,1,1,w,8018
2017/01/11,108,2:25:00 PM,Wednesday,Driftwood Avenue at Finch Avenue West,Mechanical,9,18,N,1323
2017/01/11,96,2:25:00 PM,Wednesday,Wilson and Jane,Investigation,20,40,W,8586
2017/01/11,65,2:36:00 PM,Wednesday,Castlefrank Station,Late Leaving Garage,9,18,S,8102
2017/01/11,51,2:36:00 PM,Wednesday,Leslie and Ravel Rd,Mechanical,25,50,n,8159
2017/01/11,43,2:37:00 PM,Wednesday,Kennedy and Passmore,Investigation,10,20,NB,7624
2017/01/11,12,2:43:00 PM,Wednesday,Victoria Park Station,Late Leaving Garage,14,28,EB,7753
2017/01/11,81,2:45:00 PM,Wednesday,Pape Station,Late Leaving Garage,8,16,NB,7771
2017/01/11,25,2:53:00 PM,Wednesday,DonMills and Eglinton,Investigation,8,17,n,7536
2017/01/11,87,2:53:00 PM,Wednesday,Broadview Station,Late Leaving Garage,6,12,E,
2017/01/11,22,2:55:00 PM,Wednesday,queen and coxwell,Mechanical,9,18,n,7457
2017/01/11,97,3:00:00 PM,Wednesday,Davisville Station,Mechanical,30,60,Nb,8363
2017/01/11,20,3:00:00 PM,Wednesday,Main Station,Late Leaving Garage,14,28,SB,8163
2017/01/11,709,3:01:00 PM,Wednesday,Mt. Dennis Garage,Mechanical,1,1,EB,1035
2017/01/11,709,3:01:00 PM,Wednesday,Mt. Dennis Garage,Mechanical,1,1,EB,1013
2017/01/11,16,3:04:00 PM,Wednesday,STC,Late Leaving Garage,9,18,sb,8155
2017/01/11,95,3:07:00 PM,Wednesday,York Mills station,Mechanical,12,27,E,1220
2017/01/11,47,3:08:00 PM,Wednesday,Earls Court loop,Mechanical,13,20,S,1210
2017/01/11,39,3:09:00 PM,Wednesday,Markham and Finch,Mechanical,7,13,W,1100
2017/01/11,11,3:10:00 PM,Wednesday,Davisville Station,Mechanical,12,24,Nb,1550
2017/01/11,72,3:15:00 PM,Wednesday,Front and Bay,Late Leaving Garage,14,28,EB,
2017/01/11,32,3:17:00 PM,Wednesday,Emmett Ave / Eglinton,Late Leaving Garage,8,16,EB,1008
2017/01/11,7,3:18:00 PM,Wednesday,Bathurst station,Mechanical,9,17,N,9010
2017/01/11,41,3:20:00 PM,Wednesday,The Commons,Late Leaving Garage,15,29,s/b,9139
2017/01/11,116,3:22:00 PM,Wednesday,Kennedy Station,Late Leaving Garage,23,22,NB,7458
2017/01/11,52,3:26:00 PM,Wednesday,Martin grove,Late Leaving Garage,11,22,e,1600
2017/01/11,102,3:27:00 PM,Wednesday,WARDEN STN,Late Leaving Garage,10,20,NB,
2017/01/11,24,3:34:00 PM,Wednesday,Victoria Park Station,Late Leaving Garage,8,17,NB,7734
2017/01/11,52,3:35:00 PM,Wednesday,Ter 1,Late Leaving Garage,6,18,e,1392
2017/01/11,6,3:37:00 PM,Wednesday,Davenport and Yonge,Late Leaving Garage,11,22,S,1358
2017/01/11,24,3:38:00 PM,Wednesday,Victoria Park Station,Late Leaving Garage,8,17,BW,8100
2017/01/11,52,3:38:00 PM,Wednesday,Weston Rd and Lawrence,Late Leaving Garage,3,6,e,1573
2017/01/11,24,3:43:00 PM,Wednesday,Steeles & Victoria Park,Late Leaving Garage,9,17,SB,7857
2017/01/11,52,3:43:00 PM,Wednesday,Weston rd and Lawrence,Late Leaving Garage,3,6,e,1233
2017/01/11,63,3:45:00 PM,Wednesday,Oakwood / Earnscliffe,Mechanical,11,22,n,1645
2017/01/11,32,3:47:00 PM,Wednesday,SkymarkAve. / Explorer Dr.,Late Leaving Garage,9,17,EB,1507
2017/01/11,84,3:47:00 PM,Wednesday,Downsview station,Utilized Off Route,8,16,w/b,8539
2017/01/11,199,3:47:00 PM,Wednesday,Scarborough Town Centre,Mechanical,12,24,N,1129
2017/01/11,8,3:48:00 PM,Wednesday,Scarborough Town Centre,Utilized Off Route,8,12,N,1266
2017/01/11,41,3:49:00 PM,Wednesday,The Commons,Late Leaving Garage,15,29,s/b,1058
2017/01/11,11,3:50:00 PM,Wednesday,Davisville Stn,Mechanical,9,15,s,8182
2017/01/11,52,3:51:00 PM,Wednesday,Ter 3,Late Leaving Garage,5,16,e,1651
2017/01/11,7,3:53:00 PM,Wednesday,Steeles,Mechanical,9,17,S,9028
2017/01/11,52,3:54:00 PM,Wednesday,Law w stn,Late Leaving Garage,11,22,e,1543
2017/01/11,23,4:00:00 PM,Wednesday,Dawes route,General Delay,10,15,BW,
2017/01/11,41,4:04:00 PM,Wednesday,The Commons,Late Leaving Garage,15,29,s/b,1242
2017/01/11,32,4:07:00 PM,Wednesday,Kane Ave. / Eglinton Ave.,Investigation,9,17,EB,1530
2017/01/11,75,4:13:00 PM,Wednesday,South drive and glen road,Mechanical,6,12,S,8346
2017/01/11,87,4:15:00 PM,Wednesday,Broadview Station,Utilized Off Route,6,12,E,7811
2017/01/11,102,4:15:00 PM,Wednesday,St. Clair and Elfreda Blvd,Mechanical,10,20,EB,7818
2017/01/11,61,4:40:00 PM,Wednesday,Bombay loop,Mechanical,12,24,s,8205
2017/01/11,185,4:46:00 PM,Wednesday,Pape station,Mechanical,8,19,s,7419
2017/01/11,165,4:50:00 PM,Wednesday,York Mills Stn.,Investigation,40,80,W,8456
2017/01/11,165,4:50:00 PM,Wednesday,York Mills stn.,Investigation,8,24,W,8567
2017/01/11,53,4:55:00 PM,Wednesday,Passmore and Markham Rd,Mechanical,5,10,wb,1132
2017/01/11,51,4:56:00 PM,Wednesday,Eglinton Stn,Mechanical,17,34,n,8365
2017/01/11,121,5:00:00 PM,Wednesday,Fort York route,General Delay,15,20,BW,
2017/01/11,32,5:14:00 PM,Wednesday,Emmett Ave.,Mechanical,8,16,EB,1629
2017/01/11,7,5:19:00 PM,Wednesday,Bathurst Stn,Utilized Off Route,9,18,NB,1805
2017/01/11,7,5:19:00 PM,Wednesday,Bathurst Stn,Utilized Off Route,9,18,NB,1805
2017/01/11,129,5:22:00 PM,Wednesday,SLMC,Mechanical,8,12,SB,1781
2017/01/11,75,5:30:00 PM,Wednesday,Bloor Sherbourne,Utilized Off Route,6,12,SB,8364
2017/01/11,25,5:30:00 PM,Wednesday,Pape station,Mechanical,8,17,n,7611
2017/01/11,75,5:37:00 PM,Wednesday,Elm and Sherbourne,Mechanical,6,12,S,1823
2017/01/11,86,5:50:00 PM,Wednesday,Kennedy station,Mechanical,9,18,NB,7595
2017/01/11,53,5:50:00 PM,Wednesday,Passmore and Markham Rd,Mechanical,5,11,eb,1137
2017/01/11,33,6:00:00 PM,Wednesday,St Clair West,Utilized Off Route,20,40,NB,8385
2017/01/11,52,6:00:00 PM,Wednesday,Royal York,Mechanical,3,6,e,1018
2017/01/11,131,6:16:00 PM,Wednesday,Kennedy Station,Utilized Off Route,9,18,E,1107
2017/01/11,68,6:19:00 PM,Wednesday,Warden/Eglinton,Utilized Off Route,6,12,Up,7499
2017/01/11,95,6:19:00 PM,Wednesday,Kennedy on Ellesmere,Utilized Off Route,12,24,E,1307
2017/01/11,801,6:20:00 PM,Wednesday,Wilson Station,Utilized Off Route,1,1,s,9009
2017/01/11,57,6:21:00 PM,Wednesday,Kennedy Station,Utilized Off Route,1,1,N,7730
2017/01/11,24,6:27:00 PM,Wednesday,Victoria Park Station,Utilized Off Route,1,1,N,7734
2017/01/11,102,6:33:00 PM,Wednesday,Warden Station,Utilized Off Route,1,1,N,7821
2017/01/11,87,6:33:00 PM,Wednesday,Main Station,Utilized Off Route,1,1,W,7811
2017/01/11,85,6:35:00 PM,Wednesday,Sheppard W/O RougeHIll Dr.,Investigation,8,15,W,9081
2017/01/11,73,6:59:00 PM,Wednesday,Richview at Scarlett,Mechanical,30,60,S,8098
2017/01/11,86,7:05:00 PM,Wednesday,Kennedy Station,Mechanical,8,18,NB,7680
2017/01/11,76,7:17:00 PM,Wednesday,Royal York Station,Utilized Off Route,6,12,S,7933
2017/01/11,54,7:29:00 PM,Wednesday,Lawrance and Midland,Mechanical,11,22,EB,7665
2017/01/11,131,7:50:00 PM,Wednesday,Shorting on Nugget,Mechanical,13,24,E,1083
2017/01/11,38,8:25:00 PM,Wednesday,Military Trail,Mechanical,9,18,WB,1138
2017/01/11,122,8:28:00 PM,Wednesday,Yorkmills Station,Investigation,30,60,e,8368
2017/01/11,97,8:29:00 PM,Wednesday,Yorkmills Station,Diversion,30,60,SB,8369
2017/01/11,95,8:30:00 PM,Wednesday,YKMS,Diversion,31,7,BW,
2017/01/11,165,8:33:00 PM,Wednesday,York Mills Station,Investigation,10,19,w,8467
2017/01/11,52,8:44:00 PM,Wednesday,Keele & Lawrence,Mechanical,12,24,e/b,1508
2017/01/11,7,8:44:00 PM,Wednesday,Bathurst station,Mechanical,10,20,N,9014
2017/01/11,196,8:45:00 PM,Wednesday,Sheppard Station,Utilized Off Route,8,16,w,1829
2017/01/11,195,8:50:00 PM,Wednesday,Jane and Lawrence,Diversion,10,20,N,7974
2017/01/11,96,9:00:00 PM,Wednesday,Route 96,General Delay,11,21,BW,
2017/01/11,165,9:00:00 PM,Wednesday,Route 165,General Delay,10,20,BW,
2017/01/11,56,9:09:00 PM,Wednesday,Lakeshore/Mimico,Investigation,10,20,s/b,7933
2017/01/11,165,9:35:00 PM,Wednesday,Weston & Finch,Utilized Off Route,1,1,N,8610
2017/01/11,134,10:04:00 PM,Wednesday,TAPSCOTT AND MCLEVIN.,Emergency Services,24,48,N,1235
2017/01/11,52,10:14:00 PM,Wednesday,Lawrence and Yonge,Mechanical,18,36,W/B,1553
2017/01/11,39,10:36:00 PM,Wednesday,Alamosa,Mechanical,10,20,EB,1334
2017/01/11,60,10:41:00 PM,Wednesday,Steeles and Yonge,Investigation,18,36,w,1312
2017/01/11,79,10:42:00 PM,Wednesday,Lawrence and Jane,Mechanical,15,30,S/B,1536
2017/01/11,76,10:56:00 PM,Wednesday,Royal York/Queensway,Mechanical,10,20,s/b,7933
2017/01/11,63,11:01:00 PM,Wednesday,Oakwood and St. Clair,Investigation,10,20,N/B,1417
2017/01/11,52,11:12:00 PM,Wednesday,Lawrence and yonge Station,Mechanical,18,36,W/B,1515
2017/01/11,95,11:40:00 PM,Wednesday,Ellesmere and Markham,Mechanical,10,20,W,1280
2017/01/12,34,12:53:00 AM,Thursday,Eglinton/Kennedy,Investigation,10,20,up,7550
2017/01/12,190,1:18:00 AM,Thursday,Birchmount/Sheppard,Utilized Off Route,10,20,up,7602
2017/01/12,384,2:15:00 AM,Thursday,Barmac and Weston Rd.,Diversion,1,1,B/W,8578
2017/01/12,116,4:20:00 AM,Thursday,Eglinton Yard,Late Leaving Garage,1,1,OB,7485
2017/01/12,34,4:47:00 AM,Thursday,Eglinton yard,Mechanical,1,1,ob,7510
2017/01/12,353,5:04:00 AM,Thursday,Steeles just w. of Yonge,Mechanical,30,60,w,1719
2017/01/12,95,5:08:00 AM,Thursday,Malvern garage,Mechanical,20,40,w,1144
2017/01/12,165,5:18:00 AM,Thursday,weston at signet,Mechanical,15,15,e,1340
2017/01/12,116,5:24:00 AM,Thursday,Eglinton Yard,Late Leaving Garage,1,1,OB,7466
2017/01/12,9,5:25:00 AM,Thursday,WARDEN STATION,Late Leaving Garage,7,22,E,7721
2017/01/12,102,5:30:00 AM,Thursday,Warden Station,Late Leaving Garage,10,40,E,7734
2017/01/12,86,5:32:00 AM,Thursday,Kennedy Station,Mechanical,10,20,NB,7433
2017/01/12,131,5:33:00 AM,Thursday,Sewells and Brenyon Way,Mechanical,13,0,w,1761
2017/01/12,24,5:34:00 AM,Thursday,DANFORTH/VICTORIA PARK,Late Leaving Garage,6,10,E,8108
2017/01/12,46,5:35:00 AM,Thursday,Kipling Station,Utilized Off Route,10,20,N/B,8551
2017/01/12,59,5:35:00 AM,Thursday,Lawrence W.Stn,Mechanical,12,24,W/b,8469
2017/01/12,54,5:46:00 AM,Thursday,Lawrence Scarbough Golf Club Rd,Mechanical,5,14,eb,7668
2017/01/12,100,5:46:00 AM,Thursday,Broadview Station,Mechanical,4,8,NB,7644
2017/01/12,102,5:47:00 AM,Thursday,Markham and Select,Mechanical,20,40,S,8126
2017/01/12,70,5:47:00 AM,Thursday,Danforth and Coxwell,Mechanical,8,16,NB,7535
2017/01/12,47,5:48:00 AM,Thursday,Earlscourt loop,Mechanical,5,9,SB,1409
2017/01/12,131,5:48:00 AM,Thursday,Kennedy Station,Utilized Off Route,9,17,65578,1827
2017/01/12,116,5:49:00 AM,Thursday,Eglinton Yard,Late Leaving Garage,1,1,OB,7454
2017/01/12,84,5:50:00 AM,Thursday,Downsview station,Utilized Off Route,12,24,w/b,8578
2017/01/12,50,5:50:00 AM,Thursday,Mill Rd,Mechanical,20,35,e/b,8010
2017/01/12,5,5:54:00 AM,Thursday,Eglinton Station,Mechanical,1,1,S,1363
2017/01/12,185,6:01:00 AM,Thursday,FMDM,Mechanical,1,1,NB,7654
2017/01/12,116,6:03:00 AM,Thursday,Eglinton yard,Late Leaving Garage,1,1,OB,7542
2017/01/12,81,6:07:00 AM,Thursday,Pape Station,Mechanical,14,22,N,7709
2017/01/12,168,6:13:00 AM,Thursday,DUNDAS WEST STN,Late Leaving Garage,5,10,e/b,8404
2017/01/12,24,6:14:00 AM,Thursday,CONSUMERS/VP,Late Leaving Garage,0,0,N,7751
2017/01/12,88,6:16:00 AM,Thursday,Laird and Mcrae,Late Leaving Garage,10,20,E,8383
2017/01/12,88,6:20:00 AM,Thursday,St Clair station,Late Leaving Garage,16,32,E,1818
2017/01/12,56,6:23:00 AM,Thursday,Eglinton Station,Mechanical,24,30,S,8376
2017/01/12,44,6:24:00 AM,Thursday,Kipling/Advance,Mechanical,9,17,N/B,8075
2017/01/12,5,6:24:00 AM,Thursday,Eglinton Stn,Mechanical,15,27,S/B,8367
2017/01/12,6,6:29:00 AM,Thursday,Bedford and Daveport,Late Leaving Garage,8,16,SB,1037
2017/01/12,196,6:33:00 AM,Thursday,Commons,Utilized Off Route,5,10,E/B,8206
2017/01/12,195,6:36:00 AM,Thursday,Jane and Steeles,Mechanical,8,16,S/b,8566
2017/01/12,98,6:40:00 AM,Thursday,Sheppard,Mechanical,15,30,W,8314
2017/01/12,190,6:43:00 AM,Thursday,STC,Mechanical,7,14,WB,7460
2017/01/12,41,6:45:00 AM,Thursday,York University / Commons,Mechanical,13,26,s,1627
2017/01/12,161,6:47:00 AM,Thursday,Jane / lambton,Late Leaving Garage,13,21,e,1057
2017/01/12,89,6:51:00 AM,Thursday,Keele stn,Late Leaving Garage,4,8,n,1010
2017/01/12,54,6:51:00 AM,Thursday,Lawrence Scarbough Golf Club rd,Mechanical,9,18,eb,7553
2017/01/12,86,6:53:00 AM,Thursday,Kennedy Station,Mechanical,10,20,NB,7478
2017/01/12,29,6:55:00 AM,Thursday,,Mechanical,9,18,s,9028
2017/01/12,89,6:56:00 AM,Thursday,Keele stn,Late Leaving Garage,4,8,n,1607
2017/01/12,125,7:03:00 AM,Thursday,Finch Station,Mechanical,6,13,W,8392
2017/01/12,85,7:18:00 AM,Thursday,Don Mills Station,Mechanical,13,26,e,9084
2017/01/12,89,7:20:00 AM,Thursday,Weston /Albion,Mechanical,4,8,s,1638
2017/01/12,41,7:24:00 AM,Thursday,Keele stn,Late Leaving Garage,15,30,n,9137
2017/01/12,14,7:30:00 AM,Thursday,Davisville stn,Investigation,22,42,w,1570
2017/01/12,88,7:49:00 AM,Thursday,Mile post place and Thorncliffe Pk,Mechanical,6,10,W,8379
2017/01/12,32,7:54:00 AM,Thursday,Pine and Lawrence,Mechanical,6,12,E/B,1544
2017/01/12,127,8:00:00 AM,Thursday,Entire Route,General Delay,10,20,B/w,
2017/01/12,53,8:05:00 AM,Thursday,Steeles and Middlefield,Mechanical,5,10,e,9059
2017/01/12,196,8:07:00 AM,Thursday,Downsview Stn,Utilized Off Route,3,5,W/B,1362
2017/01/12,60,8:15:00 AM,Thursday,Pearce and Steeles,Mechanical,7,14,W,8458
2017/01/12,60,8:24:00 AM,Thursday,Signal Hill and Steeles,Utilized Off Route,7,14,E,8610
2017/01/12,47,8:26:00 AM,Thursday,Lansdowne and Bloor,Mechanical,8,17,NB,1530
2017/01/12,54,8:48:00 AM,Thursday,Star Spray Loop,Mechanical,6,12,wb,7425
2017/01/12,98,9:07:00 AM,Thursday,Finch and Willowdale,Diversion,763,793,N,8344
2017/01/12,42,9:15:00 AM,Thursday,Yonge and Cummer,General Delay,18,25,BW,0
2017/01/12,68,9:21:00 AM,Thursday,Warden stn,Mechanical,4,8,nb,7489
2017/01/12,6,9:36:00 AM,Thursday,Top end of route,General Delay,10,10,BW,
2017/01/12,35,9:43:00 AM,Thursday,Jane Stn,Mechanical,7,14,N/b,8537
2017/01/12,86,10:10:00 AM,Thursday,Kennedy Station,Mechanical,10,20,EB,7693
2017/01/12,16,10:24:00 AM,Thursday,warden stn,Mechanical,10,20,nb,7745
2017/01/12,39,10:24:00 AM,Thursday,Finch - McCowan,Mechanical,20,39,W,1113
2017/01/12,56,10:30:00 AM,Thursday,laird and McCrae,Mechanical,18,36,S,8376
2017/01/12,102,10:30:00 AM,Thursday,WARDEN STN.,Mechanical,10,20,nb,7757
2017/01/12,60,10:30:00 AM,Thursday,Bathurst and Steeles,Mechanical,7,14,E,8472
2017/01/12,29,10:42:00 AM,Thursday,Dufferin and Bloor,Mechanical,5,10,s,9030
2017/01/12,75,10:43:00 AM,Thursday,Sherbourne and Carlton,Utilized Off Route,5,9,s/b,8187
2017/01/12,29,11:35:00 AM,Thursday,Wilson Station,Mechanical,5,10,s,9047
2017/01/12,36,11:36:00 AM,Thursday,Kipling,Investigation,0,5,w,9113
2017/01/12,92,12:05:00 PM,Thursday,Woodbine Station,Mechanical,12,24,BW,7827
2017/01/12,73,12:20:00 PM,Thursday,Albion Ave and Todd Brook Dr,Investigation,15,30,E,7911
2017/01/12,45,12:30:00 PM,Thursday,Kipling Station/St. Albans,Emergency Services,10,20,N/B,8084
2017/01/12,32,12:32:00 PM,Thursday,Northcliffe Blvd on Eglinton,Mechanical,10,20,WB,1657
2017/01/12,127,12:44:00 PM,Thursday,Townsley loop,Mechanical,24,48,e,1345
2017/01/12,41,12:45:00 PM,Thursday,Keele stn,Mechanical,9,18,n,1613
2017/01/12,32,12:46:00 PM,Thursday,Eglinton West Stn.,Mechanical,10,20,WB,1061
2017/01/12,28,1:18:00 PM,Thursday,Brickworks,Mechanical,20,40,n,1714
2017/01/12,68,1:19:00 PM,Thursday,Warden ave Bertrand ave,Emergency Services,10,20,nb,7524
2017/01/12,11,1:23:00 PM,Thursday,Davisville Stn,Utilized Off Route,12,24,n,1804
2017/01/12,53,1:25:00 PM,Thursday,Finch Station,Mechanical,5,10,EB,1725
2017/01/12,67,1:35:00 PM,Thursday,Victoria Park STN,Mechanical,15,30,N,7400
2017/01/12,42,2:00:00 PM,Thursday,On Route,General Delay,25,41,BW,
2017/01/12,53,2:05:00 PM,Thursday,Finch Station,Utilized Off Route,5,10,eb,1148
2017/01/12,709,2:12:00 PM,Thursday,Skymark Ave. and Explorer,Utilized Off Route,1,1,EB,1625
2017/01/12,199,2:12:00 PM,Thursday,Scarborough Town Centre,Mechanical,4,8,N,1096
2017/01/12,38,2:13:00 PM,Thursday,STC,Utilized Off Route,6,12,E,1223
2017/01/12,94,2:13:00 PM,Thursday,Wellesley Station,Utilized Off Route,13,26,BW,7828
2017/01/12,52,2:14:00 PM,Thursday,Lawtrence stn,Utilized Off Route,13,26,w/b,1406
2017/01/12,709,2:14:00 PM,Thursday,Eg. West Stn.,Utilized Off Route,1,1,EB,1568
2017/01/12,63,2:14:00 PM,Thursday,Ossington Station,Utilized Off Route,10,20,S,1504
2017/01/12,95,2:15:00 PM,Thursday,York Mill station,Utilized Off Route,15,30,55669,1139
2017/01/12,75,2:15:00 PM,Thursday,Jarvis,Utilized Off Route,7,14,NB,8370
2017/01/12,199,2:16:00 PM,Thursday,Finch Station,Utilized Off Route,4,8,E,1267
2017/01/12,97,2:16:00 PM,Thursday,Davisville Station,Utilized Off Route,20,40,NB,1669
2017/01/12,39,2:16:00 PM,Thursday,Finch Station,Utilized Off Route,6,19,E,1775
2017/01/12,780,2:17:00 PM,Thursday,Eglinton yard,Utilized Off Route,1,1,n,7606
2017/01/12,87,2:17:00 PM,Thursday,Pape stn,Utilized Off Route,10,20,N/B,7803
2017/01/12,100,2:18:00 PM,Thursday,Broadview station,Utilized Off Route,6,13,e,7514
2017/01/12,54,2:18:00 PM,Thursday,Eglinton station,Utilized Off Route,11,22,e,7458
2017/01/12,129,2:20:00 PM,Thursday,STC SRT (remove from Malvern Yard @220pm).,Utilized Off Route,8,12,nb,1283
2017/01/12,52,2:20:00 PM,Thursday,Lawrence stn,Utilized Off Route,13,26,w/b,1361
2017/01/12,6,2:20:00 PM,Thursday,Queens Quay and Docksides,Utilized Off Route,10,20,N,1249
2017/01/12,771,2:20:00 PM,Thursday,Wilson Station,Utilized Off Route,1,1,n,8379
2017/01/12,102,2:20:00 PM,Thursday,warden stn,Utilized Off Route,20,40,nb,8131
2017/01/12,24,2:20:00 PM,Thursday,Victoria Park Station,Utilized Off Route,10,20,BW,7771
2017/01/12,780,2:20:00 PM,Thursday,Eglinton yard,Utilized Off Route,1,1,e,7593
2017/01/12,33,2:20:00 PM,Thursday,St Clair West,Utilized Off Route,20,40,NB,8393
2017/01/12,185,2:22:00 PM,Thursday,Pape station,Utilized Off Route,8,19,n,7572
2017/01/12,191,2:23:00 PM,Thursday,Kipling Station,Utilized Off Route,6,12,N/B,7940
2017/01/12,102,2:23:00 PM,Thursday,warden stn,Utilized Off Route,12,24,nb,8119
2017/01/12,121,2:24:00 PM,Thursday,mill street,Utilized Off Route,15,30,N/B,7867
2017/01/12,199,2:24:00 PM,Thursday,Finch Station,Utilized Off Route,4,8,E,1104
2017/01/12,60,2:24:00 PM,Thursday,Finch Station,Utilized Off Route,7,14,W,8547
2017/01/12,25,2:24:00 PM,Thursday,Pape station,Utilized Off Route,8,16,n,7642
2017/01/12,81,2:25:00 PM,Thursday,Pape Stationm,Utilized Off Route,10,20,NB,7775
2017/01/12,111,2:25:00 PM,Thursday,Kipling Stn,Utilized Off Route,10,20,e/b,7902
2017/01/12,96,2:25:00 PM,Thursday,Wilson Stn.,Utilized Off Route,20,40,E,8544
2017/01/12,86,2:26:00 PM,Thursday,CDHS,Mechanical,9,9,NB,7636
2017/01/12,188,2:27:00 PM,Thursday,Kipling Stn,Utilized Off Route,7,14,s/b,7966
2017/01/12,760,2:28:00 PM,Thursday,Eglinton yard,Utilized Off Route,1,1,e,7411
2017/01/12,72,2:28:00 PM,Thursday,Pape Station,Utilized Off Route,14,28,SB,7740
2017/01/12,34,2:29:00 PM,Thursday,Eglinton station,Utilized Off Route,7,14,e,7655
2017/01/12,196,2:30:00 PM,Thursday,Downsview stn,Utilized Off Route,2,4,n,8181
2017/01/12,29,2:30:00 PM,Thursday,Dufferin and Bloor,Utilized Off Route,5,10,n,8210
2017/01/12,124,2:30:00 PM,Thursday,Lawrence Station,Utilized Off Route,7,14,Wb,8327
2017/01/12,34,2:30:00 PM,Thursday,Eglinton stn,Utilized Off Route,10,20,n,7639
2017/01/12,35,2:30:00 PM,Thursday,JNST,Utilized Off Route,7,14,N,1302
2017/01/12,191,2:30:00 PM,Thursday,Kipling Station,Late Leaving Garage,15,30,W/B,8525
2017/01/12,40,2:30:00 PM,Thursday,Dundas West Station,Utilized Off Route,101,20,W,7955
2017/01/12,45,2:30:00 PM,Thursday,Kipling Stn,Utilized Off Route,9,18,n/b,8085
2017/01/12,29,2:30:00 PM,Thursday,Springhurst,Utilized Off Route,5,10,n,9002
2017/01/12,32,2:30:00 PM,Thursday,Eglinton Stn.,Utilized Off Route,10,20,EB,1659
2017/01/12,196,2:30:00 PM,Thursday,Downsview stn,Utilized Off Route,2,4,n,8198
2017/01/12,186,2:30:00 PM,Thursday,Wilson Stn.,Utilized Off Route,11,22,E,8581
2017/01/12,190,2:31:00 PM,Thursday,STC,Late Leaving Garage,9,13,W,7705
2017/01/12,85,2:31:00 PM,Thursday,Don Mills Stn,Utilized Off Route,23,56,E,9082
2017/01/12,168,2:32:00 PM,Thursday,Dundas West Station,Utilized Off Route,10,20,W,8064
2017/01/12,71,2:32:00 PM,Thursday,Runnymede Stn.,Mechanical,23,46,nb,1359
2017/01/12,60,2:33:00 PM,Thursday,Finch Station,Utilized Off Route,8,16,W,8503
2017/01/12,7,2:33:00 PM,Thursday,Bathurst Stn,Utilized Off Route,10,20,NB,9029
2017/01/12,35,2:35:00 PM,Thursday,JNST,Utilized Off Route,7,14,N,8553
2017/01/12,17,2:35:00 PM,Thursday,kennedy loop,Late Leaving Garage,7,14,sb,7731
2017/01/12,65,2:36:00 PM,Thursday,espanade,Late Leaving Garage,9,18,n/b,7824
2017/01/12,95,2:37:00 PM,Thursday,York Mill station,Utilized Off Route,15,30,68262,1709
2017/01/12,95,2:39:00 PM,Thursday,York Mills station,Late Leaving Garage,8,16,E,1369
2017/01/12,89,2:39:00 PM,Thursday,Keele Stn,Utilized Off Route,7,14,sb,1612
2017/01/12,110,2:39:00 PM,Thursday,Islington stn,Utilized Off Route,12,24,n/b,8036
2017/01/12,53,2:39:00 PM,Thursday,Pharmacy and Finch,Mechanical,15,30,nb,9058
2017/01/12,121,2:42:00 PM,Thursday,Broadview stn,Late Leaving Garage,10,20,n/b,7783
2017/01/12,61,2:43:00 PM,Thursday,Otter Loop,Mechanical,4,8,NB,1664
2017/01/12,12,2:43:00 PM,Thursday,Victoria Park Station,Late Leaving Garage,14,28,EB,7738
2017/01/12,12,2:43:00 PM,Thursday,Victoria Park Station,Late Leaving Garage,14,28,EB,7741
2017/01/12,81,2:43:00 PM,Thursday,Pape Station,Late Leaving Garage,8,16,NB,7834
2017/01/12,36,2:44:00 PM,Thursday,Finch Station,Utilized Off Route,5,10,W/B,9109
2017/01/12,84,2:46:00 PM,Thursday,Sheppard,Utilized Off Route,9,18,W,8557
2017/01/12,11,2:49:00 PM,Thursday,Bayview and Steeles,Utilized Off Route,2,12,n,8329
2017/01/12,756,2:50:00 PM,Thursday,Victoria Park Station,Utilized Off Route,1,1,BW,7854
2017/01/12,87,2:52:00 PM,Thursday,Broadview stn,Late Leaving Garage,6,12,n/b,7880
2017/01/12,32,2:55:00 PM,Thursday,Emmitt Ave and jane,Mechanical,12,20,eb,1611
2017/01/12,35,2:57:00 PM,Thursday,JSTE,Late Leaving Garage,20,40,S,1614
2017/01/12,20,3:00:00 PM,Thursday,Main Station,Late Leaving Garage,14,28,BW,
2017/01/12,121,3:00:00 PM,Thursday,cherry to strachan,General Delay,1,1,b/w,
2017/01/12,41,3:00:00 PM,Thursday,Entire route,General Delay,15,30,B/W,
2017/01/12,102,3:00:00 PM,Thursday,on route,General Delay,10,1,bw,
2017/01/12,11,3:05:00 PM,Thursday,Davisville Station,Investigation,18,36,NB,8328
2017/01/12,11,3:05:00 PM,Thursday,Davisville Station,Investigation,18,36,NB,8357
2017/01/12,133,3:07:00 PM,Thursday,STC SRT,Late Leaving Garage,7,14,nb,1750
2017/01/12,16,3:09:00 PM,Thursday,STC,Late Leaving Garage,9,18,SB,
2017/01/12,40,3:10:00 PM,Thursday,Dundas West Station,Utilized Off Route,10,20,W,7938
2017/01/12,72,3:15:00 PM,Thursday,Front and Bay,Late Leaving Garage,12,24,WB,7816
2017/01/12,79,3:18:00 PM,Thursday,Runnymede stn,Utilized Off Route,14,28,n/b,1633
2017/01/12,199,3:22:00 PM,Thursday,Bloor and Castle Frank,Mechanical,4,8,E,1267
2017/01/12,102,3:27:00 PM,Thursday,warden stn,Late Leaving Garage,10,20,nb,
2017/01/12,133,3:28:00 PM,Thursday,STC SRT,Late Leaving Garage,7,14,EB,1761
2017/01/12,53,3:28:00 PM,Thursday,Malvern Yard,Utilized Off Route,15,30,wb,1321
2017/01/12,65,3:30:00 PM,Thursday,Parliament,General Delay,1,1,b/w,
2017/01/12,196,3:30:00 PM,Thursday,Downsview stn,Mechanical,3,6,n,1534
2017/01/12,771,3:32:00 PM,Thursday,Wilson Station,Utilized Off Route,1,1,n,8191
2017/01/12,21,3:33:00 PM,Thursday,St. Clair and Birchmount,Mechanical,12,26,NB,7810
2017/01/12,89,3:33:00 PM,Thursday,Weston and Albion,Mechanical,7,14,sb,1607
2017/01/12,39,3:34:00 PM,Thursday,McNicol and Victoria Park,Utilized Off Route,12,24,W,1111
2017/01/12,87,3:34:00 PM,Thursday,main stn,Utilized Off Route,15,30,n/b,8124
2017/01/12,24,3:34:00 PM,Thursday,Victoria Park Station,Late Leaving Garage,9,17,BW,
2017/01/12,54,3:35:00 PM,Thursday,Eglinton stn,Utilized Off Route,11,22,,7664
2017/01/12,199,3:36:00 PM,Thursday,Finch Station,Late Leaving Garage,12,24,E,1748
2017/01/12,6,3:37:00 PM,Thursday,Davenport and Yonge,Utilized Off Route,11,22,S,1032
2017/01/12,771,3:38:00 PM,Thursday,Downsview Station,Utilized Off Route,1,1,n,8304
2017/01/12,751,3:38:00 PM,Thursday,Downsview stn,Utilized Off Route,0,0,n,8304
2017/01/12,38,3:38:00 PM,Thursday,STC,Utilized Off Route,6,12,E,1704
2017/01/12,185,3:38:00 PM,Thursday,Freshmeadow and Donmills,Mechanical,8,16,WB,7569
2017/01/12,52,3:39:00 PM,Thursday,Lawrence stn,Utilized Off Route,11,22,w/b,1353
2017/01/12,131,3:40:00 PM,Thursday,Kennedy,Utilized Off Route,8,17,65598,1772
2017/01/12,751,3:40:00 PM,Thursday,Downsview stn,Utilized Off Route,0,0,n,1550
2017/01/12,771,3:40:00 PM,Thursday,Downsview Station,Utilized Off Route,1,1,n,1550
2017/01/12,32,3:41:00 PM,Thursday,Emmitt ave. and Hospital  road,Utilized Off Route,8,16,EB,1505
2017/01/12,100,3:41:00 PM,Thursday,broadview stn,Utilized Off Route,6,11,E,7661
2017/01/12,29,3:42:00 PM,Thursday,Springhurst,Utilized Off Route,5,10,n,9048
2017/01/12,44,3:42:00 PM,Thursday,Kipling Station,Utilized Off Route,4,9,S,7914
2017/01/12,54,3:42:00 PM,Thursday,Eglinton yard,Utilized Off Route,10,20,,7624
2017/01/12,186,3:43:00 PM,Thursday,York Mills Stn.,Utilized Off Route,11,22,w,8477
2017/01/12,85,3:44:00 PM,Thursday,Don Mills Stn,Utilized Off Route,6,12,E,9090
2017/01/12,116,3:44:00 PM,Thursday,Kennedy stn,Utilized Off Route,12,24,E,7679
2017/01/12,63,3:45:00 PM,Thursday,Ossington station,Utilized Off Route,5,10,N,1548
2017/01/12,25,3:46:00 PM,Thursday,pape stn,Utilized Off Route,8,16,E,7489
2017/01/12,48,3:46:00 PM,Thursday,Royal York Station,Utilized Off Route,8,20,W,8048
2017/01/12,41,3:46:00 PM,Thursday,Keele and Rogers,Utilized Off Route,9,18,nb,9138
2017/01/12,195,3:46:00 PM,Thursday,JNST,Utilized Off Route,10,20,N,8467
2017/01/12,196,3:49:00 PM,Thursday,Sheppard Stn,Utilized Off Route,7,14,WB,1805
2017/01/12,41,3:49:00 PM,Thursday,Keele and Keele Gate,Investigation,9,18,nb,9152
2017/01/12,196,3:49:00 PM,Thursday,Downsview stn,Mechanical,2,4,n,1362
2017/01/12,106,3:51:00 PM,Thursday,Downsview station,Utilized Off Route,10,20,e/b,8452
2017/01/12,60,3:53:00 PM,Thursday,Finch Station,Utilized Off Route,7,14,W,7976
2017/01/12,186,3:54:00 PM,Thursday,York Mills Stn.,Utilized Off Route,11,22,w,8606
2017/01/12,43,3:56:00 PM,Thursday,Scarborough Town Centre,Mechanical,10,20,SB,7522
2017/01/12,133,3:56:00 PM,Thursday,Morningside and Staines,Utilized Off Route,7,14,sb,1290
2017/01/12,116,3:56:00 PM,Thursday,Kennedy stn,Utilized Off Route,12,24,E,7426
2017/01/12,41,3:57:00 PM,Thursday,Keele Stn,Utilized Off Route,1,1,sb,1581
2017/01/12,57,3:58:00 PM,Thursday,Lawrence and Midland,Mechanical,8,16,NB,7738
2017/01/12,24,3:59:00 PM,Thursday,Victoria Park Station,Utilized Off Route,1,1,BW,7772
2017/01/12,67,4:00:00 PM,Thursday,Pharmacy and Comstock,Mechanical,10,20,N,7580
2017/01/12,112,4:00:00 PM,Thursday,Kipling Station,General Delay,20,37,B/W,
2017/01/12,87,4:00:00 PM,Thursday,Main to Broadview,General Delay,1,1,B/W,
2017/01/12,133,4:00:00 PM,Thursday,Sewells Rd-Neilson Rd,Mechanical,7,14,nb,1761
2017/01/12,12,4:05:00 PM,Thursday,Victoria Park Station,Utilized Off Route,14,28,EB,8109
2017/01/12,196,4:07:00 PM,Thursday,Downsview stn,Mechanical,3,6,n,1677
2017/01/12,60,4:10:00 PM,Thursday,York University Commons,Mechanical,7,14,E,7952
2017/01/12,80,4:12:00 PM,Thursday,Keele stn,Utilized Off Route,30,60,n/b,8421
2017/01/12,41,4:44:00 PM,Thursday,St Clair Old Weston rd,Diversion,63,70,nb,1589
2017/01/12,161,4:45:00 PM,Thursday,Cliff and Alliance,Diversion,627,647,B/W,
2017/01/12,67,4:50:00 PM,Thursday,Victoria Park STN,Mechanical,10,20,N,7500
2017/01/12,52,4:52:00 PM,Thursday,Lawrence West stn,Utilized Off Route,11,22,w/b,1361
2017/01/12,53,5:00:00 PM,Thursday,St George Station,Utilized Off Route,15,30,wb,1321
2017/01/12,52,5:00:00 PM,Thursday,Broadview & Danforth,Utilized Off Route,11,22,w/b,1406
2017/01/12,129,5:00:00 PM,Thursday,Broadview and O'Connor,Utilized Off Route,8,12,wb,1283
2017/01/12,94,5:00:00 PM,Thursday,Wellesley Stn  to Ossington Stn,General Delay,15,30,BW,
2017/01/12,199,5:01:00 PM,Thursday,Bathurst and Eglinton,Utilized Off Route,4,8,N,1104
2017/01/12,6,5:03:00 PM,Thursday,St. George Station,Utilized Off Route,11,22,N,1249
2017/01/12,709,5:05:00 PM,Thursday,Bay /Bloor,Utilized Off Route,1,1,wb,1625
2017/01/12,60,5:05:00 PM,Thursday,Bloor & Ossington,Utilized Off Route,7,14,W,8547
2017/01/12,168,5:09:00 PM,Thursday,Old Weston Rd and St Clair Ave W,Diversion,24,31,N,7906
2017/01/12,168,5:10:00 PM,Thursday,Dundas West Station to Avon Loop,General Delay,15,22,BW,
2017/01/12,29,5:12:00 PM,Thursday,Dufferin and Bloor,Utilized Off Route,5,10,n,9002
2017/01/12,709,5:15:00 PM,Thursday,Mt. Dennis Garage,Utilized Off Route,1,1,wb,1618
2017/01/12,102,5:15:00 PM,Thursday,Warden Station,Utilized Off Route,10,20,,7734
2017/01/12,7,5:19:00 PM,Thursday,Bathurst Stn,Utilized Off Route,9,18,NB,1805
2017/01/12,771,5:20:00 PM,Thursday,Wilson Station,Utilized Off Route,1,1,n,8379
2017/01/12,771,5:20:00 PM,Thursday,Wilson Station,Utilized Off Route,1,1,n,8191
2017/01/12,771,5:20:00 PM,Thursday,Downsview stn,Utilized Off Route,1,1,n,8304
2017/01/12,771,5:20:00 PM,Thursday,Downsview stn,Utilized Off Route,1,1,n,1550
2017/01/12,54,5:20:00 PM,Thursday,Eglinton Station,Utilized Off Route,11,22,EB,7458
2017/01/12,35,5:20:00 PM,Thursday,Bloor and Ossington,Utilized Off Route,7,14,W,1302
2017/01/12,94,5:21:00 PM,Thursday,Ossington Station,Utilized Off Route,15,30,BW,7825
2017/01/12,188,5:22:00 PM,Thursday,Kipling Station,Utilized Off Route,8,15,S,7966
2017/01/12,87,5:22:00 PM,Thursday,MAIN STN,Utilized Off Route,5,10,n/b,7795
2017/01/12,85,5:24:00 PM,Thursday,Yonge Stn,Utilized Off Route,16,32,E,1217
2017/01/12,121,5:24:00 PM,Thursday,fort york,Utilized Off Route,10,20,n/b,7867
2017/01/12,199,5:25:00 PM,Thursday,Finch Station,Utilized Off Route,4,12,E,1137
2017/01/12,780,5:25:00 PM,Thursday,Lawrance RT station,Utilized Off Route,1,1,EB,7606
2017/01/12,32,5:25:00 PM,Thursday,Eglinton stn.,Utilized Off Route,8,17,wb,1659
2017/01/12,25,5:25:00 PM,Thursday,Pape stn,Utilized Off Route,5,12,n,7518
2017/01/12,12,5:25:00 PM,Thursday,Kennedy Station,Utilized Off Route,14,28,WB,7833
2017/01/12,127,5:25:00 PM,Thursday,St Clair and Old Weston Rd,Diversion,20,40,nb,1587
2017/01/12,68,5:27:00 PM,Thursday,Warden stn,Utilized Off Route,6,12,up,7591
2017/01/12,95,5:28:00 PM,Thursday,York Mills station,Utilized Off Route,8,17,E,1760
2017/01/12,709,5:28:00 PM,Thursday,Eglinton West Stn.,Utilized Off Route,1,1,wb,1557
2017/01/12,780,5:29:00 PM,Thursday,Kennedy Station,Utilized Off Route,1,1,EB,7593
2017/01/12,35,5:30:00 PM,Thursday,Bloor to Ossington,Utilized Off Route,7,14,W,8553
2017/01/12,44,5:30:00 PM,Thursday,Kipling Station,Utilized Off Route,5,10,S,8052
2017/01/12,54,5:30:00 PM,Thursday,Eglinton Station,Utilized Off Route,11,22,EB,7494
2017/01/12,75,5:30:00 PM,Thursday,Bloor Sherbourne,Utilized Off Route,6,12,SB,8364
2017/01/12,34,5:30:00 PM,Thursday,Eglinton Station,Utilized Off Route,10,20,EB,7711
2017/01/12,165,5:35:00 PM,Thursday,Wilson and Jane,Utilized Off Route,8,24,E,8436
2017/01/12,38,5:38:00 PM,Thursday,STC,Utilized Off Route,6,12,E,1091
2017/01/12,90,5:39:00 PM,Thursday,Oakwood and Vaughn,Utilized Off Route,5,10,SB,8209
2017/01/12,196,5:39:00 PM,Thursday,Downsview stn,Utilized Off Route,3,6,n,8301
2017/01/12,95,5:39:00 PM,Thursday,York Mills,Utilized Off Route,9,18,E,1723
2017/01/12,80,5:40:00 PM,Thursday,Keele stn,Utilized Off Route,30,60,n/b,8421
2017/01/12,36,5:40:00 PM,Thursday,Finch Station,Utilized Off Route,7,14,W/B,9128
2017/01/12,25,5:40:00 PM,Thursday,pape stn,Utilized Off Route,5,7,n,7443
2017/01/12,124,5:40:00 PM,Thursday,lawrence Station,Utilized Off Route,7,14,WB,8327
2017/01/12,199,5:41:00 PM,Thursday,York University Commons,Utilized Off Route,12,24,E,1403
2017/01/12,100,5:42:00 PM,Thursday,Broadview Station,Utilized Off Route,6,11,NB,7434
2017/01/12,94,5:43:00 PM,Thursday,Castle Frank Station,Utilized Off Route,15,30,BW,7708
2017/01/12,79,5:44:00 PM,Thursday,Runnymede Station,Utilized Off Route,14,28,N,1044
2017/01/12,28,5:45:00 PM,Thursday,Brickworks,Utilized Off Route,20,40,n,1370
2017/01/12,74,5:45:00 PM,Thursday,Doncliffe Loop,Utilized Off Route,20,40,SB,8180
2017/01/12,63,5:45:00 PM,Thursday,Ossington station,Utilized Off Route,5,10,S,1024
2017/01/12,29,5:45:00 PM,Thursday,Springhurst Loop,Utilized Off Route,5,10,n,9053
2017/01/12,83,5:45:00 PM,Thursday,Lakeshore GARAGE,Investigation,12,24,n/b,7776
2017/01/12,68,5:46:00 PM,Thursday,Steeles loop,Mechanical,7,14,down,7622
2017/01/12,34,5:46:00 PM,Thursday,Eglinton Station,Utilized Off Route,4,8,EB,7582
2017/01/12,62,5:49:00 PM,Thursday,main stn,Utilized Off Route,15,30,n/b,8125
2017/01/12,188,5:50:00 PM,Thursday,Kipling Station,Utilized Off Route,8,15,S,8035
2017/01/12,89,5:50:00 PM,Thursday,Keele stn,Utilized Off Route,7,14,sb,1612
2017/01/12,52,5:50:00 PM,Thursday,Lawrence & Weston,Utilized Off Route,11,22,w/b,1553
2017/01/12,32,5:50:00 PM,Thursday,Eg. West Stn.,Utilized Off Route,8,16,eb,1611
2017/01/12,24,5:50:00 PM,Thursday,Victoria Park Station,Utilized Off Route,9,17,BW,7714
2017/01/12,35,5:50:00 PM,Thursday,JNST,Utilized Off Route,7,14,N,1274
2017/01/12,52,5:50:00 PM,Thursday,Jane & Lawrence,Utilized Off Route,11,22,w/b,1030
2017/01/12,6,5:50:00 PM,Thursday,Bay and Queen,Utilized Off Route,6,11,S,1408
2017/01/12,16,5:51:00 PM,Thursday,Warden Station,Utilized Off Route,8,16,,8140
2017/01/12,96,5:54:00 PM,Thursday,Wilson and Jane,Utilized Off Route,22,44,E,8484
2017/01/12,95,5:54:00 PM,Thursday,York Mills station,Utilized Off Route,8,17,23844,1112
2017/01/12,72,5:54:00 PM,Thursday,Pape Station,Utilized Off Route,14,28,WB,7740
2017/01/12,110,5:55:00 PM,Thursday,Islington stn,Utilized Off Route,12,24,n/b,8024
2017/01/12,102,5:55:00 PM,Thursday,Warden Station,Utilized Off Route,10,20,,7744
2017/01/12,54,5:55:00 PM,Thursday,Eglinton Station,Utilized Off Route,11,22,EB,7691
2017/01/12,111,5:55:00 PM,Thursday,Kipling stn,Utilized Off Route,10,20,e/b,8002
2017/01/12,195,5:56:00 PM,Thursday,JNST,Utilized Off Route,10,20,N,8533
2017/01/12,76,5:56:00 PM,Thursday,Royal York Station,Utilized Off Route,5,10,S,8400
2017/01/12,32,5:58:00 PM,Thursday,Eglinton West Stn.,Utilized Off Route,8,16,wb,1066
2017/01/12,25,5:58:00 PM,Thursday,pape station,Utilized Off Route,5,12,n,7401
2017/01/12,34,5:58:00 PM,Thursday,Eglinton Station,Utilized Off Route,4,8,EB,7689
2017/01/12,39,5:58:00 PM,Thursday,Finch Station,Utilized Off Route,12,18,E,1119
2017/01/12,191,5:59:00 PM,Thursday,Kipling station,Utilized Off Route,6,12,s/b,7973
2017/01/12,36,6:00:00 PM,Thursday,Finch Station,Utilized Off Route,8,15,W/B,9130
2017/01/12,33,6:00:00 PM,Thursday,St Clair West,Utilized Off Route,20,40,NB,8385
2017/01/12,96,6:01:00 PM,Thursday,York Mills Stn.,Utilized Off Route,22,44,W,8439
2017/01/12,119,6:02:00 PM,Thursday,Arrow and Bartor,Utilized Off Route,25,50,E,1292
2017/01/12,68,6:04:00 PM,Thursday,Warden stn,Utilized Off Route,7,14,up,7521
2017/01/12,22,6:04:00 PM,Thursday,Coxwell stn,Utilized Off Route,10,20,down,7619
2017/01/12,81,6:12:00 PM,Thursday,Pape Station,Utilized Off Route,7,14,NB,7775
2017/01/12,86,6:18:00 PM,Thursday,Kennedys stn,Utilized Off Route,10,20,Down,7553
2017/01/12,118,6:20:00 PM,Thursday,Wilson Stn.,Mechanical,25,50,W,7937
2017/01/12,199,6:21:00 PM,Thursday,Leslie and Finch,Mechanical,12,24,W,1352
2017/01/12,190,6:34:00 PM,Thursday,DonMills stn,Mechanical,5,10,w,7696
2017/01/12,42,6:45:00 PM,Thursday,Finch Station,Emergency Services,20,40,EB,8380
2017/01/12,34,6:52:00 PM,Thursday,Eglinton STN,Mechanical,12,28,E,7711
2017/01/12,22,7:24:00 PM,Thursday,Scarborough/Kingston Rd,Investigation,10,20,up,7648
2017/01/12,199,7:37:00 PM,Thursday,STC,Utilized Off Route,7,13,W,1081
2017/01/12,129,7:58:00 PM,Thursday,STC SRT,Mechanical,6,12,nb,1132
2017/01/12,759,8:20:00 PM,Thursday,Mount Dennis Garage,Utilized Off Route,1,1,,1010
2017/01/12,106,8:28:00 PM,Thursday,Commons,Mechanical,18,36,e/b,8452
2017/01/12,14,9:00:00 PM,Thursday,Chaplin and Davisville,Diversion,240,280,E/B,1043
2017/01/12,39,9:02:00 PM,Thursday,Baldoon and Finch,Late Leaving Garage,10,16,W,1277
2017/01/12,62,9:54:00 PM,Thursday,main stn,Mechanical,20,40,n/b,8125
2017/01/12,41,9:54:00 PM,Thursday,Keele and Sheppard,Diversion,46,82,S/B,1589
2017/01/12,130,9:59:00 PM,Thursday,STC,Mechanical,22,44,E,1774
2017/01/12,199,10:02:00 PM,Thursday,STC,Utilized Off Route,15,28,W,1288
2017/01/12,87,10:05:00 PM,Thursday,main stn,Utilized Off Route,10,20,n/b,7701
2017/01/12,165,11:00:00 PM,Thursday,Weston and Bradstock,Diversion,9,231,B/W,1240
2017/01/12,84,11:00:00 PM,Thursday,Weston and Bradstock,Diversion,10,210,B/W,8578
2017/01/12,72,11:02:00 PM,Thursday,Bay and Wellington,Mechanical,18,36,sb,7742
2017/01/12,86,11:16:00 PM,Thursday,Morningside/Kingston rd,Mechanical,10,20,down,7553
2017/01/13,102,12:20:00 AM,Friday,Warden Station,Utilized Off Route,10,20,BW,8165
2017/01/13,87,12:35:00 AM,Friday,Main Station,Mechanical,10,20,BW,8117
2017/01/13,53,1:41:00 AM,Friday,FSTN,Emergency Services,19,38,E,1147
2017/01/13,384,2:15:00 AM,Friday,Weston Rd and Bradstock,Diversion,1,1,B/W,8578
2017/01/13,84,4:39:00 AM,Friday,Bradstock and Weston Rd.,Diversion,595,605,W,8606
2017/01/13,133,5:04:00 AM,Friday,Mornigside Ave and Finch Ave,Late Leaving Garage,5,10,s,1110
2017/01/13,25,5:05:00 AM,Friday,Pape Station,Mechanical,7,14,NB,7400
2017/01/13,113,5:14:00 AM,Friday,MAIN STATION,Late Leaving Garage,5,0,E,7741
2017/01/13,165,5:23:00 AM,Friday,Bradstock and Weston,Diversion,605,615,S,1344
2017/01/13,102,5:28:00 AM,Friday,MARKHAM AND EGLINTON,Mechanical,30,50,NB,8127
2017/01/13,29,5:33:00 AM,Friday,Wilson Station,Mechanical,9,18,S,9004
2017/01/13,117,5:37:00 AM,Friday,Steeles and Alness,Mechanical,18,0,S/B,1370
2017/01/13,85,5:45:00 AM,Friday,Meadowvale Loop,Late Leaving Garage,13,26,w,9075
2017/01/13,97,5:54:00 AM,Friday,Lawrence Station,Late Leaving Garage,35,70,NB,1684
2017/01/13,24,5:58:00 AM,Friday,DANFORTH/VP,Late Leaving Garage,10,16,N,7795
2017/01/13,29,6:00:00 AM,Friday,Wilson station,Late Leaving Garage,9,18,S,9033
2017/01/13,95,6:02:00 AM,Friday,Wilson Garage,Late Leaving Garage,7,14,EB,8355
2017/01/13,84,6:03:00 AM,Friday,Sheppard / Arrow,Late Leaving Garage,15,20,EB,1339
2017/01/13,36,6:06:00 AM,Friday,Finch Station,Late Leaving Garage,22,44,,9113
2017/01/13,86,6:08:00 AM,Friday,Kennedy Stn,Late Leaving Garage,10,20,E,7435
2017/01/13,116,6:09:00 AM,Friday,Kennedy Stn,Late Leaving Garage,10,20,N,7487
2017/01/13,43,6:10:00 AM,Friday,Kennedy STN,Mechanical,10,20,N/B,7564
2017/01/13,85,6:14:00 AM,Friday,Rouge Hill Go Station,Late Leaving Garage,13,26,w,9073
2017/01/13,54,6:14:00 AM,Friday,Eglinton STN,Late Leaving Garage,9,18,E/B,7546
2017/01/13,45,6:18:00 AM,Friday,Kipling Steeles,Late Leaving Garage,6,11,S/B,7955
2017/01/13,85,6:23:00 AM,Friday,Meadowvale Loop,Late Leaving Garage,13,26,w,9069
2017/01/13,56,6:23:00 AM,Friday,Eglinton station,Late Leaving Garage,20,52,S,1681
2017/01/13,190,6:25:00 AM,Friday,STC,Mechanical,6,12,WB,7497
2017/01/13,122,6:26:00 AM,Friday,Roywood underpass Gate,Late Leaving Garage,12,24,E,1680
2017/01/13,60,6:26:00 AM,Friday,Signal Hill and Steeles,Mechanical,10,20,e,8580
2017/01/13,36,6:27:00 AM,Friday,Humberwood Loop,Late Leaving Garage,5,11,,9117
2017/01/13,88,6:30:00 AM,Friday,St Clair Station,Late Leaving Garage,12,24,SB,1511
2017/01/13,132,6:32:00 AM,Friday,Sewells and Brenyon Way,Late Leaving Garage,13,25,n,1212
2017/01/13,196,6:33:00 AM,Friday,Commons,Mechanical,5,10,W/B,8365
2017/01/13,29,6:36:00 AM,Friday,Dufferin Mall,Late Leaving Garage,15,22,N,9019
2017/01/13,34,6:39:00 AM,Friday,Kennedy Station,Mechanical,4,8,WB,7658
2017/01/13,29,6:42:00 AM,Friday,Princess gate,Late Leaving Garage,5,9,N,9047
2017/01/13,84,6:42:00 AM,Friday,Sheppard and Bathurst,Investigation,7,14,w/b,8603
2017/01/13,41,6:46:00 AM,Friday,Keele stn,Mechanical,11,22,n/b,9141
2017/01/13,7,6:47:00 AM,Friday,Bathurst and Joicey,Investigation,12,24,n/b,9003
2017/01/13,24,6:50:00 AM,Friday,VICTORIA PARK STEELES,Mechanical,8,17,S,7849
2017/01/13,102,6:56:00 AM,Friday,warden stn,Late Leaving Garage,10,20,nb,7834
2017/01/13,196,6:58:00 AM,Friday,Shepard Stn,Mechanical,8,0,W/B,1802
2017/01/13,143,7:00:00 AM,Friday,Neville Loop,Late Leaving Garage,15,19,W,8135
2017/01/13,199,7:02:00 AM,Friday,Scarborough Town Centre,Utilized Off Route,7,11,w,1099
2017/01/13,20,7:07:00 AM,Friday,MAIN STATION,Late Leaving Garage,11,22,E,
2017/01/13,52,7:12:00 AM,Friday,Lawrence and Corona,Investigation,3,6,e,1503
2017/01/13,57,7:12:00 AM,Friday,Kennedy Stn,Mechanical,8,16,N,7738
2017/01/13,68,7:13:00 AM,Friday,Warden at Steeles Loop,Mechanical,5,10,S/B,7410
2017/01/13,102,7:15:00 AM,Friday,WARDEN STN,Mechanical,10,20,NB,8140
2017/01/13,59,7:21:00 AM,Friday,Lawrence Ave West and Corona St,Diversion,13,25,W,8531
2017/01/13,29,7:21:00 AM,Friday,Wilson Station,Late Leaving Garage,9,18,S,9040
2017/01/13,44,7:23:00 AM,Friday,Kipling Station,Mechanical,5,9,S/B,8049
2017/01/13,23,7:30:00 AM,Friday,Main Station,Mechanical,5,10,SB,7741
2017/01/13,102,7:45:00 AM,Friday,WARDEN STN,Utilized Off Route,10,20,NB,8132
2017/01/13,43,7:45:00 AM,Friday,Kennedy STN,Mechanical,10,20,N/B,7700
2017/01/13,6,8:00:00 AM,Friday,Entire route,General Delay,8,8,BW,
2017/01/13,52,8:06:00 AM,Friday,Elm and Lawrence,Mechanical,3,6,w,1586
2017/01/13,59,8:11:00 AM,Friday,Lawrence Ave West and Corona St,Investigation,13,26,E,8566
2017/01/13,102,8:15:00 AM,Friday,on route,General Delay,11,1,bw,
2017/01/13,53,8:20:00 AM,Friday,Markham and Passmore,Mechanical,9,14,W,1080
2017/01/13,21,8:45:00 AM,Friday,Kennedy Stn.,Mechanical,10,20,N,7881
2017/01/13,52,8:50:00 AM,Friday,Lawrence and Corona,Investigation,3,6,e,1649
2017/01/13,11,8:59:00 AM,Friday,Davisville station,Mechanical,16,32,N,8209
2017/01/13,81,9:00:00 AM,Friday,Pape Stn,Mechanical,10,20,N,8131
2017/01/13,124,9:10:00 AM,Friday,Entire Route,General Delay,1,1,WB,8305
2017/01/13,100,9:26:00 AM,Friday,Don Mills and Wynford,Mechanical,6,13,SB,7711
2017/01/13,100,9:33:00 AM,Friday,Don Mills and Wynford,Mechanical,7,13,SB,7596
2017/01/13,63,9:50:00 AM,Friday,Osington and Dundas,Investigation,10,20,SB,1646
2017/01/13,199,9:56:00 AM,Friday,Wilfred and Finch Ave,Mechanical,4,8,EB,1094
2017/01/13,191,10:00:00 AM,Friday,Kipling Stn,Mechanical,5,10,Nb,7931
2017/01/13,96,10:21:00 AM,Friday,Wilson Station,Mechanical,21,42,E,8537
2017/01/13,129,10:58:00 AM,Friday,McCowan and 16th Ave,Mechanical,28,56,s,1097
2017/01/13,12,11:22:00 AM,Friday,Kennedy Stn,Mechanical,20,40,W,7752
2017/01/13,1,12:00:00 PM,Friday,Test,Late Leaving Garage,1,0,,1
2017/01/13,90,12:24:00 PM,Friday,St.clair west stn,Utilized Off Route,8,16,n/b,8207
2017/01/13,29,12:35:00 PM,Friday,Bloor,Utilized Off Route,5,10,S,9056
2017/01/13,43,12:47:00 PM,Friday,Kennedy STN,Mechanical,10,20,N/B,7564
2017/01/13,11,12:47:00 PM,Friday,Davisville Stn,Utilized Off Route,12,24,n,1810
2017/01/13,11,12:47:00 PM,Friday,Davisville Stn,Utilized Off Route,12,24,n,1810
2017/01/13,28,12:58:00 PM,Friday,Brickworks,Mechanical,20,40,n,1807
2017/01/13,199,1:00:00 PM,Friday,Finch Station,Mechanical,4,12,EB,1736
2017/01/13,7,1:10:00 PM,Friday,Bathurst and Steeles,Mechanical,10,19,s/b,9046
2017/01/13,111,1:25:00 PM,Friday,Kipling Station,Utilized Off Route,12,24,N,7913
2017/01/13,47,1:25:00 PM,Friday,Lansdowne & Davenport,Investigation,15,30,s/b,1619
2017/01/13,100,1:33:00 PM,Friday,Concord Place,Mechanical,6,13,S,7478
2017/01/13,44,1:36:00 PM,Friday,Kipling Station,Utilized Off Route,6,13,S/B,8062
2017/01/13,7,1:40:00 PM,Friday,Bathurst Stn,Mechanical,9,19,n/b,9021
2017/01/13,97,1:55:00 PM,Friday,Yorkmills stn,Mechanical,30,60,s/b,9335
2017/01/13,195,2:00:00 PM,Friday,FJAN - Jane / Finch West,Mechanical,10,20,S,8466
2017/01/13,116,2:02:00 PM,Friday,Kennedy station,Mechanical,10,20,dn,7580
2017/01/13,32,2:10:00 PM,Friday,Skymark Ave,Utilized Off Route,10,20,E,1572
2017/01/13,111,2:11:00 PM,Friday,Eastmall at Dundas,Utilized Off Route,12,21,S,7913
2017/01/13,39,2:13:00 PM,Friday,Leslie and Finch,Mechanical,20,39,E,1079
2017/01/13,107,2:15:00 PM,Friday,Keele and Finch,Investigation,32,57,,8386
2017/01/13,115,2:18:00 PM,Friday,Leslie and Farmstead,Investigation,20,40,n,1672
2017/01/13,85,2:33:00 PM,Friday,Malvern Gates,Mechanical,13,25,W,9091
2017/01/13,16,2:33:00 PM,Friday,STC,Mechanical,10,20,sb,7858
2017/01/13,79,2:38:00 PM,Friday,Pine and Lawrence,Late Leaving Garage,8,29,S,1595
2017/01/13,41,2:40:00 PM,Friday,Keele and Finch,Diversion,35,44,nb,1384
2017/01/13,7,2:40:00 PM,Friday,Bathurst and Wilson,Mechanical,8,16,n/b,9030
2017/01/13,81,2:43:00 PM,Friday,Pape Station,Late Leaving Garage,8,16,NB,7797
2017/01/13,24,2:46:00 PM,Friday,Don Mills Stn,Late Leaving Garage,16,32,sb,7751
2017/01/13,17,2:47:00 PM,Friday,WARDEN STN,Late Leaving Garage,8,16,NB,7781
2017/01/13,20,2:48:00 PM,Friday,Main Stn,Late Leaving Garage,14,28,SB,7834
2017/01/13,31,2:49:00 PM,Friday,Greenwood,Late Leaving Garage,10,20,SB,7783
2017/01/13,32,2:50:00 PM,Friday,Elinton Ave,Late Leaving Garage,8,16,W,1654
2017/01/13,102,2:50:00 PM,Friday,ST. CLAIR AND MIDLAND,Mechanical,5,10,NB,8156
2017/01/13,131,2:52:00 PM,Friday,STC,Mechanical,13,22,N,1146
2017/01/13,24,2:53:00 PM,Friday,Victoria Park,Late Leaving Garage,12,24,NB,7784
2017/01/13,52,2:53:00 PM,Friday,Jane and Church,Late Leaving Garage,8,12,E,1416
2017/01/13,35,2:54:00 PM,Friday,jste - Jane / Steeles,Late Leaving Garage,5,10,S,1381
2017/01/13,196,3:00:00 PM,Friday,Sheppard stn,Mechanical,8,15,WB`,1374
2017/01/13,56,3:00:00 PM,Friday,Eglinton Station,Mechanical,14,23,n,1385
2017/01/13,709,3:01:00 PM,Friday,Eglinton Ave W,Late Leaving Garage,1,1,B/W,1007
2017/01/13,17,3:01:00 PM,Friday,WARDEN STN,Mechanical,25,50,NB,8136
2017/01/13,16,3:04:00 PM,Friday,STC,Late Leaving Garage,9,18,sb,7876
2017/01/13,65,3:07:00 PM,Friday,castle frank stn,Late Leaving Garage,5,10,N.B,8127
2017/01/13,57,3:08:00 PM,Friday,Midland and Steeles,Late Leaving Garage,12,24,SB,7820
2017/01/13,39,3:10:00 PM,Friday,McNicoll and Victoria Park,Late Leaving Garage,12,24,W,1145
2017/01/13,709,3:10:00 PM,Friday,Emmett Ave,Utilized Off Route,1,1,E,1399
2017/01/13,113,3:14:00 PM,Friday,Kennedy Stn,Mechanical,13,26,SB,8117
2017/01/13,72,3:15:00 PM,Friday,Front and Bay,Late Leaving Garage,14,28,EB,8164
2017/01/13,199,3:16:00 PM,Friday,Morningside and Nighstar,Late Leaving Garage,10,22,W,1754
2017/01/13,106,3:16:00 PM,Friday,Sentinal,Late Leaving Garage,8,16,Eb,1
2017/01/13,45,3:21:00 PM,Friday,Belfield at Hwy 27,Diversion,18,42,S,8081
2017/01/13,21,3:22:00 PM,Friday,Scarborough Town Centre,Late Leaving Garage,9,18,NB,7864
2017/01/13,106,3:23:00 PM,Friday,Sentinal,Late Leaving Garage,8,16,Eb,1
2017/01/13,54,3:28:00 PM,Friday,Lawrance and Scarborough Golf club rd,Late Leaving Garage,11,22,WB,7647
2017/01/13,87,3:29:00 PM,Friday,Main stn,Late Leaving Garage,5,10,N.B,7707
2017/01/13,105,3:31:00 PM,Friday,Dufferin and steele,Mechanical,32,32,,8304
2017/01/13,16,3:34:00 PM,Friday,WARDEN STN,Mechanical,10,20,NB,8184
2017/01/13,52,3:34:00 PM,Friday,Terminal 1,Mechanical,11,16,E,1015
2017/01/13,6,3:37:00 PM,Friday,Daveport & Yonge,Late Leaving Garage,11,22,s/b,1539
2017/01/13,11,3:40:00 PM,Friday,Sheppard and Bayview,Mechanical,17,34,s,8209
2017/01/13,11,3:42:00 PM,Friday,Sunnybrook.,Utilized Off Route,8,17,s,1689
2017/01/13,54,3:45:00 PM,Friday,Lawrance and Warden,Mechanical,11,22,WB,7691
2017/01/13,60,3:48:00 PM,Friday,York University Commons,Utilized Off Route,7,14,E,8540
2017/01/13,11,3:59:00 PM,Friday,Davisville Stn,Utilized Off Route,7,15,n,8346
2017/01/13,34,4:00:00 PM,Friday,Eglinton STN,Investigation,4,8,E,7524
2017/01/13,56,4:00:00 PM,Friday,Eglinton Stn,Investigation,5,24,e,1680
2017/01/13,36,4:00:00 PM,Friday,Finch Station to Humberwood Loop,General Delay,20,25,B/W,
2017/01/13,121,4:00:00 PM,Friday,Strachan,General Delay,1,1,b/w,
2017/01/13,144,4:01:00 PM,Friday,Jarvis and Richmond,Late Leaving Garage,20,40,W,7425
2017/01/13,85,4:02:00 PM,Friday,Maqlvern Gates,Mechanical,6,13,W,9087
2017/01/13,87,4:05:00 PM,Friday,Main Stn,Utilized Off Route,5,10,WB,7770
2017/01/13,34,4:10:00 PM,Friday,Eglinton and Labovic,Mechanical,4,8,E,7605
2017/01/13,143,4:11:00 PM,Friday,Sherbourne and Richmound,Late Leaving Garage,25,50,EB,8110
2017/01/13,78,4:15:00 PM,Friday,Yorkmills Station,Mechanical,15,30,e,1824
2017/01/13,32,4:22:00 PM,Friday,Eglinton Station,Mechanical,9,18,W,1281
2017/01/13,63,4:25:00 PM,Friday,Ossington Station,Mechanical,5,10,S,1395
2017/01/13,52,4:27:00 PM,Friday,Lawrence Station,Mechanical,6,17,W,1044
2017/01/13,75,4:28:00 PM,Friday,Bloor and Sherbourne,Mechanical,6,12,n/b,1347
2017/01/13,41,4:30:00 PM,Friday,The Commons,Mechanical,15,29,sb,1645
2017/01/13,72,4:30:00 PM,Friday,Pape Station,Utilized Off Route,14,28,WB,7769
2017/01/13,95,4:31:00 PM,Friday,York Mills Route,General Delay,15,30,B/W,1720
2017/01/13,102,4:35:00 PM,Friday,Warden Station,Utilized Off Route,10,20,BW,8140
2017/01/13,129,4:36:00 PM,Friday,Milner,Investigation,5,13,NB,1740
2017/01/13,54,4:37:00 PM,Friday,Lawrance and McCowan,Investigation,11,22,EB,7510
2017/01/13,10,4:40:00 PM,Friday,Donmills Stn,Mechanical,10,20,,1367
2017/01/13,54,4:50:00 PM,Friday,Eglinton Station,Mechanical,11,22,EB,7647
2017/01/13,39,5:00:00 PM,Friday,Finch Stn to Old Finch,General Delay,16,34,BW,
2017/01/13,199,5:00:00 PM,Friday,York U _ Morningside and Nighstar,General Delay,18,30,BW,
2017/01/13,13,5:00:00 PM,Friday,Steeles & Wintermute,Mechanical,8,16,SB,7836
2017/01/13,52,5:04:00 PM,Friday,Lawrence Station,Utilized Off Route,11,22,W,1543
2017/01/13,95,5:10:00 PM,Friday,Kingston Rd,Mechanical,9,18,W,1741
2017/01/13,111,5:25:00 PM,Friday,WILLOWRIDGE AND RICHGROVE,Mechanical,10,20,w/b,8037
2017/01/13,35,5:37:00 PM,Friday,Jane / Troutbrooke,Emergency Services,5,10,S,1048
2017/01/13,93,5:40:00 PM,Friday,Sandra / Oconnor,Investigation,30,60,n/b,8115
2017/01/13,129,5:44:00 PM,Friday,Hwy 401 and McCowan,Mechanical,8,12,SB,9081
2017/01/13,25,5:45:00 PM,Friday,pape station,Mechanical,8,17,s,7536
2017/01/13,196,5:49:00 PM,Friday,York University,Utilized Off Route,7,15,n/b,8376
2017/01/13,91,5:58:00 PM,Friday,Woodbine stn,Utilized Off Route,10,20,n/b,8163
2017/01/13,96,6:04:00 PM,Friday,wilson at Jane,Mechanical,22,44,W,8500
2017/01/13,196,6:10:00 PM,Friday,Downsview Stn,Mechanical,3,6,NB,8210
2017/01/13,199,6:15:00 PM,Friday,York U Commons,Mechanical,12,24,E,1125
2017/01/13,102,6:40:00 PM,Friday,407 & Markham,Investigation,20,40,NB,7804
2017/01/13,199,6:46:00 PM,Friday,Leslie and Finch,Mechanical,4,12,E,1781
2017/01/13,102,6:49:00 PM,Friday,Steeles & Markham,Utilized Off Route,8,10,SB,7853
2017/01/13,31,6:50:00 PM,Friday,SB Linsmore Crs,Diversion,10,20,NB,7764
2017/01/13,108,7:14:00 PM,Friday,Driftwood and Jane,Mechanical,13,26,s/b,8480
2017/01/13,21,7:39:00 PM,Friday,Kennedy Station,Mechanical,11,22,NB,7864
2017/01/13,42,7:55:00 PM,Friday,Finch stn,Mechanical,10,20,e/b,8308
2017/01/13,95,8:08:00 PM,Friday,Mornelle Court\,Investigation,6,13,WB,1216
2017/01/13,185,8:38:00 PM,Friday,Pape station,Mechanical,10,20,s,7508
2017/01/13,14,9:03:00 PM,Friday,Davisville Station,Diversion,240,280,E/B,1658
2017/01/13,29,9:09:00 PM,Friday,Dufferin & Eversfield,Mechanical,6,12,N,8359
2017/01/13,39,9:10:00 PM,Friday,Leslie,Mechanical,16,32,EB,1100
2017/01/13,165,9:45:00 PM,Friday,Weston and Gary Ray Dr.,Mechanical,9,19,w,1237
2017/01/13,47,9:54:00 PM,Friday,Lansdowne and College,Diversion,92,132,S/B,1610
2017/01/13,6,9:59:00 PM,Friday,Bay and Front,Diversion,15,45,S/B,1353
2017/01/13,165,11:00:00 PM,Friday,Weston and Bradstock,Diversion,1,1,s,1240
2017/01/13,84,11:00:00 PM,Friday,Weston and Bradstock,Diversion,1,1,B/W,8578
2017/01/13,36,11:07:00 PM,Friday,Driftwood and Finch,Diversion,49,49,E/B,9111
2017/01/13,36,11:46:00 PM,Friday,Tobermory and Finch,Diversion,1,1,W/b,8514
2017/01/13,17,11:49:00 PM,Friday,Warden & Steeles Loop,Mechanical,22,46,BW,7721
2017/01/14,192,12:00:00 AM,Saturday,Kipling Station,Emergency Services,10,20,N,8003
2017/01/14,131,12:38:00 AM,Saturday,MVOF,Mechanical,15,30,WB,1750
2017/01/14,32,12:58:00 AM,Saturday,Eglinton West Station,Mechanical,10,20,W/B,1057
2017/01/14,199,1:08:00 AM,Saturday,STC,Utilized Off Route,9,18,WB,1116
2017/01/14,84,1:53:00 AM,Saturday,Senlac and Sheppard,Diversion,1,1,e,8569
2017/01/14,54,1:57:00 AM,Saturday,Eglinton Stn,Mechanical,20,40,WB,7458
2017/01/14,320,2:16:00 AM,Saturday,Carlton and Yonge,Investigation,3,6,N/B,8191
2017/01/14,300,2:24:00 AM,Saturday,Islington,Mechanical,10,30,EB,8074
2017/01/14,354,3:09:00 AM,Saturday,Starspray on Lawrence,Mechanical,30,60,BW,7458
2017/01/14,307,3:10:00 AM,Saturday,Nassau St and Bathurst,Investigation,20,40,N/b,9049
2017/01/14,300,3:24:00 AM,Saturday,Bloor - Danforth,General Delay,20,40,BW,
2017/01/14,320,3:32:00 AM,Saturday,Hollywood and Yonge,Utilized Off Route,3,6,S/b,8324
2017/01/14,395,4:37:00 AM,Saturday,Markham,Mechanical,30,60,WB,1132
2017/01/14,300,4:44:00 AM,Saturday,Kennedy Stn,Mechanical,30,55,WB,8130
2017/01/14,96,5:04:00 AM,Saturday,Wilson Station,Late Leaving Garage,12,24,W,8500
2017/01/14,84,5:15:00 AM,Saturday,Senlac and Sheppard Ave West,Diversion,125,135,B/W,8522
2017/01/14,300,5:38:00 AM,Saturday,Danforth/Danforth,Mechanical,30,60,W/B,7417
2017/01/14,39,5:42:00 AM,Saturday,Finch Station,Late Leaving Garage,14,28,EB,1081
2017/01/14,39,5:56:00 AM,Saturday,Baldoon/Finch,Late Leaving Garage,14,28,EB,1110
2017/01/14,84,6:03:00 AM,Saturday,Rivalda and Sheppard,Mechanical,11,22,W,8552
2017/01/14,45,6:13:00 AM,Saturday,Kipling stn,Mechanical,10,20,n/b,8070
2017/01/14,25,6:20:00 AM,Saturday,Pape STN,Mechanical,10,20,N/B,7647
2017/01/14,90,6:46:00 AM,Saturday,St clair W station,Mechanical,12,24,W,1579
2017/01/14,94,7:00:00 AM,Saturday,Wellesley route,Diversion,865,885,BW,7802
2017/01/14,33,7:10:00 AM,Saturday,Spadina anf Eglinton,Mechanical,20,40,s/b,8308
2017/01/14,195,7:29:00 AM,Saturday,Jane and Steeles,Late Leaving Garage,10,20,S,1285
2017/01/14,107,7:30:00 AM,Saturday,Drummond/Teston,Mechanical,30,60,S,8338
2017/01/14,102,7:35:00 AM,Saturday,SB Markham and Ellesmere,Utilized Off Route,10,20,SB,8140
2017/01/14,68,8:09:00 AM,Saturday,Warden STN,Mechanical,9,42,N/B,7568
2017/01/14,20,8:15:00 AM,Saturday,Warden and Danforth,Mechanical,20,40,EB,7796
2017/01/14,116,8:31:00 AM,Saturday,Kennedy STN,Investigation,10,20,E/B,7481
2017/01/14,87,8:55:00 AM,Saturday,Main Station,Mechanical,10,20,WB,7736
2017/01/14,125,9:15:00 AM,Saturday,Finch Station,Mechanical,15,30,W,8376
2017/01/14,24,9:15:00 AM,Saturday,Steeles,Mechanical,10,20,SB,8156
2017/01/14,52,9:50:00 AM,Saturday,Pine and Lawrence,Mechanical,12,27,w/b,1329
2017/01/14,34,10:02:00 AM,Saturday,Eglinton Ave E and Pharmacy Ave,Mechanical,7,15,WB,7580
2017/01/14,85,10:50:00 AM,Saturday,Malvern Gate,Mechanical,8,15,E/B,1328
2017/01/14,132,11:00:00 AM,Saturday,Scarborough Town Center,Investigation,30,60,EB,1128
2017/01/14,95,11:00:00 AM,Saturday,Parkington Cr. On Ellesmere,Investigation,9,17,E,1100
2017/01/14,199,11:10:00 AM,Saturday,Scarborough Town Center,Utilized Off Route,9,18,EB,1124
2017/01/14,41,11:15:00 AM,Saturday,Keele and Sheppard,Mechanical,9,19,n/b,1016
2017/01/14,196,11:15:00 AM,Saturday,Downsview STN,Utilized Off Route,8,15,NB,8209
2017/01/14,16,11:40:00 AM,Saturday,Warden STn,Mechanical,10,20,N,7801
2017/01/14,39,11:46:00 AM,Saturday,FSTN,Investigation,6,12,E,1086
2017/01/14,53,11:47:00 AM,Saturday,Steeles/ Henderson,Mechanical,17,34,WB,1082
2017/01/14,37,12:01:00 PM,Saturday,Islington Stn,Late Leaving Garage,9,22,N/B,8075
2017/01/14,29,12:05:00 PM,Saturday,Queen Street,Diversion,19,25,N,1675
2017/01/14,85,1:01:00 PM,Saturday,don Mills Stn,Mechanical,5,11,E,1096
2017/01/14,53,1:16:00 PM,Saturday,Markham and Passmore,Late Leaving Garage,10,16,w,1258
2017/01/14,87,1:30:00 PM,Saturday,Broadview Station,Utilized Off Route,10,20,E,7730
2017/01/14,89,1:35:00 PM,Saturday,Weston and Dennis,Investigation,10,20,N,1379
2017/01/14,35,1:44:00 PM,Saturday,Jane station,Mechanical,24,48,n/b,8503
2017/01/14,32,1:56:00 PM,Saturday,Ennerdale & Eglinton,Mechanical,9,18,w/b,1578
2017/01/14,85,2:28:00 PM,Saturday,Sheppard and Brimley,Mechanical,5,11,E,1282
2017/01/14,36,2:32:00 PM,Saturday,Finch and Tobemory,Diversion,19,25,W/B,8448
2017/01/14,85,2:34:00 PM,Saturday,Sheppard @ Pharmacy,Mechanical,6,11,E,1704
2017/01/14,191,2:37:00 PM,Saturday,Steeles Loop,Mechanical,10,20,S/B,7940
2017/01/14,12,2:40:00 PM,Saturday,Bingham loop,Mechanical,17,34,SB,7744
2017/01/14,196,3:30:00 PM,Saturday,Downsview Stn,Mechanical,8,16,n/b,8379
2017/01/14,123,3:30:00 PM,Saturday,Kipling Station,Mechanical,20,40,S/B,8023
2017/01/14,29,3:35:00 PM,Saturday,Wilson STN,Utilized Off Route,3,6,SB,1815
2017/01/14,87,3:35:00 PM,Saturday,Main Stn,Utilized Off Route,10,20,wb,7730
2017/01/14,40,4:00:00 PM,Saturday,Dundas West Station to Runnymede Loop,General Delay,10,20,,
2017/01/14,52,4:00:00 PM,Saturday,Lawrence Ave W at Blackcreek,Mechanical,7,14,W,1024
2017/01/14,97,4:30:00 PM,Saturday,Yonge & Finch,Investigation,30,60,NB,1814
2017/01/14,132,4:33:00 PM,Saturday,Forgate and Breyonway,Investigation,30,60,E,1401
2017/01/14,34,4:34:00 PM,Saturday,Kennedy STN,Mechanical,15,34,WB,7564
2017/01/14,7,4:37:00 PM,Saturday,Village Gate,Mechanical,8,15,s/b,9030
2017/01/14,29,4:40:00 PM,Saturday,Dufferin and Bloor,Investigation,3,6,s,9001
2017/01/14,29,4:44:00 PM,Saturday,Wilson STN,Utilized Off Route,3,6,SB,1673
2017/01/14,199,4:50:00 PM,Saturday,Scarborough Town center,Utilized Off Route,6,12,N,1124
2017/01/14,53,5:00:00 PM,Saturday,Passmore and Markham,Investigation,10,16,N,1280
2017/01/14,7,5:00:00 PM,Saturday,Bathurst Stn,Mechanical,7,15,n/b,8389
2017/01/14,52,5:05:00 PM,Saturday,Lawrence Ave W at Shermount Ave,Mechanical,17,34,E,1502
2017/01/14,41,5:13:00 PM,Saturday,Commons,Mechanical,8,15,S,1071
2017/01/14,35,5:21:00 PM,Saturday,Jane and Sheppard,Mechanical,8,16,s/b,8610
2017/01/14,196,5:26:00 PM,Saturday,Sheppard and Yonge,Utilized Off Route,15,30,n/b,8301
2017/01/14,29,5:30:00 PM,Saturday,Dufferin and Davenport,Diversion,15,18,n,9045
2017/01/14,56,5:45:00 PM,Saturday,Laird Dr/Vanderhoof Ave,Mechanical,24,48,S/B,1677
2017/01/14,65,5:46:00 PM,Saturday,Esplanade,Mechanical,16,32,N,7828
2017/01/14,94,5:54:00 PM,Saturday,Catlefrank Station,Utilized Off Route,13,26,W,7755
2017/01/14,36,6:04:00 PM,Saturday,Finch Station,Mechanical,5,9,E/B,8606
2017/01/14,190,6:50:00 PM,Saturday,Sheppard & Midland,Mechanical,1,1,dn,7604
2017/01/14,21,7:09:00 PM,Saturday,Brimley Road and Haileybury Drive,Diversion,64,77,SB,7719
2017/01/14,39,7:11:00 PM,Saturday,neilson Rd and Crow Trail,Utilized Off Route,12,24,WB,1222
2017/01/14,133,7:13:00 PM,Saturday,Neilson @Crow Trail,Diversion,447,10,S,1721
2017/01/14,133,7:25:00 PM,Saturday,Neilson @ Crow Trail,Emergency Services,10,20,S,1785
2017/01/14,39,7:32:00 PM,Saturday,Neilson Rd and Crow Trail,Diversion,425,453,EB,1402
2017/01/14,89,8:00:00 PM,Saturday,West Toronto Street and Keele,Diversion,10,30,S,
2017/01/14,41,8:00:00 PM,Saturday,West Toronto Street and Keele,Diversion,20,36,S,
2017/01/14,21,8:38:00 PM,Saturday,Kennedy stn,Mechanical,20,40,s.b,7723
2017/01/14,60,9:14:00 PM,Saturday,Route 60,General Delay,11,18,BW,
2017/01/14,26,9:14:00 PM,Saturday,Dupont and Manning,Investigation,24,48,E,1325
2017/01/14,161,9:21:00 PM,Saturday,Rogers Rd at Dufferin St,Investigation,15,30,E,1348
2017/01/14,133,9:30:00 PM,Saturday,Neilson and Finch,Diversion,10,310,NB,1283
2017/01/14,36,9:35:00 PM,Saturday,Finch w & Rumike,Diversion,114,124,BW,
2017/01/14,89,10:00:00 PM,Saturday,Keele Station,Utilized Off Route,10,20,N,1007
2017/01/14,47,10:06:00 PM,Saturday,Earls Court Loop,Mechanical,20,40,S,1564
2017/01/14,121,10:08:00 PM,Saturday,Front St and York St,Diversion,27,42,EB,7769
2017/01/14,89,11:12:00 PM,Saturday,Weston and Jane,Emergency Services,10,20,S,1395
2017/01/14,36,11:56:00 PM,Saturday,Driftwood and Finch,Diversion,1,1,E/b,9132
2017/01/15,39,12:15:00 AM,Sunday,Warden and Finch Ave,Mechanical,8,16,WB,1293
2017/01/15,68,12:50:00 AM,Sunday,Warden and Ellesmere,Diversion,1,1,S,
2017/01/15,68,12:50:00 AM,Sunday,Warden and Ellesmere,Emergency Services,17,33,S,7409
2017/01/15,95,1:15:00 AM,Sunday,Warden On Ellesmere,Diversion,10,62,WB,1100
2017/01/15,334,2:15:00 AM,Sunday,Neilson and Finch,Diversion,30,97,BW,7553
2017/01/15,339,2:30:00 AM,Sunday,Neilson Rd and Crow Trail,Diversion,52,82,WB,1222
2017/01/15,300,2:58:00 AM,Sunday,T3,Mechanical,30,60,EB,7844
2017/01/15,116,3:10:00 AM,Sunday,Ellesmere On Morningside,Emergency Services,20,40,EB,7655
2017/01/15,332,3:50:00 AM,Sunday,Renforth & Silverdart,Mechanical,30,60,W,1659
2017/01/15,41,4:13:00 AM,Sunday,Keele & Yore,Diversion,61,91,S,1005
2017/01/15,300,4:42:00 AM,Sunday,Danforth and Bloor,General Delay,17,47,EB,7838
2017/01/15,320,5:40:00 AM,Sunday,Wilson Garage,Mechanical,4,8,S,1665
2017/01/15,300,6:20:00 AM,Sunday,East Mall,Mechanical,5,20,E,1538
2017/01/15,89,6:46:00 AM,Sunday,Keele stn,Late Leaving Garage,10,20,n,1050
2017/01/15,102,6:52:00 AM,Sunday,Steeles and Markham,Late Leaving Garage,10,20,SB,7851
2017/01/15,199,7:15:00 AM,Sunday,Scar Town Centre Station,Late Leaving Garage,12,24,W,1784
2017/01/15,35,7:22:00 AM,Sunday,JNST,Late Leaving Garage,12,24,N,8530
2017/01/15,109,7:33:00 AM,Sunday,Neptune,Mechanical,15,30,S,8368
2017/01/15,109,7:47:00 AM,Sunday,Lawrence west station,Late Leaving Garage,15,30,N,8381
2017/01/15,196,8:00:00 AM,Sunday,Downsview Station,Late Leaving Garage,8,16,N,1701
2017/01/15,32,8:15:00 AM,Sunday,Eglinton west stn,Mechanical,10,20,w,1048
2017/01/15,51,8:15:00 AM,Sunday,Eglinton station,Late Leaving Garage,30,60,E,8389
2017/01/15,102,8:18:00 AM,Sunday,shepperd,Mechanical,10,20,N/B,7834
2017/01/15,32,8:45:00 AM,Sunday,Weston / Eglinton,Utilized Off Route,10,20,w,1048
2017/01/15,89,8:45:00 AM,Sunday,Weston / Ray,Mechanical,10,20,s,1052
2017/01/15,165,9:21:00 AM,Sunday,York Mills Station,Investigation,36,72,W,8516
2017/01/15,86,9:23:00 AM,Sunday,Kennedy STN,Late Leaving Garage,8,15,E,7513
2017/01/15,100,10:20:00 AM,Sunday,Broadview STN,Mechanical,10,20,N,7538
2017/01/15,36,10:22:00 AM,Sunday,Arrow Garage,Mechanical,5,10,E,8465
2017/01/15,36,10:41:00 AM,Sunday,Arrow Road Division,Mechanical,5,10,E,1332
2017/01/15,16,10:44:00 AM,Sunday,stc,Late Leaving Garage,12,24,S/B,8127
2017/01/15,81,10:55:00 AM,Sunday,65 Thorncliffe Drive,Mechanical,10,20,S,7708
2017/01/15,39,10:56:00 AM,Sunday,McCowan and Finch,Mechanical,17,34,W/B,1098
2017/01/15,132,11:30:00 AM,Sunday,Scar Town Centre Station,Mechanical,30,60,E,1089
2017/01/15,95,11:34:00 AM,Sunday,Kennedy and Ellesmere,Mechanical,20,40,E/B,1204
2017/01/15,25,11:56:00 AM,Sunday,FMDM,Mechanical,8,16,SB,7522
2017/01/15,26,11:58:00 AM,Sunday,Dupont / Kendal,Investigation,24,48,e,1406
2017/01/15,90,12:02:00 PM,Sunday,St. Clair West Station,Late Leaving Garage,8,16,nb,8333
2017/01/15,29,12:02:00 PM,Sunday,Wilson Station,Mechanical,4,8,s,9004
2017/01/15,199,12:05:00 PM,Sunday,Birchmount and Finch,Mechanical,8,16,E/B,1082
2017/01/15,29,12:13:00 PM,Sunday,Wilson Station,Mechanical,4,8,s,9052
2017/01/15,84,12:14:00 PM,Sunday,Sheppard Stn.,Late Leaving Garage,7,14,w,1237
2017/01/15,32,12:18:00 PM,Sunday,Eglinton / Keele,Investigation,10,20,w,1057
2017/01/15,95,12:25:00 PM,Sunday,Warden and Ellesmere,Mechanical,18,35,W/B,1132
2017/01/15,7,12:31:00 PM,Sunday,Bathurst Station,Late Leaving Garage,7,15,N,9044
2017/01/15,39,12:38:00 PM,Sunday,Finch Station,Late Leaving Garage,16,32,E/B,1720
2017/01/15,51,12:51:00 PM,Sunday,Eglinton stn,Mechanical,20,40,n,1681
2017/01/15,16,1:05:00 PM,Sunday,Mccowan on Mccowan,Mechanical,12,24,e/b,8123
2017/01/15,70,1:13:00 PM,Sunday,Woodbine and O'Connor,Investigation,10,40,N/B,7565
2017/01/15,102,1:22:00 PM,Sunday,st clair,Late Leaving Garage,10,20,n/b,7845
2017/01/15,36,2:12:00 PM,Sunday,Finch W / Arrow Rd.,Mechanical,5,10,E,8450
2017/01/15,102,2:19:00 PM,Sunday,Steeles and Markham rd,Mechanical,19,38,n/b,7788
2017/01/15,94,2:20:00 PM,Sunday,Wellesley Stn,Mechanical,13,26,wb,8108
2017/01/15,7,2:54:00 PM,Sunday,Wilson Ave,Mechanical,7,14,S,9034
2017/01/15,16,3:18:00 PM,Sunday,Warden Station,Mechanical,12,24,EB,8146
2017/01/15,7,3:37:00 PM,Sunday,Steeles,Mechanical,7,15,S,9016
2017/01/15,5,3:40:00 PM,Sunday,Dupont,Investigation,15,30,n,1702
2017/01/15,68,4:07:00 PM,Sunday,Hunting Wood Dr and Warden Ave,Investigation,30,60,NB,7457
2017/01/15,29,4:45:00 PM,Sunday,Dufferin/Bloor,Mechanical,4,8,Nb,8359
2017/01/15,89,5:03:00 PM,Sunday,Keele Stn,Mechanical,10,20,n,1512
2017/01/15,760,5:22:00 PM,Sunday,Hunting Wood Dr and Warden Ave,Mechanical,1,1,SB,7678
2017/01/15,35,6:08:00 PM,Sunday,Jane and Queen,Investigation,20,40,,7942
2017/01/15,25,6:09:00 PM,Sunday,Don Mills/Gateway Blvd.,Mechanical,8,16,SB,7663
2017/01/15,52,6:14:00 PM,Sunday,Celestine and Dixon,Investigation,19,36,w,1023
2017/01/15,7,6:27:00 PM,Sunday,Steeles,Mechanical,7,15,S,9003
2017/01/15,32,7:33:00 PM,Sunday,Eglinton stn,Emergency Services,10,20,w/b,1570
2017/01/15,25,7:41:00 PM,Sunday,Overlea/Thorncliffe Park,Investigation,8,16,SB,7508
2017/01/15,45,8:30:00 PM,Sunday,"On Kipling, at Esther Lorrie",Diversion,334,344,B/W,
2017/01/15,97,9:00:00 PM,Sunday,Yonge/Sherwood,Diversion,1,1,N/B,
2017/01/15,102,9:04:00 PM,Sunday,BIRCHMOUNT GARAGE,Late Leaving Garage,10,20,N/B,8126
2017/01/15,39,9:10:00 PM,Sunday,Finch Station,Mechanical,20,40,EB,1084
2017/01/15,87,9:15:00 PM,Sunday,Main Station,Mechanical,10,20,NB,7825
2017/01/15,39,9:20:00 PM,Sunday,Finch Station,Mechanical,20,40,EB,1084
2017/01/15,24,9:46:00 PM,Sunday,Steeles Loop at Victoria Park Ave,Mechanical,10,20,SB,7732
2017/01/15,87,10:45:00 PM,Sunday,Main Station,Utilized Off Route,10,20,NB,8119
2017/01/15,165,11:20:00 PM,Sunday,Steeles & Barmac,Utilized Off Route,10,20,N,8447
2017/01/15,52,11:38:00 PM,Sunday,Lawrence station,Emergency Services,20,40,e,1503
2017/01/16,64,12:03:00 AM,Monday,Main Station,Mechanical,20,40,SB,7778
2017/01/16,87,12:05:00 AM,Monday,Main Station,Utilized Off Route,10,20,NB,8171
2017/01/16,87,12:25:00 AM,Monday,Main Station,Utilized Off Route,10,20,NB,7850
2017/01/16,85,12:31:00 AM,Monday,DONS,Mechanical,20,40,E,9088
2017/01/16,45,12:43:00 AM,Monday,Kipling stn,Investigation,10,20,s/b,8400
2017/01/16,7,1:24:00 AM,Monday,Bathurst stn,Mechanical,10,20,s/b,9030
2017/01/16,34,1:28:00 AM,Monday,Kennedy Stn,Mechanical,10,20,WB,7575
2017/01/16,302,2:03:00 AM,Monday,BRIMLEY AND DANFORTH,Investigation,30,60,N,8146
2017/01/16,320,2:35:00 AM,Monday,Yonge & Belsize,Investigation,7,14,S,1664
2017/01/16,300,3:29:00 AM,Monday,BLOOR AND DUNDAS,Emergency Services,30,60,W,8077
2017/01/16,60,4:52:00 AM,Monday,Steeles Loop.,Late Leaving Garage,20,40,E/b,1327
2017/01/16,87,5:17:00 AM,Monday,MAIN STATION,Late Leaving Garage,5,10,W,7824
2017/01/16,53,5:18:00 AM,Monday,Morningside and Finch Ave,Mechanical,5,10,w,9064
2017/01/16,85,5:25:00 AM,Monday,Meadowvale Loop,Late Leaving Garage,5,17,w,9059
2017/01/16,95,5:27:00 AM,Monday,Markham rd and Ellesmere,Mechanical,7,14,W,1786
2017/01/16,39,5:37:00 AM,Monday,Baldoon - Finch,Late Leaving Garage,5,7,E,1216
2017/01/16,36,5:44:00 AM,Monday,Arrow Garage,Late Leaving Garage,5,10,w,9113
2017/01/16,69,5:52:00 AM,Monday,Danforth and Birchmount,Late Leaving Garage,18,36,NB,8165
2017/01/16,52,5:53:00 AM,Monday,Lawrence stn,Late Leaving Garage,6,18,w,1655
2017/01/16,75,5:55:00 AM,Monday,Sherbourne and King,Diversion,15,46,s,8215
2017/01/16,97,5:55:00 AM,Monday,Hilda and Steeles,Late Leaving Garage,30,60,S,1820
2017/01/16,107,5:55:00 AM,Monday,Downsview Stn.,Mechanical,12,0,N/B,8352
2017/01/16,36,6:00:00 AM,Monday,Humberwood loop,Late Leaving Garage,5,10,E,9119
2017/01/16,88,6:00:00 AM,Monday,St Clair Station,Late Leaving Garage,12,24,S,1714
2017/01/16,32,6:01:00 AM,Monday,Keele and Eglinton,Late Leaving Garage,6,12,E/B,1551
2017/01/16,102,6:02:00 AM,Monday,Warden Stn,Late Leaving Garage,10,20,NB,8140
2017/01/16,34,6:09:00 AM,Monday,Kennedy STN,Late Leaving Garage,4,8,WB,7405
2017/01/16,86,6:09:00 AM,Monday,Meadowvale Loop,Mechanical,8,15,sb,7564
2017/01/16,199,6:12:00 AM,Monday,Malvern Garage,Late Leaving Garage,10,14,E,1736
2017/01/16,6,6:15:00 AM,Monday,Bedford and Dupont,Late Leaving Garage,8,16,SB,1586
2017/01/16,73,6:15:00 AM,Monday,ROYAL YORK STN,Mechanical,15,30,n/b,8024
2017/01/16,12,6:15:00 AM,Monday,Victoria Park Stn,Late Leaving Garage,11,23,E,8168
2017/01/16,41,6:17:00 AM,Monday,Keele stn,Late Leaving Garage,15,30,n,9150
2017/01/16,190,6:17:00 AM,Monday,STC,Late Leaving Garage,6,12,w,7616
2017/01/16,199,6:20:00 AM,Monday,Scar Town Centre Station,Late Leaving Garage,11,23,W,1773
2017/01/16,32,6:23:00 AM,Monday,Keele and Eglinton,Late Leaving Garage,6,12,E/B,1409
2017/01/16,54,6:23:00 AM,Monday,Eglinton ave Laird ave,Mechanical,6,12,eb,7453
2017/01/16,122,6:26:00 AM,Monday,Roywood and Underpass,Mechanical,12,24,W,8360
2017/01/16,29,6:27:00 AM,Monday,Wilson Station,Mechanical,9,18,s,9030
2017/01/16,195,6:27:00 AM,Monday,Jane and Steeles,Late Leaving Garage,9,18,S/b,1236
2017/01/16,29,6:28:00 AM,Monday,Dufferin and Bloor,Mechanical,10,20,n,9042
2017/01/16,84,6:30:00 AM,Monday,Jane / Steeles,Late Leaving Garage,17,34,SB,8544
2017/01/16,78,6:35:00 AM,Monday,Carluke anf Fifeshire,Mechanical,10,18,W,8351
2017/01/16,195,6:36:00 AM,Monday,Jane and Steeles,Late Leaving Garage,8,16,S/b,8608
2017/01/16,23,6:37:00 AM,Monday,rexleigh,Late Leaving Garage,5,10,n/b,7828
2017/01/16,7,6:38:00 AM,Monday,Bathurst and Village Gate,Late Leaving Garage,7,15,,9001
2017/01/16,54,6:40:00 AM,Monday,Lawrence Greencrest circt,Diversion,18,24,eb,7489
2017/01/16,41,6:44:00 AM,Monday,Keele stn,Late Leaving Garage,15,30,n,1594
2017/01/16,96,6:45:00 AM,Monday,humberline,Investigation,18,36,e,8585
2017/01/16,89,6:45:00 AM,Monday,Weston / Albion,Late Leaving Garage,5,10,s,1641
2017/01/16,53,6:49:00 AM,Monday,Passmore and Markham Rd,Late Leaving Garage,5,10,w,9085
2017/01/16,84,6:50:00 AM,Monday,Shepp Stn,Late Leaving Garage,17,34,Nb,7931
2017/01/16,190,6:54:00 AM,Monday,Don Mills Stn.,Mechanical,6,10,w,7438
2017/01/16,39,6:55:00 AM,Monday,Finch Station,Mechanical,4,9,E,1231
2017/01/16,102,6:57:00 AM,Monday,Warden Stn,Late Leaving Garage,10,20,NB,
2017/01/16,131,7:00:00 AM,Monday,Scarborough Town Center,Late Leaving Garage,8,16,B/W,1755
2017/01/16,20,7:07:00 AM,Monday,MAIN STATION,Late Leaving Garage,11,22,E,
2017/01/16,59,7:07:00 AM,Monday,Lawrence West Station,Mechanical,24,48,W,1338
2017/01/16,102,7:07:00 AM,Monday,Warden Stn,Late Leaving Garage,10,20,NB,8171
2017/01/16,52,7:10:00 AM,Monday,Law w stn,Mechanical,12,24,e,1620
2017/01/16,36,7:15:00 AM,Monday,Finch station,Late Leaving Garage,5,10,E,9130
2017/01/16,29,7:15:00 AM,Monday,Dufferin and Springhurst,Investigation,4,8,s,9048
2017/01/16,70,7:24:00 AM,Monday,Danforth and Coxwell,Mechanical,9,18,sb,7486
2017/01/16,24,7:37:00 AM,Monday,VP STATION,Mechanical,9,17,N,7805
2017/01/16,190,7:50:00 AM,Monday,Warden Ave and Sheppard Ave E,Utilized Off Route,6,12,,7484
2017/01/16,39,8:07:00 AM,Monday,Neilson - Crow trail,Mechanical,5,14,W,1122
2017/01/16,36,8:18:00 AM,Monday,Humberwood loop,Mechanical,5,10,E,9130
2017/01/16,53,8:34:00 AM,Monday,Steeles Ave and Ferrier,Mechanical,5,10,w,1096
2017/01/16,61,8:43:00 AM,Monday,Avenue rd and Wilson,Mechanical,10,20,N,1344
2017/01/16,68,9:19:00 AM,Monday,Angus Glen CommunityCenter,Mechanical,25,50,sb,7614
2017/01/16,89,9:25:00 AM,Monday,Weston / Rogers,Mechanical,9,18,n,1007
2017/01/16,36,9:25:00 AM,Monday,Rumike,Diversion,116,126,E,9116
2017/01/16,86,9:48:00 AM,Monday,Metro Toronto Zoo,Mechanical,10,20,S/B,7443
2017/01/16,130,10:02:00 AM,Monday,Middlefield and Compass Court,Investigation,21,42,n,1767
2017/01/16,64,10:12:00 AM,Monday,Main stn,Mechanical,10,20,N/B,7843
2017/01/16,34,10:25:00 AM,Monday,Eglinton Ave E and O'Connor Dr,Mechanical,7,14,WB,7631
2017/01/16,134,10:27:00 AM,Monday,Scarborough Town Centre,Utilized Off Route,6,13,e,1716
2017/01/16,23,10:31:00 AM,Monday,St Clair,Mechanical,10,20,N/B,8143
2017/01/16,47,10:35:00 AM,Monday,Caledonia / Eglinton,Mechanical,15,30,s,1510
2017/01/16,54,10:46:00 AM,Monday,Eglinton stn,Mechanical,6,12,wb,7638
2017/01/16,54,10:49:00 AM,Monday,Lawrence Donway East,Investigation,6,12,wb,7482
2017/01/16,116,11:20:00 AM,Monday,2466 Eglinton Ave. E.,Mechanical,10,20,SB,7466
2017/01/16,52,11:55:00 AM,Monday,Lawrence and Welland st,Mechanical,13,26,w/b,1592
2017/01/16,129,12:03:00 PM,Monday,Huntingwood Dr and McCowan Rd,Mechanical,7,14,B/W,1135
2017/01/16,57,12:14:00 PM,Monday,Artillery and Midland,Diversion,28,40,b/w,
2017/01/16,29,12:23:00 PM,Monday,Wilson stn,Mechanical,5,10,s,9045
2017/01/16,129,12:30:00 PM,Monday,STC,Investigation,28,58,B/W,1317
2017/01/16,24,12:37:00 PM,Monday,Victoria Park & Steeles,Mechanical,10,20,sb,7746
2017/01/16,52,12:55:00 PM,Monday,Lawrence and Caledonia,Mechanical,8,18,w/b,1281
2017/01/16,188,1:37:00 PM,Monday,Kipling Stn,Mechanical,7,15,s,7945
2017/01/16,63,1:50:00 PM,Monday,Queen and Shaw,Diversion,35,40,S,
2017/01/16,35,1:55:00 PM,Monday,JNST,Late Leaving Garage,14,28,N,8593
2017/01/16,91,2:01:00 PM,Monday,Canforth and Lawrence,Mechanical,25,50,N,7842
2017/01/16,22,2:10:00 PM,Monday,Gerrard St E to Eastwood Rd On Coxwell Ave,Diversion,10,20,BW,7608
2017/01/16,199,2:10:00 PM,Monday,York U commons,Mechanical,12,24,E,1097
2017/01/16,87,2:10:00 PM,Monday,Broadview Station,Utilized Off Route,1,1,E,7867
2017/01/16,30,2:11:00 PM,Monday,Dundas/High Park,Mechanical,20,50,s,8418
2017/01/16,100,2:19:00 PM,Monday,Concorde Place,Mechanical,7,13,N,7450
2017/01/16,24,2:20:00 PM,Monday,Victoria Park Station,Utilized Off Route,1,1,NB,7799
2017/01/16,168,2:22:00 PM,Monday,Dundas West Stn,Utilized Off Route,10,20,n,7906
2017/01/16,199,2:24:00 PM,Monday,STC,Mechanical,4,8,N,1213
2017/01/16,86,2:26:00 PM,Monday,CDHS,Mechanical,8,1,NB,7451
2017/01/16,109,2:30:00 PM,Monday,Eglinton West station,Mechanical,15,35,N,8190
2017/01/16,760,2:30:00 PM,Monday,Eglinton Yard,Late Leaving Garage,1,1,W,7426
2017/01/16,65,2:36:00 PM,Monday,Castlefrank Station,Mechanical,9,18,S,7727
2017/01/16,185,2:37:00 PM,Monday,Eglinton Garage,Late Leaving Garage,1,1,NB,7668
2017/01/16,7,2:40:00 PM,Monday,Wilson,Mechanical,8,16,N,9037
2017/01/16,81,2:43:00 PM,Monday,Pape Station,Late Leaving Garage,8,16,NB,7782
2017/01/16,12,2:43:00 PM,Monday,Steeles and Mount Castle Gate,Late Leaving Garage,8,16,SB,8158
2017/01/16,17,2:45:00 PM,Monday,Kennedy Loop,Late Leaving Garage,8,16,NB,7873
2017/01/16,20,2:46:00 PM,Monday,Main Station,Mechanical,1,1,s,7846
2017/01/16,87,2:47:00 PM,Monday,Main Station,Utilized Off Route,10,20,BW,7867
2017/01/16,87,2:53:00 PM,Monday,Broadview Station,Mechanical,5,10,E,7847
2017/01/16,6,2:53:00 PM,Monday,Davenport and Yonge,Late Leaving Garage,11,16,S,1573
2017/01/16,129,2:57:00 PM,Monday,Scarborough Town Center,Late Leaving Garage,4,8,B/W,1100
2017/01/16,168,2:58:00 PM,Monday,DUNDAS WEST STN,Late Leaving Garage,6,12,E/B,7910
2017/01/16,20,3:00:00 PM,Monday,Main Station,Late Leaving Garage,14,28,BW,
2017/01/16,16,3:04:00 PM,Monday,STC,Late Leaving Garage,8,16,NB,7721
2017/01/16,199,3:06:00 PM,Monday,Morningside/ Nightstar,Late Leaving Garage,10,1,wb,1221
2017/01/16,63,3:07:00 PM,Monday,Eglinton West Stn,Mechanical,9,18,sb,1018
2017/01/16,192,3:10:00 PM,Monday,Terminal 3,Investigation,8,15,n/b,8005
2017/01/16,24,3:13:00 PM,Monday,Steeles & Victoria Park,Late Leaving Garage,13,13,SB,8158
2017/01/16,72,3:15:00 PM,Monday,Front and Bay,Late Leaving Garage,14,28,EB,7784
2017/01/16,21,3:22:00 PM,Monday,Scarborough Town Centre,Late Leaving Garage,9,18,NB,8112
2017/01/16,35,3:25:00 PM,Monday,JNST,Late Leaving Garage,15,30,N,1569
2017/01/16,24,3:25:00 PM,Monday,Victoria Park Station,Utilized Off Route,9,17,bw,7780
2017/01/16,43,3:25:00 PM,Monday,KENN,Investigation,9,19,N,7617
2017/01/16,24,3:25:00 PM,Monday,Victoria Park Station,Late Leaving Garage,,17,BW,7780
2017/01/16,24,3:26:00 PM,Monday,Victoria Park Station,Late Leaving Garage,1,1,nb,
2017/01/16,102,3:27:00 PM,Monday,Warden Stn,Late Leaving Garage,10,20,NB,7844
2017/01/16,109,3:27:00 PM,Monday,Lawrence West station,Investigation,14,28,n,1343
2017/01/16,52,3:28:00 PM,Monday,Lawrence west stn,Investigation,13,26,e/b,1071
2017/01/16,95,3:30:00 PM,Monday,Victoria Park and Ellesmere Ave,General Delay,10,22,WB,
2017/01/16,91,3:30:00 PM,Monday,Woodbine North route,General Delay,15,1,BW,
2017/01/16,102,3:32:00 PM,Monday,Warden Stn,Late Leaving Garage,20,40,NB,7835
2017/01/16,24,3:34:00 PM,Monday,Victoria Park Station,Late Leaving Garage,9,17,BW,8168
2017/01/16,68,3:35:00 PM,Monday,Steeles/warden,Mechanical,6,12,down,7538
2017/01/16,45,3:36:00 PM,Monday,Bloor/Islington - In front of Islington stn,Mechanical,6,10,w/b,8029
2017/01/16,43,3:36:00 PM,Monday,Progress and Kennedy,Diversion,204,219,B/W's,
2017/01/16,84,3:36:00 PM,Monday,Steeles and Norfinch,Mechanical,22,44,W/B,8482
2017/01/16,29,3:38:00 PM,Monday,Princess Gates,Mechanical,10,19,N/B,9017
2017/01/16,24,3:43:00 PM,Monday,Victoria Park & Steeles,Late Leaving Garage,9,17,SB,7853
2017/01/16,24,3:43:00 PM,Monday,Victoria Park Staiton,Late Leaving Garage,17,34,NB,8115
2017/01/16,38,3:45:00 PM,Monday,Scarborough Town Center RT Station,Mechanical,13,24,EB,1084
2017/01/16,24,3:48:00 PM,Monday,Victoria Park Station,Late Leaving Garage,8,16,NB,7824
2017/01/16,75,3:49:00 PM,Monday,Sherbourne and Bloor,Mechanical,6,12,S,8215
2017/01/16,161,3:52:00 PM,Monday,Rogers / Blackthorn,Diversion,90,101,B/W,
2017/01/16,87,3:59:00 PM,Monday,Main Station,Utilized Off Route,10,20,bw,7870
2017/01/16,11,3:59:00 PM,Monday,Davisville Stn,Utilized Off Route,7,15,n,1678
2017/01/16,121,4:00:00 PM,Monday,Fortyork route,General Delay,15,1,BW,
2017/01/16,41,4:00:00 PM,Monday,Entire route,General Delay,15,30,B/W,
2017/01/16,52,4:01:00 PM,Monday,Lawrence stn,Utilized Off Route,11,22,w/b,1589
2017/01/16,41,4:04:00 PM,Monday,York U Commons,Late Leaving Garage,14,1,S,9140
2017/01/16,127,4:09:00 PM,Monday,Spadina Station,Mechanical,20,40,W,1604
2017/01/16,24,4:13:00 PM,Monday,Sloane / Victoria Park,Mechanical,17,34,NB,7843
2017/01/16,116,4:17:00 PM,Monday,Kennedy station,Mechanical,6,12,NB,7490
2017/01/16,5,4:24:00 PM,Monday,Eglinton Stn,Mechanical,16,32,s,1828
2017/01/16,39,4:24:00 PM,Monday,Leslie/Finch,Mechanical,6,18,E,1717
2017/01/16,102,4:37:00 PM,Monday,Warden Station,Mechanical,10,20,,7779
2017/01/16,41,4:46:00 PM,Monday,Keele and Rustic,Investigation,10,21,S,9143
2017/01/16,52,4:50:00 PM,Monday,Keele and Lawrence,Mechanical,16,33,w/b,1048
2017/01/16,116,4:54:00 PM,Monday,Morningside/sewells,Mechanical,6,12,NB,7580
2017/01/16,57,4:55:00 PM,Monday,Kennedy Station,Mechanical,8,16,NB,7877
2017/01/16,95,4:56:00 PM,Monday,Parkington Cr and Ellesmere Rd,Mechanical,8,17,EB,1769
2017/01/16,52,5:04:00 PM,Monday,Royal York and Dixon,Utilized Off Route,11,22,e/b,1653
2017/01/16,66,5:12:00 PM,Monday,Parklawn Loop,Mechanical,12,24,s/b,8058
2017/01/16,77,5:17:00 PM,Monday,Beresford Ave. on Morningside,Mechanical,9,19,sb,1553
2017/01/16,32,5:26:00 PM,Monday,Pine and Lawrence,Utilized Off Route,8,17,eb,1526
2017/01/16,84,5:29:00 PM,Monday,Brentwood and Shepperd,Investigation,11,22,E/B,8436
2017/01/16,63,5:30:00 PM,Monday,Duro St and Strachan ave,Mechanical,9,18,sb,1611
2017/01/16,16,5:56:00 PM,Monday,16 McCowan Route,Diversion,114,122,BW,7750
2017/01/16,40,5:58:00 PM,Monday,Runnymede Loop,Mechanical,8,15,e/b,8094
2017/01/16,92,6:15:00 PM,Monday,Woodbine Station,Mechanical,9,18,S,7825
2017/01/16,24,6:15:00 PM,Monday,Victoria Park & Gordon Baker,Mechanical,8,17,SB,7879
2017/01/16,89,6:23:00 PM,Monday,Albion and weston,Mechanical,8,17,S,1024
2017/01/16,16,6:26:00 PM,Monday,16 McCowan Route,General Delay,1,1,,
2017/01/16,168,6:27:00 PM,Monday,Symington and Dupont,Mechanical,7,14,n/b,8056
2017/01/16,60,6:30:00 PM,Monday,York University Commons,Mechanical,7,14,E,8607
2017/01/16,29,6:45:00 PM,Monday,Wilson/Dufferin,Mechanical,7,22,s,1822
2017/01/16,12,7:11:00 PM,Monday,Midland and Kingston,Investigation,20,40,EB,7764
2017/01/16,95,7:13:00 PM,Monday,McCowan and Ellesmere Rd,Mechanical,14,28,EB,1108
2017/01/16,95,7:14:00 PM,Monday,Don Valley Parkway and Ellesmere,Mechanical,1,1,EB,1101
2017/01/16,25,7:20:00 PM,Monday,Eglinton and DonMills Rd,Mechanical,8,16,NB,7533
2017/01/16,38,7:26:00 PM,Monday,Scarborough Town Centre,Mechanical,9,18,NB,1798
2017/01/16,87,7:30:00 PM,Monday,Main Station,Utilized Off Route,6,12,W,7847
2017/01/16,53,8:00:00 PM,Monday,Woodbine and Steeles,Investigation,5,9,EB,1756
2017/01/16,109,8:11:00 PM,Monday,Varna and rainee,Diversion,240,270,N,1343
2017/01/16,24,8:23:00 PM,Monday,Victoria Park & Steeles,Mechanical,1,1,nb,7832
2017/01/16,160,8:25:00 PM,Monday,Sheppard,Mechanical,21,40,S,8181
2017/01/16,96,8:32:00 PM,Monday,Henley and Kipling,Diversion,1,1,E/B,8459
2017/01/16,7,8:39:00 PM,Monday,Bathurst station,Mechanical,5,10,N,9007
2017/01/16,73,8:56:00 PM,Monday,Islington/Albion,Mechanical,15,30,w/b,7905
2017/01/16,196,9:06:00 PM,Monday,Downsview station,Mechanical,4,8,N,1679
2017/01/16,95,9:51:00 PM,Monday,YORKMILLS AND LESLIE,Mechanical,14,28,E,1251
2017/01/16,100,9:52:00 PM,Monday,Broadview STN,Utilized Off Route,8,16,N,7512
2017/01/16,54,10:30:00 PM,Monday,Laird/Eglinton,Diversion,10,15,up,
2017/01/16,34,10:30:00 PM,Monday,Eglinton.Laird,Diversion,7,17,up,
2017/01/16,29,10:37:00 PM,Monday,Wilson Station,Mechanical,8,17,S,8337
2017/01/16,53,10:39:00 PM,Monday,Passmore and Markham,Mechanical,19,38,WB,1227
2017/01/16,51,10:42:00 PM,Monday,Eglinton and Laird,Diversion,44,74,W,1376
2017/01/16,63,11:08:00 PM,Monday,Eglinton west Station,Mechanical,10,20,S/B,1032
2017/01/16,95,11:35:00 PM,Monday,SCLP,Mechanical,10,20,E,1132
2017/01/16,165,11:57:00 PM,Monday,York Mills Station,Emergency Services,10,20,w,8560
2017/01/17,34,5:06:00 AM,Tuesday,ESTN,Late Leaving Garage,2,10,EB,7622
2017/01/17,16,5:27:00 AM,Tuesday,St clair,Late Leaving Garage,18,36,n/b,7780
2017/01/17,67,5:30:00 AM,Tuesday,PHRA,Late Leaving Garage,7,7,EB,7635
2017/01/17,64,5:36:00 AM,Tuesday,Main stn,Late Leaving Garage,11,22,N/B,7710
2017/01/17,52,5:37:00 AM,Tuesday,Ter 3,Late Leaving Garage,12,24,e,1542
2017/01/17,34,5:47:00 AM,Tuesday,ESTN,Late Leaving Garage,2,12,EB,7417
2017/01/17,191,5:47:00 AM,Tuesday,Royal crest,Late Leaving Garage,10,20,SB,7936
2017/01/17,195,5:49:00 AM,Tuesday,Jane and Steeles,Late Leaving Garage,13,26,S/b,7935
2017/01/17,116,5:50:00 AM,Tuesday,Eglinton Yard,Late Leaving Garage,1,1,OB,7430
2017/01/17,36,5:55:00 AM,Tuesday,Finch weston,Late Leaving Garage,19,38,w,9126
2017/01/17,95,5:55:00 AM,Tuesday,Progress Ave,Mechanical,20,30,EB,1703
2017/01/17,52,5:55:00 AM,Tuesday,Lawrence and Little,Mechanical,29,36,w,1058
2017/01/17,54,5:55:00 AM,Tuesday,Scarbough Golf Club rd Brimorton dr,Diversion,195,204,eb,7472
2017/01/17,6,6:05:00 AM,Tuesday,Bedford and Davenport,Mechanical,8,16,SB,1527
2017/01/17,63,6:10:00 AM,Tuesday,Eglinton west station,Late Leaving Garage,4,12,SB,1407
2017/01/17,106,6:10:00 AM,Tuesday,Commons,Late Leaving Garage,10,20,SB,8544
2017/01/17,78,6:15:00 AM,Tuesday,78 route,General Delay,1,1,b/w,
2017/01/17,131,6:15:00 AM,Tuesday,Malvern Garage,Mechanical,7,15,EB,1103
2017/01/17,191,6:18:00 AM,Tuesday,Royal crest,Late Leaving Garage,6,12,SB,8496
2017/01/17,32,6:22:00 AM,Tuesday,Eglinton and Kipling,Mechanical,6,12,W/B,1063
2017/01/17,53,6:23:00 AM,Tuesday,Passmore and Markham Rd,Late Leaving Garage,5,10,w,9061
2017/01/17,185,6:27:00 AM,Tuesday,Pape Station,Mechanical,8,16,NB,7656
2017/01/17,199,6:28:00 AM,Tuesday,Finch Station,Late Leaving Garage,10,20,E,1214
2017/01/17,53,6:28:00 AM,Tuesday,Passmore and Markham Rd,Late Leaving Garage,5,10,w,1091
2017/01/17,185,6:28:00 AM,Tuesday,Freshmeadow and Don Mills,Mechanical,7,14,SB,7581
2017/01/17,113,6:29:00 AM,Tuesday,KENNEDY / MERRIAN,Emergency Services,13,26,N,7829
2017/01/17,191,6:35:00 AM,Tuesday,Royalcrest,Late Leaving Garage,6,12,SB,8519
2017/01/17,185,6:35:00 AM,Tuesday,Pape Station,Mechanical,6,12,NB,7662
2017/01/17,24,6:39:00 AM,Tuesday,YORKLANDS,Investigation,17,34,N,7844
2017/01/17,29,6:42:00 AM,Tuesday,Princes gates,Mechanical,9,18,n,9002
2017/01/17,41,6:44:00 AM,Tuesday,Keele  stn,Late Leaving Garage,15,30,n,9149
2017/01/17,25,6:52:00 AM,Tuesday,Mallard and Don Mills,Investigation,7,14,SB,7447
2017/01/17,199,6:54:00 AM,Tuesday,Scar Town Centre Station,Late Leaving Garage,11,22,W,1788
2017/01/17,41,6:57:00 AM,Tuesday,Keele stn,Late Leaving Garage,15,30,n,9152
2017/01/17,134,6:57:00 AM,Tuesday,STC,Late Leaving Garage,6,12,w,1738
2017/01/17,54,7:00:00 AM,Tuesday,Eglinton stn to the Star spray Loop,General Delay,20,35,bw,
2017/01/17,95,7:30:00 AM,Tuesday,Scarborough College Loop,Late Leaving Garage,9,18,WB,1770
2017/01/17,102,7:47:00 AM,Tuesday,centennial cillege bus loop,Investigation,10,20,sb,8103
2017/01/17,66,7:47:00 AM,Tuesday,HUMBERWOOD LOOP,Late Leaving Garage,1,2,n/b,8003
2017/01/17,24,8:00:00 AM,Tuesday,VP ROUTE,General Delay,10,0,BW,
2017/01/17,102,8:00:00 AM,Tuesday,on route,General Delay,15,1,bw,
2017/01/17,95,8:00:00 AM,Tuesday,York Mills Station to Kingston Loop B/W's,General Delay,125,32,B/W's,
2017/01/17,76,8:04:00 AM,Tuesday,ROYAL YORK AND EVANS,Mechanical,4,8,n/b,8092
2017/01/17,32,8:08:00 AM,Tuesday,Eglinton and Scott,Mechanical,6,12,E/B,1055
2017/01/17,36,8:10:00 AM,Tuesday,Humberline/Humberwood Blvd,Investigation,5,10,w,9122
2017/01/17,39,8:13:00 AM,Tuesday,Finch - Wilfred,Emergency Services,4,9,E,1119
2017/01/17,54,8:13:00 AM,Tuesday,Brimorton Mid Pines rd,Investigation,9,18,eb,7705
2017/01/17,47,8:13:00 AM,Tuesday,Lansdown At Dupont,Mechanical,9,18,S,1073
2017/01/17,41,8:19:00 AM,Tuesday,York University / Commons,Mechanical,15,30,s,9143
2017/01/17,6,8:30:00 AM,Tuesday,Entire route,General Delay,7,7,BW,
2017/01/17,54,8:39:00 AM,Tuesday,Lawrence rt,Mechanical,6,12,eb,7475
2017/01/17,134,8:43:00 AM,Tuesday,Markham and McNicoll,Mechanical,24,48,w,1737
2017/01/17,53,8:52:00 AM,Tuesday,Markham Rd and Passmore,Utilized Off Route,5,10,w,7096
2017/01/17,29,8:55:00 AM,Tuesday,dufferin and rogers,Mechanical,4,8,n,9001
2017/01/17,63,8:56:00 AM,Tuesday,Ossington and Bloor,Mechanical,8,12,SB,1657
2017/01/17,116,8:57:00 AM,Tuesday,Morningside and Sheppard,Mechanical,6,12,NB,7403
2017/01/17,106,8:59:00 AM,Tuesday,Lamberton / Sentinel,Investigation,6,12,SB,8484
2017/01/17,29,9:18:00 AM,Tuesday,wilson station,Mechanical,5,10,s,8360
2017/01/17,102,9:20:00 AM,Tuesday,LAWRANCE and markham rd,Mechanical,10,20,SB,7759
2017/01/17,95,9:25:00 AM,Tuesday,UFT Scarborough College Loop,Utilized Off Route,1,1,WB,1770
2017/01/17,84,9:30:00 AM,Tuesday,Chesswood,Mechanical,6,12,EB,8572
2017/01/17,199,9:40:00 AM,Tuesday,Finch - Midland,Mechanical,4,12,W,1788
2017/01/17,87,9:47:00 AM,Tuesday,Main Station,Utilized Off Route,10,20,WB,8114
2017/01/17,199,10:16:00 AM,Tuesday,Finch - Birchmount,Mechanical,4,12,W,1252
2017/01/17,12,10:33:00 AM,Tuesday,VP STN,Mechanical,20,40,N/B,7805
2017/01/17,12,10:34:00 AM,Tuesday,vic park stn,Mechanical,20,40,,7797
2017/01/17,68,11:08:00 AM,Tuesday,Warden STN,Mechanical,10,20,NB,7607
2017/01/17,63,11:10:00 AM,Tuesday,Ossington Stn,Utilized Off Route,4,10,Placed,1413
2017/01/17,111,11:20:00 AM,Tuesday,MARTINGROVE RD @ EGLINTON AVE,Mechanical,12,24,S,7955
2017/01/17,72,11:21:00 AM,Tuesday,Pape stn,Mechanical,8,16,n/b,7755
2017/01/17,85,11:32:00 AM,Tuesday,Don Mills Station,Mechanical,8,34,e,9084
2017/01/17,47,11:40:00 AM,Tuesday,Caledonia Rd at Bowie Ave,Mechanical,15,30,S,1048
2017/01/17,85,11:40:00 AM,Tuesday,Don Mills Station,Utilized Off Route,9,18,e,9072
2017/01/17,47,12:00:00 PM,Tuesday,Schell Ave,Investigation,15,30,S,1035
2017/01/17,69,12:05:00 PM,Tuesday,birchmount and danforth,Mechanical,11,22,sb,8128
2017/01/17,96,12:15:00 PM,Tuesday,wilson and Bathurst,Mechanical,20,40,E,8458
2017/01/17,53,12:17:00 PM,Tuesday,Steeles Ave and Leslie,Mechanical,5,10,e,1293
2017/01/17,196,12:21:00 PM,Tuesday,Downsview stn,Utilized Off Route,2,4,n,8309
2017/01/17,54,12:23:00 PM,Tuesday,Eglinton stn,Mechanical,6,6,eb,7420
2017/01/17,95,12:46:00 PM,Tuesday,Scarborough College- Military Trail,Mechanical,15,30,WB,1703
2017/01/17,186,12:52:00 PM,Tuesday,Humber College Loop,Mechanical,11,22,E,8482
2017/01/17,192,1:24:00 PM,Tuesday,Kipling Stn,Mechanical,10,20,n,8000
2017/01/17,186,1:25:00 PM,Tuesday,Humber College Loop,Mechanical,11,22,E,8568
2017/01/17,52,1:30:00 PM,Tuesday,Bresler & Airport rd,Mechanical,13,26,w/b,1076
2017/01/17,51,1:30:00 PM,Tuesday,Townsend and Freshmeadow,Mechanical,25,50,s,1681
2017/01/17,57,1:39:00 PM,Tuesday,Lawrence and Midland,Mechanical,8,16,NB,8129
2017/01/17,88,1:55:00 PM,Tuesday,St.Clair Station,Mechanical,30,60,Wb,1374
2017/01/17,102,2:08:00 PM,Tuesday,warden stn,Mechanical,15,30,NB,8135
2017/01/17,85,2:34:00 PM,Tuesday,Rouge Hill Go,Late Leaving Garage,13,26,W,9086
2017/01/17,84,2:47:00 PM,Tuesday,Sheppard Station,Late Leaving Garage,23,46,W,1292
2017/01/17,43,2:47:00 PM,Tuesday,Kennedy and Sheppard,Mechanical,20,40,S,7477
2017/01/17,75,2:47:00 PM,Tuesday,Jarvis and Queens Quay,Mechanical,6,13,N,8200
2017/01/17,41,2:48:00 PM,Tuesday,Keele Station,Mechanical,9,18,N,1652
2017/01/17,95,2:53:00 PM,Tuesday,Warden and Ellesmere Ave,Mechanical,8,17,WB,1229
2017/01/17,35,2:57:00 PM,Tuesday,JSTE,Late Leaving Garage,7,14,S,1577
2017/01/17,109,2:59:00 PM,Tuesday,Eglinton West station,Mechanical,14,28,N,8304
2017/01/17,52,3:00:00 PM,Tuesday,Kipling & Dixon,Mechanical,11,17,e/b,1246
2017/01/17,45,3:01:00 PM,Tuesday,Kipling/Rathburn,Mechanical,6,15,n/b,8425
2017/01/17,16,3:04:00 PM,Tuesday,STC,Late Leaving Garage,9,18,sb,7818
2017/01/17,89,3:07:00 PM,Tuesday,Keele station,Late Leaving Garage,7,14,N,1597
2017/01/17,68,3:10:00 PM,Tuesday,Garage,Late Leaving Garage,6,14,S,7554
2017/01/17,95,3:14:00 PM,Tuesday,Markham and Ellesmere Rd,Diversion,15,27,EB,1248
2017/01/17,133,3:20:00 PM,Tuesday,Markham and Ellesmere,Diversion,17,14,EB,
2017/01/17,38,3:20:00 PM,Tuesday,Markham and Ellesmere,Diversion,22,24,EB,
2017/01/17,190,3:23:00 PM,Tuesday,STC,Mechanical,4,8,e,7673
2017/01/17,42,3:35:00 PM,Tuesday,Allen/Sheppard,Mechanical,13,26,NB,8177
2017/01/17,56,3:35:00 PM,Tuesday,Eglinton and Laird,Mechanical,12,24,s,8320
2017/01/17,54,3:36:00 PM,Tuesday,Garage,Late Leaving Garage,11,21,E,7672
2017/01/17,39,3:39:00 PM,Tuesday,Pharmacy/Finch,Mechanical,13,19,eb,1118
2017/01/17,11,3:40:00 PM,Tuesday,Bayview and Eglinton,Utilized Off Route,7,15,s,8324
2017/01/17,117,3:41:00 PM,Tuesday,Downsview stn,Mechanical,12,24,n,8355
2017/01/17,52,3:43:00 PM,Tuesday,Weston & Lawrernce,Late Leaving Garage,11,22,e/b,1007
2017/01/17,46,3:43:00 PM,Tuesday,Martin Grove and Steeles,Mechanical,10,20,S/B,1238
2017/01/17,43,3:46:00 PM,Tuesday,KENN,Mechanical,20,40,N,7508
2017/01/17,7,3:59:00 PM,Tuesday,Steeles,Mechanical,9,18,S,9028
2017/01/17,191,4:00:00 PM,Tuesday,MartinGrove and Steeles,Mechanical,3,6,s/b,7937
2017/01/17,89,4:00:00 PM,Tuesday,Northland and Weston,Emergency Services,7,14,N,1058
2017/01/17,133,4:03:00 PM,Tuesday,MOFI,Mechanical,7,14,Nb,1401
2017/01/17,11,4:03:00 PM,Tuesday,Sunnybrook,Investigation,15,30,n,8306
2017/01/17,44,4:09:00 PM,Tuesday,kip stn,Mechanical,5,10,s/b,8078
2017/01/17,61,4:16:00 PM,Tuesday,Bombay Loop,Mechanical,12,24,s,1385
2017/01/17,56,4:16:00 PM,Tuesday,Eglinton Stn,Mechanical,12,24,s,1815
2017/01/17,32,4:27:00 PM,Tuesday,Pine St. & Lawrence Ave. West,Mechanical,9,17,eb,1546
2017/01/17,53,4:35:00 PM,Tuesday,Finch Station,Mechanical,15,30,eb,9066
2017/01/17,52,4:40:00 PM,Tuesday,Demarco & Lawrence,Mechanical,11,22,w/b,1073
2017/01/17,87,4:50:00 PM,Tuesday,Coxwell and Cosburn,Mechanical,6,12,E,8175
2017/01/17,47,4:58:00 PM,Tuesday,Caledonia and Keith,Investigation,26,52,N,1035
2017/01/17,191,4:59:00 PM,Tuesday,Kipling station,Mechanical,6,12,n/b,7979
2017/01/17,121,5:00:00 PM,Tuesday,Fortyork route,General Delay,20,0,BW,
2017/01/17,32,5:03:00 PM,Tuesday,Skymark Ave. & Explorer dr.,Mechanical,9,17,eb,1407
2017/01/17,7,5:05:00 PM,Tuesday,Lawrence,Investigation,9,18,S,9046
2017/01/17,73,5:07:00 PM,Tuesday,Royal York Station,Utilized Off Route,20,40,N,8044
2017/01/17,56,5:09:00 PM,Tuesday,Eglinton and laird,Mechanical,12,24,s,1815
2017/01/17,191,5:34:00 PM,Tuesday,Kipling station,Late Leaving Garage,6,12,n/b,8500
2017/01/17,5,5:42:00 PM,Tuesday,Avenue Rd and St Clair,Mechanical,16,32,n,8320
2017/01/17,199,5:42:00 PM,Tuesday,Seneca Hill,Mechanical,12,24,w,1705
2017/01/17,41,5:56:00 PM,Tuesday,Keele and Lawrence,Emergency Services,10,21,N,9147
2017/01/17,41,5:56:00 PM,Tuesday,Keele and Lawrence,Diversion,19,30,N,
2017/01/17,41,5:56:00 PM,Tuesday,Keele and Lawrence,Emergency Services,10,21,N,9144
2017/01/17,28,6:00:00 PM,Tuesday,Bayview n of Potterry Rd,Diversion,420,450,n,8394
2017/01/17,73,6:05:00 PM,Tuesday,Royal York at Eden Bridge,Mechanical,20,40,N,8046
2017/01/17,53,6:14:00 PM,Tuesday,Moor Park and Yonge St,Mechanical,5,10,sb,1743
2017/01/17,66,6:17:00 PM,Tuesday,Bloor at Kingsway,Investigation,12,24,S,7902
2017/01/17,28,6:25:00 PM,Tuesday,Yonge and Davisville,Investigation,20,40,n,8327
2017/01/17,66,6:26:00 PM,Tuesday,Prince Edward at Bloor st.,Investigation,12,24,S,7926
2017/01/17,17,6:30:00 PM,Tuesday,17 Birchmount Route,Diversion,40,80,nb,7798
2017/01/17,85,6:40:00 PM,Tuesday,Sheppard And Progress,Mechanical,13,26,E,9059
2017/01/17,47,6:44:00 PM,Tuesday,Lansdowne and Bloor,Investigation,10,20,S,1033
2017/01/17,135,6:49:00 PM,Tuesday,Warden Station,Mechanical,20,40,,7799
2017/01/17,165,6:58:00 PM,Tuesday,York Mills Stn.,Mechanical,10,24,w,8531
2017/01/17,24,7:24:00 PM,Tuesday,Victoria Park & Sheppard,Diversion,18,28,SB,7723
2017/01/17,167,7:25:00 PM,Tuesday,Sheppard & Victoria Park,Diversion,30,18,WB,8102
2017/01/17,75,7:29:00 PM,Tuesday,Jarvis and Queens Quay,Mechanical,6,12,N,1362
2017/01/17,34,7:50:00 PM,Tuesday,Eglinton and Ionview,Mechanical,6,12,WB,7590
2017/01/17,105,7:59:00 PM,Tuesday,Dufferin at Steeles,Utilized Off Route,15,30,NB,8309
2017/01/17,105,7:59:00 PM,Tuesday,Dufferin at Steeles,Mechanical,30,60,NB,8377
2017/01/17,24,8:03:00 PM,Tuesday,Victoria Park & Steeles Loop,Mechanical,10,19,SB,7842
2017/01/17,199,8:05:00 PM,Tuesday,STC,Mechanical,6,13,w,1131
2017/01/17,29,8:09:00 PM,Tuesday,Springhurst Loop,Emergency Services,6,12,n,9002
2017/01/17,190,8:24:00 PM,Tuesday,STC,Mechanical,8,15,w,7578
2017/01/17,86,8:25:00 PM,Tuesday,Kennedy station,Mechanical,10,20,eb,7586
2017/01/17,29,8:27:00 PM,Tuesday,Dufferin and Eglinton,Investigation,6,12,a,8201
2017/01/17,32,8:40:00 PM,Tuesday,Eglinton and Black creek,Mechanical,30,60,W/B,1544
2017/01/17,116,9:15:00 PM,Tuesday,Cedar/Eglinton,Utilized Off Route,10,20,down,7514
2017/01/17,89,9:20:00 PM,Tuesday,Keele Station,Mechanical,10,20,N,1582
2017/01/17,36,9:31:00 PM,Tuesday,Yonge & Finch w,Mechanical,7,15,W,8445
2017/01/17,36,9:47:00 PM,Tuesday,Finch w & east of Sentinel,Investigation,8,16,E,9105
2017/01/17,36,9:47:00 PM,Tuesday,Finch & Sentinel,Diversion,62,72,BW,
2017/01/17,32,10:10:00 PM,Tuesday,Pine and Lawrence,Mechanical,10,20,E/B,1636
2017/01/17,165,10:45:00 PM,Tuesday,Yonge & Wilson,Mechanical,10,20,W,8500
2017/01/17,165,10:53:00 PM,Tuesday,York Mills Stn,Mechanical,10,20,w,8500
2017/01/17,127,11:20:00 PM,Tuesday,Davenport and Ossington,Mechanical,20,40,E/B,1601
2017/01/17,106,11:26:00 PM,Tuesday,Downsview stn,Mechanical,18,36,S,8527
2017/01/17,63,11:29:00 PM,Tuesday,Ossington Station,Utilized Off Route,10,20,N/B,1643
2017/01/17,122,11:35:00 PM,Tuesday,York Mills Yonge,Mechanical,30,60,EB,1364
2017/01/18,76,1:15:00 AM,Wednesday,Judson to Cavell,Diversion,86,96,b/w,
2017/01/18,89,1:24:00 AM,Wednesday,Weston and Lawrence,Emergency Services,10,20,N/B,1644
2017/01/18,34,2:05:00 AM,Wednesday,Eglinton stn,Utilized Off Route,10,20,E/B,7474
2017/01/18,54,4:49:00 AM,Wednesday,Eglinton yard,Mechanical,1,1,ob,7673
2017/01/18,34,5:03:00 AM,Wednesday,Eglinton Yard,Mechanical,1,1,OB,7451
2017/01/18,76,5:04:00 AM,Wednesday,JUDSON AND ROYAL YORK,Diversion,223,203,b/w,
2017/01/18,24,5:15:00 AM,Wednesday,BINGHAM LOOP,Late Leaving Garage,10,0,N,7879
2017/01/18,79,5:20:00 AM,Wednesday,Pine,Late Leaving Garage,15,25,s,1602
2017/01/18,86,5:26:00 AM,Wednesday,Lawrence and Morningside,Mechanical,24,48,W,7554
2017/01/18,91,5:36:00 AM,Wednesday,Woodbine Stn,Late Leaving Garage,30,54,N,7881
2017/01/18,24,5:39:00 AM,Wednesday,BINGHAM LOOP,Late Leaving Garage,2,7,N,7727
2017/01/18,47,5:44:00 AM,Wednesday,Lansdown and Queen,Late Leaving Garage,5,9,N/B,1623
2017/01/18,39,5:46:00 AM,Wednesday,Finch - Baldoon,Late Leaving Garage,7,15,E,1125
2017/01/18,185,5:47:00 AM,Wednesday,Freshmeadow and Don Mills,Mechanical,7,14,SB,7513
2017/01/18,104,5:48:00 AM,Wednesday,Wilson and Transit Rd.,Late Leaving Garage,0,0,N/B,8356
2017/01/18,60,5:50:00 AM,Wednesday,Jane Stn,Late Leaving Garage,10,20,W/b,8480
2017/01/18,116,5:55:00 AM,Wednesday,Kennedy Stn,Utilized Off Route,10,20,E,7636
2017/01/18,86,6:00:00 AM,Wednesday,Kingston and Celeste,Mechanical,10,20,E,7529
2017/01/18,129,6:01:00 AM,Wednesday,Malvern Garage,Late Leaving Garage,5,10,WB,9063
2017/01/18,90,6:03:00 AM,Wednesday,St.Clair west stn,Late Leaving Garage,7,14,n/b,8214
2017/01/18,116,6:03:00 AM,Wednesday,Eglinton Yard,Late Leaving Garage,1,1,OB,7522
2017/01/18,90,6:03:00 AM,Wednesday,St.Clair W Station,Mechanical,7,14,n,8214
2017/01/18,25,6:04:00 AM,Wednesday,Freshmeadow and Don Mills Road,Mechanical,7,14,SB,7493
2017/01/18,34,6:05:00 AM,Wednesday,Kennedy Stn,Late Leaving Garage,4,8,W,7663
2017/01/18,12,6:15:00 AM,Wednesday,Victoria Park Stn,Late Leaving Garage,11,23,E,8123
2017/01/18,23,6:17:00 AM,Wednesday,Main Station,Mechanical,12,24,NB,8155
2017/01/18,84,6:23:00 AM,Wednesday,Bradstock,Mechanical,10,20,EB,1224
2017/01/18,24,6:24:00 AM,Wednesday,STEELES,Late Leaving Garage,7,11,N,7865
2017/01/18,16,6:30:00 AM,Wednesday,warden stn,Late Leaving Garage,9,18,nb,8115
2017/01/18,6,6:34:00 AM,Wednesday,Queens quay and dockside,Mechanical,8,16,NB,1638
2017/01/18,97,6:35:00 AM,Wednesday,Yonge and York Mills,Mechanical,30,60,N,8377
2017/01/18,52,6:35:00 AM,Wednesday,Terminal # 1,Mechanical,13,25,e/b,1515
2017/01/18,131,6:45:00 AM,Wednesday,Malvern Garage,Late Leaving Garage,7,13,EB,1099
2017/01/18,117,6:50:00 AM,Wednesday,Rimrock,Mechanical,10,20,N/B,1534
2017/01/18,52,6:53:00 AM,Wednesday,Lawremce stn,Late Leaving Garage,18,36,w,1502
2017/01/18,124,6:53:00 AM,Wednesday,Lawrence Station,Utilized Off Route,6,12,E,1689
2017/01/18,142,7:00:00 AM,Wednesday,Bombay Loop,Late Leaving Garage,30,60,S,1826
2017/01/18,106,7:00:00 AM,Wednesday,Keele,Mechanical,10,20,NB,8548
2017/01/18,75,7:21:00 AM,Wednesday,Sherbourne and Bloor,Late Leaving Garage,5,9,n/b,8203
2017/01/18,131,7:23:00 AM,Wednesday,McCowan/Nugget,Mechanical,7,14,EB,1275
2017/01/18,85,7:30:00 AM,Wednesday,Don Mills Station to Rouge Hill Go Station,General Delay,22,13,b/w,
2017/01/18,41,7:32:00 AM,Wednesday,Keele / Glenlake,Investigation,11,22,s,9138
2017/01/18,122,7:33:00 AM,Wednesday,Wilson Station,Mechanical,10,20,E,8304
2017/01/18,46,7:33:00 AM,Wednesday,Kipling stn,Late Leaving Garage,5,10,e,8454
2017/01/18,167,7:40:00 AM,Wednesday,PHARMACY ROUTE,General Delay,10,1,BW,8148
2017/01/18,41,7:45:00 AM,Wednesday,Keele stn,Utilized Off Route,15,30,n,9142
2017/01/18,95,7:45:00 AM,Wednesday,Kingston Loop,Mechanical,7,14,WB,1723
2017/01/18,24,8:00:00 AM,Wednesday,VP ROUTE,General Delay,15,0,BW,
2017/01/18,127,8:00:00 AM,Wednesday,Entire Route,General Delay,6,12,B/W,
2017/01/18,105,8:00:00 AM,Wednesday,Steeles to Downsview,General Delay,10,23,W/B,
2017/01/18,190,8:00:00 AM,Wednesday,Consumers Road and Sheppard,General Delay,10,15,WB,
2017/01/18,52,8:00:00 AM,Wednesday,Culford and Lawrence,Investigation,3,6,e,1043
2017/01/18,95,8:00:00 AM,Wednesday,York Mills Station to Kingston Loop B/W's,General Delay,15,22,B/W's,
2017/01/18,32,8:00:00 AM,Wednesday,Eglinton and Locksley,Investigation,11,22,W/B,1389
2017/01/18,63,8:15:00 AM,Wednesday,Ossingotn and Dundas,Mechanical,12,24,SB,1604
2017/01/18,196,8:22:00 AM,Wednesday,Downsview Stn,Utilized Off Route,3,5,W/B,8313
2017/01/18,39,8:23:00 AM,Wednesday,Old Finch - Morningview Trail,Investigation,18,36,W,1750
2017/01/18,44,8:41:00 AM,Wednesday,Col Sam Loop,Mechanical,4,9,n,8096
2017/01/18,196,8:42:00 AM,Wednesday,Downsview Stn.,Utilized Off Route,3,5,W/B,8376
2017/01/18,6,8:51:00 AM,Wednesday,Dockside and Queensquay,Utilized Off Route,4,8,N/B,1516
2017/01/18,72,8:52:00 AM,Wednesday,Carlaw and Eastern,Utilized Off Route,14,28,N,7771
2017/01/18,100,8:59:00 AM,Wednesday,Wynford/Gervais,Mechanical,4,8,SB,7623
2017/01/18,12,9:00:00 AM,Wednesday,Kingston Road Route,General Delay,13,1,E,
2017/01/18,36,9:00:00 AM,Wednesday,Finch station,Mechanical,19,38,e,9103
2017/01/18,94,9:00:00 AM,Wednesday,Wellesley Station,Utilized Off Route,13,26,WB,7715
2017/01/18,141,9:02:00 AM,Wednesday,Adelaide and Simco,Utilized Off Route,1,1,E/B,1551
2017/01/18,42,9:08:00 AM,Wednesday,Birchmount and McNicoll,Investigation,25,50,E,8193
2017/01/18,12,9:24:00 AM,Wednesday,Victoria Park Stn,Mechanical,20,40,E,7853
2017/01/18,65,9:29:00 AM,Wednesday,Castle Frank Station,Mechanical,12,24,SB,7747
2017/01/18,23,9:30:00 AM,Wednesday,Main Station,Mechanical,10,20,SB,8106
2017/01/18,72,9:33:00 AM,Wednesday,Front and Bay,Utilized Off Route,16,32,NB,7788
2017/01/18,95,9:42:00 AM,Wednesday,York Mills Station,Utilized Off Route,1,1,EB,1705
2017/01/18,22,9:58:00 AM,Wednesday,Coxwell Station,Mechanical,5,10,SB,7540
2017/01/18,25,10:29:00 AM,Wednesday,Don Mills Station,Mechanical,7,14,NB,7506
2017/01/18,115,10:40:00 AM,Wednesday,York mills Station,Mechanical,20,40,E,1368
2017/01/18,161,10:54:00 AM,Wednesday,Rogers and Dufferin,Investigation,17,35,E,1587
2017/01/18,75,11:00:00 AM,Wednesday,South dr at Glen rd,Mechanical,7,14,s/b,8342
2017/01/18,188,11:00:00 AM,Wednesday,KIPLING STN,Mechanical,7,14,s/b,8033
2017/01/18,196,11:20:00 AM,Wednesday,Downsview stn,Utilized Off Route,2,4,n,8303
2017/01/18,199,11:52:00 AM,Wednesday,York Univ Loop,Mechanical,12,24,E,1402
2017/01/18,86,11:58:00 AM,Wednesday,Lawrence/Morningside,Mechanical,30,60,WB,7498
2017/01/18,102,12:20:00 PM,Wednesday,warden stn,Mechanical,10,20,nb,8162
2017/01/18,39,12:27:00 PM,Wednesday,Harvestmoon - Old Finch,Mechanical,19,39,W,1137
2017/01/18,65,12:29:00 PM,Wednesday,Castle Frank Station,Mechanical,12,24,SB,8105
2017/01/18,102,12:36:00 PM,Wednesday,warden stn,Mechanical,10,20,nb,8140
2017/01/18,69,12:41:00 PM,Wednesday,WARDEN STN,Mechanical,11,22,SB,7766
2017/01/18,94,12:42:00 PM,Wednesday,Castle Frank Station,Mechanical,13,26,WB,7851
2017/01/18,8,12:45:00 PM,Wednesday,COXWELL / PLAINS,Diversion,30,90,S,8131
2017/01/18,129,1:01:00 PM,Wednesday,Sheppard and Mccowan,Mechanical,7,19,NB,1212
2017/01/18,43,1:07:00 PM,Wednesday,Kennedy stn,Mechanical,10,20,nb,7603
2017/01/18,86,1:10:00 PM,Wednesday,Kennedy Stn,Mechanical,10,20,EB,7482
2017/01/18,196,1:21:00 PM,Wednesday,York U,Mechanical,2,4,s,8217
2017/01/18,9,2:01:00 PM,Wednesday,STC,Late Leaving Garage,18,36,sb,7865
2017/01/18,96,2:03:00 PM,Wednesday,Wilson and Bathurst,Investigation,19,39,E,8472
2017/01/18,102,2:08:00 PM,Wednesday,warden stn,Utilized Off Route,15,30,nb,7785
2017/01/18,198,2:10:00 PM,Wednesday,Kennedy station,Mechanical,10,20,eb,7424
2017/01/18,185,2:10:00 PM,Wednesday,Don mIlls and Duncan Mills,Mechanical,10,20,s,7425
2017/01/18,6,2:22:00 PM,Wednesday,Davenport and Yonge,Late Leaving Garage,11,22,s,1551
2017/01/18,199,2:24:00 PM,Wednesday,STC,Utilized Off Route,4,8,W,1282
2017/01/18,123,2:24:00 PM,Wednesday,Shorncliffe and Lockport,Investigation,20,40,s,8041
2017/01/18,130,2:26:00 PM,Wednesday,STC,Mechanical,21,42,N,1754
2017/01/18,32,2:45:00 PM,Wednesday,Eglinton Ave W,General Delay,15,30,B/W,
2017/01/18,59,2:48:00 PM,Wednesday,Lawrence West Station,Late Leaving Garage,14,28,W,7931
2017/01/18,105,2:50:00 PM,Wednesday,Dufferin / Steeles,Mechanical,12,24,n,8377
2017/01/18,52,2:53:00 PM,Wednesday,Jane & Church,Late Leaving Garage,5,16,e/b,1016
2017/01/18,122,2:55:00 PM,Wednesday,roywood and underpass,Mechanical,16,36,E,1784
2017/01/18,97,2:55:00 PM,Wednesday,Yorkmills Station,Mechanical,30,60,Sb,1688
2017/01/18,35,2:57:00 PM,Wednesday,JSTE,Late Leaving Garage,7,14,S,1577
2017/01/18,192,2:59:00 PM,Wednesday,Kipling Stn,Mechanical,7,17,n/b,8003
2017/01/18,109,2:59:00 PM,Wednesday,Eglinton West station,Mechanical,14,28,N,1376
2017/01/18,116,3:00:00 PM,Wednesday,Morningside & Ellesmere,Mechanical,12,24,sb,7641
2017/01/18,63,3:00:00 PM,Wednesday,Eglinton and Oakwood,General Delay,35,45,B/W,
2017/01/18,709,3:01:00 PM,Wednesday,Eglinton Ave W,Late Leaving Garage,1,1,B/W,1075
2017/01/18,196,3:02:00 PM,Wednesday,Downsview stn,Mechanical,6,12,n,8377
2017/01/18,16,3:04:00 PM,Wednesday,Birchmount Garage,Late Leaving Garage,8,16,,7871
2017/01/18,195,3:06:00 PM,Wednesday,JNST,Late Leaving Garage,10,20,N,8562
2017/01/18,24,3:08:00 PM,Wednesday,Victoria Park Station,Late Leaving Garage,8,16,BW,7856
2017/01/18,57,3:08:00 PM,Wednesday,Midland and Steeles,Late Leaving Garage,8,16,SB,7731
2017/01/18,24,3:08:00 PM,Wednesday,Victoria Park Station,Late Leaving Garage,8,16,BW,7856
2017/01/18,167,3:10:00 PM,Wednesday,Pharmacy & Corinthian,Late Leaving Garage,18,24,SB,7679
2017/01/18,105,3:15:00 PM,Wednesday,Steeles,Mechanical,12,24,s,1802
2017/01/18,72,3:15:00 PM,Wednesday,Front and Bay,Mechanical,14,28,EB,8129
2017/01/18,112,3:20:00 PM,Wednesday,Kipling Stn,Mechanical,27,45,n/b,8029
2017/01/18,185,3:20:00 PM,Wednesday,Don Mills  and Sheppard,Mechanical,8,16,n,7641
2017/01/18,102,3:27:00 PM,Wednesday,Birchmount Garage,Late Leaving Garage,10,20,,8136
2017/01/18,97,3:30:00 PM,Wednesday,Yonge Blvd/Wilson Av,Diversion,30,60,SB,8355
2017/01/18,102,3:32:00 PM,Wednesday,Birchmount Garage,Late Leaving Garage,20,40,,8167
2017/01/18,88,3:32:00 PM,Wednesday,St.Clair Station,Mechanical,15,30,WB,8339
2017/01/18,36,3:32:00 PM,Wednesday,Finch Station,Late Leaving Garage,24,48,W/B,9103
2017/01/18,24,3:34:00 PM,Wednesday,Victoria Park Station,Late Leaving Garage,9,17,BW,7790
2017/01/18,24,3:34:00 PM,Wednesday,Victoria Park & Steeles,Late Leaving Garage,8,17,SB,7755
2017/01/18,39,3:38:00 PM,Wednesday,Victoria park and gordon baker,Diversion,82,94,NB,1217
2017/01/18,57,3:40:00 PM,Wednesday,Kennedy Station,Mechanical,7,14,NB,7797
2017/01/18,54,3:45:00 PM,Wednesday,Lawrence and Brockley,Emergency Services,10,21,W,7607
2017/01/18,196,3:46:00 PM,Wednesday,Downsview stn,Utilized Off Route,2,4,n,8311
2017/01/18,52,3:48:00 PM,Wednesday,Lawrence & Keele,Mechanical,11,22,e/b,1416
2017/01/18,42,3:55:00 PM,Wednesday,Victoria Park/Gordon Baker Av,Diversion,100,113,NB,1511
2017/01/18,85,3:57:00 PM,Wednesday,Don Mills Stn,Mechanical,7,13,E,9068
2017/01/18,11,3:59:00 PM,Wednesday,Davisville Stn,Utilized Off Route,7,15,n,8194
2017/01/18,23,4:00:00 PM,Wednesday,Dawes route,General Delay,12,1,BW,
2017/01/18,121,4:00:00 PM,Wednesday,Fortyork route,General Delay,20,1,BW,
2017/01/18,52,4:00:00 PM,Wednesday,52-Lawrence West route,General Delay,10,15,b/w,
2017/01/18,23,4:06:00 PM,Wednesday,St. Clair and Plaxton,Mechanical,8,16,E,8168
2017/01/18,52,4:08:00 PM,Wednesday,Duval & Lawrence,Investigation,11,22,e/b,1553
2017/01/18,185,4:09:00 PM,Wednesday,pape station,Mechanical,8,16,n,7507
2017/01/18,16,4:12:00 PM,Wednesday,Scarborough Centre Station,Mechanical,8,16,,8153
2017/01/18,53,4:13:00 PM,Wednesday,Finch Station (due out at 333pm),Late Leaving Garage,15,30,wb,1268
2017/01/18,10,4:15:00 PM,Wednesday,Donmills / Goodwill rd,Mechanical,15,30,s,1823
2017/01/18,87,4:15:00 PM,Wednesday,Main Station,Utilized Off Route,6,12,W,7841
2017/01/18,116,4:19:00 PM,Wednesday,Mason & Eglinton,Mechanical,22,45,eb,7689
2017/01/18,52,4:30:00 PM,Wednesday,Marlee & Lawrence,Mechanical,11,22,w/b,1073
2017/01/18,63,4:54:00 PM,Wednesday,Ossington Stn,Mechanical,10,20,N,1625
2017/01/18,35,4:55:00 PM,Wednesday,JNST,Utilized Off Route,20,40,N,1285
2017/01/18,102,4:55:00 PM,Wednesday,Warden Station,Mechanical,10,20,,8153
2017/01/18,36,4:58:00 PM,Wednesday,Finch and Sentinel,Investigation,24,48,E/B,9103
2017/01/18,54,5:13:00 PM,Wednesday,Lawrence and Pharmacy,Mechanical,10,21,W,7495
2017/01/18,124,5:30:00 PM,Wednesday,Lawrence Station,Utilized Off Route,8,16,Wb,8394
2017/01/18,75,5:38:00 PM,Wednesday,Queen,Investigation,6,12,S,1685
2017/01/18,35,5:40:00 PM,Wednesday,Falstaff,Investigation,20,40,N,1076
2017/01/18,65,5:50:00 PM,Wednesday,Winchester and Parliament,Investigation,10,20,S,8155
2017/01/18,24,5:52:00 PM,Wednesday,Victoria Park & Sunrise,Investigation,9,17,NB,7849
2017/01/18,7,5:57:00 PM,Wednesday,Steeles,Mechanical,9,18,S,9045
2017/01/18,185,6:00:00 PM,Wednesday,Pape stn,Mechanical,8,16,n,7507
2017/01/18,85,6:15:00 PM,Wednesday,Sheppard @ Brimley,Diversion,78,86,W,9079
2017/01/18,35,6:15:00 PM,Wednesday,JNST to JSTE,General Delay,7,14,B/W,
2017/01/18,195,6:15:00 PM,Wednesday,JNST to COMMONS,General Delay,10,20,B/W,
2017/01/18,57,6:22:00 PM,Wednesday,Steeles and Midland,Mechanical,8,16,NB,7731
2017/01/18,21,6:28:00 PM,Wednesday,Brimley and Sheppard,Diversion,11,95,SB,7769
2017/01/18,94,7:06:00 PM,Wednesday,Castlefrank Station,Utilized Off Route,18,36,W,8154
2017/01/18,53,7:26:00 PM,Wednesday,Don Mills and Steeles,Mechanical,18,36,WB,1084
2017/01/18,86,8:23:00 PM,Wednesday,Kennedy station,Mechanical,10,20,n,7458
2017/01/18,196,8:34:00 PM,Wednesday,Downsview Stn,Mechanical,8,16,NB,8343
2017/01/18,52,9:12:00 PM,Wednesday,Victory and Airport,Investigation,12,24,E/B,1024
2017/01/18,165,9:40:00 PM,Wednesday,Wilson stn,Utilized Off Route,10,20,E,7952
2017/01/18,196,11:12:00 PM,Wednesday,Downsview Stn,Mechanical,10,20,NB,8385
2017/01/18,54,11:28:00 PM,Wednesday,Kennedy/Lawerence,Investigation,9,18,E/B,7677
2017/01/18,29,11:58:00 PM,Wednesday,@ St Clair,Mechanical,9,18,SB,9030
2017/01/19,47,12:15:00 AM,Thursday,Lansdowne and Seaforth,Mechanical,20,40,S/B,1578
2017/01/19,199,12:19:00 AM,Thursday,FSTN,Mechanical,9,18,EB,1119
2017/01/19,32,12:20:00 AM,Thursday,Pine and Lawrence,Emergency Services,10,20,W/B,1532
2017/01/19,80,12:29:00 AM,Thursday,Keele Stn,Investigation,30,60,s/b,7927
2017/01/19,52,3:23:00 AM,Thursday,Terminal # 1,Late Leaving Garage,6,10,e/b,1573
2017/01/19,44,5:05:00 AM,Thursday,Col Sam Smith Loop,Mechanical,5,10,N/B,8405
2017/01/19,79,5:30:00 AM,Thursday,Pine and Lawrence,Late Leaving Garage,20,45,S/B,1406
2017/01/19,29,5:33:00 AM,Thursday,Dufferin and Bloor,Mechanical,13,26,n,9015
2017/01/19,17,5:36:00 AM,Thursday,steeles ave ( mountcastle gate ),Late Leaving Garage,11,22,sb,7868
2017/01/19,97,5:36:00 AM,Thursday,Davisville Station,Late Leaving Garage,30,60,N,8316
2017/01/19,102,5:39:00 AM,Thursday,SHEPPARD,Mechanical,20,40,NB,7736
2017/01/19,94,5:46:00 AM,Thursday,WELLESLEY STATION,Mechanical,5,5,W,8114
2017/01/19,41,5:47:00 AM,Thursday,Keele stn,Late Leaving Garage,11,22,n,9149
2017/01/19,35,5:57:00 AM,Thursday,Jane and Steeles,Late Leaving Garage,5,10,S/b,1337
2017/01/19,165,5:59:00 AM,Thursday,yorkmills stn,Mechanical,6,12,w,1299
2017/01/19,85,6:06:00 AM,Thursday,Don Mills Station,Late Leaving Garage,13,28,e,9086
2017/01/19,116,6:09:00 AM,Thursday,Kennedy Stn,Late Leaving Garage,6,12,N,7705
2017/01/19,34,6:12:00 AM,Thursday,Eglinton Garage,Late Leaving Garage,1,1,EB,7565
2017/01/19,32,6:14:00 AM,Thursday,Emmett Avenue,Mechanical,11,23,E/B,1618
2017/01/19,12,6:21:00 AM,Thursday,Victoria Park Station,Late Leaving Garage,11,23,SB,8120
2017/01/19,23,6:22:00 AM,Thursday,Main Station,Mechanical,5,10,BW,8138
2017/01/19,36,6:25:00 AM,Thursday,Finch route,Late Leaving Garage,5,10,w,9115
2017/01/19,54,6:28:00 AM,Thursday,Lawrence Kingston rd,Mechanical,5,9,eb,7594
2017/01/19,60,6:31:00 AM,Thursday,Dufferin Street,Mechanical,10,20,W,1414
2017/01/19,190,6:31:00 AM,Thursday,STC,Mechanical,5,10,WB,7602
2017/01/19,79,6:35:00 AM,Thursday,Runnymede stn,Late Leaving Garage,10,20,n,1627
2017/01/19,131,6:36:00 AM,Thursday,STC,Late Leaving Garage,9,18,e,1092
2017/01/19,95,6:37:00 AM,Thursday,Wilson,Late Leaving Garage,7,14,EB,1789
2017/01/19,100,6:44:00 AM,Thursday,Broadview Station,Utilized Off Route,4,8,NB,7422
2017/01/19,87,6:47:00 AM,Thursday,Main Station,Utilized Off Route,5,10,WB,7757
2017/01/19,60,6:54:00 AM,Thursday,FSTN,Late Leaving Garage,7,14,W,8443
2017/01/19,11,6:55:00 AM,Thursday,Yonge and Lawrence,Mechanical,7,17,s,8335
2017/01/19,6,6:57:00 AM,Thursday,Bedford,Mechanical,4,8,S,1612
2017/01/19,95,7:00:00 AM,Thursday,York Mills Station To Ellesmere Cul-de-sac,General Delay,10,30,B/W,
2017/01/19,36,7:15:00 AM,Thursday,Finch station,Late Leaving Garage,5,10,w,9132
2017/01/19,37,7:19:00 AM,Thursday,Islington Ave and Westhampton,Investigation,7,14,s/b,8061
2017/01/19,49,7:27:00 AM,Thursday,Bloor/West Mall,General Delay,15,30,B/W,8069
2017/01/19,110,7:44:00 AM,Thursday,10 Garnett Janes Road,Diversion,126,138,n/b,7949
2017/01/19,24,7:46:00 AM,Thursday,VP STATION,Mechanical,8,17,N,8143
2017/01/19,30,7:49:00 AM,Thursday,Kipling Station,Mechanical,20,40,E/B,8044
2017/01/19,102,7:50:00 AM,Thursday,warden stn,Mechanical,20,40,nb,8106
2017/01/19,41,8:00:00 AM,Thursday,Entire Route,General Delay,8,16,B/W,
2017/01/19,32,8:33:00 AM,Thursday,Eglinton and Forest Hill,Investigation,5,11,E/B,1509
2017/01/19,32,8:33:00 AM,Thursday,Eglinton and Forest Hill,Investigation,6,12,E/B,1390
2017/01/19,196,8:59:00 AM,Thursday,Downsview Stn,Utilized Off Route,2,5,W/B,8383
2017/01/19,110,9:14:00 AM,Thursday,Islington Station,Mechanical,12,24,s/b,8020
2017/01/19,29,9:18:00 AM,Thursday,Wilson Station,Mechanical,4,8,s,1669
2017/01/19,7,9:19:00 AM,Thursday,Village gate and Bathurst,Mechanical,9,18,s/b,9033
2017/01/19,25,9:29:00 AM,Thursday,Thorncliffe and Overlea,Investigation,5,10,SB,7463
2017/01/19,196,9:29:00 AM,Thursday,Downsview Stn,Mechanical,2,5,W/B,8364
2017/01/19,54,9:40:00 AM,Thursday,Lawrence rt,Mechanical,6,12,eb,7702
2017/01/19,29,9:55:00 AM,Thursday,Dufferin and Bloor,Mechanical,4,8,s,8368
2017/01/19,185,10:02:00 AM,Thursday,Pape Stn.,Investigation,10,20,NB,7480
2017/01/19,196,10:31:00 AM,Thursday,Downsview stn,Utilized Off Route,2,4,n,1714
2017/01/19,196,10:34:00 AM,Thursday,York U,Mechanical,2,4,s,8377
2017/01/19,53,10:50:00 AM,Thursday,Steeles Ave and MCCowan,Emergency Services,5,10,w,1099
2017/01/19,61,10:55:00 AM,Thursday,Eglinton Stn,Mechanical,15,30,60075,1363
2017/01/19,89,11:20:00 AM,Thursday,Keele / Dundas,Investigation,10,20,s,1524
2017/01/19,77,11:33:00 AM,Thursday,Runnymede Station,Mechanical,13,26,S/B,1597
2017/01/19,72,12:06:00 PM,Thursday,15 Wellington St. W ( and Yonge St.),Investigation,16,32,NB,7778
2017/01/19,100,12:08:00 PM,Thursday,Broadview Stn,Utilized Off Route,7,13,NB,7649
2017/01/19,196,12:27:00 PM,Thursday,Downsview Station,Mechanical,2,7,n,8354
2017/01/19,96,12:48:00 PM,Thursday,Esther Lorrie on westhumber,Investigation,20,40,w,8574
2017/01/19,72,12:49:00 PM,Thursday,Pape Station,Utilized Off Route,16,32,SB,7733
2017/01/19,54,1:05:00 PM,Thursday,Lawrence Warden ave,Mechanical,6,12,wb,7665
2017/01/19,102,1:10:00 PM,Thursday,warden stn,Mechanical,30,60,nb,8100
2017/01/19,95,1:16:00 PM,Thursday,UFT Loop,Mechanical,15,30,W,1088
2017/01/19,102,1:20:00 PM,Thursday,WARDEN STN,Utilized Off Route,10,20,nb,7727
2017/01/19,25,1:28:00 PM,Thursday,Mogul and Don Mills Road,Mechanical,7,14,NB,7570
2017/01/19,99,1:30:00 PM,Thursday,Finch and Arrow,Investigation,70,90,N/B,7973
2017/01/19,191,1:35:00 PM,Thursday,Steeles Loop,Mechanical,6,12,S/B,7975
2017/01/19,130,1:44:00 PM,Thursday,STC,Mechanical,11,22,N,1120
2017/01/19,199,1:48:00 PM,Thursday,STC,Utilized Off Route,4,8,W,1734
2017/01/19,196,1:52:00 PM,Thursday,Downsview stn,Mechanical,3,6,e,8339
2017/01/19,102,2:00:00 PM,Thursday,ON ROUTE,General Delay,15,1,BW,
2017/01/19,196,2:00:00 PM,Thursday,Downsview stn,Mechanical,6,12,e,8304
2017/01/19,110,2:04:00 PM,Thursday,Islington Station,Late Leaving Garage,15,38,S,7955
2017/01/19,780,2:16:00 PM,Thursday,Eglinton Garage,Utilized Off Route,1,1,,7503
2017/01/19,87,2:17:00 PM,Thursday,Main Station,Utilized Off Route,10,20,BW,7766
2017/01/19,129,2:20:00 PM,Thursday,STC,Late Leaving Garage,4,8,WB,1740
2017/01/19,102,2:20:00 PM,Thursday,select and markham rd,Investigation,10,20,nb,7727
2017/01/19,41,2:20:00 PM,Thursday,Keele and Steeles,Mechanical,9,18,s,9151
2017/01/19,43,2:30:00 PM,Thursday,Kennedy and Lawrence,Mechanical,10,20,N,7478
2017/01/19,6,2:33:00 PM,Thursday,Queens Quay and Dockside,Investigation,10,20,n,1026
2017/01/19,86,2:42:00 PM,Thursday,Cardinal Newman School,Late Leaving Garage,8,16,E,7607
2017/01/19,61,2:43:00 PM,Thursday,otter Loop,Mechanical,14,25,n,8346
2017/01/19,34,2:46:00 PM,Thursday,Eglinton Garage,Late Leaving Garage,1,1,,7615
2017/01/19,195,2:46:00 PM,Thursday,Church st,General Delay,10,20,B/W,8571
2017/01/19,35,2:46:00 PM,Thursday,"Church St,",General Delay,7,14,B/W,8579
2017/01/19,66,2:51:00 PM,Thursday,Lakeshore at Marine Parade,Late Leaving Garage,20,32,N,8077
2017/01/19,50,2:54:00 PM,Thursday,Mill road loop,Late Leaving Garage,14,27,E,8097
2017/01/19,34,2:57:00 PM,Thursday,Eglinton and Lebovic,Late Leaving Garage,4,8,WB,7562
2017/01/19,25,2:58:00 PM,Thursday,Fenelon Loop,Late Leaving Garage,6,12,s,7590
2017/01/19,117,3:00:00 PM,Thursday,Downsview stn/Steeles,General Delay,7,12,b/w,
2017/01/19,100,3:03:00 PM,Thursday,Donmills and Eglinton,Late Leaving Garage,6,12,NB,7590
2017/01/19,24,3:03:00 PM,Thursday,Victoria Park Station,Late Leaving Garage,14,14,NB,7865
2017/01/19,106,3:05:00 PM,Thursday,Sentenial and Finch,Late Leaving Garage,7,14,,1364
2017/01/19,32,3:10:00 PM,Thursday,Keele on Eglinton,Late Leaving Garage,9,18,eb,1616
2017/01/19,32,3:10:00 PM,Thursday,Keele on Eglinton,Late Leaving Garage,8,17,wb,1049
2017/01/19,124,3:16:00 PM,Thursday,Lawrence/bayview,Investigation,8,16,WB,8393
2017/01/19,124,3:20:00 PM,Thursday,On Route,General Delay,25,33,B/W,
2017/01/19,144,3:21:00 PM,Thursday,Eglinton Garage,Late Leaving Garage,1,1,,7640
2017/01/19,42,3:25:00 PM,Thursday,Finch Station,Utilized Off Route,12,24,EB,8385
2017/01/19,124,3:25:00 PM,Thursday,Lawrence/bayview,Investigation,8,16,WB,8311
2017/01/19,37,3:26:00 PM,Thursday,Islington at Rowntree,Mechanical,9,19,S,8099
2017/01/19,52,3:26:00 PM,Thursday,Martin Grove & The Westway,Late Leaving Garage,14,26,e/b,1540
2017/01/19,29,3:26:00 PM,Thursday,Dufferin and Dundas,Utilized Off Route,4,8,n,9030
2017/01/19,6,3:28:00 PM,Thursday,Davenport / Dufferin,Utilized Off Route,10,20,e,1040
2017/01/19,73,3:30:00 PM,Thursday,Royal York Station to Albion and Claireport,General Delay,15,35,BW,
2017/01/19,31,3:30:00 PM,Thursday,Greenwood & Queen,Investigation,11,21,SB,7827
2017/01/19,5,3:30:00 PM,Thursday,St Clair to Eglinton Stn,General Delay,20,19,b,
2017/01/19,124,3:30:00 PM,Thursday,Sunny Brook Hospitral,Investigation,8,16,WB,1820
2017/01/19,131,3:31:00 PM,Thursday,Kennedy Station,Mechanical,9,17,N,1321
2017/01/19,29,3:35:00 PM,Thursday,Springhurst,Utilized Off Route,5,10,n,9026
2017/01/19,116,3:39:00 PM,Thursday,Morningside and Lawrence,Late Leaving Garage,6,12,N,7598
2017/01/19,109,3:41:00 PM,Thursday,Eglinton West station,Mechanical,14,28,N,1826
2017/01/19,11,3:45:00 PM,Thursday,Sunny Brook Hospital,Utilized Off Route,15,30,EB,1342
2017/01/19,11,3:59:00 PM,Thursday,Davisville Stn,Utilized Off Route,7,15,n,1818
2017/01/19,41,4:00:00 PM,Thursday,Entire Route,General Delay,20,30,B/W,
2017/01/19,102,4:00:00 PM,Thursday,102 Markham Route,General Delay,15,0,bw,
2017/01/19,186,4:00:00 PM,Thursday,wilson Stn.,Mechanical,11,22,W,8438
2017/01/19,41,4:04:00 PM,Thursday,York U Commons,Late Leaving Garage,14,29,S,1012
2017/01/19,24,4:05:00 PM,Thursday,Tempo & Victoria Park,Mechanical,9,17,BW,7821
2017/01/19,9,4:18:00 PM,Thursday,Warden Station,Mechanical,16,32,,7788
2017/01/19,100,4:26:00 PM,Thursday,Wynford and Wynford Heights,Mechanical,6,12,SB,7577
2017/01/19,199,4:36:00 PM,Thursday,Willowdale and Finch,Mechanical,12,24,W,1132
2017/01/19,73,4:39:00 PM,Thursday,Albion at Kipling,Investigation,20,40,E,7909
2017/01/19,199,4:40:00 PM,Thursday,Finch Stn,Utilized Off Route,8,12,E,1771
2017/01/19,105,4:58:00 PM,Thursday,Downsview stn / Major Mac,General Delay,10,25,b/w,
2017/01/19,24,4:59:00 PM,Thursday,Victoria Park Station,Utilized Off Route,9,17,BW,7769
2017/01/19,60,5:00:00 PM,Thursday,On Steeles from Keele to Dufferin,General Delay,15,23,E,
2017/01/19,121,5:00:00 PM,Thursday,Strachan to Bay,General Delay,1,1,B/W,
2017/01/19,196,5:05:00 PM,Thursday,Downsview stn,Mechanical,2,4,n,1683
2017/01/19,102,5:05:00 PM,Thursday,Markham and Steeles,Mechanical,20,40,sb,8166
2017/01/19,17,5:07:00 PM,Thursday,Wintermute,Mechanical,8,16,sb,7758
2017/01/19,74,5:10:00 PM,Thursday,Mt.Pleasent/Eglinton av,Mechanical,20,40,NB,1347
2017/01/19,196,5:11:00 PM,Thursday,Downsview stn,Utilized Off Route,2,4,n,1823
2017/01/19,51,5:13:00 PM,Thursday,Eglinton Stn,Mechanical,18,35,b,1790
2017/01/19,134,5:14:00 PM,Thursday,STC SRT,Mechanical,5,11,eb,1095
2017/01/19,84,5:15:00 PM,Thursday,Bradstock and Weston,Investigation,12,24,e/b,
2017/01/19,11,5:15:00 PM,Thursday,Davisville Stn,Utilized Off Route,9,17,n,1667
2017/01/19,53,5:23:00 PM,Thursday,Staines and Morningside,Mechanical,15,30,nb,9080
2017/01/19,76,5:25:00 PM,Thursday,Royal york Station,Utilized Off Route,5,10,S,8410
2017/01/19,102,5:25:00 PM,Thursday,Markham Road and Ellesmere,Mechanical,20,40,sb,7879
2017/01/19,25,5:30:00 PM,Thursday,Freshmeadow/Townsend,Investigation,6,12,s,7454
2017/01/19,196,5:30:00 PM,Thursday,Downsview stn,Utilized Off Route,2,4,n,8383
2017/01/19,196,5:45:00 PM,Thursday,Downsview Stn,Utilized Off Route,7,14,EB,8196
2017/01/19,68,5:45:00 PM,Thursday,Major mac/Warden,Diversion,75,100,B/W,7538
2017/01/19,9,5:46:00 PM,Thursday,York Mills Route,General Delay,10,20,B/W,1713
2017/01/19,43,5:51:00 PM,Thursday,Kennedy and Munham gate,Investigation,10,20,N,7417
2017/01/19,10,5:55:00 PM,Thursday,Brian Dr.  Van Horne,Mechanical,10,20,NB,8186
2017/01/19,43,6:05:00 PM,Thursday,Kennedy and Munham gate,Investigation,10,20,N,7417
2017/01/19,43,6:09:00 PM,Thursday,Kennedy and Munhamgate,Investigation,10,20,N,7462
2017/01/19,160,6:10:00 PM,Thursday,Drewry,Investigation,21,42,N,1688
2017/01/19,34,6:28:00 PM,Thursday,Eglinton and Victoria Park,Mechanical,4,18,WB,7663
2017/01/19,107,6:30:00 PM,Thursday,Keele at Steeles,Investigation,23,46,NB,8368
2017/01/19,46,6:34:00 PM,Thursday,Kipling and Goswell,Investigation,10,20,S/B,1335
2017/01/19,47,6:39:00 PM,Thursday,Lansdowne station,Investigation,16,40,n,1075
2017/01/19,74,6:45:00 PM,Thursday,St.Clair Station,Mechanical,20,40,NB,8347
2017/01/19,39,6:48:00 PM,Thursday,Birchmount and Finch,Emergency Services,12,19,E,1121
2017/01/19,6,7:02:00 PM,Thursday,Davenport and Dupont,Mechanical,5,11,S/B,1253
2017/01/19,168,7:10:00 PM,Thursday,Davenport and Uxbridge,Investigation,7,14,N,8402
2017/01/19,87,7:31:00 PM,Thursday,Donlands and Cosburn,Mechanical,10,20,S/B,7767
2017/01/19,126,7:40:00 PM,Thursday,St.Clair West stn,Investigation,15,30,s/b,1510
2017/01/19,199,7:41:00 PM,Thursday,Kenneth and Finch,Diversion,39,52,E,1771
2017/01/19,39,7:41:00 PM,Thursday,Kenneth and Finch,Diversion,39,55,E,1743
2017/01/19,32,7:46:00 PM,Thursday,Eglinton West Stn.,Investigation,10,19,wb,1049
2017/01/19,9,8:56:00 PM,Thursday,9 Bellamy Route,Diversion,18,36,BW,
2017/01/19,74,8:57:00 PM,Thursday,St Clair Stn,Mechanical,22,44,NB,1386
2017/01/19,106,9:05:00 PM,Thursday,Downsview Station,Mechanical,18,36,n,8582
2017/01/19,54,9:07:00 PM,Thursday,Lawrance and Bellamy,Diversion,207,217,WB,7585
2017/01/19,52,9:45:00 PM,Thursday,Airport and Orlando Dr.,Investigation,12,24,w/b,1557
2017/01/19,39,9:49:00 PM,Thursday,Tapscott,Mechanical,16,34,WB,1100
2017/01/19,185,9:58:00 PM,Thursday,Cosbourn/Pape,Investigation,10,20,down,7690
2017/01/19,52,10:00:00 PM,Thursday,Lawrence and West Station,Mechanical,12,24,w/b,1072
2017/01/19,87,10:05:00 PM,Thursday,Barrington and Secord,Mechanical,10,20,nb,8112
2017/01/19,102,10:20:00 PM,Thursday,Warden Station,Utilized Off Route,10,20,,7801
2017/01/19,9,10:30:00 PM,Thursday,Warden Station,Mechanical,30,60,,7876
2017/01/19,33,10:40:00 PM,Thursday,Chaplin Cresc,Utilized Off Route,20,40,Bus 8331,8302
2017/01/19,129,10:50:00 PM,Thursday,STC,Mechanical,10,20,NB,1125
2017/01/19,7,11:10:00 PM,Thursday,Bathurst at Baycrest,Diversion,221,231,BW,9007
2017/01/19,7,11:11:00 PM,Thursday,Bathurst at Baycrest,Emergency Services,6,12,NB,9035
2017/01/19,45,11:15:00 PM,Thursday,Eglinton and Kipling,Mechanical,10,20,n/b,8048
2017/01/19,34,11:15:00 PM,Thursday,Mount plesant/Eglinton,Mechanical,10,20,down,7639
2017/01/19,54,11:30:00 PM,Thursday,Mount pleasant/Eglinton,Utilized Off Route,10,20,W/B,7485
2017/01/20,199,12:23:00 AM,Friday,STC,Utilized Off Route,9,18,WB,1755
2017/01/20,130,12:40:00 AM,Friday,STC,Mechanical,10,40,NB,1744
2017/01/20,52,12:48:00 AM,Friday,Lawrence and Sage Ave,Investigation,23,46,E/B,1566
2017/01/20,324,1:43:00 AM,Friday,Bingam Loop,Mechanical,30,30,NB,8122
2017/01/20,60,4:52:00 AM,Friday,Steeles loop,Late Leaving Garage,20,40,E/b,1313
2017/01/20,168,5:10:00 AM,Friday,E/B Rogers Rd at Keele st,Mechanical,10,20,s/b,8085
2017/01/20,85,5:11:00 AM,Friday,Sheppard and Markham,Mechanical,15,30,w,9090
2017/01/20,87,5:17:00 AM,Friday,MAIN STATION,Late Leaving Garage,5,10,W,7838
2017/01/20,129,5:22:00 AM,Friday,Steeles Loop,Late Leaving Garage,13,1,SB,1099
2017/01/20,7,5:25:00 AM,Friday,Bathurst Stn,Emergency Services,11,0,N/B,9021
2017/01/20,57,5:33:00 AM,Friday,STEELES,Late Leaving Garage,1,1,S,7845
2017/01/20,29,5:33:00 AM,Friday,Dufferin mall,Late Leaving Garage,13,23,N,9043
2017/01/20,199,5:34:00 AM,Friday,McCowan and Sheppard Ave,Late Leaving Garage,11,22,w,1707
2017/01/20,63,5:36:00 AM,Friday,Eglinton West Station,Late Leaving Garage,13,28,S/B,1612
2017/01/20,47,5:41:00 AM,Friday,Yorkdale Mall,Late Leaving Garage,18,47,S/B,1628
2017/01/20,53,5:50:00 AM,Friday,Markham and Passmore Rd,Late Leaving Garage,5,9,WB,1227
2017/01/20,88,5:50:00 AM,Friday,St Clair Station,Late Leaving Garage,16,32,S,8361
2017/01/20,29,5:51:00 AM,Friday,Wilson Station,Mechanical,9,18,S,9024
2017/01/20,100,6:02:00 AM,Friday,Eglinton Yard,Late Leaving Garage,1,1,NB,7525
2017/01/20,192,6:04:00 AM,Friday,Kipling Station,Late Leaving Garage,10,20,N/B,8008
2017/01/20,24,6:14:00 AM,Friday,STEELES,Late Leaving Garage,9,23,S,7766
2017/01/20,100,6:16:00 AM,Friday,Eglinton Ave E and St. Dennis Dr,Late Leaving Garage,4,8,SB,7682
2017/01/20,29,6:18:00 AM,Friday,TYCOS,Mechanical,9,18,S,9012
2017/01/20,120,6:22:00 AM,Friday,Arrow Garage,Late Leaving Garage,30,60,S,8437
2017/01/20,63,6:22:00 AM,Friday,Eglinton West station,Late Leaving Garage,4,8,S,1005
2017/01/20,100,6:24:00 AM,Friday,Don Mills and Eglinton,Late Leaving Garage,4,8,EB,7687
2017/01/20,54,6:24:00 AM,Friday,Lawrence and Scarborough Golf Club Rd,Late Leaving Garage,9,18,W/B,7570
2017/01/20,54,6:28:00 AM,Friday,Lawrence and Kingston Rd,Late Leaving Garage,5,10,E/B,7677
2017/01/20,53,6:30:00 AM,Friday,Finch Station,Late Leaving Garage,13,26,EB,9070
2017/01/20,68,6:31:00 AM,Friday,Warden STN,Late Leaving Garage,5,10,N/B,7697
2017/01/20,85,6:32:00 AM,Friday,Don Mills Station,Mechanical,13,26,e,9093
2017/01/20,109,6:35:00 AM,Friday,Kipling Stn,Mechanical,6,12,NB,7918
2017/01/20,11,6:39:00 AM,Friday,Sunnybrook Hospital,Late Leaving Garage,9,21,s,8308
2017/01/20,121,6:41:00 AM,Friday,Cherry and Front Street,Mechanical,13,26,W/B,7872
2017/01/20,102,6:57:00 AM,Friday,warden stn,Late Leaving Garage,10,20,nb,7741
2017/01/20,85,7:10:00 AM,Friday,Sheppard and Markham,Mechanical,7,13,w,9068
2017/01/20,73,7:10:00 AM,Friday,Royal York Stn,Utilized Off Route,15,30,s/b,8069
2017/01/20,165,7:24:00 AM,Friday,Steels and Barmac Dr.,Mechanical,6,18,S,1239
2017/01/20,161,7:31:00 AM,Friday,Jane and Alliance,Mechanical,11,22,e/b,1020
2017/01/20,17,7:50:00 AM,Friday,steeles and mountcastle gate,Mechanical,16,32,sb,7865
2017/01/20,5,8:00:00 AM,Friday,Avenue Rd Rte,General Delay,10,22,b/w,
2017/01/20,36,8:05:00 AM,Friday,1111 Finch ave.3,Mechanical,21,42,W,9131
2017/01/20,36,9:00:00 AM,Friday,Arrow Rd. and Finch Ave.,Mechanical,21,42,E,9128
2017/01/20,196,9:19:00 AM,Friday,Downsview Stn.,Investigation,2,5,W/B,8319
2017/01/20,100,9:58:00 AM,Friday,Broadview Stn.,Investigation,6,13,NB,7492
2017/01/20,95,10:07:00 AM,Friday,Yorkmills Station,Mechanical,15,30,E,1121
2017/01/20,35,10:17:00 AM,Friday,Jane and Shoreham,Investigation,15,30,S/b,8610
2017/01/20,168,10:32:00 AM,Friday,Dundas W. Station,Investigation,10,20,N/B,8040
2017/01/20,69,10:46:00 AM,Friday,warden stn,Mechanical,11,22,sb,7752
2017/01/20,95,10:46:00 AM,Friday,Parkwoods Villa and Yorkmills,Mechanical,15,30,E,1079
2017/01/20,25,10:56:00 AM,Friday,Don Mills Station,Mechanical,5,10,NB,7542
2017/01/20,85,11:11:00 AM,Friday,Sheppard and Glen Watford,Investigation,9,17,e,9054
2017/01/20,35,11:18:00 AM,Friday,Jane Stn,Mechanical,6,12,N/b,8482
2017/01/20,36,11:20:00 AM,Friday,Milvan,Investigation,5,10,w,9116
2017/01/20,30,11:22:00 AM,Friday,High Park Station,Mechanical,30,60,W/B,7929
2017/01/20,45,11:30:00 AM,Friday,Kipling Station,Utilized Off Route,10,20,N/B,7908
2017/01/20,7,11:30:00 AM,Friday,Bathurst and Sheppard,Mechanical,9,18,s/b,9033
2017/01/20,192,11:34:00 AM,Friday,Kipling Station,Mechanical,10,20,N/B,8001
2017/01/20,53,12:18:00 PM,Friday,Markham and Passmore Rd,Mechanical,10,15,WB,1704
2017/01/20,116,12:26:00 PM,Friday,Morningside and Lawrence,Investigation,10,20,S,7404
2017/01/20,188,12:58:00 PM,Friday,Kipling Station,General Delay,15,30,S/B,7970
2017/01/20,160,1:25:00 PM,Friday,Wilosn lower,Mechanical,15,40,n/b,1686
2017/01/20,160,1:25:00 PM,Friday,Wilson Lower,Mechanical,25,50,n/b,1686
2017/01/20,16,1:44:00 PM,Friday,warden stn,Investigation,10,20,nb,8127
2017/01/20,11,1:47:00 PM,Friday,Davisville Stn,Mechanical,12,24,n,8355
2017/01/20,102,2:00:00 PM,Friday,ON ROUTE,General Delay,15,1,BW,
2017/01/20,24,2:10:00 PM,Friday,Sheppard & victoria park,Mechanical,10,20,bw,8147
2017/01/20,64,2:15:00 PM,Friday,Maion stn,Late Leaving Garage,9,18,N/B,7880
2017/01/20,160,2:15:00 PM,Friday,Fisherville,Mechanical,25,50,N,1686
2017/01/20,46,2:18:00 PM,Friday,Martin Grove loop,Late Leaving Garage,5,10,s,1236
2017/01/20,116,2:42:00 PM,Friday,Pope John Paul PS,Late Leaving Garage,8,16,W,7556
2017/01/20,86,2:42:00 PM,Friday,Cardinal Newman PS,Late Leaving Garage,10,20,E,7401
2017/01/20,81,2:43:00 PM,Friday,Pape Station,Late Leaving Garage,8,16,NB,8175
2017/01/20,9,2:44:00 PM,Friday,warden stn,Mechanical,16,32,nb,7766
2017/01/20,88,2:47:00 PM,Friday,St clair stn,Mechanical,15,30,E,8361
2017/01/20,95,2:50:00 PM,Friday,Birmley and Sheppard,Mechanical,8,17,W,1279
2017/01/20,102,2:51:00 PM,Friday,warden stn,Utilized Off Route,7,15,nb,8105
2017/01/20,85,2:52:00 PM,Friday,Idagrove and sheppard,Mechanical,6,12,e,9096
2017/01/20,17,2:52:00 PM,Friday,kenndy loop,Late Leaving Garage,7,14,sb,7802
2017/01/20,102,2:55:00 PM,Friday,warden stn,Mechanical,15,30,nb,7858
2017/01/20,41,3:00:00 PM,Friday,Entire Route,General Delay,20,30,B/W,
2017/01/20,85,3:03:00 PM,Friday,RHGO,Mechanical,13,25,W,9055
2017/01/20,34,3:04:00 PM,Friday,Eglinton and Lebovic,Late Leaving Garage,4,8,WB,7651
2017/01/20,55,3:10:00 PM,Friday,Old Dundas and Dundas,Late Leaving Garage,15,30,S,1382
2017/01/20,30,3:19:00 PM,Friday,Kipling station,Mechanical,30,52,E,8417
2017/01/20,38,3:20:00 PM,Friday,STC,Mechanical,12,24,EB,1744
2017/01/20,144,3:21:00 PM,Friday,Eglinton Garage,Late Leaving Garage,1,1,,7452
2017/01/20,42,3:24:00 PM,Friday,Mcnicoll/Victoria park,Mechanical,7,14,E,8303
2017/01/20,192,3:34:00 PM,Friday,Kipling Station,Mechanical,8,17,N,8000
2017/01/20,133,3:35:00 PM,Friday,STC,Mechanical,7,14,EB,1095
2017/01/20,199,3:36:00 PM,Friday,McCowan and Sheppard,Mechanical,8,12,N,1770
2017/01/20,54,3:36:00 PM,Friday,Eglinton and Sutherland,Mechanical,13,25,W,7663
2017/01/20,7,3:38:00 PM,Friday,Bathurst & Wilson,Mechanical,5,10,S,8217
2017/01/20,44,3:39:00 PM,Friday,Kipling Station,Utilized Off Route,5,10,S,8062
2017/01/20,11,3:44:00 PM,Friday,Sunnybrook,Mechanical,8,17,n,1574
2017/01/20,122,3:44:00 PM,Friday,Yorkmills Station,Mechanical,16,32,e,1815
2017/01/20,53,3:45:00 PM,Friday,Markham rd and Passmore,Mechanical,5,7,W,1120
2017/01/20,191,3:45:00 PM,Friday,Humber College and Finch,Mechanical,6,12,n/b,7963
2017/01/20,89,3:47:00 PM,Friday,Gunns Road and Weston,Mechanical,7,14,N,1326
2017/01/20,11,3:59:00 PM,Friday,Davisville Stn,Utilized Off Route,7,15,n,8211
2017/01/20,143,4:11:00 PM,Friday,Adelaide and Simcoe,Late Leaving Garage,25,50,EB,8114
2017/01/20,91,4:22:00 PM,Friday,WOODBINE STN,Mechanical,14,28,S/B,8118
2017/01/20,145,4:30:00 PM,Friday,Entire route,General Delay,20,50,BW,
2017/01/20,52,4:50:00 PM,Friday,Duckworth & Lawrence,Mechanical,5,16,e/b,1555
2017/01/20,38,4:52:00 PM,Friday,Ellesmere and Military Trail,Mechanical,12,24,EB,1744
2017/01/20,24,5:00:00 PM,Friday,Victoria Park & Terraview,General Delay,30,60,BW,
2017/01/20,121,5:00:00 PM,Friday,STRACHAN TO BAY,General Delay,1,1,B/W,
2017/01/20,102,5:20:00 PM,Friday,Markham Rd and Blakemanor Blvd (Eglinton),Mechanical,10,20,SB,8100
2017/01/20,39,5:30:00 PM,Friday,Finch Stn to Old Finch,General Delay,18,36,BW,
2017/01/20,42,5:44:00 PM,Friday,Finch stn,Mechanical,13,26,E,8313
2017/01/20,134,5:50:00 PM,Friday,Scarborough Town Center,Mechanical,5,11,w,1710
2017/01/20,29,5:53:00 PM,Friday,Dufferin and Hunter,Investigation,5,10,s,9051
2017/01/20,51,6:00:00 PM,Friday,Leslie and  Van Horne,Diversion,24,0,n,1670
2017/01/20,161,6:04:00 PM,Friday,Lansdowne and Rogers,Mechanical,12,24,e,1076
2017/01/20,88,6:17:00 PM,Friday,St clair stn,Mechanical,15,30,E,8361
2017/01/20,79,6:23:00 PM,Friday,Pine and Lawrence,Mechanical,14,28,n,1253
2017/01/20,116,6:23:00 PM,Friday,Morningside and Nightstar,Mechanical,1,1,S,7432
2017/01/20,102,6:26:00 PM,Friday,Centennial College,Mechanical,10,20,WB,7765
2017/01/20,7,6:34:00 PM,Friday,Bathurst & Lytton Blvd.,Investigation,9,18,N,9020
2017/01/20,102,6:36:00 PM,Friday,Centennial College,Utilized Off Route,10,20,WB,7796
2017/01/20,165,6:40:00 PM,Friday,BARM,Mechanical,10,20,S,8536
2017/01/20,24,6:45:00 PM,Friday,Victoria Park & Sweeny,Investigation,8,17,SB,8131
2017/01/20,25,6:50:00 PM,Friday,pape station,Mechanical,6,12,s,7459
2017/01/20,24,6:55:00 PM,Friday,Victoria Park & Eglinton,Mechanical,9,17,NB,8151
2017/01/20,41,7:10:00 PM,Friday,York U Commons,Mechanical,20,1,S,9150
2017/01/20,199,7:13:00 PM,Friday,Seneca Hill and Finch,Mechanical,4,11,E,1734
2017/01/20,26,7:15:00 PM,Friday,Annette and Keele,Mechanical,24,48,E/B,1585
2017/01/20,75,7:17:00 PM,Friday,lake shore & jarvis,Mechanical,6,12,N,8338
2017/01/20,199,7:39:00 PM,Friday,Scarborough Town Centre,Utilized Off Route,6,13,W,1089
2017/01/20,7,7:43:00 PM,Friday,Bathurst/ Wilson,Mechanical,11,22,S,9027
2017/01/20,54,7:55:00 PM,Friday,Eglinton and Mount Pleasant,Investigation,13,26,W,7410
2017/01/20,192,8:02:00 PM,Friday,Kipling Station,Mechanical,9,18,N,8010
2017/01/20,89,8:18:00 PM,Friday,Eglinton and Weston,Investigation,8,17,N,1325
2017/01/20,75,8:35:00 PM,Friday,Lake Shore/ Jarvis,Mechanical,15,30,N,8340
2017/01/20,63,8:46:00 PM,Friday,Eglinton West Station,Mechanical,10,20,S/B,1573
2017/01/20,199,9:10:00 PM,Friday,STC,Mechanical,13,26,WB,1270
2017/01/20,44,9:10:00 PM,Friday,"On Kipling, at North Queen",Investigation,9,18,N,7949
2017/01/20,36,9:12:00 PM,Friday,Finch and Clark hill,Mechanical,8,16,w,9118
2017/01/20,96,9:50:00 PM,Friday,Albian and Elmhurst,Mechanical,19,39,w,8548
2017/01/20,25,9:54:00 PM,Friday,FreshMeadow and Don Mills,Mechanical,9,18,n,7689
2017/01/20,97,9:57:00 PM,Friday,Yonge York Mills,Mechanical,20,40,SB,8206
2017/01/20,16,10:06:00 PM,Friday,Warden Station,Mechanical,11,22,EB,7741
2017/01/20,25,10:15:00 PM,Friday,FreshMeadow,Mechanical,9,18,n,7629
2017/01/20,85,10:20:00 PM,Friday,DonMills Stn,Mechanical,20,40,WB,1402
2017/01/20,92,10:40:00 PM,Friday,Woodbine Station,Investigation,17,37,SB,7788
2017/01/20,29,10:45:00 PM,Friday,Wilson Stn,Investigation,9,18,SB,9045
2017/01/20,87,10:45:00 PM,Friday,Main Station,Utilized Off Route,10,20,NB,8155
2017/01/20,41,11:14:00 PM,Friday,Steeles and Founder,Mechanical,21,40,S/B,9152
2017/01/20,86,11:15:00 PM,Friday,Dean Park Rd and Meadowvale Rd,Emergency Services,10,20,SB,7402
2017/01/20,17,11:31:00 PM,Friday,Birchmount Rd and Wintermute Blvd (Steeles),Mechanical,22,44,SB,8168
2017/01/20,24,11:40:00 PM,Friday,Steeles Loop at Victoria Park,Utilized Off Route,10,20,SB,7740
2017/01/21,51,12:13:00 AM,Saturday,Townsend,Mechanical,30,60,SB,1804
2017/01/21,33,12:17:00 AM,Saturday,Chaplin,Mechanical,20,40,SB,8376
2017/01/21,196,12:21:00 AM,Saturday,Downsview Stn,Mechanical,10,20,SB,8391
2017/01/21,11,12:39:00 AM,Saturday,Sunnybrook Hospital,Utilized Off Route,15,30,SB,8308
2017/01/21,61,12:50:00 AM,Saturday,Eglinton Stn,Mechanical,1,1,NB,1804
2017/01/21,110,12:55:00 AM,Saturday,"On Brown's Line, at Lake Shore Blvd.",Diversion,125,155,B/W,
2017/01/21,123,12:55:00 AM,Saturday,"On Brown's Line, at Lake Shore Blvd.",Diversion,60,72,B/W,
2017/01/21,320,2:22:00 AM,Saturday,Yonge and Bloor,Utilized Off Route,3,6,SB,1815
2017/01/21,300,2:34:00 AM,Saturday,Bathurst Stn,Investigation,10,35,EB,1516
2017/01/21,320,2:39:00 AM,Saturday,Yonge and Steeles,Mechanical,4,8,S/B,9021
2017/01/21,320,2:42:00 AM,Saturday,Lakeshore and Yonge,Mechanical,3,6,N/B,8307
2017/01/21,300,3:00:00 AM,Saturday,Bloor and Danforth,General Delay,30,60,BW,
2017/01/21,307,3:05:00 AM,Saturday,General Delay,General Delay,30,47,N/B,9028
2017/01/21,320,3:10:00 AM,Saturday,Entire Route,General Delay,3,19,N/B,1363
2017/01/21,300,3:51:00 AM,Saturday,West Mall and Bloor,Mechanical,20,40,EB,7482
2017/01/21,16,5:23:00 AM,Saturday,st clair,Late Leaving Garage,15,30,n/b,7792
2017/01/21,52,5:40:00 AM,Saturday,Martingrove and Westway,Late Leaving Garage,19,39,W,1049
2017/01/21,85,5:40:00 AM,Saturday,Sheppard Stn,Late Leaving Garage,19,39,E/B,1263
2017/01/21,75,5:43:00 AM,Saturday,Jarvis and Queens Quay,Mechanical,15,30,N,8388
2017/01/21,80,5:54:00 AM,Saturday,Parkside/Bloor-Parkside/Ridout,Diversion,68,98,B/W,7905
2017/01/21,42,6:00:00 AM,Saturday,Finch station,Late Leaving Garage,20,20,N,1822
2017/01/21,110,6:05:00 AM,Saturday,Brownsline/Lakeshore,Diversion,62,84,S/B,7933
2017/01/21,123,6:16:00 AM,Saturday,Brownsline/Lakeshore,Diversion,69,90,S/B,8017
2017/01/21,96,7:28:00 AM,Saturday,Wilson and Yonge,Mechanical,20,40,E,8521
2017/01/21,87,7:42:00 AM,Saturday,pape and Cosburn,Utilized Off Route,10,20,n/b,7796
2017/01/21,25,8:03:00 AM,Saturday,Freshmeadow and Don Mills,Mechanical,8,17,S/B,7696
2017/01/21,95,8:29:00 AM,Saturday,Markham and Ellesmere,Mechanical,17,34,W/B,1229
2017/01/21,129,8:33:00 AM,Saturday,Scarborough Town Center,Utilized Off Route,18,36,NB,1089
2017/01/21,129,8:40:00 AM,Saturday,Scarborough Town Center,Mechanical,17,34,NB,1769
2017/01/21,16,8:40:00 AM,Saturday,STC,Late Leaving Garage,12,24,SB,7734
2017/01/21,60,8:41:00 AM,Saturday,Arrow Garage,Investigation,14,27,W,1292
2017/01/21,36,8:45:00 AM,Saturday,Finch and Arrow Rd.,Late Leaving Garage,6,12,E,8538
2017/01/21,60,8:46:00 AM,Saturday,Arrow Garage,Late Leaving Garage,11,22,E,8489
2017/01/21,36,8:52:00 AM,Saturday,Arrow Road Garage,Late Leaving Garage,6,16,W,8527
2017/01/21,94,8:55:00 AM,Saturday,Wellsley,Mechanical,13,26,n/b,8147
2017/01/21,16,8:56:00 AM,Saturday,Warden Stn,Late Leaving Garage,12,24,NB,7745
2017/01/21,20,9:06:00 AM,Saturday,Main Stn,Late Leaving Garage,18,30,NB,7709
2017/01/21,102,9:11:00 AM,Saturday,Markham and Steeles,Late Leaving Garage,10,20,SB,7798
2017/01/21,7,9:40:00 AM,Saturday,Steeles and Bathurst,Mechanical,15,10,s/b,9135
2017/01/21,79,9:47:00 AM,Saturday,Pine and Lawrence,Late Leaving Garage,12,24,S,1527
2017/01/21,98,9:56:00 AM,Saturday,Grantbrook street( E of Bathurst on finch),Mechanical,15,30,N,1823
2017/01/21,38,10:00:00 AM,Saturday,Port Union and Lawson,Mechanical,10,20,E/B,1403
2017/01/21,32,10:00:00 AM,Saturday,Eglinton Station,Late Leaving Garage,10,20,W,1555
2017/01/21,34,10:05:00 AM,Saturday,Kennedy Stn,Mechanical,8,16,W,7662
2017/01/21,79,10:06:00 AM,Saturday,Runnymede Stn,Late Leaving Garage,24,48,N,1358
2017/01/21,196,10:20:00 AM,Saturday,Downsview station,Utilized Off Route,15,30,W,8212
2017/01/21,79,10:24:00 AM,Saturday,Runymede Rd at Dundas St,Diversion,12,24,N,1389
2017/01/21,79,10:24:00 AM,Saturday,Runnymede at Dundas,Emergency Services,12,24,N,1389
2017/01/21,71,10:34:00 AM,Saturday,Runnymede and Dundas,Diversion,22,30,N,1659
2017/01/21,7,10:45:00 AM,Saturday,Bathurst and Yorkdowns,Mechanical,5,10,s/b,9148
2017/01/21,38,10:49:00 AM,Saturday,Markham Road and Ellesmere Road,Mechanical,10,20,E/B,1085
2017/01/21,40,11:00:00 AM,Saturday,Dundas w Stn,Mechanical,15,30,w/b,8041
2017/01/21,5,12:08:00 PM,Saturday,Avenue Rd and Queenspark,Diversion,20,40,SB,1751
2017/01/21,43,12:13:00 PM,Saturday,Kennedy Station,Mechanical,10,20,NB,7541
2017/01/21,196,12:29:00 PM,Saturday,Downviews Station,Utilized Off Route,15,30,W,8191
2017/01/21,94,12:30:00 PM,Saturday,West of Queens Park,General Delay,1,1,B/W,
2017/01/21,41,12:38:00 PM,Saturday,Keele and Eglinton,Mechanical,7,15,S,1638
2017/01/21,16,12:44:00 PM,Saturday,McCowan and Lawrence,Diversion,47,57,N,7734
2017/01/21,24,1:05:00 PM,Saturday,steeles,Late Leaving Garage,8,16,s/b,7720
2017/01/21,196,1:06:00 PM,Saturday,York U Commons,Mechanical,8,15,,8215
2017/01/21,104,1:06:00 PM,Saturday,Banting /Sheppard,Investigation,15,30,S/B,8302
2017/01/21,84,1:16:00 PM,Saturday,Sheppard / Gorman Park,Diversion,1,1,W,8491
2017/01/21,116,1:19:00 PM,Saturday,Eglinton and Markham Rd.,Investigation,6,12,N,7699
2017/01/21,37,1:25:00 PM,Saturday,Islignton Stn,Mechanical,13,26,n/b,8012
2017/01/21,161,1:26:00 PM,Saturday,Ossington Station,Mechanical,15,30,E,1076
2017/01/21,64,1:30:00 PM,Saturday,Warden and Ellesmere,Investigation,10,20,N/B,7700
2017/01/21,94,1:34:00 PM,Saturday,Castlefrank Station,Utilized Off Route,13,26,W,7854
2017/01/21,29,1:35:00 PM,Saturday,Dufferin and Glengrove,Mechanical,3,6,n,8345
2017/01/21,36,1:36:00 PM,Saturday,Milvan Drive,Mechanical,4,8,W,8455
2017/01/21,81,1:38:00 PM,Saturday,Pape Stn,Utilized Off Route,7,14,NB,8111
2017/01/21,25,1:40:00 PM,Saturday,Pape Station,Utilized Off Route,8,16,NB,7437
2017/01/21,87,2:05:00 PM,Saturday,Main Station,Mechanical,10,20,W,7796
2017/01/21,129,2:06:00 PM,Saturday,Scarborough town center,Mechanical,7,14,N,1109
2017/01/21,33,2:40:00 PM,Saturday,St Clair w stn,Mechanical,20,40,N/B,8393
2017/01/21,198,2:47:00 PM,Saturday,UT Scarborough College Loop,Mechanical,10,20,S,7567
2017/01/21,32,2:55:00 PM,Saturday,Eglinton / Weston,Mechanical,10,20,e,1416
2017/01/21,34,2:58:00 PM,Saturday,Eglinton and Yonge,Investigation,18,36,W,7590
2017/01/21,79,3:25:00 PM,Saturday,Pritchard and Castleton,Investigation,24,48,s/b,1044
2017/01/21,29,3:44:00 PM,Saturday,Bloor and Dufferin,Utilized Off Route,3,6,,1347
2017/01/21,32,3:48:00 PM,Saturday,Eglinton / Jane,Investigation,10,20,e,1387
2017/01/21,57,4:00:00 PM,Saturday,Midland Route,General Delay,12,24,EB,7843
2017/01/21,21,4:00:00 PM,Saturday,Brimley Route,General Delay,13,26,EB,7806
2017/01/21,24,4:00:00 PM,Saturday,Steeles to Vic Park stn,General Delay,1,1,BW,
2017/01/21,134,4:03:00 PM,Saturday,Scarborough town center,Mechanical,30,45,E,1201
2017/01/21,52,4:10:00 PM,Saturday,Jane and Lawrence,Utilized Off Route,17,34,w/b,1615
2017/01/21,113,4:13:00 PM,Saturday,Main stn,Mechanical,13,26,W/B,8167
2017/01/21,199,4:14:00 PM,Saturday,STC,Mechanical,6,12,W/B,1739
2017/01/21,53,4:39:00 PM,Saturday,Morningside and Staines,Mechanical,21,42,W,1139
2017/01/21,65,5:00:00 PM,Saturday,Parliament route,General Delay,10,1,BW,
2017/01/21,89,5:25:00 PM,Saturday,Keele / Dundas,Utilized Off Route,10,20,s,1001
2017/01/21,191,5:47:00 PM,Saturday,Steeles Loop West of Martin Grove,Late Leaving Garage,10,20,S,8443
2017/01/21,168,6:25:00 PM,Saturday,Dundas W Stn,Investigation,9,18,n/b,8051
2017/01/21,73,6:31:00 PM,Saturday,Royal York Stn,Investigation,15,30,n/b,8049
2017/01/21,77,7:25:00 PM,Saturday,80 hill / Coehill,Investigation,24,48,s,1066
2017/01/21,35,9:00:00 PM,Saturday,Jane and Sheppard,Mechanical,6,12,s,8578
2017/01/21,116,9:20:00 PM,Saturday,Kennedy Stn,Mechanical,10,20,NB,7473
2017/01/21,82,9:42:00 PM,Saturday,SUMMERHILL,Mechanical,30,60,SB,8319
2017/01/21,75,9:58:00 PM,Saturday,Summerhill anf Mclennan,Mechanical,30,60,SB,8319
2017/01/21,97,10:15:00 PM,Saturday,Davisville Stn,Utilized Off Route,20,40,NB,1819
2017/01/21,11,10:19:00 PM,Saturday,Davisville Stn,Utilized Off Route,22,46,NB,8189
2017/01/21,39,10:29:00 PM,Saturday,NECR,Mechanical,8,16,WB,1217
2017/01/21,85,10:47:00 PM,Saturday,Sheppard Stn,Mechanical,20,40,EB,1780
2017/01/21,85,10:59:00 PM,Saturday,Don Mills Stn,Mechanical,20,40,EB,1777
2017/01/21,24,11:38:00 PM,Saturday,Victoria Park Ave and Finch Ave East,Mechanical,10,20,NB,7790
2017/01/21,32,11:52:00 PM,Saturday,Eglinton west station,Mechanical,20,40,e,1003
2017/01/21,45,11:57:00 PM,Saturday,"On Kipling, at Eglinton",Mechanical,10,20,S,8433
2017/01/22,53,12:03:00 AM,Sunday,Bayview and Steeles Ave,Diversion,57,67,WB,
2017/01/22,133,12:52:00 AM,Sunday,NEILSON AND SHEPPARD,Mechanical,13,26,S,1130
2017/01/22,34,1:00:00 AM,Sunday,Eglinton Stn,Mechanical,15,30,EB,7593
2017/01/22,102,1:03:00 AM,Sunday,Markham & Lawrence,Mechanical,10,20,BW,7857
2017/01/22,36,1:26:00 AM,Sunday,Humberwood loop,Mechanical,15,30,W/B,1335
2017/01/22,320,2:25:00 AM,Sunday,Yonge & Belsize,Mechanical,4,7,N,7512
2017/01/22,329,2:30:00 AM,Sunday,Transit road & Wilson stn,Mechanical,25,55,S,8354
2017/01/22,363,2:30:00 AM,Sunday,Route 363,General Delay,22,52,BW,
2017/01/22,320,2:30:00 AM,Sunday,Route 320,General Delay,12,16,W,
2017/01/22,300,2:36:00 AM,Sunday,Bloor-Danforth,General Delay,30,60,BW,
2017/01/22,320,3:34:00 AM,Sunday,Yonge & Sheldrake,Mechanical,4,7,N,1018
2017/01/22,365,3:35:00 AM,Sunday,PARLIAMENT AND WINCHESTER,Mechanical,15,30,S,7708
2017/01/22,300,3:42:00 AM,Sunday,BLOOR AND BATHURST,Utilized Off Route,30,60,E,8146
2017/01/22,325,4:24:00 AM,Sunday,DonMills and Steels,Mechanical,30,60,SB,7483
2017/01/22,300,4:38:00 AM,Sunday,Danforth Rd and Danforth Ave,Late Leaving Garage,30,60,WB,1535
2017/01/22,320,5:15:00 AM,Sunday,Yonge & Bloor,Investigation,15,30,S,8365
2017/01/22,343,5:44:00 AM,Sunday,Kennedy station,Investigation,30,60,S,7424
2017/01/22,94,7:16:00 AM,Sunday,Ossigton Stn,Late Leaving Garage,13,26,EB,8151
2017/01/22,88,7:30:00 AM,Sunday,Beth Nealson,Late Leaving Garage,20,40,W,1826
2017/01/22,124,7:35:00 AM,Sunday,Bayview and Lawrence,Emergency Services,20,40,W,8338
2017/01/22,35,7:52:00 AM,Sunday,Hullmar and Jane,Late Leaving Garage,12,24,N,8610
2017/01/22,162,7:55:00 AM,Sunday,Donway East and Lawrence,Utilized Off Route,30,60,W,1675
2017/01/22,32,7:55:00 AM,Sunday,Skymark/ Explorer,Late Leaving Garage,10,20,e,1413
2017/01/22,111,7:56:00 AM,Sunday,Martingrove/Eglinton,Mechanical,26,41,n,7902
2017/01/22,29,7:56:00 AM,Sunday,Princes Gates,Mechanical,8,18,n,9007
2017/01/22,92,7:57:00 AM,Sunday,Woodbine stn,Late Leaving Garage,12,24,S/B,7871
2017/01/22,337,7:57:00 AM,Sunday,Islington & Steels,Mechanical,20,40,N,7926
2017/01/22,127,7:57:00 AM,Sunday,Townsley Loop,Late Leaving Garage,22,24,e,1002
2017/01/22,89,7:58:00 AM,Sunday,Keele / Dundas,Utilized Off Route,10,20,n,1008
2017/01/22,195,8:25:00 AM,Sunday,Jane and Steeles,Late Leaving Garage,10,20,S,8464
2017/01/22,35,9:17:00 AM,Sunday,Jane and Hullmar,Late Leaving Garage,10,20,N,8527
2017/01/22,102,9:30:00 AM,Sunday,Midland /Lawrence,Mechanical,10,20,w/b,7829
2017/01/22,123,9:37:00 AM,Sunday,Horner / evans,Mechanical,20,40,n,8042
2017/01/22,54,9:38:00 AM,Sunday,Orton Park and Brimorton,Mechanical,15,30,W/B,7567
2017/01/22,54,9:47:00 AM,Sunday,Starspray loop,Mechanical,16,32,W/B,7583
2017/01/22,71,9:56:00 AM,Sunday,Runnymede stn,Mechanical,14,28,n,1615
2017/01/22,94,9:59:00 AM,Sunday,Castlefrank Stn,Mechanical,13,26,WB,7709
2017/01/22,89,10:10:00 AM,Sunday,Keele stn,Utilized Off Route,10,20,n,1360
2017/01/22,94,10:19:00 AM,Sunday,Wellesely Stn,Utilized Off Route,13,26,WB,8144
2017/01/22,60,10:30:00 AM,Sunday,Route 60,General Delay,17,30,BW,
2017/01/22,89,11:10:00 AM,Sunday,Weston and Ray Ave,Mechanical,10,20,N,1076
2017/01/22,7,11:30:00 AM,Sunday,Bathurst at Wilson,Mechanical,5,10,n/b,8394
2017/01/22,125,11:56:00 AM,Sunday,bathurst and antibies,Mechanical,15,30,W,1511
2017/01/22,23,11:58:00 AM,Sunday,Main Station,Late Leaving Garage,10,20,N,8124
2017/01/22,29,12:02:00 PM,Sunday,wilson Station,Mechanical,4,8,s,9036
2017/01/22,123,12:04:00 PM,Sunday,Long Branch loop,Mechanical,20,40,n,8055
2017/01/22,62,12:08:00 PM,Sunday,Broadview Station,Late Leaving Garage,15,30,E,7872
2017/01/22,29,12:13:00 PM,Sunday,Wilson Station,Mechanical,4,8,Sb,9046
2017/01/22,94,12:20:00 PM,Sunday,Castlefrank Stn,Mechanical,13,26,WB,8144
2017/01/22,41,2:06:00 PM,Sunday,Founders and Steels,Mechanical,9,19,S,1043
2017/01/22,47,2:24:00 PM,Sunday,Yorkdale stn,Mechanical,18,36,s/b,1612
2017/01/22,45,2:30:00 PM,Sunday,Steeles Loop,Mechanical,9,18,s,8087
2017/01/22,41,2:58:00 PM,Sunday,Weston and Rogers,Mechanical,10,20,S,1595
2017/01/22,74,3:15:00 PM,Sunday,St. Clair and Cliffton,Mechanical,24,47,e/b,1689
2017/01/22,87,3:20:00 PM,Sunday,Main stn,Mechanical,10,20,n/b,8145
2017/01/22,52,3:25:00 PM,Sunday,Skyway,Mechanical,14,30,E,1616
2017/01/22,11,3:35:00 PM,Sunday,Bayview / Steeles,Mechanical,30,60,s,1824
2017/01/22,37,3:36:00 PM,Sunday,Woodbine Race Track,Investigation,12,24,n/b,7945
2017/01/22,199,3:44:00 PM,Sunday,Pine way Drive and Finch,Investigation,8,16,W/B,1741
2017/01/22,196,3:46:00 PM,Sunday,Downsview Stn,Mechanical,15,30,n/b,8315
2017/01/22,25,3:56:00 PM,Sunday,PAPE @ MORTIMER,Mechanical,8,17,N,7460
2017/01/22,95,3:58:00 PM,Sunday,Morningside road and Ellesmere,Investigation,17,34,W/B,1097
2017/01/22,24,4:13:00 PM,Sunday,Victoria Park Station,Mechanical,8,16,NB,8168
2017/01/22,7,4:15:00 PM,Sunday,Bathurst and Sheppard,Mechanical,8,15,n,9020
2017/01/22,65,4:20:00 PM,Sunday,Castlefrank Station,Mechanical,15,30,S,8113
2017/01/22,94,4:36:00 PM,Sunday,Castlefrank Station,Utilized Off Route,13,26,W,7765
2017/01/22,87,4:45:00 PM,Sunday,Main Stn,Utilized Off Route,10,20,W,7817
2017/01/22,43,4:47:00 PM,Sunday,KENNEDY AT MCNICOLL,Mechanical,10,20,S,7481
2017/01/22,24,4:58:00 PM,Sunday,Victoria Park & St.Clair,Mechanical,8,16,BW,8118
2017/01/22,34,5:20:00 PM,Sunday,Kennedy station,Mechanical,7,15,up,7413
2017/01/22,34,6:12:00 PM,Sunday,Eglinton stn,Mechanical,2,36,up,7570
2017/01/22,195,6:15:00 PM,Sunday,Jane and Woolner,Investigation,10,20,N,7978
2017/01/22,36,6:25:00 PM,Sunday,FSTN - Finch Station,Mechanical,5,10,W,8530
2017/01/22,53,6:42:00 PM,Sunday,Finch Station,Utilized Off Route,6,12,eb,1777
2017/01/22,85,6:59:00 PM,Sunday,Palmdale on Sheppard,Mechanical,21,31,EB,1208
2017/01/22,89,7:00:00 PM,Sunday,Weston and StClair,Emergency Services,10,20,n,1531
2017/01/22,52,7:02:00 PM,Sunday,Royal York and Westway,Investigation,11,22,e,1027
2017/01/22,85,7:05:00 PM,Sunday,Don Mills Station.,Mechanical,21,41,eb,1146
2017/01/22,123,7:25:00 PM,Sunday,Kipling Station,Mechanical,30,60,S,8047
2017/01/22,52,7:40:00 PM,Sunday,Caledonia and Lawrence,Diversion,26,11,w,1390
2017/01/22,36,7:47:00 PM,Sunday,HWLP - Humberwod loop,Mechanical,7,14,E,8439
2017/01/22,11,7:50:00 PM,Sunday,Sunnybrook hospital,Mechanical,12,24,S/B,8214
2017/01/22,94,8:30:00 PM,Sunday,Ossington & Hepbourne,Mechanical,9,18,BW,8156
2017/01/22,88,8:50:00 PM,Sunday,St Clair stn,Mechanical,20,40,E/B,8366
2017/01/22,11,9:15:00 PM,Sunday,Heathcote/Bayview,Mechanical,10,20,S/B,1714
2017/01/22,112,9:26:00 PM,Sunday,545 The West Mall,Emergency Services,24,48,N,7903
2017/01/22,39,10:45:00 PM,Sunday,Alexmuir on Finch,Diversion,72,82,WB,1092
2017/01/22,24,10:49:00 PM,Sunday,Victoria Park & Eqlinton Square,Mechanical,10,20,BW,8178
2017/01/22,85,10:59:00 PM,Sunday,SHEPPARD AND KENNEDY,Diversion,84,104,E,1737
2017/01/22,98,11:05:00 PM,Sunday,Northwood Dr and Willowdale Ave,Mechanical,30,60,NB,8369
2017/01/22,190,11:10:00 PM,Sunday,Kennedy Rd and Sheppard Ave,Diversion,21,42,EB,7569
2017/01/23,37,12:34:00 AM,Monday,Islington Station,Mechanical,30,60,N,7949
2017/01/23,113,12:52:00 AM,Monday,Main Station,Mechanical,26,52,,7721
2017/01/23,16,12:59:00 AM,Monday,Midland and Danforth,Mechanical,15,30,sb,8104
2017/01/23,87,1:05:00 AM,Monday,Main Station,Utilized Off Route,10,20,,7822
2017/01/23,37,1:32:00 AM,Monday,"On Islington, at Rowntree Mill Rd.",Diversion,57,87,B/W,
2017/01/23,39,1:33:00 AM,Monday,FINCH AND KENNEDY,Utilized Off Route,9,18,E,1827
2017/01/23,337,1:45:00 AM,Monday,Islington & Duncanwoods,Diversion,179,229,BW,
2017/01/23,300,4:39:00 AM,Monday,KENN,Mechanical,30,60,W,7804
2017/01/23,45,4:55:00 AM,Monday,Kipling stn,Mechanical,10,20,N,8424
2017/01/23,192,4:56:00 AM,Monday,KIPLING STN,Mechanical,22,0,e/b,8009
2017/01/23,9,5:11:00 AM,Monday,STC,Investigation,20,20,S,7741
2017/01/23,23,5:13:00 AM,Monday,FERRIS/DAWES,Late Leaving Garage,18,18,N,7761
2017/01/23,87,5:15:00 AM,Monday,BROADVIEW STATION,Investigation,5,10,E,7716
2017/01/23,17,5:20:00 AM,Monday,GARAGE,Late Leaving Garage,0,0,S,7764
2017/01/23,39,5:30:00 AM,Monday,Baldoon/Finch,Late Leaving Garage,5,10,e,1227
2017/01/23,97,5:45:00 AM,Monday,Davisville Station,Late Leaving Garage,30,60,NB,8371
2017/01/23,85,5:49:00 AM,Monday,Rough Hill Go Station,Late Leaving Garage,11,22,w,9061
2017/01/23,87,5:50:00 AM,Monday,Broadview Stn,Mechanical,5,10,E,8167
2017/01/23,199,5:58:00 AM,Monday,Malvern Garage,Late Leaving Garage,5,10,w,1118
2017/01/23,24,5:58:00 AM,Monday,DANFORTH / VICTORIA PARK,Late Leaving Garage,5,10,N,7874
2017/01/23,169,6:00:00 AM,Monday,Scarborough Town Center,Mechanical,30,50,W/B,8380
2017/01/23,97,6:06:00 AM,Monday,Davisville Station,Late Leaving Garage,30,60,NB,8191
2017/01/23,36,6:09:00 AM,Monday,Arrow garage,Late Leaving Garage,19,38,w,9119
2017/01/23,85,6:10:00 AM,Monday,Meadowvale Loop,Late Leaving Garage,13,26,w,9070
2017/01/23,45,6:10:00 AM,Monday,Kipling Stn,Mechanical,1,1,n,7915
2017/01/23,116,6:11:00 AM,Monday,Morningside/Finch,Mechanical,6,12,NB,7597
2017/01/23,12,6:15:00 AM,Monday,Victoria Park Stn.,Late Leaving Garage,11,23,E,8140
2017/01/23,29,6:18:00 AM,Monday,Lansdown and Tycos,Mechanical,9,18,S,9044
2017/01/23,32,6:20:00 AM,Monday,Eglinton Station,Mechanical,6,13,W/B,1379
2017/01/23,115,6:20:00 AM,Monday,York Mills Station,Mechanical,1,1,E,1826
2017/01/23,83,6:23:00 AM,Monday,Wheel Trans Office,Mechanical,12,24,n/b,7830
2017/01/23,44,6:24:00 AM,Monday,Kipling Stn,Utilized Off Route,7,14,s,8017
2017/01/23,36,6:24:00 AM,Monday,Dufferin,Mechanical,5,10,w,9128
2017/01/23,96,6:25:00 AM,Monday,wilson / dubray,Mechanical,18,36,e,8609
2017/01/23,29,6:27:00 AM,Monday,wilson station,Mechanical,8,18,s,9026
2017/01/23,199,6:27:00 AM,Monday,Morningside/Nightstar,Late Leaving Garage,8,16,w,1401
2017/01/23,107,6:32:00 AM,Monday,Downsview Stn,Mechanical,7,15,N/B,1672
2017/01/23,199,6:38:00 AM,Monday,Finch Station,Late Leaving Garage,10,14,e,1080
2017/01/23,88,6:42:00 AM,Monday,St.Clair Station,Utilized Off Route,12,24,E,1375
2017/01/23,29,6:50:00 AM,Monday,Dufferin and Liberty,Investigation,4,8,s,9043
2017/01/23,87,6:50:00 AM,Monday,Broadview stn,Utilized Off Route,5,10,N/B,7790
2017/01/23,131,6:53:00 AM,Monday,Kennedy Station,Late Leaving Garage,8,16,B/W,1217
2017/01/23,102,6:57:00 AM,Monday,Warden Stn,Late Leaving Garage,10,20,,
2017/01/23,144,7:08:00 AM,Monday,Ness Dr and York Mills Rd,Late Leaving Garage,1,1,SB,7634
2017/01/23,37,7:10:00 AM,Monday,Eglinton Ave W and Islington Ave,Mechanical,21,42,s/b,8082
2017/01/23,116,7:14:00 AM,Monday,Kennedy Station,Mechanical,6,12,NB,7618
2017/01/23,102,7:15:00 AM,Monday,Warden Stn,Utilized Off Route,10,20,NB,7876
2017/01/23,44,7:18:00 AM,Monday,Kipling Stn,Mechanical,5,10,s,8092
2017/01/23,89,7:25:00 AM,Monday,Weston / Victoria,Mechanical,5,10,n,1522
2017/01/23,37,7:31:00 AM,Monday,Islington Station,Utilized Off Route,7,14,n/b,8021
2017/01/23,196,7:34:00 AM,Monday,Downsview Stn,Mechanical,2,5,W/B,8332
2017/01/23,95,7:52:00 AM,Monday,Ellesmere and Victoria pk,Mechanical,7,14,W,8345
2017/01/23,81,8:00:00 AM,Monday,Pape\Oconnor,Diversion,5,10,N,8125
2017/01/23,89,8:07:00 AM,Monday,Weston / Rogers,Investigation,5,10,n,1501
2017/01/23,25,8:09:00 AM,Monday,Don Mills and Esterbrooke,Investigation,6,12,S/B,7432
2017/01/23,45,8:19:00 AM,Monday,Kipling Stn,Mechanical,6,12,n,8012
2017/01/23,47,8:26:00 AM,Monday,Lansdown and Brandon,Mechanical,18,36,sb,1611
2017/01/23,7,8:30:00 AM,Monday,bathurst at Shallmar,Diversion,10,20,n,9041
2017/01/23,196,8:37:00 AM,Monday,Downsview Stn,Utilized Off Route,3,5,n,1681
2017/01/23,39,8:43:00 AM,Monday,Finch station,Mechanical,4,9,e,1401
2017/01/23,195,8:45:00 AM,Monday,Jane and the 400 bridge,Investigation,8,16,N/b,8571
2017/01/23,196,8:52:00 AM,Monday,Downsview Sn,Mechanical,3,5,n,8187
2017/01/23,87,8:54:00 AM,Monday,Lumsden and West Lake,Mechanical,5,10,n/b,7873
2017/01/23,54,9:03:00 AM,Monday,Lawarence ave Kennedy rd,Investigation,6,12,eb,7690
2017/01/23,80,9:14:00 AM,Monday,High Park at Parkside,Investigation,24,51,s/b,8025
2017/01/23,63,9:55:00 AM,Monday,Rogers and keele,Investigation,1,1,W/B,1649
2017/01/23,47,10:07:00 AM,Monday,Yorkdale Station,Investigation,15,30,s,1661
2017/01/23,52,10:07:00 AM,Monday,Law w stn,Mechanical,13,26,w,1253
2017/01/23,54,10:20:00 AM,Monday,Lawrence Warden ave,Mechanical,6,12,wb,7531
2017/01/23,116,10:27:00 AM,Monday,Kennedy station,Mechanical,10,20,NB,7558
2017/01/23,56,10:30:00 AM,Monday,Eglinton and bayview,Mechanical,18,36,E,8206
2017/01/23,95,10:31:00 AM,Monday,Scarborough college loop,Mechanical,15,30,W,1143
2017/01/23,186,10:32:00 AM,Monday,humbercollege,Mechanical,11,22,e,8532
2017/01/23,29,10:35:00 AM,Monday,Dufferin and Hunter,Mechanical,4,8,n,9003
2017/01/23,54,10:42:00 AM,Monday,Eglinton Bayview,Mechanical,6,12,wb,7404
2017/01/23,29,10:48:00 AM,Monday,Dufferin and Hunter,Mechanical,4,8,n,9010
2017/01/23,54,10:58:00 AM,Monday,Eglinton Bayview,Investigation,6,12,wb,7404
2017/01/23,57,10:59:00 AM,Monday,Kennedy Stn,Mechanical,12,24,N,7782
2017/01/23,41,11:03:00 AM,Monday,Trewethey / Yore,Investigation,9,18,n,9138
2017/01/23,87,11:05:00 AM,Monday,Main stn,Mechanical,10,20,n/b,7735
2017/01/23,86,11:10:00 AM,Monday,Kennedy Station,Investigation,10,20,NB,7658
2017/01/23,54,11:28:00 AM,Monday,Lawrence rt,Mechanical,6,12,EB,7570
2017/01/23,117,12:15:00 PM,Monday,Steeles/Dufferin,Mechanical,20,40,e,1550
2017/01/23,196,12:30:00 PM,Monday,Downsview stn.,Utilized Off Route,2,4,n,1829
2017/01/23,199,12:57:00 PM,Monday,McCowan and Finch,Mechanical,4,8,W,1283
2017/01/23,6,1:45:00 PM,Monday,Dupont/ Bedford,Mechanical,10,20,S,1619
2017/01/23,116,2:07:00 PM,Monday,Kennedy station,Mechanical,10,20,NB,7562
2017/01/23,87,2:20:00 PM,Monday,Broadview Station,Mechanical,10,20,E,7779
2017/01/23,104,2:29:00 PM,Monday,Downsview stn,Mechanical,15,30,n,1371
2017/01/23,11,2:35:00 PM,Monday,Steeles Loop,Mechanical,10,20,SB,8368
2017/01/23,102,2:35:00 PM,Monday,Warden Stn,Mechanical,11,22,NB,7813
2017/01/23,12,2:43:00 PM,Monday,Victoria Park Station,Late Leaving Garage,13,26,EB,7845
2017/01/23,100,2:45:00 PM,Monday,Don Mills & Eglinton,Mechanical,6,11,dn,7513
2017/01/23,32,2:49:00 PM,Monday,Eglinton Stn.,Late Leaving Garage,9,17,wb,1541
2017/01/23,95,2:49:00 PM,Monday,Markham and Ellesmere Rd,Mechanical,15,30,WB,1142
2017/01/23,121,2:53:00 PM,Monday,George and Esplanade,Investigation,15,30,W,7777
2017/01/23,6,2:53:00 PM,Monday,Davenport and Yonge,Late Leaving Garage,1,11,S,1513
2017/01/23,109,2:59:00 PM,Monday,Eglinton W Station,Late Leaving Garage,14,28,S,8322
2017/01/23,41,3:00:00 PM,Monday,Entire Route,General Delay,15,25,B/W,
2017/01/23,34,3:00:00 PM,Monday,Kennedy station,Late Leaving Garage,4,9,dn,7690
2017/01/23,126,3:02:00 PM,Monday,Christie and Essext,Emergency Services,30,60,N,1639
2017/01/23,53,3:03:00 PM,Monday,Bayview and Steeles at 303pm,Late Leaving Garage,4,15,EB,9068
2017/01/23,53,3:18:00 PM,Monday,Pharmacy and Steeles,Mechanical,5,10,eb,1095
2017/01/23,12,3:24:00 PM,Monday,Kennedy Station,Mechanical,13,26,WB,7717
2017/01/23,35,3:31:00 PM,Monday,Jane at Bloor,Investigation,7,14,N,8527
2017/01/23,57,3:33:00 PM,Monday,Midland and Steeles,Late Leaving Garage,12,24,SB,7832
2017/01/23,110,3:34:00 PM,Monday,Islington & Judson,Investigation,24,48,E,8033
2017/01/23,37,3:48:00 PM,Monday,Eglinton & Martin Grove,Mechanical,9,19,N,7961
2017/01/23,7,3:50:00 PM,Monday,Village gate,Late Leaving Garage,8,16,S,9029
2017/01/23,65,3:53:00 PM,Monday,650 Parliament on Parliament,Investigation,9,18,N,8135
2017/01/23,11,3:59:00 PM,Monday,Davisville Stn,Utilized Off Route,7,15,n,1796
2017/01/23,23,4:00:00 PM,Monday,Dawes route,General Delay,10,1,BW,
2017/01/23,65,4:00:00 PM,Monday,Parliament route,General Delay,8,1,BW,
2017/01/23,41,4:04:00 PM,Monday,York U Commons,Late Leaving Garage,14,29,S,1533
2017/01/23,95,4:04:00 PM,Monday,Yorkmills Station,Mechanical,8,17,EB,1286
2017/01/23,50,4:10:00 PM,Monday,mill Rd Loop,Mechanical,13,26,w/b,7967
2017/01/23,168,4:21:00 PM,Monday,DUNDAS WEST STN,Mechanical,7,14,S/B,8053
2017/01/23,32,4:23:00 PM,Monday,Emmitt Ave. & Hospital roadway,Utilized Off Route,8,16,eb,1010
2017/01/23,102,4:26:00 PM,Monday,Lawrence,Mechanical,10,20,,8130
2017/01/23,16,4:32:00 PM,Monday,Warden Station,Mechanical,9,18,sb,8118
2017/01/23,123,4:33:00 PM,Monday,The Queensway at The Westmall,Investigation,16,36,s/b,7902
2017/01/23,102,4:35:00 PM,Monday,Lawrence,Mechanical,10,20,NB,8106
2017/01/23,87,4:38:00 PM,Monday,Broadview Station,Utilized Off Route,6,12,E,8145
2017/01/23,52,4:45:00 PM,Monday,Royal York and Dixon,Mechanical,11,22,e/b,1564
2017/01/23,168,5:00:00 PM,Monday,Osler and Davenport,Emergency Services,30,37,b/w,
2017/01/23,90,5:11:00 PM,Monday,vaughn & Desmond,Mechanical,5,10,N,8372
2017/01/23,127,5:15:00 PM,Monday,Osler and Davenport,Emergency Services,20,40,E,1412
2017/01/23,127,5:15:00 PM,Monday,Osler and Davenport,Diversion,10,30,B/W,
2017/01/23,52,5:25:00 PM,Monday,Airport T1,Emergency Services,11,16,e/b,1573
2017/01/23,60,5:27:00 PM,Monday,Commons,Mechanical,7,14,W,1337
2017/01/23,60,5:35:00 PM,Monday,Cactus Avenue,Mechanical,8,16,W,8609
2017/01/23,60,5:57:00 PM,Monday,Finch Station,Emergency Services,7,14,W,8438
2017/01/23,63,5:58:00 PM,Monday,Ossington and Dupont,Diversion,8,18,S/B,1034
2017/01/23,61,6:04:00 PM,Monday,Bombay Loop,Mechanical,13,25,n,8382
2017/01/23,129,6:09:00 PM,Monday,Scarborough town center RT Station,Mechanical,4,9,NB,1271
2017/01/23,199,6:14:00 PM,Monday,Ravel and Finch,Investigation,4,12,W,1788
2017/01/23,168,6:15:00 PM,Monday,Davenport Rd and Ford St,Diversion,25,35,BW,7943
2017/01/23,57,6:30:00 PM,Monday,Steeles and Midland,Mechanical,8,16,SB,7878
2017/01/23,32,6:31:00 PM,Monday,Emmet,Utilized Off Route,1,1,E,1408
2017/01/23,45,6:36:00 PM,Monday,kipling/St George,Mechanical,7,15,s/b,7941
2017/01/23,42,6:40:00 PM,Monday,Willowdale Av/Cummer Av,Diversion,42,52,WB,8355
2017/01/23,12,6:49:00 PM,Monday,Victoria Park Station,Mechanical,20,40,WB,8167
2017/01/23,89,6:55:00 PM,Monday,Keele Station,Investigation,8,15,N,1621
2017/01/23,42,7:03:00 PM,Monday,Finch Station,Mechanical,20,40,Eb,1805
2017/01/23,54,7:19:00 PM,Monday,ESTN,Mechanical,13,26,E,7700
2017/01/23,29,7:35:00 PM,Monday,McCowan Road at Sheppard Avenue East,Investigation,6,12,NB,9074
2017/01/23,116,8:00:00 PM,Monday,Kennedy station,Mechanical,10,20,eb,7686
2017/01/23,95,8:03:00 PM,Monday,Scarborough College Loop - Military Trail,Utilized Off Route,14,29,WB,1721
2017/01/23,36,8:03:00 PM,Monday,Finch / Driftwood,Investigation,8,15,E,9104
2017/01/23,116,8:05:00 PM,Monday,Kennedy Station,Utilized Off Route,30,60,WB,7704
2017/01/23,29,8:20:00 PM,Monday,Dufferin and Lawrence,Mechanical,6,12,s/b,9017
2017/01/23,45,9:15:00 PM,Monday,Kipling/Eglinton,Investigation,9,18,s/b,8080
2017/01/23,67,9:20:00 PM,Monday,Pharmacy/Ellsmere,Investigation,10,20,down,7609
2017/01/23,39,9:37:00 PM,Monday,Finch Avenue East at Don Mills Road,Mechanical,16,0,EB,1129
2017/01/23,22,9:42:00 PM,Monday,Coxwell/Eastern,Investigation,10,20,up,7701
2017/01/23,90,9:47:00 PM,Monday,Vaughn/Rushton,Mechanical,10,20,n?b,1686
2017/01/23,73,10:41:00 PM,Monday,Albion/hwy 27,Investigation,20,40,w/b,7970
2017/01/23,32,10:48:00 PM,Monday,Eglinton West Station,Mechanical,10,20,E/B,1610
2017/01/23,76,11:20:00 PM,Monday,Royal York stn,Utilized Off Route,10,20,n/b,8417
2017/01/23,95,11:43:00 PM,Monday,ELLESMERE AND VICTORIA PARK,Investigation,10,20,E,1707
2017/01/23,82,11:50:00 PM,Monday,Rosedale stn,Mechanical,30,60,s/b,8348
2017/01/23,95,11:56:00 PM,Monday,ELLESMERE AND PHARMACY,Investigation,10,20,E,1282
2017/01/24,52,12:01:00 AM,Tuesday,Lawrence Station,Mechanical,18,36,E/B,1601
2017/01/24,39,1:13:00 AM,Tuesday,FINCH AND BRAHMS,Investigation,9,18,W,1211
2017/01/24,54,2:09:00 AM,Tuesday,LAWRENCE AND LESLIE,Investigation,20,40,W,7622
2017/01/24,396,2:58:00 AM,Tuesday,Wilson & jane,Investigation,10,40,E,8449
2017/01/24,352,3:32:00 AM,Tuesday,Lawrence & Yonge,Investigation,15,45,E,1413
2017/01/24,171,4:29:00 AM,Tuesday,Eglinton w & Weston,Mechanical,20,40,W,1416
2017/01/24,75,5:12:00 AM,Tuesday,Bloor and Sherbourne,Late Leaving Garage,15,30,N,8389
2017/01/24,43,5:15:00 AM,Tuesday,Eglinton yard,Mechanical,1,1,ob,7629
2017/01/24,25,5:20:00 AM,Tuesday,Pape Station,Mechanical,10,20,NB,7604
2017/01/24,87,5:25:00 AM,Tuesday,Broadview Station,Late Leaving Garage,5,10,EB,7815
2017/01/24,54,5:26:00 AM,Tuesday,Lawrence ave Kingston rd,Mechanical,12,21,eb,7409
2017/01/24,199,5:34:00 AM,Tuesday,Mccowan/Sheppard,Utilized Off Route,11,22,W,1275
2017/01/24,25,5:35:00 AM,Tuesday,Eglonton Yard,Late Leaving Garage,1,1,ob,7609
2017/01/24,25,5:35:00 AM,Tuesday,Eglinton Garage,Utilized Off Route,6,12,NB,7705
2017/01/24,39,5:37:00 AM,Tuesday,Neilson/Crow Trail,Late Leaving Garage,5,7,W,1397
2017/01/24,25,5:37:00 AM,Tuesday,Eglinton Garage,Utilized Off Route,6,12,NB,7566
2017/01/24,67,5:37:00 AM,Tuesday,Crossland and Pharmacy,Mechanical,7,14,SB,7558
2017/01/24,185,5:38:00 AM,Tuesday,Eglinton Garage,Utilized Off Route,8,16,NB,7527
2017/01/24,125,5:39:00 AM,Tuesday,Bathurst and Antibies,Mechanical,18,18,E,8379
2017/01/24,34,5:43:00 AM,Tuesday,Don Mills and Eglinton,Utilized Off Route,1,1,E,7645
2017/01/24,87,5:44:00 AM,Tuesday,Main stn,Utilized Off Route,5,10,n/b,7854
2017/01/24,7,5:44:00 AM,Tuesday,Bathurst and Wilson,Utilized Off Route,9,18,S,9010
2017/01/24,199,5:45:00 AM,Tuesday,Don mills/Finch,Utilized Off Route,9,16,E,1710
2017/01/24,47,5:45:00 AM,Tuesday,Queen St at Lansdowne,Utilized Off Route,11,22,N,1392
2017/01/24,35,5:45:00 AM,Tuesday,Jane Stn,Utilized Off Route,10,20,N/b,8447
2017/01/24,95,5:47:00 AM,Tuesday,Ellesmere/Morningside,Utilized Off Route,7,14,EB,1317
2017/01/24,76,5:47:00 AM,Tuesday,QUEENSWAY GARAGE,Utilized Off Route,4,8,N/B,7939
2017/01/24,165,5:47:00 AM,Tuesday,yorkmills stn,Mechanical,12,24,w,8609
2017/01/24,36,5:47:00 AM,Tuesday,Finch stn,Utilized Off Route,22,44,WB,9126
2017/01/24,53,5:48:00 AM,Tuesday,Morningside and Staines,Late Leaving Garage,7,20,wb,9093
2017/01/24,6,5:49:00 AM,Tuesday,Bedford and Davenport,Utilized Off Route,8,16,s,1625
2017/01/24,53,5:50:00 AM,Tuesday,Passmore and Markham Rd,Utilized Off Route,4,9,wb,1212
2017/01/24,53,5:50:00 AM,Tuesday,Passmore and Markham,Late Leaving Garage,4,9,wb,1212
2017/01/24,84,5:50:00 AM,Tuesday,sheppard Stn,Utilized Off Route,12,24,WB,8476
2017/01/24,100,5:51:00 AM,Tuesday,Eglinton Yard,Utilized Off Route,1,1,EB,7599
2017/01/24,29,5:51:00 AM,Tuesday,Wilson Station,Utilized Off Route,4,7,S,9012
2017/01/24,24,5:52:00 AM,Tuesday,Danforth ave and Victoria Park,Utilized Off Route,6,12,NB,8109
2017/01/24,89,5:52:00 AM,Tuesday,Keele stn,Utilized Off Route,10,20,n,1653
2017/01/24,113,5:53:00 AM,Tuesday,Main Station,Investigation,13,26,NB,7846
2017/01/24,85,5:53:00 AM,Tuesday,Don Mills Stn,Utilized Off Route,7,12,E,9060
2017/01/24,100,5:53:00 AM,Tuesday,Eglinton yard,Utilized Off Route,1,1,EB,7652
2017/01/24,95,5:53:00 AM,Tuesday,Scarborough UFT College Loop,Utilized Off Route,10,20,WB,1088
2017/01/24,63,5:54:00 AM,Tuesday,Liberty St,Utilized Off Route,12,24,N,1615
2017/01/24,60,5:55:00 AM,Tuesday,Steeles Loop and Martin Grove,Utilized Off Route,10,25,E,7917
2017/01/24,116,5:55:00 AM,Tuesday,Kennedy Stn,Utilized Off Route,1,1,E,7495
2017/01/24,110,5:55:00 AM,Tuesday,ISLINGTON STN,Utilized Off Route,10,20,N/B,8049
2017/01/24,68,5:56:00 AM,Tuesday,Warden stn,Utilized Off Route,5,10,nb,7428
2017/01/24,85,5:57:00 AM,Tuesday,Meadowvale Loop,Utilized Off Route,7,13,W,9085
2017/01/24,106,5:59:00 AM,Tuesday,Commons,Utilized Off Route,10,20,SB,7918
2017/01/24,60,6:00:00 AM,Tuesday,Finch Station,Utilized Off Route,10,20,E,8591
2017/01/24,191,6:00:00 AM,Tuesday,Royal crest,Utilized Off Route,6,12,SB,7946
2017/01/24,195,6:00:00 AM,Tuesday,Jane And Steeles,Utilized Off Route,13,26,S/b,7968
2017/01/24,131,6:00:00 AM,Tuesday,Scarborough Town Center,Utilized Off Route,7,14,WB,1703
2017/01/24,30,6:00:00 AM,Tuesday,High Park station,Utilized Off Route,20,40,W,8062
2017/01/24,26,6:00:00 AM,Tuesday,St. Geoge Station,Utilized Off Route,20,40,W,1017
2017/01/24,73,6:00:00 AM,Tuesday,QUEENSWAY GARAGE,Utilized Off Route,15,30,N/B,7971
2017/01/24,73,6:00:00 AM,Tuesday,ROYAL YORK STN,Utilized Off Route,15,30,N/B,8402
2017/01/24,111,6:00:00 AM,Tuesday,KIPLING STN,Utilized Off Route,10,20,N/B,7900
2017/01/24,17,6:01:00 AM,Tuesday,warden stn,Utilized Off Route,7,14,nb,7735
2017/01/24,41,6:01:00 AM,Tuesday,Keele stn,Utilized Off Route,11,22,n,1591
2017/01/24,34,6:03:00 AM,Tuesday,Eglinton Yard,Utilized Off Route,1,1,EB,7579
2017/01/24,161,6:03:00 AM,Tuesday,lambton / Jane,Utilized Off Route,11,22,e,1526
2017/01/24,112,6:03:00 AM,Tuesday,KIPLING STN,Utilized Off Route,13,28,N/B,8034
2017/01/24,32,6:04:00 AM,Tuesday,Eglinton Station,Utilized Off Route,9,18,W,1410
2017/01/24,85,6:05:00 AM,Tuesday,Malvern Gate,Mechanical,8,18,W,9078
2017/01/24,87,6:05:00 AM,Tuesday,main stn,Utilized Off Route,5,10,n/b,7828
2017/01/24,39,6:05:00 AM,Tuesday,Finch Station,Utilized Off Route,5,20,E,1219
2017/01/24,36,6:05:00 AM,Tuesday,Finch stn,Utilized Off Route,6,12,WB,9104
2017/01/24,43,6:05:00 AM,Tuesday,Kennedy stn,Utilized Off Route,10,20,nb,7426
2017/01/24,190,6:06:00 AM,Tuesday,Eglinton Garage,Utilized Off Route,5,10,WB,7609
2017/01/24,54,6:06:00 AM,Tuesday,Lawrence Scarbough Golf Club rd,Utilized Off Route,9,18,eb,7693
2017/01/24,61,6:06:00 AM,Tuesday,Eglinton Station,Utilized Off Route,11,24,N,8382
2017/01/24,79,6:07:00 AM,Tuesday,Pine,Utilized Off Route,17,28,s,1395
2017/01/24,22,6:07:00 AM,Tuesday,Coxwell Station,Utilized Off Route,10,20,SB,7435
2017/01/24,96,6:07:00 AM,Tuesday,yorkmills stn,Utilized Off Route,18,26,w,8538
2017/01/24,24,6:07:00 AM,Tuesday,Victoria Park Station,Utilized Off Route,9,18,NB,7853
2017/01/24,56,6:08:00 AM,Tuesday,Donlands station,Utilized Off Route,12,24,N,1682
2017/01/24,122,6:08:00 AM,Tuesday,Fenelon Dr. Loop,Utilized Off Route,10,20,S,1668
2017/01/24,53,6:08:00 AM,Tuesday,Passmore and Markham Rd,Utilized Off Route,5,10,wb,1203
2017/01/24,102,6:10:00 AM,Tuesday,warden stn,Utilized Off Route,20,40,nb,8142
2017/01/24,807,6:10:00 AM,Tuesday,Malvern Garage,Utilized Off Route,0,0,E,9057
2017/01/24,90,6:10:00 AM,Tuesday,Oakwood and Vaughan,Utilized Off Route,5,10,s/b,1676
2017/01/24,807,6:10:00 AM,Tuesday,Malvern Garage,Utilized Off Route,0,0,E,9094
2017/01/24,190,6:11:00 AM,Tuesday,Eglinton Yard,Late Leaving Garage,1,1,ob,7609
2017/01/24,94,6:12:00 AM,Tuesday,Castlefrank Station,Utilized Off Route,13,26,WB,8105
2017/01/24,165,6:12:00 AM,Tuesday,yorkmills stn,Utilized Off Route,12,18,w,8532
2017/01/24,29,6:13:00 AM,Tuesday,Princess Gate,Utilized Off Route,4,7,N,9006
2017/01/24,144,6:13:00 AM,Tuesday,Eglinton Yard,Investigation,1,1,,7624
2017/01/24,63,6:14:00 AM,Tuesday,Eglinton West station,Utilized Off Route,4,8,S,1384
2017/01/24,12,6:15:00 AM,Tuesday,Victoria Park Station,Late Leaving Garage,11,23,SB,8144
2017/01/24,81,6:15:00 AM,Tuesday,pape stn,Utilized Off Route,5,10,n/b,7819
2017/01/24,37,6:15:00 AM,Tuesday,ISLINGTON STN,Utilized Off Route,7,14,N/B,7964
2017/01/24,42,6:17:00 AM,Tuesday,Kennedy Loop,Utilized Off Route,25,49,W,1801
2017/01/24,53,6:17:00 AM,Tuesday,Finch Station,Late Leaving Garage,13,26,eb,9090
2017/01/24,41,6:17:00 AM,Tuesday,Keele stn,Utilized Off Route,15,30,n,1233
2017/01/24,53,6:18:00 AM,Tuesday,Finch Station,Late Leaving Garage,13,26,eb,9061
2017/01/24,116,6:19:00 AM,Tuesday,Kennedy Stn,Utilized Off Route,1,1,E,7462
2017/01/24,45,6:20:00 AM,Tuesday,Kipling station,Utilized Off Route,22,30,N,8431
2017/01/24,75,6:23:00 AM,Tuesday,Sherbourne and Bloor,Utilized Off Route,9,18,n/b,1344
2017/01/24,85,6:23:00 AM,Tuesday,Meadowvale Loop,Utilized Off Route,7,13,W,9079
2017/01/24,54,6:27:00 AM,Tuesday,Eglinton yard,Utilized Off Route,4,9,eb,7662
2017/01/24,199,6:28:00 AM,Tuesday,Finch Station,Utilized Off Route,10,20,E,1114
2017/01/24,199,6:28:00 AM,Tuesday,Malvern Garage,Mechanical,4,9,E,1085
2017/01/24,29,6:29:00 AM,Tuesday,Princess Gate,Utilized Off Route,3,7,N,9025
2017/01/24,32,6:30:00 AM,Tuesday,Keele St on Eglinton Ave W,Late Leaving Garage,5,10,E,1614
2017/01/24,53,6:35:00 AM,Tuesday,Passmore and Markham Rd,Late Leaving Garage,5,11,eb,1707
2017/01/24,88,6:36:00 AM,Tuesday,St. Clair Stn.,Utilized Off Route,6,12,E,1363
2017/01/24,42,6:37:00 AM,Tuesday,McNicoll and Victoria Park,Utilized Off Route,13,21,W,1579
2017/01/24,53,6:39:00 AM,Tuesday,Passmore and Markham Rd,Late Leaving Garage,13,26,wb,9058
2017/01/24,67,6:40:00 AM,Tuesday,Pharmacy ave Nancy ave,Diversion,1,1,bw,7489
2017/01/24,35,6:40:00 AM,Tuesday,Jane Stn,Utilized Off Route,4,8,S/b,8440
2017/01/24,199,6:42:00 AM,Tuesday,Finch Station,Utilized Off Route,4,11,E,1293
2017/01/24,199,6:45:00 AM,Tuesday,Linus/Finch,Mechanical,7,14,E,1786
2017/01/24,26,6:46:00 AM,Tuesday,Jane station,Utilized Off Route,16,32,E,1359
2017/01/24,196,6:48:00 AM,Tuesday,Commons,Utilized Off Route,10,18,E/B,8327
2017/01/24,131,6:56:00 AM,Tuesday,Scarborough Town Center,Late Leaving Garage,8,16,WB,1280
2017/01/24,190,6:59:00 AM,Tuesday,Sheppard and Parkway Forest,Diversion,1,1,EB,
2017/01/24,39,7:01:00 AM,Tuesday,Malvern Garage,Late Leaving Garage,0,0,E,1785
2017/01/24,195,7:01:00 AM,Tuesday,Jane and Steeles,Late Leaving Garage,9,18,S/b,8534
2017/01/24,53,7:05:00 AM,Tuesday,Finch Station,Mechanical,13,26,eb,9075
2017/01/24,55,7:10:00 AM,Tuesday,Old Dundas at Dundas,Late Leaving Garage,15,30,S,1590
2017/01/24,44,7:22:00 AM,Tuesday,Col Sam Smith park,Mechanical,5,11,N,8401
2017/01/24,25,7:24:00 AM,Tuesday,Don Mils Station,Mechanical,5,10,NB,7697
2017/01/24,134,7:58:00 AM,Tuesday,CECOL Loop,Utilized Off Route,5,10,eb,1091
2017/01/24,161,8:02:00 AM,Tuesday,Ossington stn,Mechanical,11,22,w,1526
2017/01/24,198,8:18:00 AM,Tuesday,Scar. UT Loop,Mechanical,10,20,S,7449
2017/01/24,129,8:25:00 AM,Tuesday,Scarborough Town Center,Utilized Off Route,5,10,NB,1112
2017/01/24,89,8:26:00 AM,Tuesday,Keele stn,Utilized Off Route,4,9,w,1653
2017/01/24,54,8:32:00 AM,Tuesday,Lawrence ave Markham rd,Mechanical,6,12,eb,7613
2017/01/24,36,8:36:00 AM,Tuesday,Arrow Rd & Finch,Mechanical,6,11,EB,9128
2017/01/24,110,8:45:00 AM,Tuesday,HORNER AND 30TH STREET,Diversion,47,27,b/w,
2017/01/24,52,8:47:00 AM,Tuesday,Lawrence stn,Mechanical,12,18,w,1585
2017/01/24,46,8:48:00 AM,Tuesday,Martin Grove & Albion,Mechanical,14,26,SB,8519
2017/01/24,24,8:57:00 AM,Tuesday,Victoria Park and Consumers rd,Utilized Off Route,8,16,NB,7865
2017/01/24,74,9:09:00 AM,Tuesday,St. Clair Stn,Mechanical,22,39,N,8306
2017/01/24,29,9:42:00 AM,Tuesday,Dufferin and Eglinton,Mechanical,4,7,S,9022
2017/01/24,79,9:43:00 AM,Tuesday,Pine and Lawrence,Mechanical,10,20,s,1000
2017/01/24,95,9:49:00 AM,Tuesday,Sheppard/Grand Marshall Dr.,Mechanical,7,14,EB,1709
2017/01/24,29,10:28:00 AM,Tuesday,Wilson Ave and Transit Rd,Investigation,4,7,N,9008
2017/01/24,11,10:39:00 AM,Tuesday,Sunnybrook hospital,Mechanical,15,30,s?b,8371
2017/01/24,36,10:45:00 AM,Tuesday,Humberwood Loop,Mechanical,6,11,EB,9116
2017/01/24,124,11:26:00 AM,Tuesday,Sunnybrook Hospital,Mechanical,8,16,W,1806
2017/01/24,97,11:35:00 AM,Tuesday,Moore Park and Hilda,Diversion,32,62,N,1679
2017/01/24,85,12:03:00 PM,Tuesday,Sheppard & Aragon,Mechanical,9,26,E,9101
2017/01/24,188,12:06:00 PM,Tuesday,Col Sam Smith loop,Mechanical,8,15,N,8078
2017/01/24,67,12:20:00 PM,Tuesday,Victoria Park Station,Mechanical,10,20,Nb,7501
2017/01/24,54,12:23:00 PM,Tuesday,Eglinton stn,Mechanical,6,12,eb,7482
2017/01/24,46,12:30:00 PM,Tuesday,Martin Grove & Belfield,Diversion,1,1,NB,8456
2017/01/24,45,12:30:00 PM,Tuesday,Martingrove/Belfield,Diversion,0,0,S,7945
2017/01/24,53,12:39:00 PM,Tuesday,Townsend on Steels,Mechanical,5,10,WB,1781
2017/01/24,12,1:19:00 PM,Tuesday,Fermoy and St.Clair,Mechanical,20,40,WB,8114
2017/01/24,54,1:32:00 PM,Tuesday,Eglinton stn,Mechanical,6,12,eb,7418
2017/01/24,64,2:08:00 PM,Tuesday,Kingston road on Main Str,Mechanical,8,16,N,7832
2017/01/24,41,2:08:00 PM,Tuesday,Commons,Late Leaving Garage,14,14,SB,1000
2017/01/24,165,2:28:00 PM,Tuesday,York Mills Stn.,Late Leaving Garage,16,24,W,8560
2017/01/24,41,2:30:00 PM,Tuesday,Entire route,General Delay,10,15,BW,
2017/01/24,102,2:30:00 PM,Tuesday,on route,General Delay,10,1,bw,
2017/01/24,26,2:34:00 PM,Tuesday,St. George Stn,Emergency Services,20,34,E,1054
2017/01/24,41,2:34:00 PM,Tuesday,Commons,Utilized Off Route,9,18,SB,9140
2017/01/24,65,2:36:00 PM,Tuesday,Main Station,Late Leaving Garage,9,18,S,8121
2017/01/24,160,2:36:00 PM,Tuesday,Bathurst and Steeles,Mechanical,21,46,n/b,1817
2017/01/24,87,2:37:00 PM,Tuesday,Main Station,Utilized Off Route,10,20,W,7810
2017/01/24,41,2:51:00 PM,Tuesday,Commons,Late Leaving Garage,14,29,sb,9151
2017/01/24,53,2:55:00 PM,Tuesday,Morningside and Staines,Mechanical,15,30,wb,9078
2017/01/24,53,2:56:00 PM,Tuesday,Brebeuf-Steeles,Late Leaving Garage,4,4,eb,1136
2017/01/24,5,3:00:00 PM,Tuesday,Bloor to Eglinton Stn,General Delay,18,25,b,
2017/01/24,11,3:00:00 PM,Tuesday,Eglinton Stn to Wilson Ave,General Delay,18,20,b,
2017/01/24,84,3:03:00 PM,Tuesday,Starview and Weston,Investigation,3,3,,1664
2017/01/24,102,3:03:00 PM,Tuesday,centennial college,Late Leaving Garage,1,5,sb,8163
2017/01/24,102,3:03:00 PM,Tuesday,centennial college,Late Leaving Garage,1,5,sb,8163
2017/01/24,24,3:08:00 PM,Tuesday,Victoria Park Station,Late Leaving Garage,8,16,NB,8107
2017/01/24,195,3:15:00 PM,Tuesday,Jane Station,Late Leaving Garage,10,20,,8462
2017/01/24,17,3:17:00 PM,Tuesday,warden stn,Mechanical,8,16,nb,7753
2017/01/24,34,3:21:00 PM,Tuesday,Eglinton Garage,Late Leaving Garage,4,8,,7419
2017/01/24,165,3:25:00 PM,Tuesday,Weston and Bradstock,Investigation,16,24,N,8449
2017/01/24,24,3:34:00 PM,Tuesday,Victoria Park Station,Late Leaving Garage,9,17,NB,8103
2017/01/24,53,3:40:00 PM,Tuesday,Morningside and Staines,Late Leaving Garage,15,30,wb,9091
2017/01/24,190,3:40:00 PM,Tuesday,STC,Late Leaving Garage,4,9,w,7601
2017/01/24,23,3:44:00 PM,Tuesday,Main Station,Mechanical,7,14,N,7726
2017/01/24,47,3:45:00 PM,Tuesday,Caledonia and St. Clair West,Diversion,88,101,b/w,
2017/01/24,47,3:45:00 PM,Tuesday,Caledonia and St.Clair,Emergency Services,13,26,S,1622
2017/01/24,47,3:45:00 PM,Tuesday,Caledonia and St. Clair,Emergency Services,13,26,N,1657
2017/01/24,63,3:50:00 PM,Tuesday,Eg. West Stn,Utilized Off Route,10,20,S,1582
2017/01/24,124,3:56:00 PM,Tuesday,Lawrence Station,Mechanical,7,14,WB,1534
2017/01/24,11,3:59:00 PM,Tuesday,Davisville stn,Utilized Off Route,7,15,n,1355
2017/01/24,24,3:59:00 PM,Tuesday,Victoria Park Station,Mechanical,8,17,BW,8184
2017/01/24,86,4:04:00 PM,Tuesday,Kingston/Meadowvale,Emergency Services,8,16,SB,7440
2017/01/24,57,4:07:00 PM,Tuesday,Finch and Midland,Mechanical,8,16,NB,8167
2017/01/24,23,4:30:00 PM,Tuesday,Dawes route,General Delay,12,1,BW,
2017/01/24,121,4:30:00 PM,Tuesday,Fortyork Route,General Delay,20,1,BW,
2017/01/24,92,4:30:00 PM,Tuesday,Woodbine south route,General Delay,10,1,BW,
2017/01/24,86,4:41:00 PM,Tuesday,Kingston,General Delay,15,23,BW,
2017/01/24,86,4:41:00 PM,Tuesday,Kingston/Meadowvale,Diversion,88,96,BW,
2017/01/24,63,4:50:00 PM,Tuesday,Oakwood and Clovely,Investigation,10,20,N,1048
2017/01/24,24,4:54:00 PM,Tuesday,Sheppard & Victoria Park,Mechanical,9,17,NB,7863
2017/01/24,53,4:54:00 PM,Tuesday,Red Lea Av-Steeles Av,Investigation,15,30,eb,9079
2017/01/24,63,5:00:00 PM,Tuesday,Oakwood and St. Clair,Mechanical,10,20,N,1072
2017/01/24,70,5:10:00 PM,Tuesday,Oconner and Victoria pk,Mechanical,10,20,up,7533
2017/01/24,36,5:26:00 PM,Tuesday,Jane / Finch,Investigation,6,12,E,9104
2017/01/24,87,5:27:00 PM,Tuesday,Main Station,Utilized Off Route,6,12,N,7799
2017/01/24,36,5:35:00 PM,Tuesday,Milvan / Toryork,Mechanical,12,24,E,8609
2017/01/24,21,6:05:00 PM,Tuesday,Brimlay and Sheppard,Investigation,9,18,NB,7722
2017/01/24,39,6:20:00 PM,Tuesday,Warden and Finch,Mechanical,12,15,E,1742
2017/01/24,95,6:22:00 PM,Tuesday,Markham on Ellesmere,General Delay,8,16,BW,1827
2017/01/24,95,6:40:00 PM,Tuesday,York Mills Stn,Mechanical,9,18,EB,1737
2017/01/24,95,6:50:00 PM,Tuesday,York Mills Stn,Utilized Off Route,9,17,EB,1737
2017/01/24,33,6:57:00 PM,Tuesday,Chaplin,Investigation,20,40,s/b,1810
2017/01/24,53,7:03:00 PM,Tuesday,Passmore and Markham Rd,Mechanical,5,9,EB,1369
2017/01/24,96,7:10:00 PM,Tuesday,Wislon and Keele,Emergency Services,22,44,W,1302
2017/01/24,75,7:14:00 PM,Tuesday,Queens Quay E and Jarvis,Investigation,6,12,n/b,8396
2017/01/24,39,7:14:00 PM,Tuesday,Bayview and Finch,Mechanical,3,7,W,1081
2017/01/24,34,7:24:00 PM,Tuesday,Eglinton Station,Mechanical,4,8,EB,7639
2017/01/24,63,7:40:00 PM,Tuesday,Oakwood and Davenport,Diversion,165,185,S/B,1641
2017/01/24,24,7:41:00 PM,Tuesday,Lawrence & Victoria Park,Diversion,9,18,BW,7760
2017/01/24,127,7:45:00 PM,Tuesday,Oakwood and Davenport,Diversion,170,204,BW,1529
2017/01/24,84,8:27:00 PM,Tuesday,Sheppard and Jane,Mechanical,9,18,E,8599
2017/01/24,133,8:53:00 PM,Tuesday,STC,Mechanical,9,18,EB,1774
2017/01/24,132,9:19:00 PM,Tuesday,STC,Investigation,23,46,E,1142
2017/01/24,63,10:40:00 PM,Tuesday,East Liberty and Atlantic,Mechanical,10,20,S/B,1582
2017/01/25,45,12:25:00 AM,Wednesday,Kipling stn,Mechanical,10,20,S/B,8056
2017/01/25,35,5:34:00 AM,Wednesday,Jane and Sheppard,Investigation,13,26,N/b,8475
2017/01/25,7,5:38:00 AM,Wednesday,Bathurst and Wilson,Late Leaving Garage,9,18,S,9043
2017/01/25,86,5:41:00 AM,Wednesday,Kennedy Stn,Mechanical,10,20,E,7408
2017/01/25,35,5:46:00 AM,Wednesday,Jane Stn,Late Leaving Garage,10,20,N/b,8605
2017/01/25,25,5:47:00 AM,Wednesday,Freshmeadow and Don Mills,Mechanical,7,14,NB,7500
2017/01/25,12,5:47:00 AM,Wednesday,Victoria Park Stn,Mechanical,11,23,E,8122
2017/01/25,133,5:55:00 AM,Wednesday,Morningside/Finch,Late Leaving Garage,10,20,W,1328
2017/01/25,95,6:00:00 AM,Wednesday,Wilson Garage,Late Leaving Garage,7,14,WB,8349
2017/01/25,53,6:02:00 AM,Wednesday,Morningside/Finch,Late Leaving Garage,7,20,W,9101
2017/01/25,90,6:03:00 AM,Wednesday,St.Clair,Late Leaving Garage,7,15,n/b,1363
2017/01/25,53,6:05:00 AM,Wednesday,Morningside/Finch,Utilized Off Route,5,10,W,1218
2017/01/25,53,6:11:00 AM,Wednesday,Markham/Passmore,Late Leaving Garage,3,5,W,9074
2017/01/25,122,6:14:00 AM,Wednesday,Roywood and Underpass,Mechanical,12,24,W,1824
2017/01/25,17,6:19:00 AM,Wednesday,warden stn,Late Leaving Garage,8,16,nb,8132
2017/01/25,32,6:23:00 AM,Wednesday,Eglinton Ave W at Keele St,Late Leaving Garage,3,6,E,1638
2017/01/25,24,6:24:00 AM,Wednesday,STEELES,Late Leaving Garage,0,0,S,8163
2017/01/25,190,6:31:00 AM,Wednesday,STC,Mechanical,5,10,WB,7697
2017/01/25,29,6:36:00 AM,Wednesday,Tycos,Mechanical,5,10,S,9003
2017/01/25,92,6:36:00 AM,Wednesday,Woodbine Station,Late Leaving Garage,9,18,SB,8120
2017/01/25,42,6:40:00 AM,Wednesday,Willowdale and Cummer,Mechanical,25,50,EB,1687
2017/01/25,107,6:47:00 AM,Wednesday,Bowes Rd and Rivermead,Mechanical,8,0,N/B,8378
2017/01/25,199,6:47:00 AM,Wednesday,Scar Town Centre Station,Mechanical,8,11,W,1715
2017/01/25,52,6:50:00 AM,Wednesday,Dixon and Martin Grove,Diversion,32,44,e,1584
2017/01/25,117,6:50:00 AM,Wednesday,Downsview Stn,Mechanical,10,20,N/B,1812
2017/01/25,95,6:51:00 AM,Wednesday,Malvern Garage,Late Leaving Garage,7,14,WB,1140
2017/01/25,7,6:57:00 AM,Wednesday,Village gate and Steeles,Late Leaving Garage,8,15,s/b,9047
2017/01/25,29,7:00:00 AM,Wednesday,Princes gates,General Delay,1,1,N,
2017/01/25,53,7:02:00 AM,Wednesday,Markham/Passmore,Mechanical,13,26,W,9064
2017/01/25,34,7:05:00 AM,Wednesday,Thermos Rd. and Eglinton,Mechanical,4,8,wb,7460
2017/01/25,60,7:05:00 AM,Wednesday,Finch Station,Late Leaving Garage,7,15,wb,8540
2017/01/25,37,7:06:00 AM,Wednesday,Islington Stn,Mechanical,7,14,n,8084
2017/01/25,24,7:20:00 AM,Wednesday,VICTORIA PARK / STEELES,Investigation,10,20,S,7851
2017/01/25,134,7:21:00 AM,Wednesday,STC,Late Leaving Garage,6,12,N,9054
2017/01/25,191,7:25:00 AM,Wednesday,Humber College,Mechanical,6,12,Nb,8617
2017/01/25,53,7:34:00 AM,Wednesday,Markham/Steeles,Mechanical,13,26,W,9088
2017/01/25,88,7:35:00 AM,Wednesday,Sutherland and Bayview,Mechanical,6,12,W,1666
2017/01/25,108,7:37:00 AM,Wednesday,Grandravive,Mechanical,14,24,Sb,8484
2017/01/25,94,7:43:00 AM,Wednesday,CASTLEFRANK STATION,Mechanical,13,26,W,8144
2017/01/25,131,7:49:00 AM,Wednesday,Scarborough Town Center,Utilized Off Route,7,14,WB,1744
2017/01/25,196,8:14:00 AM,Wednesday,Downsview Stn,Mechanical,2,5,W/B,8366
2017/01/25,199,8:22:00 AM,Wednesday,Finch - McCowan,Mechanical,11,22,E,1301
2017/01/25,91,8:30:00 AM,Wednesday,Woodbine Station,General Delay,20,32,SB,8103
2017/01/25,129,8:35:00 AM,Wednesday,STC,Mechanical,15,33,NB,1759
2017/01/25,129,8:40:00 AM,Wednesday,STC,Utilized Off Route,10,29,NB,1127
2017/01/25,25,8:46:00 AM,Wednesday,Pape Station,Utilized Off Route,7,14,NB,7561
2017/01/25,122,9:16:00 AM,Wednesday,Fenside and Slidell,Investigation,17,34,W,1824
2017/01/25,88,9:30:00 AM,Wednesday,Wicksteed and Laird,Mechanical,15,30,W,8385
2017/01/25,144,10:11:00 AM,Wednesday,Lawrence Warden ave,Utilized Off Route,1,1,wb,7686
2017/01/25,195,10:15:00 AM,Wednesday,Jane And William Craig,Investigation,10,20,S/b,8489
2017/01/25,95,10:22:00 AM,Wednesday,York Mills Station,Mechanical,15,30,EB,1110
2017/01/25,196,10:35:00 AM,Wednesday,Downsview stn,Utilized Off Route,2,4,n,1514
2017/01/25,196,10:40:00 AM,Wednesday,Downsview Station,Utilized Off Route,3,6,W,1687
2017/01/25,84,10:46:00 AM,Wednesday,Sheppard stn,Utilized Off Route,10,20,W,8472
2017/01/25,109,10:50:00 AM,Wednesday,Eglinton west stn,Mechanical,20,40,n/b,1702
2017/01/25,63,11:04:00 AM,Wednesday,St.Clair and Oakwood,Utilized Off Route,5,10,S,1569
2017/01/25,90,11:12:00 AM,Wednesday,St.Clair west stn,Utilized Off Route,8,16,n/b,8197
2017/01/25,134,11:45:00 AM,Wednesday,Scarborough Town Centre,Mechanical,6,12,EB,1130
2017/01/25,12,12:04:00 PM,Wednesday,Victoria Park Stn,Mechanical,20,40,E,7781
2017/01/25,24,12:10:00 PM,Wednesday,Victoria Park Stn,Utilized Off Route,10,20,N,8101
2017/01/25,3,12:20:00 PM,Wednesday,Victoria Park Station,Mechanical,10,20,NB,7501
2017/01/25,87,12:24:00 PM,Wednesday,Broadview Station,Mechanical,10,20,WB,7870
2017/01/25,42,12:52:00 PM,Wednesday,Finch Station,Mechanical,20,40,EB,8335
2017/01/25,53,1:15:00 PM,Wednesday,Finch Station,Mechanical,5,10,WB,1783
2017/01/25,192,1:33:00 PM,Wednesday,Kipling Station,Mechanical,10,20,n/b,8005
2017/01/25,102,2:08:00 PM,Wednesday,nugget and markham rd,Mechanical,10,20,sb,7753
2017/01/25,113,2:12:00 PM,Wednesday,Danfoth and Kenmark,Mechanical,30,60,,8106
2017/01/25,190,2:37:00 PM,Wednesday,Lebovic and Eglinton,Mechanical,6,12,w,7607
2017/01/25,17,2:37:00 PM,Wednesday,warden stn,Late Leaving Garage,8,16,nb,8144
2017/01/25,32,2:39:00 PM,Wednesday,Emmitt Ave. and Hospital Roadway,Utilized Off Route,8,16,eb,1564
2017/01/25,43,2:46:00 PM,Wednesday,Garage,Late Leaving Garage,10,20,S,7504
2017/01/25,199,2:50:00 PM,Wednesday,Finch Stn,Mechanical,12,24,w,1125
2017/01/25,25,2:53:00 PM,Wednesday,Don Mills station,Mechanical,6,12,s,7589
2017/01/25,165,2:54:00 PM,Wednesday,Weston and Finch,Diversion,181,221,S,8607
2017/01/25,196,2:57:00 PM,Wednesday,York University,Mechanical,2,4,s,1700
2017/01/25,53,2:58:00 PM,Wednesday,Passmore and Markham Rd,Late Leaving Garage,10,13,wb,1221
2017/01/25,37,3:00:00 PM,Wednesday,37 ISLINGTON - ENTIRE ROUTE,General Delay,19,31,BW,
2017/01/25,168,3:00:00 PM,Wednesday,Avon Loop,Late Leaving Garage,7,14,S,8404
2017/01/25,102,3:00:00 PM,Wednesday,on route,General Delay,12,1,bw,
2017/01/25,5,3:00:00 PM,Wednesday,Queens Park Circle to Eglinton Ave,General Delay,15,25,b,
2017/01/25,709,3:01:00 PM,Wednesday,Mt. Dennis Garage,Late Leaving Garage,1,1,eb,1047
2017/01/25,709,3:01:00 PM,Wednesday,Mt. Dennis Garage,Late Leaving Garage,1,1,eb,1072
2017/01/25,29,3:05:00 PM,Wednesday,Dufferin and Queen,Diversion,105,110,n,9003
2017/01/25,116,3:06:00 PM,Wednesday,Kennedy station,Mechanical,12,12,EB,7408
2017/01/25,41,3:06:00 PM,Wednesday,York U Commons,Late Leaving Garage,14,29,S,1033
2017/01/25,37,3:08:00 PM,Wednesday,Islington/N of Bloor,Mechanical,18,26,n/b,8093
2017/01/25,116,3:10:00 PM,Wednesday,Eglinton/Markham,Mechanical,10,20,WB,7404
2017/01/25,24,3:13:00 PM,Wednesday,Victoria Park and Steeles,Late Leaving Garage,13,13,sb,7845
2017/01/25,52,3:15:00 PM,Wednesday,Culford & Lawrence,Mechanical,11,17,e/b,1382
2017/01/25,36,3:15:00 PM,Wednesday,Finch and Milvan,Diversion,90,96,E/B,9104
2017/01/25,36,3:15:00 PM,Wednesday,Finch Station to Humberwood,General Delay,40,45,B/W,
2017/01/25,199,3:16:00 PM,Wednesday,Morningside and Nightstar,Late Leaving Garage,10,22,w,1129
2017/01/25,35,3:19:00 PM,Wednesday,Runneymede Coll.,Investigation,8,16,N,7940
2017/01/25,107,3:22:00 PM,Wednesday,Steeles / Dufferin,Mechanical,17,32,s,1688
2017/01/25,44,3:28:00 PM,Wednesday,Kipling at Birmingham,Late Leaving Garage,5,10,N,8420
2017/01/25,188,3:30:00 PM,Wednesday,Route 188 Kipling S Express,General Delay,10,18,b/b,
2017/01/25,24,3:39:00 PM,Wednesday,Victoria Park and Lawrence ave.,Mechanical,18,37,NB,7741
2017/01/25,34,3:40:00 PM,Wednesday,Eglinton and Laird,Mechanical,4,8,WB,7628
2017/01/25,195,3:44:00 PM,Wednesday,JNST,Investigation,10,20,n,8598
2017/01/25,161,3:46:00 PM,Wednesday,Jane and Lambton,Mechanical,12,23,e,1062
2017/01/25,161,3:46:00 PM,Wednesday,Jane and Lambton,Mechanical,12,23,E,1062
2017/01/25,87,3:48:00 PM,Wednesday,Main Station,Mechanical,5,11,BW,8106
2017/01/25,12,3:51:00 PM,Wednesday,Barkdene Hills and Gradwell Drive,Mechanical,14,28,WB,8102
2017/01/25,38,3:53:00 PM,Wednesday,STC to RHGO,Diversion,42,24,EB,
2017/01/25,36,3:56:00 PM,Wednesday,Finch Station,Mechanical,24,48,W/B,9105
2017/01/25,11,3:59:00 PM,Wednesday,Davisville Stn,Utilized Off Route,7,15,b,1668
2017/01/25,23,4:00:00 PM,Wednesday,Ddawes route,General Delay,10,1,BW,
2017/01/25,91,4:00:00 PM,Wednesday,Woodbine North route,General Delay,10,1,BW,
2017/01/25,121,4:00:00 PM,Wednesday,Fortyork route,General Delay,20,1,BW,
2017/01/25,192,4:00:00 PM,Wednesday,Route 192 Airport Rocket,General Delay,15,30,b/w,
2017/01/25,122,4:14:00 PM,Wednesday,Roywood and Tulane,Mechanical,16,32,w,1823
2017/01/25,124,4:15:00 PM,Wednesday,lawrence Station,Mechanical,7,14,Wb,1550
2017/01/25,45,4:16:00 PM,Wednesday,Steeles loop,Mechanical,3,8,s/b,8428
2017/01/25,85,4:18:00 PM,Wednesday,Sheppard @ Allanford,Mechanical,7,13,E,9066
2017/01/25,24,4:25:00 PM,Wednesday,Victoria Park Station,Utilized Off Route,9,17,BW,7875
2017/01/25,22,4:35:00 PM,Wednesday,Eastwood/coxwell,Investigation,10,20,up,7559
2017/01/25,74,4:35:00 PM,Wednesday,Doncliffe Loop,Mechanical,20,40,Sb,1686
2017/01/25,12,4:48:00 PM,Wednesday,Victoria Park Station,Mechanical,14,28,WB,7714
2017/01/25,39,4:58:00 PM,Wednesday,Finch and Milliken,Diversion,230,248,W,1722
2017/01/25,6,5:00:00 PM,Wednesday,entire route,General Delay,25,35,BW,
2017/01/25,39,5:00:00 PM,Wednesday,Finch Stn - Old Finch,General Delay,43,61,BW,
2017/01/25,199,5:00:00 PM,Wednesday,York U to Nightstar,General Delay,43,55,BW,
2017/01/25,142,5:00:00 PM,Wednesday,Adelaide to eglinton Ave,General Delay,50,45,b,
2017/01/25,143,5:00:00 PM,Wednesday,Downtown Beach Express,General Delay,0,0,BW,
2017/01/25,199,5:00:00 PM,Wednesday,Finch and Milliken,Diversion,230,242,W,1113
2017/01/25,72,5:00:00 PM,Wednesday,Pape Route,General Delay,0,0,BW,
2017/01/25,75,5:07:00 PM,Wednesday,Esplenade and Lower Sherbourne,Mechanical,6,12,nb,8346
2017/01/25,42,5:10:00 PM,Wednesday,Finch Station,Mechanical,13,26,EB,8302
2017/01/25,29,5:10:00 PM,Wednesday,Dufferin and Liberty,Diversion,160,165,bw,9017
2017/01/25,31,5:21:00 PM,Wednesday,Greenwood Station,Mechanical,8,16,BW,7772
2017/01/25,32,5:30:00 PM,Wednesday,Eglinton West Stn..,Mechanical,8,16,eb,1611
2017/01/25,108,5:36:00 PM,Wednesday,Downs View Station,Mechanical,15,30,W,8538
2017/01/25,31,5:37:00 PM,Wednesday,Greenwood Station,Mechanical,8,16,BW,7772
2017/01/25,16,5:42:00 PM,Wednesday,McCowan and Lawrence,Diversion,8,16,sb,7810
2017/01/25,54,5:47:00 PM,Wednesday,RT,Utilized Off Route,10,21,E,7477
2017/01/25,47,5:59:00 PM,Wednesday,Innes and Caledonia,Investigation,26,52,n,1016
2017/01/25,43,6:00:00 PM,Wednesday,KENN to MIDS,General Delay,18,25,B/W,
2017/01/25,126,6:22:00 PM,Wednesday,Christie stn,Mechanical,17,34,n/b,1586
2017/01/25,24,6:24:00 PM,Wednesday,Sheppard & Consumers,Diversion,17,34,SB,8126
2017/01/25,60,6:28:00 PM,Wednesday,Rossdean Road on Steeles,Diversion,37,44,E,8483
2017/01/25,32,6:45:00 PM,Wednesday,Old Foresthill Road on Eglinton,Mechanical,8,17,wb,1358
2017/01/25,24,6:48:00 PM,Wednesday,Victoria Park Station,Utilized Off Route,1,1,,7735
2017/01/25,32,6:51:00 PM,Wednesday,Pine and Lawrence,Mechanical,8,16,eb,
2017/01/25,132,6:53:00 PM,Wednesday,Milner @ Progress,Emergency Services,18,43,E,1220
2017/01/25,196,6:55:00 PM,Wednesday,Dufferin and Finch,Investigation,8,15,SB,8335
2017/01/25,53,7:03:00 PM,Wednesday,Midland and Steeles,Mechanical,15,30,wb,9061
2017/01/25,198,7:15:00 PM,Wednesday,Kingston/Morningside,Investigation,10,20,SB,7446
2017/01/25,100,7:17:00 PM,Wednesday,Broadview Station,Mechanical,10,20,NB,7439
2017/01/25,53,7:40:00 PM,Wednesday,Morningside and Staines,Utilized Off Route,19,38,wb,1115
2017/01/25,5,7:45:00 PM,Wednesday,Oriole PKWY and Gormley,Mechanical,24,48,b,8345
2017/01/25,68,7:50:00 PM,Wednesday,Bridletown circle/Warden,Mechanical,10,20,up,7594
2017/01/25,63,8:02:00 PM,Wednesday,Ossington Station,Utilized Off Route,10,20,N/B,1539
2017/01/25,133,8:26:00 PM,Wednesday,STC,Utilized Off Route,9,18,E,1098
2017/01/25,23,8:45:00 PM,Wednesday,Main Station,Utilized Off Route,10,20,,7874
2017/01/25,113,8:52:00 PM,Wednesday,Main Station,Mechanical,24,48,,7790
2017/01/25,36,9:01:00 PM,Wednesday,Finch Station,Late Leaving Garage,7,15,,8583
2017/01/25,57,9:15:00 PM,Wednesday,Kennedy Station,Utilized Off Route,15,30,,7872
2017/01/25,12,9:18:00 PM,Wednesday,Kennedy Station,Mechanical,20,40,,7725
2017/01/25,190,9:30:00 PM,Wednesday,Warden/Sheppard,Mechanical,10,20,up,7607
2017/01/25,76,9:30:00 PM,Wednesday,Royal York stn,Mechanical,10,20,s/b,7959
2017/01/25,106,9:42:00 PM,Wednesday,Pond & Arboretum,Investigation,18,36,W,8600
2017/01/25,709,9:52:00 PM,Wednesday,Eglinton and Bathurst,Investigation,1,1,W/B,1566
2017/01/25,199,10:02:00 PM,Wednesday,STC,Utilized Off Route,13,28,WB,1112
2017/01/25,53,10:05:00 PM,Wednesday,Markham,Mechanical,19,34,WB,1771
2017/01/25,84,10:16:00 PM,Wednesday,Downsview Stn,Utilized Off Route,10,20,,8448
2017/01/25,1,12:00:00 AM,Wednesday,Broadview Station,Utilized Off Route,1,1,,1
2017/01/26,199,12:14:00 AM,Thursday,STC,Utilized Off Route,9,18,WB,1710
2017/01/26,129,12:15:00 AM,Thursday,STC,Mechanical,10,20,NB,1726
2017/01/26,86,12:41:00 AM,Thursday,Sheppard loop,Mechanical,10,20,down,7549
2017/01/26,89,1:10:00 AM,Thursday,Weston and Dee Ave,Investigation,10,20,S/B,1627
2017/01/26,384,3:15:00 AM,Thursday,Yonge & Sheppard,Investigation,20,50,W,8597
2017/01/26,320,3:22:00 AM,Thursday,Yonge & Steeles,Utilized Off Route,4,8,S,1500
2017/01/26,300,3:33:00 AM,Thursday,DANFORTH AND VICTORIA PARK,Investigation,20,40,E,8124
2017/01/26,35,4:20:00 AM,Thursday,Arrow Garage,Utilized Off Route,10,26,S/b,8489
2017/01/26,320,4:24:00 AM,Thursday,Yonge & dundas,Investigation,15,19,N,1679
2017/01/26,116,4:58:00 AM,Thursday,Eglinton/Kennedy,Late Leaving Garage,3,0,NB,7601
2017/01/26,86,4:59:00 AM,Thursday,Eglinton Yard,Late Leaving Garage,1,1,NB,7525
2017/01/26,87,5:12:00 AM,Thursday,Main Stn,Utilized Off Route,5,10,W,8120
2017/01/26,47,5:12:00 AM,Thursday,Yorkdale Mall,Late Leaving Garage,20,40,S,1606
2017/01/26,79,5:20:00 AM,Thursday,Pine and Lawrence,Late Leaving Garage,20,40,s,1539
2017/01/26,47,5:30:00 AM,Thursday,Earlscourt loop,Utilized Off Route,4,9,S,1543
2017/01/26,60,5:36:00 AM,Thursday,Finch Stn,Late Leaving Garage,9,18,W/b,8484
2017/01/26,39,5:37:00 AM,Thursday,Baldoon - Finch,Late Leaving Garage,5,7,E,1096
2017/01/26,52,5:39:00 AM,Thursday,Bathurst and Lawrence,Late Leaving Garage,16,23,w,1013
2017/01/26,35,5:42:00 AM,Thursday,Jane and Steeles,Late Leaving Garage,5,10,S/b,8542
2017/01/26,51,5:43:00 AM,Thursday,Eglinton Station,Late Leaving Garage,16,32,N,1561
2017/01/26,127,5:45:00 AM,Thursday,Spadina station,Late Leaving Garage,17,34,w,1544
2017/01/26,199,5:45:00 AM,Thursday,York University Loop to Morningside/Nightstar,General Delay,5,8,B/W,
2017/01/26,39,5:45:00 AM,Thursday,Finch Stn to Old Finch/Morningview Trail,General Delay,5,10,B/W,
2017/01/26,39,5:46:00 AM,Thursday,Baldoon-Finch,Late Leaving Garage,7,15,E,1116
2017/01/26,24,5:58:00 AM,Thursday,VP STATION,Late Leaving Garage,6,9,N,7809
2017/01/26,84,6:04:00 AM,Thursday,Downsv Stn,Investigation,15,30,WB,1224
2017/01/26,25,6:04:00 AM,Thursday,Freshmeadow and Don Mills,Mechanical,15,30,SB,7534
2017/01/26,100,6:08:00 AM,Thursday,Don Mills Eglinton ave,Mechanical,5,10,sb,7594
2017/01/26,45,6:12:00 AM,Thursday,Kipling/Steeles,Late Leaving Garage,7,15,S/B,8416
2017/01/26,81,6:13:00 AM,Thursday,Thorncliffe and Overlea,Late Leaving Garage,9,14,S,8121
2017/01/26,199,6:15:00 AM,Thursday,Finch Station,Mechanical,11,22,w,1252
2017/01/26,39,6:17:00 AM,Thursday,Old Finch - Morningview Trail,Late Leaving Garage,18,36,W,1727
2017/01/26,86,6:19:00 AM,Thursday,Kennedy Station,Late Leaving Garage,4,0,NB,7549
2017/01/26,42,6:19:00 AM,Thursday,McCowan and Victoria Park,Late Leaving Garage,12,24,E,8301
2017/01/26,68,6:23:00 AM,Thursday,Warden Loop,Mechanical,7,12,sb,7514
2017/01/26,32,6:23:00 AM,Thursday,Keele St on Eglinton Ave W,Late Leaving Garage,3,6,E,1016
2017/01/26,29,6:28:00 AM,Thursday,Dufferin and Bloor,Mechanical,8,16,n,9048
2017/01/26,116,6:35:00 AM,Thursday,Kennedy Station,Mechanical,7,14,NB,7452
2017/01/26,96,6:37:00 AM,Thursday,carrier lp,Investigation,18,36,e,8611
2017/01/26,196,6:38:00 AM,Thursday,Commons,Mechanical,10,20,W/B,8197
2017/01/26,63,6:43:00 AM,Thursday,Canniff / Strachan,Utilized Off Route,4,8,s,1636
2017/01/26,95,6:43:00 AM,Thursday,Ellesmere RT Station,Late Leaving Garage,7,14,WB,1771
2017/01/26,144,6:52:00 AM,Thursday,Concorde Place,Late Leaving Garage,1,1,sb,7504
2017/01/26,131,6:54:00 AM,Thursday,Scarborough Town Center,Late Leaving Garage,8,16,EB,1125
2017/01/26,41,6:57:00 AM,Thursday,Keele stn,Mechanical,11,22,n,9147
2017/01/26,11,6:59:00 AM,Thursday,Davisville stn,Late Leaving Garage,8,17,N,8394
2017/01/26,100,7:00:00 AM,Thursday,Eglinton and Don Mills,Utilized Off Route,4,8,sb,7526
2017/01/26,5,7:00:00 AM,Thursday,Ave Rd South,General Delay,11,24,BW,
2017/01/26,102,7:05:00 AM,Thursday,WARDEN STN,Mechanical,10,20,NB,8173
2017/01/26,196,7:14:00 AM,Thursday,Downsview Stn,Mechanical,2,5,E/B,8302
2017/01/26,54,7:22:00 AM,Thursday,Lawrence Birchmount ave,Mechanical,6,12,wb,7615
2017/01/26,52,7:22:00 AM,Thursday,Ter 3,Mechanical,6,18,e,1027
2017/01/26,131,7:28:00 AM,Thursday,STC,Utilized Off Route,8,15,W,1271
2017/01/26,68,7:37:00 AM,Thursday,Warden Eglinton ave,Diversion,5,10,sb,7409
2017/01/26,52,7:50:00 AM,Thursday,Westona and Lawrence,Mechanical,13,26,e,1548
2017/01/26,15,7:59:00 AM,Thursday,Royal York Station,Investigation,13,25,s/b,7951
2017/01/26,6,8:00:00 AM,Thursday,College to Dockside,General Delay,4,10,S,1643
2017/01/26,106,8:02:00 AM,Thursday,Finch /Sentinel,Mechanical,7,14,NB,8604
2017/01/26,63,8:15:00 AM,Thursday,Atlantic and King,Mechanical,5,9,N,1536
2017/01/26,121,8:19:00 AM,Thursday,Mill and Cherry,Mechanical,11,22,EB,8106
2017/01/26,95,8:19:00 AM,Thursday,York Mills Station,Mechanical,7,14,EB,1741
2017/01/26,16,8:20:00 AM,Thursday,stclaair and danforth,Mechanical,10,20,sb,8100
2017/01/26,95,8:21:00 AM,Thursday,York Mills Station,Utilized Off Route,9,18,EB,1787
2017/01/26,71,8:23:00 AM,Thursday,Industry St,Mechanical,15,30,S,1530
2017/01/26,41,8:32:00 AM,Thursday,Keele stn,Utilized Off Route,15,30,n,1538
2017/01/26,41,8:36:00 AM,Thursday,Keele stn,Mechanical,11,22,n,9138
2017/01/26,32,8:43:00 AM,Thursday,Eglinton Ave W at Old Forest Hill Rd,Investigation,6,12,E,1576
2017/01/26,116,8:43:00 AM,Thursday,Kennedy station,Mechanical,12,24,EB,7452
2017/01/26,86,8:44:00 AM,Thursday,Toronto Zoo,Mechanical,16,32,SB,7542
2017/01/26,116,8:45:00 AM,Thursday,Eglinton/Bellamy,Investigation,12,24,NB,7686
2017/01/26,199,8:47:00 AM,Thursday,Scar Town Centre Station,Mechanical,12,29,W,1218
2017/01/26,42,8:47:00 AM,Thursday,Kennedy and McNicoll,Mechanical,12,24,WB,1818
2017/01/26,12,8:54:00 AM,Thursday,Victoria Park Stn,Mechanical,15,35,E,7730
2017/01/26,22,8:58:00 AM,Thursday,Robbins and Coxwell,Investigation,5,10,NB,7439
2017/01/26,29,9:05:00 AM,Thursday,Dufferin and Liberty,Mechanical,5,10,s,9028
2017/01/26,42,9:05:00 AM,Thursday,Kennedy and McNicol,Mechanical,25,50,WB,1818
2017/01/26,95,9:11:00 AM,Thursday,KNRD,Mechanical,14,28,WB,1771
2017/01/26,165,9:17:00 AM,Thursday,weston / Wallasey,Investigation,37,67,w,1335
2017/01/26,44,9:33:00 AM,Thursday,Kipling/Evans,Mechanical,5,10,S/B,8089
2017/01/26,188,9:38:00 AM,Thursday,Kipling/Birmingham,Mechanical,7,15,N/B,8087
2017/01/26,129,9:45:00 AM,Thursday,Steeles Loop,Utilized Off Route,1,1,SB,9102
2017/01/26,102,9:45:00 AM,Thursday,Elfreda and st.clair,Mechanical,15,30,nb,8103
2017/01/26,68,10:03:00 AM,Thursday,Lawrence rt,Utilized Off Route,1,1,wb,7431
2017/01/26,69,10:13:00 AM,Thursday,warden stn,Mechanical,11,22,sb,8158
2017/01/26,7,10:20:00 AM,Thursday,Bathurst  and Lawrence,Mechanical,10,19,n/b,9046
2017/01/26,36,10:30:00 AM,Thursday,Goldfinch,Investigation,5,10,w,9104
2017/01/26,109,10:45:00 AM,Thursday,Lawrence west stn,Mechanical,20,40,n/b,1701
2017/01/26,89,11:03:00 AM,Thursday,Keele stn,Investigation,11,22,n,1009
2017/01/26,16,11:05:00 AM,Thursday,warden stn,Mechanical,10,20,nb,7708
2017/01/26,7,11:25:00 AM,Thursday,Bathurst and Tichester,Mechanical,10,18,s/b,9029
2017/01/26,69,11:35:00 AM,Thursday,WARDEN STN,Mechanical,11,22,SB,8179
2017/01/26,165,12:07:00 PM,Thursday,Wilson and Jane,Mechanical,10,20,W,8510
2017/01/26,29,12:25:00 PM,Thursday,Dufferin and Bloor,Mechanical,4,8,N,9028
2017/01/26,196,12:26:00 PM,Thursday,Sheppard stn,Mechanical,7,15,w,1368
2017/01/26,196,12:36:00 PM,Thursday,Sheppard stn,Mechanical,7,15,w,1368
2017/01/26,22,12:51:00 PM,Thursday,Queen and Coxwell,Diversion,5,10,SB,7483
2017/01/26,51,1:05:00 PM,Thursday,Eglinton Stn,Mechanical,25,50,n,8364
2017/01/26,108,1:06:00 PM,Thursday,Driftwood and Finch,Mechanical,12,24,N,8435
2017/01/26,63,1:12:00 PM,Thursday,Oakwood loop,Mechanical,10,20,sb,1636
2017/01/26,188,2:00:00 PM,Thursday,Entire Kipling Express Route,General Delay,15,30,B/W,8074
2017/01/26,780,2:07:00 PM,Thursday,Garage,Late Leaving Garage,1,1,W,7439
2017/01/26,709,2:10:00 PM,Thursday,Mt. Dennis Garage,Mechanical,1,1,eb,1057
2017/01/26,168,2:16:00 PM,Thursday,Davenport/Symington,Investigation,10,20,s/b e/b,8423
2017/01/26,32,2:18:00 PM,Thursday,Richardson Ave. on Eglinton,Mechanical,13,26,wb,1659
2017/01/26,75,2:25:00 PM,Thursday,Sherbourne and Gerrard,Mechanical,6,12,sb,1822
2017/01/26,84,2:28:00 PM,Thursday,St. Basil's College,Late Leaving Garage,1,1,N,1679
2017/01/26,84,2:30:00 PM,Thursday,St. Basil's College,Late Leaving Garage,1,1,N,8396
2017/01/26,72,2:35:00 PM,Thursday,Front and Bay,Investigation,16,32,EB,7865
2017/01/26,17,2:45:00 PM,Thursday,kennedy loop,Investigation,8,16,sb,7849
2017/01/26,102,2:55:00 PM,Thursday,warden stn,Mechanical,15,30,nb,7728
2017/01/26,107,2:58:00 PM,Thursday,Downsview stn,Mechanical,13,26,n,8349
2017/01/26,30,3:00:00 PM,Thursday,Entire Lambton Route,General Delay,20,40,B/W,8403
2017/01/26,709,3:01:00 PM,Thursday,Mt. Dennis Garage,Late Leaving Garage,1,1,eb,1570
2017/01/26,709,3:01:00 PM,Thursday,Mt. Dennis Garage,Late Leaving Garage,1,1,eb,1410
2017/01/26,196,3:03:00 PM,Thursday,Downsview stn,Utilized Off Route,2,4,n,1367
2017/01/26,131,3:11:00 PM,Thursday,STC,Late Leaving Garage,4,8,S,1097
2017/01/26,41,3:14:00 PM,Thursday,Keele Station,Mechanical,19,1,N,1553
2017/01/26,54,3:15:00 PM,Thursday,Garage,Late Leaving Garage,10,20,E,7420
2017/01/26,6,3:17:00 PM,Thursday,Kendal and Davenport,Utilized Off Route,10,20,s,1522
2017/01/26,11,3:19:00 PM,Thursday,Davisville Stn,Utilized Off Route,7,15,n,8319
2017/01/26,106,3:19:00 PM,Thursday,Sentenel & Finch,Late Leaving Garage,6,10,S,1342
2017/01/26,63,3:20:00 PM,Thursday,King and Atlantic,Utilized Off Route,9,18,n,1567
2017/01/26,709,3:20:00 PM,Thursday,Mt. Dennis Garage,Utilized Off Route,1,1,eb,1570
2017/01/26,709,3:20:00 PM,Thursday,Eglinton West Stn.,Utilized Off Route,1,1,eb,1422
2017/01/26,7,3:26:00 PM,Thursday,Bathurst and Wilson,Mechanical,8,17,sb,9056
2017/01/26,29,3:30:00 PM,Thursday,Princes Gate,Utilized Off Route,5,10,n,8159
2017/01/26,29,3:30:00 PM,Thursday,Princes Gate,Utilized Off Route,5,10,n,9047
2017/01/26,42,3:47:00 PM,Thursday,Finch Station,Mechanical,13,26,EB,1561
2017/01/26,32,3:47:00 PM,Thursday,Skymark Ave. and Exxplorer Dr.,Mechanical,9,16,eb,1507
2017/01/26,29,3:50:00 PM,Thursday,Princes Gate,Utilized Off Route,5,10,n,9002
2017/01/26,24,3:53:00 PM,Thursday,Victoria Park and Pawnee Ave.,Emergency Services,10,18,sb,8113
2017/01/26,160,4:00:00 PM,Thursday,Bathurst Steeles to Sheppard,General Delay,17,38,bw,
2017/01/26,67,4:02:00 PM,Thursday,Pharmacy and Eglinton,Investigation,10,20,SB,7414
2017/01/26,95,4:03:00 PM,Thursday,York Mills station,Mechanical,8,17,E,1248
2017/01/26,95,4:10:00 PM,Thursday,York Mills station,Utilized Off Route,9,17,E,1208
2017/01/26,36,4:12:00 PM,Thursday,Finch and Arrow,Mechanical,11,22,W/B,8450
2017/01/26,11,4:18:00 PM,Thursday,Sunnybrook Hospital,Mechanical,8,17,n,8323
2017/01/26,111,4:19:00 PM,Thursday,EAST MALL @ VALHALLA INN ROAD,Investigation,10,20,S,8025
2017/01/26,32,4:25:00 PM,Thursday,Skymark Age and Explorer Dr.,Mechanical,8,16,eb,1510
2017/01/26,5,4:30:00 PM,Thursday,Queens Park Cr to Eglinton Stn,General Delay,23,22,b,
2017/01/26,42,4:35:00 PM,Thursday,Finch Station,Mechanical,13,26,EB,8342
2017/01/26,5,4:35:00 PM,Thursday,Queens Park crescent W and Welesley,Mechanical,16,32,n,1368
2017/01/26,34,4:35:00 PM,Thursday,Eglinton and kennedy,Mechanical,4,8,WB,7486
2017/01/26,85,4:47:00 PM,Thursday,sheppard @ Meadowvale,Mechanical,6,13,W,9078
2017/01/26,11,4:48:00 PM,Thursday,Bayview and Steeles.,Mechanical,9,17,s,1514
2017/01/26,709,4:50:00 PM,Thursday,East Liberty,Utilized Off Route,1,1,nb,1067
2017/01/26,11,5:07:00 PM,Thursday,Davisville Stn,Utilized Off Route,8,17,n,1370
2017/01/26,121,5:11:00 PM,Thursday,Mill to Strachan,General Delay,1,1,B/W,
2017/01/26,121,5:14:00 PM,Thursday,Strachan to Mill,General Delay,1,1,B/W,
2017/01/26,11,5:26:00 PM,Thursday,Sunnybrook Hospital,Mechanical,8,17,s,1534
2017/01/26,53,5:37:00 PM,Thursday,Yonge and Bishop,Investigation,5,11,sb,1763
2017/01/26,161,5:38:00 PM,Thursday,Bloor and Dovercourt,Mechanical,12,24,s,1515
2017/01/26,188,5:44:00 PM,Thursday,Kipling stn,Utilized Off Route,8,15,s/b,8074
2017/01/26,124,5:45:00 PM,Thursday,Sunnybrook Hospital,Mechanical,7,14,EB,1534
2017/01/26,75,5:47:00 PM,Thursday,Jarvis and Queens Quay,Utilized Off Route,6,12,nb,8346
2017/01/26,76,5:48:00 PM,Thursday,Royal York/Queensway,Utilized Off Route,5,10,n/b,8412
2017/01/26,709,5:55:00 PM,Thursday,Eglinton West Stn.,Utilized Off Route,1,1,eb,1410
2017/01/26,72,6:00:00 PM,Thursday,Pape Route,General Delay,0,0,BW,
2017/01/26,41,6:00:00 PM,Thursday,Keele and Lawrence,Mechanical,10,21,s,9151
2017/01/26,39,6:00:00 PM,Thursday,Finch Stn to Old Finch,General Delay,16,34,BW,
2017/01/26,199,6:00:00 PM,Thursday,York U to Nightstar,General Delay,17,29,BW,
2017/01/26,89,6:00:00 PM,Thursday,Humberside and Keele,Investigation,7,14,n,1009
2017/01/26,195,6:20:00 PM,Thursday,Jane at Wilson,Diversion,50,70,N,8447
2017/01/26,53,6:23:00 PM,Thursday,Yonge St-Finch Station WB-exit,Investigation,5,10,nb,1127
2017/01/26,199,6:27:00 PM,Thursday,Pharmacy and Finch,Mechanical,4,8,W,1211
2017/01/26,95,6:30:00 PM,Thursday,UFT Scarborough college loop,Mechanical,12,24,W,1773
2017/01/26,54,7:00:00 PM,Thursday,RT,Mechanical,13,26,E,7505
2017/01/26,7,7:05:00 PM,Thursday,Bathurst and Finch,Mechanical,9,18,sb,8303
2017/01/26,53,7:19:00 PM,Thursday,Morningside and Staines,Utilized Off Route,20,39,wb,1094
2017/01/26,116,7:53:00 PM,Thursday,Kennedy station,Utilized Off Route,30,60,eb,7524
2017/01/26,24,7:54:00 PM,Thursday,Birchmount Garage,Utilized Off Route,1,1,BW,7866
2017/01/26,185,7:55:00 PM,Thursday,Pape station,Utilized Off Route,10,19,n,7628
2017/01/26,34,7:55:00 PM,Thursday,Eglinton station,Utilized Off Route,6,12,EB,7520
2017/01/26,100,7:56:00 PM,Thursday,Broadview Station,Utilized Off Route,10,20,NB,7485
2017/01/26,87,8:01:00 PM,Thursday,Main stn,Utilized Off Route,10,20,n/b,7719
2017/01/26,102,8:03:00 PM,Thursday,warden station,Utilized Off Route,18,36,n/b,8164
2017/01/26,196,8:12:00 PM,Thursday,Murray Ross Pkwy and Bus Roadway,Mechanical,12,24,WB,1364
2017/01/26,51,8:52:00 PM,Thursday,Eglinton Station,Mechanical,24,48,NB,8217
2017/01/26,196,9:00:00 PM,Thursday,ALONG THE ROUTE 196,General Delay,1,1,BOTH,
2017/01/26,34,9:30:00 PM,Thursday,ESTN,Utilized Off Route,7,14,down,7641
2017/01/26,53,9:35:00 PM,Thursday,FSTN,Mechanical,18,39,EB,1228
2017/01/26,100,9:52:00 PM,Thursday,Broadview stn,Utilized Off Route,10,20,up,7508
2017/01/26,87,10:00:00 PM,Thursday,Broadview Station,Utilized Off Route,10,20,,7815
2017/01/26,7,10:05:00 PM,Thursday,Bathurst and Lawrence,Mechanical,11,21,sb,8324
2017/01/26,52,10:57:00 PM,Thursday,Dixon and Wincott Ave,Investigation,12,24,E/B,1533
2017/01/26,198,11:05:00 PM,Thursday,Uft loop,Mechanical,10,20,up,7607
2017/01/26,100,11:33:00 PM,Thursday,Wynford/Donmills,Investigation,10,20,up,7485
2017/01/27,95,12:20:00 AM,Friday,ELLESMERE AND MILITARY TRAIL,Mechanical,10,20,W,1247
2017/01/27,165,1:15:00 AM,Friday,YKMS,Emergency Services,10,20,W,8541
2017/01/27,300,3:12:00 AM,Friday,BLOOR AND ASHBOURNE,Investigation,20,40,w,8115
2017/01/27,57,4:39:00 AM,Friday,Kennedy Station,Late Leaving Garage,29,58,N,7857
2017/01/27,312,4:40:00 AM,Friday,St.clair Stn,Mechanical,1,1,S/B,1075
2017/01/27,54,4:49:00 AM,Friday,Eglinton Yard,Mechanical,1,1,O/B,7492
2017/01/27,87,5:02:00 AM,Friday,Main Station,Late Leaving Garage,5,10,WB,8149
2017/01/27,87,5:04:00 AM,Friday,Broadview Station,Late Leaving Garage,5,10,EB,8135
2017/01/27,12,5:04:00 AM,Friday,Kingston and Brimley,Late Leaving Garage,9,18,EB,7731
2017/01/27,16,5:07:00 AM,Friday,Warden Station,Late Leaving Garage,20,40,N,7724
2017/01/27,116,5:11:00 AM,Friday,Eglinton Garage,Late Leaving Garage,1,1,WB,7461
2017/01/27,47,5:12:00 AM,Friday,Yorkdale Mall,Late Leaving Garage,20,40,S,1028
2017/01/27,320,5:15:00 AM,Friday,Eglinton,Late Leaving Garage,5,10,s,749
2017/01/27,86,5:23:00 AM,Friday,Eglinton Garage,Late Leaving Garage,1,1,WB,7883
2017/01/27,87,5:27:00 AM,Friday,Main Station,Utilized Off Route,5,10,W,7821
2017/01/27,23,5:29:00 AM,Friday,Main Station,Mechanical,12,24,n,7819
2017/01/27,43,5:30:00 AM,Friday,steeles Ave - Kennedy to Sliver Star Blvd,Diversion,177,187,N/B,
2017/01/27,43,5:30:00 AM,Friday,Steeles Ave and Silver Star Blvd,Emergency Services,110,1,N/B,7444
2017/01/27,12,5:31:00 AM,Friday,Kingston and Brimley,Late Leaving Garage,18,36,EB,7712
2017/01/27,53,5:33:00 AM,Friday,Steeles & Miliken,Diversion,10,17,B/W,152
2017/01/27,53,5:33:00 AM,Friday,Steeles & Miliken,Emergency Services,5,10,W,9080
2017/01/27,129,5:35:00 AM,Friday,Malvern Garage,Late Leaving Garage,13,19,NB,9110
2017/01/27,17,5:36:00 AM,Friday,Steeles and Mount Castle,Late Leaving Garage,11,22,SB,7873
2017/01/27,53,5:40:00 AM,Friday,Steeles & Miliken,Emergency Services,0,17,W,9080
2017/01/27,112,5:47:00 AM,Friday,427/Valahalla,Mechanical,11,26,n/b,8093
2017/01/27,68,5:56:00 AM,Friday,Warden STN,Mechanical,10,15,N/B,7639
2017/01/27,81,5:56:00 AM,Friday,Thorncliff and Overlea,Mechanical,5,10,NB,7779
2017/01/27,64,5:57:00 AM,Friday,Main Station,Late Leaving Garage,8,16,SB,8166
2017/01/27,68,6:06:00 AM,Friday,Warden STN,Mechanical,5,10,N/B,7589
2017/01/27,32,6:15:00 AM,Friday,Eglinton Station,Late Leaving Garage,6,12,W,1610
2017/01/27,185,6:18:00 AM,Friday,Pape Station,Late Leaving Garage,9,18,SB,7640
2017/01/27,199,6:19:00 AM,Friday,Morningside and nighstar,Late Leaving Garage,7,15,W/B,1078
2017/01/27,42,6:20:00 AM,Friday,McCowan and Victoria Park,Late Leaving Garage,12,24,E,8211
2017/01/27,21,6:20:00 AM,Friday,Kennedy Station,Mechanical,20,40,NB,8118
2017/01/27,37,6:29:00 AM,Friday,Islington stn,Late Leaving Garage,7,14,n/b,8064
2017/01/27,41,6:30:00 AM,Friday,Keele stn,Late Leaving Garage,14,27,n/b,1202
2017/01/27,34,6:30:00 AM,Friday,Victoria Park Ave and Eglinton Ave,Mechanical,4,8,WB,7601
2017/01/27,68,6:36:00 AM,Friday,Warden STN,Late Leaving Garage,5,10,N/B,7586
2017/01/27,196,6:38:00 AM,Friday,Commons,Mechanical,10,20,E/B,8364
2017/01/27,117,6:40:00 AM,Friday,Downsview Stn,Mechanical,10,20,N/B,1367
2017/01/27,54,6:41:00 AM,Friday,Kingston Rd and Lawrence,Mechanical,9,18,N/B,7559
2017/01/27,89,6:47:00 AM,Friday,Keele stn,Mechanical,4,9,n/b,1518
2017/01/27,61,7:00:00 AM,Friday,Bombay loop,Utilized Off Route,10,20,S,1679
2017/01/27,196,7:00:00 AM,Friday,Commons,Utilized Off Route,4,8,E/B,8212
2017/01/27,199,7:09:00 AM,Friday,Scarborough Town Centre,Late Leaving Garage,4,8,W/B,1142
2017/01/27,55,7:10:00 AM,Friday,Old Dundas,Late Leaving Garage,15,30,W,1513
2017/01/27,95,7:21:00 AM,Friday,UFT Scarborough College Loop,Late Leaving Garage,9,18,WB,1720
2017/01/27,195,7:26:00 AM,Friday,Jane and Steeles,Late Leaving Garage,10,20,S/b,1274
2017/01/27,11,7:29:00 AM,Friday,Davisville stn,Investigation,4,17,N,8302
2017/01/27,94,7:59:00 AM,Friday,Bay and Wellesley,Investigation,13,26,E,7803
2017/01/27,46,8:28:00 AM,Friday,Kipling stn,Investigation,5,10,e,8502
2017/01/27,196,8:49:00 AM,Friday,Downsview,Mechanical,2,5,W/B,1534
2017/01/27,102,9:10:00 AM,Friday,Kennedy and st.clair,Mechanical,10,20,nb,7796
2017/01/27,196,9:16:00 AM,Friday,Downsview,Mechanical,2,5,W/B,9043
2017/01/27,95,9:18:00 AM,Friday,York Mills Station,Utilized Off Route,1,1,EB,1204
2017/01/27,760,9:58:00 AM,Friday,Warden STN,Utilized Off Route,1,1,,7546
2017/01/27,105,10:07:00 AM,Friday,Dufferin st at Dufferin Hill,Mechanical,20,50,S,8313
2017/01/27,87,10:07:00 AM,Friday,Main Station,Utilized Off Route,10,20,WB,7855
2017/01/27,44,10:09:00 AM,Friday,Entire Kipling South Route,General Delay,15,30,B/W,7961
2017/01/27,188,10:09:00 AM,Friday,Entire Kipling South Express Route,General Delay,15,30,B/W,7912
2017/01/27,196,10:30:00 AM,Friday,Downsview Stn,Utilized Off Route,5,8,,8205
2017/01/27,69,11:08:00 AM,Friday,warden stn,Mechanical,11,22,sb,7781
2017/01/27,38,11:28:00 AM,Friday,Rouge Hill GO,Mechanical,12,24,EB,1733
2017/01/27,21,11:32:00 AM,Friday,Ellesmere and Brimley,Investigation,20,40,NB,8118
2017/01/27,29,11:35:00 AM,Friday,Dupont,Mechanical,5,10,N,9040
2017/01/27,199,11:40:00 AM,Friday,STC,Utilized Off Route,12,24,EB,1770
2017/01/27,21,11:44:00 AM,Friday,Scarborough Town Centre,Utilized Off Route,14,28,NB,7847
2017/01/27,32,12:42:00 PM,Friday,Eglinton West Stn.,Mechanical,13,26,WB,1007
2017/01/27,54,12:48:00 PM,Friday,Eglinton STN,Mechanical,12,25,E/B,7569
2017/01/27,52,12:48:00 PM,Friday,Lawrence & Apex,Mechanical,13,26,w/b,1064
2017/01/27,11,12:51:00 PM,Friday,Steeles Loop,Mechanical,8,16,,1714
2017/01/27,102,1:08:00 PM,Friday,WARDEN STN,Mechanical,15,30,nb,8138
2017/01/27,73,1:13:00 PM,Friday,Royal York at Dixon Rd,Mechanical,15,30,n/b,8062
2017/01/27,68,1:35:00 PM,Friday,Bamburgh Circle s and Warden,Mechanical,10,20,N/B,7626
2017/01/27,53,1:48:00 PM,Friday,Steeles and Tapscott,Mechanical,5,10,S,1077
2017/01/27,28,2:00:00 PM,Friday,Davisville Stn,Mechanical,18,36,s,8344
2017/01/27,165,2:07:00 PM,Friday,Wilson and Keele,Investigation,8,18,W,8540
2017/01/27,38,2:10:00 PM,Friday,Ellesmere @ Markham,Mechanical,12,24,W,1117
2017/01/27,104,2:11:00 PM,Friday,Wilson Stn,Mechanical,15,30,,1365
2017/01/27,97,2:25:00 PM,Friday,York Mills stn,Mechanical,30,60,S/B,1811
2017/01/27,47,2:25:00 PM,Friday,Yorkdale,Late Leaving Garage,26,52,s,1540
2017/01/27,32,2:31:00 PM,Friday,Marlee Av. On Eglinton,Investigation,8,16,WB,1022
2017/01/27,85,2:32:00 PM,Friday,Sheppard @ Consumers,Mechanical,7,15,B,9078
2017/01/27,17,2:37:00 PM,Friday,warden stn,Late Leaving Garage,10,20,nb,7849
2017/01/27,24,2:38:00 PM,Friday,Senator O'cconor secondary school,Mechanical,1,1,SB,7873
2017/01/27,24,2:45:00 PM,Friday,Corintian blvd. and Pharmacy ave.,Late Leaving Garage,1,1,SB,7709
2017/01/27,91,2:47:00 PM,Friday,Birchmount Garage,Late Leaving Garage,6,12,s/b,7758
2017/01/27,32,2:52:00 PM,Friday,Pine and Lawrence,Late Leaving Garage,8,16,eb,1619
2017/01/27,109,2:59:00 PM,Friday,Eglinton West Station,Mechanical,28,56,n,8325
2017/01/27,709,3:01:00 PM,Friday,Mt. Dennis Garage,Late Leaving Garage,1,1,WB,1552
2017/01/27,709,3:01:00 PM,Friday,Mt. Dennis Garage,Late Leaving Garage,1,1,WB,1531
2017/01/27,24,3:13:00 PM,Friday,Victoria Park Ave. and Steeles.,Mechanical,9,17,SB,7808
2017/01/27,131,3:18:00 PM,Friday,Kennedy station,Late Leaving Garage,9,18,N,1248
2017/01/27,131,3:23:00 PM,Friday,Kennedy station,Late Leaving Garage,8,17,N,1712
2017/01/27,36,3:24:00 PM,Friday,Finch and Dufferin,Mechanical,5,11,E/B,9123
2017/01/27,24,3:24:00 PM,Friday,Victoria park station,Late Leaving Garage,9,17,NB,7713
2017/01/27,42,3:24:00 PM,Friday,McNicoll/ Victoria Pk,Mechanical,7,14,E,1514
2017/01/27,90,3:28:00 PM,Friday,St.clair W Station,Utilized Off Route,6,12,n,8303
2017/01/27,709,3:30:00 PM,Friday,Mt. Dennis Garage,Late Leaving Garage,1,1,WB,1544
2017/01/27,5,3:30:00 PM,Friday,Queenspark Cres to Eglinton Stn,General Delay,18,35,b,
2017/01/27,17,3:33:00 PM,Friday,WARDEN STN,Mechanical,8,16,NB,7729
2017/01/27,90,3:38:00 PM,Friday,Oakwood and Vaughan,Late Leaving Garage,6,12,s,1825
2017/01/27,95,3:46:00 PM,Friday,Dolly Warden,Mechanical,5,13,E,1089
2017/01/27,32,3:47:00 PM,Friday,Skymark Ave and Explorer Dr.,Late Leaving Garage,9,18,eb,1209
2017/01/27,90,3:50:00 PM,Friday,Duncan Shop,Late Leaving Garage,1,1,N,8326
2017/01/27,7,3:50:00 PM,Friday,village gate,Late Leaving Garage,8,16,s,9043
2017/01/27,198,3:50:00 PM,Friday,Kennedy STN,Investigation,10,20,EB,7550
2017/01/27,196,3:52:00 PM,Friday,Downsview Stn,Utilized Off Route,3,7,,8335
2017/01/27,112,3:54:00 PM,Friday,"On Kipling, at Burnamthorpe",Mechanical,17,33,S,8093
2017/01/27,11,3:59:00 PM,Friday,Davisville Stn,Utilized Off Route,7,15,n,8337
2017/01/27,11,3:59:00 PM,Friday,Davisville Stn,Utilized Off Route,7,15,n,1673
2017/01/27,25,4:00:00 PM,Friday,Wynford and DonMills,Mechanical,6,12,n,7553
2017/01/27,144,4:00:00 PM,Friday,144-Downtown Express,General Delay,25,45,BW,
2017/01/27,25,4:04:00 PM,Friday,DonMills and Kern,Investigation,11,22,n,7507
2017/01/27,107,4:09:00 PM,Friday,Downsview Stn,Mechanical,23,46,S,1364
2017/01/27,143,4:30:00 PM,Friday,Downtown Beach Express,General Delay,1,1,BW,
2017/01/27,121,4:30:00 PM,Friday,strachan to Mill,General Delay,1,1,b/w,
2017/01/27,188,4:30:00 PM,Friday,"On St. Alban's, at Kipling",Mechanical,7,15,W,8057
2017/01/27,91,4:51:00 PM,Friday,York mills and Silverdale,Mechanical,14,28,S/B,7818
2017/01/27,42,4:52:00 PM,Friday,Finch stn,Mechanical,7,13,E,8345
2017/01/27,95,5:00:00 PM,Friday,UFT Scarborough Loop,Investigation,12,24,W,1724
2017/01/27,91,5:02:00 PM,Friday,Underhill and Lawrence,Utilized Off Route,14,28,S/B,7827
2017/01/27,102,5:15:00 PM,Friday,Warden Station,Utilized Off Route,10,20,BW,8142
2017/01/27,53,5:16:00 PM,Friday,Markham and Passmore,Mechanical,2,8,W,1777
2017/01/27,195,5:17:00 PM,Friday,JNST - Jane station,Mechanical,10,20,S,8488
2017/01/27,116,5:24:00 PM,Friday,Morningside Ave and Ellesmere Rd,Investigation,7,15,NB,7618
2017/01/27,95,5:25:00 PM,Friday,Bay view on York Mills,Investigation,12,24,E,1734
2017/01/27,35,5:28:00 PM,Friday,Jane / Bloor,Investigation,20,40,N,8562
2017/01/27,53,5:30:00 PM,Friday,Kennedy to Silverstar blvd,General Delay,13,26,E/B,
2017/01/27,122,5:30:00 PM,Friday,Yorkmills and Bayview,General Delay,15,31,e,
2017/01/27,115,5:30:00 PM,Friday,Yorkmills and Bayview,General Delay,20,40,EB,
2017/01/27,39,5:30:00 PM,Friday,Bayview  to Warden Ave,General Delay,6,12,EB,
2017/01/27,95,5:30:00 PM,Friday,York Mills route,General Delay,20,40,E,1218
2017/01/27,198,5:30:00 PM,Friday,Kennedy STN,Mechanical,10,20,EB,7440
2017/01/27,199,5:30:00 PM,Friday,Bayview to Warden Ave,General Delay,8,16,EB,
2017/01/27,32,5:33:00 PM,Friday,Ronald Ave on Eglinton,Mechanical,8,16,WB,1029
2017/01/27,11,5:39:00 PM,Friday,Steeles Loop,Mechanical,19,38,s,1714
2017/01/27,23,5:47:00 PM,Friday,Rexleigh,Mechanical,7,14,N/B,7856
2017/01/27,53,5:52:00 PM,Friday,Steeles and Warden,Mechanical,5,11,W,1086
2017/01/27,42,6:02:00 PM,Friday,Victoria pk /Gordonbaker,Mechanical,12,24,W,1796
2017/01/27,96,6:04:00 PM,Friday,Wilson and Jethro,Diversion,6,26,e,1335
2017/01/27,11,6:06:00 PM,Friday,Davisville Stn,Mechanical,9,17,n,8388
2017/01/27,12,6:07:00 PM,Friday,Gerrard and Victoria Park,Mechanical,13,26,SB,7842
2017/01/27,165,6:12:00 PM,Friday,Jethro and Kirby,Investigation,10,24,N,8459
2017/01/27,102,6:15:00 PM,Friday,Warden Station,Utilized Off Route,10,38,BW,7768
2017/01/27,102,6:20:00 PM,Friday,WARDEN STATION,Mechanical,10,20,NB,7724
2017/01/27,57,6:21:00 PM,Friday,Kennedy Station,Utilized Off Route,8,16,NB,7853
2017/01/27,62,6:44:00 PM,Friday,CARLAW / MORTIMER,Mechanical,20,40,N/B,7760
2017/01/27,24,6:44:00 PM,Friday,Main stn,Utilized Off Route,17,34,S/B,7760
2017/01/27,131,6:55:00 PM,Friday,Brenyon way and Sewells,Investigation,8,16,N,1266
2017/01/27,53,7:15:00 PM,Friday,Steeles and Townsend,Investigation,5,6,W,9055
2017/01/27,24,7:18:00 PM,Friday,Victoria park and Steeles Loop,Mechanical,10,19,SB,7774
2017/01/27,199,7:26:00 PM,Friday,Don Mills and Ellesmere Rd,Mechanical,13,27,WB,1113
2017/01/27,16,7:42:00 PM,Friday,STC,Mechanical,11,22,n/b,8121
2017/01/27,54,7:51:00 PM,Friday,Starspray Loop,Mechanical,13,26,wb,7569
2017/01/27,34,7:53:00 PM,Friday,Eglinton and Ionview,Investigation,6,12,WB,7404
2017/01/27,102,7:58:00 PM,Friday,warden station,Utilized Off Route,18,36,n/b,8162
2017/01/27,53,8:12:00 PM,Friday,Steeles and Bayview,Mechanical,9,13,E/B,9066
2017/01/27,196,8:27:00 PM,Friday,Sheppard Stn,Investigation,10,24,WB,8364
2017/01/27,53,8:30:00 PM,Friday,Markham and Passmore,Mechanical,5,9,E/B,1116
2017/01/27,196,9:10:00 PM,Friday,Downsview Stn,Utilized Off Route,8,16,NB,8189
2017/01/27,95,9:11:00 PM,Friday,Kingston Road Loop,Late Leaving Garage,14,28,WB,1759
2017/01/27,97,9:12:00 PM,Friday,York Mills stn,Mechanical,20,40,S,8371
2017/01/27,102,9:15:00 PM,Friday,Warden station,Utilized Off Route,18,36,BW,7765
2017/01/27,38,9:48:00 PM,Friday,Old Kingston Road and Highland Creek Pass,Mechanical,12,25,WB,1402
2017/01/27,29,10:37:00 PM,Friday,Dufferin at Ascot,Mechanical,6,12,NB,8302
2017/01/27,94,10:51:00 PM,Friday,Wellesley Station,Mechanical,9,18,BW,7751
2017/01/27,52,11:03:00 PM,Friday,Bus Terminal and Morningstar Dr.,Investigation,18,36,W/B,1046
2017/01/27,17,11:03:00 PM,Friday,Steeles Loop,Emergency Services,22,38,BW,8157
2017/01/27,52,11:06:00 PM,Friday,Lawrence and Duckworth St.,Mechanical,14,29,E/B,1358
2017/01/27,102,11:10:00 PM,Friday,Warden Station,Utilized Off Route,10,20,BW,8110
2017/01/28,36,12:11:00 AM,Saturday,Humberwood Loop,Mechanical,15,30,W/B,8439
2017/01/28,29,12:27:00 AM,Saturday,Wilson Stn,Utilized Off Route,9,18,SB,8302
2017/01/28,75,12:37:00 AM,Saturday,At Carleton,Mechanical,20,40,SB,8204
2017/01/28,100,1:07:00 AM,Saturday,Don Mills & Wynford,Investigation,10,20,up,7576
2017/01/28,41,1:30:00 AM,Saturday,Keele Station,Mechanical,20,50,N/B,9142
2017/01/28,300,3:30:00 AM,Saturday,Bloor- Danforth,General Delay,30,60,BW,
2017/01/28,396,3:37:00 AM,Saturday,Elmhurst at Islington,Emergency Services,30,60,W,8450
2017/01/28,320,3:42:00 AM,Saturday,Yonge and Yonge,Utilized Off Route,7,14,S/B,8337
2017/01/28,7,4:15:00 AM,Saturday,Wilson Ave and Bathurst,Late Leaving Garage,27,1,W,9013
2017/01/28,300,5:08:00 AM,Saturday,Bathurst and Bloor,Mechanical,29,74,W/B,8058
2017/01/28,29,5:25:00 AM,Saturday,princess gates,Late Leaving Garage,16,32,N,9014
2017/01/28,52,5:36:00 AM,Saturday,Lawrence and Yonge,Late Leaving Garage,24,48,W,1622
2017/01/28,97,5:58:00 AM,Saturday,Davisville station,Late Leaving Garage,24,48,N,8311
2017/01/28,7,6:00:00 AM,Saturday,Bathurst and Wilson,Late Leaving Garage,10,43,n/b,9056
2017/01/28,6,6:01:00 AM,Saturday,Adelaide and Bay,Diversion,142,12,b/w,1505
2017/01/28,116,6:05:00 AM,Saturday,Kennedy STN,Mechanical,10,20,E/B,7662
2017/01/28,84,6:10:00 AM,Saturday,Sheppard Station,Mechanical,10,20,W,8527
2017/01/28,90,6:10:00 AM,Saturday,St Clair W station,Late Leaving Garage,12,24,N,1820
2017/01/28,88,6:10:00 AM,Saturday,St Clair station,Late Leaving Garage,20,40,N,1701
2017/01/28,32,6:13:00 AM,Saturday,Skymark and Explorer,Mechanical,10,20,E,1600
2017/01/28,20,6:18:00 AM,Saturday,Birchmount and Highview,Mechanical,20,40,EB,8138
2017/01/28,127,6:28:00 AM,Saturday,Spadina Station,Late Leaving Garage,22,44,W,1594
2017/01/28,95,6:28:00 AM,Saturday,Markham and Ellesmere,Mechanical,17,34,W/B,1227
2017/01/28,63,6:29:00 AM,Saturday,Liberty Village,Late Leaving Garage,5,11,5,1614
2017/01/28,34,6:38:00 AM,Saturday,Grenoble and Spanbridge,Mechanical,18,36,W/B,7628
2017/01/28,87,7:00:00 AM,Saturday,Broadview Stn,Mechanical,10,20,EB,8120
2017/01/28,34,7:18:00 AM,Saturday,Eglinton and Sutherland,Mechanical,18,36,W/B,7439
2017/01/28,32,7:56:00 AM,Saturday,Eglinton and Keele,Investigation,10,20,E,1076
2017/01/28,32,8:20:00 AM,Saturday,Eglinton and Keele,Diversion,22,27,E,1621
2017/01/28,87,8:35:00 AM,Saturday,Main Station,Mechanical,10,20,WB,7762
2017/01/28,167,8:44:00 AM,Saturday,Finch and Pharmacy,Investigation,30,60,SB,8121
2017/01/28,95,8:54:00 AM,Saturday,Markham and Ellesmere,Mechanical,17,34,W/B,1106
2017/01/28,24,8:55:00 AM,Saturday,Steeles,Utilized Off Route,10,20,SB,8108
2017/01/28,133,9:02:00 AM,Saturday,Mclevin and Neilson,Diversion,93,103,N/B,1088
2017/01/28,87,9:05:00 AM,Saturday,Main Station,Mechanical,10,20,WB,7856
2017/01/28,63,9:12:00 AM,Saturday,Eglinton W station,Late Leaving Garage,5,10,S,1046
2017/01/28,6,9:15:00 AM,Saturday,Bedford St,Mechanical,15,30,S,1013
2017/01/28,79,9:47:00 AM,Saturday,Pine and Lawrence,Late Leaving Garage,12,24,S,1413
2017/01/28,81,9:53:00 AM,Saturday,Pape Stn,Mechanical,8,16,EB,7847
2017/01/28,52,9:53:00 AM,Saturday,Lawrence West Station,Late Leaving Garage,10,20,W,1354
2017/01/28,34,10:05:00 AM,Saturday,Eglinton STN,Mechanical,7,15,EB,7612
2017/01/28,52,10:14:00 AM,Saturday,Jane and Lawrence,Emergency Services,20,40,w,1645
2017/01/28,29,10:27:00 AM,Saturday,Wilson stn,Mechanical,6,11,s/b,9024
2017/01/28,34,11:35:00 AM,Saturday,Eglinton STN,Mechanical,8,15,EB,7583
2017/01/28,7,11:40:00 AM,Saturday,Wilson and Bathurst,Mechanical,10,19,s/b,9035
2017/01/28,80,11:45:00 AM,Saturday,The Queensway at Loma,Investigation,24,48,w/b,8033
2017/01/28,134,12:00:00 PM,Saturday,Washburn/Mammoth Hall,Investigation,15,30,WB,1745
2017/01/28,25,12:00:00 PM,Saturday,Don Mills station,Mechanical,8,17,dn,7624
2017/01/28,37,12:01:00 PM,Saturday,Islington Stn,Mechanical,9,18,n/b,8079
2017/01/28,199,12:18:00 PM,Saturday,Scarboough Town Center,Utilized Off Route,6,12,WB,1744
2017/01/28,759,12:22:00 PM,Saturday,Keele Stn,Utilized Off Route,1,1,S,1538
2017/01/28,709,12:23:00 PM,Saturday,Eg. W Stn,Utilized Off Route,1,1,S,1513
2017/01/28,29,12:25:00 PM,Saturday,Dundas,Utilized Off Route,5,10,S,1687
2017/01/28,65,12:30:00 PM,Saturday,Parliament route,General Delay,10,1,BW,
2017/01/28,38,12:45:00 PM,Saturday,Ellesmere @ Military Trail,Diversion,34,43,E,1211
2017/01/28,47,12:48:00 PM,Saturday,Yordale,Late Leaving Garage,1,1,S,1633
2017/01/28,198,1:00:00 PM,Saturday,Ellesmere Rd and Military Trail,Diversion,10,20,EB,7883
2017/01/28,127,1:02:00 PM,Saturday,Davenport and Oakwood,Investigation,23,46,E,1594
2017/01/28,86,1:29:00 PM,Saturday,Eglinton Ave E and Barbados Blvd,Investigation,6,12,WB,7679
2017/01/28,95,1:48:00 PM,Saturday,Crocus Drive on Ellesmere Rd.,Investigation,15,30,W,1109
2017/01/28,121,2:00:00 PM,Saturday,Fronty and Bay,Mechanical,15,30,W,7708
2017/01/28,86,2:38:00 PM,Saturday,Eglinton Ave E and Brimley Rd,Mechanical,6,12,WB,7526
2017/01/28,121,2:55:00 PM,Saturday,Frederick and Esplanade,Mechanical,15,30,E,8119
2017/01/28,24,3:13:00 PM,Saturday,Vic Park Stn,Mechanical,9,18,S/B,8166
2017/01/28,29,3:44:00 PM,Saturday,Dufferin and Gibson,Investigation,3,6,n,9006
2017/01/28,85,4:24:00 PM,Saturday,Sheppard @ Warden,Mechanical,6,11,W,1201
2017/01/28,38,5:39:00 PM,Saturday,Rough Hill Go,Mechanical,9,18,W,1713
2017/01/28,6,5:50:00 PM,Saturday,College and Bay,Diversion,95,12,s,1505
2017/01/28,25,6:05:00 PM,Saturday,Don Mills & Sheppard,Investigation,8,17,dn,7531
2017/01/28,63,6:10:00 PM,Saturday,Davenport & Oakwood,Diversion,50,55,s/b,1066
2017/01/28,29,6:37:00 PM,Saturday,Wilson Stn,Utilized Off Route,8,14,s,8307
2017/01/28,185,6:39:00 PM,Saturday,Pape & Cosburn,Investigation,10,19,up,7561
2017/01/28,131,6:48:00 PM,Saturday,STC,Mechanical,18,36,E,1220
2017/01/28,85,7:37:00 PM,Saturday,Sheppard Stn,Investigation,20,40,E,1718
2017/01/28,29,7:44:00 PM,Saturday,Dufferin and Gibson,Mechanical,3,6,n,8326
2017/01/28,121,8:00:00 PM,Saturday,Fort York Route,General Delay,15,30,EB,7708
2017/01/28,123,8:13:00 PM,Saturday,"On West Mall, at Queensway",Mechanical,30,60,S,7904
2017/01/28,89,8:50:00 PM,Saturday,Keele station,Mechanical,10,20,s,1564
2017/01/28,36,9:00:00 PM,Saturday,Route 36,General Delay,10,20,BW,
2017/01/28,95,9:10:00 PM,Saturday,Ellesmere Cul-De-Sac Kingston Loop,Late Leaving Garage,10,20,WB,1733
2017/01/28,102,9:32:00 PM,Saturday,Markham Road and Highway 7,Investigation,50,100,NB,7869
2017/01/28,25,9:35:00 PM,Saturday,Pape Station,Mechanical,9,18,NB,7539
2017/01/28,102,9:42:00 PM,Saturday,Markham and Select,Utilized Off Route,10,20,SB,7750
2017/01/28,7,9:55:00 PM,Saturday,Bathurst Station,Mechanical,9,18,NB,9015
2017/01/28,14,9:55:00 PM,Saturday,Caledonia and Tycos,Investigation,20,40,e,1566
2017/01/28,36,9:56:00 PM,Saturday,Humberwood & Morningstar,Mechanical,10,20,E,8464
2017/01/28,169,10:36:00 PM,Saturday,Van Horne Edmonton,Emergency Services,30,60,WB,1343
2017/01/28,33,10:39:00 PM,Saturday,Chaplin Roselawn,Utilized Off Route,20,40,SB,1668
2017/01/28,63,10:41:00 PM,Saturday,Eglinton west station,Utilized Off Route,10,20,n,1066
2017/01/28,191,11:01:00 PM,Saturday,Kipling Subway Station,Mechanical,10,20,S/B,7919
2017/01/28,69,11:10:00 PM,Saturday,Warden Station,Mechanical,20,40,EB,8156
2017/01/28,106,11:19:00 PM,Saturday,York U,Mechanical,12,24,S/B,8615
2017/01/28,94,11:53:00 PM,Saturday,Ossington Station,Investigation,10,20,SB,7798
2017/01/28,7,11:53:00 PM,Saturday,Bathurst Stn,Mechanical,10,20,NB,9010
2017/01/29,17,12:01:00 AM,Sunday,Birchmount Rd and Ellesmere Rd,Investigation,22,44,SB,7838
2017/01/29,102,12:12:00 AM,Sunday,Markham Rd and Finch Ave East,Mechanical,10,20,NB,8101
2017/01/29,36,12:23:00 AM,Sunday,Finch w & Kipling,Mechanical,10,20,E,8590
2017/01/29,12,1:00:00 AM,Sunday,Victoria Park Station,Investigation,30,1,SB,8150
2017/01/29,337,2:18:00 AM,Sunday,Islington & Fordwich,Investigation,337,8,S,8061
2017/01/29,300,2:25:00 AM,Sunday,Bloor-Danforth,General Delay,30,60,BW`,
2017/01/29,307,3:10:00 AM,Sunday,Steeles &  Bathurst,Mechanical,30,60,S,8186
2017/01/29,395,5:10:00 AM,Sunday,Ellesmere and Bayview,Mechanical,30,60,E,1727
2017/01/29,300,5:13:00 AM,Sunday,Transway cres and Kennedy rd,Mechanical,27,60,W,7764
2017/01/29,36,5:55:00 AM,Sunday,Arrow & Finch,Late Leaving Garage,22,38,EB,1291
2017/01/29,41,6:41:00 AM,Sunday,Founders / Steeles,Mechanical,20,40,s,1641
2017/01/29,102,6:49:00 AM,Sunday,Birchmount garage,Late Leaving Garage,61,122,SB,8166
2017/01/29,102,6:52:00 AM,Sunday,Warden Stn,Late Leaving Garage,10,20,NB,8144
2017/01/29,102,7:02:00 AM,Sunday,Steeles and Markham,Late Leaving Garage,10,20,SB,7788
2017/01/29,39,7:09:00 AM,Sunday,McCowan - Middlefield,Mechanical,17,34,W,1121
2017/01/29,54,7:10:00 AM,Sunday,Orton Park and Brimorton,Emergency Services,52,82,W/B,7403
2017/01/29,12,7:16:00 AM,Sunday,Victoria Park Stn,Late Leaving Garage,20,40,EB,7838
2017/01/29,125,7:41:00 AM,Sunday,Bathurst and Antibies,Late Leaving Garage,7,0,W,8388
2017/01/29,83,7:45:00 AM,Sunday,Lakeshore garage,Late Leaving Garage,30,60,EB,7837
2017/01/29,196,7:45:00 AM,Sunday,The Commons,Late Leaving Garage,10,0,s,1817
2017/01/29,23,7:48:00 AM,Sunday,Ferris and Dawes,Late Leaving Garage,12,24,EB,8139
2017/01/29,44,8:00:00 AM,Sunday,Col Sam Loop,Mechanical,17,34,n,7910
2017/01/29,41,8:00:00 AM,Sunday,Keele stn,Late Leaving Garage,10,20,n,1583
2017/01/29,63,8:01:00 AM,Sunday,Shaw / King,Investigation,10,20,s,1059
2017/01/29,129,8:07:00 AM,Sunday,Major Mac - Ridgecrest,Late Leaving Garage,1,50,S,1101
2017/01/29,22,8:09:00 AM,Sunday,Bingham Loop,Mechanical,10,20,W/B,7883
2017/01/29,38,8:12:00 AM,Sunday,Rouge Go Station,Mechanical,12,24,W,1761
2017/01/29,123,8:14:00 AM,Sunday,long Branch loop,Mechanical,20,40,n,7969
2017/01/29,87,8:15:00 AM,Sunday,Main stn,Utilized Off Route,10,20,n/b,7871
2017/01/29,113,8:16:00 AM,Sunday,Birchmount and Danforth,Mechanical,24,48,E/B,8156
2017/01/29,46,8:32:00 AM,Sunday,Steeles Loop,Late Leaving Garage,16,32,SB,8557
2017/01/29,29,8:35:00 AM,Sunday,Wilson Station,Late Leaving Garage,6,12,s,9018
2017/01/29,87,8:39:00 AM,Sunday,Main stn,Mechanical,10,20,n/b,7871
2017/01/29,185,8:45:00 AM,Sunday,Don Mills and Legato crt (N of Lawrence),Mechanical,10,20,N/B,7502
2017/01/29,7,8:49:00 AM,Sunday,Village Gate and Steeles,Mechanical,10,20,s,9022
2017/01/29,73,9:02:00 AM,Sunday,Weston Rd at Dee Ave,Investigation,29,58,s/b,7912
2017/01/29,90,9:30:00 AM,Sunday,St.Clair W Station,Mechanical,12,24,N,8206
2017/01/29,54,9:34:00 AM,Sunday,Orton Park and Brimorton,Late Leaving Garage,15,30,W/B,7468
2017/01/29,66,10:30:00 AM,Sunday,Old Mill Stn,Mechanical,20,40,s/b,7904
2017/01/29,11,10:39:00 AM,Sunday,Davisville stn,Mechanical,15,30,n,1385
2017/01/29,29,10:47:00 AM,Sunday,Wilson Station,Mechanical,6,12,s,9002
2017/01/29,29,10:47:00 AM,Sunday,Dufferin and Dundas,Mechanical,6,12,s,8209
2017/01/29,87,11:55:00 AM,Sunday,Main Station,Mechanical,10,20,W,7779
2017/01/29,125,11:56:00 AM,Sunday,Bathurst and Antibies,Mechanical,15,30,W,8182
2017/01/29,52,12:13:00 PM,Sunday,Lawrence and Jane,Mechanical,7,14,E,1543
2017/01/29,87,12:25:00 PM,Sunday,Main Stn,Utilized Off Route,10,20,NB,7770
2017/01/29,63,12:27:00 PM,Sunday,Oakwood / Rogers,Investigation,7,13,s,1617
2017/01/29,121,12:38:00 PM,Sunday,Spadina and Bremier Blvd,Mechanical,15,30,W,7736
2017/01/29,24,12:46:00 PM,Sunday,Victoria Park,Late Leaving Garage,9,18,NB,7731
2017/01/29,53,1:36:00 PM,Sunday,Finch Station,Late Leaving Garage,24,48,eb,1716
2017/01/29,192,1:37:00 PM,Sunday,Kipling Stn,Mechanical,8,17,n,8006
2017/01/29,95,1:38:00 PM,Sunday,Ellesmere and Brimley,Mechanical,14,34,E/B,1723
2017/01/29,121,2:00:00 PM,Sunday,Blue Jays Way,General Delay,15,1,BW,
2017/01/29,86,2:25:00 PM,Sunday,Eglinton & Bellamy,Mechanical,8,15,up,7542
2017/01/29,41,3:04:00 PM,Sunday,Keele and lawrence,Emergency Services,10,19,N,1287
2017/01/29,97,3:15:00 PM,Sunday,Yonge / Eglinton,Investigation,30,60,s,8189
2017/01/29,43,3:25:00 PM,Sunday,Kennedy STN,Mechanical,10,20,N,7523
2017/01/29,7,3:38:00 PM,Sunday,Bathurst station,Mechanical,8,15,N,9025
2017/01/29,87,3:45:00 PM,Sunday,Main Station,Utilized Off Route,10,20,W,7812
2017/01/29,23,3:50:00 PM,Sunday,Main Station,Mechanical,10,20,N,8139
2017/01/29,125,3:59:00 PM,Sunday,Antebes And Bathurst.,Mechanical,15,30,s/b,8182
2017/01/29,52,4:30:00 PM,Sunday,Dixon and Islington.,Emergency Services,33,42,E/B,
2017/01/29,102,4:30:00 PM,Sunday,Warden Station,Mechanical,60,120,N/B,8110
2017/01/29,113,4:42:00 PM,Sunday,Kennedy Station,Mechanical,20,40,SB,8153
2017/01/29,121,4:52:00 PM,Sunday,Navy Wharf and Bremner,Investigation,15,30,EB,8138
2017/01/29,34,6:26:00 PM,Sunday,Eglinton and Brentcliffe,Mechanical,9,19,E,7435
2017/01/29,54,6:32:00 PM,Sunday,Eglinton Stn,Investigation,16,32,EB,7702
2017/01/29,97,6:54:00 PM,Sunday,Younge/Drewery,Mechanical,30,60,s/b,1829
2017/01/29,98,7:41:00 PM,Sunday,Yonge And Sheppard,Diversion,1,1,e/b,8391
2017/01/29,60,7:45:00 PM,Sunday,Hilda,Investigation,5,10,e,8437
2017/01/29,85,7:50:00 PM,Sunday,Yonge and Sheppard,Diversion,15,35,WB,1741
2017/01/29,51,7:50:00 PM,Sunday,Eglinton/Hoyle,Mechanical,30,60,E/B,8340
2017/01/29,7,8:11:00 PM,Sunday,Steeles,Mechanical,9,17,S,8337
2017/01/29,53,8:25:00 PM,Sunday,Warden Av-Steels Av,Diversion,7,32,WB,1704
2017/01/29,196,8:59:00 PM,Sunday,Downsview Station,Mechanical,12,24,N,1702
2017/01/29,102,9:30:00 PM,Sunday,Warden Station,Mechanical,10,20,EB,7772
2017/01/29,72,9:57:00 PM,Sunday,Pape Ave and Danforth Ave,Mechanical,18,36,SB,7855
2017/01/29,12,10:00:00 PM,Sunday,Kennedy Station,Mechanical,50,110,EB,7724
2017/01/29,54,10:13:00 PM,Sunday,Lawrence Ave and Scarborough Golf Club Road,Mechanical,19,38,WB,7561
2017/01/29,72,10:17:00 PM,Sunday,Queen St East and Pape Ave,Utilized Off Route,18,36,NB,8113
2017/01/29,60,10:33:00 PM,Sunday,Steeles & Village gate,Investigation,20,40,E,8499
2017/01/29,53,11:00:00 PM,Sunday,Steele Ave East at Middlefield Rd,Mechanical,24,46,E,1704
2017/01/29,168,11:15:00 PM,Sunday,"On Old Weston Rd., at St. Clair Ave.",Investigation,12,24,N,8095
2017/01/29,81,11:36:00 PM,Sunday,Thorncliffe Park and Mile Post Place,Mechanical,12,24,EB,8116
2017/01/29,106,11:42:00 PM,Sunday,Not Tracking,Mechanical,0,0,S/b,8555
2017/01/29,22,11:57:00 PM,Sunday,Woodbine Ave and Kingston Rd,Diversion,10,20,WB,7426
2017/01/30,84,12:04:00 AM,Monday,Downsview Station,Utilized Off Route,10,20,E/b,8522
2017/01/30,76,12:05:00 AM,Monday,Lakeshore/Mimico,Utilized Off Route,10,20,s/b,7971
2017/01/30,45,12:18:00 AM,Monday,Kipling stnb,Mechanical,10,20,s/b,8061
2017/01/30,102,12:20:00 AM,Monday,Warden Station,Mechanical,10,20,,7786
2017/01/30,97,12:20:00 AM,Monday,Eglinton/Yonge,Mechanical,30,60,w,1377
2017/01/30,134,12:29:00 AM,Monday,TAPSCOTT AND CROWTRAIL,Emergency Services,22,44,S,1725
2017/01/30,102,12:31:00 AM,Monday,Markham Road and Eglinton Ave East,Mechanical,10,20,NB,8170
2017/01/30,43,12:45:00 AM,Monday,Kennedy Station,Mechanical,10,20,NB,7596
2017/01/30,133,12:51:00 AM,Monday,STC,Utilized Off Route,13,26,E,1709
2017/01/30,95,1:18:00 AM,Monday,ELLESMERE AND MARKHAM,Mechanical,10,20,W,1213
2017/01/30,385,2:27:00 AM,Monday,SHEPPARD AND McCOWAN,Investigation,30,60,W,1754
2017/01/30,341,3:21:00 AM,Monday,Keele & Dovehouse,Diversion,24,54,BW,
2017/01/30,131,3:31:00 AM,Monday,Kennedy Stn,Mechanical,9,17,NB,1097
2017/01/30,336,4:01:00 AM,Monday,Finch w & Yonge,Mechanical,30,60,W,1109
2017/01/30,325,4:32:00 AM,Monday,EAPA,Mechanical,30,60,N,7469
2017/01/30,87,5:02:00 AM,Monday,main stn,Late Leaving Garage,5,10,wb,8106
2017/01/30,87,5:08:00 AM,Monday,broadview stn,Late Leaving Garage,5,10,eb,7725
2017/01/30,24,5:21:00 AM,Monday,BINGHAM LOOP,Late Leaving Garage,18,50,N,7813
2017/01/30,57,5:33:00 AM,Monday,MIDLAND AND STEELES.,Late Leaving Garage,8,16,SB,7742
2017/01/30,116,5:33:00 AM,Monday,Kennedy Station,Late Leaving Garage,12,24,EB,7610
2017/01/30,39,5:37:00 AM,Monday,Finch - Baldoon,Late Leaving Garage,5,7,E,1086
2017/01/30,25,5:50:00 AM,Monday,Don Mills and Duncan Mills,Mechanical,6,9,S/B,7415
2017/01/30,47,5:53:00 AM,Monday,Queen and Lansdown,Utilized Off Route,4,9,N/B,1067
2017/01/30,86,5:58:00 AM,Monday,Kennedy Station,Late Leaving Garage,8,13,EB,7548
2017/01/30,74,5:59:00 AM,Monday,St Clair Station,Late Leaving Garage,17,34,N,8201
2017/01/30,52,5:59:00 AM,Monday,Lawrence stn,Mechanical,18,36,w,1412
2017/01/30,45,6:00:00 AM,Monday,Kipling Stn,Utilized Off Route,20,41,n,8023
2017/01/30,85,6:01:00 AM,Monday,Rouge Hill Go Station,Late Leaving Garage,9,21,w,9093
2017/01/30,127,6:02:00 AM,Monday,Spadina Station,Late Leaving Garage,17,34,W/B,1593
2017/01/30,88,6:12:00 AM,Monday,St Clair Station,Late Leaving Garage,12,24,S,1534
2017/01/30,52,6:14:00 AM,Monday,Lawrence stn,Mechanical,3,6,w,1253
2017/01/30,100,6:20:00 AM,Monday,Don Mills Eglinton ave,Mechanical,1,1,sb,7440
2017/01/30,191,6:24:00 AM,Monday,Royalcrest,Late Leaving Garage,6,12,Nb,7946
2017/01/30,122,6:26:00 AM,Monday,Roywood and Underpass Gate,Mechanical,12,20,E,8388
2017/01/30,6,6:29:00 AM,Monday,Bedford and Dupont,Mechanical,8,19,SB,1556
2017/01/30,111,6:30:00 AM,Monday,KIPLING STN,Late Leaving Garage,10,20,N,7949
2017/01/30,60,6:30:00 AM,Monday,Dufferin & Steeles,Investigation,14,23,WB,8473
2017/01/30,81,6:31:00 AM,Monday,pape stn,Mechanical,5,10,nb,7736
2017/01/30,195,6:35:00 AM,Monday,Jane and Steeles,Late Leaving Garage,8,17,S,7978
2017/01/30,127,6:42:00 AM,Monday,Townsley Loop,Mechanical,17,36,e,1596
2017/01/30,89,6:45:00 AM,Monday,Albion / Weston,Late Leaving Garage,5,10,s,1653
2017/01/30,199,6:47:00 AM,Monday,Scar Town Centre Station,Late Leaving Garage,8,11,W,1738
2017/01/30,134,6:50:00 AM,Monday,STC,Mechanical,24,46,E,1707
2017/01/30,42,6:50:00 AM,Monday,Finch Station,Late Leaving Garage,12,24,E,1677
2017/01/30,45,6:52:00 AM,Monday,Steeles loop,Mechanical,6,12,s,8099
2017/01/30,54,6:53:00 AM,Monday,Orton park Lawrence ave,Emergency Services,9,18,wb,7534
2017/01/30,89,6:54:00 AM,Monday,Albion / Weston,Utilized Off Route,5,10,s,1005
2017/01/30,165,6:55:00 AM,Monday,weston at finch,Investigation,6,12,n,8468
2017/01/30,85,6:56:00 AM,Monday,Sheppard and Mccowan,Mechanical,7,13,w,9080
2017/01/30,134,6:57:00 AM,Monday,STC,Utilized Off Route,0,6,E,1729
2017/01/30,126,7:00:00 AM,Monday,St Clair west station,Emergency Services,17,34,sb,1416
2017/01/30,134,7:03:00 AM,Monday,STC,Late Leaving Garage,6,12,E,1742
2017/01/30,186,7:05:00 AM,Monday,Humber College,Investigation,10,20,e,8534
2017/01/30,198,7:08:00 AM,Monday,Scarborough college loop,Mechanical,10,20,WB,7438
2017/01/30,90,7:10:00 AM,Monday,St.Clair West station,Diversion,12,16,n,8189
2017/01/30,6,7:13:00 AM,Monday,Bedford and Dupont,Late Leaving Garage,4,8,sb,1387
2017/01/30,199,7:13:00 AM,Monday,Mornignside-Nightstar,Late Leaving Garage,8,16,W,1229
2017/01/30,39,7:15:00 AM,Monday,Finch Station,Mechanical,9,18,E,1130
2017/01/30,33,7:15:00 AM,Monday,St.Clair West Station,Diversion,22,42,N,8372
2017/01/30,199,7:17:00 AM,Monday,Scar Town Centre Station,Late Leaving Garage,12,23,W,1141
2017/01/30,56,7:26:00 AM,Monday,Eglinton Station,Late Leaving Garage,9,24,E,8193
2017/01/30,124,7:37:00 AM,Monday,Sunnybrook Hospital,Mechanical,5,10,W,8204
2017/01/30,95,7:52:00 AM,Monday,York Mills and Silverdale,Mechanical,8,15,E,1100
2017/01/30,45,7:55:00 AM,Monday,Kipling /John Garland,Mechanical,6,12,n,8078
2017/01/30,45,8:19:00 AM,Monday,Kipling Stn,Emergency Services,6,12,n,8417
2017/01/30,198,8:26:00 AM,Monday,Kingston/Saunders,Mechanical,10,20,WB,7438
2017/01/30,41,8:33:00 AM,Monday,York University / Keele,Utilized Off Route,15,30,s,1620
2017/01/30,196,8:42:00 AM,Monday,Downsview Stn,Utilized Off Route,3,5,W/B,8364
2017/01/30,90,9:00:00 AM,Monday,St Clair W Stn,Utilized Off Route,4,8,n,1789
2017/01/30,29,9:19:00 AM,Monday,Princes Gates,Mechanical,5,10,n,9014
2017/01/30,45,9:24:00 AM,Monday,Belfield / Brockport,Investigation,22,44,n,8013
2017/01/30,89,9:41:00 AM,Monday,Weston / Walsh,Mechanical,10,19,n,1055
2017/01/30,68,9:57:00 AM,Monday,Warden ave Hunttingwood ave,Investigation,10,20,sb,7641
2017/01/30,53,9:59:00 AM,Monday,Steeles &  Midland,Mechanical,5,10,E,1125
2017/01/30,45,10:00:00 AM,Monday,Kipling Stn,Utilized Off Route,10,20,n,7911
2017/01/30,26,10:17:00 AM,Monday,Jane and Annette,Mechanical,20,40,SB,1654
2017/01/30,26,10:17:00 AM,Monday,Jane and Baby point,Mechanical,20,40,SB,1654
2017/01/30,116,10:25:00 AM,Monday,2466 eglinton Ave.E.,Mechanical,10,20,WB,7634
2017/01/30,185,10:36:00 AM,Monday,Don Mills STN,Mechanical,10,20,S/B,7099
2017/01/30,44,10:40:00 AM,Monday,Kipling / Horner,Diversion,51,44,BW's,7943
2017/01/30,75,10:42:00 AM,Monday,Jarvis and Lakeshore,Diversion,5,12,n,1810
2017/01/30,110,10:50:00 AM,Monday,kipling Ave at Horner Ave,Diversion,53,71,w/b,8083
2017/01/30,35,10:51:00 AM,Monday,Sheppard,Mechanical,20,40,S,7940
2017/01/30,39,10:58:00 AM,Monday,Finch - Dudley,Mechanical,7,20,W,1734
2017/01/30,42,11:00:00 AM,Monday,Finch Station,Mechanical,27,54,E,8308
2017/01/30,188,11:00:00 AM,Monday,KIPLING STN,Mechanical,7,14,s/b,8415
2017/01/30,44,11:00:00 AM,Monday,Kipling / Horner,General Delay,10,16,BW's,7906
2017/01/30,188,11:00:00 AM,Monday,entire route,General Delay,7,20,b/w,
2017/01/30,12,11:14:00 AM,Monday,VICTORIA PARK STN,Mechanical,20,40,NB,8126
2017/01/30,199,11:32:00 AM,Monday,Scar Town Centre Station,Mechanical,8,12,W,1402
2017/01/30,102,11:35:00 AM,Monday,Midland and Kingston,Mechanical,10,20,NB,7804
2017/01/30,102,11:35:00 AM,Monday,Brimley and St Clair,Mechanical,30,60,NB,7804
2017/01/30,118,12:30:00 PM,Monday,Wilson Stn.,Mechanical,25,50,w,8460
2017/01/30,95,12:31:00 PM,Monday,U of T scarborough Loop,Mechanical,15,30,W,1758
2017/01/30,32,12:44:00 PM,Monday,Skymark Ave. / Commerce Blvd,Investigation,9,18,EB,1598
2017/01/30,29,1:05:00 PM,Monday,Homedale Rd on Dufferin,Investigation,5,10,s/b,9004
2017/01/30,52,1:15:00 PM,Monday,Jane and Lawrence,Mechanical,13,26,e/b,1045
2017/01/30,52,1:45:00 PM,Monday,Jane and Lawrence,Mechanical,13,26,e/b,1034
2017/01/30,52,1:48:00 PM,Monday,Lawrence stn,Utilized Off Route,13,26,w/b,1035
2017/01/30,192,1:48:00 PM,Monday,T3,Mechanical,10,20,s,8010
2017/01/30,108,1:49:00 PM,Monday,Jane and Driftwood,Mechanical,9,18,S,1332
2017/01/30,54,1:55:00 PM,Monday,OTBR,Investigation,13,26,E,7525
2017/01/30,24,2:00:00 PM,Monday,Victoria Park Station,Mechanical,10,20,NB,7829
2017/01/30,84,2:06:00 PM,Monday,WEBR,Mechanical,8,16,E,8576
2017/01/30,95,2:13:00 PM,Monday,Kingston Road and Ellesmere,Mechanical,15,30,W/B,1261
2017/01/30,52,2:14:00 PM,Monday,Lawrence stn,Utilized Off Route,13,26,w/b,1525
2017/01/30,78,2:17:00 PM,Monday,Fifeshire Rd and Carluke Cres.,Mechanical,30,60,s/b,8314
2017/01/30,165,2:17:00 PM,Monday,Weston and Finch,Late Leaving Garage,1,49,N,8567
2017/01/30,76,2:21:00 PM,Monday,Lakeshore and mimico,Mechanical,9,18,n/b,7956
2017/01/30,84,2:28:00 PM,Monday,St.Basil's,Late Leaving Garage,1,1,E,1574
2017/01/30,23,2:32:00 PM,Monday,Main Station,Late Leaving Garage,7,14,N,7747
2017/01/30,190,2:33:00 PM,Monday,Midland Ave /Sheppard Ave E,Emergency Services,10,20,WB,7486
2017/01/30,29,2:33:00 PM,Monday,Wilson Station,Mechanical,4,9,s/b,9028
2017/01/30,65,2:36:00 PM,Monday,Castlefrank Station,Late Leaving Garage,9,18,S,7841
2017/01/30,52,2:39:00 PM,Monday,Lawrence stn,Late Leaving Garage,15,27,e/b,1590
2017/01/30,7,2:40:00 PM,Monday,Bathurst and Wilson,Mechanical,8,16,N,9023
2017/01/30,12,2:43:00 PM,Monday,Victoria Park Station,Late Leaving Garage,14,28,EB,7798
2017/01/30,81,2:43:00 PM,Monday,Pape Station,Late Leaving Garage,8,16,NB,7776
2017/01/30,109,2:46:00 PM,Monday,Eglinton West station,Mechanical,14,28,N,1684
2017/01/30,161,2:48:00 PM,Monday,Lambton and Jane,Late Leaving Garage,8,18,E,1233
2017/01/30,96,2:50:00 PM,Monday,MDNA - Madonna School Trip,Late Leaving Garage,5,10,W,9132
2017/01/30,87,2:53:00 PM,Monday,Broadview Station,Late Leaving Garage,6,12,E,7810
2017/01/30,20,3:00:00 PM,Monday,Main Station,Late Leaving Garage,14,28,EB,8126
2017/01/30,709,3:01:00 PM,Monday,Mt. Dennis Garage,Late Leaving Garage,1,1,EB,1009
2017/01/30,709,3:01:00 PM,Monday,Mt. Dennis Garage,Late Leaving Garage,1,1,EB,1614
2017/01/30,709,3:01:00 PM,Monday,Mt. Dennis Garage,Late Leaving Garage,1,1,EB,1004
2017/01/30,96,3:03:00 PM,Monday,Carrier Loop,Late Leaving Garage,24,32,E,1243
2017/01/30,16,3:04:00 PM,Monday,SB Lawrence and McCowan,Late Leaving Garage,8,16,NB,7804
2017/01/30,54,3:04:00 PM,Monday,Garage,Late Leaving Garage,18,31,E,7609
2017/01/30,46,3:05:00 PM,Monday,SLPM - Steeles / Martin Grove loop,Mechanical,10,25,S,8442
2017/01/30,87,3:05:00 PM,Monday,Main Station,Utilized Off Route,6,12,W,8145
2017/01/30,62,3:06:00 PM,Monday,Broadview Station,Late Leaving Garage,15,30,E,8144
2017/01/30,125,3:07:00 PM,Monday,Bathurst/Antibes,Late Leaving Garage,5,10,EB,8371
2017/01/30,57,3:08:00 PM,Monday,Midland and Steeles,Late Leaving Garage,8,16,SB,7812
2017/01/30,53,3:09:00 PM,Monday,Brebeuf Coll and Steeles Av,Late Leaving Garage,4,4,eb,9098
2017/01/30,24,3:09:00 PM,Monday,Victoria Park & Steeles,Diversion,10,83,BW,
2017/01/30,102,3:13:00 PM,Monday,Warden Stn,Late Leaving Garage,5,10,NB,8125
2017/01/30,143,3:15:00 PM,Monday,Adelaide and George Street,Diversion,1,1,EB,
2017/01/30,72,3:15:00 PM,Monday,Front and Bay,Late Leaving Garage,14,28,EB,8146
2017/01/30,67,3:18:00 PM,Monday,Pharmacy & Ellesmere,Mechanical,12,27,up,7668
2017/01/30,105,3:18:00 PM,Monday,Downsview stn.,Mechanical,12,24,n,1811
2017/01/30,41,3:22:00 PM,Monday,Dundas and Keele,Mechanical,19,1,E,1041
2017/01/30,105,3:22:00 PM,Monday,Steeles,Mechanical,20,40,s,1534
2017/01/30,95,3:23:00 PM,Monday,Kingston Rd Cul Du Sac,Mechanical,9,18,W,1723
2017/01/30,106,3:24:00 PM,Monday,Finch and Sentinel,Investigation,6,12,S/B,9038
2017/01/30,35,3:25:00 PM,Monday,JNST,Late Leaving Garage,15,30,N,
2017/01/30,24,3:26:00 PM,Monday,Victoria Park Station,Late Leaving Garage,20,37,nb,7811
2017/01/30,6,3:26:00 PM,Monday,Davenport and Yonge,Late Leaving Garage,11,22,s,1019
2017/01/30,29,3:33:00 PM,Monday,Princess Gate,Mechanical,5,11,n/b,9041
2017/01/30,52,3:35:00 PM,Monday,Airport Terminal 1,Late Leaving Garage,11,17,e/b,1074
2017/01/30,52,3:38:00 PM,Monday,Weston and Lawrence west,Late Leaving Garage,5,5,e/b,1650
2017/01/30,22,3:39:00 PM,Monday,Eastern Ave /Coxwell Ave,Diversion,8,16,WB,7617
2017/01/30,195,3:39:00 PM,Monday,Commons,Mechanical,10,20,S,8485
2017/01/30,102,3:40:00 PM,Monday,Green Cedar,Emergency Services,4,8,sb,7819
2017/01/30,53,3:40:00 PM,Monday,Morningside and Staines,Late Leaving Garage,15,30,wb,9087
2017/01/30,52,3:43:00 PM,Monday,Weston and Lawrence west,Late Leaving Garage,5,5,e/b,1638
2017/01/30,24,3:43:00 PM,Monday,Victoria Park Station,Late Leaving Garage,1,1,NB,8136
2017/01/30,24,3:43:00 PM,Monday,Victoria Park & Steeles,Late Leaving Garage,9,17,SB,7866
2017/01/30,199,3:50:00 PM,Monday,Kenneth Ave and Finch ave E,Investigation,4,12,e,1767
2017/01/30,46,3:50:00 PM,Monday,Kipling station,Late Leaving Garage,10,20,N,1284
2017/01/30,52,3:51:00 PM,Monday,Airport Terminal 1,Late Leaving Garage,11,16,e/b,1583
2017/01/30,52,3:54:00 PM,Monday,Lawrence west stn,Late Leaving Garage,11,22,w/b,1604
2017/01/30,95,3:57:00 PM,Monday,Ellesmere Rd at OPP426,Mechanical,5,10,W,1723
2017/01/30,63,4:03:00 PM,Monday,Eglinton West and Allen Rd,General Delay,11,21,s,1013
2017/01/30,41,4:04:00 PM,Monday,York U Commons,Late Leaving Garage,14,29,S,1354
2017/01/30,195,4:16:00 PM,Monday,Woolner,Emergency Services,10,20,N,7916
2017/01/30,17,4:21:00 PM,Monday,Warden Station,Mechanical,8,16,,7714
2017/01/30,167,4:24:00 PM,Monday,Don Mills Station,Mechanical,24,34,NB,8168
2017/01/30,167,4:24:00 PM,Monday,Don Mills Station,Mechanical,24,34,NB,8168
2017/01/30,161,4:36:00 PM,Monday,Oakwood and St. Clair,Emergency Services,11,22,N,1548
2017/01/30,54,4:45:00 PM,Monday,ESTN,Mechanical,19,29,E,7489
2017/01/30,133,4:52:00 PM,Monday,Scarborough Town Center RT Station,Mechanical,7,14,SB,1771
2017/01/30,52,4:55:00 PM,Monday,Lawrence stn,Investigation,11,22,w/b,1551
2017/01/30,115,4:55:00 PM,Monday,York Mills and Bayview Ave.,Mechanical,20,40,w/b,1374
2017/01/30,196,4:57:00 PM,Monday,Finch,Investigation,3,6,s,9021
2017/01/30,196,5:10:00 PM,Monday,Downsview stn,Utilized Off Route,2,4,n,1347
2017/01/30,84,5:20:00 PM,Monday,Bathurst and Sheppard,Investigation,12,24,W/B,8591
2017/01/30,76,5:25:00 PM,Monday,Royal York Stn,Mechanical,5,10,s/b,8082
2017/01/30,100,5:30:00 PM,Monday,Broadview & Cosburn,Mechanical,5,11,up,7429
2017/01/30,95,5:33:00 PM,Monday,Kingston Rd Cul Du Sac,Mechanical,9,18,W,1221
2017/01/30,29,5:36:00 PM,Monday,Tycos,Mechanical,10,19,s/b,9030
2017/01/30,21,5:44:00 PM,Monday,Brimley and OPP1750,Investigation,9,18,NB,7872
2017/01/30,54,6:07:00 PM,Monday,Lawrence and Fortune gate,Investigation,10,21,W,7487
2017/01/30,38,6:08:00 PM,Monday,Scarborough Town Center RT Station,Mechanical,12,24,EB,1215
2017/01/30,23,6:34:00 PM,Monday,Rexleigh Dr and Ferris Road,Diversion,132,140,N,7837
2017/01/30,165,6:46:00 PM,Monday,Weston and Finch,Mechanical,16,24,N,8556
2017/01/30,100,7:06:00 PM,Monday,Broadview station,Utilized Off Route,6,11,up,7581
2017/01/30,25,7:06:00 PM,Monday,Overlea Blvd and Millwood Rd,Investigation,6,12,SB,7456
2017/01/30,24,7:09:00 PM,Monday,Victoria Park Station,Utilized Off Route,1,1,N,7772
2017/01/30,113,7:09:00 PM,Monday,Danforth Rd & Mack Ave,Mechanical,15,38,NB,7789
2017/01/30,23,7:12:00 PM,Monday,S.Clair and Victoria Park,Mechanical,8,16,S,8121
2017/01/30,94,7:15:00 PM,Monday,Castlefrank Station,Utilized Off Route,9,18,W,8108
2017/01/30,87,7:25:00 PM,Monday,Main Station,Utilized Off Route,10,20,W,8127
2017/01/30,191,7:38:00 PM,Monday,Bloor West Bridge and hwy 427,Diversion,1,1,N/B,8443
2017/01/30,20,7:44:00 PM,Monday,Kennedy Station,Mechanical,21,42,,8135
2017/01/30,29,7:55:00 PM,Monday,Exhibition Loop,Mechanical,6,12,n/b,9024
2017/01/30,39,8:12:00 PM,Monday,Birchmount and Finch,Mechanical,16,32,w,1770
2017/01/30,87,8:25:00 PM,Monday,Main Station,Utilized Off Route,10,20,,8155
2017/01/30,41,8:30:00 PM,Monday,Keele and St. Regis,Investigation,15,27,N,1653
2017/01/30,63,8:34:00 PM,Monday,Robina and St.Clair Ave,Mechanical,10,20,S/B,1630
2017/01/30,79,8:40:00 PM,Monday,Richview and Scarlett,Mechanical,24,48,N,1515
2017/01/30,39,8:44:00 PM,Monday,FSTN,Utilized Off Route,16,32,e,1083
2017/01/30,161,8:58:00 PM,Monday,Humber and Louvain,Emergency Services,12,24,E,1233
2017/01/30,165,9:00:00 PM,Monday,Weston and Finch,Mechanical,9,19,w,8606
2017/01/30,129,9:11:00 PM,Monday,Steele's Loop at McCowan Road,Mechanical,12,18,SB,9076
2017/01/30,16,9:13:00 PM,Monday,Danforth Rd and Horton Blvd,Mechanical,11,22,S,7823
2017/01/30,199,9:15:00 PM,Monday,York boulevard at Ian McDonald Boulevard,Mechanical,13,26,WB,1212
2017/01/30,63,9:42:00 PM,Monday,Ossington Station,Investigation,10,20,N/B,1634
2017/01/30,32,9:43:00 PM,Monday,Eglinton West Station,Mechanical,10,20,E/B,1007
2017/01/30,37,10:42:00 PM,Monday,Rexdale/Precision,Mechanical,26,49,e/b,8402
2017/01/30,24,11:25:00 PM,Monday,Victoria Park Station,Mechanical,10,20,,7803
2017/01/30,87,11:35:00 PM,Monday,Main Station,Utilized Off Route,10,20,,8127
2017/01/30,47,11:42:00 PM,Monday,Earlscourt Loop,Mechanical,20,40,S/B,1568
2017/01/30,66,11:49:00 PM,Monday,Humber loop,Mechanical,30,60,s/b,8410
2017/01/30,126,11:49:00 PM,Monday,St. Clair West Station,Mechanical,30,60,E/B,1054
2017/01/30,63,11:50:00 PM,Monday,Ossington Station,Utilized Off Route,10,20,N/B,1345
2017/01/31,61,12:20:00 AM,Tuesday,Eglinton Stn,Mechanical,30,60,NB,8201
2017/01/31,52,12:30:00 AM,Tuesday,Lawrence and Marlee,Investigation,18,36,W/B,1411
2017/01/31,34,12:34:00 AM,Tuesday,Credit Union Dr. and Eglinton,Mechanical,10,20,eb,7591
2017/01/31,21,1:12:00 AM,Tuesday,Deerfield Road,Mechanical,26,52,sb,8139
2017/01/31,300,3:28:00 AM,Tuesday,DANFORTH RD AND WARDEN,Emergency Services,20,40,W,8005
2017/01/31,41,4:46:00 AM,Tuesday,Canarctic and Keele,Diversion,16,16,S/B,
2017/01/31,168,4:48:00 AM,Tuesday,Evans & Islington,Mechanical,10,20,E,8415
2017/01/31,85,4:58:00 AM,Tuesday,Meadowvale Loop,Late Leaving Garage,15,30,w,9065
2017/01/31,41,5:05:00 AM,Tuesday,Keele Station,Late Leaving Garage,12,32,N/B,9149
2017/01/31,34,5:22:00 AM,Tuesday,Eglinton Yard,Late Leaving Garage,1,1,OB,7540
2017/01/31,116,5:26:00 AM,Tuesday,Eglinton Yard,Late Leaving Garage,1,1,OB,7402
2017/01/31,7,5:36:00 AM,Tuesday,Villagegate,Mechanical,26,50,S/B,9014
2017/01/31,7,5:44:00 AM,Tuesday,Bathurst and wilson,Mechanical,8,16,S,9030
2017/01/31,42,5:44:00 AM,Tuesday,Kennedy Loop at McNicoll,Late Leaving Garage,1,1,WB,8341
2017/01/31,41,5:47:00 AM,Tuesday,Petrolia and canartic,Mechanical,9,19,SB,9139
2017/01/31,165,5:50:00 AM,Tuesday,Wilson stn,Mechanical,15,58,w,1337
2017/01/31,113,5:53:00 AM,Tuesday,MAIN STATIN,Late Leaving Garage,13,26,E,8111
2017/01/31,23,5:55:00 AM,Tuesday,Main Stn,Late Leaving Garage,12,24,NB,7833
2017/01/31,60,6:00:00 AM,Tuesday,Keele St and Steeles Ave West,Late Leaving Garage,10,20,E,8467
2017/01/31,53,6:02:00 AM,Tuesday,Morningside and Staines,Late Leaving Garage,13,26,w,9080
2017/01/31,116,6:07:00 AM,Tuesday,Kennedy Stn,Utilized Off Route,12,24,N,7448
2017/01/31,90,6:10:00 AM,Tuesday,Oakwood and Vaughan,Late Leaving Garage,5,10,s/b,1680
2017/01/31,91,6:10:00 AM,Tuesday,Woodbine station,Late Leaving Garage,12,24,nb,8150
2017/01/31,52,6:11:00 AM,Tuesday,Lawrence stn,Late Leaving Garage,6,18,w,1074
2017/01/31,100,6:12:00 AM,Tuesday,Erindale and Broadview,Mechanical,4,8,NB,7474
2017/01/31,85,6:14:00 AM,Tuesday,Rouge Hill Go Station,Late Leaving Garage,6,19,w,9079
2017/01/31,52,6:17:00 AM,Tuesday,Royal York and Dixon,Late Leaving Garage,3,6,e,1012
2017/01/31,32,6:17:00 AM,Tuesday,Skymark and Commerce,Mechanical,6,11,E/B,1305
2017/01/31,34,6:21:00 AM,Tuesday,Kennedy Stn,Mechanical,4,8,W,7691
2017/01/31,32,6:21:00 AM,Tuesday,Emmett and Eglinton,Late Leaving Garage,10,21,E/B,1592
2017/01/31,29,6:27:00 AM,Tuesday,Lansdown and Tycos,Mechanical,9,18,s,9034
2017/01/31,199,6:28:00 AM,Tuesday,Finch Station,Late Leaving Garage,10,20,E,1222
2017/01/31,53,6:30:00 AM,Tuesday,Finch Station,Late Leaving Garage,13,26,e,9074
2017/01/31,102,6:37:00 AM,Tuesday,warden stn,Late Leaving Garage,10,20,nb,8130
2017/01/31,29,6:45:00 AM,Tuesday,Lansdown and Tycos,Mechanical,5,10,s,9003
2017/01/31,63,6:46:00 AM,Tuesday,Eglinton west station,Emergency Services,4,8,SB,1612
2017/01/31,89,6:50:00 AM,Tuesday,Weston / Albion,Mechanical,5,9,n,1075
2017/01/31,95,6:50:00 AM,Tuesday,Ellesmere RT Station,Late Leaving Garage,7,14,WB,8307
2017/01/31,143,7:00:00 AM,Tuesday,Neville Loop,Late Leaving Garage,1,1,eb,8103
2017/01/31,6,7:13:00 AM,Tuesday,Bedford and daveport,Late Leaving Garage,4,8,SB,1634
2017/01/31,95,7:15:00 AM,Tuesday,York Mills & Brookbanks,Mechanical,7,14,WB,1137
2017/01/31,6,7:21:00 AM,Tuesday,Bedford and davenport,Late Leaving Garage,4,8,SB,1582
2017/01/31,63,7:22:00 AM,Tuesday,East liberty and Atlantic,Mechanical,4,12,NB,1029
2017/01/31,42,7:25:00 AM,Tuesday,Finch Station,Mechanical,25,50,EB,8318
2017/01/31,32,7:26:00 AM,Tuesday,Eglinton and Municipal Dr.,Investigation,6,11,W/B,1576
2017/01/31,54,7:30:00 AM,Tuesday,Lawrence Scarbough Golf rd,Mechanical,6,12,wb,7429
2017/01/31,73,7:32:00 AM,Tuesday,SUMMITCREST AND ROYAL YORK,Mechanical,15,30,n/b,8058
2017/01/31,95,7:39:00 AM,Tuesday,Ellesmere RT Station,Mechanical,7,14,WB,1216
2017/01/31,196,7:40:00 AM,Tuesday,Sheppard-Yonge Station,Utilized Off Route,8,16,WB,1823
2017/01/31,190,7:42:00 AM,Tuesday,Don Mills Station,Mechanical,5,10,EB,7598
2017/01/31,95,8:15:00 AM,Tuesday,Ellesmere Helicon Gate,Mechanical,7,14,WB,1708
2017/01/31,131,8:30:00 AM,Tuesday,Scarborough Town center,Utilized Off Route,7,15,E,1777
2017/01/31,29,8:55:00 AM,Tuesday,Springhurst loop,Mechanical,5,10,s,8363
2017/01/31,196,8:55:00 AM,Tuesday,Downsview Stn,Mechanical,7,15,E/B,9042
2017/01/31,45,9:02:00 AM,Tuesday,Kipling / Redcliffe,Emergency Services,4,12,n,8066
2017/01/31,84,9:06:00 AM,Tuesday,Oakdale,Mechanical,5,10,EB,1324
2017/01/31,70,9:14:00 AM,Tuesday,Strathmore and Coxwell,Investigation,7,14,NB,7487
2017/01/31,45,9:22:00 AM,Tuesday,Kipling / Taber,Diversion,154,147,s,8076
2017/01/31,162,9:25:00 AM,Tuesday,The Donway,Diversion,1,30,EB,5147
2017/01/31,131,9:55:00 AM,Tuesday,Scarborough Town Center,Diversion,135,149,EB,1778
2017/01/31,199,9:59:00 AM,Tuesday,Finch - Warden,Mechanical,4,12,W,1402
2017/01/31,38,10:00:00 AM,Tuesday,STC,Diversion,120,132,EB,
2017/01/31,169,10:00:00 AM,Tuesday,Triton,Diversion,0,0,E,1523
2017/01/31,133,10:00:00 AM,Tuesday,STC,Diversion,120,130,EB,
2017/01/31,129,10:00:00 AM,Tuesday,STC,Diversion,120,148,NB,
2017/01/31,134,10:00:00 AM,Tuesday,Scarborough Town center,Diversion,120,127,E/B,
2017/01/31,132,10:00:00 AM,Tuesday,Triton and Mccowan,Diversion,117,141,n,1213
2017/01/31,130,10:00:00 AM,Tuesday,Triton and Mccowan,Diversion,117,138,n,1266
2017/01/31,26,10:17:00 AM,Tuesday,St George station,Emergency Services,20,40,WB,1410
2017/01/31,7,10:48:00 AM,Tuesday,Steeles and Bathurst,Mechanical,9,18,s/b,9007
2017/01/31,41,10:54:00 AM,Tuesday,Keele stn,Mechanical,9,18,n,9140
2017/01/31,102,11:08:00 AM,Tuesday,warden stn,Utilized Off Route,15,30,nb,7820
2017/01/31,16,11:14:00 AM,Tuesday,warden stn,Mechanical,10,20,nb,7839
2017/01/31,196,11:30:00 AM,Tuesday,Downsview stn,Utilized Off Route,2,4,n,8362
2017/01/31,70,11:32:00 AM,Tuesday,Warden Station,Mechanical,7,14,WB,7658
2017/01/31,199,11:36:00 AM,Tuesday,Scar Town Centre Station,Mechanical,4,12,W,1123
2017/01/31,123,11:57:00 AM,Tuesday,SHERWAY GARDENS,Investigation,10,20,N,8418
2017/01/31,45,11:59:00 AM,Tuesday,Kipling Stn,Emergency Services,10,20,57412,8080
2017/01/31,41,12:04:00 PM,Tuesday,Keele / Finch,Investigation,9,18,s,9144
2017/01/31,32,12:04:00 PM,Tuesday,Skymark and Commerce,Investigation,10,20,E/B,1597
2017/01/31,16,12:24:00 PM,Tuesday,warden stn,Mechanical,10,20,nb,7756
2017/01/31,25,12:27:00 PM,Tuesday,Don Mills and Leith Hill,Investigation,7,14,SB,7464
2017/01/31,196,12:30:00 PM,Tuesday,Downsview stn.,Utilized Off Route,2,4,n,8176
2017/01/31,112,12:40:00 PM,Tuesday,Kipling Stn,Mechanical,1,1,n,8421
2017/01/31,45,12:40:00 PM,Tuesday,Kipling Stn,Utilized Off Route,10,20,n,7938
2017/01/31,111,1:01:00 PM,Tuesday,KIPLING STN,Utilized Off Route,12,24,N,7912
2017/01/31,43,1:10:00 PM,Tuesday,Kennedy ave Shropshire dr,Mechanical,10,20,nb,7424
2017/01/31,76,1:10:00 PM,Tuesday,ROYAL YORK STN,Utilized Off Route,9,18,s/b,8414
2017/01/31,34,1:11:00 PM,Tuesday,Eglinton and Donmills,Mechanical,4,8,EB,7519
2017/01/31,60,1:26:00 PM,Tuesday,Finch Station,Utilized Off Route,6,12,W,8438
2017/01/31,36,1:31:00 PM,Tuesday,Finch Station,Investigation,5,11,,9127
2017/01/31,32,1:36:00 PM,Tuesday,Emmitt Ave. and Hospital Roadway,Mechanical,13,26,eb,1649
2017/01/31,134,1:43:00 PM,Tuesday,CECO-Loop,Mechanical,7,13,wb,1094
2017/01/31,9,2:01:00 PM,Tuesday,STC,Late Leaving Garage,15,30,sb,8157
2017/01/31,84,2:06:00 PM,Tuesday,SHJA,Mechanical,8,16,W,1335
2017/01/31,129,2:18:00 PM,Tuesday,STC,Late Leaving Garage,10,14,NB,1719
2017/01/31,84,2:28:00 PM,Tuesday,St. Basil's College,Late Leaving Garage,1,1,N,1812
2017/01/31,116,2:37:00 PM,Tuesday,Kennedy station,Mechanical,10,20,eb,7606
2017/01/31,129,2:42:00 PM,Tuesday,STC,Late Leaving Garage,12,29,NB,9055
2017/01/31,63,2:42:00 PM,Tuesday,Oakwood loop,Utilized Off Route,1,1,S,1553
2017/01/31,61,2:43:00 PM,Tuesday,OtterLoop,Late Leaving Garage,4,15,n,8339
2017/01/31,121,2:43:00 PM,Tuesday,Mill and Cherry Str,Late Leaving Garage,10,20,W,7787
2017/01/31,84,2:45:00 PM,Tuesday,Downsview,Mechanical,8,16,W,7952
2017/01/31,112,2:45:00 PM,Tuesday,Michael Power School,Mechanical,5,15,s,8020
2017/01/31,25,2:46:00 PM,Tuesday,pape stn,Late Leaving Garage,8,16,n,7700
2017/01/31,41,2:48:00 PM,Tuesday,Keele Station,Utilized Off Route,9,18,N,9148
2017/01/31,68,2:51:00 PM,Tuesday,Garage,Late Leaving Garage,11,18,S,7502
2017/01/31,709,2:52:00 PM,Tuesday,Skymark Ave.,Mechanical,1,1,eb,1015
2017/01/31,81,2:53:00 PM,Tuesday,Pape Station,Late Leaving Garage,8,16,N/B,7839
2017/01/31,24,2:55:00 PM,Tuesday,Victoria Park & Rowena,Late Leaving Garage,8,10,SB,7749
2017/01/31,161,2:58:00 PM,Tuesday,Ossington Stn,Mechanical,18,33,W,1361
2017/01/31,5,3:00:00 PM,Tuesday,Avenue Rd and Bloor,General Delay,20,31,n,
2017/01/31,11,3:00:00 PM,Tuesday,davisville Station,Mechanical,18,36,NB,8214
2017/01/31,709,3:01:00 PM,Tuesday,Mt. Dennis Garage,Late Leaving Garage,1,1,eb,1547
2017/01/31,709,3:01:00 PM,Tuesday,Mt. Dennis Garage,Late Leaving Garage,1,1,eb,1619
2017/01/31,709,3:01:00 PM,Tuesday,Mt. Dennis Garage,Late Leaving Garage,1,1,eb,1653
2017/01/31,100,3:03:00 PM,Tuesday,Donmills and Eglinton,Late Leaving Garage,5,11,NB,7400
2017/01/31,196,3:04:00 PM,Tuesday,Downsview stn,Utilized Off Route,3,6,n,9013
2017/01/31,79,3:14:00 PM,Tuesday,Pine and Lawrence,Mechanical,14,28,S,1047
2017/01/31,24,3:17:00 PM,Tuesday,Victoria Park Station,Utilized Off Route,15,23,BW,8154
2017/01/31,41,3:24:00 PM,Tuesday,Keele Station,Utilized Off Route,9,18,N,9138
2017/01/31,24,3:26:00 PM,Tuesday,Victoria Park Station,Late Leaving Garage,1,1,NB,7877
2017/01/31,198,3:29:00 PM,Tuesday,Morningside & Kingston,Mechanical,10,20,eb,7563
2017/01/31,52,3:38:00 PM,Tuesday,Weston & Lawrence,Late Leaving Garage,16,33,e/b,1026
2017/01/31,89,3:42:00 PM,Tuesday,Keele Station,Utilized Off Route,7,14,N,1571
2017/01/31,52,3:43:00 PM,Tuesday,Weston & Lawrence west,Late Leaving Garage,11,22,e/b,1390
2017/01/31,63,3:44:00 PM,Tuesday,Eglinton West station,Late Leaving Garage,10,20,S,1046
2017/01/31,102,3:45:00 PM,Tuesday,Warden Station,Utilized Off Route,10,20,,8127
2017/01/31,109,3:46:00 PM,Tuesday,Bathurst and Hotspur,Mechanical,14,28,S,1554
2017/01/31,32,3:50:00 PM,Tuesday,Martin Groove on Eglinton,Mechanical,9,17,eb,1613
2017/01/31,52,3:51:00 PM,Tuesday,Terminal # !,Late Leaving Garage,11,16,e/b,1382
2017/01/31,16,3:53:00 PM,Tuesday,STC,Mechanical,1,1,SB,7784
2017/01/31,60,3:54:00 PM,Tuesday,York University Commons,Mechanical,8,16,E,1322
2017/01/31,52,3:54:00 PM,Tuesday,Lawrence West,Late Leaving Garage,11,22,w/b,1411
2017/01/31,76,3:55:00 PM,Tuesday,Royal York Station,Utilized Off Route,5,10,S,8046
2017/01/31,73,3:57:00 PM,Tuesday,Royal York Station,Mechanical,20,40,N,7900
2017/01/31,81,3:59:00 PM,Tuesday,Pape station,Mechanical,7,14,E/B,7715
2017/01/31,32,4:07:00 PM,Tuesday,Emmet,Utilized Off Route,1,1,E,1583
2017/01/31,116,4:11:00 PM,Tuesday,Kennedy station,Mechanical,6,12,eb,7513
2017/01/31,11,4:16:00 PM,Tuesday,Davisville Stn,Utilized Off Route,8,16,56277,8367
2017/01/31,16,4:25:00 PM,Tuesday,St. Clair and Cotton,Mechanical,8,16,eb,7805
2017/01/31,75,4:29:00 PM,Tuesday,Jarvis and Queens Quay,Mechanical,6,12,N,1813
2017/01/31,41,4:30:00 PM,Tuesday,Keele and Sheppard,Utilized Off Route,15,29,S,1058
2017/01/31,121,4:30:00 PM,Tuesday,Fortyork Route,General Delay,20,1,BW,
2017/01/31,11,4:33:00 PM,Tuesday,Davisville Stn,Mechanical,8,17,56277,8327
2017/01/31,29,4:52:00 PM,Tuesday,Dufferin and Bloor,Mechanical,5,10,s,9019
2017/01/31,98,4:53:00 PM,Tuesday,Sheppard/Senlan,Mechanical,15,30,NB,8396
2017/01/31,63,5:00:00 PM,Tuesday,Oakwood loop,Mechanical,5,10,S,1066
2017/01/31,115,5:00:00 PM,Tuesday,Yokrmills Station,Mechanical,20,40,e,1677
2017/01/31,199,5:00:00 PM,Tuesday,York U - Finch Stn,General Delay,10,22,BW,
2017/01/31,143,5:00:00 PM,Tuesday,Yonge and Richmond,General Delay,1,1,BW,
2017/01/31,42,5:02:00 PM,Tuesday,Cummer Av/bayview,Mechanical,13,26,Eb,8332
2017/01/31,92,5:05:00 PM,Tuesday,Queen and Woodbine,Investigation,9,18,S,8120
2017/01/31,38,5:09:00 PM,Tuesday,RHGO,Mechanical,12,24,w,1793
2017/01/31,79,5:11:00 PM,Tuesday,Runnymede and St. John,Investigation,14,28,N,1614
2017/01/31,87,5:11:00 PM,Tuesday,Main Station,Utilized Off Route,5,10,W,7771
2017/01/31,81,5:15:00 PM,Tuesday,pape to thornecliff,General Delay,1,1,b/w,
2017/01/31,41,5:18:00 PM,Tuesday,Keele Station,Utilized Off Route,10,21,N,9144
2017/01/31,35,5:22:00 PM,Tuesday,Milo Park,Investigation,8,10,S,1003
2017/01/31,67,5:30:00 PM,Tuesday,Donside/Pharmacy,Mechanical,10,20,down,7629
2017/01/31,97,5:40:00 PM,Tuesday,Yonge/Yorkmills,Mechanical,30,60,Nb,1820
2017/01/31,86,5:44:00 PM,Tuesday,Kennedy station,Mechanical,5,10,eb,7433
2017/01/31,75,5:47:00 PM,Tuesday,The Esplanade and Lower Sherbourne,Mechanical,6,12,E,8391
2017/01/31,36,6:09:00 PM,Tuesday,Humberwood Loop,Mechanical,7,14,,9118
2017/01/31,17,6:13:00 PM,Tuesday,Wintermute,Mechanical,7,14,NB,7724
2017/01/31,199,6:30:00 PM,Tuesday,York U - STC,General Delay,28,36,BW,
2017/01/31,39,6:30:00 PM,Tuesday,Finch Stn to Old Finch,General Delay,17,36,BW,
2017/01/31,68,6:37:00 PM,Tuesday,Warden Stn,Mechanical,20,31,nb,7471
2017/01/31,190,6:43:00 PM,Tuesday,Don Mills station,Utilized Off Route,5,10,w,7420
2017/01/31,59,6:46:00 PM,Tuesday,Lawrence Avenue at Marlee,Mechanical,14,28,W,8454
2017/01/31,92,6:49:00 PM,Tuesday,Queen str and Woodbine,Investigation,9,18,N,7882
2017/01/31,36,7:00:00 PM,Tuesday,Romfield and Finch,Mechanical,24,48,,9132
2017/01/31,59,7:06:00 PM,Tuesday,Lawrence Avenue at Marlee,Mechanical,13,26,W,8454
2017/01/31,199,7:13:00 PM,Tuesday,Scarborough Town Centre,Mechanical,10,15,W,1768
2017/01/31,95,7:39:00 PM,Tuesday,York Mills Station,Mechanical,14,28,E,1085
2017/01/31,113,7:43:00 PM,Tuesday,Kennedy & Eglinton,Diversion,24,39,SB,7750
2017/01/31,43,7:50:00 PM,Tuesday,Kennedy and Eglinton,Diversion,15,25,S,
2017/01/31,34,8:20:00 PM,Tuesday,Eglinton and Jonesville Cr,Investigation,6,12,WB,7611
2017/01/31,34,8:48:00 PM,Tuesday,Eglinton and Yonge,Investigation,6,12,WB,7459
2017/01/31,59,9:00:00 PM,Tuesday,Route 59,General Delay,14,44,BW,
2017/01/31,36,9:00:00 PM,Tuesday,Route 36,General Delay,16,24,BW,
2017/01/31,191,9:00:00 PM,Tuesday,Route 191,General Delay,15,25,BW,
2017/01/31,196,9:10:00 PM,Tuesday,Downsview Stn,Utilized Off Route,8,16,NB,8389
2017/01/31,34,10:00:00 PM,Tuesday,Warden/Eglinton,Utilized Off Route,10,20,down,7477
2017/01/31,86,10:45:00 PM,Tuesday,Kennedy Stn.,Mechanical,10,20,eb,7402
2017/01/31,51,11:29:00 PM,Tuesday,Leslie Stn,Mechanical,30,60,NB,8201
2017/01/31,165,11:40:00 PM,Tuesday,Jane and Wilson,Utilized Off Route,10,20,e,8458
