Report Date,Route,Time,Day,Location,Incident,Min Delay,Min Gap,Direction,Vehicle
1-Feb-19,504,12:14:00 AM,Friday,King and jarvis,Diversion,34,33,W/B,4405
1-Feb-19,504,5:17:00 AM,Friday,Broadview/Millbrook,Held By,10,29,W/B,4447
1-Feb-19,506,6:11:00 AM,Friday,Leslie and Gerrard,Held By,12,18,E/B,4068
1-Feb-19,509,6:42:00 AM,Friday,Exibition Loop,Mechanical,6,12,B/W,
1-Feb-19,506,7:06:00 AM,Friday,Dundas and Howard Park,Mechanical,6,12,W/B,4073
1-Feb-19,509,7:07:00 AM,Friday,CNE Loop to Union,Late Leaving Garage,6,12,E/B,
1-Feb-19,504,7:07:00 AM,Friday,Dufferin / Temple,Emergency Services,9,15,N/B,4438
1-Feb-19,509,7:11:00 AM,Friday,Bathurst and Fleet,Late Leaving Garage,5,9,W/B,4405
1-Feb-19,509,7:36:00 AM,Friday,Bathurst And Fleet,Late Leaving Garage,4,8,W/B,4511
1-Feb-19,511,7:41:00 AM,Friday,King and Bathurst,Mechanical,6,9,N/B,1021
1-Feb-19,504,7:50:00 AM,Friday,Distillery loop,Mechanical,6,13,W/B,4501
1-Feb-19,506,8:01:00 AM,Friday,Coxwell and Gerrard,Mechanical,6,12,E/B,4105
1-Feb-19,501,8:08:00 AM,Friday,Humber Loop,Mechanical,11,22,E/B,4084
1-Feb-19,506,8:20:00 AM,Friday,Coxwell and Gerrard,Mechanical,6,12,W/B,4149
1-Feb-19,506,8:44:00 AM,Friday,Ossington and College,Held By,9,15,W/B,4104
1-Feb-19,705,9:14:00 AM,Friday,Lakeshore and Parklawn.,Investigation,6,12,E/B,9210
1-Feb-19,504,9:21:00 AM,Friday,Dundas W stn,Mechanical,0,0,W/B,4448
1-Feb-19,504,9:22:00 AM,Friday,Dufferin Loop,Mechanical,6,12,E/B,4405
1-Feb-19,512,10:00:00 AM,Friday,St. Clair and Vaughan,General Delay,11,15,W/B,4489
1-Feb-19,506,10:00:00 AM,Friday,Alton and Gerrard,Investigation,18,24,W/B,4001
1-Feb-19,504,10:25:00 AM,Friday,Broadview / Riverdale,Held By,51,56,S/B,4438
1-Feb-19,504,10:25:00 AM,Friday,Dundas W Stn to Broadview Stn,General Delay,8,15,B/W,
1-Feb-19,511,11:03:00 AM,Friday,King and Bathurst,General Delay,6,9,S/B,1124
1-Feb-19,505,11:21:00 AM,Friday,Dundas Street West Bathurst,Investigation,4,8,W/B,9332
1-Feb-19,506,11:32:00 AM,Friday,Clinton and College,Held By,8,14,W/B,4104
1-Feb-19,805,11:58:00 AM,Friday,Bathurst Station,Investigation,4,8,S/B,4101
1-Feb-19,504,12:09:00 PM,Friday,King / George,Mechanical,7,14,W/B,4504
1-Feb-19,506,12:39:00 PM,Friday,High Park Loop,Mechanical,6,12,E/B,4176
1-Feb-19,501,12:50:00 PM,Friday,Queen and Greenwood,Mechanical,5,10,E/B,4039
1-Feb-19,506,1:10:00 PM,Friday,Gerrard and Acrlaw,Held By,34,40,E/B,4144
1-Feb-19,506,1:13:00 PM,Friday,Roncy Howard Park,Held By,6,12,E/B,4125
1-Feb-19,511,1:18:00 PM,Friday,Bathurst and Queen,Investigation,6,12,N/B,1056
1-Feb-19,506,1:32:00 PM,Friday,Church and College,Held By,10,16,W/B,4111
1-Feb-19,501,1:41:00 PM,Friday,Queen and Jarvis,Investigation,33,38,W/B,4190
1-Feb-19,505,1:47:00 PM,Friday,Dundas West Station,Mechanical,4,8,W/B,8104
1-Feb-19,501,1:57:00 PM,Friday,Queen and Scarborough,Held By,19,24,E/B,4039
1-Feb-19,505,2:08:00 PM,Friday,Wolseley and Bathurst,Mechanical,4,8,S/B,1282
1-Feb-19,506,2:11:00 PM,Friday,Logan and Gerrard,Held By,17,23,E/B,4170
1-Feb-19,506,2:25:00 PM,Friday,Coxwell and Gerrard,Mechanical,6,12,E/B,4032
1-Feb-19,506,2:26:00 PM,Friday,Roncy and Howard Park,Held By,12,18,E/B,4111
1-Feb-19,511,2:42:00 PM,Friday,CNE Loop,Investigation,7,14,N/B,1268
1-Feb-19,506,3:24:00 PM,Friday,Rushholme and College,Held By,14,20,E/B,4182
1-Feb-19,510,3:46:00 PM,Friday,Richmond and Spadina,Emergency Services,89,93,N/B,4494
1-Feb-19,501,3:53:00 PM,Friday,Queen and Kingston,Diversion,88,93,E/B,4103
1-Feb-19,506,4:30:00 PM,Friday,Main Station,Held By,31,37,W/B,4182
1-Feb-19,512,4:35:00 PM,Friday,St Clair W station,Investigation,4,10,W/B,4445
1-Feb-19,510,4:43:00 PM,Friday,Spadina Station --Union Station,General Delay,4,8,N/B,4495
1-Feb-19,504,5:22:00 PM,Friday,Broadview / Riverdale,Held By,75,82,W/B,4426
1-Feb-19,505,5:27:00 PM,Friday,Withrow and Broadview,Held By,17,21,S/B,9232
1-Feb-19,502,5:46:00 PM,Friday,Queen and Sackville,Mechanical,12,24,E/B,8559
1-Feb-19,510,6:10:00 PM,Friday,Dundas and Spadina,Mechanical,4,8,S/B,4505
1-Feb-19,506,6:14:00 PM,Friday,Gerrard and Broadview,Held By,40,45,E/B,4081
1-Feb-19,501,6:39:00 PM,Friday,Queen and Glendale,Held By,40,45,W/B,4091
1-Feb-19,510,6:40:00 PM,Friday,SPSP,Diversion,98,102,N/B,4414
1-Feb-19,512,6:49:00 PM,Friday,St Clair W and Yonge,Held By,8,15,W/B,4463
1-Feb-19,501,6:49:00 PM,Friday,Queen and Connaught,Mechanical,5,10,W/B,4086
1-Feb-19,501,6:52:00 PM,Friday,Queen and Church,Investigation,36,41,W/B,4067
1-Feb-19,506,7:05:00 PM,Friday,Jones and Gerrard,Investigation,6,12,E/B,4171
1-Feb-19,506,7:25:00 PM,Friday,Ashdale and Gerrard,Held By,12,18,W/B,4104
1-Feb-19,506,7:47:00 PM,Friday,Coxwell and Gerrard,Held By,14,0,S/B,4171
1-Feb-19,504,8:59:00 PM,Friday,Distillery loop,Emergency Services,8,16,N/B,4484
1-Feb-19,501,9:07:00 PM,Friday,MacDonell and Queen,Held By,44,49,W/B,4034
1-Feb-19,504,9:15:00 PM,Friday,King/Sackville,Investigation,29,37,W/B,4435
1-Feb-19,501,9:42:00 PM,Friday,Waverley and Queen,Mechanical,5,10,E/B,4119
1-Feb-19,501,9:53:00 PM,Friday,Humber Loop,Mechanical,5,10,W/B,4444
1-Feb-19,501,10:49:00 PM,Friday,McCaul and Queen,Emergency Services,5,10,W/B,4186
1-Feb-19,504,11:03:00 PM,Friday,King/Parliament,Held By,7,15,W/B,4504
2-Feb-19,511,12:08:00 AM,Saturday,Bathurst station,Investigation,5,10,N/B,1058
2-Feb-19,511,12:21:00 AM,Saturday,Bathurst station,Mechanical,5,10,N/B,1124
2-Feb-19,306,1:36:00 AM,Saturday,Highfield and Gerrard,Investigation,8,16,W/B,4192
2-Feb-19,304,1:57:00 AM,Saturday,Broadview/Queen,Held By,17,25,S/B,4513
2-Feb-19,504,4:12:00 AM,Saturday,Leslie Barns Yard,Late Leaving Garage,6,,W/B,4417
2-Feb-19,501,4:28:00 AM,Saturday,Russell Yard,General Delay,9,8,W/B,4094
2-Feb-19,501,4:38:00 AM,Saturday,Russell Yard,Mechanical,7,12,E/B,4169
2-Feb-19,504,4:44:00 AM,Saturday,leslie barns yard,Late Leaving Garage,2,,W/B,4507
2-Feb-19,501,4:57:00 AM,Saturday,Queen Street West McCaul,General Delay,10,20,W/B,4186
2-Feb-19,501,5:01:00 AM,Saturday,Russell Yard,Held By,7,21,W/B,4034
2-Feb-19,501,5:10:00 AM,Saturday,Russell Yard,Mechanical,5,11,W/B,4176
2-Feb-19,504,5:12:00 AM,Saturday,Leslie Barns yard,Late Leaving Garage,6,,W/B,4441
2-Feb-19,504,5:21:00 AM,Saturday,Leslie Barns Yard,Late Leaving Garage,5,,W/B,4523
2-Feb-19,509,5:21:00 AM,Saturday,Leslie Barns yard,Late Leaving Garage,3,,W/B,4433
2-Feb-19,501,5:25:00 AM,Saturday,Russell Yard,Mechanical,5,17,W/B,4191
2-Feb-19,504,5:26:00 AM,Saturday,Leslie Barns Yard,Late Leaving Garage,1,,W/B,4496
2-Feb-19,504,5:37:00 AM,Saturday,Leslie Barns Yard,Late Leaving Garage,2,,W/B,4440
2-Feb-19,511,5:42:00 AM,Saturday,Mount Dennis,Mechanical,6,12,S/B,1070
2-Feb-19,501,5:45:00 AM,Saturday,Russell Yard,Mechanical,7,19,W/B,4143
2-Feb-19,506,6:10:00 AM,Saturday,Russell Yard,Mechanical,16,20,E/B,4068
2-Feb-19,506,6:18:00 AM,Saturday,Russell Yard,Held By,23,20,E/B,4125
2-Feb-19,501,6:19:00 AM,Saturday,Russell Yard,Late Leaving Garage,23,22,E/B,4103
2-Feb-19,506,6:25:00 AM,Saturday,Russell Yard,Held By,15,20,E/B,4004
2-Feb-19,501,8:16:00 AM,Saturday,Russell Yard,Mechanical,23,22,W/B,4127
2-Feb-19,504,8:37:00 AM,Saturday,Leslie barns yard,Late Leaving Garage,3,,W/B,4442
2-Feb-19,506,8:37:00 AM,Saturday,Russell Yard,Mechanical,8,18,E/B,4065
2-Feb-19,501,8:38:00 AM,Saturday,Leslie Barns yard,Late Leaving Garage,2,,W/B,4426
2-Feb-19,512,8:40:00 AM,Saturday,ST Clair and Bathurst,Mechanical,5,10,E/B,5416
2-Feb-19,510,8:44:00 AM,Saturday,Leslie Barns yard,Late Leaving Garage,2,,W/B,4449
2-Feb-19,510,8:53:00 AM,Saturday,QQ & Spadina,Held By,42,51,N/B,4469
2-Feb-19,506,9:16:00 AM,Saturday,Russell Yard,Mechanical,10,20,E/B,4145
2-Feb-19,506,10:06:00 AM,Saturday,Logan and Gerrard,Held By,12,18,E/B,4048
2-Feb-19,506,10:09:00 AM,Saturday,Russell Yard,Mechanical,6,16,E/B,4039
2-Feb-19,501,10:17:00 AM,Saturday,Kipling and Lakeshore,Mechanical,10,20,W/B,4094
2-Feb-19,504,11:09:00 AM,Saturday,Leslie barns yard,Late Leaving Garage,5,,W/B,4503
2-Feb-19,501,11:10:00 AM,Saturday,leslie barns,Late Leaving Garage,2,,W/B,4473
2-Feb-19,504,11:10:00 AM,Saturday,Roncesvalles and Grenadier,Held By,15,22,N/B,4416
2-Feb-19,506,11:27:00 AM,Saturday,Gerrard and Broadview,Investigation,30,36,E/B,4111
2-Feb-19,504,11:30:00 AM,Saturday,Sunnyside loop,Investigation,5,1,W/B,4456
2-Feb-19,506,12:08:00 PM,Saturday,Lelsie and Gerrard,Held By,10,16,E/B,4111
2-Feb-19,501,12:18:00 PM,Saturday,Queen ST. E and Connaught,Mechanical,4,8,W/B,4067
2-Feb-19,501,12:30:00 PM,Saturday,Queen St. E at Leslie,Late Leaving Garage,4,8,W/B,4462
2-Feb-19,506,12:36:00 PM,Saturday,Gerrard and Broadview,Held By,33,39,E/B,4057
2-Feb-19,501,12:41:00 PM,Saturday,Queen St E at Connaught,Late Leaving Garage,4,7,E/B,4165
2-Feb-19,501,12:43:00 PM,Saturday,Queen St. E at Connaught,Late Leaving Garage,4,8,W/B,4184
2-Feb-19,504,12:45:00 PM,Saturday,Leslie and Lakeshore,Held By,34,39,N/B,4475
2-Feb-19,504,12:45:00 PM,Saturday,Leslie and Lakeshore,Held By,6,12,N/B,4508
2-Feb-19,504,12:50:00 PM,Saturday,Charlotte Loop,Mechanical,5,10,E/B,4428
2-Feb-19,501,12:58:00 PM,Saturday,Queen St. E and Connaught,Late Leaving Garage,4,8,E/B,4489
2-Feb-19,504,1:01:00 PM,Saturday,Broadview and mt. Steard,Held By,15,20,S/B,4518
2-Feb-19,501,1:12:00 PM,Saturday,Humber Loop,Mechanical,4,8,W/B,4141
2-Feb-19,501,1:19:00 PM,Saturday,Queen St. E at Connaught,Mechanical,4,8,E/B,4445
2-Feb-19,805,1:21:00 PM,Saturday,Adelaide and Charlotte,Overhead - Pantograph,1,2,E/B,4428
2-Feb-19,501,1:28:00 PM,Saturday,Queen and Simcoe,Mechanical,4,8,E/B,4117
2-Feb-19,506,1:36:00 PM,Saturday,Coxwell and Queen,Held By,5,11,S/B,4153
2-Feb-19,506,1:53:00 PM,Saturday,Jones and Gerrard,Held By,67,73,E/B,4192
2-Feb-19,504,1:55:00 PM,Saturday,King east of Sumch,Held By,18,25,E/B,4507
2-Feb-19,504,2:09:00 PM,Saturday,Bathurst just N of King,Emergency Services,5,10,S/B,4475
2-Feb-19,505,2:16:00 PM,Saturday,Dundas and Bathurst,Investigation,1,2,E/B,1367
2-Feb-19,504,2:20:00 PM,Saturday,Sumach and Richmond,Mechanical,5,10,N/B,4520
2-Feb-19,501,2:26:00 PM,Saturday,McCauL and Queen,Held By,20,24,S/B,4445
2-Feb-19,501,2:26:00 PM,Saturday,Neville loop,Mechanical,4,8,S/B,4445
2-Feb-19,504,2:48:00 PM,Saturday,Distillery Loop,Mechanical,5,10,N/B,4516
2-Feb-19,505,3:04:00 PM,Saturday,Broadview Station,Investigation,4,8,W/B,8535
2-Feb-19,505,3:13:00 PM,Saturday,Dundas West Station,Mechanical,4,8,E/B,1246
2-Feb-19,501,3:26:00 PM,Saturday,Augusta and Queen,Investigation,11,15,E/B,4184
2-Feb-19,505,3:59:00 PM,Saturday,Dundas West Station,Mechanical,4,8,E/B,1355
2-Feb-19,506,4:05:00 PM,Saturday,Gerrard and Broadview,Held By,22,28,E/B,4039
2-Feb-19,505,4:23:00 PM,Saturday,Dundas and Spadina,General Delay,10,9,B/W,9214
2-Feb-19,512,4:43:00 PM,Saturday,St Clair Station,Held By,12,18,W/B,4420
2-Feb-19,501,5:11:00 PM,Saturday,Queen and Woodbine,Investigation,4,8,E/B,4149
2-Feb-19,506,5:26:00 PM,Saturday,Gerrard and Broadview,Held By,12,18,E/B,4155
2-Feb-19,504,6:37:00 PM,Saturday,King and Jarvis,Held By,14,19,E/B,4422
2-Feb-19,512,6:59:00 PM,Saturday,St Clair and Vaughan,Held By,10,16,E/B,4498
2-Feb-19,506,7:07:00 PM,Saturday,Gerrard Carlaw,Held By,34,40,W/B,4035
2-Feb-19,506,7:12:00 PM,Saturday,College and Clinton,Held By,8,16,W/B,4155
2-Feb-19,504,7:26:00 PM,Saturday,Roncesvalles and Garden,Held By,64,69,N/B,4432
2-Feb-19,510,7:36:00 PM,Saturday,Spadina Station,Mechanical,5,10,S/B,4504
2-Feb-19,505,7:43:00 PM,Saturday,Dundas West Station,Utilized Off Route,5,10,E/B,8577
2-Feb-19,501,8:34:00 PM,Saturday,Queen and Church,Mechanical,4,8,W/B,4150
2-Feb-19,504,8:35:00 PM,Saturday,Roncesvalles/Fermanagh,Held By,10,19,N/B,4503
2-Feb-19,512,8:45:00 PM,Saturday,St.Clair/Spadina,Investigation,15,21,W/B,4463
2-Feb-19,501,9:08:00 PM,Saturday,Sunnyside loop,Emergency Services,4,8,E/B,4408
2-Feb-19,505,9:30:00 PM,Saturday,Broadview and Danforth,Mechanical,9,18,S/B,8567
2-Feb-19,506,10:02:00 PM,Saturday,Main and Gerrard,Mechanical,9,18,S/B,4081
3-Feb-19,306,1:16:00 AM,Sunday,College and Crawford,Investigation,78,88,W/B,4039
3-Feb-19,301,1:24:00 AM,Sunday,Queen and Yonge,Held By,7,16,W/B,4011
3-Feb-19,501,1:32:00 AM,Sunday,queen and Connaught,Mechanical,9,18,E/B,4149
3-Feb-19,301,2:34:00 AM,Sunday,Lakeshore ease of Parklawn,Investigation,34,41,W/B,4034
3-Feb-19,301,2:53:00 AM,Sunday,Queen and Greenwood,Mechanical,10,20,E/B,4117
3-Feb-19,304,3:13:00 AM,Sunday,Broadview/Danforth,Held By,14,44,S/B,4453
3-Feb-19,501,4:53:00 AM,Sunday,Russell Yard,Mechanical,4,12,E/B,4189
3-Feb-19,501,5:04:00 AM,Sunday,HUMBER LOOP,Mechanical,20,26,E/B,4510
3-Feb-19,509,5:27:00 AM,Sunday,Leslie Barns,Held By,8,16,W/B,4405
3-Feb-19,501,5:28:00 AM,Sunday,Leslie Barns,Late Leaving Garage,8,16,W/B,4511
3-Feb-19,501,6:03:00 AM,Sunday,Russell Yard,Mechanical,17,20,E/B,4012
3-Feb-19,501,6:11:00 AM,Sunday,Russell Yard,Mechanical,11,21,E/B,4143
3-Feb-19,506,7:26:00 AM,Sunday,Main Stn,Mechanical,9,19,W/B,4108
3-Feb-19,505,7:47:00 AM,Sunday,Broadview Stn,Mechanical,10,20,E/B,8598
3-Feb-19,506,8:00:00 AM,Sunday,Russell Yard,Mechanical,12,22,W/B,4103
3-Feb-19,501,8:03:00 AM,Sunday,Neville prk loop,Held By,15,19,W/B,4481
3-Feb-19,505,8:28:00 AM,Sunday,Birchmount Garage,Mechanical,6,12,W/B,4899
3-Feb-19,504,8:51:00 AM,Sunday,Leslie Barns,Mechanical,8,17,W/B,4466
3-Feb-19,501,8:51:00 AM,Sunday,Leslie Barns,Mechanical,8,16,W/B,4474
3-Feb-19,501,9:14:00 AM,Sunday,Leslie Barns,Mechanical,8,16,W/B,4412
3-Feb-19,510,9:54:00 AM,Sunday,Spadina and King,Investigation,9,18,N/B,4432
3-Feb-19,504,10:19:00 AM,Sunday,Roncesvalles / Fermanagh,Investigation,29,37,N/B,4402
3-Feb-19,505,10:43:00 AM,Sunday,Broadview and Danforth,Held By,8,16,S/B,8961
3-Feb-19,505,10:45:00 AM,Sunday,Dundas W. Stn,Utilized Off Route,6,12,E/B,8932
3-Feb-19,506,10:54:00 AM,Sunday,Gerrard & Greenwood,Held By,22,32,E/B,4121
3-Feb-19,501,10:59:00 AM,Sunday,QUEEN/RONCESVALLES,Mechanical,4,9,W/B,4191
3-Feb-19,506,11:15:00 AM,Sunday,Upper Gerrard & Brookside,Held By,12,22,E/B,4135
3-Feb-19,506,11:27:00 AM,Sunday,College & Augusta,Held By,5,14,E/B,4103
3-Feb-19,511,11:57:00 AM,Sunday,Keele and Dundas,Mechanical,4,8,S/B,1416
3-Feb-19,506,12:05:00 PM,Sunday,Greenwood and Gerrard,Held By,42,50,E/B,4103
3-Feb-19,506,12:16:00 PM,Sunday,College and Borden,Investigation,23,31,W/B,4135
3-Feb-19,501,12:34:00 PM,Sunday,queen and Starachen,Held By,35,39,E/B,4073
3-Feb-19,506,12:50:00 PM,Sunday,Main Station,Emergency Services,13,21,W/B,4101
3-Feb-19,501,3:09:00 PM,Sunday,Brock and Queen,Mechanical,5,10,W/B,4507
3-Feb-19,501,3:12:00 PM,Sunday,Queen and Church,Mechanical,5,10,E/B,4133
3-Feb-19,501,3:12:00 PM,Sunday,Park Lawn and lakershore,Mechanical,10,20,W/B,4189
3-Feb-19,506,3:25:00 PM,Sunday,Main Stn,Mechanical,8,16,W/B,4101
3-Feb-19,506,4:01:00 PM,Sunday,Gerrard and Prust Ave,Held By,14,22,W/B,4111
3-Feb-19,506,4:24:00 PM,Sunday,Main Stn,Mechanical,8,16,W/B,4184
3-Feb-19,501,4:37:00 PM,Sunday,Connaught and Queen,Held By,5,10,W/B,4086
3-Feb-19,501,4:42:00 PM,Sunday,Dufferin and Queen,Held By,21,26,E/B,4457
3-Feb-19,505,4:58:00 PM,Sunday,Dundas and Bay,Investigation,5,10,N/B,1301
3-Feb-19,510,5:13:00 PM,Sunday,Bay St and Qquay,Mechanical,0,0,S/B,4464
3-Feb-19,506,6:49:00 PM,Sunday,Clinton and College,Held By,12,20,W/B,4068
3-Feb-19,501,7:12:00 PM,Sunday,Parliament and Queen,Mechanical,5,10,E/B,4145
3-Feb-19,506,7:23:00 PM,Sunday,Parliament and Gerrard,Emergency Services,8,16,S/B,4135
3-Feb-19,505,7:33:00 PM,Sunday,Dundas West Station,Investigation,8,16,E/B,8561
3-Feb-19,504,9:30:00 PM,Sunday,Broadview and gerrard,Investigation,8,16,S/B,4501
3-Feb-19,506,9:31:00 PM,Sunday,College and Bay,Mechanical,10,20,E/B,4111
3-Feb-19,504,10:24:00 PM,Sunday,Broadview and danforth,Held By,22,30,S/B,4431
3-Feb-19,501,11:37:00 PM,Sunday,Parklawn and Lakeshore,Mechanical,75,83,E/B,4160
4-Feb-19,506,1:24:00 AM,Monday,Gerrard and Highfield,Investigation,19,29,W/B,4020
4-Feb-19,501,3:23:00 AM,Monday,Roncesvalles and Queen Street West,General Delay,4,13,W/B,4030
4-Feb-19,511,5:35:00 AM,Monday,Exibition Loop,Mechanical,9,18,N/B,1033
4-Feb-19,705,6:00:00 AM,Monday,Leslie Barns,Late Leaving Garage,1,1,W/B,4422
4-Feb-19,705,6:00:00 AM,Monday,Leslie Barns,Late Leaving Garage,1,1,W/B,4508
4-Feb-19,705,6:05:00 AM,Monday,Leslie Barns,Late Leaving Garage,1,1,W/B,4428
4-Feb-19,705,6:10:00 AM,Monday,Leslie Barns,Late Leaving Garage,1,1,W/B,4470
4-Feb-19,705,6:15:00 AM,Monday,Leslie Barns,Late Leaving Garage,1,1,W/B,4429
4-Feb-19,705,6:20:00 AM,Monday,Leslie Barns,Late Leaving Garage,1,1,W/B,4472
4-Feb-19,512,7:37:00 AM,Monday,Spadina / St. Clair,Mechanical,4,8,W/B,4492
4-Feb-19,510,8:13:00 AM,Monday,Spadina and College,Investigation,20,24,W/B,4489
4-Feb-19,504,8:57:00 AM,Monday,Bain,Held By,13,17,N/B,4448
4-Feb-19,504,9:00:00 AM,Monday,King and Dufferin,Mechanical,6,12,W/B,4470
4-Feb-19,505,9:07:00 AM,Monday,Broadview Station,Mechanical,4,8,W/B,8522
4-Feb-19,504,9:29:00 AM,Monday,Dundas West Station,Mechanical,7,14,E/B,4477
4-Feb-19,501,9:37:00 AM,Monday,Coxwell / Queen,Mechanical,6,12,W/B,4052
4-Feb-19,512,9:50:00 AM,Monday,St. Clair / Keele,Mechanical,4,8,E/B,4472
4-Feb-19,506,10:18:00 AM,Monday,Gerrard & Marjory,Mechanical,20,26,W/B,4135
4-Feb-19,504,10:29:00 AM,Monday,Batrhurst,Investigation,7,11,N/B,4518
4-Feb-19,705,11:24:00 AM,Monday,King and Church,Investigation,30,36,E/B,4425
4-Feb-19,505,11:27:00 AM,Monday,Dundas West Station,Investigation,4,8,E/B,8953
4-Feb-19,505,11:27:00 AM,Monday,Dundas West Stn.,Investigation,4,8,W/B,8953
4-Feb-19,505,11:34:00 AM,Monday,University and Dundas,Utilized Off Route,4,8,E/B,8540
4-Feb-19,506,12:13:00 PM,Monday,High Park Loop,Mechanical,6,12,E/B,4085
4-Feb-19,56,12:30:00 PM,Monday,University and College,Held By,9,15,W/B,4085
4-Feb-19,504,1:10:00 PM,Monday,Ronesvalles/Dundas,Held By,232,239,B/W,4505
4-Feb-19,506,1:25:00 PM,Monday,Main Station,Mechanical,6,12,W/B,4199
4-Feb-19,505,1:45:00 PM,Monday,Dundas West Station,Diversion,203,207,W/B,8153
4-Feb-19,506,2:19:00 PM,Monday,Gerrard and Broadview,Held By,7,13,E/B,4065
4-Feb-19,504,3:04:00 PM,Monday,King and Spadina,General Delay,9,7,B/W,4453
4-Feb-19,506,3:07:00 PM,Monday,High Park Station,Mechanical,6,12,W/B,4132
4-Feb-19,505,3:17:00 PM,Monday,Dundas and Lansdowne,Investigation,4,8,W/B,8563
4-Feb-19,510,4:03:00 PM,Monday,Sullivan and Spadina,Held By,9,13,S/B,4432
4-Feb-19,506,4:18:00 PM,Monday,Gerrard and Broadview,Mechanical,6,12,E/B,4148
4-Feb-19,504,5:31:00 PM,Monday,Broadview and Withrow,Investigation,5,10,W/B,4447
4-Feb-19,501,6:00:00 PM,Monday,Queen Street West Ossington,Mechanical,4,16,E/B,501
4-Feb-19,505,7:31:00 PM,Monday,Warden and St Clair,Mechanical,1,2,E/B,8563
4-Feb-19,510,7:35:00 PM,Monday,Queen and Spadina,Held By,5,9,N/B,4572
4-Feb-19,504,7:39:00 PM,Monday,Queen Street East and King Street East,Investigation,26,33,W/B,504
4-Feb-19,501,8:21:00 PM,Monday,Bathurst Queen Street West,Mechanical,4,8,W/B,4029
4-Feb-19,501,11:00:00 PM,Monday,Church to Bathurst on Queen,Diversion,8,16,B/W,4117
5-Feb-19,510,2:25:00 AM,Tuesday,Spadina @ Sullivan,Mechanical,35,50,S/B,4412
5-Feb-19,501,3:00:00 AM,Tuesday,Queen Street West Glendale,Investigation,4,29,E/B,4189
5-Feb-19,505,4:59:00 AM,Tuesday,Wilson Garage,Late Leaving Garage,7,1,W/B,
5-Feb-19,501,5:00:00 AM,Tuesday,Elmsdale / queensway,Emergency Services,7,14,W/B,4105
5-Feb-19,501,5:14:00 AM,Tuesday,Beech / Queen,Held By,6,12,E/B,4131
5-Feb-19,501,5:14:00 AM,Tuesday,Beech / Queen,Mechanical,6,12,E/B,4111
5-Feb-19,306,5:15:00 AM,Tuesday,College and University,Investigation,17,47,E/B,4073
5-Feb-19,705,6:00:00 AM,Tuesday,Leslie Barns,Late Leaving Garage,1,1,W/B,4467
5-Feb-19,705,6:05:00 AM,Tuesday,Leslie Barns,Late Leaving Garage,1,1,W/B,4412
5-Feb-19,705,6:10:00 AM,Tuesday,Leslie Barns,Late Leaving Garage,1,1,W/B,4470
5-Feb-19,501,6:14:00 AM,Tuesday,5th / Lakeshore,Emergency Services,7,14,E/B,4069
5-Feb-19,705,6:15:00 AM,Tuesday,Leslie Barns,Late Leaving Garage,1,1,W/B,4086
5-Feb-19,705,6:20:00 AM,Tuesday,Leslie Barns,Late Leaving Garage,1,1,W/B,4474
5-Feb-19,510,6:57:00 AM,Tuesday,Leslie Barns,Late Leaving Garage,10,6,W/B,4523
5-Feb-19,504,7:04:00 AM,Tuesday,Leslie Barns,Late Leaving Garage,2,1,W/B,4432
5-Feb-19,510,7:05:00 AM,Tuesday,Leslie Barns,Late Leaving Garage,4,1,W/B,4477
5-Feb-19,509,7:07:00 AM,Tuesday,Leslie Barns,Late Leaving Garage,2,1,W/B,4475
5-Feb-19,501,7:09:00 AM,Tuesday,Queen And Connaught,Mechanical,4,8,E/B,4073
5-Feb-19,504,7:13:00 AM,Tuesday,Broadview and Queen,Mechanical,5,10,W/B,4504
5-Feb-19,501,7:44:00 AM,Tuesday,Southport / Queensway,Mechanical,6,12,W/B,4184
5-Feb-19,502,9:20:00 AM,Tuesday,Birchmount,Mechanical,10,20,B/W,8250
5-Feb-19,504,9:45:00 AM,Tuesday,King and Brant,Emergency Services,6,11,E/B,4445
5-Feb-19,512,9:57:00 AM,Tuesday,Earlscourt and St Clair,Mechanical,3,6,E/B,4454
5-Feb-19,511,11:07:00 AM,Tuesday,Bathurst and Dundas,General Delay,25,30,S/B,1603
5-Feb-19,502,11:09:00 AM,Tuesday,Sherbourne / Queen,Investigation,7,14,W/B,8602
5-Feb-19,512,11:22:00 AM,Tuesday,Wychwood and Stclair,Mechanical,52,56,W/B,4413
5-Feb-19,512,11:22:00 AM,Tuesday,Wychwood and St Clair west,Mechanical,52,56,W/B,4413
5-Feb-19,506,12:20:00 PM,Tuesday,Church and Carlton,Mechanical,6,12,W/B,4039
5-Feb-19,504,12:37:00 PM,Tuesday,King/Church,Emergency Services,161,168,B/W,4430
5-Feb-19,505,12:50:00 PM,Tuesday,Chestnut and Dundas,Mechanical,4,8,E/B,8159
5-Feb-19,505,1:31:00 PM,Tuesday,Palmerston and Dundas,Investigation,4,8,W/B,8951
5-Feb-19,505,2:18:00 PM,Tuesday,Dundas and Yonge,Investigation,4,8,E/B,8329
5-Feb-19,505,3:25:00 PM,Tuesday,Broadview and Dundas,Emergency Services,4,8,E/B,8574
5-Feb-19,501,6:25:00 PM,Tuesday,Queen Street East Glenhome,Mechanical,4,24,E/B,4180
5-Feb-19,504,6:35:00 PM,Tuesday,Dufferin Loop,Emergency Services,6,12,EB,4481
5-Feb-19,501,7:37:00 PM,Tuesday,Broadview Queen,Mechanical,4,8,E/B,4157
5-Feb-19,501,8:30:00 PM,Tuesday,Queen street,General Delay,5,10,B/W,4021
5-Feb-19,511,8:40:00 PM,Tuesday,CNE Loop,Investigation,5,10,N/B,1098
5-Feb-19,501,9:28:00 PM,Tuesday,Queen and John,Investigation,5,10,W/B,4144
5-Feb-19,504,10:00:00 PM,Tuesday,King and brant,Emergency Services,8,16,W/B,4448
5-Feb-19,29,10:21:00 PM,Tuesday,Peter and Queen,Held By,9,18,W/B,4111
5-Feb-19,511,10:31:00 PM,Tuesday,Bathurst Station,Investigation,5,10,S/B,1082
6-Feb-19,504,12:00:00 AM,Wednesday,King  and church,Diversion,208,216,B/W,4457
6-Feb-19,304,1:09:00 AM,Wednesday,king and church,Diversion,316,324,B/W,4479
6-Feb-19,310,2:49:00 AM,Wednesday,King street,Mechanical,30,60,N/B,4477
6-Feb-19,511,5:19:00 AM,Wednesday,BATHURST AND BLOOR,Mechanical,6,12,S/B,1263
6-Feb-19,501,5:51:00 AM,Wednesday,Queen and Connaught,Mechanical,4,8,W/B,4108
6-Feb-19,705,6:00:00 AM,Wednesday,Leslie Barns,Late Leaving Garage,1,1,W/B,4411
6-Feb-19,705,6:00:00 AM,Wednesday,Leslie Barns,Late Leaving Garage,1,1,W/B,4415
6-Feb-19,504,6:00:00 AM,Wednesday,Broadview Station to Dundas West Station,General Delay,15,20,B/W,4440
6-Feb-19,705,6:05:00 AM,Wednesday,Leslie Barns,Late Leaving Garage,1,1,W/B,4509
6-Feb-19,705,6:10:00 AM,Wednesday,Leslie Barns,Late Leaving Garage,1,1,W/B,4453
6-Feb-19,705,6:15:00 AM,Wednesday,Leslie Barns,Late Leaving Garage,1,1,W/B,4407
6-Feb-19,705,6:20:00 AM,Wednesday,Leslie Barns,Late Leaving Garage,1,1,W/B,4476
6-Feb-19,501,6:25:00 AM,Wednesday,Queen,General Delay,7,14,B/W,4474
6-Feb-19,505,7:30:00 AM,Wednesday,Broadview Stn to Dundas West Stn,General Delay,25,28,B/W,
6-Feb-19,506,7:31:00 AM,Wednesday,Parliament and Gerrard,Mechanical,6,12,W/B,4182
6-Feb-19,506,8:09:00 AM,Wednesday,Sherbourne and Colege,Investigation,6,12,E/B,4165
6-Feb-19,506,8:18:00 AM,Wednesday,Coxwell and Gerrard,Mechanical,6,12,W/B,4057
6-Feb-19,505,8:43:00 AM,Wednesday,Dundas and Sackville,Investigation,1,1,W/B,8155
6-Feb-19,505,9:14:00 AM,Wednesday,Broadview Stn,Mechanical,4,8,W/B,8555
6-Feb-19,512,9:30:00 AM,Wednesday,Roncesvalles and Howard Park,Investigation,1,1,S/B,4405
6-Feb-19,510,10:05:00 AM,Wednesday,Spadina and Dundas,Diversion,,,S/B,4502
6-Feb-19,505,10:14:00 AM,Wednesday,Bathurst and Dundas,Diversion,,,1573,8396
6-Feb-19,511,12:10:00 PM,Wednesday,Exhibtion loop,Mechanical,6,12,N/B,1263
6-Feb-19,504,12:14:00 PM,Wednesday,Spadina,General Delay,17,21,W/B,4458
6-Feb-19,705,2:24:00 PM,Wednesday,St. Clair and Keele,Investigation,3,6,N/B,1611
6-Feb-19,504,2:26:00 PM,Wednesday,Leslie yard,Late Leaving Garage,9,8,W/B,4475
6-Feb-19,504,2:31:00 PM,Wednesday,Leslie Yard,Late Leaving Garage,3,7,W/B,4473
6-Feb-19,502,2:33:00 PM,Wednesday,Bingham Loop,Mechanical,10,20,E/B,9238
6-Feb-19,701,2:46:00 PM,Wednesday,St. Clair and Gunns Loop,Mechanical,3,6,E/B,1226
6-Feb-19,705,3:03:00 PM,Wednesday,Leslie and Lakeshore,Mechanical,1,1,S/B,4476
6-Feb-19,506,6:39:00 PM,Wednesday,Gerrard and Broadview,Investigation,7,14,W/B,4022
6-Feb-19,506,8:19:00 PM,Wednesday,Coxwell and Gerrard,Investigation,23,29,E/B,4073
6-Feb-19,506,8:50:00 PM,Wednesday,Coxwell and Gerrard,Held By,16,21,E/B,4010
6-Feb-19,501,9:39:00 PM,Wednesday,Queen and Simcoe,Investigation,10,20,W/B,4184
7-Feb-19,501,4:28:00 AM,Thursday,Queen and Connaught,Mechanical,4,8,W/B,4101
7-Feb-19,506,5:14:00 AM,Thursday,Coxwell and Gerrard,Mechanical,5,10,W/B,4091
7-Feb-19,504,5:25:00 AM,Thursday,Leslie Barns,Late Leaving Garage,3,1,W/B,4487
7-Feb-19,510,5:25:00 AM,Thursday,Leslie Barns,Late Leaving Garage,3,1,W/B,4477
7-Feb-19,506,5:31:00 AM,Thursday,Coxwell and Gerrard,Mechanical,5,10,E/B,4023
7-Feb-19,501,5:51:00 AM,Thursday,Queen and Connaught,Mechanical,4,8,W/B,4032
7-Feb-19,501,5:56:00 AM,Thursday,Queen and Connaught,Mechanical,4,8,W/B,4156
7-Feb-19,501,5:59:00 AM,Thursday,Queen and Connaught,Mechanical,4,8,W/B,4050
7-Feb-19,705,6:00:00 AM,Thursday,Leslie Barns,Late Leaving Garage,1,1,W/B,4428
7-Feb-19,705,6:00:00 AM,Thursday,Leslie Barns,Late Leaving Garage,1,1,W/B,4403
7-Feb-19,705,6:05:00 AM,Thursday,Leslie Barns,Late Leaving Garage,1,1,W/B,4426
7-Feb-19,505,6:05:00 AM,Thursday,Dundas/Dovercourt,Mechanical,5,10,E/B,9207
7-Feb-19,705,6:10:00 AM,Thursday,Leslie Barns,Late Leaving Garage,1,1,W/B,4485
7-Feb-19,705,6:15:00 AM,Thursday,Leslie Barns,Late Leaving Garage,1,1,W/B,4510
7-Feb-19,705,6:20:00 AM,Thursday,Leslie Barns,Late Leaving Garage,1,1,W/B,4475
7-Feb-19,501,7:06:00 AM,Thursday,501 - Queen,General Delay,7,14,B/W,4165
7-Feb-19,506,7:34:00 AM,Thursday,Coxwell and Gerrard.,Mechanical,5,10,E/B,4012
7-Feb-19,506,8:34:00 AM,Thursday,Glennmore and Gerrard,Mechanical,6,12,W/B,4155
7-Feb-19,512,9:38:00 AM,Thursday,St. Clair / Avenue Rd,Investigation,3,6,W/B,1687
7-Feb-19,506,10:33:00 AM,Thursday,Parliament and Gerrard,Held By,6,12,W/B,4074
7-Feb-19,505,11:06:00 AM,Thursday,Parliameent/Gerred,Investigation,5,10,N/B,1289
7-Feb-19,506,12:37:00 PM,Thursday,Broadview and Gerrard,Mechanical,6,12,E/B,4199
7-Feb-19,506,3:53:00 PM,Thursday,Coxwell and Gerrard,Mechanical,6,12,E/B,4153
7-Feb-19,504,4:00:00 PM,Thursday,Dundas w stn-Brdv Stn,General Delay,10,17,B/W,
7-Feb-19,505,4:35:00 PM,Thursday,Spadina and College,Mechanical,0,0,W/B,4042
7-Feb-19,506,4:36:00 PM,Thursday,Spadina and College,Investigation,10,16,W/B,4114
7-Feb-19,502,4:39:00 PM,Thursday,Bingham Loop,Mechanical,10,20,E/B,8459
7-Feb-19,505,4:41:00 PM,Thursday,Rusholme,Investigation,5,10,W/B,8527
7-Feb-19,506,5:17:00 PM,Thursday,Coxwell and Gerrard,Mechanical,6,12,W/B,4052
7-Feb-19,504,5:34:00 PM,Thursday,Distillery loop,Mechanical,7,14,W/B,4452
7-Feb-19,505,7:25:00 PM,Thursday,Edna Street,Investigation,24,10,E/B,8951
7-Feb-19,504,7:27:00 PM,Thursday,Dundas W stn,Investigation,14,21,E/B,4420
7-Feb-19,504,7:56:00 PM,Thursday,Roncesvalles/Fermanagh,Held By,9,16,W/B,4454
7-Feb-19,501,8:13:00 PM,Thursday,Queen Street East Hammersmith,Mechanical,4,8,E/B,4170
7-Feb-19,501,8:13:00 PM,Thursday,Kingston Rd  Loop,Investigation,4,8,W/B,4160
7-Feb-19,504,9:18:00 PM,Thursday,Broadview and millbrook,Diversion,38,46,N/B,4503
7-Feb-19,504,11:26:00 PM,Thursday,Dundas west station,Mechanical,8,16,N/B,4416
8-Feb-19,301,1:58:00 AM,Friday,Queen & Parliament,Emergency Services,242,259,W/B,4443
8-Feb-19,301,2:10:00 AM,Friday,Kingston Road & Queen,Investigation,1,2,W/B,4133
8-Feb-19,501,4:27:00 AM,Friday,Queen / Parliament,Diversion,6,12,B/W,4104
8-Feb-19,506,5:14:00 AM,Friday,Coxwell and Gerrard,Mechanical,5,10,W/B,4050
8-Feb-19,510,5:20:00 AM,Friday,Spadina/Queens Quay,Mechanical,8,16,S/B,4524
8-Feb-19,506,5:34:00 AM,Friday,Gerrard & Broadview,Mechanical,5,12,W/B,4146
8-Feb-19,705,6:00:00 AM,Friday,Leslie Barns,Late Leaving Garage,1,1,W/B,4434
8-Feb-19,705,6:00:00 AM,Friday,Leslie Barns,Late Leaving Garage,1,1,W/B,4500
8-Feb-19,705,6:05:00 AM,Friday,Leslie Barns,Late Leaving Garage,1,1,W/B,4449
8-Feb-19,705,6:10:00 AM,Friday,Leslie Barns,Late Leaving Garage,1,1,W/B,4408
8-Feb-19,705,6:15:00 AM,Friday,Leslie Barns,Late Leaving Garage,1,1,W/B,4443
8-Feb-19,705,6:20:00 AM,Friday,Leslie Barns,Late Leaving Garage,1,1,W/B,4407
8-Feb-19,504,6:39:00 AM,Friday,King and Parliament`,Mechanical,6,12,E/B,4466
8-Feb-19,511,7:43:00 AM,Friday,Bathurst & Ulster,Investigation,6,12,N/B,1325
8-Feb-19,511,8:22:00 AM,Friday,Bathurst Stn,Investigation,6,12,S/B,1094
8-Feb-19,501,10:20:00 AM,Friday,Parliament / Queen,Emergency Services,6,12,W/B,4034
8-Feb-19,501,11:08:00 AM,Friday,mc caul / queen,Held By,6,12,W/B,4510
8-Feb-19,505,11:22:00 AM,Friday,Dundas west stn.,Mechanical,5,10,E/B,8139
8-Feb-19,501,12:32:00 PM,Friday,Rocesvalles and Queen Street West,Mechanical,4,8,W/B,4111
8-Feb-19,502,12:56:00 PM,Friday,Queen Street West McCaul,Mechanical,4,8,E/B,4051
8-Feb-19,511,1:00:00 PM,Friday,Bathurst station,Mechanical,4,8,N/B,1028
8-Feb-19,512,2:01:00 PM,Friday,Roncesvalles Yard,Late Leaving Garage,5,9,E/B,4421
8-Feb-19,506,2:31:00 PM,Friday,Bathurst st,Mechanical,5,10,W/B,4148
8-Feb-19,506,2:45:00 PM,Friday,Main station,Investigation,28,31,W/B,4077
8-Feb-19,506,3:39:00 PM,Friday,Sackville,Investigation,5,10,W/B,4065
8-Feb-19,505,3:58:00 PM,Friday,Lansdowne,Held By,5,10,W/B,4069
8-Feb-19,506,4:03:00 PM,Friday,Lasdowne,Diversion,5,10,W/B,4108
8-Feb-19,509,4:59:00 PM,Friday,Exhibition Loop,Overhead - Pantograph,7,14,E/B,4500
8-Feb-19,504,5:45:00 PM,Friday,Dundas w stn-brdv stn,General Delay,10,17,B/W,
8-Feb-19,501,6:36:00 PM,Friday,Lakeshore Blvd West Legion,Held By,20,20,E/B,4004
8-Feb-19,504,7:00:00 PM,Friday,Dufferin Loop,Mechanical,7,14,E/B,4407
8-Feb-19,504,7:31:00 PM,Friday,King and Dufferin,Mechanical,7,14,W/B,4474
8-Feb-19,504,7:42:00 PM,Friday,Dundas w Stn,Mechanical,0,0,E/B,4493
9-Feb-19,510,2:03:00 AM,Saturday,Charlotte Loop,Emergency Services,1,2,S/B,4497
9-Feb-19,504,2:27:00 AM,Saturday,King & Shaw,Emergency Services,9,29,E/B,4457
9-Feb-19,306,3:12:00 AM,Saturday,Yonge and Gerrard,Mechanical,30,60,W/B,4156
9-Feb-19,506,5:25:00 AM,Saturday,Russell Yard,Mechanical,9,19,W/B,4084
9-Feb-19,506,5:33:00 AM,Saturday,Rusell Yard,General Delay,3,13,E/B,4012
9-Feb-19,506,5:33:00 AM,Saturday,Russell Yard,Held By,5,15,E/B,4146
9-Feb-19,506,7:24:00 AM,Saturday,Coxwell and Gerrard,Investigation,6,12,E/B,4182
9-Feb-19,510,8:56:00 AM,Saturday,Leslie Barns,Late Leaving Garage,8,16,W/B,4474
9-Feb-19,510,9:35:00 AM,Saturday,King and spadina,Mechanical,4,8,N/B,4500
9-Feb-19,506,10:03:00 AM,Saturday,Gerrard & Woodfield,Held By,7,13,E/B,4114
9-Feb-19,501,10:13:00 AM,Saturday,Humber loop,Mechanical,5,10,E/B,4066
9-Feb-19,506,10:16:00 AM,Saturday,Russell Yard,Mechanical,5,15,W/B,4149
9-Feb-19,501,10:21:00 AM,Saturday,Queen/Jones,General Delay,8,13,E/B,4124
9-Feb-19,504,10:24:00 AM,Saturday,King / Church,Mechanical,7,14,E/B,4476
9-Feb-19,505,11:10:00 AM,Saturday,Dundas W. Stn,Mechanical,5,10,N/B,8144
9-Feb-19,506,11:55:00 AM,Saturday,Main Stn,Mechanical,6,12,W/B,4143
9-Feb-19,501,1:55:00 PM,Saturday,Greenwood and Queen,Mechanical,5,10,W/B,4171
9-Feb-19,501,2:33:00 PM,Saturday,Pape and Queen,Mechanical,5,10,E/B,4131
9-Feb-19,506,3:01:00 PM,Saturday,Bathurst and College,Mechanical,6,12,E/B,4010
9-Feb-19,504,3:45:00 PM,Saturday,King/Jefferson to Jameson,General Delay,12,16,E/B,4513
9-Feb-19,501,4:29:00 PM,Saturday,Neville Loop,Emergency Services,17,22,E/B,4050
9-Feb-19,505,4:37:00 PM,Saturday,Dundas and Dufferin,Mechanical,4,8,W/B,8323
9-Feb-19,505,5:05:00 PM,Saturday,Dundas and Victoria,General Delay,10,7,B/W,8572
9-Feb-19,506,5:20:00 PM,Saturday,COXWELL AND GERRARD,Mechanical,6,12,W/B,4178
9-Feb-19,511,5:31:00 PM,Saturday,Bathurst and King,Mechanical,6,12,N/B,1101
9-Feb-19,510,6:03:00 PM,Saturday,Spadina and Bremner,Investigation,24,28,N/B,4462
9-Feb-19,505,6:25:00 PM,Saturday,Dundas and McCaul,Utilized Off Route,4,8,E/B,9230
9-Feb-19,505,6:46:00 PM,Saturday,Dundas West Station,Emergency Services,4,8,E/B,8532
9-Feb-19,511,7:47:00 PM,Saturday,Lakeshore to Queen,General Delay,9,14,N/B,1085
9-Feb-19,501,7:49:00 PM,Saturday,Ellis mnd The Queensway,Mechanical,5,10,E/B,4133
9-Feb-19,505,8:11:00 PM,Saturday,Dundas and Bathurst,Investigation,5,10,E/B,8322
9-Feb-19,501,8:27:00 PM,Saturday,Queen and McCaul,Mechanical,6,12,E/B,4131
9-Feb-19,501,8:46:00 PM,Saturday,Queen and Lansdowne,Mechanical,6,12,E/B,4098
9-Feb-19,501,10:29:00 PM,Saturday,Queen and Ossington,Held By,8,12,W/B,4042
9-Feb-19,505,10:35:00 PM,Saturday,Dundas West Station,Mechanical,9,18,W/B,8310
9-Feb-19,506,11:09:00 PM,Saturday,Lansdowne Loop,Emergency Services,8,16,E/B,4011
9-Feb-19,501,11:23:00 PM,Saturday,Long Branch Loop,Mechanical,6,12,W/B,4124
9-Feb-19,501,11:37:00 PM,Saturday,Queen and Connaught,Mechanical,6,12,E/B,4085
10-Feb-19,304,2:10:00 AM,Sunday,Broadview Station,Emergency Services,22,37,W/B,457
10-Feb-19,512,2:22:00 AM,Sunday,Bathurst & King,Investigation,1,2,S/B,4504
10-Feb-19,501,3:00:00 AM,Sunday,Queen at Neville Loop,Mechanical,10,20,W/B,4024
10-Feb-19,504,5:48:00 AM,Sunday,Leslie Barns,Late Leaving Garage,8,16,W/B,4502
10-Feb-19,512,6:05:00 AM,Sunday,Old Weston Rd,Mechanical,0,0,W/B,4409
10-Feb-19,501,7:06:00 AM,Sunday,Neville park loop,Mechanical,8,13,W/B,4403
10-Feb-19,510,8:16:00 AM,Sunday,King and Spadina,Mechanical,9,18,N/B,4500
10-Feb-19,504,8:55:00 AM,Sunday,Leslie Barns,Late Leaving Garage,8,17,W/B,4513
10-Feb-19,501,8:57:00 AM,Sunday,Leslie Barns,Late Leaving Garage,8,16,W/B,4511
10-Feb-19,505,10:02:00 AM,Sunday,Broadview and Gerrard,Investigation,6,12,S/B,8164
10-Feb-19,510,11:20:00 AM,Sunday,Charolette loop,Mechanical,4,8,S/B,4426
10-Feb-19,510,11:21:00 AM,Sunday,Soadia and Front,Emergency Services,11,15,N/B,4489
10-Feb-19,501,11:27:00 AM,Sunday,Queen/University,Mechanical,5,10,W/B,4127
10-Feb-19,506,11:47:00 AM,Sunday,Coxwell and Lower Gerrard,Mechanical,25,13,E/B,4103
10-Feb-19,501,12:00:00 PM,Sunday,Queen St. E and Connaught Ave.,Mechanical,1,5,E/B,4149
10-Feb-19,506,12:15:00 PM,Sunday,College & Bay,Mechanical,8,16,W/B,4086
10-Feb-19,504,3:16:00 PM,Sunday,King and Broadview,Mechanical,9,18,E/B,4523
10-Feb-19,501,5:06:00 PM,Sunday,Humber Loop,Mechanical,5,10,W/B,4430
10-Feb-19,505,5:37:00 PM,Sunday,Huron and Dundas,Investigation,6,12,E/B,8557
10-Feb-19,501,5:41:00 PM,Sunday,Bathurst and Queen (Wolo. Loop),Mechanical,5,10,W/B,4511
10-Feb-19,504,8:46:00 PM,Sunday,Parliament and dundas,Held By,9,18,N/B,4402
10-Feb-19,505,9:41:00 PM,Sunday,Dundas/Broadview,Mechanical,10,19,E/B,1399
10-Feb-19,512,10:16:00 PM,Sunday,St. Clair and Oakwood,Mechanical,0,0,W/B,4439
11-Feb-19,504,5:32:00 AM,Monday,Leslie Barns,Mechanical,4,8,W/B,4494
11-Feb-19,504,5:50:00 AM,Monday,Queen and Broadview,Mechanical,6,12,W/B,4416
11-Feb-19,705,6:00:00 AM,Monday,Leslie Barns,Late Leaving Garage,1,1,W/B,4424
11-Feb-19,705,6:00:00 AM,Monday,Leslie Barns,Late Leaving Garage,1,1,W/B,4474
11-Feb-19,504,6:03:00 AM,Monday,Broadview  Ave,Late Leaving Garage,6,10,W/B,4452
11-Feb-19,504,6:05:00 AM,Monday,,Late Leaving Garage,22,4,W/B,4468
11-Feb-19,705,6:05:00 AM,Monday,Leslie Barns,Late Leaving Garage,1,1,W/B,4572
11-Feb-19,705,6:10:00 AM,Monday,Leslie Barns,Late Leaving Garage,1,1,W/B,4513
11-Feb-19,705,6:15:00 AM,Monday,Leslie Barns,Late Leaving Garage,1,1,W/B,4467
11-Feb-19,705,6:20:00 AM,Monday,Leslie Barns,Late Leaving Garage,1,1,W/B,4447
11-Feb-19,509,6:42:00 AM,Monday,Leslie Barns,Late Leaving Garage,6,12,W/B,4457
11-Feb-19,502,7:18:00 AM,Monday,Jarvis / Queen,Mechanical,7,14,E/B,8537
11-Feb-19,504,8:10:00 AM,Monday,Sherbourne,Mechanical,0,0,W/B,4456
11-Feb-19,501,9:06:00 AM,Monday,spadina / Queen,Mechanical,6,12,W/B,4068
11-Feb-19,504,10:00:00 AM,Monday,River Street,Mechanical,0,0,E/B,4447
11-Feb-19,501,11:00:00 AM,Monday,king. Queen,Mechanical,7,14,E/B,4149
11-Feb-19,506,1:21:00 PM,Monday,Main Stn,Mechanical,6,12,W/B,4050
11-Feb-19,501,1:59:00 PM,Monday,Queen St West Brock,Mechanical,4,8,E/B,4075
11-Feb-19,502,2:06:00 PM,Monday,Queen Sackville,Mechanical,10,20,E/B,8559
11-Feb-19,504,2:30:00 PM,Monday,Springhurst Loop,Held By,10,17,E/B,4483
11-Feb-19,512,2:30:00 PM,Monday,St. Clair and Lansdown,Emergency Services,24,27,W/B,4495
11-Feb-19,506,3:50:00 PM,Monday,Sumach and Gerrard,Mechanical,6,12,E/B,4032
11-Feb-19,506,4:10:00 PM,Monday,Bay and College,Mechanical,6,12,E/B,4052
11-Feb-19,506,4:54:00 PM,Monday,Yonge and Carlton,Mechanical,10,16,W/B,4084
11-Feb-19,506,4:56:00 PM,Monday,College and St George,General Delay,14,20,W/B,4084
11-Feb-19,504,6:00:00 PM,Monday,King and Bathurst,General Delay,8,7,B/W,4445
11-Feb-19,501,6:50:00 PM,Monday,Laskeshore Blvd West Mimico,Investigation,10,20,E/B,4075
11-Feb-19,505,7:39:00 PM,Monday,Spadina and Dundas,Held By,4,8,W/B,8181
11-Feb-19,504,7:44:00 PM,Monday,King and Ontario,Investigation,19,24,W/B,4445
11-Feb-19,504,8:42:00 PM,Monday,King and dunn,Held By,12,21,W/B,4468
11-Feb-19,504,10:41:00 PM,Monday,King and john,Emergency Services,9,18,E/B,4492
11-Feb-19,506,10:57:00 PM,Monday,Main Stn,Mechanical,9,17,S/B,4050
12-Feb-19,501,1:27:00 AM,Tuesday,Long branch Loop,Investigation,5,15,E/B,4057
12-Feb-19,512,2:15:00 AM,Tuesday,Roncesvalles Yard,Late Leaving Garage,10,5,E/B,4482
12-Feb-19,501,2:25:00 AM,Tuesday,Long Branch Loop,Investigation,11,21,E/B,4029
12-Feb-19,501,4:46:00 AM,Tuesday,Queen and Connaught,Mechanical,4,8,E/B,4079
12-Feb-19,512,5:07:00 AM,Tuesday,Lansdowne and St Clair,Mechanical,8,19,E/B,4424
12-Feb-19,512,5:21:00 AM,Tuesday,Bathurst and St Clair West,Mechanical,15,19,W/B,4405
12-Feb-19,501,5:36:00 AM,Tuesday,Queen and Connaught,Mechanical,4,8,W/B,4149
12-Feb-19,510,6:09:00 AM,Tuesday,Leslie Barns,Late Leaving Garage,2,6,W/B,4459
12-Feb-19,501,6:10:00 AM,Tuesday,Leslie Barns,Late Leaving Garage,2,8,W/B,4503
12-Feb-19,506,6:18:00 AM,Tuesday,Gerrard & Marjory,Mechanical,31,39,W/B,4034
12-Feb-19,504,6:27:00 AM,Tuesday,Queen and Broadview,Mechanical,5,10,W/B,4439
12-Feb-19,510,7:05:00 AM,Tuesday,Leslie Barns,Late Leaving Garage,4,8,W/B,4507
12-Feb-19,509,7:07:00 AM,Tuesday,Leslie Barns,Late Leaving Garage,2,8,W/B,4501
12-Feb-19,504,7:13:00 AM,Tuesday,Leslie Barns,Late Leaving Garage,2,8,W/B,4435
12-Feb-19,504,7:13:00 AM,Tuesday,Queen and Broadview,Mechanical,5,10,W/B,4456
12-Feb-19,506,8:00:00 AM,Tuesday,College & Lansdowne,Diversion,0,0,W/B,4144
12-Feb-19,501,8:02:00 AM,Tuesday,Jones/ Queen,Mechanical,6,12,W/B,4149
12-Feb-19,506,8:08:00 AM,Tuesday,Carlton & Ontario,Mechanical,6,11,W/B,4106
12-Feb-19,501,8:25:00 AM,Tuesday,Parklawn / Lakeshore,Mechanical,7,14,E/B,4193
12-Feb-19,504,9:02:00 AM,Tuesday,Duoro St,Investigation,22,26,W/B,4489
12-Feb-19,501,9:03:00 AM,Tuesday,Niagara / Queen,Mechanical,6,12,E/B,4155
12-Feb-19,505,9:10:00 AM,Tuesday,Dundas West Stn,Utilized Off Route,4,8,E/B,8385
12-Feb-19,510,9:40:00 AM,Tuesday,Spadina and Queensquay,General Delay,12,16,E/B,4436
12-Feb-19,705,10:00:00 AM,Tuesday,Calidonia and St Clair,Mechanical,1,1,E/B,4498
12-Feb-19,510,10:04:00 AM,Tuesday,Spadina and Queensquay,Mechanical,4,8,E/B,4572
12-Feb-19,509,10:14:00 AM,Tuesday,Spadina QueensQuay,Held By,18,25,W/B,4455
12-Feb-19,502,10:35:00 AM,Tuesday,Simcoe / Queen,Investigation,7,14,E/B,9204
12-Feb-19,504,10:45:00 AM,Tuesday,Dundas West Station to Broadview station,General Delay,12,18,E/B,4457
12-Feb-19,506,10:48:00 AM,Tuesday,Gerrard & Sackville,Investigation,4,9,W/B,4103
12-Feb-19,511,11:47:00 AM,Tuesday,Bathurst Stn,Investigation,8,16,N/B,1106
12-Feb-19,501,12:19:00 PM,Tuesday,Queen Street University,Mechanical,4,8,W/B,4160
12-Feb-19,501,12:46:00 PM,Tuesday,Queen Street East Jarvis,Mechanical,4,8,W/B,4131
12-Feb-19,504,1:12:00 PM,Tuesday,Roncesvalles/Boustead,Investigation,20,27,E/B,4433
12-Feb-19,501,1:21:00 PM,Tuesday,Queen Jarvis,Investigation,4,8,,4165
12-Feb-19,505,1:27:00 PM,Tuesday,Dundas West Station,Mechanical,4,8,W/B,8332
12-Feb-19,504,1:34:00 PM,Tuesday,Queen and Brodview,Held By,10,18,W/B,4483
12-Feb-19,509,1:41:00 PM,Tuesday,Fleet and Bathurst,Held By,14,21,W/B,4418
12-Feb-19,511,1:52:00 PM,Tuesday,Bathurst Station,Investigation,8,16,S/B,1586
12-Feb-19,501,2:15:00 PM,Tuesday,Queen St East Kingston Rd.,General Delay,1,1,E/B,4199
12-Feb-19,509,2:17:00 PM,Tuesday,Union,General Delay,8,16,W/B,4455
12-Feb-19,511,3:01:00 PM,Tuesday,Bathurst Station,Mechanical,8,16,S/B,1125
12-Feb-19,504,3:11:00 PM,Tuesday,Queen St E and Leslie St,Mechanical,4,8,W/B,4506
12-Feb-19,506,3:11:00 PM,Tuesday,Gerrad and Parliament,Mechanical,6,12,W/B,4121
12-Feb-19,504,3:27:00 PM,Tuesday,Queen St E and Leslie St,Mechanical,4,8,W/B,4437
12-Feb-19,504,3:33:00 PM,Tuesday,Queen St E and Leslie St,Held By,4,8,W/B,4422
12-Feb-19,505,3:37:00 PM,Tuesday,Donlands and Danforth,Mechanical,4,8,W/B,8440
12-Feb-19,503,3:53:00 PM,Tuesday,Bingham loop,Mechanical,12,24,W/B,4469
12-Feb-19,501,4:01:00 PM,Tuesday,Lakeshore Blvd West  Parklawn,Overhead - Pantograph,4,8,E/B,4150
12-Feb-19,705,4:05:00 PM,Tuesday,Queen St E and Leslie St,Held By,4,8,W/B,4467
12-Feb-19,705,4:10:00 PM,Tuesday,Queen St E and Leslie St,Held By,4,8,W/B,4520
12-Feb-19,501,4:19:00 PM,Tuesday,Royal York Lakeshore Blvd,Mechanical,10,35,W/B,4074
12-Feb-19,505,4:30:00 PM,Tuesday,Manning and Dundas,Mechanical,4,8,E/B,8102
12-Feb-19,504,4:32:00 PM,Tuesday,Sumach/Front,Mechanical,13,20,W/B,4434
12-Feb-19,505,4:55:00 PM,Tuesday,Dundas and Broadview,Investigation,4,8,S/B,1355
12-Feb-19,505,4:56:00 PM,Tuesday,Dundas and Broadview,Investigation,4,8,S/B,8120
12-Feb-19,504,5:13:00 PM,Tuesday,Sumach/Front,Mechanical,10,17,W/B,4452
12-Feb-19,505,5:19:00 PM,Tuesday,Dundas West Station,Mechanical,4,8,E/B,8381
12-Feb-19,501,5:33:00 PM,Tuesday,Queen Spadina,Investigation,4,8,W/B,4146
12-Feb-19,705,5:40:00 PM,Tuesday,St. Clair and Robina,Held By,9,14,E/B,4484
12-Feb-19,501,5:44:00 PM,Tuesday,Kingston Rd Loop,General Delay,4,8,E/B,4034
12-Feb-19,504,6:04:00 PM,Tuesday,King/Sumach,Mechanical,7,14,W/B,4431
12-Feb-19,504,6:09:00 PM,Tuesday,King and queen,Mechanical,150,160,E/B,4523
12-Feb-19,505,6:22:00 PM,Tuesday,Spadina and Dundas,Mechanical,4,8,W/B,8518
12-Feb-19,512,6:28:00 PM,Tuesday,Gunns Loop,General Delay,1,1,E/B,4514
12-Feb-19,504,7:00:00 PM,Tuesday,Broadview/gerrard,Mechanical,108,117,E/B,4431
12-Feb-19,505,7:05:00 PM,Tuesday,Broadview Station,Emergency Services,4,8,E/B,8585
12-Feb-19,503,8:04:00 PM,Tuesday,Wellington and York,Investigation,12,24,W/B,8528
12-Feb-19,510,8:06:00 PM,Tuesday,Spadina and Queens Quay Loop,Mechanical,8,16,N/B,4444
12-Feb-19,505,8:07:00 PM,Tuesday,Lansdowne and Dundas,Mechanical,5,10,,9226
12-Feb-19,512,11:26:00 PM,Tuesday,Gunns Loop,Mechanical,6,12,E/B,4514
12-Feb-19,501,11:33:00 PM,Tuesday,Queen and spadina,Mechanical,30,39,E/B,4150
12-Feb-19,501,11:51:00 PM,Tuesday,Queen and parliament,Mechanical,133,141,W/B,4495
13-Feb-19,501,12:35:00 AM,Wednesday,Long Branch Loop,Held By,32,41,E/B,4476
13-Feb-19,805,12:42:00 AM,Wednesday,college and lansdowne,Mechanical,1,1,W/B,4079
13-Feb-19,605,1:05:00 AM,Wednesday,Queen & Bathurst,Investigation,8,16,W/B,8786
13-Feb-19,306,1:17:00 AM,Wednesday,Gerrard & Carlaw,Mechanical,9,18,W/B,4187
13-Feb-19,310,1:59:00 AM,Wednesday,Queens Quay and Spadina,Diversion,64,94,E/B,4465
13-Feb-19,510,2:03:00 AM,Wednesday,Harbourfront Tunnel,Overhead - Pantograph,10,20,S/B,4451
13-Feb-19,301,2:29:00 AM,Wednesday,Queen and connaught,Mechanical,102,111,E/B,4476
13-Feb-19,501,3:20:00 AM,Wednesday,Queen and Bathurst,Mechanical,43,73,W/B,4428
13-Feb-19,501,3:33:00 AM,Wednesday,Queen and Connaught,Mechanical,11,22,E/B,4476
13-Feb-19,501,4:27:00 AM,Wednesday,Connaught and Queen,Late Leaving Garage,17,34,E/B,4073
13-Feb-19,510,5:35:00 AM,Wednesday,Leslie Barns,General Delay,6,12,W/B,4418
13-Feb-19,501,5:37:00 AM,Wednesday,Queen,General Delay,7,14,B/W,4057
13-Feb-19,501,5:41:00 AM,Wednesday,Coxwell and Gerrard,Mechanical,8,16,E/B,4091
13-Feb-19,506,5:52:00 AM,Wednesday,Coxwell and Gerrard,Mechanical,11,22,E/B,4190
13-Feb-19,501,6:22:00 AM,Wednesday,Connaught and Queen,Late Leaving Garage,5,10,E/B,4050
13-Feb-19,501,6:32:00 AM,Wednesday,Connaught and Queen,Late Leaving Garage,9,18,W/B,4042
13-Feb-19,506,6:40:00 AM,Wednesday,Coxwell and Gerrard,Mechanical,5,10,W/B,4065
13-Feb-19,501,7:06:00 AM,Wednesday,Long Branch Loop,Mechanical,7,14,W/B,4178
13-Feb-19,506,7:38:00 AM,Wednesday,Dawes and Danforth,Held By,9,19,W/B,8896
13-Feb-19,510,8:30:00 AM,Wednesday,Spadina Stn to Union,General Delay,15,19,B/W,4484
13-Feb-19,4,8:50:00 AM,Wednesday,King and Bathurst,General Delay,10,14,S/B,1521
13-Feb-19,512,9:05:00 AM,Wednesday,SC/Oakwood,Investigation,3,6,W/B,1258
13-Feb-19,504,9:15:00 AM,Wednesday,Shaw,General Delay,24,12,W/B,4421
13-Feb-19,504,9:35:00 AM,Wednesday,King and Spadina,Held By,31,37,B/W,4415
13-Feb-19,510,9:45:00 AM,Wednesday,Spadina and King,Mechanical,29,33,W/B,4475
13-Feb-19,512,10:59:00 AM,Wednesday,SC/Dufferin,Investigation,3,6,W/B,1798
13-Feb-19,510,12:16:00 PM,Wednesday,Spadina Stn,Mechanical,8,16,S/B,
13-Feb-19,501,12:33:00 PM,Wednesday,Queen St East Caroline,Investigation,4,8,E/B,4144
13-Feb-19,505,1:01:00 PM,Wednesday,Yonge and Dundas,General Delay,22,26,S/B,8375
13-Feb-19,506,1:10:00 PM,Wednesday,Havelock / College,Investigation,6,12,W/B,4160
13-Feb-19,512,1:12:00 PM,Wednesday,SC/KEELE,General Delay,7,12,E/B,4505
13-Feb-19,504,1:24:00 PM,Wednesday,Roncesvalles/Howard Park,Held By,5,12,E/B,4428
13-Feb-19,501,1:40:00 PM,Wednesday,Queen Jarvis,Mechanical,4,8,E/B,4040
13-Feb-19,506,1:46:00 PM,Wednesday,Main Stn,Mechanical,6,12,W/B,4141
13-Feb-19,506,1:53:00 PM,Wednesday,Main station,Mechanical,6,12,W/B,4185
13-Feb-19,504,2:06:00 PM,Wednesday,Roncesvalles/Howard Park,Held By,6,13,E/B,4492
13-Feb-19,506,2:54:00 PM,Wednesday,Main Stn,Mechanical,6,12,W/B,4189
13-Feb-19,505,3:47:00 PM,Wednesday,Broadview Station,Mechanical,4,8,W/B,8336
13-Feb-19,504,4:00:00 PM,Wednesday,Roncesvalles/Grenadier,Investigation,12,19,W/B,4415
13-Feb-19,504,5:30:00 PM,Wednesday,Dundas W stn -Brdv Stn,General Delay,7,14,B/W,
13-Feb-19,512,5:46:00 PM,Wednesday,Sc. Clair and Bathurst,Overhead - Pantograph,90,94,W/B,4409
13-Feb-19,506,6:20:00 PM,Wednesday,Greenwood / Gerrard,Investigation,6,12,E/B,4068
13-Feb-19,505,6:33:00 PM,Wednesday,Dundas And Manning,Mechanical,4,8,W/B,8209
13-Feb-19,506,6:46:00 PM,Wednesday,Loagn / Gerrard,Held By,6,12,E/B,4023
13-Feb-19,506,7:19:00 PM,Wednesday,College / University,Investigation,7,14,E/B,4069
13-Feb-19,512,8:14:00 PM,Wednesday,St. Clair and Winona,Mechanical,8,16,W/B,4490
13-Feb-19,501,9:00:00 PM,Wednesday,Queen & Connaught,Mechanical,8,16,E/B,4050
13-Feb-19,501,10:24:00 PM,Wednesday,Queen & Sackville,Investigation,32,41,E/B,4413
14-Feb-19,512,12:07:00 AM,Thursday,St. Clair West Stn,Investigation,29,37,E/B,4505
14-Feb-19,304,2:39:00 AM,Thursday,king and bathurst,Investigation,30,60,W/B,4415
14-Feb-19,512,4:46:00 AM,Thursday,St.Clair / Bathurst,General Delay,3,6,B/W,
14-Feb-19,506,5:14:00 AM,Thursday,Coxwell and Gerrard,Mechanical,5,10,W/B,4105
14-Feb-19,504,5:16:00 AM,Thursday,Leslie Barns,Late Leaving Garage,4,8,W/B,4506
14-Feb-19,509,5:22:00 AM,Thursday,Leslie Barns,Late Leaving Garage,6,12,W/B,4434
14-Feb-19,504,5:23:00 AM,Thursday,Leslie Barns,Late Leaving Garage,4,8,W/B,4464
14-Feb-19,504,5:25:00 AM,Thursday,Leslie Barns,Late Leaving Garage,4,8,W/B,4479
14-Feb-19,501,5:56:00 AM,Thursday,Queen and Connaught,Mechanical,4,8,W/B,4182
14-Feb-19,506,6:00:00 AM,Thursday,Coxwell and Gerrard,Mechanical,5,10,E/B,4024
14-Feb-19,501,6:02:00 AM,Thursday,Queen And Connaught,Mechanical,4,8,W/B,4021
14-Feb-19,501,6:05:00 AM,Thursday,Royal York / Lakeshore,Investigation,7,14,E/B,4515
14-Feb-19,506,6:10:00 AM,Thursday,Greenwood Gerrard,Held By,5,10,E/B,4124
14-Feb-19,510,6:25:00 AM,Thursday,Spadina/King,Mechanical,8,16,S/B,4407
14-Feb-19,506,6:26:00 AM,Thursday,Coxwell And Gerrard,Mechanical,5,10,E/B,4119
14-Feb-19,504,6:38:00 AM,Thursday,King/University,Utilized Off Route,4,8,W/B,4511
14-Feb-19,510,6:39:00 AM,Thursday,Spadina/king,Mechanical,8,16,N/B,4417
14-Feb-19,504,7:04:00 AM,Thursday,Leslie Barns,Late Leaving Garage,4,8,W/B,4439
14-Feb-19,510,7:05:00 AM,Thursday,Leslie Barns,Late Leaving Garage,4,8,W/B,4522
14-Feb-19,501,7:09:00 AM,Thursday,Queen and Connaught,Mechanical,4,8,E/B,4125
14-Feb-19,504,7:16:00 AM,Thursday,Leslie Barns,Late Leaving Garage,4,8,W/B,4437
14-Feb-19,506,7:33:00 AM,Thursday,Coxwell and Gerrard,Late Leaving Garage,5,10,W/B,4187
14-Feb-19,501,7:46:00 AM,Thursday,Queen,General Delay,7,14,B/W,4436
14-Feb-19,504,7:52:00 AM,Thursday,Roncesvalles and Garden,Held By,6,11,E/B,4484
14-Feb-19,506,7:55:00 AM,Thursday,Coxwell and Gerrard,Mechanical,5,10,E/B,4039
14-Feb-19,506,7:58:00 AM,Thursday,College Spadina,Held By,5,10,W/B,4176
14-Feb-19,502,7:58:00 AM,Thursday,Sackville / Queen,Mechanical,7,14,W/B,8603
14-Feb-19,501,7:59:00 AM,Thursday,Royal York / Lakeshore,Investigation,7,14,E/B,4032
14-Feb-19,505,8:05:00 AM,Thursday,DUNDAS/OSSINGTON,Mechanical,4,8,W/B,8584
14-Feb-19,505,8:12:00 AM,Thursday,Broadview/Gerrard,Mechanical,4,8,nb,8551
14-Feb-19,705,9:11:00 AM,Thursday,Dovercourt / Queen,Emergency Services,7,14,E/B,4435
14-Feb-19,501,9:15:00 AM,Thursday,Parliament / Queen,Mechanical,6,12,W/B,4106
14-Feb-19,504,9:28:00 AM,Thursday,Roncesvalles and Harvard,Held By,7,13,E/B,4507
14-Feb-19,504,9:48:00 AM,Thursday,Roncesvalles and Dundas,Investigation,31,37,B/W,4517
14-Feb-19,501,9:50:00 AM,Thursday,Dundas / Broadview,Emergency Services,7,14,W/B,4106
14-Feb-19,504,10:42:00 AM,Thursday,Roncesvalles and Harvard  AVE,Held By,56,61,B/W,4421
14-Feb-19,511,11:30:00 AM,Thursday,CNE Loop,Emergency Services,5,10,E/B,1122
14-Feb-19,505,11:45:00 AM,Thursday,Dundas West Station,Utilized Off Route,4,8,E/B,8584
14-Feb-19,505,11:45:00 AM,Thursday,Dundas and Lansdowne,Utilized Off Route,4,8,E/B,8542
14-Feb-19,504,11:45:00 AM,Thursday,Victoria,Held By,12,16,E/B,4493
14-Feb-19,504,11:49:00 AM,Thursday,Duoro,General Delay,21,25,W/B,4509
14-Feb-19,505,12:42:00 PM,Thursday,Dundas and Dufferin,General Delay,43,47,W/B,1712
14-Feb-19,705,1:10:00 PM,Thursday,Roncesvalles/Marion,Held By,14,21,E/B,4487
14-Feb-19,504,3:23:00 PM,Thursday,King and Parliament,Held By,64,70,W/B,4488
14-Feb-19,504,3:50:00 PM,Thursday,King/Church,Held By,23,30,W/B,4439
14-Feb-19,503,4:10:00 PM,Thursday,King/sackville,Held By,15,27,W/B,8588
14-Feb-19,503,4:44:00 PM,Thursday,Kingston rd/Woodbine,Mechanical,12,24,W/B,8404
14-Feb-19,502,5:43:00 PM,Thursday,Carrol Queen Street East,Investigation,12,24,E/B,9229
14-Feb-19,501,5:45:00 PM,Thursday,Queen Street West Gladstone,Emergency Services,4,8,W/B,4148
14-Feb-19,705,5:59:00 PM,Thursday,Roncesvalles/Marion,Investigation,31,38,E/B,4438
14-Feb-19,510,6:00:00 PM,Thursday,Union Stn,Investigation,36,42,S/B,4420
14-Feb-19,504,6:22:00 PM,Thursday,King/Close,Investigation,163,168,B/W,4500
14-Feb-19,506,6:38:00 PM,Thursday,Coxwell and Gerrard,Mechanical,7,14,W/B,4001
14-Feb-19,506,7:44:00 PM,Thursday,Dundas and Sterling,Mechanical,7,14,W/B,4020
14-Feb-19,505,8:21:00 PM,Thursday,Erindale and Broadview,Investigation,7,14,W/B,8567
14-Feb-19,506,8:28:00 PM,Thursday,Main Stn,Mechanical,7,14,W/B,4104
14-Feb-19,506,8:29:00 PM,Thursday,Broadview and Gerrard,Held By,15,22,E/B,4091
14-Feb-19,504,8:30:00 PM,Thursday,King and dufferin,Mechanical,9,18,W/B,4467
14-Feb-19,504,8:35:00 PM,Thursday,Queen and shaw,Diversion,70,80,W/B,4469
14-Feb-19,501,8:38:00 PM,Thursday,Queen & Gladstone,Emergency Services,334,344,B/W,4104
14-Feb-19,501,8:38:00 PM,Thursday,Queen & Gladstone,General Delay,10,20,B/W,4104
14-Feb-19,504,8:45:00 PM,Thursday,queen and shaw,Investigation,46,51,W/B,4421
14-Feb-19,506,8:50:00 PM,Thursday,Roncesvalles and Howard Park,Held By,14,21,E/B,4176
14-Feb-19,506,9:19:00 PM,Thursday,Parliament to Coxwell,General Delay,7,14,E/B,
14-Feb-19,506,9:27:00 PM,Thursday,College and Grace,Held By,37,45,E/B,4184
14-Feb-19,505,9:45:00 PM,Thursday,Dundas/Brock,Investigation,5,10,E/B,8306
14-Feb-19,504,10:34:00 PM,Thursday,King and Dufferin,Diversion,158,167,W/B,4442
15-Feb-19,506,12:18:00 AM,Friday,Gerrard/Ashdale,Held By,32,40,E/B,4105
15-Feb-19,301,12:45:00 AM,Friday,Queen & Shaw,Emergency Services,87,96,B/W,4426
15-Feb-19,304,1:08:00 AM,Friday,King and Dufferin,Diversion,30,41,W/B,4417
15-Feb-19,501,4:31:00 AM,Friday,Greenwood / Queen,Held By,10,20,W/B,4153
15-Feb-19,512,4:40:00 AM,Friday,St Clair at Lansdowne,Emergency Services,33,1,W/B,4502
15-Feb-19,501,4:46:00 AM,Friday,Queen And Connaught,Mechanical,4,8,E/B,4004
15-Feb-19,506,4:47:00 AM,Friday,Russell Yard,Late Leaving Garage,5,10,W/B,4091
15-Feb-19,501,5:01:00 AM,Friday,Queen and Connaught,Mechanical,4,8,W/B,4023
15-Feb-19,501,5:25:00 AM,Friday,Russell Yard,Late Leaving Garage,9,18,E/B,4181
15-Feb-19,501,5:33:00 AM,Friday,Queen and Connaught.,Mechanical,4,8,W/B,4190
15-Feb-19,506,6:30:00 AM,Friday,Gerrard & Marjory,Mechanical,17,24,W/B,4001
15-Feb-19,512,6:35:00 AM,Friday,King / Wilson Park,Mechanical,5,10,E/B,4455
15-Feb-19,501,7:06:00 AM,Friday,Greenwood / Queen,Held By,9,18,W/B,4442
15-Feb-19,501,7:26:00 AM,Friday,Greenwood / Queen,Held By,10,20,W/B,4189
15-Feb-19,504,7:29:00 AM,Friday,Howard park and Roncesvalles,Held By,5,11,N/B,4434
15-Feb-19,501,7:33:00 AM,Friday,Parklawn / Lakeshore,Investigation,7,14,W/B,4124
15-Feb-19,506,9:31:00 AM,Friday,Gerrard & Leslie,Held By,5,16,E/B,4040
15-Feb-19,512,10:05:00 AM,Friday,St. Clair W. Stn,Investigation,5,10,E/B,4465
15-Feb-19,512,10:07:00 AM,Friday,St. Clair / Winnona,Mechanical,7,13,W/B,4477
15-Feb-19,501,10:36:00 AM,Friday,Russell,Mechanical,6,12,W/B,4190
15-Feb-19,506,11:50:00 AM,Friday,Gerrard & Broadview,Held By,5,10,E/B,4091
15-Feb-19,502,12:06:00 PM,Friday,Queen St East Victroia,Mechanical,10,20,E/B,8563
15-Feb-19,511,12:56:00 PM,Friday,King and Bathurst,Mechanical,4,8,N/B,1091
15-Feb-19,511,2:00:00 PM,Friday,King and Bathurst,General Delay,8,12,S/B,1140
15-Feb-19,505,2:05:00 PM,Friday,Broadview Station,Emergency Services,4,8,E/B,9220
15-Feb-19,504,2:12:00 PM,Friday,Roncesvalles/Howard park,Held By,5,12,W/B,4440
15-Feb-19,505,3:15:00 PM,Friday,DDW to BRDVW,General Delay,4,8,E/B,9236
15-Feb-19,505,3:23:00 PM,Friday,Dundas and Yonge,Investigation,4,8,E/B,8535
15-Feb-19,504,3:29:00 PM,Friday,King/Berkely,Held By,10,17,W/B,4500
15-Feb-19,504,3:34:00 PM,Friday,King and Berkely,Held By,10,17,W/B,4483
15-Feb-19,501,3:37:00 PM,Friday,Sunnyside Loop,Mechanical,4,8,W/B,4086
15-Feb-19,506,3:45:00 PM,Friday,Broadview and Gerrard,Mechanical,6,12,E/B,4039
15-Feb-19,504,3:48:00 PM,Friday,King and Trinity,Held By,15,22,E/B,4461
15-Feb-19,504,4:00:00 PM,Friday,Queen/kingston rd,Mechanical,12,24,E/B,8496
15-Feb-19,504,6:00:00 PM,Friday,Dundas W Stn-Brdv Stn,General Delay,7,14,B/W,
15-Feb-19,506,6:57:00 PM,Friday,Broadview and Gerrard,Held By,6,12,W/B,4193
15-Feb-19,506,7:29:00 PM,Friday,Greenwood and Gerrard,Held By,10,16,E/B,4185
15-Feb-19,506,7:49:00 PM,Friday,De Grassi and Gerrard,Held By,23,29,W/B,4179
15-Feb-19,506,9:19:00 PM,Friday,Gerrard & Glenmore,Held By,38,46,W/B,4178
16-Feb-19,306,12:33:00 AM,Saturday,Gerrard/Main,Mechanical,8,16,S/B,4170
16-Feb-19,301,12:51:00 AM,Saturday,Long Branch Loop,Held By,93,102,W/B,4032
16-Feb-19,301,12:51:00 AM,Saturday,Long Branch Loop,Investigation,262,271,W/B,4079
16-Feb-19,506,1:24:00 AM,Saturday,Gerrard/Greenwood,Held By,8,16,E/B,4125
16-Feb-19,306,3:25:00 AM,Saturday,Carlton/Jarvis,Investigation,12,42,W/B,4030
16-Feb-19,306,4:38:00 AM,Saturday,Broadview & Gerrard,Held By,58,98,E/B,4089
16-Feb-19,310,4:42:00 AM,Saturday,Spadina / King,Mechanical,1,1,N/B,4501
16-Feb-19,501,4:56:00 AM,Saturday,Queen/Greenwood,Mechanical,10,15,EB,4023
16-Feb-19,510,5:00:00 AM,Saturday,Spadina and King,Mechanical,15,30,W/B,4519
16-Feb-19,501,5:16:00 AM,Saturday,Russell Yard,Mechanical,7,12,W/B,4144
16-Feb-19,501,5:24:00 AM,Saturday,CANNAUGHT/QUEEN,Mechanical,6,12,W/B,4144
16-Feb-19,304,5:28:00 AM,Saturday,King / Dufferin,Mechanical,1,1,E/B,4483
16-Feb-19,506,5:47:00 AM,Saturday,Ashdale / Gerrard,Investigation,7,14,W/B,4133
16-Feb-19,501,7:57:00 AM,Saturday,Queen/Greenwood,Mechanical,6,12,E/B,4077
16-Feb-19,506,8:15:00 AM,Saturday,Coxwell & Gerrard,Mechanical,22,10,W/B,4104
16-Feb-19,501,8:16:00 AM,Saturday,Russell Yard,General Delay,8,12,W/B,4049
16-Feb-19,501,8:18:00 AM,Saturday,Cannaught/Queen,Late Leaving Garage,4,12,E/B,4049
16-Feb-19,506,9:17:00 AM,Saturday,Coxwell and Gerrard,Mechanical,7,16,E/B,4179
16-Feb-19,501,9:19:00 AM,Saturday,Queen/Logan,Mechanical,4,8,W/B,4071
16-Feb-19,506,9:33:00 AM,Saturday,Main Stn,Mechanical,7,13,W/B,4185
16-Feb-19,501,9:50:00 AM,Saturday,Queen/Greenwood,General Delay,7,11,E/B,4057
16-Feb-19,501,11:18:00 AM,Saturday,Queen/Spadina,General Delay,18,22,W/B,4049
16-Feb-19,805,11:26:00 AM,Saturday,St Clair West Station,Investigation,1,1,W/B,1803
16-Feb-19,506,11:48:00 AM,Saturday,Broadview & Gerrard,Held By,31,37,E/B,4192
16-Feb-19,504,12:19:00 PM,Saturday,Brodview and Langley,Held By,122,128,N/B,4467
16-Feb-19,505,12:20:00 PM,Saturday,Broadview and Gerrard,Held By,121,125,E/B,1365
16-Feb-19,501,12:22:00 PM,Saturday,Queen St. E and Connaught,Mechanical,4,6,W/B,4108
16-Feb-19,501,12:44:00 PM,Saturday,Lee and Queen,Mechanical,4,8,S/B,4145
16-Feb-19,506,12:54:00 PM,Saturday,Greenwood / Gerrard,Held By,7,14,E/B,4123
16-Feb-19,505,12:59:00 PM,Saturday,Dundas and Ossington,General Delay,15,20,E/B,1283
16-Feb-19,501,1:28:00 PM,Saturday,Queen St. E and Connaught Ave.,Held By,47,8,W/B,4010
16-Feb-19,506,1:40:00 PM,Saturday,St. George and College,Mechanical,6,12,W/B,4048
16-Feb-19,501,2:04:00 PM,Saturday,Spruce Hill and Queen,Mechanical,5,10,W/B,4012
16-Feb-19,501,2:13:00 PM,Saturday,Woodward and Queen,Investigation,5,10,E/B,4085
16-Feb-19,512,2:23:00 PM,Saturday,St Clair West Stn,Mechanical,5,10,E/B,8054
16-Feb-19,504,2:46:00 PM,Saturday,Dundas W station,Investigation,6,13,S/B,4408
16-Feb-19,501,2:49:00 PM,Saturday,Jameson and Queen,Investigation,5,10,E/B,4029
16-Feb-19,501,3:43:00 PM,Saturday,Coe Hill and The Queensway,Mechanical,5,10,E/B,4042
16-Feb-19,501,4:12:00 PM,Saturday,Humber Loop,Emergency Services,24,29,W/B,4103
16-Feb-19,506,5:45:00 PM,Saturday,Greenwood / Gerrard,Held By,7,14,E/B,4148
16-Feb-19,506,6:10:00 PM,Saturday,High Park Loop,Mechanical,7,14,E/B,4185
16-Feb-19,506,6:24:00 PM,Saturday,Carlaw / Gerrard,Investigation,7,14,E/B,4115
16-Feb-19,506,6:26:00 PM,Saturday,Carlaw / Gerrard,Held By,7,14,E/B,4176
16-Feb-19,501,6:39:00 PM,Saturday,McCaul and Queen,Mechanical,5,10,W/B,4121
16-Feb-19,505,7:13:00 PM,Saturday,Dundas and Ossington,Investigation,6,12,E/B,8575
16-Feb-19,501,7:25:00 PM,Saturday,Kingston road and Queen,Mechanical,5,10,W/B,4191
16-Feb-19,506,7:34:00 PM,Saturday,Logan / Gerrard,Investigation,7,12,W/B,4127
16-Feb-19,501,8:33:00 PM,Saturday,roadview and Queen,Mechanical,5,10,W/B,4021
17-Feb-19,504,12:47:00 AM,Sunday,Dufferin/King,Mechanical,8,16,N/B,4484
17-Feb-19,301,1:27:00 AM,Sunday,Long Branch Loop,Mechanical,9,18,W/B,4077
17-Feb-19,304,2:54:00 AM,Sunday,King/Bathurst,Held By,10,40,E/B,4480
17-Feb-19,304,3:02:00 AM,Sunday,Spadina/Queen,Mechanical,23,53,N/B,4508
17-Feb-19,306,3:15:00 AM,Sunday,Coxwell Upper Gerrard,Investigation,30,60,E/B,4146
17-Feb-19,301,4:04:00 AM,Sunday,Long Brnach Loop,Mechanical,20,40,E/B,4488
17-Feb-19,301,4:16:00 AM,Sunday,Queensway and Roncesvalles,Mechanical,0,0,E/B,4476
17-Feb-19,501,5:36:00 AM,Sunday,Russel yard,Mechanical,7,15,W/B,4193
17-Feb-19,506,6:06:00 AM,Sunday,Gerrard & Sumach,Held By,39,48,W/B,4164
17-Feb-19,501,8:05:00 AM,Sunday,Queen and Connaught,Mechanical,10,19,E/B,4153
17-Feb-19,506,8:15:00 AM,Sunday,Coxwell and Gerrard,Mechanical,9,19,E/B,4164
17-Feb-19,506,8:26:00 AM,Sunday,Coxwell and gerrard,Mechanical,9,19,E/B,4049
17-Feb-19,506,8:31:00 AM,Sunday,,Mechanical,9,19,E/B,4012
17-Feb-19,512,8:36:00 AM,Sunday,SCW,Mechanical,6,12,W/B,4468
17-Feb-19,501,8:41:00 AM,Sunday,Humber Loop,Mechanical,8,16,W/B,4111
17-Feb-19,506,9:00:00 AM,Sunday,High Park to Main Stn,General Delay,25,30,B/W,
17-Feb-19,6,9:00:00 AM,Sunday,Roncy,Mechanical,0,0,E/B,4521
17-Feb-19,506,9:08:00 AM,Sunday,Gerrard & Degrassi,Held By,54,64,E/B,4164
17-Feb-19,506,10:11:00 AM,Sunday,Gerrard & Greenwood,Held By,64,118,E/B,4164
17-Feb-19,501,10:14:00 AM,Sunday,Queen/Greenwood,General Delay,17,24,E/B,4001
17-Feb-19,501,11:09:00 AM,Sunday,Queen/Cannaught,Held By,6,12,W/B,4494
17-Feb-19,506,11:26:00 AM,Sunday,Dundas Parliament,Investigation,9,18,E/B,4124
17-Feb-19,512,11:32:00 AM,Sunday,Lansdowne Ave,Mechanical,6,12,E/B,4490
17-Feb-19,501,11:40:00 AM,Sunday,Russel yard,Mechanical,6,12,W/B,4089
17-Feb-19,505,12:05:00 PM,Sunday,Broadview Stn,Utilized Off Route,5,10,W/B,9226
17-Feb-19,600,12:24:00 PM,Sunday,St. Clair and Spadina,Investigation,3,6,W/B,8026
17-Feb-19,501,1:02:00 PM,Sunday,Yonge and Queen,Held By,9,13,E/B,4179
17-Feb-19,501,1:26:00 PM,Sunday,University to Broadview,General Delay,4,8,E/B,4459
17-Feb-19,501,1:55:00 PM,Sunday,Kingston road to Nevile,General Delay,4,8,E/B,4030
17-Feb-19,505,2:14:00 PM,Sunday,,Mechanical,5,10,W/B,8565
17-Feb-19,501,2:15:00 PM,Sunday,Roncesvalles and Queen,Investigation,6,20,W/B,4148
17-Feb-19,501,2:50:00 PM,Sunday,Shaw and Queen,Investigation,4,8,W/B,4179
17-Feb-19,505,4:08:00 PM,Sunday,Dundas and Spadina,General Delay,10,9,B/W,
17-Feb-19,510,4:09:00 PM,Sunday,Spadina and Queens Quay,Investigation,15,19,N/B,4483
17-Feb-19,501,4:18:00 PM,Sunday,Queen abd Berkshire,Held By,7,11,E/B,4446
17-Feb-19,506,4:30:00 PM,Sunday,Gerrard Ashdale,Investigation,9,17,W/B,4081
17-Feb-19,501,6:31:00 PM,Sunday,Yonge to Greenwood.,General Delay,4,8,E/B,
17-Feb-19,505,7:10:00 PM,Sunday,Dundas and Ossington,Mechanical,5,10,W/B,1223
17-Feb-19,506,7:52:00 PM,Sunday,College Spadina,Mechanical,8,16,E/B,4156
17-Feb-19,506,8:15:00 PM,Sunday,Greenwood and Gerrard,Held By,10,20,E/B,4117
17-Feb-19,511,9:37:00 PM,Sunday,Bathurst and college,Investigation,8,16,S/B,1045
17-Feb-19,506,10:07:00 PM,Sunday,Gerrard Carlaw,Held By,9,8,W/B,4195
17-Feb-19,506,10:13:00 PM,Sunday,Gerrard Glenside,Held By,9,8,E/B,4052
17-Feb-19,511,10:28:00 PM,Sunday,Exhibition loop,Investigation,8,16,E/B,1378
17-Feb-19,501,11:02:00 PM,Sunday,Queensway and Windemere,Investigation,8,16,W/B,4522
17-Feb-19,506,11:20:00 PM,Sunday,De Grassi St,Investigation,10,20,W/B,4105
18-Feb-19,504,12:34:00 AM,Monday,King and ontario,Investigation,10,20,E/B,4506
18-Feb-19,510,12:47:00 AM,Monday,Queens Quay and Spadina,Mechanical,7,14,N/B,4419
18-Feb-19,504,12:53:00 AM,Monday,Distillery Loop,Mechanical,10,20,W/B,4445
18-Feb-19,501,4:28:00 AM,Monday,Queen and Woodward,Mechanical,12,47,E/B,4141
18-Feb-19,512,5:07:00 AM,Monday,Bathurst and St.Clair,Held By,20,,B/W,4465
18-Feb-19,504,5:37:00 AM,Monday,Queen St E and Leslie St,Held By,5,10,W/B,4475
18-Feb-19,501,5:53:00 AM,Monday,Queen and Connaught,Mechanical,4,8,W/B,4051
18-Feb-19,501,6:02:00 AM,Monday,Mclean / Queen,Investigation,7,14,E/B,4040
18-Feb-19,501,6:03:00 AM,Monday,Queen St E and Leslie St,Late Leaving Garage,5,10,W/B,4435
18-Feb-19,509,6:42:00 AM,Monday,Bathurst and Fleet,Mechanical,8,16,W/B,4441
18-Feb-19,504,6:52:00 AM,Monday,King and Spadina,Mechanical,10,20,W/B,4523
18-Feb-19,501,8:25:00 AM,Monday,Queen and Kingston,Mechanical,8,16,W/B,4488
18-Feb-19,501,8:48:00 AM,Monday,Queen and Connaught,Held By,6,12,W/B,4501
18-Feb-19,505,8:58:00 AM,Monday,Broadview and Dundas,Utilized Off Route,6,12,S/B,8586
18-Feb-19,510,9:00:00 AM,Monday,Queen St E and Leslie St,Held By,4,8,W/B,4444
18-Feb-19,512,9:06:00 AM,Monday,Spadina,Mechanical,0,0,W/B,4497
18-Feb-19,509,9:16:00 AM,Monday,Strachan,Overhead - Pantograph,13,19,E/B,4459
18-Feb-19,504,10:05:00 AM,Monday,King and Spadina,Mechanical,7,14,W/B,4505
18-Feb-19,501,10:25:00 AM,Monday,Queen and Woodward,General Delay,10,12,E/B,4125
18-Feb-19,501,10:30:00 AM,Monday,Queen and Greenwood,Held By,45,51,E/B,4178
18-Feb-19,504,10:54:00 AM,Monday,Roncesvalles and Gerffrey,Held By,6,12,N/B,4496
18-Feb-19,505,10:56:00 AM,Monday,Dundas and River,Utilized Off Route,6,12,E/B,8592
18-Feb-19,501,11:03:00 AM,Monday,Queen St and Beech Av,Investigation,4,8,E/B,4125
18-Feb-19,504,11:29:00 AM,Monday,Broadview and Dundas,Mechanical,8,16,E/B,4403
18-Feb-19,505,11:45:00 AM,Monday,Dundas and Sackville,Mechanical,5,10,W/B,1233
18-Feb-19,501,12:52:00 PM,Monday,Queen St. E at Connaught Ave.,Investigation,7,7,E/B,4522
18-Feb-19,506,12:57:00 PM,Monday,Gerrard and Jones,Investigation,24,32,E/B,4049
18-Feb-19,506,1:00:00 PM,Monday,Broadview to Coxwell,General Delay,20,15,B/W,
18-Feb-19,511,2:10:00 PM,Monday,Bathurst STN,Mechanical,8,16,S/B,1281
18-Feb-19,505,2:13:00 PM,Monday,Dundas West Station,Mechanical,5,10,W/B,8155
18-Feb-19,506,2:17:00 PM,Monday,Gerrard and Carlaw,Held By,127,135,W/B,4057
18-Feb-19,506,2:46:00 PM,Monday,Gerrard east of Broadview,Held By,46,54,E/B,4192
18-Feb-19,506,4:33:00 PM,Monday,College and Elizabeth,Mechanical,8,16,W/B,4131
18-Feb-19,501,5:00:00 PM,Monday,Queen Street East Niagara,Held By,4,8,E/B,4051
18-Feb-19,511,5:03:00 PM,Monday,Bathurst STN,Mechanical,8,16,S/B,1049
18-Feb-19,510,5:22:00 PM,Monday,Spadina Station NB Entrance,Overhead - Pantograph,5,10,N/B,4498
18-Feb-19,504,5:54:00 PM,Monday,Distillery Loop,Mechanical,8,16,,4487
18-Feb-19,506,5:57:00 PM,Monday,Gerrard and Leslie,Held By,16,24,E/B,4133
18-Feb-19,504,7:02:00 PM,Monday,King and Sumach,Mechanical,1,1,E/B,4494
18-Feb-19,506,7:24:00 PM,Monday,Gerrard and Greenwood,Held By,33,41,E/B,4182
18-Feb-19,504,7:56:00 PM,Monday,Dundas West Station,Mechanical,1,1,,4500
18-Feb-19,501,8:09:00 PM,Monday,Queen and Greenwood,Investigation,32,36,E/B,4108
18-Feb-19,506,8:20:00 PM,Monday,Gerrard west of Main,Held By,14,22,W/B,4182
18-Feb-19,504,9:50:00 PM,Monday,King and sackville,Held By,8,17,E/B,4475
18-Feb-19,506,9:55:00 PM,Monday,College and Beverly,Investigation,22,30,E/B,4182
18-Feb-19,506,10:43:00 PM,Monday,College and Bay,Mechanical,10,20,E/B,4187
19-Feb-19,506,12:36:00 AM,Tuesday,Broadview and gerrard,Held By,9,19,E/B,4057
19-Feb-19,501,5:35:00 AM,Tuesday,Queen and Jones,Mechanical,6,12,W/B,4053
19-Feb-19,509,5:36:00 AM,Tuesday,Queen St E and Leslie St,Held By,4,8,W/B,4474
19-Feb-19,504,5:37:00 AM,Tuesday,Queen St E and Leslie St,Held By,4,8,W/B,4506
19-Feb-19,504,5:40:00 AM,Tuesday,Queen St E and Leslie St,Held By,4,8,W/B,4442
19-Feb-19,510,5:41:00 AM,Tuesday,Queen St E and Leslie St,Mechanical,4,8,W/B,4496
19-Feb-19,501,5:42:00 AM,Tuesday,Queen St E and Leslie St,Held By,4,8,W/B,4500
19-Feb-19,504,5:42:00 AM,Tuesday,Queen St E and Leslie St,Held By,4,8,W/B,4430
19-Feb-19,504,5:44:00 AM,Tuesday,Queen St E and Leslie St,Held By,4,8,W/B,4444
19-Feb-19,504,5:47:00 AM,Tuesday,Queen St E and Leslie St,Held By,4,8,W/B,4432
19-Feb-19,504,5:47:00 AM,Tuesday,Queen St E and Leslie St,Held By,4,8,W/B,4440
19-Feb-19,505,5:58:00 AM,Tuesday,DUNDAS WEST STN,Mechanical,4,8,E/B,8164
19-Feb-19,705,6:00:00 AM,Tuesday,Queen St E and Leslie St,Mechanical,2,4,W/B,4452
19-Feb-19,501,6:00:00 AM,Tuesday,Queen St E and Leslie St,Late Leaving Garage,4,8,W/B,4424
19-Feb-19,705,6:05:00 AM,Tuesday,Queen St E and Leslie St,Mechanical,2,4,W/B,4482
19-Feb-19,501,6:07:00 AM,Tuesday,Queen and Woodfield,Held By,4,8,E/B,4133
19-Feb-19,501,6:10:00 AM,Tuesday,Queen and Greenwood,Mechanical,11,6,W/B,4065
19-Feb-19,705,6:10:00 AM,Tuesday,Queen St E and Leslie St,Mechanical,2,4,W/B,4521
19-Feb-19,511,6:12:00 AM,Tuesday,Bathurst Stn,Mechanical,6,12,S/B,1305
19-Feb-19,510,6:17:00 AM,Tuesday,Spadina and King,Mechanical,8,16,E/B,4496
19-Feb-19,506,6:18:00 AM,Tuesday,Queen and Coxwell,Mechanical,22,15,E/B,4050
19-Feb-19,506,6:32:00 AM,Tuesday,Coxwell and Gerrard,Mechanical,4,11,W/B,4100
19-Feb-19,511,6:42:00 AM,Tuesday,Bathurst Stn,Mechanical,6,12,S/B,1055
19-Feb-19,504,6:43:00 AM,Tuesday,Queen St E and Leslie St,Held By,4,8,W/B,4418
19-Feb-19,504,6:46:00 AM,Tuesday,Queen St E and Leslie St,Late Leaving Garage,4,8,W/B,4407
19-Feb-19,506,7:00:00 AM,Tuesday,Carlton & Jarvis,Emergency Services,5,10,W/B,4100
19-Feb-19,501,7:14:00 AM,Tuesday,Queen and Victoria,Mechanical,6,12,W/B,4123
19-Feb-19,504,7:26:00 AM,Tuesday,Langley Ave,Held By,40,44,N/B,4432
19-Feb-19,504,7:32:00 AM,Tuesday,Queen St E and Leslie St,General Delay,4,8,W/B,4518
19-Feb-19,504,7:42:00 AM,Tuesday,Queen St E and Leslie St,Late Leaving Garage,4,8,W/B,4510
19-Feb-19,501,7:51:00 AM,Tuesday,Queen and Waverley,Mechanical,15,20,W/B,4053
19-Feb-19,505,8:41:00 AM,Tuesday,Dundas and Beverley,Investigation,1,1,E/B,8587
19-Feb-19,511,9:00:00 AM,Tuesday,Bathurst Stn to  Exhibition Loop,General Delay,15,20,B/W,
19-Feb-19,501,9:14:00 AM,Tuesday,Queen St,General Delay,7,14,B/W,4509
19-Feb-19,506,9:45:00 AM,Tuesday,Gerrard & Coxwell,Mechanical,5,10,E/B,4091
19-Feb-19,504,10:25:00 AM,Tuesday,Roncesvalles and Howard Park,Held By,7,12,N/B,4506
19-Feb-19,506,10:41:00 AM,Tuesday,Gerrard & Broadview,Held By,5,10,E/B,4124
19-Feb-19,506,11:09:00 AM,Tuesday,Gerrard & Coxwell,Investigation,21,26,E/B,4100
19-Feb-19,501,11:11:00 AM,Tuesday,Wineva and Queen,Held By,7,14,W/B,4117
19-Feb-19,504,11:18:00 AM,Tuesday,Jarvis Street,General Delay,12,18,E/B,4496
19-Feb-19,501,11:21:00 AM,Tuesday,Baturst and Queen,Mechanical,6,12,W/B,4086
19-Feb-19,506,11:33:00 AM,Tuesday,Howard Park & Roncy.,Held By,9,14,W/B,4170
19-Feb-19,504,11:35:00 AM,Tuesday,Roncesvalles and Dundas,Investigation,5,11,N/B,4523
19-Feb-19,512,11:48:00 AM,Tuesday,St Clair West Station,Investigation,6,11,E/B,4480
19-Feb-19,506,11:49:00 AM,Tuesday,Gerrard & Greenwood,Mechanical,15,20,W/B,4050
19-Feb-19,505,12:05:00 PM,Tuesday,Dundas and Yonge,Investigation,5,9,W/B,8468
19-Feb-19,506,12:14:00 PM,Tuesday,Gerrard and Broadview,Investigation,52,52,E/B,4125
19-Feb-19,506,1:32:00 PM,Tuesday,Gerrard and Highfield,Mechanical,42,48,W/B,4170
19-Feb-19,506,2:25:00 PM,Tuesday,Main Station,Mechanical,6,12,,4119
19-Feb-19,506,3:15:00 PM,Tuesday,Dundas and Sorauren,Held By,8,14,E/B,4039
19-Feb-19,501,4:48:00 PM,Tuesday,King River,Investigation,4,8,W/B,4150
19-Feb-19,506,4:56:00 PM,Tuesday,Gerrard and Alton,Held By,5,11,E/B,4052
19-Feb-19,705,5:16:00 PM,Tuesday,Bathurst STN,Overhead - Pantograph,1,1,S/B,4417
19-Feb-19,512,5:46:00 PM,Tuesday,Gunns Loop,Held By,6,11,E/B,4469
19-Feb-19,506,5:53:00 PM,Tuesday,Main Station,Held By,10,16,,4131
19-Feb-19,506,5:55:00 PM,Tuesday,Coxwell and Gerrard,Investigation,71,77,N/B,4186
19-Feb-19,506,6:03:00 PM,Tuesday,Gerrard and Marjory,Mechanical,6,12,W/B,4125
19-Feb-19,506,6:13:00 PM,Tuesday,Gerrard and Alton,Held By,8,14,W/B,4125
19-Feb-19,505,6:25:00 PM,Tuesday,Dunda west Station,Mechanical,4,8,N/B,8173
19-Feb-19,506,6:26:00 PM,Tuesday,Gerrard and Pape,Mechanical,6,12,W/B,4050
19-Feb-19,506,6:30:00 PM,Tuesday,Gerrard and Sumach,Investigation,43,49,W/B,4101
19-Feb-19,504,6:31:00 PM,Tuesday,King and Dufferin,Investigation,4,10,W/B,4485
19-Feb-19,506,6:38:00 PM,Tuesday,Gerrard and Ashdale,Held By,9,15,W/B,4012
19-Feb-19,510,6:44:00 PM,Tuesday,Spadina Station,Mechanical,4,8,S/B,4412
19-Feb-19,501,7:17:00 PM,Tuesday,Humber Loop,Mechanical,4,8,E/B,4021
19-Feb-19,504,7:39:00 PM,Tuesday,Bloor/Dundas,Held By,11,18,W/B,4434
19-Feb-19,501,9:02:00 PM,Tuesday,Queen and Spadina,Held By,5,10,W/B,4424
19-Feb-19,506,9:41:00 PM,Tuesday,College & Yonge,Held By,20,29,W/B,4187
19-Feb-19,512,11:29:00 PM,Tuesday,St.clair and gunns,Mechanical,9,18,E/B,4431
20-Feb-19,510,1:03:00 AM,Wednesday,Queens Quay,Mechanical,8,16,S/B,4475
20-Feb-19,502,5:30:00 AM,Wednesday,Coxwell and Gerrard,Investigation,1,1,S/B,8568
20-Feb-19,504,5:58:00 AM,Wednesday,King and Church,Mechanical,6,12,E/B,4493
20-Feb-19,705,6:00:00 AM,Wednesday,Queen St E and Leslie St,Late Leaving Garage,4,8,W/B,4418
20-Feb-19,504,6:01:00 AM,Wednesday,Queen St E and Leslie St,Held By,4,8,W/B,4468
20-Feb-19,504,6:01:00 AM,Wednesday,Queen St E and Leslie St,Held By,4,8,W/B,4512
20-Feb-19,504,6:01:00 AM,Wednesday,Queen St E and Leslie St,Held By,4,8,W/B,4437
20-Feb-19,511,6:06:00 AM,Wednesday,Mount Dennis Garage,Mechanical,3,6,S/B,1603
20-Feb-19,501,6:07:00 AM,Wednesday,Queen St E and Leslie St,Held By,4,8,W/B,4491
20-Feb-19,504,6:09:00 AM,Wednesday,Queen St E and Leslie St,Held By,4,8,W/B,4425
20-Feb-19,705,6:10:00 AM,Wednesday,Queen St E and Leslie St,Held By,4,8,W/B,4519
20-Feb-19,501,6:12:00 AM,Wednesday,Queen St E and Leslie St,Held By,4,8,W/B,
20-Feb-19,501,6:45:00 AM,Wednesday,Abell St and Queen St,Mechanical,20,27,E/B,4091
20-Feb-19,504,6:58:00 AM,Wednesday,Queen St E and Leslie St,Mechanical,4,8,W/B,4511
20-Feb-19,504,7:02:00 AM,Wednesday,Queen St E and Leslie St,Mechanical,4,8,W/B,4572
20-Feb-19,504,7:04:00 AM,Wednesday,Queen St E and Leslie St,Mechanical,4,8,W/B,4484
20-Feb-19,510,7:05:00 AM,Wednesday,Queen St E and Leslie St,Mechanical,4,8,W/B,4475
20-Feb-19,510,7:09:00 AM,Wednesday,Spadina Circle and Spadina,Mechanical,15,19,S/B,4490
20-Feb-19,510,7:13:00 AM,Wednesday,Queen St E and Leslie St,Mechanical,4,8,W/B,4514
20-Feb-19,504,7:13:00 AM,Wednesday,Queen St E and Leslie St,Mechanical,4,8,W/B,4451
20-Feb-19,504,7:16:00 AM,Wednesday,Queen St E and Leslie St,Mechanical,4,8,W/B,4456
20-Feb-19,510,7:21:00 AM,Wednesday,Queen St E and Leslie St,Mechanical,4,8,W/B,4513
20-Feb-19,504,7:28:00 AM,Wednesday,Queen St E and Leslie St,Mechanical,4,8,W/B,4434
20-Feb-19,504,7:32:00 AM,Wednesday,Queen St E and Leslie St,Mechanical,4,8,W/B,4518
20-Feb-19,504,7:32:00 AM,Wednesday,Dufferin,General Delay,14,20,E/B,4412
20-Feb-19,504,7:42:00 AM,Wednesday,Queen St E and Leslie St,Mechanical,4,8,W/B,4500
20-Feb-19,504,7:57:00 AM,Wednesday,Bathurst Street,Investigation,6,12,E/B,4523
20-Feb-19,506,8:20:00 AM,Wednesday,Marjory and gerrard,Held By,10,16,W/B,4184
20-Feb-19,511,8:38:00 AM,Wednesday,Bathurst and Queen,General Delay,9,13,N/B,1265
20-Feb-19,510,9:32:00 AM,Wednesday,Spadind and Dundas,Held By,11,15,S/B,4512
20-Feb-19,506,9:33:00 AM,Wednesday,Broadview and Gerrard,Investigation,10,20,E/B,8839
20-Feb-19,501,12:11:00 PM,Wednesday,Parliament And Queen,Mechanical,7,14,W/B,4101
20-Feb-19,510,1:02:00 PM,Wednesday,Spadina Tunnel,Overhead - Pantograph,153,157,N/B,4416
20-Feb-19,510,1:04:00 PM,Wednesday,Spadina Tunnel,Mechanical,1,1,N/B,4494
20-Feb-19,509,1:31:00 PM,Wednesday,EXHIBITION LOOP,General Delay,12,18,E/B,4421
20-Feb-19,506,2:21:00 PM,Wednesday,Main Stn,Mechanical,7,14,W/B,4143
20-Feb-19,512,2:25:00 PM,Wednesday,GUNNS LOOP,Mechanical,6,12,E/B,4449
20-Feb-19,506,3:02:00 PM,Wednesday,Indian Rd / Howard Park,Held By,7,14,W/B,4121
20-Feb-19,501,3:17:00 PM,Wednesday,Broadview and Queen,Mechanical,4,18,W/B,4147
20-Feb-19,504,3:17:00 PM,Wednesday,Queen and Brodview,Held By,15,20,E/B,4409
20-Feb-19,511,3:34:00 PM,Wednesday,Carlton / Bathurst,Mechanical,6,12,S/B,1521
20-Feb-19,512,4:21:00 PM,Wednesday,St. Clair and Oakwood,Held By,6,11,E/B,1367
20-Feb-19,510,5:50:00 PM,Wednesday,Spadina and College,Mechanical,4,8,S/B,4475
20-Feb-19,505,6:00:00 PM,Wednesday,Dundas and McCaul,Investigation,5,10,W/B,8161
20-Feb-19,512,6:41:00 PM,Wednesday,Gunns Loop to Yonge STN,General Delay,194,201,B/W,
20-Feb-19,504,6:45:00 PM,Wednesday,Dundas w stn-Broadview Stn,General Delay,7,14,B/W,
20-Feb-19,504,6:56:00 PM,Wednesday,King/Shaw,Mechanical,6,12,W/B,4418
20-Feb-19,506,7:02:00 PM,Wednesday,Coxwell / Gerrard,Held By,7,14,W/B,4184
20-Feb-19,505,8:45:00 PM,Wednesday,Bloor and Dundas,Mechanical,5,10,S/B,8378
20-Feb-19,512,9:52:00 PM,Wednesday,St. clair and Yonge,Held By,9,17,E/B,4411
20-Feb-19,501,9:57:00 PM,Wednesday,Neville Loop,Mechanical,6,12,W/B,4457
20-Feb-19,600,9:57:00 PM,Wednesday,St. Clair and Gunns,Investigation,44,52,E/B,1059
20-Feb-19,506,10:47:00 PM,Wednesday,Ossington ave,Investigation,7,14,W/B,4065
21-Feb-19,511,12:44:00 AM,Thursday,Exhibition,Mechanical,5,10,N/B,1034
21-Feb-19,511,1:12:00 AM,Thursday,Bathurst and Queen,Investigation,8,16,N/B,1603
21-Feb-19,510,1:20:00 AM,Thursday,Spadina and adelaide,Diversion,97,107,N/B,4436
21-Feb-19,310,2:30:00 AM,Thursday,Spadina and adelaide,Diversion,75,105,N/B,4466
21-Feb-19,501,4:59:00 AM,Thursday,Queen/Greenwood,Held By,6,11,W/B,4108
21-Feb-19,511,5:21:00 AM,Thursday,Mount Dennis Garage,Held By,5,10,S/B,1060
21-Feb-19,501,5:38:00 AM,Thursday,Queen St E and Leslie St,Held By,4,8,W/B,4507
21-Feb-19,504,5:38:00 AM,Thursday,Queen St E and Leslie Stq,Held By,4,8,W/B,4459
21-Feb-19,504,5:41:00 AM,Thursday,Queen St E and Leslie St,Held By,4,8,W/B,4407
21-Feb-19,510,5:41:00 AM,Thursday,Queen St E and Leslie St,Held By,4,8,W/B,4421
21-Feb-19,501,5:42:00 AM,Thursday,Queen St E and Leslie St,Mechanical,4,8,W/B,4475
21-Feb-19,504,5:42:00 AM,Thursday,Queen St E and Leslie St,Held By,4,8,W/B,4523
21-Feb-19,511,5:42:00 AM,Thursday,Mount Dennis Garage,Late Leaving Garage,3,6,S/B,1139
21-Feb-19,504,5:44:00 AM,Thursday,Queen St E and Leslie St,Held By,4,8,W/B,4461
21-Feb-19,504,5:47:00 AM,Thursday,Queen St E and Leslie St,Held By,4,8,W/B,4456
21-Feb-19,504,5:47:00 AM,Thursday,Queen St E and Leslie St,Held By,4,8,W/B,4517
21-Feb-19,501,6:00:00 AM,Thursday,Queen/Greenwood,General Delay,5,9,W/B,4012
21-Feb-19,501,6:02:00 AM,Thursday,Queen/Greenwood,General Delay,3,7,W/B,4121
21-Feb-19,501,6:03:00 AM,Thursday,Queen/Greenwood,General Delay,2,6,W/B,4143
21-Feb-19,510,6:09:00 AM,Thursday,Queen St E and Leslie St,Mechanical,4,8,W/B,4510
21-Feb-19,705,6:10:00 AM,Thursday,Queen St E and Leslie St,Held By,4,8,W/B,4435
21-Feb-19,705,6:15:00 AM,Thursday,Queen St E and Leslie St,Held By,4,8,W/B,4512
21-Feb-19,504,6:18:00 AM,Thursday,Queen St E and Leslie St,Held By,4,8,W/B,4491
21-Feb-19,705,6:20:00 AM,Thursday,Queen St E and Leslie St,Mechanical,4,8,W/B,4420
21-Feb-19,512,6:22:00 AM,Thursday,Queen st e and Leslie St,Held By,4,8,W/B,4436
21-Feb-19,504,6:22:00 AM,Thursday,King/Spadina,Utilized Off Route,6,12,W/B,4523
21-Feb-19,510,6:28:00 AM,Thursday,Spadina/King,Mechanical,8,16,NB,4441
21-Feb-19,504,6:28:00 AM,Thursday,Queen st e and Leslie st,Held By,4,8,W/B,4412
21-Feb-19,506,6:40:00 AM,Thursday,Coxwell/Queen,Mechanical,10,23,E/B,4198
21-Feb-19,504,6:58:00 AM,Thursday,Queen st e and Leslie St,Late Leaving Garage,4,8,W/B,4408
21-Feb-19,510,7:05:00 AM,Thursday,Queen st e and Leslie st,Late Leaving Garage,4,8,W/B,4466
21-Feb-19,501,7:07:00 AM,Thursday,Queen and Woodfield,Mechanical,7,8,E/B,4049
21-Feb-19,506,7:16:00 AM,Thursday,Parliament and Gerrard,Mechanical,6,12,W/B,4030
21-Feb-19,504,7:32:00 AM,Thursday,Queen st e and leslie st,Late Leaving Garage,4,8,W/B,4418
21-Feb-19,504,7:32:00 AM,Thursday,Queen St E and Leslie st,Late Leaving Garage,4,8,W/B,4420
21-Feb-19,505,7:47:00 AM,Thursday,Broadview stn,Mechanical,4,8,W/B,8510
21-Feb-19,505,7:59:00 AM,Thursday,Birchmount garage,Mechanical,4,8,W/B,8520
21-Feb-19,501,8:12:00 AM,Thursday,Spadina / Yonge,General Delay,4,15,W/B,4445
21-Feb-19,503,9:29:00 AM,Thursday,Broadview and Queen,Investigation,12,24,E/B,8574
21-Feb-19,511,9:45:00 AM,Thursday,Queen and Bathurst,General Delay,9,12,N/B,1146
21-Feb-19,501,10:05:00 AM,Thursday,Jarvis / Queen,Emergency Services,6,12,E/B,4434
21-Feb-19,505,10:49:00 AM,Thursday,DW Station,Mechanical,4,8,E/B,8301
21-Feb-19,511,11:03:00 AM,Thursday,Bathurst Station,Investigation,7,10,S/B,1022
21-Feb-19,505,11:12:00 AM,Thursday,Dundas/River,Mechanical,4,8,W/B,9237
21-Feb-19,505,11:25:00 AM,Thursday,Dundas/River,Investigation,4,8,W/B,1250
21-Feb-19,501,11:42:00 AM,Thursday,Victoria / Queen,Emergency Services,6,12,E/B,4522
21-Feb-19,501,11:52:00 AM,Thursday,Greenwood / Queen,Held By,6,12,E/B,4051
21-Feb-19,505,12:53:00 PM,Thursday,Dundas Route,General Delay,10,9,,
21-Feb-19,512,1:10:00 PM,Thursday,Gunns Loop,Mechanical,6,11,E/B,4411
21-Feb-19,510,1:40:00 PM,Thursday,Spadina and Willcox,Mechanical,1,1,S/B,4415
21-Feb-19,506,2:09:00 PM,Thursday,College and Bay,Investigation,15,21,B/W,4193
21-Feb-19,510,2:46:00 PM,Thursday,Spadina and Nassau,Mechanical,1,1,S/B,4415
21-Feb-19,505,4:37:00 PM,Thursday,Dundas and Sherbourne,Investigation,1,1,E/B,8348
21-Feb-19,512,5:03:00 PM,Thursday,St. Clair and Spadina,Mechanical,4,10,E/B,4402
21-Feb-19,505,5:22:00 PM,Thursday,Broadview and Gerrard,Investigation,1,1,W/B,8560
21-Feb-19,510,5:37:00 PM,Thursday,Spadina and Bremner,Mechanical,1,1,S/B,4415
21-Feb-19,505,6:47:00 PM,Thursday,Dundas and University,Mechanical,5,10,W/B,1250
21-Feb-19,509,6:54:00 PM,Thursday,Queens Quay and Spadina,Diversion,23,30,E/B,4479
21-Feb-19,510,6:56:00 PM,Thursday,Queens Quay and Spadina,Diversion,20,28,,
21-Feb-19,512,7:10:00 PM,Thursday,St. Clair and Bathurst,Held By,18,23,E/B,4492
21-Feb-19,509,7:26:00 PM,Thursday,Bathurst and King,Investigation,1,2,N/B,4520
21-Feb-19,512,7:35:00 PM,Thursday,St.Clair and Vaughan,Diversion,26,30,B/W,
21-Feb-19,501,8:30:00 PM,Thursday,Queen and Bathurst,General Delay,26,31,W/B,4522
21-Feb-19,505,8:30:00 PM,Thursday,Broadview Station,General Delay,5,10,W/B,8560
21-Feb-19,510,8:41:00 PM,Thursday,Spadina and king,Mechanical,17,21,S/B,4421
21-Feb-19,506,10:23:00 PM,Thursday,High Park Loop,Mechanical,20,25,E/B,4101
21-Feb-19,501,10:57:00 PM,Thursday,Quuen and Connaught,Mechanical,9,18,W/B,4098
22-Feb-19,501,12:26:00 AM,Friday,Queen and Connaught,Mechanical,9,18,E/B,4522
22-Feb-19,504,1:15:00 AM,Friday,King and spencer,Mechanical,8,16,E/B,4412
22-Feb-19,301,1:19:00 AM,Friday,Queen and York,Investigation,9,18,E/B,4103
22-Feb-19,505,1:26:00 AM,Friday,Dundas & Church,Investigation,8,16,E/B,8130
22-Feb-19,301,1:42:00 AM,Friday,Queen and Lodge,Investigation,9,18,W/B,4117
22-Feb-19,510,1:51:00 AM,Friday,Queensquey and bay,Diversion,41,51,E/B,4430
22-Feb-19,501,1:51:00 AM,Friday,Queen and Lodge,Investigation,9,18,W/B,4519
22-Feb-19,310,2:30:00 AM,Friday,king  and spadina,Diversion,79,109,E/B,4430
22-Feb-19,501,5:11:00 AM,Friday,Queen and Greenwood,Mechanical,7,7,W/B,4108
22-Feb-19,501,5:42:00 AM,Friday,Queen St E and Leslie St,Held By,4,8,W/B,4490
22-Feb-19,504,5:42:00 AM,Friday,Queen St E and Leslie St,Mechanical,4,8,W/B,4467
22-Feb-19,504,5:44:00 AM,Friday,Queen St E and Leslie St,Held By,4,8,W/B,4494
22-Feb-19,506,5:48:00 AM,Friday,Coxwell and Gerrard,Mechanical,19,14,E/B,4198
22-Feb-19,504,6:01:00 AM,Friday,Queen St E and Leslie St,Held By,4,8,W/B,4425
22-Feb-19,501,6:03:00 AM,Friday,Queen and Greenwood,Mechanical,4,6,W/B,4146
22-Feb-19,509,6:12:00 AM,Friday,Spadina and QueenQuay,Mechanical,5,15,E/B,4488
22-Feb-19,501,6:41:00 AM,Friday,Queen and Woodfield,General Delay,36,6,E/B,4094
22-Feb-19,501,7:07:00 AM,Friday,Queen and Woodfield,Mechanical,5,6,E/B,4164
22-Feb-19,501,7:50:00 AM,Friday,Carlaw and Queen,Mechanical,4,8,E/B,4145
22-Feb-19,501,7:50:00 AM,Friday,Carlaw and Queen,Mechanical,4,8,E/B,4145
22-Feb-19,501,8:48:00 AM,Friday,Queen and Spadina--Broadview,General Delay,4,8,E/B,4091
22-Feb-19,501,8:56:00 AM,Friday,Queen and Greenwood,Held By,5,9,E/B,4503
22-Feb-19,504,9:08:00 AM,Friday,Queen/lansdowne,Investigation,14,20,E/B,4438
22-Feb-19,505,9:09:00 AM,Friday,Dundas/University,Mechanical,4,8,W/B,8591
22-Feb-19,512,9:26:00 AM,Friday,St. Clair / Alberta,Investigation,67,72,E/B,4473
22-Feb-19,504,9:36:00 AM,Friday,Bathurst and King,Mechanical,3,6,W/B,4498
22-Feb-19,505,9:45:00 AM,Friday,Dundas/Bathurst,Utilized Off Route,4,8,W/B,8490
22-Feb-19,506,9:59:00 AM,Friday,Howard Park & Dundas,Mechanical,5,10,E/B,4003
22-Feb-19,505,10:56:00 AM,Friday,Dundas/Lizgar,Investigation,4,8,E/B,8370
22-Feb-19,501,11:29:00 AM,Friday,Humber loop,Mechanical,4,8,W/B,4164
22-Feb-19,506,11:36:00 AM,Friday,Upper Gerrard & Coxwell,Mechanical,5,10,W/B,4165
22-Feb-19,501,11:37:00 AM,Friday,Neville Loop,Mechanical,4,8,E/B,4153
22-Feb-19,501,12:14:00 PM,Friday,Queen Hastings,Held By,4,12,W/B,4189
22-Feb-19,505,12:32:00 PM,Friday,Dundas & Parliament,Mechanical,7,14,W/B,8584
22-Feb-19,502,12:35:00 PM,Friday,Bolton and Queen,Investigation,10,20,E/B,8554
22-Feb-19,504,12:36:00 PM,Friday,Roncesvalles/Howard Park,Held By,6,12,B/W,4429
22-Feb-19,501,12:52:00 PM,Friday,Coxwell Gerrard,Investigation,4,8,S/B,4187
22-Feb-19,505,2:18:00 PM,Friday,Dundas and McCaul,Investigation,4,8,E/B,8382
22-Feb-19,512,3:01:00 PM,Friday,St. Clair and Lansdowne,Mechanical,5,10,E/B,4476
22-Feb-19,506,3:12:00 PM,Friday,Spadina and Bathurst,Investigation,6,12,W/B,4127
22-Feb-19,504,3:23:00 PM,Friday,King and Trinity,Held By,18,25,E/B,4410
22-Feb-19,504,3:36:00 PM,Friday,King and Church,Investigation,7,14,E/B,4442
22-Feb-19,509,3:42:00 PM,Friday,CNE Loop,Mechanical,7,14,E/B,4488
22-Feb-19,509,3:49:00 PM,Friday,Harbourfront Tunnel,Mechanical,7,14,W/B,4520
22-Feb-19,506,3:57:00 PM,Friday,Gerrard and Coxwell,Held By,10,16,W/B,4069
22-Feb-19,501,4:21:00 PM,Friday,Queen Simcoe,Mechanical,4,8,W/B,4091
22-Feb-19,501,4:21:00 PM,Friday,Queen Simcoe,Mechanical,4,18,W/B,4115
22-Feb-19,511,4:36:00 PM,Friday,Exhibition Loop,Mechanical,6,12,W/B,1050
22-Feb-19,506,5:58:00 PM,Friday,Howard Park and Parkside,Mechanical,60,66,W/B,4170
22-Feb-19,504,6:13:00 PM,Friday,Roncesvalles/Grenadier,Investigation,6,13,W/B,4416
22-Feb-19,504,6:39:00 PM,Friday,King/Jameson,Mechanical,91,97,E/B,4477
22-Feb-19,505,7:08:00 PM,Friday,Dundas west Station,Mechanical,5,10,W/B,9222
22-Feb-19,501,7:10:00 PM,Friday,Jameson  and Queen,Held By,4,8,E/B,4057
22-Feb-19,501,8:30:00 PM,Friday,Queen st,General Delay,5,10,B/W,4160
22-Feb-19,510,8:59:00 PM,Friday,Charlotte Loop,Emergency Services,8,16,S/B,4432
22-Feb-19,506,9:14:00 PM,Friday,Gerrard and Carlaw,Held By,21,28,W/B,4077
22-Feb-19,510,10:02:00 PM,Friday,Queens Quay and Reese,Mechanical,8,16,W/B,4485
22-Feb-19,504,10:36:00 PM,Friday,Broadview and Queen,Mechanical,0,0,E/B,4456
22-Feb-19,504,10:40:00 PM,Friday,King and Spadina,Mechanical,4,8,E/B,4440
22-Feb-19,501,10:52:00 PM,Friday,Dunn and Queen,Emergency Services,25,32,B/W,4143
22-Feb-19,501,11:27:00 PM,Friday,Queen and Victoria,Investigation,9,18,W/B,4418
22-Feb-19,506,11:47:00 PM,Friday,High Park Loop,Investigation,25,33,E/B,4069
23-Feb-19,501,12:46:00 AM,Saturday,Neville park,Mechanical,9,18,W/B,4004
23-Feb-19,512,12:49:00 AM,Saturday,Caledonia,Held By,7,14,W/B,4413
23-Feb-19,505,1:02:00 AM,Saturday,Broadview Station,Investigation,1,2,E/B,8590
23-Feb-19,504,1:45:00 AM,Saturday,Kingston Rd Loop,Investigation,1,2,E/B,4510
23-Feb-19,501,6:05:00 AM,Saturday,Queen/Dufferin,Mechanical,32,52,E/B,4135
23-Feb-19,501,6:10:00 AM,Saturday,Queen/Dufferin,Utilized Off Route,32,42,E/B,4040
23-Feb-19,501,7:04:00 AM,Saturday,Queen/Kingston rd,Mechanical,6,12,E/B,4057
23-Feb-19,501,7:15:00 AM,Saturday,russell yard,Late Leaving Garage,8,16,W/B,4124
23-Feb-19,505,8:25:00 AM,Saturday,Dundas and Broack,Held By,4,13,E/B,9218
23-Feb-19,504,8:36:00 AM,Saturday,Broadview Stn,Emergency Services,7,14,W/B,4423
23-Feb-19,504,8:36:00 AM,Saturday,King / Spadina,Mechanical,1,1,W/B,4493
23-Feb-19,506,9:26:00 AM,Saturday,Coxwell and Gerrard,Mechanical,7,14,W/B,4160
23-Feb-19,501,9:33:00 AM,Saturday,Queen/Spadina,Mechanical,6,12,W/B,4040
23-Feb-19,512,10:32:00 AM,Saturday,Deer Park to St Clair station,General Delay,6,10,E/B,4492
23-Feb-19,511,10:47:00 AM,Saturday,Bathurst & Dundas.,Investigation,6,12,S/B,1109
23-Feb-19,501,11:29:00 AM,Saturday,Queen/Greenwood,Held By,10,16,E/B,4198
23-Feb-19,501,11:29:00 AM,Saturday,Neville park loop,Mechanical,5,11,W/B,4040
23-Feb-19,506,11:42:00 AM,Saturday,Gerrard & Coxwell,Mechanical,6,12,E/B,4164
23-Feb-19,506,11:46:00 AM,Saturday,Howard Prk & Indian Rd,Held By,11,16,E/B,4104
23-Feb-19,501,1:00:00 PM,Saturday,Queen And Connaught,Mechanical,5,10,E/B,4034
23-Feb-19,511,1:01:00 PM,Saturday,Bathurst Station to Exhibition loop,General Delay,10,20,B/W,1503
23-Feb-19,511,1:09:00 PM,Saturday,Bathurst and Queen,Mechanical,5,10,N/B,1109
23-Feb-19,512,1:30:00 PM,Saturday,St Calair St To Gunns both ways,General Delay,7,14,EW,
23-Feb-19,501,1:45:00 PM,Saturday,Broadview to Neville loop,General Delay,5,10,E/B,4517
23-Feb-19,504,2:00:00 PM,Saturday,Dundas West STN to Bathurst,General Delay,30,15,B/W,
23-Feb-19,501,2:24:00 PM,Saturday,Brock and Queen,Investigation,5,10,W/B,4050
23-Feb-19,501,3:18:00 PM,Saturday,Humber Loop ( Spare Track),Emergency Services,5,10,E/B,4148
23-Feb-19,505,3:18:00 PM,Saturday,Dundas and Spadina,General Delay,10,9,B/W,9205
23-Feb-19,511,3:23:00 PM,Saturday,Bathurst and Fort York,Mechanical,5,10,S/B,1503
23-Feb-19,501,4:01:00 PM,Saturday,Sumach and Queen,Mechanical,5,10,W/B,4171
23-Feb-19,510,4:18:00 PM,Saturday,Spadina and King,Investigation,8,16,S/B,4454
23-Feb-19,506,4:53:00 PM,Saturday,Main Station,Mechanical,5,10,W/B,4164
23-Feb-19,511,5:56:00 PM,Saturday,Bathurst and Bloor,Investigation,5,10,N/B,1028
23-Feb-19,505,6:05:00 PM,Saturday,Dundas and Sherbourne,Investigation,5,10,E/B,1282
23-Feb-19,501,6:05:00 PM,Saturday,Augusta and Queen,Mechanical,5,10,W/B,4034
23-Feb-19,506,7:27:00 PM,Saturday,Main Station,Investigation,13,19,W/B,4192
23-Feb-19,501,8:47:00 PM,Saturday,,General Delay,,,W/B,4517
23-Feb-19,506,9:08:00 PM,Saturday,College St,General Delay,8,16,B/W,4114
23-Feb-19,501,9:14:00 PM,Saturday,Humber Loop,Mechanical,1,2,W/B,4191
23-Feb-19,501,9:34:00 PM,Saturday,Queen and Church,Mechanical,5,10,W/B,4103
23-Feb-19,501,11:49:00 PM,Saturday,Queen and Ossington,Mechanical,10,20,E/B,4091
24-Feb-19,512,12:05:00 AM,Sunday,St. Clair West & Silverthorn,Investigation,77,86,E/B,4465
24-Feb-19,304,2:41:00 AM,Sunday,Roncesvalles & Marion,Investigation,38,51,W/B,4494
24-Feb-19,306,2:41:00 AM,Sunday,Crawford and College,Investigation,30,60,E/B,4160
24-Feb-19,301,3:00:00 AM,Sunday,Long Branch Loop,Mechanical,9,18,E/B,4042
24-Feb-19,504,3:23:00 AM,Sunday,Howard Park and Roncesvalles,Held By,32,40,S/B,4503
24-Feb-19,512,4:04:00 AM,Sunday,Bathurst and St. Clair,Mechanical,15,15,W/B,4425
24-Feb-19,306,4:43:00 AM,Sunday,Upper Gerrard & Woodbine,Mechanical,38,113,E/B,4160
24-Feb-19,506,5:54:00 AM,Sunday,Lower Gerrard and Coxwell,Late Leaving Garage,10,30,E/B,4127
24-Feb-19,506,6:04:00 AM,Sunday,Lower Gerrard and Coxwell,Late Leaving Garage,10,20,E/B,
24-Feb-19,504,9:52:00 AM,Sunday,Broadview / Danforth,Held By,17,25,W/B,4500
24-Feb-19,505,9:52:00 AM,Sunday,Broadview and Danforth,Investigation,17,23,S/B,8378
24-Feb-19,501,10:45:00 AM,Sunday,Queensway/windermere,Mechanical,6,12,E/B,4132
24-Feb-19,501,11:35:00 AM,Sunday,Queen and Connaught,Late Leaving Garage,6,12,E/B,4001
24-Feb-19,505,12:03:00 PM,Sunday,Ossington and Dundas,Investigation,5,10,W/B,8588
24-Feb-19,501,12:33:00 PM,Sunday,Lockwood and Queen,Mechanical,5,10,W/B,4050
24-Feb-19,511,12:34:00 PM,Sunday,Bathurst Stn,Mechanical,5,11,S/B,1064
24-Feb-19,505,12:59:00 PM,Sunday,Dundas and Ossington,Investigation,5,10,W/B,8588
24-Feb-19,501,1:07:00 PM,Sunday,Russell Yard,Mechanical,6,7,W/B,4089
24-Feb-19,501,1:11:00 PM,Sunday,Queen and Connaught,Mechanical,5,10,E/B,4089
24-Feb-19,505,2:05:00 PM,Sunday,Dundas and Elizabeth,Investigation,5,10,E/B,8338
24-Feb-19,501,2:44:00 PM,Sunday,Lakeshore and Hillside,Mechanical,10,20,W/B,4147
24-Feb-19,505,2:45:00 PM,Sunday,Dundas and Roncesvalles,Utilized Off Route,5,10,E/B,8545
24-Feb-19,505,3:31:00 PM,Sunday,Dundas and Lansdowne,Utilized Off Route,5,10,E/B,9212
24-Feb-19,511,3:58:00 PM,Sunday,Bathurst and Lennox,Mechanical,6,12,S/B,1146
24-Feb-19,506,4:01:00 PM,Sunday,Main Street Station,Mechanical,8,16,W/B,4049
24-Feb-19,509,4:09:00 PM,Sunday,CNE Loop,Investigation,7,14,E/B,4484
24-Feb-19,506,4:22:00 PM,Sunday,Gerrard and Broadview,Investigation,16,24,E/B,4039
24-Feb-19,501,6:06:00 PM,Sunday,Strachan and Queen,Mechanical,5,10,E/B,4089
24-Feb-19,501,10:44:00 PM,Sunday,Queen and Kingston Road,Mechanical,9,18,E/B,4506
24-Feb-19,504,10:45:00 PM,Sunday,Dufferin and springhurst loop,Investigation,10,20,S/B,4446
24-Feb-19,511,10:59:00 PM,Sunday,Exhibition loop,Mechanical,8,16,N/B,1049
24-Feb-19,505,11:02:00 PM,Sunday,University,Mechanical,10,20,E/B,1346
24-Feb-19,512,11:16:00 PM,Sunday,St. Clair west station,Held By,21,31,E/B,4476
25-Feb-19,510,2:37:00 AM,Monday,Spadina and college,Held By,15,30,S/B,4454
25-Feb-19,510,2:51:00 AM,Monday,King and Charlotte,Investigation,1,1,S/B,4510
25-Feb-19,301,3:22:00 AM,Monday,Queen and Spadina,Investigation,1,1,E/B,4444
25-Feb-19,506,4:27:00 AM,Monday,Queen/Coxwell,Mechanical,11,30,W/B,4195
25-Feb-19,506,5:06:00 AM,Monday,Coxwell and Gerrard,Mechanical,5,14,E/B,4133
25-Feb-19,501,5:42:00 AM,Monday,Queen St E and Leslie St,Late Leaving Garage,4,8,W/B,4518
25-Feb-19,504,5:44:00 AM,Monday,Queen St E and Leslie St,Held By,4,8,W/B,4416
25-Feb-19,504,5:47:00 AM,Monday,Queen St E and Leslie St,Held By,4,8,W/B,4505
25-Feb-19,504,5:47:00 AM,Monday,Queen St E and Leslie St,Held By,4,8,W/B,4477
25-Feb-19,504,6:01:00 AM,Monday,Queen St E and Leslie St,Held By,4,8,W/B,4517
25-Feb-19,512,6:22:00 AM,Monday,Queen St E and Leslie St,Held By,4,8,W/B,4500
25-Feb-19,501,6:22:00 AM,Monday,Queen St E and Leslie St,Held By,4,8,W/B,4502
25-Feb-19,511,6:23:00 AM,Monday,Bathurst & King,Investigation,6,12,S/B,1305
25-Feb-19,506,6:35:00 AM,Monday,Coxwell and Gerrard,Mechanical,8,17,E/B,4089
25-Feb-19,510,6:40:00 AM,Monday,Spadina and King,Mechanical,8,16,N/B,4424
25-Feb-19,501,7:05:00 AM,Monday,Humber Loop,Mechanical,6,12,W/B,4040
25-Feb-19,510,7:05:00 AM,Monday,Broadview and Queen,Mechanical,4,8,W/B,4445
25-Feb-19,504,7:50:00 AM,Monday,King and Tecumseth,Held By,28,33,W/B,4432
25-Feb-19,504,8:11:00 AM,Monday,Queen and Shaw,Investigation,5,10,W/B,4513
25-Feb-19,501,8:12:00 AM,Monday,Beech / Queen,Held By,6,12,E/B,4081
25-Feb-19,501,8:35:00 AM,Monday,Queen and Greenwood,Mechanical,5,10,E/B,4098
25-Feb-19,501,9:02:00 AM,Monday,Long Branch,Mechanical,7,14,W/B,4143
25-Feb-19,501,9:05:00 AM,Monday,Jones / Queen,Mechanical,6,12,E/B,4100
25-Feb-19,501,10:41:00 AM,Monday,River / Queen,Mechanical,6,12,E/B,4145
25-Feb-19,504,11:00:00 AM,Monday,Crawford and King,Investigation,7,14,E/B,4504
25-Feb-19,805,11:54:00 AM,Monday,Humber loop,Mechanical,6,12,W/B,4011
25-Feb-19,501,12:09:00 PM,Monday,Boulton / Queen,Mechanical,6,12,W/B,4135
25-Feb-19,505,12:23:00 PM,Monday,Broadview and Dundas,Utilized Off Route,4,8,E/B,8137
25-Feb-19,506,12:31:00 PM,Monday,Main Station,Mechanical,5,10,W/B,4164
25-Feb-19,506,12:38:00 PM,Monday,Broadview and Gerrard,Mechanical,5,10,W/B,4169
25-Feb-19,504,12:45:00 PM,Monday,Distillery Loop,Mechanical,15,22,W/B,4440
25-Feb-19,506,12:52:00 PM,Monday,College and Dufferin,Mechanical,5,10,W/B,4086
25-Feb-19,501,1:02:00 PM,Monday,Dowling / Queen,Investigation,6,12,E/B,4066
25-Feb-19,501,1:04:00 PM,Monday,Sackville / Queen,Mechanical,6,12,W/B,4116
25-Feb-19,504,1:10:00 PM,Monday,King/Church,Investigation,7,14,W/B,4457
25-Feb-19,511,2:18:00 PM,Monday,Mt. Dennis Garage,Mechanical,1,1,,1044
25-Feb-19,501,2:30:00 PM,Monday,Jones / queen,Mechanical,6,12,E/B,4145
25-Feb-19,504,2:52:00 PM,Monday,Roncesvalled and Constance,Investigation,18,25,E/B,4442
25-Feb-19,506,2:52:00 PM,Monday,Carlton and Jarvis,Mechanical,5,10,E/B,4051
25-Feb-19,504,3:03:00 PM,Monday,Springhurst Loop,Investigation,34,40,E/B,4487
25-Feb-19,504,3:12:00 PM,Monday,Queen and Broadview,Mechanical,6,12,E/B,4468
25-Feb-19,504,3:27:00 PM,Monday,King and Church,Mechanical,6,12,E/B,4415
25-Feb-19,501,3:37:00 PM,Monday,Queen St. E and Connaught Ave.,Mechanical,2,5,W/B,4053
25-Feb-19,511,3:44:00 PM,Monday,Bathurst and College,Mechanical,4,7,N/B,1068
25-Feb-19,506,5:08:00 PM,Monday,Upper Gerrard and Norwood,Mechanical,44,55,W/B,506
25-Feb-19,505,5:20:00 PM,Monday,Broadview Station,Utilized Off Route,5,10,,9212
25-Feb-19,504,6:29:00 PM,Monday,King and sumach,Mechanical,6,12,E/B,4457
25-Feb-19,501,7:11:00 PM,Monday,Bay / Queen,Mechanical,6,12,W/B,4123
25-Feb-19,505,8:18:00 PM,Monday,Bay and Dundas,Emergency Services,5,10,W/B,8590
25-Feb-19,501,8:20:00 PM,Monday,Roncesvalles and Queen,Mechanical,5,10,W/B,4119
25-Feb-19,510,8:43:00 PM,Monday,Spadina and dundas,Held By,8,16,S/B,4454
25-Feb-19,512,10:42:00 PM,Monday,St. Clair Earlscourt,Mechanical,0,0,E/B,4476
26-Feb-19,301,3:16:00 AM,Tuesday,Queen and Yonge,Mechanical,20,40,E/B,4463
26-Feb-19,506,6:11:00 AM,Tuesday,Main & Danforth,Mechanical,31,38,E/B,4184
26-Feb-19,501,6:22:00 AM,Tuesday,Queen St E and Leslie St,Late Leaving Garage,4,8,W/B,4449
26-Feb-19,504,6:27:00 AM,Tuesday,King and Church,Mechanical,0,0,E/B,4498
26-Feb-19,506,6:32:00 AM,Tuesday,Queen/Coxwell,Mechanical,5,10,W/B,4100
26-Feb-19,501,6:33:00 AM,Tuesday,Shaw/ Queen,Mechanical,6,12,W/B,4051
26-Feb-19,506,6:40:00 AM,Tuesday,Queen/Coxwell,Mechanical,4,7,W/B,4169
26-Feb-19,501,6:40:00 AM,Tuesday,Connaught / Queen,Mechanical,6,12,W/B,4185
26-Feb-19,501,6:44:00 AM,Tuesday,Hambly / Queen,Emergency Services,6,12,W/B,486
26-Feb-19,506,7:26:00 AM,Tuesday,Queen/Coxwell,Mechanical,7,10,E/B,4020
26-Feb-19,504,9:05:00 AM,Tuesday,Victoria and king,General Delay,7,13,E/B,4423
26-Feb-19,501,9:26:00 AM,Tuesday,Legion / Lakeshore,Held By,7,14,B/W,4066
26-Feb-19,501,9:32:00 AM,Tuesday,Parliament / Queen,Held By,10,20,E/B,4057
26-Feb-19,504,9:53:00 AM,Tuesday,Trinity and King,General Delay,7,13,E/B,4464
26-Feb-19,506,10:19:00 AM,Tuesday,Coxwell Loop,Mechanical,5,10,E/B,4071
26-Feb-19,506,10:23:00 AM,Tuesday,College and Rusholme,Held By,9,14,E/B,4010
26-Feb-19,506,10:40:00 AM,Tuesday,Dundas & Sorauren,Held By,6,11,E/B,4144
26-Feb-19,506,10:43:00 AM,Tuesday,High Park Loop,Emergency Services,16,21,E/B,4030
26-Feb-19,504,11:21:00 AM,Tuesday,Dundas and Broadview,Held By,99,105,NB,4414
26-Feb-19,501,2:27:00 PM,Tuesday,Lewis / Quenn,Emergency Services,15,20,E/B,4449
26-Feb-19,505,2:38:00 PM,Tuesday,University and Dundas,Investigation,4,8,W/B,8362
26-Feb-19,509,3:05:00 PM,Tuesday,CNE Loop,Mechanical,8,16,E/B,4463
26-Feb-19,505,3:26:00 PM,Tuesday,Dundas and McCaul,Investigation,4,8,E/B,8958
26-Feb-19,503,3:45:00 PM,Tuesday,Kingston Rd Avalon,Held By,11,21,W/B,9221
26-Feb-19,506,3:52:00 PM,Tuesday,Carlton and Church,Held By,11,16,E/B,4108
26-Feb-19,506,4:04:00 PM,Tuesday,Gerrard and Degrassi,Investigation,5,10,W/B,4049
26-Feb-19,506,5:34:00 PM,Tuesday,Gerrard and Carlaw,Held By,12,17,E/B,4071
26-Feb-19,505,5:35:00 PM,Tuesday,Sterling And Dundas,Mechanical,4,8,W/B,1236
26-Feb-19,506,5:41:00 PM,Tuesday,Gerrard and Broadview,Held By,10,15,W/B,4030
26-Feb-19,506,5:43:00 PM,Tuesday,Upper Gerrard and Bellhaven,Held By,5,10,W/B,4034
26-Feb-19,504,7:02:00 PM,Tuesday,Dufferin sputh of king,Investigation,5,12,SB,4496
26-Feb-19,511,7:10:00 PM,Tuesday,Wellington and King,Mechanical,5,10,W/B,1024
26-Feb-19,510,7:22:00 PM,Tuesday,Spadiona Station,Investigation,4,8,N/B,4438
27-Feb-19,504,1:46:00 AM,Wednesday,KING AND DUFERIN,Mechanical,10,20,E/B,4416
27-Feb-19,512,4:51:00 AM,Wednesday,Davenport and Bathurst,Investigation,13,27,N/B,4461
27-Feb-19,510,5:08:00 AM,Wednesday,Spadina and King,Mechanical,15,30,S/B,4510
27-Feb-19,502,5:17:00 AM,Wednesday,Coxwell / Dundas,Investigation,7,14,W/B,9223
27-Feb-19,504,6:01:00 AM,Wednesday,Queen St E and Leslie St,Late Leaving Garage,4,8,W/B,4444
27-Feb-19,506,6:03:00 AM,Wednesday,Queen/Coxwell,Mechanical,5,13,E/B,4098
27-Feb-19,506,6:07:00 AM,Wednesday,Lansdowne and College,Mechanical,27,33,W/B,4123
27-Feb-19,504,6:24:00 AM,Wednesday,Dundas West Station,Utilized Off Route,5,10,E/B,4414
27-Feb-19,506,7:25:00 AM,Wednesday,Eglinton Division,Mechanical,4,14,W/B,8840
27-Feb-19,501,7:50:00 AM,Wednesday,Augusta / Queen,Investigation,15,20,W/B,4184
27-Feb-19,510,8:19:00 AM,Wednesday,Harbourfront tunnel,Held By,91,95,E/B,4526
27-Feb-19,509,8:19:00 AM,Wednesday,QQ/UNION TUNNEL,Mechanical,103,110,E/B,4422
27-Feb-19,510,8:20:00 AM,Wednesday,Spadina and Queensquay Loop,Investigation,120,124,W/B,4481
27-Feb-19,505,8:30:00 AM,Wednesday,Broadview Stn to Dundas West Stn,General Delay,30,34,B/W,8560
27-Feb-19,511,8:46:00 AM,Wednesday,Bathurst and Front,Utilized Off Route,4,8,S/B,1126
27-Feb-19,511,9:26:00 AM,Wednesday,Queen and Bathurst,General Delay,9,12,S/B,1359
27-Feb-19,501,9:55:00 AM,Wednesday,Abell / Queen,Investigation,6,12,E/B,9305
27-Feb-19,509,10:15:00 AM,Wednesday,QQ/SPADINA,Mechanical,7,14,W/B,4462
27-Feb-19,501,10:40:00 AM,Wednesday,Carlaw / Queen,Mechanical,6,12,W/B,4051
27-Feb-19,504,10:48:00 AM,Wednesday,Peter Street,General Delay,13,17,E/B,4517
27-Feb-19,506,10:49:00 AM,Wednesday,Spadina and College,Mechanical,6,12,E/B,4024
27-Feb-19,505,10:52:00 AM,Wednesday,Broadview and Withrow,Investigation,4,8,S/B,9224
27-Feb-19,506,11:24:00 AM,Wednesday,Logan and Gerrard,Held By,6,12,E/B,4108
27-Feb-19,512,11:41:00 AM,Wednesday,SC STN,Mechanical,5,10,W/B,4447
27-Feb-19,505,12:13:00 PM,Wednesday,Dundas & Broadview,Mechanical,8,16,W/B,8564
27-Feb-19,506,12:36:00 PM,Wednesday,bathurst/college,Mechanical,5,10,W/B,4024
27-Feb-19,506,12:44:00 PM,Wednesday,gerrard/broadview,Investigation,6,11,E/B,4114
27-Feb-19,510,12:46:00 PM,Wednesday,Spadina Station,Mechanical,1,1,,4420
27-Feb-19,506,1:10:00 PM,Wednesday,coxwell/gerrard,Mechanical,5,10,W/B,4101
27-Feb-19,506,1:21:00 PM,Wednesday,ashdale/gerrrard,Held By,19,24,W/B,4171
27-Feb-19,506,1:30:00 PM,Wednesday,broadview/gerrard,Mechanical,5,10,W/B,4050
27-Feb-19,504,1:51:00 PM,Wednesday,King and Dufferin,Investigation,6,12,W/B,4519
27-Feb-19,506,2:12:00 PM,Wednesday,college/euclide,Held By,17,22,W/B,4141
27-Feb-19,505,2:13:00 PM,Wednesday,Dundas and Dufferin,Mechanical,5,10,W/B,8349
27-Feb-19,504,2:20:00 PM,Wednesday,Marion and Roncesvalles,Held By,7,14,S/B,4432
27-Feb-19,506,2:25:00 PM,Wednesday,coxwell south of dundas off line,Investigation,5,10,E/B,4181
27-Feb-19,506,2:37:00 PM,Wednesday,broadview/gerrard,Mechanical,5,10,E/B,4021
27-Feb-19,504,2:55:00 PM,Wednesday,King and Parliament,Mechanical,6,12,E/B,4496
27-Feb-19,501,2:59:00 PM,Wednesday,Queen Church,General Delay,4,13,S/B,4195
27-Feb-19,512,3:02:00 PM,Wednesday,St. Clair and Christie,Mechanical,6,11,E/B,4461
27-Feb-19,504,3:17:00 PM,Wednesday,Roncesvalles and King/Queen,Investigation,20,27,N/B,4417
27-Feb-19,501,3:30:00 PM,Wednesday,Lakeshore Blvd West Mimico,Investigation,4,8,E/B,4023
27-Feb-19,512,3:38:00 PM,Wednesday,st. Clair and Caledonia,Investigation,134,139,E/B,4524
27-Feb-19,504,3:48:00 PM,Wednesday,Marion and Roncesvalles,Investigation,7,14,N/B,4503
27-Feb-19,504,3:56:00 PM,Wednesday,Church and King,Investigation,7,14,S/B,4502
27-Feb-19,504,4:27:00 PM,Wednesday,King and Wilson Park,Emergency Services,7,14,E/B,4498
27-Feb-19,512,5:18:00 PM,Wednesday,St. Clair and Lansdown,Investigation,5,10,W/B,4461
27-Feb-19,510,9:52:00 PM,Wednesday,Spadina and adelaide,Emergency Services,1,1,N/B,4434
28-Feb-19,506,12:17:00 AM,Thursday,High Park Loop,Mechanical,8,16,W/B,4141
28-Feb-19,504,12:20:00 AM,Thursday,Distillery Loop,Mechanical,8,16,W/B,4503
28-Feb-19,301,1:29:00 AM,Thursday,Kingston Road Loop,Held By,8,16,E/B,4402
28-Feb-19,506,2:41:00 AM,Thursday,Gerrard and Pape,Mechanical,15,30,W/B,4050
28-Feb-19,506,4:13:00 AM,Thursday,Main Station,Mechanical,30,60,E/B,4098
28-Feb-19,501,4:27:00 AM,Thursday,Queen/Coxwell,Mechanical,11,19,E/B,4176
28-Feb-19,501,5:08:00 AM,Thursday,Queen/Connaught,Mechanical,10,38,W/B,4153
28-Feb-19,501,5:14:00 AM,Thursday,Queen/coxwell,Late Leaving Garage,4,20,E/B,4135
28-Feb-19,310,5:14:00 AM,Thursday,Spadina/Lakeshore,General Delay,15,45,S/B,4418
28-Feb-19,501,5:25:00 AM,Thursday,Queen at Broadview,Mechanical,16,26,E/B,4022
28-Feb-19,504,5:33:00 AM,Thursday,Broadview,Held By,21,30,W/B,4507
28-Feb-19,505,5:47:00 AM,Thursday,Broadviw stn.,Utilized Off Route,7,14,S/B,8592
28-Feb-19,501,6:15:00 AM,Thursday,Queen/Greenwood,Late Leaving Garage,2,1,W/B,4146
28-Feb-19,504,6:24:00 AM,Thursday,Fermanagh and Roncesvalles,Emergency Services,10,20,N/B,4513
28-Feb-19,501,6:32:00 AM,Thursday,Queen/Greenwood,Mechanical,2,3,W/B,4156
28-Feb-19,506,6:48:00 AM,Thursday,Queenway Garage,Mechanical,10,20,E/B,7934
28-Feb-19,504,6:55:00 AM,Thursday,St George Street,Held By,13,20,E/B,4488
28-Feb-19,501,6:56:00 AM,Thursday,Longbranch Loop,Mechanical,8,16,E/B,4057
28-Feb-19,504,7:06:00 AM,Thursday,Yonge,Mechanical,0,0,W/B,4433
28-Feb-19,504,7:07:00 AM,Thursday,King nd George,Held By,8,13,E/B,4488
28-Feb-19,510,7:26:00 AM,Thursday,Spadina/Queen,General Delay,11,15,N/B,4436
28-Feb-19,705,7:26:00 AM,Thursday,Spadina & Queen,Investigation,11,15,N/B,4472
28-Feb-19,505,9:21:00 AM,Thursday,Dundas/ Huron,Investigation,4,8,E/B,8595
28-Feb-19,505,9:42:00 AM,Thursday,Broadview/Gerrard,Investigation,4,8,S/B,8519
28-Feb-19,504,9:46:00 AM,Thursday,Bathurst Street,General Delay,13,8,E/B,4433
28-Feb-19,501,9:49:00 AM,Thursday,Connaught / Queen,Mechanical,15,20,W/B,4502
28-Feb-19,506,10:01:00 AM,Thursday,Ossington and College,Mechanical,6,12,E/B,4040
28-Feb-19,505,10:05:00 AM,Thursday,Dundas/Huron,General Delay,15,20,B/W,
28-Feb-19,506,10:10:00 AM,Thursday,Jarvis and Carlton,Mechanical,30,36,E/B,4115
28-Feb-19,501,11:06:00 AM,Thursday,Lakeshore / 7th,Investigation,10,15,E/B,4181
28-Feb-19,506,11:06:00 AM,Thursday,Degrass and gerrard,Held By,74,80,E/B,4127
28-Feb-19,506,11:26:00 AM,Thursday,Main Station,Mechanical,8,16,E/B,4050
28-Feb-19,506,11:29:00 AM,Thursday,Ossington College,Investigation,5,15,E/B,4010
28-Feb-19,501,12:24:00 PM,Thursday,Church Street,Investigation,4,8,W/B,4498
28-Feb-19,505,12:48:00 PM,Thursday,Dundas/Bay,Mechanical,4,8,E/B,8519
28-Feb-19,506,12:51:00 PM,Thursday,Broadview and Gerrard,Held By,7,13,E/B,4010
28-Feb-19,506,12:52:00 PM,Thursday,Jones and Gerrard,Held By,6,12,E/B,4011
28-Feb-19,505,1:08:00 PM,Thursday,Dundas/HURON,General Delay,233,243,E/B,9223
28-Feb-19,506,1:30:00 PM,Thursday,Bowmore and Gerrard,Held By,4,10,E/B,4179
28-Feb-19,504,1:35:00 PM,Thursday,King and Parliament,Held By,6,12,W/B,4512
28-Feb-19,504,2:53:00 PM,Thursday,Berkeley and King,Held By,9,14,W/B,4472
28-Feb-19,504,2:58:00 PM,Thursday,King and Parliament,Held By,8,15,W/B,4492
28-Feb-19,506,3:08:00 PM,Thursday,"howardpark, east of roncy",Held By,43,48,E/B,4198
28-Feb-19,505,3:36:00 PM,Thursday,Dundas West Station,Utilized Off Route,8,12,,8577
28-Feb-19,505,3:36:00 PM,Thursday,Dundas West Station,Utilized Off Route,4,8,,8940
28-Feb-19,505,3:36:00 PM,Thursday,Dundas West Station,Utilized Off Route,4,8,,9236
28-Feb-19,512,4:02:00 PM,Thursday,St. Clair and Oakwood,Mechanical,4,8,E/B,4411
28-Feb-19,503,4:52:00 PM,Thursday,King and Parliament,Investigation,11,22,B/W,8460
28-Feb-19,505,5:47:00 PM,Thursday,Dundas and Jarvis,Mechanical,4,8,E/B,9229
28-Feb-19,504,5:51:00 PM,Thursday,King Street,General Delay,7,14,B/W,4472
28-Feb-19,501,6:42:00 PM,Thursday,Queen Sherbourne,Held By,4,8,W/B,4446
28-Feb-19,505,6:58:00 PM,Thursday,Dundas and Lansdowne,Investigation,4,8,E/B,8370
28-Feb-19,505,7:45:00 PM,Thursday,Dundas West Station,Mechanical,4,8,,1374
28-Feb-19,501,8:14:00 PM,Thursday,Queen Sackville,Investigation,4,12,E/B,4491
28-Feb-19,505,8:30:00 PM,Thursday,Dundas St,General Delay,5,10,B/W,9225
28-Feb-19,511,9:14:00 PM,Thursday,Lennox st,Investigation,5,10,N/B,1002
28-Feb-19,501,9:48:00 PM,Thursday,Long Branch Loop,Mechanical,10,20,E/B,4066
28-Feb-19,511,11:14:00 PM,Thursday,Exhibition,Mechanical,5,10,E/B,1057
