Report Date,Route,Time,Day,Location,Incident,Min Delay,Min Gap,Direction,Vehicle
2015/06/01,320,1:25:00 AM,Monday,St. Clair and Yonge,Diversion,3,26,S,7542
2015/06/01,68,1:30:00 AM,Monday,Warden & Steeles,Mechanical,16,32,SB,7418
2015/06/01,300,3:23:00 AM,Monday,Danforth and Danforth,Utilized Off Route,1,1,W/B,8051
2015/06/01,320,3:57:00 AM,Monday,Yonge & Steeles,Mechanical,15,30,S,8319
2015/06/01,60,4:34:00 AM,Monday,SPLM,Late Leaving Garage,20,1,E,1243
2015/06/01,172,4:55:00 AM,Monday,Birchmount Gargae,Late Leaving Garage,0,15,WB,7760
2015/06/01,224,5:00:00 AM,Monday,egl. Yard,Late Leaving Garage,1,1,s,7554
2015/06/01,112,5:00:00 AM,Monday,Commerce & Skymark,Mechanical,15,15,S,7958
2015/06/01,21,5:01:00 AM,Monday,Birchmount Garage,Late Leaving Garage,20,40,N,8116
2015/06/01,41,5:05:00 AM,Monday,Keele station,Late Leaving Garage,20,30,N/B,9144
2015/06/01,224,5:14:00 AM,Monday,Eglinton Garage,Late Leaving Garage,1,1,n/b,7554
2015/06/01,320,5:18:00 AM,Monday,Steeles and Yonge,Late Leaving Garage,15,1,S,8383
2015/06/01,35,5:20:00 AM,Monday,Jane station,Late Leaving Garage,10,20,N,1217
2015/06/01,7,5:21:00 AM,Monday,Wilson Garage,Late Leaving Garage,10,30,,9052
2015/06/01,53,5:27:00 AM,Monday,Passmore and Markham,Mechanical,4,9,w,1123
2015/06/01,32,5:35:00 AM,Monday,Skymark,Mechanical,8,16,w/b,1200
2015/06/01,24,5:38:00 AM,Monday,Birchmount garage,Late Leaving Garage,12,24,NB,7857
2015/06/01,66,5:40:00 AM,Monday,Humber loop,Late Leaving Garage,20,40,n/b,8090
2015/06/01,7,5:43:00 AM,Monday,Wilson Garage,Late Leaving Garage,8,17,,9040
2015/06/01,90,5:44:00 AM,Monday,Saint Clair West Station,Mechanical,7,15,,9425
2015/06/01,7,5:47:00 AM,Monday,Wilson Garage,Late Leaving Garage,9,26,,9018
2015/06/01,86,5:47:00 AM,Monday,Eglinton yard,Mechanical,16,0,e,7462
2015/06/01,79,5:49:00 AM,Monday,Pine and Lawrence,Late Leaving Garage,19,32,S/B,1063
2015/06/01,32,5:52:00 AM,Monday,Eglinton and Keele,Late Leaving Garage,19,28,e/b,1597
2015/06/01,24,5:53:00 AM,Monday,Consummers Rd and Victoria Park,Mechanical,12,24,NB,7857
2015/06/01,23,5:54:00 AM,Monday,Ferris and Rexliegh,Mechanical,6,12,W,7813
2015/06/01,86,5:55:00 AM,Monday,Eglinton yard,Mechanical,4,8,s,7427
2015/06/01,86,5:57:00 AM,Monday,Eglinton yard,Mechanical,15,0,e,7667
2015/06/01,41,5:58:00 AM,Monday,Keele station,Mechanical,11,21,N,9146
2015/06/01,35,6:00:00 AM,Monday,Jane street,General Delay,10,20,N,
2015/06/01,84,6:00:00 AM,Monday,Sheppard Stn.,Late Leaving Garage,9,17,W,1219
2015/06/01,43,6:00:00 AM,Monday,Eglinton yard,Mechanical,10,20,e,7594
2015/06/01,59,6:00:00 AM,Monday,Church at Weston,General Delay,15,30,B/w,
2015/06/01,52,6:02:00 AM,Monday,Westwood mall,Late Leaving Garage,18,36,E/B,1675
2015/06/01,70,6:04:00 AM,Monday,warden station,Late Leaving Garage,147,34,n,7482
2015/06/01,86,6:09:00 AM,Monday,Eglinton yard,Mechanical,5,10,s,7566
2015/06/01,116,6:09:00 AM,Monday,Morningside and Staines,Utilized Off Route,6,12,n,7615
2015/06/01,191,6:09:00 AM,Monday,Kipling station,Mechanical,18,47,N,7951
2015/06/01,35,6:10:00 AM,Monday,Steeles,Late Leaving Garage,5,10,S,1306
2015/06/01,91,6:10:00 AM,Monday,Woodbine Stn,Late Leaving Garage,20,40,N/B,7716
2015/06/01,63,6:10:00 AM,Monday,East Liberty,Late Leaving Garage,4,8,SB,1648
2015/06/01,85,6:10:00 AM,Monday,Rouge Hill GO,Late Leaving Garage,11,21,W,9080
2015/06/01,76,6:11:00 AM,Monday,Evans and Royal York,Mechanical,3,7,s/b,7321
2015/06/01,116,6:11:00 AM,Monday,Eglinton yard,Mechanical,22,44,e,7429
2015/06/01,25,6:12:00 AM,Monday,Eglinton Garage,Late Leaving Garage,1,1,s/b,7673
2015/06/01,80,6:13:00 AM,Monday,Keele stn,Mechanical,30,60,w,8043
2015/06/01,7,6:15:00 AM,Monday,Wilson Garage,Late Leaving Garage,7,15,,9053
2015/06/01,68,6:17:00 AM,Monday,Warden stn,Late Leaving Garage,25,50,n,7568
2015/06/01,67,6:21:00 AM,Monday,Eglinton yard,Investigation,18,36,s,7611
2015/06/01,96,6:22:00 AM,Monday,yorkmills stn,Mechanical,22,44,e,7212
2015/06/01,29,6:23:00 AM,Monday,Dufferin And Tycos,Mechanical,8,16,s/b,9031
2015/06/01,5,6:24:00 AM,Monday,EGLINTON STN,Mechanical,14,28,S,8381
2015/06/01,29,6:25:00 AM,Monday,Princes gate,Late Leaving Garage,8,16,n/b,9037
2015/06/01,107,6:25:00 AM,Monday,Downsview Stn,Late Leaving Garage,7,14,n,8392
2015/06/01,29,6:26:00 AM,Monday,Dufferin and Bloor,Mechanical,8,16,n/b,9024
2015/06/01,37,6:28:00 AM,Monday,Garage / Islington stn,Late Leaving Garage,7,15,w,7310
2015/06/01,84,6:30:00 AM,Monday,Sheppard Avenue West,General Delay,9,18,N,
2015/06/01,96,6:30:00 AM,Monday,wilson - bathurst to avenue,General Delay,12,18,bw,
2015/06/01,165,6:30:00 AM,Monday,wilson - bathurst to avenue,General Delay,12,18,bw,
2015/06/01,51,6:31:00 AM,Monday,EGLINTON STN,Late Leaving Garage,14,28,N,9410
2015/06/01,53,6:31:00 AM,Monday,Morningside and Staines,Mechanical,0,0,e,9087
2015/06/01,32,6:33:00 AM,Monday,Eglinton stn,Late Leaving Garage,5,10,w/b,1592
2015/06/01,191,6:35:00 AM,Monday,Kipling station,Late Leaving Garage,5,10,N,7935
2015/06/01,95,6:36:00 AM,Monday,U of T Loop,Late Leaving Garage,9,18,W,1712
2015/06/01,88,6:39:00 AM,Monday,Bth Nealson,Late Leaving Garage,7,14,w/b,8217
2015/06/01,199,6:40:00 AM,Monday,Finch station,Late Leaving Garage,3,5,EB,1764
2015/06/01,115,6:40:00 AM,Monday,Yorkmills stn,Late Leaving Garage,20,40,e/b,8168
2015/06/01,129,6:41:00 AM,Monday,Scar Town,Mechanical,4,9,N,1304
2015/06/01,168,6:41:00 AM,Monday,Dundas W stn,Utilized Off Route,4,9,n,7941
2015/06/01,36,6:48:00 AM,Monday,Finch station,Mechanical,5,12,W,9107
2015/06/01,199,6:50:00 AM,Monday,STC,Late Leaving Garage,3,5,WB,1369
2015/06/01,25,6:50:00 AM,Monday,The Donway and Don Mill Rd,Mechanical,3,6,n/b,7501
2015/06/01,89,6:54:00 AM,Monday,Weston/Rogers,Mechanical,4,9,S,1677
2015/06/01,199,6:55:00 AM,Monday,STC,Mechanical,3,5,EB,1764
2015/06/01,72,6:57:00 AM,Monday,Pape Stn,Mechanical,8,16,S/B,7768
2015/06/01,84,6:57:00 AM,Monday,FARR,Late Leaving Garage,12,31,N,7946
2015/06/01,32,6:59:00 AM,Monday,Eglinton stn,Late Leaving Garage,5,10,w/b,1036
2015/06/01,29,7:00:00 AM,Monday,Wilson stn to Princes gate,General Delay,12,16,b/w,
2015/06/01,192,7:02:00 AM,Monday,KIPLING STATION,Late Leaving Garage,9,18,N,8005
2015/06/01,107,7:06:00 AM,Monday,Downsview Stn,Late Leaving Garage,18,36,n,8337
2015/06/01,14,7:07:00 AM,Monday,Davisville station,Mechanical,22,37,W/B,1506
2015/06/01,36,7:11:00 AM,Monday,Humberwood loop,Late Leaving Garage,5,10,E,1347
2015/06/01,95,7:11:00 AM,Monday,Ellesmere RT,Late Leaving Garage,7,14,W,1351
2015/06/01,36,7:15:00 AM,Monday,Finch station,Mechanical,5,11,W,1356
2015/06/01,105,7:15:00 AM,Monday,Dufferin and Supertest,Mechanical,13,26,s,9004
2015/06/01,11,7:22:00 AM,Monday,bayview and finch,Mechanical,12,24,S,8328
2015/06/01,111,7:25:00 AM,Monday,Eastmall and Gordon Park,Mechanical,12,24,s,7969
2015/06/01,196,7:28:00 AM,Monday,York U. Common,Late Leaving Garage,4,7,s,9405
2015/06/01,39,7:32:00 AM,Monday,Old Finch,Mechanical,15,30,WB,1716
2015/06/01,53,7:45:00 AM,Monday,Steeles and Mccowan,Mechanical,5,10,e,1126
2015/06/01,36,7:48:00 AM,Monday,Humberwood loop,Mechanical,6,11,E,9125
2015/06/01,12,7:56:00 AM,Monday,Victoria Park & Denton Ave,Investigation,11,22,N/b,7717
2015/06/01,12,7:56:00 AM,Monday,Victoria Park & Denton,Diversion,31,37,N/b,7850
2015/06/01,12,8:00:00 AM,Monday,Victoria Park & Denton,General Delay,17,0,B/W,
2015/06/01,50,8:00:00 AM,Monday,Midland Route,General Delay,14,1,B/w,
2015/06/01,5,8:00:00 AM,Monday,Eglinton stn to Elm ave,General Delay,11,27,b/w,
2015/06/01,36,8:00:00 AM,Monday,Finch west routes(36A 36D 36F),General Delay,11,16,B,9109
2015/06/01,35,8:00:00 AM,Monday,Sheppard,Mechanical,10,20,N,1285
2015/06/01,67,8:00:00 AM,Monday,Victoria Park STN,Diversion,1,25,BW,7679
2015/06/01,108,8:00:00 AM,Monday,Sheppard at Chesswood,General Delay,9,18,B/w,
2015/06/01,49,8:04:00 AM,Monday,KIPLING STN,Mechanical,8,16,W,7341
2015/06/01,84,8:04:00 AM,Monday,Tuscan Gate,Mechanical,17,34,E,1358
2015/06/01,144,8:10:00 AM,Monday,Wynford,Mechanical,20,40,s,7563
2015/06/01,31,8:16:00 AM,Monday,Hiltz and Queen,Diversion,12,24,SB,7763
2015/06/01,100,8:20:00 AM,Monday,Concorde place,Utilized Off Route,3,6,e,7417
2015/06/01,112,8:30:00 AM,Monday,Commerce and Skymark,Utilized Off Route,11,15,s,8020
2015/06/01,106,8:38:00 AM,Monday,Downsview Stn,Mechanical,7,14,n,8343
2015/06/01,196,8:40:00 AM,Monday,Sheppard at Yeomans,Mechanical,7,14,e,8394
2015/06/01,129,8:45:00 AM,Monday,Scar Town,Mechanical,7,15,N,1130
2015/06/01,752,8:50:00 AM,Monday,Kipling stn,Mechanical,0,0,s,8049
2015/06/01,192,8:53:00 AM,Monday,KIPLING STATION,Mechanical,8,16,N,8010
2015/06/01,51,9:05:00 AM,Monday,Eglinton and Banff,Mechanical,30,60,N,8373
2015/06/01,47,9:05:00 AM,Monday,Dufferin and Orfus Rd.,Diversion,29,47,NB,1045
2015/06/01,196,9:06:00 AM,Monday,Sheppard & Yonge St,Utilized Off Route,6,13,,9411
2015/06/01,196,9:21:00 AM,Monday,York U. Common,Utilized Off Route,4,7,s,9432
2015/06/01,22,9:27:00 AM,Monday,Coxwell Station,Mechanical,13,16,S,7835
2015/06/01,196,9:28:00 AM,Monday,The Commons,Utilized Off Route,9,18,S,8301
2015/06/01,190,9:30:00 AM,Monday,Kennedy Station,Utilized Off Route,1,1,,7552
2015/06/01,116,9:40:00 AM,Monday,kennedy stn,Utilized Off Route,1,1,e,7656
2015/06/01,134,9:40:00 AM,Monday,Mccowan R.T.,Utilized Off Route,9,17,e,1099
2015/06/01,43,9:44:00 AM,Monday,Kennedy and Steeles,Utilized Off Route,0,0,BW,7456
2015/06/01,199,9:45:00 AM,Monday,Finch & Kennedy,Utilized Off Route,1,1,EB,1755
2015/06/01,85,9:46:00 AM,Monday,Meadowvale loop,Utilized Off Route,8,15,W,9081
2015/06/01,57,9:50:00 AM,Monday,Midland and Steeles,Utilized Off Route,0,0,SB,7798
2015/06/01,199,9:50:00 AM,Monday,McCowan & Sheppard,Utilized Off Route,1,1,EB,1710
2015/06/01,113,9:50:00 AM,Monday,Main Stn,Utilized Off Route,0,0,NB,7848
2015/06/01,129,9:54:00 AM,Monday,Scarborough Town Center,Utilized Off Route,7,14,NB,1786
2015/06/01,6,9:55:00 AM,Monday,Yonge and QueensQuay,Diversion,195,205,NB,1064
2015/06/01,6,10:00:00 AM,Monday,Route 6 Bay,General Delay,12,22,BW,
2015/06/01,196,10:05:00 AM,Monday,Dufferin at Overbrook,Diversion,45,48,n,9338
2015/06/01,117,10:05:00 AM,Monday,Dufferin at Overbrook,Diversion,45,60,n,8324
2015/06/01,105,10:05:00 AM,Monday,Dufferin at Overbrook,Diversion,45,60,n,9418
2015/06/01,104,10:05:00 AM,Monday,Dufferin at Overbrook,Diversion,45,60,n,8345
2015/06/01,35,10:28:00 AM,Monday,Shoreham Dr,Mechanical,6,14,S,1405
2015/06/01,5,10:50:00 AM,Monday,Queenspark circle,General Delay,20,50,b/w,
2015/06/01,35,11:00:00 AM,Monday,Shoreham,Investigation,6,14,S,1405
2015/06/01,106,11:00:00 AM,Monday,Yok U,Mechanical,15,30,s,8343
2015/06/01,196,11:00:00 AM,Monday,Muuay Ross and Keele,Investigation,4,7,n,9432
2015/06/01,22,11:19:00 AM,Monday,Coxwell and Dundas,Investigation,8,16,S,7746
2015/06/01,52,11:33:00 AM,Monday,Lawrence and Englemount,Mechanical,5,10,E/B,1649
2015/06/01,45,11:35:00 AM,Monday,Burnhamthorp and Kipling,Mechanical,11,22,N/B,8019
2015/06/01,54,11:36:00 AM,Monday,Wexford on Lawrence,Investigation,20,26,e,7475
2015/06/01,84,11:38:00 AM,Monday,Welbeck,Investigation,10,19,W,1255
2015/06/01,11,11:53:00 AM,Monday,Davisville STN,Utilized Off Route,11,22,N,8182
2015/06/01,41,12:18:00 PM,Monday,Keele/Pond,Investigation,9,18,s,9145
2015/06/01,196,12:18:00 PM,Monday,Downsview Stn,Utilized Off Route,6,12,e,8356
2015/06/01,95,12:22:00 PM,Monday,York Mills Station,Mechanical,15,30,e/b,1090
2015/06/01,60,12:30:00 PM,Monday,All Run Affected,General Delay,15,25,B\W's,1523
2015/06/01,108,12:30:00 PM,Monday,All Run Affected,General Delay,15,25,B\W's,1363
2015/06/01,36,1:00:00 PM,Monday,Entire route,General Delay,20,40,B/W,
2015/06/01,46,1:00:00 PM,Monday,Entire route,General Delay,15,30,B/W,
2015/06/01,191,1:00:00 PM,Monday,Entire route,General Delay,10,20,B/W,
2015/06/01,196,1:10:00 PM,Monday,Downsview Stn,Utilized Off Route,6,12,e,8199
2015/06/01,61,1:27:00 PM,Monday,Bombay lp,Mechanical,15,30,s,8152
2015/06/01,196,1:29:00 PM,Monday,Downsview Stn,Utilized Off Route,4,7,e,8301
2015/06/01,100,1:33:00 PM,Monday,Broadview Station,Mechanical,7,14,NB,7526
2015/06/01,709,1:42:00 PM,Monday,Skymark & Commerce blvd,Investigation,10,20,e/b,1675
2015/06/01,105,1:45:00 PM,Monday,Downsview Stn,Mechanical,15,30,n,8142
2015/06/01,83,1:46:00 PM,Monday,Queen and Jones,Emergency Services,9,25,N,7869
2015/06/01,55,1:55:00 PM,Monday,Jane & Annette,Mechanical,30,60,n/b,1629
2015/06/01,54,1:57:00 PM,Monday,Lawrence / Warden,Late Leaving Garage,5,8,WB,7506
2015/06/01,100,2:02:00 PM,Monday,Broadview Station,Mechanical,7,14,NB,7636
2015/06/01,32,2:10:00 PM,Monday,Oakwood & Eglinton,Investigation,10,25,e/b,1598
2015/06/01,38,2:19:00 PM,Monday,Helicon Gate,Mechanical,7,14,WB,1718
2015/06/01,60,2:24:00 PM,Monday,Dufferin On Steeles Av.,Mechanical,6,10,E,1386
2015/06/01,41,2:30:00 PM,Monday,Entire route,General Delay,15,25,b/w,
2015/06/01,190,2:33:00 PM,Monday,Aragon Avenue and Sheppard Avenue,Investigation,5,10,EB,7448
2015/06/01,84,2:38:00 PM,Monday,Steeles,Late Leaving Garage,18,36,SE,1298
2015/06/01,116,2:39:00 PM,Monday,eglinton yard,Mechanical,22,44,e,7635
2015/06/01,36,2:42:00 PM,Monday,Finch Station,Late Leaving Garage,25,52,W,9129
2015/06/01,98,2:45:00 PM,Monday,Sheppard Station,Mechanical,15,30,EB,8340
2015/06/01,110,2:46:00 PM,Monday,islington stn,Mechanical,12,24,s,8028
2015/06/01,38,2:48:00 PM,Monday,Scarborough Town Centre,Mechanical,15,30,WB,1720
2015/06/01,57,2:50:00 PM,Monday,Steeles and Midland,Investigation,11,22,N,7712
2015/06/01,84,2:53:00 PM,Monday,St Basil School,Late Leaving Garage,5,10,EB,9413
2015/06/01,190,2:53:00 PM,Monday,Don Mills Station,Mechanical,10,20,EB,7461
2015/06/01,47,3:00:00 PM,Monday,Route 47,General Delay,13,26,BW,
2015/06/01,63,3:00:00 PM,Monday,Route 63,General Delay,10,20,BW,
2015/06/01,35,3:00:00 PM,Monday,Jane Stn to al branches,General Delay,1,1,BW,1
2015/06/01,96,3:01:00 PM,Monday,Humberline Loop,Mechanical,20,40,E,7204
2015/06/01,39,3:04:00 PM,Monday,Seneca College Loop,Mechanical,10,20,EB,1095
2015/06/01,34,3:04:00 PM,Monday,Eglinton Yard,Late Leaving Garage,1,1,WB,7462
2015/06/01,95,3:07:00 PM,Monday,York Mills,Mechanical,15,27,E,1716
2015/06/01,60,3:10:00 PM,Monday,York U,Mechanical,5,6,E,7235
2015/06/01,109,3:10:00 PM,Monday,EGLINTON STATION,Investigation,12,24,S/B,8307
2015/06/01,92,3:11:00 PM,Monday,Woodbine and Kingston,Investigation,11,23,N,7688
2015/06/01,191,3:11:00 PM,Monday,Hwy # 27 and Royal Crest,Mechanical,5,10,S,7914
2015/06/01,42,3:15:00 PM,Monday,Finch Station,Mechanical,6,12,EB,8443
2015/06/01,39,3:16:00 PM,Monday,Sheppard&McCowan,Late Leaving Garage,1,1,WB,1084
2015/06/01,95,3:22:00 PM,Monday,Ellesmere RT,Late Leaving Garage,9,18,W,1080
2015/06/01,21,3:27:00 PM,Monday,Kennedy Station,Investigation,12,24,N,7846
2015/06/01,86,3:28:00 PM,Monday,eglinton yard,Mechanical,10,20,e,7567
2015/06/01,97,3:30:00 PM,Monday,On Route,General Delay,25,40,BW,
2015/06/01,7,3:30:00 PM,Monday,Bathurst and Bridgeman,Diversion,8,14,N/B,9009
2015/06/01,96,3:31:00 PM,Monday,WBDW,Late Leaving Garage,19,38,E,1313
2015/06/01,36,3:34:00 PM,Monday,Finch Station,Late Leaving Garage,27,52,W,9107
2015/06/01,36,3:34:00 PM,Monday,Arrow and Finch,Mechanical,5,10,E,1257
2015/06/01,84,3:40:00 PM,Monday,Rivalda,Late Leaving Garage,7,14,Eb,1219
2015/06/01,196,3:40:00 PM,Monday,Downsview Stn,Mechanical,4,7,s,9433
2015/06/01,35,3:40:00 PM,Monday,Jane stn,Late Leaving Garage,5,10,Nb,1007
2015/06/01,41,3:45:00 PM,Monday,Keele / St. Clair,Mechanical,9,18,n,9137
2015/06/01,196,3:52:00 PM,Monday,York u,Mechanical,3,6,s,9436
2015/06/01,59,3:57:00 PM,Monday,Lawrence West Stn.,Mechanical,13,26,W,1405
2015/06/01,45,4:02:00 PM,Monday,Kipling and Snaresbrook,Investigation,5,12,nb,7340
2015/06/01,112,4:09:00 PM,Monday,Kipling station,Mechanical,17,34,nb,7909
2015/06/01,110,4:15:00 PM,Monday,Islington and Bloor,General Delay,0,0,s,
2015/06/01,24,4:20:00 PM,Monday,VP Stn.,Investigation,7,14,n,7796
2015/06/01,130,4:23:00 PM,Monday,McNicol and Maybrook,Mechanical,15,30,SB,1119
2015/06/01,86,4:30:00 PM,Monday,Scarborough Route,General Delay,30,0,B/W,
2015/06/01,116,4:30:00 PM,Monday,Morningside Route,General Delay,20,0,B/W,
2015/06/01,44,4:34:00 PM,Monday,Kipling station,Investigation,4,9,sb,8014
2015/06/01,44,4:38:00 PM,Monday,Colonel Sam smith Loop,Mechanical,5,9,nb,7316
2015/06/01,125,4:42:00 PM,Monday,Drewry on Fairchild Av,Mechanical,10,20,WB,8151
2015/06/01,54,4:43:00 PM,Monday,Beechgrove / Lawrence,Mechanical,11,21,EB,7599
2015/06/01,105,4:43:00 PM,Monday,Dufferin and Steeles,Mechanical,12,24,s,9054
2015/06/01,106,4:59:00 PM,Monday,Downsview Stn,Utilized Off Route,9,18,s,9415
2015/06/01,29,5:00:00 PM,Monday,Tycos to Lawrence,General Delay,8,16,BW,
2015/06/01,196,5:00:00 PM,Monday,Downsview Stn,Mechanical,4,7,n,9447
2015/06/01,76,5:00:00 PM,Monday,royalyork station,Utilized Off Route,5,10,s,7326
2015/06/01,132,5:02:00 PM,Monday,Milner /Neilson,Mechanical,12,24,EB,1771
2015/06/01,54,5:11:00 PM,Monday,Starspray Loop,Mechanical,11,21,WB,7531
2015/06/01,34,5:16:00 PM,Monday,Eglinton Ave & Lebovic Ave,Mechanical,4,8,EB,7622
2015/06/01,95,5:23:00 PM,Monday,Mornelle Court and Ellesmere,Mechanical,12,24,w/b,1722
2015/06/01,198,5:30:00 PM,Monday,Scarborough Roucket U of T,General Delay,15,0,B/W,
2015/06/01,196,5:40:00 PM,Monday,Downsview Stn,Utilized Off Route,4,7,n,9430
2015/06/01,165,5:40:00 PM,Monday,Clayson,Mechanical,8,16,W,1305
2015/06/01,709,5:41:00 PM,Monday,Caledonia & Eglinton,Utilized Off Route,10,20,e/b,1043
2015/06/01,90,5:42:00 PM,Monday,St. Clair West Station,Utilized Off Route,6,12,N,8204
2015/06/01,29,5:45:00 PM,Monday,Dufferin and Eglinton,Utilized Off Route,4,8,s,9023
2015/06/01,47,5:50:00 PM,Monday,Earlscourt loop,Utilized Off Route,7,14,S,1676
2015/06/01,89,5:51:00 PM,Monday,Weston rd / Denarda,Investigation,8,16,n,1408
2015/06/01,191,5:59:00 PM,Monday,Royal Crest and Hwy # 27,Mechanical,5,10,S,1348
2015/06/01,63,6:05:00 PM,Monday,Eglinton w stn,Mechanical,10,20,N,1634
2015/06/01,108,6:12:00 PM,Monday,Downsview Stn,Mechanical,7,14,W,1225
2015/06/01,116,6:15:00 PM,Monday,morningside and guildwood pkwy north,Mechanical,6,12,e,7491
2015/06/01,165,6:17:00 PM,Monday,Bathurst,Investigation,8,16,W,1236
2015/06/01,39,6:28:00 PM,Monday,Scottfield Dr,Mechanical,5,10,EB,1768
2015/06/01,43,6:31:00 PM,Monday,Kennedy STN,Investigation,12,24,NB,7543
2015/06/01,90,6:35:00 PM,Monday,Northcliffe BLVD and Vaughn,Investigation,10,20,N/B,8154
2015/06/01,131,6:41:00 PM,Monday,Kenney Station,Investigation,8,17,w/b,1149
2015/06/01,29,7:15:00 PM,Monday,Dufferin and Lawrence,Investigation,6,13,S,8347
2015/06/01,95,7:15:00 PM,Monday,Morningside and Ellesmere,Mechanical,14,28,w/b,1722
2015/06/01,97,7:30:00 PM,Monday,Eglinton /Avenue,Mechanical,1,1,Nb,8170
2015/06/01,42,7:40:00 PM,Monday,Mcnicoll Av/Victoria Park,Mechanical,10,20,WB,8180
2015/06/01,6,7:50:00 PM,Monday,Dupont and Bedford,Mechanical,15,30,E/B,1253
2015/06/01,134,8:18:00 PM,Monday,Scar Town Centre Station,Mechanical,12,24,E,1142
2015/06/01,60,9:10:00 PM,Monday,Steeles & Signet,Mechanical,14,28,E,1545
2015/06/01,11,9:12:00 PM,Monday,Steeles,Mechanical,30,50,s,8383
2015/06/01,29,9:44:00 PM,Monday,Wilson Station,Mechanical,5,11,S,9050
2015/06/01,35,10:00:00 PM,Monday,Jane & St. Clair,Diversion,1,1,S,1302
2015/06/01,195,10:00:00 PM,Monday,Jane & St. Clair,Diversion,1,1,S,1342
2015/06/01,95,10:05:00 PM,Monday,Ellesmere at Mccowan,Mechanical,10,20,W/B,1067
2015/06/01,52,10:25:00 PM,Monday,Lawrence Ave. West and Hickory Tree Ave.,Diversion,50,71,E,1536
2015/06/01,79,10:25:00 PM,Monday,Lawrence Ave. West and Hickory Tree Rd.,Diversion,50,62,N,1063
2015/06/01,34,10:36:00 PM,Monday,Eglinton & Victoria PK,Investigation,6,12,EB,7620
2015/06/01,25,11:19:00 PM,Monday,Thorncilffe & Overlea,Mechanical,10,20,NB,7422
2015/06/01,100,11:42:00 PM,Monday,Broadview STN,Mechanical,10,20,NB,7466
2015/06/01,106,11:52:00 PM,Monday,Downsview Station,Utilized Off Route,18,36,n,8133
2015/06/02,96,1:15:00 AM,Tuesday,John Garland and Kipling,Investigation,15,30,E,1422
2015/06/02,320,1:25:00 AM,Tuesday,St. Clair and Yonge,Diversion,3,26,S,7542
2015/06/02,39,1:32:00 AM,Tuesday,Finch Stn,Mechanical,6,12,E/B,1738
2015/06/02,85,2:10:00 AM,Tuesday,Sheppard at Parkway Forest,Diversion,30,41,B/W,9078
2015/06/02,385,2:25:00 AM,Tuesday,Meadowvale Loop,Mechanical,30,60,W/B,1138
2015/06/02,85,2:56:00 AM,Tuesday,401 west of Brimley,Mechanical,1,1,W/B,9066
2015/06/02,303,3:54:00 AM,Tuesday,Don Mills at Fresh Meadow,Mechanical,30,60,W/B,7400
2015/06/02,36,4:43:00 AM,Tuesday,Finch and Arrow,Late Leaving Garage,10,20,E,1538
2015/06/02,47,5:10:00 AM,Tuesday,Lansdowne and Queen,Late Leaving Garage,10,20,n/b,1502
2015/06/02,38,5:12:00 AM,Tuesday,Rouge Hill GO,Mechanical,15,30,W,1716
2015/06/02,36,5:13:00 AM,Tuesday,Finch and Arrow,Mechanical,8,18,E,9111
2015/06/02,47,5:20:00 AM,Tuesday,Lansdowne and Queen,Late Leaving Garage,10,20,n/b,1536
2015/06/02,52,5:25:00 AM,Tuesday,Lawrence and Weston rd.,Mechanical,10,19,E/B,1533
2015/06/02,75,5:30:00 AM,Tuesday,Lower Jarvis and Esplanade,Diversion,1208,1223,E,8339
2015/06/02,40,5:30:00 AM,Tuesday,Dundas West Station,Mechanical,12,24,W/b,7341
2015/06/02,109,5:30:00 AM,Tuesday,Neptune and Rajah,Diversion,992,998,E,8363
2015/06/02,168,5:32:00 AM,Tuesday,Dundas West Station,Utilized Off Route,11,2,W/B,7339
2015/06/02,54,5:42:00 AM,Tuesday,Scarb. Golf Club,Late Leaving Garage,15,21,e,7683
2015/06/02,91,5:46:00 AM,Tuesday,Birchmount Division,Late Leaving Garage,0,0,N,8102
2015/06/02,54,5:46:00 AM,Tuesday,egl yard,Late Leaving Garage,1,1,e,7478
2015/06/02,169,5:48:00 AM,Tuesday,Wilson Garage,Mechanical,10,0,east,8179
2015/06/02,165,5:48:00 AM,Tuesday,finch at weston,Mechanical,12,12,n,7216
2015/06/02,25,5:50:00 AM,Tuesday,Pape Station,Mechanical,3,6,n/b,7447
2015/06/02,32,5:52:00 AM,Tuesday,Eglinton and Keele,Late Leaving Garage,19,28,e/b,1631
2015/06/02,116,5:54:00 AM,Tuesday,Morningside and Staines,Utilized Off Route,6,12,n,7681
2015/06/02,129,5:56:00 AM,Tuesday,Steels and Mccowan /Malvern garage,Late Leaving Garage,4,9,South,1786
2015/06/02,7,5:57:00 AM,Tuesday,Bathurst and Wilson,Late Leaving Garage,8,17,S,9035
2015/06/02,34,5:57:00 AM,Tuesday,Eglinton Yard,Late Leaving Garage,4,8,EB,7551
2015/06/02,32,5:57:00 AM,Tuesday,Eglinton west stn,Mechanical,14,24,w/b,1649
2015/06/02,35,6:00:00 AM,Tuesday,Jane Street,General Delay,10,20,B/W,
2015/06/02,84,6:00:00 AM,Tuesday,Sheppard Avenue,General Delay,9,18,B/W,
2015/06/02,54,6:01:00 AM,Tuesday,egl yard,Late Leaving Garage,1,1,w,7567
2015/06/02,90,6:10:00 AM,Tuesday,Vaughan and Oakwood,Late Leaving Garage,5,10,N,9442
2015/06/02,130,6:11:00 AM,Tuesday,Mccowan and Nugget,Mechanical,20,40,S,1829
2015/06/02,53,6:11:00 AM,Tuesday,Finch Station,Mechanical,6,0,e,9075
2015/06/02,190,6:14:00 AM,Tuesday,Eglinton Garage,Late Leaving Garage,7,14,w/b,7627
2015/06/02,98,6:15:00 AM,Tuesday,Sheppard stn,Mechanical,15,30,w/b,9401
2015/06/02,95,6:19:00 AM,Tuesday,Kingston rd loop,Mechanical,7,14,w,1704
2015/06/02,85,6:19:00 AM,Tuesday,Don Mills station,Late Leaving Garage,6,12,E,9092
2015/06/02,29,6:20:00 AM,Tuesday,Dufferin at Chandos,Investigation,8,16,s/b,9050
2015/06/02,199,6:20:00 AM,Tuesday,STC,Utilized Off Route,2,5,WB,1067
2015/06/02,124,6:22:00 AM,Tuesday,Lawrence Station,Mechanical,12,24,e,8343
2015/06/02,51,6:28:00 AM,Tuesday,Townsend and Freshmeadow,Mechanical,12,24,s/b,8328
2015/06/02,7,6:30:00 AM,Tuesday,Bathurst and Wilson,Mechanical,9,18,S,9045
2015/06/02,165,6:30:00 AM,Tuesday,wilson - bathurst to avenue,General Delay,14,20,bw,
2015/06/02,96,6:30:00 AM,Tuesday,wilson - bathurst to avenue,General Delay,12,34,bw,
2015/06/02,86,6:32:00 AM,Tuesday,Eglinton yard,Mechanical,4,8,e,7467
2015/06/02,35,6:33:00 AM,Tuesday,FJAN,Late Leaving Garage,1,6,S,5911
2015/06/02,42,6:41:00 AM,Tuesday,Finch stn,Late Leaving Garage,22,44,e/b,8385
2015/06/02,42,6:41:00 AM,Tuesday,Finch Station,Late Leaving Garage,22,0,E,8385
2015/06/02,41,6:43:00 AM,Tuesday,Keele Stn,Late Leaving Garage,14,28,N,9144
2015/06/02,39,6:47:00 AM,Tuesday,Seneca College,Late Leaving Garage,8,15,WB,1293
2015/06/02,37,6:50:00 AM,Tuesday,Islington Station,Late Leaving Garage,6,6,n/b,7303
2015/06/02,60,6:52:00 AM,Tuesday,Commons,Late Leaving Garage,5,10,E,1334
2015/06/02,46,6:54:00 AM,Tuesday,Steeles loop @ MGRV,Mechanical,11,21,S,
2015/06/02,95,6:54:00 AM,Tuesday,SCLP,Mechanical,9,18,w,1779
2015/06/02,96,6:55:00 AM,Tuesday,woodbine downs,Mechanical,15,30,e,1338
2015/06/02,106,6:57:00 AM,Tuesday,York University at the commons,Mechanical,7,15,east,9443
2015/06/02,134,7:00:00 AM,Tuesday,Scarborough Town Centre,Mechanical,3,23,e,1811
2015/06/02,70,7:00:00 AM,Tuesday,O'Connor and Woodbine,General Delay,14,32,n,
2015/06/02,134,7:03:00 AM,Tuesday,Scarborough Town Centre,Utilized Off Route,6,13,e,1270
2015/06/02,53,7:05:00 AM,Tuesday,Steeles and Firebrace,Mechanical,12,25,e,9100
2015/06/02,32,7:06:00 AM,Tuesday,Eglinton and Caledonia,Mechanical,10,21,w/b,1240
2015/06/02,100,7:09:00 AM,Tuesday,Eglinton STN,Mechanical,13,26,WB,7434
2015/06/02,53,7:29:00 AM,Tuesday,Steeles and Don Mills,Mechanical,6,11,e,1119
2015/06/02,86,7:30:00 AM,Tuesday,Scarborough Route,General Delay,30,0,B/W,
2015/06/02,73,7:40:00 AM,Tuesday,Humberloop,Late Leaving Garage,9,14,n/b,
2015/06/02,73,7:40:00 AM,Tuesday,Royal York Station,Late Leaving Garage,0,0,n/b,8070
2015/06/02,85,7:45:00 AM,Tuesday,Don Mills station to Rouge Hill GO,General Delay,15,10,B/W,
2015/06/02,52,7:47:00 AM,Tuesday,Lawrence station,Mechanical,1,1,w/b,1577
2015/06/02,6,7:48:00 AM,Tuesday,Signal Hill,Late Leaving Garage,7,14,E,1394
2015/06/02,52,7:50:00 AM,Tuesday,Lawrence station,Utilized Off Route,12,24,w/b,1017
2015/06/02,36,8:00:00 AM,Tuesday,Finch West route,General Delay,15,21,E,9123
2015/06/02,198,8:00:00 AM,Tuesday,Scarborough Rocket Uof T,General Delay,10,0,B/W,
2015/06/02,24,8:00:00 AM,Tuesday,VP ROUTE,General Delay,8,0,BW,
2015/06/02,116,8:00:00 AM,Tuesday,Morningside Route,General Delay,10,0,B/W,
2015/06/02,5,8:00:00 AM,Tuesday,Eglinton stn to Elm ave,General Delay,18,32,b/w,
2015/06/02,61,8:00:00 AM,Tuesday,Eglinton stn to Bombay loop,General Delay,10,20,b/w,
2015/06/02,39,8:00:00 AM,Tuesday,Finch station to Neilson & Crow Trail,General Delay,8,12,B/W,1069
2015/06/02,23,8:10:00 AM,Tuesday,Main Station,Mechanical,5,10,N,7746
2015/06/02,129,8:15:00 AM,Tuesday,McCowan and Mcnicole,Diversion,16,20,North,1763
2015/06/02,94,8:15:00 AM,Tuesday,WELLESLEY ROUTE,General Delay,10,0,BW,
2015/06/02,62,8:30:00 AM,Tuesday,Broadview Avenue,General Delay,30,30,N,7688
2015/06/02,199,8:34:00 AM,Tuesday,STC,Mechanical,3,6,EB,1137
2015/06/02,196,8:40:00 AM,Tuesday,Downsview  Station,Utilized Off Route,6,12,east,8199
2015/06/02,86,8:44:00 AM,Tuesday,kennedy station,Mechanical,5,10,e,7510
2015/06/02,104,8:50:00 AM,Tuesday,Faywood at Goodwill,Mechanical,13,26,south,9448
2015/06/02,168,8:55:00 AM,Tuesday,Dundas West Station,Emergency Services,4,9,n/b,7324
2015/06/02,66,8:56:00 AM,Tuesday,Old Mill Stn,Emergency Services,14,28,s/B,8080
2015/06/02,51,9:00:00 AM,Tuesday,Eglinton stn to Townsend ave,General Delay,20,35,b/w,
2015/06/02,57,9:13:00 AM,Tuesday,Midland & McNicoll,Diversion,26,37,n/b,7715
2015/06/02,96,9:22:00 AM,Tuesday,woodbine downs,Utilized Off Route,15,30,e,1338
2015/06/02,99,9:22:00 AM,Tuesday,Eddystone,Investigation,20,20,w,1338
2015/06/02,73,9:45:00 AM,Tuesday,Albion and Weston,Investigation,15,30,s/b,8018
2015/06/02,52,9:48:00 AM,Tuesday,Lawrence and Courtland,Diversion,70,55,E/B,1575
2015/06/02,32,9:50:00 AM,Tuesday,Eglinton and Bathurst,Mechanical,1,1,e/b,1580
2015/06/02,79,10:00:00 AM,Tuesday,Lawrence and Weston,General Delay,1,1,WB,
2015/06/02,54,10:00:00 AM,Tuesday,Eglinton,General Delay,19,30,bw,
2015/06/02,196,10:05:00 AM,Tuesday,Downsview Station,Utilized Off Route,2,6,N,8208
2015/06/02,53,10:07:00 AM,Tuesday,Steeles and Firebrace,Mechanical,5,11,w,1138
2015/06/02,32,10:45:00 AM,Tuesday,Eglinton Ave. West and Gabian Way,Mechanical,12,24,W,1678
2015/06/02,192,11:10:00 AM,Tuesday,KIPLING STATION,Mechanical,9,18,N,8003
2015/06/02,102,11:11:00 AM,Tuesday,Warden Station,Utilized Off Route,17,34,E,7738
2015/06/02,86,11:25:00 AM,Tuesday,Kennedy station,Mechanical,10,20,e,7554
2015/06/02,90,11:30:00 AM,Tuesday,oakwood and Vaughan,Mechanical,8,16,S,8340
2015/06/02,199,11:33:00 AM,Tuesday,Finch station,Mechanical,4,9,EB,1076
2015/06/02,196,11:35:00 AM,Tuesday,Downsview Stn,Mechanical,7,14,,8150
2015/06/02,32,11:40:00 AM,Tuesday,Eglinton west stn,Mechanical,13,26,w/b,1631
2015/06/02,199,11:49:00 AM,Tuesday,Finch & Tollerton,Mechanical,5,10,WB,1747
2015/06/02,95,11:52:00 AM,Tuesday,Ellesmere and Saratoga,Emergency Services,6,13,e,1750
2015/06/02,95,11:57:00 AM,Tuesday,Ellesmere and Packard,Diversion,8,15,e,1131
2015/06/02,95,11:59:00 AM,Tuesday,Ellesmere and Markham rd,Investigation,15,30,e,1750
2015/06/02,195,12:05:00 PM,Tuesday,Jane Street,General Delay,10,20,B/W,
2015/06/02,41,12:10:00 PM,Tuesday,Keele/Pond,Diversion,0,0,N,1030
2015/06/02,35,12:11:00 PM,Tuesday,Jane St @ Weston Rd,Emergency Services,8,16,N,1534
2015/06/02,53,12:19:00 PM,Tuesday,Steeles and Leslie,Diversion,0,0,e,1077
2015/06/02,84,12:30:00 PM,Tuesday,All run Affected,General Delay,15,25,B/W'S,1219
2015/06/02,108,12:30:00 PM,Tuesday,Entire route,General Delay,15,30,B/W,
2015/06/02,59,12:30:00 PM,Tuesday,Church and Weston,Diversion,1,1,E/B,
2015/06/02,35,12:30:00 PM,Tuesday,All Run Affected,General Delay,12,24,B/W'S,1207
2015/06/02,23,12:30:00 PM,Tuesday,Ferris and Dawes,Mechanical,15,30,NB,7864
2015/06/02,195,12:30:00 PM,Tuesday,All Run Affected,General Delay,12,24,B/W'S,1419
2015/06/02,60,12:30:00 PM,Tuesday,Entire route,General Delay,20,40,B/W,
2015/06/02,59,12:30:00 PM,Tuesday,Entire route,General Delay,5,10,B/W,
2015/06/02,54,12:32:00 PM,Tuesday,McCowan and Lawrence,Diversion,0,0,BW,
2015/06/02,16,12:32:00 PM,Tuesday,Markham and Lawrence,Investigation,10,20,NB,7845
2015/06/02,53,12:33:00 PM,Tuesday,Passmore and Markham,Mechanical,12,18,w,1807
2015/06/02,54,12:45:00 PM,Tuesday,Lawrence/ Brimley to Lawrence/Bellamy,Diversion,10,385,EB,7448
2015/06/02,34,1:00:00 PM,Tuesday,Eglinton Ave & Bessborough,General Delay,10,15,BW,
2015/06/02,85,1:00:00 PM,Tuesday,Don Mills Stn,General Delay,9,17,E/W,
2015/06/02,100,1:00:00 PM,Tuesday,Eglinton Ave & Bessborough,General Delay,10,20,BW,
2015/06/02,25,1:22:00 PM,Tuesday,Don Mills and Overlea,Mechanical,3,6,SB,7651
2015/06/02,52,1:25:00 PM,Tuesday,Lawrence and Culford,Mechanical,15,30,E/B,1017
2015/06/02,16,1:28:00 PM,Tuesday,McCowan and Ellesmere,Emergency Services,10,20,NB,7838
2015/06/02,45,1:30:00 PM,Tuesday,Rathburn to Bloor,General Delay,20,15,bw,
2015/06/02,102,1:37:00 PM,Tuesday,Centinal College,Utilized Off Route,34,68,SB,7748
2015/06/02,6,2:00:00 PM,Tuesday,Entire Route,General Delay,11,22,B/W,
2015/06/02,198,2:00:00 PM,Tuesday,Kennedy Stn - U of T Loop,General Delay,10,20,BW,
2015/06/02,26,2:00:00 PM,Tuesday,Entire Route,General Delay,15,29,B/W,
2015/06/02,191,2:00:00 PM,Tuesday,Hwy27 route,General Delay,12,24,B/W,
2015/06/02,36,2:00:00 PM,Tuesday,Finch route,General Delay,12,24,B/W,
2015/06/02,86,2:00:00 PM,Tuesday,Kennedy Stn - Toronto Zoo,General Delay,10,20,BW,
2015/06/02,116,2:00:00 PM,Tuesday,Kennedy Stn - Nightstar,General Delay,10,20,BW,
2015/06/02,36,2:09:00 PM,Tuesday,Finch station,Mechanical,6,11,w,1221
2015/06/02,89,2:10:00 PM,Tuesday,Weston  / Coulter,Investigation,8,16,n,1660
2015/06/02,116,2:12:00 PM,Tuesday,Eglinton & McCowan,Mechanical,10,20,E,7587
2015/06/02,165,2:16:00 PM,Tuesday,Rutherford rd,Investigation,45,90,S,1380
2015/06/02,116,2:27:00 PM,Tuesday,Kenendy Stn,Mechanical,10,20,E,7462
2015/06/02,196,2:28:00 PM,Tuesday,,Utilized Off Route,3,6,n,8209
2015/06/02,41,2:30:00 PM,Tuesday,Entire route,General Delay,15,25,b/w,
2015/06/02,44,2:32:00 PM,Tuesday,Colonel Sam Smith Loop,Late Leaving Garage,5,11,nb,7945
2015/06/02,196,2:36:00 PM,Tuesday,Commons,Mechanical,3,6,s,9414
2015/06/02,106,2:40:00 PM,Tuesday,,Mechanical,10,20,n,9447
2015/06/02,47,2:45:00 PM,Tuesday,Eaarlscourt Loop,Late Leaving Garage,7,20,S/B,1654
2015/06/02,106,2:50:00 PM,Tuesday,Downsview Stn,Utilized Off Route,10,20,s,8355
2015/06/02,84,2:50:00 PM,Tuesday,St Basuk Coolege,Mechanical,3,5,E,9435
2015/06/02,85,2:51:00 PM,Tuesday,Meadowvale Loop,Mechanical,6,12,W,9067
2015/06/02,84,2:53:00 PM,Tuesday,St Basil College,Mechanical,3,5,E,9403
2015/06/02,109,2:54:00 PM,Tuesday,Neptune,Mechanical,28,56,N/B,8169
2015/06/02,95,2:56:00 PM,Tuesday,York Mills Station,Late Leaving Garage,8,16,EB,1401
2015/06/02,39,2:57:00 PM,Tuesday,Malvern Garage,Late Leaving Garage,10,20,W,1397
2015/06/02,102,3:00:00 PM,Tuesday,Warden Station to Major Mackenzie,General Delay,20,15,B/W,
2015/06/02,52,3:00:00 PM,Tuesday,Lawrence and Weston,General Delay,12,19,W/B,
2015/06/02,63,3:00:00 PM,Tuesday,Entire Route,General Delay,15,25,B/W,
2015/06/02,47,3:00:00 PM,Tuesday,Entire Route,General Delay,12,20,B/W,
2015/06/02,97,3:00:00 PM,Tuesday,97 Yonge Route,General Delay,17,47,BW,
2015/06/02,89,3:00:00 PM,Tuesday,Entire route,General Delay,5,10,b/w,
2015/06/02,76,3:00:00 PM,Tuesday,Evans at Royal York,Late Leaving Garage,6,9,S,7967
2015/06/02,76,3:05:00 PM,Tuesday,Royal York Station,Mechanical,5,10,S,7335
2015/06/02,73,3:07:00 PM,Tuesday,Royal York Station,Late Leaving Garage,20,40,N,7332
2015/06/02,16,3:10:00 PM,Tuesday,Danforth and Trudelle,Investigation,10,20,NB,7793
2015/06/02,116,3:10:00 PM,Tuesday,Morningside & Ellesmere,Mechanical,4,10,S,7563
2015/06/02,25,3:14:00 PM,Tuesday,Pape Station,Mechanical,3,6,NB,7406
2015/06/02,196,3:20:00 PM,Tuesday,Downsview Stn,Utilized Off Route,4,7,n,8365
2015/06/02,43,3:22:00 PM,Tuesday,Kennedy Station,Utilized Off Route,18,36,NB,7670
2015/06/02,95,3:22:00 PM,Tuesday,Ellesmere RT,Late Leaving Garage,9,18,WB,1805
2015/06/02,60,3:29:00 PM,Tuesday,Finch Station,Late Leaving Garage,11,18,W,7216
2015/06/02,126,3:30:00 PM,Tuesday,Entire Route,General Delay,15,30,B/W,
2015/06/02,131,3:30:00 PM,Tuesday,Entire Route,General Delay,15,1,BW,
2015/06/02,112,3:36:00 PM,Tuesday,Kipling station,Mechanical,17,34,nb,8092
2015/06/02,102,3:38:00 PM,Tuesday,Markham and Ellesmere,Investigation,34,68,S/B,7697
2015/06/02,51,3:38:00 PM,Tuesday,Steeles / Donmills,Mechanical,29,47,e,8148
2015/06/02,42,4:00:00 PM,Tuesday,42 Cummer Route,General Delay,12,17,BW,
2015/06/02,32,4:00:00 PM,Tuesday,Eglinton & Caledonia,Mechanical,8,16,w/b,1065
2015/06/02,106,4:00:00 PM,Tuesday,Downsview STN,Utilized Off Route,9,18,WB,8333
2015/06/02,53,4:00:00 PM,Tuesday,Finch Station,Late Leaving Garage,5,10,E,
2015/06/02,116,4:05:00 PM,Tuesday,Ellesmere & Morrish,Mechanical,22,45,w,7502
2015/06/02,47,4:10:00 PM,Tuesday,Orfus and Dufferin,Investigation,26,52,W/B,1654
2015/06/02,86,4:11:00 PM,Tuesday,Kennedty Stn,Late Leaving Garage,10,20,E,7599
2015/06/02,43,4:12:00 PM,Tuesday,Kennedy Station,Mechanical,9,18,NB,7442
2015/06/02,131,4:15:00 PM,Tuesday,Scarborough Town Centre,Mechanical,9,18,EB,1824
2015/06/02,43,4:16:00 PM,Tuesday,Kennedy Stn,Utilized Off Route,18,36,NB,7562
2015/06/02,86,4:21:00 PM,Tuesday,Kennedy Stn,Late Leaving Garage,10,20,E,7426
2015/06/02,96,4:30:00 PM,Tuesday,Yonge to Ave. Rd.,General Delay,9,18,W/b,
2015/06/02,165,4:30:00 PM,Tuesday,Yonge st. to Ave. Rd.,General Delay,10,20,W/b,
2015/06/02,53,4:30:00 PM,Tuesday,Finch Station to Morningside/Staines Rd,General Delay,8,14,B/W,
2015/06/02,89,4:40:00 PM,Tuesday,Weston rd / Ray,Mechanical,8,16,s,1570
2015/06/02,47,4:44:00 PM,Tuesday,Queen and lansdowne,Utilized Off Route,13,26,N/B,1018
2015/06/02,21,4:45:00 PM,Tuesday,Kennedy Station,General Delay,11,22,b/w,7737
2015/06/02,126,4:47:00 PM,Tuesday,St.Clair West Stn,Mechanical,15,30,W/B,1413
2015/06/02,57,4:55:00 PM,Tuesday,Kennedy Station,General Delay,9,18,b/w,7879
2015/06/02,122,5:00:00 PM,Tuesday,Yorkmills and Leslie,General Delay,15,25,BW,
2015/06/02,55,5:00:00 PM,Tuesday,55-Warren Park route,General Delay,10,8,b/w,1518
2015/06/02,12,5:10:00 PM,Tuesday,Victoria Park Station,General Delay,7,14,W,8128
2015/06/02,116,5:13:00 PM,Tuesday,Kennedy Stn,Emergency Services,6,12,E,7469
2015/06/02,7,5:28:00 PM,Tuesday,Sheppard and Bathurst,Mechanical,7,14,N/B,9056
2015/06/02,73,5:30:00 PM,Tuesday,Royal York Station to Albion at Claireport,General Delay,15,0,BW,
2015/06/02,85,5:30:00 PM,Tuesday,Sheppard Stn to Rouge Hill Go,General Delay,10,16,E/W,
2015/06/02,106,5:37:00 PM,Tuesday,,Utilized Off Route,9,19,n,9439
2015/06/02,60,5:43:00 PM,Tuesday,York U Commons,Mechanical,7,14,E,1333
2015/06/02,199,5:43:00 PM,Tuesday,McCowan and Finch,General Delay,4,8,E,1134
2015/06/02,60,5:45:00 PM,Tuesday,Signet and Steeles,Mechanical,7,14,E,9111
2015/06/02,96,5:45:00 PM,Tuesday,Wilson Heights,Mechanical,28,56,E,7208
2015/06/02,116,5:53:00 PM,Tuesday,Kenendy Stn,Utilized Off Route,6,12,E,7630
2015/06/02,42,6:00:00 PM,Tuesday,Finch STN,Mechanical,5,10,WB,8180
2015/06/02,39,6:00:00 PM,Tuesday,Finch route,General Delay,15,30,E,1397
2015/06/02,95,6:00:00 PM,Tuesday,York Mills/Leslie to York Mills Station,General Delay,15,1,wb,
2015/06/02,63,6:08:00 PM,Tuesday,Oakwookd Loop,Mechanical,10,20,s/b,1615
2015/06/02,83,6:15:00 PM,Tuesday,Donlands Station,Mechanical,18,36,N,7851
2015/06/02,196,6:20:00 PM,Tuesday,Downsview Station,Utilized Off Route,7,14,N,8209
2015/06/02,32,6:22:00 PM,Tuesday,Islington & Eglinton,Investigation,9,18,w/b,1016
2015/06/02,129,6:26:00 PM,Tuesday,McCowan and Sandhurst Cir,Mechanical,4,9,S,1137
2015/06/02,60,6:30:00 PM,Tuesday,Dufferin and Steeles,Mechanical,5,12,E,1335
2015/06/02,47,6:33:00 PM,Tuesday,Lansdowne Ave. and Queen St. West,Investigation,6,13,S,1620
2015/06/02,199,6:58:00 PM,Tuesday,Finch station,General Delay,6,10,E,1759
2015/06/02,57,7:16:00 PM,Tuesday,Midland and Ellesmere,Mechanical,9,18,W,5383
2015/06/02,57,7:16:00 PM,Tuesday,Midland and Ellesmere,Mechanical,9,18,N,7694
2015/06/02,22,7:35:00 PM,Tuesday,Kingston rd and Brookside dr,Diversion,10,20,WB,7733
2015/06/02,71,7:47:00 PM,Tuesday,Runnymede stn,Mechanical,22,44,n/b,1542
2015/06/02,7,8:05:00 PM,Tuesday,Bathurst station,Mechanical,10,9,N/B,8356
2015/06/02,92,8:08:00 PM,Tuesday,Ashbridges Bay,Mechanical,10,20,N,7797
2015/06/02,709,8:15:00 PM,Tuesday,Eglinton west station,Utilized Off Route,1,1,W/B,1591
2015/06/02,63,9:10:00 PM,Tuesday,Eglinton west stn,Mechanical,6,13,s,1621
2015/06/02,191,9:18:00 PM,Tuesday,hwy 27 and finch,Investigation,10,20,n/b,7942
2015/06/02,103,9:20:00 PM,Tuesday,Eglinton station,Utilized Off Route,20,40,N,
2015/06/02,47,9:38:00 PM,Tuesday,Lansdowne Ave. and St.Clair Ave. West,Mechanical,10,20,S,1675
2015/06/02,86,9:48:00 PM,Tuesday,Eglinton & Cedar,Mechanical,10,20,EB,7654
2015/06/02,52,10:25:00 PM,Tuesday,Dixon Rd. and Carlingview Rd.,Mechanical,2,8,E,1666
2015/06/02,29,10:50:00 PM,Tuesday,Dufferin and Queen,Investigation,8,16,n,8155
2015/06/02,102,11:16:00 PM,Tuesday,Warden Station,Utilized Off Route,28,56,NB,7755
2015/06/02,32,11:26:00 PM,Tuesday,Eglinton Ave.West and Scarlett Rd.,Mechanical,12,24,W,1418
2015/06/03,106,12:28:00 AM,Wednesday,Downsview Station,Mechanical,18,36,n,8392
2015/06/03,97,12:52:00 AM,Wednesday,York Mills,Utilized Off Route,30,60,s,8391
2015/06/03,60,1:25:00 AM,Wednesday,finch stn,Mechanical,32,64,w/b,1312
2015/06/03,11,1:40:00 AM,Wednesday,Bayview and Bowan,Emergency Services,2,4,N,8352
2015/06/03,320,1:42:00 AM,Wednesday,yonge and elm,Investigation,4,8,s/b,8155
2015/06/03,320,3:07:00 AM,Wednesday,yorkmills,Mechanical,4,8,s/b,8305
2015/06/03,53,5:00:00 AM,Wednesday,Passmore and Markham,Mechanical,4,12,w,1351
2015/06/03,48,5:20:00 AM,Wednesday,Mill Road Loop,Mechanical,20,20,e/b,8068
2015/06/03,80,5:24:00 AM,Wednesday,Lakeshore garage,Late Leaving Garage,12,0,N/B,7814
2015/06/03,168,5:30:00 AM,Wednesday,Avon Loop,Utilized Off Route,5,11,s/b,7343
2015/06/03,34,5:34:00 AM,Wednesday,Eglinton yard,Mechanical,4,8,e,7589
2015/06/03,25,5:40:00 AM,Wednesday,Eglinton Garage,Late Leaving Garage,1,1,s/b,
2015/06/03,224,5:49:00 AM,Wednesday,Eglinton Garage,Late Leaving Garage,1,1,s/b,7636
2015/06/03,89,5:56:00 AM,Wednesday,Albion/Weston,Mechanical,9,19,N,1657
2015/06/03,34,5:59:00 AM,Wednesday,Eglinton yard,Mechanical,4,8,e,7487
2015/06/03,97,6:00:00 AM,Wednesday,Davisville Station,Late Leaving Garage,30,0,N,1802
2015/06/03,35,6:00:00 AM,Wednesday,Jane,General Delay,10,20,S,
2015/06/03,106,6:10:00 AM,Wednesday,York U commons,Mechanical,10,20,sb,9443
2015/06/03,53,6:10:00 AM,Wednesday,Finch Station,Mechanical,4,10,e,1114
2015/06/03,131,6:11:00 AM,Wednesday,Morningview Trail and Morningside,Late Leaving Garage,3,6,West,1094
2015/06/03,25,6:14:00 AM,Wednesday,Esterbrook and Don Mills Road,Investigation,3,6,SB,7519
2015/06/03,168,6:14:00 AM,Wednesday,Avon loop,Mechanical,5,10,E/B,7316
2015/06/03,53,6:15:00 AM,Wednesday,Passmore and Markham,Mechanical,10,15,w,9089
2015/06/03,100,6:15:00 AM,Wednesday,Eglinton Garage,Mechanical,3,6,n/b,7423
2015/06/03,88,6:16:00 AM,Wednesday,Laird and Mcrae,Late Leaving Garage,10,20,E,9412
2015/06/03,21,6:16:00 AM,Wednesday,Brimley & Steeles,Late Leaving Garage,7,14,N/B,7834
2015/06/03,40,6:20:00 AM,Wednesday,RunnyMede Loop,Late Leaving Garage,3,12,E/B,7309
2015/06/03,29,6:25:00 AM,Wednesday,Princes gate,Late Leaving Garage,8,16,n/b,9031
2015/06/03,63,6:28:00 AM,Wednesday,Canniff,Late Leaving Garage,36,40,n/b,1502
2015/06/03,29,6:33:00 AM,Wednesday,Princes gate,Late Leaving Garage,8,16,n/b,9013
2015/06/03,199,6:34:00 AM,Wednesday,Finch station,Late Leaving Garage,3,6,EB,1731
2015/06/03,191,6:36:00 AM,Wednesday,Martin Grove loop,Mechanical,5,10,s,7905
2015/06/03,199,6:39:00 AM,Wednesday,STC,Late Leaving Garage,3,5,WB,1104
2015/06/03,6,6:44:00 AM,Wednesday,Davenpot and Dupont,Mechanical,8,16,s/b,1510
2015/06/03,199,6:47:00 AM,Wednesday,STC,Late Leaving Garage,3,6,WB,1767
2015/06/03,32,6:50:00 AM,Wednesday,Eglinton west stn,Mechanical,10,21,w/b,1552
2015/06/03,190,6:50:00 AM,Wednesday,Eglinton Garage,Late Leaving Garage,6,12,w/b,7582
2015/06/03,124,6:53:00 AM,Wednesday,Lawrence Station,Mechanical,6,13,E,8169
2015/06/03,60,6:56:00 AM,Wednesday,Signal hill,Mechanical,10,20,E,1378
2015/06/03,108,6:58:00 AM,Wednesday,Downsview Stn,Late Leaving Garage,9,18,W,1375
2015/06/03,124,7:04:00 AM,Wednesday,Lawrence stn,Late Leaving Garage,6,12,e/b,8214
2015/06/03,45,7:04:00 AM,Wednesday,KIPLING STN,Mechanical,6,12,N,7965
2015/06/03,190,7:04:00 AM,Wednesday,Don Mills Station,Mechanical,5,10,e/b,7516
2015/06/03,196,7:06:00 AM,Wednesday,Sheppard Station,Mechanical,6,13,eb,9409
2015/06/03,199,7:06:00 AM,Wednesday,STC,Late Leaving Garage,3,6,WB,1733
2015/06/03,24,7:10:00 AM,Wednesday,SUNRISE,Mechanical,6,12,N,7827
2015/06/03,192,7:11:00 AM,Wednesday,KIPLING STN,Mechanical,9,18,N,8010
2015/06/03,36,7:11:00 AM,Wednesday,Humberwood loop,Mechanical,5,10,E,9107
2015/06/03,195,7:14:00 AM,Wednesday,JNST,Late Leaving Garage,10,20,S,1302
2015/06/03,190,7:19:00 AM,Wednesday,Don Mills Station,Mechanical,6,12,e/b,7615
2015/06/03,34,7:25:00 AM,Wednesday,Sloane/Eglinton,Emergency Services,5,10,W/B,7469
2015/06/03,45,7:30:00 AM,Wednesday,ENTIRE ROUTE,General Delay,15,1,B/W,
2015/06/03,96,7:30:00 AM,Wednesday,wilson - bathurst to avenue,General Delay,10,25,bw,
2015/06/03,165,7:30:00 AM,Wednesday,wilson - bathurst to avenue,General Delay,10,19,bw,
2015/06/03,86,7:30:00 AM,Wednesday,Scarborough Route,General Delay,20,30,B/W,
2015/06/03,191,7:40:00 AM,Wednesday,Dundas and Eastmall,Mechanical,4,9,N,7925
2015/06/03,123,7:40:00 AM,Wednesday,Aukland at Kipling Station,Investigation,18,36,S,8052
2015/06/03,12,7:40:00 AM,Wednesday,Eglington & Midland,Mechanical,12,24,E/B,7688
2015/06/03,16,7:44:00 AM,Wednesday,DANFORTH AND TRUDELLE,Mechanical,9,18,N,7753
2015/06/03,112,7:45:00 AM,Wednesday,KIPLING STATION,Late Leaving Garage,1,2,N,7932
2015/06/03,96,7:45:00 AM,Wednesday,wilson stn,Mechanical,15,30,w,7208
2015/06/03,39,7:45:00 AM,Wednesday,Finch station to Neilson & Crow Trail,General Delay,8,12,B/W,1093
2015/06/03,60,7:47:00 AM,Wednesday,Finch stn,Late Leaving Garage,7,14,W,1353
2015/06/03,53,7:50:00 AM,Wednesday,Steeles and Edgarwoods,Mechanical,5,10,e,1781
2015/06/03,11,7:52:00 AM,Wednesday,Davisville stn,Mechanical,12,24,n/b,8360
2015/06/03,191,8:00:00 AM,Wednesday,HWY 191 route,General Delay,12,16,B,
2015/06/03,198,8:00:00 AM,Wednesday,Scarborough Rocket U of T,General Delay,15,0,B/W,
2015/06/03,53,8:00:00 AM,Wednesday,Finch Station to Morningside and Staines,General Delay,15,8,b/w,
2015/06/03,100,8:00:00 AM,Wednesday,Brentcliffe/Eglinton,General Delay,10,20,W/B,
2015/06/03,46,8:00:00 AM,Wednesday,Martin grove route,General Delay,23,34,B,1294
2015/06/03,115,8:00:00 AM,Wednesday,Yorkmills stn,Mechanical,20,40,e/b,8389
2015/06/03,85,8:00:00 AM,Wednesday,Don Mills station to Rouge Hill GO,General Delay,15,10,E/B,
2015/06/03,36,8:00:00 AM,Wednesday,Finch West route,General Delay,16,22,B,9117
2015/06/03,34,8:00:00 AM,Wednesday,Bayview to Eglinton stn,General Delay,15,20,W/B,
2015/06/03,33,8:00:00 AM,Wednesday,Forrest hill route,General Delay,20,30,BW,8366
2015/06/03,41,8:00:00 AM,Wednesday,Keele station,Mechanical,5,10,n,9136
2015/06/03,51,8:00:00 AM,Wednesday,Eglinton stn to Townsend,General Delay,25,39,b/w,
2015/06/03,47,8:05:00 AM,Wednesday,Earscourt Loop,Investigation,9,18,s/b,1573
2015/06/03,40,8:20:00 AM,Wednesday,Dundas and Keele,Investigation,6,15,w/b,7309
2015/06/03,113,8:21:00 AM,Wednesday,CORVETTE,Investigation,13,26,N,7850
2015/06/03,36,8:23:00 AM,Wednesday,Finch station,Investigation,6,11,w,9125
2015/06/03,52,8:25:00 AM,Wednesday,Lawrence west station,Mechanical,1,1,E/B,1506
2015/06/03,81,8:25:00 AM,Wednesday,Pape Stn,Investigation,5,10,N/B,8109
2015/06/03,15,8:30:00 AM,Wednesday,Royal York at Queensway,Mechanical,13,26,E,7926
2015/06/03,122,8:40:00 AM,Wednesday,Yorkmills stn,Utilized Off Route,10,20,e/b,8215
2015/06/03,52,8:50:00 AM,Wednesday,Lawrence station,Utilized Off Route,12,26,W/B,1012
2015/06/03,196,9:07:00 AM,Wednesday,Downsview Station,Utilized Off Route,5,7,nb,8352
2015/06/03,80,9:22:00 AM,Wednesday,Stephen Plaza and Queensway,Investigation,24,49,n,7974
2015/06/03,29,9:22:00 AM,Wednesday,Dufferin at St.Clair,Investigation,4,8,n/b,9037
2015/06/03,85,9:30:00 AM,Wednesday,Sheppard station,Mechanical,22,44,E,1704
2015/06/03,39,9:36:00 AM,Wednesday,Finch & Bridletowne E,Investigation,7,13,EB,1763
2015/06/03,39,9:51:00 AM,Wednesday,Finch & McCowan,Mechanical,5,12,WB,1826
2015/06/03,7,10:06:00 AM,Wednesday,Bathurst and Wilson,Mechanical,9,18,N,9035
2015/06/03,196,10:07:00 AM,Wednesday,Sheppard & Yonge,Utilized Off Route,7,13,,9415
2015/06/03,85,10:08:00 AM,Wednesday,Don Mills station,Utilized Off Route,8,15,E,9081
2015/06/03,54,10:10:00 AM,Wednesday,Bessborough,General Delay,17,29,,
2015/06/03,199,10:10:00 AM,Wednesday,Finch & McCowan,Mechanical,5,10,WB,1782
2015/06/03,51,10:17:00 AM,Wednesday,Lawrence west station,Mechanical,4,8,E/B,1652
2015/06/03,165,10:19:00 AM,Wednesday,weston at hawkview,Investigation,35,72,n,1362
2015/06/03,161,10:22:00 AM,Wednesday,Lambton/Beechwood,Mechanical,17,35,E,1413
2015/06/03,95,10:27:00 AM,Wednesday,Ellesmere at Birchmount,Investigation,10,20,E/B,1761
2015/06/03,25,10:32:00 AM,Wednesday,Don Mills and Gateway Blvd,Investigation,6,12,n/b,7515
2015/06/03,192,10:35:00 AM,Wednesday,KIPLING STATION,Mechanical,8,16,n,8010
2015/06/03,76,10:41:00 AM,Wednesday,Lakeshore and Mimico,Utilized Off Route,9,18,n,8033
2015/06/03,54,10:50:00 AM,Wednesday,SRT,Mechanical,12,25,e,7634
2015/06/03,54,10:55:00 AM,Wednesday,SRT,Mechanical,12,24,w,7491
2015/06/03,97,11:00:00 AM,Wednesday,Yonge St route,General Delay,30,60,,
2015/06/03,165,11:01:00 AM,Wednesday,weston at walsh,Mechanical,9,18,s,1682
2015/06/03,29,11:13:00 AM,Wednesday,Wilson stn,Emergency Services,4,8,s/b,9010
2015/06/03,24,11:14:00 AM,Wednesday,IVORDALE,Mechanical,10,20,S,7870
2015/06/03,101,11:21:00 AM,Wednesday,Sheppard @ The Allen,Mechanical,10,20,W,1419
2015/06/03,36,11:33:00 AM,Wednesday,Finch and Jane,Mechanical,6,11,E,9116
2015/06/03,115,12:00:00 PM,Wednesday,Yorkmills stn,Mechanical,20,40,e/b,8215
2015/06/03,83,12:20:00 PM,Wednesday,Wheeltrans,Mechanical,24,48,NB,7707
2015/06/03,51,12:25:00 PM,Wednesday,Eglinton stn,Mechanical,25,50,n/b,8375
2015/06/03,59,12:30:00 PM,Wednesday,Church Rd @ Rail Crossing,General Delay,21,42,E/b,1684
2015/06/03,60,12:30:00 PM,Wednesday,All Run Affected,General Delay,15,30,B/w's,7200
2015/06/03,108,12:30:00 PM,Wednesday,All run Affected,General Delay,14,28,B/w's,1228
2015/06/03,34,12:33:00 PM,Wednesday,Eglinton Ave & Leslie St,Investigation,8,16,WB,7605
2015/06/03,196,12:44:00 PM,Wednesday,Downsview stn,Utilized Off Route,6,12,w/b,8187
2015/06/03,75,12:45:00 PM,Wednesday,Carlton and Sherbourne,Mechanical,9,18,N/B,8311
2015/06/03,75,12:46:00 PM,Wednesday,Sherbourne and Carlton,Mechanical,9,18,n,8311
2015/06/03,100,1:00:00 PM,Wednesday,Eglinton Ave at Donlea,General Delay,15,25,BW,
2015/06/03,34,1:00:00 PM,Wednesday,Eglinton & Donlea  And  Eglinton Kennedy Rd,General Delay,15,25,BW,
2015/06/03,51,1:00:00 PM,Wednesday,Eglinton stn / Steeles,General Delay,10,20,b/w,
2015/06/03,7,1:00:00 PM,Wednesday,7 Bathurst,General Delay,20,40,B/W,
2015/06/03,61,1:00:00 PM,Wednesday,Eglinton stn / Bombay looop,General Delay,7,11,b/w,
2015/06/03,56,1:00:00 PM,Wednesday,Eglinton stn / Steeles,General Delay,11,22,b/w,
2015/06/03,85,1:00:00 PM,Wednesday,Don Mills Stn,General Delay,9,17,E/W,
2015/06/03,11,1:00:00 PM,Wednesday,Davisvile stn / Steeles,General Delay,14,28,b/w,
2015/06/03,111,1:18:00 PM,Wednesday,Kipling and Burnhamthorpe,Utilized Off Route,10,20,n,8082
2015/06/03,107,1:25:00 PM,Wednesday,Langstaff w of Spinnaker Way,Diversion,120,142,b,8308
2015/06/03,96,1:30:00 PM,Wednesday,Keele,Mechanical,28,56,E,7202
2015/06/03,165,1:30:00 PM,Wednesday,Bathurst to Wilson heights,General Delay,10,20,B/W,
2015/06/03,96,1:30:00 PM,Wednesday,bathurst to wilson heights,General Delay,10,20,B/W,
2015/06/03,36,2:00:00 PM,Wednesday,Finch route,General Delay,12,24,s,
2015/06/03,68,2:00:00 PM,Wednesday,CIVIC / WARDEN,Mechanical,10,20,SB,7425
2015/06/03,52,2:00:00 PM,Wednesday,Lawrence and Jane,Mechanical,15,30,E/B,1660
2015/06/03,26,2:08:00 PM,Wednesday,Jane stn,Mechanical,20,40,N,1595
2015/06/03,168,2:12:00 PM,Wednesday,Dundas West Station,Mechanical,10,20,N,7332
2015/06/03,96,2:12:00 PM,Wednesday,YKMS,Late Leaving Garage,19,38,W,1213
2015/06/03,32,2:20:00 PM,Wednesday,Locksley & Eglinton,Investigation,13,26,w/b,1596
2015/06/03,89,2:30:00 PM,Wednesday,Entire route,General Delay,10,20,b/w,
2015/06/03,191,2:30:00 PM,Wednesday,Arrow garage,Late Leaving Garage,5,10,s,30
2015/06/03,41,2:30:00 PM,Wednesday,Entire route,General Delay,15,30,b/w,
2015/06/03,199,2:50:00 PM,Wednesday,Finch station,Late Leaving Garage,4,8,E,1767
2015/06/03,106,2:50:00 PM,Wednesday,Downsview Stn.,Utilized Off Route,10,19,n,8178
2015/06/03,129,2:52:00 PM,Wednesday,McCowan and Sheppard,Mechanical,12,24,North,9100
2015/06/03,53,2:58:00 PM,Wednesday,Passmore - Markham Rd,Late Leaving Garage,7,14,W,9090
2015/06/03,126,3:00:00 PM,Wednesday,Route 126,General Delay,15,30,BW,1041
2015/06/03,47,3:00:00 PM,Wednesday,Route 47,General Delay,15,28,BW,
2015/06/03,63,3:00:00 PM,Wednesday,Route 63,General Delay,15,25,BW,
2015/06/03,195,3:00:00 PM,Wednesday,Jane stn to Commons,General Delay,1,1,BW,1
2015/06/03,35,3:00:00 PM,Wednesday,Jane stn to all branches,General Delay,1,1,BW,1
2015/06/03,190,3:00:00 PM,Wednesday,STC,Late Leaving Garage,5,9,WB,7548
2015/06/03,76,3:00:00 PM,Wednesday,Evans at Royal York,Late Leaving Garage,6,9,S,7319
2015/06/03,26,3:00:00 PM,Wednesday,Route 26,General Delay,16,28,BW,
2015/06/03,142,3:03:00 PM,Wednesday,Hillcrest,Mechanical,0,0,s,8126
2015/06/03,127,3:05:00 PM,Wednesday,Townsley Loop,Late Leaving Garage,11,22,e,1634
2015/06/03,12,3:07:00 PM,Wednesday,Victoria Park Station,Mechanical,14,28,E,7758
2015/06/03,95,3:07:00 PM,Wednesday,York Mills Station,Late Leaving Garage,12,24,E,1362
2015/06/03,133,3:07:00 PM,Wednesday,Scar Town Centre Station,Late Leaving Garage,7,14,E,1794
2015/06/03,95,3:07:00 PM,Wednesday,Yorkmills station,Investigation,12,24,East,1362
2015/06/03,85,3:08:00 PM,Wednesday,Rouge Hill Go,Emergency Services,12,24,W,9083
2015/06/03,131,3:15:00 PM,Wednesday,Kennedy Station,Late Leaving Garage,8,16,North,1092
2015/06/03,22,3:19:00 PM,Wednesday,Coxwell Station,Mechanical,8,16,n,7819
2015/06/03,70,3:19:00 PM,Wednesday,Coxwell Station,Late Leaving Garage,17,33,NB,7681
2015/06/03,115,3:20:00 PM,Wednesday,Yorkmills stn,Mechanical,20,40,e/b,8204
2015/06/03,12,3:29:00 PM,Wednesday,Fallingbrook and Kingston Rd,Investigation,15,30,E,7786
2015/06/03,122,3:30:00 PM,Wednesday,Doncan Mill rd at Don Mills,Investigation,16,32,w/b,8355
2015/06/03,97,3:30:00 PM,Wednesday,Steeles Loop-Queen's Quay,General Delay,30,45,,
2015/06/03,52,3:30:00 PM,Wednesday,Martingrove and westway,Late Leaving Garage,12,23,E/B,1570
2015/06/03,105,3:31:00 PM,Wednesday,Dufferin and Steeles,Late Leaving Garage,20,32,s,9425
2015/06/03,131,3:32:00 PM,Wednesday,Kennedy Station,Late Leaving Garage,8,16,North,1086
2015/06/03,29,3:35:00 PM,Wednesday,Dufferin and Bridgeland,Investigation,8,17,N,9029
2015/06/03,32,3:37:00 PM,Wednesday,Eglinton & Oakwood,Investigation,8,16,e/b,1560
2015/06/03,196,3:47:00 PM,Wednesday,Downsview Stn,Utilized Off Route,3,6,b,9187
2015/06/03,191,4:00:00 PM,Wednesday,,General Delay,12,24,b/w,
2015/06/03,29,4:00:00 PM,Wednesday,tycos to Lawrence,General Delay,8,16,N,
2015/06/03,46,4:00:00 PM,Wednesday,Martin grove loop,General Delay,8,16,b/w,
2015/06/03,161,4:00:00 PM,Wednesday,Entire route,General Delay,10,20,b/w,
2015/06/03,84,4:00:00 PM,Wednesday,Sheppard Stn to all branches,General Delay,1,1,BW,1
2015/06/03,36,4:05:00 PM,Wednesday,Alexdon/Finch,Investigation,6,11,w,9106
2015/06/03,106,4:05:00 PM,Wednesday,Sentinel and Grand Ravine.,Mechanical,9,18,s,9436
2015/06/03,52,4:09:00 PM,Wednesday,Lawrence station,Late Leaving Garage,5,16,W/B,1652
2015/06/03,52,4:10:00 PM,Wednesday,Westway and Martingrove,Mechanical,11,22,E/B,1643
2015/06/03,70,4:12:00 PM,Wednesday,Victoria Park / Eglinton,Mechanical,16,33,NB,7583
2015/06/03,64,4:18:00 PM,Wednesday,Main Station,Mechanical,8,16,n,7822
2015/06/03,86,4:21:00 PM,Wednesday,Kennedy Stn,Late Leaving Garage,10,20,E,7438
2015/06/03,37,4:22:00 PM,Wednesday,Islington stn,Mechanical,10,20,n,7936
2015/06/03,96,4:25:00 PM,Wednesday,Jane,Mechanical,28,56,W,1237
2015/06/03,161,4:25:00 PM,Wednesday,Rogers rd / Dufferin,Investigation,11,24,w,1250
2015/06/03,145,4:30:00 PM,Wednesday,Entire Route,General Delay,30,0,BW,
2015/06/03,142,4:30:00 PM,Wednesday,Adelaide / Bombay,General Delay,11,18,b/w,
2015/06/03,32,4:30:00 PM,Wednesday,Bathurst & Eglinton,Investigation,8,16,w/b,1031
2015/06/03,224,4:30:00 PM,Wednesday,Victoria Park and Sheppard and the 404,General Delay,10,15,BW,
2015/06/03,190,4:30:00 PM,Wednesday,Sheppard and Birchmount,General Delay,10,14,BW,
2015/06/03,29,4:40:00 PM,Wednesday,Dufferin and Celt,Mechanical,8,17,N,8160
2015/06/03,145,4:41:00 PM,Wednesday,Lakeshore at Parklawn,Mechanical,30,60,E,7345
2015/06/03,76,4:44:00 PM,Wednesday,Lakeshore at Mimico,Utilized Off Route,5,10,N,7967
2015/06/03,88,4:45:00 PM,Wednesday,St. Clair Stn.,Utilized Off Route,8,15,w,8193
2015/06/03,709,4:46:00 PM,Wednesday,Marlee & Oakwood,Utilized Off Route,10,20,w/b,1532
2015/06/03,24,4:47:00 PM,Wednesday,VP Stn.,Utilized Off Route,6,12,n,7797
2015/06/03,116,4:47:00 PM,Wednesday,Kennedy Stn,Mechanical,5,11,S,7507
2015/06/03,42,4:47:00 PM,Wednesday,Finch Stn,Utilized Off Route,12,23,e,9429
2015/06/03,90,4:49:00 PM,Wednesday,St. Clair West Station,Utilized Off Route,6,12,n,8334
2015/06/03,29,4:51:00 PM,Wednesday,Dufferin and St.Clair,Utilized Off Route,5,10,s,8383
2015/06/03,72,4:53:00 PM,Wednesday,Pape Station,Mechanical,8,15,E,7768
2015/06/03,76,4:55:00 PM,Wednesday,Royal York Station,Mechanical,5,10,S,7318
2015/06/03,94,5:00:00 PM,Wednesday,Wellesley Route,General Delay,10,20,bw,7863
2015/06/03,24,5:00:00 PM,Wednesday,VP Route,General Delay,10,20,bw,7723
2015/06/03,47,5:00:00 PM,Wednesday,Earlscourt loop,Utilized Off Route,13,26,N,1626
2015/06/03,20,5:00:00 PM,Wednesday,Cliffside Route,General Delay,10,20,bw,7857
2015/06/03,32,5:08:00 PM,Wednesday,Eglinton stn,Mechanical,8,16,w/b,1581
2015/06/03,198,5:13:00 PM,Wednesday,Eglinton & Commonwealth,Diversion,227,239,E,7653
2015/06/03,116,5:13:00 PM,Wednesday,Eglinton & Commonwealth,Diversion,227,233,E,7593
2015/06/03,86,5:13:00 PM,Wednesday,Eglinton & Commonwealth,Diversion,227,237,E,7613
2015/06/03,12,5:15:00 PM,Wednesday,Commonwealth and Eglinton,Diversion,14,28,E,7786
2015/06/03,89,5:15:00 PM,Wednesday,Weston rd / Eglinton,Mechanical,8,16,s,1599
2015/06/03,88,5:15:00 PM,Wednesday,Thorncliff/MilePost,Mechanical,8,15,w,8331
2015/06/03,54,5:15:00 PM,Wednesday,Rushley / Lawrence,Mechanical,10,20,WB,7614
2015/06/03,17,5:15:00 PM,Wednesday,Warden Station,Mechanical,8,16,n,7830
2015/06/03,107,5:20:00 PM,Wednesday,Keele and Snidercroft.,Mechanical,22,44,n,9442
2015/06/03,131,5:26:00 PM,Wednesday,Eglinton and Commonweath,Diversion,64,72,EB,1734
2015/06/03,48,5:30:00 PM,Wednesday,Royal York Station to Mill rd. Loop,General Delay,20,0,BW,
2015/06/03,131,5:30:00 PM,Wednesday,Entire Route,General Delay,15,0,EB,
2015/06/03,12,5:33:00 PM,Wednesday,Victoria Park Station,General Delay,14,28,E,7727
2015/06/03,126,5:35:00 PM,Wednesday,St Clair w 7 Bathurst,Mechanical,15,30,W,1041
2015/06/03,53,5:40:00 PM,Wednesday,Finch Station to Morningside/Staines,General Delay,8,14,B/W,
2015/06/03,102,5:43:00 PM,Wednesday,Gidley and St Clair,Emergency Services,11,22,NB,7856
2015/06/03,46,5:48:00 PM,Wednesday,Martin Grove,Mechanical,11,22,w,1791
2015/06/03,85,6:00:00 PM,Wednesday,Don Mills Stn to Rouge Hill Go,General Delay,13,19,E/W,
2015/06/03,129,6:03:00 PM,Wednesday,McCowan and Finch,Investigation,17,34,S,9092
2015/06/03,44,6:04:00 PM,Wednesday,Kipling station,Utilized Off Route,4,9,sb,7336
2015/06/03,25,6:14:00 PM,Wednesday,Esterbrooke and Don Mills Road,Investigation,245,248,BW,
2015/06/03,45,6:20:00 PM,Wednesday,Kipling markbrook,Mechanical,8,16,nb,7344
2015/06/03,199,6:26:00 PM,Wednesday,Finch route,General Delay,4,8,B/W,1351
2015/06/03,48,6:27:00 PM,Wednesday,Mill road Loop,Mechanical,12,24,E,7342
2015/06/03,39,6:29:00 PM,Wednesday,Finch Route,General Delay,10,12,B/W,1372
2015/06/03,85,6:30:00 PM,Wednesday,Sheppard Stn to Don Mills Stn,General Delay,16,36,E/W,
2015/06/03,10,6:30:00 PM,Wednesday,Don Mills and Esterbrooke,Diversion,43,53,N,8183
2015/06/03,63,6:35:00 PM,Wednesday,Ossington & Argyle,Investigation,10,20,S,1600
2015/06/03,54,6:42:00 PM,Wednesday,Starspray Loop,Utilized Off Route,1,1,wb,7683
2015/06/03,84,6:46:00 PM,Wednesday,Steeles,Mechanical,5,10,SB,1417
2015/06/03,89,6:52:00 PM,Wednesday,Weston rd / Oxford,Investigation,8,15,n,1590
2015/06/03,63,6:55:00 PM,Wednesday,Eglinton w & Marlee,Investigation,7,14,E,1608
2015/06/03,54,6:56:00 PM,Wednesday,RT STATION,Utilized Off Route,1,1,WB,7669
2015/06/03,169,6:58:00 PM,Wednesday,Don Mills and Esterbrooke,Diversion,162,192,N,8303
2015/06/03,54,7:00:00 PM,Wednesday,Lawrence RT Station,Utilized Off Route,10,20,EB,7591
2015/06/03,97,7:00:00 PM,Wednesday,Davisville Stn.,Mechanical,30,60,N,97
2015/06/03,103,7:16:00 PM,Wednesday,Teddington,Mechanical,20,40,n,8333
2015/06/03,21,7:21:00 PM,Wednesday,Kennedy Station,General Delay,9,18,E,7704
2015/06/03,95,7:28:00 PM,Wednesday,Ellesmere and Warden,Diversion,67,75,EB,1779
2015/06/03,68,7:35:00 PM,Wednesday,Warden & Ellesmere,Diversion,270,277,NB,7480
2015/06/03,54,7:49:00 PM,Wednesday,Orton park / Lawrence,Utilized Off Route,1,1,WB,7410
2015/06/03,129,7:53:00 PM,Wednesday,McCowan and Steeles,Mechanical,6,12,S,1115
2015/06/03,90,7:57:00 PM,Wednesday,Arlington ave,Mechanical,8,16,S/B,8314
2015/06/03,42,7:58:00 PM,Wednesday,Cummer & Maxome,Mechanical,20,40,E,8170
2015/06/03,116,8:47:00 PM,Wednesday,Eglinton & Brimley,Diversion,138,148,W,7484
2015/06/03,198,8:47:00 PM,Wednesday,Eglinton & Brimley,Diversion,138,150,W,7653
2015/06/03,86,8:47:00 PM,Wednesday,Eglinton & Brimley,Diversion,138,148,W,7628
2015/06/03,21,8:50:00 PM,Wednesday,Eglinton and Brimley,Diversion,1,1,B/W,8108
2015/06/03,12,8:50:00 PM,Wednesday,Eglinton and Brimley,Diversion,10,20,B/W,7727
2015/06/03,134,8:50:00 PM,Wednesday,Gateforth - Sheppard,Mechanical,24,48,W,1301
2015/06/03,191,9:00:00 PM,Wednesday,kipling stn,Mechanical,10,20,w/b,7925
2015/06/03,191,9:20:00 PM,Wednesday,kipling stn,Mechanical,10,20,n/b,7930
2015/06/03,12,9:50:00 PM,Wednesday,Eglinton and Brimley,Emergency Services,10,20,WB,7866
2015/06/03,199,9:55:00 PM,Wednesday,Finch and Wilfred,Mechanical,8,16,W,1351
2015/06/03,96,11:19:00 PM,Wednesday,albion and humberline loop,Emergency Services,22,44,w/b,1268
2015/06/03,7,11:45:00 PM,Wednesday,Bathurst and Wilson,Mechanical,12,24,n,9003
2015/06/03,17,11:56:00 PM,Wednesday,Warden Station,Mechanical,22,44,SB,7819
2015/06/04,54,12:05:00 AM,Thursday,Lawrence East Rt,Emergency Services,10,20,WB,7522
2015/06/04,116,12:18:00 AM,Thursday,Kenendy STN,Utilized Off Route,10,20,EVB,7443
2015/06/04,43,12:23:00 AM,Thursday,Midland & Steeles,Mechanical,12,24,SB,7606
2015/06/04,86,12:23:00 AM,Thursday,Kenendy STN,Utilized Off Route,1,1,EB,7658
2015/06/04,112,1:16:00 AM,Thursday,Kipling stn,Investigation,1,1,e/b,8097
2015/06/04,109,1:35:00 AM,Thursday,Lawrence & Shermount,Mechanical,3,0,n,8190
2015/06/04,67,5:11:00 AM,Thursday,Victoria Park/Danforth,Late Leaving Garage,28,12,n,7507
2015/06/04,55,5:23:00 AM,Thursday,Dundas and Old Dundas,Late Leaving Garage,0,42,w/b,1621
2015/06/04,110,5:25:00 AM,Thursday,Longbranch Loop,Late Leaving Garage,10,20,N/B,8092
2015/06/04,109,5:30:00 AM,Thursday,Lawrence W Station,Late Leaving Garage,15,0,N,8326
2015/06/04,52,5:30:00 AM,Thursday,Airport rd. and American Dr.,Diversion,232,240,W/B,1418
2015/06/04,72,5:32:00 AM,Thursday,Pape Stn,Late Leaving Garage,1,1,S/B,7701
2015/06/04,53,5:36:00 AM,Thursday,Passmore and Markham,Mechanical,5,10,w,1767
2015/06/04,87,5:38:00 AM,Thursday,Coxwell & Mortimer,Late Leaving Garage,10,20,W/B,7741
2015/06/04,52,5:40:00 AM,Thursday,Entire route,General Delay,18,43,B/W,
2015/06/04,111,5:44:00 AM,Thursday,Kipling stn,Mechanical,12,24,s/b,7963
2015/06/04,36,5:47:00 AM,Thursday,Finch station 36D,Late Leaving Garage,21,1,W,9128
2015/06/04,116,5:49:00 AM,Thursday,Eglinton yard,Late Leaving Garage,22,44,e,7676
2015/06/04,116,5:54:00 AM,Thursday,Morningside and Staines,Utilized Off Route,6,12,n,7650
2015/06/04,50,5:58:00 AM,Thursday,Queensway Garage,Mechanical,10,20,e/b,8038
2015/06/04,124,5:58:00 AM,Thursday,Lawrence Station,Late Leaving Garage,12,0,E,8353
2015/06/04,169,6:00:00 AM,Thursday,Scarb. Town Cntr,Late Leaving Garage,20,50,w,9415
2015/06/04,85,6:00:00 AM,Thursday,Rouge Hill GO,Late Leaving Garage,10,21,W,9079
2015/06/04,161,6:03:00 AM,Thursday,Jane and Lampton,Late Leaving Garage,11,22,e/b,1618
2015/06/04,12,6:05:00 AM,Thursday,Kennedy Stn,Late Leaving Garage,1,1,W/B,7752
2015/06/04,25,6:05:00 AM,Thursday,Eglinton Garage,Late Leaving Garage,1,1,,7489
2015/06/04,169,6:07:00 AM,Thursday,Don Mills stn,Utilized Off Route,20,40,w/b,9419
2015/06/04,190,6:07:00 AM,Thursday,Eglinton Garage,Late Leaving Garage,9,18,,7654
2015/06/04,68,6:08:00 AM,Thursday,Warden station,Late Leaving Garage,29,46,e,7591
2015/06/04,91,6:09:00 AM,Thursday,Marylyn & St Clair,Late Leaving Garage,9,1,W/B,7766
2015/06/04,36,6:10:00 AM,Thursday,Finch and Arrow,Late Leaving Garage,12,24,W,9126
2015/06/04,190,6:14:00 AM,Thursday,Eglinton Garage,Late Leaving Garage,7,14,,7636
2015/06/04,97,6:16:00 AM,Thursday,Steels and Yonge,Late Leaving Garage,30,60,s,8193
2015/06/04,21,6:16:00 AM,Thursday,Brimley & Steeles,Late Leaving Garage,7,14,N/B,7810
2015/06/04,45,6:18:00 AM,Thursday,Kipling & STEELES,Late Leaving Garage,1,1,S,7312
2015/06/04,88,6:20:00 AM,Thursday,St.Clair stn,Late Leaving Garage,16,32,e/b,9436
2015/06/04,32,6:21:00 AM,Thursday,Eglinton stn,Late Leaving Garage,6,11,w/b,1409
2015/06/04,199,6:22:00 AM,Thursday,Triton & McCowan,Mechanical,3,6,WB,1805
2015/06/04,162,6:25:00 AM,Thursday,Dinway east and Lawrence,Late Leaving Garage,35,0,w/b,8381
2015/06/04,47,6:27:00 AM,Thursday,queen and macdonell,Mechanical,18,36,n/b,1581
2015/06/04,41,6:29:00 AM,Thursday,Keele Station,Mechanical,13,26,n/b,9138
2015/06/04,96,6:30:00 AM,Thursday,wilson - bathurst to avenue,General Delay,10,22,bw,
2015/06/04,165,6:30:00 AM,Thursday,wilson - bathurst to avenue,General Delay,10,22,bw,
2015/06/04,49,6:39:00 AM,Thursday,BLOOR & MARKLAND,Mechanical,7,15,E,7343
2015/06/04,122,6:43:00 AM,Thursday,Yorkmills stn,Late Leaving Garage,10,20,e/b,9426
2015/06/04,23,6:45:00 AM,Thursday,Main Stn,Late Leaving Garage,1,1,nb,7706
2015/06/04,102,6:47:00 AM,Thursday,Warden Stn,Mechanical,1,1,nb,7875
2015/06/04,51,6:49:00 AM,Thursday,Steeles and Paul Markway,Mechanical,14,27,n/b,8373
2015/06/04,131,6:58:00 AM,Thursday,Scarb Town Ctr Stn,Late Leaving Garage,9,18,North,1752
2015/06/04,36,7:09:00 AM,Thursday,Finch station,Late Leaving Garage,6,11,W,9128
2015/06/04,36,7:11:00 AM,Thursday,Humberwood loop,Late Leaving Garage,5,10,E,1205
2015/06/04,41,7:12:00 AM,Thursday,Keele Station,Late Leaving Garage,13,26,n/b,9142
2015/06/04,51,7:13:00 AM,Thursday,Eglinton stn,Late Leaving Garage,14,27,n/b,9449
2015/06/04,75,7:21:00 AM,Thursday,Bloor and sherbourne,Late Leaving Garage,3,9,N,8363
2015/06/04,36,7:22:00 AM,Thursday,Humberwood loop,Mechanical,5,11,E,9131
2015/06/04,12,7:26:00 AM,Thursday,Kennedy Stn,Mechanical,11,22,E/B,7752
2015/06/04,52,7:26:00 AM,Thursday,Lawrence and greer,Mechanical,12,18,W/b,1657
2015/06/04,39,7:29:00 AM,Thursday,Finch station,Mechanical,4,8,EB,1826
2015/06/04,86,7:30:00 AM,Thursday,Scarborough Route,General Delay,30,0,B/W,
2015/06/04,115,7:30:00 AM,Thursday,Yorkmills stn to Bannatyne,General Delay,15,35,b/w,
2015/06/04,96,7:30:00 AM,Thursday,wilson stn,Mechanical,15,30,w,7251
2015/06/04,39,7:30:00 AM,Thursday,Finch station to Neilson & Crow Trail,General Delay,8,13,B/W,1718
2015/06/04,199,7:30:00 AM,Thursday,Finch station to STC,General Delay,8,12,B/W,1351
2015/06/04,122,7:30:00 AM,Thursday,Yorkmills stn to Roywood,General Delay,12,29,b/w,
2015/06/04,20,7:38:00 AM,Thursday,KENNEDY STATION,Mechanical,14,27,WB,7729
2015/06/04,32,7:50:00 AM,Thursday,Skymark,Mechanical,5,11,e/b,1675
2015/06/04,85,8:00:00 AM,Thursday,Sheppard station to Rouge Hill GO,General Delay,15,10,B/W,
2015/06/04,36,8:00:00 AM,Thursday,Finch west route,General Delay,18,24,B,9131
2015/06/04,11,8:00:00 AM,Thursday,Davisville stn to Steeles,General Delay,9,21,b/w,
2015/06/04,24,8:00:00 AM,Thursday,VICTORIA PARK STATION,General Delay,8,0,BW,
2015/06/04,46,8:00:00 AM,Thursday,Martin grove route,General Delay,18,29,B,1379
2015/06/04,198,8:00:00 AM,Thursday,Scarborough Rocket U of T,General Delay,15,0,B/W,
2015/06/04,56,8:00:00 AM,Thursday,Eglinton stn to Donlands stn,General Delay,15,30,b/w,
2015/06/04,35,8:00:00 AM,Thursday,Jane Street,General Delay,8,16,B/W,1231
2015/06/04,84,8:00:00 AM,Thursday,Sheppard Avenue,General Delay,5,10,B/W,
2015/06/04,195,8:00:00 AM,Thursday,Jane Street,General Delay,10,20,B/W,
2015/06/04,51,8:00:00 AM,Thursday,Eglinton stn to Townsend,General Delay,15,30,b/w,
2015/06/04,35,8:03:00 AM,Thursday,Credit stone Road,Mechanical,10,20,N,1355
2015/06/04,108,8:11:00 AM,Thursday,Dowsview Stn,Investigation,7,14,W,1295
2015/06/04,94,8:15:00 AM,Thursday,WELLESLEY ROUTE,General Delay,10,0,BW,
2015/06/04,144,8:17:00 AM,Thursday,Concorde Gate,Investigation,10,20,e,7672
2015/06/04,57,8:19:00 AM,Thursday,Midland & Rural,Mechanical,7,14,N/B,8111
2015/06/04,95,8:22:00 AM,Thursday,Yonge st to Leslie B/W,General Delay,10,15,bw,
2015/06/04,88,8:30:00 AM,Thursday,South Leaside Route,General Delay,15,30,,
2015/06/04,141,8:35:00 AM,Thursday,Eglinton and Redpath,Mechanical,0,25,n/b,1006
2015/06/04,32,8:37:00 AM,Thursday,Eglinton stn,Utilized Off Route,5,10,w/b,1244
2015/06/04,74,8:40:00 AM,Thursday,Mt Pleasant Route,General Delay,15,30,,
2015/06/04,191,8:45:00 AM,Thursday,HWY 191 route,General Delay,15,20,B,
2015/06/04,25,8:47:00 AM,Thursday,York Mills and Don Mills Rd.,Mechanical,3,6,n/b,7603
2015/06/04,126,8:47:00 AM,Thursday,christie and benson,Mechanical,15,30,n/b,1536
2015/06/04,196,8:58:00 AM,Thursday,Downsview Station,Utilized Off Route,2,7,N,8189
2015/06/04,70,9:00:00 AM,Thursday,Woodmount,General Delay,11,29,n,
2015/06/04,60,9:00:00 AM,Thursday,Ian Macdonals,Investigation,6,12,E,1505
2015/06/04,165,9:01:00 AM,Thursday,Yorkmills stn,Mechanical,32,54,w,1399
2015/06/04,709,9:05:00 AM,Thursday,Eglinton stn,Utilized Off Route,1,1,e/b,1666
2015/06/04,90,9:08:00 AM,Thursday,St.Clair W Station,Utilized Off Route,4,8,N,8152
2015/06/04,90,9:08:00 AM,Thursday,St.Clair W Station,Utilized Off Route,1,1,N,8152
2015/06/04,141,9:09:00 AM,Thursday,Gerrard and Church,Utilized Off Route,1,1,n/b,1041
2015/06/04,709,9:11:00 AM,Thursday,Eglinton stn,Utilized Off Route,1,1,e/b,1664
2015/06/04,90,9:15:00 AM,Thursday,Oakwood and Vaughan,Utilized Off Route,8,16,S,9440
2015/06/04,96,9:15:00 AM,Thursday,wilson at keele,Mechanical,22,44,e,1296
2015/06/04,29,9:20:00 AM,Thursday,Dufferin at St.Clair,Utilized Off Route,4,8,n/b,9042
2015/06/04,195,9:30:00 AM,Thursday,Jane,Mechanical,10,20,N,1302
2015/06/04,199,9:30:00 AM,Thursday,Finch & Leslie,Mechanical,5,10,WB,1307
2015/06/04,199,9:30:00 AM,Thursday,Finch & Leslie,Mechanical,5,11,WB,1307
2015/06/04,131,9:37:00 AM,Thursday,Sewells and Neilson,Mechanical,8,21,w,1785
2015/06/04,52,9:55:00 AM,Thursday,Lawrence west station,Mechanical,15,30,E/b,1600
2015/06/04,60,9:57:00 AM,Thursday,Finch Stn,Mechanical,13,26,2,1416
2015/06/04,103,10:00:00 AM,Thursday,Doncliffe loop,Mechanical,20,40,s/b,8167
2015/06/04,196,10:11:00 AM,Thursday,Downsview Stn,Mechanical,7,14,s,8368
2015/06/04,17,10:18:00 AM,Thursday,Steeles Loop,Mechanical,22,44,NB,7719
2015/06/04,52,10:19:00 AM,Thursday,Lawence station,Utilized Off Route,15,30,W/b,1527
2015/06/04,165,10:49:00 AM,Thursday,weston at finch,Mechanical,18,27,n,1574
2015/06/04,199,10:59:00 AM,Thursday,Finch station,Mechanical,5,10,EB,1127
2015/06/04,79,11:14:00 AM,Thursday,Scarlett and East,Mechanical,12,24,SB,1653
2015/06/04,102,11:19:00 AM,Thursday,Centennial College,Utilized Off Route,17,34,SB,7721
2015/06/04,97,11:30:00 AM,Thursday,Yonge St & Empress Ave,Mechanical,30,60,nb,8346
2015/06/04,24,11:45:00 AM,Thursday,STEELES,Mechanical,10,20,S,8107
2015/06/04,196,11:52:00 AM,Thursday,Downsview Stn,Mechanical,3,6,n,8333
2015/06/04,30,11:55:00 AM,Thursday,HIGH PARK & HUMBERSIDE,Mechanical,30,60,W,7345
2015/06/04,69,12:19:00 PM,Thursday,Warden Station,Mechanical,11,22,SB,8131
2015/06/04,108,12:30:00 PM,Thursday,Entire route,General Delay,15,30,B/W,
2015/06/04,59,12:30:00 PM,Thursday,Church and Weston rd.,Diversion,1,1,E,
2015/06/04,101,12:30:00 PM,Thursday,Entire route,General Delay,10,20,B/W,
2015/06/04,60,12:30:00 PM,Thursday,Entire route,General Delay,20,40,B/W,
2015/06/04,59,12:30:00 PM,Thursday,Entire route,General Delay,10,20,B/W,
2015/06/04,54,12:53:00 PM,Thursday,Starspray,Mechanical,12,24,w,7469
2015/06/04,45,12:55:00 PM,Thursday,EGLINTON,General Delay,1,1,bw,
2015/06/04,85,1:00:00 PM,Thursday,Don Mills Stn to Rouge Hill,General Delay,15,23,E/W,
2015/06/04,168,1:12:00 PM,Thursday,Dundas West Station,Mechanical,10,20,N,8075
2015/06/04,192,1:20:00 PM,Thursday,Kipling stn.,Utilized Off Route,10,20,e/b,8037
2015/06/04,25,1:28:00 PM,Thursday,Pape Station,Mechanical,3,6,NB,7495
2015/06/04,196,1:29:00 PM,Thursday,Downsview Stn,Utilized Off Route,3,6,n,9412
2015/06/04,35,1:30:00 PM,Thursday,jane  - wilson to lawrence,General Delay,15,24,bw,
2015/06/04,79,1:30:00 PM,Thursday,Runnymede and St Clair,Investigation,12,24,NB,1420
2015/06/04,195,1:30:00 PM,Thursday,steeles at founders to jane,General Delay,10,22,bw,
2015/06/04,72,1:39:00 PM,Thursday,Logan and Commissioner,Diversion,10,20,B/W,7715
2015/06/04,7,1:45:00 PM,Thursday,Bathurst Station,Utilized Off Route,9,19,n,9028
2015/06/04,116,1:47:00 PM,Thursday,Kennedy Stn,Mechanical,10,20,E,7485
2015/06/04,36,1:59:00 PM,Thursday,Finch/Weston,Mechanical,6,8,w,9125
2015/06/04,47,2:00:00 PM,Thursday,entire route,General Delay,10,15,bw,
2015/06/04,68,2:00:00 PM,Thursday,68 Warden Route,General Delay,10,20,B/W,
2015/06/04,54,2:00:00 PM,Thursday,54 Lawerence Route,General Delay,11,22,B/W,
2015/06/04,36,2:00:00 PM,Thursday,Finch route,General Delay,12,24,w,
2015/06/04,34,2:00:00 PM,Thursday,Bayview to Brentcliffe and Kenndy Stn,General Delay,10,20,BW,
2015/06/04,63,2:00:00 PM,Thursday,entire route,General Delay,15,15,bw,
2015/06/04,44,2:07:00 PM,Thursday,KIPLING STN,Utilized Off Route,8,15,SB,7907
2015/06/04,199,2:07:00 PM,Thursday,McCowan on Finch,Investigation,5,10,W,1819
2015/06/04,106,2:10:00 PM,Thursday,Downsview Stn,Utilized Off Route,10,20,n,8356
2015/06/04,36,2:14:00 PM,Thursday,Arrow Garage,Late Leaving Garage,15,30,w,9108
2015/06/04,196,2:23:00 PM,Thursday,York U. Common,Utilized Off Route,3,6,s,9041
2015/06/04,41,2:30:00 PM,Thursday,Entire route,General Delay,10,20,b/w,
2015/06/04,52,2:30:00 PM,Thursday,Westwood mall,Mechanical,15,30,E/B,1518
2015/06/04,70,2:30:00 PM,Thursday,70 O'Connor Route,General Delay,18,36,B/W,
2015/06/04,84,2:30:00 PM,Thursday,sheppard at allen,General Delay,10,18,bw,
2015/06/04,34,2:33:00 PM,Thursday,Eglinton And Lebovic,Late Leaving Garage,4,8,WB,7574
2015/06/04,15,2:45:00 PM,Thursday,garage / Bishop Allen School,Late Leaving Garage,5,7,n,7327
2015/06/04,45,2:50:00 PM,Thursday,KIPLING STN,Mechanical,4,10,nb,7314
2015/06/04,32,2:50:00 PM,Thursday,Michael Power,Mechanical,5,10,e/b,1515
2015/06/04,53,2:58:00 PM,Thursday,Passmore - Markham Rd,Mechanical,7,14,W,9090
2015/06/04,46,3:00:00 PM,Thursday,Martin Grove,General Delay,10,20,B/W,
2015/06/04,100,3:00:00 PM,Thursday,Bayview to Brentcliffe  Broadview and Pottery to Broadview Stn,General Delay,10,25,BW,
2015/06/04,89,3:00:00 PM,Thursday,Entire route,General Delay,8,16,b/w,
2015/06/04,76,3:00:00 PM,Thursday,Evans at Royal York,Late Leaving Garage,6,9,S,7323
2015/06/04,26,3:02:00 PM,Thursday,St. George,Mechanical,14,28,W,1030
2015/06/04,7,3:06:00 PM,Thursday,Wilson ave,Mechanical,8,16,N/B,9028
2015/06/04,132,3:09:00 PM,Thursday,Hupfield and Sewells,Late Leaving Garage,20,32,W,1113
2015/06/04,15,3:11:00 PM,Thursday,Garage / Bishop Allen School,Late Leaving Garage,5,7,n,8053
2015/06/04,95,3:19:00 PM,Thursday,Ellesmere RT,Mechanical,8,16,WB,1758
2015/06/04,60,3:20:00 PM,Thursday,Finch Station,Late Leaving Garage,16,30,W,1371
2015/06/04,24,3:25:00 PM,Thursday,VP at Lawrence,Mechanical,6,12,n,7750
2015/06/04,196,3:25:00 PM,Thursday,Downsview SWtn,Mechanical,6,12,s,9430
2015/06/04,41,3:26:00 PM,Thursday,York University-Commons,Late Leaving Garage,15,30,s,1620
2015/06/04,95,3:30:00 PM,Thursday,Entire route,General Delay,15,1,BW,
2015/06/04,97,3:30:00 PM,Thursday,On Route,General Delay,25,50,BW,
2015/06/04,6,3:37:00 PM,Thursday,Davenport/Yonge,Mechanical,11,22,S,1039
2015/06/04,106,3:40:00 PM,Thursday,downsview Stn,Utilized Off Route,10,20,n,8156
2015/06/04,42,3:43:00 PM,Thursday,Finch Station,Mechanical,12,24,EB,9436
2015/06/04,32,3:49:00 PM,Thursday,Skymark & Explorer,Mechanical,8,16,e/b,1630
2015/06/04,196,3:50:00 PM,Thursday,Sheppard Station,Utilized Off Route,6,12,WB,8354
2015/06/04,196,3:50:00 PM,Thursday,Sentinel and Pond,Mechanical,3,6,n,9415
2015/06/04,196,3:50:00 PM,Thursday,Sentinel at Pond,Mechanical,3,6,n,9415
2015/06/04,190,3:53:00 PM,Thursday,STC,Mechanical,5,10,WB,7618
2015/06/04,52,3:54:00 PM,Thursday,Lawrence west station,Late Leaving Garage,11,22,W/B,
2015/06/04,102,3:58:00 PM,Thursday,Centenial College,Emergency Services,6,15,S/B,7707
2015/06/04,191,4:00:00 PM,Thursday,Hwy27 route,General Delay,10,20,B/W,
2015/06/04,94,4:00:00 PM,Thursday,Wellesley route,General Delay,10,20,bw,7739
2015/06/04,53,4:00:00 PM,Thursday,Finch Station,Late Leaving Garage,5,10,W,1116
2015/06/04,16,4:00:00 PM,Thursday,Entire route,General Delay,8,16,b/w,
2015/06/04,52,4:09:00 PM,Thursday,Lawrence station,Late Leaving Garage,5,16,W/B,
2015/06/04,116,4:10:00 PM,Thursday,Morningside & Coronation,Mechanical,6,12,N,7603
2015/06/04,51,4:10:00 PM,Thursday,Leslie stn,Mechanical,15,30,n,9401
2015/06/04,52,4:12:00 PM,Thursday,Lawrence station,Late Leaving Garage,11,22,W/B,
2015/06/04,131,4:14:00 PM,Thursday,Scarborough Town Centre,Mechanical,8,16,WB,1766
2015/06/04,38,4:15:00 PM,Thursday,Ellesmere and Scarborough Golf Club,Mechanical,16,32,W,1080
2015/06/04,52,4:18:00 PM,Thursday,Westwood mall,Late Leaving Garage,17,33,E/B,
2015/06/04,134,4:20:00 PM,Thursday,Scar Town Centre Station,Mechanical,20,40,E,1090
2015/06/04,49,4:21:00 PM,Thursday,BLOOR AND MARKLAND,Emergency Services,10,20,wb,8036
2015/06/04,52,4:26:00 PM,Thursday,Lawrence Station,Late Leaving Garage,6,17,W/B,
2015/06/04,190,4:30:00 PM,Thursday,404 to Phamracy and Shepard,General Delay,10,17,WB,
2015/06/04,30,4:30:00 PM,Thursday,DUNDAS STREET,General Delay,20,1,bw,
2015/06/04,89,4:30:00 PM,Thursday,Weston rd / St. Clair,Mechanical,8,16,n,1510
2015/06/04,24,4:30:00 PM,Thursday,VP Route,General Delay,10,20,bw,7737
2015/06/04,224,4:30:00 PM,Thursday,404 and Sheppard,General Delay,20,23,WB,
2015/06/04,131,4:40:00 PM,Thursday,McLevin and Neilson,Mechanical,8,16,WB,1774
2015/06/04,53,4:50:00 PM,Thursday,Finch Stn - Morningside/Staines,General Delay,9,16,B/W,
2015/06/04,53,4:51:00 PM,Thursday,Passmore- Markham Rd,Mechanical,14,30,E,9067
2015/06/04,73,5:00:00 PM,Thursday,Royal York Station to Albion at Claireport,General Delay,20,0,BW,
2015/06/04,53,5:20:00 PM,Thursday,Yonge - Drewry,Investigation,5,10,W,1092
2015/06/04,125,5:30:00 PM,Thursday,Drewry/Yonge,Diversion,10,20,Nb,8357
2015/06/04,49,5:30:00 PM,Thursday,EAST MALL AND BLOOR,General Delay,1,1,wb,8004
2015/06/04,54,5:33:00 PM,Thursday,Lawerence and Birchmount Rd,Investigation,11,22,E/B,7620
2015/06/04,107,5:55:00 PM,Thursday,Downsview Station,Mechanical,22,44,n,9413
2015/06/04,36,5:56:00 PM,Thursday,humberwood loop,Mechanical,6,11,w,1353
2015/06/04,85,6:00:00 PM,Thursday,Don Mills Stn to Rouge Hill G0,General Delay,10,16,E/W,
2015/06/04,44,6:04:00 PM,Thursday,Kipling Station,Utilized Off Route,5,9,S,7306
2015/06/04,102,6:07:00 PM,Thursday,Elfreda Blvd and St Clair Ave,Investigation,11,22,NB,7707
2015/06/04,32,6:10:00 PM,Thursday,Eg West stn,Mechanical,8,16,e/b,1569
2015/06/04,199,6:18:00 PM,Thursday,Finch route,General Delay,4,8,B/W,1823
2015/06/04,39,6:18:00 PM,Thursday,Finch route,General Delay,5,15,B/W,1123
2015/06/04,16,6:28:00 PM,Thursday,STC,Investigation,9,18,SB,7835
2015/06/04,191,6:36:00 PM,Thursday,Martin Grove loop,Mechanical,5,10,w,1421
2015/06/04,60,6:40:00 PM,Thursday,Steeles and Peter Kaiser,Investigation,7,15,E,1298
2015/06/04,15,6:53:00 PM,Thursday,Royal York/Bloor,Investigation,12,24,s/b,8014
2015/06/04,35,6:57:00 PM,Thursday,jane at yew tree,Investigation,11,17,s,1346
2015/06/04,32,7:00:00 PM,Thursday,Eglinton West stn,Mechanical,13,26,w/b,1029
2015/06/04,25,7:07:00 PM,Thursday,Overlea and Don Mills Road,Diversion,25,31,NB,
2015/06/04,124,7:15:00 PM,Thursday,Mt.Pleasent/Lawrence,Diversion,10,20,Wb,8207
2015/06/04,102,7:21:00 PM,Thursday,Centeninial College,Mechanical,11,22,SB,7692
2015/06/04,32,7:27:00 PM,Thursday,Bathurst & Eglinton,Investigation,10,20,w/b,1617
2015/06/04,53,7:57:00 PM,Thursday,Leslie - Steeles,Mechanical,5,15,E,1827
2015/06/04,25,7:59:00 PM,Thursday,Don Mills and Wynford,Mechanical,4,8,SB,7558
2015/06/04,89,8:10:00 PM,Thursday,Weston rd / Jane,Mechanical,8,16,n,1672
2015/06/04,25,8:20:00 PM,Thursday,Leaside Park Drive and Overlea Blvd.,Investigation,4,8,EB,7571
2015/06/04,102,8:49:00 PM,Thursday,Warden Station,Mechanical,19,38,SB,7790
2015/06/04,132,8:51:00 PM,Thursday,STC,Mechanical,23,46,E/B,1138
2015/06/04,83,9:00:00 PM,Thursday,Lakeshore and Carlaw,Diversion,10,1,B/W,8109
2015/06/04,72,9:00:00 PM,Thursday,Carlaw and Eastern,Diversion,15,1,SB,7746
2015/06/04,45,9:08:00 PM,Thursday,Kipling stn.,Mechanical,9,18,s/b,7909
2015/06/04,133,9:20:00 PM,Thursday,Morningside and Stains,Utilized Off Route,10,20,S/B,1820
2015/06/04,127,9:28:00 PM,Thursday,Spadina Station,Mechanical,23,45,W,1027
2015/06/04,12,9:50:00 PM,Thursday,Victoria Park Station,Mechanical,20,40,B/W,7802
2015/06/04,40,10:02:00 PM,Thursday,Queensway Garage,Investigation,1,1,w/b,7937
2015/06/04,34,10:49:00 PM,Thursday,Eg;linton & Dunfiled,Mechanical,14,28,EB,7583
2015/06/04,46,11:05:00 PM,Thursday,Steeles & Martingrove Loop,Mechanical,30,60,N,1238
2015/06/04,75,11:16:00 PM,Thursday,Sherbourne and Wellsley,Investigation,30,60,s,8377
2015/06/04,89,11:20:00 PM,Thursday,Weston Rd. and Oak St.,Mechanical,12,24,N,1639
2015/06/04,54,11:43:00 PM,Thursday,Lawrence E RT,Mechanical,20,40,EB,7440
2015/06/05,192,12:01:00 AM,Friday,Airport terminal 1,Investigation,10,20,n/b,8007
2015/06/05,39,12:02:00 AM,Friday,Finch station,Mechanical,6,12,E,1778
2015/06/05,30,12:03:00 AM,Friday,High park stn,Investigation,1,1,e/b,7343
2015/06/05,90,12:18:00 AM,Friday,St.Clair Station,Emergency Services,10,20,N,8390
2015/06/05,29,12:20:00 AM,Friday,Dufferin and Lawrence,Utilized Off Route,8,16,NB,8373
2015/06/05,57,12:30:00 AM,Friday,Kennedy Station,Utilized Off Route,15,30,NB,7837
2015/06/05,82,12:37:00 AM,Friday,Queens Quay and Sherbourne,Mechanical,30,60,NB,8307
2015/06/05,1,12:55:00 AM,Friday,Finch Station,Utilized Off Route,3,6,s,1682
2015/06/05,36,1:00:00 AM,Friday,finch stn,Investigation,19,38,e/b,1271
2015/06/05,312,3:02:00 AM,Friday,st. clair and christie,Investigation,30,60,s/b,1313
2015/06/05,320,3:06:00 AM,Friday,yonge and college,Utilized Off Route,4,8,s/b,8317
2015/06/05,300,3:33:00 AM,Friday,Pearson Airport,Mechanical,20,40,E/B,7418
2015/06/05,353,3:53:00 AM,Friday,Steels at Silver Star,Mechanical,30,60,E/B,1145
2015/06/05,41,4:46:00 AM,Friday,Petrolia and Canartic,Late Leaving Garage,0,13,s/b,9136
2015/06/05,63,5:00:00 AM,Friday,Entire route,General Delay,1,1,BW,
2015/06/05,26,5:10:00 AM,Friday,Jane stn,Late Leaving Garage,0,20,e/b,1647
2015/06/05,35,5:13:00 AM,Friday,Hullmar Dr,Mechanical,20,40,N,1388
2015/06/05,48,5:15:00 AM,Friday,Mill Road Loop,Late Leaving Garage,20,20,E/B,7341
2015/06/05,52,5:17:00 AM,Friday,Lawrence and Yonge,Late Leaving Garage,1,18,w/b,1024
2015/06/05,116,5:19:00 AM,Friday,Kennedy & Eglinton,Mechanical,11,22,E,7585
2015/06/05,36,5:20:00 AM,Friday,Finch route,Mechanical,1,1,-,9127
2015/06/05,54,5:21:00 AM,Friday,Port Union on Lawrence,Emergency Services,0,12,w,7412
2015/06/05,71,5:23:00 AM,Friday,Runnymede and Bloor,Late Leaving Garage,0,17,n/b,1678
2015/06/05,68,5:23:00 AM,Friday,warden and danforth,Late Leaving Garage,19,0,n,7676
2015/06/05,25,5:25:00 AM,Friday,egl yard,Investigation,3,13,w,7458
2015/06/05,129,5:29:00 AM,Friday,Malvern Garage,Late Leaving Garage,5,9,S,1137
2015/06/05,39,5:30:00 AM,Friday,Garage,Late Leaving Garage,4,10,E,1321
2015/06/05,300,5:33:00 AM,Friday,Danforth and Danforth,Late Leaving Garage,10,20,W,7458
2015/06/05,108,5:33:00 AM,Friday,Driftwood/Jane,Late Leaving Garage,5,10,w,1286
2015/06/05,52,5:36:00 AM,Friday,Martin Grove + The Westway,Late Leaving Garage,28,40,w/b,1642
2015/06/05,168,5:38:00 AM,Friday,Avon Loop,Utilized Off Route,5,13,E/B,7312
2015/06/05,116,5:39:00 AM,Friday,Morningside & Staines,Mechanical,6,12,EN,7511
2015/06/05,32,5:39:00 AM,Friday,Eglinton and Caledonia,Mechanical,5,10,e/b,1571
2015/06/05,39,5:39:00 AM,Friday,Garage,Late Leaving Garage,4,8,E,1119
2015/06/05,98,5:40:00 AM,Friday,Sheppard Stn,Late Leaving Garage,0,30,n,9423
2015/06/05,84,5:45:00 AM,Friday,Sheppard Station,Mechanical,12,27,W,1299
2015/06/05,321,5:45:00 AM,Friday,York Mills and D.V.P,Mechanical,25,55,E,1086
2015/06/05,47,5:48:00 AM,Friday,Lansdowne and Queen,Mechanical,18,36,n/b,1549
2015/06/05,224,5:49:00 AM,Friday,Eglinton Garage,Late Leaving Garage,1,1,n/b,7671
2015/06/05,39,5:50:00 AM,Friday,Garage,Late Leaving Garage,4,11,E,1811
2015/06/05,60,5:50:00 AM,Friday,Martin grove loop,Late Leaving Garage,10,20,w,1241
2015/06/05,107,5:51:00 AM,Friday,Finch and Sentinel,Late Leaving Garage,18,36,n,8396
2015/06/05,95,5:51:00 AM,Friday,Kingston Road Loop,Late Leaving Garage,7,14,West,1116
2015/06/05,32,5:52:00 AM,Friday,Eglinton stn,Late Leaving Garage,5,10,w/b,1035
2015/06/05,165,5:55:00 AM,Friday,Arrow Garage,Late Leaving Garage,4,8,w,7248
2015/06/05,199,5:59:00 AM,Friday,Malvern Garage,Late Leaving Garage,3,6,E,1351
2015/06/05,35,6:00:00 AM,Friday,jane Street,General Delay,8,16,B/W,
2015/06/05,6,6:00:00 AM,Friday,Entire route,General Delay,1,1,BW,
2015/06/05,195,6:00:00 AM,Friday,Jane street,General Delay,10,20,B/W,
2015/06/05,90,6:02:00 AM,Friday,North cliffe and Vaughan,Late Leaving Garage,10,20,S,8165
2015/06/05,100,6:04:00 AM,Friday,Eglinton Garage,Late Leaving Garage,10,20,,7494
2015/06/05,32,6:05:00 AM,Friday,Skymark,Late Leaving Garage,5,10,e/b,1552
2015/06/05,190,6:08:00 AM,Friday,Eglinton Garage,Mechanical,9,7,w/b,7627
2015/06/05,56,6:11:00 AM,Friday,Donlands stn,Late Leaving Garage,4,14,n/b,8144
2015/06/05,24,6:13:00 AM,Friday,Victoria Park Station,Late Leaving Garage,6,12,nb,7822
2015/06/05,7,6:14:00 AM,Friday,Bathurst and Wilson,Late Leaving Garage,7,15,S,9005
2015/06/05,100,6:14:00 AM,Friday,Eglinton Garage,Late Leaving Garage,0,0,,7681
2015/06/05,8,6:15:00 AM,Friday,Coxwell and Plains,Mechanical,10,1,nb,7688
2015/06/05,195,6:21:00 AM,Friday,JSTE,Late Leaving Garage,10,20,S,1212
2015/06/05,190,6:26:00 AM,Friday,Eglinton Garage,Mechanical,7,14,w/b,7428
2015/06/05,53,6:29:00 AM,Friday,Finch Station,Mechanical,6,17,e,9074
2015/06/05,199,6:30:00 AM,Friday,Sheppard and McCowan N/B,Mechanical,3,6,N,1127
2015/06/05,29,6:31:00 AM,Friday,Dufferin and Tycos,Late Leaving Garage,8,16,s/b,9018
2015/06/05,36,6:32:00 AM,Friday,Finch and Weston,Mechanical,10,34,W,1338
2015/06/05,29,6:33:00 AM,Friday,Princes gate,Late Leaving Garage,8,16,n/b,9009
2015/06/05,85,6:34:00 AM,Friday,Sheppard and Morningside,Mechanical,14,31,E,9075
2015/06/05,39,6:35:00 AM,Friday,Malvern Garage,Late Leaving Garage,4,8,W,1099
2015/06/05,89,6:37:00 AM,Friday,Keele stn,Late Leaving Garage,5,10,n,1027
2015/06/05,53,6:38:00 AM,Friday,Passmore and Markham,Mechanical,5,10,w,1756
2015/06/05,73,6:39:00 AM,Friday,Dixon and Royal York.,Mechanical,15,30,s/b,7324
2015/06/05,106,6:40:00 AM,Friday,Downsview Stn,Mechanical,7,14,n,9447
2015/06/05,32,6:41:00 AM,Friday,Emmett,Late Leaving Garage,10,19,e/b,1613
2015/06/05,122,6:43:00 AM,Friday,Yorkmills stn,Late Leaving Garage,10,20,e/b,9436
2015/06/05,199,6:43:00 AM,Friday,Malvern Garage,Late Leaving Garage,2,5,W,1712
2015/06/05,95,6:45:00 AM,Friday,U of T Loop,Mechanical,9,18,West,1086
2015/06/05,70,6:50:00 AM,Friday,warden statin,Mechanical,18,36,w,7499
2015/06/05,71,6:50:00 AM,Friday,Runnymede stn,Late Leaving Garage,17,27,n/b,1607
2015/06/05,124,6:53:00 AM,Friday,Lawrence stn,Late Leaving Garage,6,12,e/b,8172
2015/06/05,53,6:53:00 AM,Friday,Finch Station,Mechanical,12,23,e,9097
2015/06/05,133,6:58:00 AM,Friday,Neilson and Sheppard,Mechanical,9,18,n,1094
2015/06/05,32,6:59:00 AM,Friday,Eglinton stn,Late Leaving Garage,5,10,w/b,1568
2015/06/05,6,7:00:00 AM,Friday,Dupont and Davenport,Late Leaving Garage,12,224,SB,1052
2015/06/05,191,7:01:00 AM,Friday,Martin grove and Royalcrest,Mechanical,2,9,N,7949
2015/06/05,165,7:03:00 AM,Friday,Weston/Finch,Late Leaving Garage,4,8,w,1386
2015/06/05,89,7:07:00 AM,Friday,Albion and Weston rd,Late Leaving Garage,5,10,s,1532
2015/06/05,106,7:07:00 AM,Friday,Downsview Stn,Late Leaving Garage,7,14,n,9404
2015/06/05,85,7:08:00 AM,Friday,Don Mills station,Mechanical,10,21,E,9079
2015/06/05,29,7:10:00 AM,Friday,Dufferin at Gibson,Investigation,8,16,s/b,9007
2015/06/05,104,7:10:00 AM,Friday,Downsview Stn,Mechanical,0,0,s,9443
2015/06/05,86,7:11:00 AM,Friday,Kennedy Stn,Mechanical,16,32,E,7495
2015/06/05,196,7:14:00 AM,Friday,Downsview Stn,Utilized Off Route,3,6,n,8181
2015/06/05,14,7:22:00 AM,Friday,Caledonia and Glencairn,Late Leaving Garage,15,30,E/B,1621
2015/06/05,52,7:24:00 AM,Friday,Airport rd. and North West dr.,Investigation,18,36,E/B,1001
2015/06/05,29,7:25:00 AM,Friday,Princes gate,Mechanical,8,16,n/b,9049
2015/06/05,24,7:25:00 AM,Friday,Victoria Park Station,Mechanical,6,12,nb,7728
2015/06/05,6,7:32:00 AM,Friday,Davenport and Yonge,Late Leaving Garage,12,24,SB,1204
2015/06/05,95,7:36:00 AM,Friday,York Mills and Don Mills,Mechanical,9,18,w,1824
2015/06/05,32,7:38:00 AM,Friday,Eglinton stn,Utilized Off Route,5,10,w/b,1610
2015/06/05,6,7:40:00 AM,Friday,Davenport and Yonge,Late Leaving Garage,12,24,SB,
2015/06/05,141,7:40:00 AM,Friday,Eglinton and Redpath,Mechanical,30,60,s/b,1657
2015/06/05,53,7:47:00 AM,Friday,Steeles and Bluffwood,Mechanical,5,10,e,1778
2015/06/05,6,7:48:00 AM,Friday,Davenport and Yonge,Late Leaving Garage,12,24,SB,
2015/06/05,89,7:50:00 AM,Friday,Keele stn,Mechanical,5,10,n,1027
2015/06/05,51,7:55:00 AM,Friday,Eglinton stn,Mechanical,14,27,n/b,8135
2015/06/05,85,7:56:00 AM,Friday,Meadovale Loop,Investigation,11,22,West,9096
2015/06/05,96,8:00:00 AM,Friday,Wilson route,General Delay,12,24,s,
2015/06/05,191,8:00:00 AM,Friday,HWY 191 route,General Delay,12,18,B,
2015/06/05,45,8:00:00 AM,Friday,ENTIRE ROUTE,General Delay,12,1,B/W,
2015/06/05,36,8:00:00 AM,Friday,Finch West route,General Delay,15,21,B,
2015/06/05,57,8:03:00 AM,Friday,Kennedy Station,Mechanical,7,13,NB,7765
2015/06/05,87,8:12:00 AM,Friday,Cosburn and Coxwell,Mechanical,9,18,W,7855
2015/06/05,6,8:16:00 AM,Friday,Bay and Bloor,Mechanical,8,16,SB,1226
2015/06/05,112,8:22:00 AM,Friday,kipling stn,Mechanical,15,30,N,7948
2015/06/05,52,8:30:00 AM,Friday,Lawrence and Sage ave.,Mechanical,12,25,E/B,1531
2015/06/05,87,8:33:00 AM,Friday,Main Stn,Utilized Off Route,8,17,W,8120
2015/06/05,165,8:35:00 AM,Friday,Carpool/Hyw 400/Zmajor mac.,Mechanical,30,60,s,7216
2015/06/05,54,8:40:00 AM,Friday,eglinton station,Investigation,9,18,w,7547
2015/06/05,46,9:00:00 AM,Friday,Martin grove route,General Delay,20,31,B,
2015/06/05,24,9:04:00 AM,Friday,VP/ROWENA,Investigation,6,9,SB,7822
2015/06/05,24,9:04:00 AM,Friday,VICTORIA PARK / ROWENA,Investigation,3,6,SB,7799
2015/06/05,101,9:14:00 AM,Friday,Museum Loop,Mechanical,20,40,E,1514
2015/06/05,42,9:47:00 AM,Friday,Finch Stn,Mechanical,12,24,,8309
2015/06/05,57,9:52:00 AM,Friday,Midland and Finch,Diversion,51,59,SB,7752
2015/06/05,63,10:00:00 AM,Friday,Route 63,General Delay,7,14,BW,
2015/06/05,86,10:01:00 AM,Friday,Kingston & Morrish,Mechanical,10,20,W,7664
2015/06/05,196,10:08:00 AM,Friday,Bus roadway at Keele,Mechanical,3,6,w,9401
2015/06/05,11,10:30:00 AM,Friday,Bayview/ lawrence to Post rd,General Delay,15,30,n/b,
2015/06/05,17,10:44:00 AM,Friday,St clair and Santamonica,Mechanical,13,26,N,7797
2015/06/05,35,10:58:00 AM,Friday,Murray Ross,Mechanical,24,60,N,1576
2015/06/05,196,11:12:00 AM,Friday,York U. Common,Mechanical,3,7,s,9445
2015/06/05,32,11:14:00 AM,Friday,Emmett,Mechanical,13,26,e/b,1584
2015/06/05,29,11:15:00 AM,Friday,Dufferin and Sylvan,Investigation,4,8,s/b,9028
2015/06/05,65,11:20:00 AM,Friday,Parliament and Richmond,Diversion,10,20,SB,7878
2015/06/05,196,11:25:00 AM,Friday,Sheppard Stn,Mechanical,6,12,w,8178
2015/06/05,7,11:28:00 AM,Friday,Bathurst and Olive,Investigation,9,18,S,9038
2015/06/05,79,11:30:00 AM,Friday,Lawrence and weston,General Delay,5,5,W/B,
2015/06/05,89,11:32:00 AM,Friday,Keele station,Mechanical,9,18,N,1566
2015/06/05,6,11:35:00 AM,Friday,Sherbourne & Q Quay,Utilized Off Route,10,20,N,1066
2015/06/05,29,11:40:00 AM,Friday,Springhurst loop,Utilized Off Route,4,8,n/b,9050
2015/06/05,39,11:42:00 AM,Friday,McCowan on Finch,Investigation,6,13,W,1328
2015/06/05,192,11:44:00 AM,Friday,KIPLING STN,Mechanical,9,18,N,8006
2015/06/05,63,11:44:00 AM,Friday,East Liberty & Strachan,Utilized Off Route,7,14,N,1636
2015/06/05,75,11:45:00 AM,Friday,Lower Jarvis and Queens Quay,Utilized Off Route,9,18,N,8167
2015/06/05,54,11:57:00 AM,Friday,Carnforth on Lawrence,Mechanical,13,25,e,7462
2015/06/05,102,12:02:00 PM,Friday,Warden Station,Utilized Off Route,17,34,N,7702
2015/06/05,39,12:03:00 PM,Friday,Mcowan Rd on Finch Ave E,Mechanical,6,13,E,1786
2015/06/05,32,12:06:00 PM,Friday,Trethewey and Todd baylis,Mechanical,13,26,w/b,1510
2015/06/05,17,12:12:00 PM,Friday,Warden Station,Mechanical,13,26,N,8129
2015/06/05,11,12:14:00 PM,Friday,Bayview and Sheppard,Mechanical,10,20,s/b,8368
2015/06/05,102,12:15:00 PM,Friday,Warden Station to Major MacKenzie,General Delay,8,1,B/W,
2015/06/05,35,12:30:00 PM,Friday,Entire route,General Delay,25,50,B/W,
2015/06/05,11,12:30:00 PM,Friday,Bayview & Lawrence,General Delay,35,50,NB,
2015/06/05,195,12:30:00 PM,Friday,Entire route,General Delay,25,50,B/W,
2015/06/05,84,12:30:00 PM,Friday,Entire route,General Delay,20,40,B/W,
2015/06/05,29,12:35:00 PM,Friday,Dufferin and Queen,Mechanical,4,8,s/b,9015
2015/06/05,47,12:40:00 PM,Friday,Yorkdale,Mechanical,15,30,s,1573
2015/06/05,52,12:50:00 PM,Friday,Airport rdand Morning Star,Mechanical,15,30,W/B,1662
2015/06/05,76,12:56:00 PM,Friday,Lakeshore at Mimico,Mechanical,9,18,N,7321
2015/06/05,7,1:08:00 PM,Friday,Bathurst station,Investigation,9,18,,9005
2015/06/05,45,1:15:00 PM,Friday,KIPLING AND FINCH,General Delay,15,1,SB,8019
2015/06/05,60,1:23:00 PM,Friday,yonge and steeles lp,Investigation,7,13,w,1416
2015/06/05,96,1:23:00 PM,Friday,Bathurst,Mechanical,18,36,E,1359
2015/06/05,709,1:26:00 PM,Friday,Black Creek & Eglinton,Mechanical,5,10,w/b,1033
2015/06/05,85,1:30:00 PM,Friday,Don Mills Stn,General Delay,15,23,E/W,
2015/06/05,191,1:44:00 PM,Friday,Kipling station,Mechanical,5,10,n/,7921
2015/06/05,44,1:45:00 PM,Friday,KIPLING STN,Utilized Off Route,7,14,SB,7938
2015/06/05,7,1:59:00 PM,Friday,Sheppard,Mechanical,3,6,N/B,9024
2015/06/05,100,2:00:00 PM,Friday,Eglinton Ave - Bayview to Leslie Broadview Ave to Station,General Delay,15,25,BW,
2015/06/05,89,2:00:00 PM,Friday,entire route,General Delay,30,40,bw,
2015/06/05,29,2:00:00 PM,Friday,Tycos to Lawrence,General Delay,12,17,BW,
2015/06/05,7,2:00:00 PM,Friday,7 Bathurst Ave,General Delay,15,25,B/W,9019
2015/06/05,96,2:00:00 PM,Friday,YKMS to all Branches,General Delay,10,20,B/W,
2015/06/05,191,2:00:00 PM,Friday,Hyw27 route,General Delay,12,24,B?w,
2015/06/05,34,2:00:00 PM,Friday,Eglinton Ave & Bayview to Leslie St,General Delay,15,25,BW,
2015/06/05,52,2:00:00 PM,Friday,Lawrence and Allen,General Delay,15,25,B/W,
2015/06/05,91,2:00:00 PM,Friday,Woodbine Station,General Delay,15,1,B/W,7717
2015/06/05,51,2:00:00 PM,Friday,51 Leslie Route,General Delay,40,60,BW,
2015/06/05,165,2:00:00 PM,Friday,YKMS to all Branches,General Delay,10,20,B/W,
2015/06/05,102,2:01:00 PM,Friday,Warden Station,Mechanical,17,34,N,7772
2015/06/05,110,2:13:00 PM,Friday,Lakeshore/Islington,Late Leaving Garage,11,20,n/b,7958
2015/06/05,191,2:18:00 PM,Friday,Finch Station,Late Leaving Garage,5,10,n/,7951
2015/06/05,54,2:26:00 PM,Friday,Scarborough Golf and Lawrence,Emergency Services,14,28,WB,7486
2015/06/05,129,2:29:00 PM,Friday,Scar Town,Late Leaving Garage,2,7,N,1075
2015/06/05,60,2:30:00 PM,Friday,steeles - finch stn to bathurst,General Delay,13,25,bw,
2015/06/05,168,2:30:00 PM,Friday,Avon Loop,Mechanical,10,20,S,8020
2015/06/05,59,2:30:00 PM,Friday,weston - oak to church,General Delay,11,24,bw,
2015/06/05,44,2:32:00 PM,Friday,col sam loop,Mechanical,4,9,nb,7332
2015/06/05,57,2:33:00 PM,Friday,Midland at Lawrence,Mechanical,11,22,n,7800
2015/06/05,54,2:33:00 PM,Friday,Eglinton Yard,Mechanical,1,1,E,7561
2015/06/05,35,2:34:00 PM,Friday,Jane and Lawrence,Late Leaving Garage,12,1,N,1035
2015/06/05,48,2:40:00 PM,Friday,Michael Power School,Late Leaving Garage,10,15,E,7316
2015/06/05,95,2:44:00 PM,Friday,Pope John Paul School,Mechanical,7,14,WB,1067
2015/06/05,109,2:46:00 PM,Friday,Lawrence Ave,Mechanical,12,24,N/B,8363
2015/06/05,190,2:49:00 PM,Friday,STC,Mechanical,5,10,WB,7428
2015/06/05,7,2:50:00 PM,Friday,Cedar Croft,Mechanical,9,18,N/B,9056
2015/06/05,86,2:52:00 PM,Friday,Lawrence & Homestaed,Mechanical,30,48,E,7655
2015/06/05,41,2:53:00 PM,Friday,York U. Commons,Late Leaving Garage,15,31,S,
2015/06/05,76,2:54:00 PM,Friday,Evans at Royal York,Late Leaving Garage,4,9,S,7339
2015/06/05,34,2:57:00 PM,Friday,Eglinton Ave & Lebovic Ave,Late Leaving Garage,4,8,WB,7477
2015/06/05,57,3:00:00 PM,Friday,Midland route,General Delay,12,1,B/W,
2015/06/05,72,3:00:00 PM,Friday,Carlaw &Lakeshore,General Delay,15,1,B/W,
2015/06/05,12,3:00:00 PM,Friday,Kingston Road Route,General Delay,15,1,B/W,
2015/06/05,95,3:00:00 PM,Friday,Entire Route,General Delay,25,1,BW,
2015/06/05,54,3:05:00 PM,Friday,Eglinton Yard,Mechanical,1,1,E,7541
2015/06/05,107,3:05:00 PM,Friday,Commons,Mechanical,11,22,n,8189
2015/06/05,11,3:08:00 PM,Friday,Davisville STN,Mechanical,11,21,NB,8302
2015/06/05,51,3:08:00 PM,Friday,Wilson Yard,Late Leaving Garage,15,30,NB,9402
2015/06/05,132,3:09:00 PM,Friday,Hupfield and Sewells,Late Leaving Garage,20,32,W,1078
2015/06/05,112,3:10:00 PM,Friday,kipling stn,Mechanical,17,34,nb,8090
2015/06/05,36,3:10:00 PM,Friday,Duncanwood/Finch,Diversion,46,56,B/W,9121
2015/06/05,51,3:11:00 PM,Friday,Lawrence & Leslie,Investigation,15,30,NB,8312
2015/06/05,63,3:13:00 PM,Friday,Eglinton w stn,Late Leaving Garage,5,10,s,1052
2015/06/05,64,3:15:00 PM,Friday,Main Stn,Mechanical,8,16,N,8124
2015/06/05,32,3:24:00 PM,Friday,Wright & Pine,Mechanical,8,16,s/b,1017
2015/06/05,25,3:27:00 PM,Friday,York Mills and Don Mills,Investigation,3,6,SB,7482
2015/06/05,85,3:28:00 PM,Friday,Sheppard @ Markham Rd,Mechanical,6,12,W,9078
2015/06/05,97,3:30:00 PM,Friday,On Route,General Delay,25,50,BW,
2015/06/05,15,3:30:00 PM,Friday,Route 15 Evans,General Delay,1,1,b/w,
2015/06/05,42,3:30:00 PM,Friday,On Route,General Delay,25,50,EB,
2015/06/05,37,3:30:00 PM,Friday,Route 37 islington N,General Delay,1,1,b/w,
2015/06/05,6,3:37:00 PM,Friday,Davenport,Late Leaving Garage,6,12,s,
2015/06/05,48,3:38:00 PM,Friday,Rathburn at Islington,Mechanical,15,30,E,7943
2015/06/05,41,3:39:00 PM,Friday,Yor U. Commons,Late Leaving Garage,16,31,S,
2015/06/05,35,3:40:00 PM,Friday,Jane Station,Mechanical,20,40,N,
2015/06/05,39,3:43:00 PM,Friday,West of Don Mills Ave,Mechanical,3,6,WB,1272
2015/06/05,102,3:50:00 PM,Friday,Warden stn,Utilized Off Route,11,22,N/B,8102
2015/06/05,124,3:57:00 PM,Friday,lawrence station,Mechanical,6,12,Wb,8382
2015/06/05,122,4:00:00 PM,Friday,Yorkmills Station to Lesmill,General Delay,15,25,BW,
2015/06/05,36,4:00:00 PM,Friday,Finch Route,General Delay,15,30,B/W,
2015/06/05,25,4:00:00 PM,Friday,Don Mills Station to Steeles and Don Mills,Utilized Off Route,3,6,BW,7614
2015/06/05,25,4:00:00 PM,Friday,Steeles to Pape Station,General Delay,10,20,BW,
2015/06/05,224,4:00:00 PM,Friday,DVP to Steeles and Don Mills,General Delay,15,25,BW,
2015/06/05,190,4:00:00 PM,Friday,Pharmacy to Don Mill Statino,General Delay,15,20,WB,
2015/06/05,165,4:00:00 PM,Friday,Sheppard,Mechanical,47,94,S,7200
2015/06/05,124,4:00:00 PM,Friday,On Route,General Delay,12,18,BW,
2015/06/05,88,4:00:00 PM,Friday,On Route,General Delay,12,24,BW,
2015/06/05,162,4:00:00 PM,Friday,On Route,General Delay,40,70,BW,
2015/06/05,81,4:00:00 PM,Friday,Thorncliffe Route,General Delay,10,0,B/W,
2015/06/05,87,4:00:00 PM,Friday,Main Stn,Mechanical,6,12,N,7796
2015/06/05,47,4:00:00 PM,Friday,Entire route,General Delay,30,30,BW,
2015/06/05,131,4:07:00 PM,Friday,Nugget and Markham,Mechanical,8,16,WB,1792
2015/06/05,45,4:07:00 PM,Friday,ON KIPLING AT FINCH,Mechanical,2,12,sb,7340
2015/06/05,42,4:08:00 PM,Friday,Maybrook/Passmore,Mechanical,23,46,Wb,8314
2015/06/05,25,4:10:00 PM,Friday,Don Mills north of Don Mills Station,Mechanical,3,6,NB,7498
2015/06/05,25,4:10:00 PM,Friday,Don Mills and Leith Hill,Mechanical,3,6,NB,7498
2015/06/05,79,4:11:00 PM,Friday,Scarlett and Eglinton,Mechanical,12,24,SB,1508
2015/06/05,110,4:14:00 PM,Friday,islington/New Toronto,Mechanical,18,31,n/b,7948
2015/06/05,221,4:17:00 PM,Friday,Woodbine and John,Mechanical,10,20,NB,7505
2015/06/05,76,4:20:00 PM,Friday,Royal York at Bloor,Mechanical,5,10,S,7934
2015/06/05,79,4:20:00 PM,Friday,Weston/Sydney Belsey,Mechanical,7,14,S,1593
2015/06/05,35,4:21:00 PM,Friday,Jane and Steeles,Mechanical,20,40,S,7227
2015/06/05,96,4:22:00 PM,Friday,Jane,Mechanical,20,40,E,7243
2015/06/05,42,4:25:00 PM,Friday,Victoria Park/Mccnical,Mechanical,13,26,Wb,8353
2015/06/05,139,4:28:00 PM,Friday,finch and markam,Mechanical,20,40,e/b,1794
2015/06/05,709,4:28:00 PM,Friday,Vesta & Eglinton,Mechanical,10,20,w/b,1051
2015/06/05,132,4:30:00 PM,Friday,STC to Sewells,General Delay,15,27,E/W,
2015/06/05,56,4:30:00 PM,Friday,56 Leaside Route,General Delay,15,27,BW,
2015/06/05,24,4:30:00 PM,Friday,VP Route,General Delay,10,20,bw,7777
2015/06/05,65,4:30:00 PM,Friday,Castle Frank Stn,Mechanical,10,20,S,7782
2015/06/05,17,4:30:00 PM,Friday,Birchmount route,General Delay,20,0,B/W,
2015/06/05,76,4:30:00 PM,Friday,Royal York Station to Lakeshore at Mimico,General Delay,15,20,BW,
2015/06/05,25,4:30:00 PM,Friday,Steeles and Don Mills,Utilized Off Route,3,6,NB,7522
2015/06/05,130,4:30:00 PM,Friday,STC to Steeles,General Delay,15,30,E/W,
2015/06/05,94,4:30:00 PM,Friday,Wellesley Route,General Delay,10,20,bw,7733
2015/06/05,196,4:33:00 PM,Friday,Sheppard STN,Utilized Off Route,8,16,EB,8362
2015/06/05,85,4:35:00 PM,Friday,Sheppard @ McCowan,Mechanical,6,12,W,1765
2015/06/05,87,4:36:00 PM,Friday,Main Stn,Mechanical,6,12,W,7716
2015/06/05,87,4:36:00 PM,Friday,Main Stn,Mechanical,6,12,W,7716
2015/06/05,38,4:36:00 PM,Friday,U of T loop,Mechanical,8,16,w/b,1762
2015/06/05,12,4:42:00 PM,Friday,Victoria Park Stn,Mechanical,15,30,B/W,7783
2015/06/05,709,4:50:00 PM,Friday,Bathurst & Eglinton,Utilized Off Route,5,10,e/b,1005
2015/06/05,116,4:51:00 PM,Friday,Eglinton & Cedar,Mechanical,6,12,E,7671
2015/06/05,90,4:53:00 PM,Friday,St. Clair West Station,Utilized Off Route,6,12,N,8341
2015/06/05,30,4:53:00 PM,Friday,DUNDAS AND BROOKSIDE,General Delay,11,32,eb,7306
2015/06/05,53,4:54:00 PM,Friday,McCowan,Mechanical,5,10,WB,1060
2015/06/05,24,4:55:00 PM,Friday,VP Stn.,Mechanical,14,28,n,7779
2015/06/05,29,4:57:00 PM,Friday,Dufferin and College,Utilized Off Route,5,10,S,8209
2015/06/05,190,4:59:00 PM,Friday,STC,Mechanical,5,10,WB,7615
2015/06/05,73,5:00:00 PM,Friday,Royal York Station to Albion at Claireport,General Delay,20,40,BW,
2015/06/05,129,5:00:00 PM,Friday,STC to major mac entire route,General Delay,15,20,BW,
2015/06/05,17,5:01:00 PM,Friday,Warden stn,Mechanical,24,48,N/B,7871
2015/06/05,59,5:05:00 PM,Friday,shefield at ingram,Diversion,66,78,w,1344
2015/06/05,6,5:05:00 PM,Friday,Dockside,Utilized Off Route,5,10,n/b,1524
2015/06/05,103,5:05:00 PM,Friday,Yonge/Eglinton,Mechanical,20,40,EB,8385
2015/06/05,168,5:10:00 PM,Friday,Dundas West Station,Mechanical,7,13,N,8050
2015/06/05,60,5:16:00 PM,Friday,steeles at keele,Mechanical,15,30,e,7208
2015/06/05,13,5:20:00 PM,Friday,Scarborough Town Centre,Mechanical,9,18,EB,1101
2015/06/05,109,5:24:00 PM,Friday,Elway court,Mechanical,12,24,N/B,8363
2015/06/05,63,5:30:00 PM,Friday,Entire Route,General Delay,15,25,B/W,
2015/06/05,85,5:30:00 PM,Friday,Sheppard Stn to Rouge Hill Go,General Delay,17,23,E/W,
2015/06/05,195,5:34:00 PM,Friday,Jane Station,Mechanical,12,24,N,1336
2015/06/05,64,5:35:00 PM,Friday,Queen at Hambly,Diversion,0,0,,
2015/06/05,132,5:36:00 PM,Friday,Sewells and Hupfield,Mechanical,12,24,W,1078
2015/06/05,190,5:38:00 PM,Friday,Victoria Park and Sheppard,Investigation,5,10,WB,7599
2015/06/05,143,5:40:00 PM,Friday,Queen & Hambly,Diversion,80,105,B/W,8127
2015/06/05,165,5:40:00 PM,Friday,Sheppard,Mechanical,10,20,S,1386
2015/06/05,87,5:40:00 PM,Friday,Broadview  Stn,Utilized Off Route,6,12,N/B,7809
2015/06/05,44,5:46:00 PM,Friday,KIPLING AND ST ALBANS,Emergency Services,5,10,sb,8064
2015/06/05,52,5:47:00 PM,Friday,Lawrence station,Mechanical,15,30,W/B,1620
2015/06/05,52,5:47:00 PM,Friday,Lawrence station,Diversion,43,58,W/B,
2015/06/05,116,5:53:00 PM,Friday,Kennedy Stn,Utilized Off Route,6,12,E,7620
2015/06/05,167,6:00:00 PM,Friday,Sheppard at 404,General Delay,15,30,bw,7686
2015/06/05,117,6:00:00 PM,Friday,Entire Route,General Delay,15,27,BW,
2015/06/05,105,6:00:00 PM,Friday,Entire route,General Delay,30,42,BW,
2015/06/05,107,6:00:00 PM,Friday,Entier Route,General Delay,40,51,BW,
2015/06/05,40,6:00:00 PM,Friday,Dundas West Station to Runnymede Loop,General Delay,10,17,BW,
2015/06/05,54,6:26:00 PM,Friday,Birchmount and Eglinton,Investigation,5,10,EB,7438
2015/06/05,190,6:33:00 PM,Friday,STC,Mechanical,5,10,wb,7629
2015/06/05,64,6:46:00 PM,Friday,Beaufort and Glen Manor,Investigation,8,20,N,7759
2015/06/05,191,7:00:00 PM,Friday,Kipling station,Mechanical,5,10,n/,7951
2015/06/05,126,7:25:00 PM,Friday,St. Clair and Wychwood,Mechanical,30,60,W/B,1041
2015/06/05,107,7:45:00 PM,Friday,Keele and Hwy 7,Diversion,337,361,BW,
2015/06/05,53,7:45:00 PM,Friday,McCowan Rd,Mechanical,20,40,WB,1827
2015/06/05,168,7:52:00 PM,Friday,Symington at Kingsley,Mechanical,10,20,N,7926
2015/06/05,124,7:55:00 PM,Friday,Lawrence station,Diversion,12,24,BW,8395
2015/06/05,53,9:00:00 PM,Friday,Midland Ave,Mechanical,5,10,WB,1104
2015/06/05,196,9:01:00 PM,Friday,Downsview Station,Mechanical,9,18,WB,8375
2015/06/05,112,9:04:00 PM,Friday,Carlingview/Renforth,Mechanical,15,30,s/b,8080
2015/06/05,123,9:23:00 PM,Friday,Kipling Stn.,Mechanical,26,53,s,7945
2015/06/05,100,9:28:00 PM,Friday,Broadview and Mortimer,Mechanical,10,20,N,7484
2015/06/05,89,9:29:00 PM,Friday,Walsh Ave on Weston,Investigation,1,1,N,1672
2015/06/05,45,9:35:00 PM,Friday,Kipling Stn,Utilized Off Route,10,20,n,7945
2015/06/05,196,10:00:00 PM,Friday,Wilson Heights and Sheppard,Mechanical,9,18,EB,8186
2015/06/05,30,10:19:00 PM,Friday,Dundas/Royal York,Diversion,30,60,e/b,8019
2015/06/05,75,10:23:00 PM,Friday,Sherbourne/Queenes Quay,Mechanical,30,60,NB,8307
2015/06/05,52,10:25:00 PM,Friday,Lawrence West Station,Mechanical,15,35,u,1609
2015/06/05,127,10:30:00 PM,Friday,Lowther and Spadina Ave,Diversion,5,10,s,1608
2015/06/05,82,10:42:00 PM,Friday,Summerhill and McNaughton,Mechanical,30,60,WB,8307
2015/06/05,59,10:45:00 PM,Friday,Jane & Church,Diversion,30,90,E,1385
2015/06/05,35,10:45:00 PM,Friday,Jane & Church,Diversion,8,68,S,1378
2015/06/05,165,11:05:00 PM,Friday,finch and weston,Mechanical,15,30,n/b,1341
2015/06/05,39,11:31:00 PM,Friday,Neilson and Crow Trail,Mechanical,6,12,W,1781
2015/06/05,97,11:55:00 PM,Friday,Davisville Station,Utilized Off Route,30,60,SB,8342
2015/06/06,6,12:07:00 AM,Saturday,Queens Quay and Dockside Dr.,Utilized Off Route,24,48,N,1039
2015/06/06,63,12:10:00 AM,Saturday,Atlantic Ave. and King St. West,Utilized Off Route,10,20,N,1542
2015/06/06,32,12:10:00 AM,Saturday,Tretheway Dr. and Eglinton Ave.West,Mechanical,6,12,E,1618
2015/06/06,29,12:20:00 AM,Saturday,Dufferin and Lawrence,Utilized Off Route,8,16,NB,8373
2015/06/06,90,12:28:00 AM,Saturday,St.Clair Station,Utilized Off Route,10,20,N,8341
2015/06/06,16,12:54:00 AM,Saturday,Warden Station,Investigation,15,30,n/b,7697
2015/06/06,1,1:10:00 AM,Saturday,Sheppard Station,Mechanical,3,6,n,1348
2015/06/06,320,1:30:00 AM,Saturday,front and bay,Diversion,364,8,s/b,8154
2015/06/06,116,1:42:00 AM,Saturday,Eglinton and Mason Rd,Mechanical,10,20,WB,7435
2015/06/06,320,2:00:00 AM,Saturday,yonge and gerrard,Investigation,4,8,n/b,8317
2015/06/06,302,2:49:00 AM,Saturday,Bichmount Rd and Danforth Rd,Mechanical,30,60,NB,8117
2015/06/06,320,3:00:00 AM,Saturday,yonge steeles loop,Emergency Services,4,8,n/b,7463
2015/06/06,316,3:17:00 AM,Saturday,eglinton w station,Mechanical,30,60,w/b,1628
2015/06/06,320,4:20:00 AM,Saturday,yonge and steeles loop,Emergency Services,1,1,n/b,7646
2015/06/06,300,5:07:00 AM,Saturday,Danforth and Warden,Mechanical,15,20,W,7321
2015/06/06,6,5:20:00 AM,Saturday,Bay and Front,Diversion,0,0,B/W,1532
2015/06/06,67,5:32:00 AM,Saturday,Pharmacy & Princeway,Mechanical,15,0,N,7408
2015/06/06,85,5:45:00 AM,Saturday,Don Mills stn,Utilized Off Route,7,15,e,1735
2015/06/06,34,5:46:00 AM,Saturday,Eglinton Stn,Utilized Off Route,12,24,E,7587
2015/06/06,116,5:51:00 AM,Saturday,Eglinton & Cedar,Mechanical,18,0,W,7671
2015/06/06,56,6:00:00 AM,Saturday,Eglinton Stn,Late Leaving Garage,0,30,s,8196
2015/06/06,53,6:05:00 AM,Saturday,PAMK,Late Leaving Garage,15,0,w,1821
2015/06/06,85,6:06:00 AM,Saturday,Malvern Garage,Late Leaving Garage,7,15,W,1093
2015/06/06,29,6:13:00 AM,Saturday,Wilson Stn,Late Leaving Garage,7,15,s,9003
2015/06/06,86,6:30:00 AM,Saturday,Kennedy Stn,Utilized Off Route,10,20,E,7601
2015/06/06,131,6:38:00 AM,Saturday,Malvern Garage,Late Leaving Garage,18,36,N,1101
2015/06/06,130,6:38:00 AM,Saturday,Middlefield loop,Mechanical,15,45,s,1289
2015/06/06,39,6:44:00 AM,Saturday,Neilson and crow trail,Utilized Off Route,7,14,w,1141
2015/06/06,29,6:47:00 AM,Saturday,Princess Gate Loop,Utilized Off Route,7,15,n,9030
2015/06/06,161,7:21:00 AM,Saturday,Oakwood and St.Clair,Mechanical,13,26,N/B,1233
2015/06/06,60,7:30:00 AM,Saturday,Finst Station,Mechanical,15,25,,9119
2015/06/06,63,7:37:00 AM,Saturday,Eglinton West Stn,Investigation,8,16,S/B,1627
2015/06/06,43,7:37:00 AM,Saturday,Kennedy & Lawrence,Mechanical,15,30,N,7477
2015/06/06,85,7:40:00 AM,Saturday,Go Loop,Mechanical,30,60,W,1136
2015/06/06,29,7:41:00 AM,Saturday,Wilson Stn,Late Leaving Garage,6,12,s,9050
2015/06/06,79,8:00:00 AM,Saturday,Entire Route,General Delay,10,35,B/W,
2015/06/06,25,8:00:00 AM,Saturday,Pape/Mortimer & Pape/Oconnor,Diversion,525,535,BW,7571
2015/06/06,81,8:10:00 AM,Saturday,Pape Ave,Diversion,512,520,BW,
2015/06/06,41,8:16:00 AM,Saturday,Keele and Irving,Diversion,0,0,S/B,1595
2015/06/06,12,8:22:00 AM,Saturday,Kingston,Diversion,258,275,wb,
2015/06/06,132,8:23:00 AM,Saturday,"Brenyon Way, Swelles to Sheppard.",Diversion,411,441,bw,1142
2015/06/06,100,8:40:00 AM,Saturday,PAPE & OCONNOR,Mechanical,10,20,SB,7655
2015/06/06,34,8:48:00 AM,Saturday,Kennedy Stn,Mechanical,12,24,W/B,7587
2015/06/06,199,8:52:00 AM,Saturday,Finch Stn,Late Leaving Garage,8,16,e,1798
2015/06/06,75,9:00:00 AM,Saturday,Glen Dr/South Dr,Investigation,15,30,Nb,8209
2015/06/06,191,9:00:00 AM,Saturday,Kipling Stn,Utilized Off Route,10,20,,7917
2015/06/06,116,9:00:00 AM,Saturday,145 Guildwood PKWY,Diversion,8,16,b/w,
2015/06/06,53,9:06:00 AM,Saturday,PAMK,Late Leaving Garage,19,30,w,1784
2015/06/06,76,9:11:00 AM,Saturday,Mimico/Royal york,Late Leaving Garage,15,29,n/b,7327
2015/06/06,7,9:14:00 AM,Saturday,Bathurst and Finch,Mechanical,7,15,s,1802
2015/06/06,34,9:20:00 AM,Saturday,Eglinton Stn,Mechanical,6,12,E/B,7432
2015/06/06,32,9:30:00 AM,Saturday,Entire Route,General Delay,10,20,B/W,
2015/06/06,67,9:30:00 AM,Saturday,Pharmacy & Eglinton,Diversion,57,72,S,7434
2015/06/06,79,9:49:00 AM,Saturday,Pine and Lawrence,Late Leaving Garage,10,34,S/B,1621
2015/06/06,32,9:55:00 AM,Saturday,Eglinton Stn,Late Leaving Garage,10,20,W/B,1570
2015/06/06,29,10:00:00 AM,Saturday,Lawrence to Eglinton,General Delay,30,16,b,
2015/06/06,47,10:00:00 AM,Saturday,entire route,General Delay,18,50,b/w,
2015/06/06,86,10:00:00 AM,Saturday,86 Scarbourogh Route,General Delay,10,20,B/W,
2015/06/06,79,10:00:00 AM,Saturday,Runnymede Stn,Late Leaving Garage,4,24,N/B,1601
2015/06/06,92,10:10:00 AM,Saturday,Kingston at Woodbine,Investigation,7,14,SB,7793
2015/06/06,32,10:13:00 AM,Saturday,Eglinton and Kane,Mechanical,10,20,E/B,1610
2015/06/06,126,10:30:00 AM,Saturday,Entire Route,General Delay,8,38,B/W,1024
2015/06/06,100,10:35:00 AM,Saturday,Broadview station,Utilized Off Route,10,19,NB,7354
2015/06/06,7,10:37:00 AM,Saturday,Burnside,Investigation,8,17,s,8201
2015/06/06,86,10:38:00 AM,Saturday,Valia Rd,Mechanical,30,60,E/B,7556
2015/06/06,17,10:41:00 AM,Saturday,Birchmount and Lawrence,Mechanical,22,44,S,7736
2015/06/06,85,10:42:00 AM,Saturday,E/B V.P on Sheppard,Investigation,6,11,E,1733
2015/06/06,39,10:50:00 AM,Saturday,Finch and Baldoon,Mechanical,7,14,WB,1721
2015/06/06,80,10:53:00 AM,Saturday,Queensway/Kipling,Mechanical,30,60,e/b,7316
2015/06/06,169,10:55:00 AM,Saturday,Donmills Stattion,Mechanical,30,60,EB,8151
2015/06/06,53,11:00:00 AM,Saturday,Finch Station - PAMK/MOFI,General Delay,17,23,B/W's,
2015/06/06,77,11:00:00 AM,Saturday,Entire Route,General Delay,10,30,B/W,1054
2015/06/06,196,11:08:00 AM,Saturday,Downsview Station,Utilized Off Route,12,24,WB,8142
2015/06/06,54,11:13:00 AM,Saturday,Eglinton Stn,Mechanical,16,32,E,7581
2015/06/06,47,11:24:00 AM,Saturday,queen and lansdowne,Mechanical,18,36,n/b,1644
2015/06/06,63,11:30:00 AM,Saturday,Entire Route,General Delay,10,17,B/W,
2015/06/06,106,11:32:00 AM,Saturday,Downsview Stn,Mechanical,9,19,n,8336
2015/06/06,116,11:43:00 AM,Saturday,Kennedy Stn,Investigation,8,16,E/B,7426
2015/06/06,66,11:45:00 AM,Saturday,Old Mill stn.,Mechanical,1,1,n/b,7967
2015/06/06,50,11:51:00 AM,Saturday,Kipling Burnhampthorpe,Diversion,61,101,b/w,8020
2015/06/06,81,11:56:00 AM,Saturday,Millwood and Overlea,Diversion,12,24,S,8123
2015/06/06,195,12:00:00 PM,Saturday,195 Jane route,General Delay,15,30,B/W,
2015/06/06,35,12:00:00 PM,Saturday,35 Jane St,General Delay,10,20,B/W,
2015/06/06,61,12:00:00 PM,Saturday,On Route,General Delay,30,50,BW,
2015/06/06,133,12:04:00 PM,Saturday,Malvern Garage,Late Leaving Garage,9,18,E,1397
2015/06/06,116,12:12:00 PM,Saturday,MorningSide Aven and Staines,Mechanical,6,12,E/B,7514
2015/06/06,73,12:12:00 PM,Saturday,Walsh/Weston rd.,Mechanical,13,26,n/b,7976
2015/06/06,195,12:15:00 PM,Saturday,Jane Station,Investigation,8,16,S/B,1554
2015/06/06,45,12:15:00 PM,Saturday,Kipling at Bethridge,Investigation,9,19,sb,7936
2015/06/06,37,12:16:00 PM,Saturday,Humberwood,Mechanical,14,29,sb,7972
2015/06/06,12,12:32:00 PM,Saturday,Kingston & Victoria Park,Mechanical,30,60,S,7873
2015/06/06,52,12:50:00 PM,Saturday,Lawrence/Bathurst,Mechanical,21,42,E,1620
2015/06/06,73,12:50:00 PM,Saturday,ALBION AND ISLINGTON,Investigation,13,25,sb,8061
2015/06/06,196,12:53:00 PM,Saturday,Downsview Stn,Utilized Off Route,16,32,n,8383
2015/06/06,7,1:00:00 PM,Saturday,Bathurst stn to Village gate,General Delay,30,35,bw,
2015/06/06,116,1:00:00 PM,Saturday,116 MorningSide Route,General Delay,6,12,B/W,
2015/06/06,34,1:00:00 PM,Saturday,34 Eglinton Route,General Delay,6,12,w/b,
2015/06/06,60,1:00:00 PM,Saturday,Steeles route,General Delay,14,28,Bw,
2015/06/06,120,1:00:00 PM,Saturday,Entire route,General Delay,10,20,B/W,
2015/06/06,96,1:00:00 PM,Saturday,Entire route,General Delay,15,30,B/W,
2015/06/06,165,1:00:00 PM,Saturday,Entire route,General Delay,15,30,B/W,
2015/06/06,84,1:00:00 PM,Saturday,Entire route,General Delay,10,20,B/W,
2015/06/06,99,1:00:00 PM,Saturday,Entire route,General Delay,10,20,B/W,
2015/06/06,34,1:14:00 PM,Saturday,Bayview on Eglinton,Mechanical,7,14,E/B,7563
2015/06/06,199,1:53:00 PM,Saturday,Finch and Sandhurst,Mechanical,7,14,EB,1137
2015/06/06,167,2:00:00 PM,Saturday,Sheppard & Victoria Park,General Delay,10,40,BW,7769
2015/06/06,85,2:00:00 PM,Saturday,Don Mills Stn to Rouge Hill Go,General Delay,25,30,W/E,
2015/06/06,17,2:10:00 PM,Saturday,Warden Station,General Delay,15,30,b/w,7687
2015/06/06,5,2:10:00 PM,Saturday,Dupont/Avenue rd,Mechanical,20,40,Sb,8175
2015/06/06,46,2:13:00 PM,Saturday,Rexdale.,Mechanical,5,10,W,1382
2015/06/06,134,2:20:00 PM,Saturday,Finchdene/Pullman Crt.,Mechanical,15,30,WB,1082
2015/06/06,61,2:40:00 PM,Saturday,Eglinton Station,Mechanical,20,40,NB,8346
2015/06/06,100,2:55:00 PM,Saturday,Broadview STN,Utilized Off Route,9,18,NB,7662
2015/06/06,55,2:55:00 PM,Saturday,Coxwell STN,Mechanical,22,44,NB,7475
2015/06/06,196,2:56:00 PM,Saturday,Downsview Station,Utilized Off Route,10,20,NB,8346
2015/06/06,34,3:27:00 PM,Saturday,Laird Dr,Investigation,6,12,w/b,7574
2015/06/06,34,3:30:00 PM,Saturday,Lebovic on Eglinton,Mechanical,6,12,E/B,7654
2015/06/06,12,4:22:00 PM,Saturday,Variety village at Danforth,General Delay,15,30,B/W,
2015/06/06,5,4:40:00 PM,Saturday,Eglinton Stn,Mechanical,20,40,sb,8175
2015/06/06,12,5:15:00 PM,Saturday,Danforth at Variety Village.,Diversion,105,138,W/B,7846
2015/06/06,32,5:30:00 PM,Saturday,Eglinton and Black Creek,Mechanical,25,40,E/B,1253
2015/06/06,54,5:30:00 PM,Saturday,Berwick,Investigation,14,28,WB,7635
2015/06/06,98,5:45:00 PM,Saturday,Sheppard Stn,Mechanical,30,60,e,8361
2015/06/06,32,5:58:00 PM,Saturday,Pine & Lawrence,Mechanical,9,18,s/b,1655
2015/06/06,29,6:00:00 PM,Saturday,Wilson to Ex,General Delay,10,20,b/w,
2015/06/06,25,6:00:00 PM,Saturday,25-DonMills route,General Delay,18,28,BW,
2015/06/06,100,6:00:00 PM,Saturday,100-Flemingdon Route,General Delay,18,28,BW,
2015/06/06,35,6:02:00 PM,Saturday,Jane and Lambton,Investigation,7,14,N,1576
2015/06/06,195,6:40:00 PM,Saturday,Jane and Lambton,Mechanical,10,20,N,1685
2015/06/06,39,6:42:00 PM,Saturday,Kenneth and Finch,Mechanical,7,14,E/B,1738
2015/06/06,24,7:17:00 PM,Saturday,Victoria Park & Edge Park,Investigation,10,20,N,8111
2015/06/06,61,7:25:00 PM,Saturday,Eglinton and Duplex,Investigation,20,40,nb,8324
2015/06/06,85,7:30:00 PM,Saturday,Don Mills Stn,Late Leaving Garage,4,11,E,1766
2015/06/06,85,7:49:00 PM,Saturday,Sheppard W/O Brimley,Investigation,4,11,E,1076
2015/06/06,25,7:50:00 PM,Saturday,Overlea and Thorncliff park,Mechanical,10,20,WB,7435
2015/06/06,92,8:02:00 PM,Saturday,Woodbine Station,Mechanical,8,16,S,7793
2015/06/06,86,8:08:00 PM,Saturday,Kennedy Station,Mechanical,10,20,EB,7490
2015/06/06,72,8:24:00 PM,Saturday,Pape Station,Utilized Off Route,10,20,S,7791
2015/06/06,25,8:25:00 PM,Saturday,Pape station,Utilized Off Route,1,1,Nb,7609
2015/06/06,100,8:28:00 PM,Saturday,Broadview station,Utilized Off Route,10,20,Nb,7452
2015/06/06,100,8:45:00 PM,Saturday,Broadview station,Mechanical,10,20,NB,7452
2015/06/06,100,8:56:00 PM,Saturday,Broadview station,Utilized Off Route,10,20,Nb,7529
2015/06/06,7,9:00:00 PM,Saturday,Steeles to Bathurst Station,General Delay,40,48,b/w,
2015/06/06,68,9:20:00 PM,Saturday,Warden Station,Utilized Off Route,15,30,NB,7505
2015/06/06,34,9:40:00 PM,Saturday,eglinton station,Utilized Off Route,10,20,EB,7455
2015/06/06,72,9:44:00 PM,Saturday,PAPE STATION,Utilized Off Route,10,20,S,7791
2015/06/06,100,9:47:00 PM,Saturday,O'Connor and Pape,Utilized Off Route,10,20,EB,7672
2015/06/06,35,9:56:00 PM,Saturday,jane and wilson,Investigation,8,16,s/b,1385
2015/06/06,63,10:00:00 PM,Saturday,Ossington and Dundas,General Delay,15,25,B/W,
2015/06/06,25,10:17:00 PM,Saturday,DonMills Station,Mechanical,10,20,NB,7683
2015/06/06,11,10:53:00 PM,Saturday,Bayveiw and York Mills,Mechanical,24,48,s,8382
2015/06/06,102,11:00:00 PM,Saturday,Markham and Ellesmere,Investigation,39,78,s/b,7848
2015/06/06,25,11:38:00 PM,Saturday,Overlea Bridge,Utilized Off Route,10,20,NB,7502
2015/06/06,25,11:38:00 PM,Saturday,Overlea Bridge,Utilized Off Route,10,20,NB,7583
2015/06/06,25,11:38:00 PM,Saturday,Overlea Bridge,Diversion,142,162,BW,
2015/06/06,100,11:38:00 PM,Saturday,Overlea Bridge,Diversion,142,162,BW,
2015/06/07,63,12:05:00 AM,Sunday,eglinton west stn,Utilized Off Route,10,20,s/b,1610
2015/06/07,70,12:17:00 AM,Sunday,Coxwell and Memorial Park,Investigation,24,48,SB,7557
2015/06/07,71,12:39:00 AM,Sunday,Henriatta and Castleton,Investigation,20,40,s/b,1539
2015/06/07,100,1:00:00 AM,Sunday,Eglinton station,Utilized Off Route,10,20,EB,7504
2015/06/07,60,1:25:00 AM,Sunday,Keele & Steeles,Mechanical,24,48,W,1394
2015/06/07,320,2:00:00 AM,Sunday,yonge and gerrard,Investigation,4,8,n/b,8317
2015/06/07,321,2:47:00 AM,Sunday,York Mills Stn,Mechanical,30,60,EB,1098
2015/06/07,320,3:00:00 AM,Sunday,steeles loop,Emergency Services,4,8,n/b,7463
2015/06/07,322,3:22:00 AM,Sunday,Sammon Ave on Coxwell,Mechanical,30,60,SB,7821
2015/06/07,29,6:06:00 AM,Sunday,Wilson Stn,Late Leaving Garage,11,22,s,9440
2015/06/07,96,6:30:00 AM,Sunday,Wilson - bathurst to avenue rd,General Delay,15,37,bw,
2015/06/07,165,6:30:00 AM,Sunday,Wilson - bathurst to avenue rd,General Delay,15,37,bw,
2015/06/07,53,6:39:00 AM,Sunday,Staines & Morningside,Late Leaving Garage,16,1,WB,1779
2015/06/07,41,6:45:00 AM,Sunday,Trethewey and Yore,Diversion,999,999,N/B,1409
2015/06/07,53,7:33:00 AM,Sunday,Staines & Morningside,Late Leaving Garage,27,54,WB,1069
2015/06/07,39,7:35:00 AM,Sunday,Neilson & Crow Trail,Utilized Off Route,10,20,EB,1235
2015/06/07,96,7:41:00 AM,Sunday,carrier loop,Mechanical,45,90,e,1523
2015/06/07,43,8:00:00 AM,Sunday,Kennedy Station,Mechanical,9,9,n/b,7575
2015/06/07,322,8:02:00 AM,Sunday,Dundas Street East on Coxwell,Investigation,24,48,DN,7756
2015/06/07,71,8:19:00 AM,Sunday,Runnymede and Bloor,Late Leaving Garage,15,40,N/B,1000
2015/06/07,165,8:20:00 AM,Sunday,lanyard rd and weston rd,Emergency Services,6,9,sb,1251
2015/06/07,31,8:24:00 AM,Sunday,GreenWood Stn,Late Leaving Garage,15,0,S/B,7694
2015/06/07,103,8:30:00 AM,Sunday,doncliffe Lp,Late Leaving Garage,20,40,s,8133
2015/06/07,41,8:30:00 AM,Sunday,Founders and Steeles,Late Leaving Garage,10,20,S/B,1009
2015/06/07,195,8:45:00 AM,Sunday,Commons,Late Leaving Garage,10,20,S,1362
2015/06/07,59,8:49:00 AM,Sunday,Church /Jane,Late Leaving Garage,30,60,W,1559
2015/06/07,38,8:53:00 AM,Sunday,Scarborough Town Center,Utilized Off Route,12,24,EB,1729
2015/06/07,35,8:55:00 AM,Sunday,Jane Stn,Utilized Off Route,10,20,,1267
2015/06/07,133,8:57:00 AM,Sunday,Scarborough Town Center,Utilized Off Route,12,24,EB,1129
2015/06/07,6,8:58:00 AM,Sunday,Rogers Rd. and Old Weston Rsd.,Utilized Off Route,1,1,S,1062
2015/06/07,41,8:59:00 AM,Sunday,Keele Stn,Utilized Off Route,10,20,N/B,1253
2015/06/07,89,8:59:00 AM,Sunday,Weston and Eglinton,Utilized Off Route,15,30,S/B,1503
2015/06/07,807,8:59:00 AM,Sunday,York Mills Cummuter Lot.,Mechanical,1,1,S,7312
2015/06/07,32,9:00:00 AM,Sunday,Entire Route,General Delay,10,25,B/W,
2015/06/07,7,9:00:00 AM,Sunday,Bathurst at Finch,Utilized Off Route,0,0,s,8391
2015/06/07,709,9:00:00 AM,Sunday,Black Creek and Eglinton,Utilized Off Route,1,1,S/B,1032
2015/06/07,70,9:00:00 AM,Sunday,Coxwell Station,Utilized Off Route,1,1,n/b,7562
2015/06/07,84,9:00:00 AM,Sunday,Sheppard Stn,Utilized Off Route,10,20,,1247
2015/06/07,191,9:00:00 AM,Sunday,Kipling Stn,Utilized Off Route,10,20,,7917
2015/06/07,102,9:01:00 AM,Sunday,Warden Stn,Utilized Off Route,25,37,,7797
2015/06/07,12,9:10:00 AM,Sunday,VP Station,Utilized Off Route,17,34,EB,7687
2015/06/07,25,9:10:00 AM,Sunday,Pape Station,Utilized Off Route,1,1,n/b,7642
2015/06/07,75,9:10:00 AM,Sunday,Sherbourn at Maple,Investigation,20,40,n,8144
2015/06/07,34,9:14:00 AM,Sunday,Mount Pleasant and Eglinton,Mechanical,10,20,e/b,7537
2015/06/07,22,9:15:00 AM,Sunday,Coxwell Stn,Investigation,15,30,SB,7756
2015/06/07,66,9:15:00 AM,Sunday,HUMBER LOOP,Mechanical,23,53,NB,7964
2015/06/07,133,9:16:00 AM,Sunday,Mantis/Nightstar,Mechanical,12,24,EB,1811
2015/06/07,54,9:24:00 AM,Sunday,Eglinton Station,Late Leaving Garage,8,16,e/b,7661
2015/06/07,101,9:40:00 AM,Sunday,Downsview Stn,Late Leaving Garage,10,20,W,1280
2015/06/07,12,9:58:00 AM,Sunday,Danforth Ave. at  Variety Village,Investigation,1,1,e,7773
2015/06/07,6,10:00:00 AM,Sunday,Entire route,General Delay,12,24,B/W,
2015/06/07,52,10:04:00 AM,Sunday,Tollington Rd.and Martingrove Rd.,Mechanical,12,24,E,1249
2015/06/07,196,10:12:00 AM,Sunday,Downsview Stn,Utilized Off Route,8,16,n,9413
2015/06/07,32,10:15:00 AM,Sunday,Entire Route,Mechanical,15,30,B/W,1622
2015/06/07,70,10:16:00 AM,Sunday,Sammon and Coxwell,Mechanical,15,30,n/b,7683
2015/06/07,53,10:30:00 AM,Sunday,Finch station to Staines & Morningside,General Delay,8,12,B/W,1136
2015/06/07,807,10:34:00 AM,Sunday,York Mills and Wilson,Mechanical,5,10,b/w,1622
2015/06/07,807,10:40:00 AM,Sunday,Yorkmills Cummuter,Mechanical,1,1,S,8136
2015/06/07,122,11:00:00 AM,Sunday,LesMill to DuncanMill,Diversion,480,510,b,9219
2015/06/07,77,11:00:00 AM,Sunday,Entire Route,General Delay,20,40,B/W,
2015/06/07,47,11:00:00 AM,Sunday,Entire Route,General Delay,10,20,B/W,
2015/06/07,104,11:45:00 AM,Sunday,Wilson Stn,Mechanical,0,0,b,8394
2015/06/07,60,12:06:00 PM,Sunday,Finch stn,Mechanical,11,22,,1255
2015/06/07,63,12:20:00 PM,Sunday,Entire Route,General Delay,10,19,B/W,
2015/06/07,62,12:30:00 PM,Sunday,Broadview Station,General Delay,15,30,EB,7812
2015/06/07,108,12:40:00 PM,Sunday,Tuscan Gate,Investigation,10,20,W,1386
2015/06/07,85,12:42:00 PM,Sunday,Sheppard/Kennedy,Mechanical,6,12,EB,1089
2015/06/07,32,12:44:00 PM,Sunday,Eglinton Stn,Late Leaving Garage,11,22,W/B,1591
2015/06/07,89,12:50:00 PM,Sunday,Keele Station,Mechanical,10,20,N,1587
2015/06/07,97,1:00:00 PM,Sunday,York Mills to Davisville,General Delay,15,30,bw,
2015/06/07,60,1:00:00 PM,Sunday,Entire route,General Delay,15,30,B/W,
2015/06/07,36,1:00:00 PM,Sunday,Entire route,General Delay,15,30,B/W,
2015/06/07,24,1:11:00 PM,Sunday,Victoria Park & Stamford,Mechanical,11,22,N/B,7698
2015/06/07,41,1:13:00 PM,Sunday,Keele Station,Mechanical,10,18,N,1009
2015/06/07,52,1:16:00 PM,Sunday,Dixon Rd. and Kipling Ave.,Mechanical,8,16,E,1626
2015/06/07,63,1:22:00 PM,Sunday,Eglinton West Stn,Mechanical,8,15,S/B,1003
2015/06/07,112,1:36:00 PM,Sunday,Kipling station,Mechanical,10,34,nb,8016
2015/06/07,7,2:00:00 PM,Sunday,Bathurst Station to Steeles,General Delay,30,38,bw,
2015/06/07,116,2:00:00 PM,Sunday,116 MorningSide Route,General Delay,7,14,B/W,
2015/06/07,34,2:00:00 PM,Sunday,34 Eglinton Route,General Delay,9,18,B/W,
2015/06/07,86,2:00:00 PM,Sunday,86 Scarborough Route,General Delay,7,14,B/W,
2015/06/07,29,2:15:00 PM,Sunday,Dufferin and Bloor,Utilized Off Route,4,7,s,8212
2015/06/07,102,2:19:00 PM,Sunday,Warden Stn,Utilized Off Route,21,31,EB,7726
2015/06/07,127,2:20:00 PM,Sunday,Spadina Station,Utilized Off Route,23,45,N,1048
2015/06/07,7,2:22:00 PM,Sunday,Bathurst Station,Utilized Off Route,7,15,nb,8395
2015/06/07,6,2:25:00 PM,Sunday,Queens Quay and Dockside Dr.,Utilized Off Route,12,24,N,1594
2015/06/07,16,2:29:00 PM,Sunday,Danforth and Huntington,Investigation,12,24,NB,7787
2015/06/07,129,2:35:00 PM,Sunday,Scar Town Centre Station,Mechanical,9,18,N,1113
2015/06/07,5,2:50:00 PM,Sunday,Queens Park Circle,Diversion,20,210,sb,8337
2015/06/07,38,3:00:00 PM,Sunday,Dolly Varden,Emergency Services,10,20,EB,1785
2015/06/07,45,3:02:00 PM,Sunday,Kipling at Henley Cr.,Mechanical,10,19,sb,7941
2015/06/07,22,3:10:00 PM,Sunday,Bingam Loop,Utilized Off Route,10,20,WB,7696
2015/06/07,81,3:20:00 PM,Sunday,Pape Station,Utilized Off Route,10,20,NB,7751
2015/06/07,25,3:55:00 PM,Sunday,Pape Station,Utilized Off Route,5,11,NB,7656
2015/06/07,37,4:05:00 PM,Sunday,ON QUEENS PLATE AT REXDALE,Emergency Services,12,24,sb,8024
2015/06/07,41,4:08:00 PM,Sunday,Keele Station,Mechanical,9,19,N,1624
2015/06/07,807,4:36:00 PM,Sunday,Yonge & St. Clair,Investigation,1,1,N,8145
2015/06/07,102,4:56:00 PM,Sunday,Warden Station,Mechanical,10,20,EB,7797
2015/06/07,25,5:04:00 PM,Sunday,Steeles / Don Mills,Mechanical,6,11,SB,7523
2015/06/07,39,5:22:00 PM,Sunday,Finch Stn,Mechanical,9,18,W/B,1125
2015/06/07,95,5:24:00 PM,Sunday,York Mills at Upjohn,Investigation,20,40,W/B,1060
2015/06/07,84,5:48:00 PM,Sunday,sheppard stn,Utilized Off Route,7,15,w,1344
2015/06/07,42,6:00:00 PM,Sunday,Finch STN,Mechanical,15,30,EB,8367
2015/06/07,102,6:00:00 PM,Sunday,Markham and Tuxedo Court,Utilized Off Route,10,20,NB,7791
2015/06/07,90,6:00:00 PM,Sunday,St Clair West STN,Diversion,225,237,BW,
2015/06/07,25,6:00:00 PM,Sunday,25-DonMills Route,General Delay,18,28,BW,
2015/06/07,100,6:03:00 PM,Sunday,Broadview station,Utilized Off Route,7,15,NB,7511
2015/06/07,709,6:05:00 PM,Sunday,Eglinton stn,Utilized Off Route,1,1,W,1520
2015/06/07,65,6:05:00 PM,Sunday,Parliament and Front,Utilized Off Route,15,30,NB,7881
2015/06/07,96,6:06:00 PM,Sunday,yorkmills stn,Utilized Off Route,30,60,w,7925
2015/06/07,123,6:08:00 PM,Sunday,North Queen and Shornecliffe,Utilized Off Route,30,60,sb,8079
2015/06/07,709,6:14:00 PM,Sunday,Eglinton w stn,Utilized Off Route,1,1,E,1676
2015/06/07,25,6:14:00 PM,Sunday,pape station,Utilized Off Route,6,11,NB,7509
2015/06/07,37,6:14:00 PM,Sunday,ISLINGTON STN,Utilized Off Route,12,24,N/B,8090
2015/06/07,29,6:15:00 PM,Sunday,Wilson STN,Utilized Off Route,1,1,SB,8193
2015/06/07,103,6:15:00 PM,Sunday,Avenue Road & Wilson Ave,Utilized Off Route,1,1,NB,8133
2015/06/07,63,6:19:00 PM,Sunday,Ossington & St Clair w,Utilized Off Route,7,14,S,1654
2015/06/07,165,6:21:00 PM,Sunday,yorkmills stn,Utilized Off Route,10,20,w,1265
2015/06/07,7,6:22:00 PM,Sunday,Bathurst STN,Utilized Off Route,7,15,NB,8355
2015/06/07,807,6:26:00 PM,Sunday,Yonge and Lawrence,Investigation,5,10,W,1518
2015/06/07,100,6:29:00 PM,Sunday,Eglinton station,Utilized Off Route,10,20,EB,7587
2015/06/07,6,6:30:00 PM,Sunday,Davenport & Bedford,Utilized Off Route,12,24,S,1594
2015/06/07,54,6:32:00 PM,Sunday,Line 1 St George to Eglinton West,Utilized Off Route,20,40,WB,7670
2015/06/07,39,6:33:00 PM,Sunday,Finch Station,Utilized Off Route,8,16,NA,1704
2015/06/07,53,6:33:00 PM,Sunday,Finch Stn,Utilized Off Route,20,25,W/B,1735
2015/06/07,54,6:36:00 PM,Sunday,Line 1 Emergency Subway Shuttle,Utilized Off Route,19,38,WB,7596
2015/06/07,168,6:38:00 PM,Sunday,DUNDAS W STN,Utilized Off Route,9,18,N/B,8060
2015/06/07,196,6:39:00 PM,Sunday,Downsview STN,Utilized Off Route,1,1,SB,9422
2015/06/07,84,6:40:00 PM,Sunday,downsview stn,Utilized Off Route,10,20,w,1422
2015/06/07,84,6:40:00 PM,Sunday,downsview stn,Utilized Off Route,7,14,e,1247
2015/06/07,100,6:40:00 PM,Sunday,Eglinton Station,Utilized Off Route,10,20,EB,7563
2015/06/07,709,6:40:00 PM,Sunday,Lawrence & Pine,Utilized Off Route,1,1,E,1026
2015/06/07,191,6:40:00 PM,Sunday,Kipling stn,Utilized Off Route,10,20,n,7912
2015/06/07,81,6:45:00 PM,Sunday,Pape Station,Utilized Off Route,12,24,NB,7823
2015/06/07,45,6:53:00 PM,Sunday,Kipling station,Utilized Off Route,10,19,nb,8051
2015/06/07,83,6:57:00 PM,Sunday,Donlands Station,Utilized Off Route,24,48,NB,8109
2015/06/07,102,6:57:00 PM,Sunday,Warden Station,Utilized Off Route,12,24,EB,7705
2015/06/07,41,7:00:00 PM,Sunday,Steeles & Founders,Utilized Off Route,1,1,N,1624
2015/06/07,39,7:05:00 PM,Sunday,Finch Stn,Utilized Off Route,10,20,W/B,1705
2015/06/07,29,7:10:00 PM,Sunday,Davenport & Dufferin,Mechanical,4,8,NB,8215
2015/06/07,41,7:16:00 PM,Sunday,falstaff and keele,Investigation,9,18,s/b,1409
2015/06/07,85,7:25:00 PM,Sunday,Sheppard Stn,Utilized Off Route,0,0,NA,1777
2015/06/07,133,7:26:00 PM,Sunday,STC,Utilized Off Route,13,26,E/B,1293
2015/06/07,807,7:30:00 PM,Sunday,Wilson Division,Utilized Off Route,1,1,SB,8333
2015/06/07,5,7:35:00 PM,Sunday,Queens Park,Utilized Off Route,1,1,SB,8337
2015/06/07,5,7:35:00 PM,Sunday,Eglinton STN,Utilized Off Route,1,1,SB,8377
2015/06/07,29,8:05:00 PM,Sunday,Dufferin & Geary,Mechanical,12,24,SB,8215
2015/06/07,24,8:16:00 PM,Sunday,VP Stn.,Utilized Off Route,10,20,n,8131
2015/06/07,63,8:30:00 PM,Sunday,Ossington & Dupont,Utilized Off Route,10,20,S,1602
2015/06/07,96,8:40:00 PM,Sunday,Wilson Station,Utilized Off Route,32,64,E,1257
2015/06/07,126,8:40:00 PM,Sunday,st clair west stn,Mechanical,30,60,n/b,1603
2015/06/07,116,9:15:00 PM,Sunday,Kennedy station,Utilized Off Route,10,20,EB,7410
2015/06/07,40,9:30:00 PM,Sunday,RUNNYMEDE LOOP,Mechanical,10,20,E/B,8049
2015/06/07,42,10:15:00 PM,Sunday,McNicoll & Don Mills,Mechanical,30,60,EB,8307
2015/06/07,165,10:24:00 PM,Sunday,Yonge & Wilson,Mechanical,24,48,W,1349
2015/06/07,45,10:33:00 PM,Sunday,KIPLING STN,Mechanical,10,20,N/B,7945
2015/06/07,95,10:45:00 PM,Sunday,Kingston Rd loop,Mechanical,13,26,WB,1827
2015/06/07,53,10:47:00 PM,Sunday,Finch Stn,Investigation,20,40,E/B,1282
2015/06/07,168,10:54:00 PM,Sunday,DUNDAS W STN,Investigation,12,24,N/B,7303
2015/06/07,43,11:05:00 PM,Sunday,Eglinton and Kennedy,Mechanical,15,30,EB,7479
2015/06/07,11,11:25:00 PM,Sunday,Davisville STN,Mechanical,24,48,NB,8336
2015/06/07,100,11:49:00 PM,Sunday,broadview Station,Utilized Off Route,10,20,NB,7589
2015/06/08,320,1:30:00 AM,Monday,Yonge & Davenport,Diversion,3,216,S,7605
2015/06/08,52,1:44:00 AM,Monday,Lawrence West Station,Mechanical,30,60,W,1551
2015/06/08,300,3:05:00 AM,Monday,Kipling STN,Mechanical,30,60,wb,1782
2015/06/08,102,3:20:00 AM,Monday,Warden Station,Late Leaving Garage,20,40,nb,7783
2015/06/08,300,3:25:00 AM,Monday,Kipling Stn,Utilized Off Route,30,60,wb,8092
2015/06/08,72,5:01:00 AM,Monday,Garage,Late Leaving Garage,1,1,SB,8111
2015/06/08,134,5:05:00 AM,Monday,Tapscott and Crow Trail,Mechanical,20,0,n,1264
2015/06/08,76,5:05:00 AM,Monday,Evans and Royal York.,Late Leaving Garage,20,40,,8017
2015/06/08,7,5:10:00 AM,Monday,Bathurst and Village Gt,Mechanical,29,58,S,9056
2015/06/08,22,5:11:00 AM,Monday,Coxwell and Hanson,Diversion,20,20,S,7858
2015/06/08,73,5:15:00 AM,Monday,Royal York Station,Late Leaving Garage,10,23,,8046
2015/06/08,131,5:16:00 AM,Monday,Morningside and Morningview,Late Leaving Garage,13,0,E,1067
2015/06/08,72,5:19:00 AM,Monday,pape Station,Mechanical,16,32,SB,8111
2015/06/08,29,5:20:00 AM,Monday,Springhust to Princes gate,Diversion,0,0,b/w,
2015/06/08,123,5:20:00 AM,Monday,LongBranch,Late Leaving Garage,9,19,2/b,7304
2015/06/08,63,5:21:00 AM,Monday,Eglinton west stn,Late Leaving Garage,0,15,s/b,1058
2015/06/08,85,5:27:00 AM,Monday,Rouge Hill GO,Late Leaving Garage,5,0,W,9086
2015/06/08,53,5:27:00 AM,Monday,Passmore and Markham,Utilized Off Route,4,9,n,1096
2015/06/08,70,5:30:00 AM,Monday,Coxwell stn,General Delay,18,36,e,
2015/06/08,20,5:30:00 AM,Monday,Main Stn,Mechanical,20,40,S,7764
2015/06/08,43,5:30:00 AM,Monday,Eglinton Garage,Mechanical,1,1,,7580
2015/06/08,66,5:30:00 AM,Monday,Humber loop,Late Leaving Garage,20,40,n/b,8052
2015/06/08,62,5:31:00 AM,Monday,Birchmount Garage,Late Leaving Garage,0,0,SB,7692
2015/06/08,39,5:39:00 AM,Monday,Finch & Markham,Mechanical,4,8,WB,1816
2015/06/08,54,5:40:00 AM,Monday,Eglinton Station,General Delay,37,48,e,
2015/06/08,130,5:40:00 AM,Monday,Middlefield and Steeles,Mechanical,20,0,S,1824
2015/06/08,224,5:44:00 AM,Monday,Eglinton Garage,Mechanical,1,1,,7415
2015/06/08,34,5:45:00 AM,Monday,Eglinton Stn,Mechanical,8,12,W,7401
2015/06/08,34,5:46:00 AM,Monday,Egl Div,Late Leaving Garage,1,1,,7494
2015/06/08,85,5:49:00 AM,Monday,Rouge Hill GO,Late Leaving Garage,11,21,W,9079
2015/06/08,43,5:50:00 AM,Monday,Egl Div,Late Leaving Garage,1,1,,7549
2015/06/08,32,5:50:00 AM,Monday,Eglinton and Weston,Mechanical,13,22,e/b,1056
2015/06/08,100,5:51:00 AM,Monday,Egl DIV,Late Leaving Garage,1,1,,7550
2015/06/08,32,5:51:00 AM,Monday,Eglinton and Keele,Mechanical,16,33,e/b,1044
2015/06/08,116,5:54:00 AM,Monday,Morningside & Nighstar,Late Leaving Garage,6,13,S,
2015/06/08,192,5:54:00 AM,Monday,Kipling Stn,Late Leaving Garage,10,24,n,7318
2015/06/08,45,5:55:00 AM,Monday,Steeles Loop,Late Leaving Garage,10,19,s,7327
2015/06/08,24,5:57:00 AM,Monday,Birchmount Garage,Late Leaving Garage,0,0,NB,7793
2015/06/08,68,5:58:00 AM,Monday,Egl Div,Late Leaving Garage,1,1,,7523
2015/06/08,67,5:58:00 AM,Monday,Egl DVI,Late Leaving Garage,1,1,,7465
2015/06/08,39,5:59:00 AM,Monday,Old Finch,Late Leaving Garage,17,33,WB,1823
2015/06/08,34,6:00:00 AM,Monday,34 Eglinton Route,Emergency Services,4,8,B/W,
2015/06/08,100,6:00:00 AM,Monday,100 Flmingtog Park,General Delay,13,26,B/W,
2015/06/08,84,6:00:00 AM,Monday,Sheppard Avenue,General Delay,5,10,B/W,
2015/06/08,195,6:00:00 AM,Monday,Jane Street,General Delay,10,20,B/W,
2015/06/08,43,6:00:00 AM,Monday,43 Kennedy Route,General Delay,5,10,B/W,
2015/06/08,41,6:00:00 AM,Monday,Keele station,Late Leaving Garage,1,14,N/B,9146
2015/06/08,35,6:00:00 AM,Monday,Jane Street,General Delay,8,16,B/W,
2015/06/08,34,6:02:00 AM,Monday,Egl Div,Late Leaving Garage,1,1,,7501
2015/06/08,100,6:03:00 AM,Monday,Eglinton Garage,Late Leaving Garage,1,1,,7429
2015/06/08,17,6:05:00 AM,Monday,Warden Stn,Mechanical,13,26,N,8115
2015/06/08,190,6:05:00 AM,Monday,Eglinton Garage,Late Leaving Garage,1,1,,7638
2015/06/08,43,6:05:00 AM,Monday,Egl Div,Late Leaving Garage,1,1,,7632
2015/06/08,25,6:05:00 AM,Monday,Egl Div,Late Leaving Garage,1,1,,7611
2015/06/08,54,6:08:00 AM,Monday,Lawrance E & Starspray,Mechanical,1,1,EB,7521
2015/06/08,87,6:08:00 AM,Monday,Broadview and Pretoria,Mechanical,0,9,EB,7702
2015/06/08,86,6:08:00 AM,Monday,Kennedy Station,Mechanical,8,15,eb,7619
2015/06/08,199,6:09:00 AM,Monday,STC,Late Leaving Garage,2,5,WB,1763
2015/06/08,45,6:10:00 AM,Monday,Kipling Stn.,Late Leaving Garage,10,30,n,8005
2015/06/08,50,6:15:00 AM,Monday,garage,Mechanical,10,20,eb,8006
2015/06/08,199,6:17:00 AM,Monday,STC,Late Leaving Garage,3,5,WB,1132
2015/06/08,116,6:18:00 AM,Monday,Morningside & Danzig,Mechanical,6,13,S,7424
2015/06/08,168,6:20:00 AM,Monday,Dun West Station,Mechanical,4,9,n/b,7325
2015/06/08,116,6:20:00 AM,Monday,Morningside and Nightstar,Mechanical,7,13,wb,7676
2015/06/08,70,6:21:00 AM,Monday,Coxwell Station,Mechanical,15,32,nb,7679
2015/06/08,190,6:21:00 AM,Monday,Eglinton DIV,Late Leaving Garage,1,1,,7403
2015/06/08,100,6:22:00 AM,Monday,Broadview Station,Mechanical,3,6,nb,7473
2015/06/08,37,6:25:00 AM,Monday,GARAGE,Mechanical,7,15,nb,8043
2015/06/08,95,6:27:00 AM,Monday,York Mills Stn,Late Leaving Garage,7,14,EB,1760
2015/06/08,76,6:29:00 AM,Monday,Royal York Station,Mechanical,5,10,2/b,7908
2015/06/08,49,6:39:00 AM,Monday,Marbland and Bloor,Late Leaving Garage,7,15,e,7974
2015/06/08,54,6:44:00 AM,Monday,Eglinton Garage,Mechanical,1,1,,7485
2015/06/08,105,6:55:00 AM,Monday,Dufferin at Dufferin Hill,Mechanical,0,13,s,9404
2015/06/08,165,6:55:00 AM,Monday,wilson at clayson,Mechanical,40,80,w,7208
2015/06/08,11,7:00:00 AM,Monday,Steeles and Davisville,General Delay,45,51,B/W,
2015/06/08,5,7:00:00 AM,Monday,Eglinton Station to Elm Avenue,General Delay,45,57,B/W,
2015/06/08,51,7:00:00 AM,Monday,Eglinton Station and Townsend Avenue,General Delay,45,70,B/W,
2015/06/08,103,7:00:00 AM,Monday,Eglinton Station and Doncliff loop,General Delay,20,40,B/W,
2015/06/08,36,7:00:00 AM,Monday,Finch West route,General Delay,12,18,B,9119
2015/06/08,142,7:00:00 AM,Monday,Bombay to Church & Richmond,General Delay,25,55,B/W,
2015/06/08,61,7:00:00 AM,Monday,Eglinton Station and Bombay loop,General Delay,20,30,B/W,
2015/06/08,56,7:00:00 AM,Monday,Eglinton Station and Donlands Station,General Delay,20,32,B/W,
2015/06/08,46,7:00:00 AM,Monday,Martin grove route,General Delay,16,30,B,
2015/06/08,165,7:00:00 AM,Monday,yorkmills stn,Mechanical,40,80,w,7216
2015/06/08,97,7:00:00 AM,Monday,Entire Yonge street route,General Delay,30,60,,
2015/06/08,199,7:01:00 AM,Monday,STC,Late Leaving Garage,3,5,WB,1794
2015/06/08,49,7:02:00 AM,Monday,Marckland and Bloor,Mechanical,7,14,e,8088
2015/06/08,45,7:04:00 AM,Monday,Steeles Loop,Late Leaving Garage,7,29,s,7334
2015/06/08,37,7:06:00 AM,Monday,ISLINGTON AND FINCH,Mechanical,7,15,nb,7934
2015/06/08,36,7:11:00 AM,Monday,Humberwood loop,Late Leaving Garage,5,11,E,1357
2015/06/08,86,7:30:00 AM,Monday,W/b Kingston Rd,General Delay,10,26,W,
2015/06/08,199,7:30:00 AM,Monday,Finch station to STC,General Delay,12,18,B/W,1089
2015/06/08,198,7:30:00 AM,Monday,W/B Kingston,General Delay,15,25,W,
2015/06/08,39,7:30:00 AM,Monday,Finch station to Old Finch,General Delay,10,18,B/W,1823
2015/06/08,45,7:30:00 AM,Monday,Kipling Station,General Delay,20,0,BW,
2015/06/08,133,7:36:00 AM,Monday,Scarboro Town Centre,Mechanical,9,18,EB,1125
2015/06/08,85,7:45:00 AM,Monday,Sheppard station to Rouge Hill GO,General Delay,20,13,B/W,
2015/06/08,53,7:47:00 AM,Monday,Yonge and Patricia,Mechanical,5,9,n,1101
2015/06/08,45,7:49:00 AM,Monday,Kipling Station,Mechanical,22,44,n,7334
2015/06/08,106,7:49:00 AM,Monday,Sheppard and Keele,Investigation,7,14,s,8392
2015/06/08,110,7:50:00 AM,Monday,ISLINGTON AND JUDSON,Diversion,30,42,nb,7338
2015/06/08,42,7:50:00 AM,Monday,Donmills And McNicoll,Mechanical,7,13,,8361
2015/06/08,57,7:59:00 AM,Monday,Midland and Prudential,Mechanical,8,16,S,7706
2015/06/08,112,7:59:00 AM,Monday,Kipling Station,Late Leaving Garage,7,15,n,7325
2015/06/08,12,8:00:00 AM,Monday,Kingston Rd Route,General Delay,15,1,NB,
2015/06/08,42,8:00:00 AM,Monday,Cummer Route,General Delay,5,11,,
2015/06/08,30,8:00:00 AM,Monday,Kiplign Station to High Park Station,General Delay,20,0,BW,
2015/06/08,191,8:00:00 AM,Monday,HWY 191 rocket,General Delay,14,22,B,7922
2015/06/08,57,8:00:00 AM,Monday,Midland Route,General Delay,12,1,NB,
2015/06/08,87,8:00:00 AM,Monday,Cosburn Route,General Delay,15,1,EB,
2015/06/08,91,8:00:00 AM,Monday,Woodbine Route,General Delay,15,1,NB,
2015/06/08,72,8:00:00 AM,Monday,Pape Route,General Delay,13,1,NB,
2015/06/08,124,8:00:00 AM,Monday,Sunnybrook route,General Delay,5,11,,
2015/06/08,94,8:00:00 AM,Monday,Wellesley Route,General Delay,13,1,EB,
2015/06/08,199,8:04:00 AM,Monday,STC,Mechanical,3,6,WB,1765
2015/06/08,54,8:05:00 AM,Monday,bayview,Mechanical,9,18,e,7666
2015/06/08,45,8:11:00 AM,Monday,Kipling Station,Utilized Off Route,4,9,s,8018
2015/06/08,116,8:13:00 AM,Monday,Kennedy Stn,Utilized Off Route,7,13,E,7671
2015/06/08,53,8:15:00 AM,Monday,Finch Station to Morningside and Staines,General Delay,22,15,b/w,
2015/06/08,143,8:16:00 AM,Monday,Adelaide St W at Duncan,Mechanical,20,40,E,8116
2015/06/08,6,8:20:00 AM,Monday,Lakeshore and Bay,Mechanical,8,16,W,1657
2015/06/08,196,8:20:00 AM,Monday,Sheppard Stn,Utilized Off Route,6,13,,9424
2015/06/08,65,8:30:00 AM,Monday,Parliament Route,General Delay,18,38,B,
2015/06/08,61,8:30:00 AM,Monday,Bombay loop,Utilized Off Route,10,20,S/B,8385
2015/06/08,75,8:32:00 AM,Monday,Wellesley and Sherbourne,Investigation,6,12,N,8381
2015/06/08,165,8:32:00 AM,Monday,Steel and weston,Utilized Off Route,5,18,nb,1335
2015/06/08,199,8:34:00 AM,Monday,STC,Mechanical,3,6,WB,1321
2015/06/08,107,8:36:00 AM,Monday,St Regis at Bakersfield,Mechanical,24,44,s,8175
2015/06/08,111,8:37:00 AM,Monday,WEST DEAN PRK,Mechanical,12,24,nb,7341
2015/06/08,116,8:40:00 AM,Monday,Morningside & Cumber,Mechanical,6,13,S,7676
2015/06/08,199,8:45:00 AM,Monday,STC,Mechanical,3,6,WB,1733
2015/06/08,134,8:46:00 AM,Monday,Progress and Markham,Mechanical,6,12,w,1080
2015/06/08,24,8:48:00 AM,Monday,Victoria Park Stn,Utilized Off Route,8,16,W,7839
2015/06/08,49,8:49:00 AM,Monday,Kipling Station,Mechanical,8,16,w,8088
2015/06/08,24,8:49:00 AM,Monday,Victoria Park and Craigton,Investigation,6,12,NB,7743
2015/06/08,30,8:49:00 AM,Monday,Kipling Station,Mechanical,32,58,w,8045
2015/06/08,90,8:51:00 AM,Monday,St Clair W STN,Mechanical,4,8,N,8316
2015/06/08,75,8:51:00 AM,Monday,Elm and South Dr,Mechanical,6,12,N,8135
2015/06/08,196,8:52:00 AM,Monday,Sheppard Stn,Utilized Off Route,7,14,,9001
2015/06/08,196,8:54:00 AM,Monday,Downsview Stn,Utilized Off Route,3,6,n,9419
2015/06/08,29,8:55:00 AM,Monday,Wilson stn,Mechanical,4,8,s/b 4,8351
2015/06/08,32,8:58:00 AM,Monday,Eglinton and Tarlton,Mechanical,5,10,e/b,1059
2015/06/08,88,9:00:00 AM,Monday,Brendon & Moore,Investigation,15,30,,8343
2015/06/08,196,9:07:00 AM,Monday,Downsview Stn,Utilized Off Route,3,6,n,8325
2015/06/08,96,9:10:00 AM,Monday,wilson and ridge,Mechanical,22,44,e,1292
2015/06/08,9,9:11:00 AM,Monday,Warden Station,Mechanical,20,43,N,7814
2015/06/08,29,9:38:00 AM,Monday,Wilson Station,Mechanical,4,8,SB,9041
2015/06/08,133,9:40:00 AM,Monday,Scarboro Town Centre,Mechanical,10,20,NB,1146
2015/06/08,12,9:52:00 AM,Monday,Brimley and Danforth RD,Mechanical,20,40,NB,8100
2015/06/08,42,10:00:00 AM,Monday,Willowdale & Cummer,Diversion,11,39,,8303
2015/06/08,90,10:00:00 AM,Monday,St Clair West Station,Utilized Off Route,8,16,n,8140
2015/06/08,54,10:00:00 AM,Monday,warden and lawrence,Mechanical,9,18,e,7666
2015/06/08,165,10:04:00 AM,Monday,wilson stn,Mechanical,9,18,nb,1208
2015/06/08,98,10:05:00 AM,Monday,Willowdale & Cummer,Diversion,30,55,NB,8187
2015/06/08,21,10:09:00 AM,Monday,Scarborough Centre Stn,Mechanical,14,28,NB,7778
2015/06/08,130,10:18:00 AM,Monday,Mccowan and Milner,Emergency Services,30,60,N,1731
2015/06/08,60,10:30:00 AM,Monday,Both Ways,General Delay,15,20,,
2015/06/08,131,10:35:00 AM,Monday,Scarborough Town Centre,Utilized Off Route,14,27,E,1704
2015/06/08,75,10:40:00 AM,Monday,Sherbourne and Carlton,Mechanical,6,12,S,8314
2015/06/08,36,10:41:00 AM,Monday,Finch and Dufferin,Mechanical,6,12,W,1327
2015/06/08,45,10:59:00 AM,Monday,Kipling Station,Mechanical,11,22,N,7322
2015/06/08,196,11:30:00 AM,Monday,Murray Ross at Columbia,Mechanical,3,6,n,9436
2015/06/08,11,11:56:00 AM,Monday,bayview and York Mills,Mechanical,12,24,S/B,8210
2015/06/08,196,12:05:00 PM,Monday,Downsview Stn,Mechanical,3,6,n,8387
2015/06/08,132,12:06:00 PM,Monday,Mccowan and Progrress,Mechanical,30,60,E,1808
2015/06/08,67,12:07:00 PM,Monday,N of Ellesmere Rd,Mechanical,15,30,N/B,7465
2015/06/08,134,12:15:00 PM,Monday,Centennial College,Utilized Off Route,9,18,w,1130
2015/06/08,52,12:22:00 PM,Monday,Royal York amd Dixon rd.,Mechanical,15,30,E/b,1620
2015/06/08,42,12:27:00 PM,Monday,Maybrook & passmore,Mechanical,24,48,,8135
2015/06/08,89,12:28:00 PM,Monday,Keele and St Clair,Mechanical,9,17,NB,1585
2015/06/08,59,12:30:00 PM,Monday,All Run Affected,General Delay,10,20,B/W's,1365
2015/06/08,108,12:30:00 PM,Monday,All Run Affected,General Delay,15,30,B/W's,1311
2015/06/08,60,12:30:00 PM,Monday,All Run Affected,General Delay,15,25,B/W's,1354
2015/06/08,12,12:45:00 PM,Monday,Kennedy Station,Mechanical,20,40,s/b,7043
2015/06/08,86,12:48:00 PM,Monday,Toronto Zoo,Mechanical,10,20,S,7677
2015/06/08,131,12:50:00 PM,Monday,STC,Utilized Off Route,14,27,E/B,1137
2015/06/08,106,12:50:00 PM,Monday,Downsview Stn,Mechanical,10,20,n,8343
2015/06/08,199,12:52:00 PM,Monday,Finch & Don Mills,Mechanical,4,9,WB,1112
2015/06/08,36,12:52:00 PM,Monday,Jane and Finch,Mechanical,5,11,W,1685
2015/06/08,196,12:57:00 PM,Monday,Downsview Stn,Mechanical,6,12,e,8374
2015/06/08,46,1:00:00 PM,Monday,Entire route,General Delay,10,20,B/W,
2015/06/08,191,1:00:00 PM,Monday,Entire route,General Delay,10,20,B/W,
2015/06/08,57,1:00:00 PM,Monday,Midland and Steeles,Investigation,11,22,n/b,7776
2015/06/08,195,1:00:00 PM,Monday,Jane st,Mechanical,12,24,B/W,1361
2015/06/08,36,1:00:00 PM,Monday,Entire route,General Delay,15,30,B/W,
2015/06/08,36,1:00:00 PM,Monday,Entire route,Mechanical,1,1,e/w,9127
2015/06/08,37,1:27:00 PM,Monday,ISLINGTON STN,Mechanical,18,36,nb,7969
2015/06/08,117,1:40:00 PM,Monday,Downsview Stn,Mechanical,20,40,n,9052
2015/06/08,196,1:55:00 PM,Monday,Downsview Stn,Utilized Off Route,4,7,n,9052
2015/06/08,195,2:00:00 PM,Monday,195 Jane Rocket,General Delay,15,20,B/W,1404
2015/06/08,26,2:00:00 PM,Monday,Entire Route,General Delay,10,24,B/W,
2015/06/08,35,2:00:00 PM,Monday,35 Jane route,General Delay,7,15,B/W,
2015/06/08,191,2:10:00 PM,Monday,Martin Grove and Steeles,Mechanical,9,18,S,7914
2015/06/08,34,2:17:00 PM,Monday,Eglinton and Lebovic,Late Leaving Garage,4,8,WB,4
2015/06/08,12,2:22:00 PM,Monday,Victoria Park station,Late Leaving Garage,7,14,e/b,7817
2015/06/08,52,2:24:00 PM,Monday,dufferin and lawrence,Mechanical,15,30,e/b,1594
2015/06/08,41,2:30:00 PM,Monday,Entire Route,General Delay,25,35,B/W,
2015/06/08,52,2:36:00 PM,Monday,lawrence stn,Mechanical,5,10,w/b,1408
2015/06/08,34,2:37:00 PM,Monday,Eglinton Ave & Brentcliffe,Mechanical,4,8,WB,7472
2015/06/08,126,2:45:00 PM,Monday,Entire Route,General Delay,15,30,B/W,
2015/06/08,7,2:45:00 PM,Monday,Bathurst/Wilson,Mechanical,9,18,Nb,9034
2015/06/08,127,2:46:00 PM,Monday,Spadina Station,Mechanical,24,48,WB,1546
2015/06/08,34,2:47:00 PM,Monday,Eglinton Ave at Brentcliffe,Utilized Off Route,4,8,WB,7446
2015/06/08,172,2:50:00 PM,Monday,Birchmount Garage,Late Leaving Garage,20,40,n/b,7836
2015/06/08,196,2:54:00 PM,Monday,Downsview Stn,Utilized Off Route,3,6,n,9410
2015/06/08,75,2:55:00 PM,Monday,Bloor/Sherbourne,Mechanical,7,14,SB,8217
2015/06/08,51,3:00:00 PM,Monday,Eglinton Station,Late Leaving Garage,15,30,n,9446
2015/06/08,125,3:00:00 PM,Monday,Finch Station,Mechanical,30,45,w,8142
2015/06/08,124,3:00:00 PM,Monday,Bayview and Lawrence,General Delay,15,30,n,
2015/06/08,165,3:00:00 PM,Monday,bathurst and wilson,General Delay,2,2,b/w,7204
2015/06/08,47,3:00:00 PM,Monday,Entire Route,General Delay,20,30,B/W,
2015/06/08,89,3:00:00 PM,Monday,Entire Route,General Delay,20,27,B/W,
2015/06/08,96,3:00:00 PM,Monday,bathurst and wilson,General Delay,2,2,b/w,1392
2015/06/08,63,3:00:00 PM,Monday,Entire Route,General Delay,10,18,B/W,
2015/06/08,53,3:03:00 PM,Monday,Bayview - Steeles,Late Leaving Garage,6,11,W,1759
2015/06/08,76,3:05:00 PM,Monday,Evans at Royal York,Late Leaving Garage,6,9,S,8085
2015/06/08,52,3:05:00 PM,Monday,terminal 1,Late Leaving Garage,6,12,e/b,1603
2015/06/08,190,3:07:00 PM,Monday,Don Mills Station,Mechanical,5,10,EB,7461
2015/06/08,65,3:12:00 PM,Monday,Castlefrank Station,Late Leaving Garage,10,20,E,7843
2015/06/08,116,3:15:00 PM,Monday,Morningside and Sheppard,Mechanical,9,10,e,7512
2015/06/08,35,3:15:00 PM,Monday,Lawrence and Jane,Mechanical,20,40,N/B,1409
2015/06/08,42,3:15:00 PM,Monday,Finch Station,Mechanical,11,23,e,9426
2015/06/08,24,3:17:00 PM,Monday,VP Stn.,Late Leaving Garage,7,14,n,7815
2015/06/08,139,3:17:00 PM,Monday,Malvern Garage,Mechanical,20,40,eb,1289
2015/06/08,116,3:20:00 PM,Monday,Eglinton and Markham,Mechanical,12,24,e,7567
2015/06/08,6,3:30:00 PM,Monday,Entire Route,General Delay,10,21,B/W,
2015/06/08,46,3:33:00 PM,Monday,Kipling Station,Late Leaving Garage,11,22,N,1732
2015/06/08,86,3:35:00 PM,Monday,Lawrence and Morningside,Mechanical,14,28,e,7402
2015/06/08,85,3:35:00 PM,Monday,Malvern Gate,Mechanical,12,24,EB,9073
2015/06/08,25,3:36:00 PM,Monday,Pape Station,Mechanical,3,6,NB,7535
2015/06/08,132,3:38:00 PM,Monday,Sheppard Ave E.,Mechanical,12,24,EB,1095
2015/06/08,131,3:40:00 PM,Monday,STC,Mechanical,9,18,w/B,1137
2015/06/08,112,3:40:00 PM,Monday,EGLINTON & REINFORTH DR.,Mechanical,22,39,S/B,7968
2015/06/08,53,3:42:00 PM,Monday,Finch station,Late Leaving Garage,14,28,E,9060
2015/06/08,106,3:43:00 PM,Monday,Downsview Stn,Utilized Off Route,9,18,w,8357
2015/06/08,191,3:47:00 PM,Monday,Kipling Station,Mechanical,5,11,N,1231
2015/06/08,42,3:50:00 PM,Monday,Finch Station,Mechanical,12,23,e,8212
2015/06/08,52,3:58:00 PM,Monday,lawrence stn,Late Leaving Garage,11,22,w/b,1594
2015/06/08,61,4:00:00 PM,Monday,Eglinton Stn to Avenue rd and Lawrence to wilson,General Delay,12,27,n,
2015/06/08,97,4:00:00 PM,Monday,Yonge Street,General Delay,40,60,b/w,
2015/06/08,145,4:00:00 PM,Monday,Kipling@Lakeshore to Simcoe@Richmond,General Delay,30,0,BW,
2015/06/08,73,4:02:00 PM,Monday,Albion at Islington,Mechanical,20,40,S,8028
2015/06/08,165,4:04:00 PM,Monday,York Mills Station,Late Leaving Garage,17,38,W,7204
2015/06/08,113,4:05:00 PM,Monday,Danforth at Warden,Mechanical,15,30,w,7855
2015/06/08,52,4:08:00 PM,Monday,dixon and royal york,Investigation,11,22,w/b,1563
2015/06/08,52,4:10:00 PM,Monday,airport,Mechanical,5,10,e/b,1408
2015/06/08,96,4:10:00 PM,Monday,wilson stn,Mechanical,9,18,b/w,7212
2015/06/08,105,4:14:00 PM,Monday,Dufferin and Rutherford,Mechanical,12,24,s,9409
2015/06/08,161,4:24:00 PM,Monday,Lambton and Jane,Mechanical,11,23,EB,1644
2015/06/08,95,4:30:00 PM,Monday,U of T,Mechanical,12,24,W/B,1117
2015/06/08,11,4:30:00 PM,Monday,Eglinton to Post RD,General Delay,10,20,n,
2015/06/08,196,4:40:00 PM,Monday,Downsview Station,Utilized Off Route,3,7,n,9438
2015/06/08,90,4:44:00 PM,Monday,St.Clair West Station,Mechanical,10,20,WB,9448
2015/06/08,102,4:45:00 PM,Monday,St Clair & Brimley,Investigation,11,22,E/B,7703
2015/06/08,53,4:48:00 PM,Monday,yonge - moore park,Mechanical,5,10,E,1083
2015/06/08,196,4:54:00 PM,Monday,Downsview Stn,Utilized Off Route,6,12,e,8183
2015/06/08,116,5:14:00 PM,Monday,Kingston Rd and Eglinton,Mechanical,12,24,e,7567
2015/06/08,42,5:17:00 PM,Monday,Maybrook and Passmore,Investigation,23,46,w,8303
2015/06/08,90,5:18:00 PM,Monday,St.Clair west Station,Mechanical,10,20,WB,8143
2015/06/08,89,5:30:00 PM,Monday,Keele Station,Utilized Off Route,8,15,NB,1043
2015/06/08,97,5:30:00 PM,Monday,Yonge Route,General Delay,30,45,b/w,
2015/06/08,24,5:30:00 PM,Monday,VP Route,General Delay,10,20,bw,7690
2015/06/08,131,5:30:00 PM,Monday,McCowan at Sheppard,Mechanical,8,16,W/B,1703
2015/06/08,32,5:30:00 PM,Monday,Eglinton West Stn,Utilized Off Route,8,16,E/B,1056
2015/06/08,195,5:41:00 PM,Monday,Steeles ave,Mechanical,12,24,S/B,1404
2015/06/08,46,5:48:00 PM,Monday,John Garland and Martin Grove,Mechanical,11,22,S,1220
2015/06/08,24,5:51:00 PM,Monday,VP at Sunrise,Mechanical,7,14,s,7731
2015/06/08,88,5:56:00 PM,Monday,Bessborough and Sutherland,Mechanical,15,30,w,8181
2015/06/08,45,6:02:00 PM,Monday,KIPLING STATION,Mechanical,8,16,N/B,8047
2015/06/08,17,6:10:00 PM,Monday,Birchmount & Brookmill,Mechanical,16,32,N/B,7861
2015/06/08,42,6:10:00 PM,Monday,Finch Station,Mechanical,24,48,e,8214
2015/06/08,12,6:32:00 PM,Monday,Brimley and Eglinton,Mechanical,17,34,w/b,7817
2015/06/08,96,6:50:00 PM,Monday,finch and humbercollege,Investigation,10,20,b/w,1392
2015/06/08,53,6:50:00 PM,Monday,Steeles - McCowan,Mechanical,5,8,W,1818
2015/06/08,111,6:52:00 PM,Monday,E/B DUNDAS AT WILMAR,Investigation,12,24,S/B,7910
2015/06/08,25,6:58:00 PM,Monday,Freshmeadow and Don Mills,Mechanical,3,6,WB,7504
2015/06/08,107,6:59:00 PM,Monday,The Commons,Mechanical,1,1,n,9430
2015/06/08,196,7:00:00 PM,Monday,Downsview Station,Mechanical,8,16,E,9403
2015/06/08,7,7:01:00 PM,Monday,Bathurst/Wilson,Mechanical,9,18,SB,9003
2015/06/08,76,7:04:00 PM,Monday,Lakeshore at Mimico,Mechanical,6,12,N,7341
2015/06/08,108,7:10:00 PM,Monday,Downsview Stn.,Mechanical,2,9,W,1330
2015/06/08,196,7:12:00 PM,Monday,the Commons,Utilized Off Route,7,14,n,8215
2015/06/08,36,7:14:00 PM,Monday,Woodbine Downs and Finch,Mechanical,7,14,W,9123
2015/06/08,96,7:20:00 PM,Monday,albion armal,Mechanical,10,20,b/w,7218
2015/06/08,32,7:25:00 PM,Monday,Eglinton West Stn,Utilized Off Route,9,18,E/B,1204
2015/06/08,43,7:33:00 PM,Monday,Kennedy Station,Mechanical,28,56,NB,7580
2015/06/08,66,7:40:00 PM,Monday,Old Mill Station,Mechanical,15,30,S,8070
2015/06/08,36,7:40:00 PM,Monday,Finch and Weston,Mechanical,7,15,W,9116
2015/06/08,113,7:49:00 PM,Monday,Kennedy at St. Clair,Mechanical,24,48,w,7833
2015/06/08,41,7:49:00 PM,Monday,Keele Station,Mechanical,11,22,NB,9147
2015/06/08,165,8:25:00 PM,Monday,wilson and ridge,Mechanical,10,20,b/w,1379
2015/06/08,70,8:53:00 PM,Monday,O'Connor and Garden cres,Investigation,10,43,NB,7584
2015/06/08,47,9:00:00 PM,Monday,Lansdowne Ave. and Jenet Ave.,Diversion,118,128,B/W,1542
2015/06/08,196,9:01:00 PM,Monday,Downsveiw Station,Utilized Off Route,5,10,N,8215
2015/06/08,36,9:05:00 PM,Monday,Humberwood Loop,Mechanical,8,16,E,7208
2015/06/08,111,9:08:00 PM,Monday,RICHGROVE AN WILLOWRIDGE,Investigation,12,24,S/B,8062
2015/06/08,37,9:21:00 PM,Monday,ISLINGTON STN,Mechanical,13,26,S/B,43
2015/06/08,36,9:27:00 PM,Monday,Finch Stn,Mechanical,8,16,W,1365
2015/06/08,35,9:35:00 PM,Monday,Jane & Beverly Hills,Mechanical,11,22,S,1353
2015/06/08,90,9:52:00 PM,Monday,St Clair West Station,Mechanical,8,16,n,8361
2015/06/08,94,10:27:00 PM,Monday,Wellesley and Church,Investigation,13,26,WB,7707
2015/06/08,32,11:36:00 PM,Monday,Eglinton Ave. West and Matheson Blvd. E.,Investigation,12,24,E,1532
2015/06/08,92,11:50:00 PM,Monday,Woodbine Stn.,Utilized Off Route,10,20,s,7737
2015/06/08,81,11:55:00 PM,Monday,Thorncliffe Park,Utilized Off Route,1,1,s,7823
2015/06/09,116,1:07:00 AM,Tuesday,Morningside and Cornation,Investigation,9,19,NB,7475
2015/06/09,320,1:30:00 AM,Tuesday,Davenport & Yonge,Diversion,290,293,S,7605
2015/06/09,96,1:46:00 AM,Tuesday,York Mills Station,Mechanical,1,1,W,1227
2015/06/09,300,3:00:00 AM,Tuesday,Danforth and Warden,Utilized Off Route,30,60,eb,7809
2015/06/09,321,3:46:00 AM,Tuesday,Finch Av-neilson,Emergency Services,30,60,wb,1797
2015/06/09,54,4:40:00 AM,Tuesday,markham and eglinton,Mechanical,0,9,w,7589
2015/06/09,168,5:15:00 AM,Tuesday,Dundas West station,Utilized Off Route,10,20,N,7938
2015/06/09,110,5:26:00 AM,Tuesday,Evans And Islington,Late Leaving Garage,9,9,,7325
2015/06/09,75,5:30:00 AM,Tuesday,Lower Jarvis and Esplanade,Diversion,1208,1223,E,8172
2015/06/09,109,5:30:00 AM,Tuesday,Neptune and Rajah,Diversion,992,998,E,8353
2015/06/09,32,5:30:00 AM,Tuesday,Eglinton and Duplex,Mechanical,14,28,w/b,1014
2015/06/09,60,5:32:00 AM,Tuesday,martingrove at steeles,Mechanical,10,20,e,1349
2015/06/09,96,5:33:00 AM,Tuesday,yorkmills stn,Mechanical,27,27,w,7204
2015/06/09,16,5:35:00 AM,Tuesday,WARDEN STATION,Late Leaving Garage,9,29,EB,7692
2015/06/09,169,5:38:00 AM,Tuesday,Don Mills/Esterbrooke,Mechanical,20,40,W,8157
2015/06/09,113,5:40:00 AM,Tuesday,MAIN STATION,Late Leaving Garage,13,16,EB,7752
2015/06/09,53,5:41:00 AM,Tuesday,Passmore and Markham,Mechanical,10,15,w,1060
2015/06/09,47,5:44:00 AM,Tuesday,Lansdowne and Queen,Late Leaving Garage,9,18,n/b,1065
2015/06/09,53,5:46:00 AM,Tuesday,Passmore and Markham,Mechanical,5,15,w,1262
2015/06/09,91,5:47:00 AM,Tuesday,Woodbine Stn,Late Leaving Garage,1,1,N/B,7795
2015/06/09,112,5:49:00 AM,Tuesday,Dundas/Acorn,Mechanical,18,35,W,7336
2015/06/09,53,5:50:00 AM,Tuesday,Passmore and Markham,Mechanical,5,19,w,1794
2015/06/09,63,5:51:00 AM,Tuesday,Canniff and Strachan,Late Leaving Garage,12,24,n/b,1004
2015/06/09,90,5:56:00 AM,Tuesday,Wilson Garage,Mechanical,9,18,W,9433
2015/06/09,199,5:57:00 AM,Tuesday,STC,Late Leaving Garage,3,6,WB,1144
2015/06/09,132,6:00:00 AM,Tuesday,Scarborough Town Centre,Mechanical,24,0,E,1146
2015/06/09,35,6:00:00 AM,Tuesday,Jane street,General Delay,5,10,B/W,
2015/06/09,84,6:00:00 AM,Tuesday,Sheppard Avenue,General Delay,8,16,B/W,
2015/06/09,92,6:00:00 AM,Tuesday,Woodbine Stn,Utilized Off Route,15,30,S/B,7836
2015/06/09,195,6:00:00 AM,Tuesday,Jane Street,General Delay,10,20,B/W,
2015/06/09,7,6:03:00 AM,Tuesday,Bathurst Station,Late Leaving Garage,8,17,N,9016
2015/06/09,199,6:06:00 AM,Tuesday,STC,Utilized Off Route,3,5,WB,1712
2015/06/09,86,6:07:00 AM,Tuesday,Kennedy Stn,Utilized Off Route,10,16,E,7543
2015/06/09,47,6:08:00 AM,Tuesday,Yorkdale,Late Leaving Garage,18,36,s/b,1037
2015/06/09,85,6:09:00 AM,Tuesday,Meadowvale loop,Late Leaving Garage,6,15,W,9084
2015/06/09,73,6:11:00 AM,Tuesday,Royal York station,Late Leaving Garage,15,21,n/b,8096
2015/06/09,52,6:14:00 AM,Tuesday,Lawrence station,Late Leaving Garage,12,24,w/b,1515
2015/06/09,63,6:18:00 AM,Tuesday,,Late Leaving Garage,4,8,down,1015
2015/06/09,25,6:19:00 AM,Tuesday,Pape Stn,Late Leaving Garage,3,6,N,7516
2015/06/09,85,6:20:00 AM,Tuesday,Meadowvale loop,Late Leaving Garage,5,10,W,9062
2015/06/09,32,6:21:00 AM,Tuesday,Eglinton stn,Late Leaving Garage,6,11,w/b,1502
2015/06/09,54,6:22:00 AM,Tuesday,Lawrence/Scarb Golf Club Rd,Late Leaving Garage,9,18,w,7537
2015/06/09,32,6:23:00 AM,Tuesday,Lawrence and Pine,Mechanical,5,10,e/b,1006
2015/06/09,190,6:25:00 AM,Tuesday,STC,Late Leaving Garage,7,14,W,7655
2015/06/09,98,6:28:00 AM,Tuesday,Willowdale ave,Mechanical,9,18,e/b,9443
2015/06/09,96,6:30:00 AM,Tuesday,wilson - bathurst to avenue,General Delay,10,22,bw,
2015/06/09,165,6:30:00 AM,Tuesday,wilson - bathurst to avenue,General Delay,10,22,bw,
2015/06/09,165,6:30:00 AM,Tuesday,wilson - bathurst to avenue,General Delay,10,22,bw,
2015/06/09,96,6:30:00 AM,Tuesday,wilson - bathurst to avenue,General Delay,10,22,bw,
2015/06/09,43,6:30:00 AM,Tuesday,STC,Utilized Off Route,10,20,S,7586
2015/06/09,100,6:32:00 AM,Tuesday,Don Mills / Eglinton,Late Leaving Garage,8,15,SB,7481
2015/06/09,132,6:33:00 AM,Tuesday,Brenyon Way and Sewells,Late Leaving Garage,12,24,E,1783
2015/06/09,199,6:34:00 AM,Tuesday,Finch station,Late Leaving Garage,3,6,EB,1130
2015/06/09,10,6:35:00 AM,Tuesday,Don Mills & Esterbrooke,Mechanical,15,30,W,8138
2015/06/09,97,6:35:00 AM,Tuesday,Davenport and Yonge,Diversion,135,165,BW,8353
2015/06/09,45,6:37:00 AM,Tuesday,Martingrove/Silverstone,Mechanical,5,11,N,7341
2015/06/09,79,6:40:00 AM,Tuesday,Scarlett and Eglinton,Mechanical,12,24,Sb,1022
2015/06/09,32,6:41:00 AM,Tuesday,Eglinton stn,Late Leaving Garage,5,10,w/b,1540
2015/06/09,190,6:41:00 AM,Tuesday,STC,Late Leaving Garage,7,14,W,7447
2015/06/09,63,6:42:00 AM,Tuesday,Eglinton West,Late Leaving Garage,18,36,down,1200
2015/06/09,32,6:44:00 AM,Tuesday,Emmett,Late Leaving Garage,10,21,e/b,1533
2015/06/09,53,6:45:00 AM,Tuesday,Morningside and Staines,Mechanical,7,21,w,9102
2015/06/09,42,6:46:00 AM,Tuesday,Finch stn,Late Leaving Garage,0,0,e/b,8160
2015/06/09,39,6:47:00 AM,Tuesday,Seneca College,Late Leaving Garage,8,15,WB,1755
2015/06/09,11,6:51:00 AM,Tuesday,Steeles and Bayview,Late Leaving Garage,12,24,s/b,8370
2015/06/09,53,6:52:00 AM,Tuesday,Steeles and Redlea,Mechanical,11,24,e,9076
2015/06/09,190,6:55:00 AM,Tuesday,STC,Late Leaving Garage,7,14,W,7467
2015/06/09,54,6:59:00 AM,Tuesday,Egl. Yard,Late Leaving Garage,1,1,w,7476
2015/06/09,42,7:00:00 AM,Tuesday,Mcnicoll and Vic. Park,Late Leaving Garage,11,22,w/b,8153
2015/06/09,59,7:02:00 AM,Tuesday,Oak,Mechanical,10,20,E,1292
2015/06/09,169,7:07:00 AM,Tuesday,Don Mills Stn,Utilized Off Route,20,40,E,8159
2015/06/09,60,7:07:00 AM,Tuesday,Finch stn,Late Leaving Garage,5,10,w,1384
2015/06/09,190,7:14:00 AM,Tuesday,DONS,Mechanical,6,12,E,7554
2015/06/09,53,7:15:00 AM,Tuesday,Steeles and Ferrier,Mechanical,5,10,w,1289
2015/06/09,50,7:15:00 AM,Tuesday,BURNHAMTHORPE / DUNDAS,Mechanical,10,20,wb,8019
2015/06/09,168,7:28:00 AM,Tuesday,Avon Loop,Utilized Off Route,4,9,s/b,8079
2015/06/09,89,7:47:00 AM,Tuesday,Weston and Jane,Mechanical,0,0,n/b,1622
2015/06/09,106,7:48:00 AM,Tuesday,Downsview Stn,Mechanical,7,14,E,9436
2015/06/09,196,7:49:00 AM,Tuesday,Downsview Stn,Mechanical,6,12,N,9447
2015/06/09,37,7:53:00 AM,Tuesday,ISLINGTON STN,Mechanical,7,14,nb,7964
2015/06/09,133,7:59:00 AM,Tuesday,Ellesmere & Markham,Investigation,9,18,E,1095
2015/06/09,36,8:00:00 AM,Tuesday,Finch West route,General Delay,15,22,B,
2015/06/09,51,8:00:00 AM,Tuesday,Townsend to Eglinton stn,General Delay,14,28,s/b,
2015/06/09,198,8:00:00 AM,Tuesday,Kingston & Scarb Golf Club,General Delay,15,25,W,
2015/06/09,86,8:00:00 AM,Tuesday,Kingston & Scarb Golf,General Delay,20,34,W,
2015/06/09,70,8:00:00 AM,Tuesday,Curity,General Delay,10,27,w,
2015/06/09,116,8:00:00 AM,Tuesday,Kennedy Stn,Utilized Off Route,7,13,E,7535
2015/06/09,95,8:00:00 AM,Tuesday,York Mills and Leslie,Investigation,7,14,w,9426
2015/06/09,191,8:00:00 AM,Tuesday,HWY 191,General Delay,14,19,B,
2015/06/09,46,8:00:00 AM,Tuesday,Martin grove route,General Delay,15,27,B,
2015/06/09,36,8:06:00 AM,Tuesday,Finch and Alexdon,Mechanical,11,22,E,1732
2015/06/09,73,8:07:00 AM,Tuesday,Royal York Station,Mechanical,16,31,n/b,5058
2015/06/09,196,8:07:00 AM,Tuesday,Sentinel/Murray Ross Pwy,Mechanical,6,12,E,9404
2015/06/09,95,8:12:00 AM,Tuesday,Ellesmere and Markham rd,Investigation,9,18,16,1075
2015/06/09,100,8:13:00 AM,Tuesday,Concorde Place,Mechanical,3,6,SB,7567
2015/06/09,40,8:15:00 AM,Tuesday,Pacific and Dundas West,Mechanical,6,12,W/b,7326
2015/06/09,73,8:15:00 AM,Tuesday,Royal York Station,Mechanical,7,7,n/b,7304
2015/06/09,11,8:15:00 AM,Tuesday,Steeles to Davisville stn,General Delay,15,27,s/b,
2015/06/09,63,8:17:00 AM,Tuesday,oakwood and vaughn,Investigation,12,22,down,1587
2015/06/09,12,8:22:00 AM,Tuesday,Victoria Park Stn,Mechanical,11,22,S/B,55
2015/06/09,94,8:30:00 AM,Tuesday,WELLESLEY ROUTE,General Delay,10,0,BW,
2015/06/09,131,8:30:00 AM,Tuesday,STC,Mechanical,7,15,w,1317
2015/06/09,11,8:31:00 AM,Tuesday,Bayview and York st,Investigation,12,24,s/b,8314
2015/06/09,35,8:35:00 AM,Tuesday,Jane/Eglinton,Diversion,5,43,N,1404
2015/06/09,195,8:35:00 AM,Tuesday,Jane/Eglinton,General Delay,10,53,B/W,1217
2015/06/09,191,8:37:00 AM,Tuesday,Highway 27 and Steeles,Mechanical,5,10,S,7942
2015/06/09,36,8:39:00 AM,Tuesday,Finch and Romfield,Investigation,5,11,E,9128
2015/06/09,32,8:40:00 AM,Tuesday,Eglinton stn,Mechanical,5,10,w/b,1600
2015/06/09,95,8:48:00 AM,Tuesday,York Mills stn,Mechanical,9,18,e,1703
2015/06/09,196,8:53:00 AM,Tuesday,Sheppard Stn,Utilized Off Route,7,14,BW,8306
2015/06/09,88,8:54:00 AM,Tuesday,South leaside,General Delay,6,12,,
2015/06/09,32,8:55:00 AM,Tuesday,Eglinton and Jane,Diversion,20,25,e/b,1533
2015/06/09,196,9:00:00 AM,Tuesday,Downsview Stn,Utilized Off Route,7,14,N,8187
2015/06/09,196,9:00:00 AM,Tuesday,Downsview Stn,Utilized Off Route,7,14,N,8311
2015/06/09,97,9:00:00 AM,Tuesday,Yonge St Route,General Delay,30,60,BW,
2015/06/09,52,9:04:00 AM,Tuesday,Lawrence and Jane,Mechanical,5,10,E/B,1510
2015/06/09,40,9:05:00 AM,Tuesday,Dundas W Station,Mechanical,7,13,W/b,8026
2015/06/09,95,9:43:00 AM,Tuesday,McCowan and Ellesmere Rd,Mechanical,10,20,wb,1074
2015/06/09,7,9:47:00 AM,Tuesday,bathurst and St.clair,Investigation,9,18,N,9019
2015/06/09,36,9:53:00 AM,Tuesday,Finch West route,Mechanical,1,1,B,9125
2015/06/09,133,10:26:00 AM,Tuesday,STC SRT,Mechanical,10,20,eb,1278
2015/06/09,65,10:28:00 AM,Tuesday,Castlefrank Station,Mechanical,18,36,SB,7696
2015/06/09,96,10:30:00 AM,Tuesday,Wilson stn,Mechanical,22,44,w,1353
2015/06/09,96,10:57:00 AM,Tuesday,wilson at hightview,Mechanical,9,18,e,1360
2015/06/09,30,11:00:00 AM,Tuesday,entire route,General Delay,30,60,bw,
2015/06/09,39,11:15:00 AM,Tuesday,Finch station,Mechanical,6,13,EB,1149
2015/06/09,134,11:26:00 AM,Tuesday,Scarborough Town Centre,Mechanical,9,17,e,1328
2015/06/09,124,11:28:00 AM,Tuesday,Lawrence Stn,Mechanical,8,16,,8356
2015/06/09,198,11:48:00 AM,Tuesday,Kennedy Stn,Investigation,10,20,E,7514
2015/06/09,75,11:49:00 AM,Tuesday,Front and George,Mechanical,9,18,E,8364
2015/06/09,36,12:10:00 PM,Tuesday,Finch stn,Mechanical,6,12,W,1350
2015/06/09,44,12:28:00 PM,Tuesday,Col Sam Smith Loop,Mechanical,7,15,N,8028
2015/06/09,84,12:30:00 PM,Tuesday,Entire route,General Delay,10,20,B/W,
2015/06/09,195,12:30:00 PM,Tuesday,Entire route,General Delay,15,30,B/W,
2015/06/09,35,12:30:00 PM,Tuesday,Entire route,General Delay,15,30,B/W,
2015/06/09,106,12:50:00 PM,Tuesday,Downsview Stn,Mechanical,10,20,n,8343
2015/06/09,196,1:10:00 PM,Tuesday,,Mechanical,3,6,n,9449
2015/06/09,36,1:15:00 PM,Tuesday,HumberCollege,Mechanical,6,12,w,1511
2015/06/09,196,1:22:00 PM,Tuesday,Sheppard Stn,Utilized Off Route,7,14,,9410
2015/06/09,85,1:28:00 PM,Tuesday,Don Mills Stn,Mechanical,8,15,E,9079
2015/06/09,73,1:40:00 PM,Tuesday,Albion at Islington,Mechanical,15,31,S,7304
2015/06/09,59,1:53:00 PM,Tuesday,LAWRENCE STATION,Mechanical,21,42,W/B,1399
2015/06/09,46,2:00:00 PM,Tuesday,Martin Grove,General Delay,10,20,B/W,
2015/06/09,36,2:00:00 PM,Tuesday,Finch,General Delay,12,24,B/W,
2015/06/09,191,2:00:00 PM,Tuesday,hwy27,General Delay,12,24,B/W,
2015/06/09,100,2:00:00 PM,Tuesday,Bayview to Brentcliffe,General Delay,15,25,EB,
2015/06/09,60,2:00:00 PM,Tuesday,60 Steeles route,General Delay,10,20,B/W,1223
2015/06/09,34,2:00:00 PM,Tuesday,Bayview to Brentcliffe,General Delay,10,20,EB,
2015/06/09,196,2:02:00 PM,Tuesday,Downsview Stn,Utilized Off Route,3,6,n,8202
2015/06/09,110,2:02:00 PM,Tuesday,LONG BRANCH LOOP,Late Leaving Garage,23,46,N,8057
2015/06/09,24,2:17:00 PM,Tuesday,Don Mills and Sheppad,Mechanical,30,60,N,7791
2015/06/09,40,2:18:00 PM,Tuesday,Dundas at St. Johns Place,Investigation,10,20,E,7329
2015/06/09,191,2:19:00 PM,Tuesday,Albion/Mgrove,Mechanical,5,10,w,7905
2015/06/09,47,2:24:00 PM,Tuesday,Mt Dennis garage POD Yorkdale,Mechanical,13,26,s,1325
2015/06/09,23,2:25:00 PM,Tuesday,Dawes and Secord,Investigation,10,20,NB,7768
2015/06/09,12,2:27:00 PM,Tuesday,VP Station,Late Leaving Garage,14,28,N,7766
2015/06/09,102,2:28:00 PM,Tuesday,Kingston Road and St. Clair,Mechanical,11,22,SB,8113
2015/06/09,41,2:30:00 PM,Tuesday,Entire Route,General Delay,35,45,B/W,
2015/06/09,196,2:33:00 PM,Tuesday,Sheppard Stn,Mechanical,7,13,w,8393
2015/06/09,47,2:44:00 PM,Tuesday,Mt Dennis garage POD Earlscourt loop,Mechanical,6,12,s,1669
2015/06/09,47,2:45:00 PM,Tuesday,Route 47,General Delay,13,26,BW,
2015/06/09,32,2:45:00 PM,Tuesday,Marlee & Eglinton,Investigation,8,16,e/b,1036
2015/06/09,61,2:45:00 PM,Tuesday,Eglinton Station to Avenue road,General Delay,15,30,n,
2015/06/09,112,2:46:00 PM,Tuesday,Commerce and Skymark,Mechanical,15,20,sb,7348
2015/06/09,21,2:49:00 PM,Tuesday,Scarborough Town Center,Mechanical,20,40,N,7848
2015/06/09,96,2:50:00 PM,Tuesday,WBDW,Late Leaving Garage,19,38,E,7204
2015/06/09,161,2:58:00 PM,Tuesday,Rogers and Caledonia,Investigation,17,35,WB,1621
2015/06/09,105,2:59:00 PM,Tuesday,Dufferin and Steeles,Late Leaving Garage,20,35,w,9446
2015/06/09,26,3:00:00 PM,Tuesday,Route 26,General Delay,12,26,BW,
2015/06/09,96,3:00:00 PM,Tuesday,YKMS,Mechanical,21,42,W,1416
2015/06/09,6,3:00:00 PM,Tuesday,Route 6,General Delay,15,20,BW,
2015/06/09,126,3:00:00 PM,Tuesday,Route 126,General Delay,15,30,BW,
2015/06/09,109,3:00:00 PM,Tuesday,On Route,General Delay,20,32,BW,
2015/06/09,63,3:00:00 PM,Tuesday,Route 63,General Delay,15,20,BW,
2015/06/09,89,3:00:00 PM,Tuesday,Entire Route,General Delay,20,27,B/W,
2015/06/09,55,3:00:00 PM,Tuesday,55-Warren Park route,General Delay,12,10,b/w,1647
2015/06/09,35,3:12:00 PM,Tuesday,Jane and Shoreham,Late Leaving Garage,21,41,N,1056
2015/06/09,95,3:14:00 PM,Tuesday,York Mills Collegiate,Late Leaving Garage,8,16,E,1812
2015/06/09,32,3:20:00 PM,Tuesday,Jane & Eglinton,Mechanical,8,16,e/b,1676
2015/06/09,108,3:20:00 PM,Tuesday,Keele and Grand ravine,Diversion,9,155,W/B,1576
2015/06/09,32,3:20:00 PM,Tuesday,Scarlett & Eglinton,Mechanical,8,16,w/b,1596
2015/06/09,60,3:26:00 PM,Tuesday,York U Commons,Late Leaving Garage,1,6,E,7211
2015/06/09,52,3:29:00 PM,Tuesday,Terminal 3,Late Leaving Garage,6,17,E/B,1654
2015/06/09,120,3:30:00 PM,Tuesday,Sheppard at Jane,Diversion,22,44,E,1305
2015/06/09,120,3:30:00 PM,Tuesday,Sheppard at Jane,General Delay,135,157,E,1305
2015/06/09,11,3:30:00 PM,Tuesday,Lawrence and Bayview,General Delay,25,37,n,
2015/06/09,131,3:32:00 PM,Tuesday,Kennedy Stn,Late Leaving Garage,9,17,N,1752
2015/06/09,6,3:35:00 PM,Tuesday,Bay & Bloor,Investigation,5,10,S,1548
2015/06/09,44,3:35:00 PM,Tuesday,Kipling station,Utilized Off Route,5,9,sb,8044
2015/06/09,37,3:35:00 PM,Tuesday,ISLINGTON & PRINCESS MARGARET,Mechanical,25,50,N,7302
2015/06/09,63,3:36:00 PM,Tuesday,Ossington & Queen,Mechanical,5,10,N,1244
2015/06/09,68,3:40:00 PM,Tuesday,Eglinton Garage,Late Leaving Garage,13,26,,7567
2015/06/09,30,3:41:00 PM,Tuesday,Kipling station,Mechanical,22,44,eb,7336
2015/06/09,53,3:42:00 PM,Tuesday,Finch station,Late Leaving Garage,0,0,E,9095
2015/06/09,36,3:47:00 PM,Tuesday,Finch station,Mechanical,20,40,w,9122
2015/06/09,96,4:00:00 PM,Tuesday,YKMS to all Branches,General Delay,10,20,B/W,
2015/06/09,32,4:00:00 PM,Tuesday,Pine & Lawrence,Mechanical,8,16,e/b,1570
2015/06/09,165,4:00:00 PM,Tuesday,YKMS to All Branches,General Delay,10,20,B/W,
2015/06/09,127,4:05:00 PM,Tuesday,davenport and Dovercourt,Investigation,20,40,WB,1659
2015/06/09,51,4:10:00 PM,Tuesday,Townsend and Freshmeadow,Mechanical,15,30,s,9441
2015/06/09,89,4:15:00 PM,Tuesday,Keele station,Utilized Off Route,7,14,NB,1648
2015/06/09,12,4:15:00 PM,Tuesday,VP Station,Mechanical,15,30,N,7834
2015/06/09,105,4:16:00 PM,Tuesday,Dufferin and Freedom Trail,Mechanical,24,48,w,9447
2015/06/09,53,4:23:00 PM,Tuesday,Steeles - Markham Rd,Mechanical,5,10,W,1729
2015/06/09,94,4:30:00 PM,Tuesday,Wellesley route,General Delay,15,0,B/W,
2015/06/09,196,4:38:00 PM,Tuesday,Downsview Stn,Mechanical,3,7,w,8382
2015/06/09,41,4:42:00 PM,Tuesday,Keele and 401 Bridge,Investigation,11,21,SB,9149
2015/06/09,29,4:49:00 PM,Tuesday,Davenport,Mechanical,5,10,N,9053
2015/06/09,196,5:13:00 PM,Tuesday,,Utilized Off Route,4,7,w,9026
2015/06/09,134,5:16:00 PM,Tuesday,Progress - Markham Rd,Diversion,70,79,W,
2015/06/09,47,5:20:00 PM,Tuesday,Lansdowne & Queen,Mechanical,13,26,N,1540
2015/06/09,102,5:25:00 PM,Tuesday,Markham and Progrress,Diversion,90,105,NB,7844
2015/06/09,86,5:27:00 PM,Tuesday,kingston rd and lawson,Mechanical,10,20,e,7578
2015/06/09,196,5:29:00 PM,Tuesday,York U,Mechanical,3,6,s,8202
2015/06/09,6,5:35:00 PM,Tuesday,Bay & Front,Utilized Off Route,5,10,S,1631
2015/06/09,6,5:40:00 PM,Tuesday,Bay & Queens Quay.,Utilized Off Route,5,10,S,1031
2015/06/09,52,5:45:00 PM,Tuesday,Lawrence and jane,Mechanical,5,11,E/B,1624
2015/06/09,90,5:45:00 PM,Tuesday,St.Clair West Station,Utilized Off Route,5,10,N,8326
2015/06/09,75,5:47:00 PM,Tuesday,Lower Jarvis and Queen Quay,Utilized Off Route,8,16,N,8350
2015/06/09,34,5:52:00 PM,Tuesday,Eglinton Ave west of Sutherland,Investigation,4,8,EB,7608
2015/06/09,75,5:54:00 PM,Tuesday,South Dr/Glen,Investigation,8,16,Nb,8364
2015/06/09,100,6:00:00 PM,Tuesday,Eglinton Ave at Rumsey,Diversion,59,75,EB,7607
2015/06/09,34,6:00:00 PM,Tuesday,Eglinton Ave at Rumsey,Diversion,46,50,EB,7553
2015/06/09,76,6:05:00 PM,Tuesday,Lakeshore at Mimico,Utilized Off Route,5,10,N,7313
2015/06/09,60,6:09:00 PM,Tuesday,Finch Station,Utilized Off Route,6,10,w/b,7208
2015/06/09,84,6:12:00 PM,Tuesday,Downsview station,Mechanical,22,44,E,1231
2015/06/09,54,6:14:00 PM,Tuesday,Rumsey and Eglinton,Diversion,1,1,e/b,7636
2015/06/09,45,6:14:00 PM,Tuesday,Kipling at Kingsview,Mechanical,8,15,sb,8084
2015/06/09,57,6:31:00 PM,Tuesday,Lawrence and Midland,Investigation,7,14,N,7769
2015/06/09,95,6:38:00 PM,Tuesday,Ellesmere and Bellamy,Mechanical,4,8,WB,1117
2015/06/09,115,6:40:00 PM,Tuesday,York Mills Station,Mechanical,20,40,E,8214
2015/06/09,47,6:40:00 PM,Tuesday,Lansdowne Ave. and Davenport Rd.,Mechanical,13,26,N,1669
2015/06/09,53,6:41:00 PM,Tuesday,Steeles - Birchmount,Mechanical,5,10,W,1786
2015/06/09,95,7:45:00 PM,Tuesday,Ellesmere and Packard,Mechanical,7,14,WB,1137
2015/06/09,111,7:58:00 PM,Tuesday,MARTIN GROVE AT EGLINTON,Diversion,39,48,S/B,8055
2015/06/09,46,8:00:00 PM,Tuesday,Eglinton/Martin grove,Diversion,10,32,B/W,1323
2015/06/09,85,8:17:00 PM,Tuesday,Sheppard @ Warden,Mechanical,15,30,W,9060
2015/06/09,116,8:40:00 PM,Tuesday,Kennedy station,Mechanical,10,20,e,7473
2015/06/09,89,8:44:00 PM,Tuesday,Kerele Station,Investigation,10,19,NB,1061
2015/06/09,67,8:49:00 PM,Tuesday,Pharmacy and Innesmore,Mechanical,17,34,NB,7482
2015/06/09,32,8:52:00 PM,Tuesday,Eglinton Ave. West and Elmsthorpe Ave.,Diversion,18,28,B/W,1587
2015/06/09,37,8:56:00 PM,Tuesday,ISLINGTON AT STEELES,Mechanical,23,46,N/B,7965
2015/06/09,47,9:08:00 PM,Tuesday,Lansdowne Ave. and Dupont St.,Mechanical,20,40,N,1593
2015/06/09,191,9:30:00 PM,Tuesday,427 ramp,Diversion,40,50,b/w,7942
2015/06/09,59,10:46:00 PM,Tuesday,oak and weston,Mechanical,2,4,b/w,1346
2015/06/09,47,10:50:00 PM,Tuesday,Lansdowne Ave. and Queen St. West,Utilized Off Route,10,20,N,1540
2015/06/09,63,11:00:00 PM,Tuesday,Atlantic Ave. and King St. West,Utilized Off Route,10,20,N,1551
2015/06/09,44,11:04:00 PM,Tuesday,COL SAM,Utilized Off Route,10,20,N/B,8044
2015/06/09,123,11:59:00 PM,Tuesday,LONGBRANCH LOOP,Utilized Off Route,33,58,N/B,7926
2015/06/10,100,12:30:00 AM,Wednesday,Concord Place,Mechanical,10,20,WB,7637
2015/06/10,161,12:50:00 AM,Wednesday,Rogers Rd.and Oakwood Ave.,Mechanical,20,40,E,1569
2015/06/10,1,1:00:00 AM,Wednesday,Finch Station,Mechanical,3,6,S,1759
2015/06/10,95,1:13:00 AM,Wednesday,York Mills Station,Mechanical,10,20,eb,1138
2015/06/10,320,2:25:00 AM,Wednesday,yonge and yorkville,Mechanical,4,8,b/w,8322
2015/06/10,39,5:07:00 AM,Wednesday,Finch & Baldoon,Late Leaving Garage,5,10,EB,1820
2015/06/10,47,5:10:00 AM,Wednesday,queen and lansdowne,Late Leaving Garage,9,18,n/b,1059
2015/06/10,320,5:20:00 AM,Wednesday,Yonge and Bloor,Investigation,7,15,N,8201
2015/06/10,161,5:28:00 AM,Wednesday,LAMPTON AND JANE,Late Leaving Garage,13,26,S/B,1527
2015/06/10,320,5:33:00 AM,Wednesday,Yonge and Queen,Investigation,7,15,N,1652
2015/06/10,24,5:41:00 AM,Wednesday,CONSUMERS/VP,Late Leaving Garage,12,30,N,7825
2015/06/10,102,5:42:00 AM,Wednesday,Warden Stn,Late Leaving Garage,20,40,N/B,7879
2015/06/10,95,5:44:00 AM,Wednesday,Kingston Road Loop,Mechanical,0,0,w,1765
2015/06/10,126,5:45:00 AM,Wednesday,St. Clair west station,Late Leaving Garage,1,30,S/B,1629
2015/06/10,54,5:46:00 AM,Wednesday,Brentcliffe and Eglinton,Late Leaving Garage,12,21,w,7653
2015/06/10,165,5:48:00 AM,Wednesday,finch at weston,Mechanical,12,12,n,7216
2015/06/10,32,5:50:00 AM,Wednesday,keele and eglinton,Late Leaving Garage,9,18,e/b,1524
2015/06/10,61,5:52:00 AM,Wednesday,Bombay Loop,Investigation,10,21,sb,8201
2015/06/10,32,5:57:00 AM,Wednesday,eglinton stn,Investigation,8,16,w/b,1652
2015/06/10,84,6:00:00 AM,Wednesday,Sheppard Avenue,General Delay,8,16,B/W,
2015/06/10,95,6:00:00 AM,Wednesday,Scarb college loop,Late Leaving Garage,0,9,W,1110
2015/06/10,86,6:00:00 AM,Wednesday,Kennedy Stn,Utilized Off Route,8,16,E,7464
2015/06/10,81,6:00:00 AM,Wednesday,65 Thorncliffe Pk Drive,Late Leaving Garage,8,10,S/B,7758
2015/06/10,35,6:00:00 AM,Wednesday,Jane Street,General Delay,5,10,B/W,
2015/06/10,195,6:00:00 AM,Wednesday,Jane Street,General Delay,10,20,B/W,
2015/06/10,116,6:03:00 AM,Wednesday,Kennedy Stn,Mechanical,7,13,E,7575
2015/06/10,199,6:06:00 AM,Wednesday,STC,Late Leaving Garage,3,5,WB,1805
2015/06/10,89,6:10:00 AM,Wednesday,Albion and Weston rd.,Late Leaving Garage,10,19,S/b,1658
2015/06/10,91,6:10:00 AM,Wednesday,Woodbine Stn,Late Leaving Garage,19,38,N/B,7823
2015/06/10,116,6:10:00 AM,Wednesday,Eglinton & Danforth,Investigation,8,15,W,7630
2015/06/10,39,6:18:00 AM,Wednesday,Finch station,Late Leaving Garage,4,7,EB,1809
2015/06/10,90,6:20:00 AM,Wednesday,North cliffe and eglinton,Late Leaving Garage,8,16,S,8144
2015/06/10,96,6:22:00 AM,Wednesday,Yorkmills stn,Mechanical,11,33,w,7211
2015/06/10,24,6:22:00 AM,Wednesday,Victoria Park,Late Leaving Garage,6,8,N/B,8131
2015/06/10,32,6:25:00 AM,Wednesday,skymark,Late Leaving Garage,6,12,e/b,1062
2015/06/10,29,6:26:00 AM,Wednesday,Dufferin and Bloor,Late Leaving Garage,8,16,n/b,9048
2015/06/10,95,6:27:00 AM,Wednesday,York Mills Stn,Late Leaving Garage,7,14,E,1780
2015/06/10,96,6:30:00 AM,Wednesday,wilson - bathurst to avenue,General Delay,10,22,bw,
2015/06/10,165,6:30:00 AM,Wednesday,wilson - bathurst to avenue,General Delay,10,22,bw,
2015/06/10,42,6:30:00 AM,Wednesday,Finch station,Mechanical,22,45,eb,8393
2015/06/10,43,6:30:00 AM,Wednesday,STC,Utilized Off Route,10,20,S,7639
2015/06/10,42,6:30:00 AM,Wednesday,Finch Station,Utilized Off Route,11,22,eb,8321
2015/06/10,199,6:31:00 AM,Wednesday,Finch station,Mechanical,3,6,EB,1264
2015/06/10,95,6:32:00 AM,Wednesday,York Mills & Harrison,Mechanical,7,14,W,9404
2015/06/10,199,6:34:00 AM,Wednesday,Finch station,Late Leaving Garage,3,6,EB,1127
2015/06/10,44,6:34:00 AM,Wednesday,COL>SMITH LOOP,Mechanical,7,14,N,8012
2015/06/10,190,6:35:00 AM,Wednesday,Eglinton Garage,Late Leaving Garage,7,14,W,7485
2015/06/10,191,6:35:00 AM,Wednesday,Kipling station,Late Leaving Garage,5,10,N,7951
2015/06/10,76,6:36:00 AM,Wednesday,Queensway and royal york,Late Leaving Garage,6,6,s/b,7965
2015/06/10,199,6:37:00 AM,Wednesday,Finch station,Late Leaving Garage,3,6,EB,1277
2015/06/10,96,6:38:00 AM,Wednesday,thistle down,Mechanical,22,44,e,1574
2015/06/10,199,6:39:00 AM,Wednesday,STC,Late Leaving Garage,3,5,WB,1795
2015/06/10,45,6:41:00 AM,Wednesday,KIPLING & STEELES,Mechanical,5,10,S,8002
2015/06/10,85,6:42:00 AM,Wednesday,Rouge Hill GO,Mechanical,11,21,W,9099
2015/06/10,199,6:48:00 AM,Wednesday,Finch station,Mechanical,3,6,EB,1095
2015/06/10,199,6:50:00 AM,Wednesday,STC,Late Leaving Garage,3,5,WB,1402
2015/06/10,11,7:04:00 AM,Wednesday,Bayview and Yorkmills,Late Leaving Garage,12,24,s/b,8320
2015/06/10,11,7:09:00 AM,Wednesday,Belsize and Cleveland,Late Leaving Garage,13,26,w/b,8369
2015/06/10,96,7:10:00 AM,Wednesday,woodbine downs,Mechanical,15,30,e,7251
2015/06/10,129,7:13:00 AM,Wednesday,STC,Mechanical,14,27,N,1759
2015/06/10,131,7:14:00 AM,Wednesday,Morningview &n Old Finch,Mechanical,8,14,S,1123
2015/06/10,86,7:30:00 AM,Wednesday,Kingston & Scarb Golf,General Delay,30,44,W,
2015/06/10,198,7:30:00 AM,Wednesday,Kingston & Scarb Golf,General Delay,20,30,W,
2015/06/10,51,7:38:00 AM,Wednesday,Townsend and Freshmedow,Mechanical,13,26,s/b,8330
2015/06/10,37,7:50:00 AM,Wednesday,Islington station,Mechanical,7,14,N,8046
2015/06/10,43,7:51:00 AM,Wednesday,Kennedy STN,Mechanical,10,20,NB,7577
2015/06/10,94,8:00:00 AM,Wednesday,WELLESLEY ROUTE,General Delay,10,0,BW,
2015/06/10,36,8:00:00 AM,Wednesday,Finch west route,General Delay,12,18,B,
2015/06/10,191,8:00:00 AM,Wednesday,HWY 27 rocket,General Delay,8,14,B,
2015/06/10,51,8:00:00 AM,Wednesday,Eglinton and Leslie,General Delay,12,24,s/b,
2015/06/10,24,8:00:00 AM,Wednesday,VP ROUTE,General Delay,8,0,BW,
2015/06/10,32,8:01:00 AM,Wednesday,avenue and eglinton,Investigation,5,10,w/b,1665
2015/06/10,76,8:01:00 AM,Wednesday,Royal York Station,Mechanical,4,9,s/b,8065
2015/06/10,52,8:08:00 AM,Wednesday,Lawrence W stn.,Mechanical,5,10,E/B,1533
2015/06/10,32,8:10:00 AM,Wednesday,oakwood and eglinton,Mechanical,5,10,e/b,1676
2015/06/10,196,8:20:00 AM,Wednesday,Downsview Stn,Utilized Off Route,7,14,n,1796
2015/06/10,52,8:26:00 AM,Wednesday,Lawrence station,Utilized Off Route,12,24,W/b,1668
2015/06/10,85,8:27:00 AM,Wednesday,Don Mills station,Mechanical,6,11,E,9072
2015/06/10,168,8:45:00 AM,Wednesday,Avon Loop,Mechanical,4,9,s/b,7336
2015/06/10,85,8:49:00 AM,Wednesday,Rouge Hill GO,Mechanical,9,18,W,9099
2015/06/10,70,9:00:00 AM,Wednesday,St Clair,General Delay,21,39,bw,
2015/06/10,17,9:05:00 AM,Wednesday,Birchmount and Lawrence,Mechanical,13,22,N/B,7726
2015/06/10,11,9:06:00 AM,Wednesday,Steeles and Bayview,Mechanical,12,24,s/b,8135
2015/06/10,39,9:37:00 AM,Wednesday,Neilson & Crow Trail,Mechanical,5,12,WB,1821
2015/06/10,61,9:39:00 AM,Wednesday,Avenue rd and Elwood ave,Investigation,10,20,n/b,8166
2015/06/10,29,9:48:00 AM,Wednesday,Springhurst,Mechanical,4,8,n/b,8365
2015/06/10,57,9:54:00 AM,Wednesday,Kennedy Stn,Mechanical,11,22,N/B,8124
2015/06/10,26,10:00:00 AM,Wednesday,Entire Route,General Delay,15,35,B/W,
2015/06/10,196,10:00:00 AM,Wednesday,Sheppard Stn,Utilized Off Route,7,14,,9413
2015/06/10,75,10:05:00 AM,Wednesday,Lakeshore and jarvis,Mechanical,6,12,N,8391
2015/06/10,16,10:14:00 AM,Wednesday,McCowan and Lawrence,Mechanical,10,20,N/B,7838
2015/06/10,9,10:28:00 AM,Wednesday,Scarborough Town Center,Mechanical,22,44,S/B,7830
2015/06/10,6,10:30:00 AM,Wednesday,Entire Route,Mechanical,10,20,B/W,1621
2015/06/10,41,10:45:00 AM,Wednesday,Keele and Junction,Investigation,11,22,s/b,9144
2015/06/10,196,10:50:00 AM,Wednesday,Dufferin and Finch,Investigation,3,6,s,8306
2015/06/10,161,10:56:00 AM,Wednesday,Jane and Lampton,Mechanical,18,36,e/b,1631
2015/06/10,47,10:57:00 AM,Wednesday,Lansdowne Stn,Mechanical,15,30,S/B,1423
2015/06/10,25,11:39:00 AM,Wednesday,Pape Station,Mechanical,6,12,N/B,7633
2015/06/10,21,11:44:00 AM,Wednesday,Brimley & Elgar,Investigation,20,40,N/B,7782
2015/06/10,104,11:49:00 AM,Wednesday,Downsview Stn,Mechanical,15,30,n,8195
2015/06/10,89,11:55:00 AM,Wednesday,Weston and Churche,Investigation,9,18,s/b,1603
2015/06/10,191,12:00:00 PM,Wednesday,Windwood and Humber College,Mechanical,9,18,N,7917
2015/06/10,112,12:00:00 PM,Wednesday,KIPLING STATION,Mechanical,20,40,N,8039
2015/06/10,102,12:02:00 PM,Wednesday,Warden Stn,Utilized Off Route,17,34,N/B,7880
2015/06/10,52,12:12:00 PM,Wednesday,Lawrence and Elm rd.,Mechanical,15,30,W/B,1409
2015/06/10,35,12:30:00 PM,Wednesday,All Run Affected,General Delay,8,14,B/W,1305
2015/06/10,56,12:30:00 PM,Wednesday,,General Delay,17,35,n,
2015/06/10,195,12:30:00 PM,Wednesday,All Run Affected,General Delay,12,25,B/W,1227
2015/06/10,84,12:30:00 PM,Wednesday,All Run Affected,General Delay,13,26,B/W,1374
2015/06/10,95,12:35:00 PM,Wednesday,Ellesmere and Dolly Varden,Mechanical,8,15,w,1282
2015/06/10,196,12:36:00 PM,Wednesday,Sheppard Stn,Utilized Off Route,6,13,,9414
2015/06/10,56,12:50:00 PM,Wednesday,Eglinton Stn,Utilized Off Route,17,34,wb,8158
2015/06/10,45,1:00:00 PM,Wednesday,Entire route,General Delay,20,12,bw,
2015/06/10,61,1:00:00 PM,Wednesday,,General Delay,15,30,n,
2015/06/10,73,1:00:00 PM,Wednesday,Royal York Station to Albion at Claireport,General Delay,30,45,BW,
2015/06/10,133,1:00:00 PM,Wednesday,STC,Mechanical,10,20,N,1148
2015/06/10,73,1:04:00 PM,Wednesday,St. Phillips at Riverview Heights,Diversion,368,383,BW,7941
2015/06/10,75,1:10:00 PM,Wednesday,Jarivis/Queens Quay,Utilized Off Route,9,18,NB,8355
2015/06/10,196,1:10:00 PM,Wednesday,Downsview Stn,Utilized Off Route,3,6,w,1796
2015/06/10,85,1:12:00 PM,Wednesday,Sheppard @ Morningside,Mechanical,8,15,E,9059
2015/06/10,63,1:17:00 PM,Wednesday,east liberty,Utilized Off Route,8,16,s/b,1639
2015/06/10,196,1:22:00 PM,Wednesday,Sheppard Stn,Utilized Off Route,7,13,,9429
2015/06/10,15,1:22:00 PM,Wednesday,Royal York/Norseman,Mechanical,23,45,N,8019
2015/06/10,51,1:30:00 PM,Wednesday,,General Delay,15,30,n,
2015/06/10,60,1:39:00 PM,Wednesday,steeles at adesso,Mechanical,13,26,w,1220
2015/06/10,196,1:46:00 PM,Wednesday,Downsview Stn,Utilized Off Route,3,7,w,8215
2015/06/10,84,1:49:00 PM,Wednesday,John Drury on Sheppard West,Mechanical,9,18,W,1374
2015/06/10,44,1:52:00 PM,Wednesday,Kipling station,Utilized Off Route,8,15,sb,8028
2015/06/10,191,1:54:00 PM,Wednesday,hyw27/Dixon,Mechanical,10,20,s,1545
2015/06/10,11,2:00:00 PM,Wednesday,,General Delay,12,30,e/b,
2015/06/10,191,2:00:00 PM,Wednesday,Hyw27 route,General Delay,10,20,B/W,
2015/06/10,165,2:00:00 PM,Wednesday,Yonge st to Ave rd.,General Delay,10,20,B/W,
2015/06/10,96,2:00:00 PM,Wednesday,Yonge st to Ave rd,General Delay,7,14,B/W,
2015/06/10,34,2:00:00 PM,Wednesday,Bayview to Brentcliffe,General Delay,25,35,EB,
2015/06/10,36,2:00:00 PM,Wednesday,Finch route,General Delay,12,24,B/W,
2015/06/10,80,2:05:00 PM,Wednesday,Kipling/Queensway,Diversion,43,53,E,7932
2015/06/10,29,2:05:00 PM,Wednesday,Rowan,Mechanical,5,10,N,9415
2015/06/10,196,2:08:00 PM,Wednesday,Downsview Stn,Mechanical,7,13,e,9413
2015/06/10,56,2:20:00 PM,Wednesday,Eglinton Stn,Mechanical,17,34,eb,9403
2015/06/10,41,2:24:00 PM,Wednesday,Commons at York Univ.,Late Leaving Garage,16,31,SB,9142
2015/06/10,59,2:30:00 PM,Wednesday,weston - oak to church,General Delay,10,21,bw,
2015/06/10,41,2:30:00 PM,Wednesday,Entire Route,General Delay,35,45,B/W,
2015/06/10,100,2:30:00 PM,Wednesday,Bayview to Brentcliffe,General Delay,25,40,EB,
2015/06/10,60,2:30:00 PM,Wednesday,steeles - yonge to dufferin,General Delay,10,16,bw,
2015/06/10,47,2:34:00 PM,Wednesday,yorkdale,Late Leaving Garage,26,52,s/b,1032
2015/06/10,52,2:35:00 PM,Wednesday,Lawrence West Station,Mechanical,11,22,E/B,1581
2015/06/10,106,2:40:00 PM,Wednesday,,Utilized Off Route,10,20,w,9418
2015/06/10,129,2:42:00 PM,Wednesday,STC,Mechanical,15,27,N,9093
2015/06/10,139,2:43:00 PM,Wednesday,Malvern garage,Mechanical,20,40,EB,1808
2015/06/10,96,2:45:00 PM,Wednesday,MDNA,Mechanical,10,20,W,1350
2015/06/10,112,2:45:00 PM,Wednesday,Rathburn at 427 hwy,Mechanical,1,6,eb,7316
2015/06/10,71,2:55:00 PM,Wednesday,Ray & Industry,Mechanical,10,20,s/b,1632
2015/06/10,165,2:56:00 PM,Wednesday,FWES,Late Leaving Garage,10,20,N,1298
2015/06/10,96,2:59:00 PM,Wednesday,Jane,Mechanical,10,20,E,1255
2015/06/10,16,3:00:00 PM,Wednesday,Warden Station to Scarborough Town Centre,General Delay,10,1,B/W,
2015/06/10,102,3:00:00 PM,Wednesday,Warden Station to Major MacKenzie,General Delay,12,1,B/W,
2015/06/10,9,3:00:00 PM,Wednesday,Warden Station to Scarborough Town Centre,General Delay,12,1,B/W,
2015/06/10,17,3:00:00 PM,Wednesday,Warden Station to Crown Steel,General Delay,10,1,B/W,
2015/06/10,34,3:00:00 PM,Wednesday,Eglinton Garage,Late Leaving Garage,4,8,WB,7620
2015/06/10,79,3:00:00 PM,Wednesday,Weston rd to Runnymede stn,General Delay,16,22,b/w,
2015/06/10,42,3:00:00 PM,Wednesday,Cummer route,General Delay,15,30,bw,
2015/06/10,52,3:00:00 PM,Wednesday,Lawrnce and Scarlett,General Delay,10,20,E/B,
2015/06/10,89,3:00:00 PM,Wednesday,Entire Route,General Delay,25,32,B/W,
2015/06/10,52,3:01:00 PM,Wednesday,Church and Jane,Late Leaving Garage,17,33,E/B,1605
2015/06/10,124,3:02:00 PM,Wednesday,Lawrence and Wanless,Investigation,7,14,w,8367
2015/06/10,45,3:04:00 PM,Wednesday,Kipling station,Mechanical,3,13,n,7316
2015/06/10,53,3:05:00 PM,Wednesday,Steeles - Brebeuf College,Late Leaving Garage,4,8,E,1090
2015/06/10,42,3:15:00 PM,Wednesday,Finch Station,Mechanical,11,23,e,8320
2015/06/10,196,3:20:00 PM,Wednesday,Downsview Station,Utilized Off Route,7,14,n,9438
2015/06/10,54,3:29:00 PM,Wednesday,Kingston and Lawrence,Diversion,531,541,b/w,7602
2015/06/10,97,3:30:00 PM,Wednesday,Yonge Route,General Delay,45,55,bw,
2015/06/10,86,3:30:00 PM,Wednesday,Lawrence and Kingston Road,Diversion,380,390,WB,7621
2015/06/10,54,3:30:00 PM,Wednesday,Kingston and Lawrence ( 54 route),General Delay,1,1,b/w1,
2015/06/10,198,3:30:00 PM,Wednesday,Lawrence and Kingston Road,Diversion,480,492,BW,7605
2015/06/10,79,3:33:00 PM,Wednesday,Runnymede stn,Mechanical,6,12,n,1575
2015/06/10,42,3:34:00 PM,Wednesday,Harold Evans and Gordon Baker,Mechanical,1,12,w,9409
2015/06/10,42,3:38:00 PM,Wednesday,Finch Station,Mechanical,11,23,e,8307
2015/06/10,124,3:39:00 PM,Wednesday,Lawrence Station,Investigation,6,12,e,8200
2015/06/10,97,3:44:00 PM,Wednesday,York Mills Station,Mechanical,30,60,s,8201
2015/06/10,42,3:44:00 PM,Wednesday,Finch Station,Mechanical,23,46,e,8162
2015/06/10,37,3:47:00 PM,Wednesday,HWY 27 and Queensplate drive,Investigation,19,38,S,8032
2015/06/10,196,3:47:00 PM,Wednesday,Downsview Stn,Utilized Off Route,7,13,e,8184
2015/06/10,32,3:49:00 PM,Wednesday,Skymark,Mechanical,8,16,s/b,1059
2015/06/10,131,3:49:00 PM,Wednesday,Morningview and Sewells,Mechanical,8,16,WB,1138
2015/06/10,60,3:50:00 PM,Wednesday,steeles at hilda,Mechanical,15,30,w,1393
2015/06/10,53,3:53:00 PM,Wednesday,Steeles - McCowan,Mechanical,5,10,W,1078
2015/06/10,46,4:00:00 PM,Wednesday,Martin Grove,General Delay,7,14,B/W,
2015/06/10,116,4:00:00 PM,Wednesday,Kingston Road and Lawrence,Diversion,1,1,BW,7573
2015/06/10,65,4:00:00 PM,Wednesday,Castle Frank Station,Mechanical,9,19,sb,8107
2015/06/10,35,4:05:00 PM,Wednesday,Jane st @ Sheppard West,Mechanical,5,10,N,1419
2015/06/10,76,4:10:00 PM,Wednesday,Royal York  Station,Mechanical,5,10,S,8031
2015/06/10,96,4:15:00 PM,Wednesday,Wilson stn,Mechanical,10,20,e,7204
2015/06/10,106,4:15:00 PM,Wednesday,Sheppard and Chesswood.,Mechanical,9,19,e,8208
2015/06/10,11,4:17:00 PM,Wednesday,Bayview/York Mills,Investigation,12,24,nb,8343
2015/06/10,44,4:34:00 PM,Wednesday,Colonel Sam Smith Loop,Mechanical,4,9,nb,7330
2015/06/10,53,4:35:00 PM,Wednesday,Finch Station - Morningside/Staines Rd,General Delay,10,15,B/W,
2015/06/10,109,4:40:00 PM,Wednesday,Neptune/Bathurst,Mechanical,12,24,NB,8135
2015/06/10,168,4:40:00 PM,Wednesday,Dundas West Station,Mechanical,6,13,N,7323
2015/06/10,29,4:44:00 PM,Wednesday,king Street,Investigation,5,10,S,9029
2015/06/10,36,4:46:00 PM,Wednesday,Milvan/Millwick,Mechanical,12,24,n,9106
2015/06/10,759,4:50:00 PM,Wednesday,Jane and Foxwell,Investigation,6,12,n,1420
2015/06/10,68,4:55:00 PM,Wednesday,Ellington / Warden,Investigation,19,37,NB,7511
2015/06/10,34,4:56:00 PM,Wednesday,Pharmacy at Craigton,Investigation,4,8,NB,7599
2015/06/10,68,5:00:00 PM,Wednesday,Ellington / Warden,Utilized Off Route,6,12,NB,7595
2015/06/10,40,5:00:00 PM,Wednesday,Dundas West Station to Runnymede Loop,General Delay,20,0,BW,
2015/06/10,85,5:00:00 PM,Wednesday,Don Mills Stn to Rouge Hill go,General Delay,15,21,E/W,
2015/06/10,122,5:00:00 PM,Wednesday,graydon Hall route,General Delay,20,35,B,
2015/06/10,95,5:00:00 PM,Wednesday,Morningside to Markham,General Delay,15,1,BW,
2015/06/10,168,5:00:00 PM,Wednesday,Dundas West,General Delay,15,0,BW,
2015/06/10,195,5:04:00 PM,Wednesday,#2901 on Jane St.,Investigation,12,24,N,1252
2015/06/10,39,5:06:00 PM,Wednesday,Victoria Park Ave,Mechanical,5,15,EB,1300
2015/06/10,53,5:09:00 PM,Wednesday,Steeles - Shadlock,Investigation,5,10,E,1704
2015/06/10,120,5:10:00 PM,Wednesday,Gultispur at Jane,General Delay,22,44,E,1271
2015/06/10,85,5:11:00 PM,Wednesday,Sheppard @ Pharmacy,Mechanical,12,24,E,9100
2015/06/10,42,5:14:00 PM,Wednesday,McNicoll and Don Mills,Investigation,23,46,w,8219
2015/06/10,29,5:24:00 PM,Wednesday,Springhurst loop,Mechanical,5,10,N,9405
2015/06/10,131,5:30:00 PM,Wednesday,Scarborough Town Centre,Mechanical,7,14,WB,1077
2015/06/10,76,5:30:00 PM,Wednesday,Royal York Station,Utilized Off Route,5,10,S,7340
2015/06/10,53,5:35:00 PM,Wednesday,Finch Station,Mechanical,15,30,E,9080
2015/06/10,127,5:35:00 PM,Wednesday,Davenport and Lightbourn,Mechanical,20,40,EB,1011
2015/06/10,142,5:45:00 PM,Wednesday,,General Delay,30,20,nb,
2015/06/10,16,5:49:00 PM,Wednesday,Warden Station,Mechanical,9,19,N,8122
2015/06/10,134,6:05:00 PM,Wednesday,Scar Town Centre Station(Triton/McCowan),Investigation,9,17,E,1060
2015/06/10,45,6:06:00 PM,Wednesday,Kipling at Albion,Utilized Off Route,14,28,N,7976
2015/06/10,53,6:07:00 PM,Wednesday,Finch Station,Mechanical,18,43,E,9064
2015/06/10,131,6:09:00 PM,Wednesday,Triton and Mccowan,General Delay,10,1,BW,
2015/06/10,9,6:10:00 PM,Wednesday,Brimley and Triton,Investigation,15,30,SB,7692
2015/06/10,79,6:14:00 PM,Wednesday,Scarlett Rd. and Ellins Ave.,Mechanical,6,12,N,1015
2015/06/10,78,6:15:00 PM,Wednesday,York mills station,Mechanical,15,30,E,8191
2015/06/10,60,6:22:00 PM,Wednesday,steeles at hilda,Investigation,17,24,w,1288
2015/06/10,86,6:24:00 PM,Wednesday,Meadowvale Loop,Mechanical,8,13,S,7506
2015/06/10,196,6:26:00 PM,Wednesday,Sheppard station,Utilized Off Route,7,14,`W,8366
2015/06/10,199,6:30:00 PM,Wednesday,Scarborough STN,General Delay,1,1,BW,
2015/06/10,37,6:31:00 PM,Wednesday,Islington station,Mechanical,10,19,nb,7305
2015/06/10,32,6:32:00 PM,Wednesday,Keele & Eglinton,Mechanical,8,16,e/b,1642
2015/06/10,83,6:42:00 PM,Wednesday,Jones and Gerrard,Mechanical,24,48,SB,7878
2015/06/10,73,6:45:00 PM,Wednesday,Royal York at Lawrence,Investigation,15,30,N,8050
2015/06/10,59,6:48:00 PM,Wednesday,Oak at weston,Mechanical,12,29,e,1303
2015/06/10,52,6:55:00 PM,Wednesday,Lawernce and Bathurst,Mechanical,15,30,E/B,1614
2015/06/10,29,6:58:00 PM,Wednesday,Bloor,Mechanical,5,10,N,9018
2015/06/10,196,7:05:00 PM,Wednesday,Downsview STN,Utilized Off Route,1,1,EB,8334
2015/06/10,107,7:08:00 PM,Wednesday,The Pond and Keele,Mechanical,30,49,w,9426
2015/06/10,79,7:16:00 PM,Wednesday,Bellevue Ave. and Hickory Tree Rd.,Mechanical,6,12,S,1661
2015/06/10,39,7:27:00 PM,Wednesday,Pharmacy Ave,Mechanical,5,10,EB,1317
2015/06/10,52,7:30:00 PM,Wednesday,Lawence and Scarlett,Mechanical,11,28,W/b,1052
2015/06/10,44,7:46:00 PM,Wednesday,Kipling station,Mechanical,4,9,sb,7342
2015/06/10,84,8:40:00 PM,Wednesday,bradstock,Mechanical,8,16,e/b,1286
2015/06/10,90,9:00:00 PM,Wednesday,Oakwood and Vaughan,Mechanical,8,16,s,8379
2015/06/10,60,9:15:00 PM,Wednesday,commoms,Mechanical,14,28,e/b,1335
2015/06/10,72,9:46:00 PM,Wednesday,"Carlaw, north of Queen",Mechanical,10,20,SB,7741
2015/06/10,65,10:15:00 PM,Wednesday,Princess and Front,Diversion,38,68,SB,7765
2015/06/10,102,10:22:00 PM,Wednesday,Markham and Painted Post,Investigation,10,8,NB,7879
2015/06/10,53,10:36:00 PM,Wednesday,Finch Stn,Mechanical,10,20,eb,1137
2015/06/10,8,11:29:00 PM,Wednesday,Broadview Station,Mechanical,34,0,NB,7882
2015/06/10,24,11:50:00 PM,Wednesday,Victoria Park and Steeles,Mechanical,10,20,SB,7702
2015/06/11,36,12:35:00 AM,Thursday,finch and tobermory,Diversion,170,18,b/w,1366
2015/06/11,196,12:52:00 AM,Thursday,Downsview Station,Mechanical,10,20,N,8368
2015/06/11,53,1:45:00 AM,Thursday,Steeles and Markham,Mechanical,9,18,W,1352
2015/06/11,309,2:00:00 AM,Thursday,Finch Av W and Tobermory Dr,Diversion,30,360,BW,
2015/06/11,300,3:42:00 AM,Thursday,he West Mall and Burnhamthorpe rd,Mechanical,30,60,nb,7936
2015/06/11,320,4:10:00 AM,Thursday,yonge and fairlawn,Mechanical,4,8,s/b,8387
2015/06/11,7,4:40:00 AM,Thursday,Village gate and Steeles,Late Leaving Garage,30,60,s/b,9020
2015/06/11,102,4:50:00 AM,Thursday,Major Mac & Mingay,Late Leaving Garage,30,60,S/B,7761
2015/06/11,35,4:56:00 AM,Thursday,JSTE,Late Leaving Garage,10,25,S,1421
2015/06/11,36,5:00:00 AM,Thursday,Finch at DRIFTWOOD,Diversion,290,296,B,9127
2015/06/11,168,5:10:00 AM,Thursday,Avon Loop,Mechanical,10,20,s/b,7976
2015/06/11,67,5:16:00 AM,Thursday,egl yard,Late Leaving Garage,1,1,,7412
2015/06/11,53,5:22:00 AM,Thursday,Passmore and Markham,Mechanical,5,10,w,1738
2015/06/11,160,5:23:00 AM,Thursday,Wilson Station,Late Leaving Garage,20,0,N,8386
2015/06/11,116,5:26:00 AM,Thursday,Morningside & Staines,Mechanical,8,15,N,7673
2015/06/11,41,5:30:00 AM,Thursday,Keel and St.Claier,Mechanical,10,21,n/b,9150
2015/06/11,36,5:30:00 AM,Thursday,Humberwood loop,Late Leaving Garage,10,23,E,9114
2015/06/11,38,5:37:00 AM,Thursday,Rouge Hill GO,Late Leaving Garage,3,13,W,1755
2015/06/11,52,5:37:00 AM,Thursday,T3,Late Leaving Garage,1,23,E/B,1027
2015/06/11,191,5:49:00 AM,Thursday,Martin grove and Royalcrest,Late Leaving Garage,8,29,N,7902
2015/06/11,52,5:50:00 AM,Thursday,Lawrence station,Late Leaving Garage,1,5,W/b,1601
2015/06/11,26,5:50:00 AM,Thursday,Jane stn,Mechanical,20,40,n/b,1063
2015/06/11,17,5:52:00 AM,Thursday,Wintermute & Birchmount,Late Leaving Garage,13,26,S/B,7882
2015/06/11,116,5:54:00 AM,Thursday,Morningside & Nighstar,Late Leaving Garage,6,13,E,7652
2015/06/11,165,5:55:00 AM,Thursday,Major Mackenzie lp,Mechanical,24,62,s,7211
2015/06/11,168,5:57:00 AM,Thursday,Avon Loop,Late Leaving Garage,4,9,s/b,7957
2015/06/11,53,5:57:00 AM,Thursday,Morningside and Staines,Mechanical,9,23,w,9064
2015/06/11,47,5:59:00 AM,Thursday,Yorkdale,Late Leaving Garage,18,36,s/b,1200
2015/06/11,84,6:00:00 AM,Thursday,Sheppard Avenue.,General Delay,8,16,B/W,
2015/06/11,195,6:00:00 AM,Thursday,Jane street,General Delay,10,20,B/W,
2015/06/11,35,6:00:00 AM,Thursday,Jane Street,General Delay,5,13,B/W,
2015/06/11,51,6:03:00 AM,Thursday,Eglinton stn,Mechanical,8,14,s/b,8373
2015/06/11,56,6:11:00 AM,Thursday,Donlands station,Late Leaving Garage,22,0,N,8348
2015/06/11,60,6:15:00 AM,Thursday,Finch stn,Late Leaving Garage,6,12,W,1380
2015/06/11,21,6:16:00 AM,Thursday,Brimley & Steeles,Late Leaving Garage,7,14,S/B,8119
2015/06/11,160,6:20:00 AM,Thursday,Wilson Station,Late Leaving Garage,20,40,N,8150
2015/06/11,41,6:20:00 AM,Thursday,Keel Station,Mechanical,13,26,n/b,1672
2015/06/11,90,6:20:00 AM,Thursday,Northcliffe and Eglinton,Late Leaving Garage,8,16,S,9409
2015/06/11,85,6:25:00 AM,Thursday,Don Mills station,Mechanical,11,23,E,9099
2015/06/11,190,6:25:00 AM,Thursday,STC,Late Leaving Garage,9,18,W,7438
2015/06/11,43,6:30:00 AM,Thursday,STC,Utilized Off Route,10,20,S,7422
2015/06/11,96,6:30:00 AM,Thursday,wilson - bathurst to avenue,General Delay,10,22,bw,
2015/06/11,165,6:30:00 AM,Thursday,wilson - bathurst to avenue,General Delay,10,22,bw,
2015/06/11,106,6:31:00 AM,Thursday,Ian Mcdonald at Chimneystack,Mechanical,10,20,s,8187
2015/06/11,39,6:31:00 AM,Thursday,Neilson & Crow Trail,Utilized Off Route,4,7,WB,1814
2015/06/11,59,6:31:00 AM,Thursday,Lawrence W Stn,Late Leaving Garage,20,40,W,1512
2015/06/11,39,6:32:00 AM,Thursday,Old Finch,Late Leaving Garage,15,30,WB,1823
2015/06/11,60,6:35:00 AM,Thursday,Finch Stn,Late Leaving Garage,6,12,E,1393
2015/06/11,79,6:37:00 AM,Thursday,Scarlett and Ellins,Mechanical,5,10,NB,1575
2015/06/11,161,6:39:00 AM,Thursday,Jane and Alliance,Mechanical,11,22,e/b,1676
2015/06/11,78,6:40:00 AM,Thursday,Yorkmills at old York mill,Mechanical,10,20,e/b,8336
2015/06/11,60,6:51:00 AM,Thursday,Finch Stn,Late Leaving Garage,6,12,W,1215
2015/06/11,192,6:54:00 AM,Thursday,KIPLING STATION,Mechanical,8,16,N,8005
2015/06/11,24,6:55:00 AM,Thursday,CONSUMERS/YORKLANDS BLVD,Diversion,733,756,B/W,7746
2015/06/11,115,6:58:00 AM,Thursday,Leslie at Coldwater,Investigation,20,40,e/b,8208
2015/06/11,7,6:59:00 AM,Thursday,Bathurst and Wilson,Late Leaving Garage,8,15,N,9020
2015/06/11,63,7:00:00 AM,Thursday,Ossington Route,General Delay,0,0,bw,
2015/06/11,36,7:00:00 AM,Thursday,Finch at DRIFTWOOD & KEELE,General Delay,25,32,B,9133
2015/06/11,29,7:00:00 AM,Thursday,Wilson stn to Princes gate,General Delay,12,16,b/w,
2015/06/11,6,7:00:00 AM,Thursday,Bay route,General Delay,15,20,BW,
2015/06/11,91,7:07:00 AM,Thursday,Woodbine Station,Mechanical,5,10,N/B,7739
2015/06/11,196,7:08:00 AM,Thursday,York U. common,Late Leaving Garage,3,7,s,9013
2015/06/11,36,7:09:00 AM,Thursday,Finch station,Late Leaving Garage,6,11,W,9131
2015/06/11,87,7:15:00 AM,Thursday,Main Station,Utilized Off Route,9,18,W/B,8111
2015/06/11,122,7:23:00 AM,Thursday,Yorkmills stn,Utilized Off Route,10,20,e/b,8153
2015/06/11,56,7:29:00 AM,Thursday,Eglinton stn,Late Leaving Garage,21,42,e/b,8309
2015/06/11,33,7:30:00 AM,Thursday,Spadina and lonsdale,Investigation,30,60,S,8383
2015/06/11,90,7:31:00 AM,Thursday,St.Clair W Station,Utilized Off Route,8,16,N,8156
2015/06/11,85,7:40:00 AM,Thursday,Sheppard station to Rouge Hill GO,General Delay,30,15,B/W,
2015/06/11,25,7:40:00 AM,Thursday,25 Don Mills Route,General Delay,15,20,BW,
2015/06/11,25,7:40:00 AM,Thursday,Don Mills and Fairview Mall Dr.,Investigation,3,6,N,7622
2015/06/11,76,7:40:00 AM,Thursday,Lakeshore and Albany,Investigation,5,9,n/b,7927
2015/06/11,45,7:45:00 AM,Thursday,KIPLING STN,Mechanical,5,10,S,7345
2015/06/11,11,7:47:00 AM,Thursday,Bayview and Steeles,Late Leaving Garage,7,14,s/b,8326
2015/06/11,52,7:52:00 AM,Thursday,Lawrence and Jane,Mechanical,6,12,E/B,1670
2015/06/11,139,7:52:00 AM,Thursday,Don Mills & Leith Hill,Diversion,20,40,N,1082
2015/06/11,60,7:55:00 AM,Thursday,Commons,Mechanical,6,12,W,1259
2015/06/11,191,8:00:00 AM,Thursday,HWY 191 rocket,General Delay,12,17,B,7902
2015/06/11,45,8:00:00 AM,Thursday,ENTIRE ROUTE,General Delay,18,1,B/W,
2015/06/11,63,8:00:00 AM,Thursday,BAY ROUTE,General Delay,0,0,bw,
2015/06/11,46,8:00:00 AM,Thursday,Martingrove route,General Delay,15,26,B,
2015/06/11,10,8:05:00 AM,Thursday,Don Mills at Fairview,Diversion,45,55,e,8365
2015/06/11,25,8:08:00 AM,Thursday,Don Mills and Fairview Mall Dr.,Diversion,27,30,N,7467
2015/06/11,24,8:15:00 AM,Thursday,VICTORIA PARK ROUTE,General Delay,10,0,B/W,
2015/06/11,52,8:17:00 AM,Thursday,Lawrence station,Utilized Off Route,5,10,W/B,1635
2015/06/11,53,8:36:00 AM,Thursday,Steeles and Mccowan,Mechanical,5,13,w,9082
2015/06/11,167,8:45:00 AM,Thursday,PHARMACY NORTH ROUTE,General Delay,15,0,B/W,
2015/06/11,94,8:45:00 AM,Thursday,WELLESLEY ROUTE,General Delay,10,0,B/W,
2015/06/11,45,8:48:00 AM,Thursday,KIPLING & WESTWAY,Investigation,5,10,S,7327
2015/06/11,133,8:49:00 AM,Thursday,Nielson & Milner,Investigation,9,19,N,1080
2015/06/11,32,8:50:00 AM,Thursday,Kipliong & Eglinton,Diversion,40,45,e/b,1583
2015/06/11,53,8:56:00 AM,Thursday,Steeles and Middlefield,Mechanical,14,24,e,1717
2015/06/11,60,9:00:00 AM,Thursday,Finch stn to all Branches,General Delay,1,1,BW,1
2015/06/11,52,9:04:00 AM,Thursday,Airport rd. and Bresler,Mechanical,6,18,W/B,1648
2015/06/11,32,9:05:00 AM,Thursday,Northcliffe & Eglinton,Mechanical,5,10,e/b,1066
2015/06/11,102,9:20:00 AM,Thursday,Warden Station,Mechanical,40,74,EB,7779
2015/06/11,92,9:20:00 AM,Thursday,Woodbine Station,Utilized Off Route,12,24,S/B,7732
2015/06/11,60,9:25:00 AM,Thursday,PeterKaiser,Mechanical,10,20,E,1505
2015/06/11,196,9:34:00 AM,Thursday,Sheppard Stn,Utilized Off Route,7,13,,8354
2015/06/11,102,9:36:00 AM,Thursday,Warden Station,Mechanical,21,46,EB,7737
2015/06/11,95,9:45:00 AM,Thursday,Yorkmills and Fenside,General Delay,10,12,bw,
2015/06/11,95,9:51:00 AM,Thursday,Ellesmere and Military trail,Investigation,8,15,w,1762
2015/06/11,14,9:53:00 AM,Thursday,Chaplin and Duplex,Diversion,487,507,W/B,1584
2015/06/11,26,10:00:00 AM,Thursday,Route 26,General Delay,10,30,BW,
2015/06/11,196,10:00:00 AM,Thursday,Sheppard Stn,Utilized Off Route,7,13,,9432
2015/06/11,196,10:26:00 AM,Thursday,Downsview Station,Utilized Off Route,4,6,N,9422
2015/06/11,47,10:57:00 AM,Thursday,Lansdowne stn,Mechanical,15,30,S,1549
2015/06/11,21,11:10:00 AM,Thursday,Triton Rd At Borough Drive,Mechanical,14,28,N/B,7781
2015/06/11,65,11:13:00 AM,Thursday,Parliament at Wellesley,Mechanical,16,32,S/B,7855
2015/06/11,96,11:16:00 AM,Thursday,martingrove at john garland,Mechanical,18,36,w,1225
2015/06/11,161,11:17:00 AM,Thursday,Jane and Alliance,Mechanical,18,36,e/b,1573
2015/06/11,161,11:17:00 AM,Thursday,Jane and Alliance,Mechanical,18,36,e/b,1573
2015/06/11,87,11:20:00 AM,Thursday,Broadview Stn,Utilized Off Route,11,22,E/B,8120
2015/06/11,75,11:25:00 AM,Thursday,Sherbourne and King,Diversion,0,0,BW,8164
2015/06/11,52,11:30:00 AM,Thursday,Lawrence and Pimilco,Mechanical,5,10,E/B,1002
2015/06/11,91,11:42:00 AM,Thursday,B/W,General Delay,8,23,B/W,7844
2015/06/11,32,11:44:00 AM,Thursday,Avenue rd & Eglinton,Investigation,13,26,w/b,1244
2015/06/11,85,11:45:00 AM,Thursday,Don Mills Stn to Rouge Hill Go,General Delay,12,20,E/W,
2015/06/11,54,11:45:00 AM,Thursday,Eglinton station,Mechanical,13,36,e,7473
2015/06/11,39,11:46:00 AM,Thursday,Finch & Neilson,Investigation,6,13,EB,1113
2015/06/11,199,11:47:00 AM,Thursday,Finch & McCowan,Mechanical,5,10,EB,1128
2015/06/11,32,11:55:00 AM,Thursday,Old Park rd & Eglinton,Investigation,13,26,w/b,1245
2015/06/11,86,12:08:00 PM,Thursday,Toronto Zoo,Mechanical,10,20,S,7520
2015/06/11,29,12:10:00 PM,Thursday,Dufferin at Davenport,Mechanical,4,8,n/b,9436
2015/06/11,36,12:13:00 PM,Thursday,Finch and Tobermory,Investigation,5,11,E,9112
2015/06/11,86,12:14:00 PM,Thursday,Eglinton & Mason,Mechanical,30,60,W,7449
2015/06/11,53,12:18:00 PM,Thursday,Steeles and Don Mills,Mechanical,10,33,e,1705
2015/06/11,199,12:25:00 PM,Thursday,Finch station,Mechanical,5,9,EB,1703
2015/06/11,35,12:30:00 PM,Thursday,All Run Affected,General Delay,13,25,B/W,1387
2015/06/11,84,12:30:00 PM,Thursday,All Run Affected,General Delay,15,25,B/W,1554
2015/06/11,47,12:30:00 PM,Thursday,entire route,General Delay,15,50,b/w,
2015/06/11,86,12:30:00 PM,Thursday,Kennedy Stn,Utilized Off Route,10,20,E,7668
2015/06/11,195,12:30:00 PM,Thursday,All Run Affected,General Delay,12,25,B/W,1684
2015/06/11,63,12:30:00 PM,Thursday,entire route,General Delay,8,40,b/w,
2015/06/11,6,12:30:00 PM,Thursday,entire route,General Delay,10,50,b/w,
2015/06/11,11,12:48:00 PM,Thursday,Bayview and Sheppard,Mechanical,10,20,s,8177
2015/06/11,94,12:53:00 PM,Thursday,Wellesley at Sherbourne,Diversion,35,45,w,7760
2015/06/11,54,1:00:00 PM,Thursday,54- Lawrance Route,General Delay,18,24,BW,
2015/06/11,70,1:00:00 PM,Thursday,70-O'Connor Route,General Delay,12,21,BW,
2015/06/11,68,1:00:00 PM,Thursday,68-Warden Route,General Delay,18,27,BW,
2015/06/11,42,1:05:00 PM,Thursday,Finch Stn,Mechanical,12,24,E,8207
2015/06/11,60,1:10:00 PM,Thursday,Carpenter & Steeles,Mechanical,7,14,E,7211
2015/06/11,75,1:11:00 PM,Thursday,Front/Sherbourne,Investigation,9,18,NB,8359
2015/06/11,196,1:22:00 PM,Thursday,Sheppard Stn,Utilized Off Route,7,13,E,9019
2015/06/11,196,1:25:00 PM,Thursday,Downsview Stn,Utilized Off Route,6,12,N,9013
2015/06/11,54,1:27:00 PM,Thursday,Eglinton and Laird,Mechanical,6,12,EB,7621
2015/06/11,97,1:31:00 PM,Thursday,Yonge St & Empress,Diversion,362,392,BW,1796
2015/06/11,199,1:35:00 PM,Thursday,STC,Mechanical,5,9,n,1264
2015/06/11,54,1:39:00 PM,Thursday,Lawrance and Orton Park,Mechanical,6,12,WB,7559
2015/06/11,107,1:45:00 PM,Thursday,Dufferin/Finch,Utilized Off Route,16,32,SB,8138
2015/06/11,100,1:45:00 PM,Thursday,Broadview Stn,Mechanical,8,15,NB,7507
2015/06/11,199,1:47:00 PM,Thursday,Finch and McCowan,Mechanical,5,10,E,1128
2015/06/11,47,1:50:00 PM,Thursday,eglinton and caledonia,Mechanical,26,52,s/b,1325
2015/06/11,89,2:00:00 PM,Thursday,Entire Route,General Delay,20,27,B/W,
2015/06/11,34,2:00:00 PM,Thursday,Bayview Ave to Leslie,General Delay,25,35,EB,
2015/06/11,100,2:00:00 PM,Thursday,Bayview Ave to Leslie St,General Delay,25,35,EB,
2015/06/11,191,2:00:00 PM,Thursday,Hyw27 route,General Delay,12,24,b/w,
2015/06/11,29,2:00:00 PM,Thursday,Orfus to Glencairn,General Delay,15,10,S,
2015/06/11,165,2:00:00 PM,Thursday,Yonge st. to Ave rd.,General Delay,10,20,B/W,
2015/06/11,96,2:00:00 PM,Thursday,Yonge at to Ave rd,General Delay,7,14,B/W,
2015/06/11,196,2:05:00 PM,Thursday,Downsview Stn,Utilized Off Route,6,12,N,8300
2015/06/11,59,2:12:00 PM,Thursday,Lawrence West Station,Late Leaving Garage,17,30,W,1330
2015/06/11,107,2:15:00 PM,Thursday,Downsview Stn,Utilized Off Route,16,32,s,8366
2015/06/11,25,2:18:00 PM,Thursday,Don Mills Station,Utilized Off Route,3,6,NB,7511
2015/06/11,37,2:20:00 PM,Thursday,Islington station,Mechanical,18,36,N,7910
2015/06/11,60,2:25:00 PM,Thursday,Steeles & York University,Mechanical,7,14,E,7216
2015/06/11,196,2:26:00 PM,Thursday,Downsview Stn,Mechanical,6,12,N,8214
2015/06/11,168,2:30:00 PM,Thursday,Dundas West Station to Avon Loop,General Delay,15,25,BW,
2015/06/11,199,2:30:00 PM,Thursday,Malvern Garage,Late Leaving Garage,4,8,E,1787
2015/06/11,37,2:33:00 PM,Thursday,Islington/Finch,Investigation,16,34,S,8048
2015/06/11,86,2:37:00 PM,Thursday,kennedy station,Mechanical,12,24,e,7458
2015/06/11,29,2:40:00 PM,Thursday,Samor,Investigation,5,10,S,8309
2015/06/11,54,2:50:00 PM,Thursday,Lawrance and Wexford,Mechanical,12,24,EB,7563
2015/06/11,79,2:50:00 PM,Thursday,Pine,Late Leaving Garage,12,24,s,1412
2015/06/11,129,2:54:00 PM,Thursday,STC,Late Leaving Garage,12,29,N,1722
2015/06/11,122,2:55:00 PM,Thursday,Roywood and Fenside,Mechanical,16,32,W,8338
2015/06/11,110,2:59:00 PM,Thursday,Long branch Loop,Mechanical,24,48,S,7314
2015/06/11,36,3:00:00 PM,Thursday,Finch Route,General Delay,12,24,B/W,
2015/06/11,97,3:00:00 PM,Thursday,Yonge Route,General Delay,50,80,b/w,
2015/06/11,41,3:00:00 PM,Thursday,Entire Route,General Delay,30,40,B/W,
2015/06/11,94,3:00:00 PM,Thursday,Wellesley Route,General Delay,15,30,bw,7702
2015/06/11,97,3:00:00 PM,Thursday,Yonge Route,General Delay,45,60,b/w,
2015/06/11,12,3:00:00 PM,Thursday,Kingston Rd. route,General Delay,15,30,eb,7697
2015/06/11,160,3:00:00 PM,Thursday,On Route,General Delay,30,51,BW,
2015/06/11,7,3:00:00 PM,Thursday,Bathurst Station,General Delay,20,32,BW,
2015/06/11,102,3:06:00 PM,Thursday,Markham Road and Eglinton Ave,Investigation,9,18,S/B,7761
2015/06/11,105,3:07:00 PM,Thursday,,Mechanical,29,58,N,9409
2015/06/11,125,3:07:00 PM,Thursday,Bathurst and Antibes,Mechanical,10,20,e,8318
2015/06/11,32,3:07:00 PM,Thursday,Eglinton stn,Late Leaving Garage,8,16,w/b,1502
2015/06/11,196,3:10:00 PM,Thursday,Downsview Stn,Mechanical,6,12,N,9448
2015/06/11,47,3:15:00 PM,Thursday,eglinton and caledonia,Investigation,25,50,s/b,1407
2015/06/11,195,3:16:00 PM,Thursday,Jane St @ Church St.,Investigation,12,24,S,1227
2015/06/11,191,3:16:00 PM,Thursday,hwy/27/RoyalCrest,Mechanical,5,10,s,7914
2015/06/11,61,3:18:00 PM,Thursday,Avenue rd. and Lawrence,Mechanical,12,24,n,8150
2015/06/11,91,3:20:00 PM,Thursday,Underhill at Cassandra,Late Leaving Garage,6,12,W/B,7850
2015/06/11,57,3:21:00 PM,Thursday,Midland/Finch,Diversion,99,110,eb,8128
2015/06/11,29,3:22:00 PM,Thursday,Billy Bishop,Mechanical,5,10,S,9051
2015/06/11,51,3:24:00 PM,Thursday,Eglinton and Bayview,Investigation,15,30,s,8361
2015/06/11,112,3:27:00 PM,Thursday,Kipling stn,Mechanical,17,34,s/b,7932
2015/06/11,116,3:29:00 PM,Thursday,kennedy station,Mechanical,6,12,e,7611
2015/06/11,61,3:30:00 PM,Thursday,Avenue rd and Eglinton and at Wilson,General Delay,25,37,N,
2015/06/11,45,3:30:00 PM,Thursday,Kipling/Dixon,Investigation,10,13,n/b,7974
2015/06/11,11,3:30:00 PM,Thursday,Bayview and Lawrence,General Delay,40,52,N,
2015/06/11,46,3:33:00 PM,Thursday,Kipling Station,Late Leaving Garage,9,18,N,1280
2015/06/11,165,3:39:00 PM,Thursday,YKMS,Late Leaving Garage,6,12,W,1320
2015/06/11,32,3:42:00 PM,Thursday,Caledonia & Eglinton,Investigation,8,16,e/b,1518
2015/06/11,106,3:43:00 PM,Thursday,Sentinel/Hucknall,Mechanical,8,16,E,9448
2015/06/11,25,3:45:00 PM,Thursday,Don Mills and Steeles,Utilized Off Route,3,6,NB,7637
2015/06/11,78,3:45:00 PM,Thursday,YorkMills station,Mechanical,15,30,E,8162
2015/06/11,196,3:45:00 PM,Thursday,Downsview Stn,Utilized Off Route,6,12,N,9019
2015/06/11,51,4:00:00 PM,Thursday,Eglinton Station to Leslie Street,General Delay,23,38,N,
2015/06/11,78,4:00:00 PM,Thursday,York Mills station,Mechanical,15,30,E,8395
2015/06/11,122,4:00:00 PM,Thursday,graydon Hall,General Delay,15,35,B,
2015/06/11,22,4:00:00 PM,Thursday,Coxwell at Queen,Mechanical,8,16,S/B,7700
2015/06/11,107,4:00:00 PM,Thursday,Major MacKenzie,General Delay,45,60,N,
2015/06/11,25,4:05:00 PM,Thursday,Don Mils and Eglinton,Mechanical,3,6,NB,7433
2015/06/11,34,4:12:00 PM,Thursday,Eglinton Ave at Rumsey,Mechanical,4,8,EB,7525
2015/06/11,53,4:15:00 PM,Thursday,Finch station,Mechanical,5,10,E,1800
2015/06/11,107,4:15:00 PM,Thursday,Keele/Bowes,Diversion,11,22,N,8151
2015/06/11,195,4:20:00 PM,Thursday,Jane St @ Finch West,Mechanical,12,24,N,1286
2015/06/11,90,4:23:00 PM,Thursday,Northcliffe/Eglinton,Investigation,10,20,Nb,9449
2015/06/11,142,4:30:00 PM,Thursday,Eglinton to Wilson,General Delay,17,47,N,
2015/06/11,145,4:30:00 PM,Thursday,Lakeshore at Kipling to Simcoe at Richmond,General Delay,30,60,BW,
2015/06/11,53,4:30:00 PM,Thursday,Finch Station - Morningside/Staines Rd,General Delay,5,16,B/W,
2015/06/11,108,4:40:00 PM,Thursday,Sheppard & Allen,Mechanical,14,28,W,1371
2015/06/11,17,4:59:00 PM,Thursday,Birchmount/Cheldean,Investigation,16,32,sb,7698
2015/06/11,86,5:00:00 PM,Thursday,scarborough route,General Delay,15,0,b/w,
2015/06/11,196,5:00:00 PM,Thursday,Downsview Station,Utilized Off Route,3,8,n,8147
2015/06/11,116,5:00:00 PM,Thursday,morningside route,General Delay,10,0,b/w,
2015/06/11,24,5:02:00 PM,Thursday,VP Stn.,Investigation,8,16,n,7865
2015/06/11,199,5:05:00 PM,Thursday,Finch route,General Delay,4,8,B/W,1778
2015/06/11,29,5:10:00 PM,Thursday,Hope st,Investigation,5,10,N,8175
2015/06/11,135,5:16:00 PM,Thursday,Main Station,Investigation,20,40,SB,7835
2015/06/11,105,5:18:00 PM,Thursday,Major Mackenzie,General Delay,30,45,N,
2015/06/11,196,5:18:00 PM,Thursday,Dufferin/Glenshields,Mechanical,6,12,S,8214
2015/06/11,133,5:21:00 PM,Thursday,Ellesmere and Markham,Mechanical,7,14,E,1145
2015/06/11,16,5:27:00 PM,Thursday,Danforth/Huntington,Mechanical,10,19,nb,7871
2015/06/11,48,5:34:00 PM,Thursday,Royal York Station,Mechanical,12,24,W,7342
2015/06/11,89,5:35:00 PM,Thursday,Keele Station,Investigation,8,15,NB,1565
2015/06/11,39,5:41:00 PM,Thursday,Finch route,General Delay,5,10,B/W,1753
2015/06/11,168,5:42:00 PM,Thursday,Symington at Dupont,Investigation,6,12,N,7965
2015/06/11,143,5:43:00 PM,Thursday,Peter and Adelaide,General Delay,20,45,eb,8131
2015/06/11,53,5:50:00 PM,Thursday,Finch Station,Investigation,5,10,E,1812
2015/06/11,42,5:54:00 PM,Thursday,Finch Station,Investigation,23,46,e,8209
2015/06/11,107,6:00:00 PM,Thursday,Major MacKenzie to Downsveiw Station,General Delay,50,80,b/w,
2015/06/11,105,6:00:00 PM,Thursday,Downsveiw Station to Major MacKenzie,General Delay,40,60,b/w,
2015/06/11,53,6:03:00 PM,Thursday,Markham - Passmore,Mechanical,5,10,W,9067
2015/06/11,45,6:10:00 PM,Thursday,Kipling stn.,Mechanical,1,9,n/b,7330
2015/06/11,71,6:11:00 PM,Thursday,Mt Dennis div,Mechanical,22,44,s/b,1036
2015/06/11,54,6:15:00 PM,Thursday,Eglinton and Mt. Plasent,Investigation,6,12,WB,7408
2015/06/11,76,6:15:00 PM,Thursday,Lakeshore at Mimico,Mechanical,5,10,N,7934
2015/06/11,76,6:25:00 PM,Thursday,Royal York Station,Utilized Off Route,5,10,S,8047
2015/06/11,98,6:45:00 PM,Thursday,Sheppard Station,Mechanical,30,60,e,8324
2015/06/11,96,6:50:00 PM,Thursday,Humber College at 27,Mechanical,10,20,E,1353
2015/06/11,45,6:51:00 PM,Thursday,Kipling/Redwater,Mechanical,9,18,n/b,7301
2015/06/11,165,7:00:00 PM,Thursday,Weston Rd @ Rutherford,Diversion,30,245,N,7243
2015/06/11,16,7:16:00 PM,Thursday,Scarborough Town Center,Mechanical,11,22,SB,7847
2015/06/11,35,7:20:00 PM,Thursday,Jane Stn.,Mechanical,5,11,N,1266
2015/06/11,35,7:20:00 PM,Thursday,Jane st @ steeles west,Mechanical,5,10,N,1404
2015/06/11,16,7:21:00 PM,Thursday,Warden Station,Investigation,11,22,EB,7787
2015/06/11,7,7:35:00 PM,Thursday,Bathurst/Wilson,Mechanical,9,18,SB,9052
2015/06/11,12,7:46:00 PM,Thursday,Danforth and Brimley,Mechanical,20,40,N,8118
2015/06/11,102,8:00:00 PM,Thursday,Markham  and Lawrence,Mechanical,33,66,SB,7826
2015/06/11,53,9:28:00 PM,Thursday,Steeles and Pharmacy,Emergency Services,5,10,E,1133
2015/06/11,53,9:55:00 PM,Thursday,Passmore and Markham,Mechanical,5,10,W,1111
2015/06/11,96,10:00:00 PM,Thursday,Bathurst & Wilson,Mechanical,20,40,W,1680
2015/06/11,17,10:50:00 PM,Thursday,Birchmount and Sheppard,Mechanical,22,44,NB,7688
2015/06/12,60,12:01:00 AM,Friday,York University Commons,Mechanical,24,48,E,1360
2015/06/12,53,12:42:00 AM,Friday,Passmore and Markham,Mechanical,9,18,w,1782
2015/06/12,37,1:06:00 AM,Friday,HUMBERWOOD LOOP,Investigation,30,60,s/b,7325
2015/06/12,53,1:06:00 AM,Friday,Steeles and Tapscott,Mechanical,18,36,E,1765
2015/06/12,29,1:25:00 AM,Friday,Duffferin and Joe Schoster,Diversion,43,52,b/w,9029
2015/06/12,329,2:00:00 AM,Friday,dufferin and king,Diversion,270,60,b/w,9048
2015/06/12,104,4:15:00 AM,Friday,Downsview Stn,Mechanical,13,26,W,8304
2015/06/12,29,4:30:00 AM,Friday,Dufferin and King,Diversion,45,55,s/b,9018
2015/06/12,41,4:45:00 AM,Friday,Keele stn,Late Leaving Garage,20,40,n/b,9135
2015/06/12,60,4:52:00 AM,Friday,Martin Grove Loop,Mechanical,20,0,E/B,1316
2015/06/12,311,4:55:00 AM,Friday,Lakeshore and 8th,Late Leaving Garage,15,30,n/b,7327
2015/06/12,67,5:05:00 AM,Friday,Victoria Pk and Danforth,Late Leaving Garage,7,24,n,7406
2015/06/12,54,5:22:00 AM,Friday,Starspray,Utilized Off Route,9,18,e,7415
2015/06/12,24,5:25:00 AM,Friday,CONSUMERS/YORKLANDS,Diversion,530,538,BW,7864
2015/06/12,110,5:25:00 AM,Friday,Longbranch Loop,Late Leaving Garage,9,19,n/b,8062
2015/06/12,29,5:26:00 AM,Friday,CNE Grounds,Diversion,239,243,N,9018
2015/06/12,320,5:30:00 AM,Friday,Queens quays and Yonge,Mechanical,7,15,N,1585
2015/06/12,39,5:31:00 AM,Friday,Finch/Baldoon,Mechanical,4,8,EB,1270
2015/06/12,47,5:32:00 AM,Friday,Yorkdale,Mechanical,10,10,s/b,1418
2015/06/12,125,5:39:00 AM,Friday,Bathurst and Antibes,Late Leaving Garage,0,6,w,8161
2015/06/12,47,5:39:00 AM,Friday,Queen & Lansdowne,Mechanical,10,10,n/b,1621
2015/06/12,25,5:40:00 AM,Friday,Eglinton Yard,Late Leaving Garage,1,1,N,7628
2015/06/12,6,5:41:00 AM,Friday,Bedford and Dopunt,Mechanical,13,21,S/b,1031
2015/06/12,60,5:42:00 AM,Friday,Arrow Rd. Garage,Late Leaving Garage,12,22,E/B,1410
2015/06/12,10,5:43:00 AM,Friday,Van Horn at Bickerton,Late Leaving Garage,15,30,e,8162
2015/06/12,60,5:51:00 AM,Friday,Arrow Rd. Garage,Late Leaving Garage,12,24,E/B,1238
2015/06/12,32,5:52:00 AM,Friday,Eglinton stn,Late Leaving Garage,5,10,w/b,1218
2015/06/12,56,5:54:00 AM,Friday,Eglinton Station,Late Leaving Garage,23,0,E,8317
2015/06/12,5,5:54:00 AM,Friday,Eglinton Station,Late Leaving Garage,14,0,S,8394
2015/06/12,116,5:54:00 AM,Friday,Morningside and Staines,Utilized Off Route,6,12,20361,7470
2015/06/12,86,5:55:00 AM,Friday,Eglinton yard,Mechanical,16,32,e,7606
2015/06/12,32,5:57:00 AM,Friday,Eglinton stn,Mechanical,5,10,w/b,1585
2015/06/12,85,5:58:00 AM,Friday,Meadowvale loop,Late Leaving Garage,6,15,W,9069
2015/06/12,47,5:59:00 AM,Friday,Yorkdale stn,Mechanical,18,36,s/b,1541
2015/06/12,38,6:00:00 AM,Friday,Ellesmere and Markham rd,Mechanical,10,20,W,1821
2015/06/12,35,6:00:00 AM,Friday,Jane Street,General Delay,5,12,B/W,
2015/06/12,84,6:00:00 AM,Friday,Sheppard Avenue,General Delay,8,16,B/W,
2015/06/12,195,6:00:00 AM,Friday,Jane Street,General Delay,10,20,B/W,
2015/06/12,7,6:01:00 AM,Friday,Steeles and Bathurst,Mechanical,7,15,E,9035
2015/06/12,64,6:01:00 AM,Friday,Main and Lumsden,Late Leaving Garage,10,22,WB,7771
2015/06/12,52,6:02:00 AM,Friday,Westeood mall,Late Leaving Garage,18,36,E/B,1019
2015/06/12,165,6:02:00 AM,Friday,Finch And Weston,Late Leaving Garage,4,10,,7224
2015/06/12,116,6:03:00 AM,Friday,Eglinton yard,Mechanical,6,12,e,7473
2015/06/12,25,6:03:00 AM,Friday,Pape Stn,Late Leaving Garage,3,6,N,7406
2015/06/12,100,6:03:00 AM,Friday,Eglinton Yard,Late Leaving Garage,10,20,,7548
2015/06/12,35,6:04:00 AM,Friday,JNST,Late Leaving Garage,10,20,N,1318
2015/06/12,52,6:08:00 AM,Friday,Lawrence west station,Late Leaving Garage,12,24,W/B,1634
2015/06/12,69,6:10:00 AM,Friday,Birchmount & Danforth,Late Leaving Garage,6,12,S/B,7789
2015/06/12,69,6:10:00 AM,Friday,Warden Station,Late Leaving Garage,5,10,S/B,7735
2015/06/12,24,6:10:00 AM,Friday,VP STATION,Late Leaving Garage,8,20,N,7863
2015/06/12,16,6:12:00 AM,Friday,Warden Stn,Late Leaving Garage,9,18,N/b,7722
2015/06/12,84,6:13:00 AM,Friday,RISM,Late Leaving Garage,5,17,W,1225
2015/06/12,86,6:13:00 AM,Friday,Eglinton yard,Mechanical,15,30,e,7649
2015/06/12,86,6:14:00 AM,Friday,Eglinton yard,Mechanical,4,8,e,7601
2015/06/12,12,6:15:00 AM,Friday,Victoria Park Station,Late Leaving Garage,11,23,eb,7776
2015/06/12,57,6:15:00 AM,Friday,Kennedy,Late Leaving Garage,14,22,NB,7763
2015/06/12,69,6:15:00 AM,Friday,Birchmount & Salder,Late Leaving Garage,6,12,N/B,7786
2015/06/12,87,6:16:00 AM,Friday,Main Stn,Late Leaving Garage,8,16,WB,7783
2015/06/12,34,6:16:00 AM,Friday,Eglinton Yard,Late Leaving Garage,4,8,,7510
2015/06/12,39,6:16:00 AM,Friday,Old Finch &Valley Center Drive,Utilized Off Route,7,14,WB,1773
2015/06/12,52,6:17:00 AM,Friday,Lawrence station,Late Leaving Garage,18,36,W/B,1525
2015/06/12,102,6:17:00 AM,Friday,Warden Stn,Late Leaving Garage,10,20,N/B,8125
2015/06/12,39,6:18:00 AM,Friday,Old Finch & Valley Center Drive,Mechanical,16,32,WB,1119
2015/06/12,79,6:19:00 AM,Friday,Jane and Foxwell,Mechanical,5,10,SB,1630
2015/06/12,104,6:19:00 AM,Friday,Downsview Stn,Late Leaving Garage,13,26,s,8309
2015/06/12,127,6:19:00 AM,Friday,Spadina station,Late Leaving Garage,17,34,W/B,1412
2015/06/12,16,6:20:00 AM,Friday,Warden Station,Late Leaving Garage,9,18,EB,7712
2015/06/12,102,6:22:00 AM,Friday,Warden Stn,Late Leaving Garage,20,40,N/B,8116
2015/06/12,23,6:22:00 AM,Friday,Ferris and Dawes,Late Leaving Garage,6,12,SB,7821
2015/06/12,24,6:22:00 AM,Friday,Victoria Park Stn,Late Leaving Garage,12,21,NB,7766
2015/06/12,87,6:24:00 AM,Friday,Main Stn,Late Leaving Garage,8,16,wb,7696
2015/06/12,60,6:25:00 AM,Friday,Arrow Garage,Late Leaving Garage,4,10,E/B,1367
2015/06/12,20,6:25:00 AM,Friday,Main Stn,Late Leaving Garage,15,28,EB,7803
2015/06/12,190,6:25:00 AM,Friday,Eglinton Yard,Investigation,8,15,N,7414
2015/06/12,96,6:27:00 AM,Friday,Woodbine Downs and Carrier Loop,Late Leaving Garage,15,30,,1399
2015/06/12,94,6:28:00 AM,Friday,CASTLE FRANK STATION,Late Leaving Garage,12,24,WB,
2015/06/12,199,6:28:00 AM,Friday,Finch Station,Mechanical,3,6,EB,1082
2015/06/12,504,6:30:00 AM,Friday,Birchmount garage,Late Leaving Garage,0,0,EB,7843
2015/06/12,17,6:30:00 AM,Friday,Warden Stn,Late Leaving Garage,6,12,N/b,8104
2015/06/12,24,6:31:00 AM,Friday,VP Station,Late Leaving Garage,6,12,NB,8100
2015/06/12,57,6:31:00 AM,Friday,Kennedy Stn,Late Leaving Garage,8,15,NB,7751
2015/06/12,102,6:32:00 AM,Friday,Warden Station,Late Leaving Garage,20,40,N/B,7878
2015/06/12,504,6:34:00 AM,Friday,Birchmount garage,Late Leaving Garage,0,0,EB,8833
2015/06/12,106,6:35:00 AM,Friday,Sheppard and Dufferin,Mechanical,7,15,w,9423
2015/06/12,24,6:37:00 AM,Friday,VP STATION,Late Leaving Garage,5,12,N,
2015/06/12,102,6:37:00 AM,Friday,Warden Stn,Late Leaving Garage,10,20,N/B,8106
2015/06/12,12,6:38:00 AM,Friday,Victoria Park Stn,Late Leaving Garage,11,23,EB,7800
2015/06/12,504,6:38:00 AM,Friday,Birchmount Garage,Late Leaving Garage,0,0,EB,8122
2015/06/12,91,6:40:00 AM,Friday,Woodbine Station,Late Leaving Garage,10,20,N,7823
2015/06/12,113,6:42:00 AM,Friday,DACFORTH/LAYTON,Investigation,13,26,E,7782
2015/06/12,504,6:42:00 AM,Friday,Birchmount garage,Late Leaving Garage,0,0,EB,8112
2015/06/12,91,6:43:00 AM,Friday,Woodbine Stn,Late Leaving Garage,10,20,W/B,7792
2015/06/12,21,6:44:00 AM,Friday,Brimley and Steeles,Late Leaving Garage,7,13,SB,7853
2015/06/12,12,6:44:00 AM,Friday,Victoria Park Station,Late Leaving Garage,11,23,EB,7730
2015/06/12,32,6:45:00 AM,Friday,Eg West stn,Mechanical,5,10,w/b,1548
2015/06/12,504,6:46:00 AM,Friday,Birchmount Garage,Late Leaving Garage,0,0,EB,7804
2015/06/12,92,6:47:00 AM,Friday,Woodbine Station,Late Leaving Garage,9,18,N,7870
2015/06/12,102,6:47:00 AM,Friday,Warden Stn,Late Leaving Garage,10,20,N/B,7727
2015/06/12,25,6:47:00 AM,Friday,Pape Stn,Late Leaving Garage,3,6,N,7429
2015/06/12,86,6:48:00 AM,Friday,Eglinton and Mason,Mechanical,15,30,e,7562
2015/06/12,24,6:49:00 AM,Friday,VP STATION,Late Leaving Garage,6,12,N,
2015/06/12,21,6:50:00 AM,Friday,Brimley and Steeles,Late Leaving Garage,6,13,SB,7757
2015/06/12,504,6:50:00 AM,Friday,Birchmount Garage,Late Leaving Garage,0,0,EB,7834
2015/06/12,89,6:52:00 AM,Friday,Albion and Weston road,Mechanical,4,8,s/b,1577
2015/06/12,102,6:52:00 AM,Friday,Warden Stn,Late Leaving Garage,20,40,N/B,7770
2015/06/12,107,6:52:00 AM,Friday,Rutherford GO Stn,Mechanical,16,31,s,8336
2015/06/12,196,6:54:00 AM,Friday,York U. Common,Late Leaving Garage,3,6,s,9029
2015/06/12,46,6:54:00 AM,Friday,Steeles loop at Martingrove,Late Leaving Garage,11,21,N,1342
2015/06/12,504,6:54:00 AM,Friday,Birchmount Garage,Late Leaving Garage,0,0,EB,7771
2015/06/12,23,6:55:00 AM,Friday,Main Stn,Late Leaving Garage,5,10,W/B,7702
2015/06/12,199,6:55:00 AM,Friday,Scarborough Town Center,Mechanical,3,6,WB,1369
2015/06/12,57,6:57:00 AM,Friday,Midland and Steeles,Late Leaving Garage,7,14,SB,7866
2015/06/12,21,6:58:00 AM,Friday,stc,Late Leaving Garage,13,27,sb,7822
2015/06/12,51,6:59:00 AM,Friday,Eglinton stn,Mechanical,14,28,n/b,8377
2015/06/12,504,6:59:00 AM,Friday,Birchmount Garage,Late Leaving Garage,0,0,EB,7831
2015/06/12,20,6:59:00 AM,Friday,KENNEDY STN,Emergency Services,13,32,W,7803
2015/06/12,63,7:00:00 AM,Friday,Ossington Route,General Delay,4,8,BW,
2015/06/12,23,7:00:00 AM,Friday,Ferris and Dawes,Late Leaving Garage,12,24,N,8714
2015/06/12,102,7:02:00 AM,Friday,Warden Stn,Late Leaving Garage,20,40,N/b,7856
2015/06/12,504,7:04:00 AM,Friday,Birchmount Garage,Late Leaving Garage,0,0,EB,8117
2015/06/12,21,7:04:00 AM,Friday,Brimley and Steeles,Late Leaving Garage,7,13,SB,7845
2015/06/12,20,7:04:00 AM,Friday,MAIN STATION,Late Leaving Garage,14,27,EB,
2015/06/12,102,7:07:00 AM,Friday,Warden Stn,Late Leaving Garage,10,20,N/B,7814
2015/06/12,504,7:08:00 AM,Friday,Birchmount garage,Late Leaving Garage,0,0,EB,7737
2015/06/12,98,7:10:00 AM,Friday,Steeles Loop,Mechanical,30,60,,8144
2015/06/12,195,7:15:00 AM,Friday,JSTE,Late Leaving Garage,10,20,S,1206
2015/06/12,102,7:17:00 AM,Friday,Warden Stn,Late Leaving Garage,10,20,N/B,7749
2015/06/12,54,7:20:00 AM,Friday,Rouge Hill GO station,Mechanical,5,9,e,7435
2015/06/12,94,7:22:00 AM,Friday,WELLESLEY STN,Late Leaving Garage,6,12,EB,7719
2015/06/12,86,7:30:00 AM,Friday,Scarborough Route,General Delay,10,0,b/w,
2015/06/12,73,7:30:00 AM,Friday,Albion and Silverstone,Mechanical,15,30,n/b,7964
2015/06/12,116,7:30:00 AM,Friday,Morningside Route,General Delay,10,0,b/w,
2015/06/12,73,7:37:00 AM,Friday,Royal York Station,Mechanical,15,30,N/B,7943
2015/06/12,54,7:37:00 AM,Friday,Underwriters on Lawrence,Emergency Services,9,18,e,7588
2015/06/12,196,7:42:00 AM,Friday,Downsview Stn,Utilized Off Route,3,6,n,8352
2015/06/12,46,8:00:00 AM,Friday,Martin grove route,General Delay,16,28,B,1327
2015/06/12,36,8:00:00 AM,Friday,Finch West route,General Delay,16,22,B,9126
2015/06/12,25,8:00:00 AM,Friday,FMDM,Mechanical,3,6,S,7526
2015/06/12,191,8:00:00 AM,Friday,HWY 191 rocket route,General Delay,12,18,B,7904
2015/06/12,72,8:03:00 AM,Friday,Carlaw and Dundas,Investigation,8,16,NB,7699
2015/06/12,63,8:05:00 AM,Friday,QUEEN AND SHAW,Mechanical,8,16,wb,1575
2015/06/12,44,8:20:00 AM,Friday,KIPLING STN,Utilized Off Route,5,10,S,7312
2015/06/12,76,8:26:00 AM,Friday,Royal York Station,Mechanical,4,8,s/b,7964
2015/06/12,24,8:30:00 AM,Friday,VP ROUTE,General Delay,5,0,BW,
2015/06/12,96,8:30:00 AM,Friday,Both Ways,General Delay,15,20,,
2015/06/12,165,8:30:00 AM,Friday,Both Ways,General Delay,15,20,,
2015/06/12,5,8:35:00 AM,Friday,Avenue rd and StClair,Mechanical,12,24,s/b,8135
2015/06/12,165,8:40:00 AM,Friday,Major Mack Loop,Mechanical,40,80,,7249
2015/06/12,37,8:40:00 AM,Friday,Islington/Rexdale,Diversion,0,0,b/w,8081
2015/06/12,100,8:45:00 AM,Friday,Broadview STN,Utilized Off Route,3,6,NB,7520
2015/06/12,25,8:50:00 AM,Friday,Pape Stn,Utilized Off Route,3,6,N,7516
2015/06/12,87,8:54:00 AM,Friday,Broadview Stn,Utilized Off Route,7,14,W/B,8109
2015/06/12,61,9:00:00 AM,Friday,Eglinton stn,Utilized Off Route,10,20,n/b,9446
2015/06/12,29,9:00:00 AM,Friday,Dufferin route,General Delay,10,15,B,8146
2015/06/12,29,9:03:00 AM,Friday,Wilson Station,Mechanical,4,8,S,8190
2015/06/12,191,9:16:00 AM,Friday,Royalcrest and HWY 27,Mechanical,5,11,S,7951
2015/06/12,46,9:21:00 AM,Friday,Steeles at Martin grove,Mechanical,15,25,S,1362
2015/06/12,199,9:42:00 AM,Friday,Finch/Bayview,Investigation,2,4,WB,1766
2015/06/12,52,10:00:00 AM,Friday,E/B Airport rd. and Derry rd.,General Delay,15,35,E/B,
2015/06/12,196,10:00:00 AM,Friday,Downsview Stn,Utilized Off Route,7,13,,8352
2015/06/12,16,10:34:00 AM,Friday,Warden Stn,Mechanical,10,20,n/b,7712
2015/06/12,47,10:35:00 AM,Friday,Caledonia &  Bentworth,Investigation,1,1,S,1541
2015/06/12,9,11:00:00 AM,Friday,Bellamy Route,General Delay,10,1,B/W,
2015/06/12,134,11:06:00 AM,Friday,Centennial College,Mechanical,8,15,w,1149
2015/06/12,115,11:21:00 AM,Friday,York Mills stn,Mechanical,20,40,E,8180
2015/06/12,165,11:22:00 AM,Friday,Wilson and Clayson,Diversion,18,27,,
2015/06/12,96,11:22:00 AM,Friday,Wilson and Clayson,Diversion,18,27,,
2015/06/12,32,11:24:00 AM,Friday,Pine & Lawrence,Mechanical,13,26,s/b,1603
2015/06/12,60,11:25:00 AM,Friday,Keele and Steeles,Mechanical,7,13,W/B,1682
2015/06/12,195,11:30:00 AM,Friday,Jane Station,Mechanical,10,20,N,1209
2015/06/12,196,12:11:00 PM,Friday,Dufferin/Finch,Mechanical,7,14,S,9436
2015/06/12,12,12:15:00 PM,Friday,Kennedy Station,Mechanical,20,40,EB,7720
2015/06/12,12,12:15:00 PM,Friday,Eglinton and Midland,Mechanical,20,40,N,7720
2015/06/12,84,12:30:00 PM,Friday,Entire route,General Delay,10,20,B/W,
2015/06/12,195,12:30:00 PM,Friday,Entire route,General Delay,20,40,B/W,
2015/06/12,63,12:30:00 PM,Friday,entire route,General Delay,8,45,b/w,
2015/06/12,35,12:30:00 PM,Friday,Entire route,General Delay,20,40,B/W,
2015/06/12,6,12:30:00 PM,Friday,entire route,General Delay,10,40,b/w,
2015/06/12,47,12:30:00 PM,Friday,entire route,General Delay,15,50,b/w,
2015/06/12,25,12:31:00 PM,Friday,23 Metres before Steeles Aven.,Investigation,12,24,N/B,7615
2015/06/12,26,12:38:00 PM,Friday,high park and annette,Investigation,20,40,e/b,1527
2015/06/12,102,12:53:00 PM,Friday,Warden Stn,Utilized Off Route,10,20,n/b,7743
2015/06/12,34,1:00:00 PM,Friday,Bayview to Leslie,General Delay,30,40,EB,
2015/06/12,54,1:00:00 PM,Friday,54 Lawerence Route,General Delay,12,24,B/w,
2015/06/12,34,1:01:00 PM,Friday,Kennedy Stn,Mechanical,7,15,WB,7449
2015/06/12,130,1:15:00 PM,Friday,STC,Mechanical,15,30,N,1094
2015/06/12,52,1:19:00 PM,Friday,Lawrence station,Utilized Off Route,5,10,W/B,1546
2015/06/12,199,1:20:00 PM,Friday,STC,Utilized Off Route,5,10,W,1823
2015/06/12,35,1:23:00 PM,Friday,Jane and Sheppard,Mechanical,16,24,S,1212
2015/06/12,25,1:27:00 PM,Friday,Don Mills Station,Utilized Off Route,3,6,NB,7506
2015/06/12,68,1:30:00 PM,Friday,68 Warden Route,General Delay,9,18,B/w,
2015/06/12,45,1:30:00 PM,Friday,kipling stn- disco attwell - steeles loop,General Delay,20,30,bw,
2015/06/12,106,1:31:00 PM,Friday,Downsview Stn,Mechanical,10,20,N,8374
2015/06/12,7,1:33:00 PM,Friday,Bathurst/Lawrence,Mechanical,9,18,SB,9025
2015/06/12,196,1:37:00 PM,Friday,Downsview Stn,Utilized Off Route,7,14,N,8142
2015/06/12,196,1:40:00 PM,Friday,Downsview Stn,Utilized Off Route,7,13,,8347
2015/06/12,110,1:45:00 PM,Friday,Islington/Evans,Mechanical,12,24,n/b,8058
2015/06/12,53,1:53:00 PM,Friday,Finch station,Mechanical,5,11,E,1815
2015/06/12,43,1:54:00 PM,Friday,Kennedy Stn,Mechanical,12,24,NB,7498
2015/06/12,7,1:54:00 PM,Friday,Sheppard/Bathurst,Investigation,9,18,SB,9000
2015/06/12,196,1:58:00 PM,Friday,Downsview Stn,Utilized Off Route,6,12,N,8352
2015/06/12,96,2:00:00 PM,Friday,Yonge St. to Bathurst St.,General Delay,7,14,B/W,
2015/06/12,165,2:00:00 PM,Friday,"Yonge st to bathurst st,",General Delay,10,20,B/W,
2015/06/12,60,2:00:00 PM,Friday,60 Steeles Route,General Delay,10,23,B/W,
2015/06/12,100,2:00:00 PM,Friday,Bayview to Leslie,General Delay,30,40,EB,
2015/06/12,70,2:00:00 PM,Friday,70 O'Connor Route,General Delay,18,36,B/w,
2015/06/12,39,2:00:00 PM,Friday,Finch Stn to Old Finch,General Delay,20,25,E/W,
2015/06/12,199,2:00:00 PM,Friday,Finch Stn to STC,General Delay,20,25,E/W,
2015/06/12,51,2:00:00 PM,Friday,Eglinton Station to Leslie Street,General Delay,15,30,n,
2015/06/12,84,2:00:00 PM,Friday,Bathurst and Sheppard,Diversion,20,30,W,
2015/06/12,29,2:00:00 PM,Friday,Dufferin route,General Delay,20,12,B,
2015/06/12,36,2:00:00 PM,Friday,Finch route,General Delay,12,24,B/W,
2015/06/12,191,2:00:00 PM,Friday,Hyw27 route,General Delay,10,20,B/W,
2015/06/12,45,2:08:00 PM,Friday,KIPLING AND FINCH,Mechanical,11,22,nb,7962
2015/06/12,46,2:14:00 PM,Friday,Kipling station,Mechanical,5,10,w,1323
2015/06/12,53,2:25:00 PM,Friday,Malvern Garage,Late Leaving Garage,3,7,E,9077
2015/06/12,199,2:29:00 PM,Friday,Huntingwood Dr,Mechanical,5,10,EB,1808
2015/06/12,54,2:30:00 PM,Friday,Fortune Gate,Investigation,10,20,w,7610
2015/06/12,41,2:30:00 PM,Friday,Entire Route,General Delay,35,45,B/W,
2015/06/12,89,2:30:00 PM,Friday,Entire Route,General Delay,25,32,B/W,
2015/06/12,85,2:30:00 PM,Friday,Sheppard Stn to Rouge Hill Go,General Delay,14,22,E/W,
2015/06/12,34,2:33:00 PM,Friday,Eglinton Ave at Lebovic,Mechanical,4,8,WB,7407
2015/06/12,86,2:33:00 PM,Friday,Sheppard / Meadowvale Loop,Emergency Services,10,20,SB,7633
2015/06/12,32,2:40:00 PM,Friday,Black Creek & Eglinton,Mechanical,8,16,w/b,1009
2015/06/12,41,2:40:00 PM,Friday,Keele and Lawrence,Investigation,8,16,SB,9152
2015/06/12,41,2:42:00 PM,Friday,Keele & Lawrence,Investigation,5,10,S,9152
2015/06/12,22,2:45:00 PM,Friday,Coxwell at Hanson Ave,Emergency Services,8,16,S/B,7755
2015/06/12,54,2:47:00 PM,Friday,Kingston Rd,Mechanical,12,24,w,7532
2015/06/12,107,2:47:00 PM,Friday,Sheppard W/Kodiak,Mechanical,11,22,W,9449
2015/06/12,84,2:53:00 PM,Friday,Saint Basil School,Mechanical,6,13,E,9449
2015/06/12,87,2:53:00 PM,Friday,Neil Mcneil H.S,Late Leaving Garage,9,18,E/B,7704
2015/06/12,16,2:54:00 PM,Friday,Warden Station,Mechanical,10,20,nb,7881
2015/06/12,39,2:55:00 PM,Friday,Bridletown Circle,Mechanical,10,15,WB,1086
2015/06/12,161,3:00:00 PM,Friday,Entire Route,General Delay,25,36,B/W,
2015/06/12,190,3:00:00 PM,Friday,Pharmacy to 404,General Delay,15,20,WB,
2015/06/12,120,3:00:00 PM,Friday,Keele at Wilson,General Delay,22,44,B/W,
2015/06/12,168,3:00:00 PM,Friday,Dundas West Station to Avon Loop,General Delay,15,30,BW,
2015/06/12,76,3:00:00 PM,Friday,Evans at Royal York,Late Leaving Garage,6,9,S,7337
2015/06/12,123,3:00:00 PM,Friday,Route 123 Shorncliffe,General Delay,1,1,b/w,
2015/06/12,38,3:00:00 PM,Friday,Rouge Hill Go,Late Leaving Garage,13,26,W,1145
2015/06/12,37,3:00:00 PM,Friday,route 37 islington,General Delay,1,1,b/w,
2015/06/12,53,3:03:00 PM,Friday,Malvern Garage,Late Leaving Garage,14,28,E,9061
2015/06/12,139,3:05:00 PM,Friday,Malvern Garage,Late Leaving Garage,1,1,WB,1144
2015/06/12,86,3:05:00 PM,Friday,Kingston / Highland creek over pass,Mechanical,14,28,SB,7495
2015/06/12,111,3:10:00 PM,Friday,Kipling stn,Mechanical,13,26,s/b,7941
2015/06/12,116,3:13:00 PM,Friday,KENNEDY STATION,Mechanical,20,40,NB,7587
2015/06/12,129,3:14:00 PM,Friday,Malvern Garage,Investigation,8,12,NB,1730
2015/06/12,60,3:19:00 PM,Friday,Finch station  60C,Late Leaving Garage,7,14,W,1257
2015/06/12,161,3:19:00 PM,Friday,Jane and Lambton,Late Leaving Garage,11,22,EB,1577
2015/06/12,6,3:20:00 PM,Friday,queens quay,Mechanical,10,20,n/b,1531
2015/06/12,134,3:21:00 PM,Friday,Estate drive on Progress ave,Mechanical,20,40,E,1264
2015/06/12,45,3:21:00 PM,Friday,KIPLING STN,Mechanical,2,11,nb,7934
2015/06/12,131,3:25:00 PM,Friday,Morningview & Old Finch,Late Leaving Garage,9,13,S,1710
2015/06/12,54,3:27:00 PM,Friday,Lawerence/Warden,Late Leaving Garage,10,20,E/B,7571
2015/06/12,106,3:30:00 PM,Friday,Downsview Stn,Mechanical,10,20,N,8157
2015/06/12,40,3:30:00 PM,Friday,Dundas West Station to Runnymede Loop,General Delay,15,25,BW,
2015/06/12,71,3:30:00 PM,Friday,60 Southport,Mechanical,10,21,n/b,1644
2015/06/12,59,3:35:00 PM,Friday,Keele st.,Mechanical,26,52,w/b,1251
2015/06/12,116,3:44:00 PM,Friday,Kennedy Station,Utilized Off Route,12,24,BW,7541
2015/06/12,53,3:50:00 PM,Friday,Steeles route,General Delay,5,10,b/w,1708
2015/06/12,161,3:51:00 PM,Friday,Jane and Lambton,Mechanical,11,23,WB,1572
2015/06/12,224,3:56:00 PM,Friday,Huntingwood and Victoria Park,Investigation,10,10,NB,7506
2015/06/12,126,3:58:00 PM,Friday,Christie and St. clair,Investigation,15,30,s/B,1503
2015/06/12,25,4:00:00 PM,Friday,Pape Avenue to Don Mills Station,General Delay,10,17,BW,
2015/06/12,191,4:03:00 PM,Friday,Kipling station,Utilized Off Route,5,10,n,7906
2015/06/12,76,4:05:00 PM,Friday,Lakeshore at Mimico,Utilized Off Route,5,10,N,7338
2015/06/12,44,4:07:00 PM,Friday,Col Sam Smith Loop,Utilized Off Route,4,9,N,7910
2015/06/12,86,4:20:00 PM,Friday,Kennedy station,Utilized Off Route,14,28,NB,7638
2015/06/12,95,4:30:00 PM,Friday,York Mills/Leslie to York Mills Station,General Delay,10,1,BW,
2015/06/12,145,4:30:00 PM,Friday,Kipling/Lakeshore to Simcoe@Richmond,General Delay,30,60,BW,
2015/06/12,45,4:45:00 PM,Friday,KIPLING STN,Emergency Services,8,16,nb,7329
2015/06/12,165,4:56:00 PM,Friday,Go Bus Loop,Late Leaving Garage,12,38,,1751
2015/06/12,35,5:05:00 PM,Friday,Jane and Church,Investigation,20,40,S,1225
2015/06/12,32,5:05:00 PM,Friday,Eglinton West stn,Mechanical,8,16,w/b,1627
2015/06/12,61,5:12:00 PM,Friday,Bombay Loop,Utilized Off Route,12,24,s,8192
2015/06/12,57,5:16:00 PM,Friday,Kennedy Station,Mechanical,8,16,N,7857
2015/06/12,35,5:31:00 PM,Friday,Jane and Finch,Mechanical,20,40,S,7200
2015/06/12,59,5:42:00 PM,Friday,Jane and Maple Leaf,Mechanical,26,52,w/b,1373
2015/06/12,116,6:00:00 PM,Friday,86 116 MorningSide Route,General Delay,10,20,B/W,
2015/06/12,34,6:00:00 PM,Friday,34 Eglinton Route,General Delay,4,8,B/W,
2015/06/12,85,6:00:00 PM,Friday,Sheppard Stn to Rouge Hill Go,General Delay,15,21,E/W,
2015/06/12,86,6:00:00 PM,Friday,86 Scarborough Route,General Delay,14,28,B/W,
2015/06/12,54,6:00:00 PM,Friday,54 Lawerencs Route,General Delay,10,20,B/W,
2015/06/12,75,6:03:00 PM,Friday,Queens Quay/Jarvis,Mechanical,8,16,NB,8391
2015/06/12,85,6:16:00 PM,Friday,Sheppard @ McCowan,Mechanical,6,12,W,9097
2015/06/12,25,6:24:00 PM,Friday,Pape Station,Utilized Off Route,6,13,NB,7526
2015/06/12,24,6:25:00 PM,Friday,Victoria Park Station,Utilized Off Route,8,16,b/w,7733
2015/06/12,100,6:29:00 PM,Friday,Broadview Station,Utilized Off Route,6,11,NB,7647
2015/06/12,64,6:33:00 PM,Friday,Main Station,Utilized Off Route,1,1,b/w,7865
2015/06/12,76,6:38:00 PM,Friday,Royal York at Cavell,Diversion,12,17,N,7302
2015/06/12,90,6:38:00 PM,Friday,St.Clair West station,Investigation,8,16,WB,9448
2015/06/12,16,6:42:00 PM,Friday,Brimley and Danforth,Mechanical,10,19,S/B,7836
2015/06/12,86,6:50:00 PM,Friday,Meadowvale / Sheppard loop,Mechanical,10,20,SB,7515
2015/06/12,168,7:00:00 PM,Friday,Rogers rd. at Keele,Investigation,6,13,N,7907
2015/06/12,84,7:10:00 PM,Friday,Welbeck and Sheppard,Mechanical,5,10,W,1313
2015/06/12,45,7:55:00 PM,Friday,KIPLING AND STEELES,Mechanical,1,1,SB,8080
2015/06/12,45,8:15:00 PM,Friday,KIPLING AND ALBION,Mechanical,9,18,sb,7976
2015/06/12,199,8:20:00 PM,Friday,Midland Ave,Mechanical,8,16,WB,1711
2015/06/12,39,8:20:00 PM,Friday,Trudy Rd,Mechanical,8,16,EB,1142
2015/06/12,12,8:30:00 PM,Friday,Victoria Park Station,Investigation,10,20,SB,7839
2015/06/12,37,9:07:00 PM,Friday,Islington station,Mechanical,23,46,N,7970
2015/06/12,36,9:24:00 PM,Friday,finch and humberline,Mechanical,8,16,w/b,1231
2015/06/12,56,9:47:00 PM,Friday,Donlands station,Mechanical,30,60,N,8341
2015/06/12,97,10:00:00 PM,Friday,Davisville Station,Utilized Off Route,30,60,n,8389
2015/06/12,116,10:02:00 PM,Friday,Chancery Ln & Guildwood Pkway,Mechanical,10,20,WB,7423
2015/06/12,44,10:53:00 PM,Friday,Col Samuel Smith loop,Investigation,10,20,N,8063
2015/06/12,60,11:14:00 PM,Friday,Martingrove & Steeles Loop,Mechanical,18,36,E,1265
2015/06/13,105,1:00:00 AM,Saturday,Downsview Station,Mechanical,20,1,n,9432
2015/06/13,106,1:22:00 AM,Saturday,Downsview Station,Utilized Off Route,20,40,n,8385
2015/06/13,88,3:20:00 AM,Saturday,StCl Stn,Mechanical,15,30,e,8166
2015/06/13,41,5:10:00 AM,Saturday,Keele and Eglinton,Diversion,999,999,NB,1542
2015/06/13,7,5:18:00 AM,Saturday,Bathurst Stn,Mechanical,10,20,S,8349
2015/06/13,84,5:20:00 AM,Saturday,Sheppard Stn,Late Leaving Garage,20,40,W,1378
2015/06/13,42,5:25:00 AM,Saturday,Wilson garage,Late Leaving Garage,20,40,E,8177
2015/06/13,807,5:32:00 AM,Saturday,Kennedy and Merrian rd,Mechanical,2,4,s/b,1771
2015/06/13,102,5:43:00 AM,Saturday,stclair/danforth,Investigation,15,15,E,7749
2015/06/13,95,5:48:00 AM,Saturday,Garage,Late Leaving Garage,20,24,W,1301
2015/06/13,52,5:49:00 AM,Saturday,Lawrence and Dufferin,Investigation,19,43,W/B,1001
2015/06/13,86,5:50:00 AM,Saturday,Kennedy Stn,Mechanical,10,19,E,7453
2015/06/13,165,5:57:00 AM,Saturday,Steeles,Late Leaving Garage,10,20,S,1206
2015/06/13,44,6:00:00 AM,Saturday,route 44 Kipling S,General Delay,1,1,b/w,
2015/06/13,85,6:00:00 AM,Saturday,Malvern Garage,Late Leaving Garage,20,43,W,1711
2015/06/13,123,6:00:00 AM,Saturday,Route 123 Shorncliffe,General Delay,1,1,b/w,
2015/06/13,85,6:06:00 AM,Saturday,Malvern Garage,Late Leaving Garage,7,15,W,1126
2015/06/13,95,6:08:00 AM,Saturday,Malvern Garage,Late Leaving Garage,20,40,E,1784
2015/06/13,104,6:30:00 AM,Saturday,Wilson garage,Late Leaving Garage,14,28,s,8340
2015/06/13,95,6:40:00 AM,Saturday,Scarborough college loop,Mechanical,20,40,W,1124
2015/06/13,32,6:40:00 AM,Saturday,Eglinton West Stn,Mechanical,15,30,E/B,1053
2015/06/13,79,7:00:00 AM,Saturday,Entire Route,General Delay,10,35,B/W,
2015/06/13,130,7:15:00 AM,Saturday,STC Stn,Mechanical,17,17,n,1826
2015/06/13,41,7:21:00 AM,Saturday,Keele and Irving,Diversion,646,656,SB,1654
2015/06/13,9,7:23:00 AM,Saturday,WARDEN STATION,Mechanical,10,34,N,8103
2015/06/13,85,7:24:00 AM,Saturday,Warden on Sheppard ave,Mechanical,30,60,E,1711
2015/06/13,38,7:25:00 AM,Saturday,Medowale rd on Lawson Rd,Diversion,12,642,E/W,1105
2015/06/13,86,7:25:00 AM,Saturday,Highland Creek Overpass,Diversion,1,1,BW,7472
2015/06/13,129,7:30:00 AM,Saturday,STC,Utilized Off Route,9,18,n,1317
2015/06/13,52,7:36:00 AM,Saturday,Lawrence West Station,Investigation,24,48,WB,1570
2015/06/13,95,7:37:00 AM,Saturday,Birchwood ave on Yorkmills Rd,Mechanical,10,20,E,1786
2015/06/13,36,8:00:00 AM,Saturday,Entire route,General Delay,15,30,B/W,
2015/06/13,60,8:00:00 AM,Saturday,Entire route,General Delay,15,30,B/W,
2015/06/13,44,8:13:00 AM,Saturday,Kipling stn,Mechanical,10,20,s/b,8043
2015/06/13,52,8:25:00 AM,Saturday,Airport and Northwest,Mechanical,22,44,W/B,1045
2015/06/13,32,8:30:00 AM,Saturday,Entire Route,General Delay,15,30,B/W,
2015/06/13,45,8:30:00 AM,Saturday,Kipling stn,Utilized Off Route,10,20,s/b,7926
2015/06/13,60,8:31:00 AM,Saturday,Signet and Steeles,Late Leaving Garage,11,22,E,1299
2015/06/13,79,8:35:00 AM,Saturday,Pine and Lawrence,Mechanical,25,50,W/B,1016
2015/06/13,199,8:38:00 AM,Saturday,STC Stn,Late Leaving Garage,8,16,w,1805
2015/06/13,95,8:39:00 AM,Saturday,Scarsdale rd on Yorkmills rd,Diversion,20,91,E,1082
2015/06/13,95,8:51:00 AM,Saturday,Brimly rd on Ellesmere rd,Mechanical,10,20,W,1815
2015/06/13,122,8:55:00 AM,Saturday,Leslie/Yorkmills,Diversion,1,1,EB,8190
2015/06/13,21,8:57:00 AM,Saturday,Kennedy Stn,Emergency Services,20,40,N/B,7810
2015/06/13,16,8:58:00 AM,Saturday,STC,Late Leaving Garage,6,19,S,7804
2015/06/13,77,9:00:00 AM,Saturday,Entire Route,General Delay,20,40,B/W,
2015/06/13,45,9:09:00 AM,Saturday,Steeles loop,Late Leaving Garage,10,19,s/b,8047
2015/06/13,131,9:30:00 AM,Saturday,STC,Mechanical,18,36,E,1826
2015/06/13,53,9:40:00 AM,Saturday,Steeles and 404,General Delay,5,8,bw,
2015/06/13,37,9:40:00 AM,Saturday,Islington stn,Late Leaving Garage,10,20,s/b,8085
2015/06/13,36,9:55:00 AM,Saturday,Jane and Finch,Mechanical,6,12,W,1229
2015/06/13,106,9:58:00 AM,Saturday,Sheppard / Chesswood,Mechanical,12,24,E,8154
2015/06/13,36,9:58:00 AM,Saturday,Finch and Arrow,Mechanical,6,12,E,1519
2015/06/13,86,10:00:00 AM,Saturday,86 Scarborough Route,General Delay,6,12,B/w,
2015/06/13,79,10:00:00 AM,Saturday,Runnymede Stn,Late Leaving Garage,10,30,N/B,1543
2015/06/13,195,10:20:00 AM,Saturday,Falstaf,Investigation,10,20,S,1688
2015/06/13,53,10:23:00 AM,Saturday,Steeles andBayview,Mechanical,8,16,e,1778
2015/06/13,51,10:37:00 AM,Saturday,Leslie and York Mills,Mechanical,24,45,n,8172
2015/06/13,5,10:50:00 AM,Saturday,Bllor/Avenue Rd,Mechanical,25,50,Nb,8195
2015/06/13,196,10:50:00 AM,Saturday,Downsview Station,Utilized Off Route,8,16,Nb,8324
2015/06/13,199,10:54:00 AM,Saturday,STC,Utilized Off Route,8,16,WB,1767
2015/06/13,129,10:57:00 AM,Saturday,STC Stn,Mechanical,1,1,n,1112
2015/06/13,35,11:00:00 AM,Saturday,Jane Station to Steeles,General Delay,7,15,B/W,
2015/06/13,59,11:00:00 AM,Saturday,Lawrence West to Weston Rd.,General Delay,5,35,B/W,
2015/06/13,195,11:00:00 AM,Saturday,Jane Station to York U Commons,General Delay,10,20,B/W,
2015/06/13,35,11:00:00 AM,Saturday,Jane /Finch,Investigation,10,20,S,1688
2015/06/13,95,11:00:00 AM,Saturday,York Mills station to Kingston Rd. Loop,General Delay,9,16,B/W,1788
2015/06/13,168,11:17:00 AM,Saturday,AVON LOOP,Mechanical,9,18,SB,7339
2015/06/13,54,11:20:00 AM,Saturday,Lawrence SRT Stn,Mechanical,16,32,E,7563
2015/06/13,85,11:32:00 AM,Saturday,Malvern Garage,Late Leaving Garage,5,11,W,1095
2015/06/13,79,11:47:00 AM,Saturday,Scarlett and East Dr.,Investigation,20,40,NB,1609
2015/06/13,12,12:00:00 PM,Saturday,Kingston Road Route,General Delay,15,1,B/W,
2015/06/13,41,12:07:00 PM,Saturday,founders,Mechanical,8,16,s/b,1670
2015/06/13,199,12:07:00 PM,Saturday,Finch & Victoria Park,Mechanical,7,14,WB,1782
2015/06/13,22,12:08:00 PM,Saturday,Coxwell & Danforth,Mechanical,9,18,S,8115
2015/06/13,36,12:16:00 PM,Saturday,Finch Station,Late Leaving Garage,6,12,W,1333
2015/06/13,53,12:18:00 PM,Saturday,Markham and Passmore,Late Leaving Garage,14,28,w,1770
2015/06/13,96,12:20:00 PM,Saturday,Kingh High,Mechanical,10,20,E,1305
2015/06/13,84,12:26:00 PM,Saturday,Rivalda,Late Leaving Garage,7,14,E,1706
2015/06/13,116,12:30:00 PM,Saturday,116 Morningside Route,General Delay,6,12,B/w,
2015/06/13,11,12:30:00 PM,Saturday,Bayview and Bayview Mews,Diversion,60,84,n,8204
2015/06/13,43,12:37:00 PM,Saturday,Kennedy Station,Mechanical,14,28,NB,7584
2015/06/13,34,1:00:00 PM,Saturday,34 Eglinton Route,General Delay,6,12,B/w,
2015/06/13,60,1:00:00 PM,Saturday,Steeles route,General Delay,10,20,B/W,
2015/06/13,57,1:00:00 PM,Saturday,Midland Route,General Delay,12,1,B/W,
2015/06/13,54,1:05:00 PM,Saturday,Beechgrove and Lawrence,Investigation,16,32,e/b,7496
2015/06/13,24,1:20:00 PM,Saturday,Victoria Park Stn to Victoria Park and Steeles,General Delay,20,15,B/W,
2015/06/13,85,1:25:00 PM,Saturday,Sheppard @ Markham,Mechanical,5,10,W,1117
2015/06/13,126,1:42:00 PM,Saturday,Christie and St. Clair,General Delay,30,60,N/B,1204
2015/06/13,165,2:00:00 PM,Saturday,Both Ways,General Delay,15,20,,
2015/06/13,161,2:00:00 PM,Saturday,Entire Route,General Delay,10,22,B/W,
2015/06/13,172,2:00:00 PM,Saturday,172 Cherry,General Delay,15,1,B/W,
2015/06/13,46,2:11:00 PM,Saturday,martin groove loop,Mechanical,5,10,n,1255
2015/06/13,24,2:19:00 PM,Saturday,Victoria Park and Steeles,Mechanical,8,17,N/B,7799
2015/06/13,35,2:20:00 PM,Saturday,Jane and Wilson,Mechanical,8,16,N/B,1410
2015/06/13,129,2:20:00 PM,Saturday,McCowan/Milner,Diversion,130,137,SB,1096
2015/06/13,199,2:20:00 PM,Saturday,McCowan & Milner,Diversion,128,135,EB,1121
2015/06/13,89,2:22:00 PM,Saturday,dundas and keele,Investigation,10,20,n/b,1502
2015/06/13,17,2:23:00 PM,Saturday,SHEPPARD AND BIRCHMOUNT,Investigation,15,30,N,8131
2015/06/13,35,2:27:00 PM,Saturday,Finch and Jane,Mechanical,8,16,S/B,1366
2015/06/13,131,2:27:00 PM,Saturday,McCowan @ Channel 9,Diversion,121,139,S,1826
2015/06/13,20,2:28:00 PM,Saturday,Highview and Baudina,Mechanical,18,36,,7722
2015/06/13,199,2:30:00 PM,Saturday,Finch station to STC,General Delay,10,18,B/W,1121
2015/06/13,23,2:45:00 PM,Saturday,Eglinton and Keele,Mechanical,9,18,W/B,1663
2015/06/13,165,2:48:00 PM,Saturday,Yorkmills Stn,Mechanical,8,16,,7921
2015/06/13,130,2:50:00 PM,Saturday,McCowan/Milner,Diversion,120,150,SB,1264
2015/06/13,807,2:53:00 PM,Saturday,Kennedy Station,Mechanical,2,5,s/b,1114
2015/06/13,39,3:00:00 PM,Saturday,Finch station to Neilson & Crow Trail,General Delay,10,18,B/W,1077
2015/06/13,96,3:00:00 PM,Saturday,Both Ways,General Delay,15,20,,
2015/06/13,34,3:02:00 PM,Saturday,Kennedy Stn,Utilized Off Route,6,12,E/B,7487
2015/06/13,129,3:20:00 PM,Saturday,McCowan/Castlemore,Mechanical,28,56,SB,1781
2015/06/13,21,3:27:00 PM,Saturday,STC,Mechanical,13,26,N/B,7716
2015/06/13,7,3:56:00 PM,Saturday,Bathurst Station,Mechanical,8,15,nb,8349
2015/06/13,55,3:56:00 PM,Saturday,Jane and Dundas,Investigation,30,60,W/B,1659
2015/06/13,70,4:02:00 PM,Saturday,Sammon and Coxwell,Investigation,22,44,n/b,7625
2015/06/13,32,4:05:00 PM,Saturday,Jane and Emmett,Utilized Off Route,24,48,E/B,1054
2015/06/13,115,4:10:00 PM,Saturday,Yorkmills station,Mechanical,30,60,EB,8171
2015/06/13,123,4:15:00 PM,Saturday,North Queen at East Mall,Diversion,30,40,sb,7941
2015/06/13,43,4:35:00 PM,Saturday,Kennedy Station,Mechanical,14,28,NB,7684
2015/06/13,131,4:39:00 PM,Saturday,McLevin E/O Malvern Street,Mechanical,18,36,W,1826
2015/06/13,165,5:05:00 PM,Saturday,Wilson Stn,Mechanical,40,80,,1214
2015/06/13,128,5:08:00 PM,Saturday,McCowan/Manhatten,Mechanical,28,56,SB,1117
2015/06/13,6,5:10:00 PM,Saturday,bay and harbour,Diversion,42,30,n/b,1518
2015/06/13,709,5:15:00 PM,Saturday,Jane and Weston,Utilized Off Route,1,1,s/B,1541
2015/06/13,41,5:20:00 PM,Saturday,keele stn,Utilized Off Route,8,16,n/b,1544
2015/06/13,709,5:20:00 PM,Saturday,Jane Station,Utilized Off Route,1,1,w/B,1528
2015/06/13,44,5:21:00 PM,Saturday,Colonel Sam Smith Loop,Utilized Off Route,9,18,nb,8013
2015/06/13,92,5:28:00 PM,Saturday,Woodbine Stn,Utilized Off Route,7,14,S,8109
2015/06/13,195,5:41:00 PM,Saturday,Jane and Lawrence,Investigation,10,20,N/B,1354
2015/06/13,42,5:57:00 PM,Saturday,Finch STN,Mechanical,12,24,EB,8177
2015/06/13,32,6:00:00 PM,Saturday,Route 32,General Delay,14,28,BW,
2015/06/13,47,6:00:00 PM,Saturday,Lansdowne & St Clair w,General Delay,15,35,BW,
2015/06/13,29,6:08:00 PM,Saturday,Wilson STN,Mechanical,5,8,SB,9050
2015/06/13,17,6:13:00 PM,Saturday,Lawrence and Birchmount,Mechanical,15,30,N,8131
2015/06/13,73,6:23:00 PM,Saturday,Royal York Station,Mechanical,13,26,N,7934
2015/06/13,195,6:38:00 PM,Saturday,York U Commons,Emergency Services,10,20,S/B,1383
2015/06/13,199,6:40:00 PM,Saturday,Finch Stn,Utilized Off Route,7,14,E/B,1126
2015/06/13,7,6:50:00 PM,Saturday,Bathurst and St. Clair.,Mechanical,8,15,nb,8152
2015/06/13,95,7:00:00 PM,Saturday,U of T,Mechanical,10,20,W/B,1146
2015/06/13,36,7:22:00 PM,Saturday,,Mechanical,6,12,s,1417
2015/06/13,85,7:47:00 PM,Saturday,Sheppard @ Shorting,Mechanical,7,12,W,1814
2015/06/13,47,8:00:00 PM,Saturday,Landsdowne & St Clair west,Diversion,220,235,N,
2015/06/13,51,8:00:00 PM,Saturday,51 Leslie Route,Mechanical,1,1,BW,8363
2015/06/13,36,8:20:00 PM,Saturday,Goldfinch,Mechanical,6,12,s,1243
2015/06/13,807,8:38:00 PM,Saturday,Victoria Park station,Mechanical,2,5,n/b,7710
2015/06/13,100,9:00:00 PM,Saturday,Overlea and Donmills,Utilized Off Route,10,20,WB,7431
2015/06/13,94,9:11:00 PM,Saturday,Ossington Stn,Mechanical,17,34,,8108
2015/06/13,95,10:10:00 PM,Saturday,Bayview Ave.,Mechanical,14,28,WB,1234
2015/06/13,709,10:33:00 PM,Saturday,Keele & eglinton,Utilized Off Route,1,1,W,1541
2015/06/13,29,10:40:00 PM,Saturday,CNE Loop,Utilized Off Route,8,16,NB,8340
2015/06/13,29,10:40:00 PM,Saturday,Wilson STN,Utilized Off Route,8,16,BW,9034
2015/06/13,32,11:15:00 PM,Saturday,Pine &* Lawrence,Investigation,14,28,E,1525
2015/06/13,25,11:50:00 PM,Saturday,Donmills and Lawrance,Mechanical,10,20,NB,7602
2015/06/14,6,12:20:00 AM,Sunday,Avenue & Davenport,Diversion,83,127,BW,
2015/06/14,116,12:20:00 AM,Sunday,Eglinton and Danforth,Diversion,73,83,WB,
2015/06/14,54,12:54:00 AM,Sunday,Lawrance and Donmills,Mechanical,30,60,EB,7578
2015/06/14,71,1:28:00 AM,Sunday,Mount Dennis Garage,Utilized Off Route,1,1,N,1033
2015/06/14,37,1:30:00 AM,Sunday,ISLINGTON STN,Utilized Off Route,27,57,s/b,8024
2015/06/14,55,1:34:00 AM,Sunday,Jane St. and Dundas Street West,Utilized Off Route,1,1,N,1571
2015/06/14,161,1:40:00 AM,Sunday,Ossington Station,Utilized Off Route,1,1,S,1672
2015/06/14,300,1:54:00 AM,Sunday,Broadview Station,Mechanical,15,30,EB,7496
2015/06/14,300,5:55:00 AM,Sunday,Airport Terminal 3,Mechanical,30,60,EB,7751
2015/06/14,39,6:30:00 AM,Sunday,Neilson & Crow Trail,Mechanical,15,25,WB,1705
2015/06/14,41,6:45:00 AM,Sunday,Keele and Yore Rd,Diversion,999,999,N/B,1573
2015/06/14,300,6:50:00 AM,Sunday,Bloor/Spadina,Diversion,80,86,WB,7672
2015/06/14,63,6:50:00 AM,Sunday,Eglinton W Stn,Mechanical,10,20,e,1566
2015/06/14,39,7:13:00 AM,Sunday,Finch & Baldoon,Late Leaving Garage,10,20,EB,1080
2015/06/14,32,7:40:00 AM,Sunday,Weston and Eglinton,Diversion,66,96,w,1543
2015/06/14,35,7:52:00 AM,Sunday,Jane and Sheppard,Late Leaving Garage,15,30,,1286
2015/06/14,104,8:05:00 AM,Sunday,Wilson Stn,Late Leaving Garage,20,40,n,8213
2015/06/14,100,8:12:00 AM,Sunday,Eglinton Garage to Eglinton Station,Late Leaving Garage,20,40,e/b,7454
2015/06/14,95,8:23:00 AM,Sunday,Ellesmere Cul-De-Sac,Mechanical,20,40,WB,1725
2015/06/14,60,8:27:00 AM,Sunday,Finch Stn,Late Leaving Garage,19,33,,1223
2015/06/14,120,8:28:00 AM,Sunday,Jane and Giltspur,Late Leaving Garage,30,60,,1303
2015/06/14,5,8:30:00 AM,Sunday,Queens Park Cres,Diversion,206,226,s,8138
2015/06/14,47,8:30:00 AM,Sunday,Earlscourt,Late Leaving Garage,20,40,s,1010
2015/06/14,78,8:45:00 AM,Sunday,Carluke and Fifeshire,Late Leaving Garage,15,30,w,8304
2015/06/14,111,8:54:00 AM,Sunday,Kipling Station,Mechanical,0,0,nb,8033
2015/06/14,45,9:07:00 AM,Sunday,Kipling Station,Diversion,11,20,nb,8080
2015/06/14,76,9:09:00 AM,Sunday,Royal York Station,Diversion,9,18,sb,7322
2015/06/14,53,9:21:00 AM,Sunday,Morningside & Staines,Mechanical,27,54,WB,1728
2015/06/14,37,9:27:00 AM,Sunday,Islington Station,Mechanical,12,24,nb,7926
2015/06/14,94,9:50:00 AM,Sunday,Wellesley & Queens Park,Diversion,35,51,E/B,7265
2015/06/14,14,10:00:00 AM,Sunday,Entire Route,General Delay,20,40,B/W,
2015/06/14,129,10:20:00 AM,Sunday,STC,Utilized Off Route,10,20,N/B,1072
2015/06/14,50,10:42:00 AM,Sunday,ISLINGTON STN,Mechanical,18,35,wb,8078
2015/06/14,89,10:45:00 AM,Sunday,Entire Route,General Delay,10,20,B/W,
2015/06/14,47,10:50:00 AM,Sunday,Entire route,General Delay,0,0,b/w's,
2015/06/14,89,10:56:00 AM,Sunday,Albion and Weston,Utilized Off Route,10,21,S/B,1628
2015/06/14,29,11:00:00 AM,Sunday,Dufferin and Dundas,Diversion,95,101,n,8171
2015/06/14,41,11:00:00 AM,Sunday,Entire Route,General Delay,10,20,B/W,
2015/06/14,52,11:00:00 AM,Sunday,Entire Route,General Delay,10,18,B/W,
2015/06/14,134,11:05:00 AM,Sunday,STC,General Delay,11,33,E/B,
2015/06/14,41,11:11:00 AM,Sunday,Keele Stn,Mechanical,10,20,N/B,1675
2015/06/14,41,11:20:00 AM,Sunday,Keele Stn,Mechanical,10,20,N/B,1418
2015/06/14,195,11:33:00 AM,Sunday,Jane at Lampton,Mechanical,10,20,s,1363
2015/06/14,60,11:46:00 AM,Sunday,Finch Stn,Late Leaving Garage,11,22,,1523
2015/06/14,7,11:50:00 AM,Sunday,Bathurst STN,Mechanical,10,20,NB,8390
2015/06/14,22,11:58:00 AM,Sunday,Coxwell and Queen,Investigation,15,30,,7760
2015/06/14,32,12:00:00 PM,Sunday,Skymark and Eglinton,Mechanical,11,22,e,1610
2015/06/14,24,12:00:00 PM,Sunday,Victoria Park Route,General Delay,13,1,B/w,
2015/06/14,43,12:18:00 PM,Sunday,Kennedy Stn,Mechanical,9,18,W,7459
2015/06/14,54,12:34:00 PM,Sunday,The DVP and Lawrence,Emergency Services,16,32,w/b,7583
2015/06/14,52,12:56:00 PM,Sunday,Lawrence West Stn,Late Leaving Garage,8,16,W/B,1037
2015/06/14,36,1:00:00 PM,Sunday,Sentinel Finch,Mechanical,5,10,E,1313
2015/06/14,191,1:00:00 PM,Sunday,Entire route,General Delay,10,20,B/W,
2015/06/14,60,1:00:00 PM,Sunday,Entire route,General Delay,15,30,B/W,
2015/06/14,94,1:00:00 PM,Sunday,Wellesley Route,General Delay,14,1,,
2015/06/14,36,1:00:00 PM,Sunday,Entire route,General Delay,15,30,B/W,
2015/06/14,46,1:00:00 PM,Sunday,Entire route,General Delay,10,20,B/W,
2015/06/14,29,1:15:00 PM,Sunday,Dufferin and Alma,Emergency Services,3,7,n,8326
2015/06/14,68,1:29:00 PM,Sunday,3325 Warden,Mechanical,39,78,n/b,7418
2015/06/14,35,1:30:00 PM,Sunday,jane - wilson to eglinton,General Delay,12,22,bw,
2015/06/14,127,1:30:00 PM,Sunday,Entire Route,General Delay,22,44,B/W,
2015/06/14,25,1:38:00 PM,Sunday,Don Mills & Chipping,Emergency Services,6,11,S,7509
2015/06/14,108,1:39:00 PM,Sunday,downsview stn,Mechanical,18,36,e,1687
2015/06/14,63,1:43:00 PM,Sunday,Ossington & College,Investigation,7,15,N,1507
2015/06/14,68,1:48:00 PM,Sunday,3325 Warden,Mechanical,9,18,n/b,7558
2015/06/14,54,2:00:00 PM,Sunday,Underhill and Lawrence,Mechanical,16,32,WB,7619
2015/06/14,196,2:08:00 PM,Sunday,Downsview Station,Utilized Off Route,8,16,nb,196
2015/06/14,68,2:08:00 PM,Sunday,Warden and Eglinton,Investigation,20,40,WB,7684
2015/06/14,29,2:08:00 PM,Sunday,Dufferin and Dundas,Investigation,4,7,n,9411
2015/06/14,110,2:14:00 PM,Sunday,730 ISLINGTON,Mechanical,20,40,nb,7338
2015/06/14,32,2:21:00 PM,Sunday,Tretheway and Clearview,Diversion,5,66,,1636
2015/06/14,96,2:30:00 PM,Sunday,wilson stn - construction,General Delay,10,20,bw,
2015/06/14,35,2:41:00 PM,Sunday,jane at finch,Mechanical,10,20,s,1353
2015/06/14,52,2:48:00 PM,Sunday,lawrence and Caledonia,Mechanical,16,32,W/B,1652
2015/06/14,36,3:00:00 PM,Sunday,Sentinel and Finch,Mechanical,5,10,E,1313
2015/06/14,36,3:58:00 PM,Sunday,Finch and Arrow,Mechanical,5,10,E,1354
2015/06/14,54,4:08:00 PM,Sunday,Carnforth and Lawrence,Mechanical,16,18,WB,7517
2015/06/14,191,4:37:00 PM,Sunday,Albion and Martin Grove,Investigation,10,20,N,7951
2015/06/14,96,4:40:00 PM,Sunday,wilson at transit rd.,Mechanical,30,60,w,1227
2015/06/14,111,4:40:00 PM,Sunday,Kipling station,Utilized Off Route,13,26,nb,7310
2015/06/14,52,4:49:00 PM,Sunday,Martingrove and Tollington,Mechanical,8,16,E/B,1625
2015/06/14,7,5:30:00 PM,Sunday,Bathurst and Village Gate,Utilized Off Route,7,15,nb,8342
2015/06/14,196,6:15:00 PM,Sunday,Downsview STN,Utilized Off Route,8,16,WB,8344
2015/06/14,86,6:17:00 PM,Sunday,Toronto Zoo,Mechanical,7,14,SB,7543
2015/06/14,96,6:20:00 PM,Sunday,yorkmills stn,Mechanical,30,60,w,7930
2015/06/14,191,6:20:00 PM,Sunday,Kipling Station,Mechanical,10,20,N,7921
2015/06/14,127,6:21:00 PM,Sunday,Davenport Rd. and Oakwood Ave.,Mechanical,22,45,W,1065
2015/06/14,74,7:00:00 PM,Sunday,Mt. Pleasant loop,Diversion,1,1,nb,8145
2015/06/14,29,7:15:00 PM,Sunday,Dufferin STN,Mechanical,4,8,NB,8171
2015/06/14,86,8:01:00 PM,Sunday,Kennedy Station,Investigation,1,1,WB,7419
2015/06/14,52,8:22:00 PM,Sunday,Airport Rd. and Jetliner Dr.,Mechanical,30,60,E,1520
2015/06/14,96,8:40:00 PM,Sunday,wilson at clayson,Mechanical,30,60,w,1220
2015/06/14,22,9:15:00 PM,Sunday,Coxwell Station,Utilized Off Route,15,30,s,7858
2015/06/14,89,9:30:00 PM,Sunday,Keele Station,Mechanical,10,20,N,1646
2015/06/14,100,10:00:00 PM,Sunday,Broadview Station,Utilized Off Route,10,20,NB,7578
2015/06/14,34,10:07:00 PM,Sunday,Kennedy Station,Utilized Off Route,15,30,WB,7659
2015/06/14,102,10:09:00 PM,Sunday,Warden station,Utilized Off Route,12,24,N,7822
2015/06/14,133,10:15:00 PM,Sunday,STC SRT,Utilized Off Route,8,16,EB,1091
2015/06/14,190,10:24:00 PM,Sunday,Scarborough Town center,Utilized Off Route,1,1,SB,7596
2015/06/14,60,10:34:00 PM,Sunday,finch stn,Mechanical,12,24,e/b,1340
2015/06/14,129,11:05:00 PM,Sunday,STC,General Delay,10,20,N/B,
2015/06/14,116,11:10:00 PM,Sunday,Kennedy Station,Mechanical,10,20,EB,7643
2015/06/14,53,11:53:00 PM,Sunday,Finch Stn,Emergency Services,20,40,E/B,1818
2015/06/14,7,11:53:00 PM,Sunday,Heathdale & St Clair,Mechanical,10,20,NB,8335
2015/06/15,1,12:46:00 AM,Monday,Yonge and York Mills,Mechanical,3,6,n,1334
2015/06/15,71,1:28:00 AM,Monday,Mount Dennis Garage,Utilized Off Route,1,1,N,1033
2015/06/15,36,1:29:00 AM,Monday,finch and kipling,Emergency Services,10,20,e/b,1252
2015/06/15,7,1:29:00 AM,Monday,Dufferin & Sheppard,Utilized Off Route,1,1,SB,8394
2015/06/15,35,1:30:00 AM,Monday,jane stn,Utilized Off Route,130,40,e/b,1706
2015/06/15,35,1:30:00 AM,Monday,jane stn,Utilized Off Route,130,40,n/b,1257
2015/06/15,96,1:33:00 AM,Monday,carrier loop,Mechanical,30,60,e/b,1376
2015/06/15,55,1:34:00 AM,Monday,Jane St. and Dundas St. West,Utilized Off Route,1,1,N,1571
2015/06/15,300,1:35:00 AM,Monday,Bloor and Avenue Rd---Bloor and Bay St,Diversion,30,55,BW,7783
2015/06/15,97,1:39:00 AM,Monday,Yonge & Davenport,Utilized Off Route,1,1,NB,8141
2015/06/15,161,1:40:00 AM,Monday,Ossington Station,Utilized Off Route,1,1,S,1672
2015/06/15,36,1:45:00 AM,Monday,finch and bathurst,Mechanical,10,40,e/b,1330
2015/06/15,116,4:35:00 AM,Monday,Eglintom Yard,Mechanical,1,1,E,7638
2015/06/15,25,4:45:00 AM,Monday,Eglinton Yard,Late Leaving Garage,1,1,N,7487
2015/06/15,320,4:59:00 AM,Monday,Yonge and Eglinton,Late Leaving Garage,15,30,N,8165
2015/06/15,46,5:00:00 AM,Monday,Martingrove route,General Delay,15,23,B,1231
2015/06/15,36,5:00:00 AM,Monday,Finch West route,General Delay,14,20,B,
2015/06/15,309,5:04:00 AM,Monday,Finch station,Late Leaving Garage,10,40,W,9113
2015/06/15,36,5:13:00 AM,Monday,Finch and Arrow,Late Leaving Garage,8,18,E,9125
2015/06/15,65,5:15:00 AM,Monday,Caniff & Strachan,Late Leaving Garage,13,13,n/b,1648
2015/06/15,309,5:18:00 AM,Monday,Woodbine race track,Late Leaving Garage,26,56,E,9117
2015/06/15,46,5:18:00 AM,Monday,Steeles loop at Martingrove,Mechanical,15,30,S,1789
2015/06/15,35,5:20:00 AM,Monday,Jane Stn.,Mechanical,10,25,S,1323
2015/06/15,36,5:21:00 AM,Monday,Finch and Arrow,Late Leaving Garage,6,14,E,9109
2015/06/15,130,5:25:00 AM,Monday,Middlefield and Steeles,Late Leaving Garage,3,0,S,1792
2015/06/15,52,5:25:00 AM,Monday,Ray and Weston rd.,Mechanical,19,39,W/b,1423
2015/06/15,95,5:26:00 AM,Monday,Ellesmere and Markham,Mechanical,10,20,w,1776
2015/06/15,109,5:30:00 AM,Monday,Lawrence W Station,Late Leaving Garage,15,0,n,8205
2015/06/15,133,5:30:00 AM,Monday,Scarborough Town Centre,Mechanical,6,0,e,1060
2015/06/15,39,5:35:00 AM,Monday,Finch & Baldoon,Late Leaving Garage,4,8,EB,1085
2015/06/15,52,5:37:00 AM,Monday,Terminal 1,Late Leaving Garage,1,24,E/B,1577
2015/06/15,35,5:37:00 AM,Monday,Sheppard Ave,Mechanical,10,20,N,1311
2015/06/15,25,5:38:00 AM,Monday,Pape Stn,Mechanical,4,7,N,7515
2015/06/15,39,5:39:00 AM,Monday,Finch & Baldoon,Late Leaving Garage,4,49,EB,1078
2015/06/15,17,5:40:00 AM,Monday,Warden Station,Mechanical,20,32,N,7799
2015/06/15,98,5:40:00 AM,Monday,Sheppard Station,Late Leaving Garage,30,0,n,9418
2015/06/15,59,5:46:00 AM,Monday,L.A.West Stn.,Late Leaving Garage,12,24,W,1344
2015/06/15,165,5:48:00 AM,Monday,finch at weston,Mechanical,7,7,n,7243
2015/06/15,133,5:51:00 AM,Monday,Morningside & Finch,Mechanical,9,18,SB,1794
2015/06/15,15,5:53:00 AM,Monday,Sherway Gardens,Late Leaving Garage,15,35,E/B,8017
2015/06/15,34,5:53:00 AM,Monday,Kennedy Stn,Mechanical,8,16,W,7471
2015/06/15,116,5:54:00 AM,Monday,Morningside & Nighstar,Late Leaving Garage,6,13,S,7503
2015/06/15,69,5:55:00 AM,Monday,Danforth & Birchmount,Late Leaving Garage,7,1,S/B,7780
2015/06/15,41,5:58:00 AM,Monday,Keele stn.,Late Leaving Garage,10,21,W/b,9135
2015/06/15,85,6:00:00 AM,Monday,Rouge Hill GO,Late Leaving Garage,10,21,W,9088
2015/06/15,84,6:00:00 AM,Monday,Sheppard Avenue,General Delay,8,16,B/W,
2015/06/15,195,6:00:00 AM,Monday,Jane Street,General Delay,10,20,B/W,
2015/06/15,35,6:00:00 AM,Monday,Jane street,General Delay,5,10,B/W,
2015/06/15,129,6:01:00 AM,Monday,Scarboro Town Centre,Mechanical,7,11,NB,1398
2015/06/15,90,6:03:00 AM,Monday,St.Clair W station,Late Leaving Garage,12,30,n,9446
2015/06/15,12,6:06:00 AM,Monday,Victoria Park Stn,Late Leaving Garage,6,12,s/B,8121
2015/06/15,70,6:06:00 AM,Monday,Eglinton yard,Mechanical,18,36,e,7490
2015/06/15,53,6:07:00 AM,Monday,Morningside and Staines,Mechanical,2,12,w,9092
2015/06/15,32,6:10:00 AM,Monday,Eglinton Stn,Late Leaving Garage,5,10,w/b,1031
2015/06/15,36,6:10:00 AM,Monday,Finch and Arrow,Late Leaving Garage,11,21,E,1327
2015/06/15,60,6:10:00 AM,Monday,Finch Station,Late Leaving Garage,5,9,,1523
2015/06/15,54,6:11:00 AM,Monday,Egkubtib statuib,Utilized Off Route,22,34,e,7458
2015/06/15,60,6:13:00 AM,Monday,Finch Station,Late Leaving Garage,1,15,,1576
2015/06/15,45,6:18:00 AM,Monday,KIPLING & STEELES,Late Leaving Garage,5,10,S,7345
2015/06/15,39,6:18:00 AM,Monday,Finch station,Late Leaving Garage,4,7,EB,1067
2015/06/15,86,6:19:00 AM,Monday,Eglinton yard,Mechanical,1,1,E,7506
2015/06/15,104,6:19:00 AM,Monday,Downsview stn,Late Leaving Garage,13,26,n/b,8303
2015/06/15,85,6:19:00 AM,Monday,Don Mills station,Late Leaving Garage,6,12,E,9093
2015/06/15,60,6:20:00 AM,Monday,Signet and Steeles,Late Leaving Garage,10,12,,1260
2015/06/15,81,6:20:00 AM,Monday,Pape Stn,Mechanical,5,10,N/B,7788
2015/06/15,83,6:22:00 AM,Monday,Donlands Stn,Mechanical,14,28,S/B,7842
2015/06/15,36,6:23:00 AM,Monday,Humberwood loop,Late Leaving Garage,5,10,E,1390
2015/06/15,60,6:24:00 AM,Monday,York U,Late Leaving Garage,7,8,,1342
2015/06/15,32,6:25:00 AM,Monday,Weston & Eglinton,Mechanical,10,20,e/b,1065
2015/06/15,29,6:25:00 AM,Monday,Princes gate,Late Leaving Garage,8,16,n/b,9021
2015/06/15,17,6:25:00 AM,Monday,Birchmount & Rolark,Mechanical,8,16,S/B,8122
2015/06/15,6,6:26:00 AM,Monday,Queen and Jarvis,Mechanical,8,16,down,1245
2015/06/15,34,6:29:00 AM,Monday,Eglinton STN,Mechanical,4,8,EB,7678
2015/06/15,96,6:30:00 AM,Monday,wilson - bathurst to avenue,General Delay,10,22,bw,
2015/06/15,165,6:30:00 AM,Monday,wilson - bathurst to avenue,General Delay,10,22,bw,
2015/06/15,107,6:30:00 AM,Monday,Downsview Stn,Mechanical,15,33,n,8173
2015/06/15,87,6:32:00 AM,Monday,Coxwell at Mortimer,Mechanical,9,18,w,7708
2015/06/15,86,6:35:00 AM,Monday,Kennedy Stn,Mechanical,16,32,E,7447
2015/06/15,53,6:35:00 AM,Monday,Finch Station,Mechanical,11,22,e,9070
2015/06/15,195,6:37:00 AM,Monday,JSTE,Late Leaving Garage,10,20,S,1217
2015/06/15,161,6:38:00 AM,Monday,Jane and Alliance,Mechanical,11,22,e/b,1599
2015/06/15,106,6:39:00 AM,Monday,Downsview Stn,Mechanical,7,14,n,9442
2015/06/15,107,6:39:00 AM,Monday,Downsview Stn,Late Leaving Garage,18,25,n,8381
2015/06/15,84,6:40:00 AM,Monday,JSTE,Late Leaving Garage,24,1,S,1295
2015/06/15,78,6:40:00 AM,Monday,Yorkmills stn,Late Leaving Garage,10,20,e/b,8357
2015/06/15,91,6:46:00 AM,Monday,Cassandra & underhill,Late Leaving Garage,7,0,N/B,8106
2015/06/15,45,6:52:00 AM,Monday,KIPLING & STEELES,Late Leaving Garage,6,12,S,8042
2015/06/15,116,6:52:00 AM,Monday,Kennedy Stn,Mechanical,6,13,E,7503
2015/06/15,199,6:53:00 AM,Monday,STC,Late Leaving Garage,2,5,WB,1083
2015/06/15,60,6:57:00 AM,Monday,York U,Mechanical,7,14,,1389
2015/06/15,131,6:58:00 AM,Monday,Scarboro Town Centre,Late Leaving Garage,8,17,NB,1727
2015/06/15,51,6:59:00 AM,Monday,Wilson ave and Allard ave,Emergency Services,14,28,e/b,8312
2015/06/15,7,6:59:00 AM,Monday,bathurst and Wilson,Late Leaving Garage,8,16,n,9027
2015/06/15,29,7:00:00 AM,Monday,Wilson stn to Princes gate,General Delay,12,16,b/w,
2015/06/15,6,7:00:00 AM,Monday,bay and davenport,Mechanical,30,0,down,1216
2015/06/15,196,7:01:00 AM,Monday,York U. Common,Utilized Off Route,3,7,s,8178
2015/06/15,53,7:05:00 AM,Monday,Finch Station,Mechanical,12,24,e,9072
2015/06/15,7,7:07:00 AM,Monday,bathurst and Wilson,Late Leaving Garage,5,10,S,9025
2015/06/15,60,7:09:00 AM,Monday,Finch Stn,Mechanical,10,20,,1354
2015/06/15,36,7:09:00 AM,Monday,Finch station,Late Leaving Garage,6,11,W,1305
2015/06/15,106,7:15:00 AM,Monday,Keele and Shepard,Mechanical,7,14,n,9432
2015/06/15,67,7:21:00 AM,Monday,Victoria Park STN,Mechanical,17,28,NB,7516
2015/06/15,25,7:25:00 AM,Monday,Pape Stn,Late Leaving Garage,3,6,N,7601
2015/06/15,44,7:26:00 AM,Monday,KIPLING STATIONN,Late Leaving Garage,5,10,S,7346
2015/06/15,108,7:35:00 AM,Monday,Downsview Stn,Mechanical,13,26,,1353
2015/06/15,46,7:36:00 AM,Monday,Steeles and Martin grove,Mechanical,11,21,S,1231
2015/06/15,116,7:45:00 AM,Monday,Eglinton & Kingston,Mechanical,12,24,W,7604
2015/06/15,86,7:49:00 AM,Monday,Kennedy Stn,Emergency Services,16,32,E,7413
2015/06/15,60,7:50:00 AM,Monday,Finch Stn,Mechanical,7,15,,1360
2015/06/15,61,7:52:00 AM,Monday,Bombay loop,Mechanical,10,20,s/b,8379
2015/06/15,29,7:57:00 AM,Monday,Princes gate,Mechanical,8,16,n/b,9040
2015/06/15,60,8:00:00 AM,Monday,Both Ways,General Delay,10,20,,
2015/06/15,165,8:04:00 AM,Monday,weston at canada dr.,Mechanical,40,60,s,7227
2015/06/15,25,8:07:00 AM,Monday,Don Mills and Mallard,Investigation,3,6,S,7646
2015/06/15,81,8:22:00 AM,Monday,Pape & Oconnor,Mechanical,10,20,S/B,7789
2015/06/15,86,8:23:00 AM,Monday,Kennedy Stn,Mechanical,4,9,E,7497
2015/06/15,76,8:27:00 AM,Monday,Symons and Royal York Rd,Investigation,5,9,s/b,7306
2015/06/15,29,8:29:00 AM,Monday,Wilson stn,Mechanical,8,16,s/b,9022
2015/06/15,100,8:36:00 AM,Monday,Grenoble and Vendome Pl,Mechanical,13,26,WB,7482
2015/06/15,32,8:37:00 AM,Monday,Marlee & Eglinton,Investigation,5,10,s/b,1020
2015/06/15,32,8:37:00 AM,Monday,Marlee & Eglinton,Investigation,5,10,e/b,1606
2015/06/15,90,8:38:00 AM,Monday,St.Clair W Station,Mechanical,8,16,N,8140
2015/06/15,86,8:47:00 AM,Monday,Eglinton & Cedar,Investigation,16,32,E,7593
2015/06/15,100,8:50:00 AM,Monday,Broadview STN,Utilized Off Route,3,9,NB,7594
2015/06/15,100,8:50:00 AM,Monday,Broadview STN,Utilized Off Route,7,14,NB,7660
2015/06/15,100,8:50:00 AM,Monday,Broadview STN,Utilized Off Route,7,14,NB,7402
2015/06/15,68,8:51:00 AM,Monday,Waden station,Utilized Off Route,9,18,s,7494
2015/06/15,24,8:52:00 AM,Monday,Victoria Park Station,Utilized Off Route,1,1,E,7723
2015/06/15,64,8:53:00 AM,Monday,Main Station,Utilized Off Route,3,11,S,7736
2015/06/15,191,9:00:00 AM,Monday,HWY 191 rocket,General Delay,12,21,B,7951
2015/06/15,172,9:00:00 AM,Monday,Parliament & Mill,Diversion,999,999,B/W,7768
2015/06/15,100,9:00:00 AM,Monday,Broadview STN,Utilized Off Route,7,14,NB,7436
2015/06/15,87,9:00:00 AM,Monday,Broadview Station,Utilized Off Route,1,1,E,8120
2015/06/15,81,9:06:00 AM,Monday,Pape Station,Utilized Off Route,1,1,E,7774
2015/06/15,72,9:16:00 AM,Monday,Pape Stration,Utilized Off Route,1,1,E,7860
2015/06/15,34,9:18:00 AM,Monday,Broadview STN,Utilized Off Route,1,1,,7635
2015/06/15,190,9:40:00 AM,Monday,Eglinton Yard,Utilized Off Route,1,1,S,7680
2015/06/15,52,9:47:00 AM,Monday,Royal york and Dixon rd.,Mechanical,7,15,E/B,1584
2015/06/15,25,9:49:00 AM,Monday,Pape Stn,Utilized Off Route,1,1,S,7628
2015/06/15,25,9:50:00 AM,Monday,Pape and O'Connor,Utilized Off Route,1,1,S,7422
2015/06/15,191,9:50:00 AM,Monday,Kipling station,Mechanical,9,16,N,7921
2015/06/15,196,10:01:00 AM,Monday,York U,Mechanical,3,7,s,7228
2015/06/15,52,10:08:00 AM,Monday,Lawrence West station,Mechanical,15,30,W/B,1017
2015/06/15,23,10:10:00 AM,Monday,Main Station,Mechanical,10,20,NB,7865
2015/06/15,196,10:20:00 AM,Monday,Dufferin and Overbrook,Mechanical,3,6,n,8218
2015/06/15,46,10:23:00 AM,Monday,Martingrove route,Mechanical,1,1,N,1359
2015/06/15,191,10:25:00 AM,Monday,Steele at  Martin grove,Mechanical,9,18,S,7951
2015/06/15,59,10:30:00 AM,Monday,Both Ways,Mechanical,21,42,,1219
2015/06/15,59,10:30:00 AM,Monday,Both Ways,General Delay,10,20,,
2015/06/15,196,10:41:00 AM,Monday,York U,Mechanical,2,6,s,8214
2015/06/15,108,11:06:00 AM,Monday,Downsview Stn,Mechanical,18,36,,1288
2015/06/15,165,11:16:00 AM,Monday,wilson stn,Mechanical,9,16,e,1545
2015/06/15,88,11:23:00 AM,Monday,St Clair Stn,Mechanical,15,30,,8152
2015/06/15,100,11:23:00 AM,Monday,Broadview STN,Utilized Off Route,7,14,NB,7515
2015/06/15,196,11:24:00 AM,Monday,Downsview Stn,Mechanical,3,7,w,9436
2015/06/15,56,11:27:00 AM,Monday,Eglinton stn,Mechanical,17,34,s/b,8175
2015/06/15,133,11:35:00 AM,Monday,Neilson and Ellesmere,Mechanical,10,20,w,1080
2015/06/15,32,11:35:00 AM,Monday,Glenholme & Eglinton,Investigation,13,26,w/b,1530
2015/06/15,100,11:37:00 AM,Monday,Broadview STN,Utilized Off Route,7,14,NB,7614
2015/06/15,25,11:40:00 AM,Monday,Pape Stn,Utilized Off Route,6,12,N,7653
2015/06/15,54,11:41:00 AM,Monday,Mossbank on Lawrence,Emergency Services,12,24,s,7587
2015/06/15,32,12:00:00 PM,Monday,Eglinton West stn,Investigation,13,26,w/b,1018
2015/06/15,196,12:05:00 PM,Monday,Downsview Stn,Mechanical,3,6,n,8142
2015/06/15,56,12:18:00 PM,Monday,Eglinton Station,Mechanical,17,34,EB,8135
2015/06/15,52,12:28:00 PM,Monday,Dixon rd. and Martingrove,Mechanical,15,30,W/B,1423
2015/06/15,106,12:28:00 PM,Monday,York U,Mechanical,10,20,s,9449
2015/06/15,60,12:30:00 PM,Monday,All Run Affected,General Delay,15,30,B/W,1461
2015/06/15,108,12:30:00 PM,Monday,All Run Affected,General Delay,12,25,B/W,1208
2015/06/15,59,12:30:00 PM,Monday,Construction  at Rail crossing on Church.,General Delay,12,25,E/B,1335
2015/06/15,124,12:41:00 PM,Monday,Lawrence Stn,Mechanical,8,16,,8389
2015/06/15,39,12:43:00 PM,Monday,Wilfred Ave,Emergency Services,7,13,EB,1072
2015/06/15,45,1:00:00 PM,Monday,Entire route,General Delay,25,14,bw,
2015/06/15,191,1:00:00 PM,Monday,Entire route,General Delay,10,20,B/W,
2015/06/15,36,1:00:00 PM,Monday,Entire route,General Delay,15,30,B/W,
2015/06/15,46,1:00:00 PM,Monday,Entire route,General Delay,15,30,B/W,
2015/06/15,26,1:01:00 PM,Monday,Annette and Keele,Diversion,0,0,EB,1608
2015/06/15,12,1:11:00 PM,Monday,Midland and Kingston Rd,Mechanical,20,40,W,8132
2015/06/15,32,1:19:00 PM,Monday,Eglinton and Gabian Way,Mechanical,13,26,E/B,1510
2015/06/15,51,1:30:00 PM,Monday,Eglinton Station,Mechanical,25,50,EB,8155
2015/06/15,38,1:32:00 PM,Monday,Scarborough college loop,Mechanical,15,30,EB,1121
2015/06/15,199,1:46:00 PM,Monday,Scarborough Centre,Mechanical,1,1,EB,1770
2015/06/15,25,1:58:00 PM,Monday,Don Mills Station,Mechanical,3,6,NB,7653
2015/06/15,32,2:00:00 PM,Monday,Entire Route,General Delay,15,23,B/W,
2015/06/15,35,2:00:00 PM,Monday,35 JANE ST,General Delay,10,20,B/W,
2015/06/15,34,2:00:00 PM,Monday,Bayview to Leslie,General Delay,20,25,EB,
2015/06/15,54,2:00:00 PM,Monday,Lawrence East route,General Delay,1,1,b/w,
2015/06/15,195,2:00:00 PM,Monday,195 Jane route,General Delay,10,20,B/W,
2015/06/15,41,2:00:00 PM,Monday,Entire Route,General Delay,30,40,B/W,
2015/06/15,36,2:05:00 PM,Monday,Jane and Finch,Mechanical,6,12,E,9112
2015/06/15,9,2:05:00 PM,Monday,STC,Late Leaving Garage,15,30,S/B,7711
2015/06/15,44,2:07:00 PM,Monday,Kipling station,Utilized Off Route,8,15,sb,8065
2015/06/15,196,2:08:00 PM,Monday,Downsview Stn,Mechanical,7,13,s,9435
2015/06/15,196,2:08:00 PM,Monday,Downsniview Stn,Mechanical,4,7,w,8207
2015/06/15,76,2:09:00 PM,Monday,ROYAL YORK STN,Utilized Off Route,9,18,sb,8092
2015/06/15,42,2:09:00 PM,Monday,Finch Stn,Mechanical,24,48,e,8307
2015/06/15,97,2:23:00 PM,Monday,Yonge st & Broadway Ave,Diversion,78,93,BW,8150
2015/06/15,84,2:25:00 PM,Monday,ARROW AND SHEPPARD,Mechanical,9,19,w/b,1415
2015/06/15,32,2:30:00 PM,Monday,Entire Route,Mechanical,13,26,E/B,1594
2015/06/15,115,2:40:00 PM,Monday,York mIlls station,Mechanical,20,40,E,8217
2015/06/15,41,2:41:00 PM,Monday,Keele station,Mechanical,8,14,NB,9149
2015/06/15,12,2:44:00 PM,Monday,VP Station,Mechanical,15,30,W,7770
2015/06/15,96,2:50:00 PM,Monday,Arrow Garagde,Late Leaving Garage,18,36,w,7216
2015/06/15,52,2:51:00 PM,Monday,church and jane,Late Leaving Garage,12,24,e/b,1603
2015/06/15,169,2:52:00 PM,Monday,Don mills Stn,Mechanical,30,60,w,9425
2015/06/15,127,2:55:00 PM,Monday,Townsley Loop,Late Leaving Garage,19,39,EB,1528
2015/06/15,100,3:00:00 PM,Monday,Bayview to Leslie,General Delay,20,30,EB,
2015/06/15,96,3:00:00 PM,Monday,Yorkmills station,Late Leaving Garage,18,36,w,1333
2015/06/15,96,3:00:00 PM,Monday,Wilson,General Delay,12,24,B/w,
2015/06/15,61,3:00:00 PM,Monday,On Route,General Delay,20,32,BW,
2015/06/15,165,3:00:00 PM,Monday,Weston,General Delay,12,24,B/w,
2015/06/15,709,3:00:00 PM,Monday,Eglinton,Late Leaving Garage,1,1,B/W,1528
2015/06/15,37,3:00:00 PM,Monday,ISLINGTON AND ANGLESEY,Investigation,6,18,nb,7343
2015/06/15,709,3:00:00 PM,Monday,Eglinton,Late Leaving Garage,1,1,B/W,1004
2015/06/15,709,3:00:00 PM,Monday,Eglinton,Late Leaving Garage,1,1,B/W,1011
2015/06/15,16,3:00:00 PM,Monday,McCowan…Lawerence to Ellesmere,General Delay,17,1,B/W,
2015/06/15,102,3:00:00 PM,Monday,Markhanm Route  Kingston to Lawerence,General Delay,15,1,B/W,
2015/06/15,89,3:00:00 PM,Monday,Entire Route,General Delay,20,27,B/W,
2015/06/15,9,3:00:00 PM,Monday,Bellamy Route,General Delay,16,1,B/W,
2015/06/15,35,3:06:00 PM,Monday,Eglinton,Mechanical,3,6,s/b,1064
2015/06/15,95,3:08:00 PM,Monday,Kingston Rd loop,Late Leaving Garage,9,18,w,1095
2015/06/15,41,3:10:00 PM,Monday,Commons at York Univ,Late Leaving Garage,15,31,SB,1572
2015/06/15,52,3:10:00 PM,Monday,martingrove,Late Leaving Garage,15,30,e/b,1648
2015/06/15,52,3:11:00 PM,Monday,terminal 1,Late Leaving Garage,15,30,e/b,1546
2015/06/15,191,3:12:00 PM,Monday,Martin grove and Royalcrest,Late Leaving Garage,6,11,N,7902
2015/06/15,32,3:14:00 PM,Monday,Pine and Lawrence,Late Leaving Garage,8,16,E/B,1034
2015/06/15,75,3:22:00 PM,Monday,Bloor,Mechanical,9,18,n,8199
2015/06/15,168,3:23:00 PM,Monday,Dundas West Station,Mechanical,6,12,N,7926
2015/06/15,32,3:23:00 PM,Monday,Skymark and Explorer,Late Leaving Garage,8,16,E/B,1625
2015/06/15,41,3:26:00 PM,Monday,Commons at York University,Late Leaving Garage,16,31,SB,
2015/06/15,52,3:27:00 PM,Monday,terminal 1,Late Leaving Garage,15,30,e/b,1021
2015/06/15,51,3:30:00 PM,Monday,On Route,General Delay,25,40,BW,
2015/06/15,37,3:31:00 PM,Monday,ISLINGTON STN,Mechanical,9,18,nb,7328
2015/06/15,52,3:37:00 PM,Monday,lawrence west stn,Late Leaving Garage,11,22,w/b,1029
2015/06/15,54,3:38:00 PM,Monday,Markham and Lawrence,Investigation,12,24,w/b,7526
2015/06/15,165,3:39:00 PM,Monday,yorkmills,Late Leaving Garage,10,20,w,7232
2015/06/15,49,3:39:00 PM,Monday,Kipling station,Mechanical,8,13,nb,8020
2015/06/15,199,3:40:00 PM,Monday,McCowan Rd,Mechanical,5,10,WB,1077
2015/06/15,52,3:41:00 PM,Monday,lawrence stn,Late Leaving Garage,11,22,w/b,1020
2015/06/15,52,3:44:00 PM,Monday,lawrence stn,Late Leaving Garage,11,22,w/b,1528
2015/06/15,52,3:44:00 PM,Monday,westwood mall,Late Leaving Garage,16,32,e/b,1055
2015/06/15,24,3:46:00 PM,Monday,VP at Old Sheppard,Investigation,10,20,s,7827
2015/06/15,89,3:46:00 PM,Monday,Keele Station,Utilized Off Route,7,14,NB,1667
2015/06/15,52,3:58:00 PM,Monday,lawrence stn,Late Leaving Garage,11,22,w/b,
2015/06/15,54,3:59:00 PM,Monday,Cedarbrae Mall and Lawrence,Mechanical,11,22,e/b,7578
2015/06/15,11,4:00:00 PM,Monday,On Route,General Delay,25,37,BW,
2015/06/15,59,4:00:00 PM,Monday,Lawrence west station.,Late Leaving Garage,13,26,E,1305
2015/06/15,168,4:00:00 PM,Monday,Dundas West Station,General Delay,15,20,BW,
2015/06/15,79,4:05:00 PM,Monday,Jane and Wright,Diversion,14,10,SB,1575
2015/06/15,86,4:11:00 PM,Monday,kennedy station,Utilized Off Route,10,20,e,7679
2015/06/15,168,4:13:00 PM,Monday,Dundas West Station,Mechanical,6,12,N,7302
2015/06/15,37,4:14:00 PM,Monday,ISLINGTON LOOP,Mechanical,10,20,sb,7333
2015/06/15,56,4:23:00 PM,Monday,Floyd Av/Donland Av,Investigation,23,46,Nb,8164
2015/06/15,61,4:30:00 PM,Monday,Bombay Loop,Mechanical,12,24,Nb,8215
2015/06/15,709,4:37:00 PM,Monday,Eglinton West Stn,Utilized Off Route,1,1,E/B,1062
2015/06/15,36,4:38:00 PM,Monday,Finch and Arrow,Investigation,7,15,E,9128
2015/06/15,169,4:40:00 PM,Monday,Sheppard and Warden,Mechanical,30,60,w,8335
2015/06/15,47,4:40:00 PM,Monday,Queen/Lansdowne,Utilized Off Route,13,26,n,1007
2015/06/15,25,4:40:00 PM,Monday,Don Mills and Eglinton,Mechanical,3,6,SB,7625
2015/06/15,801,4:40:00 PM,Monday,Springhurst loop,Utilized Off Route,1,1,N,8339
2015/06/15,98,4:41:00 PM,Monday,Sheppard Station,Mechanical,15,30,w,8374
2015/06/15,35,4:41:00 PM,Monday,Jane Station,Utilized Off Route,20,40,n/b,1299
2015/06/15,40,4:43:00 PM,Monday,Runnymede Loop,Mechanical,8,15,E,8058
2015/06/15,30,4:45:00 PM,Monday,Dundas at Islington,Emergency Services,15,35,wb,8044
2015/06/15,7,4:46:00 PM,Monday,Bathurst stn,Utilized Off Route,8,16,n,9044
2015/06/15,46,4:50:00 PM,Monday,Kipling Station,Utilized Off Route,11,22,N,1329
2015/06/15,47,4:57:00 PM,Monday,queen/Lansdowne,Mechanical,26,52,n,1004
2015/06/15,106,5:08:00 PM,Monday,Downsview Stn,Mechanical,10,20,w,9410
2015/06/15,43,5:10:00 PM,Monday,Kennedy Station,Mechanical,12,24,NB,7494
2015/06/15,45,5:16:00 PM,Monday,Kipling station,Mechanical,8,16,nb,7325
2015/06/15,63,5:26:00 PM,Monday,Eg west stn,Mechanical,10,20,S,1003
2015/06/15,116,5:30:00 PM,Monday,Morningside,General Delay,8,0,b/w,
2015/06/15,86,5:30:00 PM,Monday,Scarborough Route,General Delay,10,0,b/w,
2015/06/15,196,5:33:00 PM,Monday,Downsview Stn,Mechanical,4,7,w,9424
2015/06/15,35,5:39:00 PM,Monday,Jane Station,Investigation,5,15,n/b,1679
2015/06/15,11,5:40:00 PM,Monday,Davisville station,Mechanical,12,24,Nb,8314
2015/06/15,66,5:43:00 PM,Monday,Lakeshore at Marine Parade,Investigation,15,30,N,8062
2015/06/15,60,5:44:00 PM,Monday,Steeles West @ Dufferin St.,Mechanical,3,7,E,1751
2015/06/15,102,5:53:00 PM,Monday,Warden Stn,Utilized Off Route,11,22,N/B,7734
2015/06/15,191,5:54:00 PM,Monday,Royal Crest and Highway # 27,Mechanical,5,10,S,7921
2015/06/15,191,5:54:00 PM,Monday,Kipling Station,Mechanical,5,10,N,7901
2015/06/15,104,5:56:00 PM,Monday,Overbrook and Wilmington,Mechanical,13,26,w,8195
2015/06/15,168,6:00:00 PM,Monday,Dundas West Station,Mechanical,6,12,N,7338
2015/06/15,51,6:00:00 PM,Monday,Leslie/Cummer,Mechanical,15,30,Nb,8155
2015/06/15,41,6:15:00 PM,Monday,Keele station,Mechanical,16,31,NB,9137
2015/06/15,88,6:18:00 PM,Monday,St Clair Station,Utilized Off Route,15,30,e,8328
2015/06/15,195,6:30:00 PM,Monday,Sheppard and Jane,Mechanical,12,24,n/b,7942
2015/06/15,45,6:49:00 PM,Monday,Kipling station,Mechanical,7,15,nb,7342
2015/06/15,116,7:05:00 PM,Monday,eglinton and bellamy,Mechanical,10,20,e,7480
2015/06/15,16,7:16:00 PM,Monday,STC,Mechanical,11,22,S/B,7879
2015/06/15,32,7:30:00 PM,Monday,Eglinton West Stn,Utilized Off Route,9,18,E/B,1239
2015/06/15,17,7:35:00 PM,Monday,Birchmount & Exford,Mechanical,12,24,N/B,7758
2015/06/15,42,7:38:00 PM,Monday,Finch Station,Mechanical,20,40,e,8188
2015/06/15,168,8:10:00 PM,Monday,DUNDAS W STN,Mechanical,10,20,n/b,7314
2015/06/15,97,8:10:00 PM,Monday,Yonge and York Mills,Mechanical,30,60,n,8177
2015/06/15,71,8:13:00 PM,Monday,Rockcliffe and Corbett,Mechanical,22,44,S/B,1616
2015/06/15,112,8:21:00 PM,Monday,KIPLING STN,Mechanical,15,30,N/B,7317
2015/06/15,32,8:24:00 PM,Monday,Eglinton West Stn,Mechanical,9,18,W/B,1506
2015/06/15,104,8:28:00 PM,Monday,Wilson Station,Mechanical,14,28,n,8303
2015/06/15,196,8:32:00 PM,Monday,Downsveiw Station,Mechanical,4,8,n,9449
2015/06/15,102,8:39:00 PM,Monday,Warden Station,Utilized Off Route,9,18,NB,7852
2015/06/15,42,8:40:00 PM,Monday,Finch Station,Utilized Off Route,20,40,e,8202
2015/06/15,100,8:44:00 PM,Monday,Broadview Station,Utilized Off Route,8,16,NB,7670
2015/06/15,36,8:48:00 PM,Monday,humberwood loop,Mechanical,8,16,e/b,1559
2015/06/15,196,8:49:00 PM,Monday,Downsview Station,Utilized Off Route,4,8,n,8324
2015/06/15,106,8:55:00 PM,Monday,Downsview Station,Mechanical,15,30,n,8181
2015/06/15,47,9:06:00 PM,Monday,Caledonia Rd. and Lawrence Ave. West,Mechanical,20,40,N,1014
2015/06/15,22,9:10:00 PM,Monday,Coxwell Station,Utilized Off Route,10,20,SB,7815
2015/06/15,11,9:10:00 PM,Monday,Davisville Station,Mechanical,13,26,n,8357
2015/06/15,25,9:10:00 PM,Monday,Pape Station,Utilized Off Route,1,1,NB,7508
2015/06/15,196,9:19:00 PM,Monday,Commons,Utilized Off Route,4,8,S,8312
2015/06/15,96,9:30:00 PM,Monday,john garland and kipling,Investigation,20,40,e/b,1505
2015/06/15,53,10:20:00 PM,Monday,Steeles and McCowan,Mechanical,5,10,w,1289
2015/06/15,54,10:28:00 PM,Monday,Eglinton Station,Mechanical,16,32,EB,7675
2015/06/15,75,10:30:00 PM,Monday,Jarvis and Lakeshore,Mechanical,30,60,N,8135
2015/06/15,82,10:42:00 PM,Monday,Summmerhill and Maclennan,Mechanical,30,60,`n,8135
2015/06/15,96,11:15:00 PM,Monday,claireville and humberline,Mechanical,20,40,e/b,1384
2015/06/15,35,11:20:00 PM,Monday,jane and finch,Mechanical,8,16,s/b,1294
2015/06/16,102,12:00:00 AM,Tuesday,Eglinton and Markham,Utilized Off Route,10,20,SB,8104
2015/06/16,191,12:04:00 AM,Tuesday,steeles loop,Mechanical,12,24,s/b,7912
2015/06/16,100,12:19:00 AM,Tuesday,Broadview Station,Mechanical,10,21,NB,7645
2015/06/16,60,12:49:00 AM,Tuesday,finch stn,Mechanical,12,24,w/b,1215
2015/06/16,69,12:51:00 AM,Tuesday,Warden Station,Investigation,20,40,SB,7690
2015/06/16,25,1:05:00 AM,Tuesday,Pape Station,Mechanical,13,26,NB,7509
2015/06/16,320,1:28:00 AM,Tuesday,steeles loop,Mechanical,4,8,s/b,8135
2015/06/16,94,1:29:00 AM,Tuesday,Wellesley Station,Mechanical,15,30,EB,8112
2015/06/16,320,1:30:00 AM,Tuesday,welllsley stn,Mechanical,4,8,s/b,8112
2015/06/16,303,2:04:00 AM,Tuesday,Pape Stn,Mechanical,30,60,NB,7438
2015/06/16,319,2:45:00 AM,Tuesday,martingrove and milkwood,Mechanical,20,40,s/b,1354
2015/06/16,320,3:00:00 AM,Tuesday,yonge and grosvoier,Mechanical,4,8,s/b,8171
2015/06/16,7,4:40:00 AM,Tuesday,Village gate and Steeles,Mechanical,30,60,s/b,9056
2015/06/16,39,4:52:00 AM,Tuesday,Finch & Baldoon,Late Leaving Garage,5,10,WB,1824
2015/06/16,95,5:00:00 AM,Tuesday,Kingston Road Loop,Mechanical,9,0,w,1723
2015/06/16,24,5:03:00 AM,Tuesday,Victoria Park &Consumers,Late Leaving Garage,18,36,N/B,7878
2015/06/16,35,5:19:00 AM,Tuesday,JSTE,Late Leaving Garage,5,10,S,1702
2015/06/16,36,5:19:00 AM,Tuesday,Finch and Arrow,Late Leaving Garage,22,45,W,9109
2015/06/16,96,5:24:00 AM,Tuesday,yorkmills stn,Mechanical,36,57,w,1238
2015/06/16,47,5:27:00 AM,Tuesday,Eglinton & Caledonia,Mechanical,29,29,s/b,1506
2015/06/16,161,5:28:00 AM,Tuesday,Lambton & Jane,Late Leaving Garage,13,33,e/b,1615
2015/06/16,67,5:30:00 AM,Tuesday,Rannock and Pharmcy,Late Leaving Garage,0,9,s,7432
2015/06/16,25,5:31:00 AM,Tuesday,Pape station,Utilized Off Route,3,6,n,7503
2015/06/16,36,5:35:00 AM,Tuesday,Finch and Bathurst,Late Leaving Garage,10,1,W,9115
2015/06/16,97,5:45:00 AM,Tuesday,Davisville Station,Late Leaving Garage,15,0,N,8330
2015/06/16,7,5:45:00 AM,Tuesday,Bathurst Stn,Mechanical,9,18,S/B,9033
2015/06/16,54,5:52:00 AM,Tuesday,Starspray,Late Leaving Garage,9,18,e,7473
2015/06/16,34,5:53:00 AM,Tuesday,Kenendy Stn,Mechanical,8,16,W,7423
2015/06/16,116,5:54:00 AM,Tuesday,Morningside & Nighstar,Late Leaving Garage,6,13,S,7404
2015/06/16,11,5:56:00 AM,Tuesday,Bayview/Lawrence,Mechanical,8,16,E/B,8162
2015/06/16,7,5:57:00 AM,Tuesday,Bathurst and Hilcrest under bridge,Diversion,93,102,BW,9010
2015/06/16,35,5:58:00 AM,Tuesday,SHJA,Late Leaving Garage,2,10,N,1515
2015/06/16,68,5:59:00 AM,Tuesday,Warden station,Late Leaving Garage,4,13,n,7563
2015/06/16,195,6:00:00 AM,Tuesday,Jane Street,General Delay,12,24,B/W,
2015/06/16,41,6:00:00 AM,Tuesday,Keele station,Late Leaving Garage,1,14,N/B,9142
2015/06/16,35,6:00:00 AM,Tuesday,Jane Street,General Delay,7,14,B/W,
2015/06/16,76,6:00:00 AM,Tuesday,Evans and Royal York,Late Leaving Garage,4,9,s/b,8061
2015/06/16,84,6:00:00 AM,Tuesday,Sheppard Avenue,General Delay,9,18,B/W,
2015/06/16,116,6:03:00 AM,Tuesday,Kennedy Stn,Mechanical,7,13,E,7524
2015/06/16,7,6:03:00 AM,Tuesday,Bathurst Station,Late Leaving Garage,8,17,N,9025
2015/06/16,129,6:05:00 AM,Tuesday,STC,Late Leaving Garage,4,13,N,1099
2015/06/16,100,6:06:00 AM,Tuesday,Eglinton Yard,Late Leaving Garage,7,14,NB,7675
2015/06/16,52,6:07:00 AM,Tuesday,Royal York and Dixon rd.,Late Leaving Garage,5,10,E/B,1613
2015/06/16,71,6:09:00 AM,Tuesday,Runnymede stn,Late Leaving Garage,9,18,s/b,1677
2015/06/16,47,6:09:00 AM,Tuesday,QUEEN AND LANSDOWNE,Mechanical,9,18,down,1646
2015/06/16,45,6:10:00 AM,Tuesday,KIPLING STATION,Late Leaving Garage,10,20,N,8033
2015/06/16,124,6:10:00 AM,Tuesday,Lawrence Station,Utilized Off Route,12,24,E,8372
2015/06/16,45,6:12:00 AM,Tuesday,KIPLING & STEELES,Late Leaving Garage,12,24,S,7961
2015/06/16,32,6:12:00 AM,Tuesday,Eglinton stn,Mechanical,5,11,w/b,1043
2015/06/16,25,6:14:00 AM,Tuesday,DMIL,Late Leaving Garage,5,10,S,7629
2015/06/16,85,6:15:00 AM,Tuesday,Sheppard and Brimley,Mechanical,9,16,W,9076
2015/06/16,86,6:15:00 AM,Tuesday,Meadowvale & Ellesmere,Mechanical,8,0,S,7570
2015/06/16,196,6:16:00 AM,Tuesday,The Pond Rd/Atkinson Rd,Mechanical,8,16,N,8334
2015/06/16,45,6:18:00 AM,Tuesday,KIPLING & STEELES,Late Leaving Garage,12,18,S,7301
2015/06/16,90,6:20:00 AM,Tuesday,Northcliffe and Eglinton,Late Leaving Garage,8,16,s,9420
2015/06/16,134,6:20:00 AM,Tuesday,Scarborough Town Centre,Mechanical,20,40,e,1799
2015/06/16,52,6:23:00 AM,Tuesday,Lawrence west station,Late Leaving Garage,12,24,W/B,1584
2015/06/16,86,6:24:00 AM,Tuesday,Kennedy Stn,Mechanical,4,9,E,7613
2015/06/16,39,6:25:00 AM,Tuesday,Finch station,Late Leaving Garage,4,8,WB,1095
2015/06/16,162,6:25:00 AM,Tuesday,Lawrence and Donway W,Mechanical,30,0,W,8368
2015/06/16,96,6:25:00 AM,Tuesday,woodbine downs,Late Leaving Garage,15,30,e,1390
2015/06/16,37,6:25:00 AM,Tuesday,ISLINGTON STN,Mechanical,7,18,nb,8017
2015/06/16,32,6:25:00 AM,Tuesday,Caledonia & Eglinton,Investigation,5,11,e/b,1578
2015/06/16,34,6:26:00 AM,Tuesday,Kennedy STN,Mechanical,4,8,EB,7554
2015/06/16,126,6:29:00 AM,Tuesday,ST.CLAIR WEST STN ENTERING,Diversion,15,30,UP,1002
2015/06/16,52,6:29:00 AM,Tuesday,Royal York rd. and Dixon rd.,Mechanical,5,10,E/B,1250
2015/06/16,96,6:30:00 AM,Tuesday,wilson - bathurst to avenue,General Delay,10,25,bw,
2015/06/16,165,6:30:00 AM,Tuesday,wilson - bathurst to avenue,General Delay,10,19,bw,
2015/06/16,29,6:31:00 AM,Tuesday,Dufferin and Tycos,Mechanical,9,16,s/b,9021
2015/06/16,165,6:31:00 AM,Tuesday,wilson at clayson,Mechanical,13,18,n,1685
2015/06/16,165,6:34:00 AM,Tuesday,yorkmills stn,Late Leaving Garage,12,18,n,1390
2015/06/16,54,6:35:00 AM,Tuesday,Starspray,Utilized Off Route,9,18,e,7674
2015/06/16,53,6:38:00 AM,Tuesday,Finch Station,Mechanical,4,8,e,1779
2015/06/16,60,6:40:00 AM,Tuesday,Finch Stn,Late Leaving Garage,11,22,W,
2015/06/16,98,6:40:00 AM,Tuesday,Sheppard stn,Late Leaving Garage,30,60,w/b,8391
2015/06/16,89,6:40:00 AM,Tuesday,Keele Station,Mechanical,4,8,n/b,1050
2015/06/16,42,6:41:00 AM,Tuesday,Finch Station,Late Leaving Garage,22,0,E,8216
2015/06/16,95,6:45:00 AM,Tuesday,Scarb College,Mechanical,9,18,W,1123
2015/06/16,34,6:46:00 AM,Tuesday,Don Mills and Eglinton,Mechanical,4,8,WB,7439
2015/06/16,32,6:46:00 AM,Tuesday,Skymark & Eglinton,Mechanical,5,10,e/b,1674
2015/06/16,25,6:47:00 AM,Tuesday,Pape Stn,Late Leaving Garage,3,6,N,7614
2015/06/16,52,6:47:00 AM,Tuesday,Lawrence west station,Mechanical,8,20,W/B,1624
2015/06/16,96,6:48:00 AM,Tuesday,wilson at agate,Mechanical,22,44,w,1346
2015/06/16,39,6:49:00 AM,Tuesday,Old Finch,Late Leaving Garage,15,30,WB,1129
2015/06/16,199,6:50:00 AM,Tuesday,STC,Late Leaving Garage,3,5,WB,1269
2015/06/16,196,6:51:00 AM,Tuesday,Commons,Mechanical,6,12,E,8148
2015/06/16,60,6:52:00 AM,Tuesday,Finch Stn,Late Leaving Garage,11,22,e,1576
2015/06/16,46,6:54:00 AM,Tuesday,Steeles loop @ Martingrove,Late Leaving Garage,11,21,S,7905
2015/06/16,96,6:55:00 AM,Tuesday,woodbine downs,Late Leaving Garage,15,30,e,1383
2015/06/16,54,6:58:00 AM,Tuesday,ST,Utilized Off Route,10,20,e,7407
2015/06/16,46,7:00:00 AM,Tuesday,Martingrove route,General Delay,16,27,B,1417
2015/06/16,86,7:00:00 AM,Tuesday,Meadowvale & White,Mechanical,16,31,N,7400
2015/06/16,39,7:01:00 AM,Tuesday,Finch & Gaspe,Mechanical,8,15,WB,1772
2015/06/16,29,7:01:00 AM,Tuesday,Wilson stn,Mechanical,8,16,s/b,9047
2015/06/16,125,7:04:00 AM,Tuesday,Finch stn,Late Leaving Garage,7,14,w/b,9414
2015/06/16,165,7:10:00 AM,Tuesday,weston at 407,Diversion,244,280,s,1220
2015/06/16,165,7:10:00 AM,Tuesday,weston at 407,Diversion,234,270,n,7251
2015/06/16,50,7:15:00 AM,Tuesday,ISLINGTON STN,Mechanical,10,20,nb,8048
2015/06/16,88,7:16:00 AM,Tuesday,Bayview & Sutherland,Investigation,6,12,,8172
2015/06/16,195,7:16:00 AM,Tuesday,JSTE,Late Leaving Garage,12,24,S,1303
2015/06/16,95,7:18:00 AM,Tuesday,York Mills stn,Mechanical,9,18,E,1800
2015/06/16,198,7:20:00 AM,Tuesday,Kingston & Scarb Golf Club,General Delay,10,20,W,
2015/06/16,86,7:20:00 AM,Tuesday,Kingston & Scarb Golf Club,General Delay,20,36,W,
2015/06/16,36,7:22:00 AM,Tuesday,Finch West route,Mechanical,1,1,B,1296
2015/06/16,122,7:23:00 AM,Tuesday,Yorkimillsstn,Mechanical,10,20,e/b,8300
2015/06/16,37,7:26:00 AM,Tuesday,ISLINGTON AND STEELES,Emergency Services,7,15,nb,8098
2015/06/16,45,7:30:00 AM,Tuesday,ENTIRE ROUTE,General Delay,25,1,B/W,
2015/06/16,88,7:30:00 AM,Tuesday,Bayview / Sutherland,Diversion,132,12,,8186
2015/06/16,144,7:31:00 AM,Tuesday,Concorde Place,Late Leaving Garage,20,40,w,7417
2015/06/16,54,7:33:00 AM,Tuesday,Bruce park on Eglinton,Mechanical,9,18,w,7578
2015/06/16,73,7:34:00 AM,Tuesday,Albion and Clairport,Mechanical,15,30,S/B,7345
2015/06/16,76,7:34:00 AM,Tuesday,Royal York Station,Mechanical,16,32,S/B,7345
2015/06/16,29,7:40:00 AM,Tuesday,Dufferin and Hallam,Mechanical,8,16,s/b,9040
2015/06/16,85,7:45:00 AM,Tuesday,Don Mills station to Rouge Hill GO,General Delay,20,13,B/W,
2015/06/16,116,7:47:00 AM,Tuesday,Kennedy Stn,Utilized Off Route,7,13,E,7423
2015/06/16,46,7:50:00 AM,Tuesday,Westhumber and Martin grove,Mechanical,11,21,N,1417
2015/06/16,73,7:52:00 AM,Tuesday,Clairport and Ablion,Mechanical,30,60,s/B,7934
2015/06/16,73,7:58:00 AM,Tuesday,Royal york Station,Utilized Off Route,30,60,n/b,7339
2015/06/16,39,8:00:00 AM,Tuesday,Finch station to Neilson & Crow Trail,General Delay,8,15,B/W,1729
2015/06/16,191,8:00:00 AM,Tuesday,HWY 191 route,General Delay,15,20,B,
2015/06/16,21,8:00:00 AM,Tuesday,Brimley Route,General Delay,10,1,BN/W,
2015/06/16,36,8:00:00 AM,Tuesday,Finch West route,General Delay,15,21,B,1333
2015/06/16,60,8:00:00 AM,Tuesday,Finch Stn to D branche,General Delay,1,1,BW,1
2015/06/16,199,8:00:00 AM,Tuesday,Finch station to STC,General Delay,9,15,B/W,1809
2015/06/16,54,8:10:00 AM,Tuesday,Eglinton station,Investigation,9,18,e,7641
2015/06/16,76,8:12:00 AM,Tuesday,Royal york Station,Utilized Off Route,3,5,n/b,8065
2015/06/16,24,8:15:00 AM,Tuesday,VICTORIA PARK ROUTE,General Delay,10,0,BW,
2015/06/16,52,8:21:00 AM,Tuesday,Lawrence west station,Investigation,12,24,E/B,1250
2015/06/16,94,8:30:00 AM,Tuesday,WELLESLEY ROUTE,General Delay,10,0,BW,
2015/06/16,60,8:30:00 AM,Tuesday,Finch stn,Mechanical,8,16,W,1335
2015/06/16,191,8:32:00 AM,Tuesday,HWY 27 and Royalcrest,Mechanical,5,9,S,7921
2015/06/16,80,8:40:00 AM,Tuesday,QUEENSWAY AND ROYAL YORK,General Delay,25,55,eb,8091
2015/06/16,108,8:41:00 AM,Tuesday,Driftwood and Finch,Mechanical,6,13,S/B,1294
2015/06/16,107,8:44:00 AM,Tuesday,Downsview Stn,Mechanical,0,0,W/B,8199
2015/06/16,39,8:50:00 AM,Tuesday,Neilson & Crow Trail,Mechanical,3,7,G,1125
2015/06/16,10,8:50:00 AM,Tuesday,Don Mills & Sheppard (just outside DM Stn),Mechanical,15,30,E/B,8175
2015/06/16,86,9:00:00 AM,Tuesday,Kennedy Stn,Mechanical,4,9,E,7682
2015/06/16,35,9:04:00 AM,Tuesday,SJAN,Late Leaving Garage,21,1,N,1417
2015/06/16,36,9:17:00 AM,Tuesday,Finch and Virgilwood,Investigation,1,1,E,9133
2015/06/16,86,9:20:00 AM,Tuesday,Kennedy Stn,Mechanical,8,13,E,7621
2015/06/16,68,9:27:00 AM,Tuesday,Warden/Steeles,Mechanical,5,10,S/B,7563
2015/06/16,41,9:28:00 AM,Tuesday,Keele and Junction,Investigation,11,22,s/b,9152
2015/06/16,112,9:35:00 AM,Tuesday,DUNDAS & EASTMALL,Mechanical,20,40,N,8012
2015/06/16,196,9:40:00 AM,Tuesday,Downsview Stn,Utilized Off Route,3,6,W/B,9443
2015/06/16,95,10:00:00 AM,Tuesday,Don Mills to 404,General Delay,4,8,bw,
2015/06/16,12,10:00:00 AM,Tuesday,Kingston Road Route,General Delay,12,1,BW,
2015/06/16,75,10:03:00 AM,Tuesday,Bloor and Sherbourne,Investigation,6,12,N,8178
2015/06/16,86,10:08:00 AM,Tuesday,Kingston & Morningside,Mechanical,10,20,W,7677
2015/06/16,120,10:11:00 AM,Tuesday,calvington at lexfield,Mechanical,30,60,e,1218
2015/06/16,36,10:17:00 AM,Tuesday,Finch and Albion,Investigation,6,11,W,9113
2015/06/16,52,11:23:00 AM,Tuesday,Lawrence station,Investigation,6,12,E/B,1064
2015/06/16,25,11:24:00 AM,Tuesday,Don mills/Overlea,Mechanical,6,12,N/B,7401
2015/06/16,85,11:30:00 AM,Tuesday,Don Mills station to Rouge Hill GO,General Delay,15,15,B/W,
2015/06/16,39,11:50:00 AM,Tuesday,Finch station to Victoria Park,Investigation,7,13,EB,1272
2015/06/16,84,12:30:00 PM,Tuesday,Entire route,General Delay,10,20,B/W,
2015/06/16,35,12:30:00 PM,Tuesday,Entire route,General Delay,10,20,B/W,
2015/06/16,195,12:30:00 PM,Tuesday,Entire route,General Delay,10,20,B/W,
2015/06/16,32,12:30:00 PM,Tuesday,Entire Route,General Delay,20,30,B/W,
2015/06/16,6,12:34:00 PM,Tuesday,dupont and davenport,Mechanical,10,20,n/b,1023
2015/06/16,39,12:35:00 PM,Tuesday,Ellesmere & DollyVarden,Mechanical,7,15,W,1096
2015/06/16,199,12:49:00 PM,Tuesday,Finch and Willowdale,Mechanical,5,10,EB,1809
2015/06/16,29,12:49:00 PM,Tuesday,Dufferin at Queen,Mechanical,4,8,n/b,9036
2015/06/16,106,12:50:00 PM,Tuesday,Downsview Stn,Mechanical,10,20,w,9429
2015/06/16,25,12:59:00 PM,Tuesday,Thorncliffe/Donmills rd,Mechanical,6,12,N/B,7544
2015/06/16,54,12:59:00 PM,Tuesday,Leslie and Lawrence,Mechanical,12,24,w/b,7578
2015/06/16,94,1:00:00 PM,Tuesday,Wellesley Route,General Delay,10,20,bw,7768
2015/06/16,109,1:00:00 PM,Tuesday,Eglinton stn / Bathurst,General Delay,7,14,b/w,
2015/06/16,85,1:00:00 PM,Tuesday,Don Mills Stn to Rouge Hill Go,General Delay,15,23,E/W,
2015/06/16,51,1:00:00 PM,Tuesday,On Route,General Delay,25,40,NB,
2015/06/16,11,1:00:00 PM,Tuesday,On Route,General Delay,25,37,NB,
2015/06/16,85,1:09:00 PM,Tuesday,Sheppard @ Morningside,Mechanical,7,15,E,9097
2015/06/16,24,1:30:00 PM,Tuesday,VP at Terraview,General Delay,20,40,bw,7788
2015/06/16,92,1:32:00 PM,Tuesday,Woodbine Station,Utilized Off Route,12,24,SB,7829
2015/06/16,113,1:43:00 PM,Tuesday,Kennedy Station,Mechanical,30,60,w,7826
2015/06/16,7,1:52:00 PM,Tuesday,Wilson / Bathurst,Mechanical,8,16,s,9009
2015/06/16,111,1:55:00 PM,Tuesday,Kipling station,Mechanical,10,20,N,8068
2015/06/16,160,2:00:00 PM,Tuesday,Wilson stn / Atkinson,General Delay,14,28,b/w,
2015/06/16,191,2:00:00 PM,Tuesday,hwy27 Route,General Delay,10,20,B/W,
2015/06/16,29,2:00:00 PM,Tuesday,Dufferin at Yorkdale Mall,General Delay,15,10,S,
2015/06/16,54,2:00:00 PM,Tuesday,Bayview to Leslie,General Delay,1,1,b/w,
2015/06/16,46,2:00:00 PM,Tuesday,Martin grove,General Delay,10,20,B/W,
2015/06/16,196,2:02:00 PM,Tuesday,Downsview Stn,Utilized Off Route,3,6,w,9054
2015/06/16,64,2:05:00 PM,Tuesday,Main Station,Utilized Off Route,10,20,n/b,7866
2015/06/16,41,2:10:00 PM,Tuesday,Keele and Ypres Rd.,Diversion,29,39,SB,9137
2015/06/16,15,2:20:00 PM,Tuesday,sherway garrdens,Investigation,22,45,E,8029
2015/06/16,32,2:20:00 PM,Tuesday,Entire Route,Mechanical,13,26,W?B,1591
2015/06/16,165,2:24:00 PM,Tuesday,Finch and Weston,Mechanical,13,26,,1326
2015/06/16,35,2:29:00 PM,Tuesday,SJAN,Late Leaving Garage,20,40,N,1000
2015/06/16,71,2:30:00 PM,Tuesday,Entire Route,General Delay,10,21,B/W,
2015/06/16,35,2:38:00 PM,Tuesday,Lawrence and Jane,Late Leaving Garage,15,1,N,1000
2015/06/16,75,2:40:00 PM,Tuesday,Southdrive and glen,Mechanical,7,14,s,8198
2015/06/16,67,2:50:00 PM,Tuesday,Crosland & Penworth,Mechanical,12,22,SB,7645
2015/06/16,35,2:51:00 PM,Tuesday,JSHJA,Late Leaving Garage,20,40,S,1628
2015/06/16,36,2:56:00 PM,Tuesday,finch station,Mechanical,5,10,w/b,9117
2015/06/16,53,2:58:00 PM,Tuesday,Steeles - Townsend,Investigation,5,10,E,1810
2015/06/16,95,2:58:00 PM,Tuesday,Ellesmere & Pharmacy,Diversion,37,42,W,1163
2015/06/16,168,3:00:00 PM,Tuesday,Dundas West Station to Avon Loop,General Delay,15,25,BW,
2015/06/16,709,3:00:00 PM,Tuesday,Eglinton,Late Leaving Garage,1,1,B/W,1638
2015/06/16,709,3:00:00 PM,Tuesday,Eglinton,Late Leaving Garage,1,1,B/W,1002
2015/06/16,41,3:00:00 PM,Tuesday,Entire Route,General Delay,30,40,B/W,
2015/06/16,89,3:00:00 PM,Tuesday,Entire Route,General Delay,20,27,B/W,
2015/06/16,52,3:00:00 PM,Tuesday,Lawrence and Dufferin,General Delay,10,17,E/B,
2015/06/16,709,3:00:00 PM,Tuesday,Eglinton,Late Leaving Garage,1,1,B/W,1053
2015/06/16,60,3:00:00 PM,Tuesday,60 Steeles route,General Delay,10,20,B/W,
2015/06/16,47,3:01:00 PM,Tuesday,Mount Dennis Garage,Mechanical,6,13,S,1648
2015/06/16,44,3:04:00 PM,Tuesday,Kipling station,Utilized Off Route,4,9,sb,7934
2015/06/16,73,3:07:00 PM,Tuesday,Royal York Station,Late Leaving Garage,30,50,N,8032
2015/06/16,35,3:12:00 PM,Tuesday,Shoreham and Jane,Late Leaving Garage,20,40,N,1008
2015/06/16,196,3:13:00 PM,Tuesday,Downsview Stn,Mechanical,4,7,w,9449
2015/06/16,85,3:14:00 PM,Tuesday,Don Mills Stn,Late Leaving Garage,12,24,E,9100
2015/06/16,32,3:14:00 PM,Tuesday,Pine and Lawrence,Late Leaving Garage,8,16,E/B,1043
2015/06/16,35,3:15:00 PM,Tuesday,Jane and Sheppard,Mechanical,20,40,N,1000
2015/06/16,42,3:15:00 PM,Tuesday,Finch Station,Mechanical,11,23,e,9439
2015/06/16,50,3:18:00 PM,Tuesday,Markland and Mill Rd (Silverthorne Collegiate),Mechanical,1,1,eb,8004
2015/06/16,85,3:20:00 PM,Tuesday,Rouge Hill Go,Late Leaving Garage,12,24,W,9093
2015/06/16,35,3:20:00 PM,Tuesday,Nelson Boylen collegiate,Late Leaving Garage,20,40,N,1319
2015/06/16,110,3:22:00 PM,Tuesday,Longbranch Loop,Mechanical,24,48,N,7331
2015/06/16,35,3:30:00 PM,Tuesday,Jane Station,Late Leaving Garage,1,1,N,1310
2015/06/16,51,3:30:00 PM,Tuesday,Leslie Station,Mechanical,15,30,SB,8195
2015/06/16,59,3:35:00 PM,Tuesday,Culford,Mechanical,13,26,E/B,1676
2015/06/16,84,3:35:00 PM,Tuesday,Rivalda and Sheppard,Late Leaving Garage,11,22,E,7917
2015/06/16,24,3:44:00 PM,Tuesday,VP Stn.,Mechanical,7,14,n,7790
2015/06/16,53,3:46:00 PM,Tuesday,Steeles - Warden,Investigation,12,24,E,9089
2015/06/16,100,3:46:00 PM,Tuesday,42 Overlea Blvd,Mechanical,7,14,SB,7584
2015/06/16,38,3:48:00 PM,Tuesday,STC,Mechanical,16,32,W,1792
2015/06/16,51,3:50:00 PM,Tuesday,Leslie Station,Mechanical,15,30,SB,9435
2015/06/16,36,4:00:00 PM,Tuesday,Finch Route,General Delay,12,24,w/b,
2015/06/16,11,4:00:00 PM,Tuesday,Davisville station,Utilized Off Route,12,24,Nb,8333
2015/06/16,56,4:00:00 PM,Tuesday,On Route,General Delay,30,60,BW,
2015/06/16,61,4:00:00 PM,Tuesday,On Route,General Delay,30,42,NB,
2015/06/16,196,4:01:00 PM,Tuesday,Downsview Stn,Mechanical,2,4,w,8216
2015/06/16,52,4:10:00 PM,Tuesday,Lawrence nd Dufferin,Mechanical,11,22,E/B,1585
2015/06/16,100,4:15:00 PM,Tuesday,Eglinton & Brentcliffe,Diversion,82,99,EB,7565
2015/06/16,34,4:15:00 PM,Tuesday,Eglinton & Brentcliffe,Diversion,69,73,EB,7440
2015/06/16,63,4:17:00 PM,Tuesday,Oakwood Ave. and Davenport Rd.,Mechanical,5,10,N,1639
2015/06/16,54,4:20:00 PM,Tuesday,"Laird, Vanderhoof, and Brentcliffe",Diversion,1,1,e/w,
2015/06/16,52,4:25:00 PM,Tuesday,Martingrove and Tollington,Mechanical,11,22,E/B,1584
2015/06/16,32,4:29:00 PM,Tuesday,Irving at Keele,Mechanical,8,16,E/B,1647
2015/06/16,32,4:30:00 PM,Tuesday,Trethewey and Todd Bayliss,Mechanical,8,16,W/B,1594
2015/06/16,142,4:30:00 PM,Tuesday,On Route,General Delay,40,70,BW,
2015/06/16,21,4:39:00 PM,Tuesday,KENNEDY,Mechanical,12,24,N,8114
2015/06/16,89,4:46:00 PM,Tuesday,Keele station,Utilized Off Route,7,14,NB,1202
2015/06/16,102,4:47:00 PM,Tuesday,Warden Station,Utilized Off Route,11,22,nb,7714
2015/06/16,106,4:49:00 PM,Tuesday,Downsview Stn,Mechanical,10,20,w,8148
2015/06/16,6,4:58:00 PM,Tuesday,Queens Quay and Dockside Dr,Utilized Off Route,5,11,N,1035
2015/06/16,17,4:59:00 PM,Tuesday,Birchmount/Cheldean,Investigation,16,32,sb,7698
2015/06/16,79,5:00:00 PM,Tuesday,Lawrence and Jane,General Delay,10,10,EB,
2015/06/16,42,5:04:00 PM,Tuesday,Victoria Park and McNicoll,Mechanical,11,23,n,9409
2015/06/16,88,5:17:00 PM,Tuesday,St Clair Station,Utilized Off Route,15,30,e,8186
2015/06/16,141,5:21:00 PM,Tuesday,jarvis and Richmond,Late Leaving Garage,10,40,W/B,1629
2015/06/16,196,5:29:00 PM,Tuesday,Dufferin/Finch,Mechanical,7,14,N,8364
2015/06/16,116,5:30:00 PM,Tuesday,Morningside Route,General Delay,10,0,b/w,
2015/06/16,86,5:30:00 PM,Tuesday,scarborough route,General Delay,12,0,b/w,
2015/06/16,165,5:30:00 PM,Tuesday,Both Ways,General Delay,10,20,,
2015/06/16,96,5:30:00 PM,Tuesday,Both Ways,General Delay,10,20,,
2015/06/16,199,5:34:00 PM,Tuesday,STC,Utilized Off Route,4,8,W,1141
2015/06/16,39,5:38:00 PM,Tuesday,Finch and Mccowan,Mechanical,5,10,WB,1116
2015/06/16,76,5:42:00 PM,Tuesday,Royal York at Bloor,Investigation,5,10,N,8090
2015/06/16,36,5:45:00 PM,Tuesday,Weston Road,Mechanical,5,10,e,1276
2015/06/16,46,5:45:00 PM,Tuesday,Royal Crest/Martin grove,Diversion,296,22,B/W,1342
2015/06/16,191,5:45:00 PM,Tuesday,RoyalCrest/Martin Grove,Diversion,290,10,B/W,1223
2015/06/16,40,5:50:00 PM,Tuesday,Dundas at Dupont,Mechanical,7,14,E,7965
2015/06/16,95,6:15:00 PM,Tuesday,Ellesmere RT,Mechanical,5,10,W,1125
2015/06/16,37,6:15:00 PM,Tuesday,ISLINGTON AT DUNDAS W,Mechanical,10,20,N/B,7329
2015/06/16,32,6:17:00 PM,Tuesday,Pine and Lawrence,Mechanical,8,16,E/B,1622
2015/06/16,37,6:18:00 PM,Tuesday,STEELES LOOP,Mechanical,10,20,S/B,8079
2015/06/16,63,6:35:00 PM,Tuesday,argyle and ossington,Investigation,5,10,s/b,1644
2015/06/16,29,6:36:00 PM,Tuesday,Springhurst loop,Utilized Off Route,5,10,N,8390
2015/06/16,92,6:36:00 PM,Tuesday,Woodbine South,Mechanical,9,18,N,7777
2015/06/16,7,6:40:00 PM,Tuesday,Bathurst stn,Utilized Off Route,8,16,n,9025
2015/06/16,6,6:45:00 PM,Tuesday,Bathurst and Davenport,Utilized Off Route,1,1,WB,1543
2015/06/16,32,6:49:00 PM,Tuesday,Eglinton and Weston,Investigation,8,16,E/B,1522
2015/06/16,6,6:53:00 PM,Tuesday,Bedford and Davenport,Utilized Off Route,1,1,WB,1055
2015/06/16,76,7:21:00 PM,Tuesday,Lakeshore at Mimico,Investigation,6,12,N,7348
2015/06/16,32,7:30:00 PM,Tuesday,Skymark and Explorer,Diversion,165,177,B/W,1039
2015/06/16,110,7:57:00 PM,Tuesday,LONG BRANCH LOOP,Mechanical,18,36,N/B,8072
2015/06/16,86,8:11:00 PM,Tuesday,Sheppard Loop,Mechanical,10,20,s,7589
2015/06/16,39,9:00:00 PM,Tuesday,Finch station,Investigation,8,16,E,1753
2015/06/16,60,10:30:00 PM,Tuesday,yonge and steeles,Investigation,8,16,w/b,1683
2015/06/16,36,10:30:00 PM,Tuesday,finch and 400,Emergency Services,8,16,w/b,9127
2015/06/16,41,10:46:00 PM,Tuesday,Keele St. and Rogers Rd.,Emergency Services,18,39,N,9140
2015/06/16,116,10:57:00 PM,Tuesday,Kennedy station,Investigation,1,1,WB,7618
2015/06/16,116,10:57:00 PM,Tuesday,Kennedy Station,Investigation,1,1,WB,7618
2015/06/16,54,11:51:00 PM,Tuesday,Lawrance RT station,Mechanical,20,40,EB,7625
2015/06/16,17,11:55:00 PM,Tuesday,Allanford and Birchmount,Mechanical,22,44,NB,7840
2015/06/17,100,12:53:00 AM,Wednesday,Eglinton Station,Mechanical,10,20,EB,7550
2015/06/17,44,1:07:00 AM,Wednesday,COL SAM LOOP,Mechanical,10,20,N/B,8063
2015/06/17,302,2:45:00 AM,Wednesday,Danforth and Danforth,Mechanical,30,60,wb,7865
2015/06/17,41,5:15:00 AM,Wednesday,Keele station,Late Leaving Garage,10,21,N/B,9138
2015/06/17,25,5:17:00 AM,Wednesday,pape station,Late Leaving Garage,1,1,n,7524
2015/06/17,25,5:23:00 AM,Wednesday,Duncan Mills,Late Leaving Garage,0,17,e,7412
2015/06/17,98,5:28:00 AM,Wednesday,Sheppard Stn,Mechanical,30,60,N,8162
2015/06/17,86,5:30:00 AM,Wednesday,Eglinton Yard,Mechanical,1,1,E,7549
2015/06/17,35,5:30:00 AM,Wednesday,JSTE,Late Leaving Garage,5,10,S,1291
2015/06/17,47,5:32:00 AM,Wednesday,Yorkdale stn,Late Leaving Garage,18,18,s/b,1600
2015/06/17,32,5:38:00 AM,Wednesday,Skymark,Late Leaving Garage,8,17,e/b,1204
2015/06/17,130,5:40:00 AM,Wednesday,Middlefield and Steeles,Late Leaving Garage,2,0,S,1748
2015/06/17,168,5:46:00 AM,Wednesday,Dundas West Station @ 6:05am,Late Leaving Garage,5,12,n/B,7344
2015/06/17,76,5:53:00 AM,Wednesday,Evans and Royal York @ 5:58am,Late Leaving Garage,5,9,s/b,8050
2015/06/17,116,5:54:00 AM,Wednesday,Morningside & Nighstar,Late Leaving Garage,6,13,S,7460
2015/06/17,6,5:57:00 AM,Wednesday,Bedford and Dupont,Late Leaving Garage,8,16,S/b,1611
2015/06/17,35,6:00:00 AM,Wednesday,Jane Street,General Delay,8,16,B/W,
2015/06/17,84,6:00:00 AM,Wednesday,Sheppard Ave,General Delay,9,18,B/W,
2015/06/17,195,6:00:00 AM,Wednesday,Jane Street,General Delay,12,24,B/W,
2015/06/17,54,6:00:00 AM,Wednesday,leslie/Brentcliffe,General Delay,31,10,bw,
2015/06/17,116,6:03:00 AM,Wednesday,Kennedy Stn,Mechanical,7,13,E,7506
2015/06/17,7,6:03:00 AM,Wednesday,Bathurst Station,Late Leaving Garage,8,17,N,9053
2015/06/17,103,6:03:00 AM,Wednesday,Mt.Pleasant and Lawrence,Late Leaving Garage,23,0,S,8141
2015/06/17,199,6:06:00 AM,Wednesday,STC,Late Leaving Garage,3,5,WB,1352
2015/06/17,107,6:08:00 AM,Wednesday,Wilson Stn,Mechanical,12,24,N,8328
2015/06/17,85,6:09:00 AM,Wednesday,Meadowvale loop,Late Leaving Garage,6,11,W,9067
2015/06/17,45,6:10:00 AM,Wednesday,KIPLING STATION,Late Leaving Garage,3,24,N,7305
2015/06/17,100,6:15:00 AM,Wednesday,Eglinton Station,Emergency Services,13,26,SB,7575
2015/06/17,95,6:18:00 AM,Wednesday,Scarborough campus loop,Late Leaving Garage,9,18,S,1300
2015/06/17,32,6:21:00 AM,Wednesday,Eglinton west stn,Late Leaving Garage,5,11,w/b,1249
2015/06/17,165,6:30:00 AM,Wednesday,wilson - bathurst to avenue,General Delay,10,19,bw,
2015/06/17,34,6:30:00 AM,Wednesday,On Eglinton between Leslie to Brentcliffe,General Delay,60,75,BW,
2015/06/17,96,6:30:00 AM,Wednesday,wilson - bathurst to avenue,General Delay,10,32,bw,
2015/06/17,100,6:30:00 AM,Wednesday,On Eglinton between Leslie & Brentcliffe,General Delay,60,70,BW,
2015/06/17,100,6:35:00 AM,Wednesday,Broadview station,Mechanical,10,13,NB,7625
2015/06/17,79,6:35:00 AM,Wednesday,Lawrence and Little,Emergency Services,5,10,WB,1245
2015/06/17,78,6:40:00 AM,Wednesday,Yorkmills stn,Late Leaving Garage,10,20,e/b,1802
2015/06/17,29,6:41:00 AM,Wednesday,Princes gate,Late Leaving Garage,8,16,n/b,9052
2015/06/17,53,6:43:00 AM,Wednesday,Passmore and Markham,Mechanical,4,9,w,1703
2015/06/17,85,6:47:00 AM,Wednesday,Sheppard and Victoria Park,Mechanical,5,10,E,9074
2015/06/17,191,6:49:00 AM,Wednesday,Kipling station,Late Leaving Garage,5,10,N,7921
2015/06/17,45,6:52:00 AM,Wednesday,KIPLING & STEELES,Late Leaving Garage,8,12,S,7342
2015/06/17,46,6:54:00 AM,Wednesday,Steeles and Martingrove,Late Leaving Garage,11,21,S,1213
2015/06/17,7,6:59:00 AM,Wednesday,barthurst and Wilson,Late Leaving Garage,8,16,N,9016
2015/06/17,51,7:00:00 AM,Wednesday,Eglinton ave from Leslie to Brentcliffe,General Delay,64,88,b/w,
2015/06/17,25,7:00:00 AM,Wednesday,25 Don Mills Route,General Delay,15,20,BW,
2015/06/17,33,7:00:00 AM,Wednesday,Forrest Hill route,General Delay,10,15,BW,8393
2015/06/17,52,7:11:00 AM,Wednesday,Lawrence and Weston rd.,Mechanical,12,24,W/B,1676
2015/06/17,44,7:17:00 AM,Wednesday,KIPLING STATION,Utilized Off Route,4,9,S,8031
2015/06/17,60,7:27:00 AM,Wednesday,Signal Hill,Late Leaving Garage,7,14,E,1260
2015/06/17,42,7:30:00 AM,Wednesday,Passmore & McNicoll,Mechanical,23,46,,8351
2015/06/17,96,7:34:00 AM,Wednesday,wilson at avenue,Mechanical,22,44,w,1219
2015/06/17,198,7:39:00 AM,Wednesday,Morningside at Kingston rd,Mechanical,10,20,s/b,7496
2015/06/17,45,7:44:00 AM,Wednesday,KIPLING & BURNTHROPE,Mechanical,22,44,N,7937
2015/06/17,161,7:45:00 AM,Wednesday,Jane and Alliance,Mechanical,11,22,e/b,1032
2015/06/17,7,7:51:00 AM,Wednesday,Bathurst and wilson station,Mechanical,8,16,N,9047
2015/06/17,36,8:00:00 AM,Wednesday,Finch West route,General Delay,11,15,B,1345
2015/06/17,191,8:00:00 AM,Wednesday,HWY 191 rocket route,General Delay,9,15,B,7904
2015/06/17,85,8:15:00 AM,Wednesday,Don Mills station to Rouge Hill GO,General Delay,15,10,B/W,
2015/06/17,191,8:23:00 AM,Wednesday,Royalcrest and HWY 27,Mechanical,5,9,S,7904
2015/06/17,44,8:29:00 AM,Wednesday,KIPLING STN,Utilized Off Route,4,9,S,8031
2015/06/17,56,8:30:00 AM,Wednesday,Eglinton ave -Brentcliffe to Leslie,General Delay,23,44,b/w,
2015/06/17,84,8:35:00 AM,Wednesday,Downsview Station,Mechanical,17,0,E/B,1367
2015/06/17,199,8:40:00 AM,Wednesday,Finch & Pharmacy,Mechanical,3,6,WB,1085
2015/06/17,16,9:14:00 AM,Wednesday,Warden Station,Mechanical,10,20,N,7735
2015/06/17,168,9:15:00 AM,Wednesday,Avon Loop @ 9:33am,Mechanical,9,19,s/b,7331
2015/06/17,53,9:40:00 AM,Wednesday,Tapscott and Select,Diversion,45,51,e,1272
2015/06/17,47,10:00:00 AM,Wednesday,Earlscourt Loop,Mechanical,15,30,S,1200
2015/06/17,53,10:00:00 AM,Wednesday,Steeles and Markham,Mechanical,6,12,w,1793
2015/06/17,45,10:09:00 AM,Wednesday,KIPLING & STEELES,Mechanical,8,9,S,7302
2015/06/17,89,10:10:00 AM,Wednesday,York and Weston Road,Investigation,9,18,s/b,1540
2015/06/17,56,10:15:00 AM,Wednesday,Donlands and Wolverton ave,Diversion,82,99,s/b,8142
2015/06/17,190,10:21:00 AM,Wednesday,1900 Sheppard Ave E,Investigation,10,20,W,7457
2015/06/17,196,10:33:00 AM,Wednesday,Downsview Stn,Mechanical,6,12,w,942
2015/06/17,5,11:00:00 AM,Wednesday,Downsview Stn,Mechanical,10,20,w,8344
2015/06/17,112,11:11:00 AM,Wednesday,WESTMALL CRES & DUNDAS,Mechanical,20,40,S,7961
2015/06/17,84,11:17:00 AM,Wednesday,Bradstock,Mechanical,8,17,E,1689
2015/06/17,53,11:30:00 AM,Wednesday,Finch Station to Morningside and Staines,General Delay,17,8,b/w,
2015/06/17,100,11:31:00 AM,Wednesday,Eglinton / Don Mills,Mechanical,7,15,SB,7491
2015/06/17,72,11:35:00 AM,Wednesday,Eastern Avenue and Carlaw,Emergency Services,10,20,S/b,7718
2015/06/17,116,11:45:00 AM,Wednesday,Morningside at Sewells,Mechanical,10,20,s/b,7652
2015/06/17,32,11:50:00 AM,Wednesday,Jane and eglinton,Investigation,13,26,w/b,1614
2015/06/17,32,12:00:00 PM,Wednesday,Entire Route,General Delay,20,30,B/W,
2015/06/17,102,12:02:00 PM,Wednesday,Warden Station,Utilized Off Route,17,34,E,7716
2015/06/17,168,12:05:00 PM,Wednesday,Dundas West Station,Diversion,38,48,BW,7963
2015/06/17,168,12:05:00 PM,Wednesday,Dundas West Station @ 12:02pm,Investigation,10,20,n/b,7323
2015/06/17,40,12:05:00 PM,Wednesday,Dundas West stn,Diversion,38,48,BW,7347
2015/06/17,59,12:30:00 PM,Wednesday,CHURCH AND WESTON,General Delay,5,15,E,
2015/06/17,9,12:58:00 PM,Wednesday,Scarborough Centre Station,Investigation,22,44,S,7751
2015/06/17,30,12:58:00 PM,Wednesday,Kipling station,Investigation,19,49,eb,8048
2015/06/17,84,1:00:00 PM,Wednesday,Sheppard Avenue,General Delay,9,25,B/W,
2015/06/17,45,1:00:00 PM,Wednesday,Entire route,General Delay,20,14,bw,
2015/06/17,35,1:00:00 PM,Wednesday,Jane Street,General Delay,5,20,B/W,
2015/06/17,85,1:00:00 PM,Wednesday,Don Mills Stn to Rouge Hill Go,General Delay,12,20,E/W,
2015/06/17,195,1:00:00 PM,Wednesday,Jane Street,General Delay,12,30,B/W,
2015/06/17,168,1:00:00 PM,Wednesday,Dundas West Station to Avon Loop,General Delay,20,30,BW,
2015/06/17,44,1:07:00 PM,Wednesday,Kipling station,Utilized Off Route,8,15,sb,7965
2015/06/17,61,1:13:00 PM,Wednesday,Ridley Av/Avenue Rd,Investigation,15,30,Nb,8322
2015/06/17,95,1:16:00 PM,Wednesday,York Mills and Nugget,Investigation,8,16,EB,1113
2015/06/17,199,1:25:00 PM,Wednesday,STC,Mechanical,4,9,W,1814
2015/06/17,64,1:25:00 PM,Wednesday,Main Station,Mechanical,10,20,SB,7760
2015/06/17,102,1:27:00 PM,Wednesday,Warden Station,Utilized Off Route,17,34,E,7779
2015/06/17,89,1:34:00 PM,Wednesday,Jane and Weston,Investigation,9,18,NB,1006
2015/06/17,96,1:45:00 PM,Wednesday,Jane,Mechanical,10,20,E,7249
2015/06/17,94,1:50:00 PM,Wednesday,Wellesley Route,General Delay,10,20,,7729
2015/06/17,196,1:53:00 PM,Wednesday,Downsview Stn,Utilized Off Route,3,6,w,9433
2015/06/17,165,1:55:00 PM,Wednesday,"Weston Rd. at Rowntree Diary Rd,",Diversion,55,70,W,1333
2015/06/17,89,2:00:00 PM,Wednesday,Entire Route,General Delay,25,32,B/W,
2015/06/17,90,2:00:00 PM,Wednesday,St Clair West Stn to Eglinton,General Delay,8,16,B/W,
2015/06/17,46,2:00:00 PM,Wednesday,Martin grove,General Delay,10,20,b/w,
2015/06/17,96,2:00:00 PM,Wednesday,Yonge St. to  Ave. Rd,General Delay,7,14,B/W,
2015/06/17,165,2:00:00 PM,Wednesday,Yonge St. To Ave. Rd,General Delay,10,20,B/W,
2015/06/17,191,2:00:00 PM,Wednesday,hyw27 Route,General Delay,10,20,b/w,
2015/06/17,199,2:12:00 PM,Wednesday,STC,Utilized Off Route,5,10,W,1803
2015/06/17,54,2:13:00 PM,Wednesday,Don Mills and Lawrence,Mechanical,13,26,w/b,7405
2015/06/17,25,2:18:00 PM,Wednesday,Pape Station,Utilized Off Route,3,6,NB,7636
2015/06/17,780,2:18:00 PM,Wednesday,Elinton yard,Utilized Off Route,1,1,e,7518
2015/06/17,87,2:27:00 PM,Wednesday,Broadview Station,Utilized Off Route,7,14,WB,7778
2015/06/17,81,2:28:00 PM,Wednesday,Pape Station,Utilized Off Route,10,20,N,7796
2015/06/17,64,2:28:00 PM,Wednesday,Main Station,Utilized Off Route,8,16,WB,8102
2015/06/17,60,2:30:00 PM,Wednesday,steeles - dufferin to yonge,General Delay,14,22,bw,
2015/06/17,160,2:30:00 PM,Wednesday,Wilson STN to Clark,General Delay,8,16,B/W,
2015/06/17,7,2:30:00 PM,Wednesday,Bathurst STN to Steeles,General Delay,10,20,B/W,
2015/06/17,8,2:36:00 PM,Wednesday,Erindale and Broadview,Investigation,30,60,N,7758
2015/06/17,87,2:38:00 PM,Wednesday,Main Stn,Utilized Off Route,6,12,W,7799
2015/06/17,36,2:38:00 PM,Wednesday,Arrow Garage,Late Leaving Garage,6,10,w,9104
2015/06/17,780,2:40:00 PM,Wednesday,Eglinton yard,Utilized Off Route,1,1,e,7583
2015/06/17,196,2:41:00 PM,Wednesday,,Utilized Off Route,3,6,w,8160
2015/06/17,54,2:41:00 PM,Wednesday,Starspray and Lawrence,Mechanical,10,20,e/b,7584
2015/06/17,102,2:45:00 PM,Wednesday,Markham Rd. Route,General Delay,25,48,bw,7776
2015/06/17,32,2:45:00 PM,Wednesday,Renforth and Eringate,Mechanical,5,10,N/B,1568
2015/06/17,32,2:45:00 PM,Wednesday,Entire Route,Mechanical,8,16,B/W,1017
2015/06/17,94,2:49:00 PM,Wednesday,Castle Frank Station,Mechanical,10,20,S,7855
2015/06/17,133,2:50:00 PM,Wednesday,Morningside - Staines,Mechanical,10,17,W,1716
2015/06/17,8,2:50:00 PM,Wednesday,Broadview Station,Diversion,95,125,bw,7799
2015/06/17,87,2:50:00 PM,Wednesday,Broadview route,Diversion,15,1,SB,7721
2015/06/17,62,2:50:00 PM,Wednesday,Broadview Station,Diversion,15,1,SB,7741
2015/06/17,169,2:52:00 PM,Wednesday,Don Mills Stn,Mechanical,30,60,w,9411
2015/06/17,52,2:53:00 PM,Wednesday,Church and Jane,Late Leaving Garage,11,22,E/B,1218
2015/06/17,161,2:54:00 PM,Wednesday,Oakwood and St. Clair,Investigation,18,33,EB,1027
2015/06/17,57,2:55:00 PM,Wednesday,McNicoll and Midland,Mechanical,8,16,S/B,7753
2015/06/17,25,2:55:00 PM,Wednesday,Don Mills and Eglinton,Mechanical,3,6,SB,7499
2015/06/17,39,2:57:00 PM,Wednesday,Malvern Garage,Late Leaving Garage,10,20,W,1148
2015/06/17,38,2:58:00 PM,Wednesday,Ellesmere and Markham,Diversion,47,55,E,1118
2015/06/17,709,3:00:00 PM,Wednesday,Eglinton,Late Leaving Garage,1,1,B/W,1599
2015/06/17,54,3:00:00 PM,Wednesday,Eglinton and Laird,Diversion,244,248,e/b,
2015/06/17,709,3:00:00 PM,Wednesday,Eglinton,Late Leaving Garage,1,1,B/W,1005
2015/06/17,25,3:00:00 PM,Wednesday,Overlea Blvd. Millwood to Don Mills and Eglinton,General Delay,10,15,EB,
2015/06/17,34,3:00:00 PM,Wednesday,Eglinton & Laird,Diversion,244,248,EB,7466
2015/06/17,56,3:00:00 PM,Wednesday,On Route,General Delay,40,60,BW,
2015/06/17,41,3:00:00 PM,Wednesday,Entire Route,General Delay,35,45,B/W,
2015/06/17,709,3:00:00 PM,Wednesday,Eglinton,Late Leaving Garage,1,1,B/W,1547
2015/06/17,95,3:01:00 PM,Wednesday,Ellesmere & Markham,Diversion,15,30,E,1060
2015/06/17,139,3:13:00 PM,Wednesday,E/B Baldoon and Finch,Late Leaving Garage,20,40,E,1264
2015/06/17,45,3:14:00 PM,Wednesday,Kiplingstation,Mechanical,14,28,nb,8080
2015/06/17,6,3:15:00 PM,Wednesday,Davenport & Yonge,Late Leaving Garage,11,22,s/b,1599
2015/06/17,195,3:16:00 PM,Wednesday,JNST,Late Leaving Garage,12,24,N,1354
2015/06/17,89,3:24:00 PM,Wednesday,Keele Station,Late Leaving Garage,7,14,NB,1249
2015/06/17,106,3:25:00 PM,Wednesday,Downsview Stn,Mechanical,8,16,w,9401
2015/06/17,44,3:26:00 PM,Wednesday,Kipling station,Utilized Off Route,5,11,sb,7971
2015/06/17,102,3:29:00 PM,Wednesday,Main St. Markham and Robinson,Diversion,1,1,bw,7751
2015/06/17,88,3:30:00 PM,Wednesday,South Leaside Route,General Delay,30,37,EB,8337
2015/06/17,97,3:30:00 PM,Wednesday,Yonge Route,General Delay,45,60,NB,8336
2015/06/17,11,3:30:00 PM,Wednesday,On Route,General Delay,40,55,BW,
2015/06/17,65,3:36:00 PM,Wednesday,Gerrard and Parliament,Investigation,9,18,NB,7866
2015/06/17,6,3:37:00 PM,Wednesday,Davenport & Yonge,Mechanical,11,22,s/b,1216
2015/06/17,47,3:54:00 PM,Wednesday,Queen and lansdowne,Utilized Off Route,12,24,NB,1549
2015/06/17,88,3:55:00 PM,Wednesday,St Clair Station,Utilized Off Route,15,30,e,8337
2015/06/17,90,3:55:00 PM,Wednesday,St Clair W STN,Utilized Off Route,6,12,W/B,9429
2015/06/17,63,4:00:00 PM,Wednesday,Ossington station,Utilized Off Route,5,10,NB,1580
2015/06/17,145,4:00:00 PM,Wednesday,Kipling and lakeshore to Simcoe and Richmond,General Delay,30,60,bw,
2015/06/17,142,4:00:00 PM,Wednesday,On Route,General Delay,50,80,BW,
2015/06/17,90,4:06:00 PM,Wednesday,Vaughan and Maplewood,Mechanical,12,24,S,9462
2015/06/17,41,4:20:00 PM,Wednesday,Keele and Greenbrook,Investigation,9,17,SB,9140
2015/06/17,52,4:26:00 PM,Wednesday,Lawrence Station,Late Leaving Garage,6,17,W/B,
2015/06/17,61,4:29:00 PM,Wednesday,Melrose/Avenue Rd,Investigation,12,24,Nb,8198
2015/06/17,199,4:31:00 PM,Wednesday,STC,Mechanical,4,8,N/W,1743
2015/06/17,107,4:39:00 PM,Wednesday,Downsview Stn,Mechanical,11,22,w,8126
2015/06/17,42,4:47:00 PM,Wednesday,Finch Station,Utilized Off Route,11,23,SB,8183
2015/06/17,106,4:49:00 PM,Wednesday,Downsview stn,Mechanical,10,20,w,9403
2015/06/17,86,4:50:00 PM,Wednesday,Toronto Zoo,Mechanical,14,28,w,7682
2015/06/17,36,4:50:00 PM,Wednesday,Humberwood loop,Mechanical,5,10,e,1550
2015/06/17,53,5:00:00 PM,Wednesday,Finch Station to Morningside/Staines Rd,General Delay,13,19,B/W,
2015/06/17,79,5:03:00 PM,Wednesday,Runnymede and Bloor,Mechanical,6,12,NB,1648
2015/06/17,86,5:15:00 PM,Wednesday,Eglinton at McCowan,Investigation,14,28,e,7561
2015/06/17,92,5:20:00 PM,Wednesday,Woodbine Station,Mechanical,9,18,SB,7771
2015/06/17,116,5:30:00 PM,Wednesday,Morningside route,General Delay,10,0,b/w,
2015/06/17,86,5:30:00 PM,Wednesday,Scarborough route,General Delay,15,0,b/w,
2015/06/17,85,5:30:00 PM,Wednesday,Don Mills Stn to Rouge Hill G0,General Delay,9,14,E/W,
2015/06/17,53,5:35:00 PM,Wednesday,Markham Rd - Select Ave,Investigation,11,22,W,1733
2015/06/17,116,5:44:00 PM,Wednesday,Eglinton and McCowan,Investigation,6,12,w,7538
2015/06/17,54,5:46:00 PM,Wednesday,Brentcliffe and Eglinton,Investigation,12,24,e/b,7631
2015/06/17,32,5:50:00 PM,Wednesday,Entire Route,Mechanical,8,16,B/W,1591
2015/06/17,102,5:55:00 PM,Wednesday,Markham and Steeles,Diversion,230,240,nb,7818
2015/06/17,63,5:58:00 PM,Wednesday,St.Clair & Ossington,Mechanical,10,20,n/b,1619
2015/06/17,196,6:00:00 PM,Wednesday,Dufferin and Allen road,Diversion,30,33,s,
2015/06/17,105,6:00:00 PM,Wednesday,Downsview Station to Major MacKenzie,General Delay,25,37,b/w,
2015/06/17,107,6:00:00 PM,Wednesday,Downsview Station to Teston/Rutherford Go,General Delay,30,42,b/w,
2015/06/17,37,6:22:00 PM,Wednesday,Islington/Rexdale,Mechanical,9,18,N,8046
2015/06/17,59,6:25:00 PM,Wednesday,OAK AND WESTON,Mechanical,7,17,E,1267
2015/06/17,107,6:29:00 PM,Wednesday,Westbourn and Rutherford,Mechanical,22,44,s,9445
2015/06/17,17,6:30:00 PM,Wednesday,Birchmount Route,General Delay,11,19,nb,7705
2015/06/17,107,6:45:00 PM,Wednesday,Keele and Barrhill,Utilized Off Route,7,14,n,8172
2015/06/17,126,6:45:00 PM,Wednesday,St. Clair West Station,Mechanical,15,30,S/B,1245
2015/06/17,54,6:58:00 PM,Wednesday,Lawrence SRT,Mechanical,15,30,e/b,7417
2015/06/17,133,7:00:00 PM,Wednesday,Neilson and Ellesmere,Diversion,27,37,N,1301
2015/06/17,21,7:04:00 PM,Wednesday,Kennedy Station,Mechanical,11,22,N,7703
2015/06/17,25,7:04:00 PM,Wednesday,York Mills and Don Mills,Mechanical,3,6,SB,7531
2015/06/17,196,7:10:00 PM,Wednesday,Downsview Station,Utilized Off Route,4,8,n,8201
2015/06/17,7,7:26:00 PM,Wednesday,Bathurst and Saranac,Mechanical,10,20,S,9056
2015/06/17,59,7:30:00 PM,Wednesday,OAK  AND WESTON,Mechanical,10,20,E,1306
2015/06/17,107,7:54:00 PM,Wednesday,Keele and Canartic,Mechanical,24,34,n,8152
2015/06/17,196,7:58:00 PM,Wednesday,the commons,Utilized Off Route,9,18,n,9039
2015/06/17,107,8:25:00 PM,Wednesday,Keele and Steeles,Mechanical,9,15,s,8387
2015/06/17,196,8:34:00 PM,Wednesday,The Commons,Utilized Off Route,9,18,s,8208
2015/06/17,199,8:42:00 PM,Wednesday,Kennedy rd on Finch Ave,Mechanical,7,14,E,1824
2015/06/17,35,8:55:00 PM,Wednesday,jane stn,Utilized Off Route,8,16,n/b,1248
2015/06/17,25,8:57:00 PM,Wednesday,Torrens and Eglinton,Investigation,4,8,SB,7405
2015/06/17,35,9:02:00 PM,Wednesday,steeles,Late Leaving Garage,8,16,w/b,1266
2015/06/17,37,9:30:00 PM,Wednesday,steeles loop,Mechanical,23,46,s/b,8035
2015/06/17,35,9:59:00 PM,Wednesday,jane and finch,Mechanical,3,13,n/b,1231
2015/06/17,168,10:08:00 PM,Wednesday,ROGERS AT KEELE,Mechanical,12,24,N/B,7958
2015/06/17,63,10:18:00 PM,Wednesday,eglinton and marlee,Investigation,6,12,n/b,1646
2015/06/17,112,10:20:00 PM,Wednesday,W/B CARLINGVIEW,Diversion,222,244,N/B,8042
2015/06/17,6,11:15:00 PM,Wednesday,queen and bay,Diversion,172,148,b/w,1657
2015/06/17,161,11:22:00 PM,Wednesday,ossington stn,Mechanical,20,40,n/b,1587
2015/06/17,36,11:52:00 PM,Wednesday,finch stn,Mechanical,8,16,w/b,9111
2015/06/18,97,12:28:00 AM,Thursday,Yonge and Kemford,Emergency Services,30,60,s,8389
2015/06/18,1,12:50:00 AM,Thursday,Finch Station,Mechanical,3,6,s,1388
2015/06/18,54,1:21:00 AM,Thursday,Starsprat Loop,Mechanical,20,40,WB,7606
2015/06/18,85,1:28:00 AM,Thursday,Sheppard Av-Neilson Rd,Mechanical,49,98,eb,9098
2015/06/18,300,1:43:00 AM,Thursday,East Mall,Mechanical,30,60,eb,7321
2015/06/18,1,1:46:00 AM,Thursday,Eglinton stn,Utilized Off Route,3,6,n,1282
2015/06/18,196,3:12:00 AM,Thursday,Dufferin & Finch,General Delay,20,35,S,
2015/06/18,105,3:20:00 AM,Thursday,Dufferin & Finch,General Delay,0,0,S,
2015/06/18,320,3:30:00 AM,Thursday,bay and front,Mechanical,4,8,s/b,8375
2015/06/18,57,4:30:00 AM,Thursday,Midland and Steeles,Late Leaving Garage,5,26,,7867
2015/06/18,84,4:45:00 AM,Thursday,RISH,Late Leaving Garage,5,17,W,1297
2015/06/18,63,5:21:00 AM,Thursday,Eglinton West stn,Mechanical,15,15,s/b,1649
2015/06/18,47,5:32:00 AM,Thursday,Yorkdale stn,Mechanical,18,18,s/b,1058
2015/06/18,35,5:38:00 AM,Thursday,JNST,Late Leaving Garage,10,20,N,1405
2015/06/18,76,5:39:00 AM,Thursday,Royal York Station @ 5:45am,Mechanical,21,42,N/B,7300
2015/06/18,130,5:40:00 AM,Thursday,Middlefield and Steeles,Late Leaving Garage,2,0,S,1748
2015/06/18,39,5:42:00 AM,Thursday,Malvern Garage,Late Leaving Garage,6,10,E,1090
2015/06/18,168,5:45:00 AM,Thursday,Dundas West Station @ 6:05am,Late Leaving Garage,4,9,N/B,7309
2015/06/18,53,5:46:00 AM,Thursday,Passmore and Markham,Mechanical,4,9,w,1767
2015/06/18,85,5:49:00 AM,Thursday,Rouge Hill GO,Late Leaving Garage,5,15,W,9100
2015/06/18,5,5:54:00 AM,Thursday,Egl. Stn,Late Leaving Garage,15,15,s,8300
2015/06/18,24,5:59:00 AM,Thursday,Victoria Park Station,Late Leaving Garage,6,12,,7778
2015/06/18,84,6:00:00 AM,Thursday,Sheppard Ave.,General Delay,8,18,B/W,
2015/06/18,35,6:00:00 AM,Thursday,Jane Street,General Delay,8,18,B/W,
2015/06/18,195,6:00:00 AM,Thursday,Jane Street,General Delay,12,24,B/W,
2015/06/18,32,6:00:00 AM,Thursday,Eglinton stn,Late Leaving Garage,5,10,w/b,1408
2015/06/18,20,6:07:00 AM,Thursday,Main Stn,Late Leaving Garage,15,28,,7705
2015/06/18,32,6:13:00 AM,Thursday,Keele & Eglinton,Late Leaving Garage,5,10,e/b,1654
2015/06/18,66,6:15:00 AM,Thursday,Parklawn and Queensway Northbound. @ 7:00am,General Delay,8,24,N/B,8080
2015/06/18,53,6:15:00 AM,Thursday,Passmore and Markham,Mechanical,5,10,w,9071
2015/06/18,63,6:15:00 AM,Thursday,Mt Dennis,Mechanical,9,18,s,1643
2015/06/18,139,6:27:00 AM,Thursday,Malvern Garage,Late Leaving Garage,20,40,W,1817
2015/06/18,100,6:28:00 AM,Thursday,Broadview Station,Late Leaving Garage,3,6,NB,7662
2015/06/18,224,6:29:00 AM,Thursday,Eglinton Garage,Late Leaving Garage,40,80,N/B,7621
2015/06/18,96,6:30:00 AM,Thursday,wilson - bathurst to avenue,General Delay,12,34,bw,
2015/06/18,165,6:30:00 AM,Thursday,wilson - bathurst to avenue,General Delay,12,34,bw,
2015/06/18,196,6:32:00 AM,Thursday,"Y,U.C",Late Leaving Garage,5,10,s,9429
2015/06/18,53,6:36:00 AM,Thursday,Steeles and Pharmacy,Mechanical,13,0,e,9055
2015/06/18,32,6:40:00 AM,Thursday,Trethewey & Todd Baylis,Investigation,5,10,w/b,1045
2015/06/18,32,6:50:00 AM,Thursday,Eglinton West,Late Leaving Garage,11,21,w/b,1592
2015/06/18,95,6:54:00 AM,Thursday,Scrab College Loop,Late Leaving Garage,9,18,W,1739
2015/06/18,25,6:54:00 AM,Thursday,Don Mill Station,Utilized Off Route,3,6,N/B,7604
2015/06/18,32,6:59:00 AM,Thursday,Eglinton stn,Late Leaving Garage,5,10,e/b,1600
2015/06/18,105,7:00:00 AM,Thursday,Dufferin Nth,General Delay,13,41,b/w,
2015/06/18,124,7:04:00 AM,Thursday,Lawrence Stn,Late Leaving Garage,5,11,,8371
2015/06/18,7,7:07:00 AM,Thursday,Bathurst and St Clair,Mechanical,10,20,N,9029
2015/06/18,44,7:13:00 AM,Thursday,Kipling Station,Utilized Off Route,4,11,S,8019
2015/06/18,113,7:23:00 AM,Thursday,Main Stn,Mechanical,13,26,,7708
2015/06/18,56,7:29:00 AM,Thursday,Eglinton Station,Mechanical,22,44,S,8374
2015/06/18,87,7:34:00 AM,Thursday,Main Stn,Mechanical,9,17,W,7826
2015/06/18,60,7:35:00 AM,Thursday,Signal Hill,Mechanical,7,14,E,1209
2015/06/18,141,7:40:00 AM,Thursday,Redpath & Eglinton,Mechanical,30,60,s/b,1609
2015/06/18,36,8:00:00 AM,Thursday,Finch West,General Delay,12,19,B,9129
2015/06/18,191,8:00:00 AM,Thursday,HWY 191 rocket route,General Delay,14,19,B,
2015/06/18,196,8:01:00 AM,Thursday,York U. Common,Utilized Off Route,4,7,s,8304
2015/06/18,196,8:07:00 AM,Thursday,Downsvew Stn,Utilized Off Route,4,8,n,9007
2015/06/18,39,8:11:00 AM,Thursday,Longmore on Finch ave,Mechanical,4,8,E,1819
2015/06/18,11,8:11:00 AM,Thursday,BAYVIEW AND YORK MILLS,Mechanical,12,24,N,8375
2015/06/18,7,8:21:00 AM,Thursday,Bathurst Station,Mechanical,9,18,N,9028
2015/06/18,105,8:23:00 AM,Thursday,Downsview Stn,Mechanical,12,40,n,8135
2015/06/18,23,8:25:00 AM,Thursday,Main Station,Mechanical,5,10,nb,7763
2015/06/18,70,8:30:00 AM,Thursday,Woodbine bridge,General Delay,12,30,bw,
2015/06/18,116,8:31:00 AM,Thursday,Kennedy Stn,Utilized Off Route,12,24,E,7402
2015/06/18,196,8:34:00 AM,Thursday,Downsview Stn,Utilized Off Route,3,6,n,8335
2015/06/18,141,8:35:00 AM,Thursday,Eglinton & Redpath,Late Leaving Garage,30,60,s/b,1615
2015/06/18,100,8:37:00 AM,Thursday,Eglinton Station,Mechanical,13,26,sb,7590
2015/06/18,31,8:44:00 AM,Thursday,Felstead and Greenwood,Investigation,12,24,SB,7872
2015/06/18,39,8:51:00 AM,Thursday,Finch station,Mechanical,4,8,E,1317
2015/06/18,172,8:55:00 AM,Thursday,King St W & York Street,Investigation,23,46,W,7756
2015/06/18,98,8:57:00 AM,Thursday,Sheppard Stn,Mechanical,15,30,,8392
2015/06/18,87,8:59:00 AM,Thursday,Main Stn,Utilized Off Route,8,17,WB,8118
2015/06/18,125,9:00:00 AM,Thursday,Finch Stn,Mechanical,8,16,,8196
2015/06/18,116,9:03:00 AM,Thursday,Kennedy Stn,Mechanical,31,47,E,7500
2015/06/18,63,9:07:00 AM,Thursday,ossington stn,Utilized Off Route,4,8,s,1027
2015/06/18,75,9:10:00 AM,Thursday,Sherbourne and Queens Quay,Utilized Off Route,6,12,S,8372
2015/06/18,196,9:27:00 AM,Thursday,Downsview Stn,Utilized Off Route,3,7,n,9048
2015/06/18,7,9:29:00 AM,Thursday,Wilson and Bathurst,Mechanical,8,16,S,9021
2015/06/18,145,9:30:00 AM,Thursday,Simcoe and Richmond @ 8:33am,General Delay,30,60,e/b,8045
2015/06/18,11,9:38:00 AM,Thursday,Bayview and Fife Rd,Investigation,12,24,N,8210
2015/06/18,199,9:39:00 AM,Thursday,Bayview on Finch Ave,Investigation,5,10,E,1743
2015/06/18,133,10:10:00 AM,Thursday,Staines & Morningside,Mechanical,10,20,S,1078
2015/06/18,75,10:20:00 AM,Thursday,Glen and South,Diversion,0,0,n,8396
2015/06/18,199,10:30:00 AM,Thursday,E/B McCowan and Finch,Mechanical,5,10,E,1070
2015/06/18,89,10:31:00 AM,Thursday,King and Weston,Investigation,9,18,s,1659
2015/06/18,36,10:36:00 AM,Thursday,Finch and Martin grove,Mechanical,6,12,W,1229
2015/06/18,41,10:40:00 AM,Thursday,Keele and Yore,Investigation,8,17,s,9135
2015/06/18,106,11:00:00 AM,Thursday,Downsview stn,Mechanical,10,20,w/b,8393
2015/06/18,85,11:00:00 AM,Thursday,Don Mills station to Rouge Hill GO,General Delay,15,12,B/W,
2015/06/18,39,11:03:00 AM,Thursday,Warden on Finch ave,Mechanical,7,13,E,1809
2015/06/18,199,11:40:00 AM,Thursday,McCowan on Finch ave,Mechanical,5,10,E,1097
2015/06/18,29,11:51:00 AM,Thursday,Bentworth/Dufferein,Mechanical,4,8,s,9022
2015/06/18,36,11:55:00 AM,Thursday,Humberwood loop,Mechanical,6,12,E,9110
2015/06/18,116,12:05:00 PM,Thursday,Morningside & Kingston,Mechanical,10,20,E,7539
2015/06/18,53,12:09:00 PM,Thursday,Finch Station,Mechanical,14,20,e,1121
2015/06/18,108,12:30:00 PM,Thursday,All Run Affected,General Delay,15,23,B/W,1379
2015/06/18,60,12:30:00 PM,Thursday,All Run Affected,General Delay,15,25,B/W,1804
2015/06/18,59,12:30:00 PM,Thursday,Both Way's @ Durrerin/Lawrence,General Delay,10,20,B/W,1349
2015/06/18,95,12:47:00 PM,Thursday,Ellesmere and Brimley,Investigation,8,16,EB,1795
2015/06/18,96,12:50:00 PM,Thursday,westhumber at esther lorrie,Investigation,18,36,w,1687
2015/06/18,91,12:52:00 PM,Thursday,B/W,General Delay,10,23,,7790
2015/06/18,39,1:13:00 PM,Thursday,Finch at Linus rd,Mechanical,6,13,e,1080
2015/06/18,21,1:20:00 PM,Thursday,Brimley and Ellesmere,Diversion,10,20,,7876
2015/06/18,7,1:30:00 PM,Thursday,Bathurst stn to steeles,General Delay,7,14,b/w,
2015/06/18,68,1:30:00 PM,Thursday,Warden at Bridletown,Mechanical,10,20,s/b,7594
2015/06/18,109,1:30:00 PM,Thursday,Eglinton wstn to Bathurst,General Delay,7,15,b/w,
2015/06/18,90,1:30:00 PM,Thursday,St Clair wstn to Eglinton,General Delay,7,12,b/w,
2015/06/18,160,1:30:00 PM,Thursday,Wilson stn to Clarke,General Delay,15,30,b/w,
2015/06/18,120,1:30:00 PM,Thursday,wilson - keele to wilson stn,General Delay,10,32,bw,
2015/06/18,85,1:30:00 PM,Thursday,Don Mills Stn to Rouge Hill Go,General Delay,12,20,E/W,
2015/06/18,41,2:00:00 PM,Thursday,Entire Route,General Delay,35,45,B/W,
2015/06/18,89,2:00:00 PM,Thursday,Entire Route,General Delay,20,27,B/W,
2015/06/18,32,2:00:00 PM,Thursday,Entire Route,General Delay,20,28,B/W,
2015/06/18,41,2:02:00 PM,Thursday,Keele and Eglinton,Mechanical,9,18,SB,9149
2015/06/18,76,2:15:00 PM,Thursday,Royal York Rd. at Melrose,Mechanical,9,18,SB,7327
2015/06/18,46,2:17:00 PM,Thursday,Arrow Rd Garage,Mechanical,15,30,S/B,1545
2015/06/18,94,2:18:00 PM,Thursday,Harbord and Spadina,Mechanical,10,20,e,7712
2015/06/18,165,2:24:00 PM,Thursday,finch at weston,Mechanical,37,66,n,1550
2015/06/18,52,2:29:00 PM,Thursday,Westwood Mall,Mechanical,15,30,E/B,1632
2015/06/18,90,2:31:00 PM,Thursday,St Clair wstn,Utilized Off Route,8,16,n,8306
2015/06/18,115,2:40:00 PM,Thursday,York Mills Station,Mechanical,20,40,E,8155
2015/06/18,196,2:43:00 PM,Thursday,York U Busway/Alness,Mechanical,6,12,S/B,9007
2015/06/18,139,2:44:00 PM,Thursday,Finch & Baldoon,Late Leaving Garage,20,40,E,1752
2015/06/18,102,2:45:00 PM,Thursday,Warden Station,Utilized Off Route,8,20,nb,7699
2015/06/18,11,2:45:00 PM,Thursday,Sunnybrook Hospital,Mechanical,13,26,NB,8375
2015/06/18,34,2:49:00 PM,Thursday,Kennedy Station,Investigation,8,15,WB,7428
2015/06/18,129,2:54:00 PM,Thursday,STC,Late Leaving Garage,12,29,N,1234
2015/06/18,709,3:00:00 PM,Thursday,Eglinton,Late Leaving Garage,1,1,B/W,
2015/06/18,709,3:00:00 PM,Thursday,Eglinton,Late Leaving Garage,1,1,B/W,
2015/06/18,709,3:00:00 PM,Thursday,Eglinton,Late Leaving Garage,1,1,B/W,
2015/06/18,80,3:00:00 PM,Thursday,STEPHENS DR TO ELLIS,General Delay,30,60,b/w,
2015/06/18,45,3:00:00 PM,Thursday,KIPLING AND EGLINTON,General Delay,15,20,bw,
2015/06/18,88,3:02:00 PM,Thursday,St Clair Station,Mechanical,15,30,e,8140
2015/06/18,60,3:04:00 PM,Thursday,Finch Station,Mechanical,6,7,W,1379
2015/06/18,65,3:12:00 PM,Thursday,Castle Frank Stn,Late Leaving Garage,10,20,S/B,7770
2015/06/18,801,3:12:00 PM,Thursday,St. Clair and bathurst,Utilized Off Route,1,1,E,8147
2015/06/18,63,3:13:00 PM,Thursday,Eglinton West Station,Utilized Off Route,5,10,S,1038
2015/06/18,190,3:15:00 PM,Thursday,Allanford and Sheppard Avenue E,Mechanical,5,10,EB,7639
2015/06/18,90,3:15:00 PM,Thursday,St Clair wstn,Utilized Off Route,8,16,n,8190
2015/06/18,87,3:16:00 PM,Thursday,O'Connor Drive at River court,Investigation,5,10,E/B,8111
2015/06/18,86,3:17:00 PM,Thursday,Eglinton and markham,Mechanical,7,14,e,7498
2015/06/18,47,3:19:00 PM,Thursday,Earlscourt Loop,Utilized Off Route,7,13,S,1674
2015/06/18,35,3:20:00 PM,Thursday,Jane Station,Utilized Off Route,5,10,N,1384
2015/06/18,195,3:20:00 PM,Thursday,Jane Station,Utilized Off Route,12,24,N,1248
2015/06/18,131,3:23:00 PM,Thursday,Kennedy Stn,Late Leaving Garage,8,17,N,1799
2015/06/18,32,3:24:00 PM,Thursday,Pine and Lawrence,Utilized Off Route,8,16,E/B,1503
2015/06/18,41,3:26:00 PM,Thursday,Commons at York Univ,Late Leaving Garage,16,31,SB,1509
2015/06/18,129,3:28:00 PM,Thursday,Scar Town,Mechanical,17,34,N,1123
2015/06/18,97,3:30:00 PM,Thursday,Yonge Route,General Delay,45,60,b/w,
2015/06/18,168,3:30:00 PM,Thursday,DUNDAS WEST STN TO AVON LOOP,General Delay,30,40,BW,
2015/06/18,42,3:30:00 PM,Thursday,Cummer Route,General Delay,30,36,b/w,
2015/06/18,50,3:34:00 PM,Thursday,Cordova and Central Parrkway,Investigation,13,26,EB,8062
2015/06/18,196,3:37:00 PM,Thursday,Downsview Stn,Mechanical,7,14,N/B,9425
2015/06/18,85,3:38:00 PM,Thursday,Don Mills Stn,Mechanical,12,24,E,9076
2015/06/18,8,3:42:00 PM,Thursday,Boradview at Browning,Mechanical,30,60,n,7869
2015/06/18,87,3:43:00 PM,Thursday,Broadview Station,Utilized Off Route,5,10,n,7726
2015/06/18,11,3:45:00 PM,Thursday,On Route,General Delay,20,32,NB,
2015/06/18,29,3:50:00 PM,Thursday,Croatia,Investigation,5,10,S,8387
2015/06/18,85,3:56:00 PM,Thursday,Rouge Hill Go,Mechanical,12,24,W,9055
2015/06/18,40,4:00:00 PM,Thursday,DUNDAS WEST STN.  TO  RUNNYMEDE LOOP,General Delay,15,25,BW,
2015/06/18,145,4:00:00 PM,Thursday,Lakeshore at Kipling to Richmond at Simcoe,General Delay,30,60,BW,
2015/06/18,115,4:00:00 PM,Thursday,Silver Hills route,General Delay,15,35,B,
2015/06/18,23,4:02:00 PM,Thursday,Dawes at Secord,Mechanical,8,15,E/B,7789
2015/06/18,38,4:04:00 PM,Thursday,Ellesmere and Morningside,Mechanical,16,32,E,1723
2015/06/18,91,4:05:00 PM,Thursday,Lawrence to York Mills,General Delay,10,15,N/B,
2015/06/18,47,4:05:00 PM,Thursday,Caledonia Rd. and Lawrence Ave. West,Mechanical,13,26,S,1013
2015/06/18,95,4:07:00 PM,Thursday,York Mills and Bayview,Investigation,4,8,EB,1807
2015/06/18,87,4:15:00 PM,Thursday,B/W,General Delay,10,15,B/W,
2015/06/18,60,4:19:00 PM,Thursday,Steeles @ Hilda,Mechanical,1,4,W,1303
2015/06/18,52,4:26:00 PM,Thursday,Lawrence Station,Late Leaving Garage,6,17,W/B,
2015/06/18,85,4:28:00 PM,Thursday,Don Mills Stn,Mechanical,16,32,W,1772
2015/06/18,195,4:30:00 PM,Thursday,On Jjane Street from Wilson to Lawrence Avenue,General Delay,10,20,BW,
2015/06/18,95,4:30:00 PM,Thursday,York mills Stn to Bayview,General Delay,10,1,EB,
2015/06/18,142,4:30:00 PM,Thursday,On Route,General Delay,50,80,NB,
2015/06/18,35,4:30:00 PM,Thursday,On Jane Street from Wilson to Lawrence,General Delay,10,15,BW,
2015/06/18,41,4:40:00 PM,Thursday,Yore and Eglinton,Diversion,956,966,NB,9140
2015/06/18,52,4:41:00 PM,Thursday,Lawrence West Station,Mechanical,11,116,W/B,1610
2015/06/18,16,4:42:00 PM,Thursday,McCowan Route,General Delay,8,18,bw,7735
2015/06/18,42,4:47:00 PM,Thursday,Finch Station,Utilized Off Route,11,23,e,9448
2015/06/18,86,4:49:00 PM,Thursday,Eglinton and Markham,Mechanical,14,28,e,7573
2015/06/18,165,4:57:00 PM,Thursday,barmac at steeles,Mechanical,15,23,e,1215
2015/06/18,24,5:00:00 PM,Thursday,VP/401,General Delay,12,24,bw,7864
2015/06/18,122,5:00:00 PM,Thursday,Graydon hall route,General Delay,20,32,B,
2015/06/18,42,5:10:00 PM,Thursday,Finch Station,Mechanical,11,23,e,9412
2015/06/18,35,5:17:00 PM,Thursday,Jane and Lambton,Investigation,5,10,N,1347
2015/06/18,17,5:30:00 PM,Thursday,Birchmount Route,General Delay,7,14,bw,6678
2015/06/18,116,5:30:00 PM,Thursday,Morningside Route,General Delay,10,0,B/W,
2015/06/18,86,5:30:00 PM,Thursday,Scarborough Route,General Delay,15,0,B/W,
2015/06/18,192,5:35:00 PM,Thursday,term 3,General Delay,12,20,sb,8000
2015/06/18,45,5:38:00 PM,Thursday,STEELES LOOP,Mechanical,7,14,sb,8035
2015/06/18,133,5:44:00 PM,Thursday,Staines and Siskin Terr,Emergency Services,7,14,S,1768
2015/06/18,45,6:10:00 PM,Thursday,kipling stn,Utilized Off Route,8,16,nb,7910
2015/06/18,16,6:10:00 PM,Thursday,Danforth/Magnolia,Mechanical,11,22,nb,7735
2015/06/18,145,6:20:00 PM,Thursday,FRONT ST. AT BATHURST,Investigation,30,60,WB,8007
2015/06/18,53,6:23:00 PM,Thursday,Passmore - Markham Rd,Mechanical,5,10,E,9080
2015/06/18,133,6:30:00 PM,Thursday,Staines Siskin,Mechanical,7,14,S,1307
2015/06/18,68,6:38:00 PM,Thursday,Angus Glen Center,Mechanical,20,40,SB,7661
2015/06/18,53,6:45:00 PM,Thursday,Markham - Steeles,Mechanical,5,8,E,1767
2015/06/18,52,6:54:00 PM,Thursday,Lawrence Station,Investigation,14,29,W/B,1631
2015/06/18,52,6:54:00 PM,Thursday,Lawrence Station,Investigation,11,24,W/B,1009
2015/06/18,32,7:08:00 PM,Thursday,Pine and Lawrence,Mechanical,9,18,E/B,1568
2015/06/18,111,7:40:00 PM,Thursday,KIPLING STN,Mechanical,17,27,N/B,
2015/06/18,63,7:55:00 PM,Thursday,Ossington Ave. and Davenport Rd.,Utilized Off Route,6,13,S,1046
2015/06/18,709,7:57:00 PM,Thursday,eglinton west stn,Utilized Off Route,1,1,e/b,1063
2015/06/18,191,8:00:00 PM,Thursday,hyw27/Dixon,Diversion,65,75,N,7930
2015/06/18,110,8:15:00 PM,Thursday,ISLINGTON STN,Mechanical,18,36,S/B,8043
2015/06/18,79,8:15:00 PM,Thursday,ROYAL YORK STN,Mechanical,15,30,S/B,7327
2015/06/18,199,8:39:00 PM,Thursday,Don Mills,Mechanical,8,15,W/B,1734
2015/06/18,7,9:02:00 PM,Thursday,Lawrence,Mechanical,10,20,s,9047
2015/06/18,39,9:08:00 PM,Thursday,Finch station,Emergency Services,8,16,E,1262
2015/06/18,7,9:09:00 PM,Thursday,Bathurst stn,Utilized Off Route,10,20,n,9046
2015/06/18,59,9:15:00 PM,Thursday,Weston at Church,Diversion,30,60,E,1349
2015/06/18,29,9:20:00 PM,Thursday,Bloor st,Utilized Off Route,6,12,n,8186
2015/06/18,47,9:55:00 PM,Thursday,st clair and lansdowne,Mechanical,20,40,n/b,1674
2015/06/18,29,10:01:00 PM,Thursday,Dufferin . Eglinton,Diversion,22,30,s,9043
2015/06/18,196,10:02:00 PM,Thursday,Sheppard stn,Investigation,9,18,w,9402
2015/06/18,171,11:00:00 PM,Thursday,mt dennis division,Mechanical,20,40,w/b,1055
2015/06/18,85,11:14:00 PM,Thursday,Meadowvale loop,Mechanical,20,40,wb,9102
2015/06/18,39,11:38:00 PM,Thursday,Finch station,Mechanical,6,12,E,1821
2015/06/19,44,12:14:00 AM,Friday,kipling at lakeshore,Mechanical,10,20,S/B,7937
2015/06/19,12,1:09:00 AM,Friday,Kennedy Stn,Emergency Services,30,50,,7871
2015/06/19,85,1:37:00 AM,Friday,Don Mills Station,Mechanical,24,48,eb,9084
2015/06/19,85,1:52:00 AM,Friday,Shepaprd and Birchmount,Emergency Services,20,40,wb,9059
2015/06/19,85,1:59:00 AM,Friday,Shepaprd Av-Birchmount,Emergency Services,24,48,wb,9086
2015/06/19,300,2:05:00 AM,Friday,Bathurst Stn,Mechanical,30,60,eb,8118
2015/06/19,34,2:15:00 AM,Friday,Eglinton Stn,Mechanical,30,60,eb,7664
2015/06/19,321,3:15:00 AM,Friday,Ellesmere Rd-Midland,Mechanical,30,60,wb,1328
2015/06/19,54,3:25:00 AM,Friday,Eglinton Yard,Late Leaving Garage,11,22,EB,7635
2015/06/19,320,3:37:00 AM,Friday,yonge and finch,Investigation,4,8,n/b,8366
2015/06/19,320,4:15:00 AM,Friday,SYON,Late Leaving Garage,15,30,S,1648
2015/06/19,35,4:36:00 AM,Friday,HULL,Late Leaving Garage,15,30,N,1238
2015/06/19,25,4:51:00 AM,Friday,Eglinton yard,Mechanical,1,1,S,7673
2015/06/19,84,4:57:00 AM,Friday,RISH,Late Leaving Garage,24,51,W,1326
2015/06/19,116,4:58:00 AM,Friday,Eglinton Yard,Mechanical,1,1,E,7622
2015/06/19,68,5:15:00 AM,Friday,Warden and Danforth,Late Leaving Garage,25,45,n,7524
2015/06/19,29,5:16:00 AM,Friday,wilson Stn,Late Leaving Garage,9,19,s,9016
2015/06/19,52,5:17:00 AM,Friday,Yonge and Lawrence,Mechanical,1,18,W/B,1000
2015/06/19,90,5:25:00 AM,Friday,StCl West Stn,Mechanical,30,30,n,8201
2015/06/19,129,5:31:00 AM,Friday,McCowan & Sheppard,Late Leaving Garage,0,17,N,9093
2015/06/19,52,5:37:00 AM,Friday,Terminal one,Mechanical,12,24,W/B,1627
2015/06/19,85,5:40:00 AM,Friday,Don Mills station,Mechanical,15,41,W,1775
2015/06/19,56,5:43:00 AM,Friday,Brentcliffe and Eglinton,Late Leaving Garage,26,0,S,9420
2015/06/19,37,5:45:00 AM,Friday,Isltington Station @ 5:52,Late Leaving Garage,1,1,n/b,7338
2015/06/19,106,5:45:00 AM,Friday,York U. Common,Late Leaving Garage,0,15,s,8335
2015/06/19,37,5:45:00 AM,Friday,Islington Station 5:56a,Utilized Off Route,7,7,n/b,7978
2015/06/19,84,5:48:00 AM,Friday,RISH,Late Leaving Garage,8,17,W,1395
2015/06/19,85,5:49:00 AM,Friday,Rouge Hill GO,Late Leaving Garage,5,15,W,9101
2015/06/19,320,5:49:00 AM,Friday,Yonge and Sheppard,Mechanical,15,1,N,8133
2015/06/19,47,5:53:00 AM,Friday,Earlscourt loop,Mechanical,9,16,s/b,1589
2015/06/19,116,5:54:00 AM,Friday,Morningside & Nightstar,Late Leaving Garage,6,13,S,7594
2015/06/19,165,5:54:00 AM,Friday,Finch,Late Leaving Garage,6,12,e,7211
2015/06/19,80,5:56:00 AM,Friday,Evans and Kipling,Mechanical,24,50,e/b,8043
2015/06/19,42,5:56:00 AM,Friday,Kennedy loop,Late Leaving Garage,24,50,W,8302
2015/06/19,124,5:58:00 AM,Friday,Lawrence Stn,Late Leaving Garage,0,12,e,8157
2015/06/19,199,5:59:00 AM,Friday,Malvern Garage,Late Leaving Garage,3,6,E,1792
2015/06/19,168,6:00:00 AM,Friday,Avon Loop @ 6:16am,Late Leaving Garage,5,9,s/b,8081
2015/06/19,25,6:04:00 AM,Friday,PSTN,Mechanical,3,6,N,7535
2015/06/19,129,6:05:00 AM,Friday,McCowan & Steeles,Late Leaving Garage,9,14,S,1270
2015/06/19,95,6:06:00 AM,Friday,York Mills Stn,Late Leaving Garage,7,14,E,1077
2015/06/19,54,6:10:00 AM,Friday,Midland,Mechanical,10,20,w,7563
2015/06/19,190,6:11:00 AM,Friday,Eglinton Yard,Late Leaving Garage,1,1,N,7598
2015/06/19,11,6:13:00 AM,Friday,Steels and Bayview,Mechanical,13,26,n,8133
2015/06/19,37,6:18:00 AM,Friday,Islington Stn,Mechanical,8,16,n/b,7326
2015/06/19,85,6:19:00 AM,Friday,Don Mills station,Utilized Off Route,6,12,E,9097
2015/06/19,100,6:21:00 AM,Friday,Garage,Mechanical,4,8,N/B,7553
2015/06/19,63,6:38:00 AM,Friday,MT DENNIS GARAGE,Mechanical,4,8,sb,1036
2015/06/19,78,6:40:00 AM,Friday,Yorkmills stn,Late Leaving Garage,10,20,e/b,8351
2015/06/19,84,6:46:00 AM,Friday,Sheppard Station,Mechanical,8,17,W,1395
2015/06/19,24,6:47:00 AM,Friday,VP/EGLINTON,Mechanical,6,12,N,7759
2015/06/19,199,6:50:00 AM,Friday,Malvern Garage,Late Leaving Garage,3,6,N/W,1123
2015/06/19,124,6:56:00 AM,Friday,Wilson Garage,Late Leaving Garage,5,10,,8170
2015/06/19,36,6:56:00 AM,Friday,Finch station,Mechanical,11,23,W,1346
2015/06/19,95,7:03:00 AM,Friday,Scarb College Loop,Late Leaving Garage,9,18,W,1114
2015/06/19,125,7:04:00 AM,Friday,Finch Stn,Late Leaving Garage,8,15,,8367
2015/06/19,39,7:05:00 AM,Friday,Crowtrail and Neillson,Mechanical,7,11,W,1120
2015/06/19,7,7:07:00 AM,Friday,bathurst and wilson,Late Leaving Garage,5,10,S,9016
2015/06/19,42,7:08:00 AM,Friday,Finch stn,Late Leaving Garage,23,46,e/b,8304
2015/06/19,85,7:23:00 AM,Friday,Don Mills station,Mechanical,6,11,E,9059
2015/06/19,32,7:25:00 AM,Friday,Eglinton West stn,Mechanical,5,10,e/b,1007
2015/06/19,142,7:30:00 AM,Friday,Bombay loop,Late Leaving Garage,6,36,s/b,8188
2015/06/19,60,7:33:00 AM,Friday,Finch Stn,Late Leaving Garage,7,14,w,1267
2015/06/19,224,7:35:00 AM,Friday,Denison and Hood,Diversion,120,180,S,7616
2015/06/19,63,7:35:00 AM,Friday,EGLINTON WEST STN,Mechanical,12,24,UP,1203
2015/06/19,53,7:43:00 AM,Friday,Finch Station,Mechanical,10,24,E,9099
2015/06/19,36,8:00:00 AM,Friday,Finch West route,General Delay,10,17,B,9134
2015/06/19,191,8:00:00 AM,Friday,HWY 191 rocket,General Delay,10,18,B,
2015/06/19,45,8:00:00 AM,Friday,ENTIRE ROUTE,General Delay,15,1,B/W,
2015/06/19,196,8:14:00 AM,Friday,Downsview Stn,Mechanical,3,6,n,8306
2015/06/19,53,8:48:00 AM,Friday,Steeles - Don Mills,Investigation,26,49,E,1135
2015/06/19,131,8:53:00 AM,Friday,Nugget and e. of McCowan,Mechanical,8,15,e,1078
2015/06/19,70,8:55:00 AM,Friday,Craighton and Pharmacy,Mechanical,18,36,e,7627
2015/06/19,88,8:55:00 AM,Friday,St  Clair & Avoca,Mechanical,6,16,,8135
2015/06/19,196,9:07:00 AM,Friday,Downsview Stn,Utilized Off Route,3,7,n,8354
2015/06/19,106,9:20:00 AM,Friday,Downsview Stn,Mechanical,7,17,n,8194
2015/06/19,165,9:45:00 AM,Friday,Wilson Div,Emergency Services,5,10,e,1312
2015/06/19,32,9:45:00 AM,Friday,Tarlton & Eglinton,Investigation,5,10,e/b,1549
2015/06/19,32,9:45:00 AM,Friday,Tarlton & Eglinton,Diversion,55,70,e/b,1020
2015/06/19,32,9:45:00 AM,Friday,Tarlton & Eglinton,Investigation,13,26,e/b,1202
2015/06/19,70,10:00:00 AM,Friday,woodbine,General Delay,7,25,,
2015/06/19,161,10:07:00 AM,Friday,Rogers and Silverthorne,Investigation,17,27,e,1529
2015/06/19,52,10:08:00 AM,Friday,Lawence west station,Mechanical,15,30,E/B,1560
2015/06/19,90,10:08:00 AM,Friday,Oakwood and Jesmond,Mechanical,8,16,90,9418
2015/06/19,86,10:10:00 AM,Friday,Kennedy Stn,Mechanical,10,20,E,7531
2015/06/19,41,10:23:00 AM,Friday,Dundas and Keele,Investigation,8,17,e,9139
2015/06/19,129,10:30:00 AM,Friday,McCowan & Hwy 7,Diversion,28,56,S,1781
2015/06/19,116,10:47:00 AM,Friday,Kennedy Stn,Mechanical,10,20,E,7518
2015/06/19,75,10:48:00 AM,Friday,South Dr and Glen,Utilized Off Route,6,12,S,8348
2015/06/19,199,10:48:00 AM,Friday,STC,Utilized Off Route,5,10,N/W,1269
2015/06/19,95,10:49:00 AM,Friday,Scar Campus Loop- U of T,Utilized Off Route,1,1,e,1264
2015/06/19,134,10:49:00 AM,Friday,Scar Town Centre Stn,Utilized Off Route,1,1,W,1704
2015/06/19,131,10:49:00 AM,Friday,McCowan and Sheppard,Mechanical,13,27,n,1809
2015/06/19,42,10:50:00 AM,Friday,Kennedy stn,Utilized Off Route,8,16,w/b,8203
2015/06/19,24,10:50:00 AM,Friday,VP STATION,Utilized Off Route,10,20,N,8122
2015/06/19,102,10:50:00 AM,Friday,Warden Station,Utilized Off Route,8,17,EB,7750
2015/06/19,87,10:52:00 AM,Friday,Main Stn,Utilized Off Route,6,15,,7828
2015/06/19,29,10:55:00 AM,Friday,Dufferin and Bloor,Utilized Off Route,1,1,s/b,9048
2015/06/19,85,10:55:00 AM,Friday,Meadowvale loop,Utilized Off Route,8,15,W,9065
2015/06/19,43,10:55:00 AM,Friday,Kennedy station,Utilized Off Route,10,20,N/B,7449
2015/06/19,81,10:55:00 AM,Friday,Thorncliffe at Overlea,Utilized Off Route,10,20,s,7747
2015/06/19,103,10:57:00 AM,Friday,Mt Pleasant and Ranleigh ave,Mechanical,20,40,n/b,8364
2015/06/19,196,11:00:00 AM,Friday,Downsview Stn,Utilized Off Route,7,14,N/B,8330
2015/06/19,85,11:00:00 AM,Friday,Don Mills station to Rouge Hill GO,General Delay,15,12,B/W,
2015/06/19,95,11:01:00 AM,Friday,U of T loop,Utilized Off Route,1,1,W,1264
2015/06/19,29,11:20:00 AM,Friday,Dufferin and Bloor,Investigation,4,8,s/b,9049
2015/06/19,192,11:20:00 AM,Friday,Hwy 427/ Eglinton,Diversion,180,190,S,8009
2015/06/19,165,11:25:00 AM,Friday,Finch,Mechanical,15,30,S,1303
2015/06/19,191,11:55:00 AM,Friday,Humber college and Windwood drive,Mechanical,9,18,N,7921
2015/06/19,45,12:10:00 PM,Friday,COL SAM LOOP,Mechanical,7,14,S/B,8080
2015/06/19,116,12:17:00 PM,Friday,Morningside & Nighstar,Mechanical,10,20,S,7438
2015/06/19,32,12:30:00 PM,Friday,Entire Route,General Delay,20,30,B/W,
2015/06/19,192,12:34:00 PM,Friday,H-427 at Burnhamthorpe,Investigation,8,16,s/b,8010
2015/06/19,105,12:37:00 PM,Friday,Dufferin & Gerry Fitzgerald,Investigation,15,30,N/B,9423
2015/06/19,85,12:45:00 PM,Friday,Don Mills Stn to Rouge Hill Go,General Delay,15,23,E/W,
2015/06/19,22,12:47:00 PM,Friday,Coxwell Stn,Mechanical,8,16,S/B,7690
2015/06/19,192,12:57:00 PM,Friday,427 and Burnhamthorpe,Investigation,8,16,sb,8002
2015/06/19,7,1:00:00 PM,Friday,Bathurst stn / Steeles,General Delay,14,25,b/w,
2015/06/19,47,1:06:00 PM,Friday,Caledonia and  Eglinton,Mechanical,15,30,e,1244
2015/06/19,104,1:08:00 PM,Friday,Wilson Stn,Mechanical,15,30,N/B,8323
2015/06/19,7,1:11:00 PM,Friday,Bathurst stn,Mechanical,9,18,n,9020
2015/06/19,37,1:27:00 PM,Friday,ISLINGTON STN,Mechanical,18,35,NB,7965
2015/06/19,109,1:30:00 PM,Friday,Eglinton stn to Bathurst,General Delay,7,14,b/w,
2015/06/19,160,1:30:00 PM,Friday,Wilson stn to Steeles,General Delay,14,30,b/w,
2015/06/19,196,1:30:00 PM,Friday,Downsview Stn,Utilized Off Route,7,14,N/B,9438
2015/06/19,67,1:35:00 PM,Friday,victoria pk stn,Mechanical,15,30,n,7639
2015/06/19,196,1:35:00 PM,Friday,Sheppard Stn q,Utilized Off Route,7,13,,8360
2015/06/19,11,1:38:00 PM,Friday,Davisville station,Mechanical,11,22,NB,8191
2015/06/19,84,1:52:00 PM,Friday,SHEPPARD AVE WEST @ ARROW ROAD,Mechanical,9,19,E,1305
2015/06/19,198,1:54:00 PM,Friday,U of T,Mechanical,12,24,S/B,7408
2015/06/19,198,1:57:00 PM,Friday,Huntington Aven,Investigation,12,24,E/B,7684
2015/06/19,45,2:00:00 PM,Friday,ENTIRE ROUTE,General Delay,30,40,B/W,
2015/06/19,41,2:00:00 PM,Friday,Entire Route,General Delay,35,45,B/W,
2015/06/19,102,2:01:00 PM,Friday,Warden stn,Utilized Off Route,15,30,N/B,7761
2015/06/19,100,2:02:00 PM,Friday,Broadview Station,Mechanical,7,14,NB,7603
2015/06/19,92,2:05:00 PM,Friday,Ashbridge  Loop,Mechanical,12,24,N/B,7775
2015/06/19,41,2:08:00 PM,Friday,Commons at York Univ,Late Leaving Garage,16,16,SB,1577
2015/06/19,96,2:10:00 PM,Friday,Westmore at Finch,Mechanical,20,40,W,7216
2015/06/19,89,2:10:00 PM,Friday,Weston rd & Humber blvd,Investigation,9,18,S,1035
2015/06/19,24,2:25:00 PM,Friday,VP at Ellesmere,Utilized Off Route,2,8,s,7817
2015/06/19,47,2:25:00 PM,Friday,Yorkdale,Late Leaving Garage,13,25,s,1571
2015/06/19,60,2:30:00 PM,Friday,steeles - dufferin to yonge,General Delay,10,22,bw,
2015/06/19,59,2:30:00 PM,Friday,weston - oak to church,General Delay,11,23,bw,
2015/06/19,100,2:32:00 PM,Friday,Broadview Station,Utilized Off Route,8,16,NB,7481
2015/06/19,63,2:35:00 PM,Friday,east liberty,Utilized Off Route,7,14,n/b,1642
2015/06/19,87,2:35:00 PM,Friday,Broadview Stn.,Utilized Off Route,11,22,e,7743
2015/06/19,25,2:36:00 PM,Friday,Pape Station,Utilized Off Route,3,6,NB,7670
2015/06/19,131,2:38:00 PM,Friday,STC,Mechanical,13,26,E,1133
2015/06/19,6,2:45:00 PM,Friday,bedford,Utilized Off Route,10,20,s/b,1049
2015/06/19,81,2:46:00 PM,Friday,Thorncliff Park,Utilized Off Route,10,20,N,7699
2015/06/19,25,2:48:00 PM,Friday,Pape Station,Utilized Off Route,3,6,SB,7586
2015/06/19,14,2:49:00 PM,Friday,Bathurst and Roselawn,Mechanical,20,40,s,1010
2015/06/19,57,2:51:00 PM,Friday,MIDLAND AND MCNICOLL,Late Leaving Garage,14,28,S,8117
2015/06/19,85,2:56:00 PM,Friday,Rouge Hill Go,Late Leaving Garage,12,24,W,9078
2015/06/19,25,3:00:00 PM,Friday,Freshmeadow and Don Mills,Mechanical,3,6,sb,7434
2015/06/19,116,3:00:00 PM,Friday,116 Morningside Route,General Delay,12,24,B/W,
2015/06/19,709,3:00:00 PM,Friday,Eglinton,Late Leaving Garage,1,1,B/W,
2015/06/19,709,3:00:00 PM,Friday,Eglinton,Late Leaving Garage,1,1,B/W,
2015/06/19,709,3:00:00 PM,Friday,Eglinton,Late Leaving Garage,1,1,B/W,
2015/06/19,25,3:00:00 PM,Friday,Overlea and Don Mills to Don Mills Station,General Delay,10,17,BW,
2015/06/19,52,3:00:00 PM,Friday,All route,General Delay,10,17,B/W,
2015/06/19,168,3:00:00 PM,Friday,Dundas West Station to Avon Loop,General Delay,20,30,BW,
2015/06/19,45,3:00:00 PM,Friday,ENTIRE ROUTE,General Delay,8,16,B/W,
2015/06/19,89,3:00:00 PM,Friday,Entire Route,General Delay,25,32,B/W,
2015/06/19,16,3:14:00 PM,Friday,Birchmount garage,Mechanical,10,20,N/B,7793
2015/06/19,59,3:20:00 PM,Friday,church at jane,Mechanical,9,18,e,1335
2015/06/19,199,3:26:00 PM,Friday,Finch/Kennedy,Mechanical,4,8,WB,1821
2015/06/19,47,3:30:00 PM,Friday,Entire route,General Delay,0,0,s,
2015/06/19,123,3:30:00 PM,Friday,NORTH QUEEN AND DIXON,General Delay,15,32,NB,8060
2015/06/19,102,3:30:00 PM,Friday,Main st at Highway 7,Diversion,0,0,bw,7720
2015/06/19,86,3:30:00 PM,Friday,86 Scarborough Route,General Delay,12,24,B/W,
2015/06/19,196,3:34:00 PM,Friday,Sheppard Stn,Mechanical,6,12,W/B,9443
2015/06/19,54,3:36:00 PM,Friday,Eglinton Yard,Late Leaving Garage,10,20,WB,7507
2015/06/19,52,3:38:00 PM,Friday,St Lawrence stn,Utilized Off Route,11,22,e,1651
2015/06/19,125,3:40:00 PM,Friday,Antibes and Bathurst,Mechanical,10,20,e,8302
2015/06/19,96,3:50:00 PM,Friday,Transit rd.,Investigation,19,38,W,1308
2015/06/19,52,3:55:00 PM,Friday,Martingrove and Tollington,Mechanical,11,22,E/B,1531
2015/06/19,94,4:00:00 PM,Friday,Wellesley Route,General Delay,10,20,bw,7776
2015/06/19,17,4:00:00 PM,Friday,Lawrence to Ellesmere,General Delay,15,0,N/B,
2015/06/19,79,4:00:00 PM,Friday,Entire route,General Delay,0,0,s,
2015/06/19,76,4:05:00 PM,Friday,Royal York Station,Mechanical,5,10,S,7934
2015/06/19,88,4:17:00 PM,Friday,St Clair Station,Utilized Off Route,15,30,e,8193
2015/06/19,96,4:20:00 PM,Friday,Jane,Mechanical,19,38,W,1349
2015/06/19,52,4:26:00 PM,Friday,Lawrence Station,Late Leaving Garage,6,17,W/b,
2015/06/19,34,4:27:00 PM,Friday,Eglinton & Yonge St,Investigation,4,8,EB,7558
2015/06/19,42,4:43:00 PM,Friday,565 Gordon Baker,Mechanical,12,23,w,9414
2015/06/19,42,4:47:00 PM,Friday,Finch Station,Utilized Off Route,11,23,e,8306
2015/06/19,46,4:53:00 PM,Friday,Martin Grove loop,Mechanical,5,10,S,1223
2015/06/19,85,5:05:00 PM,Friday,Sheppard @ Reimount,Emergency Services,6,12,E,9101
2015/06/19,78,5:15:00 PM,Friday,York mills Station,Mechanical,15,30,N,8167
2015/06/19,25,5:15:00 PM,Friday,Thorncliffe Park and Overlea Blvd,Mechanical,3,6,56054,7495
2015/06/19,65,5:17:00 PM,Friday,B/W,General Delay,11,20,N/B,
2015/06/19,32,5:32:00 PM,Friday,Eglinton and Jane,Mechanical,8,16,W/B,1607
2015/06/19,54,5:34:00 PM,Friday,Eglinton STN,Utilized Off Route,1,1,EB,7507
2015/06/19,127,5:35:00 PM,Friday,Spadina and Lowther Ave,Diversion,17,37,EB,1004
2015/06/19,47,5:39:00 PM,Friday,Caledonia Rd.and Eglinton Ave. West,Investigation,26,32,N,1616
2015/06/19,102,5:53:00 PM,Friday,Warden stn,Utilized Off Route,11,22,N/B,7718
2015/06/19,102,5:53:00 PM,Friday,Warden stn,Utilized Off Route,9,18,N/B,7842
2015/06/19,85,6:00:00 PM,Friday,Don Mills Stn,General Delay,15,21,E/W,
2015/06/19,29,6:08:00 PM,Friday,Lansdowne and Tycos,Mechanical,5,10,S,9405
2015/06/19,104,6:09:00 PM,Friday,Wilson Stn Lower,Mechanical,11,22,N/B,8149
2015/06/19,29,6:36:00 PM,Friday,Chandos,Investigation,5,10,S,9053
2015/06/19,15,6:46:00 PM,Friday,Bloor/royal York,Mechanical,12,25,S,7958
2015/06/19,85,7:00:00 PM,Friday,Malvern Gates,Mechanical,12,24,E,9078
2015/06/19,85,7:03:00 PM,Friday,Don Mills Stn,Mechanical,6,12,E,9076
2015/06/19,89,7:15:00 PM,Friday,Keele Station,Utilized Off Route,1,1,NB,1409
2015/06/19,47,7:19:00 PM,Friday,Lansdowne Ave. and Bloor St. West,Utilized Off Route,7,13,S,1592
2015/06/19,84,8:53:00 PM,Friday,sheppard and faywood,Mechanical,10,20,e/b,1576
2015/06/19,68,9:21:00 PM,Friday,Ellington and Warden,Mechanical,30,60,NB,7484
2015/06/19,196,9:25:00 PM,Friday,Downsview STN,Mechanical,4,8,NB,8318
2015/06/19,90,9:53:00 PM,Friday,St Clair West STN,Mechanical,8,16,NB,8393
2015/06/19,96,9:58:00 PM,Friday,wilson stn,Mechanical,21,42,e/b,1323
2015/06/19,90,10:00:00 PM,Friday,St Clair West STN,Utilized Off Route,8,16,NB,1796
2015/06/19,90,10:00:00 PM,Friday,90 Vaughan route,General Delay,8,16,BW,
2015/06/19,60,10:19:00 PM,Friday,martingrove loop,Mechanical,12,24,e/b,1247
2015/06/19,106,10:45:00 PM,Friday,Murray Ross/Sentinel,Mechanical,16,32,NB,8350
2015/06/19,1,11:02:00 PM,Friday,Finch STN,Mechanical,4,4,SB,1135
2015/06/19,32,11:39:00 PM,Friday,Eglinton Ave. West -Caledonia Rd. to Dufferin St.,Diversion,120,132,B/W,1582
2015/06/20,45,12:20:00 AM,Saturday,Kipling/Kidron Valley,Diversion,33,45,N,8097
2015/06/20,1,12:30:00 AM,Saturday,Yonge & Sheppard,Mechanical,4,8,n,1784
2015/06/20,76,12:39:00 AM,Saturday,Royal york/Judson,Emergency Services,16,31,N,7977
2015/06/20,29,12:57:00 AM,Saturday,Queen & Dufferin,Investigation,9,18,NB,9003
2015/06/20,37,1:00:00 AM,Saturday,Islington station,Mechanical,10,25,N,8016
2015/06/20,320,3:13:00 AM,Saturday,yonge and sheppard,Mechanical,4,8,n/b,8321
2015/06/20,329,3:29:00 AM,Saturday,Wilson Garage,Utilized Off Route,0,0,,8376
2015/06/20,329,3:48:00 AM,Saturday,eglinton and gibson,Diversion,2,40,b/w,9022
2015/06/20,32,5:00:00 AM,Saturday,Between Caledonia to Oakwood,Diversion,999,999,b/w,1621
2015/06/20,29,5:00:00 AM,Saturday,Gibson/Martin/Dufferin Rte,Diversion,12,24,B/W,
2015/06/20,300,5:07:00 AM,Saturday,Sherbourne street on Bloor,Investigation,30,60,E,7978
2015/06/20,75,5:08:00 AM,Saturday,Bloor & Sherbourne,Late Leaving Garage,3,6,S/B,8363
2015/06/20,51,5:18:00 AM,Saturday,Lawrence & Leslie,Late Leaving Garage,30,30,S/B,8333
2015/06/20,37,5:19:00 AM,Saturday,LAKESHORE & 8th Street,Late Leaving Garage,15,30,N,7943
2015/06/20,23,5:37:00 AM,Saturday,REXLEIGH/ST CLAIR,Diversion,999,999,N,7806
2015/06/20,302,5:48:00 AM,Saturday,Main station,Investigation,1,1,S,7771
2015/06/20,66,6:00:00 AM,Saturday,HUMBER LOOP,Late Leaving Garage,30,60,N,7969
2015/06/20,29,6:18:00 AM,Saturday,Wilson Stn,Late Leaving Garage,7,14,S/B,9050
2015/06/20,106,6:22:00 AM,Saturday,Diownsview Stn,Late Leaving Garage,12,24,N/B,8301
2015/06/20,78,6:28:00 AM,Saturday,Wilson Stn,Mechanical,32,32,S/B,8314
2015/06/20,53,6:32:00 AM,Saturday,Markham/Passmore,Late Leaving Garage,27,54,WB,1272
2015/06/20,196,6:32:00 AM,Saturday,Sheppard Stn,Late Leaving Garage,20,40,N/B,8162
2015/06/20,11,6:48:00 AM,Saturday,Bayview/Sunnybrook,Mechanical,12,24,W/B,8152
2015/06/20,74,6:50:00 AM,Saturday,Wilson Garage,Late Leaving Garage,10,10,S/B,8350
2015/06/20,100,7:45:00 AM,Saturday,Eglinton & Don Mills,Mechanical,10,20,W,7428
2015/06/20,102,8:00:00 AM,Saturday,Main St. Markham Rd at Hwy 7,Diversion,870,926,N/B,7829
2015/06/20,29,8:05:00 AM,Saturday,Bloor/Duffering,Late Leaving Garage,5,10,S/B,8190
2015/06/20,29,8:28:00 AM,Saturday,Wilson Stn,Utilized Off Route,5,10,s,9052
2015/06/20,160,8:35:00 AM,Saturday,Bathjurst and Shepard,Mechanical,36,72,s,8363
2015/06/20,123,9:01:00 AM,Saturday,LONG BRANCH LOOP,Late Leaving Garage,20,40,N,7333
2015/06/20,37,9:10:00 AM,Saturday,HWY27 & QUEEN'S PLATE,Mechanical,18,36,N,8019
2015/06/20,165,9:29:00 AM,Saturday,Yorkmills,Late Leaving Garage,9,18,N,1329
2015/06/20,25,9:36:00 AM,Saturday,Pape Stn,Mechanical,6,13,N,7671
2015/06/20,36,10:01:00 AM,Saturday,Humberwood Loop,Mechanical,6,12,,1353
2015/06/20,29,10:06:00 AM,Saturday,Princess gate loop,Mechanical,5,11,n,9015
2015/06/20,116,10:30:00 AM,Saturday,Mason Rd,Mechanical,8,16,W/B,7488
2015/06/20,24,10:30:00 AM,Saturday,VP ROUTE,General Delay,15,0,BW,
2015/06/20,85,10:55:00 AM,Saturday,Willowdale on Sheppard,Investigation,20,40,W,1806
2015/06/20,96,11:31:00 AM,Saturday,Wilson stn,Mechanical,14,28,W,1505
2015/06/20,196,11:37:00 AM,Saturday,Downsview Station,Investigation,10,20,Nb,8316
2015/06/20,24,11:38:00 AM,Saturday,ST CLAIR,Mechanical,10,20,N,7865
2015/06/20,134,11:52:00 AM,Saturday,Tapscott,Investigation,15,30,EB,1290
2015/06/20,86,11:56:00 AM,Saturday,BZO,Late Leaving Garage,6,12,E/B,7617
2015/06/20,172,12:00:00 PM,Saturday,Cherry Route,General Delay,10,1,B/W,
2015/06/20,57,12:00:00 PM,Saturday,Midland Route,General Delay,15,1,B/W,
2015/06/20,12,12:00:00 PM,Saturday,Kingston Road Route,General Delay,25,1,,
2015/06/20,24,12:00:00 PM,Saturday,VP STATION,Mechanical,10,20,N,7847
2015/06/20,35,12:00:00 PM,Saturday,Both Ways St. Clair To Jane Station,General Delay,30,42,BW,
2015/06/20,195,12:00:00 PM,Saturday,Both Ways Jane Station to St. Clair Avenue,General Delay,30,40,BW,
2015/06/20,40,12:10:00 PM,Saturday,DUNDAS WEST STN,Mechanical,10,20,wb,7310
2015/06/20,74,12:26:00 PM,Saturday,Davisville and Mt Pleasand,Mechanical,0,22,s,8350
2015/06/20,54,12:36:00 PM,Saturday,Lawrence & Tremont,Emergency Services,16,33,W,7679
2015/06/20,90,12:38:00 PM,Saturday,StCl West Stn,Utilized Off Route,8,16,n,8197
2015/06/20,25,12:44:00 PM,Saturday,Don Mills Stn,Mechanical,6,11,N,7641
2015/06/20,70,12:48:00 PM,Saturday,O'connor & St Clair,Mechanical,22,44,W,7467
2015/06/20,25,12:53:00 PM,Saturday,Don Mills & Lawrence,Mechanical,6,11,N,7497
2015/06/20,165,1:00:00 PM,Saturday,Entire route,General Delay,15,30,B/W,
2015/06/20,116,1:00:00 PM,Saturday,116 MorningSide Route,General Delay,6,12,B/W,
2015/06/20,60,1:00:00 PM,Saturday,Steeles Route,General Delay,15,30,B/W,
2015/06/20,84,1:00:00 PM,Saturday,Entire route,General Delay,10,20,B/W,
2015/06/20,96,1:00:00 PM,Saturday,Entire route,General Delay,15,30,B/W,
2015/06/20,52,1:05:00 PM,Saturday,Lawrence West Station,Mechanical,17,34,e,1626
2015/06/20,95,1:15:00 PM,Saturday,U of T Loop,Mechanical,15,30,WB,1091
2015/06/20,86,1:30:00 PM,Saturday,86 Scarborough Route,General Delay,12,24,B/W,
2015/06/20,95,1:34:00 PM,Saturday,Birchmount,Mechanical,12,24,EB,1808
2015/06/20,102,1:39:00 PM,Saturday,Warden Stn,Utilized Off Route,10,20,N/B,8107
2015/06/20,195,1:53:00 PM,Saturday,Weatherel on Jane,Mechanical,10,20,N,1394
2015/06/20,102,1:57:00 PM,Saturday,Dynamic and McNicoll,Late Leaving Garage,10,20,N/B,7730
2015/06/20,21,2:00:00 PM,Saturday,Brimley Route,General Delay,12,1,B/W,
2015/06/20,52,2:10:00 PM,Saturday,Lawrence Ave W at Jane St,Mechanical,17,34,w,1218
2015/06/20,171,2:20:00 PM,Saturday,Mt Dennis Division roadway,Mechanical,40,60,w,1620
2015/06/20,133,2:22:00 PM,Saturday,Siskin and Staines,Emergency Services,9,18,S,1234
2015/06/20,109,2:57:00 PM,Saturday,Lawrence West Stn,Investigation,17,55,s,8155
2015/06/20,109,2:57:00 PM,Saturday,Lawrence West Stn,Investigation,34,50,n,8337
2015/06/20,709,3:00:00 PM,Saturday,M.dennis,Utilized Off Route,1,1,E/B,1050
2015/06/20,29,3:00:00 PM,Saturday,Springhurst Loop,Utilized Off Route,4,7,n,9054
2015/06/20,709,3:02:00 PM,Saturday,Eglinton Station,Utilized Off Route,1,1,E/B,1055
2015/06/20,29,3:05:00 PM,Saturday,Dufferin and king,Utilized Off Route,3,7,n,9019
2015/06/20,41,3:06:00 PM,Saturday,Keele St. and Maple Leaf Dr.,Investigation,8,15,N,1599
2015/06/20,32,3:10:00 PM,Saturday,Eglinton and Oriole Parkway,Investigation,9,18,E/B,1562
2015/06/20,47,3:12:00 PM,Saturday,Earlscourt Loop,Utilized Off Route,9,18,S,1036
2015/06/20,35,3:15:00 PM,Saturday,Steeles and Peter Kaiser,Diversion,75,87,S,1389
2015/06/20,86,3:18:00 PM,Saturday,Kennedy Stn,Mechanical,6,12,E/B,7426
2015/06/20,40,3:20:00 PM,Saturday,Entire route,General Delay,15,30,bw,8092
2015/06/20,60,3:20:00 PM,Saturday,Peter Kiaser/Steeles,Diversion,101,123,e,1621
2015/06/20,86,3:26:00 PM,Saturday,Kennedy Stn,Mechanical,12,24,E/B,7596
2015/06/20,35,3:40:00 PM,Saturday,Jane and Steeles,Mechanical,8,16,S,1415
2015/06/20,36,3:50:00 PM,Saturday,Brakely/Finch,Diversion,122,134,e,1686
2015/06/20,7,4:00:00 PM,Saturday,Bathurst/Wilson,Mechanical,8,16,SB,9043
2015/06/20,165,4:04:00 PM,Saturday,Wilson Station,Mechanical,8,16,E,1564
2015/06/20,46,4:10:00 PM,Saturday,409/Martin Grove,Mechanical,17,34,s,1354
2015/06/20,34,4:45:00 PM,Saturday,Eglinton Stn,Mechanical,6,12,E/B,7682
2015/06/20,35,4:59:00 PM,Saturday,Grandravine and Jane Street,Emergency Services,8,16,N,1323
2015/06/20,85,5:30:00 PM,Saturday,Don Mills Stn,General Delay,15,20,E,
2015/06/20,7,6:00:00 PM,Saturday,Bathurst STN,Utilized Off Route,7,14,NB,8381
2015/06/20,7,6:04:00 PM,Saturday,Bathurst Station,Utilized Off Route,7,14,Nb,8381
2015/06/20,161,6:12:00 PM,Saturday,Alliance Ave at Jane St,Investigation,12,24,w,1527
2015/06/20,85,6:17:00 PM,Saturday,Rouge Hill Go,Mechanical,22,44,W,1401
2015/06/20,29,6:18:00 PM,Saturday,Wilsion Stn,Utilized Off Route,3,8,s,9035
2015/06/20,86,6:30:00 PM,Saturday,Kennedy Station,Mechanical,32,32,SB,7417
2015/06/20,60,6:40:00 PM,Saturday,Oldweston/Steeles,Diversion,45,57,w,1512
2015/06/20,100,6:41:00 PM,Saturday,Eglinton and Wynford,Investigation,10,19,WB,7664
2015/06/20,11,6:55:00 PM,Saturday,Davisville station,Mechanical,20,40,Nb,8175
2015/06/20,86,6:55:00 PM,Saturday,Kennedy Station,Utilized Off Route,6,12,EB,7619
2015/06/20,26,7:53:00 PM,Saturday,Annette St. and Runnymede Rd.,Investigation,24,48,W,1200
2015/06/20,190,8:02:00 PM,Saturday,Don Mills STN,Investigation,9,18,EB,7508
2015/06/20,85,8:03:00 PM,Saturday,Don Mills Stn,Investigation,17,34,E,1810
2015/06/20,29,8:15:00 PM,Saturday,Samour And Dufferin,Mechanical,1,1,SB,8213
2015/06/20,25,8:25:00 PM,Saturday,Don Mills station,Utilized Off Route,8,16,SB,7662
2015/06/20,52,8:30:00 PM,Saturday,Lawrence Ave W at Jane St,Mechanical,22,44,e,1664
2015/06/20,26,8:34:00 PM,Saturday,Jane Station,Mechanical,48,72,e,1573
2015/06/20,86,8:38:00 PM,Saturday,Sheppard Loop,Mechanical,10,20,SB,7427
2015/06/20,100,8:39:00 PM,Saturday,Mt. Plasant and Forman Ave,Mechanical,9,18,WB,7647
2015/06/20,196,9:00:00 PM,Saturday,Downsview STN,Utilized Off Route,10,20,NB,8360
2015/06/20,172,9:00:00 PM,Saturday,Cherry and Lakeshore,Diversion,40,62,b/w,7718
2015/06/20,29,9:00:00 PM,Saturday,CNE Loop,General Delay,12,19,BW,
2015/06/20,190,9:03:00 PM,Saturday,Sheppard and HWY 404,Investigation,9,19,WB,7552
2015/06/20,191,9:14:00 PM,Saturday,finch and 27,Mechanical,20,40,b/w,8406
2015/06/20,96,9:45:00 PM,Saturday,wilson stn,Mechanical,14,28,e/b,1378
2015/06/20,92,9:49:00 PM,Saturday,Ashbridges Bay,Mechanical,8,16,N,7740
2015/06/20,45,9:49:00 PM,Saturday,Kipling Stn,Mechanical,10,20,N/B,8098
2015/06/20,41,10:00:00 PM,Saturday,Keele St. and Eglinton Ave. West,Mechanical,18,36,S,1643
2015/06/20,63,10:16:00 PM,Saturday,Ossington Ave. and Queen St. West,Investigation,10,20,S,1065
2015/06/20,67,10:20:00 PM,Saturday,Pharmacy and Teasdale,Diversion,90,114,BW,
2015/06/20,85,10:42:00 PM,Saturday,Meadowvale Loop,Utilized Off Route,12,24,WB,1806
2015/06/20,86,10:45:00 PM,Saturday,Kennedy Station,Utilized Off Route,1,1,EB,7668
2015/06/20,111,10:50:00 PM,Saturday,Willowridge/Richgrove,Mechanical,20,40,S/B,7315
2015/06/20,116,10:50:00 PM,Saturday,Kennedy station,Utilized Off Route,1,1,EB,7672
2015/06/20,116,11:00:00 PM,Saturday,Kennedy Station,Mechanical,10,20,EB,7539
2015/06/20,192,11:05:00 PM,Saturday,HWY 427/HWY 401,Diversion,10,20,S/B,8061
2015/06/20,45,11:09:00 PM,Saturday,Kipling Stn,Utilized Off Route,10,20,N/B,7971
2015/06/20,24,11:11:00 PM,Saturday,victoria Park station,Utilized Off Route,10,20,n,7726
2015/06/20,60,11:33:00 PM,Saturday,york u commoms,Mechanical,12,24,e/b,1512
2015/06/20,54,11:35:00 PM,Saturday,Lawrance RT station,Mechanical,10,20,WB,7557
2015/06/20,35,11:50:00 PM,Saturday,jane and pitika,Investigation,6,12,n/b,1363
2015/06/20,65,11:55:00 PM,Saturday,Parliament south of Wellsley,Diversion,65,95,n,7854
2015/06/21,32,12:05:00 AM,Sunday,Eglinton Ave. West and Eden Valley Rd.,Mechanical,14,28,E,1621
2015/06/21,100,12:08:00 AM,Sunday,Wynford and Eglinton,Mechanical,10,20,SB,7483
2015/06/21,39,2:00:00 AM,Sunday,Finch Stn,Mechanical,10,20,E/B,1328
2015/06/21,32,5:00:00 AM,Sunday,Caledonia to Oakwood,Diversion,999,999,b/w,1614
2015/06/21,300,5:09:00 AM,Sunday,Dundas West on Bloor Street,Emergency Services,30,60,WB,7972
2015/06/21,161,6:01:00 AM,Sunday,Garage / Ossington stn,Late Leaving Garage,20,40,w,1244
2015/06/21,29,6:05:00 AM,Sunday,Wilson Stn,Late Leaving Garage,8,18,s,9419
2015/06/21,90,6:25:00 AM,Sunday,StCl West Stn,Mechanical,5,10,n,8140
2015/06/21,42,6:41:00 AM,Sunday,Finch Stn,Late Leaving Garage,0,6,e,8317
2015/06/21,11,6:42:00 AM,Sunday,Lawrence Stn,Mechanical,15,30,s,8308
2015/06/21,300,6:56:00 AM,Sunday,Danforth/Coxwell,Utilized Off Route,12,24,WB,8108
2015/06/21,39,7:05:00 AM,Sunday,Neilson - Crowtrail,Mechanical,10,20,W,1072
2015/06/21,53,7:09:00 AM,Sunday,Passmor - Markham,Late Leaving Garage,18,27,W,1397
2015/06/21,32,7:11:00 AM,Sunday,Eglinton stn,Late Leaving Garage,30,60,w,1529
2015/06/21,104,7:45:00 AM,Sunday,Wilson Stn,Late Leaving Garage,0,20,n,8175
2015/06/21,47,7:55:00 AM,Sunday,Garage / Yorkdale,Late Leaving Garage,20,40,w,1675
2015/06/21,192,8:13:00 AM,Sunday,Kipling Station,Late Leaving Garage,13,25,N,8011
2015/06/21,60,8:16:00 AM,Sunday,York U,Late Leaving Garage,20,40,,1286
2015/06/21,73,8:17:00 AM,Sunday,Claireport at Albion,Late Leaving Garage,30,57,S,8071
2015/06/21,116,8:20:00 AM,Sunday,Kennedy STN,Mechanical,7,15,EB,7537
2015/06/21,42,8:30:00 AM,Sunday,Kenedy Loop,Late Leaving Garage,15,30,w,8168
2015/06/21,5,8:30:00 AM,Sunday,University at Bloor,Diversion,141,161,s,
2015/06/21,192,8:33:00 AM,Sunday,Terminal 3,Investigation,13,23,S,8011
2015/06/21,94,8:39:00 AM,Sunday,Wellesley & Queens Park,Diversion,129,142,B/W,7830
2015/06/21,72,8:45:00 AM,Sunday,Pape Station,Late Leaving Garage,13,23,SB,7702
2015/06/21,78,8:45:00 AM,Sunday,Carluke,Late Leaving Garage,0,30,w,8158
2015/06/21,52,8:50:00 AM,Sunday,Lawrence W stn,Mechanical,20,40,w,1020
2015/06/21,52,8:50:00 AM,Sunday,Garage,Late Leaving Garage,12,24,w,1662
2015/06/21,23,8:51:00 AM,Sunday,Rexleigh at Stair,Diversion,296,306,E/b,7816
2015/06/21,63,9:02:00 AM,Sunday,843 Ossington,Mechanical,10,20,n,1413
2015/06/21,34,9:03:00 AM,Sunday,Kennedy STN,Mechanical,10,20,WB,7549
2015/06/21,75,9:09:00 AM,Sunday,Sherbourn and Bloor,Late Leaving Garage,20,40,n,8154
2015/06/21,76,9:16:00 AM,Sunday,Royal York Station,Late Leaving Garage,9,18,S,7343
2015/06/21,25,9:18:00 AM,Sunday,Victoria Park & St Clair,Utilized Off Route,8,16,NB,7618
2015/06/21,165,9:19:00 AM,Sunday,YKMS,Late Leaving Garage,10,20,W,1248
2015/06/21,92,9:23:00 AM,Sunday,Ashbridges bay Loop,Utilized Off Route,11,21,NB,7872
2015/06/21,102,9:32:00 AM,Sunday,Warden Stn,Utilized Off Route,12,24,N/B,8132
2015/06/21,36,9:45:00 AM,Sunday,Humberwood Loop,Mechanical,7,13,,1519
2015/06/21,52,9:50:00 AM,Sunday,Lawrence stn,Mechanical,20,40,w,1245
2015/06/21,196,10:08:00 AM,Sunday,Downsview Stn,Utilized Off Route,8,16,n,8314
2015/06/21,11,10:08:00 AM,Sunday,Davisville Stn,Mechanical,18,35,n,8308
2015/06/21,165,10:18:00 AM,Sunday,YKMS,Mechanical,10,20,W,1417
2015/06/21,37,10:26:00 AM,Sunday,Humberwood Loop,Mechanical,15,30,S,8077
2015/06/21,36,10:35:00 AM,Sunday,Finch and Arrow,Late Leaving Garage,4,9,,1389
2015/06/21,82,10:45:00 AM,Sunday,Crescent Rd at South Dr E.,Mechanical,20,40,e,8363
2015/06/21,168,11:06:00 AM,Sunday,Avon Loop,Late Leaving Garage,7,16,s/b,8054
2015/06/21,89,11:20:00 AM,Sunday,Weston and Lampton,Emergency Services,10,20,NB,1016
2015/06/21,68,11:24:00 AM,Sunday,Warden STN,Late Leaving Garage,18,28,NB,7531
2015/06/21,161,11:39:00 AM,Sunday,Lambton and Jane,Late Leaving Garage,15,30,s,1602
2015/06/21,116,11:41:00 AM,Sunday,Finch Aven.,Mechanical,8,16,S/B,7630
2015/06/21,196,11:44:00 AM,Sunday,Downsviewe Stn,Mechanical,8,16,w,8314
2015/06/21,196,11:53:00 AM,Sunday,Downsview Stn,Mechanical,8,16,w,8143
2015/06/21,29,11:56:00 AM,Sunday,Wilson Stn,Mechanical,3,7,w,9449
2015/06/21,54,12:20:00 PM,Sunday,Lawrence & kingston Rd,Mechanical,16,32,EB,7471
2015/06/21,112,12:54:00 PM,Sunday,West Mall at Wellesworth,Diversion,20,48,nb,8020
2015/06/21,43,12:58:00 PM,Sunday,Kennedy/Lawerence,Mechanical,8,16,S/B,7443
2015/06/21,60,1:00:00 PM,Sunday,Entire route,General Delay,15,30,B/W,
2015/06/21,32,1:00:00 PM,Sunday,Entire route,General Delay,40,10,B/W,
2015/06/21,191,1:00:00 PM,Sunday,Entire route,General Delay,10,20,B/W,
2015/06/21,46,1:00:00 PM,Sunday,Entire route,General Delay,10,20,B/W,
2015/06/21,36,1:00:00 PM,Sunday,Entire route,General Delay,15,30,B/W,
2015/06/21,29,1:00:00 PM,Sunday,Dufferin and Tycos.,Mechanical,4,8,w,8330
2015/06/21,29,1:02:00 PM,Sunday,Wilson Stn,Mechanical,3,7,w,9429
2015/06/21,40,1:05:00 PM,Sunday,Entire Route,General Delay,15,30,B/W,8028
2015/06/21,171,1:15:00 PM,Sunday,Trethewey and Tod Baylis,Diversion,220,200,WB,
2015/06/21,32,1:15:00 PM,Sunday,trethewey and Todd Baylis,Diversion,211,11,BW,
2015/06/21,36,1:25:00 PM,Sunday,Jane and Finch,Mechanical,5,10,E,1415
2015/06/21,47,2:00:00 PM,Sunday,Lansdowne and Bloor,Mechanical,18,37,NB,1674
2015/06/21,116,2:00:00 PM,Sunday,116 MorningSide Route,General Delay,8,16,B/W,
2015/06/21,86,2:00:00 PM,Sunday,86 Scarborough Route,General Delay,8,16,B/W,
2015/06/21,32,2:02:00 PM,Sunday,Eglinton West station,Mechanical,11,20,E/B,1025
2015/06/21,106,2:20:00 PM,Sunday,Downsview Stn,Mechanical,10,20,w,8162
2015/06/21,8,2:22:00 PM,Sunday,Plains Rd at Coxwell,Investigation,15,30,W/B,7756
2015/06/21,74,2:30:00 PM,Sunday,Mt. Pleasant Loop,Diversion,15,45,sb,8353
2015/06/21,22,2:34:00 PM,Sunday,Coxwell Stn,Utilized Off Route,10,20,S/B,7833
2015/06/21,102,2:40:00 PM,Sunday,Warden Stn,Utilized Off Route,10,20,E/B,8132
2015/06/21,69,2:43:00 PM,Sunday,Birchmount and St Clair,Mechanical,20,40,SB,7736
2015/06/21,42,2:45:00 PM,Sunday,Finch Station,Mechanical,15,30,eb,8139
2015/06/21,29,2:48:00 PM,Sunday,Cne loop,Mechanical,3,7,w,8183
2015/06/21,29,2:59:00 PM,Sunday,Wilson Stn,Mechanical,4,8,w,8349
2015/06/21,25,3:00:00 PM,Sunday,Donmills/Eglinton,Mechanical,6,12,N/B,7412
2015/06/21,60,3:15:00 PM,Sunday,Yonge and Steeles,Mechanical,12,24,W,1254
2015/06/21,29,3:17:00 PM,Sunday,Wilson Stn,Mechanical,4,7,s,8175
2015/06/21,191,3:45:00 PM,Sunday,Martin Grove and Steeles,Mechanical,10,20,S,7951
2015/06/21,115,3:55:00 PM,Sunday,Bannatyne and Silvergrove.,Mechanical,30,60,w,8372
2015/06/21,12,4:02:00 PM,Sunday,Birchmount and Danforth,Investigation,17,34,EB,7805
2015/06/21,102,4:27:00 PM,Sunday,Dynamic and Nashdene,Mechanical,11,21,SB,8122
2015/06/21,32,4:47:00 PM,Sunday,Eglinton and caledonia,Investigation,11,22,W/B,1510
2015/06/21,172,4:48:00 PM,Sunday,Logan and Lakeshore,Mechanical,10,20,NB,7723
2015/06/21,32,5:23:00 PM,Sunday,Trethewey dr. and Paulson rd.,Mechanical,11,22,W/B,1409
2015/06/21,29,5:45:00 PM,Sunday,Wilson STN,Utilized Off Route,4,8,SB,8317
2015/06/21,24,5:46:00 PM,Sunday,Victoria Pk & crescent Rd,Mechanical,8,16,SB,8129
2015/06/21,91,5:48:00 PM,Sunday,Underhill,Mechanical,22,44,n,7850
2015/06/21,25,6:00:00 PM,Sunday,25-DonMills Route,General Delay,14,24,BW,
2015/06/21,116,6:00:00 PM,Sunday,116-Morningside Route,General Delay,12,22,BW,
2015/06/21,86,6:00:00 PM,Sunday,86-Scarborough Route,General Delay,12,22,BW,
2015/06/21,68,6:20:00 PM,Sunday,Warden STN,Utilized Off Route,10,20,WB,7528
2015/06/21,165,6:30:00 PM,Sunday,Finch and Weston rd.,Mechanical,10,20,w/b,1255
2015/06/21,25,7:06:00 PM,Sunday,DonMills and Eglinton,Mechanical,7,14,NB,7635
2015/06/21,7,9:10:00 PM,Sunday,Bathurst & hillcrest,Mechanical,9,18,SB,8200
2015/06/21,168,11:30:00 PM,Sunday,Rogers Rd/Keele St.,Diversion,12,24,s/b,8054
2015/06/21,52,11:50:00 PM,Sunday,lawrence west stn,Mechanical,18,36,w/b,1629
2015/06/22,29,12:30:00 AM,Monday,Dufferin & Shanley,Mechanical,10,20,NB,8370
2015/06/22,116,12:30:00 AM,Monday,Morningside and Milner,Investigation,10,20,NB,7630
2015/06/22,29,1:00:00 AM,Monday,Wilson STN,Mechanical,10,20,SB,8370
2015/06/22,116,1:14:00 AM,Monday,Guildwood and Livingston Rd,Mechanical,10,20,EB,7435
2015/06/22,35,4:40:00 AM,Monday,HULL,Late Leaving Garage,10,25,S,1687
2015/06/22,57,4:50:00 AM,Monday,Kennedy Station,Late Leaving Garage,0,29,NB,7763
2015/06/22,36,4:53:00 AM,Monday,Finch/Arrow,Late Leaving Garage,23,1,W,9118
2015/06/22,34,4:56:00 AM,Monday,Eglinton Yard,Late Leaving Garage,13,26,WB,7656
2015/06/22,54,4:58:00 AM,Monday,Eglinton yard,Late Leaving Garage,1,1,n,7625
2015/06/22,25,5:00:00 AM,Monday,EGLINTON YARD,Late Leaving Garage,1,1,S,7605
2015/06/22,25,5:01:00 AM,Monday,FreshMeadow and Don Mills,Late Leaving Garage,0,30,n,7642
2015/06/22,100,5:02:00 AM,Monday,Eglinton Yard,Late Leaving Garage,20,40,,7439
2015/06/22,94,5:04:00 AM,Monday,Harbord and St George to Queens Park Circle,Diversion,999,999,BW,
2015/06/22,46,5:10:00 AM,Monday,KPSN,Late Leaving Garage,25,49,N,1288
2015/06/22,224,5:11:00 AM,Monday,Eglin Yard,Late Leaving Garage,1,1,N,7673
2015/06/22,224,5:11:00 AM,Monday,Eglinton Yard,Mechanical,1,1,N,7607
2015/06/22,25,5:14:00 AM,Monday,Pape Stn,Late Leaving Garage,1,1,N/B,10
2015/06/22,25,5:36:00 AM,Monday,egl yard,Late Leaving Garage,1,1,n,7666
2015/06/22,38,5:38:00 AM,Monday,Rouge Hill GO,Late Leaving Garage,3,14,W,1135
2015/06/22,87,5:45:00 AM,Monday,Main Stn,Utilized Off Route,6,12,W/b,7856
2015/06/22,110,5:45:00 AM,Monday,"On Islington, at Evans",Late Leaving Garage,11,21,N,7340
2015/06/22,25,5:50:00 AM,Monday,Eglinton Garage,Late Leaving Garage,5,10,s,7532
2015/06/22,116,5:54:00 AM,Monday,Morningside & Nighstar,Late Leaving Garage,6,13,S,7490
2015/06/22,47,5:55:00 AM,Monday,MT. DENNIS,Late Leaving Garage,9,18,down,1613
2015/06/22,39,5:57:00 AM,Monday,Baldoon - Finch,Late Leaving Garage,7,11,E,1752
2015/06/22,85,5:58:00 AM,Monday,Meadowvale loop,Late Leaving Garage,6,15,W,9068
2015/06/22,47,6:01:00 AM,Monday,MT. DENNIS DIV,Late Leaving Garage,9,18,down,1575
2015/06/22,63,6:03:00 AM,Monday,MT. DENNIS DIV,Late Leaving Garage,4,8,down,1006
2015/06/22,32,6:05:00 AM,Monday,Eglinton stn,Late Leaving Garage,5,10,w/b,1531
2015/06/22,52,6:06:00 AM,Monday,Royal york,Late Leaving Garage,3,7,e,1652
2015/06/22,139,6:07:00 AM,Monday,Baldoon - Finch,Mechanical,20,40,E,1132
2015/06/22,32,6:07:00 AM,Monday,Skymark,Late Leaving Garage,6,11,e/b,1579
2015/06/22,52,6:09:00 AM,Monday,Ter 3,Late Leaving Garage,7,21,e,1019
2015/06/22,191,6:09:00 AM,Monday,Martin grove and Royalcrest,Late Leaving Garage,5,11,N,7947
2015/06/22,116,6:11:00 AM,Monday,kennedy station,Utilized Off Route,6,12,e,7523
2015/06/22,32,6:15:00 AM,Monday,Eglinton stn,Late Leaving Garage,5,11,w/b,1017
2015/06/22,43,6:15:00 AM,Monday,Eglinton Yard,Late Leaving Garage,10,20,NB,7596
2015/06/22,191,6:19:00 AM,Monday,Martin grove and Royalcrest,Late Leaving Garage,4,9,N,7947
2015/06/22,106,6:19:00 AM,Monday,York University commons,Mechanical,10,20,n,9419
2015/06/22,95,6:20:00 AM,Monday,Scarboro College U of T,Mechanical,10,20,W,1079
2015/06/22,52,6:20:00 AM,Monday,Royal york,Late Leaving Garage,3,7,e,1018
2015/06/22,199,6:20:00 AM,Monday,Scar Town Centre Station,Late Leaving Garage,2,5,W,1737
2015/06/22,85,6:20:00 AM,Monday,Meadowvale loop,Late Leaving Garage,5,10,W,9087
2015/06/22,73,6:23:00 AM,Monday,"On Royal York, at Anglessey",Mechanical,15,30,S,8025
2015/06/22,85,6:25:00 AM,Monday,Don Mills station,Mechanical,11,23,E,9074
2015/06/22,63,6:32:00 AM,Monday,MT DENNIS,Late Leaving Garage,4,8,down,1045
2015/06/22,46,6:34:00 AM,Monday,Steeles and Martin grove,Late Leaving Garage,10,20,S,1311
2015/06/22,32,6:34:00 AM,Monday,Eglinton stn,Late Leaving Garage,5,11,w/b,1539
2015/06/22,195,6:36:00 AM,Monday,Steeles,Late Leaving Garage,12,24,S,1375
2015/06/22,53,6:39:00 AM,Monday,Passmore and Markham,Mechanical,11,25,w,9071
2015/06/22,78,6:40:00 AM,Monday,Yorkmills tn,Late Leaving Garage,10,20,e/b,8347
2015/06/22,165,6:45:00 AM,Monday,Barmac,Mechanical,14,28,S,7212
2015/06/22,191,6:50:00 AM,Monday,Martin grove and Royalcrest,Mechanical,4,9,S,7951
2015/06/22,32,6:54:00 AM,Monday,Eglinton stn,Late Leaving Garage,6,11,w/b,1543
2015/06/22,36,6:56:00 AM,Monday,Finch station 36D,Late Leaving Garage,11,23,W,1349
2015/06/22,46,6:58:00 AM,Monday,Jeffcoat and Martin grove,Mechanical,10,20,S,1390
2015/06/22,35,7:00:00 AM,Monday,Jane Street,General Delay,8,16,B/W,
2015/06/22,195,7:00:00 AM,Monday,Jane street,General Delay,12,28,B/W,
2015/06/22,172,7:00:00 AM,Monday,Esplanade -Federick to Princess,Diversion,999,999,B/W,7738
2015/06/22,98,7:00:00 AM,Monday,Yonge & Steeles Bus Loop,Diversion,1,1,N/B,
2015/06/22,86,7:10:00 AM,Monday,Kennedy Stn,Utilized Off Route,8,13,E,7405
2015/06/22,59,7:10:00 AM,Monday,CHURCH AND GEORGE,Diversion,11,22,S/B,1214
2015/06/22,5,7:12:00 AM,Monday,Eglinton stn,Mechanical,12,24,s/b,8152
2015/06/22,53,7:17:00 AM,Monday,Finch Station,Mechanical,12,24,e,9093
2015/06/22,95,7:17:00 AM,Monday,Ellesmere/Markham,Diversion,48,58,EB,1149
2015/06/22,42,7:20:00 AM,Monday,Finch Stn,Late Leaving Garage,6,12,E/B,8326
2015/06/22,95,7:25:00 AM,Monday,Ellesmere/Markham,Mechanical,10,20,EB,1149
2015/06/22,51,7:40:00 AM,Monday,Eglinton and Bayview,Mechanical,16,36,e/b,8200
2015/06/22,36,8:00:00 AM,Monday,Finch West route,General Delay,14,20,B,
2015/06/22,60,8:00:00 AM,Monday,Dufferin to Keele,General Delay,11,22,b/w,1297
2015/06/22,191,8:00:00 AM,Monday,191 HWY rocket,General Delay,12,18,B,
2015/06/22,41,8:01:00 AM,Monday,Keele and Wilson,Investigation,11,23,SB,9147
2015/06/22,122,8:15:00 AM,Monday,Yorkmills stn and Bayview,Utilized Off Route,12,24,e/b,8376
2015/06/22,43,8:22:00 AM,Monday,Kennedy STN,Mechanical,10,20,SB,7470
2015/06/22,73,8:23:00 AM,Monday,Royal York Station,Late Leaving Garage,17,32,N,8052
2015/06/22,141,8:35:00 AM,Monday,Redpath and Eglinton,Utilized Off Route,30,60,s/b,1062
2015/06/22,32,8:35:00 AM,Monday,Eglinton stn,Utilized Off Route,5,11,w/b,1033
2015/06/22,87,8:37:00 AM,Monday,Broadview Stn,Utilized Off Route,10,20,EB,7823
2015/06/22,24,8:37:00 AM,Monday,Victoria Park Stn,Utilized Off Route,7,15,NB,7741
2015/06/22,165,8:50:00 AM,Monday,Finch,Mechanical,10,20,N,7224
2015/06/22,773,8:54:00 AM,Monday,Eglintont stn,Investigation,1,1,e/b,1662
2015/06/22,66,8:58:00 AM,Monday,Old Mill Station,Mechanical,14,28,S,8098
2015/06/22,103,9:20:00 AM,Monday,Eglinton stn,Mechanical,20,40,n/b,8154
2015/06/22,32,9:20:00 AM,Monday,Eglinton and Weston,Late Leaving Garage,6,11,w/b,1253
2015/06/22,11,9:35:00 AM,Monday,Davisville stn,Utilized Off Route,12,24,n/b,8199
2015/06/22,196,9:53:00 AM,Monday,Downsview Stn,Mechanical,7,13,e,8364
2015/06/22,32,9:56:00 AM,Monday,Eglinton and Dufferin,Mechanical,6,11,e/b,1010
2015/06/22,32,10:02:00 AM,Monday,Eglinton and Weston,Mechanical,13,26,e/b,1244
2015/06/22,53,10:05:00 AM,Monday,Steeles and Middlefield,Mechanical,6,12,w,1101
2015/06/22,63,10:16:00 AM,Monday,Eglinton west station,Mechanical,8,15,S,1674
2015/06/22,112,10:20:00 AM,Monday,KIPLING STATION,Investigation,10,40,N,7303
2015/06/22,129,10:32:00 AM,Monday,McCowan & Triton,Mechanical,7,14,N,1137
2015/06/22,85,10:39:00 AM,Monday,Don Mills station,Mechanical,23,46,E,9074
2015/06/22,196,10:52:00 AM,Monday,Downsview Stn,Mechanical,7,13,e,9448
2015/06/22,63,10:53:00 AM,Monday,Oakwood and Rogers,Mechanical,7,15,S,1013
2015/06/22,85,11:02:00 AM,Monday,York Mills Road & Chipstead,Mechanical,15,30,WB,1736
2015/06/22,131,11:16:00 AM,Monday,Morningview Trail & Old Finch,Mechanical,13,26,WB,1768
2015/06/22,196,11:23:00 AM,Monday,Downsview Stn,Utilized Off Route,3,7,w,8150
2015/06/22,90,11:30:00 AM,Monday,Vaughan at Maplewood,Mechanical,8,16,s,9423
2015/06/22,107,11:40:00 AM,Monday,Keele and McNaughton,Diversion,32,64,n,8168
2015/06/22,54,11:48:00 AM,Monday,Meadowvale/Lawerence,Mechanical,12,24,E/B,7562
2015/06/22,53,11:57:00 AM,Monday,Steeles and Bayview,Mechanical,2,8,w,1282
2015/06/22,41,12:02:00 PM,Monday,Keele Station,Mechanical,9,18,NB,9149
2015/06/22,63,12:15:00 PM,Monday,Eglinton and Marlee,Investigation,8,15,S/B,1411
2015/06/22,95,12:22:00 PM,Monday,York Mills Road/Harrison Road,Mechanical,5,10,EB,1402
2015/06/22,190,12:30:00 PM,Monday,190  Scarborough Route,General Delay,10,20,B/w,
2015/06/22,45,12:30:00 PM,Monday,Entire route,General Delay,25,14,bw,
2015/06/22,60,12:36:00 PM,Monday,Finch Station,Utilized Off Route,10,1,W,1295
2015/06/22,46,1:00:00 PM,Monday,Entire route,General Delay,15,30,B/W,
2015/06/22,36,1:00:00 PM,Monday,Entire route,General Delay,15,30,B/W,
2015/06/22,191,1:00:00 PM,Monday,Entire route,General Delay,15,30,B/W,
2015/06/22,7,1:28:00 PM,Monday,Lawrence,Mechanical,9,18,s,9015
2015/06/22,14,1:31:00 PM,Monday,Glencairn & Caledonia,Mechanical,8,32,E,1408
2015/06/22,29,1:46:00 PM,Monday,King st.,Utilized Off Route,5,9,n,9054
2015/06/22,24,1:54:00 PM,Monday,VP at Innismore,Mechanical,10,20,n,7808
2015/06/22,7,1:55:00 PM,Monday,St Clair,Mechanical,9,18,n,9005
2015/06/22,89,2:00:00 PM,Monday,Entire Route,General Delay,25,32,B/W,
2015/06/22,41,2:00:00 PM,Monday,Entire Route,General Delay,25,35,B/W,
2015/06/22,85,2:10:00 PM,Monday,Warden Ave,Mechanical,7,14,EB,9083
2015/06/22,34,2:26:00 PM,Monday,Eglinton Ave & Lebovic,Late Leaving Garage,4,7,WB,7457
2015/06/22,16,2:30:00 PM,Monday,McCowan Route,General Delay,14,1,B/w,
2015/06/22,47,2:30:00 PM,Monday,Route 47,General Delay,15,25,BW,
2015/06/22,46,2:33:00 PM,Monday,Kipling Station,Late Leaving Garage,11,22,N,1363
2015/06/22,25,2:37:00 PM,Monday,Don Mills Station,Mechanical,3,6,SB,7642
2015/06/22,224,2:37:00 PM,Monday,Don Mills Statioin,Mechanical,10,20,EB,7555
2015/06/22,123,2:39:00 PM,Monday,KIPLING STN,Utilized Off Route,24,48,sb,8043
2015/06/22,79,2:41:00 PM,Monday,Mt Dennis garage POD Runnymede stn,Mechanical,6,12,N,1606
2015/06/22,60,2:42:00 PM,Monday,York U / Commons,Late Leaving Garage,3,12,E,1258
2015/06/22,52,2:50:00 PM,Monday,lawrence west stn,Late Leaving Garage,13,26,w/b,1651
2015/06/22,60,2:50:00 PM,Monday,Finch Station,Mechanical,7,14,W,1337
2015/06/22,123,2:52:00 PM,Monday,KIPLING STN,Mechanical,1,1,SB,8039
2015/06/22,36,2:57:00 PM,Monday,Finch Station,Late Leaving Garage,25,50,W,9134
2015/06/22,24,2:57:00 PM,Monday,VP at Elvaston,Investigation,5,10,s,8102
2015/06/22,17,3:00:00 PM,Monday,Birchmount Route,General Delay,11,0,B/w,
2015/06/22,102,3:00:00 PM,Monday,Markham  Road Route,General Delay,15,1,B/w,
2015/06/22,79,3:00:00 PM,Monday,Route 79,General Delay,15,20,BW,
2015/06/22,108,3:00:00 PM,Monday,Entire 108 Downsview Route,General Delay,10,20,B/W,
2015/06/22,60,3:00:00 PM,Monday,Entire 60 Steeles West Route,General Delay,15,30,BW,
2015/06/22,9,3:00:00 PM,Monday,Bellamy Route,General Delay,10,1,B/w,
2015/06/22,90,3:02:00 PM,Monday,St Clair wstn,Utilized Off Route,8,16,n,8145
2015/06/22,129,3:02:00 PM,Monday,Scarboro Town Centre,Late Leaving Garage,5,10,N,9065
2015/06/22,63,3:04:00 PM,Monday,King and East Liberty,Utilized Off Route,5,10,N/B,1056
2015/06/22,29,3:07:00 PM,Monday,Springhurst loop,Utilized Off Route,5,10,N,9034
2015/06/22,75,3:08:00 PM,Monday,Lower Jarvis / Front,Diversion,32,41,n,8193
2015/06/22,123,3:09:00 PM,Monday,ENTIRE ROUTE,General Delay,10,32,bw,
2015/06/22,54,3:10:00 PM,Monday,Lawrence RT Station,Mechanical,13,26,EB,7409
2015/06/22,47,3:13:00 PM,Monday,Queen & Lansdowne,Utilized Off Route,7,14,N,1575
2015/06/22,6,3:15:00 PM,Monday,Davenport and Yonge,Late Leaving Garage,11,22,S/B,1002
2015/06/22,63,3:18:00 PM,Monday,Eglinton west station,Late Leaving Garage,5,10,S/B,1041
2015/06/22,24,3:20:00 PM,Monday,VP Stn.,Late Leaving Garage,16,39,n,7717
2015/06/22,60,3:26:00 PM,Monday,Signal Hill and Steeles Ave West,Late Leaving Garage,7,14,E,7232
2015/06/22,191,3:27:00 PM,Monday,Kipling Station,Late Leaving Garage,6,11,N,7947
2015/06/22,84,3:28:00 PM,Monday,Sheppard and Easton Rd,Mechanical,6,12,E/b,1354
2015/06/22,44,3:28:00 PM,Monday,Colonel Sam Smith Loop,Mechanical,6,11,nb,7960
2015/06/22,89,3:28:00 PM,Monday,Keele Station,Late Leaving Garage,7,14,NB,1611
2015/06/22,191,3:28:00 PM,Monday,Kipling Station,Investigation,6,11,N,7947
2015/06/22,191,3:29:00 PM,Monday,Ramp from Hwy# 27 to Hwy # 427 south of Eglinton,Mechanical,6,12,S,1545
2015/06/22,191,3:29:00 PM,Monday,Humber College and Humber Line,Mechanical,5,11,S,7901
2015/06/22,76,3:32:00 PM,Monday,Mimico at Lakeshore,Mechanical,6,12,N,7937
2015/06/22,165,3:32:00 PM,Monday,Barmac and Steeles,Mechanical,9,15,,1388
2015/06/22,24,3:33:00 PM,Monday,VP at Steeles,Investigation,8,16,n,7833
2015/06/22,32,3:40:00 PM,Monday,Eglinton west station,Mechanical,8,16,w/b,1510
2015/06/22,37,3:40:00 PM,Monday,ISLINGTON STN,Mechanical,10,20,nb,7941
2015/06/22,196,3:42:00 PM,Monday,Downsview Stn,Utilized Off Route,5,9,w,8379
2015/06/22,89,3:43:00 PM,Monday,Jane and Weston,Investigation,8,15,NB,1049
2015/06/22,89,3:48:00 PM,Monday,Weston Rd and Jane St,Investigation,8,16,N,1049
2015/06/22,53,3:55:00 PM,Monday,Finch Station,Utilized Off Route,5,10,E,1806
2015/06/22,106,3:55:00 PM,Monday,Downsview Stn,Mechanical,11,22,w,8135
2015/06/22,39,3:57:00 PM,Monday,Finch Stn,Utilized Off Route,11,22,W/B,1807
2015/06/22,95,3:58:00 PM,Monday,York Mills Stn,Utilized Off Route,10,20,e/B,1072
2015/06/22,780,4:00:00 PM,Monday,kennedy stn,Utilized Off Route,1,1,e,7611
2015/06/22,35,4:00:00 PM,Monday,Jane Stn,Utilized Off Route,5,10,S/b,1000
2015/06/22,52,4:00:00 PM,Monday,lawrence stn,Late Leaving Garage,7,14,w/b,1585
2015/06/22,85,4:00:00 PM,Monday,Don Mills station,Utilized Off Route,12,24,N/A,9058
2015/06/22,76,4:00:00 PM,Monday,Royal York Station,Utilized Off Route,6,12,S,8060
2015/06/22,199,4:00:00 PM,Monday,Finch Stn,Mechanical,5,10,W/B,1120
2015/06/22,25,4:01:00 PM,Monday,Pape Station,Utilized Off Route,3,6,NB,7597
2015/06/22,84,4:02:00 PM,Monday,Downsview Station,Mechanical,6,12,W,1214
2015/06/22,11,4:02:00 PM,Monday,Belsize and Bayview,Utilized Off Route,10,20,w,8354
2015/06/22,801,4:04:00 PM,Monday,Springhurst loop,Utilized Off Route,5,10,N,8314
2015/06/22,199,4:04:00 PM,Monday,Seneca Hill Drive,Mechanical,5,10,W/B,1078
2015/06/22,801,4:04:00 PM,Monday,Wilson Stn,Utilized Off Route,5,10,S,9004
2015/06/22,780,4:05:00 PM,Monday,Eglinton Station,Utilized Off Route,1,1,EB,7624
2015/06/22,771,4:05:00 PM,Monday,,Utilized Off Route,1,1,s,8168
2015/06/22,52,4:05:00 PM,Monday,mt dennis garage,Utilized Off Route,13,26,w/b,1016
2015/06/22,29,4:05:00 PM,Monday,Ossington and Queen,Utilized Off Route,5,10,N,9034
2015/06/22,771,4:05:00 PM,Monday,Downsview Stn,Utilized Off Route,1,1,s,9443
2015/06/22,709,4:05:00 PM,Monday,Eglinton West Station,Utilized Off Route,1,1,w/b,1656
2015/06/22,709,4:05:00 PM,Monday,Eglinton west station,Utilized Off Route,1,1,w/b,1011
2015/06/22,32,4:05:00 PM,Monday,Explorer and Skymark,Utilized Off Route,8,16,E/B,1224
2015/06/22,46,4:06:00 PM,Monday,Kipling Station,Utilized Off Route,11,22,N,1323
2015/06/22,89,4:07:00 PM,Monday,Keele Station,Utilized Off Route,8,15,n/B,1502
2015/06/22,34,4:08:00 PM,Monday,Eglinton Station,Utilized Off Route,4,8,EB,7616
2015/06/22,95,4:08:00 PM,Monday,York Mills Stn,Utilized Off Route,10,20,E/B,1076
2015/06/22,39,4:08:00 PM,Monday,Finch Stn,Utilized Off Route,11,22,W/B,1788
2015/06/22,90,4:08:00 PM,Monday,St Clair wstn,Utilized Off Route,8,16,n,8145
2015/06/22,41,4:10:00 PM,Monday,Keele Station,Utilized Off Route,15,31,n/B,1539
2015/06/22,72,4:10:00 PM,Monday,PAPE STATION,Utilized Off Route,8,16,W,7806
2015/06/22,37,4:10:00 PM,Monday,ISLINGTON STN,Utilized Off Route,10,20,NB,8082
2015/06/22,59,4:10:00 PM,Monday,Ingram and Keele,Mechanical,11,22,W,1682
2015/06/22,44,4:11:00 PM,Monday,Kipling Station,Utilized Off Route,6,11,S,7339
2015/06/22,63,4:11:00 PM,Monday,Ossington station,Utilized Off Route,5,10,S/B,1006
2015/06/22,168,4:11:00 PM,Monday,Dundas West Station,Utilized Off Route,8,15,N,7909
2015/06/22,100,4:11:00 PM,Monday,Broadview Station,Utilized Off Route,16,33,NB,7475
2015/06/22,191,4:14:00 PM,Monday,Kipling Station,Utilized Off Route,5,10,N,7914
2015/06/22,87,4:14:00 PM,Monday,Broadview Station,Utilized Off Route,6,12,W,7856
2015/06/22,89,4:14:00 PM,Monday,Keele and Dundas,Investigation,7,14,SB,1647
2015/06/22,57,4:16:00 PM,Monday,KENNEDY STATION,Utilized Off Route,8,16,N,7734
2015/06/22,195,4:17:00 PM,Monday,Jane Stn,Utilized Off Route,12,24,S/b,1394
2015/06/22,191,4:17:00 PM,Monday,Kipling Station,Utilized Off Route,5,11,N,1576
2015/06/22,102,4:17:00 PM,Monday,WARDEN STATION,Utilized Off Route,11,22,N,7705
2015/06/22,70,4:18:00 PM,Monday,Coxwell Station,Utilized Off Route,17,34,NB,7584
2015/06/22,81,4:18:00 PM,Monday,Pape Station,Utilized Off Route,8,16,N,7777
2015/06/22,54,4:19:00 PM,Monday,Eglinton Station,Utilized Off Route,11,21,EB,7518
2015/06/22,53,4:20:00 PM,Monday,Finch Station,Utilized Off Route,5,10,E,1095
2015/06/22,35,4:20:00 PM,Monday,Jane Stn,Utilized Off Route,7,14,S/b,1065
2015/06/22,25,4:23:00 PM,Monday,Pape Station,Utilized Off Route,3,6,NB,7532
2015/06/22,37,4:23:00 PM,Monday,ISLINGTON STN,Utilized Off Route,19,36,nb,8050
2015/06/22,196,4:25:00 PM,Monday,downsview Stn,Mechanical,4,8,w,8212
2015/06/22,35,4:30:00 PM,Monday,Jane Stn,Utilized Off Route,5,10,S/b,1311
2015/06/22,126,4:31:00 PM,Monday,christie and st clair,Investigation,15,30,s/b,1638
2015/06/22,172,4:36:00 PM,Monday,Carlaw and Commissioner,Utilized Off Route,10,20,N,7698
2015/06/22,39,4:40:00 PM,Monday,Tiffield and Finch,Mechanical,6,17,W/B,1067
2015/06/22,110,4:44:00 PM,Monday,Longbranch Loop,Utilized Off Route,24,48,N,7314
2015/06/22,63,4:45:00 PM,Monday,Ossington stn,Utilized Off Route,10,20,n/b,1644
2015/06/22,44,4:45:00 PM,Monday,Colonel sam smith Loop,Utilized Off Route,5,11,nb,7960
2015/06/22,110,4:47:00 PM,Monday,ISLINGTON AND BIRMINGHAM,Mechanical,12,24,NB,8066
2015/06/22,801,4:50:00 PM,Monday,jane and Dupont,Utilized Off Route,5,10,S,9004
2015/06/22,105,4:52:00 PM,Monday,Downsview Stn,Mechanical,12,24,w,9436
2015/06/22,771,4:56:00 PM,Monday,Jane Station,Utilized Off Route,5,10,S,9443
2015/06/22,801,4:56:00 PM,Monday,Keele and Dupont,Utilized Off Route,5,10,s,9004
2015/06/22,168,5:00:00 PM,Monday,Dundas West Station to Avon Loop,General Delay,20,30,BW,
2015/06/22,41,5:00:00 PM,Monday,Keele Station,Mechanical,16,31,NB,1669
2015/06/22,196,5:03:00 PM,Monday,Downsview Stn,Mechanical,4,8,w,8367
2015/06/22,54,5:05:00 PM,Monday,Eglinton Station,Mechanical,10,21,EB,7610
2015/06/22,59,5:10:00 PM,Monday,Church St and George St,Diversion,205,235,E,1275
2015/06/22,85,5:21:00 PM,Monday,Markham and Finch,Mechanical,12,24,W/B,9076
2015/06/22,51,5:22:00 PM,Monday,Yonge and Berwick,Investigation,15,30,n,8307
2015/06/22,196,5:24:00 PM,Monday,Downsview Stn,Mechanical,5,9,w,9413
2015/06/22,25,5:39:00 PM,Monday,Lawrence / Don Mills,Mechanical,5,10,NB,7581
2015/06/22,45,5:40:00 PM,Monday,Kipling station,Mechanical,5,13,nb,7932
2015/06/22,85,5:41:00 PM,Monday,Don Mills Station,Utilized Off Route,7,14,N/A,9058
2015/06/22,95,5:43:00 PM,Monday,Ellesmere Stn,Utilized Off Route,10,20,W/B,1321
2015/06/22,54,5:45:00 PM,Monday,Eglinton Station,Utilized Off Route,11,21,EB,7518
2015/06/22,25,5:45:00 PM,Monday,Jane and Bloor,Utilized Off Route,3,6,WB,7597
2015/06/22,134,5:45:00 PM,Monday,Finchdene-Finchdene Sq,Mechanical,20,40,w,1097
2015/06/22,81,5:47:00 PM,Monday,Pape Stn,Utilized Off Route,7,14,N/B,8125
2015/06/22,11,5:48:00 PM,Monday,Avenue and Davenport,Utilized Off Route,10,20,w,8354
2015/06/22,196,5:48:00 PM,Monday,Downsview Stn,Utilized Off Route,9,18,w,8208
2015/06/22,199,5:49:00 PM,Monday,Finch Stn,Utilized Off Route,5,10,W/B,1086
2015/06/22,709,5:50:00 PM,Monday,Rogers and Weston,Utilized Off Route,1,1,E/B,1565
2015/06/22,801,5:50:00 PM,Monday,Wilson Station,Utilized Off Route,5,10,S,8334
2015/06/22,709,5:50:00 PM,Monday,Eglinton West Station,Utilized Off Route,1,1,E/B,1011
2015/06/22,165,5:52:00 PM,Monday,Yorkmills Stn,Utilized Off Route,1,1,,1286
2015/06/22,29,5:52:00 PM,Monday,Springhurst loop,Utilized Off Route,5,10,N,8348
2015/06/22,92,5:54:00 PM,Monday,Woodbine Stn,Utilized Off Route,7,14,S/B,7758
2015/06/22,96,5:55:00 PM,Monday,Yorkmills Stn,Utilized Off Route,1,1,,1375
2015/06/22,32,5:55:00 PM,Monday,Eglinton Station,Utilized Off Route,8,16,W/B,1645
2015/06/22,52,5:56:00 PM,Monday,jane and lawrence,Utilized Off Route,11,22,e/b,1518
2015/06/22,57,5:56:00 PM,Monday,Kennedy Stn,Utilized Off Route,8,16,N/B,7699
2015/06/22,6,5:57:00 PM,Monday,Bay and Front,Utilized Off Route,5,10,S/b,1063
2015/06/22,44,5:57:00 PM,Monday,Colonel Sam Smith Loop,Utilized Off Route,6,11,nb,8033
2015/06/22,16,5:57:00 PM,Monday,STC,Utilized Off Route,10,20,S/B,7811
2015/06/22,24,5:57:00 PM,Monday,Victoria Park Stn,Utilized Off Route,8,16,N/B,7857
2015/06/22,65,5:58:00 PM,Monday,Castle Frank Stn,Utilized Off Route,10,20,S/b,8101
2015/06/22,191,5:59:00 PM,Monday,Kipling Station,Late Leaving Garage,5,10,N,7921
2015/06/22,780,6:00:00 PM,Monday,kennedy stn,Utilized Off Route,1,1,e,7611
2015/06/22,41,6:00:00 PM,Monday,Keele Station,Utilized Off Route,15,31,N/B,1042
2015/06/22,35,6:00:00 PM,Monday,Langstaff,General Delay,10,20,N/b,1292
2015/06/22,801,6:01:00 PM,Monday,Springhurst loop,Utilized Off Route,5,10,N,9054
2015/06/22,53,6:02:00 PM,Monday,Finch Station,Utilized Off Route,8,16,E,9088
2015/06/22,88,6:02:00 PM,Monday,St Clair Station,Utilized Off Route,15,30,e,8217
2015/06/22,75,6:03:00 PM,Monday,Queen Quay,Utilized Off Route,8,16,n,8144
2015/06/22,168,6:03:00 PM,Monday,Dundas West Station,Utilized Off Route,7,15,N,7311
2015/06/22,195,6:03:00 PM,Monday,Steeles and Jane,General Delay,12,24,S/b,1680
2015/06/22,6,6:03:00 PM,Monday,Queensquay abd Bay,Utilized Off Route,5,10,N/B,1621
2015/06/22,60,6:04:00 PM,Monday,Finch Station,Utilized Off Route,14,28,W,1257
2015/06/22,102,6:04:00 PM,Monday,Warden Stn,Utilized Off Route,11,22,N/B,7709
2015/06/22,6,6:05:00 PM,Monday,Bay and Front,Utilized Off Route,5,10,N/B,1675
2015/06/22,76,6:08:00 PM,Monday,Lakeshore at Mimico,Utilized Off Route,6,12,N,8060
2015/06/22,63,6:09:00 PM,Monday,Shaw and King,Mechanical,5,10,N/B,1411
2015/06/22,165,6:10:00 PM,Monday,Yorkmills Stn,Utilized Off Route,1,1,,7204
2015/06/22,11,6:10:00 PM,Monday,Bayview and Steeles,Mechanical,15,30,s,8159
2015/06/22,771,6:10:00 PM,Monday,Queensway and Parkside,Utilized Off Route,1,1,E,9443
2015/06/22,84,6:12:00 PM,Monday,Downsview stn,General Delay,5,10,W/b,1706
2015/06/22,142,6:12:00 PM,Monday,Bombay Loop,Utilized Off Route,1,1,s,8175
2015/06/22,100,6:13:00 PM,Monday,Broadview Stn,Utilized Off Route,6,11,NB,7580
2015/06/22,45,6:14:00 PM,Monday,Kipling station,Utilized Off Route,4,12,nb,8032
2015/06/22,801,6:15:00 PM,Monday,Wilson Station,Utilized Off Route,5,10,S,8314
2015/06/22,88,6:17:00 PM,Monday,Wicksteed and Beth Nealson,Utilized Off Route,15,30,w,8161
2015/06/22,165,6:23:00 PM,Monday,Yorkmills Stn,Utilized Off Route,1,1,,1209
2015/06/22,54,6:25:00 PM,Monday,Eglinton yard,Utilized Off Route,10,21,EB,7651
2015/06/22,56,6:28:00 PM,Monday,Donlands station,Utilized Off Route,19,31,n,8375
2015/06/22,131,6:46:00 PM,Monday,McCowan at Sheppard,Mechanical,11,22,S/B,1744
2015/06/22,95,6:48:00 PM,Monday,York Mill Stn,Utilized Off Route,10,20,E/B,1076
2015/06/22,90,6:49:00 PM,Monday,Oakwood / Vaughn,Mechanical,6,12,n,9402
2015/06/22,161,6:53:00 PM,Monday,Weston Rd. and Rogers Rd.,Investigation,12,24,E,1051
2015/06/22,32,7:09:00 PM,Monday,Eglinton and Glenholme,Emergency Services,10,19,W/B,1578
2015/06/22,129,7:23:00 PM,Monday,McCowan and Steeles bus loop,Mechanical,5,10,s,1733
2015/06/22,53,8:02:00 PM,Monday,Steeles - Henderson,Investigation,10,20,w,1743
2015/06/22,42,8:30:00 PM,Monday,Maybrook and Passmore,Mechanical,20,40,w,8317
2015/06/22,100,8:35:00 PM,Monday,Eglinton and Brentcliff,Mechanical,8,16,EB,7586
2015/06/22,14,8:40:00 PM,Monday,Chaplin Cres. And Duplex Ave.,Mechanical,20,40,E,1613
2015/06/22,35,8:52:00 PM,Monday,Murray Ross Pkwy and Steeles,Mechanical,11,22,,1205
2015/06/22,124,9:02:00 PM,Monday,Lawrence and Mt Pleasant,Mechanical,20,40,e,8370
2015/06/22,7,9:04:00 PM,Monday,Bathurst and Lawrence,Utilized Off Route,9,19,n,8179
2015/06/22,36,9:17:00 PM,Monday,Romfield & Finch,Mechanical,8,16,E,1316
2015/06/22,199,9:21:00 PM,Monday,STC,Mechanical,7,14,w,1289
2015/06/22,53,9:21:00 PM,Monday,Steeles ave and McCowan,Mechanical,5,10,w,9090
2015/06/22,47,9:22:00 PM,Monday,Earlscourt Loop,Mechanical,10,20,S,1608
2015/06/22,89,9:41:00 PM,Monday,Junction and Keele,Investigation,10,20,SB,1620
2015/06/22,7,10:03:00 PM,Monday,Village Gate and Steeles,Mechanical,10,20,s,9024
2015/06/22,45,10:16:00 PM,Monday,kioling stn,Mechanical,10,20,n/b,7971
2015/06/22,60,10:20:00 PM,Monday,Jane & Steeles,Mechanical,14,28,E,1337
2015/06/22,7,10:55:00 PM,Monday,Bathurst and Tichester,Mechanical,5,10,n,9056
2015/06/22,39,10:55:00 PM,Monday,Neislon and Crow trail,Mechanical,6,12,w,1725
2015/06/22,191,11:00:00 PM,Monday,Kipling Station,Mechanical,10,20,N,7917
2015/06/22,41,11:27:00 PM,Monday,Keele Station,Mechanical,21,42,N,1676
2015/06/22,111,11:45:00 PM,Monday,N/B MARTINGROVE- N OF EGLINTON,Mechanical,24,48,n/b,8096
2015/06/23,1,12:10:00 AM,Tuesday,Finch Station,Mechanical,3,6,s,1778
2015/06/23,110,12:45:00 AM,Tuesday,LONGBRANCH LOOP,Mechanical,30,60,N/B,7968
2015/06/23,38,12:50:00 AM,Tuesday,Ellesmere Rd-Brimley,Mechanical,15,30,eb,1809
2015/06/23,116,1:03:00 AM,Tuesday,Morningside and Nightstar,Mechanical,10,20,SB,7640
2015/06/23,320,2:15:00 AM,Tuesday,York Mills & Yonge,Investigation,3,6,S,8133
2015/06/23,60,2:18:00 AM,Tuesday,New Westminister & Steeles,Mechanical,1,1,E,6556
2015/06/23,354,3:21:00 AM,Tuesday,U of T Scarborough,Mechanical,30,60,WB,7440
2015/06/23,32,4:42:00 AM,Tuesday,Eglinton stn,Late Leaving Garage,0,30,w/b,1666
2015/06/23,102,4:45:00 AM,Tuesday,Warden Station,Investigation,10,30,EB,7730
2015/06/23,96,4:53:00 AM,Tuesday,FIHU,Late Leaving Garage,10,20,E,1354
2015/06/23,84,4:55:00 AM,Tuesday,SARR,Late Leaving Garage,13,25,E,1326
2015/06/23,60,4:57:00 AM,Tuesday,FSTN,Late Leaving Garage,13,1,W,1214
2015/06/23,25,5:00:00 AM,Tuesday,Eglinton Garage,Late Leaving Garage,15,29,NB,7548
2015/06/23,102,5:00:00 AM,Tuesday,Warden Station,Utilized Off Route,15,30,EB,7775
2015/06/23,320,5:10:00 AM,Tuesday,Yonge and Bloor,Mechanical,8,15,S,8149
2015/06/23,39,5:15:00 AM,Tuesday,Finch station,Late Leaving Garage,15,20,EB,1760
2015/06/23,47,5:20:00 AM,Tuesday,Lansdowne and Queen,Late Leaving Garage,10,20,n/b,1600
2015/06/23,32,5:25:00 AM,Tuesday,Eglinton and Weston,Late Leaving Garage,0,10,w/b,1651
2015/06/23,43,5:33:00 AM,Tuesday,Eglinton Garage,Late Leaving Garage,10,20,SB,7683
2015/06/23,116,5:33:00 AM,Tuesday,Morningside & Staines,Utilized Off Route,7,13,E,7545
2015/06/23,96,5:37:00 AM,Tuesday,WBDW,Late Leaving Garage,21,42,E,7218
2015/06/23,39,5:38:00 AM,Tuesday,Neilson & Crow Trail,Late Leaving Garage,4,8,WB,1272
2015/06/23,63,5:39:00 AM,Tuesday,Canniff,Mechanical,13,24,n/b,1658
2015/06/23,25,5:44:00 AM,Tuesday,Eglinton Garage,Late Leaving Garage,4,7,NB,7421
2015/06/23,53,5:46:00 AM,Tuesday,Passmore and Markham,Mechanical,4,9,w,1727
2015/06/23,199,5:47:00 AM,Tuesday,STC,Late Leaving Garage,3,6,WB,1282
2015/06/23,51,5:49:00 AM,Tuesday,Eglinton Stn,Mechanical,19,35,n,8361
2015/06/23,116,5:50:00 AM,Tuesday,Conlins & Ellesmere,Mechanical,14,0,N,7634
2015/06/23,84,5:51:00 AM,Tuesday,RISH,Late Leaving Garage,5,15,E,1512
2015/06/23,84,5:52:00 AM,Tuesday,SARR,Late Leaving Garage,4,18,E,1505
2015/06/23,95,5:52:00 AM,Tuesday,York Mills Station,Mechanical,6,0,e,1816
2015/06/23,116,5:54:00 AM,Tuesday,Morningside & Nighstar,Late Leaving Garage,6,13,S,7666
2015/06/23,107,5:55:00 AM,Tuesday,Wilson Stn,Mechanical,0,15,n,8135
2015/06/23,7,5:59:00 AM,Tuesday,Village gate,Late Leaving Garage,11,21,s/b,9032
2015/06/23,47,5:59:00 AM,Tuesday,EARLSCOURT LOOP,Mechanical,9,18,DOWN,1409
2015/06/23,90,6:03:00 AM,Tuesday,St.Clair west,Mechanical,11,21,n/b,8300
2015/06/23,54,6:04:00 AM,Tuesday,Eglinton Garage,Late Leaving Garage,11,20,WB,7567
2015/06/23,32,6:07:00 AM,Tuesday,Eglinton stn,Late Leaving Garage,5,10,w/b,1555
2015/06/23,106,6:10:00 AM,Tuesday,Commons,Late Leaving Garage,10,20,N/B,9423
2015/06/23,85,6:10:00 AM,Tuesday,Rouge Hill GO,Late Leaving Garage,11,21,W,9093
2015/06/23,192,6:14:00 AM,Tuesday,KIPLING STATION,Late Leaving Garage,10,20,N,8007
2015/06/23,86,6:15:00 AM,Tuesday,Meadowvale Loop,Utilized Off Route,10,15,S,7584
2015/06/23,39,6:17:00 AM,Tuesday,Finch & Baldoon,Late Leaving Garage,5,10,EB,1720
2015/06/23,39,6:18:00 AM,Tuesday,Finch station,Late Leaving Garage,4,8,EB,1740
2015/06/23,32,6:23:00 AM,Tuesday,Skymark,Mechanical,5,11,e/b,1655
2015/06/23,39,6:26:00 AM,Tuesday,Finch station,Late Leaving Garage,4,8,EB,1113
2015/06/23,199,6:31:00 AM,Tuesday,STC,Late Leaving Garage,2,5,WB,1739
2015/06/23,49,6:32:00 AM,Tuesday,BLOOR & MARKLAND,Mechanical,7,14,E,14
2015/06/23,53,6:35:00 AM,Tuesday,Finch Station,Mechanical,12,23,e,9073
2015/06/23,96,6:36:00 AM,Tuesday,CARR,Late Leaving Garage,22,44,E,7212
2015/06/23,191,6:37:00 AM,Tuesday,MGRC,Mechanical,5,9,N,7900
2015/06/23,199,6:37:00 AM,Tuesday,Finch station,Late Leaving Garage,3,6,EB,1060
2015/06/23,102,6:40:00 AM,Tuesday,St. Clair and Gidley,Mechanical,10,30,EB,7863
2015/06/23,196,6:44:00 AM,Tuesday,Downsview Stn,Late Leaving Garage,9,18,n,9402
2015/06/23,89,6:45:00 AM,Tuesday,Keele Station,Late Leaving Garage,5,10,n/b,1501
2015/06/23,100,6:45:00 AM,Tuesday,Eglinton Yard,Late Leaving Garage,7,14,,7502
2015/06/23,89,6:51:00 AM,Tuesday,Albion and Weston Road,Mechanical,5,10,s/b,1615
2015/06/23,36,6:52:00 AM,Tuesday,Milvan and Toryork,Mechanical,11,33,W,9115
2015/06/23,32,6:52:00 AM,Tuesday,Eglinton west stn,Late Leaving Garage,12,24,w/b,1641
2015/06/23,196,6:59:00 AM,Tuesday,York U. Common,Late Leaving Garage,4,9,s,8379
2015/06/23,95,7:00:00 AM,Tuesday,Scarb College Loop,Late Leaving Garage,10,20,West,1782
2015/06/23,39,7:08:00 AM,Tuesday,STC,Mechanical,4,6,WB,1740
2015/06/23,199,7:09:00 AM,Tuesday,STC,Mechanical,3,6,WB,1352
2015/06/23,90,7:15:00 AM,Tuesday,Vaughan & Oakwood,Mechanical,10,20,S/B,8212
2015/06/23,36,7:21:00 AM,Tuesday,Humberwood loop,Mechanical,6,12,E,9126
2015/06/23,86,7:25:00 AM,Tuesday,Meadowvale loop,Mechanical,5,10,S,7584
2015/06/23,89,7:27:00 AM,Tuesday,Weston and York Ave.,Mechanical,5,10,s/b,1253
2015/06/23,95,7:31:00 AM,Tuesday,McCowan Rd,Mechanical,1,1,WB,1369
2015/06/23,116,7:34:00 AM,Tuesday,Kennedy Stn,Mechanical,7,13,E,7412
2015/06/23,75,7:42:00 AM,Tuesday,Sherbourne & King Sts,Mechanical,7,14,S/B,8199
2015/06/23,85,7:45:00 AM,Tuesday,Sheppard and Kennedy,Mechanical,11,22,E,9083
2015/06/23,191,7:45:00 AM,Tuesday,KPSN,Mechanical,5,10,N,7917
2015/06/23,37,7:47:00 AM,Tuesday,Prince George and Islington,Investigation,9,17,s,7936
2015/06/23,45,7:50:00 AM,Tuesday,KIPLING & STEELES,Mechanical,5,10,S,7972
2015/06/23,53,7:52:00 AM,Tuesday,Steeles and Kennedy,Mechanical,10,24,e,9067
2015/06/23,32,7:55:00 AM,Tuesday,Eglinton and Blackcreek,Mechanical,11,22,e/b,1641
2015/06/23,86,7:55:00 AM,Tuesday,Kennedy Stn,Mechanical,18,35,E,7629
2015/06/23,102,7:57:00 AM,Tuesday,Markham and East Park,Investigation,10,20,SB,7775
2015/06/23,36,8:00:00 AM,Tuesday,Finch West route,General Delay,12,20,B,9104
2015/06/23,191,8:00:00 AM,Tuesday,HWY 191 rocket,General Delay,9,16,B,7917
2015/06/23,84,8:00:00 AM,Tuesday,Keele,Mechanical,17,34,E,1388
2015/06/23,39,8:00:00 AM,Tuesday,Finch station to Neilson & Crow Trail,General Delay,8,10,B/W,1817
2015/06/23,41,8:05:00 AM,Tuesday,Keele and Wilson,Investigation,12,24,s/b,9135
2015/06/23,95,8:08:00 AM,Tuesday,Yorkmills STN,Mechanical,8,16,WB,9436
2015/06/23,43,8:13:00 AM,Tuesday,Kennedy STN.,Mechanical,10,20,NB,7579
2015/06/23,11,8:15:00 AM,Tuesday,Bayview- Yorkmills to Lawrence,General Delay,10,20,b/w,
2015/06/23,117,8:31:00 AM,Tuesday,Downsview Stn,Mechanical,13,27,n,8312
2015/06/23,86,8:32:00 AM,Tuesday,Meadowvale Loop,Mechanical,5,10,S,7510
2015/06/23,60,8:35:00 AM,Tuesday,Hendon,Investigation,21,41,S,1380
2015/06/23,86,8:41:00 AM,Tuesday,Kingston & Celeste,Mechanical,5,10,W,7674
2015/06/23,54,8:54:00 AM,Tuesday,Lawrence & Birchmount,Mechanical,9,18,EB,7443
2015/06/23,45,8:59:00 AM,Tuesday,KIPLING STN,Mechanical,7,12,N,7342
2015/06/23,84,9:02:00 AM,Tuesday,Deerhide Cr,Mechanical,17,34,S,1319
2015/06/23,192,9:07:00 AM,Tuesday,KIPLING STN,Mechanical,7,14,N,8009
2015/06/23,52,9:08:00 AM,Tuesday,Elm and Lawrence,Mechanical,3,6,w,1530
2015/06/23,125,9:12:00 AM,Tuesday,Drewry / Yonge,Diversion,118,8,B/W,1786
2015/06/23,29,9:20:00 AM,Tuesday,Dufferin and Dupont,Investigation,4,8,n/b,9001
2015/06/23,23,9:20:00 AM,Tuesday,Main Stn,Mechanical,10,20,N,7703
2015/06/23,45,9:20:00 AM,Tuesday,KIPLING STN,Mechanical,8,16,N,8098
2015/06/23,5,9:30:00 AM,Tuesday,Elizabeth and Gerrard st,Investigation,30,60,n/b,8308
2015/06/23,29,9:36:00 AM,Tuesday,Springhurst loop,Mechanical,4,8,n/b,9054
2015/06/23,57,10:05:00 AM,Tuesday,Kennedy Stn,Mechanical,11,22,N/B,7713
2015/06/23,36,10:10:00 AM,Tuesday,Humberwood loop,Mechanical,6,12,E/B,9116
2015/06/23,14,10:15:00 AM,Tuesday,glencairn and caledonia,Mechanical,24,48,e/b,1529
2015/06/23,95,10:18:00 AM,Tuesday,Kingston Rd loop,Mechanical,15,30,WB,1815
2015/06/23,42,10:19:00 AM,Tuesday,Finch Stn,Mechanical,12,24,,8301
2015/06/23,21,10:20:00 AM,Tuesday,Brimley and 401,Mechanical,14,28,NB,7868
2015/06/23,85,10:22:00 AM,Tuesday,Malvern gate,Mechanical,15,38,E,9066
2015/06/23,192,10:38:00 AM,Tuesday,KIPLING STN,Mechanical,7,14,N,8016
2015/06/23,102,10:41:00 AM,Tuesday,Markham and Finch,Mechanical,20,40,NB,8129
2015/06/23,42,10:57:00 AM,Tuesday,Finch Stn,Mechanical,12,24,,8177
2015/06/23,102,11:01:00 AM,Tuesday,Markham and Finch,Utilized Off Route,20,40,NB,7695
2015/06/23,97,11:09:00 AM,Tuesday,Steeles Ave & Yonge st,Mechanical,30,60,,8367
2015/06/23,76,11:17:00 AM,Tuesday,ROYAL YORK STN,Mechanical,9,18,sb,7310
2015/06/23,196,11:28:00 AM,Tuesday,Downsview Stn,Utilized Off Route,10,20,,8198
2015/06/23,46,11:29:00 AM,Tuesday,Steeles Loop,Mechanical,18,36,N/B,1212
2015/06/23,100,11:58:00 AM,Tuesday,Eglinton Stn at Duplex,Investigation,7,14,EB,7598
2015/06/23,22,12:11:00 PM,Tuesday,Queen and Coxwell,Emergency Services,8,16,n,7742
2015/06/23,172,12:23:00 PM,Tuesday,Lakeshore & Cherry,Diversion,1,1,B/W,7754
2015/06/23,195,12:30:00 PM,Tuesday,Entire route,General Delay,15,30,B/W,
2015/06/23,35,12:30:00 PM,Tuesday,Entire route,General Delay,15,30,B/W,
2015/06/23,84,12:30:00 PM,Tuesday,Entire route,General Delay,10,20,B/W,
2015/06/23,89,12:55:00 PM,Tuesday,Weston & King,Investigation,9,18,S,1590
2015/06/23,85,1:00:00 PM,Tuesday,Don Mills Stn to Rouge Hill Go,General Delay,12,20,E/W,
2015/06/23,107,1:00:00 PM,Tuesday,North of Major Mack and Keele,Diversion,40,72,b,8326
2015/06/23,165,1:00:00 PM,Tuesday,All Run Affected,General Delay,15,20,B/W,7235
2015/06/23,96,1:00:00 PM,Tuesday,All Run Affected,General Delay,15,25,W,1261
2015/06/23,35,1:00:00 PM,Tuesday,Entire route,Mechanical,1,1,B/W,8406
2015/06/23,102,1:01:00 PM,Tuesday,Markham and Eglinton,Investigation,10,20,SB,7848
2015/06/23,199,1:18:00 PM,Tuesday,STC,Utilized Off Route,5,10,W,1730
2015/06/23,199,1:20:00 PM,Tuesday,Scarborough Town Center,Mechanical,5,10,WB,1781
2015/06/23,43,1:27:00 PM,Tuesday,Kennedy Station,Mechanical,10,20,NB,7459
2015/06/23,60,1:27:00 PM,Tuesday,York U,Mechanical,7,14,E,1371
2015/06/23,63,1:32:00 PM,Tuesday,Eglinton w stn,Mechanical,7,14,S,1226
2015/06/23,54,1:36:00 PM,Tuesday,1121 Leslie NB,Mechanical,13,26,NB,7616
2015/06/23,41,1:52:00 PM,Tuesday,Commons at York Univ.,Mechanical,9,18,NB,9135
2015/06/23,191,1:56:00 PM,Tuesday,Albion/M Grovre,Mechanical,11,22,w,7906
2015/06/23,112,2:00:00 PM,Tuesday,Entire route,General Delay,15,15,bw,
2015/06/23,123,2:00:00 PM,Tuesday,entire route,General Delay,15,25,bw,
2015/06/23,41,2:00:00 PM,Tuesday,Entire Route,General Delay,35,46,B/W,
2015/06/23,36,2:00:00 PM,Tuesday,Finch Route,General Delay,12,24,B/W,
2015/06/23,59,2:00:00 PM,Tuesday,Entire 59 Maple Leaf Route,General Delay,10,20,B/W,
2015/06/23,42,2:03:00 PM,Tuesday,Kennedy Loop,Mechanical,24,48,w,8135
2015/06/23,60,2:16:00 PM,Tuesday,Finch Station,Investigation,7,14,W,1505
2015/06/23,45,2:20:00 PM,Tuesday,Kipling north of Burnamthorpe,Diversion,42,52,sb,7319
2015/06/23,131,2:27:00 PM,Tuesday,Tapscott and Blackwell,Mechanical,9,18,East,1078
2015/06/23,89,2:30:00 PM,Tuesday,Entire Route,General Delay,25,32,B/W,
2015/06/23,35,2:33:00 PM,Tuesday,Jane and Bloor,Mechanical,20,40,N,1394
2015/06/23,46,2:50:00 PM,Tuesday,Rathburn/Kipling,Diversion,10,29,w,1504
2015/06/23,142,2:55:00 PM,Tuesday,Wilson STN,Late Leaving Garage,1,1,BW,8311
2015/06/23,53,2:55:00 PM,Tuesday,Finch Station,Late Leaving Garage,21,31,E,1741
2015/06/23,35,2:55:00 PM,Tuesday,Jane and Pritchard,Mechanical,15,40,N,1255
2015/06/23,41,2:58:00 PM,Tuesday,Keele and Whitburn,Emergency Services,8,17,NB,9145
2015/06/23,108,2:59:00 PM,Tuesday,Downsview Station,Mechanical,8,16,W,8402
2015/06/23,90,3:00:00 PM,Tuesday,St Clair wstn,Utilized Off Route,6,12,n,8332
2015/06/23,36,3:00:00 PM,Tuesday,Albion/Finch,Mechanical,5,12,w,9109
2015/06/23,60,3:00:00 PM,Tuesday,Entire 60 Steeles West Route,General Delay,7,15,B/W,
2015/06/23,132,3:00:00 PM,Tuesday,STC,Late Leaving Garage,30,50,W,1083
2015/06/23,165,3:01:00 PM,Tuesday,Wilson Stn,Mechanical,12,19,E,1366
2015/06/23,6,3:04:00 PM,Tuesday,Davenport and Yonge,Late Leaving Garage,11,22,S/B,1516
2015/06/23,32,3:10:00 PM,Tuesday,Mt Dennis garage,Mechanical,8,16,E,1618
2015/06/23,52,3:11:00 PM,Tuesday,Lawrence and Little,Investigation,15,30,W/B,1036
2015/06/23,124,3:12:00 PM,Tuesday,Lawrence Station,Mechanical,7,15,e,8381
2015/06/23,120,3:15:00 PM,Tuesday,Wilson Stn.,Mechanical,30,60,W,1267
2015/06/23,69,3:19:00 PM,Tuesday,Warden Station,Mechanical,26,52,SB,8121
2015/06/23,53,3:21:00 PM,Tuesday,Steeles - Lillian Ave,Investigation,5,10,E,1116
2015/06/23,53,3:23:00 PM,Tuesday,Passmore - Markham Rd,Late Leaving Garage,5,10,W,1745
2015/06/23,60,3:26:00 PM,Tuesday,York U,Mechanical,7,14,E,1243
2015/06/23,40,3:28:00 PM,Tuesday,Dundas West Station,Late Leaving Garage,8,15,W,7322
2015/06/23,199,3:32:00 PM,Tuesday,Finch Station,Late Leaving Garage,5,10,EB,1105
2015/06/23,53,3:42:00 PM,Tuesday,Passmore - Markham Rd,Late Leaving Garage,1,6,W,1317
2015/06/23,54,3:45:00 PM,Tuesday,Lawrence RT Station,Mechanical,10,21,WB,7674
2015/06/23,91,3:45:00 PM,Tuesday,Woodbine Station,Mechanical,26,52,NB,8109
2015/06/23,39,3:49:00 PM,Tuesday,Old Finch & Valley Center Drive,Late Leaving Garage,16,32,WB,1822
2015/06/23,39,3:49:00 PM,Tuesday,Neilson/Crow Trail,Utilized Off Route,11,22,WB,1744
2015/06/23,110,3:54:00 PM,Tuesday,Islington station,Mechanical,12,24,S,8019
2015/06/23,165,4:07:00 PM,Tuesday,York Mills Stn,Mechanical,17,23,W,1688
2015/06/23,116,4:10:00 PM,Tuesday,military trail and ellesmere,Mechanical,22,44,n,7552
2015/06/23,25,4:29:00 PM,Tuesday,Pape Station,Mechanical,3,6,NB,7632
2015/06/23,42,4:41:00 PM,Tuesday,Finch Station,Mechanical,14,28,e,8345
2015/06/23,102,4:45:00 PM,Tuesday,Markham and Cedarbrae,Investigation,10,20,SB,7788
2015/06/23,52,4:49:00 PM,Tuesday,Lawrence and Pine,Investigation,13,20,E/B,1587
2015/06/23,42,4:57:00 PM,Tuesday,McNicoll and Don Mills,Investigation,28,56,e,8207
2015/06/23,87,5:00:00 PM,Tuesday,Broadview station,Mechanical,6,8,e,7821
2015/06/23,112,5:00:00 PM,Tuesday,West Mall and Rathburn,Mechanical,8,16,sb,8056
2015/06/23,87,5:10:00 PM,Tuesday,Broadview Station,Mechanical,6,12,e,7850
2015/06/23,96,5:13:00 PM,Tuesday,Wilson stn.,Mechanical,18,42,E,1261
2015/06/23,37,5:15:00 PM,Tuesday,Rexdale/Bergamot,Diversion,79,88,W,7969
2015/06/23,6,5:15:00 PM,Tuesday,Queensquay and Bay,Utilized Off Route,6,11,N/B,1008
2015/06/23,709,5:15:00 PM,Tuesday,Eglinton stn,Utilized Off Route,1,1,W,1510
2015/06/23,90,5:18:00 PM,Tuesday,St Clair wstn,Utilized Off Route,7,14,n,9448
2015/06/23,23,5:18:00 PM,Tuesday,Main Station,Mechanical,7,15,n,7776
2015/06/23,29,5:20:00 PM,Tuesday,Springhurst loop,Utilized Off Route,5,10,N,9014
2015/06/23,47,5:23:00 PM,Tuesday,Lansdowne Ave. and Queen St.West,Utilized Off Route,7,13,N,1583
2015/06/23,133,5:30:00 PM,Tuesday,Neilson and Ellesmere Hospital Loop,Emergency Services,9,17,W,1774
2015/06/23,7,5:30:00 PM,Tuesday,Bathurst stn,Utilized Off Route,8,16,n,9049
2015/06/23,95,5:39:00 PM,Tuesday,Ellesmere and Birchmount,Mechanical,10,20,EB,1746
2015/06/23,45,5:43:00 PM,Tuesday,Steeles Loop,Mechanical,7,15,sb,7311
2015/06/23,86,5:48:00 PM,Tuesday,sheppard loop,Mechanical,10,20,s,7637
2015/06/23,92,5:50:00 PM,Tuesday,Kingston rd and Woodbine,Diversion,7,14,SB,8118
2015/06/23,39,5:56:00 PM,Tuesday,Finch Station,Utilized Off Route,11,22,EB,1783
2015/06/23,24,6:00:00 PM,Tuesday,VP at 401,General Delay,15,30,bw,7838
2015/06/23,85,6:00:00 PM,Tuesday,Sheppard E/B W/O Vic Park,General Delay,15,20,E/W,
2015/06/23,41,6:00:00 PM,Tuesday,Keele Station,Utilized Off Route,15,30,NB,9151
2015/06/23,73,6:00:00 PM,Tuesday,Royal York Station to Calireport at Albion,General Delay,15,35,BW,
2015/06/23,101,6:05:00 PM,Tuesday,Carl Hall and Steeles,Diversion,50,70,B/W,1405
2015/06/23,22,6:07:00 PM,Tuesday,Queen and Coxwell,Utilized Off Route,9,18,SB,7855
2015/06/23,22,6:07:00 PM,Tuesday,Coxwell Station,Utilized Off Route,8,15,SB,7855
2015/06/23,41,6:10:00 PM,Tuesday,Keele station,Utilized Off Route,15,30,NB,9136
2015/06/23,31,6:17:00 PM,Tuesday,Greenwood Stn.,Utilized Off Route,10,20,s,7842
2015/06/23,110,6:23:00 PM,Tuesday,ISLINGTON AT BIRMINGTON RD,Mechanical,11,22,N/B,8097
2015/06/23,60,6:36:00 PM,Tuesday,Yonge St and Steeles Ave West,Investigation,10,20,W,1396
2015/06/23,54,6:42:00 PM,Tuesday,Lawrence RT Station,Mechanical,10,21,EB,7645
2015/06/23,6,6:46:00 PM,Tuesday,Davenport and Oakwood,Mechanical,1,1,W/B,1008
2015/06/23,192,7:05:00 PM,Tuesday,Terminal 3,Mechanical,7,14,sb,8006
2015/06/23,191,7:12:00 PM,Tuesday,Hwy27/Humber College,Mechanical,5,10,w,7912
2015/06/23,191,7:12:00 PM,Tuesday,humber College,Mechanical,11,22,w,7912
2015/06/23,35,7:22:00 PM,Tuesday,Heatthrow and Jane,Mechanical,16,32,S,1382
2015/06/23,68,7:22:00 PM,Tuesday,Warden / StClair,Investigation,10,20,NB,7667
2015/06/23,72,7:23:00 PM,Tuesday,Pape Station,Mechanical,10,20,W,7866
2015/06/23,53,7:40:00 PM,Tuesday,Steeles - Redlea,Investigation,5,10,E,1725
2015/06/23,191,7:52:00 PM,Tuesday,Kipling station,Mechanical,11,22,w,7914
2015/06/23,32,7:54:00 PM,Tuesday,Eglinton w & Park hill.,Investigation,4,8,E,1659
2015/06/23,104,7:57:00 PM,Tuesday,Downsview Station,Mechanical,14,28,n,8157
2015/06/23,24,8:00:00 PM,Tuesday,Victoria Park Station,Mechanical,9,18,SB,7871
2015/06/23,42,8:16:00 PM,Tuesday,Middlefield and McNicoll,Diversion,95,115,s,8333
2015/06/23,130,8:22:00 PM,Tuesday,Middlefield and McNicoll,Diversion,22,94,N/S,1099
2015/06/23,116,8:25:00 PM,Tuesday,guildwood pkwy. And prince philip,Investigation,10,20,w,7603
2015/06/23,47,8:45:00 PM,Tuesday,Lansdowne Ave. and Dupont St.,Mechanical,10,20,S,1055
2015/06/23,36,8:53:00 PM,Tuesday,finch and yonge,Mechanical,8,16,w/b,9120
2015/06/23,39,9:06:00 PM,Tuesday,Leslie St-Finch Av E,Mechanical,8,16,eb,1289
2015/06/23,116,9:50:00 PM,Tuesday,Morningside and Sewells rd,Investigation,10,20,SB,7670
2015/06/23,35,9:50:00 PM,Tuesday,jane and weston,Mechanical,8,16,n/b,1330
2015/06/23,116,9:50:00 PM,Tuesday,Morningside and Sewelles,Diversion,347,357,BW,
2015/06/23,116,10:00:00 PM,Tuesday,Morningside and Sewell,Investigation,10,20,SB,7402
2015/06/23,86,10:35:00 PM,Tuesday,Kennedy Station,Mechanical,10,20,EB,7583
2015/06/23,29,10:45:00 PM,Tuesday,Wilson station,Mechanical,9,18,s,8217
2015/06/23,84,11:14:00 PM,Tuesday,sheppard stn,Investigation,9,18,e/b,1384
2015/06/23,102,11:25:00 PM,Tuesday,Kennedy and St Clair,Mechanical,36,72,NB,7838
2015/06/23,96,11:36:00 PM,Tuesday,clairville,Mechanical,12,24,e/b,1286
2015/06/24,1,1:30:00 AM,Wednesday,Sheppard Station,Mechanical,3,6,n,1423
2015/06/24,54,1:40:00 AM,Wednesday,Lawrance RT station,Mechanical,20,40,EB,7435
2015/06/24,54,1:58:00 AM,Wednesday,Lesslie and Eglinton,Mechanical,20,40,NB,7463
2015/06/24,34,2:10:00 AM,Wednesday,Kennedy Station,Mechanical,19,38,WB,7611
2015/06/24,320,3:49:00 AM,Wednesday,yonge and sheppard,Mechanical,4,8,n/b,7534
2015/06/24,312,4:32:00 AM,Wednesday,St clair oakdale,Investigation,30,60,w/b,1356
2015/06/24,24,4:50:00 AM,Wednesday,Victoria Park & Steeles,Late Leaving Garage,12,1,S/B,7824
2015/06/24,96,4:58:00 AM,Wednesday,YKMS,Late Leaving Garage,36,47,W,7211
2015/06/24,7,4:58:00 AM,Wednesday,Wilson Garage,Mechanical,35,65,S,9052
2015/06/24,320,4:59:00 AM,Wednesday,Yonge and Eglinton,Late Leaving Garage,15,30,N,8394
2015/06/24,96,5:04:00 AM,Wednesday,FIHU,Late Leaving Garage,9,18,E,1564
2015/06/24,86,5:10:00 AM,Wednesday,Eglinton Yard,Mechanical,1,1,E,7468
2015/06/24,39,5:16:00 AM,Wednesday,Finch & Birchmount,Mechanical,5,10,WB,1817
2015/06/24,90,5:17:00 AM,Wednesday,Wilson Garage,Mechanical,8,8,E,8135
2015/06/24,7,5:19:00 AM,Wednesday,Wilson Garage,Mechanical,29,35,S,9040
2015/06/24,133,5:30:00 AM,Wednesday,Scarborough Town Centre,Mechanical,3,0,e,133
2015/06/24,132,5:33:00 AM,Wednesday,Brenyon Way and Sewells,Late Leaving Garage,24,0,E,1110
2015/06/24,96,5:34:00 AM,Wednesday,YKMS,Late Leaving Garage,22,44,W,1299
2015/06/24,47,5:35:00 AM,Wednesday,Yorkdale Road,Mechanical,9,18,s/b,1580
2015/06/24,60,5:35:00 AM,Wednesday,Sigt / steeles,Mechanical,10,20,N,1260
2015/06/24,38,5:38:00 AM,Wednesday,Rouge Hill GO,Late Leaving Garage,11,22,W,1146
2015/06/24,116,5:54:00 AM,Wednesday,Morningside & Nighstar,Late Leaving Garage,6,13,S,7475
2015/06/24,122,5:56:00 AM,Wednesday,Fenelop dr. loop,Late Leaving Garage,6,0,w/b,8337
2015/06/24,70,6:00:00 AM,Wednesday,Pharmacy / Craigton,Mechanical,20,40,SB,7528
2015/06/24,96,6:00:00 AM,Wednesday,YKMS to all Branches,General Delay,10,20,B/W,
2015/06/24,88,6:00:00 AM,Wednesday,Laird/McCrae,Late Leaving Garage,27,37,W,9419
2015/06/24,60,6:05:00 AM,Wednesday,Finch stn,Late Leaving Garage,7,14,W,8402
2015/06/24,52,6:06:00 AM,Wednesday,Royal york,Late Leaving Garage,3,7,e,1003
2015/06/24,95,6:06:00 AM,Wednesday,Ellesmere SRT,Mechanical,0,8,West,9417
2015/06/24,89,6:10:00 AM,Wednesday,Keele Station,Late Leaving Garage,5,10,n/b,1044
2015/06/24,39,6:10:00 AM,Wednesday,Old Finch,Late Leaving Garage,8,1,WB,1082
2015/06/24,37,6:12:00 AM,Wednesday,Queensway Garage,Mechanical,8,16,n/b,8024
2015/06/24,192,6:13:00 AM,Wednesday,TERMINAL 3,Mechanical,13,23,S,8011
2015/06/24,95,6:14:00 AM,Wednesday,Ellesmere SRT,Utilized Off Route,8,16,West,9443
2015/06/24,86,6:15:00 AM,Wednesday,Kennedy Stn,Mechanical,5,10,E,7680
2015/06/24,95,6:19:00 AM,Wednesday,Wilson Garage,Late Leaving Garage,0,0,West,9413
2015/06/24,36,6:20:00 AM,Wednesday,Finch station 36F,Mechanical,12,23,W,9125
2015/06/24,196,6:25:00 AM,Wednesday,Commons,Mechanical,9,18,N,9402
2015/06/24,86,6:27:00 AM,Wednesday,Kennedy Stn,Utilized Off Route,13,35,E,7644
2015/06/24,29,6:30:00 AM,Wednesday,Springhurst loop,Late Leaving Garage,8,16,n/b,9006
2015/06/24,86,6:32:00 AM,Wednesday,Kennedy Stn,Mechanical,18,35,E,7536
2015/06/24,36,6:46:00 AM,Wednesday,Humberwood loop,Late Leaving Garage,6,12,E,9111
2015/06/24,36,6:47:00 AM,Wednesday,Finch and Jane`,Mechanical,6,12,W,9114
2015/06/24,53,6:47:00 AM,Wednesday,Finch Station,Mechanical,12,24,e,9070
2015/06/24,196,6:51:00 AM,Wednesday,Downsview Stn,Utilized Off Route,5,10,N,8378
2015/06/24,105,6:51:00 AM,Wednesday,Downsview Stn,Late Leaving Garage,28,56,N/B,8172
2015/06/24,85,6:51:00 AM,Wednesday,Don Mills station,Mechanical,6,11,E,9073
2015/06/24,41,6:55:00 AM,Wednesday,Keele Station,Late Leaving Garage,13,26,n/b,9152
2015/06/24,191,6:56:00 AM,Wednesday,Martingrove and Royalcrest,Late Leaving Garage,5,10,N,7921
2015/06/24,165,7:00:00 AM,Wednesday,YKMS to all branches,General Delay,10,20,B/W,
2015/06/24,102,7:00:00 AM,Wednesday,Warden Station,Late Leaving Garage,10,20,n,7709
2015/06/24,7,7:14:00 AM,Wednesday,Wilson Garage,Mechanical,6,13,S,9001
2015/06/24,122,7:15:00 AM,Wednesday,Yorkmills stn,Mechanical,12,24,w/b,8179
2015/06/24,100,7:16:00 AM,Wednesday,Don Mills and Eglinton,Mechanical,7,14,NB,7674
2015/06/24,90,7:18:00 AM,Wednesday,St Clair West Station,Mechanical,5,10,W,8135
2015/06/24,41,7:20:00 AM,Wednesday,Keele station,Late Leaving Garage,13,26,n/b,1552
2015/06/24,85,7:24:00 AM,Wednesday,Meadowvale loop,Mechanical,5,10,W,9075
2015/06/24,60,7:33:00 AM,Wednesday,Finch stn,Late Leaving Garage,7,14,W,1311
2015/06/24,95,7:37:00 AM,Wednesday,Old Yorkmills Rd,Mechanical,8,16,EB,1086
2015/06/24,191,7:40:00 AM,Wednesday,HWY 427 @ Rathburn,Mechanical,5,10,S,7913
2015/06/24,25,7:54:00 AM,Wednesday,FreshMeadow,Late Leaving Garage,5,10,N/B,7563
2015/06/24,45,8:00:00 AM,Wednesday,Entire Route,General Delay,20,1,B/W,
2015/06/24,109,8:00:00 AM,Wednesday,Bathurst/Hotspur & on Eglinton Ave West,General Delay,21,15,B/W,9439
2015/06/24,101,8:00:00 AM,Wednesday,DownsviewStn to Park,General Delay,10,20,BW,1379
2015/06/24,36,8:00:00 AM,Wednesday,Finch West route,General Delay,12,18,B,9133
2015/06/24,76,8:13:00 AM,Wednesday,Lakeshore/Mimico,Utilized Off Route,6,12,N,7961
2015/06/24,35,8:22:00 AM,Wednesday,Jane Station,Mechanical,5,10,N,1688
2015/06/24,46,8:24:00 AM,Wednesday,Kipling Station,Utilized Off Route,10,19,N/B,1295
2015/06/24,53,8:41:00 AM,Wednesday,Steeles and Hillcroft,Mechanical,5,10,w,1724
2015/06/24,45,8:44:00 AM,Wednesday,KIPLING & FINCH,Mechanical,5,10,S,7312
2015/06/24,100,8:55:00 AM,Wednesday,Broadview STN,Utilized Off Route,10,20,NB,7561
2015/06/24,87,8:56:00 AM,Wednesday,Main Stn,Utilized Off Route,10,20,WB,7876
2015/06/24,72,9:10:00 AM,Wednesday,Pape Route,General Delay,12,1,B/W,
2015/06/24,165,9:15:00 AM,Wednesday,Steeles,Mechanical,20,40,N,7227
2015/06/24,196,9:17:00 AM,Wednesday,Downsview Stn,Utilized Off Route,9,18,N,8378
2015/06/24,53,9:17:00 AM,Wednesday,Finch Station,Utilized Off Route,5,17,e,1799
2015/06/24,96,9:20:00 AM,Wednesday,Milkwood,Mechanical,20,40,E,7235
2015/06/24,199,10:02:00 AM,Wednesday,Finch & Warden,Mechanical,5,10,WB,1301
2015/06/24,96,10:13:00 AM,Wednesday,YKMS,Mechanical,20,40,W,7218
2015/06/24,60,10:15:00 AM,Wednesday,Jane St,Mechanical,9,18,W,1380
2015/06/24,96,10:18:00 AM,Wednesday,Clayson,Mechanical,20,40,W,1330
2015/06/24,32,10:28:00 AM,Wednesday,EGLINTON AND ENNERDALE,Mechanical,13,26,down,1035
2015/06/24,65,10:36:00 AM,Wednesday,Oak and Parliament,Investigation,18,36,NB,7799
2015/06/24,131,10:38:00 AM,Wednesday,STC,Mechanical,1,1,EB,1092
2015/06/24,165,10:40:00 AM,Wednesday,Gomm Loop,Mechanical,20,40,S,1306
2015/06/24,45,10:43:00 AM,Wednesday,Kipling/Albion,Mechanical,10,20,N,8079
2015/06/24,172,10:50:00 AM,Wednesday,Cherry and Commissioners,Utilized Off Route,10,20,WB,7730
2015/06/24,32,11:00:00 AM,Wednesday,Eglinton and Weston,Mechanical,7,14,WB,1018
2015/06/24,196,11:02:00 AM,Wednesday,Downsview Stn,Utilized Off Route,10,20,e,8332
2015/06/24,44,11:11:00 AM,Wednesday,KIPLING STATION,Mechanical,8,15,S/B,8049
2015/06/24,112,11:30:00 AM,Wednesday,Kipling stn,Mechanical,20,40,E/b,7907
2015/06/24,105,11:38:00 AM,Wednesday,Downsview Stn,Utilized Off Route,5,10,w,8353
2015/06/24,105,11:40:00 AM,Wednesday,Dufferin and Rimrock,Mechanical,15,30,n,8353
2015/06/24,52,11:45:00 AM,Wednesday,Lawrence West Station,Mechanical,15,30,W/B,1643
2015/06/24,37,11:47:00 AM,Wednesday,Islington between vanhill and rowntreemill rd,Diversion,128,146,b/w,7979
2015/06/24,25,11:59:00 AM,Wednesday,52 Metres after Duncan Mills Rd on DonMills,Mechanical,6,12,S/B,7449
2015/06/24,41,12:00:00 PM,Wednesday,Entire Route,General Delay,25,36,B/W,
2015/06/24,89,12:00:00 PM,Wednesday,Entire Route,General Delay,30,37,B/W,
2015/06/24,32,12:09:00 PM,Wednesday,Eglinton and Ennerdale,Investigation,7,14,WB,1006
2015/06/24,196,12:38:00 PM,Wednesday,Downsview Stn,Utilized Off Route,5,10,w,8178
2015/06/24,37,12:52:00 PM,Wednesday,Humberwood loop,Mechanical,18,36,e/b,7974
2015/06/24,117,1:00:00 PM,Wednesday,Downsview Stn,Mechanical,20,40,n,8217
2015/06/24,122,1:00:00 PM,Wednesday,w/b  Duncan mills and Lesmill,Mechanical,17,34,w/b,8174
2015/06/24,85,1:00:00 PM,Wednesday,Don Milla Stn to Rouge Hill Go,General Delay,10,17,E/W,
2015/06/24,42,1:25:00 PM,Wednesday,Finch Stn,Mechanical,12,24,,8167
2015/06/24,196,1:28:00 PM,Wednesday,Downsview Stn,Utilized Off Route,5,10,w,9402
2015/06/24,84,1:39:00 PM,Wednesday,Sheppard and Cheeswood.,Mechanical,9,18,W/b,1395
2015/06/24,161,1:45:00 PM,Wednesday,Lampton and Jane,Mechanical,18,36,EB,1539
2015/06/24,29,1:50:00 PM,Wednesday,Dufferin and Queen,Utilized Off Route,5,10,s,9008
2015/06/24,29,1:50:00 PM,Wednesday,Dufferin and Queen,Utilized Off Route,1,1,s,9004
2015/06/24,54,2:01:00 PM,Wednesday,Leslie / Lawrence,Mechanical,13,26,WB,7443
2015/06/24,54,2:10:00 PM,Wednesday,Don Mills / Lawrence,Mechanical,10,20,WB,7486
2015/06/24,106,2:10:00 PM,Wednesday,Downsview Stn,Utilized Off Route,10,20,n,9441
2015/06/24,102,2:15:00 PM,Wednesday,"Markham, north of Sheppard",Mechanical,5,11,SB,7800
2015/06/24,54,2:17:00 PM,Wednesday,Don Mills / Lawrence,Mechanical,11,21,WB,7526
2015/06/24,46,2:17:00 PM,Wednesday,Arrow Garage,Late Leaving Garage,11,22,w,1291
2015/06/24,108,2:19:00 PM,Wednesday,Driftwood and Jane,Mechanical,9,18,S,1684
2015/06/24,162,2:31:00 PM,Wednesday,Lawrence Stn,Investigation,30,60,e,8369
2015/06/24,60,2:32:00 PM,Wednesday,Signal Hill and Steeles Ave West,Late Leaving Garage,10,20,E,1251
2015/06/24,124,2:50:00 PM,Wednesday,Lawrence Stn,Utilized Off Route,7,14,,8212
2015/06/24,85,2:51:00 PM,Wednesday,Sheppard @ Kingston Rd,Mechanical,23,46,W,1094
2015/06/24,106,2:58:00 PM,Wednesday,Downsview Stn,Mechanical,11,21,s,821
2015/06/24,131,3:01:00 PM,Wednesday,Malvern Garage,Late Leaving Garage,0,0,North,1290
2015/06/24,89,3:01:00 PM,Wednesday,Weston and 401W Exit,Investigation,9,18,SB,1648
2015/06/24,60,3:08:00 PM,Wednesday,Finch Station,Late Leaving Garage,7,14,W,1225
2015/06/24,68,3:09:00 PM,Wednesday,Warden Loop,Late Leaving Garage,9,17,SB,7657
2015/06/24,131,3:14:00 PM,Wednesday,Scar Town,Late Leaving Garage,12,24,E,1763
2015/06/24,191,3:28:00 PM,Wednesday,Arrow garage,Late Leaving Garage,5,10,w,7914
2015/06/24,96,3:30:00 PM,Wednesday,,General Delay,10,20,B/W,72902
2015/06/24,165,3:30:00 PM,Wednesday,400 and Keele,General Delay,10,20,B/W,
2015/06/24,36,3:31:00 PM,Wednesday,Arrow garage,Late Leaving Garage,6,12,w,1305
2015/06/24,65,3:31:00 PM,Wednesday,Castlefrank Station,Late Leaving Garage,10,20,SB,7714
2015/06/24,75,3:31:00 PM,Wednesday,Lower Jarvis,Mechanical,9,18,n,8183
2015/06/24,42,3:34:00 PM,Wednesday,McNicoll and Birchmount,Mechanical,28,49,w,8138
2015/06/24,47,3:37:00 PM,Wednesday,Lansdowne and St Clair,Mechanical,13,26,s,1673
2015/06/24,47,3:37:00 PM,Wednesday,Lansdowne and St Clair,Mechanical,13,26,s,1673
2015/06/24,43,3:40:00 PM,Wednesday,Kennedy STN,Mechanical,9,18,nb,7665
2015/06/24,196,3:42:00 PM,Wednesday,Downsview Stn,Utilized Off Route,5,9,n,8378
2015/06/24,24,3:42:00 PM,Wednesday,Don Mills Stn.,Late Leaving Garage,16,32,s,7766
2015/06/24,42,4:00:00 PM,Wednesday,Cummer Route,General Delay,25,40,b/w,
2015/06/24,36,4:00:00 PM,Wednesday,Finch route,General Delay,12,24,w,
2015/06/24,60,4:00:00 PM,Wednesday,Entire 60 Steeles West,General Delay,8,16,B/W,
2015/06/24,16,4:15:00 PM,Wednesday,Danforth and Glen Sheppard,Mechanical,10,20,NB,8129
2015/06/24,123,4:25:00 PM,Wednesday,Finch Station,Mechanical,10,20,w,8375
2015/06/24,42,4:27:00 PM,Wednesday,Finch Station,Utilized Off Route,13,27,e,8177
2015/06/24,195,4:34:00 PM,Wednesday,Jane and Sheppard,Mechanical,11,22,S/b,1405
2015/06/24,96,4:37:00 PM,Wednesday,Humberwood loop,Mechanical,13,26,E/B,7251
2015/06/24,16,4:41:00 PM,Wednesday,Warden Station,Mechanical,10,20,NB,7856
2015/06/24,53,4:45:00 PM,Wednesday,Finch Station to Morningside/Staines,General Delay,12,18,B/W,
2015/06/24,98,4:51:00 PM,Wednesday,Senlac and Finch,Mechanical,15,30,n,8382
2015/06/24,196,4:59:00 PM,Wednesday,Downsview Station,Utilized Off Route,9,17,w,9402
2015/06/24,39,4:59:00 PM,Wednesday,B/W,General Delay,8,15,W/B,
2015/06/24,85,5:00:00 PM,Wednesday,Don Mills to Rouge Hill,General Delay,15,21,E/W,
2015/06/24,59,5:00:00 PM,Wednesday,Entire 59 Maple Leaf Route,General Delay,6,13,B/W,
2015/06/24,24,5:00:00 PM,Wednesday,VP / 401,General Delay,15,30,bw,7853
2015/06/24,36,5:21:00 PM,Wednesday,Finch/Hwy400,Mechanical,6,12,w,1215
2015/06/24,25,5:33:00 PM,Wednesday,Pape Station,Mechanical,3,6,NB,7523
2015/06/24,11,5:40:00 PM,Wednesday,Bayview and Steeles,Investigation,15,30,n,8198
2015/06/24,35,5:47:00 PM,Wednesday,Jane and Langstaff to Jane Stn,General Delay,20,40,B/w,1349
2015/06/24,195,5:49:00 PM,Wednesday,York University to Jane Stn,General Delay,12,24,B/w,1254
2015/06/24,29,5:58:00 PM,Wednesday,Tycos,Mechanical,10,20,S,9436
2015/06/24,142,6:00:00 PM,Wednesday,Avenue and Cumberland,Diversion,45,75,b/w,8168
2015/06/24,167,6:00:00 PM,Wednesday,Pharmacy Route,General Delay,10,20,bw,7711
2015/06/24,5,6:00:00 PM,Wednesday,Avenue and Cumberland,Diversion,45,61,b/w,8176
2015/06/24,196,6:09:00 PM,Wednesday,sheppard Station,Mechanical,8,16,W,9420
2015/06/24,42,6:12:00 PM,Wednesday,Finch Station,Mechanical,28,58,e,8192
2015/06/24,44,6:17:00 PM,Wednesday,Kipling station,Utilized Off Route,7,12,sb,7928
2015/06/24,196,6:32:00 PM,Wednesday,downsview station,Mechanical,9,18,n,8201
2015/06/24,171,6:35:00 PM,Wednesday,Trethewey and Millinium,Mechanical,20,40,E/B,1647
2015/06/24,29,7:00:00 PM,Wednesday,Dufferin route,General Delay,15,15,B,
2015/06/24,123,7:05:00 PM,Wednesday,Longbranch Loop,Mechanical,26,51,N,7347
2015/06/24,199,7:30:00 PM,Wednesday,Finch at Don Mills,Utilized Off Route,4,8,W/B,1103
2015/06/24,109,7:30:00 PM,Wednesday,Neptune,Mechanical,15,30,e,8340
2015/06/24,43,7:50:00 PM,Wednesday,Kennedy Station,Mechanical,10,20,NB,7539
2015/06/24,43,7:50:00 PM,Wednesday,Kennedy & Lawrence,Diversion,45,55,BW,7582
2015/06/24,63,7:55:00 PM,Wednesday,Ossington Ave. and Dewson St.,Investigation,6,13,S,1570
2015/06/24,25,8:13:00 PM,Wednesday,Pape Station,Mechanical,4,8,NB,7513
2015/06/24,32,8:30:00 PM,Wednesday,Eglinton Ave.West and Marlee Ave.,Mechanical,5,9,E,1046
2015/06/24,47,8:35:00 PM,Wednesday,Yorkadle Rd.at Yorkdale Mall,Mechanical,20,40,S,1573
2015/06/24,111,8:57:00 PM,Wednesday,KIPLING STN,Mechanical,14,27,n/b,7966
2015/06/24,32,9:03:00 PM,Wednesday,Eglinton Ave.West and Jane St.,Investigation,9,18,W,1012
2015/06/24,161,9:10:00 PM,Wednesday,Rogers Rd.and Keele St.,Mechanical,15,30,E,1628
2015/06/24,111,9:10:00 PM,Wednesday,Kipling Station,Mechanical,14,27,N,7966
2015/06/24,35,9:46:00 PM,Wednesday,jane and sheppard,Mechanical,22,44,s/b,1687
2015/06/24,110,9:46:00 PM,Wednesday,ISLINGTON AND EVANS,Mechanical,18,36,n/b,8056
2015/06/24,34,10:29:00 PM,Wednesday,Eglinton and Brentcliff,Investigation,6,12,EB,7545
2015/06/24,113,11:08:00 PM,Wednesday,North Bonnington and Danforth,Emergency Services,24,48,EB,8107
2015/06/25,116,12:43:00 AM,Thursday,Morningside and Nightstar,Mechanical,10,20,SB,7435
2015/06/25,89,12:52:00 AM,Thursday,dundas and keele,Investigation,10,20,n/b,1611
2015/06/25,34,1:15:00 AM,Thursday,Eglinton and Rosemount,Mechanical,14,28,EB,7602
2015/06/25,54,1:15:00 AM,Thursday,Lawrance and Warden,Mechanical,20,40,EB,7657
2015/06/25,54,1:17:00 AM,Thursday,Lawrence Av-Kennedy Rd,Emergency Services,20,40,eb,7591
2015/06/25,54,1:20:00 AM,Thursday,Lawrance RT station,Investigation,20,40,EB,7591
2015/06/25,116,1:20:00 AM,Thursday,Kennedy Station,Mechanical,10,20,EB,7632
2015/06/25,36,1:45:00 AM,Thursday,eglinton stn,Investigation,9,18,s/b,1388
2015/06/25,116,2:37:00 AM,Thursday,Eglinton Av-Danforth Rd,Emergency Services,0,0,eb,7671
2015/06/25,320,3:24:00 AM,Thursday,yonge and athbaska,Mechanical,4,8,n/b,7518
2015/06/25,57,4:35:00 AM,Thursday,Midland & Steeles,Late Leaving Garage,21,42,s/b,7839
2015/06/25,96,4:42:00 AM,Thursday,FIHU,Late Leaving Garage,10,20,E,7232
2015/06/25,26,4:53:00 AM,Thursday,Mt Dennis garage,Late Leaving Garage,10,0,up,1645
2015/06/25,7,4:59:00 AM,Thursday,Wilson Garage,Late Leaving Garage,4,34,S,9038
2015/06/25,100,5:02:00 AM,Thursday,Eglinton Yard,Mechanical,1,1,E,7583
2015/06/25,32,5:22:00 AM,Thursday,mt dennis garage,Late Leaving Garage,19,38,down,1038
2015/06/25,129,5:26:00 AM,Thursday,McCowan & Sheppard,Late Leaving Garage,8,0,NB,1071
2015/06/25,61,5:27:00 AM,Thursday,Wilson Garage,Late Leaving Garage,7,22,S,8371
2015/06/25,39,5:35:00 AM,Thursday,McCowan & Nugget,Mechanical,4,8,NB,1075
2015/06/25,116,5:39:00 AM,Thursday,Morningside & Staines,Mechanical,6,13,E,7491
2015/06/25,34,5:46:00 AM,Thursday,Eglinton Yard,Late Leaving Garage,4,9,,7567
2015/06/25,116,5:54:00 AM,Thursday,Morningside & Nighstar,Late Leaving Garage,6,13,S,7424
2015/06/25,41,5:55:00 AM,Thursday,Keele Station,Mechanical,13,26,n/b,9145
2015/06/25,129,5:56:00 AM,Thursday,Malvern Garage,Late Leaving Garage,0,0,South,1079
2015/06/25,132,5:57:00 AM,Thursday,Brenton Way and Sewells,Late Leaving Garage,5,22,E,1748
2015/06/25,96,5:58:00 AM,Thursday,WBDW,Late Leaving Garage,22,44,E,7243
2015/06/25,85,5:59:00 AM,Thursday,Don Mills station,Late Leaving Garage,17,32,E,9093
2015/06/25,199,6:03:00 AM,Thursday,STC,Late Leaving Garage,3,6,WB,1743
2015/06/25,25,6:04:00 AM,Thursday,don mills and duncan mills,Late Leaving Garage,8,16,s,7440
2015/06/25,100,6:04:00 AM,Thursday,Eglinton Yard,Late Leaving Garage,13,26,,7672
2015/06/25,68,6:04:00 AM,Thursday,angus glen,Mechanical,21,42,s,7490
2015/06/25,90,6:04:00 AM,Thursday,Wilson Garage,Mechanical,10,20,E,9410
2015/06/25,105,6:05:00 AM,Thursday,Dufferin and Confederation,Mechanical,17,34,n,8374
2015/06/25,53,6:07:00 AM,Thursday,Morningside and Staines,Mechanical,12,22,w,9071
2015/06/25,107,6:08:00 AM,Thursday,Wilson Stn,Late Leaving Garage,17,29,n,8332
2015/06/25,106,6:10:00 AM,Thursday,York U. Common,Utilized Off Route,10,20,s,9425
2015/06/25,97,6:16:00 AM,Thursday,Hilda and Steeles,Late Leaving Garage,30,60,s/b,
2015/06/25,199,6:17:00 AM,Thursday,STC,Late Leaving Garage,3,5,WB,1103
2015/06/25,85,6:20:00 AM,Thursday,Meadowvale loop,Late Leaving Garage,5,10,W,9101
2015/06/25,95,6:20:00 AM,Thursday,Scarb College,Late Leaving Garage,10,20,West,1146
2015/06/25,199,6:20:00 AM,Thursday,STC,Utilized Off Route,2,5,WB,1771
2015/06/25,134,6:20:00 AM,Thursday,Scarborough Town Centre,Mechanical,0,0,n,1270
2015/06/25,42,6:22:00 AM,Thursday,Wilson Garage,Mechanical,1,1,E,8338
2015/06/25,76,6:25:00 AM,Thursday,Lakeshore and Mimico,Mechanical,6,12,N,8098
2015/06/25,45,6:29:00 AM,Thursday,KIPLING & STEELES,Mechanical,6,12,S,7347
2015/06/25,29,6:30:00 AM,Thursday,Springhurst loop,Late Leaving Garage,8,16,n/b,9037
2015/06/25,29,6:34:00 AM,Thursday,Dufferin and Bloor,Late Leaving Garage,8,16,n/b,9048
2015/06/25,196,6:36:00 AM,Thursday,York U. Common,Utilized Off Route,9,19,s,9419
2015/06/25,53,6:43:00 AM,Thursday,Passmore and Markham,Mechanical,4,8,w,1117
2015/06/25,7,6:44:00 AM,Thursday,Wilson Garage,Mechanical,8,16,N,9006
2015/06/25,12,6:45:00 AM,Thursday,Victoria Park Stn,Mechanical,14,32,s/b,7782
2015/06/25,45,6:46:00 AM,Thursday,KIPLING & STEELES,Late Leaving Garage,6,12,S,7926
2015/06/25,95,6:47:00 AM,Thursday,Kingston Road Loop,Mechanical,8,16,West,1775
2015/06/25,11,6:51:00 AM,Thursday,Bayview and Steeles loop,Late Leaving Garage,13,26,s/b,8395
2015/06/25,133,6:53:00 AM,Thursday,Scarborough Town Centre,Mechanical,10,20,e,1712
2015/06/25,172,7:00:00 AM,Thursday,Esplande & Lower Sherbourne,Diversion,1,1,B/W,7733
2015/06/25,60,7:05:00 AM,Thursday,Finch stn,Mechanical,7,14,W,1681
2015/06/25,39,7:08:00 AM,Thursday,Neilson & Crow Trail,Mechanical,4,8,WB,1147
2015/06/25,161,7:15:00 AM,Thursday,Caledonia and Rogers,Investigation,13,26,s,1529
2015/06/25,45,7:15:00 AM,Thursday,KIPLING & STEELES,Mechanical,6,12,S,7322
2015/06/25,96,7:22:00 AM,Thursday,"Bathurst,",Mechanical,30,60,W,7202
2015/06/25,37,7:40:00 AM,Thursday,Islington/Westway,Mechanical,8,16,N,7338
2015/06/25,100,7:49:00 AM,Thursday,Concord Place,Mechanical,13,26,EB,7552
2015/06/25,29,7:58:00 AM,Thursday,Springhurst,Mechanical,8,16,n/b,9043
2015/06/25,51,7:59:00 AM,Thursday,Leslie stn,Mechanical,16,36,n/b,8392
2015/06/25,24,8:00:00 AM,Thursday,VP ROUTE,General Delay,6,0,BW,
2015/06/25,191,8:00:00 AM,Thursday,HWY 191 rocket,General Delay,12,18,B,
2015/06/25,36,8:00:00 AM,Thursday,Finch West route,General Delay,10,16,B,
2015/06/25,102,8:20:00 AM,Thursday,Warden Stn,Mechanical,20,40,N,7800
2015/06/25,39,8:30:00 AM,Thursday,Finch station to Neilson & Crow Trail,General Delay,8,11,B/W,1088
2015/06/25,70,8:37:00 AM,Thursday,st.clair and oconnor,General Delay,6,24,bw,
2015/06/25,116,8:45:00 AM,Thursday,Kennedy Station,Mechanical,6,13,EB,7446
2015/06/25,72,9:00:00 AM,Thursday,Carlaw & Lakeshore,General Delay,10,1,B/W,
2015/06/25,6,9:09:00 AM,Thursday,Bay and Bloore,Late Leaving Garage,8,16,s/b,1611
2015/06/25,169,9:33:00 AM,Thursday,Sheppard Stn,Utilized Off Route,8,17,e,8347
2015/06/25,25,9:50:00 AM,Thursday,Donmills Stn,Mechanical,6,12,S/B,7579
2015/06/25,29,9:55:00 AM,Thursday,Wilson stn,Mechanical,4,8,s/b,9053
2015/06/25,84,10:08:00 AM,Thursday,Sheppard Station,Emergency Services,9,11,W,1349
2015/06/25,34,10:47:00 AM,Thursday,Kennedy STN,Investigation,7,17,WB,7415
2015/06/25,196,10:53:00 AM,Thursday,Sheppard Stn,Utilized Off Route,7,17,e,8324
2015/06/25,92,10:57:00 AM,Thursday,Woodbine Stn,Emergency Services,8,16,S/B,7820
2015/06/25,44,11:00:00 AM,Thursday,COL.SMITH LOOP,Mechanical,7,14,N,8016
2015/06/25,51,11:00:00 AM,Thursday,Eglinton stn,Mechanical,25,50,n/b,8392
2015/06/25,68,11:00:00 AM,Thursday,bertrand and warden,Diversion,54,63,s,
2015/06/25,196,11:08:00 AM,Thursday,Downsview stn,Utilized Off Route,3,6,w/b,8354
2015/06/25,38,12:30:00 PM,Thursday,Rouge Hill Go Stn,Mechanical,10,20,West,1704
2015/06/25,32,12:38:00 PM,Thursday,Eglinton Ave.West and Tarlton St.,Investigation,13,26,E,1246
2015/06/25,195,12:50:00 PM,Thursday,Downsview Stn,Mechanical,10,20,N/B,9424
2015/06/25,192,12:58:00 PM,Thursday,KIPLING STN,Mechanical,7,14,NB,8009
2015/06/25,85,1:00:00 PM,Thursday,Don Mills Stn to Rouge Hill Go,General Delay,15,22,E/W,
2015/06/25,109,1:00:00 PM,Thursday,Eglinton wstn / Neptune,General Delay,7,14,B/W,
2015/06/25,34,1:10:00 PM,Thursday,Kennedy STN,Mechanical,8,16,WB,7567
2015/06/25,196,1:25:00 PM,Thursday,Sheppard Stn,Utilized Off Route,7,18,e,8369
2015/06/25,160,1:30:00 PM,Thursday,Wilson stn / Steeles,General Delay,25,35,B/W,
2015/06/25,7,1:30:00 PM,Thursday,Bathurst stn to Steeles,General Delay,20,40,B/W,
2015/06/25,25,1:53:00 PM,Thursday,Pape Station,Mechanical,3,6,NB,7440
2015/06/25,191,2:00:00 PM,Thursday,Hyw27 route,General Delay,14,28,B/W,
2015/06/25,123,2:00:00 PM,Thursday,entire route,General Delay,15,25,b/w,
2015/06/25,32,2:00:00 PM,Thursday,Entire route,General Delay,18,36,B/W,
2015/06/25,41,2:00:00 PM,Thursday,Entire Route,General Delay,40,51,B/W,
2015/06/25,63,2:00:00 PM,Thursday,Entire route,General Delay,10,20,B/W,
2015/06/25,95,2:01:00 PM,Thursday,York Mills and Fenside,Mechanical,7,14,WB,1792
2015/06/25,169,2:20:00 PM,Thursday,Huntingwood and Birchmount,Diversion,48,78,b/w,8323
2015/06/25,64,2:25:00 PM,Thursday,Queen at Wineva,Utilized Off Route,8,16,N/B,7869
2015/06/25,7,2:30:00 PM,Thursday,Bathurst stn,Mechanical,9,18,n,9038
2015/06/25,112,2:30:00 PM,Thursday,KIPLING STN,Mechanical,21,41,nb,8019
2015/06/25,68,2:30:00 PM,Thursday,68 Warden Route,General Delay,8,16,B/B,
2015/06/25,29,2:35:00 PM,Thursday,Springhurst loop,Utilized Off Route,5,10,N,8210
2015/06/25,68,2:39:00 PM,Thursday,Steeles Loop,Late Leaving Garage,8,16,N/B,7681
2015/06/25,7,2:40:00 PM,Thursday,Bathurst and Wilson,Mechanical,7,14,n,1796
2015/06/25,60,2:40:00 PM,Thursday,Finch Station,Late Leaving Garage,14,28,W,1297
2015/06/25,84,2:42:00 PM,Thursday,Sheppard-Yonge stn,Late Leaving Garage,11,22,W/b,1329
2015/06/25,45,2:43:00 PM,Thursday,KIPLING STN,Mechanical,7,10,nb,7318
2015/06/25,73,2:45:00 PM,Thursday,Claireport at Albion,Mechanical,17,37,S,8037
2015/06/25,53,2:45:00 PM,Thursday,Morningside - Staines,Mechanical,22,28,W,1755
2015/06/25,125,2:52:00 PM,Thursday,Antibes,Mechanical,10,20,e,8146
2015/06/25,68,2:54:00 PM,Thursday,Warden Stn,Late Leaving Garage,7,14,S/B,7566
2015/06/25,63,2:54:00 PM,Thursday,Mount Dennis Garage,Mechanical,5,10,S,1612
2015/06/25,165,3:00:00 PM,Thursday,400 and Keele,General Delay,10,15,B/W,51876
2015/06/25,54,3:00:00 PM,Thursday,54 Lawrence Route,General Delay,13,26,B/B,
2015/06/25,47,3:00:00 PM,Thursday,Entire Route,General Delay,35,48,B/W,
2015/06/25,89,3:00:00 PM,Thursday,Entire Route,General Delay,25,32,B/W,
2015/06/25,51,3:00:00 PM,Thursday,Eglinton and Laird to Leslie and at 401,General Delay,25,43,nb,
2015/06/25,96,3:00:00 PM,Thursday,96 Wilson route,General Delay,10,20,B/W,
2015/06/25,11,3:00:00 PM,Thursday,Cummer to Steeles,General Delay,15,30,n,
2015/06/25,102,3:02:00 PM,Thursday,Crown Steel and Royal Crest,Mechanical,1,1,SB,8114
2015/06/25,116,3:11:00 PM,Thursday,Morningside & Nightstar,Investigation,6,12,NB,7599
2015/06/25,42,3:12:00 PM,Thursday,Bayview,Investigation,8,16,w,8393
2015/06/25,195,3:16:00 PM,Thursday,Jane Stn,Mechanical,12,24,N/b,1340
2015/06/25,196,3:16:00 PM,Thursday,Sheppard Stn,Utilized Off Route,8,16,S,8363
2015/06/25,40,3:21:00 PM,Thursday,Dundas at Pacific,Investigation,10,20,W,8028
2015/06/25,129,3:22:00 PM,Thursday,Scar Town,Late Leaving Garage,15,30,N,1402
2015/06/25,24,3:30:00 PM,Thursday,VICTORIA PARK ROUTE,General Delay,8,0,BW,
2015/06/25,97,3:30:00 PM,Thursday,Yonge Route,General Delay,47,63,b/w,
2015/06/25,6,3:30:00 PM,Thursday,Bay St.and Richmond St.,Utilized Off Route,5,11,N,1014
2015/06/25,63,3:30:00 PM,Thursday,Shaw St.and Queen St.West,Utilized Off Route,5,10,N,1203
2015/06/25,134,3:33:00 PM,Thursday,Centennial College Loop,Mechanical,9,18,W,1082
2015/06/25,35,3:35:00 PM,Thursday,Jane Stn,Mechanical,5,10,N/b,1547
2015/06/25,89,3:45:00 PM,Thursday,St. Clair and Weston,Utilized Off Route,9,16,SB,1610
2015/06/25,127,3:45:00 PM,Thursday,Townsley Loop,Mechanical,20,40,EB,1516
2015/06/25,36,4:00:00 PM,Thursday,Finch route,General Delay,15,30,B/W,
2015/06/25,108,4:00:00 PM,Thursday,Entire 108 Downsview Route,General Delay,8,16,B/W,
2015/06/25,59,4:00:00 PM,Thursday,Entire 59 Maple Leaf Route,General Delay,7,14,B/W,
2015/06/25,60,4:00:00 PM,Thursday,Entire 60 Steeles West Route,General Delay,12,24,B/W,
2015/06/25,42,4:00:00 PM,Thursday,Cummer Route,General Delay,37,45,b/w,
2015/06/25,23,4:00:00 PM,Thursday,Dawes rd route,General Delay,10,20,BW,7808
2015/06/25,53,4:15:00 PM,Thursday,Finch Station to Morningside/Staines,General Delay,21,30,B/W,
2015/06/25,88,4:17:00 PM,Thursday,St Clair Station,Utilized Off Route,15,30,e,8351
2015/06/25,95,4:23:00 PM,Thursday,York Mills Station,Mechanical,4,8,EB,1717
2015/06/25,132,4:30:00 PM,Thursday,STC to Hupfield and Sewells,General Delay,13,29,E/W,
2015/06/25,73,4:30:00 PM,Thursday,Albion at Claireport to royal York Station,General Delay,15,35,BW,
2015/06/25,95,4:30:00 PM,Thursday,Entire Route,General Delay,15,1,BW,
2015/06/25,131,4:32:00 PM,Thursday,Nugget and Shorting,Mechanical,10,20,WB,1722
2015/06/25,192,4:36:00 PM,Thursday,sb hwy 427,General Delay,18,25,sb,
2015/06/25,37,4:47:00 PM,Thursday,Islington/ Bergamot,Mechanical,19,38,w,8032
2015/06/25,39,4:48:00 PM,Thursday,Finch Route,General Delay,11,22,B/W,1747
2015/06/25,34,4:48:00 PM,Thursday,Eglinton and Laird,Investigation,4,8,WB,7636
2015/06/25,47,4:52:00 PM,Thursday,Earlscourt Loop,Mechanical,13,26,SB,1502
2015/06/25,122,5:00:00 PM,Thursday,Graydon hall route,General Delay,20,30,B,
2015/06/25,165,5:00:00 PM,Thursday,Wilson station,Mechanical,8,16,e/b,1347
2015/06/25,129,5:00:00 PM,Thursday,McCowan Steeles to Maj Mac,General Delay,20,37,BW,
2015/06/25,133,5:11:00 PM,Thursday,Finch and Morningside,Investigation,8,17,E,1816
2015/06/25,22,5:11:00 PM,Thursday,North of upper Gerrard at Coxwell,Diversion,47,55,S/B,7769
2015/06/25,46,5:12:00 PM,Thursday,Kipling station,Mechanical,11,22,s,1685
2015/06/25,43,5:17:00 PM,Thursday,Kennedy and Shopshire,Investigation,9,18,NB,7585
2015/06/25,35,5:25:00 PM,Thursday,Langstaff rd to Jane Stn,General Delay,5,10,B/w,7903
2015/06/25,85,5:29:00 PM,Thursday,Sheppard @ Vic Park,Mechanical,6,12,W,1720
2015/06/25,84,5:37:00 PM,Thursday,Arroow rd and Sheppard to Weston rd,General Delay,11,22,B/w,1228
2015/06/25,45,5:40:00 PM,Thursday,KIPLING STN,Utilized Off Route,9,18,nb,8012
2015/06/25,45,5:40:00 PM,Thursday,KIPLING STN,Utilized Off Route,9,18,NB,8012
2015/06/25,195,5:44:00 PM,Thursday,Steeles and Nortwest Gate,Mechanical,12,24,E/b,1354
2015/06/25,86,6:01:00 PM,Thursday,Eglinton & Cedar,Mechanical,11,22,EB,7577
2015/06/25,64,6:04:00 PM,Thursday,Kingston Rd at South wood,Emergency Services,8,16,S/B,8127
2015/06/25,63,6:16:00 PM,Thursday,eglinton west stn,Investigation,10,20,e/b,1018
2015/06/25,199,6:45:00 PM,Thursday,Finch route,General Delay,5,10,B/W,1729
2015/06/25,97,6:48:00 PM,Thursday,Davisville Station,Mechanical,37,67,n,7049
2015/06/25,23,6:50:00 PM,Thursday,Ferris and Glenburn,Mechanical,10,20,NB,7808
2015/06/25,76,7:12:00 PM,Thursday,Royal York Station,Utilized Off Route,6,12,S,7948
2015/06/25,196,7:21:00 PM,Thursday,Downsview Station,Utilized Off Route,3,6,N,8126
2015/06/25,132,7:42:00 PM,Thursday,STC,Mechanical,22,44,E,1108
2015/06/25,6,7:44:00 PM,Thursday,Bay St. and Richmond St.,Utilized Off Route,15,30,N,1565
2015/06/25,87,8:25:00 PM,Thursday,Main Station,Mechanical,12,24,WB,7752
2015/06/25,190,8:38:00 PM,Thursday,Don Mills Station,Mechanical,5,10,WB,7482
2015/06/25,32,8:39:00 PM,Thursday,Eglinton Ave.West and Keele St.,Mechanical,4,9,W,1677
2015/06/25,70,8:55:00 PM,Thursday,O'Connor and Sunrise,Diversion,320,344,BW,
2015/06/25,12,9:00:00 PM,Thursday,Victoria Park Station,Mechanical,20,40,EB,7802
2015/06/25,75,9:20:00 PM,Thursday,Sherbourne and Bloor,Investigation,15,30,s,8379
2015/06/25,64,9:26:00 PM,Thursday,Main and Kingston rd,Emergency Services,15,30,SB,7786
2015/06/25,36,9:49:00 PM,Thursday,humberwood loop,Mechanical,8,16,e/b,9130
2015/06/25,37,9:49:00 PM,Thursday,ISLINGTON AT REXDALE,Mechanical,23,46,N/B,7941
2015/06/25,47,9:54:00 PM,Thursday,royce loop and lansdowne,Investigation,20,40,s/b,1551
2015/06/25,7,10:57:00 PM,Thursday,Bathurst and Yrokview,Mechanical,10,20,n,1796
2015/06/25,57,11:00:00 PM,Thursday,Steeles and Midland,Mechanical,15,30,SB,8108
2015/06/25,42,11:05:00 PM,Thursday,Finch Station,Mechanical,20,40,E,8393
2015/06/25,165,11:10:00 PM,Thursday,ormount and weston,Mechanical,15,30,e/b,1399
2015/06/25,190,11:11:00 PM,Thursday,Scarborough Town Centre,Mechanical,15,30,WB,7545
2015/06/25,84,11:15:00 PM,Thursday,Sheppard & Senlac,Diversion,1,1,W,1687
2015/06/25,130,11:39:00 PM,Thursday,STC SRT,Mechanical,30,60,,9071
2015/06/25,190,11:45:00 PM,Thursday,DonMills Station,Mechanical,15,30,EB,7631
2015/06/25,102,11:57:00 PM,Thursday,Linden and St Clair,Emergency Services,33,66,NB,7694
2015/06/26,97,12:15:00 AM,Friday,Davisville Station,Mechanical,15,30,n,8341
2015/06/26,1,1:04:00 AM,Friday,Eglinton station,Utilized Off Route,3,6,n,1822
2015/06/26,41,1:20:00 AM,Friday,founders and steeles,Mechanical,21,42,s/b,9148
2015/06/26,192,1:42:00 AM,Friday,KIPLING STN,Mechanical,8,18,n/b,8007
2015/06/26,305,1:57:00 AM,Friday,Eglinton Stn,Mechanical,30,60,eb,
2015/06/26,321,3:17:00 AM,Friday,Ellesmere and VP,Investigation,30,60,eb,1723
2015/06/26,319,3:58:00 AM,Friday,martingrove and gionsprings,Mechanical,30,60,s/b,1347
2015/06/26,35,4:48:00 AM,Friday,HULL,Late Leaving Garage,10,25,S,1732
2015/06/26,70,5:00:00 AM,Friday,Oconner and Sunrise,Diversion,10,0,W,
2015/06/26,34,5:09:00 AM,Friday,Brimley and Eglinton,Late Leaving Garage,18,36,W,7564
2015/06/26,35,5:15:00 AM,Friday,HULL,Late Leaving Garage,11,21,S,1291
2015/06/26,100,5:20:00 AM,Friday,Eglinton Station,Late Leaving Garage,16,32,s,7630
2015/06/26,39,5:22:00 AM,Friday,Finch & Baldoon,Late Leaving Garage,5,9,EB,1771
2015/06/26,68,5:23:00 AM,Friday,Warden and Steeles,Late Leaving Garage,12,24,S,7634
2015/06/26,116,5:26:00 AM,Friday,Morningside & Staines,Mechanical,8,15,E,7496
2015/06/26,319,5:36:00 AM,Friday,Armel court and Albion,Mechanical,30,1,W,1286
2015/06/26,67,5:38:00 AM,Friday,Pharmacy and Ellesmere,Late Leaving Garage,24,28,s,7611
2015/06/26,71,5:43:00 AM,Friday,mt. dennis,Late Leaving Garage,15,30,down,1632
2015/06/26,45,5:44:00 AM,Friday,KIPLING & STEELES,Late Leaving Garage,10,20,S,8090
2015/06/26,46,5:48:00 AM,Friday,Steeles and MGRV loop,Mechanical,15,30,S,1286
2015/06/26,57,5:50:00 AM,Friday,Passmore and Midland,Mechanical,9,18,SB,7876
2015/06/26,116,5:54:00 AM,Friday,Morningside & Nighstar,Late Leaving Garage,6,13,S,7526
2015/06/26,191,5:57:00 AM,Friday,Martin grove and Royalcrest,Late Leaving Garage,6,14,N,7917
2015/06/26,168,5:58:00 AM,Friday,Dundas West Station,Late Leaving Garage,5,13,E,7331
2015/06/26,59,6:02:00 AM,Friday,Church /jane,Late Leaving Garage,12,24,W,1337
2015/06/26,35,6:04:00 AM,Friday,JSTE,Late Leaving Garage,5,10,S,1374
2015/06/26,54,6:08:00 AM,Friday,Lawrence Ave and Starspray,Late Leaving Garage,5,10,W,7528
2015/06/26,11,6:13:00 AM,Friday,Lawrencw and Bayview,Late Leaving Garage,10,27,n,8344
2015/06/26,7,6:18:00 AM,Friday,Wilson Garage,Late Leaving Garage,8,49,S,9022
2015/06/26,59,6:19:00 AM,Friday,Lawrence Stn,Late Leaving Garage,12,24,W,1366
2015/06/26,79,6:20:00 AM,Friday,Pine,Late Leaving Garage,12,24,s,1631
2015/06/26,199,6:20:00 AM,Friday,STC,Late Leaving Garage,2,5,WB,1084
2015/06/26,79,6:20:00 AM,Friday,Pine,Mechanical,12,24,s,1000
2015/06/26,84,6:23:00 AM,Friday,Keele,Mechanical,9,17,E,1356
2015/06/26,51,6:28:00 AM,Friday,Townsend and Freshmeadow,Late Leaving Garage,12,24,W/B,
2015/06/26,32,6:29:00 AM,Friday,eglinton and scarlett,Late Leaving Garage,6,12,down,1635
2015/06/26,54,6:30:00 AM,Friday,Lawrence Ave and Star spray,Mechanical,9,18,W,7412
2015/06/26,32,6:31:00 AM,Friday,mt dennis,Late Leaving Garage,11,22,down,1595
2015/06/26,53,6:31:00 AM,Friday,Morningside and Staines,Mechanical,2,14,w,9085
2015/06/26,195,6:32:00 AM,Friday,JSTE,Late Leaving Garage,12,24,S,1302
2015/06/26,29,6:39:00 AM,Friday,Duffufferin and Tycos,Late Leaving Garage,8,16,s/b,9043
2015/06/26,49,6:39:00 AM,Friday,BLOOR & MARKLAND,Late Leaving Garage,7,15,E,8042
2015/06/26,196,6:41:00 AM,Friday,York U. Common,Utilized Off Route,5,10,s,9020
2015/06/26,196,6:46:00 AM,Friday,York U. Common,Late Leaving Garage,10,19,s,9417
2015/06/26,144,6:52:00 AM,Friday,Don Mills and Duncan Mills,Late Leaving Garage,20,40,S,7470
2015/06/26,107,6:57:00 AM,Friday,Downsview Stn,Investigation,11,29,n,8355
2015/06/26,25,7:05:00 AM,Friday,Don Mills and Leslie,Utilized Off Route,4,8,N,7427
2015/06/26,196,7:08:00 AM,Friday,York U. Common,Utilized Off Route,4,13,s,9031
2015/06/26,7,7:16:00 AM,Friday,Wilson Garage,Late Leaving Garage,6,13,S,9011
2015/06/26,53,7:29:00 AM,Friday,Steeles and Lauraleaf,Emergency Services,5,10,w,9101
2015/06/26,43,7:47:00 AM,Friday,Kennedy Stn,Mechanical,10,20,NB,7423
2015/06/26,75,8:01:00 AM,Friday,Sherbourne and Bloor,Mechanical,7,14,S/B,8150
2015/06/26,73,8:23:00 AM,Friday,Royal York Station,Late Leaving Garage,17,33,N,8088
2015/06/26,79,8:30:00 AM,Friday,Runnymede stn,Mechanical,10,20,n,1253
2015/06/26,25,8:46:00 AM,Friday,Don Mills Station,Utilized Off Route,3,6,SB,7466
2015/06/26,38,8:53:00 AM,Friday,Roughe Hill GO Stn,Mechanical,10,20,West,1403
2015/06/26,191,8:57:00 AM,Friday,Kipling station,Mechanical,5,12,N,7949
2015/06/26,42,9:21:00 AM,Friday,Yonge and Cummer,Investigation,24,48,s/b,8367
2015/06/26,12,9:27:00 AM,Friday,Kennedy Station,Mechanical,21,41,WB,7842
2015/06/26,196,10:07:00 AM,Friday,Downsview stn,Mechanical,6,12,e,8359
2015/06/26,38,10:10:00 AM,Friday,Lawson and Port Union,Mechanical,10,20,West,1147
2015/06/26,192,10:31:00 AM,Friday,KIPLING STATION,Mechanical,1,1,N,8000
2015/06/26,40,10:40:00 AM,Friday,Dundas West Station,Utilized Off Route,10,20,N,7907
2015/06/26,44,10:40:00 AM,Friday,COL.SAMUEL SMITH LOOP,Utilized Off Route,8,16,N,7954
2015/06/26,71,10:47:00 AM,Friday,Mt Dennis division,Mechanical,24,48,N,1636
2015/06/26,29,11:00:00 AM,Friday,Dufferin and Lawrence s/b,General Delay,15,19,s/b,
2015/06/26,11,11:00:00 AM,Friday,Bayview and Post rd,Diversion,0,0,s/b,8357
2015/06/26,172,11:12:00 AM,Friday,Wellington and Bay,Investigation,10,20,W,7763
2015/06/26,7,11:54:00 AM,Friday,Bathurst Station,Mechanical,5,14,N,9008
2015/06/26,130,12:00:00 PM,Friday,McCowan/Sheppard,Mechanical,30,60,DN,1117
2015/06/26,162,12:20:00 PM,Friday,Bayview & Lawrence,General Delay,30,60,,
2015/06/26,35,12:30:00 PM,Friday,Entire route,General Delay,15,30,B/W,
2015/06/26,84,12:30:00 PM,Friday,Entire route,General Delay,10,20,B/W,
2015/06/26,195,12:30:00 PM,Friday,Entitre route,General Delay,15,30,B/W,
2015/06/26,196,12:53:00 PM,Friday,Sheppard Stn,Utilized Off Route,10,20,,8158
2015/06/26,130,1:00:00 PM,Friday,STC to Steeles,General Delay,15,45,N/S,
2015/06/26,85,1:00:00 PM,Friday,Don Mills Stn to Rouge Hill,General Delay,15,23,E/W,
2015/06/26,168,1:00:00 PM,Friday,Dundas West Station to Avon Loop,General Delay,15,25,BW,
2015/06/26,42,1:17:00 PM,Friday,Finch Stn,Emergency Services,12,24,,8134
2015/06/26,89,1:18:00 PM,Friday,Ray and Weston,Mechanical,9,18,SB,1017
2015/06/26,54,1:22:00 PM,Friday,Leslie and Lawrence,Mechanical,12,24,E,7437
2015/06/26,71,1:23:00 PM,Friday,Windermere and Queensway,Investigation,12,24,WB,1665
2015/06/26,76,1:38:00 PM,Friday,Royal York at Bloor,Mechanical,9,18,N,7341
2015/06/26,88,1:40:00 PM,Friday,St Clair Stn,Mechanical,15,30,,8142
2015/06/26,90,1:50:00 PM,Friday,St. Clair W. Stn,Mechanical,8,16,W/B,8168
2015/06/26,196,1:58:00 PM,Friday,Downsview stn,Utilized Off Route,3,6,n,8351
2015/06/26,191,2:00:00 PM,Friday,hyw427 route,General Delay,12,24,B/W,
2015/06/26,89,2:00:00 PM,Friday,Entire Route,General Delay,25,32,B/W,
2015/06/26,32,2:00:00 PM,Friday,Entire route,General Delay,40,40,BW,
2015/06/26,41,2:00:00 PM,Friday,Entire Route,General Delay,30,41,B/W,
2015/06/26,54,2:00:00 PM,Friday,Leslie and Lawrence,General Delay,12,0,b/w,
2015/06/26,53,2:00:00 PM,Friday,Finch Station - Pamk/MOFI,General Delay,15,20,B/W's,
2015/06/26,36,2:00:00 PM,Friday,Finch Route,General Delay,15,30,B/W,
2015/06/26,196,2:00:00 PM,Friday,Downsview stn,Mechanical,2,4,n,9436
2015/06/26,29,2:00:00 PM,Friday,Dufferin st. Lawrence to Playfair,General Delay,20,20,B,
2015/06/26,102,2:18:00 PM,Friday,Warden Station,Utilized Off Route,11,22,NB,7811
2015/06/26,42,2:19:00 PM,Friday,Bayview & Lawrence,Mechanical,12,24,,8340
2015/06/26,196,2:27:00 PM,Friday,Downsview stn,Utilized Off Route,10,20,n,9020
2015/06/26,70,2:30:00 PM,Friday,St Clair and Oconner,General Delay,8,0,b/w,
2015/06/26,127,2:30:00 PM,Friday,Entire Route,General Delay,15,35,B/W,
2015/06/26,53,2:33:00 PM,Friday,Steeles/Firebrace,Emergency Services,12,24,WB,1091
2015/06/26,29,2:35:00 PM,Friday,Springhurst loop,Utilized Off Route,5,10,N,8210
2015/06/26,35,2:35:00 PM,Friday,Jane Station,Utilized Off Route,20,40,N,1205
2015/06/26,109,2:35:00 PM,Friday,Ranee Rte,General Delay,20,30,S/B,
2015/06/26,7,2:35:00 PM,Friday,Bathurst/Ranee,Utilized Off Route,9,18,S/B,9022
2015/06/26,127,2:37:00 PM,Friday,Davenport and Dufferin,Diversion,157,177,EB,1599
2015/06/26,165,2:41:00 PM,Friday,York Mills Station,Utilized Off Route,9,24,W,1310
2015/06/26,74,2:45:00 PM,Friday,Mt Pleasant Loop,Mechanical,15,30,s,8365
2015/06/26,37,3:00:00 PM,Friday,woodbine race track,Mechanical,18,36,n/b,8056
2015/06/26,37,3:00:00 PM,Friday,WOODBINE RACE TRACK,General Delay,20,25,B/W,
2015/06/26,59,3:05:00 PM,Friday,Lawrence West Station,Mechanical,13,26,W,1373
2015/06/26,191,3:11:00 PM,Friday,Kipling station,Mechanical,6,12,n,8406
2015/06/26,161,3:14:00 PM,Friday,Scott & Rogers,Investigation,15,31,e/b,1048
2015/06/26,25,3:17:00 PM,Friday,Don Mills / Lawrence,Mechanical,4,8,SB,7479
2015/06/26,54,3:24:00 PM,Friday,Lawrence and Brimley,Investigation,13,26,W,7510
2015/06/26,60,3:25:00 PM,Friday,Signal Hill and Steeles,Late Leaving Garage,7,14,W,1209
2015/06/26,32,3:30:00 PM,Friday,Eglinton west station,Mechanical,5,10,eb,1244
2015/06/26,73,3:30:00 PM,Friday,Royal York Station to Claireport at Albion,General Delay,20,40,BW,
2015/06/26,96,3:32:00 PM,Friday,WILSON AVE @ CLAYSON,Mechanical,26,54,W,7208
2015/06/26,86,3:34:00 PM,Friday,Meadowvale Loop,Mechanical,10,20,E/B,7612
2015/06/26,32,3:47:00 PM,Friday,Lawrence and Pine,Mechanical,7,14,EB,1565
2015/06/26,60,4:00:00 PM,Friday,60 Stelees West Route,General Delay,7,14,B/W,
2015/06/26,95,4:03:00 PM,Friday,Ellesmere RT,Mechanical,10,20,WB,1351
2015/06/26,60,4:03:00 PM,Friday,Bathurst and Steeles,Mechanical,7,14,W,1231
2015/06/26,25,4:07:00 PM,Friday,Pape Station,Late Leaving Garage,4,8,NB,7429
2015/06/26,94,4:08:00 PM,Friday,Castle Frank Station,Mechanical,20,40,NB,7831
2015/06/26,88,4:13:00 PM,Friday,St Clair Station,Utilized Off Route,15,30,e,8314
2015/06/26,199,4:15:00 PM,Friday,B/W,General Delay,10,15,B/W,
2015/06/26,31,4:33:00 PM,Friday,hiltz and Queen,Mechanical,13,25,NB,7722
2015/06/26,102,4:36:00 PM,Friday,Warden Station,Utilized Off Route,11,22,NB,7862
2015/06/26,63,4:43:00 PM,Friday,Ossington Ave. and College St.,Mechanical,5,10,S,1675
2015/06/26,53,4:49:00 PM,Friday,Steeles/Fenton,Investigation,7,14,EB,1826
2015/06/26,85,4:55:00 PM,Friday,Sheppard @ Shaughnessy,Diversion,105,121,E,1727
2015/06/26,86,5:04:00 PM,Friday,Bellamy Rd,Mechanical,11,12,N/B,7639
2015/06/26,95,5:14:00 PM,Friday,York Mills and Birchwood,Mechanical,4,8,EB,1797
2015/06/26,54,5:17:00 PM,Friday,Eglinton and Laird,Investigation,10,20,W,7618
2015/06/26,110,5:29:00 PM,Friday,Islington/Queensway,Mechanical,15,22,n,8025
2015/06/26,107,5:34:00 PM,Friday,Kodiak,Mechanical,11,22,n,8324
2015/06/26,100,5:42:00 PM,Friday,Grenoble and Gateway,Mechanical,5,10,EB,7621
2015/06/26,68,5:49:00 PM,Friday,Warden Station,Mechanical,35,70,S,7657
2015/06/26,94,6:04:00 PM,Friday,Wellsley…Curch to Yonge,Diversion,10,20,BW,
2015/06/26,53,6:10:00 PM,Friday,Steeles/Waggoners Wells,Investigation,5,10,EB,1777
2015/06/26,42,6:12:00 PM,Friday,Finch Station,Investigation,28,58,e,8308
2015/06/26,129,6:37:00 PM,Friday,Scar Town,Mechanical,5,11,N,1819
2015/06/26,135,6:37:00 PM,Friday,Gerrard and Ted Reeves,Mechanical,20,40,WB,7836
2015/06/26,52,6:47:00 PM,Friday,Terminal 3,Mechanical,6,13,E/B,1670
2015/06/26,90,7:10:00 PM,Friday,Vaughan Rd/Humewood,Mechanical,8,16,S/B,8311
2015/06/26,190,7:15:00 PM,Friday,DonMills Station,Mechanical,8,16,EB,7467
2015/06/26,198,7:30:00 PM,Friday,Miltry Trail and Ellesmere,Mechanical,12,24,NB,7454
2015/06/26,84,7:54:00 PM,Friday,Jane and Sheppard,Mechanical,10,20,W,1223
2015/06/26,46,8:18:00 PM,Friday,Martin Grove,Mechanical,11,22,s,1714
2015/06/26,130,8:20:00 PM,Friday,McCowan and Pitfield,Diversion,26,54,S,1753
2015/06/26,199,8:21:00 PM,Friday,Pitfiled at McCowan,Diversion,1,1,S/B,1114
2015/06/26,112,8:21:00 PM,Friday,KIPLING STN,Mechanical,15,30,nb,7948
2015/06/26,57,8:36:00 PM,Friday,Midland and Steeles,Mechanical,12,24,N/B,7797
2015/06/26,11,8:44:00 PM,Friday,Davisville and Acadia,Mechanical,10,20,w,8216
2015/06/26,51,8:52:00 PM,Friday,Eglinton Station,Mechanical,24,48,n,8346
2015/06/26,116,9:00:00 PM,Friday,11Morningside Route,General Delay,12,22,BW,
2015/06/26,29,9:19:00 PM,Friday,Croatia,Investigation,5,10,70470,9001
2015/06/26,165,9:40:00 PM,Friday,Wilson & Weston,Mechanical,10,20,E,1219
2015/06/26,29,9:55:00 PM,Friday,Dufferin and Rogers,Diversion,210,216,b/w,9016
2015/06/26,63,10:27:00 PM,Friday,caniff and strachan,Investigation,10,20,s/b,1325
2015/06/26,53,10:45:00 PM,Friday,Finch station,Mechanical,9,18,E,1799
2015/06/26,32,10:55:00 PM,Friday,eglinton and duplex,Investigation,12,24,e/b,1578
2015/06/26,86,11:00:00 PM,Friday,Eglinton and Markham,Investigation,10,20,WB,7601
2015/06/27,168,12:06:00 AM,Saturday,dundas west station,Utilized Off Route,12,24,n,8054
2015/06/27,86,12:33:00 AM,Saturday,Meadowvale & Dean Pk,Mechanical,10,20,SB,7622
2015/06/27,79,12:35:00 AM,Saturday,liberty,Utilized Off Route,1,1,n/b,1007
2015/06/27,40,12:54:00 AM,Saturday,Dundas/Runnymede,Investigation,20,40,S,7337
2015/06/27,70,1:05:00 AM,Saturday,O'Connor and Hutton Ave,Mechanical,30,60,EB,7681
2015/06/27,1,1:30:00 AM,Saturday,Yonge and York Mills,Mechanical,3,6,s,1717
2015/06/27,54,2:00:00 AM,Saturday,Lawrance RT station,Utilized Off Route,20,40,EB,7536
2015/06/27,116,2:34:00 AM,Saturday,Kennedy station,Mechanical,15,47,E,7499
2015/06/27,309,3:24:00 AM,Saturday,Weston rd on Finch ave,Mechanical,30,60,W,1807
2015/06/27,29,5:10:00 AM,Saturday,Wilson Garage,Late Leaving Garage,10,20,,9052
2015/06/27,7,5:15:00 AM,Saturday,Wilson Garage,Late Leaving Garage,10,20,,8359
2015/06/27,29,5:23:00 AM,Saturday,Wilson Equipment,Late Leaving Garage,15,15,,9008
2015/06/27,130,5:40:00 AM,Saturday,Malvern garage,Late Leaving Garage,1,1,wb,1071
2015/06/27,29,5:44:00 AM,Saturday,Wilson Garage,Late Leaving Garage,8,15,,9043
2015/06/27,52,5:45:00 AM,Saturday,Lawrence W stn,Late Leaving Garage,24,48,w,1611
2015/06/27,94,5:47:00 AM,Saturday,WELLESLEY/JARVIS,Diversion,999,999,BW,7722
2015/06/27,97,5:55:00 AM,Saturday,Wilson Garage,Mechanical,30,30,,8305
2015/06/27,53,6:05:00 AM,Saturday,Malvern garage,Late Leaving Garage,1,1,wb,1135
2015/06/27,29,6:29:00 AM,Saturday,Wilson Stn,Utilized Off Route,8,16,,8383
2015/06/27,104,6:29:00 AM,Saturday,Wilson garage,Mechanical,14,28,,8189
2015/06/27,172,6:50:00 AM,Saturday,CARLAW,Mechanical,10,20,W,7687
2015/06/27,196,6:55:00 AM,Saturday,Sheppard Stn,Late Leaving Garage,20,40,,8343
2015/06/27,35,6:59:00 AM,Saturday,jane stn,Mechanical,8,16,N,84
2015/06/27,122,7:15:00 AM,Saturday,Yorkmills Stn,Mechanical,30,60,,8393
2015/06/27,26,7:26:00 AM,Saturday,St George stn,Mechanical,24,48,w,1548
2015/06/27,81,7:45:00 AM,Saturday,THORNCLIFFE PRK,Late Leaving Garage,15,30,S,7702
2015/06/27,172,7:50:00 AM,Saturday,CARLAW,Utilized Off Route,10,20,W,7687
2015/06/27,29,7:52:00 AM,Saturday,Wilson Garage,Mechanical,5,10,,9028
2015/06/27,29,7:54:00 AM,Saturday,Bridgeland & Dufferin,Emergency Services,6,12,,8383
2015/06/27,172,7:56:00 AM,Saturday,YORK,Utilized Off Route,10,20,E,7779
2015/06/27,95,7:57:00 AM,Saturday,York Mills/ Lesmill,Mechanical,20,40,WB,1128
2015/06/27,168,8:00:00 AM,Saturday,Dundas West Station,Utilized Off Route,11,21,N,7319
2015/06/27,40,8:00:00 AM,Saturday,Dundas west Station to Runnymede Loop,General Delay,15,1,BW,
2015/06/27,72,8:03:00 AM,Saturday,CHERRY ST,Utilized Off Route,10,20,N,7754
2015/06/27,44,8:03:00 AM,Saturday,Col Sam smith Loop,Utilized Off Route,10,20,N,8052
2015/06/27,45,8:03:00 AM,Saturday,Kipling Station,Utilized Off Route,10,20,N,7928
2015/06/27,81,8:15:00 AM,Saturday,PAPE STN,Utilized Off Route,1,1,S,7701
2015/06/27,5,8:30:00 AM,Saturday,Bloor St & Avenue Rd,Diversion,185,205,,8307
2015/06/27,32,8:32:00 AM,Saturday,Eglinton and Skymark,Mechanical,10,20,e,1034
2015/06/27,29,8:51:00 AM,Saturday,Wilson Garage,Late Leaving Garage,5,10,,9038
2015/06/27,100,8:59:00 AM,Saturday,Broadview stn,Investigation,9,18,S/B,7591
2015/06/27,98,9:00:00 AM,Saturday,Willowdale Senlac,General Delay,20,30,BW,
2015/06/27,34,9:00:00 AM,Saturday,Eglinton Stn,Late Leaving Garage,6,12,W/B,7679
2015/06/27,168,9:14:00 AM,Saturday,Dundas West Station,Late Leaving Garage,10,20,N,7303
2015/06/27,29,9:14:00 AM,Saturday,Dufferin and Dupont,Mechanical,5,10,S,9044
2015/06/27,24,9:25:00 AM,Saturday,S/B EGLINTON,Investigation,10,20,S,7788
2015/06/27,111,9:31:00 AM,Saturday,Kipling station,Mechanical,19,37,N,7305
2015/06/27,20,9:44:00 AM,Saturday,HIGHVIEW/LILLINGTON,Investigation,18,38,W,7745
2015/06/27,32,9:55:00 AM,Saturday,Eglinton stn,Mechanical,10,20,e,1605
2015/06/27,29,10:00:00 AM,Saturday,Cne loop to Wilson ave,General Delay,30,15,s,
2015/06/27,100,10:01:00 AM,Saturday,Broadview Stn,Mechanical,9,18,W/B,7524
2015/06/27,32,10:12:00 AM,Saturday,Pine and Wright,Mechanical,10,20,e,1678
2015/06/27,95,10:39:00 AM,Saturday,York Mills & Banbury,Mechanical,10,20,WB,1147
2015/06/27,41,10:40:00 AM,Saturday,York U Commoms,Mechanical,12,24,SB,1027
2015/06/27,11,10:40:00 AM,Saturday,Bayview and Steeles,Mechanical,24,48,S,8312
2015/06/27,71,10:56:00 AM,Saturday,Rockcliffe and Corbett,Mechanical,16,32,s,1553
2015/06/27,35,10:58:00 AM,Saturday,Jane Station,Emergency Services,10,20,N/B,1215
2015/06/27,709,11:00:00 AM,Saturday,Eglinton stn,Utilized Off Route,1,1,e,1048
2015/06/27,6,11:05:00 AM,Saturday,Bay and Dundas,Utilized Off Route,12,24,SB,1606
2015/06/27,42,11:23:00 AM,Saturday,Finch stn,Mechanical,12,24,E,8363
2015/06/27,46,11:39:00 AM,Saturday,Martingrove and West-Humber,Mechanical,15,30,S,1231
2015/06/27,89,11:39:00 AM,Saturday,Weston and Albion,Mechanical,10,20,SB,1049
2015/06/27,29,11:45:00 AM,Saturday,Dufferin and Springhurst,Investigation,5,11,s,9040
2015/06/27,29,11:50:00 AM,Saturday,Dufferin and springhurst,Emergency Services,30,33,s,9019
2015/06/27,21,11:54:00 AM,Saturday,Kennedy Stn,Late Leaving Garage,13,26,S/B,7731
2015/06/27,97,11:58:00 AM,Saturday,Davisville stn,Utilized Off Route,15,30,N,8139
2015/06/27,52,11:58:00 AM,Saturday,Lawrence and Jane,Mechanical,21,42,e/b,1637
2015/06/27,199,12:00:00 PM,Saturday,Finch station to STC,General Delay,8,12,B/W,1895
2015/06/27,95,12:00:00 PM,Saturday,York Mills station to Kingston Rd. Loop,General Delay,8,12,B/W,1755
2015/06/27,89,12:17:00 PM,Saturday,Keele station,Investigation,10,20,NB,1005
2015/06/27,75,12:17:00 PM,Saturday,Queens Quay and Lower Jarvis,Mechanical,9,18,E,8151
2015/06/27,56,12:28:00 PM,Saturday,Duplex and Eglinton,Mechanical,24,48,E,8135
2015/06/27,95,12:31:00 PM,Saturday,Kingston Rd. Loop,Late Leaving Garage,15,30,WB,1086
2015/06/27,52,12:31:00 PM,Saturday,The westway and Martingrove,Late Leaving Garage,10,19,e/b,1573
2015/06/27,85,12:40:00 PM,Saturday,Sheppard/Gateford,Mechanical,5,10,EB,1076
2015/06/27,52,12:42:00 PM,Saturday,Lawrence and Jane,Mechanical,11,19,w/b,1592
2015/06/27,75,1:00:00 PM,Saturday,Sherbourne Route,General Delay,25,35,BW,
2015/06/27,96,1:00:00 PM,Saturday,Entire route,General Delay,15,30,B/W,
2015/06/27,165,1:00:00 PM,Saturday,Entire route,General Delay,15,30,B/W,
2015/06/27,84,1:00:00 PM,Saturday,Entire route,General Delay,10,20,B/W,
2015/06/27,86,1:00:00 PM,Saturday,Meadowvale  & kingston Rd,Mechanical,10,20,SB,7505
2015/06/27,133,1:04:00 PM,Saturday,Centennary Hospital Loop,Mechanical,9,18,N,1130
2015/06/27,21,1:26:00 PM,Saturday,2466 Eglinton Avenue East,Investigation,13,26,S/B,7857
2015/06/27,54,1:34:00 PM,Saturday,Lawrence RT STN,Mechanical,15,30,WB,7407
2015/06/27,29,1:50:00 PM,Saturday,Dufferin and Dufferin Park,Mechanical,3,6,n,9019
2015/06/27,192,1:52:00 PM,Saturday,Kipling Station,Mechanical,7,18,N,8008
2015/06/27,102,1:57:00 PM,Saturday,Dynamic & McNicoll,Mechanical,10,20,s/b,7771
2015/06/27,84,1:57:00 PM,Saturday,Downsview Station,Mechanical,6,12,E,1380
2015/06/27,35,2:00:00 PM,Saturday,Jane Station to Steeles,General Delay,6,14,B/W,
2015/06/27,195,2:00:00 PM,Saturday,Jane Station to York U Commons,General Delay,8,15,B/W,
2015/06/27,94,2:00:00 PM,Saturday,Wellesley & Jarvis,Diversion,130,142,BW,
2015/06/27,47,2:00:00 PM,Saturday,Entire route,General Delay,30,30,BW,
2015/06/27,29,2:05:00 PM,Saturday,Dufferin and Dundas,Utilized Off Route,3,6,n,8338
2015/06/27,7,2:11:00 PM,Saturday,Bathurst Station,Utilized Off Route,8,15,nb,8359
2015/06/27,161,2:14:00 PM,Saturday,Ossington Station,Utilized Off Route,12,24,N/B,1013
2015/06/27,63,2:15:00 PM,Saturday,liberty,Utilized Off Route,7,14,n/b,1224
2015/06/27,75,2:18:00 PM,Saturday,Queens Quay and Lower Jarvis,Utilized Off Route,9,18,N,8171
2015/06/27,29,2:20:00 PM,Saturday,Dufferin and King,Utilized Off Route,3,6,s,8386
2015/06/27,47,2:20:00 PM,Saturday,Queena and Lasdowne.,Utilized Off Route,18,36,SB,1669
2015/06/27,6,2:20:00 PM,Saturday,Bay and Queens Quay,Utilized Off Route,12,24,SB,1031
2015/06/27,109,2:20:00 PM,Saturday,Marlee and Eglinton,Mechanical,15,30,S,8144
2015/06/27,192,2:22:00 PM,Saturday,Kipling Station,Mechanical,7,15,N,8000
2015/06/27,116,2:30:00 PM,Saturday,116 MorningSide Route,General Delay,7,14,B/w,
2015/06/27,73,2:35:00 PM,Saturday,St. Phillips/ Dixon Rd.,Investigation,13,26,S,8095
2015/06/27,103,2:42:00 PM,Saturday,Doncliffe loop,Mechanical,20,40,S,8318
2015/06/27,52,2:53:00 PM,Saturday,Royal York and Dixon,Mechanical,5,10,W/B,1019
2015/06/27,161,3:05:00 PM,Saturday,Dovercourt and Shanly,Mechanical,12,24,S/B,1059
2015/06/27,89,3:14:00 PM,Saturday,Keele station,Mechanical,10,20,NB,1659
2015/06/27,80,3:15:00 PM,Saturday,Sherway Gardens,Mechanical,24,48,E,7962
2015/06/27,80,3:15:00 PM,Saturday,Sherway Gardens,Mechanical,24,48,E,7962
2015/06/27,85,3:19:00 PM,Saturday,Don Mills Stn,Mechanical,5,10,E,1126
2015/06/27,66,3:20:00 PM,Saturday,"On Berry, at Bell Manor",Investigation,15,30,E,8088
2015/06/27,87,3:22:00 PM,Saturday,Main Station,Utilized Off Route,12,25,w/b,7855
2015/06/27,100,3:23:00 PM,Saturday,Broadview station,Utilized Off Route,10,19,NB,7454
2015/06/27,25,3:24:00 PM,Saturday,PAPE STATION,Utilized Off Route,5,11,NB,7661
2015/06/27,161,3:25:00 PM,Saturday,Rogers rd. and Silverthorn,Mechanical,12,24,E/B,1026
2015/06/27,84,3:36:00 PM,Saturday,Sheppard and Rivalda,Emergency Services,6,12,E,1346
2015/06/27,85,3:40:00 PM,Saturday,Don Mills Stn,Mechanical,22,44,W,1145
2015/06/27,45,3:43:00 PM,Saturday,Kipling Station,Mechanical,9,19,N,8091
2015/06/27,29,3:43:00 PM,Saturday,Springhurst Loop,Utilized Off Route,3,7,nb,8338
2015/06/27,7,3:43:00 PM,Saturday,Bathurst Station,Utilized Off Route,8,15,nb,8359
2015/06/27,63,3:45:00 PM,Saturday,spadina and king,Utilized Off Route,7,14,e/b,1224
2015/06/27,161,3:45:00 PM,Saturday,King and Spadina,Utilized Off Route,12,24,N/B,1013
2015/06/27,73,3:56:00 PM,Saturday,Royal York Station,Mechanical,13,26,N,8057
2015/06/27,100,4:03:00 PM,Saturday,Overlea / Thorncliffe Park West,Investigation,10,19,SB,7539
2015/06/27,25,4:14:00 PM,Saturday,Pape Station,Mechanical,6,10,NB,7480
2015/06/27,129,4:15:00 PM,Saturday,Finch ave on McCowan,Mechanical,14,21,S,1779
2015/06/27,123,4:24:00 PM,Saturday,Longbranch Loop,Mechanical,20,40,N,8085
2015/06/27,709,4:24:00 PM,Saturday,eglinton west stn,Utilized Off Route,1,1,e/b,1239
2015/06/27,76,4:25:00 PM,Saturday,Lakeshore at Norris,Utilized Off Route,9,18,N,8056
2015/06/27,709,4:26:00 PM,Saturday,black creek and eglinton,Utilized Off Route,1,1,e/b,1608
2015/06/27,48,4:28:00 PM,Saturday,Royal York Station,Utilized Off Route,15,30,W,7343
2015/06/27,172,4:29:00 PM,Saturday,Carlaw approaching Commissioner,Mechanical,10,20,S/B,7779
2015/06/27,123,4:30:00 PM,Saturday,Kipling station to Longbranch loop,General Delay,20,40,BW,
2015/06/27,53,4:35:00 PM,Saturday,Steeles route,General Delay,6,12,B/W,1718
2015/06/27,39,4:40:00 PM,Saturday,Finch station,Mechanical,12,19,EB,1282
2015/06/27,84,4:41:00 PM,Saturday,Downview Station,Investigation,6,12,W,1512
2015/06/27,84,4:47:00 PM,Saturday,Downview Station,Investigation,6,12,W,1355
2015/06/27,104,4:52:00 PM,Saturday,Downsview Stn,Mechanical,14,28,s,8380
2015/06/27,85,4:55:00 PM,Saturday,ZOO,Mechanical,5,10,W,1090
2015/06/27,26,5:00:00 PM,Saturday,Annette and Jane,Mechanical,24,48,WB,1599
2015/06/27,40,5:02:00 PM,Saturday,Runnymede Loop,Mechanical,10,20,S,7312
2015/06/27,199,5:09:00 PM,Saturday,Finch station,Emergency Services,7,14,EB,1781
2015/06/27,102,5:09:00 PM,Saturday,Warden Station,Mechanical,10,20,n/b,7747
2015/06/27,34,5:24:00 PM,Saturday,1911 Eglinton,Investigation,6,12,E/w,6533
2015/06/27,34,5:24:00 PM,Saturday,Eglinton & Petman,Mechanical,6,12,EB,7534
2015/06/27,161,5:46:00 PM,Saturday,Dovercourt and Shanly,Mechanical,12,24,N/B,1059
2015/06/27,22,5:51:00 PM,Saturday,Bingham loop,Mechanical,9,17,w/b,7842
2015/06/27,72,6:25:00 PM,Saturday,Cherry and Commisioners,Mechanical,10,20,NB,7716
2015/06/27,72,6:26:00 PM,Saturday,Cherry and Commisioners,Mechanical,10,20,NB,7815
2015/06/27,85,6:37:00 PM,Saturday,Meadowvale Loop,Mechanical,5,10,E,1800
2015/06/27,81,6:38:00 PM,Saturday,Pape Station,Utilized Off Route,8,15,nb,7770
2015/06/27,199,6:47:00 PM,Saturday,STC,Utilized Off Route,7,14,W,1082
2015/06/27,131,6:48:00 PM,Saturday,STC,Mechanical,18,36,E,1127
2015/06/27,196,7:00:00 PM,Saturday,Downsivew Station,Utilized Off Route,10,20,n,8179
2015/06/27,22,7:00:00 PM,Saturday,Coxwell Station,Utilized Off Route,9,17,s/b,7689
2015/06/27,53,7:14:00 PM,Saturday,Midland on Steeles,Mechanical,6,18,W,1104
2015/06/27,86,7:30:00 PM,Saturday,Kennedy STN,Mechanical,10,20,EB,7455
2015/06/27,113,7:42:00 PM,Saturday,Danforth & Kennedy,Mechanical,18,42,70295W,7707
2015/06/27,85,7:57:00 PM,Saturday,Don Mills Stn,Mechanical,19,37,W,1391
2015/06/27,17,8:06:00 PM,Saturday,Warden Stn,Utilized Off Route,1,1,E,7719
2015/06/27,52,8:09:00 PM,Saturday,Martingrove and westway,Mechanical,11,22,E/B,1218
2015/06/27,30,8:42:00 PM,Saturday,"On Dundas, at Humber Hill Ave.",Investigation,30,60,W,7348
2015/06/27,32,8:50:00 PM,Saturday,Eglinton and Gilbert,Mechanical,5,10,E/B,1508
2015/06/27,124,8:55:00 PM,Saturday,Lawrence Station,Mechanical,20,40,E,8371
2015/06/27,35,9:05:00 PM,Saturday,jane and mapleleaf,Diversion,145,24,n/b,7935
2015/06/27,11,9:05:00 PM,Saturday,Davisville Station,Utilized Off Route,20,40,n,8388
2015/06/27,39,9:08:00 PM,Saturday,Finch at Markham,Mechanical,10,20,W/B,1825
2015/06/27,51,9:08:00 PM,Saturday,Eglinton Station,Utilized Off Route,1,1,n,8388
2015/06/27,45,9:12:00 PM,Saturday,"On Kipling, at Bethridge",Diversion,43,53,N,
2015/06/27,192,9:39:00 PM,Saturday,Kipling Station,Mechanical,8,16,N,8004
2015/06/27,199,9:40:00 PM,Saturday,Finch Stn,Utilized Off Route,10,20,W/B,1334
2015/06/27,127,9:45:00 PM,Saturday,spadina and macpherson,Investigation,20,40,n/b,1003
2015/06/27,66,9:50:00 PM,Saturday,Humber Loop,Utilized Off Route,21,36,N,8081
2015/06/27,7,9:50:00 PM,Saturday,Bathurst Station,Utilized Off Route,9,18,n,8148
2015/06/27,45,9:59:00 PM,Saturday,Kipling Station,Utilized Off Route,10,20,N,7971
2015/06/27,29,10:00:00 PM,Saturday,Duferin and Queen,Diversion,13,21,s,9015
2015/06/27,79,10:03:00 PM,Saturday,runnymede stn,Utilized Off Route,17,34,n/b,1007
2015/06/27,29,10:05:00 PM,Saturday,Dufferin and Eglinton,Mechanical,8,16,s,8165
2015/06/27,63,10:10:00 PM,Saturday,harbord and ossington,Mechanical,10,20,n/b,1510
2015/06/27,25,10:15:00 PM,Saturday,Don Mills & Eglitnon,Mechanical,10,20,NB,7459
2015/06/27,196,10:36:00 PM,Saturday,Downsview Station,Mechanical,12,24,n,8205
2015/06/27,64,10:36:00 PM,Saturday,Queen and Wineva,Mechanical,30,60,SB,7854
2015/06/27,24,10:39:00 PM,Saturday,Victoria Park Station,Utilized Off Route,10,20,NB,7686
2015/06/27,21,10:55:00 PM,Saturday,STC,Mechanical,20,40,SB,7799
2015/06/27,35,11:05:00 PM,Saturday,jane and finch,Mechanical,7,14,n/b,7905
2015/06/27,36,11:52:00 PM,Saturday,humberwood lopp,Mechanical,8,16,n/b,1361
2015/06/28,92,12:18:00 AM,Sunday,Ashbridges bay,Mechanical,10,20,SB,8109
2015/06/28,29,12:33:00 AM,Sunday,CNE west loop,Utilized Off Route,10,20,n,9026
2015/06/28,43,12:37:00 AM,Sunday,Kennedy and Ellesmere,Mechanical,9,18,SB,7417
2015/06/28,7,12:47:00 AM,Sunday,Bathurst Station,Utilized Off Route,10,20,n,8396
2015/06/28,320,2:26:00 AM,Sunday,yonge and yorkmills,Mechanical,4,8,s/b,8196
2015/06/28,310,3:08:00 AM,Sunday,bathurst wilson,Mechanical,4,8,s/b,8156
2015/06/28,353,5:20:00 AM,Sunday,Yonge and Steeles,Investigation,30,60,e/b,1799
2015/06/28,320,5:47:00 AM,Sunday,Yonge Steeles Loop,Mechanical,3,6,S,7464
2015/06/28,320,5:55:00 AM,Sunday,Queens Quay,Mechanical,3,6,s/b,7481
2015/06/28,320,6:00:00 AM,Sunday,Quens Quay,Mechanical,3,6,E,7612
2015/06/28,300,6:36:00 AM,Sunday,Danforth and Danforth,Late Leaving Garage,12,24,w/b,7446
2015/06/28,86,6:42:00 AM,Sunday,Metro Zoo,Mechanical,9,18,wb,7659
2015/06/28,300,7:00:00 AM,Sunday,Entire Route,General Delay,12,24,B/W's,
2015/06/28,310,7:05:00 AM,Sunday,Ex loop,Mechanical,12,24,s/b,8143
2015/06/28,85,7:06:00 AM,Sunday,Warden and Sheppard,Investigation,20,40,e/b,1780
2015/06/28,53,7:06:00 AM,Sunday,Morningside - Staines Rd,Late Leaving Garage,27,54,W,1727
2015/06/28,30,7:07:00 AM,Sunday,KIPLING STATION,Mechanical,7,60,E,7326
2015/06/28,300,7:18:00 AM,Sunday,Danforth and Danforth,Utilized Off Route,14,18,W/B,7675
2015/06/28,124,7:40:00 AM,Sunday,Lawrence Stn,Late Leaving Garage,20,40,E/B,8205
2015/06/28,300,7:43:00 AM,Sunday,Bloor and Bedford,Mechanical,12,22,W/b,7815
2015/06/28,320,7:45:00 AM,Sunday,Gerrard and Yonge,Investigation,3,6,s/b,7579
2015/06/28,34,8:00:00 AM,Sunday,Kennedy stn,Mechanical,10,20,wb,7438
2015/06/28,29,8:07:00 AM,Sunday,CNE,Mechanical,10,20,S/B,8188
2015/06/28,191,8:09:00 AM,Sunday,Martin Grove Loop,Mechanical,15,30,,7906
2015/06/28,106,8:10:00 AM,Sunday,Wilson Stn,Mechanical,30,60,N/B,8210
2015/06/28,165,8:11:00 AM,Sunday,Yormills STN,Mechanical,10,20,W,1296
2015/06/28,60,8:15:00 AM,Sunday,York U Commons,Mechanical,15,30,S,1359
2015/06/28,35,8:17:00 AM,Sunday,Jane/Lambton,Mechanical,15,30,S,1554
2015/06/28,165,8:18:00 AM,Sunday,YorkMills STN,Utilized Off Route,10,20,S,1237
2015/06/28,43,8:18:00 AM,Sunday,Kennedy rd Passmore,Mechanical,8,17,nb,7522
2015/06/28,165,8:18:00 AM,Sunday,Go Loop Major Mac/400,Mechanical,30,60,S,1360
2015/06/28,34,8:20:00 AM,Sunday,Kennedy stn,Mechanical,10,20,wb,7523
2015/06/28,116,8:20:00 AM,Sunday,Moringside Staines,Mechanical,8,17,wb,7653
2015/06/28,300,8:24:00 AM,Sunday,Danforth and Danforth,Late Leaving Garage,6,12,W/B,7908
2015/06/28,199,8:25:00 AM,Sunday,Scar Town Centre Station,Late Leaving Garage,10,20,W,1069
2015/06/28,36,8:27:00 AM,Sunday,Jane,Mechanical,11,22,E/B,7951
2015/06/28,52,8:29:00 AM,Sunday,Lawrence stn,Late Leaving Garage,24,48,w/b,1249
2015/06/28,66,8:33:00 AM,Sunday,Humber Loop,Late Leaving Garage,7,37,N,8079
2015/06/28,199,8:35:00 AM,Sunday,Scar Town Centre Station,Late Leaving Garage,10,20,W,1146
2015/06/28,54,8:45:00 AM,Sunday,Eglinton stn,Mechanical,15,30,eb,7617
2015/06/28,54,8:52:00 AM,Sunday,Eglinton stn,Mechanical,7,15,eb,7546
2015/06/28,120,8:52:00 AM,Sunday,Jane and Sheppard,Mechanical,23,46,,1215
2015/06/28,195,8:55:00 AM,Sunday,Commons,Mechanical,10,20,N,1706
2015/06/28,66,8:58:00 AM,Sunday,Lakeshore at Marine Parade,Late Leaving Garage,22,49,N,8080
2015/06/28,123,9:00:00 AM,Sunday,Longbranch Loop,Late Leaving Garage,12,36,N,8092
2015/06/28,32,9:00:00 AM,Sunday,Eglinton and Dufferin,Mechanical,30,60,W/b,1006
2015/06/28,59,9:00:00 AM,Sunday,Oak/Weston,Mechanical,30,60,E,1205
2015/06/28,86,9:04:00 AM,Sunday,Kennedy stn,Mechanical,8,15,eb,7677
2015/06/28,44,9:07:00 AM,Sunday,Col. Sam Smith Loop,Late Leaving Garage,10,20,N,7965
2015/06/28,111,9:09:00 AM,Sunday,Kipling Staion,Utilized Off Route,15,30,N,7315
2015/06/28,95,9:14:00 AM,Sunday,York Mills Station,Late Leaving Garage,20,40,e/b,1725
2015/06/28,6,9:15:00 AM,Sunday,Bedford & Dupont,Mechanical,15,30,s/b,1011
2015/06/28,107,9:23:00 AM,Sunday,Keele/Hwy 7,Mechanical,60,120,N/B,9442
2015/06/28,196,9:27:00 AM,Sunday,Commons,Utilized Off Route,8,16,N/B,9445
2015/06/28,84,9:28:00 AM,Sunday,Sheppard STN,Late Leaving Garage,10,20,W,1339
2015/06/28,190,9:34:00 AM,Sunday,Scarborough Town Centre,Mechanical,16,32,EB,7594
2015/06/28,68,9:36:00 AM,Sunday,Warden Bamburgh Circle,Investigation,24,46,sb,7624
2015/06/28,41,9:39:00 AM,Sunday,Grandravine & Keele,Mechanical,10,20,n/b,1034
2015/06/28,199,9:45:00 AM,Sunday,Finch - Warden,Mechanical,10,20,W,1398
2015/06/28,116,9:48:00 AM,Sunday,Kennedy Station,Mechanical,8,15,NB,7551
2015/06/28,85,9:51:00 AM,Sunday,404 and Sheppard,Mechanical,16,22,w/b,1771
2015/06/28,39,9:52:00 AM,Sunday,Malvern garage,Late Leaving Garage,8,16,E,1091
2015/06/28,36,9:55:00 AM,Sunday,Finch and Dufferin,Mechanical,6,12,w/b,1229
2015/06/28,172,9:59:00 AM,Sunday,York and Wellington,Investigation,10,20,W/B,7720
2015/06/28,54,10:00:00 AM,Sunday,Lawrence Markham rd,Utilized Off Route,7,15,WB,7634
2015/06/28,85,10:00:00 AM,Sunday,Entire Route,General Delay,11,16,B/W's,
2015/06/28,67,10:08:00 AM,Sunday,Victoria Park Station,Mechanical,24,48,NB,7643
2015/06/28,709,10:17:00 AM,Sunday,Eglinton West Stationj,Utilized Off Route,1,1,E/B,1652
2015/06/28,29,10:20:00 AM,Sunday,Dufferin and St Clair,Utilized Off Route,6,12,s,8319
2015/06/28,86,10:25:00 AM,Sunday,Toronto Zoo,Mechanical,7,14,58917,7471
2015/06/28,16,10:28:00 AM,Sunday,STC,Mechanical,12,24,SB,7804
2015/06/28,199,10:45:00 AM,Sunday,Scar Town Centre Station,Mechanical,10,20,E,1321
2015/06/28,107,11:05:00 AM,Sunday,Sheppard and Chesswood,Mechanical,30,60,s,8310
2015/06/28,52,11:10:00 AM,Sunday,Marlee & Lawrence,Investigation,24,48,w/b,1022
2015/06/28,85,11:18:00 AM,Sunday,Toronto Zoo,Late Leaving Garage,5,11,w/b,1724
2015/06/28,133,11:20:00 AM,Sunday,Entire Route,General Delay,12,24,B/W's,
2015/06/28,196,11:28:00 AM,Sunday,Downsview Stn.,Utilized Off Route,8,16,s,8310
2015/06/28,68,11:30:00 AM,Sunday,Warden stn,Mechanical,10,52,nb,7596
2015/06/28,133,11:36:00 AM,Sunday,Scarborough Town Center,Mechanical,12,24,e/b,1401
2015/06/28,709,11:48:00 AM,Sunday,Eglinton West station,Utilized Off Route,1,1,E/B,1585
2015/06/28,68,11:50:00 AM,Sunday,Warden stn,Mechanical,10,20,nb,7429
2015/06/28,161,11:53:00 AM,Sunday,Lambton & Jane,Mechanical,15,24,s/b,1021
2015/06/28,66,11:53:00 AM,Sunday,humber loop,Utilized Off Route,20,40,n/b,8085
2015/06/28,199,11:55:00 AM,Sunday,Scarborough Town Center,Utilized Off Route,10,20,w/b,1786
2015/06/28,125,11:56:00 AM,Sunday,Bathurst and antibes,Late Leaving Garage,15,30,s,8156
2015/06/28,29,11:59:00 AM,Sunday,Wilson Stn,Late Leaving Garage,4,9,s,9423
2015/06/28,32,12:00:00 PM,Sunday,Eglinton and Trethewey,Utilized Off Route,11,22,W/B,1613
2015/06/28,40,12:00:00 PM,Sunday,Route 40 Junction,General Delay,1,1,b/w,
2015/06/28,66,12:00:00 PM,Sunday,Route 66 Prince edward,General Delay,1,1,b/w,
2015/06/28,76,12:01:00 PM,Sunday,Lakeshore/Royl York,Utilized Off Route,9,18,n/b,8057
2015/06/28,7,12:03:00 PM,Sunday,Bathurst/Village Gate,Mechanical,7,14,S/B,8385
2015/06/28,23,12:10:00 PM,Sunday,Main Station,Late Leaving Garage,10,20,NB,7704
2015/06/28,29,12:14:00 PM,Sunday,downsview Stn,Utilized Off Route,4,8,s,8313
2015/06/28,9,12:20:00 PM,Sunday,STC,Late Leaving Garage,20,40,SB,7767
2015/06/28,111,12:20:00 PM,Sunday,KIPLINGSTATIN,Late Leaving Garage,11,24,N,8043
2015/06/28,36,12:28:00 PM,Sunday,Finch station,Mechanical,5,10,w/b,1689
2015/06/28,52,12:32:00 PM,Sunday,Lawrence West stn,Late Leaving Garage,8,16,w/b,1508
2015/06/28,73,12:34:00 PM,Sunday,Royal York stn.,Mechanical,23,46,s/b,7306
2015/06/28,86,12:35:00 PM,Sunday,Bellamy / Eglinton,Mechanical,7,15,WB,7578
2015/06/28,17,12:38:00 PM,Sunday,Warden Station,Late Leaving Garage,15,30,NB,8122
2015/06/28,102,12:38:00 PM,Sunday,Warden Station,Utilized Off Route,11,21,NB,8112
2015/06/28,53,1:00:00 PM,Sunday,Finch Station to Morningside/Staines,General Delay,8,12,B/W,
2015/06/28,39,1:25:00 PM,Sunday,Finch - Skymark,Mechanical,9,17,W,1705
2015/06/28,192,1:30:00 PM,Sunday,KIPLING STATION,Mechanical,8,16,N,8004
2015/06/28,24,1:36:00 PM,Sunday,Victoria Park Stn,Utilized Off Route,8,16,NB,7695
2015/06/28,100,1:40:00 PM,Sunday,Broadview station,Utilized Off Route,9,17,nb,7518
2015/06/28,95,1:44:00 PM,Sunday,Ellesmere at Markham Rd,Investigation,20,40,E/B,1235
2015/06/28,69,1:49:00 PM,Sunday,Kingston and Birchmount,Investigation,10,20,E/B,8113
2015/06/28,24,1:52:00 PM,Sunday,Main Stn,Utilized Off Route,5,16,S/B,7695
2015/06/28,41,1:55:00 PM,Sunday,Keele and Rogers,Mechanical,9,18,SB,1622
2015/06/28,47,2:00:00 PM,Sunday,Entire Route,General Delay,25,34,B/W,
2015/06/28,29,2:00:00 PM,Sunday,Eglinton to Wilson Ave,General Delay,40,15,,
2015/06/28,96,2:23:00 PM,Sunday,Wilson Stn.,Emergency Services,30,60,E,1417
2015/06/28,35,2:23:00 PM,Sunday,Jane St @ York gate,Mechanical,12,24,S,7913
2015/06/28,102,2:30:00 PM,Sunday,Warden Station,Utilized Off Route,10,21,NB,7706
2015/06/28,6,2:30:00 PM,Sunday,Bay and Lansdowne,Diversion,65,77,SB,1024
2015/06/28,89,2:30:00 PM,Sunday,Keele Station,Mechanical,10,20,NB,1566
2015/06/28,199,2:34:00 PM,Sunday,Finch - Warden,Mechanical,9,18,E,1799
2015/06/28,35,3:06:00 PM,Sunday,Finch West On Jane Street,Mechanical,12,24,S,7925
2015/06/28,54,3:20:00 PM,Sunday,54 Lawrence Route,General Delay,8,16,B/W,
2015/06/28,29,3:28:00 PM,Sunday,Cne Loop,Mechanical,4,8,n,8147
2015/06/28,35,3:36:00 PM,Sunday,Lawrence Av on Jane /st,Mechanical,11,21,N,1751
2015/06/28,102,3:53:00 PM,Sunday,Warden Station,Utilized Off Route,10,21,NB,7825
2015/06/28,6,4:00:00 PM,Sunday,Entire Route,General Delay,30,42,B/W,
2015/06/28,30,4:04:00 PM,Sunday,HIGH PARK STN,Mechanical,30,60,E,7958
2015/06/28,32,4:15:00 PM,Sunday,Eglinton Ave.West and Oakwood Ave.,Mechanical,6,11,E,1028
2015/06/28,7,4:57:00 PM,Sunday,Drewry Av/Bathurst,Mechanical,8,16,SB,8385
2015/06/28,5,5:00:00 PM,Sunday,Killberry/Avenue Rd,Diversion,20,40,SB,8172
2015/06/28,53,5:22:00 PM,Sunday,Steeles - Kennedy,Investigation,26,52,E,1817
2015/06/28,76,5:42:00 PM,Sunday,ROYAL YORK & QUEENSWAY,Investigation,10,20,N,7907
2015/06/28,102,5:50:00 PM,Sunday,Warden Station,Utilized Off Route,10,21,NB,7865
2015/06/28,116,5:53:00 PM,Sunday,Kennedy Station,Mechanical,7,14,NB,7449
2015/06/28,54,6:15:00 PM,Sunday,Forman aven,Mechanical,10,20,E/B,7479
2015/06/28,132,7:00:00 PM,Sunday,Scar Town Centre Station,Mechanical,30,60,E,1800
2015/06/28,191,7:35:00 PM,Sunday,hwy 27 eva rd,Mechanical,10,20,s/b,1296
2015/06/28,7,7:50:00 PM,Sunday,Brooke Av/Bathurst St,Mechanical,8,16,Nb,8339
2015/06/28,54,8:05:00 PM,Sunday,Lawrence & Markham,Mechanical,19,38,EB,7541
2015/06/28,29,8:20:00 PM,Sunday,St Clair,Mechanical,10,20,s,8190
2015/06/28,29,8:22:00 PM,Sunday,Springhurst loop,Utilized Off Route,10,20,n,8215
2015/06/28,102,8:45:00 PM,Sunday,Warden Station,Utilized Off Route,12,24,NB,8123
2015/06/28,39,9:11:00 PM,Sunday,Tapscott on Finch,Mechanical,9,17,W,1795
2015/06/28,109,9:19:00 PM,Sunday,Lwstn,Mechanical,23,46,n,8388
2015/06/28,25,9:30:00 PM,Sunday,25 Don Mills Route,General Delay,24,20,BW,
2015/06/28,37,9:40:00 PM,Sunday,Rexdale and Queensplate E/B,Diversion,27,54,E/B,8066
2015/06/28,37,9:50:00 PM,Sunday,Queensways and Highway 27,Diversion,27,54,w/B,7928
2015/06/28,37,10:25:00 PM,Sunday,Queensplate and Rexdale E/B and W/B,Diversion,54,54,E/B,7969
2015/06/28,29,10:29:00 PM,Sunday,Springhurst loop,Utilized Off Route,9,18,n,9443
2015/06/28,46,10:47:00 PM,Sunday,martingrove and steeles,Emergency Services,20,40,s/b,1511
2015/06/28,161,11:21:00 PM,Sunday,Rogers/Silverthorne,Mechanical,20,40,E/B,1001
2015/06/28,108,11:55:00 PM,Sunday,downsview stn,Mechanical,14,28,s/b,1388
2015/06/29,125,12:00:00 AM,Monday,Finch stn,Mechanical,30,60,w,8207
2015/06/29,35,12:22:00 AM,Monday,jane and weston,Mechanical,9,18,n/b,1688
2015/06/29,1,12:43:00 AM,Monday,Yorkmills stn,Mechanical,4,9,s,1682
2015/06/29,116,1:04:00 AM,Monday,Morningside & Night star,Mechanical,10,20,WB,7540
2015/06/29,36,1:18:00 AM,Monday,finch and kipling,Mechanical,12,24,e/b,1359
2015/06/29,71,3:52:00 AM,Monday,Runnymede and Maher,Investigation,24,48,n/b,1615
2015/06/29,300,3:53:00 AM,Monday,Warden and Danforth,Late Leaving Garage,30,60,wb,7696
2015/06/29,310,4:00:00 AM,Monday,wilson and bathurst,Mechanical,20,40,n/b,8166
2015/06/29,311,4:34:00 AM,Monday,LAKESHORE,Mechanical,15,30,N,7436
2015/06/29,25,4:45:00 AM,Monday,Eglinton Yard,Mechanical,1,1,ob,7492
2015/06/29,36,4:51:00 AM,Monday,Humberwood loop,Late Leaving Garage,3,10,e,9124
2015/06/29,40,4:56:00 AM,Monday,DUNDAS WEST STN,Mechanical,12,12,wb,7968
2015/06/29,37,5:03:00 AM,Monday,ISLINGTON AND NEW TORONTO,Mechanical,15,48,nb,7346
2015/06/29,25,5:05:00 AM,Monday,Pape stn,Mechanical,25,40,nb,7492
2015/06/29,95,5:20:00 AM,Monday,Kingston Rd loop,Late Leaving Garage,7,17,W/B,1824
2015/06/29,165,5:20:00 AM,Monday,Yorkmills Stn,Mechanical,15,30,E,7235
2015/06/29,7,5:21:00 AM,Monday,Bathurst/Wilson,Mechanical,20,30,S,9005
2015/06/29,32,5:22:00 AM,Monday,Keele and Eglinton,Late Leaving Garage,13,13,e/B,1014
2015/06/29,70,5:22:00 AM,Monday,Eglinton Yard,Mechanical,1,1,eb,7538
2015/06/29,108,5:23:00 AM,Monday,Stong,Late Leaving Garage,10,20,s,1380
2015/06/29,36,5:27:00 AM,Monday,Arrow rd/Finch,Late Leaving Garage,5,10,w,9132
2015/06/29,67,5:29:00 AM,Monday,Eglinton Yard,Mechanical,1,1,E,7599
2015/06/29,60,5:30:00 AM,Monday,M/Grove Loop,Mechanical,10,20,E,1374
2015/06/29,35,5:30:00 AM,Monday,Jane stn,Late Leaving Garage,5,10,N,1370
2015/06/29,39,5:31:00 AM,Monday,Finch/Baldoon,Mechanical,4,8,EB,1823
2015/06/29,84,5:32:00 AM,Monday,Rivalda,Late Leaving Garage,10,20,W,1263
2015/06/29,54,5:37:00 AM,Monday,Eglinton Yard,Mechanical,1,1,ob,7453
2015/06/29,35,5:45:00 AM,Monday,Jane stn,Late Leaving Garage,10,20,N,1360
2015/06/29,54,5:48:00 AM,Monday,Star Spray Loop,Mechanical,9,18,wb,7417
2015/06/29,105,5:48:00 AM,Monday,Confederatiion and Dufferin,Late Leaving Garage,30,47,n,8312
2015/06/29,85,5:49:00 AM,Monday,Rouge Hill GO Station,Mechanical,11,22,WB,9084
2015/06/29,68,5:50:00 AM,Monday,Warden Stn,Mechanical,10,15,N,7540
2015/06/29,224,5:53:00 AM,Monday,Hooper and Woodbine,Diversion,10,20,NB,7444
2015/06/29,116,5:54:00 AM,Monday,Morningside & Nightstar,Late Leaving Garage,6,13,S,7429
2015/06/29,75,5:55:00 AM,Monday,Sherbourne/Bloor,Utilized Off Route,9,18,S,8309
2015/06/29,60,5:57:00 AM,Monday,,Mechanical,10,20,,1222
2015/06/29,47,5:59:00 AM,Monday,Yorkdale mall,Late Leaving Garage,16,35,S/B,1201
2015/06/29,195,6:00:00 AM,Monday,Steeles,Late Leaving Garage,10,20,S,1574
2015/06/29,100,6:01:00 AM,Monday,Eglinton Stn,Mechanical,16,26,E,7580
2015/06/29,59,6:02:00 AM,Monday,Church St,Late Leaving Garage,13,26,W,1227
2015/06/29,32,6:07:00 AM,Monday,Eglinton Station,Late Leaving Garage,5,10,W/B,1536
2015/06/29,7,6:08:00 AM,Monday,Bathurst/Wilson,Mechanical,11,25,S,9018
2015/06/29,190,6:11:00 AM,Monday,STC,Mechanical,10,20,EB,7676
2015/06/29,50,6:15:00 AM,Monday,Mill Road Loop,Late Leaving Garage,13,26,e/b,7307
2015/06/29,54,6:17:00 AM,Monday,Lawrence rt,Mechanical,17,34,eb,7583
2015/06/29,53,6:18:00 AM,Monday,Finch Station,Mechanical,6,13,e,1402
2015/06/29,96,6:20:00 AM,Monday,Yorkmills STN,Mechanical,10,20,E,7200
2015/06/29,165,6:20:00 AM,Monday,Yorkmills STN,Mechanical,20,40,W,1534
2015/06/29,84,6:20:00 AM,Monday,Downsview Stn,Mechanical,10,20,W,1789
2015/06/29,129,6:22:00 AM,Monday,Scarborough Town Ctr Stn,Mechanical,5,10,N,1814
2015/06/29,95,6:23:00 AM,Monday,Kingston Rd Loop,Mechanical,8,16,W,1142
2015/06/29,34,6:23:00 AM,Monday,Eglinton Stn,Mechanical,5,9,E,7404
2015/06/29,190,6:23:00 AM,Monday,STC,Mechanical,4,8,wb,7552
2015/06/29,85,6:23:00 AM,Monday,Malvern Garage,Late Leaving Garage,11,22,EB,9065
2015/06/29,43,6:25:00 AM,Monday,Kennedy Stn,Mechanical,10,15,E,7467
2015/06/29,41,6:29:00 AM,Monday,Keele stn,Late Leaving Garage,15,29,n/b,9147
2015/06/29,35,6:31:00 AM,Monday,Finch,Late Leaving Garage,5,10,S,1302
2015/06/29,41,6:31:00 AM,Monday,Petrolia and Canartic,Late Leaving Garage,11,23,s/b,9149
2015/06/29,112,6:36:00 AM,Monday,Renforth north of Eglinton,Mechanical,15,33,sb,7327
2015/06/29,95,6:38:00 AM,Monday,Ellesmere RT STn,Late Leaving Garage,8,16,W,9410
2015/06/29,60,6:43:00 AM,Monday,Finch station,Mechanical,7,14,w/b,1337
2015/06/29,53,6:45:00 AM,Monday,Morningside and Staines,Mechanical,4,18,w,9061
2015/06/29,7,6:45:00 AM,Monday,Bathurst/Wilson,Mechanical,9,18,S,9039
2015/06/29,54,6:45:00 AM,Monday,Eglinton yard,Mechanical,4,9,eb,7528
2015/06/29,11,6:45:00 AM,Monday,Bayview At Eglinton,Mechanical,15,30,s,8216
2015/06/29,53,6:47:00 AM,Monday,Finch Station,Mechanical,0,0,e,9064
2015/06/29,85,6:48:00 AM,Monday,Malvern Gate,Mechanical,10,19,WB,9097
2015/06/29,84,6:52:00 AM,Monday,Sheppard Stn,Late Leaving Garage,10,20,W,1683
2015/06/29,54,6:54:00 AM,Monday,Eglinton stn,Mechanical,4,9,eb,7496
2015/06/29,60,6:58:00 AM,Monday,,Mechanical,4,8,,1341
2015/06/29,29,7:02:00 AM,Monday,Springhurst Loop,Mechanical,5,10,s,9038
2015/06/29,36,7:03:00 AM,Monday,Arrow Garage,Late Leaving Garage,5,10,w,9104
2015/06/29,85,7:04:00 AM,Monday,Brimley Rd,Mechanical,11,21,EB,9094
2015/06/29,32,7:05:00 AM,Monday,Eglinton west station,Mechanical,5,10,e/B,1012
2015/06/29,54,7:08:00 AM,Monday,Eglinton station,Late Leaving Garage,6,12,eb,7536
2015/06/29,11,7:10:00 AM,Monday,Bayview and Eglinton,Utilized Off Route,15,30,n,8320
2015/06/29,52,7:12:00 AM,Monday,Ter 3,Mechanical,7,21,e,1609
2015/06/29,41,7:12:00 AM,Monday,Keele stn,Late Leaving Garage,20,35,n/b,9137
2015/06/29,6,7:16:00 AM,Monday,Davenport and Yonge,Mechanical,8,16,s/b,1048
2015/06/29,75,7:19:00 AM,Monday,Mt. Pleasant /just S of St. Clair Ave,Mechanical,7,14,S,8339
2015/06/29,11,7:20:00 AM,Monday,Sunnybrook Hospital,Late Leaving Garage,6,12,s,8326
2015/06/29,87,7:23:00 AM,Monday,Main Station,Mechanical,10,20,,7835
2015/06/29,106,7:24:00 AM,Monday,York University Commons,Mechanical,10,20,S,9436
2015/06/29,41,7:25:00 AM,Monday,Keele Station,Late Leaving Garage,13,26,n/b,1520
2015/06/29,37,7:37:00 AM,Monday,Islington Ave and Dixon,Mechanical,10,20,n/b,7342
2015/06/29,53,7:38:00 AM,Monday,Passmore and Markham,Mechanical,7,13,w,9055
2015/06/29,37,7:42:00 AM,Monday,Islington Station,Mechanical,8,16,n/b,7346
2015/06/29,145,7:51:00 AM,Monday,ISLINGTON AND BROOKERS,Mechanical,18,42,eb,8045
2015/06/29,54,7:52:00 AM,Monday,Lawrence rt,Mechanical,9,18,eb,7641
2015/06/29,6,7:53:00 AM,Monday,Queens Quay and Sherbourne,Utilized Off Route,8,16,n/b,1411
2015/06/29,116,7:53:00 AM,Monday,Kennedy Station,Mechanical,6,13,EB,7652
2015/06/29,87,8:06:00 AM,Monday,Main Stn.,Utilized Off Route,10,20,,7750
2015/06/29,71,8:13:00 AM,Monday,Runnymede and Morningside,Mechanical,9,18,N/B,1599
2015/06/29,84,8:20:00 AM,Monday,Downsview stn,Mechanical,9,18,e/b,7930
2015/06/29,124,8:23:00 AM,Monday,Sunnybrook Hospital,Mechanical,6,13,w,8385
2015/06/29,124,8:23:00 AM,Monday,Sunnybrook Hospital,Mechanical,6,13,w,8385
2015/06/29,47,8:26:00 AM,Monday,Earlscoutr Loop,Mechanical,9,18,s/b,1553
2015/06/29,53,8:44:00 AM,Monday,Steeles and Firebrace,Investigation,6,11,w,1826
2015/06/29,43,8:45:00 AM,Monday,Kennedy Stn.,Mechanical,10,20,N/B,7480
2015/06/29,79,9:30:00 AM,Monday,Eglinton and Scarlett,Mechanical,8,16,s,1584
2015/06/29,47,9:47:00 AM,Monday,Lansdowne and Bloor,Mechanical,9,20,s/b,1553
2015/06/29,165,9:51:00 AM,Monday,Weston and Rutherford,Investigation,38,58,s,1311
2015/06/29,53,9:52:00 AM,Monday,Passmore and Markham,Mechanical,12,17,w,1117
2015/06/29,24,10:04:00 AM,Monday,Woodbine and Macintosh,Diversion,60,90,N,7829
2015/06/29,95,10:07:00 AM,Monday,York Mills at Chipstead,Mechanical,15,30,W/B,1351
2015/06/29,43,10:09:00 AM,Monday,Kennedy Stn,Mechanical,10,16,S/B,7140
2015/06/29,774,10:20:00 AM,Monday,Haney & Jane,Mechanical,1,1,n/b,1702
2015/06/29,35,10:22:00 AM,Monday,Sheppard & Jane,Mechanical,16,24,n/b,7914
2015/06/29,54,10:36:00 AM,Monday,Lawrence Brimley,Mechanical,13,26,eb,7619
2015/06/29,53,10:38:00 AM,Monday,Passmore and Markham,Mechanical,7,13,w,1272
2015/06/29,86,10:53:00 AM,Monday,Toronto Zoo,Mechanical,10,20,SB,7445
2015/06/29,100,10:58:00 AM,Monday,Broadview and Fernwood Gardens,Investigation,7,14,S/B,7446
2015/06/29,109,11:00:00 AM,Monday,Lawence W. Stn,Mechanical,15,30,W,9441
2015/06/29,134,11:08:00 AM,Monday,Progress and Milner,Mechanical,20,40,s,1139
2015/06/29,24,11:09:00 AM,Monday,Victoria Park Station,Mechanical,10,20,N,7718
2015/06/29,63,11:09:00 AM,Monday,Queen and Shaw,Investigation,8,15,e/B,1015
2015/06/29,54,11:12:00 AM,Monday,Lawrence Don Mills,Mechanical,6,12,eb,7449
2015/06/29,25,12:14:00 PM,Monday,Steeles and Don Mills,Mechanical,6,12,s,7416
2015/06/29,62,12:16:00 PM,Monday,Main Stn,Mechanical,22,44,W,8123
2015/06/29,38,12:20:00 PM,Monday,Ellesmere and Bellamy,Mechanical,10,20,w,1775
2015/06/29,64,12:21:00 PM,Monday,Main Stn,Utilized Off Route,10,20,N,7820
2015/06/29,60,12:30:00 PM,Monday,Entire route,General Delay,20,40,B/W,
2015/06/29,73,12:51:00 PM,Monday,Kipling and Albion,Mechanical,30,60,w/b,8046
2015/06/29,192,12:58:00 PM,Monday,KIPLING STATION,Mechanical,3,1,N,8005
2015/06/29,89,1:17:00 PM,Monday,Weston and Mccormick,Investigation,9,13,s,1000
2015/06/29,85,1:30:00 PM,Monday,Entire Route,General Delay,12,18,B/W's,
2015/06/29,63,1:50:00 PM,Monday,Oakwood Ave. and Eglinton Ave.West,Diversion,38,45,N,1541
2015/06/29,7,1:52:00 PM,Monday,Bathurst abd Steeles,Utilized Off Route,9,18,nb,9033
2015/06/29,63,2:00:00 PM,Monday,Entire Route,General Delay,10,20,B/W,
2015/06/29,35,2:05:00 PM,Monday,Jane and Chalkfarm,Mechanical,9,16,S/B,1361
2015/06/29,165,2:30:00 PM,Monday,wilson - bathurst to avenue,General Delay,19,28,bw,
2015/06/29,32,2:30:00 PM,Monday,Entire Route,General Delay,8,50,b/w,
2015/06/29,96,2:30:00 PM,Monday,wilson - bathurst to avenue,General Delay,15,30,bw,
2015/06/29,96,2:46:00 PM,Monday,carrier lp,Mechanical,25,53,e,1265
2015/06/29,105,2:55:00 PM,Monday,Dufferin and Overbrook,Emergency Services,24,24,n,9008
2015/06/29,70,3:00:00 PM,Monday,Coxwell,General Delay,11,29,e,
2015/06/29,11,3:00:00 PM,Monday,Bayview Rte,General Delay,11,41,b/w,
2015/06/29,84,3:04:00 PM,Monday,Arrow Rd. Garage,Late Leaving Garage,11,22,W/B,1276
2015/06/29,89,3:06:00 PM,Monday,Garage / Keele stn,Late Leaving Garage,7,14,n,1036
2015/06/29,131,3:06:00 PM,Monday,Kennedy Station,Late Leaving Garage,9,17,n/b,1730
2015/06/29,132,3:09:00 PM,Monday,Sewells and Breyon Way,Late Leaving Garage,16,32,n/b,1743
2015/06/29,60,3:11:00 PM,Monday,York U Commons,Late Leaving Garage,18,33,E,1311
2015/06/29,106,3:11:00 PM,Monday,Downsview Stn,Utilized Off Route,11,22,n,9419
2015/06/29,131,3:12:00 PM,Monday,Scarborough Town Center,Mechanical,10,20,E/B,1765
2015/06/29,60,3:14:00 PM,Monday,York U Commons,Late Leaving Garage,7,14,E,1388
2015/06/29,801,3:21:00 PM,Monday,Wilson Station,Utilized Off Route,1,1,S,8376
2015/06/29,90,3:24:00 PM,Monday,Oakwood and Vaughan,Utilized Off Route,5,10,S,8198
2015/06/29,60,3:26:00 PM,Monday,York U Commons,Late Leaving Garage,15,30,E,7232
2015/06/29,24,3:28:00 PM,Monday,Victoria Park Srn,Late Leaving Garage,23,39,N,7835
2015/06/29,35,3:30:00 PM,Monday,Jane Station,Utilized Off Route,20,40,N/B,1349
2015/06/29,68,3:30:00 PM,Monday,68 Warden Route,General Delay,8,16,B/W8,
2015/06/29,79,3:31:00 PM,Monday,lawrence and jane,Mechanical,12,24,EB,1611
2015/06/29,60,3:36:00 PM,Monday,Finch Station,Late Leaving Garage,15,30,W,7212
2015/06/29,54,3:38:00 PM,Monday,SRT,Mechanical,10,20,e,7635
2015/06/29,63,3:38:00 PM,Monday,Oakwood Loop,Diversion,100,110,N,1558
2015/06/29,71,3:52:00 PM,Monday,Runnymede and Maher,Diversion,975,999,b/w,
2015/06/29,71,3:52:00 PM,Monday,Runnymede Maher,Investigation,24,48,n/b,1056
2015/06/29,44,3:55:00 PM,Monday,Kipling stn,Utilized Off Route,10,20,s/b,7932
2015/06/29,195,4:00:00 PM,Monday,Jane Station to York University Commons.,General Delay,8,18,BW,
2015/06/29,29,4:00:00 PM,Monday,Dufferin and rainee,General Delay,40,25,N,
2015/06/29,79,4:00:00 PM,Monday,SCARLETT ROUTE,Diversion,555,575,BW,
2015/06/29,160,4:00:00 PM,Monday,Wilson Stn to Steeles.,General Delay,30,35,nb,
2015/06/29,35,4:00:00 PM,Monday,Jane Stations to Steeles,General Delay,8,12,BW,
2015/06/29,57,4:03:00 PM,Monday,South Shields and Midland,Investigation,8,16,N,7737
2015/06/29,76,4:04:00 PM,Monday,Lakeshore/Mimico,Utilized Off Route,6,12,N,8020
2015/06/29,12,4:11:00 PM,Monday,Danforth and Kingston Rd,Diversion,15,30,E,7876
2015/06/29,79,4:11:00 PM,Monday,runnymede and annette,Mechanical,12,24,EB,1643
2015/06/29,96,4:21:00 PM,Monday,yorkmills stn,Investigation,28,56,w,7200
2015/06/29,60,4:23:00 PM,Monday,York U Commons,Mechanical,7,14,E,1422
2015/06/29,49,4:27:00 PM,Monday,KIPLING STATION,Mechanical,10,20,W,8093
2015/06/29,23,4:30:00 PM,Monday,Dawes rd route,General Delay,10,1,BW,
2015/06/29,62,4:30:00 PM,Monday,Main Stn,Mechanical,15,30,WB,7841
2015/06/29,36,4:30:00 PM,Monday,36 Finch West Route,General Delay,7,14,bw,
2015/06/29,191,4:30:00 PM,Monday,191 Hwy Rocket,General Delay,5,8,bw,
2015/06/29,47,4:30:00 PM,Monday,landsdowne route,Diversion,93,119,BW,
2015/06/29,46,4:30:00 PM,Monday,Martingrove and steeles loop,Mechanical,11,22,N,1367
2015/06/29,87,4:50:00 PM,Monday,Broadview Station,Utilized Off Route,6,12,EB,7766
2015/06/29,95,4:50:00 PM,Monday,Chepsted rd on Yorkmills,Mechanical,12,24,W,1769
2015/06/29,196,4:52:00 PM,Monday,Sheppard Stn,Mechanical,17,26,n,9402
2015/06/29,39,4:54:00 PM,Monday,Finch at Bay view,General Delay,10,17,,
2015/06/29,116,4:55:00 PM,Monday,kennedy station,Mechanical,20,40,e,7472
2015/06/29,35,4:59:00 PM,Monday,Jane and Couarge,Investigation,5,10,N/B,1012
2015/06/29,37,4:59:00 PM,Monday,Rexdale/Bergamot,Investigation,19,38,s/b,7325
2015/06/29,90,5:00:00 PM,Monday,Eglinton Ave. W and Allan Rd.,General Delay,25,38,eb,
2015/06/29,46,5:00:00 PM,Monday,46 Martin Grove,General Delay,11,26,bw,
2015/06/29,52,5:00:00 PM,Monday,Tollington and Martin grove,Mechanical,13,26,e,1656
2015/06/29,35,5:02:00 PM,Monday,Bloor and Armadale,Mechanical,15,20,N/B,1564
2015/06/29,110,5:02:00 PM,Monday,Horner/Fima,Mechanical,12,24,e/b,7315
2015/06/29,11,5:10:00 PM,Monday,Bayview and Finch,Diversion,50,65,n/b,8396
2015/06/29,76,5:10:00 PM,Monday,Royal yrok/Mimico,Emergency Services,6,11,N,7347
2015/06/29,41,5:12:00 PM,Monday,Keele and Annette,Investigation,15,30,s,1411
2015/06/29,199,5:21:00 PM,Monday,Finch at Bay view,General Delay,8,13,,
2015/06/29,113,5:22:00 PM,Monday,Kennedy Stn,Mechanical,15,30,WB,8132
2015/06/29,24,5:23:00 PM,Monday,Don Mills Station,Mechanical,16,32,SB,7710
2015/06/29,131,5:28:00 PM,Monday,Morningside ave & Morning view trail,Mechanical,10,20,S,1820
2015/06/29,105,6:00:00 PM,Monday,Downsview to Major Mac,General Delay,40,55,b/w,
2015/06/29,161,6:00:00 PM,Monday,Entire Route,General Delay,12,24,B/W,
2015/06/29,79,6:00:00 PM,Monday,Entire Route,General Delay,15,27,B/W,
2015/06/29,47,6:00:00 PM,Monday,Entire Route,General Delay,15,23,B/W,
2015/06/29,54,6:01:00 PM,Monday,McCowan and Lawrence,Emergency Services,10,21,w,7489
2015/06/29,30,6:02:00 PM,Monday,DUNDAS & HOWLAND,Mechanical,20,40,E,8042
2015/06/29,43,6:09:00 PM,Monday,Midland & progress,Diversion,24,42,BW,7611
2015/06/29,16,6:10:00 PM,Monday,Bathurst and Steeles,Utilized Off Route,8,16,nb,9013
2015/06/29,105,6:25:00 PM,Monday,Bathurst and GlenShield,Diversion,317,347,b/w,9008
2015/06/29,199,6:29:00 PM,Monday,Finch at Birchmount,Mechanical,5,10,E/B,1717
2015/06/29,45,6:33:00 PM,Monday,KIPLING STATION,Utilized Off Route,8,16,N,8042
2015/06/29,35,6:38:00 PM,Monday,Jane Street and Queens Dr.,Investigation,5,10,S/B,1561
2015/06/29,42,6:38:00 PM,Monday,Cummer and Craigmount,Mechanical,14,28,e,8195
2015/06/29,57,6:59:00 PM,Monday,Midland and South Shields,Investigation,8,17,N/B,7693
2015/06/29,52,7:00:00 PM,Monday,Law w stn,Mechanical,3,7,e,1620
2015/06/29,54,7:04:00 PM,Monday,Mt Pleasant on Eglinton,Investigation,11,20,w,7680
2015/06/29,199,7:09:00 PM,Monday,Finch at Seneca Hill,Mechanical,7,12,W/B,1729
2015/06/29,39,7:19:00 PM,Monday,Finch Stn,Mechanical,5,10,W/B,1770
2015/06/29,196,7:30:00 PM,Monday,Downsview Station,Utilized Off Route,5,10,n,9422
2015/06/29,47,7:55:00 PM,Monday,Macdonell and Queen,Mechanical,20,40,N/B,1578
2015/06/29,195,8:00:00 PM,Monday,Jane and Finch,Mechanical,12,24,S/B,1209
2015/06/29,47,8:00:00 PM,Monday,Queen and Lansdowne,Utilized Off Route,20,40,N/B,1661
2015/06/29,41,8:41:00 PM,Monday,Keele and St Clair,Diversion,0,0,n,9147
2015/06/29,92,9:18:00 PM,Monday,Woodbine Beach Loop,Emergency Services,7,14,SB,7723
2015/06/29,191,9:50:00 PM,Monday,steeles loop,Mechanical,12,24,s/b,7902
2015/06/29,116,9:59:00 PM,Monday,Morningside & Sewels,Mechanical,10,20,NB,7568
2015/06/29,102,10:24:00 PM,Monday,Warden Station,Mechanical,24,48,NB,8114
2015/06/29,116,10:29:00 PM,Monday,Morningside & Cornation,Emergency Services,30,30,SB,7563
2015/06/29,84,10:36:00 PM,Monday,downsview stn,Mechanical,12,24,e/b,1263
2015/06/29,34,11:20:00 PM,Monday,Eglinton & Bayview.,Mechanical,14,28,EB,7633
2015/06/29,96,11:30:00 PM,Monday,weston and walsh,Investigation,17,34,e/b,1375
2015/06/30,92,12:02:00 AM,Tuesday,Woodbine Station,Investigation,10,20,SB,7812
2015/06/30,102,12:15:00 AM,Tuesday,Markham rd and Greencrest,Mechanical,33,66,NB,7800
2015/06/30,103,12:30:00 AM,Tuesday,Eglinton Station,Mechanical,30,60,n,8378
2015/06/30,354,2:05:00 AM,Tuesday,Lawrence Av-Markham Rd,Diversion,30,60,eb,7430
2015/06/30,106,2:10:00 AM,Tuesday,downsview stn,Mechanical,30,60,n/b,8377
2015/06/30,54,2:11:00 AM,Tuesday,Lawrence Av-Markham Rd,Diversion,20,100,eb,7600
2015/06/30,320,2:40:00 AM,Tuesday,yonge and mill,Mechanical,4,8,n/b,7700
2015/06/30,51,3:01:00 AM,Tuesday,Townsend and Freshmeadow,Late Leaving Garage,16,32,s,9422
2015/06/30,320,3:20:00 AM,Tuesday,Yonge St-Carlton,Utilized Off Route,4,8,nb,7646
2015/06/30,302,3:24:00 AM,Tuesday,Eglinton And Danforth,Mechanical,30,60,nb,7865
2015/06/30,324,4:37:00 AM,Tuesday,Victoria park and Yorkmills,Diversion,23,53,e,7806
2015/06/30,24,4:42:00 AM,Tuesday,Victoria park/York mills,Diversion,143,169,BW,7879
2015/06/30,36,4:51:00 AM,Tuesday,Humberwood loop,Late Leaving Garage,6,12,e,9112
2015/06/30,7,5:00:00 AM,Tuesday,Bathurst stn,Mechanical,11,0,n,9006
2015/06/30,105,5:00:00 AM,Tuesday,Dufferin,Diversion,455,485,S,9410
2015/06/30,319,5:05:00 AM,Tuesday,Yorkmills,Mechanical,30,60,w,1207
2015/06/30,29,5:15:00 AM,Tuesday,Wilson Stn,Mechanical,9,18,S,9009
2015/06/30,191,5:17:00 AM,Tuesday,Arrow garage,Late Leaving Garage,5,10,w,7929
2015/06/30,39,5:18:00 AM,Tuesday,Neilson and Finch,Mechanical,5,10,W,1289
2015/06/30,165,5:23:00 AM,Tuesday,Weston/Finch,Mechanical,21,42,N,1521
2015/06/30,7,5:25:00 AM,Tuesday,Bathurst stn,Mechanical,11,22,n,9006
2015/06/30,129,5:25:00 AM,Tuesday,Malvern Garage,Late Leaving Garage,9,14,N,1811
2015/06/30,35,5:26:00 AM,Tuesday,Steeles,Late Leaving Garage,10,20,S,1353
2015/06/30,71,5:27:00 AM,Tuesday,Runnymede and Maher Av.,Diversion,386,406,B/W,
2015/06/30,29,5:28:00 AM,Tuesday,Wilson stn,Mechanical,20,20,s,9009
2015/06/30,50,5:30:00 AM,Tuesday,MILL RD LOOP,Mechanical,12,1,wb,8000
2015/06/30,71,5:35:00 AM,Tuesday,Runnymede and Bloor,Late Leaving Garage,10,10,S/B,1038
2015/06/30,54,5:37:00 AM,Tuesday,Eglinton Yard,Mechanical,1,1,ob,7401
2015/06/30,36,5:40:00 AM,Tuesday,Arrow Garage,Late Leaving Garage,6,12,w,9120
2015/06/30,54,5:46:00 AM,Tuesday,Eglinton yard,Mechanical,1,1,ob,7548
2015/06/30,32,5:51:00 AM,Tuesday,Keele and Eglinton,Late Leaving Garage,9,9,W/B,1586
2015/06/30,39,5:51:00 AM,Tuesday,Middlefield on Finch,Mechanical,6,10,W,1718
2015/06/30,97,5:53:00 AM,Tuesday,Steeles,Mechanical,30,0,s,8329
2015/06/30,116,5:54:00 AM,Tuesday,Morningside & Nightstar,Late Leaving Garage,6,13,S,7564
2015/06/30,32,5:58:00 AM,Tuesday,Emmett avenue,Late Leaving Garage,30,30,E/B,1412
2015/06/30,60,5:59:00 AM,Tuesday,Steeles/Duffrerin,Mechanical,10,20,E,1394
2015/06/30,195,6:00:00 AM,Tuesday,Steeles,Late Leaving Garage,10,20,S,1213
2015/06/30,52,6:00:00 AM,Tuesday,Law west stn,Mechanical,14,28,w,1558
2015/06/30,5,6:02:00 AM,Tuesday,Wilson Yard,Late Leaving Garage,12,24,EB,8179
2015/06/30,105,6:05:00 AM,Tuesday,Confederation/Dufferin,Mechanical,33,66,N,9410
2015/06/30,116,6:07:00 AM,Tuesday,Kennedy Stn,Mechanical,5,0,E,7406
2015/06/30,79,6:08:00 AM,Tuesday,Pine st,Late Leaving Garage,12,24,s,1553
2015/06/30,108,6:10:00 AM,Tuesday,Stong/Driftwood,Mechanical,12,24,N,1248
2015/06/30,95,6:17:00 AM,Tuesday,York Mills stn,Mechanical,8,16,E,1717
2015/06/30,39,6:19:00 AM,Tuesday,Malvern Garage,Late Leaving Garage,8,16,W,1146
2015/06/30,34,6:20:00 AM,Tuesday,warden and eglinton,Mechanical,8,13,e,7449
2015/06/30,116,6:22:00 AM,Tuesday,Kennedy Stn,Utilized Off Route,6,13,E,7667
2015/06/30,89,6:26:00 AM,Tuesday,Keele Station,Mechanical,5,10,n/b,1616
2015/06/30,120,6:30:00 AM,Tuesday,Giltspur/Jane,Mechanical,30,60,E,1371
2015/06/30,115,6:33:00 AM,Tuesday,Leslie and Kirkwood,Mechanical,20,40,n,8208
2015/06/30,29,6:34:00 AM,Tuesday,Springhurst Loop,Mechanical,4,8,n,9048
2015/06/30,29,6:34:00 AM,Tuesday,Dufferin and Bloor,Late Leaving Garage,4,8,n,9014
2015/06/30,165,6:39:00 AM,Tuesday,Steeles/Barmac,Mechanical,5,10,E,1329
2015/06/30,53,6:45:00 AM,Tuesday,Morningside and Staines,Mechanical,4,18,w,9061
2015/06/30,53,6:47:00 AM,Tuesday,Finch Station,Mechanical,0,0,e,9064
2015/06/30,32,6:48:00 AM,Tuesday,Eglinton Station,Late Leaving Garage,5,11,w/B,1569
2015/06/30,144,6:48:00 AM,Tuesday,York Mills Victoria Park rd,Diversion,20,20,sb,7473
2015/06/30,131,6:51:00 AM,Tuesday,Scar Town,Late Leaving Garage,8,15,E,1821
2015/06/30,60,6:55:00 AM,Tuesday,Finch Station,Late Leaving Garage,7,14,W,1276
2015/06/30,89,6:55:00 AM,Tuesday,Jane and W eston Road,Mechanical,5,10,s/b,1612
2015/06/30,97,6:57:00 AM,Tuesday,Finch Station,Mechanical,30,60,N,8338
2015/06/30,81,7:01:00 AM,Tuesday,Pape Station,Mechanical,6,12,N,7853
2015/06/30,124,7:07:00 AM,Tuesday,SunnyBrook Hospital,Mechanical,7,14,w,8385
2015/06/30,42,7:09:00 AM,Tuesday,Finch Station,Utilized Off Route,11,22,E,1802
2015/06/30,105,7:15:00 AM,Tuesday,Clarke/Joseph Aaron,General Delay,28,72,B/W,
2015/06/30,95,7:16:00 AM,Tuesday,Ellesmere and Mondeo,Mechanical,8,16,w,1792
2015/06/30,132,7:24:00 AM,Tuesday,Milner Av and McCowan,Mechanical,16,32,EB,1742
2015/06/30,122,7:27:00 AM,Tuesday,Yorkmills Station,Utilized Off Route,10,20,e,8339
2015/06/30,60,7:27:00 AM,Tuesday,Signal Hill and Steeles,Late Leaving Garage,7,14,E,1389
2015/06/30,196,7:27:00 AM,Tuesday,Downsview Stn,Utilized Off Route,10,20,N,9402
2015/06/30,60,7:33:00 AM,Tuesday,Finch Station,Mechanical,7,14,W,1347
2015/06/30,132,7:34:00 AM,Tuesday,Neilson Rd,Mechanical,16,32,NB,1117
2015/06/30,199,7:34:00 AM,Tuesday,STC,Utilized Off Route,3,6,EB,1781
2015/06/30,196,7:41:00 AM,Tuesday,Downsview Stn,Utilized Off Route,9,18,N,9008
2015/06/30,96,7:43:00 AM,Tuesday,Wilson/Keele,Mechanical,23,46,E,1732
2015/06/30,85,7:47:00 AM,Tuesday,Kennedy Rd,Mechanical,10,22,WB,9093
2015/06/30,142,7:50:00 AM,Tuesday,Bombay Loop,Mechanical,1,1,SB,8183
2015/06/30,24,7:53:00 AM,Tuesday,Victoria park stn,Mechanical,7,14,N,7777
2015/06/30,196,7:55:00 AM,Tuesday,Downsview Stn,Utilized Off Route,9,18,N,8392
2015/06/30,61,7:55:00 AM,Tuesday,Bombay Loop,Utilized Off Route,12,24,SB,8321
2015/06/30,98,7:57:00 AM,Tuesday,Willodale @ Elmwood,Mechanical,30,60,N,8346
2015/06/30,190,7:59:00 AM,Tuesday,STC,Mechanical,5,10,WB,7510
2015/06/30,32,8:04:00 AM,Tuesday,Eglinton West Station,Mechanical,5,11,E/B,1587
2015/06/30,85,8:06:00 AM,Tuesday,Buneset Ave,Mechanical,1,1,EB,9088
2015/06/30,165,8:06:00 AM,Tuesday,Weston/Chrisle,Mechanical,47,94,N,7202
2015/06/30,135,8:08:00 AM,Tuesday,Main Station,Mechanical,20,40,EB,7793
2015/06/30,102,8:10:00 AM,Tuesday,Warden Station,Utilized Off Route,10,20,NB,7714
2015/06/30,162,8:15:00 AM,Tuesday,Post road at Park Circle.,General Delay,20,50,E,8344
2015/06/30,42,8:16:00 AM,Tuesday,Finch Station,Utilized Off Route,11,22,58989,8359
2015/06/30,106,8:25:00 AM,Tuesday,Downsview Stn,Utilized Off Route,10,20,N,9401
2015/06/30,7,8:27:00 AM,Tuesday,Wilson ave,Mechanical,10,20,s,9043
2015/06/30,95,8:34:00 AM,Tuesday,York Mills station,Mechanical,8,16,e,9438
2015/06/30,5,8:40:00 AM,Tuesday,Eglinton STN,Mechanical,12,24,NB,8168
2015/06/30,86,8:49:00 AM,Tuesday,Eglinton & Markham,Mechanical,18,34,E,7581
2015/06/30,190,9:00:00 AM,Tuesday,Kennedy and sheppard,Mechanical,5,10,WB,7482
2015/06/30,35,9:15:00 AM,Tuesday,Shorham,Late Leaving Garage,10,20,S,1564
2015/06/30,52,9:25:00 AM,Tuesday,Lawrence w stn,Mechanical,14,28,w,1599
2015/06/30,24,9:39:00 AM,Tuesday,VICTORIA PARK / PARKWOODS VILLAGE,Investigation,4,7,S,7758
2015/06/30,95,9:40:00 AM,Tuesday,Ellesmere and Victoria Park,Diversion,49,56,w,1724
2015/06/30,35,9:44:00 AM,Tuesday,Jane Station,Mechanical,4,8,N,1311
2015/06/30,94,9:45:00 AM,Tuesday,WELLESLEY/YONGE,General Delay,10,0,BW,
2015/06/30,85,10:02:00 AM,Tuesday,Victoria Pk-Sheppard,Mechanical,15,30,wb,9071
2015/06/30,5,10:25:00 AM,Tuesday,Queens Park & College,Mechanical,30,60,SB,8173
2015/06/30,33,10:29:00 AM,Tuesday,Strathearn,Diversion,30,60,s,8355
2015/06/30,42,10:35:00 AM,Tuesday,Finch Station  at Platform.,Emergency Services,10,22,W,8345
2015/06/30,90,10:47:00 AM,Tuesday,St Clair wstn,Utilized Off Route,8,16,n,9445
2015/06/30,39,10:55:00 AM,Tuesday,Midland on Finch,Mechanical,7,13,W,1729
2015/06/30,90,10:57:00 AM,Tuesday,St Clair wstn,Investigation,8,16,w,8307
2015/06/30,126,11:08:00 AM,Tuesday,St clair w stn west entrance,Diversion,10,40,E,
2015/06/30,196,11:08:00 AM,Tuesday,Downsview Stn,Utilized Off Route,0,0,n,9402
2015/06/30,104,11:10:00 AM,Tuesday,Downsview Stn,Mechanical,15,30,s,9419
2015/06/30,63,12:00:00 PM,Tuesday,Ossington & Queene,Mechanical,7,14,S,6621
2015/06/30,76,12:02:00 PM,Tuesday,ROYAL YORK AND BLOOR,Mechanical,9,18,sb,7306
2015/06/30,96,12:16:00 PM,Tuesday,Wilson/Walse,Mechanical,18,36,E,7243
2015/06/30,108,12:30:00 PM,Tuesday,Entire route,General Delay,15,30,B/W,
2015/06/30,60,12:30:00 PM,Tuesday,Entire route,General Delay,20,40,B/W,
2015/06/30,39,12:33:00 PM,Tuesday,Finch route,General Delay,6,13,B/W,1078
2015/06/30,47,12:33:00 PM,Tuesday,earlscourt loop,Mechanical,15,30,up,1246
2015/06/30,107,12:35:00 PM,Tuesday,Keele and Pond,Diversion,50,16,s,8394
2015/06/30,199,12:38:00 PM,Tuesday,Finch route,General Delay,4,9,B/W,1398
2015/06/30,54,12:44:00 PM,Tuesday,Kingston Road,Emergency Services,11,20,w,7502
2015/06/30,53,12:44:00 PM,Tuesday,Steeles and Midland,Investigation,12,18,e,1079
2015/06/30,20,12:45:00 PM,Tuesday,Kennedy Station,Mechanical,17,35,WB,7835
2015/06/30,106,12:50:00 PM,Tuesday,Downsview Stn,Mechanical,10,20,n,8304
2015/06/30,95,12:50:00 PM,Tuesday,Yonge st to Leslie st,General Delay,10,13,bw,
2015/06/30,124,12:59:00 PM,Tuesday,Lawrence at Yonge Street.,Investigation,8,16,W,8318
2015/06/30,89,1:00:00 PM,Tuesday,WESTON RD,General Delay,0,0,bw,
2015/06/30,85,1:00:00 PM,Tuesday,Don Mills Stn to Rouge Hill Go,General Delay,15,23,E/W,
2015/06/30,50,1:00:00 PM,Tuesday,Mill Rd Loop,Mechanical,13,26,e/b,7348
2015/06/30,43,1:00:00 PM,Tuesday,43 Kennedu Route,General Delay,10,20,B/W,
2015/06/30,70,1:15:00 PM,Tuesday,Woodbine,General Delay,19,27,bw,
2015/06/30,123,1:30:00 PM,Tuesday,ENTIRE ROUTE,General Delay,12,1,B/W,
2015/06/30,34,1:30:00 PM,Tuesday,68 Warden Route,General Delay,8,16,b/w,
2015/06/30,41,1:30:00 PM,Tuesday,KEELE ROUTE,General Delay,0,0,bw,
2015/06/30,52,1:40:00 PM,Tuesday,Benton &  Lawrence,Mechanical,15,30,e/b,1529
2015/06/30,192,1:54:00 PM,Tuesday,KIPLING STATION,Mechanical,7,14,N,8011
2015/06/30,63,2:00:00 PM,Tuesday,Entire Route,General Delay,10,20,B/W,
2015/06/30,6,2:00:00 PM,Tuesday,Entire Route,General Delay,11,22,B/W,
2015/06/30,191,2:00:00 PM,Tuesday,HWY 191 rocket route,General Delay,14,20,B,7918
2015/06/30,36,2:00:00 PM,Tuesday,Finch West route,General Delay,16,22,B,9128
2015/06/30,26,2:00:00 PM,Tuesday,Entire Route,General Delay,17,34,B/W,
2015/06/30,120,2:30:00 PM,Tuesday,wilson at keele,General Delay,10,32,bw,
2015/06/30,96,2:30:00 PM,Tuesday,wilson - bathurst to avenue,General Delay,17,34,bw,
2015/06/30,165,2:30:00 PM,Tuesday,wilson - bathurst to avenue,General Delay,17,34,bw,
2015/06/30,89,2:32:00 PM,Tuesday,Keelestn,Mechanical,8,16,n,1552
2015/06/30,24,2:54:00 PM,Tuesday,Victoria Park and Sheppard,Mechanical,10,20,NB,7740
2015/06/30,24,2:54:00 PM,Tuesday,VP Station,Mechanical,10,20,NB,7752
2015/06/30,196,2:58:00 PM,Tuesday,Downsview Stn,Mechanical,9,18,e,8195
2015/06/30,709,3:00:00 PM,Tuesday,Eglinton west stn,Utilized Off Route,1,1,w/b,1042
2015/06/30,11,3:00:00 PM,Tuesday,Bayview Rte,General Delay,15,30,b/w,
2015/06/30,100,3:00:00 PM,Tuesday,100 Fleminton Route,General Delay,16,32,B/W,
2015/06/30,51,3:00:00 PM,Tuesday,Leslie Rte,General Delay,17,37,b/w,
2015/06/30,42,3:05:00 PM,Tuesday,Finch Station,Mechanical,12,24,e,9436
2015/06/30,191,3:06:00 PM,Tuesday,Kipling station,Late Leaving Garage,5,11,N,7918
2015/06/30,54,3:10:00 PM,Tuesday,SRT,Utilized Off Route,10,20,w,7453
2015/06/30,195,3:14:00 PM,Tuesday,Arrow Rd. Garage,Late Leaving Garage,12,24,S/B,1363
2015/06/30,47,3:20:00 PM,Tuesday,LANDSDOWNE AND QUEEN,Mechanical,13,26,sb,1585
2015/06/30,65,3:22:00 PM,Tuesday,Castle Frank Stn,Mechanical,9,19,S/B,7811
2015/06/30,70,3:22:00 PM,Tuesday,Yard,Late Leaving Garage,18,36,w,7432
2015/06/30,6,3:25:00 PM,Tuesday,Queens Quay and Dockside Dr.,Mechanical,5,10,N,1646
2015/06/30,25,3:29:00 PM,Tuesday,FMDM,Mechanical,4,8,S,7667
2015/06/30,41,3:31:00 PM,Tuesday,Garage / Commons,Late Leaving Garage,15,31,s,1244
2015/06/30,87,3:35:00 PM,Tuesday,Main Station,Late Leaving Garage,6,12,WB,7732
2015/06/30,191,3:37:00 PM,Tuesday,Kipling station,Late Leaving Garage,5,10,N,1294
2015/06/30,113,3:38:00 PM,Tuesday,Main Station,Mechanical,17,32,EB,8103
2015/06/30,96,3:44:00 PM,Tuesday,wilson stn,Mechanical,15,30,w,7208
2015/06/30,94,3:47:00 PM,Tuesday,Ontario and Wellesley,Investigation,24,43,EB,7713
2015/06/30,32,3:47:00 PM,Tuesday,Eglinton stn,Late Leaving Garage,8,16,w/b,1569
2015/06/30,100,3:51:00 PM,Tuesday,RivertCourt Blvd,Mechanical,11,22,s/b,7536
2015/06/30,32,3:57:00 PM,Tuesday,Eglinton stn,Mechanical,8,16,w/b,1569
2015/06/30,36,4:00:00 PM,Tuesday,Finch and Signet 36D,Mechanical,13,25,W,9121
2015/06/30,10,4:00:00 PM,Tuesday,Don Mills Stn,Mechanical,15,30,e,8340
2015/06/30,100,4:06:00 PM,Tuesday,Broadview Stn,Utilized Off Route,11,22,s/b,7523
2015/06/30,87,4:14:00 PM,Tuesday,Broadview Station,Utilized Off Route,6,12,EB,7838
2015/06/30,53,4:15:00 PM,Tuesday,Finch Station to Morningside/Staines Rd,General Delay,12,18,B/W,
2015/06/30,54,4:30:00 PM,Tuesday,Lebovic,Mechanical,9,18,w,7581
2015/06/30,65,4:37:00 PM,Tuesday,Parliament at Carlton,Mechanical,10,20,S/B,7710
2015/06/30,45,4:41:00 PM,Tuesday,KIPLING STN,Mechanical,5,10,N,7328
2015/06/30,133,4:48:00 PM,Tuesday,Morningside and Oasis,Mechanical,9,18,SB,1131
2015/06/30,196,4:49:00 PM,Tuesday,Downsview Stn,Mechanical,9,18,e,9043
2015/06/30,87,4:50:00 PM,Tuesday,Broadview Stn,Utilized Off Route,11,22,S/B,7877
2015/06/30,35,5:00:00 PM,Tuesday,Jane Station to Courtland Ave,General Delay,15,14,B/w,
2015/06/30,84,5:00:00 PM,Tuesday,Weston Road to Arrow Road.,General Delay,8,15,B/w,
2015/06/30,195,5:00:00 PM,Tuesday,Jane Station to York U Commons,General Delay,8,18,B/w,
2015/06/30,32,5:00:00 PM,Tuesday,Eglinton west stn,Mechanical,8,16,w/b,1595
2015/06/30,1,5:05:00 PM,Tuesday,McCowan at Brimorton,General Delay,10,15,S/B,
2015/06/30,60,5:05:00 PM,Tuesday,Steeles and Yonge,Mechanical,15,30,W,7200
2015/06/30,112,5:05:00 PM,Tuesday,KIPLING STATION,Mechanical,17,34,N,7325
2015/06/30,85,5:30:00 PM,Tuesday,Don Mills Stn to Rouge Hill Go,General Delay,10,16,E/W,
2015/06/30,72,5:30:00 PM,Tuesday,Pape Station,Mechanical,8,16,S,7775
2015/06/30,7,5:30:00 PM,Tuesday,Bathurst St. and Dewlane Dr.,General Delay,17,25,nb,
2015/06/30,112,5:39:00 PM,Tuesday,Renforth and Eglinton,Mechanical,15,35,nb,7934
2015/06/30,95,5:41:00 PM,Tuesday,Ellesmere and Midland,Emergency Services,13,26,e,1315
2015/06/30,84,5:42:00 PM,Tuesday,Jane and Spenvalley,Emergency Services,5,11,N/B,1205
2015/06/30,191,5:48:00 PM,Tuesday,Royalcrest and HWY 27,Mechanical,6,11,S,1294
2015/06/30,45,5:49:00 PM,Tuesday,KIPLING STATION,Utilized Off Route,8,16,N,7330
2015/06/30,39,6:07:00 PM,Tuesday,Finch Station,Mechanical,3,6,EB,1372
2015/06/30,34,6:10:00 PM,Tuesday,Eglinton & Bayview,Utilized Off Route,4,9,EB,7444
2015/06/30,17,6:15:00 PM,Tuesday,Bonniewood and Birchmount,Emergency Services,9,18,NB,7751
2015/06/30,83,6:33:00 PM,Tuesday,Commissioner and Wheels trans,Mechanical,18,36,S,8127
2015/06/30,25,6:35:00 PM,Tuesday,Don Mills STN,Utilized Off Route,5,10,SB,7442
2015/06/30,60,6:52:00 PM,Tuesday,Steeles and Village Gate,Mechanical,7,15,E,1396
2015/06/30,83,7:03:00 PM,Tuesday,Wheels trans and Commissioner,Mechanical,18,36,S,7828
2015/06/30,41,7:08:00 PM,Tuesday,Keele and St Regis,Investigation,0,0,n,9140
2015/06/30,29,7:10:00 PM,Tuesday,Lawrence,Mechanical,5,10,S,9016
2015/06/30,91,8:00:00 PM,Tuesday,Woodbine Station,Mechanical,16,32,S,8100
2015/06/30,53,8:29:00 PM,Tuesday,Steeles - Warden,Investigation,5,10,W,1092
2015/06/30,95,9:00:00 PM,Tuesday,Kingston Rd Loop,Mechanical,7,14,WB,1746
2015/06/30,86,9:03:00 PM,Tuesday,Markham & Eglinton,Mechanical,10,20,EB,7494
2015/06/30,199,9:14:00 PM,Tuesday,Scarborough Town Centre,Emergency Services,8,16,Wb\B,1768
2015/06/30,35,9:30:00 PM,Tuesday,Queens Drive & Jane,Mechanical,22,44,N,1380
2015/06/30,17,9:40:00 PM,Tuesday,Scarden ave and Birchmount,Mechanical,22,44,SB,7723
2015/06/30,41,10:04:00 PM,Tuesday,Weston and St.Clair,Investigation,18,36,S/B,9151
2015/06/30,199,10:05:00 PM,Tuesday,Donmills and Finch Ave East,Emergency Services,7,14,West,1120
2015/06/30,133,10:08:00 PM,Tuesday,Shepaprd and Neilson,Mechanical,13,26,sb,1720
2015/06/30,95,10:38:00 PM,Tuesday,Ellesmere and Military Trail,Mechanical,10,20,wb,1277
2015/06/30,95,11:22:00 PM,Tuesday,Kingston Rd and Ellesmere-loop,Mechanical,10,20,wb,1741
2015/06/30,89,11:22:00 PM,Tuesday,Weston and John,Investigation,10,20,S/B,1202
2015/06/30,102,11:34:00 PM,Tuesday,Warden Station,Utilized Off Route,33,66,NB,7815
2015/06/30,129,11:37:00 PM,Tuesday,Alton Towers North,Investigation,10,20,SB,1755
