Report Date,Route,Time,Day,Location,Incident,Min Delay,Min Gap,Direction,Vehicle
2015/01/01,116,12:18:00 AM,Thursday,Morningside & finch,Mechanical,10,20,WB,7667
2015/01/01,106,12:28:00 AM,Thursday,Downsview Station,Mechanical,1,1,n,9432
2015/01/01,32,1:09:00 AM,Thursday,Trethewey and York,Emergency Services,12,24,w/b,1640
2015/01/01,7,1:20:00 AM,Thursday,Bathurst Station,Mechanical,12,24,n,9031
2015/01/01,32,1:26:00 AM,Thursday,Eglinton station,Mechanical,12,24,e/b,1503
2015/01/01,39,1:35:00 AM,Thursday,Finch and Bridletowne Cir,Investigation,6,12,e/b,1823
2015/01/01,47,1:50:00 AM,Thursday,Earlscourt loop,Utilized Off Route,20,40,s/b,1042
2015/01/01,32,2:07:00 AM,Thursday,Eglinton station,Mechanical,12,24,e/b,1565
2015/01/01,106,2:25:00 AM,Thursday,Downsview Station,Mechanical,1,1,n,8314
2015/01/01,52,2:31:00 AM,Thursday,Martingrove and Tollington,Mechanical,21,42,e,1501
2015/01/01,39,2:39:00 AM,Thursday,Finch and Midland,Mechanical,10,20,w/b,1764
2015/01/01,67,2:42:00 AM,Thursday,Pharmacy & lawrence,Mechanical,20,40,NB,7429
2015/01/01,385,3:15:00 AM,Thursday,Sheppard Station. 72243,Mechanical,15,30,EB,1403
2015/01/01,321,4:50:00 AM,Thursday,Finch Ave E and Neilson Rd,Investigation,30,60,S,1121
2015/01/01,35,4:55:00 AM,Thursday,Hullmar and Jane St,Late Leaving Garage,13,1,N,7932
2015/01/01,40,5:00:00 AM,Thursday,DUNDAS WEST STATION,Late Leaving Garage,14,1,W,8046
2015/01/01,353,5:45:00 AM,Thursday,Steeles Ave E and Markham Rd,Investigation,30,60,W,1758
2015/01/01,41,6:37:00 AM,Thursday,Keele and Lawrence,Diversion,180,190,B/W,
2015/01/01,116,7:48:00 AM,Thursday,Staines & Morningside,Mechanical,5,0,E,7514
2015/01/01,54,7:49:00 AM,Thursday,Lawrence & Markham,Mechanical,30,38,E,7510
2015/01/01,34,7:58:00 AM,Thursday,Kennedy Stn,Mechanical,9,19,W,7670
2015/01/01,195,8:10:00 AM,Thursday,York U/ Commons,Late Leaving Garage,13,1,S,7927
2015/01/01,165,8:18:00 AM,Thursday,GO Loop,Late Leaving Garage,15,1,S,1238
2015/01/01,165,8:20:00 AM,Thursday,York Mills Stn,Utilized Off Route,10,20,W,1791
2015/01/01,110,8:25:00 AM,Thursday,ISLINGTON & EVANS,Late Leaving Garage,10,1,S,8098
2015/01/01,16,8:30:00 AM,Thursday,Warden stn,Late Leaving Garage,17,34,N,8129
2015/01/01,35,8:33:00 AM,Thursday,Jane Station,Investigation,10,20,N,7932
2015/01/01,129,8:46:00 AM,Thursday,McCowan Rd and Alton Towers Circle S,Mechanical,10,20,S,1822
2015/01/01,25,8:47:00 AM,Thursday,Pape Stn,Mechanical,7,15,N,7480
2015/01/01,85,8:48:00 AM,Thursday,Don Mills Stn,Late Leaving Garage,24,48,E,1120
2015/01/01,7,8:51:00 AM,Thursday,bathurst stn,Mechanical,8,0,n,8216
2015/01/01,85,8:53:00 AM,Thursday,Rouge Hill Go Stn,Late Leaving Garage,24,48,W,1403
2015/01/01,110,8:55:00 AM,Thursday,LONG BRANCH LOOP,Late Leaving Garage,8,1,N,7976
2015/01/01,59,9:00:00 AM,Thursday,Lawrence West Stn,Mechanical,30,60,W,1330
2015/01/01,165,9:00:00 AM,Thursday,York Mills Stn,Late Leaving Garage,10,1,W,1312
2015/01/01,129,9:00:00 AM,Thursday,McCowan Rd and Alton Towers Cir S,Mechanical,10,20,S,1104
2015/01/01,25,9:16:00 AM,Thursday,Pape Stn,Mechanical,8,16,N,7434
2015/01/01,116,9:23:00 AM,Thursday,Kennedy Stn,Mechanical,8,15,E,7452
2015/01/01,195,9:35:00 AM,Thursday,York U,Late Leaving Garage,10,20,S,7923
2015/01/01,165,9:50:00 AM,Thursday,York Mills Stn,Late Leaving Garage,10,20,W,1383
2015/01/01,54,9:52:00 AM,Thursday,Eglinton Stn,Mechanical,15,30,E,7576
2015/01/01,95,10:00:00 AM,Thursday,Markham Rd and Ellesmere Rd,Mechanical,20,40,W,1778
2015/01/01,76,10:20:00 AM,Thursday,Lakeshore/Mimico,Diversion,0,0,N,8099
2015/01/01,12,10:20:00 AM,Thursday,KENNEDY STATION,Mechanical,17,34,E,7728
2015/01/01,80,10:22:00 AM,Thursday,QUEENSWAY & KIPLING,Investigation,17,40,E,7962
2015/01/01,85,10:33:00 AM,Thursday,Toronto Zoo,Mechanical,8,16,W,1144
2015/01/01,70,11:10:00 AM,Thursday,O'Connor & Woodbine,Mechanical,30,60,E,7439
2015/01/01,38,11:30:00 AM,Thursday,Scarborough Town Ctr Stn,Mechanical,12,24,E,1810
2015/01/01,24,11:30:00 AM,Thursday,Eglinton Square and Victoria Park,Investigation,9,18,N,7788
2015/01/01,7,11:52:00 AM,Thursday,Wilson Garage,Late Leaving Garage,8,15,S,8351
2015/01/01,133,12:10:00 PM,Thursday,Scarborough Town Ctr Stn,Late Leaving Garage,12,24,E,1077
2015/01/01,53,12:10:00 PM,Thursday,Finch Stn,Mechanical,6,12,E/B,1820
2015/01/01,29,12:18:00 PM,Thursday,Dufferin and Eglinton,Mechanical,10,20,N,8183
2015/01/01,42,12:42:00 PM,Thursday,Finch stn,Mechanical,15,30,e,8217
2015/01/01,36,1:40:00 PM,Thursday,Finch and Weston,Mechanical,5,10,E,9130
2015/01/01,46,2:08:00 PM,Thursday,Kipling Stn.,Mechanical,17,34,N,1554
2015/01/01,35,2:52:00 PM,Thursday,Jane Station,Emergency Services,11,22,N,7932
2015/01/01,54,3:25:00 PM,Thursday,Lawrence & Susan,Investigation,10,20,WB,7412
2015/01/01,25,4:35:00 PM,Thursday,Van Horne Avenue,Mechanical,6,12,S/B,7650
2015/01/01,108,6:20:00 PM,Thursday,Yorkwoods Gate on Driftwood Avenue,Emergency Services,18,36,E,1296
2015/01/01,25,6:20:00 PM,Thursday,Don Mills STN,Mechanical,6,11,SB,7593
2015/01/01,67,7:20:00 PM,Thursday,Pharmacy & brian,Diversion,12,31,SB,7466
2015/01/01,36,7:29:00 PM,Thursday,Finch and Arrow Rd.,Investigation,1,1,W,9124
2015/01/01,35,8:35:00 PM,Thursday,Steeles and Peter Kaiser,Mechanical,6,12,S,1268
2015/01/01,52,8:57:00 PM,Thursday,Lawrence Stn,Emergency Services,30,60,W/B,1003
2015/01/01,106,9:06:00 PM,Thursday,Sentinel and Dovehouse,Mechanical,13,26,S,8342
2015/01/01,29,9:23:00 PM,Thursday,Springhurst Loop,Mechanical,10,20,NB,8168
2015/01/01,113,9:24:00 PM,Thursday,Danforth and Main,Mechanical,30,60,E,7776
2015/01/01,29,9:58:00 PM,Thursday,Springhurst Loop,Mechanical,10,20,n,8353
2015/01/01,190,10:12:00 PM,Thursday,Scarborough Town Center,Mechanical,21,42,WB,1096
2015/01/01,46,10:47:00 PM,Thursday,Martin Grove and Steeles,Mechanical,30,60,SB,7950
2015/01/01,6,10:55:00 PM,Thursday,Queen and Bay,Diversion,147,177,b/w,
2015/01/02,108,12:15:00 AM,Friday,Driftwood and Finch,Mechanical,20,40,SB,1404
2015/01/02,65,12:35:00 AM,Friday,Castle Frank STN,Mechanical,30,60,SB,7844
2015/01/02,320,3:24:00 AM,Friday,729 St Clair Ave W,Utilized Off Route,10,17,NB,8213
2015/01/02,300,3:54:00 AM,Friday,Danforth and Danforth,Mechanical,30,45,W/B,7952
2015/01/02,91,4:46:00 AM,Friday,Birchmount Garage,Late Leaving Garage,0,0,e,7813
2015/01/02,311,4:49:00 AM,Friday,lakeshore,Late Leaving Garage,15,30,e/b,1358
2015/01/02,309,4:54:00 AM,Friday,Woodbine Race Track,Late Leaving Garage,10,0,W,9129
2015/01/02,36,4:55:00 AM,Friday,dufferin,Mechanical,4,8,e/b,9107
2015/01/02,21,4:59:00 AM,Friday,Scarborough Town Centre,Late Leaving Garage,20,40,s,7688
2015/01/02,75,5:02:00 AM,Friday,Bloor,Mechanical,15,28,s,8383
2015/01/02,67,5:05:00 AM,Friday,Eglinton Garage,Late Leaving Garage,1,1,NB,7472
2015/01/02,17,5:05:00 AM,Friday,Warden Stn,Late Leaving Garage,23,46,n,7696
2015/01/02,46,5:15:00 AM,Friday,Martin grove route,Mechanical,15,30,S,7202
2015/01/02,94,5:25:00 AM,Friday,Ossington station,Late Leaving Garage,1,20,e/b,1041
2015/01/02,29,5:25:00 AM,Friday,Wilson Garage,Late Leaving Garage,8,18,S,9035
2015/01/02,17,5:27:00 AM,Friday,Mountcastle Gate,Late Leaving Garage,10,20,n,7775
2015/01/02,75,5:27:00 AM,Friday,Wilson Garage,Mechanical,15,30,,8383
2015/01/02,29,5:27:00 AM,Friday,Wilson Garage,Late Leaving Garage,7,15,S,9008
2015/01/02,17,5:28:00 AM,Friday,Steeles and Birchmount,Mechanical,10,20,S,7775
2015/01/02,10,5:28:00 AM,Friday,Wilson Garage,Late Leaving Garage,15,15,,8395
2015/01/02,24,5:29:00 AM,Friday,Victoria Park Stn,Late Leaving Garage,12,24,n,8119
2015/01/02,35,5:30:00 AM,Friday,Jane Station,Utilized Off Route,10,20,N,1390
2015/01/02,96,5:33:00 AM,Friday,yorkmills,Mechanical,36,72,e/b,7232
2015/01/02,56,5:36:00 AM,Friday,Eglinton Station,Mechanical,6,12,S,8335
2015/01/02,24,5:36:00 AM,Friday,Birchmount garage,Late Leaving Garage,1,1,S,7747
2015/01/02,32,5:40:00 AM,Friday,Eglinton and Keele,Utilized Off Route,1,1,w/b,1273
2015/01/02,25,5:43:00 AM,Friday,Eglinton Yard,Late Leaving Garage,1,1,NB,7456
2015/01/02,91,5:47:00 AM,Friday,Birchmount Garage,Late Leaving Garage,1,1,S,7839
2015/01/02,92,5:48:00 AM,Friday,birchmount garage,Mechanical,1,1,S,7811
2015/01/02,87,5:49:00 AM,Friday,birchmount garage,Mechanical,1,1,S,7781
2015/01/02,24,5:49:00 AM,Friday,birchmount garage,Mechanical,1,1,,7864
2015/01/02,47,5:50:00 AM,Friday,Yorkdale,Late Leaving Garage,9,18,s/b,1556
2015/01/02,100,5:51:00 AM,Friday,Eglinton Yard,Mechanical,1,1,E,7660
2015/01/02,24,5:51:00 AM,Friday,Birchmount garage,Mechanical,1,1,,7803
2015/01/02,53,5:57:00 AM,Friday,Morningside and Staines,Mechanical,10,24,w,9059
2015/01/02,105,5:58:00 AM,Friday,Wilson Garage,Late Leaving Garage,15,1,N,9432
2015/01/02,85,5:59:00 AM,Friday,Don Mills Stn,Late Leaving Garage,7,24,E/B,9065
2015/01/02,85,6:00:00 AM,Friday,Rouge Hill Go Stn,Late Leaving Garage,10,19,W/B,9101
2015/01/02,8,6:02:00 AM,Friday,Coxwell/Plains,Late Leaving Garage,30,60,w,8105
2015/01/02,61,6:06:00 AM,Friday,Eglinton Station,Utilized Off Route,13,27,N,8393
2015/01/02,95,6:06:00 AM,Friday,Ellesmere R. T. Station,Mechanical,0,0,w,9419
2015/01/02,96,6:08:00 AM,Friday,wilson stn,Late Leaving Garage,8,16,e/b,1559
2015/01/02,107,6:08:00 AM,Friday,Wilson Garage,Mechanical,12,24,,9413
2015/01/02,37,6:08:00 AM,Friday,finch and islington,Late Leaving Garage,18,36,e/b,1320
2015/01/02,53,6:09:00 AM,Friday,Passmore and Markham,Mechanical,5,9,w,1740
2015/01/02,29,6:14:00 AM,Friday,Wilson Garage,Late Leaving Garage,8,15,S,9052
2015/01/02,29,6:15:00 AM,Friday,Wilson Garage,Late Leaving Garage,7,14,S,9051
2015/01/02,116,6:16:00 AM,Friday,Ellesmere & Conlins,Late Leaving Garage,23,25,N,7527
2015/01/02,43,6:20:00 AM,Friday,Scarb. Town Center Stn,Mechanical,10,20,W,7444
2015/01/02,96,6:20:00 AM,Friday,yorkmills,Late Leaving Garage,30,60,e/b,1370
2015/01/02,86,6:20:00 AM,Friday,Morningside & Lawrence,Mechanical,17,25,E,7663
2015/01/02,11,6:20:00 AM,Friday,W@ilson Garage,Late Leaving Garage,13,25,S,8343
2015/01/02,42,6:25:00 AM,Friday,Wilson Gaarage,Late Leaving Garage,11,21,W,8307
2015/01/02,34,6:25:00 AM,Friday,Eglinton Stn,Mechanical,4,8,E,7679
2015/01/02,100,6:26:00 AM,Friday,Broadview Stn.,Mechanical,4,15,N,7664
2015/01/02,34,6:29:00 AM,Friday,Eglinton Yard,Mechanical,4,8,E,7470
2015/01/02,161,6:30:00 AM,Friday,Alliance Ave.and Jane St.,Utilized Off Route,12,24,E,1006
2015/01/02,88,6:32:00 AM,Friday,Wilson Garage,Late Leaving Garage,13,1,E,8311
2015/01/02,196,6:35:00 AM,Friday,Wilson Garage,Late Leaving Garage,5,10,S,8179
2015/01/02,95,6:37:00 AM,Friday,York Mills Stn,Late Leaving Garage,8,16,E,9441
2015/01/02,75,6:39:00 AM,Friday,Bloor & Sherbourne,Utilized Off Route,12,18,,8386
2015/01/02,196,6:40:00 AM,Friday,Wilson Garage,Mechanical,6,13,,8320
2015/01/02,39,6:41:00 AM,Friday,Seneca College,Late Leaving Garage,8,16,WB,1812
2015/01/02,199,6:47:00 AM,Friday,Scarborough Town Center,Late Leaving Garage,3,6,WB,1403
2015/01/02,54,6:48:00 AM,Friday,Eglinton Yard,Late Leaving Garage,1,1,WB,7542
2015/01/02,100,6:52:00 AM,Friday,Concord Place,Mechanical,4,8,N,7473
2015/01/02,41,6:54:00 AM,Friday,Keele Station,Late Leaving Garage,17,34,N/B,1586
2015/01/02,36,7:01:00 AM,Friday,Finch station,Late Leaving Garage,4,8,W,1302
2015/01/02,196,7:06:00 AM,Friday,Commons,Late Leaving Garage,5,10,sb,9417
2015/01/02,134,7:08:00 AM,Friday,Progress and Estate,Mechanical,5,20,w,1738
2015/01/02,196,7:09:00 AM,Friday,Sheppard Stn.,Late Leaving Garage,9,18,wb,9412
2015/01/02,96,7:15:00 AM,Friday,York Mills Stn.,Mechanical,20,40,E,1374
2015/01/02,39,7:16:00 AM,Friday,Nieslon & Crow Trail,Mechanical,4,8,WB,9442
2015/01/02,131,7:20:00 AM,Friday,Kennedy Stn,Mechanical,7,14,N,1142
2015/01/02,84,7:32:00 AM,Friday,Sheppard Station,Mechanical,17,34,W,1254
2015/01/02,100,8:19:00 AM,Friday,Concord Place,Mechanical,11,15,N,7565
2015/01/02,111,8:28:00 AM,Friday,Eglington and East Mall S/B,Mechanical,10,20,S/B,7975
2015/01/02,104,8:40:00 AM,Friday,Downsview Stn.,Mechanical,13,247,sb,8363
2015/01/02,43,9:02:00 AM,Friday,Progress Ave,Mechanical,10,20,S,7444
2015/01/02,43,9:04:00 AM,Friday,Progress Ave at Rail Crossing,Diversion,101,121,S,7659
2015/01/02,91,9:10:00 AM,Friday,Woodbine Station,Mechanical,20,30,N,7728
2015/01/02,191,9:20:00 AM,Friday,Royal crest and HWY 27,Mechanical,10,15,S,7910
2015/01/02,191,9:25:00 AM,Friday,Hwy 27 and Eglinton,Mechanical,10,20,N,7950
2015/01/02,71,10:01:00 AM,Friday,St Clair and Mondovi Gate,Diversion,172,24,n/b,7131
2015/01/02,97,10:03:00 AM,Friday,Yonge & Eglinton,Mechanical,30,60,nb,8348
2015/01/02,86,10:04:00 AM,Friday,Toronto Zoo,Mechanical,10,20,S,7667
2015/01/02,116,10:37:00 AM,Friday,Kennedy Stn,Mechanical,10,20,E,7525
2015/01/02,24,10:43:00 AM,Friday,Victoria Park/Finch,Mechanical,10,20,s,7831
2015/01/02,53,11:14:00 AM,Friday,Steeles and Bestview,Mechanical,9,15,w,1821
2015/01/02,38,11:28:00 AM,Friday,Ellesmere at Military Trail.,Mechanical,10,20,w/B,1810
2015/01/02,88,11:45:00 AM,Friday,Beth Nealson & Wicksteed Ave.,Mechanical,15,30,w,8131
2015/01/02,91,12:04:00 PM,Friday,Woodbine and St'Clair,Mechanical,23,0,e,7817
2015/01/02,57,12:04:00 PM,Friday,Kennedy Station,Mechanical,12,24,n,5284
2015/01/02,12,12:07:00 PM,Friday,Kennedy Station,Mechanical,10,20,n,7823
2015/01/02,191,12:10:00 PM,Friday,Steeles loop at MGRV,Mechanical,10,20,N,1231
2015/01/02,195,12:26:00 PM,Friday,Jane/Wilson,Mechanical,10,20,N,1223
2015/01/02,43,12:30:00 PM,Friday,Kennedy Stn,Mechanical,11,22,N/B,7495
2015/01/02,43,12:52:00 PM,Friday,Nprth Service Rd,Mechanical,11,22,WN/B,7529
2015/01/02,124,1:15:00 PM,Friday,Lawrence Stn.,Late Leaving Garage,7,14,eb,8202
2015/01/02,23,1:30:00 PM,Friday,Gower and Dawes,Mechanical,10,20,n,7862
2015/01/02,68,1:30:00 PM,Friday,68 Warden Route,General Delay,9,18,B/W,
2015/01/02,54,1:30:00 PM,Friday,McCowan,Investigation,1,1,w,7580
2015/01/02,11,1:39:00 PM,Friday,Sunnybrook Hospital,Mechanical,10,21,n,9433
2015/01/02,86,1:40:00 PM,Friday,Eglinton & Midland,Investigation,10,20,e,7464
2015/01/02,21,1:54:00 PM,Friday,STC,Mechanical,14,28,N/b,7751
2015/01/02,67,2:00:00 PM,Friday,67 Pharmacy route,General Delay,12,24,B/W,
2015/01/02,29,2:00:00 PM,Friday,Dufferin route,General Delay,30,15,B,
2015/01/02,35,2:12:00 PM,Friday,Jane/Queen,Emergency Services,10,20,S,1228
2015/01/02,160,2:30:00 PM,Friday,Wilson Lower,Mechanical,17,34,n/b,8342
2015/01/02,75,2:30:00 PM,Friday,Sherbourne and Bloor.,Mechanical,7,14,n/b,8327
2015/01/02,42,2:37:00 PM,Friday,Don Mills / Cummer,Mechanical,24,48,EB,8219
2015/01/02,29,2:37:00 PM,Friday,College,Mechanical,5,10,N,9048
2015/01/02,107,2:38:00 PM,Friday,Downsview station,Late Leaving Garage,22,26,N,9409
2015/01/02,98,2:39:00 PM,Friday,Peckam & Cactus,Late Leaving Garage,23,38,e,8346
2015/01/02,37,2:50:00 PM,Friday,Westhanpton Drive on Islington Avenue,Mechanical,5,10,N,7231
2015/01/02,116,2:57:00 PM,Friday,Morningside & Milner,Investigation,10,20,e,7493
2015/01/02,60,3:04:00 PM,Friday,Kioling and Steeles,Late Leaving Garage,14,0,E,1243
2015/01/02,24,3:05:00 PM,Friday,STEELES LOOP,Mechanical,8,16,SB,7798
2015/01/02,42,3:14:00 PM,Friday,finch station,Late Leaving Garage,12,24,EB,8140
2015/01/02,36,3:15:00 PM,Friday,finch stn,Mechanical,8,8,w/b,9180
2015/01/02,62,3:17:00 PM,Friday,Broadview Stn,Mechanical,1,1,N,7788
2015/01/02,131,3:18:00 PM,Friday,McCowan Rd and Channel Nine Crt,Diversion,0,0,S,1076
2015/01/02,129,3:18:00 PM,Friday,McCowan Rd and Channel Nine Crt,Diversion,36,41,S,1800
2015/01/02,130,3:18:00 PM,Friday,McCowan Rd and Channel Nine Crt,Diversion,31,46,S,1811
2015/01/02,116,3:21:00 PM,Friday,Kennedy Station,Mechanical,6,12,e,7473
2015/01/02,12,3:25:00 PM,Friday,Victoria Park Stn,Investigation,8,16,S/b,7763
2015/01/02,90,3:30:00 PM,Friday,,Mechanical,5,10,s/b,8343
2015/01/02,90,3:30:00 PM,Friday,Duncan shop,Mechanical,5,10,s/b,8343
2015/01/02,51,3:30:00 PM,Friday,Eglinton Station,Mechanical,15,30,n,8367
2015/01/02,34,3:41:00 PM,Friday,Kennedy station,Emergency Services,4,8,e,7639
2015/01/02,20,3:55:00 PM,Friday,KENNEDY STN,Emergency Services,22,36,EB,7863
2015/01/02,113,3:55:00 PM,Friday,KENNEDY STN,Emergency Services,22,37,EB,7754
2015/01/02,131,3:56:00 PM,Friday,Kennedy station,Diversion,22,31,W,1825
2015/01/02,29,3:57:00 PM,Friday,Glen Belle,Investigation,5,10,N,9035
2015/01/02,116,4:00:00 PM,Friday,Kennedy station,Diversion,25,28,e,7570
2015/01/02,86,4:00:00 PM,Friday,Kennedy Station,Diversion,20,30,e,7549
2015/01/02,43,4:00:00 PM,Friday,Kennedy Stn,General Delay,9,18,B/W,
2015/01/02,43,4:00:00 PM,Friday,43 Kennedy Route,Diversion,11,22,B/W,
2015/01/02,29,4:01:00 PM,Friday,Springhurst,Mechanical,5,10,N,8302
2015/01/02,86,4:03:00 PM,Friday,Shepperd Loop,Mechanical,3,0,w,7636
2015/01/02,21,4:04:00 PM,Friday,Kennedy Stn,Diversion,13,25,S/B,7703
2015/01/02,12,4:04:00 PM,Friday,Kennedy Stn,Diversion,13,27,W/B,7782
2015/01/02,57,4:04:00 PM,Friday,Kennedy Stn,Diversion,13,29,S/B,7871
2015/01/02,10,4:05:00 PM,Friday,Donmills station,Late Leaving Garage,10,20,N,9434
2015/01/02,198,4:07:00 PM,Friday,Kennedy Station,Diversion,10,20,e,7412
2015/01/02,196,4:08:00 PM,Friday,Downsview station,Mechanical,8,16,N,8329
2015/01/02,52,4:16:00 PM,Friday,Lawrence stn,Late Leaving Garage,7,19,w/b,1638
2015/01/02,83,4:18:00 PM,Friday,Donlands Stn,Mechanical,18,36,S,7859
2015/01/02,34,4:31:00 PM,Friday,Laird to Rosemount,General Delay,19,23,e,
2015/01/02,116,4:32:00 PM,Friday,Kennedy Station,Utilized Off Route,11,21,e,7537
2015/01/02,76,4:36:00 PM,Friday,ROYAL YORK STN,Mechanical,6,12,s/b,8057
2015/01/02,42,4:41:00 PM,Friday,finch station,Mechanical,14,28,EB,8354
2015/01/02,7,4:55:00 PM,Friday,Bathurst and Wilson.,Mechanical,8,16,n/b,9004
2015/01/02,55,5:11:00 PM,Friday,Dundas / Scarlett,Mechanical,1,1,e,1609
2015/01/02,124,5:15:00 PM,Friday,Lawrence Station,Utilized Off Route,6,12,EB,8137
2015/01/02,86,5:15:00 PM,Friday,Kingston & Celeste,Mechanical,11,22,e,7572
2015/01/02,79,5:20:00 PM,Friday,Runnymede stn,Utilized Off Route,12,24,n,1054
2015/01/02,65,5:32:00 PM,Friday,Parliament & Shutter,Investigation,10,19,S,7709
2015/01/02,73,5:37:00 PM,Friday,Royal York Stn,Mechanical,20,40,n/b,8013
2015/01/02,192,5:43:00 PM,Friday,Kipling stn,Mechanical,8,17,s,8083
2015/01/02,60,5:46:00 PM,Friday,Signal Hill,Mechanical,9,18,E,1514
2015/01/02,85,6:12:00 PM,Friday,Sheppard Stn,Mechanical,16,32,E,1088
2015/01/02,29,6:15:00 PM,Friday,Wilson Station,Investigation,5,10,S,9031
2015/01/02,39,6:19:00 PM,Friday,Old Finch & Littles Rd,Mechanical,17,27,W,1782
2015/01/02,191,6:55:00 PM,Friday,kipling stn,Mechanical,5,10,e/b,7913
2015/01/02,75,7:00:00 PM,Friday,"Sherbourne,Between queen and shuter",Diversion,7,14,n/b,8330
2015/01/02,45,7:11:00 PM,Friday,Kipling stn,Mechanical,8,16,s,8065
2015/01/02,133,7:17:00 PM,Friday,Centinary Hospital Loop,Mechanical,10,20,n/b,1300
2015/01/02,75,7:36:00 PM,Friday,Lower Jarvis and Lakeshore N/B.,Diversion,7,14,n/b,8356
2015/01/02,196,7:41:00 PM,Friday,downsview Station,Utilized Off Route,5,10,n,8431
2015/01/02,23,7:52:00 PM,Friday,Dawes & Ferris,Diversion,10,20,EB,7827
2015/01/02,36,8:20:00 PM,Friday,Humberwood Loop,Mechanical,6,14,W,1362
2015/01/02,96,8:35:00 PM,Friday,Wilson and Clayson,Mechanical,19,38,W,1271
2015/01/02,43,9:20:00 PM,Friday,Progress & William Kitchen,Mechanical,15,30,WB,7597
2015/01/02,34,9:42:00 PM,Friday,Eglinton STN,Utilized Off Route,7,13,EB,7591
2015/01/02,45,9:44:00 PM,Friday,Kipling/Beacon Hill,Mechanical,9,19,s/b,8014
2015/01/02,7,9:44:00 PM,Friday,Village Gate,Mechanical,5,10,s,9032
2015/01/02,12,9:58:00 PM,Friday,Kennedy Station,Investigation,20,32,WB,7763
2015/01/02,57,9:58:00 PM,Friday,Kennedy STN,Investigation,15,30,NB,7801
2015/01/02,52,10:36:00 PM,Friday,Lawrence and Jane,Mechanical,21,42,w/b,1501
2015/01/02,17,10:46:00 PM,Friday,Birchmount Rd & Canadian Rd,Mechanical,22,44,SB,7756
2015/01/03,39,12:03:00 AM,Saturday,Neilson and Crow Trail,Mechanical,6,12,E/B,1321
2015/01/03,133,12:04:00 AM,Saturday,Neilson at Berner Trail,Mechanical,13,19,S/B,1130
2015/01/03,7,12:10:00 AM,Saturday,Bathurst Station,Mechanical,12,24,n,8204
2015/01/03,89,1:15:00 AM,Saturday,Keele station,Mechanical,15,30,n/b,1656
2015/01/03,96,4:52:00 AM,Saturday,wilson stn,Late Leaving Garage,30,60,e/b,1415
2015/01/03,7,5:17:00 AM,Saturday,S/B bathurst and Wilson,Late Leaving Garage,10,20,S,8214
2015/01/03,161,5:17:00 AM,Saturday,Ossington station,Late Leaving Garage,14,22,w,1048
2015/01/03,36,5:20:00 AM,Saturday,finch stn,Late Leaving Garage,9,18,e/b,9118
2015/01/03,52,5:24:00 AM,Saturday,Martingrove and Tollington,Late Leaving Garage,18,39,e,1518
2015/01/03,110,5:29:00 AM,Saturday,Evans and islington Ave,Late Leaving Garage,10,19,s/b,8057
2015/01/03,94,5:29:00 AM,Saturday,Ossington staion,Late Leaving Garage,10,17,e,1582
2015/01/03,113,5:30:00 AM,Saturday,Main Stn,Late Leaving Garage,30,60,e,7785
2015/01/03,23,5:31:00 AM,Saturday,Main Stn,Late Leaving Garage,13,26,n,7735
2015/01/03,110,5:35:00 AM,Saturday,Evans and Islington Ave,Late Leaving Garage,10,19,s/b,8057
2015/01/03,165,5:37:00 AM,Saturday,Signet and Steeles Ave West,Late Leaving Garage,20,1,S,7929
2015/01/03,165,5:47:00 AM,Saturday,York Mills Stn,Late Leaving Garage,10,1,W,7916
2015/01/03,165,6:02:00 AM,Saturday,arrow,Late Leaving Garage,15,30,e/b,1225
2015/01/03,88,6:10:00 AM,Saturday,St.Clair station,Late Leaving Garage,20,36,E,8344
2015/01/03,115,6:10:00 AM,Saturday,Yorkmills station,Late Leaving Garage,20,40,E,9428
2015/01/03,165,6:12:00 AM,Saturday,Signet and Steeles,Late Leaving Garage,15,30,S,1288
2015/01/03,11,6:13:00 AM,Saturday,Sunnybrook hospital,Late Leaving Garage,15,32,S,9403
2015/01/03,84,6:15:00 AM,Saturday,rivalda,Late Leaving Garage,12,24,e/b,1337
2015/01/03,195,6:19:00 AM,Saturday,steeles,Mechanical,10,20,e/b,1809
2015/01/03,84,6:25:00 AM,Saturday,Sheppard Stn,Late Leaving Garage,10,20,W,1399
2015/01/03,85,6:30:00 AM,Saturday,Don Mills Station,Late Leaving Garage,15,30,EB,1351
2015/01/03,96,6:38:00 AM,Saturday,Yorkmills station,Mechanical,18,36,w,27
2015/01/03,11,6:39:00 AM,Saturday,Steeles loop,Late Leaving Garage,24,48,S,9411
2015/01/03,122,6:45:00 AM,Saturday,Yorkmills station,Late Leaving Garage,30,60,E,9428
2015/01/03,60,7:18:00 AM,Saturday,steeles loop,Late Leaving Garage,9,18,e/b,1329
2015/01/03,28,7:30:00 AM,Saturday,Davisville station,Late Leaving Garage,30,38,E,8171
2015/01/03,112,7:30:00 AM,Saturday,Kipling Station,Mechanical,15,30,n/b,8031
2015/01/03,103,7:44:00 AM,Saturday,Eglinton station,Mechanical,20,40,N,8182
2015/01/03,29,7:58:00 AM,Saturday,N/B St.Clair and Dufferin,Mechanical,7,15,N,9034
2015/01/03,49,8:00:00 AM,Saturday,Mill Rd and Bloor,General Delay,14,0,e/b,
2015/01/03,191,8:13:00 AM,Saturday,Kipling Stn,Late Leaving Garage,13,26,N,7932
2015/01/03,16,8:34:00 AM,Saturday,Scarborough Town Centre,Late Leaving Garage,12,24,s,7818
2015/01/03,29,8:40:00 AM,Saturday,Wilson Garage,Late Leaving Garage,5,10,,8138
2015/01/03,32,8:57:00 AM,Saturday,Skymark and Commerce,Late Leaving Garage,10,19,e,1565
2015/01/03,96,8:57:00 AM,Saturday,York Mills Stn,Late Leaving Garage,13,26,W,1394
2015/01/03,53,9:06:00 AM,Saturday,Markham and Passmore,Late Leaving Garage,12,24,WB,1096
2015/01/03,17,9:17:00 AM,Saturday,Warden Stn,Late Leaving Garage,15,30,N,7799
2015/01/03,34,9:30:00 AM,Saturday,Kennedy Stn,Mechanical,8,14,W,7600
2015/01/03,34,9:37:00 AM,Saturday,Eglinton Stn,Mechanical,6,12,E,7477
2015/01/03,88,9:58:00 AM,Saturday,McCrea Dr & Millwood,Mechanical,20,40,,8192
2015/01/03,25,9:59:00 AM,Saturday,Pape Stn,Mechanical,6,11,N,7598
2015/01/03,32,10:07:00 AM,Saturday,Eglinton and Dufferin,Investigation,24,48,w,1678
2015/01/03,29,10:15:00 AM,Saturday,Eglinton & Dufferin,Utilized Off Route,5,10,s,8132
2015/01/03,90,10:18:00 AM,Saturday,Okwood and Vaughn,Late Leaving Garage,8,16,S,8386
2015/01/03,76,10:20:00 AM,Saturday,Lakeshore/Mimico,Diversion,130,138,N,8099
2015/01/03,25,10:29:00 AM,Saturday,Overlea & Millwood,Mechanical,6,11,N,7584
2015/01/03,52,10:56:00 AM,Saturday,Royal york and Dixon,Mechanical,21,42,E/B,1584
2015/01/03,100,11:00:00 AM,Saturday,Eglinton and Mt Pleasant,Investigation,9,18,WB,7502
2015/01/03,42,11:12:00 AM,Saturday,Finch stn,Mechanical,12,24,e/b,8354
2015/01/03,100,11:36:00 AM,Saturday,Eglinton and Hoyle,Investigation,10,19,EB,7669
2015/01/03,65,11:50:00 AM,Saturday,Richmond and Parliament,Investigation,16,32,N,7684
2015/01/03,36,11:55:00 AM,Saturday,,Mechanical,4,8,e/b,9107
2015/01/03,192,11:57:00 AM,Saturday,Kipling stn,Mechanical,10,20,s,8001
2015/01/03,35,12:00:00 PM,Saturday,Jane and Wilson,Mechanical,8,16,N,1367
2015/01/03,199,12:01:00 PM,Saturday,Scarborough Town Center,Late Leaving Garage,7,14,w/b,1092
2015/01/03,165,12:06:00 PM,Saturday,Finch and Weston,Late Leaving Garage,2,5,W,1396
2015/01/03,165,12:16:00 PM,Saturday,York Mills Stn,Late Leaving Garage,8,16,W,1251
2015/01/03,106,12:24:00 PM,Saturday,S/B Fountain head on Sentinel Rd North of Finch,Mechanical,10,19,S,9408
2015/01/03,84,12:26:00 PM,Saturday,Rivalda and Sheppard,Late Leaving Garage,6,12,W,7950
2015/01/03,116,12:39:00 PM,Saturday,Saunders  on Kingston Rd,Mechanical,6,12,W,7594
2015/01/03,59,1:00:00 PM,Saturday,Lawrence stn to Oakw,General Delay,22,44,B/W,
2015/01/03,29,1:00:00 PM,Saturday,Wilson Stn to princess Gate,General Delay,45,45,,
2015/01/03,108,1:00:00 PM,Saturday,Sheppard stn to Webr,General Delay,8,16,B/W,
2015/01/03,101,1:00:00 PM,Saturday,Downsview Stn to Downsview Park,General Delay,20,0,B/W,
2015/01/03,55,1:00:00 PM,Saturday,55-Warren Park,General Delay,10,8,b/w,1621
2015/01/03,195,1:00:00 PM,Saturday,JNST  to the COMMOMS,General Delay,10,20,B/W,
2015/01/03,77,1:00:00 PM,Saturday,77-Swansea route,General Delay,10,8,b/w,1520
2015/01/03,126,1:00:00 PM,Saturday,126-Christie route,General Delay,10,8,b/w,1407
2015/01/03,192,1:00:00 PM,Saturday,Entire route,General Delay,20,12,bw,
2015/01/03,35,1:00:00 PM,Saturday,JNST to all branches,General Delay,8,16,B/W,
2015/01/03,123,1:05:00 PM,Saturday,Shiornecliffe at Dundas,Diversion,168,178,bw,7948
2015/01/03,100,1:39:00 PM,Saturday,Broadview and Erindale,Investigation,9,18,SB,7502
2015/01/03,88,1:41:00 PM,Saturday,Moore Ave & Brendan Rd,Investigation,15,30,,8122
2015/01/03,129,1:45:00 PM,Saturday,STC,Mechanical,14,21,n/b,1133
2015/01/03,29,1:50:00 PM,Saturday,Dufferin and Tycos,Mechanical,3,6,s,8138
2015/01/03,106,1:50:00 PM,Saturday,Downsview station,Mechanical,10,20,N,9408
2015/01/03,199,1:58:00 PM,Saturday,Midland and Finch,Investigation,7,14,w/b,1089
2015/01/03,53,1:58:00 PM,Saturday,Steeles and Waggoners Wells,Investigation,6,18,w/b,1124
2015/01/03,68,1:59:00 PM,Saturday,Warden and Comstock,Investigation,10,20,,7663
2015/01/03,16,1:59:00 PM,Saturday,Bushby and McCowan Rd,Investigation,10,20,N,7739
2015/01/03,29,2:00:00 PM,Saturday,Wilson stn,Utilized Off Route,3,6,s/b,8379
2015/01/03,86,2:00:00 PM,Saturday,86 Scarborough Rouet,General Delay,6,12,B/W,
2015/01/03,71,2:00:00 PM,Saturday,71-Runnymede route,General Delay,12,10,b/w,
2015/01/03,32,2:00:00 PM,Saturday,32-Eglinton route,General Delay,12,10,b/w,
2015/01/03,41,2:00:00 PM,Saturday,Entire Route,General Delay,7,14,bw,
2015/01/03,83,2:05:00 PM,Saturday,Wheel Trans Garage,Mechanical,24,48,w,7792
2015/01/03,102,2:06:00 PM,Saturday,ST. CLAIR AND KENNEDY,Mechanical,10,20,S,7691
2015/01/03,165,2:11:00 PM,Saturday,Lexfield/Wilson,Investigation,6,12,w,7930
2015/01/03,116,2:11:00 PM,Saturday,116 MorningSide Route,General Delay,6,12,B/W,
2015/01/03,51,2:12:00 PM,Saturday,Steeles and Waggoners wells rd w/b,Diversion,24,48,w/b,8370
2015/01/03,53,2:15:00 PM,Saturday,Steeles and Waggoners Wells.,Diversion,125,131,w/b,
2015/01/03,72,2:16:00 PM,Saturday,Commissioners & Munition,Mechanical,10,20,E/B,7715
2015/01/03,85,2:19:00 PM,Saturday,Sheppard @ Brimley,Mechanical,6,12,W,1079
2015/01/03,36,2:30:00 PM,Saturday,finch stn to humberwood lp,General Delay,12,22,bw,
2015/01/03,37,2:30:00 PM,Saturday,islinton stn to hwlp/stis,General Delay,12,24,bw,
2015/01/03,63,2:30:00 PM,Saturday,Entire route,General Delay,18,7,b/w,
2015/01/03,190,2:30:00 PM,Saturday,STC to Don Mills Stn,General Delay,10,19,E/W,
2015/01/03,95,2:30:00 PM,Saturday,Entire Route,General Delay,15,23,B/W's,
2015/01/03,161,2:30:00 PM,Saturday,entire route,General Delay,12,24,bw,
2015/01/03,191,2:30:00 PM,Saturday,dundas to finch via hwy 427,General Delay,11,22,bw,
2015/01/03,60,2:30:00 PM,Saturday,finch stn to signalhill,General Delay,12,24,bw,
2015/01/03,47,2:30:00 PM,Saturday,Entire route,General Delay,20,17,b/w,
2015/01/03,85,2:30:00 PM,Saturday,Don Mills Stn to Rouge Hill Go,General Delay,13,19,E/W,
2015/01/03,89,2:30:00 PM,Saturday,entire route,General Delay,9,18,bw,
2015/01/03,53,2:30:00 PM,Saturday,Steeles Ave E,General Delay,15,30,b/w's,
2015/01/03,64,2:31:00 PM,Saturday,MAIN STN,Investigation,15,30,S,7850
2015/01/03,70,2:35:00 PM,Saturday,O connor and Bermondsey,Investigation,8,16,,7636
2015/01/03,134,2:43:00 PM,Saturday,Tapscott and Finch,Mechanical,15,30,s/b,1101
2015/01/03,9,2:50:00 PM,Saturday,EastPark Blvd and Bellamy Rd,Investigation,24,48,N,7796
2015/01/03,190,2:54:00 PM,Saturday,Sheppard E/O 404,Mechanical,9,18,E,1778
2015/01/03,134,2:55:00 PM,Saturday,STC,Utilized Off Route,30,60,n/b,1775
2015/01/03,23,2:58:00 PM,Saturday,MAIN STN,Investigation,10,20,S,7727
2015/01/03,39,3:00:00 PM,Saturday,Entire Route,General Delay,14,21,B/W's,
2015/01/03,199,3:00:00 PM,Saturday,Entire Route,General Delay,14,21,B/W's,
2015/01/03,37,3:12:00 PM,Saturday,Bergamont,Investigation,13,26,W,1414
2015/01/03,39,3:19:00 PM,Saturday,Wayside and Finch,Investigation,7,14,w/b,1100
2015/01/03,43,3:22:00 PM,Saturday,Kennedy Rd at Munham Gate,Investigation,14,28,NB,7523
2015/01/03,88,3:28:00 PM,Saturday,St Clair Stn,Mechanical,15,30,,8122
2015/01/03,133,3:32:00 PM,Saturday,Ellesmere @ Markham,Mechanical,9,18,W,1105
2015/01/03,54,3:38:00 PM,Saturday,Lawrence and Tremont,Mechanical,9,18,,7469
2015/01/03,199,3:45:00 PM,Saturday,Finch Station,Mechanical,7,14,e/b,1733
2015/01/03,60,3:46:00 PM,Saturday,steeles at gerry fitzgerald,Mechanical,11,22,e,7927
2015/01/03,53,3:53:00 PM,Saturday,Steeles and Middlefield,Mechanical,6,18,w/b,1129
2015/01/03,84,4:10:00 PM,Saturday,Jane/Sheppard,Mechanical,6,12,e,7950
2015/01/03,120,4:13:00 PM,Saturday,Sheppard/jane,Mechanical,30,60,w,1387
2015/01/03,94,4:15:00 PM,Saturday,Ossington station,Mechanical,12,24,w/b,1582
2015/01/03,11,4:16:00 PM,Saturday,Davisville Station,Utilized Off Route,10,20,s,8216
2015/01/03,41,4:25:00 PM,Saturday,Keele and Greenbrook,Investigation,7,20,N,1556
2015/01/03,29,4:30:00 PM,Saturday,Wilson Stn,Utilized Off Route,3,6,,8169
2015/01/03,25,4:43:00 PM,Saturday,Pape Station,Investigation,5,11,NB,7531
2015/01/03,85,5:01:00 PM,Saturday,Sheppard @ Brimley,Mechanical,6,12,E,1351
2015/01/03,52,5:02:00 PM,Saturday,Lawrence and Marlee,Mechanical,17,34,W/b,1037
2015/01/03,111,5:04:00 PM,Saturday,Kipling station,Mechanical,11,22,nb,7340
2015/01/03,40,5:49:00 PM,Saturday,Anette and Dundas,Mechanical,10,20,n,8067
2015/01/03,32,5:53:00 PM,Saturday,Wright & Gibson,Investigation,9,18,e/b,1633
2015/01/03,102,5:53:00 PM,Saturday,Markham and Nashdene,Investigation,10,20,N,7680
2015/01/03,22,5:58:00 PM,Saturday,Beech Avenue and Kingston,Investigation,9,18,S,7725
2015/01/03,22,5:58:00 PM,Saturday,Beech Ave and Kingston Rd.,Investigation,9,18,s,7725
2015/01/03,161,6:00:00 PM,Saturday,Jane and Alliance,Mechanical,12,24,e/b,1048
2015/01/03,37,6:06:00 PM,Saturday,racetrack,Investigation,13,26,n,1296
2015/01/03,39,6:08:00 PM,Saturday,Neilson and Crow Trail,Mechanical,7,14,w/b,1101
2015/01/03,41,6:11:00 PM,Saturday,Keele and Steeles,Mechanical,7,14,s/b,1029
2015/01/03,709,6:15:00 PM,Saturday,Eglinton & Yonge,Mechanical,10,20,w/b,1610
2015/01/03,70,6:16:00 PM,Saturday,O connor and Sunrise,Diversion,20,29,,
2015/01/03,85,6:17:00 PM,Saturday,Sheppard @ Yonge,Investigation,20,40,W,1300
2015/01/03,34,6:21:00 PM,Saturday,Eglinton & Kennedy,Mechanical,6,12,WB,7570
2015/01/03,47,6:45:00 PM,Saturday,StClair,Mechanical,20,40,n/b,1544
2015/01/03,53,6:48:00 PM,Saturday,Finch Station,Mechanical,25,50,e/b,1817
2015/01/03,191,7:17:00 PM,Saturday,hwy 27 at dixon,Mechanical,10,20,n,7906
2015/01/03,71,7:33:00 PM,Saturday,Rockcliffe & Alliance,Utilized Off Route,1,1,n/b,1616
2015/01/03,40,7:36:00 PM,Saturday,Dundas West stn,Utilized Off Route,12,24,n,8039
2015/01/03,63,7:37:00 PM,Saturday,Douro and Strachan,Utilized Off Route,10,20,s/b,1502
2015/01/03,32,7:37:00 PM,Saturday,Emmett & Eglinton,Utilized Off Route,1,1,e/b,1595
2015/01/03,168,7:46:00 PM,Saturday,Dundas West stn,Utilized Off Route,8,16,n,7926
2015/01/03,84,7:55:00 PM,Saturday,Sheppard Station,Mechanical,6,12,w,1337
2015/01/03,53,8:15:00 PM,Saturday,Finch Station,Mechanical,19,38,e/b,1113
2015/01/03,87,8:29:00 PM,Saturday,Kennedy Stn.,Late Leaving Garage,30,60,w,7844
2015/01/03,89,9:09:00 PM,Saturday,Keele and Dundas,Mechanical,12,24,n/b,1658
2015/01/03,54,9:10:00 PM,Saturday,Underwriters & Lawrence,Mechanical,22,44,EB,7678
2015/01/03,98,9:45:00 PM,Saturday,Shepaprd station,Mechanical,30,60,W,8342
2015/01/03,195,9:50:00 PM,Saturday,Jane and Steeles,Emergency Services,10,20,S,1265
2015/01/03,7,9:55:00 PM,Saturday,bathurst and wilson,Mechanical,10,20,s,8153
2015/01/03,35,10:15:00 PM,Saturday,Eglinton,Utilized Off Route,6,12,S,1377
2015/01/03,22,10:20:00 PM,Saturday,Coxwell Stn.,Utilized Off Route,15,30,s,7786
2015/01/03,190,10:33:00 PM,Saturday,Don Mills Stn,Mechanical,22,44,E/B,1351
2015/01/03,26,10:33:00 PM,Saturday,Dupont and Shaw,Mechanical,24,48,e,8059
2015/01/03,25,10:40:00 PM,Saturday,Pape STN,Utilized Off Route,10,20,NB,7622
2015/01/03,196,11:00:00 PM,Saturday,Downsview station,Mechanical,10,20,n,9425
2015/01/03,24,11:03:00 PM,Saturday,Steeles and Vic Park,Mechanical,10,20,s,7805
2015/01/03,191,11:31:00 PM,Saturday,Martin Grove and Steeles,Diversion,1,1,BW,1
2015/01/03,46,11:31:00 PM,Saturday,Martin Grove and Steeles,Diversion,1,1,BW,1
2015/01/03,29,11:33:00 PM,Saturday,Springhurst Loop,Utilized Off Route,4,8,n,8187
2015/01/04,67,12:16:00 AM,Sunday,Victoria Park STN,Investigation,20,40,NB,7602
2015/01/04,60,1:01:00 AM,Sunday,York University,Mechanical,24,48,EB,1421
2015/01/04,321,3:19:00 AM,Sunday,Ellesmere at Mccowan,Mechanical,30,60,W/B,1792
2015/01/04,300,3:55:00 AM,Sunday,Bloor at Dufferin,Mechanical,15,23,E/B,7979
2015/01/04,310,4:01:00 AM,Sunday,Fort York and Lakeshore,Mechanical,30,60,EB,8120
2015/01/04,300,6:00:00 AM,Sunday,Terminal 3 to Danforth & Danforth,General Delay,12,30,B/W,7847
2015/01/04,310,6:10:00 AM,Sunday,Bathurst and Fort York,Mechanical,12,24,S,8168
2015/01/04,320,6:16:00 AM,Sunday,Steeles loop,Late Leaving Garage,3,7,s,8150
2015/01/04,324,6:30:00 AM,Sunday,Warden & Bamburgh Circle,Investigation,30,60,SB,7781
2015/01/04,104,7:45:00 AM,Sunday,Wilson stn,Late Leaving Garage,20,20,N,9419
2015/01/04,24,7:59:00 AM,Sunday,Danforth and Victoria Park,Late Leaving Garage,9,18,N,7781
2015/01/04,41,8:02:00 AM,Sunday,keele station,Late Leaving Garage,10,20,n,1226
2015/01/04,90,8:15:00 AM,Sunday,St. Clair W. stn,Late Leaving Garage,9,9,N,8328
2015/01/04,42,8:15:00 AM,Sunday,Kennedy loop,Late Leaving Garage,15,30,W,8351
2015/01/04,60,8:29:00 AM,Sunday,Finch Stn.,Late Leaving Garage,14,33,W,1355
2015/01/04,85,8:29:00 AM,Sunday,RHGO,Late Leaving Garage,28,52,W,1092
2015/01/04,62,8:35:00 AM,Sunday,Main stn,Late Leaving Garage,7,14,W,7682
2015/01/04,31,8:40:00 AM,Sunday,Greenwood stn,Late Leaving Garage,15,30,S,8107
2015/01/04,24,8:44:00 AM,Sunday,Victoria Park stn,Late Leaving Garage,9,18,N,7849
2015/01/04,73,8:44:00 AM,Sunday,Royal York Stn,Mechanical,16,30,n/b,7961
2015/01/04,69,8:46:00 AM,Sunday,Sadler and Birchmount,Late Leaving Garage,28,48,N,7725
2015/01/04,36,8:55:00 AM,Sunday,Finch and Arrow,Late Leaving Garage,5,10,E,7916
2015/01/04,196,8:55:00 AM,Sunday,York University Commons,Late Leaving Garage,10,20,S,8379
2015/01/04,73,9:00:00 AM,Sunday,Royal York Stn,Utilized Off Route,16,46,n/b,8039
2015/01/04,39,9:02:00 AM,Sunday,Finch & Baldoon,Late Leaving Garage,1,11,EB,1794
2015/01/04,112,9:03:00 AM,Sunday,Carlingview/International,Late Leaving Garage,24,48,s/b,8064
2015/01/04,165,9:10:00 AM,Sunday,Yorkmills staion,Late Leaving Garage,10,20,s,1922
2015/01/04,310,9:13:00 AM,Sunday,Bathurst and Bridgeman,Mechanical,12,24,N,8201
2015/01/04,190,9:15:00 AM,Sunday,Donmills station,Late Leaving Garage,15,30,W,1121
2015/01/04,37,9:23:00 AM,Sunday,Humberwood Loop,Mechanical,18,38,E,1238
2015/01/04,53,9:38:00 AM,Sunday,Markham & Steeles,Mechanical,9,18,EB,1754
2015/01/04,12,9:44:00 AM,Sunday,Victoria Park stn,Mechanical,33,66,N,7806
2015/01/04,24,9:45:00 AM,Sunday,Consummers and Victoria Park,Mechanical,9,18,S,8115
2015/01/04,53,9:45:00 AM,Sunday,Finch station to Staines,General Delay,10,17,B/W,1764
2015/01/04,122,9:59:00 AM,Sunday,Duncan Mill and Don Mills,Mechanical,30,60,E,8122
2015/01/04,165,10:00:00 AM,Sunday,Weston road.,General Delay,10,20,B/w,
2015/01/04,9,10:00:00 AM,Sunday,Warden stn,Late Leaving Garage,6,12,N,7847
2015/01/04,53,10:02:00 AM,Sunday,Markham & Steeles.,Mechanical,9,18,WB,1105
2015/01/04,72,10:10:00 AM,Sunday,Pape/Danforth Ave,Diversion,13,64,n,7855
2015/01/04,190,10:10:00 AM,Sunday,STC,Mechanical,15,31,W,1289
2015/01/04,36,10:11:00 AM,Sunday,finch and Islington,Mechanical,6,13,W,1421
2015/01/04,20,10:44:00 AM,Sunday,Midland and Park,Mechanical,20,40,E,7739
2015/01/04,89,11:00:00 AM,Sunday,Weston at Albion,Mechanical,15,27,S,1565
2015/01/04,165,11:00:00 AM,Sunday,Wilson and Clayson,Mechanical,10,20,E,1270
2015/01/04,24,11:25:00 AM,Sunday,Victoria Park stn,Mechanical,9,18,N,7870
2015/01/04,68,11:26:00 AM,Sunday,Warden and Lawrence,Mechanical,10,20,NB,7643
2015/01/04,102,11:29:00 AM,Sunday,Warden Stn,Mechanical,10,20,n,7761
2015/01/04,28,11:30:00 AM,Sunday,Davisville and Yonge,Mechanical,30,60,E,8138
2015/01/04,47,11:38:00 AM,Sunday,Queen and Macdonell,Late Leaving Garage,9,18,n,1502
2015/01/04,11,11:38:00 AM,Sunday,Davisville stn,Utilized Off Route,12,24,N,8148
2015/01/04,165,11:40:00 AM,Sunday,York Mills Stn.,Utilized Off Route,10,30,W,1378
2015/01/04,165,11:47:00 AM,Sunday,Weston Road,Mechanical,7,9,s,1241
2015/01/04,25,11:48:00 AM,Sunday,Pape Stn,Late Leaving Garage,5,11,N,7528
2015/01/04,7,11:48:00 AM,Sunday,Bathurst and Sheppard,Investigation,10,20,S,9411
2015/01/04,9,12:05:00 PM,Sunday,Scarborough Town Center,Mechanical,20,40,S,7699
2015/01/04,89,12:19:00 PM,Sunday,Keele station,Mechanical,10,19,N,1518
2015/01/04,32,12:19:00 PM,Sunday,Eglinton station,Late Leaving Garage,11,22,w,1242
2015/01/04,133,12:20:00 PM,Sunday,S/B Finch and Morning side,Mechanical,10,25,S,1785
2015/01/04,29,12:22:00 PM,Sunday,Springhurst loop,Utilized Off Route,5,10,N,8310
2015/01/04,709,12:24:00 PM,Sunday,Eglinton at Keele,Utilized Off Route,1,1,W,1599
2015/01/04,709,12:24:00 PM,Sunday,eglinton and bathurst,Utilized Off Route,1,1,e,1055
2015/01/04,29,12:24:00 PM,Sunday,Dufferin and Bloor,Utilized Off Route,4,7,S,8204
2015/01/04,39,12:29:00 PM,Sunday,Finch & Milliken Gate,Mechanical,9,18,EB,1083
2015/01/04,52,12:35:00 PM,Sunday,Terminal 3,Mechanical,13,29,E,1053
2015/01/04,52,12:37:00 PM,Sunday,Lawrence station,Mechanical,16,32,W,1052
2015/01/04,7,12:55:00 PM,Sunday,Bathurst and York Downs,Mechanical,14,28,s,8155
2015/01/04,54,1:00:00 PM,Sunday,Lawrance and Kingston Rd,Investigation,16,32,EB,7555
2015/01/04,29,1:00:00 PM,Sunday,Springhurst loop,Mechanical,3,6,w,8380
2015/01/04,47,1:00:00 PM,Sunday,Yorkdale mall,General Delay,30,48,b/w,
2015/01/04,989,1:00:00 PM,Sunday,Steeles and Dudley,Mechanical,30,60,w,8215
2015/01/04,11,1:00:00 PM,Sunday,Davisville stn,Mechanical,12,24,E,5536
2015/01/04,46,1:07:00 PM,Sunday,Firwood on Lloyd manor,Mechanical,7,14,N,1554
2015/01/04,160,1:11:00 PM,Sunday,Wilson Lower,Mechanical,35,70,,8318
2015/01/04,47,1:17:00 PM,Sunday,Lansdowne and Dupont,Investigation,18,36,n/b,1614
2015/01/04,85,1:19:00 PM,Sunday,Metro Toronto Zoo,Mechanical,5,10,WB,1788
2015/01/04,29,1:21:00 PM,Sunday,Wilson Stn,Utilized Off Route,3,6,,8359
2015/01/04,29,1:30:00 PM,Sunday,Dufferin and Davenport,Mechanical,3,6,w,8186
2015/01/04,26,1:41:00 PM,Sunday,"On Dupont, at Spadina",Emergency Services,24,48,E,7302
2015/01/04,104,1:45:00 PM,Sunday,Downsview Stn,Mechanical,20,40,w,8161
2015/01/04,40,1:50:00 PM,Sunday,"On Dundas, at Annette",Investigation,12,24,S,8047
2015/01/04,106,1:50:00 PM,Sunday,Downsview Stn,Mechanical,10,20,w,8199
2015/01/04,190,1:54:00 PM,Sunday,Progress & Borough Dr,Mechanical,10,20,EB,1125
2015/01/04,192,2:00:00 PM,Sunday,enitre route,General Delay,15,15,bw,
2015/01/04,191,2:10:00 PM,Sunday,kipling Stn.,Mechanical,7,14,N,7919
2015/01/04,32,2:27:00 PM,Sunday,Eglinton and marlee,Mechanical,11,22,w,1569
2015/01/04,34,2:50:00 PM,Sunday,Eglinton Stn,Mechanical,9,18,E,7566
2015/01/04,29,3:00:00 PM,Sunday,Glencairn to Bridgeland,General Delay,30,14,b,
2015/01/04,113,3:08:00 PM,Sunday,Merrian and Kennedy,Mechanical,20,40,S,7815
2015/01/04,24,3:23:00 PM,Sunday,Victoria Park Stn,Mechanical,8,16,n,8118
2015/01/04,43,3:30:00 PM,Sunday,Kennedy Stn,Mechanical,9,17,N,7590
2015/01/04,84,3:33:00 PM,Sunday,Sheppard Av @ Jane St,Mechanical,7,14,W,1305
2015/01/04,35,3:40:00 PM,Sunday,Jane Station,Mechanical,21,42,NB,1215
2015/01/04,35,3:40:00 PM,Sunday,Jane Station,General Delay,15,20,NB,
2015/01/04,35,3:40:00 PM,Sunday,Jane Station,Diversion,1,1,,
2015/01/04,26,3:40:00 PM,Sunday,Jane Station,Diversion,72,96,B/W,
2015/01/04,26,3:40:00 PM,Sunday,Jane Station,Emergency Services,24,48,E,7302
2015/01/04,65,4:00:00 PM,Sunday,Castlefrank Stn,General Delay,15,30,n/s,
2015/01/04,25,4:47:00 PM,Sunday,Don Mills & Overlea,Investigation,5,11,N,7462
2015/01/04,38,4:52:00 PM,Sunday,Ellesmere on Military Trail,Mechanical,10,20,SB,1112
2015/01/04,29,5:07:00 PM,Sunday,Dufferin and Whitmore,Mechanical,3,6,b,8160
2015/01/04,195,5:25:00 PM,Sunday,Jane and Wilson,Mechanical,10,20,NB,1294
2015/01/04,60,5:43:00 PM,Sunday,Village gate on Steeles Av W,Diversion,5,40,E,1534
2015/01/04,60,5:43:00 PM,Sunday,Village gate on Steeles Av W,Investigation,5,11,E,1534
2015/01/04,111,5:58:00 PM,Sunday,Kipling station,Mechanical,13,26,nb,8031
2015/01/04,47,6:53:00 PM,Sunday,Eglinton and Caledonia,Mechanical,20,40,S/B,1584
2015/01/04,25,7:02:00 PM,Sunday,Don Mills & Deerford,Mechanical,6,12,N,7535
2015/01/04,191,7:04:00 PM,Sunday,Martin grove on Steeles,Mechanical,14,30,N,7911
2015/01/04,61,7:04:00 PM,Sunday,Eglinton Stn,Mechanical,20,40,,8335
2015/01/04,79,7:15:00 PM,Sunday,Entire Route,General Delay,25,50,B/W,
2015/01/04,709,7:22:00 PM,Sunday,Eglinton West Stn,Utilized Off Route,1,1,E/B,1656
2015/01/04,63,7:24:00 PM,Sunday,King and Shaw,Utilized Off Route,8,15,S/B,1668
2015/01/04,32,7:30:00 PM,Sunday,Entire Route,General Delay,15,24,B/W,
2015/01/04,84,7:50:00 PM,Sunday,Rivalda on Sheppard Av,Mechanical,15,30,E,1732
2015/01/04,191,7:54:00 PM,Sunday,Albion Rd on Martin grove,Mechanical,7,14,S,7932
2015/01/04,91,8:00:00 PM,Sunday,Parkview hills,General Delay,20,40,n,7680
2015/01/04,12,8:19:00 PM,Sunday,Vic. Park Stn.,Investigation,20,40,n,7810
2015/01/04,16,8:26:00 PM,Sunday,Warden Stn.,General Delay,24,44,s,7715
2015/01/04,53,8:26:00 PM,Sunday,Steeles & McCowan,Mechanical,10,19,W,1795
2015/01/04,62,8:49:00 PM,Sunday,Main Stn.,General Delay,20,40,e,7690
2015/01/04,20,8:49:00 PM,Sunday,Main Stn,General Delay,20,40,e,7690
2015/01/04,6,8:53:00 PM,Sunday,Davenport and Bay,Utilized Off Route,17,34,W/B,1631
2015/01/04,38,9:00:00 PM,Sunday,Ellesmere/Bellamy,Mechanical,12,24,eb,1713
2015/01/04,41,9:00:00 PM,Sunday,Entire Route,General Delay,10,30,B/W,
2015/01/04,41,9:00:00 PM,Sunday,Entire Route,Mechanical,20,40,B/W,1568
2015/01/04,37,9:50:00 PM,Sunday,Sheppard & Arrow,Mechanical,30,60,N,1363
2015/01/04,36,9:55:00 PM,Sunday,Finch Station,Mechanical,9,18,E,9107
2015/01/04,89,10:20:00 PM,Sunday,Weston and Dee,Utilized Off Route,1,1,S/B,1513
2015/01/04,6,10:23:00 PM,Sunday,Davenport and Old Weston Rd.,Utilized Off Route,1,1,W/B,1246
2015/01/04,127,10:25:00 PM,Sunday,Old Weston and Rogers,Utilized Off Route,1,1,W/B,1623
2015/01/04,38,10:34:00 PM,Sunday,Scarborough Town Center,Utilized Off Route,13,26,EB,1810
2015/01/04,100,10:34:00 PM,Sunday,Broadview STN,Utilized Off Route,15,30,NB,7429
2015/01/04,25,10:35:00 PM,Sunday,Ppape STN,Utilized Off Route,12,24,NB,7667
2015/01/04,38,10:37:00 PM,Sunday,Military Trail/Gladys Road,Mechanical,13,26,WB,1114
2015/01/04,95,10:39:00 PM,Sunday,York Mills Station,Utilized Off Route,13,26,EB,1281
2015/01/04,32,11:24:00 PM,Sunday,Eglinton west station,Utilized Off Route,14,28,w/b,1507
2015/01/04,32,11:45:00 PM,Sunday,Eglinton and Weston,Mechanical,14,24,e/b,1016
2015/01/05,84,12:50:00 AM,Monday,Sheppard & Wilson Heights,Mechanical,20,40,E,1732
2015/01/05,85,1:55:00 AM,Monday,Sheppard/Grand River Blvd.,Mechanical,30,60,EB,1788
2015/01/05,25,2:40:00 AM,Monday,,Mechanical,6,12,,7492
2015/01/05,320,4:10:00 AM,Monday,Yonge & Bloor,Mechanical,4,8,N,9423
2015/01/05,36,4:53:00 AM,Monday,Finch and Arrow,Late Leaving Garage,10,20,W,9119
2015/01/05,94,5:04:00 AM,Monday,Castle Frank stn,Late Leaving Garage,20,32,w/b,1012
2015/01/05,32,5:05:00 AM,Monday,Eglinton station,Late Leaving Garage,14,28,w/b,1668
2015/01/05,73,5:10:00 AM,Monday,ROYAL YORK STN,Mechanical,20,0,N/B,8059
2015/01/05,35,5:11:00 AM,Monday,Jane/Hullmar,Late Leaving Garage,11,21,S,1545
2015/01/05,47,5:12:00 AM,Monday,Yorkdale stn,Mechanical,0,29,s,1250
2015/01/05,224,5:14:00 AM,Monday,Eglinton Garage,Mechanical,1,1,N,7646
2015/01/05,54,5:18:00 AM,Monday,Eglinton Stn.,Mechanical,17,17,e/b,7527
2015/01/05,96,5:20:00 AM,Monday,Humberwood/Finch,Late Leaving Garage,18,36,,7231
2015/01/05,100,5:22:00 AM,Monday,Eglinton Garage,Mechanical,1,1,S,7468
2015/01/05,90,5:25:00 AM,Monday,Oakwood and Vaughan,Late Leaving Garage,5,5,SB,9410
2015/01/05,43,5:26:00 AM,Monday,Midland / Steeles,Late Leaving Garage,20,30,SB,7582
2015/01/05,43,5:27:00 AM,Monday,Kennedy & Pasmore,Mechanical,5,0,N,7616
2015/01/05,96,5:32:00 AM,Monday,Weston Road,Mechanical,18,36,s,7214
2015/01/05,32,5:35:00 AM,Monday,Eglinton station,Late Leaving Garage,5,10,e/b,1640
2015/01/05,9,5:36:00 AM,Monday,Warden Station,Mechanical,5,20,n,7805
2015/01/05,53,5:36:00 AM,Monday,Passmore and Markham,Mechanical,5,10,w,7123
2015/01/05,54,5:40:00 AM,Monday,Eglinton Stn.,Mechanical,5,9,e/b,7525
2015/01/05,116,5:45:00 AM,Monday,Eglinton & Bellamy,Mechanical,7,13,E,7674
2015/01/05,52,5:47:00 AM,Monday,Lawrence west stn,Mechanical,12,24,w,1583
2015/01/05,165,5:49:00 AM,Monday,Arrow garage,Late Leaving Garage,5,10,s,7229
2015/01/05,107,5:51:00 AM,Monday,Keele and Finch,Mechanical,10,18,n/b,9424
2015/01/05,37,5:55:00 AM,Monday,Arrow Garage,Late Leaving Garage,4,8,s,1405
2015/01/05,39,5:56:00 AM,Monday,Don Mills,Mechanical,5,10,EB,1137
2015/01/05,37,6:00:00 AM,Monday,Humberwwod loop,Late Leaving Garage,30,60,s,1809
2015/01/05,63,6:04:00 AM,Monday,caniff and strachan,Late Leaving Garage,8,16,s/b,1607
2015/01/05,85,6:06:00 AM,Monday,Don Mills station,Late Leaving Garage,7,14,E,9077
2015/01/05,107,6:08:00 AM,Monday,Wilson Stn,Late Leaving Garage,17,29,NB,8393
2015/01/05,5,6:09:00 AM,Monday,Eglinton Stn,Mechanical,15,30,s/b,8360
2015/01/05,199,6:11:00 AM,Monday,Seneca College,Mechanical,3,6,EB,1148
2015/01/05,53,6:11:00 AM,Monday,Finch Station,Mechanical,1,1,e,9091
2015/01/05,116,6:11:00 AM,Monday,Eglinton Yard,Late Leaving Garage,1,1,E,7656
2015/01/05,32,6:12:00 AM,Monday,Eglinton station,Late Leaving Garage,5,10,w/b,1678
2015/01/05,89,6:15:00 AM,Monday,Keele & dundas,Mechanical,10,20,S,1569
2015/01/05,7,6:15:00 AM,Monday,Bathurst and Wilson,Late Leaving Garage,6,12,SB,9020
2015/01/05,196,6:18:00 AM,Monday,Downsview Stn,Late Leaving Garage,16,26,NB,8160
2015/01/05,107,6:18:00 AM,Monday,Downsview stn,Mechanical,8,0,n/b,8160
2015/01/05,24,6:18:00 AM,Monday,VP at Steeles,Mechanical,7,14,s,7853
2015/01/05,29,6:18:00 AM,Monday,WILSON STN,Mechanical,7,14,s/b,9030
2015/01/05,191,6:19:00 AM,Monday,Martin grove and Royal crest,Late Leaving Garage,4,9,N,7902
2015/01/05,107,6:20:00 AM,Monday,Wilson stn,Late Leaving Garage,15,30,NB,9423
2015/01/05,196,6:21:00 AM,Monday,York U Commons,Late Leaving Garage,5,10,SB,9435
2015/01/05,85,6:21:00 AM,Monday,Rouge Hill GO,Late Leaving Garage,11,22,W,9090
2015/01/05,142,6:21:00 AM,Monday,Wilson garage: track 21,Late Leaving Garage,9,9,s/b,8217
2015/01/05,36,6:23:00 AM,Monday,Humberwood loop,Late Leaving Garage,5,10,E,1538
2015/01/05,39,6:25:00 AM,Monday,Finch and Morningside,Mechanical,4,9,WB,1721
2015/01/05,106,6:25:00 AM,Monday,Downsview stn,Mechanical,7,14,n/b,9402
2015/01/05,107,6:25:00 AM,Monday,Downsview stn,Mechanical,7,14,n/b,8336
2015/01/05,63,6:26:00 AM,Monday,eglinton west stn,Late Leaving Garage,4,8,s/b,1608
2015/01/05,36,6:28:00 AM,Monday,Humberwood loop,Mechanical,6,11,E,9119
2015/01/05,96,6:30:00 AM,Monday,Arrow Garage,Late Leaving Garage,18,36,s,1394
2015/01/05,11,6:32:00 AM,Monday,Wilson Garage,Late Leaving Garage,13,26,S,8214
2015/01/05,29,6:36:00 AM,Monday,Dufferin and Bloor,Mechanical,7,14,n/b,9040
2015/01/05,88,6:39:00 AM,Monday,Beth Nealson,Mechanical,7,14,w/b,8122
2015/01/05,45,6:41:00 AM,Monday,KIPLING STN,Mechanical,5,11,KIP STN,7944
2015/01/05,168,6:45:00 AM,Monday,Dundas West Station,Mechanical,5,9,,7341
2015/01/05,144,6:45:00 AM,Monday,Concord Place,Mechanical,1,1,sb,7478
2015/01/05,11,6:46:00 AM,Monday,Wilson garabe,Late Leaving Garage,13,13,w/b,8189
2015/01/05,56,6:48:00 AM,Monday,Wickstead and Laird,Mechanical,23,46,N,8138
2015/01/05,107,6:48:00 AM,Monday,Downsview Station,Late Leaving Garage,18,36,N,9409
2015/01/05,107,6:48:00 AM,Monday,Downsview stn,Mechanical,18,36,n/b,9409
2015/01/05,54,6:49:00 AM,Monday,Eglinton Yard,Mechanical,1,1,ob,7426
2015/01/05,95,6:50:00 AM,Monday,Ellesmere RT,Late Leaving Garage,7,14,WB,1797
2015/01/05,191,6:50:00 AM,Monday,Royal crest and HWY 27,Mechanical,4,9,S,7932
2015/01/05,54,6:55:00 AM,Monday,Lawrence and Starspray Loop,Mechanical,9,18,w/b,7545
2015/01/05,95,6:57:00 AM,Monday,Ellesmere RT,Mechanical,7,14,WB,1117
2015/01/05,89,6:58:00 AM,Monday,Keele stn,Mechanical,5,10,N,1004
2015/01/05,54,7:00:00 AM,Monday,Lawrence and Starspray Loop,Mechanical,9,18,w/b,7617
2015/01/05,96,7:00:00 AM,Monday,John Garland/Jamestown,Mechanical,18,36,s,7219
2015/01/05,38,7:02:00 AM,Monday,U of T loop,Late Leaving Garage,7,15,W,1711
2015/01/05,134,7:03:00 AM,Monday,Centennial College,Mechanical,7,0,w,1132
2015/01/05,196,7:03:00 AM,Monday,York U Commons,Late Leaving Garage,4,8,SB,8139
2015/01/05,125,7:04:00 AM,Monday,Finch Stn,Late Leaving Garage,8,15,WB,9412
2015/01/05,199,7:05:00 AM,Monday,Finch & Gordon Baker,Diversion,24,27,WB,1400
2015/01/05,36,7:05:00 AM,Monday,Finch station 36F,Mechanical,11,25,W,9128
2015/01/05,39,7:05:00 AM,Monday,Finch & Gordon Baker,Diversion,24,28,WB,7033
2015/01/05,7,7:07:00 AM,Monday,Bathurst and Wilson,Late Leaving Garage,5,10,SB,9036
2015/01/05,224,7:09:00 AM,Monday,Honda Plant,Mechanical,30,60,S,7584
2015/01/05,52,7:10:00 AM,Monday,Carlingview and Dixon rd,Mechanical,6,9,e,1409
2015/01/05,39,7:15:00 AM,Monday,Finch Station to Neilson & Crow Trail,General Delay,9,14,BW,1077
2015/01/05,199,7:15:00 AM,Monday,Finch station to Scarborough Town Centre,General Delay,10,25,B/W,1733
2015/01/05,36,7:18:00 AM,Monday,Finch station,Mechanical,5,10,W,9114
2015/01/05,196,7:19:00 AM,Monday,Downsview Station,Late Leaving Garage,2,5,N,8367
2015/01/05,54,7:22:00 AM,Monday,Eglinton stn,Mechanical,9,18,wb,7483
2015/01/05,104,7:23:00 AM,Monday,Wilson Station,Mechanical,13,26,N,8152
2015/01/05,75,7:24:00 AM,Monday,Sherbourne and Bloor,Mechanical,7,11,SB,9433
2015/01/05,145,7:30:00 AM,Monday,Route 145 Humber exp.,General Delay,1,1,b/w,
2015/01/05,9,7:30:00 AM,Monday,Scarborough Town Centre,Mechanical,15,30,s,7805
2015/01/05,29,7:30:00 AM,Monday,wilson stn to Princes gate,General Delay,10,17,b/w,
2015/01/05,165,7:30:00 AM,Monday,Clayson/Wilson,Mechanical,5,10,s,1225
2015/01/05,122,7:30:00 AM,Monday,Yorkmills to Roywood,General Delay,10,20,b/w,
2015/01/05,53,7:32:00 AM,Monday,Yonge and Bishop,Investigation,14,26,e,9074
2015/01/05,54,7:35:00 AM,Monday,Eglinton Station,Mechanical,6,12,eb,7462
2015/01/05,195,7:42:00 AM,Monday,Jane and Steeles,Late Leaving Garage,10,20,s/b,1211
2015/01/05,95,7:47:00 AM,Monday,W/B Parkwood and Combermere dr.,Mechanical,7,14,W,9428
2015/01/05,44,7:50:00 AM,Monday,KIPLING STN,Mechanical,3,7,nb,7941
2015/01/05,196,7:55:00 AM,Monday,Downsview Station,Mechanical,2,5,N,9418
2015/01/05,168,8:00:00 AM,Monday,Route 168 Symington,General Delay,1,1,b/w,
2015/01/05,53,8:00:00 AM,Monday,Finch Station to Morningside and Staines,General Delay,19,11,bw,
2015/01/05,66,8:00:00 AM,Monday,Route 66 Prince Edward,General Delay,1,1,b/w,
2015/01/05,25,8:09:00 AM,Monday,Don Mills Stn,Utilized Off Route,3,6,N,7435
2015/01/05,129,8:10:00 AM,Monday,Mccowan and Finch,Mechanical,5,10,NB,1283
2015/01/05,116,8:15:00 AM,Monday,Morningside & West Hill,Investigation,7,13,S,7511
2015/01/05,53,8:20:00 AM,Monday,Yonge and Cummer,Mechanical,5,10,e,1766
2015/01/05,53,8:28:00 AM,Monday,Steeles and Lauraleaf,Investigation,6,11,w,9059
2015/01/05,89,8:30:00 AM,Monday,Weston & albion,Mechanical,5,10,S,1013
2015/01/05,96,8:30:00 AM,Monday,Clayson?Wilson,Mechanical,18,36,E,7245
2015/01/05,36,8:30:00 AM,Monday,Finch West route,Mechanical,1,1,B,9105
2015/01/05,41,8:32:00 AM,Monday,Ian McDonald & Pond,Mechanical,8,17,N,1643
2015/01/05,53,8:33:00 AM,Monday,Steeles and Mountcastle,Mechanical,5,11,e,1124
2015/01/05,117,8:40:00 AM,Monday,Finch and Dufferin,Diversion,420,440,S,8332
2015/01/05,196,8:40:00 AM,Monday,Finch and Dufferin,Diversion,420,422,S,8380
2015/01/05,161,8:40:00 AM,Monday,kane and rogers,Mechanical,10,20,e/b,1589
2015/01/05,41,8:40:00 AM,Monday,Keele & Dovehouse,Investigation,8,17,N,1013
2015/01/05,95,8:45:00 AM,Monday,W/B Ellesmere and Mornell court,Mechanical,8,15,W,1739
2015/01/05,104,8:46:00 AM,Monday,Finch and Dufferin,Diversion,419,432,W,8373
2015/01/05,54,8:46:00 AM,Monday,Lawrence rt,Mechanical,6,12,eb,7548
2015/01/05,37,8:47:00 AM,Monday,St. Andrew and Islington,Investigation,7,15,SB,1523
2015/01/05,25,8:54:00 AM,Monday,Pape Stn,Investigation,3,6,N,7528
2015/01/05,105,8:57:00 AM,Monday,Dufferin and Finch,Diversion,408,420,S,8350
2015/01/05,36,9:00:00 AM,Monday,Ficnh at Dufferin,General Delay,18,25,B,9130
2015/01/05,196,9:14:00 AM,Monday,Downsview Station,Utilized Off Route,1,3,N,8160
2015/01/05,196,9:26:00 AM,Monday,pond and Sentinel,Mechanical,2,4,S,8359
2015/01/05,47,9:40:00 AM,Monday,queen and lansdowne,Mechanical,11,22,n/b,1609
2015/01/05,37,9:46:00 AM,Monday,Islington Stn,Mechanical,18,36,NB,1306
2015/01/05,60,9:48:00 AM,Monday,York U,Mechanical,7,14,EB,1342
2015/01/05,122,10:11:00 AM,Monday,Roywood and Underpass,Mechanical,17,34,w/b,8351
2015/01/05,7,10:20:00 AM,Monday,Bathurst Stn,Mechanical,9,18,NB,9049
2015/01/05,54,10:21:00 AM,Monday,Rouge Hill Go Stn.,Utilized Off Route,9,19,e/b,7676
2015/01/05,43,10:37:00 AM,Monday,NORCAP / KENNEDY,Mechanical,12,24,SB,7671
2015/01/05,124,10:38:00 AM,Monday,lawrence Station,Mechanical,8,16,E,8374
2015/01/05,129,11:03:00 AM,Monday,McCowan and Steeles,Mechanical,7,14,SB,1782
2015/01/05,30,11:05:00 AM,Monday,Royal York and Dundas,Mechanical,30,60,NB,7331
2015/01/05,40,11:17:00 AM,Monday,Dundas W stn,Utilized Off Route,10,20,n,7314
2015/01/05,134,11:19:00 AM,Monday,Scarborough Town Centre,Mechanical,6,13,e,1144
2015/01/05,71,11:20:00 AM,Monday,Runnymede station,Mechanical,24,48,n/b,1552
2015/01/05,112,11:21:00 AM,Monday,KIPLING STN,Mechanical,20,40,STN,8042
2015/01/05,70,11:40:00 AM,Monday,Warden stn,Mechanical,18,36,wb,7608
2015/01/05,129,11:52:00 AM,Monday,Scarb Town Ctr Stn,Mechanical,10,20,North,1788
2015/01/05,84,11:55:00 AM,Monday,Downsview stn,Mechanical,10,20,e/b,1385
2015/01/05,70,12:06:00 PM,Monday,Coxwell Stn.,Mechanical,18,36,e/b,7404
2015/01/05,53,12:57:00 PM,Monday,Steeles & Yonge,Investigation,6,11,W,1083
2015/01/05,38,1:07:00 PM,Monday,STC,Mechanical,13,26,EB,1129
2015/01/05,53,1:15:00 PM,Monday,Steeles & Yonge,Diversion,6,11,W,1724
2015/01/05,196,1:15:00 PM,Monday,Downsview station,Mechanical,1,4,s/b,9434
2015/01/05,199,1:16:00 PM,Monday,Midland and Finch,Mechanical,5,10,W/B,9449
2015/01/05,199,1:20:00 PM,Monday,Finch & Midland,Mechanical,5,10,W,9449
2015/01/05,112,1:30:00 PM,Monday,Kipling station,Mechanical,20,40,nb,8042
2015/01/05,124,1:34:00 PM,Monday,Lawrence Station,Mechanical,7,14,E,8311
2015/01/05,60,1:40:00 PM,Monday,Hilda Avenue,Mechanical,7,14,W,1554
2015/01/05,102,1:42:00 PM,Monday,Eglington Ave.,Investigation,15,30,n,7780
2015/01/05,41,1:45:00 PM,Monday,Keele stn,Mechanical,7,14,N,1218
2015/01/05,102,2:00:00 PM,Monday,Eglington Ave.,Utilized Off Route,30,60,n,7867
2015/01/05,41,2:00:00 PM,Monday,Entire route,General Delay,10,20,b/w,
2015/01/05,29,2:00:00 PM,Monday,Dufferin route,General Delay,30,20,B,
2015/01/05,102,2:00:00 PM,Monday,Eglington Ave.,Investigation,30,60,n,7685
2015/01/05,15,2:05:00 PM,Monday,Kipling Evans,Mechanical,22,44,e,7315
2015/01/05,95,2:08:00 PM,Monday,York Mills and Dundalk,Mechanical,8,16,WB,1735
2015/01/05,38,2:10:00 PM,Monday,Scarborough Town Centre,Mechanical,6,12,EB,1815
2015/01/05,129,2:13:00 PM,Monday,Mccowan and Finch,Mechanical,7,14,NB,1101
2015/01/05,60,2:21:00 PM,Monday,Cactus Avenue on Steeles,Mechanical,7,14,E,1554
2015/01/05,110,2:23:00 PM,Monday,Islington stn,Mechanical,24,48,s,7330
2015/01/05,37,2:29:00 PM,Monday,IWAY,Mechanical,11,22,N,1384
2015/01/05,44,2:31:00 PM,Monday,Colonel Sam Smith Loop,Mechanical,4,8,nb,8043
2015/01/05,85,2:52:00 PM,Monday,Don Mills Station,Late Leaving Garage,16,32,WB,1807
2015/01/05,77,3:00:00 PM,Monday,Entire Route,General Delay,0,0,B/W,
2015/01/05,29,3:00:00 PM,Monday,Wilson,Mechanical,5,10,S,6605
2015/01/05,129,3:02:00 PM,Monday,Scarborough Town Centre,Late Leaving Garage,5,10,NB,9078
2015/01/05,24,3:03:00 PM,Monday,VP Stn.,Late Leaving Garage,13,26,n,7708
2015/01/05,95,3:06:00 PM,Monday,York Mills CI,Late Leaving Garage,8,16,EB,1107
2015/01/05,190,3:07:00 PM,Monday,Don Mills Station,Late Leaving Garage,4,8,EB,1300
2015/01/05,7,3:07:00 PM,Monday,Steeles-bathurst,Mechanical,8,16,sb,8138
2015/01/05,39,3:10:00 PM,Monday,Seneca College,Mechanical,10,20,W/B,1073
2015/01/05,35,3:10:00 PM,Monday,Jane Stn.,Late Leaving Garage,20,40,N,1376
2015/01/05,6,3:13:00 PM,Monday,Mount Dennis Garage,Late Leaving Garage,10,20,S,1526
2015/01/05,95,3:14:00 PM,Monday,York Mills CI,Late Leaving Garage,8,16,EB,1401
2015/01/05,131,3:14:00 PM,Monday,Scarborough Town Centre,Late Leaving Garage,12,24,EB,1820
2015/01/05,116,3:15:00 PM,Monday,eglinton garage,Mechanical,2,9,E,7578
2015/01/05,54,3:15:00 PM,Monday,Morningside and Lawrence,Investigation,12,24,w,7506
2015/01/05,16,3:16:00 PM,Monday,Warden Stn.,Investigation,10,20,s,7691
2015/01/05,102,3:17:00 PM,Monday,Warden Stn.,Utilized Off Route,3,6,s,7867
2015/01/05,21,3:18:00 PM,Monday,STC,Mechanical,13,26,N/B,7798
2015/01/05,199,3:19:00 PM,Monday,STC,Mechanical,4,8,E/B,1149
2015/01/05,36,3:20:00 PM,Monday,Finch station 36D,Mechanical,12,25,W,9115
2015/01/05,37,3:22:00 PM,Monday,STIS,Mechanical,11,22,S,
2015/01/05,108,3:22:00 PM,Monday,Bakersfield Avenue on Sheppard Avenue West,Mechanical,14,28,W,1207
2015/01/05,132,3:24:00 PM,Monday,Scarborough Town Centre,Late Leaving Garage,12,24,EB,1735
2015/01/05,6,3:26:00 PM,Monday,Bedford and Dupont,Late Leaving Garage,10,20,s/b,1635
2015/01/05,42,3:27:00 PM,Monday,Finch Station,Diversion,12,23,e,8310
2015/01/05,35,3:28:00 PM,Monday,Jane and Steeles,Late Leaving Garage,20,40,S,1394
2015/01/05,60,3:30:00 PM,Monday,York University Commons,Late Leaving Garage,4,8,E,7236
2015/01/05,35,3:40:00 PM,Monday,Jane stn.,Late Leaving Garage,20,40,N,1222
2015/01/05,60,3:50:00 PM,Monday,Finch Station,Late Leaving Garage,7,14,W,7250
2015/01/05,41,3:50:00 PM,Monday,York University - Commons,Late Leaving Garage,16,32,n,1204
2015/01/05,54,3:50:00 PM,Monday,SRT,Late Leaving Garage,10,20,e,7465
2015/01/05,60,3:54:00 PM,Monday,Signal Hill,Late Leaving Garage,7,14,E,1390
2015/01/05,25,3:55:00 PM,Monday,Pape Station,Mechanical,3,6,NB,7478
2015/01/05,84,3:55:00 PM,Monday,RISH,Mechanical,11,22,W,
2015/01/05,37,3:55:00 PM,Monday,STIS,Mechanical,11,22,S,
2015/01/05,45,3:56:00 PM,Monday,Kipling and Belfield,Diversion,39,53,nb,7975
2015/01/05,36,4:00:00 PM,Monday,Finch West route,General Delay,14,20,B,9116
2015/01/05,10,4:00:00 PM,Monday,Donmills and Godstone,Mechanical,10,20,E,9406
2015/01/05,11,4:00:00 PM,Monday,Davisville Stn.,Late Leaving Garage,12,24,nb,8307
2015/01/05,37,4:14:00 PM,Monday,Humberwood Loop,Mechanical,19,38,S,7246
2015/01/05,42,4:19:00 PM,Monday,Yonge and Hendon,Investigation,11,23,s,8310
2015/01/05,54,4:20:00 PM,Monday,Morningside and lawrence,Diversion,15,24,w,7482
2015/01/05,63,4:24:00 PM,Monday,Lansdowne and Queen,Investigation,10,20,s/b,1008
2015/01/05,116,4:29:00 PM,Monday,morningside and johnstoner,Mechanical,6,12,E,7548
2015/01/05,116,4:30:00 PM,Monday,Morningside Route,General Delay,12,0,B/W,
2015/01/05,86,4:30:00 PM,Monday,Scarborough Route,General Delay,10,0,B/W,
2015/01/05,198,4:30:00 PM,Monday,Scarborough College Express,General Delay,10,0,B/W,
2015/01/05,59,4:37:00 PM,Monday,Lawrence West Stn.,Mechanical,13,26,w,1302
2015/01/05,195,4:40:00 PM,Monday,Jane and Wilson,Mechanical,10,20,n,1227
2015/01/05,24,4:47:00 PM,Monday,VP at Ellesmere,Mechanical,7,14,n,8100
2015/01/05,53,4:55:00 PM,Monday,Steeles & Midland,Mechanical,5,10,E,1713
2015/01/05,199,4:55:00 PM,Monday,Scarborough Town Centre,Mechanical,4,8,E/B,1149
2015/01/05,190,4:59:00 PM,Monday,Don Mills Station,Mechanical,5,10,EB,1103
2015/01/05,110,5:00:00 PM,Monday,Judson and Islington,Mechanical,24,48,s,7943
2015/01/05,129,5:11:00 PM,Monday,Scarb.Town Ctr Stn.,Mechanical,5,10,North,1099
2015/01/05,32,5:15:00 PM,Monday,Trethewey Dr. and Todd Bayliss Blvd.,Mechanical,8,16,E,1032
2015/01/05,40,5:17:00 PM,Monday,Dundas West station,Diversion,23,30,n,7314
2015/01/05,124,5:21:00 PM,Monday,Lawrence Station,Mechanical,6,12,e,8363
2015/01/05,123,5:22:00 PM,Monday,Shorncliffe and North Queen,Investigation,19,38,s,7965
2015/01/05,16,5:25:00 PM,Monday,Scarborough Town Center,Mechanical,9,18,s,7707
2015/01/05,41,5:25:00 PM,Monday,Keele / Mapleleaf,Mechanical,9,18,n,1506
2015/01/05,53,5:29:00 PM,Monday,Morningside & Staines,Mechanical,15,26,W,9101
2015/01/05,112,5:35:00 PM,Monday,West Mall Crest. At West Mall,Investigation,16,32,nb,8056
2015/01/05,39,5:48:00 PM,Monday,Senece College,Mechanical,10,20,W/B,1073
2015/01/05,96,5:49:00 PM,Monday,wilson at keele,Mechanical,24,48,e,7249
2015/01/05,191,5:53:00 PM,Monday,Kipling station,Mechanical,5,10,N,7947
2015/01/05,68,5:57:00 PM,Monday,Warden Stn,Mechanical,6,12,N,7450
2015/01/05,79,6:00:00 PM,Monday,Entire Route,General Delay,8,20,B/W,
2015/01/05,41,6:15:00 PM,Monday,Keele stn,Mechanical,9,18,n,1656
2015/01/05,32,6:15:00 PM,Monday,Eglinton West Station,Mechanical,4,8,E,1582
2015/01/05,60,6:45:00 PM,Monday,York University Commons,Mechanical,7,14,E,1305
2015/01/05,84,6:45:00 PM,Monday,Downsview stn,Mechanical,11,22,W,1228
2015/01/05,44,6:47:00 PM,Monday,Kipling station,Utilized Off Route,12,20,sb,8092
2015/01/05,196,6:50:00 PM,Monday,Downsview station,Mechanical,2,4,n/b,8139
2015/01/05,39,6:53:00 PM,Monday,Victoria Park,Mechanical,8,15,W/B,1797
2015/01/05,12,7:01:00 PM,Monday,Kingston Rd & Bingham Loop,Investigation,10,20,W/B,7864
2015/01/05,35,7:04:00 PM,Monday,Jane and Lawrence,Mechanical,6,11,S,1395
2015/01/05,43,7:05:00 PM,Monday,Scarborough centre stn,Investigation,8,16,S/B,7541
2015/01/05,52,7:20:00 PM,Monday,Lawrence west station,Mechanical,14,28,w,1003
2015/01/05,29,7:30:00 PM,Monday,Wilson Stn,Emergency Services,0,0,s,8362
2015/01/05,34,7:35:00 PM,Monday,Eglinton STN,Utilized Off Route,7,13,EB,7557
2015/01/05,100,7:46:00 PM,Monday,Cosburn and Broadview,Diversion,21,25,,
2015/01/05,169,7:52:00 PM,Monday,Don mills station,Mechanical,30,60,n/b,8326
2015/01/05,34,7:56:00 PM,Monday,Eglinton stn,Mechanical,6,12,east,7575
2015/01/05,196,7:57:00 PM,Monday,Commons,Mechanical,3,6,n/b,8300
2015/01/05,72,8:02:00 PM,Monday,Carlaw & Lakeshore,Investigation,10,20,S/B,7793
2015/01/05,196,8:09:00 PM,Monday,Sheppard station,Utilized Off Route,9,18,,9441
2015/01/05,60,8:25:00 PM,Monday,Bathurst Street,Mechanical,14,28,W,1292
2015/01/05,95,8:30:00 PM,Monday,Kingston Rd Loop,Late Leaving Garage,14,28,W,1106
2015/01/05,89,8:50:00 PM,Monday,Weston rd / Church st,Mechanical,9,18,s,1533
2015/01/05,39,8:51:00 PM,Monday,Finch/Seneca,Mechanical,8,16,WB,1070
2015/01/05,7,8:51:00 PM,Monday,Bathurst Stn,Utilized Off Route,1,10,n,9020
2015/01/05,195,9:30:00 PM,Monday,Jane & Steeles,Mechanical,9,18,S,1327
2015/01/05,29,9:40:00 PM,Monday,Wilson Station,Mechanical,5,10,S,9048
2015/01/05,36,9:45:00 PM,Monday,Humberwood Loop,Late Leaving Garage,7,14,E,1732
2015/01/05,106,9:54:00 PM,Monday,The Commons,Mechanical,1,1,s,9418
2015/01/05,106,9:54:00 PM,Monday,The Commons,Utilized Off Route,3,6,s,9418
2015/01/05,36,9:55:00 PM,Monday,Finch Station,Mechanical,9,18,E,9107
2015/01/05,29,9:56:00 PM,Monday,Dufferin and Dupont,Mechanical,5,10,s,8146
2015/01/05,67,10:10:00 PM,Monday,Victoria Park STN,Late Leaving Garage,20,40,NB,7622
2015/01/05,34,10:15:00 PM,Monday,Eglinton & Victoria PK,Utilized Off Route,7,13,EB,7532
2015/01/05,39,10:16:00 PM,Monday,Finch/Baldoon,Mechanical,6,12,EB,1771
2015/01/05,6,10:45:00 PM,Monday,Bay and Front,Diversion,64,88,B/W,1680
2015/01/05,24,10:49:00 PM,Monday,VICTORIA PARK STN,Utilized Off Route,10,20,SB,7805
2015/01/05,22,10:49:00 PM,Monday,COXWELL STN,Utilized Off Route,12,24,SB,7819
2015/01/05,190,11:44:00 PM,Monday,Midland/Weybright Ct.,Emergency Services,15,30,EB,1777
2015/01/06,1,12:45:00 AM,Tuesday,Eglinton Stn,Mechanical,3,6,S,1284
2015/01/06,95,1:10:00 AM,Tuesday,York Mills Station,Mechanical,10,20,EB,1334
2015/01/06,320,1:26:00 AM,Tuesday,Queens Quay & Yonge,Investigation,5,10,N,8345
2015/01/06,354,4:40:00 AM,Tuesday,Lawrence & Fortune Gate,Mechanical,30,30,E,7487
2015/01/06,96,5:00:00 AM,Tuesday,Arrow Division,Late Leaving Garage,18,36,w,7234
2015/01/06,309,5:04:00 AM,Tuesday,Finch Station,Late Leaving Garage,11,41,W,1378
2015/01/06,134,5:08:00 AM,Tuesday,Tapscott and Finch,Mechanical,10,0,n,1725
2015/01/06,53,5:12:00 AM,Tuesday,Passmore and Markham,Utilized Off Route,5,9,w,1785
2015/01/06,36,5:13:00 AM,Tuesday,Finch and Arrow,Late Leaving Garage,8,18,E,9131
2015/01/06,24,5:23:00 AM,Tuesday,CONSUMERS/VP,Late Leaving Garage,10,0,N,7692
2015/01/06,127,5:23:00 AM,Tuesday,Spadina station,Mechanical,7,0,WB,1062
2015/01/06,39,5:24:00 AM,Tuesday,Finch&Baldoon,Late Leaving Garage,5,10,EB,1119
2015/01/06,32,5:26:00 AM,Tuesday,Eglinton station,Late Leaving Garage,5,10,WB,1638
2015/01/06,110,5:32:00 AM,Tuesday,Garage,Late Leaving Garage,10,19,,8086
2015/01/06,165,5:33:00 AM,Tuesday,Yorkmills station,Mechanical,5,10,e,1275
2015/01/06,53,5:36:00 AM,Tuesday,Passmore and Markham,Mechanical,1,6,w,1087
2015/01/06,96,5:41:00 AM,Tuesday,William Gragg/Wilson,Mechanical,18,36,w,7234
2015/01/06,160,5:43:00 AM,Tuesday,Wilson Stn,Late Leaving Garage,2,26,NB,8347
2015/01/06,25,5:44:00 AM,Tuesday,Don Mills & Au Large,Investigation,25,40,N,7573
2015/01/06,73,5:45:00 AM,Tuesday,Garage,Late Leaving Garage,11,36,,7307
2015/01/06,7,5:48:00 AM,Tuesday,Bathurst and Wilson,Late Leaving Garage,17,28,SB,9051
2015/01/06,100,5:50:00 AM,Tuesday,Eglinton Garage,Late Leaving Garage,1,1,,7612
2015/01/06,68,5:50:00 AM,Tuesday,Eglinton Garage,Late Leaving Garage,1,1,WB,7531
2015/01/06,134,5:50:00 AM,Tuesday,Progress and Markham,Mechanical,10,0,e,1725
2015/01/06,16,5:56:00 AM,Tuesday,Birchmount Garage,Late Leaving Garage,9,18,n,7778
2015/01/06,85,5:58:00 AM,Tuesday,Meadowvale loop,Late Leaving Garage,6,15,W,9085
2015/01/06,130,6:00:00 AM,Tuesday,Middlefield and Steeles,Late Leaving Garage,7,27,S,1794
2015/01/06,199,6:00:00 AM,Tuesday,Scarborough Town Centre,Late Leaving Garage,3,6,wb,1815
2015/01/06,47,6:02:00 AM,Tuesday,Queen,Mechanical,5,9,n,1624
2015/01/06,84,6:03:00 AM,Tuesday,Sheppard and Arrow.,Late Leaving Garage,10,20,e/b,1417
2015/01/06,73,6:05:00 AM,Tuesday,Royal York stn,Mechanical,15,30,n,8042
2015/01/06,196,6:08:00 AM,Tuesday,Wilson Yard,Late Leaving Garage,5,5,NB,8209
2015/01/06,32,6:10:00 AM,Tuesday,Emmitt,Late Leaving Garage,1,1,EB,1233
2015/01/06,29,6:11:00 AM,Tuesday,Wilson stn,Mechanical,7,14,s/b,9049
2015/01/06,7,6:14:00 AM,Tuesday,Bathurst and Wilson,Late Leaving Garage,8,15,SB,9048
2015/01/06,54,6:14:00 AM,Tuesday,Eglinton stn,Mechanical,5,8,EB,7436
2015/01/06,165,6:15:00 AM,Tuesday,Yorkmills station,Late Leaving Garage,5,10,w,7229
2015/01/06,109,6:15:00 AM,Tuesday,Lawrence West Stn,Late Leaving Garage,15,21,SB,8143
2015/01/06,32,6:18:00 AM,Tuesday,Eglinton station,Mechanical,5,10,WB,1619
2015/01/06,39,6:18:00 AM,Tuesday,Finch station,Late Leaving Garage,4,7,EB,1351
2015/01/06,100,6:18:00 AM,Tuesday,Broadview Stn.,Late Leaving Garage,12,27,N,7612
2015/01/06,104,6:19:00 AM,Tuesday,Downsview Station,Late Leaving Garage,13,24,nb,8395
2015/01/06,84,6:20:00 AM,Tuesday,Sheppard stn,Mechanical,11,22,w/b,1385
2015/01/06,34,6:21:00 AM,Tuesday,Eglinton Stn,Mechanical,4,28,E,7536
2015/01/06,29,6:21:00 AM,Tuesday,Tycos,Mechanical,7,14,s/b,9047
2015/01/06,85,6:21:00 AM,Tuesday,Rouge Hill GO,Mechanical,11,22,W,9084
2015/01/06,54,6:24:00 AM,Tuesday,Lawrence Scarbough Golf Club rd,Mechanical,9,18,eb,7525
2015/01/06,111,6:25:00 AM,Tuesday,WillowRidge,Mechanical,10,20,,7965
2015/01/06,68,6:27:00 AM,Tuesday,Warden Station,Late Leaving Garage,1,1,nb,7449
2015/01/06,29,6:29:00 AM,Tuesday,Dufferin and Bloor,Mechanical,7,14,n/b,9045
2015/01/06,107,6:29:00 AM,Tuesday,Downsview Stn,Mechanical,1,1,NB,9403
2015/01/06,97,6:30:00 AM,Tuesday,Davisville stn,Late Leaving Garage,38,66,nb,8380
2015/01/06,37,6:30:00 AM,Tuesday,Finch and Islington,Late Leaving Garage,7,14,S,1390
2015/01/06,199,6:31:00 AM,Tuesday,Scarborough Town Centre,Late Leaving Garage,3,6,WB,1770
2015/01/06,106,6:32:00 AM,Tuesday,Downsview Stn,Mechanical,7,14,NB,8129
2015/01/06,78,6:35:00 AM,Tuesday,Carluke anf Fifshire,Mechanical,8,0,w/b,8374
2015/01/06,100,6:35:00 AM,Tuesday,Don Mills and Eglinton,Mechanical,4,11,S,7445
2015/01/06,60,6:38:00 AM,Tuesday,York U,Late Leaving Garage,6,12,E,1292
2015/01/06,41,6:39:00 AM,Tuesday,Keele Station,Late Leaving Garage,17,35,N/B,1652
2015/01/06,78,6:40:00 AM,Tuesday,Yorkmills stn,Mechanical,10,20,e/b,8175
2015/01/06,95,6:40:00 AM,Tuesday,York Mills and Don Mills,Mechanical,7,14,W,9408
2015/01/06,6,6:40:00 AM,Tuesday,Finch station,Late Leaving Garage,7,14,W,7246
2015/01/06,54,6:41:00 AM,Tuesday,Eglinton yard,Mechanical,5,11,eb,7428
2015/01/06,108,6:43:00 AM,Tuesday,Downsview station,Late Leaving Garage,7,14,W,1384
2015/01/06,59,6:43:00 AM,Tuesday,Lawrence W.Stn,Mechanical,12,24,w/b,1227
2015/01/06,39,6:47:00 AM,Tuesday,Old Finch,Late Leaving Garage,15,30,WB,1092
2015/01/06,199,6:50:00 AM,Tuesday,McCowan & Sheppard,Mechanical,3,6,WB,1372
2015/01/06,84,6:50:00 AM,Tuesday,Sheppard stn,Late Leaving Garage,4,8,w/b,1350
2015/01/06,60,6:52:00 AM,Tuesday,Finch station,Late Leaving Garage,4,8,W,1305
2015/01/06,195,6:53:00 AM,Tuesday,Jane/Steeles,Late Leaving Garage,10,20,S,1538
2015/01/06,32,6:53:00 AM,Tuesday,Emmitt and Jane,Utilized Off Route,7,14,EB,1637
2015/01/06,60,6:54:00 AM,Tuesday,York U Commons,Late Leaving Garage,4,8,E,1268
2015/01/06,139,6:56:00 AM,Tuesday,malvern garage,Late Leaving Garage,20,40,WB,7033
2015/01/06,36,6:57:00 AM,Tuesday,Finch Station,Late Leaving Garage,5,9,E,9134
2015/01/06,100,6:58:00 AM,Tuesday,Eglinton Stn,Mechanical,15,30,S,7670
2015/01/06,60,7:00:00 AM,Tuesday,60 Steeles W Route,General Delay,7,22,B/W,
2015/01/06,102,7:00:00 AM,Tuesday,Sheppard on Markam,Mechanical,10,20,s,7830
2015/01/06,37,7:00:00 AM,Tuesday,37 Islingtion Route,General Delay,7,20,B/W,
2015/01/06,60,7:05:00 AM,Tuesday,York U,Late Leaving Garage,5,10,W,1248
2015/01/06,7,7:07:00 AM,Tuesday,Bathurst and St Clair,Late Leaving Garage,5,10,SB,9003
2015/01/06,90,7:11:00 AM,Tuesday,St Clair West Stn,Mechanical,4,8,NB,8215
2015/01/06,51,7:13:00 AM,Tuesday,Eglinton Stn,Late Leaving Garage,14,23,n,8390
2015/01/06,195,7:13:00 AM,Tuesday,Jane/Steeles,Late Leaving Garage,10,20,S,1213
2015/01/06,60,7:13:00 AM,Tuesday,Steeles and signalhill,Mechanical,7,14,E,1201
2015/01/06,84,7:15:00 AM,Tuesday,Sheppard stn,Late Leaving Garage,5,10,w/b,7250
2015/01/06,6,7:16:00 AM,Tuesday,Davenport and yonge,Late Leaving Garage,8,16,s,1616
2015/01/06,11,7:17:00 AM,Tuesday,Steels Loop,Mechanical,14,26,s,9428
2015/01/06,95,7:30:00 AM,Tuesday,U of T campus,Late Leaving Garage,9,18,W,1799
2015/01/06,32,7:32:00 AM,Tuesday,Eglinton West station,Mechanical,5,10,WB,1026
2015/01/06,38,7:32:00 AM,Tuesday,U of T loop,Mechanical,7,15,W,1137
2015/01/06,191,7:35:00 AM,Tuesday,Kipling Station,Mechanical,4,9,n,7932
2015/01/06,84,7:36:00 AM,Tuesday,Finch and Arrow rd,Mechanical,13,26,s/b,1417
2015/01/06,199,7:37:00 AM,Tuesday,Scarborough Town Centre,Mechanical,3,6,WB,9448
2015/01/06,32,7:48:00 AM,Tuesday,Entire route,Diversion,68,73,BW,
2015/01/06,89,7:48:00 AM,Tuesday,Weston and Church,Mechanical,5,10,s/b,1552
2015/01/06,60,7:48:00 AM,Tuesday,Steeles and Signalhill,Late Leaving Garage,7,14,E,1318
2015/01/06,32,7:48:00 AM,Tuesday,Eglinton and Little,Investigation,5,10,EB,1420
2015/01/06,196,7:49:00 AM,Tuesday,Downsview STN,Mechanical,4,8,NB,8364
2015/01/06,85,7:55:00 AM,Tuesday,Don Mills station,Mechanical,6,11,E,9091
2015/01/06,132,8:07:00 AM,Tuesday,Milner and Mccowan,Mechanical,12,24,W,1105
2015/01/06,196,8:09:00 AM,Tuesday,Downsview STN,Mechanical,4,8,SB,9415
2015/01/06,63,8:17:00 AM,Tuesday,King and stranchan,Utilized Off Route,4,8,s,1635
2015/01/06,47,8:18:00 AM,Tuesday,earlscourt loop,Utilized Off Route,9,18,s,1684
2015/01/06,44,8:28:00 AM,Tuesday,COL SAM SMITH/ LOOP,Utilized Off Route,4,8,SB,8043
2015/01/06,21,8:30:00 AM,Tuesday,Kennedy stn,Investigation,13,26,N,7817
2015/01/06,124,8:34:00 AM,Tuesday,Sunnybrook Hospital,Mechanical,6,11,wb,8355
2015/01/06,16,8:36:00 AM,Tuesday,STC,Utilized Off Route,9,18,S,7778
2015/01/06,39,8:39:00 AM,Tuesday,Finch & Baldoon,Late Leaving Garage,4,8,EB,7128
2015/01/06,6,8:40:00 AM,Tuesday,bedford and davenport,Mechanical,8,16,s,1001
2015/01/06,196,8:40:00 AM,Tuesday,Downsview STN,Mechanical,4,7,NB,8371
2015/01/06,39,8:42:00 AM,Tuesday,Neilson & Crow Trail,Mechanical,4,10,WB,1351
2015/01/06,39,8:50:00 AM,Tuesday,Neilson & Crow Trail,Mechanical,3,7,WB,1124
2015/01/06,53,8:56:00 AM,Tuesday,Passmore and Markham,Mechanical,4,9,w,1087
2015/01/06,53,9:03:00 AM,Tuesday,Steeles and Middlefield,Mechanical,14,0,w,9060
2015/01/06,165,9:05:00 AM,Tuesday,Fenmar/Weston,Mechanical,5,10,n,7234
2015/01/06,35,9:15:00 AM,Tuesday,Jane and Shoreham,Late Leaving Garage,8,16,n/b,1274
2015/01/06,26,9:30:00 AM,Tuesday,Jane and Annette,Mechanical,20,40,n,7965
2015/01/06,7,9:35:00 AM,Tuesday,Bathurst and Baycrest,Mechanical,9,19,SB,9022
2015/01/06,86,9:40:00 AM,Tuesday,Meadowvale Loop,Mechanical,17,27,S,7645
2015/01/06,52,9:50:00 AM,Tuesday,Lawrence and Weston rd,Mechanical,15,30,w,1609
2015/01/06,96,10:08:00 AM,Tuesday,Humberline loop,Mechanical,18,36,w,7239
2015/01/06,97,10:15:00 AM,Tuesday,Yonge St. at York Mills Rd.,Mechanical,30,60,s/b,8380
2015/01/06,54,10:22:00 AM,Tuesday,Bellamy and Lawrence,Mechanical,13,26,eb,7660
2015/01/06,199,10:35:00 AM,Tuesday,Scarborough Town Centre,Mechanical,5,9,WB,1113
2015/01/06,29,10:42:00 AM,Tuesday,Springhurst loop,Utilized Off Route,4,8,n/b,9029
2015/01/06,97,10:43:00 AM,Tuesday,Yonge St. at Lawrence. Ave. E,Diversion,15,30,s/b,8162
2015/01/06,709,10:44:00 AM,Tuesday,Eglinton west station,Utilized Off Route,5,10,EB,1679
2015/01/06,709,10:44:00 AM,Tuesday,Eglinton and castleknock,Utilized Off Route,5,10,EB,1533
2015/01/06,41,10:45:00 AM,Tuesday,Keele Station,Utilized Off Route,7,14,N/B,1661
2015/01/06,89,10:45:00 AM,Tuesday,Keele Station,Utilized Off Route,9,18,N/B,1000
2015/01/06,47,10:45:00 AM,Tuesday,earlscourt loop,Utilized Off Route,15,30,s/b,1660
2015/01/06,90,10:45:00 AM,Tuesday,St Clair W Stn,Utilized Off Route,8,16,WB,8175
2015/01/06,196,10:45:00 AM,Tuesday,Sheppard stn,Utilized Off Route,8,16,w,8317
2015/01/06,37,10:45:00 AM,Tuesday,Islington station,Utilized Off Route,17,34,S,1330
2015/01/06,83,10:46:00 AM,Tuesday,PAPE AND CAROLINE,Diversion,16,32,B/W,7829
2015/01/06,195,10:46:00 AM,Tuesday,Jane stn,Utilized Off Route,10,20,n/b,1538
2015/01/06,63,10:47:00 AM,Tuesday,Ossington station,Utilized Off Route,7,14,s,1685
2015/01/06,709,10:47:00 AM,Tuesday,Eglinton and kilping,Utilized Off Route,5,10,EB,1006
2015/01/06,26,10:50:00 AM,Tuesday,Jane Station,Utilized Off Route,20,40,,7345
2015/01/06,802,10:50:00 AM,Tuesday,Queensway garage,Utilized Off Route,1,1,SB,7307
2015/01/06,802,10:50:00 AM,Tuesday,Queensway garage,Utilized Off Route,1,1,SB,7318
2015/01/06,45,10:52:00 AM,Tuesday,KIPLING STN,Utilized Off Route,13,26,SB,7979
2015/01/06,191,10:52:00 AM,Tuesday,Kipling Station,Utilized Off Route,7,15,N,7916
2015/01/06,46,10:52:00 AM,Tuesday,Kipling Station,Utilized Off Route,19,38,N,1230
2015/01/06,69,10:54:00 AM,Tuesday,St.Clair and Birchmount,Investigation,11,22,S,7723
2015/01/06,709,10:54:00 AM,Tuesday,Pine and lawrence,Utilized Off Route,5,10,EB,1641
2015/01/06,29,10:55:00 AM,Tuesday,Dufferin and Queen,Utilized Off Route,4,8,n/b,8193
2015/01/06,196,10:55:00 AM,Tuesday,Downsview Stn,Utilized Off Route,5,13,e,8321
2015/01/06,110,10:55:00 AM,Tuesday,Islington Stn,Utilized Off Route,0,0,,8057
2015/01/06,35,11:00:00 AM,Tuesday,Jane stn,Utilized Off Route,8,16,n/b,1373
2015/01/06,199,11:02:00 AM,Tuesday,Scarborough Town Centre,Mechanical,5,10,WB,1735
2015/01/06,102,11:08:00 AM,Tuesday,Warden Stn.,Utilized Off Route,15,30,4,7819
2015/01/06,35,11:08:00 AM,Tuesday,Jane stn,Utilized Off Route,8,16,n/b,1702
2015/01/06,38,11:15:00 AM,Tuesday,Ellesmere and Neilson,Mechanical,6,12,W,1740
2015/01/06,41,11:29:00 AM,Tuesday,Keele Station,Mechanical,7,14,N/B,1051
2015/01/06,57,11:34:00 AM,Tuesday,Silverstar and Steeles,Mechanical,11,22,N,7787
2015/01/06,51,11:35:00 AM,Tuesday,Eglinton and Bayview,Investigation,25,50,s,8309
2015/01/06,168,11:55:00 AM,Tuesday,N/B SYMINGTON AT BLOOR,Mechanical,10,20,n/b,7315
2015/01/06,198,12:07:00 PM,Tuesday,U of T Loop,Mechanical,10,20,S,7555
2015/01/06,196,1:02:00 PM,Tuesday,Dufferin and Finch,Mechanical,2,4,s/b,8358
2015/01/06,16,1:18:00 PM,Tuesday,McCowan at eglington,Investigation,10,20,s,7691
2015/01/06,84,1:20:00 PM,Tuesday,Sheppard Stn to all Branches,General Delay,10,20,B/W,
2015/01/06,84,1:20:00 PM,Tuesday,Dowmsview Stn.,Mechanical,9,19,E,1207
2015/01/06,39,1:30:00 PM,Tuesday,W/B Midland and Finch,Mechanical,6,12,W,1149
2015/01/06,52,1:52:00 PM,Tuesday,Lawrence West stn,Mechanical,15,30,w/b,1022
2015/01/06,89,2:00:00 PM,Tuesday,Entire route,General Delay,10,20,b/w,
2015/01/06,41,2:00:00 PM,Tuesday,Entire route,General Delay,15,25,b/w,
2015/01/06,29,2:00:00 PM,Tuesday,Dufferin route,General Delay,30,20,B,
2015/01/06,172,2:00:00 PM,Tuesday,Front St & Parliament,Diversion,120,164,E/b,7793
2015/01/06,143,2:11:00 PM,Tuesday,Richmount & Sherbourne,Late Leaving Garage,30,60,W/b,8117
2015/01/06,84,2:15:00 PM,Tuesday,Welbeck Rd,Mechanical,9,187,W,1357
2015/01/06,129,2:34:00 PM,Tuesday,STC Station,Late Leaving Garage,4,8,n,1761
2015/01/06,161,2:37:00 PM,Tuesday,lampton and jane,Late Leaving Garage,2,4,s/b,1272
2015/01/06,107,2:38:00 PM,Tuesday,Downsview station,Mechanical,20,53,n/b,9441
2015/01/06,165,2:40:00 PM,Tuesday,yorkmills stn,Late Leaving Garage,30,60,n/b,1211
2015/01/06,168,2:41:00 PM,Tuesday,Garage / Avon Loop,Late Leaving Garage,7,13,n,8035
2015/01/06,129,2:42:00 PM,Tuesday,STC Station,Late Leaving Garage,12,27,n,1108
2015/01/06,25,2:43:00 PM,Tuesday,Pape Station,Mechanical,3,6,NB,7439
2015/01/06,45,2:45:00 PM,Tuesday,Steeles Loop,Mechanical,13,26,sb,7907
2015/01/06,105,2:45:00 PM,Tuesday,Dufferin and Steeles,Late Leaving Garage,12,24,s/b,9418
2015/01/06,191,2:45:00 PM,Tuesday,Arrow Garage,Late Leaving Garage,6,15,,7929
2015/01/06,95,2:46:00 PM,Tuesday,York Mills C.I.,Late Leaving Garage,0,0,wb,1742
2015/01/06,79,2:47:00 PM,Tuesday,pine and lawrence,Late Leaving Garage,12,24,s/b,1020
2015/01/06,172,2:52:00 PM,Tuesday,York & Wellington,Mechanical,22,44,E/b,7780
2015/01/06,117,2:56:00 PM,Tuesday,steeles and allness,Late Leaving Garage,14,28,s/b,8192
2015/01/06,54,2:57:00 PM,Tuesday,Lawrence SRT,Mechanical,11,22,wb,7508
2015/01/06,191,3:00:00 PM,Tuesday,Martin Grove and Silverstone,Mechanical,8,16,NB,7929
2015/01/06,60,3:13:00 PM,Tuesday,Finch Station,Late Leaving Garage,6,12,W,7226
2015/01/06,11,3:14:00 PM,Tuesday,Bayview & Hollywood,Investigation,12,24,sb,8146
2015/01/06,42,3:15:00 PM,Tuesday,Finch Station,Mechanical,11,23,e,8185
2015/01/06,39,3:20:00 PM,Tuesday,W/B Seneca loop,Late Leaving Garage,10,20,W,1119
2015/01/06,36,3:21:00 PM,Tuesday,Garage,Late Leaving Garage,1,6,WB,9105
2015/01/06,32,3:22:00 PM,Tuesday,Eglinton and Gilbert,Mechanical,5,10,EB,1050
2015/01/06,7,3:25:00 PM,Tuesday,Bathurst and Wilson,Mechanical,8,16,sb,9003
2015/01/06,39,3:28:00 PM,Tuesday,Old finch,Late Leaving Garage,15,30,W,1820
2015/01/06,60,3:29:00 PM,Tuesday,Finch Station,Investigation,7,14,0 p.m,1241
2015/01/06,60,3:29:00 PM,Tuesday,Finch Station,Late Leaving Garage,7,14,W,1809
2015/01/06,199,3:30:00 PM,Tuesday,Finch station,Late Leaving Garage,4,8,E,9095
2015/01/06,96,3:30:00 PM,Tuesday,wilson and avenue,Emergency Services,14,28,w/b,7239
2015/01/06,38,3:32:00 PM,Tuesday,STC,Late Leaving Garage,13,26,E,1797
2015/01/06,39,3:34:00 PM,Tuesday,Finch station,Investigation,3,8,E,1734
2015/01/06,60,3:36:00 PM,Tuesday,Finch Station,Late Leaving Garage,7,14,W,7227
2015/01/06,199,3:38:00 PM,Tuesday,Finch station,Mechanical,4,8,E,1725
2015/01/06,42,3:44:00 PM,Tuesday,Finch Station,Mechanical,23,46,e,8364
2015/01/06,53,3:48:00 PM,Tuesday,Passmore & Markham,Mechanical,13,26,W,9080
2015/01/06,42,3:50:00 PM,Tuesday,Finch Station,Mechanical,12,23,e,8380
2015/01/06,195,3:50:00 PM,Tuesday,Jane and Steeles,Mechanical,10,20,S,1796
2015/01/06,84,3:50:00 PM,Tuesday,Arrow,Mechanical,10,20,W,1357
2015/01/06,60,3:54:00 PM,Tuesday,Gerry Fitzgerald Drive,Mechanical,6,12,E,1251
2015/01/06,7,3:54:00 PM,Tuesday,Bathurst and Wilson,Late Leaving Garage,8,16,nb,9047
2015/01/06,102,4:27:00 PM,Tuesday,Markham & Progess,Investigation,21,42,nb,7693
2015/01/06,116,4:30:00 PM,Tuesday,morningside route,General Delay,9,0,B/W,
2015/01/06,86,4:30:00 PM,Tuesday,SCARBOROUGH ROUTE,General Delay,7,0,B/W,
2015/01/06,106,4:35:00 PM,Tuesday,downsview station,Mechanical,10,19,,8348
2015/01/06,195,4:37:00 PM,Tuesday,Jane Stn.,Mechanical,10,20,n,1561
2015/01/06,65,4:40:00 PM,Tuesday,FRONT STREET AND PRINCESS,Mechanical,10,20,N,7832
2015/01/06,10,4:45:00 PM,Tuesday,Donmills station,Mechanical,15,30,e/b,9419
2015/01/06,36,4:49:00 PM,Tuesday,Humberwood Loop,Mechanical,7,14,EB,9115
2015/01/06,52,4:50:00 PM,Tuesday,Airport & Jetliner,Mechanical,11,17,e/b,1036
2015/01/06,68,4:58:00 PM,Tuesday,Warden and Huntingwood,Mechanical,7,14,NB,7548
2015/01/06,110,5:03:00 PM,Tuesday,ISLINGTON STN,Mechanical,24,48,s/b,7332
2015/01/06,22,5:07:00 PM,Tuesday,Eastern and Coxwell,Emergency Services,8,16,N,7697
2015/01/06,195,5:12:00 PM,Tuesday,Jane and Wilson,Mechanical,10,20,S,7208
2015/01/06,6,5:13:00 PM,Tuesday,Bay St. and Yorkville Ave.,Mechanical,10,20,N,1033
2015/01/06,25,5:16:00 PM,Tuesday,Don Mills Station,Mechanical,3,6,NB,7461
2015/01/06,35,5:16:00 PM,Tuesday,Jane and Steeles,Mechanical,5,10,S,1789
2015/01/06,6,5:20:00 PM,Tuesday,Queens Quay and Dockside Dr.,Mechanical,10,20,N,1620
2015/01/06,139,5:27:00 PM,Tuesday,Neilson and Crowtrail,Mechanical,20,40,W,1124
2015/01/06,84,5:28:00 PM,Tuesday,Yatescastle,Mechanical,9,18,W,1342
2015/01/06,23,5:29:00 PM,Tuesday,DAWES AND GOWER,Emergency Services,8,16,SB,7769
2015/01/06,37,5:39:00 PM,Tuesday,ISTN,Mechanical,19,36,N,1390
2015/01/06,85,5:40:00 PM,Tuesday,Sheppard Stn,Mechanical,16,32,E,1131
2015/01/06,40,6:05:00 PM,Tuesday,Runnymede/Dundas,Mechanical,7,15,w/b,7329
2015/01/06,26,6:17:00 PM,Tuesday,St. George Stn,Mechanical,13,27,w/b,7345
2015/01/06,195,6:26:00 PM,Tuesday,Jane and Annett,Mechanical,10,20,N,1561
2015/01/06,45,6:39:00 PM,Tuesday,Kipling and Princess Margaret,Mechanical,9,18,nb,8028
2015/01/06,89,6:45:00 PM,Tuesday,Weston rd / Church st,Diversion,110,117,b/w,
2015/01/06,95,6:46:00 PM,Tuesday,Ellesmere and Vic Pk,Investigation,9,17,E,1795
2015/01/06,59,6:50:00 PM,Tuesday,Weston and Coulter,Diversion,109,125,E,7930
2015/01/06,52,6:50:00 PM,Tuesday,Dixon & Kipling,Utilized Off Route,1,1,e/b,1616
2015/01/06,109,7:00:00 PM,Tuesday,Marlee and Roselawn,Investigation,12,24,nb,8184
2015/01/06,86,7:07:00 PM,Tuesday,kennedy station,Utilized Off Route,10,20,e,7602
2015/01/06,190,7:07:00 PM,Tuesday,Don Mills Stn,Mechanical,7,15,E,1401
2015/01/06,35,7:11:00 PM,Tuesday,Jane and Finch,Mechanical,11,22,S,1277
2015/01/06,196,7:35:00 PM,Tuesday,downsview station,Mechanical,9,18,s/b,8352
2015/01/06,86,7:45:00 PM,Tuesday,kennedy stn,Mechanical,10,20,e,7457
2015/01/06,73,8:00:00 PM,Tuesday,Weston Rd/Cardell,Mechanical,15,33,s/b,7934
2015/01/06,95,8:15:00 PM,Tuesday,Parkwoods Village and Brooksbanks,Mechanical,14,28,E,1752
2015/01/06,37,8:26:00 PM,Tuesday,HWLP,Mechanical,13,26,E,1329
2015/01/06,196,8:30:00 PM,Tuesday,Downsview station,Mechanical,3,6,n/b,8204
2015/01/06,165,8:40:00 PM,Tuesday,wilson stn,Mechanical,9,18,e/b,1574
2015/01/06,165,8:40:00 PM,Tuesday,finch and weston,Mechanical,9,18,s/b,1343
2015/01/06,165,9:15:00 PM,Tuesday,Wendall,Mechanical,20,40,E,1802
2015/01/06,95,9:26:00 PM,Tuesday,UFT College Loop,Mechanical,13,26,WB,1704
2015/01/06,129,9:47:00 PM,Tuesday,Mc Cowan and Steeles,Mechanical,7,14,S,1759
2015/01/06,88,9:49:00 PM,Tuesday,Thorncliff and Overlea,Investigation,15,30,n,8396
2015/01/06,89,10:00:00 PM,Tuesday,Entire Route,General Delay,8,20,B/W,
2015/01/06,7,10:35:00 PM,Tuesday,Village Gate,Mechanical,12,24,s,9048
2015/01/07,16,12:57:00 AM,Wednesday,Kennedy stn,Mechanical,10,20,EB,7422
2015/01/07,54,1:35:00 AM,Wednesday,Lawrence & Markham,Mechanical,10,20,W,7412
2015/01/07,86,5:21:00 AM,Wednesday,Lawrence & Manse,Mechanical,11,0,E,7524
2015/01/07,110,5:22:00 AM,Wednesday,Garage Queensway,Mechanical,10,18,,8086
2015/01/07,35,5:25:00 AM,Wednesday,Jane stn,Late Leaving Garage,10,20,n/b,1561
2015/01/07,75,5:27:00 AM,Wednesday,Bloor and Sherbourne,Late Leaving Garage,16,31,n/b,8333
2015/01/07,191,5:28:00 AM,Wednesday,Martin Grove and Royal Crest,Late Leaving Garage,21,47,s,7932
2015/01/07,116,5:35:00 AM,Wednesday,Eglinton & Kingston,Mechanical,12,24,E,7516
2015/01/07,34,5:38:00 AM,Wednesday,EGLINTON GARAGE,Late Leaving Garage,1,1,EB,7456
2015/01/07,25,5:38:00 AM,Wednesday,Pape stn,Utilized Off Route,4,8,NB,7507
2015/01/07,108,5:39:00 AM,Wednesday,Wilson station,Mechanical,12,24,w,1228
2015/01/07,125,5:39:00 AM,Wednesday,Antibes St. and Bathurst St.,Late Leaving Garage,18,0,wb,8302
2015/01/07,224,5:49:00 AM,Wednesday,Eglinton Garage,Mechanical,1,1,N,7617
2015/01/07,35,5:50:00 AM,Wednesday,Jane stn,Late Leaving Garage,5,10,n/b,1390
2015/01/07,110,5:52:00 AM,Wednesday,Garage Quuensway,Mechanical,10,18,,8086
2015/01/07,129,5:52:00 AM,Wednesday,Steeles bus loop,Late Leaving Garage,6,10,s,1749
2015/01/07,63,5:54:00 AM,Wednesday,caniff and strachan,Late Leaving Garage,4,9,s,1020
2015/01/07,86,5:56:00 AM,Wednesday,Eglinton Yard,Mechanical,1,1,E,7426
2015/01/07,84,5:57:00 AM,Wednesday,Sheppard and Arrow rd.,Late Leaving Garage,10,20,e/b,1404
2015/01/07,95,5:58:00 AM,Wednesday,KNRD,Late Leaving Garage,7,14,W,1307
2015/01/07,87,5:58:00 AM,Wednesday,MAIN STATION,Mechanical,9,17,W,7756
2015/01/07,106,6:00:00 AM,Wednesday,Wilson Yard,Late Leaving Garage,10,20,SB,8395
2015/01/07,90,6:02:00 AM,Wednesday,Northcliffe and Eglinton,Late Leaving Garage,5,10,SB,8307
2015/01/07,95,6:05:00 AM,Wednesday,York Mills stn,Late Leaving Garage,7,14,e,1136
2015/01/07,29,6:07:00 AM,Wednesday,Tycos,Mechanical,7,14,s/b,8182
2015/01/07,76,6:08:00 AM,Wednesday,EVANS AND ROYAL YORK,Mechanical,5,10,s/b,7323
2015/01/07,191,6:09:00 AM,Wednesday,Royal Crest and Martin Grove,Late Leaving Garage,5,11,s,7938
2015/01/07,165,6:09:00 AM,Wednesday,arrow Garage,Late Leaving Garage,5,10,w,1257
2015/01/07,53,6:09:00 AM,Wednesday,Passmore and Markham,Mechanical,5,9,w,1736
2015/01/07,96,6:12:00 AM,Wednesday,Woodbine Downs,Late Leaving Garage,18,36,w,7208
2015/01/07,54,6:13:00 AM,Wednesday,Lawrence and Starspray,Mechanical,9,18,w/b,7448
2015/01/07,191,6:14:00 AM,Wednesday,Martin Grove and Royal crest,Late Leaving Garage,5,10,s,7935
2015/01/07,199,6:14:00 AM,Wednesday,Scarborough Town Centre,Late Leaving Garage,3,6,WB,1754
2015/01/07,76,6:14:00 AM,Wednesday,EVANS AND ROYAL YORK,Mechanical,5,10,s/b,7963
2015/01/07,110,6:15:00 AM,Wednesday,Islington station,Mechanical,12,24,,8016
2015/01/07,122,6:15:00 AM,Wednesday,Yorkmills stn,Mechanical,8,16,e/b,8172
2015/01/07,96,6:19:00 AM,Wednesday,Woodbine downs,Late Leaving Garage,18,36,w,7218
2015/01/07,165,6:20:00 AM,Wednesday,Yorkmills station,Late Leaving Garage,5,10,w,1330
2015/01/07,104,6:22:00 AM,Wednesday,Downsview STN,Mechanical,9,19,NB,8204
2015/01/07,84,6:22:00 AM,Wednesday,Jane and Steeles,Late Leaving Garage,24,48,s/b,1205
2015/01/07,60,6:23:00 AM,Wednesday,Finch atation,Late Leaving Garage,7,14,W,1521
2015/01/07,36,6:23:00 AM,Wednesday,Huberwood Loop,Late Leaving Garage,6,11,e,1388
2015/01/07,90,6:24:00 AM,Wednesday,St Clair W Stn,Late Leaving Garage,4,8,NB,8140
2015/01/07,129,6:29:00 AM,Wednesday,Major MaKenzie and Ridgecrest,Late Leaving Garage,7,21,s,9094
2015/01/07,60,6:30:00 AM,Wednesday,60 Steeles W route,General Delay,7,20,B/W,
2015/01/07,86,6:30:00 AM,Wednesday,Kennedy Stn,Mechanical,5,11,E,7536
2015/01/07,108,6:30:00 AM,Wednesday,Downsview station,Late Leaving Garage,13,26,W,1343
2015/01/07,37,6:30:00 AM,Wednesday,37 Islington,General Delay,15,40,B/W,
2015/01/07,60,6:30:00 AM,Wednesday,York U,Late Leaving Garage,2,20,E,1333
2015/01/07,53,6:31:00 AM,Wednesday,Morningside and Staines,Mechanical,14,26,w,9073
2015/01/07,165,6:31:00 AM,Wednesday,Yorkmills station,Late Leaving Garage,5,10,w,7210
2015/01/07,108,6:32:00 AM,Wednesday,Downsview station,Late Leaving Garage,12,24,w,1399
2015/01/07,6,6:34:00 AM,Wednesday,Dockside and Queen Quay,Mechanical,8,16,n,1406
2015/01/07,165,6:34:00 AM,Wednesday,Weston/Finch,Mechanical,5,10,w,7201
2015/01/07,190,6:34:00 AM,Wednesday,Scarborough Town Centre,Late Leaving Garage,7,16,W,1820
2015/01/07,39,6:37:00 AM,Wednesday,Finch station,Mechanical,15,30,EB,1712
2015/01/07,196,6:38:00 AM,Wednesday,Downsview STN,Utilized Off Route,5,10,SB,8165
2015/01/07,66,6:38:00 AM,Wednesday,OLD MILL STN,Mechanical,14,28,S/B,7964
2015/01/07,198,6:40:00 AM,Wednesday,Kennedy Stn,Mechanical,10,16,E,7502
2015/01/07,39,6:40:00 AM,Wednesday,Seneca College,Late Leaving Garage,7,15,WB,1314
2015/01/07,161,6:40:00 AM,Wednesday,Jane and Lambton,Late Leaving Garage,10,21,E/B,1583
2015/01/07,60,6:40:00 AM,Wednesday,Finch Station,Late Leaving Garage,5,7,W,7950
2015/01/07,83,6:41:00 AM,Wednesday,Donlands Station,Mechanical,14,28,S,7746
2015/01/07,84,6:41:00 AM,Wednesday,Sheppard stn,Late Leaving Garage,5,10,w/b,7227
2015/01/07,96,6:43:00 AM,Wednesday,Woodbine Downs,Late Leaving Garage,18,36,w,1318
2015/01/07,39,6:44:00 AM,Wednesday,Finch station,Utilized Off Route,4,8,EB,1092
2015/01/07,165,6:45:00 AM,Wednesday,Murrray/Wilson,Mechanical,5,10,w,7247
2015/01/07,165,6:46:00 AM,Wednesday,Yorkmills station,Late Leaving Garage,5,10,w,7249
2015/01/07,53,6:47:00 AM,Wednesday,Passmore and Markham,Mechanical,5,9,w,7128
2015/01/07,96,6:49:00 AM,Wednesday,Yorkmills,Late Leaving Garage,18,36,w,7216
2015/01/07,84,6:50:00 AM,Wednesday,Sheppard stn,Late Leaving Garage,4,8,w/b,7929
2015/01/07,29,6:52:00 AM,Wednesday,Wilson stn,Mechanical,7,14,s/b,
2015/01/07,102,6:53:00 AM,Wednesday,Ellesmere,Mechanical,20,40,S/b,7736
2015/01/07,95,6:53:00 AM,Wednesday,Ellesmere and Military Trail,Mechanical,9,16,w,1090
2015/01/07,60,6:54:00 AM,Wednesday,York U,Late Leaving Garage,4,12,E,1523
2015/01/07,46,6:54:00 AM,Wednesday,Steeles loop at Martin Grove,Late Leaving Garage,11,21,s,1381
2015/01/07,96,6:57:00 AM,Wednesday,woodbine downs,Late Leaving Garage,18,36,w,1802
2015/01/07,106,6:58:00 AM,Wednesday,Downsview STN,Mechanical,7,14,NB,9435
2015/01/07,122,7:00:00 AM,Wednesday,Yorkmills to Roywood,General Delay,12,22,b/w,
2015/01/07,44,7:01:00 AM,Wednesday,Garage,Mechanical,4,7,,7329
2015/01/07,34,7:01:00 AM,Wednesday,Don Mills / Eglinton,General Delay,1,1,EB,7457
2015/01/07,45,7:04:00 AM,Wednesday,KIPLING AND STEELES,Mechanical,5,11,SB,7307
2015/01/07,196,7:09:00 AM,Wednesday,Downsview STN,Mechanical,2,4,NB,8204
2015/01/07,75,7:09:00 AM,Wednesday,Sherbourne and Bloor,Late Leaving Garage,5,7,NB,9431
2015/01/07,41,7:10:00 AM,Wednesday,Keele and Sheppard,Utilized Off Route,17,35,S/B,1030
2015/01/07,112,7:11:00 AM,Wednesday,commerce and skymark,Mechanical,15,30,SB,7944
2015/01/07,96,7:13:00 AM,Wednesday,Wilson station,Mechanical,18,36,w,7211
2015/01/07,196,7:15:00 AM,Wednesday,Downsview STN,Mechanical,2,4,NB,9429
2015/01/07,102,7:15:00 AM,Wednesday,Warden Stn,Late Leaving Garage,10,20,N/B,7799
2015/01/07,104,7:20:00 AM,Wednesday,104 Faywood Route,Mechanical,1,1,NB,8341
2015/01/07,104,7:20:00 AM,Wednesday,Downsview STN,Mechanical,13,26,NB,8314
2015/01/07,50,7:25:00 AM,Wednesday,Islington Station,Mechanical,10,20,,7319
2015/01/07,199,7:26:00 AM,Wednesday,Scarborough Town Centre,Mechanical,2,5,WB,1108
2015/01/07,196,7:27:00 AM,Wednesday,Downsview STN,Late Leaving Garage,6,12,EB,8160
2015/01/07,22,7:28:00 AM,Wednesday,Coxwell & Lower Gerrard,Mechanical,8,16,S,7692
2015/01/07,54,7:30:00 AM,Wednesday,Eglinton Stn to Starspray loop,General Delay,20,25,b/w,
2015/01/07,190,7:30:00 AM,Wednesday,Don Mills station,Mechanical,6,11,E,1068
2015/01/07,39,7:30:00 AM,Wednesday,Finch station to Neilson & Crow Trail,General Delay,9,12,B/W,9449
2015/01/07,199,7:30:00 AM,Wednesday,Finch station to Scarborough Town Centre,General Delay,9,15,B/W,1707
2015/01/07,125,7:34:00 AM,Wednesday,Finch Station,Mechanical,7,15,wb,8123
2015/01/07,53,7:39:00 AM,Wednesday,Steeles and Warden,Mechanical,5,10,w,7033
2015/01/07,143,7:39:00 AM,Wednesday,Neville loop,Investigation,16,32,w,8104
2015/01/07,168,7:48:00 AM,Wednesday,DUNDAS W STN,Mechanical,4,9,N/B,8064
2015/01/07,39,7:55:00 AM,Wednesday,Finch & Leslie,Mechanical,7,14,WB,1314
2015/01/07,64,7:55:00 AM,Wednesday,Queen st and Wineva,Utilized Off Route,10,20,n,8108
2015/01/07,75,7:58:00 AM,Wednesday,Sherbourne and Bloor,Mechanical,6,12,NB,8313
2015/01/07,126,7:59:00 AM,Wednesday,St.Clair west station,Investigation,30,60,s,1224
2015/01/07,24,8:00:00 AM,Wednesday,VP ROUTE,General Delay,10,0,BW,
2015/01/07,5,8:00:00 AM,Wednesday,Eglinton stn to Elm ave,General Delay,25,37,b/w,
2015/01/07,51,8:00:00 AM,Wednesday,Townsend to Eglinton stn,General Delay,23,48,b/w,
2015/01/07,109,8:00:00 AM,Wednesday,Eglinton West Stn to Neptune,General Delay,15,20,BWS,8140
2015/01/07,76,8:03:00 AM,Wednesday,ROYAL YORK STN,Utilized Off Route,3,5,s/b,7337
2015/01/07,63,8:05:00 AM,Wednesday,St.Clair and Oakwood,Utilized Off Route,4,8,s,1582
2015/01/07,86,8:08:00 AM,Wednesday,Kennedy Stn,Mechanical,17,35,E,7453
2015/01/07,45,8:12:00 AM,Wednesday,Kipling and Tyre Ave,Mechanical,6,12,sb,7343
2015/01/07,32,8:19:00 AM,Wednesday,Eglinton station,Mechanical,5,10,WB,1003
2015/01/07,35,8:19:00 AM,Wednesday,Jane/Steeles,Mechanical,10,20,S,1379
2015/01/07,96,8:21:00 AM,Wednesday,Woodbine Downs,Mechanical,18,36,w,1343
2015/01/07,107,8:27:00 AM,Wednesday,Downsview STN,Mechanical,12,29,NB,9433
2015/01/07,53,8:27:00 AM,Wednesday,Steeles and Lauraleaf,Mechanical,4,14,e,1084
2015/01/07,108,8:28:00 AM,Wednesday,Downsview station,Mechanical,15,30,W,7232
2015/01/07,81,8:29:00 AM,Wednesday,Pape stn,Mechanical,5,10,n,7737
2015/01/07,36,8:30:00 AM,Wednesday,Humberwood and Humberline,Investigation,5,11,S,9133
2015/01/07,87,8:30:00 AM,Wednesday,Broadview Ave,General Delay,12,0,B,
2015/01/07,116,8:31:00 AM,Wednesday,Morningside & Ellesmere,Mechanical,7,13,N,7664
2015/01/07,96,8:31:00 AM,Wednesday,Humberline,Mechanical,18,36,w,7239
2015/01/07,32,8:32:00 AM,Wednesday,Eglinton  and Scarlett,Mechanical,5,10,EB,1411
2015/01/07,37,8:33:00 AM,Wednesday,Humberwood Loop,Mechanical,22,44,S,1229
2015/01/07,14,8:37:00 AM,Wednesday,Caledonia,Mechanical,15,30,e,1688
2015/01/07,196,8:39:00 AM,Wednesday,Downsview STN,Utilized Off Route,2,4,NB,8145
2015/01/07,91,8:45:00 AM,Wednesday,Woodbine route,General Delay,8,0,S,
2015/01/07,25,8:45:00 AM,Wednesday,Don Mills and Finch,Mechanical,3,6,N,7403
2015/01/07,60,8:46:00 AM,Wednesday,York U,Mechanical,6,9,E,1217
2015/01/07,165,8:47:00 AM,Wednesday,Weston/ steeles,Mechanical,5,10,w,7221
2015/01/07,29,8:49:00 AM,Wednesday,Wilson stn,Mechanical,7,14,s/b,8358
2015/01/07,6,8:59:00 AM,Wednesday,Queens Quay and Dockside,Mechanical,4,8,n,1240
2015/01/07,75,9:00:00 AM,Wednesday,"Sherbourne, South drive to Queens Quay",General Delay,12,18,BWS,8356
2015/01/07,94,9:00:00 AM,Wednesday,Entire route,General Delay,17,27,B/W,
2015/01/07,63,9:05:00 AM,Wednesday,oakwood and st.clair,Utilized Off Route,4,8,s,1518
2015/01/07,195,9:08:00 AM,Wednesday,York U.Commons,Mechanical,13,26,s/b,1306
2015/01/07,36,9:10:00 AM,Wednesday,Finch and Weston,Mechanical,7,16,E,9123
2015/01/07,191,9:10:00 AM,Wednesday,Kipling station,Mechanical,5,8,N,7930
2015/01/07,35,9:15:00 AM,Wednesday,Shoreham and Jane.,Mechanical,24,48,s/b,1284
2015/01/07,60,9:18:00 AM,Wednesday,Finch station,Mechanical,1,20,W,1521
2015/01/07,22,9:19:00 AM,Wednesday,Coxwell and Eastern,Mechanical,8,16,N,7830
2015/01/07,39,9:20:00 AM,Wednesday,Finch & Skymark,Mechanical,4,7,WB,1082
2015/01/07,94,9:22:00 AM,Wednesday,wellesley station,Utilized Off Route,1,1,w,1047
2015/01/07,131,9:29:00 AM,Wednesday,STC,Mechanical,10,0,s,1747
2015/01/07,54,9:30:00 AM,Wednesday,Eglinton Stn.,Utilized Off Route,1,1,e/b,7511
2015/01/07,54,9:30:00 AM,Wednesday,Eglinton Stn.,Mechanical,6,12,e/b,7417
2015/01/07,112,9:30:00 AM,Wednesday,West Mall and Dundas,Mechanical,18,20,nb,7941
2015/01/07,129,9:33:00 AM,Wednesday,STC Station,Mechanical,7,14,n,1797
2015/01/07,9,9:40:00 AM,Wednesday,WARDEN STATION,Mechanical,12,24,N,7849
2015/01/07,131,9:42:00 AM,Wednesday,Eglinton and Falmouth,Mechanical,19,0,s,1747
2015/01/07,543,10:00:00 AM,Wednesday,Eglinton Stn.,Utilized Off Route,1,1,e/b,7672
2015/01/07,39,10:02:00 AM,Wednesday,Finch & Don Mills,Mechanical,7,13,EB,9449
2015/01/07,23,10:05:00 AM,Wednesday,DAWES AND DANFORTH,Investigation,10,20,E,7803
2015/01/07,191,10:30:00 AM,Wednesday,Kipling Stattion,Mechanical,7,15,N,7906
2015/01/07,60,10:30:00 AM,Wednesday,Yonge and Steeles,Mechanical,13,26,W,1574
2015/01/07,34,10:32:00 AM,Wednesday,Warden / Eglinton,Mechanical,8,16,WB,7677
2015/01/07,7,10:40:00 AM,Wednesday,Bathurst Stn,Mechanical,4,9,NB,9052
2015/01/07,6,10:50:00 AM,Wednesday,Queens Quay and Dockside Dr.,Mechanical,10,20,N,1406
2015/01/07,109,10:53:00 AM,Wednesday,Marlee and Eglinton,Investigation,15,30,SB,8377
2015/01/07,43,10:56:00 AM,Wednesday,Munham Gate / Kennedy,Mechanical,12,24,NB,7409
2015/01/07,90,10:59:00 AM,Wednesday,Oakwood and Vaughan,Utilized Off Route,8,16,SB,8140
2015/01/07,195,11:01:00 AM,Wednesday,York U. Commons,Mechanical,10,20,s/b,1392
2015/01/07,134,11:04:00 AM,Wednesday,Sheppard and Washburn Way,Emergency Services,15,35,e,1757
2015/01/07,38,11:12:00 AM,Wednesday,Mccowan and Bushby,Investigation,6,12,W,1315
2015/01/07,196,11:19:00 AM,Wednesday,Downsview Stn,Mechanical,2,4,w,8132
2015/01/07,100,11:26:00 AM,Wednesday,Broadview Stn,Utilized Off Route,8,16,N,7568
2015/01/07,709,11:30:00 AM,Wednesday,Eglinton west station,Utilized Off Route,5,10,EB,1686
2015/01/07,709,11:30:00 AM,Wednesday,Eglinton station,Utilized Off Route,5,10,WB,1018
2015/01/07,87,11:36:00 AM,Wednesday,MAIN STATION,Utilized Off Route,11,22,N,7878
2015/01/07,73,11:37:00 AM,Wednesday,Royal York station,Utilized Off Route,15,30,N,7959
2015/01/07,100,11:39:00 AM,Wednesday,Broadview Stn.,Utilized Off Route,8,16,N,7517
2015/01/07,96,11:40:00 AM,Wednesday,Islington,Mechanical,18,36,E,7203
2015/01/07,25,11:42:00 AM,Wednesday,Pape Stn,Utilized Off Route,6,12,N,7631
2015/01/07,43,11:42:00 AM,Wednesday,Kennedy Statoin,Utilized Off Route,12,24,NB,7578
2015/01/07,45,11:43:00 AM,Wednesday,KIPLING AND STEELES,Utilized Off Route,13,26,sb,8065
2015/01/07,70,11:44:00 AM,Wednesday,Coxwell stn,Utilized Off Route,18,36,eb,7434
2015/01/07,68,11:45:00 AM,Wednesday,Warden Station,Utilized Off Route,10,20,NB,7589
2015/01/07,191,11:50:00 AM,Wednesday,Martin Grove and Royal Crest,Mechanical,8,15,S,7916
2015/01/07,73,11:54:00 AM,Wednesday,RYST,Mechanical,15,30,N,8075
2015/01/07,54,11:57:00 AM,Wednesday,Don Mills and Lawrence,Mechanical,13,26,e/b,7597
2015/01/07,115,12:00:00 PM,Wednesday,Yorkmills stn,Mechanical,20,40,e/b,8120
2015/01/07,35,12:05:00 PM,Wednesday,Jane and Sheppard.,Mechanical,8,16,s/b,1344
2015/01/07,168,12:10:00 PM,Wednesday,Avon Loop,Utilized Off Route,7,14,S,7318
2015/01/07,165,12:24:00 PM,Wednesday,Yorkmills station,Mechanical,5,10,E,1355
2015/01/07,116,12:27:00 PM,Wednesday,Kennedy Stn,Utilized Off Route,10,20,E,7523
2015/01/07,42,12:28:00 PM,Wednesday,Kennedy and McNicoll,Utilized Off Route,12,25,wb,8364
2015/01/07,54,12:30:00 PM,Wednesday,Lawrence rt,Utilized Off Route,1,1,wb,7643
2015/01/07,86,12:30:00 PM,Wednesday,Kennedy Stn,Utilized Off Route,1,1,E,7639
2015/01/07,48,12:30:00 PM,Wednesday,Rathburn/Meadowbank,Emergency Services,22,44,E,8039
2015/01/07,63,12:44:00 PM,Wednesday,Atlantic Ave.and King St.West,Mechanical,7,15,N,1033
2015/01/07,16,1:01:00 PM,Wednesday,WARDEN STATION,Utilized Off Route,10,20,N,7795
2015/01/07,134,1:03:00 PM,Wednesday,STC,Utilized Off Route,7,13,e,1087
2015/01/07,43,1:06:00 PM,Wednesday,Kennedy Stn,Utilized Off Route,12,24,N/B,7543
2015/01/07,34,1:06:00 PM,Wednesday,Kenndy Rd,Utilized Off Route,8,16,E/B,7429
2015/01/07,116,1:07:00 PM,Wednesday,Kennedy station,Utilized Off Route,10,20,e,7440
2015/01/07,53,1:08:00 PM,Wednesday,Passmore & Markham,Utilized Off Route,12,17,W,1739
2015/01/07,102,1:08:00 PM,Wednesday,WARDEN STATION,Utilized Off Route,11,22,N,7882
2015/01/07,169,1:09:00 PM,Wednesday,Warden to Kennedy station,Utilized Off Route,1,31,e/b,8319
2015/01/07,86,1:10:00 PM,Wednesday,Kennedy station,Utilized Off Route,10,20,e,7630
2015/01/07,129,1:10:00 PM,Wednesday,STC Station,Utilized Off Route,7,14,n,1749
2015/01/07,12,1:14:00 PM,Wednesday,VICTORIA PARK STATION,Utilized Off Route,10,20,N,7864
2015/01/07,63,1:16:00 PM,Wednesday,Eglinton West Station,Mechanical,7,15,S,1253
2015/01/07,92,1:16:00 PM,Wednesday,Woodbine Stn,Mechanical,12,24,S/B,7728
2015/01/07,35,1:19:00 PM,Wednesday,Jane and Finch,Mechanical,6,14,S,1377
2015/01/07,7,1:33:00 PM,Wednesday,Bathurst and Steeles Av,Mechanical,8,16,nb,9052
2015/01/07,12,1:48:00 PM,Wednesday,Brimley & Lombardy,Investigation,20,40,S/B,7702
2015/01/07,87,1:48:00 PM,Wednesday,MAIN STN,Utilized Off Route,6,12,N,7691
2015/01/07,29,2:00:00 PM,Wednesday,Dufferin route,General Delay,25,20,B,
2015/01/07,7,2:06:00 PM,Wednesday,Bathuirst and Wilson,Late Leaving Garage,8,16,nb,9020
2015/01/07,106,2:15:00 PM,Wednesday,Wilson Station,Mechanical,21,42,nb,8168
2015/01/07,165,2:16:00 PM,Wednesday,wilson stn,Mechanical,8,37,e,7224
2015/01/07,96,2:25:00 PM,Wednesday,wilson at clayson,Mechanical,27,54,e,1519
2015/01/07,32,2:37:00 PM,Wednesday,Mt dennis garage POD Marschall McLuhan SS,Mechanical,10,13,W,1552
2015/01/07,191,2:43:00 PM,Wednesday,Martin Grove and Steeles,Mechanical,7,14,SB,7929
2015/01/07,86,2:45:00 PM,Wednesday,Kennedy station,Mechanical,10,20,e,7637
2015/01/07,29,2:49:00 PM,Wednesday,Queen,Utilized Off Route,5,10,S,8378
2015/01/07,161,2:49:00 PM,Wednesday,Ossington Station,Late Leaving Garage,12,23,N/B,1619
2015/01/07,39,2:50:00 PM,Wednesday,Seneca College,Late Leaving Garage,10,20,W/B,1078
2015/01/07,196,2:50:00 PM,Wednesday,Alness St and Yaork u Busway,Mechanical,2,4,n/b,9429
2015/01/07,709,2:50:00 PM,Wednesday,mt Dennis garage,Utilized Off Route,1,1,E,1064
2015/01/07,43,2:51:00 PM,Wednesday,Kennedy Stn,Mechanical,9,18,NB,7603
2015/01/07,124,2:51:00 PM,Wednesday,Lawrence Station,Mechanical,6,12,e,8217
2015/01/07,102,2:53:00 PM,Wednesday,Warden Stn,Mechanical,3,7,E,7637
2015/01/07,108,2:55:00 PM,Wednesday,Downsview Station,Late Leaving Garage,15,30,W,1390
2015/01/07,35,2:55:00 PM,Wednesday,Jane Stn.,Utilized Off Route,20,40,N,1389
2015/01/07,68,2:56:00 PM,Wednesday,Warden Station,Late Leaving Garage,4,8,NB,7646
2015/01/07,15,2:58:00 PM,Wednesday,Bishop Allen Academy,Mechanical,0,0,N,7305
2015/01/07,68,2:58:00 PM,Wednesday,Warden Station,Late Leaving Garage,7,14,NB,7509
2015/01/07,86,3:00:00 PM,Wednesday,Morningside and Kingston Rd,Diversion,60,70,e,7639
2015/01/07,86,3:00:00 PM,Wednesday,Scarborough Route,General Delay,12,0,b/w,
2015/01/07,198,3:00:00 PM,Wednesday,Morningside and Kingston Rd.,Diversion,85,95,e,7572
2015/01/07,60,3:00:00 PM,Wednesday,York University Commons,Mechanical,7,14,E,1267
2015/01/07,47,3:01:00 PM,Wednesday,Earlscourt loop,Late Leaving Garage,13,20,s/b,1623
2015/01/07,129,3:03:00 PM,Wednesday,STC Station,Utilized Off Route,7,14,n,9070
2015/01/07,26,3:03:00 PM,Wednesday,JANE STN,Mechanical,15,29,E/B,7313
2015/01/07,36,3:05:00 PM,Wednesday,Humberwood Loop,Mechanical,6,11,EB,9118
2015/01/07,53,3:07:00 PM,Wednesday,Brebuef College & Steeles,Utilized Off Route,4,6,E,9087
2015/01/07,116,3:10:00 PM,Wednesday,Kingston Rd and Morningside,Diversion,75,83,e,7483
2015/01/07,116,3:10:00 PM,Wednesday,Morningside Route,General Delay,15,0,b/w,
2015/01/07,198,3:10:00 PM,Wednesday,Scarborough Rocket Route,General Delay,15,0,b/w,
2015/01/07,9,3:12:00 PM,Wednesday,Warden Stn,Mechanical,12,15,E,1079
2015/01/07,53,3:12:00 PM,Wednesday,Passmore & Markham Rd,Late Leaving Garage,7,24,w,9084
2015/01/07,35,3:15:00 PM,Wednesday,Jane Stn,Utilized Off Route,20,40,N,1238
2015/01/07,48,3:17:00 PM,Wednesday,Markland/Mill rd,Mechanical,0,0,E,7971
2015/01/07,73,3:17:00 PM,Wednesday,TRETHORNE AT ROYAL YORK,Mechanical,4,8,S/B,7314
2015/01/07,61,3:18:00 PM,Wednesday,Eglinton Stn.,Late Leaving Garage,22,30,nb,8155
2015/01/07,195,3:18:00 PM,Wednesday,Jane and Annett,Mechanical,10,20,N,1274
2015/01/07,7,3:19:00 PM,Wednesday,Humberwood Loop,Mechanical,7,14,EB,1357
2015/01/07,39,3:21:00 PM,Wednesday,Midland and Finch,Mechanical,6,13,E/B,9446
2015/01/07,143,3:21:00 PM,Wednesday,Richmount & Sherbourne,Late Leaving Garage,30,60,W/b,8115
2015/01/07,36,3:23:00 PM,Wednesday,Garage,Late Leaving Garage,12,24,EB,9124
2015/01/07,68,3:27:00 PM,Wednesday,Warden Station,Mechanical,7,14,NB,7615
2015/01/07,35,3:28:00 PM,Wednesday,Jane and Steeles,Late Leaving Garage,5,10,S,1280
2015/01/07,107,3:30:00 PM,Wednesday,Tangiers and Finch,Mechanical,22,44,n/b,9432
2015/01/07,76,3:30:00 PM,Wednesday,MIMICO AT LAKESHORE,Diversion,15,20,N/B,
2015/01/07,52,3:30:00 PM,Wednesday,Lawrence West stn,Mechanical,11,22,w/b,1034
2015/01/07,17,3:33:00 PM,Wednesday,Warden Stn,Mechanical,16,24,E,7793
2015/01/07,109,3:34:00 PM,Wednesday,Eglinton Station,Late Leaving Garage,25,50,nb,8159
2015/01/07,60,3:35:00 PM,Wednesday,Finch Station,Late Leaving Garage,5,10,W,1370
2015/01/07,84,3:35:00 PM,Wednesday,WEBR,Late Leaving Garage,11,22,W,1267
2015/01/07,191,3:39:00 PM,Wednesday,Kipling Station,Mechanical,5,10,NB,7935
2015/01/07,37,3:41:00 PM,Wednesday,STIS,Late Leaving Garage,10,20,S,7245
2015/01/07,709,3:44:00 PM,Wednesday,Eglinton stn,Utilized Off Route,1,1,W,1660
2015/01/07,196,3:46:00 PM,Wednesday,Don mills Station,Utilized Off Route,2,4,e/b,8329
2015/01/07,60,3:50:00 PM,Wednesday,Finch Station,Late Leaving Garage,7,14,W,1356
2015/01/07,7,3:54:00 PM,Wednesday,Steeles and Bathurst,Mechanical,8,16,SB,9003
2015/01/07,60,3:57:00 PM,Wednesday,5800 Yonge Street,Mechanical,7,14,W,1561
2015/01/07,95,4:07:00 PM,Wednesday,Markham and Ellesmere,Mechanical,8,18,W/B,1077
2015/01/07,96,4:10:00 PM,Wednesday,wilson stn,Utilized Off Route,6,12,e,1519
2015/01/07,45,4:10:00 PM,Wednesday,Belfield and Martingrove,Mechanical,24,48,nb,7941
2015/01/07,199,4:12:00 PM,Wednesday,Finch Stn,Mechanical,4,8,W/B,1765
2015/01/07,39,4:17:00 PM,Wednesday,Finch Stn,Mechanical,15,30,W/B,1102
2015/01/07,191,4:18:00 PM,Wednesday,Garage,Late Leaving Garage,5,10,NB,7938
2015/01/07,32,4:19:00 PM,Wednesday,Eglinton w stn,Mechanical,8,16,W,1038
2015/01/07,45,4:22:00 PM,Wednesday,Kipling stationj,Mechanical,7,13,nb,7971
2015/01/07,60,4:27:00 PM,Wednesday,Signal Hill,Mechanical,7,14,E,1371
2015/01/07,95,4:33:00 PM,Wednesday,Ellesmere & Birchmount,Mechanical,9,17,w,1103
2015/01/07,53,4:38:00 PM,Wednesday,Passmore & Markham Rd,Mechanical,5,10,w,9073
2015/01/07,52,4:40:00 PM,Wednesday,Jane & Lawrence,Mechanical,11,22,e/b,1024
2015/01/07,32,4:40:00 PM,Wednesday,Eglinton & Weston,Mechanical,8,16,W,1668
2015/01/07,47,4:40:00 PM,Wednesday,Caledonia and Keith,Diversion,28,41,s/b,
2015/01/07,191,4:42:00 PM,Wednesday,Garage,Late Leaving Garage,5,10,NB,7951
2015/01/07,54,4:45:00 PM,Wednesday,SRT,Utilized Off Route,10,20,w,7603
2015/01/07,165,4:52:00 PM,Wednesday,weston at finch,Mechanical,9,18,n,1376
2015/01/07,168,5:00:00 PM,Wednesday,Entire Symington Route,General Delay,10,20,b/w,7342
2015/01/07,52,5:00:00 PM,Wednesday,Royal York & Dixon,Mechanical,11,22,e/b,1012
2015/01/07,95,5:05:00 PM,Wednesday,Ellesmere & Markham,Mechanical,12,24,w,1109
2015/01/07,143,5:15:00 PM,Wednesday,Eastern & Leslie,Mechanical,30,60,W/b,8104
2015/01/07,105,5:20:00 PM,Wednesday,Downsview Station,Mechanical,12,24,n/b,8206
2015/01/07,196,5:20:00 PM,Wednesday,Sheppard and Allen Road,Mechanical,2,4,w/b,9420
2015/01/07,60,5:20:00 PM,Wednesday,Cummoe Avenue on Yonge,Mechanical,7,14,W,1561
2015/01/07,39,5:21:00 PM,Wednesday,Old Finch,Mechanical,4,8,E/B,1094
2015/01/07,81,5:30:00 PM,Wednesday,Pape Stn,Utilized Off Route,7,14,S/B,7860
2015/01/07,102,5:38:00 PM,Wednesday,Markham & Hwy 7,Mechanical,21,42,N,7845
2015/01/07,38,5:44:00 PM,Wednesday,STC,Mechanical,12,24,EB,1101
2015/01/07,68,5:45:00 PM,Wednesday,Warden & Walbon,Mechanical,7,14,SB,7609
2015/01/07,53,5:45:00 PM,Wednesday,Steeles & Kennedy,Mechanical,4,14,w,9060
2015/01/07,129,5:48:00 PM,Wednesday,Scarborough Town Center,Mechanical,6,12,n/b,1775
2015/01/07,21,5:51:00 PM,Wednesday,Brimley Loop,Mechanical,9,18,S/B,7853
2015/01/07,199,5:51:00 PM,Wednesday,Finch Stn,Mechanical,4,8,W/B,1765
2015/01/07,6,5:55:00 PM,Wednesday,Queens Quay and Dockside Dr.,Mechanical,5,10,N,1407
2015/01/07,53,5:57:00 PM,Wednesday,Steeles & Midland,Mechanical,5,10,w,9447
2015/01/07,60,6:04:00 PM,Wednesday,York University Commons,Mechanical,11,22,E,1302
2015/01/07,61,6:18:00 PM,Wednesday,Eglinton Stn.,Mechanical,12,24,nb,8348
2015/01/07,46,6:22:00 PM,Wednesday,KPSN,Mechanical,11,22,N,1295
2015/01/07,36,6:24:00 PM,Wednesday,Humberwood Loop,Mechanical,8,15,EB,1388
2015/01/07,32,6:25:00 PM,Wednesday,Eglinton West Stn,Utilized Off Route,8,16,E/B,1679
2015/01/07,95,6:32:00 PM,Wednesday,Victoria Park and Ellesmere,Investigation,12,24,e/b,1795
2015/01/07,87,6:37:00 PM,Wednesday,MAIN STN,Utilized Off Route,13,26,SB,7691
2015/01/07,102,6:44:00 PM,Wednesday,WARDEN STN,Investigation,21,42,SB,7706
2015/01/07,7,6:58:00 PM,Wednesday,Bathurst Stn,Mechanical,8,16,nb,9021
2015/01/07,94,7:02:00 PM,Wednesday,Castlefrank Station,Mechanical,8,16,W,1226
2015/01/07,85,7:03:00 PM,Wednesday,Don Mills stn,Mechanical,14,28,EB,9057
2015/01/07,53,7:07:00 PM,Wednesday,Steeles & Tapscott,Mechanical,13,35,w,1735
2015/01/07,117,7:20:00 PM,Wednesday,Downsview Station,Mechanical,15,0,n/b,8305
2015/01/07,130,7:24:00 PM,Wednesday,Scarborough Town Center,Mechanical,11,33,n/b,1352
2015/01/07,42,7:25:00 PM,Wednesday,McNicoll and Victoria Park,Mechanical,20,40,w,8157
2015/01/07,7,7:25:00 PM,Wednesday,Bathurst Station,Utilized Off Route,8,16,nb,9040
2015/01/07,68,7:27:00 PM,Wednesday,Warden & Finch,Diversion,142,152,SB,7583
2015/01/07,60,7:30:00 PM,Wednesday,Dufferin Street,Mechanical,7,14,E,1343
2015/01/07,52,7:45:00 PM,Wednesday,Islington & Dixon,Diversion,37,48,e/b,1677
2015/01/07,37,7:50:00 PM,Wednesday,Islington at Dixon,Diversion,10,20,N,1818
2015/01/07,11,8:15:00 PM,Wednesday,Bayview Loop,Mechanical,20,40,sb,8394
2015/01/07,165,8:40:00 PM,Wednesday,wilson stn,Mechanical,9,18,e/b,1574
2015/01/07,17,8:40:00 PM,Wednesday,WARDEN STN,Mechanical,22,44,NB,7759
2015/01/07,87,8:46:00 PM,Wednesday,East York Acres,Diversion,12,24,EB,7749
2015/01/07,773,8:50:00 PM,Wednesday,Eglinton and Royal York,Emergency Services,1,1,W/B,1660
2015/01/07,63,8:59:00 PM,Wednesday,East Liberty,Mechanical,7,13,N/B,1061
2015/01/07,168,9:00:00 PM,Wednesday,Entire Symington Route,General Delay,12,24,b/w,8058
2015/01/07,36,9:00:00 PM,Wednesday,finch stn,Mechanical,9,18,w/b,9105
2015/01/07,192,9:05:00 PM,Wednesday,Kipling Stn,Mechanical,9,18,n/b,8071
2015/01/07,32,9:08:00 PM,Wednesday,Eglinton West Stn,Investigation,10,19,E/B,1557
2015/01/07,52,9:15:00 PM,Wednesday,Lawrence west / Royal York,Mechanical,15,30,e,1532
2015/01/07,32,9:30:00 PM,Wednesday,Eglinton West Stn,Utilized Off Route,9,18,E/B,1658
2015/01/07,24,9:35:00 PM,Wednesday,VICTIORIA STN,Mechanical,10,20,NB,8114
2015/01/07,16,9:36:00 PM,Wednesday,Warden Station,Investigation,15,30,SB,7771
2015/01/07,196,9:48:00 PM,Wednesday,shepaprd Station,Mechanical,9,18,w,9425
2015/01/07,196,9:51:00 PM,Wednesday,Muirray ross and Bus roadway,Mechanical,3,6,n,8120
2015/01/07,60,10:00:00 PM,Wednesday,finch stn,Mechanical,18,36,w/b,1357
2015/01/07,6,10:00:00 PM,Wednesday,Bay and Front,Diversion,24,39,N/B,1657
2015/01/07,133,10:25:00 PM,Wednesday,Staines/Mantis,Mechanical,13,26,WB,1137
2015/01/07,39,10:37:00 PM,Wednesday,Finch/Neilson,Mechanical,6,12,EB,1782
2015/01/08,7,2:15:00 AM,Thursday,bathurst and lawerence,Investigation,2,2,w/b,9013
2015/01/08,321,2:50:00 AM,Thursday,Tapscot/Newgale Gate,Mechanical,30,60,WB,1828
2015/01/08,311,4:15:00 AM,Thursday,lakeshore,Late Leaving Garage,15,30,w/b,1396
2015/01/08,112,5:00:00 AM,Thursday,Commerce and Markland,Mechanical,15,30,SB,8025
2015/01/08,86,5:10:00 AM,Thursday,Sheppard loop,Utilized Off Route,15,30,s,7621
2015/01/08,107,5:15:00 AM,Thursday,Keele and Finch,Late Leaving Garage,18,36,NB,9414
2015/01/08,36,5:16:00 AM,Thursday,Arrow garage,Utilized Off Route,0,0,E,1415
2015/01/08,60,5:22:00 AM,Thursday,Arrow garage,Utilized Off Route,1,1,E,1554
2015/01/08,35,5:26:00 AM,Thursday,Jane and steeles,Utilized Off Route,10,20,s/b,7211
2015/01/08,113,5:27:00 AM,Thursday,MAIN STN,Late Leaving Garage,10,23,E,7755
2015/01/08,25,5:27:00 AM,Thursday,Eglinton Garage,Utilized Off Route,1,1,ob,7468
2015/01/08,53,5:27:00 AM,Thursday,Passmore and Markham,Mechanical,4,9,w,1072
2015/01/08,39,5:30:00 AM,Thursday,Finch station,Late Leaving Garage,5,10,EB,1765
2015/01/08,35,5:32:00 AM,Thursday,Jane and Steeles,Utilized Off Route,10,20,s/b,1399
2015/01/08,102,5:32:00 AM,Thursday,Nashdene and McNicol,Late Leaving Garage,5,10,S,7839
2015/01/08,32,5:33:00 AM,Thursday,Eglinton and Keele,Utilized Off Route,5,10,EB,1234
2015/01/08,29,5:33:00 AM,Thursday,Wilson stn,Utilized Off Route,7,14,s/b,9401
2015/01/08,47,5:35:00 AM,Thursday,queen and lansdowne,Utilized Off Route,4,9,n,1024
2015/01/08,21,5:35:00 AM,Thursday,Steeles and Brimley,Late Leaving Garage,20,40,S,8111
2015/01/08,129,5:37:00 AM,Thursday,Steeles and McCowan loop,Late Leaving Garage,13,17,s,9085
2015/01/08,85,5:39:00 AM,Thursday,Rough Hill Go,Late Leaving Garage,10,0,w,9077
2015/01/08,66,5:40:00 AM,Thursday,LAKESHORE AND MARINE ;PARADE,Mechanical,20,0,N/B,8039
2015/01/08,48,5:40:00 AM,Thursday,Mill Loop,Mechanical,20,40,,7972
2015/01/08,29,5:40:00 AM,Thursday,Wilson stn,Utilized Off Route,7,14,s/b,8161
2015/01/08,24,5:42:00 AM,Thursday,Danforth Ave & Victoria Park,Late Leaving Garage,5,9,W/B,7711
2015/01/08,25,5:42:00 AM,Thursday,pape station,Utilized Off Route,3,6,e,7603
2015/01/08,60,5:45:00 AM,Thursday,Signal Hill,Late Leaving Garage,7,14,e/b,7251
2015/01/08,34,5:45:00 AM,Thursday,Eglinton Station,Utilized Off Route,8,12,WB,7411
2015/01/08,7,5:45:00 AM,Thursday,Bathurst Stn,Utilized Off Route,9,18,NB,9002
2015/01/08,97,5:46:00 AM,Thursday,"Hilda and Steeles Ave, West",Mechanical,10,40,sb,8369
2015/01/08,25,5:47:00 AM,Thursday,Pape stn,Utilized Off Route,3,7,nb,7468
2015/01/08,91,5:47:00 AM,Thursday,Woodbine Stn.,Late Leaving Garage,23,46,W/B,7827
2015/01/08,191,5:49:00 AM,Thursday,Martin Grove and Royal Crest,Late Leaving Garage,8,29,S,7923
2015/01/08,62,5:51:00 AM,Thursday,Coxwell & Mortimer,Late Leaving Garage,15,30,W/B,7779
2015/01/08,779,5:51:00 AM,Thursday,Mt Dennis division,Utilized Off Route,1,1,,1510
2015/01/08,39,5:53:00 AM,Thursday,Finch & Baldoon,Utilized Off Route,4,9,EB,1138
2015/01/08,87,5:55:00 AM,Thursday,MAIN STATION,Utilized Off Route,9,18,B/W,7720
2015/01/08,87,5:55:00 AM,Thursday,Coxwell and Mortimer,Utilized Off Route,10,20,w,7720
2015/01/08,165,6:00:00 AM,Thursday,Wilson/Yonge,Mechanical,5,10,E,1343
2015/01/08,160,6:00:00 AM,Thursday,Wilson Stn,Late Leaving Garage,17,32,NB,8137
2015/01/08,53,6:01:00 AM,Thursday,Steeles and Markham,Mechanical,14,27,w,9086
2015/01/08,44,6:01:00 AM,Thursday,Kipling Stn,Mechanical,15,24,SB,7343
2015/01/08,90,6:02:00 AM,Thursday,Northcliffe and Eglinton,Utilized Off Route,20,40,SB,8172
2015/01/08,79,6:02:00 AM,Thursday,Pine,Utilized Off Route,13,25,s,1674
2015/01/08,191,6:03:00 AM,Thursday,Martin Grove and Royal Crest,Late Leaving Garage,6,12,S,7932
2015/01/08,86,6:05:00 AM,Thursday,Kennedy station,Utilized Off Route,5,10,e,7412
2015/01/08,199,6:06:00 AM,Thursday,Scarborough Town Cemtre,Late Leaving Garage,3,5,WB,1782
2015/01/08,68,6:07:00 AM,Thursday,Warden Station,Late Leaving Garage,23,28,NB,7535
2015/01/08,41,6:09:00 AM,Thursday,Commons,Late Leaving Garage,9,17,s,1012
2015/01/08,191,6:09:00 AM,Thursday,Martin Grove and Royal Crest,Late Leaving Garage,5,11,S,7936
2015/01/08,63,6:10:00 AM,Thursday,caniff and strachan,Utilized Off Route,4,8,s,1526
2015/01/08,53,6:14:00 AM,Thursday,Passmore and Markham,Mechanical,5,10,w,1281
2015/01/08,49,6:15:00 AM,Thursday,garage,Mechanical,7,14,,8024
2015/01/08,96,6:15:00 AM,Thursday,Wilson route,Mechanical,18,36,E,1221
2015/01/08,95,6:15:00 AM,Thursday,Ellesmere RT stn,Late Leaving Garage,7,14,W,
2015/01/08,86,6:15:00 AM,Thursday,eglinton yard,Late Leaving Garage,5,10,e,7437
2015/01/08,60,6:15:00 AM,Thursday,60 Steeles W Route,Mechanical,6,12,B/W,1378
2015/01/08,104,6:17:00 AM,Thursday,Wilson Station,Mechanical,14,28,nb,8385
2015/01/08,59,6:19:00 AM,Thursday,Lawrence W.Stn,Late Leaving Garage,12,24,w/b,1208
2015/01/08,113,6:19:00 AM,Thursday,MAIN STN,Emergency Services,13,26,E,7748
2015/01/08,199,6:20:00 AM,Thursday,Scarborough Town Centre,Utilized Off Route,2,5,WB,1103
2015/01/08,86,6:23:00 AM,Thursday,kennedy station,Utilized Off Route,5,10,e,7437
2015/01/08,191,6:23:00 AM,Thursday,Steeles and Hwy 27,Mechanical,5,9,S,7929
2015/01/08,25,6:25:00 AM,Thursday,Overlea and Thorncliff Park,Mechanical,4,8,N,7426
2015/01/08,39,6:26:00 AM,Thursday,Finch & Willowdale,Mechanical,5,10,EB,1137
2015/01/08,29,6:28:00 AM,Thursday,Tycos,Late Leaving Garage,7,14,s/b,9056
2015/01/08,53,6:29:00 AM,Thursday,Finch Station,Utilized Off Route,13,24,e,1810
2015/01/08,84,6:30:00 AM,Thursday,Rivalda and Sheppard,Late Leaving Garage,9,18,e/b,1396
2015/01/08,45,6:30:00 AM,Thursday,Kipling and Beaconhill,Mechanical,5,10,SB,7332
2015/01/08,45,6:30:00 AM,Thursday,Kipling and Belfield,Mechanical,5,10,,8021
2015/01/08,117,6:30:00 AM,Thursday,Downsview Station,Late Leaving Garage,10,20,N,9426
2015/01/08,60,6:30:00 AM,Thursday,60 Steeles W route,General Delay,7,20,B/W,
2015/01/08,107,6:32:00 AM,Thursday,Downsview Station,Late Leaving Garage,7,14,n,8215
2015/01/08,32,6:33:00 AM,Thursday,Eglinton station,Late Leaving Garage,5,10,WB,1406
2015/01/08,46,6:34:00 AM,Thursday,Steeles Loop at Martin Grove,Late Leaving Garage,10,20,S,1523
2015/01/08,37,6:40:00 AM,Thursday,37 Islington Route,General Delay,8,22,B/W,
2015/01/08,143,6:40:00 AM,Thursday,Birchmount Garage,Late Leaving Garage,1,1,S,8113
2015/01/08,95,6:44:00 AM,Thursday,Ellesmere and Birchmount,Mechanical,7,14,w,1774
2015/01/08,125,6:45:00 AM,Thursday,Finch Stn,Mechanical,11,22,WB,9419
2015/01/08,165,6:46:00 AM,Thursday,Wilson station,Late Leaving Garage,5,10,w,7247
2015/01/08,25,6:47:00 AM,Thursday,Pape Stn,Mechanical,3,6,N,7674
2015/01/08,192,6:48:00 AM,Thursday,queensway garage,Mechanical,10,20,,8001
2015/01/08,165,6:50:00 AM,Thursday,Yonge/Wilson,Mechanical,5,10,w,7212
2015/01/08,133,6:50:00 AM,Thursday,Neilson and Oakmeadow,Emergency Services,9,18,s,1123
2015/01/08,124,6:53:00 AM,Thursday,Lawrence Station,Mechanical,6,12,eb,8387
2015/01/08,6,6:54:00 AM,Thursday,York U,Late Leaving Garage,8,16,E,7229
2015/01/08,90,6:59:00 AM,Thursday,Northcliffe and Eglinton,Mechanical,8,16,SB,9441
2015/01/08,168,7:00:00 AM,Thursday,ROGERS AND WESTON RD,General Delay,5,20,b/w,
2015/01/08,161,7:01:00 AM,Thursday,Jane and lambton,Late Leaving Garage,10,20,E/B,1582
2015/01/08,191,7:01:00 AM,Thursday,Martin Grove and Royal Crest,Mechanical,5,10,S,7923
2015/01/08,130,7:02:00 AM,Thursday,STC stn,Mechanical,20,40,n,1082
2015/01/08,95,7:03:00 AM,Thursday,U of T,Late Leaving Garage,9,18,w,1072
2015/01/08,108,7:03:00 AM,Thursday,Downsview station,Late Leaving Garage,13,28,W,7245
2015/01/08,11,7:03:00 AM,Thursday,Belsixe Dr. and Cleaveland St.,Mechanical,13,26,sb,8124
2015/01/08,76,7:07:00 AM,Thursday,ROYAL YORK AND THE QUEENSWAY,Mechanical,4,9,n/b,6001
2015/01/08,161,7:12:00 AM,Thursday,Weston and Rogers rd,Diversion,253,270,W/B,
2015/01/08,89,7:12:00 AM,Thursday,Weston and Rogers,Diversion,253,260,N/B,
2015/01/08,84,7:15:00 AM,Thursday,Sheppard Station,Mechanical,17,34,W,1514
2015/01/08,76,7:17:00 AM,Thursday,ROYAL YORK STN,Mechanical,5,13,n/b,7315
2015/01/08,191,7:17:00 AM,Thursday,Kipling Station,Mechanical,5,10,n,7953
2015/01/08,6,7:17:00 AM,Thursday,davenport and yonge,Late Leaving Garage,8,16,s,1614
2015/01/08,196,7:17:00 AM,Thursday,York Commons,Late Leaving Garage,2,4,S,8343
2015/01/08,224,7:20:00 AM,Thursday,Woodbine Bypass and Honda Blvd.,Mechanical,30,60,S,7472
2015/01/08,54,7:21:00 AM,Thursday,Eglinton stn,Mechanical,4,9,eb,7618
2015/01/08,44,7:24:00 AM,Thursday,Garage,Late Leaving Garage,4,7,,8084
2015/01/08,5,7:25:00 AM,Thursday,Eglinton Station,Mechanical,12,24,sb,8141
2015/01/08,196,7:27:00 AM,Thursday,Downsview Station,Late Leaving Garage,2,4,N,9434
2015/01/08,54,7:27:00 AM,Thursday,Lawrence rt,Mechanical,9,18,eb,7669
2015/01/08,60,7:28:00 AM,Thursday,Steeles and Signalhill,Late Leaving Garage,7,14,E,1208
2015/01/08,60,7:30:00 AM,Thursday,York U,Mechanical,4,11,E,1357
2015/01/08,196,7:31:00 AM,Thursday,Downsview Station,Mechanical,2,4,N,9426
2015/01/08,32,7:35:00 AM,Thursday,Eglinton and Bathurst,Mechanical,5,10,EB,1569
2015/01/08,95,7:46:00 AM,Thursday,Ellesmere and Brimley,Mechanical,7,14,e,1081
2015/01/08,95,7:49:00 AM,Thursday,Ellesmere and Victoria park,Mechanical,7,14,w,1124
2015/01/08,35,7:52:00 AM,Thursday,Jane and Pennslyvania,Mechanical,10,20,s/b,1232
2015/01/08,165,7:53:00 AM,Thursday,Wilson/Yonge,Mechanical,5,10,E,1343
2015/01/08,38,7:53:00 AM,Thursday,Scarborough Town Centre,Mechanical,7,15,E,1105
2015/01/08,106,7:56:00 AM,Thursday,Downsview Station,Mechanical,7,14,W,9435
2015/01/08,199,7:56:00 AM,Thursday,Scarborough Town Centre,Utilized Off Route,3,5,WB,1764
2015/01/08,196,7:59:00 AM,Thursday,Downsview Station,Mechanical,2,4,N,8176
2015/01/08,25,8:05:00 AM,Thursday,Don Mills Stn,Utilized Off Route,3,6,S,7578
2015/01/08,106,8:08:00 AM,Thursday,Downsview Station,Mechanical,7,14,W,8365
2015/01/08,100,8:10:00 AM,Thursday,Concord Place,Mechanical,4,15,N,7491
2015/01/08,70,8:12:00 AM,Thursday,Coxwell stn,Utilized Off Route,17,34,eb,7496
2015/01/08,196,8:14:00 AM,Thursday,Downsview Station,Mechanical,2,4,N,8208
2015/01/08,96,8:14:00 AM,Thursday,Clayson/Wilson,Mechanical,18,36,E,7224
2015/01/08,165,8:17:00 AM,Thursday,Finch/Weston,Mechanical,5,10,E,7247
2015/01/08,191,8:18:00 AM,Thursday,Hwy 27 / Royal Crest,Mechanical,5,9,S,7935
2015/01/08,63,8:23:00 AM,Thursday,east liberty and atlantic,Mechanical,4,8,n,1542
2015/01/08,102,8:29:00 AM,Thursday,Warden Stn,Mechanical,20,40,n,7859
2015/01/08,6,8:30:00 AM,Thursday,bedford and davenport,Mechanical,8,16,s,1594
2015/01/08,32,8:32:00 AM,Thursday,Pine and Lawrence,Mechanical,5,10,WB,1063
2015/01/08,9,8:38:00 AM,Thursday,Mccowan/Cree Ave,Mechanical,15,30,n,7866
2015/01/08,190,8:45:00 AM,Thursday,Scarborough Town Centre,Mechanical,11,17,W,1300
2015/01/08,48,8:50:00 AM,Thursday,Royal York & Anglessy,Mechanical,10,20,,8094
2015/01/08,7,8:56:00 AM,Thursday,Bathurst Stn,Utilized Off Route,9,18,NB,9002
2015/01/08,102,9:07:00 AM,Thursday,Warden Stn,Utilized Off Route,10,20,n,8115
2015/01/08,111,9:14:00 AM,Thursday,Kipling Station,Mechanical,8,18,,8016
2015/01/08,59,9:17:00 AM,Thursday,Culford and Lawrence s/b,Mechanical,12,24,s/b,1345
2015/01/08,131,9:19:00 AM,Thursday,Nugget and Shorting,Investigation,8,16,w,1709
2015/01/08,106,9:38:00 AM,Thursday,York Commons,Mechanical,10,20,S,9435
2015/01/08,53,9:40:00 AM,Thursday,Finch Station,Mechanical,5,17,e,1828
2015/01/08,165,9:47:00 AM,Thursday,Highview/Wilson,Mechanical,5,10,E,1818
2015/01/08,37,9:50:00 AM,Thursday,Dixon and Islington,Mechanical,18,36,N,1377
2015/01/08,172,9:57:00 AM,Thursday,Parliament and Front,Diversion,374,396,B/W,7861
2015/01/08,117,10:29:00 AM,Thursday,Dufferin & Finch,Mechanical,20,40,NB,8130
2015/01/08,162,10:37:00 AM,Thursday,Lawrence Station,Mechanical,30,60,E,8348
2015/01/08,124,10:40:00 AM,Thursday,Lawrence Station,Utilized Off Route,8,16,E,8322
2015/01/08,94,10:40:00 AM,Thursday,Ossington stn,Mechanical,10,20,E,1054
2015/01/08,86,11:00:00 AM,Thursday,Kennedy station,Mechanical,10,20,s,7437
2015/01/08,196,11:05:00 AM,Thursday,Downsview STN,Mechanical,10,20,NB,9423
2015/01/08,100,11:24:00 AM,Thursday,Broadview Stn,Utilized Off Route,7,14,N,7632
2015/01/08,100,11:31:00 AM,Thursday,Broadview Stn,Utilized Off Route,7,14,N,7446
2015/01/08,85,11:51:00 AM,Thursday,Sheppard and Bayview,Mechanical,22,44,E,1733
2015/01/08,96,11:54:00 AM,Thursday,jane/Wilson,Mechanical,30,60,E,1355
2015/01/08,196,12:00:00 PM,Thursday,Wilson Garage,Late Leaving Garage,2,4,SB,9409
2015/01/08,85,12:03:00 PM,Thursday,Don Mills station,Utilized Off Route,8,15,E,9075
2015/01/08,84,12:10:00 PM,Thursday,Sheppard and Welbeck rd.,Mechanical,10,20,w/b,1274
2015/01/08,35,12:12:00 PM,Thursday,Jane and Milopark,Investigation,24,48,s/b,1564
2015/01/08,116,1:07:00 PM,Thursday,Morningside & Nightstar,Mechanical,10,20,S,7475
2015/01/08,26,1:10:00 PM,Thursday,Jane station,Mechanical,20,40,E,8080
2015/01/08,134,1:41:00 PM,Thursday,STC,Mechanical,20,40,e,1795
2015/01/08,134,1:54:00 PM,Thursday,Centennial College,Utilized Off Route,7,13,W,1795
2015/01/08,84,2:00:00 PM,Thursday,Arrow garage,Mechanical,10,20,S,7245
2015/01/08,34,2:00:00 PM,Thursday,Warden/Eglinton,General Delay,10,15,B/W,7533
2015/01/08,34,2:00:00 PM,Thursday,Warden/Eglinton,Diversion,186,192,B/W,7677
2015/01/08,29,2:00:00 PM,Thursday,Dufferin route,General Delay,30,20,B,
2015/01/08,29,2:19:00 PM,Thursday,1542 Duferin stn,Investigation,4,8,S,9034
2015/01/08,68,2:20:00 PM,Thursday,Warden and Bmburgh Circle North,Mechanical,8,16,SB,7409
2015/01/08,198,2:22:00 PM,Thursday,Kennedy Stn,Mechanical,10,20,E,7670
2015/01/08,97,2:24:00 PM,Thursday,St.Clair Station,Late Leaving Garage,30,60,N,8212
2015/01/08,168,2:27:00 PM,Thursday,DUNDAS W STN,Utilized Off Route,10,20,N/B,7302
2015/01/08,47,2:29:00 PM,Thursday,earlscourt loop,Late Leaving Garage,7,14,s/b,1529
2015/01/08,709,2:30:00 PM,Thursday,Eg. West station,Utilized Off Route,10,20,e/b,1036
2015/01/08,191,2:30:00 PM,Thursday,Yorkmills stn. To steeles,General Delay,17,34,bw,
2015/01/08,96,2:30:00 PM,Thursday,yorkmills stn to humberline,General Delay,24,48,bw,
2015/01/08,107,2:30:00 PM,Thursday,Wilson Yard,Late Leaving Garage,11,15,NB,9440
2015/01/08,37,2:31:00 PM,Thursday,HWLP,Mechanical,18,36,S,1360
2015/01/08,105,2:32:00 PM,Thursday,Downsview STN,Late Leaving Garage,5,1,NB,9405
2015/01/08,35,2:35:00 PM,Thursday,Jane Stn.,Utilized Off Route,20,40,N,1205
2015/01/08,196,2:44:00 PM,Thursday,downsview STN,Utilized Off Route,2,4,NB,8328
2015/01/08,32,2:48:00 PM,Thursday,Marshal Mcluhan H.S,Late Leaving Garage,5,8,w/b,1524
2015/01/08,709,2:50:00 PM,Thursday,Mt. Dennis Division,Utilized Off Route,10,20,e/b,1034
2015/01/08,709,2:50:00 PM,Thursday,Mt. Dennis division,Utilized Off Route,10,20,e/b,1325
2015/01/08,191,2:50:00 PM,Thursday,Kipling Station,Late Leaving Garage,5,10,N,1415
2015/01/08,85,2:50:00 PM,Thursday,Don Mills Stn,Late Leaving Garage,12,24,EB,9083
2015/01/08,106,2:56:00 PM,Thursday,Wilson Yard,Late Leaving Garage,4,8,SB,9417
2015/01/08,41,3:00:00 PM,Thursday,Entire route,General Delay,8,16,b/w,
2015/01/08,165,3:04:00 PM,Thursday,finch at weston,Late Leaving Garage,19,29,w,1336
2015/01/08,63,3:04:00 PM,Thursday,King st,Late Leaving Garage,5,10,n,1030
2015/01/08,165,3:04:00 PM,Thursday,ashberry at weston,Mechanical,34,34,e,7211
2015/01/08,95,3:08:00 PM,Thursday,YOCE,Utilized Off Route,8,16,e,1123
2015/01/08,7,3:10:00 PM,Thursday,Bathurst Station,Mechanical,8,16,s/b,9050
2015/01/08,52,3:14:00 PM,Thursday,Lawrence West stn,Late Leaving Garage,11,22,e/b,1202
2015/01/08,89,3:20:00 PM,Thursday,Keele stn,Late Leaving Garage,9,18,n,1614
2015/01/08,96,3:20:00 PM,Thursday,wilson stn,Late Leaving Garage,17,34,w,7231
2015/01/08,75,3:20:00 PM,Thursday,Sherbourne And Bloor,Mechanical,7,14,n/b,9429
2015/01/08,60,3:22:00 PM,Thursday,Arrow Rd. Garage,Late Leaving Garage,7,14,EB,
2015/01/08,37,3:22:00 PM,Thursday,STIS,Late Leaving Garage,10,20,S,7221
2015/01/08,25,3:24:00 PM,Thursday,Freshmeadow and Don Mills,Late Leaving Garage,3,6,NB,7607
2015/01/08,10,3:25:00 PM,Thursday,Wilson Yard,Late Leaving Garage,15,30,EB,9424
2015/01/08,52,3:29:00 PM,Thursday,Terminal # 1,Late Leaving Garage,6,21,e/b,1051
2015/01/08,801,3:30:00 PM,Thursday,Wilson Garage,Utilized Off Route,1,1,S,8214
2015/01/08,126,3:30:00 PM,Thursday,St.Clair West stn,Late Leaving Garage,15,30,s/b,1043
2015/01/08,801,3:30:00 PM,Thursday,Wilson garage,Utilized Off Route,1,1,S,8161
2015/01/08,60,3:33:00 PM,Thursday,Arrow Rd. Garage,Late Leaving Garage,7,14,EB,1238
2015/01/08,60,3:35:00 PM,Thursday,Steeles and Tangreen Court,Mechanical,2,8,EB,1254
2015/01/08,35,3:35:00 PM,Thursday,Jane and Annett,Mechanical,20,40,N,1303
2015/01/08,35,3:35:00 PM,Thursday,Jane and Finch,Mechanical,20,40,N,1390
2015/01/08,142,3:36:00 PM,Thursday,Hillcrest,Late Leaving Garage,4,8,sb,8337
2015/01/08,35,3:36:00 PM,Thursday,`Jane and Steeles,Mechanical,20,40,S,1809
2015/01/08,39,3:41:00 PM,Thursday,Baldoon and Finch,Late Leaving Garage,10,17,W/B,1129
2015/01/08,25,3:47:00 PM,Thursday,Pape Station,Mechanical,3,6,NB,7638
2015/01/08,90,3:51:00 PM,Thursday,St.Clair station,Late Leaving Garage,5,10,w/b,8183
2015/01/08,60,3:52:00 PM,Thursday,Signal Hill,Mechanical,7,14,EB,1505
2015/01/08,7,3:54:00 PM,Thursday,Wilson Av-bathurst,Late Leaving Garage,8,16,nb,
2015/01/08,96,3:55:00 PM,Thursday,wilson stn,Mechanical,24,48,w,7239
2015/01/08,59,3:57:00 PM,Thursday,Lawrence west stn.,Late Leaving Garage,13,26,W,1369
2015/01/08,86,3:57:00 PM,Thursday,Kennedy Stn,Mechanical,10,21,E,7423
2015/01/08,191,4:04:00 PM,Thursday,MGRC,Late Leaving Garage,14,28,S,1378
2015/01/08,48,4:06:00 PM,Thursday,Rathburn/Renforth,Mechanical,12,24,E,7336
2015/01/08,90,4:07:00 PM,Thursday,St.clair station,Mechanical,8,16,w/b,9220
2015/01/08,60,4:08:00 PM,Thursday,Finch Station,Mechanical,11,22,W,7932
2015/01/08,191,4:18:00 PM,Thursday,MGRC,Late Leaving Garage,14,28,S,7936
2015/01/08,54,4:27:00 PM,Thursday,SRT,Mechanical,11,22,e,7672
2015/01/08,105,4:28:00 PM,Thursday,Rutherford & Peter Rupert,Investigation,24,48,EB,9433
2015/01/08,122,4:29:00 PM,Thursday,York mills and Lesmill,Mechanical,16,32,W,8331
2015/01/08,45,4:29:00 PM,Thursday,KIPLING ALBION,Mechanical,13,18,N/B,7331
2015/01/08,190,4:32:00 PM,Thursday,Sheppard and Kennedy,Mechanical,5,10,WB,1300
2015/01/08,60,4:35:00 PM,Thursday,Steeles and Peter Kaiser,Mechanical,7,14,EB,1275
2015/01/08,191,4:42:00 PM,Thursday,MGRC,Late Leaving Garage,5,10,S,1377
2015/01/08,35,4:42:00 PM,Thursday,Jane and Sheppard,Mechanical,5,10,S,1390
2015/01/08,36,4:45:00 PM,Thursday,Finch Station,Investigation,7,14,W,9106
2015/01/08,145,4:45:00 PM,Thursday,LAKESHORE AND BRITISH COLUMBIA,Diversion,70,100,E/B,7973
2015/01/08,54,4:50:00 PM,Thursday,Orton Park on Lawrence,Investigation,11,22,w,7404
2015/01/08,6,5:05:00 PM,Thursday,Queens Quat and Sherbourne,Utilized Off Route,10,20,n,1204
2015/01/08,35,5:14:00 PM,Thursday,Jane and Firgrove,Mechanical,5,10,S,1732
2015/01/08,60,5:16:00 PM,Thursday,Signal Hill Loop,Mechanical,7,14,E,1404
2015/01/08,86,5:21:00 PM,Thursday,Kennedy Stn,Mechanical,10,21,E,7459
2015/01/08,110,5:25:00 PM,Thursday,Islington station,Mechanical,12,24,S,7952
2015/01/08,56,5:40:00 PM,Thursday,Donland Stn.,Mechanical,23,46,nb,8198
2015/01/08,85,5:43:00 PM,Thursday,Warden,Mechanical,12,24,EB,9087
2015/01/08,95,5:45:00 PM,Thursday,Valleywood and York Mills,Mechanical,9,18,w/b,1758
2015/01/08,7,5:51:00 PM,Thursday,Steeles Av-Bathurst,Mechanical,8,16,sb,9028
2015/01/08,32,5:55:00 PM,Thursday,Eglinton west station,Investigation,8,18,65986,1622
2015/01/08,196,6:00:00 PM,Thursday,The Commons to sheppard Station,General Delay,30,25,B/W,
2015/01/08,81,6:06:00 PM,Thursday,Pape Stn,Mechanical,7,14,N/b,7820
2015/01/08,110,6:10:00 PM,Thursday,Longbranch Loop,Mechanical,12,24,N,7341
2015/01/08,94,6:24:00 PM,Thursday,Ossington stn,Investigation,16,32,e,1680
2015/01/08,79,6:28:00 PM,Thursday,Pine and Lawrence,Mechanical,12,24,E/B,1044
2015/01/08,85,6:32:00 PM,Thursday,Don Mills stn,Mechanical,6,12,EB,9067
2015/01/08,53,6:36:00 PM,Thursday,Steeles & Miliken Go,Investigation,5,10,E,1768
2015/01/08,40,7:38:00 PM,Thursday,Dundas W. Stn,Mechanical,10,20,w/b,8090
2015/01/08,53,7:49:00 PM,Thursday,Steeles & Bayview,Mechanical,5,10,E,1110
2015/01/08,85,7:53:00 PM,Thursday,Meadowvale Loop,Mechanical,7,14,WB,1141
2015/01/08,52,8:18:00 PM,Thursday,SkyWay & Dixon,Mechanical,15,30,e/b,1571
2015/01/08,12,8:18:00 PM,Thursday,VICTORIA PARK STN,Emergency Services,10,20,NB,8101
2015/01/08,196,8:50:00 PM,Thursday,Downsview Station,Utilized Off Route,3,6,n,9418
2015/01/08,168,9:00:00 PM,Thursday,Entire Symington Route,General Delay,12,24,b/w,168
2015/01/08,89,9:01:00 PM,Thursday,Keele stn,Utilized Off Route,9,18,n,1665
2015/01/08,89,10:00:00 PM,Thursday,Entire Route,General Delay,10,22,B/W,
2015/01/08,32,10:01:00 PM,Thursday,Eglinton and Caledonia,Mechanical,10,22,W/B,1656
2015/01/08,43,10:16:00 PM,Thursday,Progress & Brimely,Mechanical,21,21,WB,7628
2015/01/08,39,11:02:00 PM,Thursday,Finch Station,Mechanical,6,12,EB,1717
2015/01/08,54,11:12:00 PM,Thursday,Lawrence & Curlew,Mechanical,10,20,WB,7435
2015/01/08,109,11:39:00 PM,Thursday,Neptune to Eglinton West Station,General Delay,17,27,b/w,
2015/01/09,36,12:54:00 AM,Friday,Finch/Pittsboro,Investigation,20,55,E,9125
2015/01/09,89,1:36:00 AM,Friday,Weston and Black Creek,Investigation,15,30,N/B,1563
2015/01/09,300,3:08:00 AM,Friday,Bloor/Bathurst,Mechanical,5,10,WB,7966
2015/01/09,354,4:15:00 AM,Friday,Military trail and ellesmiere,Diversion,65,95,n/b,7473
2015/01/09,116,4:50:00 AM,Friday,Eglinton Yard,Late Leaving Garage,20,8,s,7655
2015/01/09,86,4:59:00 AM,Friday,Eglinton Yard,Mechanical,24,0,s,7610
2015/01/09,779,5:00:00 AM,Friday,Mt Dennis Division,Utilized Off Route,1,1,,1627
2015/01/09,779,5:00:00 AM,Friday,Mt Dennis,Utilized Off Route,1,1,,1516
2015/01/09,79,5:07:00 AM,Friday,Pine,Mechanical,0,25,s,1262
2015/01/09,322,5:09:00 AM,Friday,Coxwell and Lower Gerrard,Mechanical,16,46,S,7728
2015/01/09,86,5:10:00 AM,Friday,Sheppard Loop,Utilized Off Route,15,30,S,7404
2015/01/09,86,5:10:00 AM,Friday,sheppard loop,Utilized Off Route,15,30,e,7404
2015/01/09,34,5:10:00 AM,Friday,eglinton stn,Utilized Off Route,8,12,e,7534
2015/01/09,53,5:12:00 AM,Friday,Passmore and Markham,Mechanical,5,9,w,1737
2015/01/09,53,5:17:00 AM,Friday,Passmore and Markham,Mechanical,3,12,w,1082
2015/01/09,68,5:20:00 AM,Friday,danforth and warden,Late Leaving Garage,4,8,n,7436
2015/01/09,111,5:22:00 AM,Friday,Garage Queensway,Late Leaving Garage,15,28,,8066
2015/01/09,35,5:26:00 AM,Friday,Jane and Steeles,Utilized Off Route,10,21,S,1302
2015/01/09,191,5:28:00 AM,Friday,Martin Grove and Royal Crest,Late Leaving Garage,21,47,S,7950
2015/01/09,70,5:28:00 AM,Friday,egl yard,Late Leaving Garage,1,1,e,7591
2015/01/09,34,5:29:00 AM,Friday,kennedy station,Late Leaving Garage,5,9,EB,7493
2015/01/09,116,5:30:00 AM,Friday,Morningside and Kingston Rd.,Diversion,45,55,n,7510
2015/01/09,116,5:30:00 AM,Friday,Morningside and Kingston Rd.,Diversion,45,55,s,7433
2015/01/09,107,5:33:00 AM,Friday,Finch and Keele,Late Leaving Garage,18,36,N,9429
2015/01/09,29,5:33:00 AM,Friday,Dufferin and Bloor,Utilized Off Route,12,16,nb,9020
2015/01/09,29,5:33:00 AM,Friday,Dufferin and Bloor,Utilized Off Route,12,16,nb,9020
2015/01/09,25,5:37:00 AM,Friday,pape station,Utilized Off Route,3,6,n,7603
2015/01/09,87,5:38:00 AM,Friday,COXWELL/MORTIMER,Utilized Off Route,8,18,W,7680
2015/01/09,61,5:39:00 AM,Friday,Bombay Loop,Mechanical,11,26,sb,8383
2015/01/09,60,5:40:00 AM,Friday,Steeles and Martin grove,Utilized Off Route,10,20,E,1284
2015/01/09,32,5:40:00 AM,Friday,Eglinton station,Late Leaving Garage,10,20,WB,1596
2015/01/09,24,5:42:00 AM,Friday,DANFORTH/VP,Utilized Off Route,6,12,N,7790
2015/01/09,104,5:44:00 AM,Friday,Wilson Yard,Late Leaving Garage,12,1,NB,8364
2015/01/09,37,5:45:00 AM,Friday,Islington Station,Late Leaving Garage,0,0,N,1263
2015/01/09,25,5:47:00 AM,Friday,pape stn,Utilized Off Route,3,7,n,7662
2015/01/09,84,5:48:00 AM,Friday,Sheppard/Arrow,Late Leaving Garage,10,14,E,1208
2015/01/09,165,5:48:00 AM,Friday,Garage,Late Leaving Garage,11,23,WB,7202
2015/01/09,39,5:53:00 AM,Friday,Baldoon Rd & Finch,Utilized Off Route,4,8,WB,1780
2015/01/09,25,5:56:00 AM,Friday,Eglinton Garage,Mechanical,1,1,S,7637
2015/01/09,61,5:58:00 AM,Friday,Bombay Loop,Mechanical,10,20,sb,8326
2015/01/09,25,5:59:00 AM,Friday,Eglinton Garage,Mechanical,1,1,S,7651
2015/01/09,779,6:00:00 AM,Friday,Mt Dennis,Utilized Off Route,1,1,,1543
2015/01/09,779,6:00:00 AM,Friday,Mt Dennis,Utilized Off Route,1,1,BW,1244
2015/01/09,36,6:00:00 AM,Friday,Humberwood Loop,Utilized Off Route,10,20,E,1706
2015/01/09,95,6:00:00 AM,Friday,U of T Campus,Late Leaving Garage,9,0,W,1402
2015/01/09,37,6:00:00 AM,Friday,Humberwood Loop,Late Leaving Garage,0,0,S,1796
2015/01/09,90,6:03:00 AM,Friday,St Clair West Stn,Utilized Off Route,8,15,NB,8173
2015/01/09,117,6:03:00 AM,Friday,Downsview STN,Mechanical,20,54,NB,8208
2015/01/09,165,6:05:00 AM,Friday,York Mills station,Utilized Off Route,5,10,N,1332
2015/01/09,199,6:06:00 AM,Friday,Scarborough Town Center,Utilized Off Route,3,6,W,1824
2015/01/09,25,6:06:00 AM,Friday,Pape Stn,Mechanical,3,6,N,7616
2015/01/09,168,6:07:00 AM,Friday,DUNDAS W STN,Mechanical,4,9,n/b,7313
2015/01/09,87,6:07:00 AM,Friday,MAIN STN,Mechanical,9,18,W,8105
2015/01/09,779,6:07:00 AM,Friday,Mt Dennis,Utilized Off Route,1,1,BW,1652
2015/01/09,122,6:08:00 AM,Friday,Fenelon Dr Loop,Late Leaving Garage,13,25,W,8329
2015/01/09,41,6:09:00 AM,Friday,Patrolia and Canartic,Late Leaving Garage,8,17,SB,1250
2015/01/09,191,6:10:00 AM,Friday,Martin Grove and Royal Crest,Late Leaving Garage,21,40,s,7920
2015/01/09,43,6:10:00 AM,Friday,Scarborough Town Centre,Late Leaving Garage,1,1,SB,7674
2015/01/09,44,6:10:00 AM,Friday,garage,Mechanical,8,17,sb,8035
2015/01/09,32,6:13:00 AM,Friday,Eglinton and Keele,Late Leaving Garage,5,10,EB,1063
2015/01/09,196,6:13:00 AM,Friday,Wilson Yard,Late Leaving Garage,5,10,NB,9428
2015/01/09,54,6:13:00 AM,Friday,eglinton station,Late Leaving Garage,9,18,w,7403
2015/01/09,68,6:14:00 AM,Friday,Warden / Steeles Loop,Late Leaving Garage,12,17,SB,7511
2015/01/09,95,6:15:00 AM,Friday,Ellesmere Rt,Utilized Off Route,14,19,W,8360
2015/01/09,109,6:15:00 AM,Friday,Lawrence West Stn,Late Leaving Garage,15,30,SB,8353
2015/01/09,199,6:17:00 AM,Friday,Scarborough Town Center,Late Leaving Garage,3,6,WB,1106
2015/01/09,24,6:18:00 AM,Friday,STEELES,Late Leaving Garage,5,10,S,7699
2015/01/09,39,6:18:00 AM,Friday,Finch Station,Mechanical,6,12,EB,9449
2015/01/09,34,6:21:00 AM,Friday,Eglinton Station,Late Leaving Garage,4,8,EB,7408
2015/01/09,117,6:22:00 AM,Friday,Wilson Yard,Late Leaving Garage,10,26,NB,9404
2015/01/09,86,6:23:00 AM,Friday,Kennedy Station,Utilized Off Route,5,10,E,7647
2015/01/09,165,6:24:00 AM,Friday,Dufferin and Wilson,Investigation,20,40,WB,1346
2015/01/09,83,6:25:00 AM,Friday,Donlands STn,Mechanical,14,28,s,7700
2015/01/09,84,6:28:00 AM,Friday,Finch/Arrow,Late Leaving Garage,17,28,N,1223
2015/01/09,191,6:28:00 AM,Friday,Martin Grove and Royal Crest,Late Leaving Garage,5,10,s,7947
2015/01/09,129,6:29:00 AM,Friday,MajorMackenzie and Ridgecrest,Late Leaving Garage,14,27,s,9101
2015/01/09,53,6:29:00 AM,Friday,Finch Station,Utilized Off Route,13,24,e,
2015/01/09,60,6:30:00 AM,Friday,60 Steeles W,General Delay,7,20,B/W,
2015/01/09,84,6:30:00 AM,Friday,Rivalda/Sheppard,Late Leaving Garage,9,18,W,1365
2015/01/09,120,6:30:00 AM,Friday,Jane/Giltspur,Late Leaving Garage,30,60,S,1538
2015/01/09,50,6:32:00 AM,Friday,Queensway Garage,Late Leaving Garage,10,20,,8086
2015/01/09,190,6:34:00 AM,Friday,Scarborough Town Centre,Late Leaving Garage,7,16,W,1812
2015/01/09,78,6:35:00 AM,Friday,Carluke,Mechanical,20,30,W,8388
2015/01/09,54,6:37:00 AM,Friday,eglinton station,Late Leaving Garage,9,18,w,7564
2015/01/09,106,6:38:00 AM,Friday,Wilson Yard,Late Leaving Garage,7,14,NB,9419
2015/01/09,53,6:39:00 AM,Friday,Passmore and Markham,Mechanical,5,19,w,9094
2015/01/09,32,6:41:00 AM,Friday,Eglinton station,Late Leaving Garage,5,10,WB,1412
2015/01/09,45,6:41:00 AM,Friday,Kipling and Rathburn,Mechanical,6,12,SB,7334
2015/01/09,195,6:43:00 AM,Friday,Jane and Steeles,Late Leaving Garage,10,20,s/b,1394
2015/01/09,7,6:45:00 AM,Friday,Bathurst Stn,Utilized Off Route,9,18,NB,9019
2015/01/09,29,6:45:00 AM,Friday,dufferin and Tycos,Utilized Off Route,1,1,BWS,8209
2015/01/09,42,6:46:00 AM,Friday,Finch Station,Late Leaving Garage,11,1,E,9401
2015/01/09,96,6:47:00 AM,Friday,Garage,Late Leaving Garage,14,28,EB,7236
2015/01/09,81,6:51:00 AM,Friday,Pape Stn,Utilized Off Route,5,10,n,7793
2015/01/09,195,6:53:00 AM,Friday,Jane and Steeles,Mechanical,10,20,s/b,1280
2015/01/09,124,6:53:00 AM,Friday,Lawrence Station,Late Leaving Garage,6,12,E,9406
2015/01/09,60,6:54:00 AM,Friday,Steeles and Signal Hill,Late Leaving Garage,7,14,E,1818
2015/01/09,60,6:54:00 AM,Friday,York U,Late Leaving Garage,4,7,E,1305
2015/01/09,6,6:55:00 AM,Friday,dufferin and Davenport,Utilized Off Route,8,16,e,1539
2015/01/09,23,6:55:00 AM,Friday,Main Stn,Late Leaving Garage,5,10,N,7737
2015/01/09,25,6:57:00 AM,Friday,Pape Stn,Mechanical,3,6,N,7646
2015/01/09,41,6:57:00 AM,Friday,Keele Station,Utilized Off Route,18,35,N/B,1273
2015/01/09,60,6:57:00 AM,Friday,Finch station,Late Leaving Garage,7,14,W,7202
2015/01/09,100,6:59:00 AM,Friday,Broadview Stn,Mechanical,15,30,N,7460
2015/01/09,116,7:00:00 AM,Friday,Morningside Route,General Delay,10,0,B/W,
2015/01/09,42,7:00:00 AM,Friday,mcNicoll and victoria Pk,Late Leaving Garage,11,22,E,8163
2015/01/09,45,7:00:00 AM,Friday,ENTIRE ROUTE,General Delay,9,15,BW,
2015/01/09,86,7:00:00 AM,Friday,Scarborough Route,General Delay,12,0,B/W,
2015/01/09,108,7:03:00 AM,Friday,Downsview station,Late Leaving Garage,13,26,W,7211
2015/01/09,134,7:03:00 AM,Friday,Scarborough Town Centre,Mechanical,6,12,e,1084
2015/01/09,125,7:04:00 AM,Friday,Finch Station,Late Leaving Garage,7,14,W,9418
2015/01/09,7,7:06:00 AM,Friday,Bathurst Stn,Utilized Off Route,9,18,NB,9035
2015/01/09,86,7:10:00 AM,Friday,Kingston Rd. and Guildcrest,Mechanical,15,30,e,7449
2015/01/09,36,7:11:00 AM,Friday,Finch and Jane,Mechanical,6,12,W,9117
2015/01/09,95,7:12:00 AM,Friday,Yorkmills and Bayview,Mechanical,9,18,w,1124
2015/01/09,54,7:17:00 AM,Friday,Scarb. Golf on Lawrence,Investigation,9,18,w,7458
2015/01/09,97,7:18:00 AM,Friday,Lord Seaton and Yonge,Investigation,30,60,N,8386
2015/01/09,7,7:23:00 AM,Friday,Bathurst and Wilson,Mechanical,9,18,SB,9034
2015/01/09,84,7:25:00 AM,Friday,Downsview Station,Mechanical,9,17,W,1324
2015/01/09,196,7:26:00 AM,Friday,Downsview STN,Investigation,2,4,NB,8130
2015/01/09,32,7:27:00 AM,Friday,Eglinton and Marlee,Mechanical,5,10,EB,1058
2015/01/09,32,7:28:00 AM,Friday,Eglinton west station,Mechanical,10,20,EB,1050
2015/01/09,54,7:29:00 AM,Friday,SRT,Mechanical,10,20,e,7505
2015/01/09,198,7:30:00 AM,Friday,Scarborough College Rocket,General Delay,10,0,B/W,
2015/01/09,30,7:32:00 AM,Friday,Kipling Stn,Mechanical,22,44,,8057
2015/01/09,34,7:32:00 AM,Friday,Warden / Eglinton,Mechanical,4,8,EB,7584
2015/01/09,32,7:36:00 AM,Friday,Emmitt and Jane,Mechanical,10,20,EB,1027
2015/01/09,199,7:42:00 AM,Friday,Scarborough Town Center,Mechanical,3,6,WB,1778
2015/01/09,44,7:43:00 AM,Friday,COLSAM SMITH LOOP,Mechanical,4,8,NB,8013
2015/01/09,85,7:45:00 AM,Friday,Don Mills station to Rouge Hill GO,General Delay,18,12,B/W,
2015/01/09,95,7:45:00 AM,Friday,York Mills and UpJohn,Mechanical,7,14,w,1103
2015/01/09,24,7:45:00 AM,Friday,VICTORIA PARK ROUTE,General Delay,10,0,BW,
2015/01/09,196,7:45:00 AM,Friday,Downsview STN,Utilized Off Route,2,4,NB,8152
2015/01/09,11,7:47:00 AM,Friday,Steeles and Bayview,Mechanical,12,24,s/b,8184
2015/01/09,125,7:48:00 AM,Friday,Bathurst and Antibes,Mechanical,7,14,W,9418
2015/01/09,191,7:54:00 AM,Friday,Kipling Station,Mechanical,5,9,N,7935
2015/01/09,190,7:55:00 AM,Friday,Don Mills station to Scarborough Town Centre,General Delay,15,13,B/W,
2015/01/09,109,8:00:00 AM,Friday,Eglinton West Stn to Neptune,General Delay,17,34,BWS,8382
2015/01/09,199,8:16:00 AM,Friday,McCowan & Finch,Mechanical,3,6,WB,1106
2015/01/09,134,8:25:00 AM,Friday,Scarborough Town Centre,Utilized Off Route,5,10,e,1813
2015/01/09,192,8:25:00 AM,Friday,KIPLING STN,Mechanical,10,20,SB,8008
2015/01/09,131,8:27:00 AM,Friday,Brenyonon Way and Swelles,Emergency Services,7,15,e,1708
2015/01/09,34,8:29:00 AM,Friday,Eglinton Station,Mechanical,4,8,EB,7636
2015/01/09,34,8:30:00 AM,Friday,34 EGLINTON ROUTE,General Delay,21,25,WB,
2015/01/09,199,8:41:00 AM,Friday,McCowan & SandhurstCircle S,Mechanical,3,6,SB,1717
2015/01/09,29,8:49:00 AM,Friday,Wilson Station,Utilized Off Route,4,8,sb,9043
2015/01/09,7,8:56:00 AM,Friday,Bathurst Stn,Utilized Off Route,9,18,NB,9047
2015/01/09,199,9:00:00 AM,Friday,Finch Station to Scarborough Town Center,General Delay,15,30,BW,
2015/01/09,25,9:01:00 AM,Friday,Don Mills and Moatfield,Investigation,3,6,S,7663
2015/01/09,131,9:07:00 AM,Friday,Kennedy stn,Mechanical,7,15,n,1781
2015/01/09,191,9:10:00 AM,Friday,Hwy 27 and Royal Crest,Mechanical,5,10,S,7947
2015/01/09,133,9:14:00 AM,Friday,Neilson and Mclevin,Mechanical,10,19,s,1112
2015/01/09,67,9:20:00 AM,Friday,Victoria park / Denton,Diversion,40,48,NB,7455
2015/01/09,59,9:23:00 AM,Friday,Weston rd and King,Mechanical,12,24,e/b,1385
2015/01/09,12,9:27:00 AM,Friday,Victoria Park Stn,Mechanical,20,40,w,7829
2015/01/09,32,9:29:00 AM,Friday,Eglinton and Bicknell,Emergency Services,10,20,WB,1594
2015/01/09,196,9:29:00 AM,Friday,Downsview STN,Mechanical,2,4,NB,9428
2015/01/09,35,9:50:00 AM,Friday,Jane and Church e/b.,Utilized Off Route,4,8,n/b,1350
2015/01/09,32,10:03:00 AM,Friday,Eglinton and Jane,Diversion,1,1,EB,1619
2015/01/09,32,10:03:00 AM,Friday,Eglinton and Jane,Investigation,5,10,EB,1635
2015/01/09,39,10:08:00 AM,Friday,Finch & Ravel,Emergency Services,6,12,WB,1134
2015/01/09,29,10:15:00 AM,Friday,Duffrin and Bloor,Mechanical,4,8,sb,9020
2015/01/09,192,10:15:00 AM,Friday,Kipling Stn,Mechanical,10,20,SB,8008
2015/01/09,195,10:15:00 AM,Friday,Jane and Eglinton,Diversion,10,20,s/b,7911
2015/01/09,35,10:20:00 AM,Friday,Jane and Steeles,Diversion,8,16,s/b,1751
2015/01/09,87,10:38:00 AM,Friday,Main Stn.,Utilized Off Route,11,22,w,7818
2015/01/09,165,10:39:00 AM,Friday,Yorkmills Stn,Mechanical,9,16,WB,1213
2015/01/09,196,10:39:00 AM,Friday,Sheppard & Yonge,Utilized Off Route,8,16,WB,8140
2015/01/09,25,10:44:00 AM,Friday,Don Mills and Eglinton,Mechanical,6,12,N,7467
2015/01/09,196,10:49:00 AM,Friday,downsview STN,Mechanical,2,4,NB,9415
2015/01/09,192,10:55:00 AM,Friday,Kipling Station,Mechanical,10,20,,8091
2015/01/09,75,11:01:00 AM,Friday,Sherbourne south of Gerrard,Mechanical,7,14,SB,8136
2015/01/09,199,11:02:00 AM,Friday,Scarborough Town Center,Mechanical,5,10,WB,1133
2015/01/09,25,11:02:00 AM,Friday,Don Mills Stn,Mechanical,6,12,N,7559
2015/01/09,801,11:19:00 AM,Friday,Roywood and Fenside,Utilized Off Route,1,1,wb,8029
2015/01/09,160,11:20:00 AM,Friday,Wilson Stn,Mechanical,25,50,NB,8120
2015/01/09,107,11:25:00 AM,Friday,Downsview STN,Mechanical,8,1,NB,8351
2015/01/09,60,11:25:00 AM,Friday,York U,Mechanical,6,13,W,1333
2015/01/09,196,11:41:00 AM,Friday,Downsview STN,Mechanical,2,4,NB,8143
2015/01/09,16,11:47:00 AM,Friday,Eglington Ave,Investigation,10,20,s,7755
2015/01/09,52,11:55:00 AM,Friday,Weston rd and Lawrence,Investigation,4,11,e,1551
2015/01/09,52,11:55:00 AM,Friday,Weston rd and Lawrence,Investigation,4,11,e,1551
2015/01/09,32,11:55:00 AM,Friday,Pine and Lawrence,Mechanical,7,14,EB,1249
2015/01/09,90,11:56:00 AM,Friday,St Clair West Stn,Utilized Off Route,8,16,NB,8125
2015/01/09,196,11:57:00 AM,Friday,Dowsnview STN,Mechanical,2,4,NB,9429
2015/01/09,72,12:00:00 PM,Friday,Cherry St/Commissioners,Mechanical,10,20,n,7772
2015/01/09,89,12:00:00 PM,Friday,Keele Station,Utilized Off Route,9,18,N/B,1031
2015/01/09,102,12:08:00 PM,Friday,Warden Stn.,Utilized Off Route,15,30,n,7698
2015/01/09,198,12:10:00 PM,Friday,kennedy station,Mechanical,10,20,e,7621
2015/01/09,129,12:14:00 PM,Friday,STC Stn,Mechanical,7,14,n,1105
2015/01/09,191,12:15:00 PM,Friday,Kipling Station,Mechanical,7,15,N,7919
2015/01/09,63,12:15:00 PM,Friday,East Liberty,Utilized Off Route,7,14,S,1022
2015/01/09,54,12:17:00 PM,Friday,Eglinton station,Utilized Off Route,9,18,e,7604
2015/01/09,32,12:19:00 PM,Friday,Trethewey and Brookhaven,Investigation,7,14,EB,1552
2015/01/09,199,12:28:00 PM,Friday,Scarborough Town Center,Mechanical,4,8,WB,1087
2015/01/09,115,12:36:00 PM,Friday,York Mills Stn,Mechanical,20,40,e,8206
2015/01/09,43,12:54:00 PM,Friday,kennedy Station,Mechanical,12,24,NB,7481
2015/01/09,45,1:00:00 PM,Friday,Entire Kipling North Route,General Delay,15,30,b/w,7332
2015/01/09,102,1:05:00 PM,Friday,Ellesmere on Markam Rd.,Mechanical,8,16,n,7706
2015/01/09,42,1:10:00 PM,Friday,McCowan and McNicoll,Diversion,0,0,E,8214
2015/01/09,198,1:17:00 PM,Friday,Kingston & Galloway,Investigation,10,20,E,7639
2015/01/09,96,1:35:00 PM,Friday,wilson stn,Mechanical,30,60,e,7932
2015/01/09,104,1:42:00 PM,Friday,Wilson STN,Mechanical,15,30,NB,8364
2015/01/09,6,1:52:00 PM,Friday,dupont and davenport,Investigation,10,20,n/b,1622
2015/01/09,112,2:00:00 PM,Friday,Entire West Mall Route,General Delay,12,24,b/w,8030
2015/01/09,29,2:00:00 PM,Friday,Dufferin Route,General Delay,30,20,B,
2015/01/09,32,2:00:00 PM,Friday,Eglinton west station,Mechanical,13,26,w/b,1253
2015/01/09,709,2:00:00 PM,Friday,Eglinton West Station,Utilized Off Route,5,10,e/b,1661
2015/01/09,41,2:00:00 PM,Friday,Entire route,General Delay,15,25,b/w,
2015/01/09,773,2:00:00 PM,Friday,Mt. Dennid division,Utilized Off Route,5,10,e/b,1055
2015/01/09,773,2:00:00 PM,Friday,Mt. Dennis division,Utilized Off Route,5,10,e/b,1681
2015/01/09,60,2:02:00 PM,Friday,Signal Hill,Mechanical,13,26,E,1336
2015/01/09,53,2:15:00 PM,Friday,Wilson CIS,General Delay,0,0,0,0
2015/01/09,53,2:17:00 PM,Friday,W/B Steeles and Markham,Mechanical,6,12,W,1755
2015/01/09,131,2:23:00 PM,Friday,STC,Mechanical,0,0,EB,1757
2015/01/09,165,2:30:00 PM,Friday,yorkmills stn to steeles,General Delay,12,24,bw,
2015/01/09,96,2:30:00 PM,Friday,yorkmills stn to humberline,General Delay,24,48,bw,
2015/01/09,88,2:32:00 PM,Friday,St. Clair Station,Late Leaving Garage,15,30,E,8359
2015/01/09,165,2:40:00 PM,Friday,finch at weston,Mechanical,27,67,w,7218
2015/01/09,106,2:40:00 PM,Friday,Downsview STN,Mechanical,10,20,NB,8153
2015/01/09,68,2:46:00 PM,Friday,Warden and Mcpherson,Investigation,1,1,SB,7679
2015/01/09,60,2:48:00 PM,Friday,Finch Station,Late Leaving Garage,11,22,W,7207
2015/01/09,35,2:49:00 PM,Friday,Sheppard/Jane,Late Leaving Garage,10,20,N,9131
2015/01/09,60,2:49:00 PM,Friday,Finch Station,Mechanical,13,26,W,1390
2015/01/09,45,2:50:00 PM,Friday,Kipling/Bloor,Diversion,25,32,b/w,7965
2015/01/09,45,2:54:00 PM,Friday,Kipling station,Mechanical,10,24,N,7348
2015/01/09,14,2:55:00 PM,Friday,Caledonia & Glencairn,Late Leaving Garage,20,40,e/b,1628
2015/01/09,125,2:57:00 PM,Friday,Bathurst and Antibes,Late Leaving Garage,10,20,e,8203
2015/01/09,168,3:00:00 PM,Friday,ENTIRE ROUTE,General Delay,8,15,b/w,
2015/01/09,25,3:00:00 PM,Friday,Graydon Hall,Mechanical,3,6,NB,7450
2015/01/09,84,3:00:00 PM,Friday,Downsview Stn to Sheppard Stn,General Delay,6,12,B/W,
2015/01/09,192,3:00:00 PM,Friday,Entire Airport Rocket,General Delay,12,24,b/w,8086
2015/01/09,120,3:00:00 PM,Friday,Wilson at Dufferin,General Delay,22,44,B/W,
2015/01/09,36,3:00:00 PM,Friday,Humberwood Loop to Finch Station,General Delay,15,12,BW,
2015/01/09,196,3:00:00 PM,Friday,196 Rocket Route,General Delay,21,22,BW,
2015/01/09,32,3:01:00 PM,Friday,Eglinton and Emmitte,Late Leaving Garage,8,16,e/b,1688
2015/01/09,60,3:02:00 PM,Friday,Dufferin Street on Finch,Investigation,11,0,E,1306
2015/01/09,88,3:02:00 PM,Friday,St.Clair Station,Late Leaving Garage,15,30,E,8385
2015/01/09,21,3:03:00 PM,Friday,Brimley & Steeles,Late Leaving Garage,11,22,S/B,7764
2015/01/09,95,3:06:00 PM,Friday,YOCE Scarborough C.I.,Utilized Off Route,8,17,e,1304
2015/01/09,107,3:08:00 PM,Friday,Ian MacDonald & Fine Arts,Mechanical,22,44,NB,9423
2015/01/09,132,3:09:00 PM,Friday,Swells and Brenyon Way,Late Leaving Garage,9,18,w,1133
2015/01/09,5,3:12:00 PM,Friday,Queens park Circle,Late Leaving Garage,16,33,nb,8337
2015/01/09,53,3:13:00 PM,Friday,Markham and Passmore,Mechanical,5,10,W,1300
2015/01/09,70,3:14:00 PM,Friday,East York coll. On Coxwell,Late Leaving Garage,0,4,n,7533
2015/01/09,190,3:18:00 PM,Friday,STC,Late Leaving Garage,5,10,W,7013
2015/01/09,25,3:19:00 PM,Friday,Don Mills and Eglinton,Mechanical,3,6,NB,7521
2015/01/09,95,3:23:00 PM,Friday,Kingston Rd,Late Leaving Garage,9,18,E,1096
2015/01/09,32,3:25:00 PM,Friday,Skymark,Late Leaving Garage,8,16,e/b,1406
2015/01/09,60,3:30:00 PM,Friday,York University Commons,Late Leaving Garage,11,22,E,1284
2015/01/09,801,3:30:00 PM,Friday,Wilson Garage,Utilized Off Route,1,1,S,8391
2015/01/09,129,3:30:00 PM,Friday,Scar Town to Maj Mac,General Delay,15,20,BW,
2015/01/09,801,3:30:00 PM,Friday,Wilson garage,Utilized Off Route,1,1,S,8328
2015/01/09,131,3:32:00 PM,Friday,Kennedy stn,Late Leaving Garage,8,16,WB,1096
2015/01/09,107,3:36:00 PM,Friday,Wilson Yard,Late Leaving Garage,12,1,NB,9438
2015/01/09,95,3:42:00 PM,Friday,U OF T Loop,Late Leaving Garage,12,24,w,7106
2015/01/09,25,3:49:00 PM,Friday,Pape Station,Mechanical,3,6,NB,7523
2015/01/09,20,3:52:00 PM,Friday,Malfunction Suspention,Mechanical,14,28,w,7705
2015/01/09,85,3:53:00 PM,Friday,Sheppard @ Dorris,Investigation,16,32,E,1086
2015/01/09,122,4:00:00 PM,Friday,Graydon Hall route,General Delay,20,30,B,
2015/01/09,199,4:14:00 PM,Friday,Bayview and Finch,Mechanical,4,8,W/B,1087
2015/01/09,89,4:15:00 PM,Friday,Weston rd / Ray,Mechanical,7,14,n,1004
2015/01/09,15,4:19:00 PM,Friday,ROYAL YORK STN,Mechanical,12,24,w/b,7344
2015/01/09,36,4:21:00 PM,Friday,Finch and Sentinel,Investigation,8,12,WB,1702
2015/01/09,85,4:27:00 PM,Friday,Meadowvale Loop,Mechanical,6,12,W,9070
2015/01/09,86,4:29:00 PM,Friday,Kennedy Stn,Mechanical,11,21,E,7496
2015/01/09,122,4:40:00 PM,Friday,York Mills station,Mechanical,16,32,B,8339
2015/01/09,102,4:45:00 PM,Friday,Warden Stn.,Utilized Off Route,11,22,n,7768
2015/01/09,39,5:00:00 PM,Friday,Finch Stn to Morningview and Old Finch,General Delay,20,15,B/W,
2015/01/09,167,5:00:00 PM,Friday,Sheppard Ave. at 404,General Delay,10,20,bw,7791
2015/01/09,199,5:00:00 PM,Friday,Finch Stn to STC,General Delay,20,15,B/W,
2015/01/09,117,5:12:00 PM,Friday,Downsview STN,Investigation,12,24,NB,8208
2015/01/09,105,5:18:00 PM,Friday,Downsview STN,Investigation,10,1,NB,8129
2015/01/09,196,5:24:00 PM,Friday,Downsview STN,Utilized Off Route,2,4,NB,8334
2015/01/09,165,5:25:00 PM,Friday,wilson at clayson,Investigation,13,20,w,7231
2015/01/09,24,5:30:00 PM,Friday,Victoria Park at 401,General Delay,10,20,bw,7711
2015/01/09,190,5:30:00 PM,Friday,STC to Don Mills Stn,General Delay,20,25,E/W,
2015/01/09,85,5:30:00 PM,Friday,Sheppard @ Watertower Gate,Diversion,6,12,W,9078
2015/01/09,85,5:30:00 PM,Friday,Sheppard Stn to Rouge Hill Go,General Delay,15,21,E/W,
2015/01/09,106,5:30:00 PM,Friday,York U Common,Mechanical,10,19,s,9415
2015/01/09,7,5:30:00 PM,Friday,Bathurst and Wilson,Mechanical,8,16,n/b,9034
2015/01/09,108,5:32:00 PM,Friday,Seeley Drive on Sheppard Avenue,Mechanical,14,28,W,1338
2015/01/09,97,5:34:00 PM,Friday,Yonge and Wellington,Diversion,28,58,n,8142
2015/01/09,104,5:45:00 PM,Friday,Downsveiw Station,Mechanical,13,26,N,8302
2015/01/09,73,5:51:00 PM,Friday,Weston and Pellat,Investigation,20,40,n,7975
2015/01/09,196,6:00:00 PM,Friday,the commons to downsview and shepaprd,General Delay,25,20,b/w,
2015/01/09,84,6:00:00 PM,Friday,Sheppard Stn,Mechanical,9,18,W,1207
2015/01/09,139,6:07:00 PM,Friday,Neilson and Crow Trail,Mechanical,20,40,W,1733
2015/01/09,20,6:10:00 PM,Friday,Danforth Rd. at Danforth Ave.,Investigation,14,28,w,7859
2015/01/09,224,6:15:00 PM,Friday,woodbine/Denison,General Delay,20,30,N/B,7671
2015/01/09,64,6:22:00 PM,Friday,LUMSDEN AND MAIN,Investigation,3,6,SB,7747
2015/01/09,44,6:25:00 PM,Friday,Kipling south of Torlake,Diversion,0,0,bw,7319
2015/01/09,42,6:31:00 PM,Friday,Finch Station,Mechanical,24,48,e,8198
2015/01/09,85,6:31:00 PM,Friday,Malvern Gates,Mechanical,1,1,w/b,9070
2015/01/09,36,6:33:00 PM,Friday,Finch and Northfinch,Mechanical,12,25,W,9111
2015/01/09,116,6:33:00 PM,Friday,Kennedy Stn,Investigation,6,12,Op,7465
2015/01/09,103,6:38:00 PM,Friday,Doncliff Loop,Mechanical,20,40,sb,8193
2015/01/09,196,6:40:00 PM,Friday,Downsview Station,Utilized Off Route,2,4,s,8353
2015/01/09,191,6:41:00 PM,Friday,Kipling Staton,Mechanical,5,10,WB,7939
2015/01/09,32,7:03:00 PM,Friday,Eglinton and Martingrove,Mechanical,11,23,w/b,1600
2015/01/09,53,7:05:00 PM,Friday,Finch station,Mechanical,5,10,E,1718
2015/01/09,63,7:28:00 PM,Friday,Eglinton west stn,Investigation,7,13,s,1612
2015/01/09,63,7:35:00 PM,Friday,Clovelly and Oakwood,Mechanical,6,13,s,1586
2015/01/09,123,7:56:00 PM,Friday,Sherway Gardens,Mechanical,25,50,n,7958
2015/01/09,192,8:01:00 PM,Friday,Dundas and Billingham,Mechanical,9,18,s,8008
2015/01/09,84,8:02:00 PM,Friday,Senlac,Mechanical,10,20,W,1383
2015/01/09,95,8:17:00 PM,Friday,U of T loop,Mechanical,14,28,W,1141
2015/01/09,24,8:31:00 PM,Friday,14th and Woodbine Ave,Mechanical,18,36,SB,7803
2015/01/09,104,8:35:00 PM,Friday,Downsveiw Station,Mechanical,1,1,s,8364
2015/01/09,100,8:39:00 PM,Friday,Redpath and Eglinton,Mechanical,5,10,EB,7466
2015/01/09,85,8:43:00 PM,Friday,East Dr @ Wheeling Dr,Mechanical,15,30,E,9095
2015/01/09,196,8:44:00 PM,Friday,downsview Station,Utilized Off Route,3,6,n,8364
2015/01/09,196,8:46:00 PM,Friday,Downsview station,Mechanical,3,6,n,8146
2015/01/09,86,8:55:00 PM,Friday,Kingston and Beechgrove,Mechanical,10,20,SB,7584
2015/01/09,96,9:00:00 PM,Friday,keele and wilson,Mechanical,19,38,e/b,7913
2015/01/09,102,9:16:00 PM,Friday,WARDEN STN,Mechanical,9,18,NB,7861
2015/01/09,54,9:40:00 PM,Friday,Lawrence and Woodcliffe,Mechanical,10,20,SB,7675
2015/01/09,39,10:16:00 PM,Friday,Finch and Baldoon,Late Leaving Garage,6,12,e,1795
2015/01/09,112,11:22:00 PM,Friday,Renforth and Eglinton,Diversion,18,47,n,8013
2015/01/09,108,11:40:00 PM,Friday,downsview station,Mechanical,30,60,w/b,1417
2015/01/09,102,11:49:00 PM,Friday,ST. CLAIR AND ANDREW AVE,Mechanical,16,32,NB,7802
2015/01/09,102,11:49:00 PM,Friday,WARDEN STN,Utilized Off Route,33,66,NB,7785
2015/01/09,113,11:54:00 PM,Friday,VICTORIA PARK AND DANFORTH,Investigation,24,48,NB,7692
2015/01/10,63,12:14:00 AM,Saturday,Eglinton west stn,Mechanical,10,20,n/b,1510
2015/01/10,127,12:29:00 AM,Saturday,Spadina stn,Investigation,20,40,n/b,1014
2015/01/10,88,12:35:00 AM,Saturday,Millwood and Overlea,Mechanical,17,0,W,8215
2015/01/10,46,1:30:00 AM,Saturday,martingrove and 409,Mechanical,20,40,n/b,1326
2015/01/10,95,2:12:00 AM,Saturday,Bellamy and Ellesmere,Investigation,10,20,W/B,1142
2015/01/10,311,3:20:00 AM,Saturday,islington and leduc,Mechanical,15,30,n/b,1230
2015/01/10,41,4:55:00 AM,Saturday,Keele stn.,Late Leaving Garage,1,15,n/b,1057
2015/01/10,32,5:05:00 AM,Saturday,Eglinton station,Late Leaving Garage,23,43,w/b,1546
2015/01/10,134,5:30:00 AM,Saturday,Tapscott and Crowtrail,Late Leaving Garage,7,0,WB,1067
2015/01/10,25,5:45:00 AM,Saturday,Pape Station,Mechanical,15,30,NB,7573
2015/01/10,86,5:50:00 AM,Saturday,Kennedy Station,Mechanical,10,20,eb,7442
2015/01/10,68,6:17:00 AM,Saturday,Warden at Canadian,Mechanical,20,36,NB,7529
2015/01/10,86,6:24:00 AM,Saturday,Meadowvale Loop,Mechanical,10,20,SB,7409
2015/01/10,63,6:26:00 AM,Saturday,Ossington station,Mechanical,8,16,58114,1597
2015/01/10,86,6:26:00 AM,Saturday,Kennedy Station,Mechanical,0,30,eb,7647
2015/01/10,43,6:26:00 AM,Saturday,Kenendy Station,Mechanical,14,29,NB,7433
2015/01/10,39,6:33:00 AM,Saturday,Crow Trail,Late Leaving Garage,7,10,WB,1750
2015/01/10,68,6:34:00 AM,Saturday,Warden Station,Mechanical,16,33,NB,7414
2015/01/10,63,6:35:00 AM,Saturday,Eglinton west station,Mechanical,8,16,s/b,1642
2015/01/10,29,6:35:00 AM,Saturday,Wilson STN,Mechanical,8,15,SB,8211
2015/01/10,38,6:48:00 AM,Saturday,Scarborough Town Center,Mechanical,12,24,EB,1078
2015/01/10,88,6:52:00 AM,Saturday,Wicksteed & Vanderhoof,Emergency Services,40,80,EB,8324
2015/01/10,195,6:58:00 AM,Saturday,Jane and Steeles,Late Leaving Garage,10,20,S,1251
2015/01/10,88,6:59:00 AM,Saturday,Wicksteed & Vanderhoof,Diversion,138,218,BW,
2015/01/10,190,7:00:00 AM,Saturday,Scarborough Town Center,Late Leaving Garage,11,22,WB,1121
2015/01/10,29,7:05:00 AM,Saturday,Wilson STN,Utilized Off Route,8,15,SB,8378
2015/01/10,95,7:20:00 AM,Saturday,Scarborough College Loop,Mechanical,20,40,WB,1115
2015/01/10,191,7:36:00 AM,Saturday,Martin Grove and Steeles,Mechanical,15,30,SB,7939
2015/01/10,73,7:44:00 AM,Saturday,ROYAL YORK STATION,Mechanical,30,60,N,8055
2015/01/10,63,7:46:00 AM,Saturday,Eglinton west station,Mechanical,8,16,n/b,1002
2015/01/10,38,7:48:00 AM,Saturday,Scarborough Town Center,Mechanical,12,24,EB,1106
2015/01/10,89,7:50:00 AM,Saturday,Weston and Wiston,Mechanical,15,30,S/b,1643
2015/01/10,100,7:54:00 AM,Saturday,Broadview and O'Connor,Emergency Services,30,60,NB,7636
2015/01/10,38,8:00:00 AM,Saturday,Scarborough Town Center,Mechanical,12,24,EB,1129
2015/01/10,85,8:02:00 AM,Saturday,Metro Toronto Zoo,Mechanical,8,16,WB,1117
2015/01/10,102,8:03:00 AM,Saturday,WARDEN STN,Late Leaving Garage,10,22,N,7690
2015/01/10,25,8:03:00 AM,Saturday,Pape Station,Mechanical,10,20,NB,7568
2015/01/10,129,8:06:00 AM,Saturday,Scarborough Town Centre,Mechanical,9,18,NB,1289
2015/01/10,25,8:10:00 AM,Saturday,Pape Station,Utilized Off Route,10,20,NB,7632
2015/01/10,42,8:12:00 AM,Saturday,Cummer & Yonge,Mechanical,15,30,E/B,8377
2015/01/10,199,8:20:00 AM,Saturday,Finch Station,Utilized Off Route,8,16,EB,1757
2015/01/10,52,8:20:00 AM,Saturday,Lawrence and Weston,Mechanical,24,48,E/B,1620
2015/01/10,47,8:28:00 AM,Saturday,Caldonia and Eglinton,Mechanical,18,36,n/b,1616
2015/01/10,60,8:37:00 AM,Saturday,Garage,Late Leaving Garage,11,22,,1550
2015/01/10,29,8:47:00 AM,Saturday,Princes Blvd (C Service),Diversion,0,0,NB,
2015/01/10,24,8:55:00 AM,Saturday,STEELES,Late Leaving Garage,10,20,S,7827
2015/01/10,102,8:56:00 AM,Saturday,DYNAMIC,Late Leaving Garage,18,36,S,7739
2015/01/10,32,9:14:00 AM,Saturday,Emmett and Eglinton,Late Leaving Garage,15,29,e/b,1568
2015/01/10,34,9:16:00 AM,Saturday,Eglinton Station,Mechanical,6,12,EB,7618
2015/01/10,71,9:18:00 AM,Saturday,Runnymede and st. clair,Mechanical,24,48,n/b,1515
2015/01/10,25,9:23:00 AM,Saturday,Pape Station,Mechanical,6,11,NB,7654
2015/01/10,32,9:23:00 AM,Saturday,Skymark,Late Leaving Garage,14,24,e/b,1272
2015/01/10,43,9:27:00 AM,Saturday,Passmore and Kenedy,Mechanical,15,6,NB,7566
2015/01/10,67,9:28:00 AM,Saturday,Crosslands and Penworth,Mechanical,15,23,NB,7622
2015/01/10,34,9:30:00 AM,Saturday,Elinton Stn,Mechanical,6,12,EB,7571
2015/01/10,25,9:30:00 AM,Saturday,Don Mills Station,Mechanical,10,20,NB,7540
2015/01/10,165,9:38:00 AM,Saturday,Finch and Weston Rd,Late Leaving Garage,20,40,E,1382
2015/01/10,100,9:40:00 AM,Saturday,Broadview Station,Mechanical,25,35,NB,7469
2015/01/10,32,9:50:00 AM,Saturday,Jane and Wright,Late Leaving Garage,10,20,e/b,1063
2015/01/10,29,9:54:00 AM,Saturday,Dufferin and lawrence,Mechanical,5,10,s,9428
2015/01/10,47,9:55:00 AM,Saturday,Earles court loop,Mechanical,18,36,n/b,1573
2015/01/10,100,10:01:00 AM,Saturday,Eglinton and Yonge St,Mechanical,9,18,EB,7671
2015/01/10,90,10:04:00 AM,Saturday,Wilson Yard,Late Leaving Garage,8,16,NB,8135
2015/01/10,195,10:05:00 AM,Saturday,Jane and Hullmar,Emergency Services,10,18,N,1338
2015/01/10,6,10:15:00 AM,Saturday,Davenport and Bedford,Late Leaving Garage,15,30,S/b,1569
2015/01/10,71,10:17:00 AM,Saturday,Gunns loop,Late Leaving Garage,12,28,s/b,1062
2015/01/10,25,10:25:00 AM,Saturday,1450 Don Mills,Emergency Services,10,20,NB,7478
2015/01/10,59,10:30:00 AM,Saturday,Weston Rd. and King St.,Diversion,308,338,EB,1333
2015/01/10,123,10:45:00 AM,Saturday,BROWNS LINE AND RIMILTON,Investigation,20,40,N,7943
2015/01/10,26,10:53:00 AM,Saturday,Spadina/Dupont,Investigation,24,48,W,8097
2015/01/10,54,10:57:00 AM,Saturday,Eglinton Station,Mechanical,54,18,EB,7546
2015/01/10,25,10:59:00 AM,Saturday,Pape Station,Mechanical,5,11,NB,7657
2015/01/10,42,11:12:00 AM,Saturday,Kennard & Allen,Mechanical,12,24,N/B,8176
2015/01/10,54,11:13:00 AM,Saturday,Eglinton Station,Mechanical,16,32,EB,7650
2015/01/10,130,11:21:00 AM,Saturday,McCowan and Commander,Diversion,8,28,SB,1279
2015/01/10,129,11:22:00 AM,Saturday,Mccowan and Commander,Diversion,8,16,SB,1143
2015/01/10,199,11:24:00 AM,Saturday,McCowan and Commander,Diversion,6,14,s/b,
2015/01/10,32,11:25:00 AM,Saturday,Eglinton West station,Mechanical,10,20,e/b,1007
2015/01/10,134,11:25:00 AM,Saturday,Scarborough Town Centre,Mechanical,8,16,EB,1123
2015/01/10,88,11:30:00 AM,Saturday,wilson Garage,Late Leaving Garage,12,1,e/b,8180
2015/01/10,32,11:34:00 AM,Saturday,Eglinton West station,Mechanical,10,20,w/b,1244
2015/01/10,102,11:45:00 AM,Saturday,Markham Rd/Pandora Cir,Investigation,19,38,s,7852
2015/01/10,35,11:56:00 AM,Saturday,Arrow Rd. Garage,Late Leaving Garage,8,16,N,1804
2015/01/10,38,11:56:00 AM,Saturday,Ellesmere and Neilson,Mechanical,10,20,WB,1720
2015/01/10,106,12:01:00 PM,Saturday,Downsview STN,Mechanical,10,20,NB,8376
2015/01/10,54,12:04:00 PM,Saturday,Lawrence East RT,Mechanical,16,32,EB,7608
2015/01/10,199,12:22:00 PM,Saturday,Scarborough Town Center,Mechanical,8,16,w/b,1093
2015/01/10,116,1:10:00 PM,Saturday,Kennedy Stn.,Mechanical,6,12,N,7417
2015/01/10,11,1:15:00 PM,Saturday,Cleveland St. & Davisville,Investigation,12,24,w/b,8130
2015/01/10,709,1:39:00 PM,Saturday,Royal York & Eglinton,Utilized Off Route,5,10,w/b,1626
2015/01/10,191,1:40:00 PM,Saturday,kipling stn,Utilized Off Route,10,20,n,7906
2015/01/10,46,1:59:00 PM,Saturday,Kipling stn,Utilized Off Route,17,34,n,1365
2015/01/10,29,2:20:00 PM,Saturday,,Mechanical,2,5,s,8345
2015/01/10,29,2:20:00 PM,Saturday,Dufferin and Wingold,Mechanical,2,5,s,8345
2015/01/10,36,2:33:00 PM,Saturday,Humberwood Loop,Mechanical,5,9,E,9105
2015/01/10,134,3:04:00 PM,Saturday,North of Milner and Progress,Diversion,15,30,N,1391
2015/01/10,52,3:25:00 PM,Saturday,Airport and jetliner,Mechanical,17,34,E/B,1641
2015/01/10,57,3:40:00 PM,Saturday,KENNEDY STN,Mechanical,12,24,NB,8113
2015/01/10,199,3:45:00 PM,Saturday,Scarborough Town Center,Mechanical,7,14,w/b,1140
2015/01/10,25,3:50:00 PM,Saturday,Eglinton and DonMills,Mechanical,6,12,SB,7656
2015/01/10,40,4:18:00 PM,Saturday,Dundas west stn,Diversion,16,24,N,7971
2015/01/10,168,4:18:00 PM,Saturday,Dundas west stn,Diversion,16,23,N,8030
2015/01/10,38,4:21:00 PM,Saturday,STC,Mechanical,9,18,E,1103
2015/01/10,709,4:25:00 PM,Saturday,Keele & Eglinton,Utilized Off Route,5,10,e/b,1057
2015/01/10,29,4:25:00 PM,Saturday,Dufferin and St Clair.,Utilized Off Route,3,6,s,8173
2015/01/10,47,4:30:00 PM,Saturday,earlscourt loop,Utilized Off Route,18,36,s,1571
2015/01/10,29,4:35:00 PM,Saturday,Dufferin and St Clair,Utilized Off Route,3,6,n,8362
2015/01/10,42,4:45:00 PM,Saturday,Mcnicoll and Mogul,Mechanical,12,25,w,8211
2015/01/10,74,4:51:00 PM,Saturday,Davisville & Mt Pleasant,Mechanical,30,60,,8216
2015/01/10,52,5:10:00 PM,Saturday,Lawrence and Blackcreek,Mechanical,17,34,w/b,1033
2015/01/10,25,5:13:00 PM,Saturday,DonMills Station,Investigation,6,12,NB,7435
2015/01/10,90,5:18:00 PM,Saturday,St Clair Stn,Utilized Off Route,8,16,,8183
2015/01/10,35,5:20:00 PM,Saturday,Jane and Steeles,Emergency Services,8,16,SB,1545
2015/01/10,54,5:56:00 PM,Saturday,CROCKFORD / LAWRENCE,Mechanical,15,30,EB,7595
2015/01/10,54,5:56:00 PM,Saturday,Crockford / Lawrence,Mechanical,15,30,EB,7595
2015/01/10,70,6:10:00 PM,Saturday,WARDEN STATION,Late Leaving Garage,22,42,WB,7460
2015/01/10,191,6:11:00 PM,Saturday,KPSN,Mechanical,10,20,N,7947
2015/01/10,65,6:13:00 PM,Saturday,Parliament/Oak,Investigation,16,32,n,7729
2015/01/10,25,6:14:00 PM,Saturday,Pape station,Mechanical,6,12,NB,7554
2015/01/10,133,6:57:00 PM,Saturday,Neilson @ McLevin,Mechanical,10,20,N,1146
2015/01/10,7,7:14:00 PM,Saturday,Drewry & Bathurst,Mechanical,8,18,,8333
2015/01/10,133,7:20:00 PM,Saturday,STC,Mechanical,10,20,E,1082
2015/01/10,35,7:20:00 PM,Saturday,Jane & Finch,Mechanical,20,40,N,1346
2015/01/10,39,7:25:00 PM,Saturday,Finch at Middlefield,Utilized Off Route,7,14,E/B,1083
2015/01/10,134,7:35:00 PM,Saturday,W/B Progress and Grangeway,Diversion,16,31,W,1070
2015/01/10,25,7:43:00 PM,Saturday,Don Mills Station,Mechanical,5,10,,7634
2015/01/10,113,8:02:00 PM,Saturday,Kennedy Stn.,Late Leaving Garage,20,40,w,7787
2015/01/10,41,8:15:00 PM,Saturday,Keele st / West Toronto,Mechanical,15,30,n,1592
2015/01/10,98,8:20:00 PM,Saturday,Senlac and Ellerslie,Mechanical,30,60,e,8152
2015/01/10,91,9:03:00 PM,Saturday,Sloan and Eglington,Mechanical,20,40,n,7792
2015/01/10,37,9:15:00 PM,Saturday,Humberwood/Kingswood,Emergency Services,14,24,S,7932
2015/01/10,46,9:20:00 PM,Saturday,Kipling Station,Mechanical,17,34,N,1222
2015/01/10,120,9:20:00 PM,Saturday,calvington and lexfield,Mechanical,30,60,n/b,1316
2015/01/10,47,9:34:00 PM,Saturday,Lansdowne / Queen,Utilized Off Route,21,46,s,1531
2015/01/10,63,9:35:00 PM,Saturday,Ossington stn stn,Utilized Off Route,10,20,s,1508
2015/01/10,47,9:45:00 PM,Saturday,Earsl court loop,Utilized Off Route,20,40,n,1568
2015/01/10,92,9:48:00 PM,Saturday,Main Stn.,Utilized Off Route,12,24,s,7783
2015/01/10,24,9:52:00 PM,Saturday,Sheppard on Vic Park.,Investigation,10,20,n,8127
2015/01/10,25,10:54:00 PM,Saturday,Don Mills and Seneca Hill,Mechanical,10,20,NB,7527
2015/01/10,89,11:25:00 PM,Saturday,Keele / Lloyd,Investigation,15,30,s,1642
2015/01/10,63,11:42:00 PM,Saturday,Ossington stn,Utilized Off Route,10,20,n/b,1580
2015/01/10,94,11:44:00 PM,Saturday,Castle Frank stn,Utilized Off Route,1,1,e/b,1525
2015/01/10,37,11:45:00 PM,Saturday,humberwood,Mechanical,15,30,n/b,1356
2015/01/10,34,11:51:00 PM,Saturday,Eglinton and DVP,Mechanical,14,28,W,7409
2015/01/10,161,11:59:00 PM,Saturday,on Humber blvd from Weston rd to louvain st,Diversion,75,95,e,1015
2015/01/11,40,12:50:00 AM,Sunday,Dundas W stn,Investigation,20,40,n,8071
2015/01/11,72,12:56:00 AM,Sunday,Pape Stn.,Investigation,11,22,s,8100
2015/01/11,72,12:56:00 AM,Sunday,Cherry St.,Investigation,11,22,n,8118
2015/01/11,320,2:05:00 AM,Sunday,steels loop,Mechanical,4,8,n/b,8314
2015/01/11,320,2:50:00 AM,Sunday,steeles,Mechanical,4,8,n/b,7510
2015/01/11,308,4:08:00 AM,Sunday,Finch Station,Mechanical,30,60,EB,1385
2015/01/11,303,4:09:00 AM,Sunday,Broadview & Gerrard,Diversion,70,10,B/W,7525
2015/01/11,300,5:00:00 AM,Sunday,Danforth & Danforth to Terminal 3,General Delay,10,15,B/W,7556
2015/01/11,385,5:05:00 AM,Sunday,Sheppard/Kennedy,Mechanical,30,60,WB,1717
2015/01/11,32,5:13:00 AM,Sunday,Skymark and Commerce,Late Leaving Garage,2,0,e,1549
2015/01/11,63,5:20:00 AM,Sunday,EWST,Mechanical,12,24,s,1016
2015/01/11,47,5:50:00 AM,Sunday,Earlscourt Loop,Late Leaving Garage,5,25,s,1630
2015/01/11,41,6:00:00 AM,Sunday,Founders and Steeles Ave W,Late Leaving Garage,2,22,s,1539
2015/01/11,29,6:37:00 AM,Sunday,Manitoba Dr and Canada Blvd,Diversion,0,0,s,
2015/01/11,12,7:40:00 AM,Sunday,Victoria Park Stn,Late Leaving Garage,15,0,S/b,7737
2015/01/11,39,7:43:00 AM,Sunday,Finch & Baldoon,Late Leaving Garage,10,20,EB,1092
2015/01/11,54,7:45:00 AM,Sunday,Eglinton stn,Mechanical,15,30,eb,7584
2015/01/11,42,8:00:00 AM,Sunday,Kennedy stn,Mechanical,9,9,nb,7427
2015/01/11,12,8:09:00 AM,Sunday,Kingston Rd & Warden,Diversion,133,150,B/W,7686
2015/01/11,123,8:23:00 AM,Sunday,Longbranch Loop,Late Leaving Garage,10,24,,7330
2015/01/11,165,8:34:00 AM,Sunday,yorkmills stn,Mechanical,10,20,w,1348
2015/01/11,52,8:35:00 AM,Sunday,Lawrence Ave W at Caledonia Rd,Investigation,12,25,w,1543
2015/01/11,165,8:40:00 AM,Sunday,Yorkmills stn,Mechanical,10,20,w,1258
2015/01/11,17,8:40:00 AM,Sunday,Warden Stn,Late Leaving Garage,24,48,N,7746
2015/01/11,11,8:40:00 AM,Sunday,Davisville Station,Mechanical,35,70,n,8145
2015/01/11,91,8:55:00 AM,Sunday,Woodbine Stn,Late Leaving Garage,24,48,N/B,7820
2015/01/11,14,9:00:00 AM,Sunday,Glencairn Ave at Caledonia Rd,Late Leaving Garage,20,45,e,1589
2015/01/11,44,9:00:00 AM,Sunday,Col. Sam Smith Loop,Late Leaving Garage,15,15,,7961
2015/01/11,24,9:00:00 AM,Sunday,Birchmount garage,Utilized Off Route,9,18,N/B,7758
2015/01/11,69,9:01:00 AM,Sunday,Kingston Rd & Manderly,Diversion,82,102,B/W,7786
2015/01/11,24,9:12:00 AM,Sunday,Victoria Park & Greylawn,Mechanical,6,12,N/B,7798
2015/01/11,97,9:12:00 AM,Sunday,York Mills Station,Mechanical,30,60,s,8123
2015/01/11,22,9:13:00 AM,Sunday,Cowell Stn,Late Leaving Garage,13,1,S/b,7865
2015/01/11,10,9:15:00 AM,Sunday,Don Mills Station,Mechanical,15,1,e,8369
2015/01/11,123,9:18:00 AM,Sunday,Long Branch  Loop,Late Leaving Garage,20,40,N/B,8021
2015/01/11,36,9:23:00 AM,Sunday,Garage,Late Leaving Garage,6,12,NB,1394
2015/01/11,116,9:34:00 AM,Sunday,Moringside Sheppard,Mechanical,7,15,sb,7624
2015/01/11,54,9:48:00 AM,Sunday,Eglinton Garage,Mechanical,8,16,eb,7510
2015/01/11,165,9:50:00 AM,Sunday,Yorkmills stn,Mechanical,10,20,w,1257
2015/01/11,43,10:03:00 AM,Sunday,MCNICOLL / KENNEDY,Diversion,9,71,NB,7670
2015/01/11,196,10:05:00 AM,Sunday,4400 Dufferin,Investigation,10,20,s,8202
2015/01/11,32,10:05:00 AM,Sunday,Skymark and Commerce,Late Leaving Garage,15,30,e,1204
2015/01/11,43,10:15:00 AM,Sunday,Mcnicoll / Kennedy,Diversion,9,64,SB,7452
2015/01/11,105,10:36:00 AM,Sunday,Dufferin and Steeles,Mechanical,30,60,s,8314
2015/01/11,42,10:45:00 AM,Sunday,McNiccoll and Kennedy,Diversion,1,1,wb,8177
2015/01/11,168,10:46:00 AM,Sunday,Avon Loop,Mechanical,9,16,S,7349
2015/01/11,47,11:14:00 AM,Sunday,Queen St W at Lansdowne Ave,Mechanical,20,40,n,1043
2015/01/11,52,11:25:00 AM,Sunday,Apirport and Orlando,Mechanical,24,48,e/b,1560
2015/01/11,199,11:35:00 AM,Sunday,Scarborough Town Centre,Mechanical,10,20,WB,1811
2015/01/11,82,11:41:00 AM,Sunday,Rosedale Stn,Mechanical,20,40,eb,8215
2015/01/11,85,11:47:00 AM,Sunday,Toronto Zoo,Mechanical,5,10,WB,1754
2015/01/11,47,12:03:00 PM,Sunday,Lansdowne Ave at Queen St W,Late Leaving Garage,18,36,n,1611
2015/01/11,60,12:09:00 PM,Sunday,Finch Stn,Mechanical,11,22,WB,1523
2015/01/11,29,12:15:00 PM,Sunday,Dufferin and Rogers,Mechanical,5,10,s,8176
2015/01/11,37,12:27:00 PM,Sunday,Islington and Rexdale,Mechanical,12,24,SB,1329
2015/01/11,35,12:58:00 PM,Sunday,Jane and Finch N/b,Mechanical,9,18,n/b,7931
2015/01/11,83,1:11:00 PM,Sunday,Queen and Jones,Investigation,24,48,,7692
2015/01/11,24,1:27:00 PM,Sunday,Victoria Park and Steeles,Mechanical,8,16,SB,7756
2015/01/11,129,1:30:00 PM,Sunday,McCowan & Hwy 7,Investigation,46,91,N,1301
2015/01/11,129,1:39:00 PM,Sunday,McCowan & Steeles,Utilized Off Route,9,18,S,1391
2015/01/11,25,2:15:00 PM,Sunday,Don Mills and Gateway,Mechanical,6,12,SB,7403
2015/01/11,199,2:31:00 PM,Sunday,STC,Utilized Off Route,9,18,W,1793
2015/01/11,168,2:44:00 PM,Sunday,Davenport/Symington,Investigation,9,18,N,8059
2015/01/11,7,3:05:00 PM,Sunday,Bathurst and Wilson,Mechanical,8,15,s,8124
2015/01/11,36,3:15:00 PM,Sunday,HWLP,Mechanical,5,10,E,9129
2015/01/11,29,4:20:00 PM,Sunday,Dufferin and Eglinton,Utilized Off Route,3,6,s,8199
2015/01/11,165,4:29:00 PM,Sunday,Wilson and Ridley blvd.,Investigation,10,20,e/b,1395
2015/01/11,5,4:31:00 PM,Sunday,Davisville Stn,Mechanical,12,24,e/b,8324
2015/01/11,52,4:41:00 PM,Sunday,Lawrence west stn,Mechanical,16,32,w/b,1673
2015/01/11,85,4:47:00 PM,Sunday,Don Mills stn,Mechanical,0,0,WB,1742
2015/01/11,85,4:47:00 PM,Sunday,1647,Mechanical,5,10,EB,1123
2015/01/11,25,5:00:00 PM,Sunday,Don Mills and Overlea Blvd.,Mechanical,6,12,NB,7408
2015/01/11,32,5:04:00 PM,Sunday,Eglinton west stn,Mechanical,1,1,w,1039
2015/01/11,41,5:25:00 PM,Sunday,Keele and St Clair,Utilized Off Route,9,19,n/b,1010
2015/01/11,111,5:32:00 PM,Sunday,KIPLING STN,Utilized Off Route,13,26,N,7956
2015/01/11,24,5:33:00 PM,Sunday,Lawrence and Victoria Park,Investigation,8,16,SB,7705
2015/01/11,168,5:34:00 PM,Sunday,Dundas west station,Investigation,9,18,N,7948
2015/01/11,95,6:20:00 PM,Sunday,Don Mills,Mechanical,10,20,WB,1741
2015/01/11,168,6:28:00 PM,Sunday,Avon loop,Utilized Off Route,9,18,s/b,7350
2015/01/11,76,8:21:00 PM,Sunday,Royal York s of Bloor,Investigation,10,20,s/b,8051
2015/01/11,94,8:32:00 PM,Sunday,Wellesley stn,Mechanical,13,26,w,1565
2015/01/11,60,8:35:00 PM,Sunday,yonge and steeles,Investigation,18,36,w/b,1360
2015/01/11,120,9:20:00 PM,Sunday,calvington and lexfield,Mechanical,30,60,n/b,1316
2015/01/11,37,10:15:00 PM,Sunday,islington stn,Mechanical,30,60,w/b,1227
2015/01/11,116,10:27:00 PM,Sunday,Morningside and Cornation,Mechanical,10,20,SB,7435
2015/01/11,43,10:57:00 PM,Sunday,Kennedy and Lawrance,Investigation,15,30,SB,7582
2015/01/11,112,11:47:00 PM,Sunday,s/b Welleworth dr./West Mall,Diversion,30,60,s/b,8069
2015/01/12,52,12:10:00 AM,Monday,Bresler and Airport rd,Emergency Services,30,60,w/b,1676
2015/01/12,32,12:12:00 AM,Monday,eglinton stn,Utilized Off Route,12,24,w/b,1522
2015/01/12,32,12:15:00 AM,Monday,royal york and eglinton,Mechanical,13,26,w/b,1571
2015/01/12,100,12:43:00 AM,Monday,Eglinton Station,Utilized Off Route,11,21,EB,7540
2015/01/12,41,12:57:00 AM,Monday,eglinton and keele,Mechanical,20,40,s/b,9137
2015/01/12,57,1:03:00 AM,Monday,Kennedy Stn,Mechanical,20,40,n,8113
2015/01/12,320,3:50:00 AM,Monday,yonge and yorkmills,Mechanical,4,8,s/b,8179
2015/01/12,85,4:33:00 AM,Monday,Meadowvale  Loop,Late Leaving Garage,30,45,E/B,1068
2015/01/12,102,5:01:00 AM,Monday,warden stn,Utilized Off Route,11,22,N,7882
2015/01/12,25,5:05:00 AM,Monday,Pape Station,Mechanical,3,6,NB,7583
2015/01/12,25,5:18:00 AM,Monday,Eglinton yard,Mechanical,1,1,ob,7616
2015/01/12,54,5:19:00 AM,Monday,Eglinton Yonge,Emergency Services,4,10,wb,7521
2015/01/12,25,5:20:00 AM,Monday,Freshmeadow and Don Mills,Mechanical,4,8,SB,7620
2015/01/12,86,5:21:00 AM,Monday,Manse & Lawerence,Late Leaving Garage,7,,E/b,7490
2015/01/12,47,5:22:00 AM,Monday,Yorkdale,Late Leaving Garage,29,47,s/b,1632
2015/01/12,111,5:25:00 AM,Monday,Eglinton and Martingrove,Late Leaving Garage,20,34,nb,7309
2015/01/12,35,5:30:00 AM,Monday,Jane Stn.,Late Leaving Garage,10,20,N,1261
2015/01/12,41,5:30:00 AM,Monday,Keele & Annette,Mechanical,9,18,s/b,9140
2015/01/12,53,5:30:00 AM,Monday,Morningside and Staines,Mechanical,3,18,w,9097
2015/01/12,35,5:32:00 AM,Monday,Jane and Hullmar,Late Leaving Garage,21,42,N,1574
2015/01/12,47,5:34:00 AM,Monday,Yorkdale,Late Leaving Garage,18,36,s/b,1650
2015/01/12,51,5:41:00 AM,Monday,Wilson Gar.,Late Leaving Garage,12,26,N,8319
2015/01/12,41,5:51:00 AM,Monday,Petrolia & Canarctic,Late Leaving Garage,9,18,s/b,9138
2015/01/12,37,5:53:00 AM,Monday,islington/Finch,Late Leaving Garage,4,15,w,7225
2015/01/12,52,5:53:00 AM,Monday,Lawrence stn,Late Leaving Garage,12,18,w/b,1604
2015/01/12,85,5:55:00 AM,Monday,Don Mills station,Mechanical,15,30,W,1812
2015/01/12,195,6:00:00 AM,Monday,Jane and Sheppard,Utilized Off Route,5,10,s,7224
2015/01/12,96,6:01:00 AM,Monday,Woodbine Downs,Mechanical,14,28,w,1415
2015/01/12,59,6:02:00 AM,Monday,Church and Jane,Late Leaving Garage,13,28,w,1210
2015/01/12,160,6:02:00 AM,Monday,Wilson Garage,Late Leaving Garage,20,40,,8369
2015/01/12,32,6:03:00 AM,Monday,Wright and Jane,Late Leaving Garage,5,10,w/b,1637
2015/01/12,90,6:04:00 AM,Monday,Wilson Garage,Late Leaving Garage,9,17,,8341
2015/01/12,95,6:08:00 AM,Monday,Ellesmere RT,Late Leaving Garage,7,14,WB,8321
2015/01/12,95,6:08:00 AM,Monday,Ellesmere R.T. Station,Mechanical,7,14,w,8380
2015/01/12,85,6:09:00 AM,Monday,Meadowvale loop,Late Leaving Garage,6,11,W,9094
2015/01/12,199,6:09:00 AM,Monday,Scarborough Town Centre,Late Leaving Garage,2,5,WB,1136
2015/01/12,96,6:15:00 AM,Monday,Woodbine Downs,Late Leaving Garage,14,28,E,7245
2015/01/12,41,6:15:00 AM,Monday,Commens,Mechanical,17,34,s/b,1057
2015/01/12,86,6:15:00 AM,Monday,Kennedy Stn,Late Leaving Garage,6,10,E/B,7441
2015/01/12,74,6:15:00 AM,Monday,Mt Pleasant Loop,Mechanical,30,45,,8190
2015/01/12,34,6:17:00 AM,Monday,Kennedy Station,Mechanical,4,8,WB,7515
2015/01/12,88,6:20:00 AM,Monday,Avenue Rd & Wilson,Utilized Off Route,10,20,,8121
2015/01/12,199,6:25:00 AM,Monday,Scarborough Town Centre,Utilized Off Route,3,6,WB,1742
2015/01/12,25,6:25:00 AM,Monday,Pape station,Mechanical,3,6,NB,7408
2015/01/12,29,6:28:00 AM,Monday,Dufferin and Bloor,Late Leaving Garage,4,7,NB,9016
2015/01/12,120,6:30:00 AM,Monday,Arrow garage,Investigation,30,60,w,1416
2015/01/12,199,6:31:00 AM,Monday,Finch station,Late Leaving Garage,3,6,EB,1115
2015/01/12,54,6:32:00 AM,Monday,Eglinton stn,Mechanical,5,11,eb,7586
2015/01/12,25,6:34:00 AM,Monday,Freshmeadow and Don Mills,Mechanical,3,6,SB,7601
2015/01/12,191,6:35:00 AM,Monday,Kipling Stn,Late Leaving Garage,5,10,N,7914
2015/01/12,190,6:35:00 AM,Monday,Scarborough Town Centre,Mechanical,9,0,W,1784
2015/01/12,75,6:35:00 AM,Monday,Wilson Garage,Late Leaving Garage,8,11,,9413
2015/01/12,199,6:36:00 AM,Monday,Scarborough Town Centre,Late Leaving Garage,3,6,WB,1131
2015/01/12,224,6:39:00 AM,Monday,Don Mills Station,Mechanical,10,20,EB,7490
2015/01/12,39,6:40:00 AM,Monday,Seneca College,Late Leaving Garage,7,15,WB,1719
2015/01/12,161,6:40:00 AM,Monday,Jane and Aliance,Mechanical,10,20,e/b,1602
2015/01/12,61,6:42:00 AM,Monday,Bombay loop,Mechanical,10,20,s/b,9441
2015/01/12,36,6:43:00 AM,Monday,Finch STn,Mechanical,22,47,W,9125
2015/01/12,36,6:46:00 AM,Monday,Finch Stn,Mechanical,5,10,W,9108
2015/01/12,36,6:46:00 AM,Monday,Finch Stn,Late Leaving Garage,5,10,W,9108
2015/01/12,96,6:47:00 AM,Monday,Carrier loop,Mechanical,25,50,e,1381
2015/01/12,191,6:50:00 AM,Monday,Martingrove Loop,Mechanical,4,9,S,7932
2015/01/12,165,6:54:00 AM,Monday,Finch/Weston,Mechanical,5,10,w,7221
2015/01/12,224,6:54:00 AM,Monday,Don Mills Station,Mechanical,10,20,EB,7470
2015/01/12,60,6:54:00 AM,Monday,Oakdale and Finch,Mechanical,8,16,EB,1802
2015/01/12,96,6:57:00 AM,Monday,Woodbine downs,Late Leaving Garage,14,28,w,7246
2015/01/12,108,6:58:00 AM,Monday,downsview Stn.,Late Leaving Garage,13,26,W,1343
2015/01/12,42,7:00:00 AM,Monday,Victoria Park and McNicoll,Late Leaving Garage,11,21,E,8336
2015/01/12,196,7:01:00 AM,Monday,York University Commons,Mechanical,2,6,s,8200
2015/01/12,51,7:13:00 AM,Monday,Eglinton stn,Late Leaving Garage,14,27,n/b,9420
2015/01/12,143,7:20:00 AM,Monday,Neville Loop,Late Leaving Garage,20,40,W/B,7813
2015/01/12,131,7:20:00 AM,Monday,Kennedy Station,Mechanical,8,16,EB,1112
2015/01/12,196,7:27:00 AM,Monday,York University Commons,Utilized Off Route,4,6,s,8362
2015/01/12,29,7:29:00 AM,Monday,Dufferin and Bloor,Utilized Off Route,4,7,NB,9045
2015/01/12,129,7:29:00 AM,Monday,Steeles/McCowan,Late Leaving Garage,2,4,SB,1369
2015/01/12,39,7:30:00 AM,Monday,Finch station to Neilson & Crow Trail,General Delay,9,12,B/W,1755
2015/01/12,199,7:30:00 AM,Monday,Finch station to Scarborough Town Centre,General Delay,9,14,B/W,1129
2015/01/12,111,7:30:00 AM,Monday,Richgrove and Willowridge,Investigation,10,20,,7300
2015/01/12,111,7:30:00 AM,Monday,All Locations Effected,General Delay,8,15,S/B,7317
2015/01/12,196,7:31:00 AM,Monday,Downsview Stn,Mechanical,4,6,w,8320
2015/01/12,709,7:32:00 AM,Monday,Eglinton west station,Utilized Off Route,5,10,e/b,1586
2015/01/12,46,7:35:00 AM,Monday,Martingrove/Rexdale,Mechanical,11,21,S,1267
2015/01/12,709,7:37:00 AM,Monday,eglinton west station,Utilized Off Route,5,10,e/b,1570
2015/01/12,191,7:41:00 AM,Monday,Martingrove Loop,Mechanical,5,10,S,7929
2015/01/12,63,7:45:00 AM,Monday,King st,Utilized Off Route,4,8,n,1508
2015/01/12,6,7:45:00 AM,Monday,Davenport rd,Utilized Off Route,8,16,s,1555
2015/01/12,100,7:47:00 AM,Monday,Concord Place,Mechanical,4,8,NB,7638
2015/01/12,53,7:48:00 AM,Monday,Steeles and Woodbine,Mechanical,4,9,w,7128
2015/01/12,5,8:00:00 AM,Monday,Eglinton stn to Elm ave,General Delay,15,35,b/w,
2015/01/12,95,8:00:00 AM,Monday,Kingston rd to York Mills stn,General Delay,1,1,BW,
2015/01/12,57,8:00:00 AM,Monday,Midland  Route,General Delay,12,0,B/W,
2015/01/12,168,8:00:00 AM,Monday,Rogers rd,General Delay,0,0,n,
2015/01/12,86,8:00:00 AM,Monday,86 Scarbourogh Route,General Delay,34,48,B/W,
2015/01/12,116,8:00:00 AM,Monday,116 MorningSide Route,General Delay,12,24,B/W,
2015/01/12,133,8:02:00 AM,Monday,Neilson/Sheppard,Investigation,9,18,EB,1120
2015/01/12,92,8:05:00 AM,Monday,Ashbridges Bay Loop,Utilized Off Route,12,24,N/b,7755
2015/01/12,195,8:14:00 AM,Monday,Jane and Eglinton,Mechanical,10,20,s,1329
2015/01/12,53,8:15:00 AM,Monday,Finch Station to Morningside and Staines,General Delay,17,10,bw,
2015/01/12,56,8:18:00 AM,Monday,Eglinton and Brentcliffe,Mechanical,23,47,s/b,8124
2015/01/12,111,8:25:00 AM,Monday,"Valhalla, E.Mall",Mechanical,10,20,S/B,7317
2015/01/12,133,8:30:00 AM,Monday,Scarborough Town Center,Mechanical,10,20,EB,1752
2015/01/12,102,8:30:00 AM,Monday,Markham route,General Delay,15,0,B/W,
2015/01/12,72,8:30:00 AM,Monday,Pape Rte,General Delay,10,0,B/W,
2015/01/12,95,8:39:00 AM,Monday,York Mills stn,Mechanical,9,18,EB,1300
2015/01/12,91,8:45:00 AM,Monday,Woodbine '91C' Route,General Delay,11,0,S,
2015/01/12,11,8:46:00 AM,Monday,Davisville stn,Utilized Off Route,12,24,e/b,8165
2015/01/12,54,8:55:00 AM,Monday,Lawrence Don Mills,Mechanical,6,12,wb,7504
2015/01/12,196,9:05:00 AM,Monday,Downsview Station,Utilized Off Route,6,12,e,8171
2015/01/12,89,9:08:00 AM,Monday,Keele and Dundas,Investigation,9,18,s/b,1526
2015/01/12,192,9:15:00 AM,Monday,Kipling station,Mechanical,10,20,nb,8089
2015/01/12,72,9:29:00 AM,Monday,Riverdale & Pape,Mechanical,10,20,N/b,7776
2015/01/12,60,9:35:00 AM,Monday,York U,Mechanical,7,14,EB,1311
2015/01/12,79,9:46:00 AM,Monday,Runnymede stn,Utilized Off Route,1,1,n/b,1002
2015/01/12,29,9:50:00 AM,Monday,Dufferin and Queen,Utilized Off Route,1,1,NB,9051
2015/01/12,29,9:50:00 AM,Monday,Dufferin and Orfus,Mechanical,4,8,NB,9020
2015/01/12,16,9:51:00 AM,Monday,Mimico and Lakeshore,Mechanical,9,18,n,8036
2015/01/12,63,9:55:00 AM,Monday,Rogers & Old Weston rd,Utilized Off Route,1,1,n/b,1562
2015/01/12,89,9:56:00 AM,Monday,Weston Road and Ray,Investigation,9,18,n/b,1544
2015/01/12,106,9:58:00 AM,Monday,Downsview Stn,Mechanical,10,20,w,9419
2015/01/12,196,10:04:00 AM,Monday,Downsview Stn,Mechanical,2,4,w,9424
2015/01/12,709,10:14:00 AM,Monday,Eglinton west station,Utilized Off Route,5,10,e/b,1025
2015/01/12,89,10:16:00 AM,Monday,Albion and Weston Road,Mechanical,9,18,s/b,1287
2015/01/12,32,10:27:00 AM,Monday,Eglinton and Oldforesthill,Investigation,13,26,w/b,1622
2015/01/12,196,10:37:00 AM,Monday,Downsview Stn,Mechanical,2,4,n,9409
2015/01/12,192,10:45:00 AM,Monday,Kipling station,Mechanical,10,20,nb,8003
2015/01/12,196,10:47:00 AM,Monday,Downsview Stn,Mechanical,2,4,n,8141
2015/01/12,29,10:47:00 AM,Monday,Downsview Stn,Mechanical,2,4,n,8141
2015/01/12,52,10:50:00 AM,Monday,Golfwood hts & Dixon,Mechanical,15,30,w/b,1407
2015/01/12,168,11:00:00 AM,Monday,Route 168 Symington,General Delay,1,1,b/w,
2015/01/12,86,11:08:00 AM,Monday,CollinsGrove Road,Mechanical,10,20,E/B,7446
2015/01/12,102,11:08:00 AM,Monday,Warden stn,Utilized Off Route,15,30,N/B,7706
2015/01/12,35,11:56:00 AM,Monday,Jane and Firgrove,Mechanical,10,20,S,1356
2015/01/12,67,12:20:00 PM,Monday,ELLESMERE / PHARMACY,Mechanical,12,24,SB,7634
2015/01/12,196,12:40:00 PM,Monday,Dufferin and Finch,Mechanical,2,4,n,9429
2015/01/12,95,1:02:00 PM,Monday,Kingston Loop,Mechanical,15,30,WB,1721
2015/01/12,196,1:13:00 PM,Monday,Downsview Stn,Mechanical,2,4,n,9431
2015/01/12,196,1:15:00 PM,Monday,Downsview Stn,Utilized Off Route,4,8,n,8165
2015/01/12,42,1:23:00 PM,Monday,Finch Station,Mechanical,12,24,E,8187
2015/01/12,106,1:40:00 PM,Monday,Downsview Stn,Utilized Off Route,10,20,n,8146
2015/01/12,29,2:00:00 PM,Monday,Dufferin route,General Delay,5,10,B,
2015/01/12,41,2:00:00 PM,Monday,Keele and Rogers and York University,General Delay,10,17,B/W,
2015/01/12,191,2:15:00 PM,Monday,SLPM,Late Leaving Garage,4,12,S,7920
2015/01/12,9,2:30:00 PM,Monday,WARDEN STN,Late Leaving Garage,15,30,NB,7860
2015/01/12,85,2:32:00 PM,Monday,Don Mills stn,Late Leaving Garage,16,32,WB,1121
2015/01/12,191,2:39:00 PM,Monday,MGRC,Late Leaving Garage,1,7,S,7902
2015/01/12,36,2:40:00 PM,Monday,FSTN,Late Leaving Garage,12,25,W,9125
2015/01/12,26,2:42:00 PM,Monday,Garage / Jane stn,Late Leaving Garage,14,28,n,7968
2015/01/12,106,2:45:00 PM,Monday,Pond and Serntinel,Emergency Services,8,17,w,9421
2015/01/12,36,2:50:00 PM,Monday,FSTN,Late Leaving Garage,12,25,W,9117
2015/01/12,107,2:55:00 PM,Monday,Dufferin n of Finch,Mechanical,22,44,w,9420
2015/01/12,190,2:56:00 PM,Monday,Don Mills stn,Late Leaving Garage,4,8,WB,1138
2015/01/12,96,2:57:00 PM,Monday,Humberline/Albion,Mechanical,18,36,w,7931
2015/01/12,15,2:57:00 PM,Monday,Sherway Gardens,Late Leaving Garage,5,12,s/b,8043
2015/01/12,111,3:00:00 PM,Monday,Route 11 East Mall,General Delay,1,1,b/w,
2015/01/12,116,3:03:00 PM,Monday,Morningside & Lawrence,Mechanical,9,10,N,7516
2015/01/12,59,3:05:00 PM,Monday,Lawrence W.Stn,Late Leaving Garage,13,26,w/b,1354
2015/01/12,60,3:05:00 PM,Monday,Signal Hill and Steeles,Mechanical,8,16,E,1381
2015/01/12,60,3:08:00 PM,Monday,York U / Commons ( First Bus),Late Leaving Garage,11,1,E,1534
2015/01/12,165,3:08:00 PM,Monday,Yorkmills station,Late Leaving Garage,5,10,w,1342
2015/01/12,106,3:09:00 PM,Monday,Downsview stn,Mechanical,8,17,n,9419
2015/01/12,35,3:10:00 PM,Monday,Jane stn,Late Leaving Garage,5,10,n/b,1538
2015/01/12,5,3:12:00 PM,Monday,Queen's Park,Late Leaving Garage,16,32,n/b,8369
2015/01/12,95,3:13:00 PM,Monday,Ellesmere RT,Late Leaving Garage,9,18,WB,1116
2015/01/12,105,3:16:00 PM,Monday,Downsview Stn,Mechanical,12,24,w,9423
2015/01/12,104,3:20:00 PM,Monday,Allen Rd and Kennard,Diversion,170,182,n,8209
2015/01/12,122,3:20:00 PM,Monday,York Mills Station,Mechanical,16,32,E,8201
2015/01/12,16,3:22:00 PM,Monday,CARSLAKE AND DANFORTH AVE,Emergency Services,10,20,NB,7836
2015/01/12,53,3:25:00 PM,Monday,Morningside & Staines,Late Leaving Garage,12,28,W,9076
2015/01/12,84,3:27:00 PM,Monday,Downsview Station,Mechanical,8,16,E,1247
2015/01/12,53,3:29:00 PM,Monday,Passmore & Markham,Late Leaving Garage,17,30,W,9102
2015/01/12,36,3:30:00 PM,Monday,FSTN,Mechanical,6,14,W,9123
2015/01/12,96,3:30:00 PM,Monday,Jullian/Wilson,Mechanical,18,36,w,7236
2015/01/12,60,3:36:00 PM,Monday,Finch Station,Late Leaving Garage,8,16,W,1576
2015/01/12,39,3:38:00 PM,Monday,Baldoon and Finch ave,Mechanical,10,20,EB,1112
2015/01/12,54,3:45:00 PM,Monday,Eglinton station,Mechanical,10,20,e,7458
2015/01/12,108,3:45:00 PM,Monday,Stong and Driftwood,Mechanical,7,14,S,1519
2015/01/12,196,3:46:00 PM,Monday,Downsview Stn,Mechanical,2,4,n,8304
2015/01/12,24,3:50:00 PM,Monday,STEELES,Mechanical,7,14,S,7722
2015/01/12,45,3:53:00 PM,Monday,KIPLING STN,Mechanical,10,20,N,7321
2015/01/12,59,3:57:00 PM,Monday,Lawrence W.Stn,Late Leaving Garage,13,26,w/b,1299
2015/01/12,43,4:00:00 PM,Monday,43 Kennedy Route,General Delay,13,20,,
2015/01/12,21,4:00:00 PM,Monday,Kennedy stn,Mechanical,11,22,N,7711
2015/01/12,129,4:06:00 PM,Monday,Triton and McCowan Rd,Investigation,17,34,n,1400
2015/01/12,52,4:07:00 PM,Monday,Lawrence w & Brookhaven,Investigation,5,10,W,1679
2015/01/12,36,4:08:00 PM,Monday,Tangers Road,Mechanical,13,25,E,9109
2015/01/12,32,4:10:00 PM,Monday,Emmitt and Vega,Investigation,8,16,EB,1532
2015/01/12,42,4:13:00 PM,Monday,Finch Stn.,Mechanical,12,23,w,8304
2015/01/12,10,4:15:00 PM,Monday,Don Mills Stn,Mechanical,15,30,w,9403
2015/01/12,43,4:16:00 PM,Monday,Kennedy and Antrim,Diversion,32,38,,
2015/01/12,86,4:32:00 PM,Monday,Kennedy Stn,Investigation,1,1,E,7437
2015/01/12,165,4:42:00 PM,Monday,Wilsdon Station,Mechanical,5,10,w,7250
2015/01/12,35,4:45:00 PM,Monday,Jane stn.,Mechanical,5,10,n/b,1211
2015/01/12,24,4:50:00 PM,Monday,VP / GREYLAWN,Mechanical,7,14,N,7692
2015/01/12,24,5:00:00 PM,Monday,VICTORIA PARK ROUTE,General Delay,5,0,BW,
2015/01/12,108,5:02:00 PM,Monday,Downsview Station,Mechanical,8,16,W,1267
2015/01/12,196,5:16:00 PM,Monday,Downsview Stn,Mechanical,2,4,n,9424
2015/01/12,42,5:16:00 PM,Monday,Kennedy Loop,Mechanical,23,47,w,8178
2015/01/12,87,5:42:00 PM,Monday,Cosburn and Greenwood,Mechanical,6,12,EB,8118
2015/01/12,60,5:46:00 PM,Monday,Signal Hill and Steeles Ave West,Mechanical,7,14,E,1210
2015/01/12,34,6:13:00 PM,Monday,Eglinton and Leslie,Diversion,7,14,,
2015/01/12,60,6:15:00 PM,Monday,Steeles and Signet,Utilized Off Route,7,14,W,1247
2015/01/12,100,6:17:00 PM,Monday,Eglinton/ Leslie,Diversion,18,36,N/B,7625
2015/01/12,74,6:41:00 PM,Monday,Mount Pleasant Loop,Mechanical,19,37,nb,8333
2015/01/12,133,6:48:00 PM,Monday,STC,Mechanical,7,16,n,1759
2015/01/12,43,6:55:00 PM,Monday,Kennedy and Antrim,Mechanical,9,18,nb,7678
2015/01/12,95,7:15:00 PM,Monday,Ellesmere and Dolly Varden,Mechanical,14,28,w,1144
2015/01/12,109,7:19:00 PM,Monday,Bathurst and Neptune,Mechanical,12,24,sb,9419
2015/01/12,34,7:23:00 PM,Monday,Eglinton and Warden,Investigation,7,14,EB,7564
2015/01/12,40,7:33:00 PM,Monday,RUNNY LOOP,Mechanical,10,20,sb,7330
2015/01/12,108,7:50:00 PM,Monday,Downsview Station,Mechanical,11,22,W,1368
2015/01/12,41,7:52:00 PM,Monday,Keele and Dundas,Diversion,48,60,S/B,
2015/01/12,89,7:52:00 PM,Monday,Keele and Dundas,Diversion,60,69,S/B,
2015/01/12,40,7:55:00 PM,Monday,DUNDAS KEEL:E,Diversion,35,40,E,6549
2015/01/12,102,8:00:00 PM,Monday,GREENCREST AND MARKHAM,Diversion,17,26,NB,7845
2015/01/12,190,8:15:00 PM,Monday,Sheppard at Kennedy,Mechanical,8,16,W/B,1768
2015/01/12,32,8:41:00 PM,Monday,spadina and eglinton,Investigation,9,18,w/b,1015
2015/01/12,107,8:49:00 PM,Monday,Steeles and Keele,Diversion,10,20,s,8207
2015/01/12,47,9:00:00 PM,Monday,entire route,General Delay,20,60,b/w,
2015/01/12,36,9:35:00 PM,Monday,humberwood loop,Late Leaving Garage,7,14,e/b,1377
2015/01/12,196,9:37:00 PM,Monday,Downsview Station,Mechanical,3,6,n,8198
2015/01/12,36,9:40:00 PM,Monday,finch and martingrove,Investigation,7,14,e/b,1714
2015/01/12,47,9:49:00 PM,Monday,norman and caledonia,Investigation,20,40,n/b,1539
2015/01/12,25,10:03:00 PM,Monday,DonMills Station,Mechanical,9,19,NB,7594
2015/01/12,47,10:45:00 PM,Monday,norman and caledonia,Investigation,20,40,n/b,1556
2015/01/12,39,11:00:00 PM,Monday,Finch and Markham Rd,Mechanical,6,12,w,1750
2015/01/13,1,12:00:00 AM,Tuesday,Eglinton station,Mechanical,6,12,n,1143
2015/01/13,100,12:43:00 AM,Tuesday,Eglinton Station,Utilized Off Route,11,21,EB,7540
2015/01/13,35,12:55:00 AM,Tuesday,peter kiaser and steels,Mechanical,13,26,n/b,1222
2015/01/13,165,1:00:00 AM,Tuesday,wilsonstn,Mechanical,26,42,e/b,1360
2015/01/13,199,3:10:00 AM,Tuesday,Finch Station,Late Leaving Garage,4,8,E,1093
2015/01/13,385,3:28:00 AM,Tuesday,Sheppard at Brimley,Mechanical,30,60,W/B,1730
2015/01/13,37,4:15:00 AM,Tuesday,lakeshore,Late Leaving Garage,20,40,s/b,1332
2015/01/13,41,4:58:00 AM,Tuesday,Petrolia and canartic,Late Leaving Garage,12,24,s/b,9141
2015/01/13,320,5:10:00 AM,Tuesday,EGL YARD,Late Leaving Garage,1,1,e,7572
2015/01/13,35,5:11:00 AM,Tuesday,Jane and Hullmar,Late Leaving Garage,21,31,n,1267
2015/01/13,36,5:13:00 AM,Tuesday,Finch/Arrow,Late Leaving Garage,8,18,E,9128
2015/01/13,96,5:15:00 AM,Tuesday,Humber College Blvd.,Mechanical,10,20,E,7241
2015/01/13,29,5:22:00 AM,Tuesday,Wilson Stn,Late Leaving Garage,8,15,SB,9013
2015/01/13,107,5:33:00 AM,Tuesday,Wilson Garage,Late Leaving Garage,19,36,N,9414
2015/01/13,51,5:40:00 AM,Tuesday,Leslie & Finch,Diversion,523,548,B/W,8194
2015/01/13,25,5:45:00 AM,Tuesday,Pape and Danforth,Mechanical,0,0,,7583
2015/01/13,35,5:45:00 AM,Tuesday,Jane Stn.,Late Leaving Garage,10,20,N,1241
2015/01/13,50,5:47:00 AM,Tuesday,Mill Road loop,Late Leaving Garage,15,35,,8069
2015/01/13,35,5:50:00 AM,Tuesday,Jane Stn.,Utilized Off Route,10,20,N,1299
2015/01/13,25,5:50:00 AM,Tuesday,Don Mills and Eglinton,Mechanical,3,6,SB,7553
2015/01/13,61,5:52:00 AM,Tuesday,Bombay loop,Late Leaving Garage,11,22,s/b,9435
2015/01/13,84,5:53:00 AM,Tuesday,Weston and Bradstock,Mechanical,10,33,e,1385
2015/01/13,60,5:58:00 AM,Tuesday,SIGT,Late Leaving Garage,10,16,E,1303
2015/01/13,64,5:58:00 AM,Tuesday,Eastdale & Goodwood Pk,Mechanical,8,16,S/B,7822
2015/01/13,96,6:00:00 AM,Tuesday,Finch,Mechanical,11,40,E,7249
2015/01/13,59,6:02:00 AM,Tuesday,Church and Jane,Late Leaving Garage,13,28,W,1251
2015/01/13,47,6:05:00 AM,Tuesday,Caledonia and Lawrence,Mechanical,9,18,s,1662
2015/01/13,54,6:05:00 AM,Tuesday,Eglinton stn,Mechanical,5,9,eb,7430
2015/01/13,81,6:05:00 AM,Tuesday,65 Thorncliffe Dr,Late Leaving Garage,4,8,S/B,7834
2015/01/13,76,6:06:00 AM,Tuesday,Royal York stn,Mechanical,5,8,s,8086
2015/01/13,86,6:06:00 AM,Tuesday,egl yard,Late Leaving Garage,1,1,e,7619
2015/01/13,60,6:07:00 AM,Tuesday,Sigt,Late Leaving Garage,2,12,E,1311
2015/01/13,90,6:08:00 AM,Tuesday,Wilson Garage,Mechanical,4,8,,8126
2015/01/13,124,6:10:00 AM,Tuesday,Lawrence Station,Late Leaving Garage,12,24,E,8174
2015/01/13,73,6:10:00 AM,Tuesday,Garage / Royal York stn,Late Leaving Garage,15,30,w,8054
2015/01/13,161,6:10:00 AM,Tuesday,Rogers and Boon,Mechanical,10,20,n/b,1240
2015/01/13,191,6:11:00 AM,Tuesday,Royalcrest/Hwy 27,Late Leaving Garage,3,8,S,7919
2015/01/13,32,6:11:00 AM,Tuesday,Eglinton and HWY 24,Mechanical,6,11,e/b,1581
2015/01/13,31,6:12:00 AM,Tuesday,Greenwood at Queen,Mechanical,15,30,n,7831
2015/01/13,43,6:12:00 AM,Tuesday,egl yard,Late Leaving Garage,1,1,e,7510
2015/01/13,86,6:13:00 AM,Tuesday,Manse and lawrence,Late Leaving Garage,10,20,e,7555
2015/01/13,25,6:14:00 AM,Tuesday,Pape Statopm,Mechanical,3,6,NB,7608
2015/01/13,60,6:15:00 AM,Tuesday,Finch Stn.,Late Leaving Garage,10,25,w,7938
2015/01/13,116,6:17:00 AM,Tuesday,eg yard,Late Leaving Garage,1,1,e,7567
2015/01/13,73,6:18:00 AM,Tuesday,Royal York and Royal Leigh,Mechanical,15,30,n,8024
2015/01/13,39,6:18:00 AM,Tuesday,Finch station,Late Leaving Garage,4,7,EB,9446
2015/01/13,29,6:20:00 AM,Tuesday,Princes Gates,Late Leaving Garage,7,11,NB,9032
2015/01/13,60,6:23:00 AM,Tuesday,FSTN,Late Leaving Garage,7,14,W,1343
2015/01/13,106,6:25:00 AM,Tuesday,Downsview Stn,Utilized Off Route,7,14,S,9424
2015/01/13,199,6:28:00 AM,Tuesday,Scarborough Town Centre,Late Leaving Garage,3,5,WB,1719
2015/01/13,32,6:28:00 AM,Tuesday,Pine and Lawrence,Mechanical,5,10,e/b,1046
2015/01/13,6,6:29:00 AM,Tuesday,bedford,Late Leaving Garage,8,16,s,1590
2015/01/13,66,6:29:00 AM,Tuesday,Prince Edward and Glendenan,Mechanical,15,30,s,8059
2015/01/13,60,6:30:00 AM,Tuesday,COMMOMS,Late Leaving Garage,7,14,E,1342
2015/01/13,32,6:31:00 AM,Tuesday,Skymark,Late Leaving Garage,5,10,e/b,1575
2015/01/13,190,6:34:00 AM,Tuesday,Scarborough Town Centre,Late Leaving Garage,7,16,W,1351
2015/01/13,89,6:35:00 AM,Tuesday,Albion Road and Weston Road,Late Leaving Garage,0,0,s/b,1030
2015/01/13,50,6:35:00 AM,Tuesday,Islington Station,Mechanical,10,20,,8069
2015/01/13,89,6:35:00 AM,Tuesday,Albion road,Late Leaving Garage,1,1,s/b,1030
2015/01/13,68,6:36:00 AM,Tuesday,Warden stn,Mechanical,5,10,nb,7508
2015/01/13,92,6:36:00 AM,Tuesday,Woodbine Stn,Late Leaving Garage,9,18,S/B,7838
2015/01/13,51,6:38:00 AM,Tuesday,Wilson Garage,Late Leaving Garage,14,28,N,8179
2015/01/13,199,6:39:00 AM,Tuesday,Scarborough Town Centre,Late Leaving Garage,3,5,WB,1074
2015/01/13,76,6:39:00 AM,Tuesday,Royal York stn,Mechanical,3,9,s,7958
2015/01/13,43,6:40:00 AM,Tuesday,Kennedy Station,Mechanical,10,20,e,7439
2015/01/13,98,6:40:00 AM,Tuesday,Sheppard Station,Late Leaving Garage,15,30,W,8148
2015/01/13,26,6:41:00 AM,Tuesday,Garage / St George,Late Leaving Garage,15,30,w,8038
2015/01/13,54,6:41:00 AM,Tuesday,Eglinton stn,Mechanical,5,9,eb,7568
2015/01/13,49,6:41:00 AM,Tuesday,Kipling station,Mechanical,8,19,wb,8027
2015/01/13,54,6:45:00 AM,Tuesday,Eglinton stn,Mechanical,4,9,eb,7662
2015/01/13,107,6:45:00 AM,Tuesday,Keele & Bowes,Diversion,80,88,NB,
2015/01/13,45,6:46:00 AM,Tuesday,Steeles Loop,Mechanical,6,12,sb,7329
2015/01/13,38,6:47:00 AM,Tuesday,U of T loop,Mechanical,7,15,W,1753
2015/01/13,102,6:48:00 AM,Tuesday,Wardem Stn.,Late Leaving Garage,10,20,n,7790
2015/01/13,75,6:50:00 AM,Tuesday,Wilson garage,Late Leaving Garage,8,11,s,8395
2015/01/13,124,6:53:00 AM,Tuesday,Lawrence Station,Late Leaving Garage,6,13,E,8322
2015/01/13,89,6:54:00 AM,Tuesday,Albion,Mechanical,5,10,s/b,1627
2015/01/13,106,6:59:00 AM,Tuesday,Wilson Yard,Late Leaving Garage,7,14,NB,8362
2015/01/13,88,7:00:00 AM,Tuesday,St.Clair Station,Late Leaving Garage,12,24,E,8165
2015/01/13,96,7:02:00 AM,Tuesday,Wilson Stn.,Mechanical,14,28,E,7234
2015/01/13,54,7:02:00 AM,Tuesday,Eglinton Brentcliffe,Mechanical,6,12,eb,7568
2015/01/13,196,7:02:00 AM,Tuesday,Downsview STN,Mechanical,2,7,SB,8124
2015/01/13,68,7:03:00 AM,Tuesday,Warden Station,Late Leaving Garage,5,9,NB,7480
2015/01/13,42,7:03:00 AM,Tuesday,Finch Station,Late Leaving Garage,23,45,E,8329
2015/01/13,165,7:04:00 AM,Tuesday,Wilson Stn.,Mechanical,41,80,E,1232
2015/01/13,124,7:04:00 AM,Tuesday,Lawrence Station,Late Leaving Garage,6,11,E,8348
2015/01/13,53,7:06:00 AM,Tuesday,Passmore and Markham,Mechanical,5,9,w,1085
2015/01/13,199,7:06:00 AM,Tuesday,Scarborough Town Centre,Mechanical,2,5,WB,1108
2015/01/13,68,7:08:00 AM,Tuesday,Warden Ave 7 Ashtonbee,Mechanical,5,9,NB,7521
2015/01/13,191,7:08:00 AM,Tuesday,Steeles/Hwy 27,Mechanical,5,9,S,7950
2015/01/13,54,7:12:00 AM,Tuesday,Eglinton stn,Mechanical,6,12,eb,7422
2015/01/13,100,7:14:00 AM,Tuesday,Broadview Station,Mechanical,3,6,NB,7638
2015/01/13,25,7:15:00 AM,Tuesday,Don Mills Staton,Mechanical,3,6,SB,7467
2015/01/13,122,7:20:00 AM,Tuesday,York Mills and Banbury,Mechanical,10,20,WB,9423
2015/01/13,44,7:21:00 AM,Tuesday,Kipling station,Mechanical,3,7,sb,8055
2015/01/13,53,7:21:00 AM,Tuesday,Passmore and Markham,Mechanical,4,9,w,7128
2015/01/13,26,7:25:00 AM,Tuesday,St George and Prince Arthur,Mechanical,16,32,n,8013
2015/01/13,56,7:26:00 AM,Tuesday,Eglinton stn,Late Leaving Garage,3,5,s/b,8352
2015/01/13,39,7:30:00 AM,Tuesday,Finch station to Neilson & Crow Trail,General Delay,8,14,B/W,1744
2015/01/13,199,7:30:00 AM,Tuesday,Finch station to Scarborough Town Centre,General Delay,8,12,B/W,1708
2015/01/13,21,7:30:00 AM,Tuesday,Kennedy Stn,Mechanical,13,26,N/B,7843
2015/01/13,36,7:30:00 AM,Tuesday,Finch/Arrow,Mechanical,6,11,E,7224
2015/01/13,195,7:33:00 AM,Tuesday,Jane and Steeles,Late Leaving Garage,10,20,s,1803
2015/01/13,68,7:34:00 AM,Tuesday,Warden Station,Mechanical,4,8,NB,7443
2015/01/13,100,7:36:00 AM,Tuesday,Sunny Glenwood and Linkwood,Mechanical,3,6,SB,7491
2015/01/13,60,7:43:00 AM,Tuesday,Finch stn.,Mechanical,6,14,E,1381
2015/01/13,25,7:43:00 AM,Tuesday,Don Mills and Eglinton,Mechanical,3,6,SB,7518
2015/01/13,90,7:45:00 AM,Tuesday,St Clair W Stn,Mechanical,4,8,,8206
2015/01/13,84,7:48:00 AM,Tuesday,Jane and Steeles,Mechanical,17,34,e,1332
2015/01/13,60,7:50:00 AM,Tuesday,FSTN,Mechanical,6,12,W,1343
2015/01/13,42,7:58:00 AM,Tuesday,Finch Station,Mechanical,12,23,E,8147
2015/01/13,45,8:02:00 AM,Tuesday,Kipling station,Mechanical,6,12,nb,7320
2015/01/13,37,8:02:00 AM,Tuesday,STIS,Mechanical,8,16,S,7931
2015/01/13,111,8:05:00 AM,Tuesday,Kipling Station,Mechanical,10,20,,7310
2015/01/13,51,8:06:00 AM,Tuesday,Townsend and Freshmedow,Mechanical,14,27,s/b,9445
2015/01/13,96,8:07:00 AM,Tuesday,WBDW,Mechanical,14,28,E,7250
2015/01/13,32,8:07:00 AM,Tuesday,Eglinton and Oldforest hill,Mechanical,6,11,w/b,1616
2015/01/13,60,8:08:00 AM,Tuesday,SGHL,Mechanical,7,14,E,1419
2015/01/13,125,8:09:00 AM,Tuesday,Yonge and Drewry,Investigation,7,15,W,8155
2015/01/13,41,8:10:00 AM,Tuesday,Keele Stataion,Mechanical,17,34,n/b,1626
2015/01/13,6,8:12:00 AM,Tuesday,Davenport,Mechanical,8,16,s,1666
2015/01/13,73,8:15:00 AM,Tuesday,Royal York stn,Mechanical,15,30,n,8024
2015/01/13,52,8:20:00 AM,Tuesday,Islington & Westway,Diversion,115,130,e/b,1525
2015/01/13,133,8:21:00 AM,Tuesday,Scar Town,Utilized Off Route,9,18,E,1279
2015/01/13,38,8:23:00 AM,Tuesday,Scar Town,Investigation,15,30,E,1793
2015/01/13,109,8:26:00 AM,Tuesday,Eglinton Ave & Marlee,Investigation,17,34,,8316
2015/01/13,196,8:28:00 AM,Tuesday,Downsview STN,Mechanical,2,4,NB,9424
2015/01/13,104,8:28:00 AM,Tuesday,Wilson STN,Mechanical,13,26,NB,8318
2015/01/13,199,8:29:00 AM,Tuesday,Scarborough Town Centre,Utilized Off Route,3,5,WB,1810
2015/01/13,100,8:29:00 AM,Tuesday,Don Mills and Eglinton,Mechanical,3,6,NB,7424
2015/01/13,133,8:30:00 AM,Tuesday,Scar Town,Investigation,9,19,E,1109
2015/01/13,89,8:42:00 AM,Tuesday,Albion,Mechanical,5,10,s/b,1604
2015/01/13,11,8:46:00 AM,Tuesday,Davisville stn,Utilized Off Route,12,24,s/b,8201
2015/01/13,44,8:53:00 AM,Tuesday,Kipling station,Mechanical,3,7,sb,8064
2015/01/13,84,8:53:00 AM,Tuesday,Sheppard Stn.,Mechanical,9,17,W,1818
2015/01/13,17,9:00:00 AM,Tuesday,Leacock om Birchmount,Mechanical,20,40,n,7682
2015/01/13,17,9:00:00 AM,Tuesday,Leacock on Birchmount,Utilized Off Route,7,14,n,7718
2015/01/13,196,9:05:00 AM,Tuesday,Finch & Dufferin,Investigation,2,4,SB,8378
2015/01/13,192,9:05:00 AM,Tuesday,Kipling station,Mechanical,10,20,nb,8001
2015/01/13,44,9:06:00 AM,Tuesday,Kipling station,Mechanical,3,7,sb,7341
2015/01/13,29,9:10:00 AM,Tuesday,Dufferin and Croatia,Investigation,4,7,SB,9007
2015/01/13,191,9:10:00 AM,Tuesday,Kipling Stn,Mechanical,20,40,N,7936
2015/01/13,86,9:15:00 AM,Tuesday,Kingston/Markham,Mechanical,10,20,W,7644
2015/01/13,161,9:20:00 AM,Tuesday,Jane and  Aliance,Mechanical,10,20,e/b,1018
2015/01/13,36,9:39:00 AM,Tuesday,Finch Stn,Mechanical,6,12,W,9134
2015/01/13,112,9:44:00 AM,Tuesday,West Mall and Civic Centre,Investigation,20,40,nb,7967
2015/01/13,122,9:52:00 AM,Tuesday,Roywood and Underpass Gate,Mechanical,1,1,EB,8306
2015/01/13,32,9:53:00 AM,Tuesday,Pine and Lawrence,Mechanical,13,26,e/b,1548
2015/01/13,76,10:03:00 AM,Tuesday,Royal York Station,Mechanical,9,18,,8031
2015/01/13,134,10:13:00 AM,Tuesday,Progress and Centennial College Roadway,Emergency Services,6,13,e,1134
2015/01/13,37,10:15:00 AM,Tuesday,Islington at Rexdale,Diversion,9,18,S,1706
2015/01/13,37,10:15:00 AM,Tuesday,Islington at Rexdale,Diversion,8,16,S,1320
2015/01/13,25,10:23:00 AM,Tuesday,DonMills and Gateway,Investigation,10,20,NB,7637
2015/01/13,83,10:25:00 AM,Tuesday,Jones and Gerrard,Mechanical,16,32,SB,7785
2015/01/13,6,10:54:00 AM,Tuesday,Bay & Adelaide,Investigation,10,20,N,1024
2015/01/13,134,11:55:00 AM,Tuesday,Sheppard and Washburn Way,Investigation,17,37,n,1289
2015/01/13,709,12:00:00 PM,Tuesday,Eglinto West stn,Utilized Off Route,1,1,e/b,1002
2015/01/13,709,12:05:00 PM,Tuesday,Eglinton stn,Utilized Off Route,1,1,E,1014
2015/01/13,709,12:08:00 PM,Tuesday,Ossington stn,Utilized Off Route,1,1,N,1411
2015/01/13,76,12:20:00 PM,Tuesday,s/b Royal York/Melrose,Investigation,9,18,s/b,7335
2015/01/13,60,12:25:00 PM,Tuesday,Weston,Mechanical,6,12,W,7208
2015/01/13,36,12:28:00 PM,Tuesday,Finch Stn,Mechanical,6,12,W,9115
2015/01/13,116,12:40:00 PM,Tuesday,Kennedy station,Mechanical,10,20,e,7548
2015/01/13,199,12:41:00 PM,Tuesday,Warden and Finch,Utilized Off Route,5,10,e/b,1797
2015/01/13,195,1:00:00 PM,Tuesday,York u. commons,Mechanical,10,20,s/b,1207
2015/01/13,109,1:00:00 PM,Tuesday,109 Ranee Route,General Delay,21,42,BW,
2015/01/13,96,1:03:00 PM,Tuesday,jane/Wilson,Utilized Off Route,17,34,w,1313
2015/01/13,191,1:05:00 PM,Tuesday,Martingrove Loop,Mechanical,7,15,S,7906
2015/01/13,36,1:15:00 PM,Tuesday,Finch and Goldfinch,Mechanical,6,12,W,1310
2015/01/13,802,1:22:00 PM,Tuesday,EASTERN ENTRANCEEXBITION,Utilized Off Route,1,1,N,7348
2015/01/13,802,1:22:00 PM,Tuesday,EASTERN ENTRANCE,Utilized Off Route,1,1,N,7343
2015/01/13,84,1:25:00 PM,Tuesday,Weston rd and Bradstock,Mechanical,10,20,e/b,7219
2015/01/13,191,1:30:00 PM,Tuesday,Kipling station,Utilized Off Route,7,15,N,7947
2015/01/13,7,1:32:00 PM,Tuesday,Bathurst STN,Utilized Off Route,8,16,nb,9026
2015/01/13,7,1:33:00 PM,Tuesday,Bathurst Stn,Utilized Off Route,8,16,nb,9026
2015/01/13,802,1:40:00 PM,Tuesday,EASTON ENTRANCE EXBITION,Utilized Off Route,1,1,N,7342
2015/01/13,59,1:40:00 PM,Tuesday,Jane  and Church,Utilized Off Route,21,42,w/b,1534
2015/01/13,106,1:42:00 PM,Tuesday,Downsview STN,Utilized Off Route,10,20,nb,8146
2015/01/13,52,1:43:00 PM,Tuesday,Lawrence and Chiswick,Mechanical,21,42,W/B,1032
2015/01/13,810,1:45:00 PM,Tuesday,Eglinton Garage,Utilized Off Route,1,1,,7610
2015/01/13,810,1:45:00 PM,Tuesday,Eglinton Garage,Utilized Off Route,1,1,,7472
2015/01/13,52,1:48:00 PM,Tuesday,Lawrence and Chiswick,Utilized Off Route,15,30,W/B,1555
2015/01/13,12,1:49:00 PM,Tuesday,Victoria Park stn,Mechanical,18,36,e,7827
2015/01/13,802,1:55:00 PM,Tuesday,EASTERN ENTRANCE EXBITION,Utilized Off Route,1,1,N,7303
2015/01/13,190,1:55:00 PM,Tuesday,Don Mills Stn,Utilized Off Route,10,20,W,1754
2015/01/13,35,2:00:00 PM,Tuesday,Jane and Church,Utilized Off Route,5,10,w/b,1505
2015/01/13,86,2:00:00 PM,Tuesday,Kennedy Stn - Zoo,General Delay,5,20,BW,
2015/01/13,29,2:00:00 PM,Tuesday,Dufferin route,General Delay,30,20,B,
2015/01/13,779,2:00:00 PM,Tuesday,Mt Dennis,Utilized Off Route,1,1,,1273
2015/01/13,779,2:00:00 PM,Tuesday,Mt Dennis Division,Utilized Off Route,1,1,,1583
2015/01/13,779,2:00:00 PM,Tuesday,Mt Dennis,Utilized Off Route,1,1,,1039
2015/01/13,709,2:10:00 PM,Tuesday,Eglinton west station,Utilized Off Route,1,1,,1002
2015/01/13,709,2:10:00 PM,Tuesday,Eglinton west Station,Utilized Off Route,1,1,,1573
2015/01/13,810,2:20:00 PM,Tuesday,Eglinton Garage,Utilized Off Route,1,1,,7623
2015/01/13,810,2:20:00 PM,Tuesday,Eglinton Garage,Utilized Off Route,1,1,,7600
2015/01/13,810,2:20:00 PM,Tuesday,Eglinton Garage,Utilized Off Route,1,1,,7421
2015/01/13,7,2:22:00 PM,Tuesday,Steeles and Bathurst,Mechanical,8,16,sb,9022
2015/01/13,57,2:25:00 PM,Tuesday,Midland and Ellesmere,Mechanical,11,22,N,7745
2015/01/13,756,2:30:00 PM,Tuesday,Birchmount garage,Utilized Off Route,1,1,S,7684
2015/01/13,756,2:30:00 PM,Tuesday,Birchmount garage,Utilized Off Route,1,1,S,7843
2015/01/13,12,2:32:00 PM,Tuesday,Victoria Park stn,Late Leaving Garage,14,28,e,7838
2015/01/13,37,2:34:00 PM,Tuesday,Islington N. of Bloor,Mechanical,18,36,N,1326
2015/01/13,85,2:35:00 PM,Tuesday,Meadowvale Loop,Utilized Off Route,10,17,W,1749
2015/01/13,60,2:40:00 PM,Tuesday,Ianmacdonald  Blvd and Pond Rd.,Mechanical,6,13,E,1363
2015/01/13,45,2:40:00 PM,Tuesday,KIPLING STATION,Mechanical,6,12,N,7962
2015/01/13,73,2:40:00 PM,Tuesday,Thistledown and Albion,Investigation,25,40,s,7948
2015/01/13,32,2:43:00 PM,Tuesday,Marshall McCluian school,Late Leaving Garage,17,0,WB,1568
2015/01/13,199,2:44:00 PM,Tuesday,Warden station,Mechanical,3,5,W,0
2015/01/13,25,2:48:00 PM,Tuesday,Eglinton Garage,Late Leaving Garage,3,6,N,7531
2015/01/13,224,2:48:00 PM,Tuesday,Don Mills Station,Late Leaving Garage,30,60,,7405
2015/01/13,37,2:50:00 PM,Tuesday,Islington Station,Emergency Services,21,42,N,1254
2015/01/13,195,2:51:00 PM,Tuesday,York U. Commons,Mechanical,10,20,s/b,1348
2015/01/13,85,2:52:00 PM,Tuesday,Don Mills Stn,Late Leaving Garage,16,32,W,1783
2015/01/13,5,2:53:00 PM,Tuesday,Queen's Park,Late Leaving Garage,16,32,n/b,8336
2015/01/13,190,2:53:00 PM,Tuesday,Don Mills Stn,Late Leaving Garage,5,10,E,1334
2015/01/13,72,2:54:00 PM,Tuesday,Pape stn,Late Leaving Garage,8,16,S,7836
2015/01/13,52,2:55:00 PM,Tuesday,Lawrence Stn,Utilized Off Route,11,22,W/B,1655
2015/01/13,9,2:58:00 PM,Tuesday,Scarborough Town Centre,Mechanical,5,10,N,
2015/01/13,47,3:00:00 PM,Tuesday,entire route,General Delay,13,35,b/w,
2015/01/13,79,3:00:00 PM,Tuesday,entire route,General Delay,12,35,b/w,
2015/01/13,98,3:02:00 PM,Tuesday,Sheppard Stn.,Late Leaving Garage,15,30,wb,8371
2015/01/13,37,3:04:00 PM,Tuesday,Rexdale Blvd.,Mechanical,18,36,N,1554
2015/01/13,53,3:07:00 PM,Tuesday,Steeles & Brebeuf College,Late Leaving Garage,4,6,E,
2015/01/13,39,3:10:00 PM,Tuesday,Seneca loop,Late Leaving Garage,10,20,W,1820
2015/01/13,199,3:12:00 PM,Tuesday,Warden Station,Late Leaving Garage,3,5,N,0
2015/01/13,60,3:13:00 PM,Tuesday,Finch Station,Late Leaving Garage,11,22,E,1297
2015/01/13,60,3:14:00 PM,Tuesday,York U Commons,Mechanical,7,14,E,1221
2015/01/13,37,3:17:00 PM,Tuesday,Steeles and Islington,Late Leaving Garage,10,20,S,7217
2015/01/13,90,3:19:00 PM,Tuesday,Hill Crest,Late Leaving Garage,10,20,nb,8166
2015/01/13,96,3:25:00 PM,Tuesday,Yorkmill station,Late Leaving Garage,24,48,w,7216
2015/01/13,52,3:30:00 PM,Tuesday,martingrove and Westway,Late Leaving Garage,11,23,W/B,1040
2015/01/13,126,3:30:00 PM,Tuesday,Entire Route,General Delay,15,30,B/W,
2015/01/13,801,3:30:00 PM,Tuesday,Wilson Garage,Utilized Off Route,1,1,S,8333
2015/01/13,24,3:30:00 PM,Tuesday,VICTORIA PARK ROUTE,General Delay,7,0,BW,
2015/01/13,801,3:30:00 PM,Tuesday,Wislon Garage,Utilized Off Route,1,1,S,8378
2015/01/13,190,3:38:00 PM,Tuesday,Don Mills Stn,Mechanical,5,10,E,1070
2015/01/13,24,3:39:00 PM,Tuesday,VICTORIA PARK STATION,Mechanical,13,26,N,7682
2015/01/13,96,3:40:00 PM,Tuesday,Wilson Station,Late Leaving Garage,14,28,w,1207
2015/01/13,95,3:42:00 PM,Tuesday,U of T,Late Leaving Garage,4,8,WB,1785
2015/01/13,196,3:46:00 PM,Tuesday,Downsview Stn,Mechanical,2,4,w,8304
2015/01/13,88,3:47:00 PM,Tuesday,St. Clair Stn.,Mechanical,7,15,eb,8139
2015/01/13,96,3:50:00 PM,Tuesday,Woodbine Downs,Mechanical,14,28,w,7234
2015/01/13,68,3:50:00 PM,Tuesday,Warden STN,Late Leaving Garage,18,37,NB,7482
2015/01/13,115,3:51:00 PM,Tuesday,York Mills and Chipstead,Investigation,11,31,W,8203
2015/01/13,96,3:52:00 PM,Tuesday,jane/Wilson,Mechanical,14,28,w,7250
2015/01/13,36,3:55:00 PM,Tuesday,Finch station,Utilized Off Route,1,1,B,9116
2015/01/13,37,3:55:00 PM,Tuesday,Steeles and Islington,Late Leaving Garage,10,20,S,1361
2015/01/13,86,3:57:00 PM,Tuesday,Kennedy Stn,Mechanical,10,21,E,7537
2015/01/13,165,4:00:00 PM,Tuesday,keele/Weston,Mechanical,5,10,w,7236
2015/01/13,36,4:00:00 PM,Tuesday,Finch West route,General Delay,18,24,B,9129
2015/01/13,7,4:10:00 PM,Tuesday,Bathurst Stn,Utilized Off Route,8,16,nb,9046
2015/01/13,7,4:11:00 PM,Tuesday,Bathurst STN,Utilized Off Route,8,16,nb,9046
2015/01/13,116,4:11:00 PM,Tuesday,Morningside & Kingston,Diversion,16,22,S,7559
2015/01/13,73,4:12:00 PM,Tuesday,Royal York stn,Mechanical,20,40,n,8080
2015/01/13,102,4:14:00 PM,Tuesday,Warden Station,Mechanical,21,42,N,7680
2015/01/13,79,4:14:00 PM,Tuesday,runnymede stn,Mechanical,12,24,n/b,1033
2015/01/13,109,4:18:00 PM,Tuesday,Verna Dr-Flemington rd,Mechanical,1024,48,nb,9429
2015/01/13,84,4:22:00 PM,Tuesday,Bradstock and Weston Rd.,Investigation,11,22,EB,1389
2015/01/13,63,4:30:00 PM,Tuesday,Entire route,General Delay,5,10,b/w,
2015/01/13,6,4:36:00 PM,Tuesday,Bay st / Cumberland st,Investigation,10,20,n,1590
2015/01/13,79,4:39:00 PM,Tuesday,runnymede stn,Mechanical,12,24,n/b,1638
2015/01/13,134,4:44:00 PM,Tuesday,Tapscott & Newgale Gate,Diversion,20,40,N,1800
2015/01/13,199,4:46:00 PM,Tuesday,Finch station,Mechanical,4,8,E,1093
2015/01/13,84,4:57:00 PM,Tuesday,Steeles and Norfinch,Investigation,22,44,E/B,1380
2015/01/13,132,5:01:00 PM,Tuesday,Milner @ Markham rd,Mechanical,12,24,WB,1770
2015/01/13,165,5:06:00 PM,Tuesday,Wilson/Weston,Mechanical,5,10,w,7236
2015/01/13,129,5:10:00 PM,Tuesday,Scarborough Town Center,Mechanical,17,34,NB,1352
2015/01/13,165,5:13:00 PM,Tuesday,Weston/Wilson,Mechanical,5,10,w,7203
2015/01/13,6,5:15:00 PM,Tuesday,Queens Quay amd Sherbourne,Utilized Off Route,5,10,n,1529
2015/01/13,165,5:19:00 PM,Tuesday,Weston/Wilson,Mechanical,5,10,w,7202
2015/01/13,165,5:19:00 PM,Tuesday,Wilson/Weston,Mechanical,5,10,w,7229
2015/01/13,75,5:19:00 PM,Tuesday,Bloor and Sherbourne,Utilized Off Route,7,14,sb,8145
2015/01/13,75,5:19:00 PM,Tuesday,Bloor and Sherbourne,Utilized Off Route,7,14,sb,8145
2015/01/13,39,5:20:00 PM,Tuesday,Senaca loop,Mechanical,10,20,W,1724
2015/01/13,199,5:22:00 PM,Tuesday,STC,Utilized Off Route,0,0,EB,7330
2015/01/13,165,5:26:00 PM,Tuesday,Weston/Road.,Mechanical,5,10,w,1265
2015/01/13,89,5:32:00 PM,Tuesday,Weston and Mccormack,Investigation,7,14,N/B,1551
2015/01/13,511,5:34:00 PM,Tuesday,Exhibition Loop,Mechanical,1,1,E/B,1039
2015/01/13,86,5:44:00 PM,Tuesday,Eglinton & Brimley,Diversion,64,74,E,7651
2015/01/13,198,5:44:00 PM,Tuesday,Eglinton & Brimley,Diversion,64,74,E,7427
2015/01/13,52,5:45:00 PM,Tuesday,Golfwood and Dixon,Mechanical,5,12,B/W,1030
2015/01/13,192,5:52:00 PM,Tuesday,KIPLING STATION,Mechanical,8,16,N,8018
2015/01/13,46,5:59:00 PM,Tuesday,Martin Grove and Steels,Mechanical,11,22,SB,1371
2015/01/13,97,6:30:00 PM,Tuesday,Yonge & Shaftsbury Ave.,Diversion,30,30,sb,8171
2015/01/13,38,6:50:00 PM,Tuesday,Scarborough Town Center,Mechanical,5,10,EB,1717
2015/01/13,84,7:00:00 PM,Tuesday,Sheppard and Senlac,Mechanical,5,10,WB,7219
2015/01/13,73,7:35:00 PM,Tuesday,ON ALBION AT KIPLING,Mechanical,15,30,eb,8091
2015/01/13,12,7:43:00 PM,Tuesday,Brimley and Eglinton,Diversion,20,64,B/W,7858
2015/01/13,116,7:44:00 PM,Tuesday,Eglinton & Brimley,Diversion,64,74,E,7597
2015/01/13,38,7:55:00 PM,Tuesday,Rouge Hill GO Station,Mechanical,10,20,WB,9442
2015/01/13,41,7:56:00 PM,Tuesday,Keeleand St. Clair,Diversion,1,1,N/B,
2015/01/13,36,7:58:00 PM,Tuesday,Finch /Dufferin (7.21p approx),Investigation,1,1,-,9105
2015/01/13,21,9:00:00 PM,Tuesday,Kennedy Stn,Mechanical,11,22,n,8100
2015/01/13,66,9:30:00 PM,Tuesday,LAKESHORE AND PARKLAWN LOOP,Emergency Services,30,60,NB,7966
2015/01/13,24,10:22:00 PM,Tuesday,Victoria Park Stn,Mechanical,10,20,n,7708
2015/01/13,35,10:45:00 PM,Tuesday,Jane Station,Mechanical,8,16,N,1344
2015/01/14,85,12:04:00 AM,Wednesday,Don Mills Station,Mechanical,10,20,E/B,9091
2015/01/14,60,12:20:00 AM,Wednesday,Finch Station,Mechanical,18,36,W,1329
2015/01/14,25,12:45:00 AM,Wednesday,DonMills and East Brooke,Mechanical,9,19,SB,7435
2015/01/14,1,12:50:00 AM,Wednesday,York Mills Station,Investigation,3,6,n,1366
2015/01/14,96,1:30:00 AM,Wednesday,Wilson & Dufferin,Mechanical,15,30,W,1521
2015/01/14,37,1:36:00 AM,Wednesday,Islington Station,Mechanical,30,60,N,1803
2015/01/14,801,1:43:00 AM,Wednesday,Wilson division,Utilized Off Route,1,1,,8194
2015/01/14,801,2:30:00 AM,Wednesday,Wilson Division,Utilized Off Route,1,1,,8381
2015/01/14,36,2:35:00 AM,Wednesday,Arrow & Finch,Mechanical,30,60,W,1505
2015/01/14,807,4:20:00 AM,Wednesday,Malvern garage,Utilized Off Route,1,1,E,1069
2015/01/14,807,4:30:00 AM,Wednesday,Malvern garage,Utilized Off Route,1,1,E,1758
2015/01/14,801,4:50:00 AM,Wednesday,Bathurst Stn,Utilized Off Route,1,1,SB,8170
2015/01/14,320,4:59:00 AM,Wednesday,Yonge/Eglinton,Late Leaving Garage,15,30,N,8185
2015/01/14,10,4:59:00 AM,Wednesday,Wilson Yard,Late Leaving Garage,1,1,EB,8316
2015/01/14,773,5:00:00 AM,Wednesday,Mt. Dennis,Utilized Off Route,1,1,e/b,1632
2015/01/14,165,5:00:00 AM,Wednesday,Arrow garage,Utilized Off Route,12,21,N,1380
2015/01/14,54,5:00:00 AM,Wednesday,Eglinton Yard,Utilized Off Route,1,1,ob,7515
2015/01/14,60,5:00:00 AM,Wednesday,Arrow garage,Utilized Off Route,7,8,w,1221
2015/01/14,773,5:00:00 AM,Wednesday,Mt. Dennis,Utilized Off Route,1,1,e/b,1017
2015/01/14,96,5:00:00 AM,Wednesday,Arrow garage,Utilized Off Route,14,28,E,1789
2015/01/14,773,5:00:00 AM,Wednesday,Mt. Dennis,Utilized Off Route,1,1,e/b,1056
2015/01/14,773,5:00:00 AM,Wednesday,Mt. Dennis,Utilized Off Route,1,1,e/b,1218
2015/01/14,773,5:00:00 AM,Wednesday,Mt. Dennis,Utilized Off Route,1,1,e/b,1679
2015/01/14,86,5:00:00 AM,Wednesday,Eglinton garage,Utilized Off Route,1,1,ob,7471
2015/01/14,167,5:04:00 AM,Wednesday,Steeles & Esna Park,Late Leaving Garage,13,1,S/b,7862
2015/01/14,34,5:12:00 AM,Wednesday,Eglinton Yard,Utilized Off Route,1,1,ob,7610
2015/01/14,53,5:12:00 AM,Wednesday,Passmore and Markham,Mechanical,3,7,w,1749
2015/01/14,107,5:15:00 AM,Wednesday,Wilson Yard,Late Leaving Garage,1,1,NB,8177
2015/01/14,25,5:17:00 AM,Wednesday,Eglinton Yard,Utilized Off Route,1,1,ob,7463
2015/01/14,801,5:19:00 AM,Wednesday,Wilson Division,Utilized Off Route,1,1,EB,8160
2015/01/14,801,5:19:00 AM,Wednesday,Bathurst Stn,Utilized Off Route,1,1,SB,8375
2015/01/14,53,5:21:00 AM,Wednesday,Steeles and Middlefield,Mechanical,5,9,w,1749
2015/01/14,39,5:22:00 AM,Wednesday,Finch & Baldoon,Late Leaving Garage,5,9,EB,1813
2015/01/14,32,5:22:00 AM,Wednesday,Eglinton and Keele,Late Leaving Garage,1,11,e/b,1610
2015/01/14,53,5:27:00 AM,Wednesday,Passmore and Markham,Mechanical,2,7,w,1724
2015/01/14,116,5:29:00 AM,Wednesday,Conllins & Ellesmere,Mechanical,10,10,E/B,7405
2015/01/14,756,5:30:00 AM,Wednesday,Birchmount Yard,Utilized Off Route,1,1,w,7787
2015/01/14,95,5:30:00 AM,Wednesday,Kingston Road Loop,Mechanical,7,17,w,1073
2015/01/14,25,5:30:00 AM,Wednesday,Eglinton Yard,Utilized Off Route,1,1,ob,7404
2015/01/14,133,5:33:00 AM,Wednesday,Morningside and Staines,Mechanical,2,16,n,1087
2015/01/14,801,5:33:00 AM,Wednesday,Wilson Division,Utilized Off Route,1,1,EB,8165
2015/01/14,127,5:45:00 AM,Wednesday,Spadina & Davenport,Late Leaving Garage,17,17,w/b,1010
2015/01/14,85,5:47:00 AM,Wednesday,Meadowvale loop,Late Leaving Garage,7,17,W,9099
2015/01/14,39,5:53:00 AM,Wednesday,Finch & Baldoon,Utilized Off Route,4,9,EB,1707
2015/01/14,1,5:55:00 AM,Wednesday,Coxwell at Mortimer,Utilized Off Route,8,16,w,
2015/01/14,37,5:55:00 AM,Wednesday,FIIS,Late Leaving Garage,4,8,s,1358
2015/01/14,87,5:55:00 AM,Wednesday,Coxwell at Mortimer,Utilized Off Route,8,16,w,7845
2015/01/14,120,5:56:00 AM,Wednesday,Arrow and Bartor,Mechanical,1,1,WB,1396
2015/01/14,131,5:58:00 AM,Wednesday,Morningview Trail and Old Finch,Late Leaving Garage,8,15,W,1074
2015/01/14,100,6:04:00 AM,Wednesday,14 Overlea,Mechanical,4,8,WB,7638
2015/01/14,68,6:04:00 AM,Wednesday,Warden stn,Mechanical,4,8,nb,7657
2015/01/14,86,6:05:00 AM,Wednesday,Kennedy Stn,Late Leaving Garage,8,13,E/B,7572
2015/01/14,199,6:06:00 AM,Wednesday,Scarborough Town Centre,Utilized Off Route,3,5,WB,1730
2015/01/14,131,6:08:00 AM,Wednesday,Nugget and Markham,Mechanical,10,20,E,1070
2015/01/14,34,6:09:00 AM,Wednesday,Eglinton Station,Mechanical,4,8,EB,7520
2015/01/14,71,6:09:00 AM,Wednesday,Runnymede station,Late Leaving Garage,9,18,s/b,1620
2015/01/14,85,6:10:00 AM,Wednesday,Rouge Hill GO,Late Leaving Garage,11,21,W,9102
2015/01/14,32,6:13:00 AM,Wednesday,Eglinton and Keele,Late Leaving Garage,5,10,e/b,1024
2015/01/14,11,6:13:00 AM,Wednesday,Bayview and Lawrence,Late Leaving Garage,11,21,s/b,8134
2015/01/14,117,6:14:00 AM,Wednesday,Wilson STN,Mechanical,12,24,NB,8384
2015/01/14,199,6:14:00 AM,Wednesday,Scarborough Town Centre,Late Leaving Garage,3,6,WB,1827
2015/01/14,32,6:18:00 AM,Wednesday,Pine and Lawrence,Late Leaving Garage,10,15,e/b,1625
2015/01/14,117,6:22:00 AM,Wednesday,Wilson Yard,Late Leaving Garage,1,1,NB,9441
2015/01/14,79,6:23:00 AM,Wednesday,Runnymede stn,Late Leaving Garage,9,17,s/b,1551
2015/01/14,90,6:24:00 AM,Wednesday,Wilson,Late Leaving Garage,8,16,,8188
2015/01/14,35,6:25:00 AM,Wednesday,Jane Stn.,Utilized Off Route,10,20,n,1215
2015/01/14,25,6:25:00 AM,Wednesday,Pape Station,Utilized Off Route,4,8,NB,7607
2015/01/14,32,6:26:00 AM,Wednesday,Skymark,Late Leaving Garage,5,10,e/b,1631
2015/01/14,68,6:27:00 AM,Wednesday,Warden stn,Mechanical,4,8,nb,7666
2015/01/14,199,6:27:00 AM,Wednesday,Scarborough Town Centre,Mechanical,3,6,WB,1812
2015/01/14,53,6:29:00 AM,Wednesday,Finch Station,Utilized Off Route,13,24,e,1106
2015/01/14,84,6:30:00 AM,Wednesday,Sheppard and Rivalda,Late Leaving Garage,5,17,W,1210
2015/01/14,196,6:31:00 AM,Wednesday,Wilson Yard,Late Leaving Garage,4,8,NB,8141
2015/01/14,191,6:31:00 AM,Wednesday,Royalcrest/Hwy 27,Late Leaving Garage,5,10,N,7936
2015/01/14,46,6:34:00 AM,Wednesday,Steeles Loop,Late Leaving Garage,10,25,S,1410
2015/01/14,190,6:34:00 AM,Wednesday,Scarborough Town Cebtre,Late Leaving Garage,7,16,W,1738
2015/01/14,29,6:34:00 AM,Wednesday,Tycos and Dufferin,Late Leaving Garage,4,7,sb,9052
2015/01/14,116,6:35:00 AM,Wednesday,Conllins & Ellesmere,Late Leaving Garage,10,32,E/B,7582
2015/01/14,117,6:38:00 AM,Wednesday,Downsview STN,Mechanical,10,20,NB,9423
2015/01/14,60,6:38:00 AM,Wednesday,COMMOMS,Late Leaving Garage,8,16,E,7203
2015/01/14,107,6:40:00 AM,Wednesday,Wilson Yard,Late Leaving Garage,18,36,NB,9426
2015/01/14,60,6:40:00 AM,Wednesday,FSTN,Late Leaving Garage,5,10,W,7251
2015/01/14,29,6:40:00 AM,Wednesday,Tycos and Dufferin,Late Leaving Garage,7,13,sb,9020
2015/01/14,108,6:43:00 AM,Wednesday,Downsview stn,Late Leaving Garage,7,14,W,1207
2015/01/14,60,6:46:00 AM,Wednesday,COMMOMS,Late Leaving Garage,8,16,E,1329
2015/01/14,53,6:47:00 AM,Wednesday,Finch Station,Mechanical,12,24,e,9065
2015/01/14,198,6:50:00 AM,Wednesday,Kennedy Stn,Late Leaving Garage,9,19,E/B,7568
2015/01/14,196,6:52:00 AM,Wednesday,Downsview STN,Mechanical,9,17,NB,9404
2015/01/14,60,6:53:00 AM,Wednesday,SGHL,Late Leaving Garage,7,14,e,1353
2015/01/14,46,6:54:00 AM,Wednesday,Steeles Loop,Late Leaving Garage,11,21,S,1230
2015/01/14,36,6:57:00 AM,Wednesday,Finch Stn,Late Leaving Garage,5,8,W,9105
2015/01/14,95,7:04:00 AM,Wednesday,Ellesmere and Pharmacy,Mechanical,4,7,W,1725
2015/01/14,199,7:09:00 AM,Wednesday,Scarborough Town Centre,Late Leaving Garage,3,6,WB,1769
2015/01/14,134,7:09:00 AM,Wednesday,Scarborough Town Centre,Mechanical,6,12,e,1091
2015/01/14,53,7:11:00 AM,Wednesday,Passmore and Markham,Mechanical,5,10,w,1137
2015/01/14,196,7:13:00 AM,Wednesday,Wilson Yard,Late Leaving Garage,3,5,NB,9429
2015/01/14,196,7:19:00 AM,Wednesday,Wilson Yard,Late Leaving Garage,4,6,NB,8372
2015/01/14,85,7:34:00 AM,Wednesday,Don Mills station,Mechanical,6,11,E,9096
2015/01/14,124,7:40:00 AM,Wednesday,Sunnybrook Hospital,Mechanical,6,11,W,8191
2015/01/14,60,7:45:00 AM,Wednesday,Bathurst,Mechanical,7,14,W,9109
2015/01/14,115,7:45:00 AM,Wednesday,Bannatyne Dr. and Silvergrove Rd.,Mechanical,20,40,wb,8157
2015/01/14,106,7:49:00 AM,Wednesday,Downsview STN,Mechanical,7,14,NB,8131
2015/01/14,39,8:00:00 AM,Wednesday,Finch station to Neilson & CrowTrail,General Delay,8,12,B/W,1783
2015/01/14,199,8:00:00 AM,Wednesday,Finch station to Scarborough Town Centre,General Delay,8,12,B/W,1081
2015/01/14,81,8:04:00 AM,Wednesday,Pape Stn,Mechanical,5,10,N/B,8100
2015/01/14,196,8:12:00 AM,Wednesday,Downsview STN,Mechanical,2,4,NB,9404
2015/01/14,199,8:14:00 AM,Wednesday,Finch & McCowan,Mechanical,2,5,EB,1083
2015/01/14,196,8:20:00 AM,Wednesday,Downsview STN,Mechanical,2,4,NB,9441
2015/01/14,165,8:25:00 AM,Wednesday,Weston and Walsh,Mechanical,8,25,SB,7234
2015/01/14,81,8:27:00 AM,Wednesday,Pape Stn,Utilized Off Route,5,10,N/B,7785
2015/01/14,39,8:37:00 AM,Wednesday,Finch & Bayview,Mechanical,4,8,EB,1763
2015/01/14,60,8:40:00 AM,Wednesday,Yonge at Drewry,Mechanical,7,14,S,1285
2015/01/14,39,8:46:00 AM,Wednesday,Finch & Bayview,Mechanical,3,7,EB,1783
2015/01/14,11,8:46:00 AM,Wednesday,Davisville stn,Utilized Off Route,12,24,e/b,8134
2015/01/14,63,8:50:00 AM,Wednesday,St Clair and Oakwood,Investigation,4,8,n,1013
2015/01/14,25,8:51:00 AM,Wednesday,Seneca College Entrance and Don Mills Road,Investigation,4,8,SB,7599
2015/01/14,29,8:57:00 AM,Wednesday,Wilson stn,Utilized Off Route,4,7,s/b,8388
2015/01/14,102,9:00:00 AM,Wednesday,Kingston Rd. at McCowan,Mechanical,22,44,s,7713
2015/01/14,102,9:00:00 AM,Wednesday,Kingston Rd. at McCowan,Mechanical,22,44,s,7713
2015/01/14,102,9:00:00 AM,Wednesday,Warden Stn.,Utilized Off Route,12,24,n,7829
2015/01/14,196,9:05:00 AM,Wednesday,York U Commons,Mechanical,2,4,SB,8361
2015/01/14,191,9:10:00 AM,Wednesday,Steeles/Hwy 27,Investigation,5,10,S,7936
2015/01/14,196,9:11:00 AM,Wednesday,Downsview STN,Mechanical,2,4,NB,8185
2015/01/14,168,9:26:00 AM,Wednesday,Symington and Ernest,Investigation,0,0,s,7334
2015/01/14,70,9:52:00 AM,Wednesday,Warden stn,Mechanical,18,36,wb,7416
2015/01/14,195,10:10:00 AM,Wednesday,Jane and Sheppard,Diversion,50,60,N,1271
2015/01/14,35,10:10:00 AM,Wednesday,Jane and Sheppard,Diversion,50,60,N,1292
2015/01/14,46,10:13:00 AM,Wednesday,Steeles Loop,Mechanical,19,40,S,1267
2015/01/14,39,10:15:00 AM,Wednesday,Neilson & Crow Trail,Mechanical,7,13,WB,7123
2015/01/14,196,10:20:00 AM,Wednesday,Downsview Stn,Utilized Off Route,2,4,n,8304
2015/01/14,29,10:23:00 AM,Wednesday,Wilson Station,Mechanical,4,8,sb,9034
2015/01/14,191,10:37:00 AM,Wednesday,Kipling Stn,Mechanical,8,15,N,7929
2015/01/14,86,10:42:00 AM,Wednesday,Kennedy Stn,Mechanical,30,60,E,7555
2015/01/14,196,10:50:00 AM,Wednesday,4400 Dufferin,Mechanical,2,4,n,8304
2015/01/14,75,11:03:00 AM,Wednesday,Jarvis & Earl St,Mechanical,1,1,,8201
2015/01/14,196,11:24:00 AM,Wednesday,Commons,Utilized Off Route,2,4,s,8314
2015/01/14,52,11:30:00 AM,Wednesday,Term # 1,Mechanical,15,30,e/b,1567
2015/01/14,124,11:33:00 AM,Wednesday,Lawrence Station,Mechanical,8,16,E,8331
2015/01/14,96,11:39:00 AM,Wednesday,Wilson and Ridge,Mechanical,23,40,WB,7224
2015/01/14,43,11:41:00 AM,Wednesday,SRT Station and Scar Town Centre,Mechanical,12,24,s/b,7559
2015/01/14,12,11:45:00 AM,Wednesday,Kingston and Shyne,Mechanical,20,40,,8105
2015/01/14,192,11:45:00 AM,Wednesday,Kipling station,Mechanical,10,20,nb,8006
2015/01/14,196,11:49:00 AM,Wednesday,Commons,Mechanical,2,4,n,9411
2015/01/14,116,11:50:00 AM,Wednesday,Eglinton and Markham,Diversion,10,20,EB,
2015/01/14,39,11:53:00 AM,Wednesday,Neilson & Crow Trail,Mechanical,6,12,WB,9447
2015/01/14,165,11:57:00 AM,Wednesday,Weston and Ormount,Mechanical,9,18,SB,1213
2015/01/14,196,11:59:00 AM,Wednesday,Dfownsview Stn,Mechanical,2,4,n,8174
2015/01/14,133,12:00:00 PM,Wednesday,Staines and Morningside,Mechanical,10,20,s,1112
2015/01/14,196,12:09:00 PM,Wednesday,Downsview Stn,Mechanical,2,4,n,8147
2015/01/14,104,12:11:00 PM,Wednesday,Wilson Stn,Mechanical,15,30,n,8206
2015/01/14,64,12:20:00 PM,Wednesday,Main Stn.,Mechanical,10,20,n,7863
2015/01/14,84,12:30:00 PM,Wednesday,sheppard an Rivalda,Diversion,30,40,E,1706
2015/01/14,60,12:35:00 PM,Wednesday,Signet and Steeles,Mechanical,13,26,W,1574
2015/01/14,134,12:50:00 PM,Wednesday,Scarborough Town Centre,Mechanical,6,13,e,1091
2015/01/14,109,1:00:00 PM,Wednesday,109 Ranee-All Branch,General Delay,21,42,BW,
2015/01/14,195,1:00:00 PM,Wednesday,Jane and Sheppard,Investigation,10,20,N,1702
2015/01/14,107,1:11:00 PM,Wednesday,Downsview Stn,Utilized Off Route,2,4,nb,8306
2015/01/14,196,1:29:00 PM,Wednesday,Wilson Stn,Mechanical,2,4,nb,8142
2015/01/14,17,1:37:00 PM,Wednesday,Birchmount and St. Clair,Mechanical,13,26,n,7838
2015/01/14,52,1:37:00 PM,Wednesday,Lawrence and Little,Utilized Off Route,15,30,W/B,1669
2015/01/14,43,1:39:00 PM,Wednesday,KENNEDY AND SHROPSHIRE,Diversion,14,26,N,
2015/01/14,41,1:43:00 PM,Wednesday,Keele Station,Mechanical,7,14,N/b,9141
2015/01/14,29,2:00:00 PM,Wednesday,Dufferin route,General Delay,30,20,B,
2015/01/14,709,2:00:00 PM,Wednesday,Eg. West station,Utilized Off Route,5,10,e/b,1066
2015/01/14,779,2:00:00 PM,Wednesday,Mt Dennis Division,Utilized Off Route,1,1,,1575
2015/01/14,779,2:00:00 PM,Wednesday,Mt Dennis Division,Utilized Off Route,1,1,,1647
2015/01/14,7,2:00:00 PM,Wednesday,7 Bathurst Route-All Branch,General Delay,8,16,BW,
2015/01/14,123,2:00:00 PM,Wednesday,LONG BRANCH LOOP,Emergency Services,18,36,N,7972
2015/01/14,502,2:00:00 PM,Wednesday,Russell Division,Utilized Off Route,1,1,B/W,8106
2015/01/14,502,2:00:00 PM,Wednesday,Russell Division,Utilized Off Route,1,1,B/W,7855
2015/01/14,102,2:08:00 PM,Wednesday,Warden Stn,Mechanical,15,30,n,7802
2015/01/14,54,2:08:00 PM,Wednesday,Warden and Lawrence,Late Leaving Garage,16,20,e,7679
2015/01/14,165,2:11:00 PM,Wednesday,Arrow garage,Late Leaving Garage,34,68,w,7235
2015/01/14,54,2:30:00 PM,Wednesday,Eglinton Garage,Utilized Off Route,1,1,WB,7613
2015/01/14,34,2:30:00 PM,Wednesday,Eglinton Garage,Utilized Off Route,1,1,WB,7490
2015/01/14,34,2:30:00 PM,Wednesday,Eglinton Garage,Utilized Off Route,1,1,WB,7666
2015/01/14,42,2:30:00 PM,Wednesday,Cummer and Bayview,Mechanical,24,48,E,8150
2015/01/14,85,2:32:00 PM,Wednesday,Don Mills Stn,Late Leaving Garage,3,8,E,9065
2015/01/14,53,2:34:00 PM,Wednesday,Steeles & Brebeuf College,Utilized Off Route,4,6,E,9064
2015/01/14,60,2:39:00 PM,Wednesday,Finch Station,Mechanical,7,13,W,1370
2015/01/14,25,2:49:00 PM,Wednesday,Eglinton Garage,Mechanical,1,1,S,7544
2015/01/14,52,2:50:00 PM,Wednesday,Lawrence West Stn,Mechanical,15,30,E/B,1629
2015/01/14,52,2:55:00 PM,Wednesday,Jetliner just South of Airport Rd,Emergency Services,15,30,W/B,1686
2015/01/14,52,2:55:00 PM,Wednesday,Jetliner just South of Airport Rd,Diversion,51,106,E/B,1003
2015/01/14,85,2:56:00 PM,Wednesday,Rouge Hill Go,Late Leaving Garage,1,1,E,9102
2015/01/14,95,2:56:00 PM,Wednesday,York Mill stn,Late Leaving Garage,8,16,EB,1745
2015/01/14,53,2:58:00 PM,Wednesday,Steeles & Brebeuf College,Late Leaving Garage,4,9,E,9082
2015/01/14,105,2:59:00 PM,Wednesday,Dufferin and Steeles,Late Leaving Garage,15,35,s,9438
2015/01/14,7,3:00:00 PM,Wednesday,Bathurst and Steeles,Mechanical,8,16,nb,9002
2015/01/14,60,3:00:00 PM,Wednesday,Entire 60 Steeles Ave West,General Delay,8,16,B/W,
2015/01/14,73,3:00:00 PM,Wednesday,Garage / Royal York stn,Late Leaving Garage,20,40,n,7306
2015/01/14,54,3:02:00 PM,Wednesday,Lawrence/Scarb. Golf Club Rd,Late Leaving Garage,14,20,e,7438
2015/01/14,36,3:04:00 PM,Wednesday,Finch and Norfinch,Mechanical,4,8,W,9124
2015/01/14,52,3:05:00 PM,Wednesday,Terminal 1,Late Leaving Garage,6,23,E/B,1670
2015/01/14,52,3:06:00 PM,Wednesday,Lawrence Stn,Utilized Off Route,15,30,W/B,1558
2015/01/14,196,3:08:00 PM,Wednesday,Downsview Stn,Late Leaving Garage,6,12,s,9429
2015/01/14,85,3:08:00 PM,Wednesday,Sheppard @ Murrison,Mechanical,6,12,E,1083
2015/01/14,60,3:15:00 PM,Wednesday,Finch Station,Mechanical,7,14,W,7232
2015/01/14,61,3:18:00 PM,Wednesday,Bombay Loop,Late Leaving Garage,12,24,n/b,8340
2015/01/14,60,3:19:00 PM,Wednesday,Finch Station,Mechanical,1,1,W,1505
2015/01/14,168,3:20:00 PM,Wednesday,Avon Loop,Mechanical,6,12,n,8092
2015/01/14,131,3:24:00 PM,Wednesday,Kennedy stn,Mechanical,9,18,EB,1808
2015/01/14,126,3:30:00 PM,Wednesday,Entire Route,General Delay,15,30,b/W,
2015/01/14,196,3:32:00 PM,Wednesday,Downsview Stn,Mechanical,2,4,w2,8195
2015/01/14,107,3:33:00 PM,Wednesday,Downsview Stn.,Late Leaving Garage,15,37,n,9441
2015/01/14,89,3:36:00 PM,Wednesday,Keele Station,Mechanical,7,14,N/B,1644
2015/01/14,45,3:38:00 PM,Wednesday,KIPLING STATION,Mechanical,3,7,N,7315
2015/01/14,44,3:45:00 PM,Wednesday,KIPLING & QUEENSWAY,Mechanical,4,8,N,8018
2015/01/14,25,3:48:00 PM,Wednesday,Pape Stn,Mechanical,4,8,N,7675
2015/01/14,60,3:50:00 PM,Wednesday,Finch Station,Late Leaving Garage,7,14,W,
2015/01/14,133,3:54:00 PM,Wednesday,STC Stn,Mechanical,7,14,N,1768
2015/01/14,108,4:00:00 PM,Wednesday,Entire 108 Downsview Route,General Delay,7,14,B/W,
2015/01/14,168,4:00:00 PM,Wednesday,Avon Loop,Investigation,12,24,s,7333
2015/01/14,60,4:01:00 PM,Wednesday,Finch Station,Mechanical,11,22,W,1363
2015/01/14,112,4:01:00 PM,Wednesday,KIPLING STATION,Late Leaving Garage,17,34,N,7978
2015/01/14,124,4:03:00 PM,Wednesday,Lawrence Stn.,Utilized Off Route,6,12,nb,8197
2015/01/14,102,4:04:00 PM,Wednesday,WARDEN STATION,Mechanical,11,22,N,7827
2015/01/14,45,4:06:00 PM,Wednesday,KIPLING STATION,Mechanical,4,8,N,8031
2015/01/14,196,4:08:00 PM,Wednesday,Sheppard Stn,Utilized Off Route,8,16,n,8141
2015/01/14,11,4:24:00 PM,Wednesday,Bayview & Lawrence,Diversion,86,98,s/b,8188
2015/01/14,95,4:30:00 PM,Wednesday,U of T Loop,Mechanical,4,8,WB,1752
2015/01/14,63,4:30:00 PM,Wednesday,Entire route,General Delay,5,10,b/w,
2015/01/14,39,4:30:00 PM,Wednesday,Old Finch to Finch Stn,General Delay,20,25,BW,
2015/01/14,199,4:30:00 PM,Wednesday,Finch STn to STC,General Delay,15,19,E/W,
2015/01/14,124,4:30:00 PM,Wednesday,Bayview & Lawrence ramp,Diversion,80,86,sb,8133
2015/01/14,90,4:37:00 PM,Wednesday,St. Clair W Stn,Investigation,10,20,wb,8344
2015/01/14,60,4:47:00 PM,Wednesday,Keele and Steeles Ave West,Mechanical,7,14,E,1267
2015/01/14,46,4:50:00 PM,Wednesday,Finch And Martin Grove,Mechanical,11,22,S,7219
2015/01/14,60,4:58:00 PM,Wednesday,Keele and Steeles Ave West,Mechanical,11,22,E,7246
2015/01/14,6,5:00:00 PM,Wednesday,Entire route,General Delay,5,10,b/w,
2015/01/14,198,5:02:00 PM,Wednesday,Kennedy Stn,Mechanical,10,20,E,7527
2015/01/14,60,5:11:00 PM,Wednesday,Keele and Steeles Ave West,Mechanical,7,14,E,1367
2015/01/14,89,5:25:00 PM,Wednesday,Weston and Guinns,Utilized Off Route,1,1,SB,1022
2015/01/14,133,5:27:00 PM,Wednesday,MOFI,Mechanical,7,14,s,9442
2015/01/14,53,5:30:00 PM,Wednesday,Finch Stn to Staines,General Delay,10,16,B/W,
2015/01/14,47,5:31:00 PM,Wednesday,Lansdowne and St Clair,Utilized Off Route,13,24,n/b,1592
2015/01/14,41,5:35:00 PM,Wednesday,Keele Station,Utilized Off Route,17,35,N/B,1047
2015/01/14,41,5:39:00 PM,Wednesday,Keele Station,Mechanical,9,18,N/B,9138
2015/01/14,36,5:50:00 PM,Wednesday,Torresdale and Finch Ave,Mechanical,7,11,WB,1386
2015/01/14,191,5:50:00 PM,Wednesday,Dundas West and Eastmall,Mechanical,5,9,W,7953
2015/01/14,7,5:51:00 PM,Wednesday,Bathurst and Steels,Mechanical,8,16,sb,9022
2015/01/14,133,5:56:00 PM,Wednesday,Neilson and Sewells,Mechanical,7,14,s,1067
2015/01/14,52,6:00:00 PM,Wednesday,Pine and Lawrence,Mechanical,11,16,E/B,1048
2015/01/14,86,6:00:00 PM,Wednesday,Kingston & Payzac,Mechanical,10,21,E,7525
2015/01/14,23,6:06:00 PM,Wednesday,Main and Danforth,Investigation,8,15,,7718
2015/01/14,191,6:11:00 PM,Wednesday,Farnboro Rd. and Highway 27,Mechanical,4,9,EB,7910
2015/01/14,116,6:14:00 PM,Wednesday,Morningside & Coronation,Mechanical,6,12,N,7558
2015/01/14,45,6:17:00 PM,Wednesday,KIPLING & STEELES,Mechanical,8,16,s,7348
2015/01/14,89,6:19:00 PM,Wednesday,Weston and Albion,Utilized Off Route,7,14,S/B,1022
2015/01/14,108,6:20:00 PM,Wednesday,Finch and Driftwood,Investigation,7,14,N,1333
2015/01/14,54,6:23:00 PM,Wednesday,Lawrence SRT,Mechanical,10,20,e,7417
2015/01/14,116,6:47:00 PM,Wednesday,Eglinton & Markham,Mechanical,6,12,W,7588
2015/01/14,37,6:50:00 PM,Wednesday,Humberwood Loop,Mechanical,19,38,S,1732
2015/01/14,196,6:53:00 PM,Wednesday,Kennard,Diversion,62,64,s,8171
2015/01/14,42,7:00:00 PM,Wednesday,Finch Stn.,Mechanical,20,40,eb,9419
2015/01/14,37,7:04:00 PM,Wednesday,Islington Station,Mechanical,19,38,N,1280
2015/01/14,63,7:10:00 PM,Wednesday,Oakwood / Clovelly,Mechanical,7,14,s,1039
2015/01/14,122,7:12:00 PM,Wednesday,Bayview,Mechanical,16,32,E,8348
2015/01/14,60,7:19:00 PM,Wednesday,Yonge and Bishop,Diversion,15,25,E,1329
2015/01/14,12,9:34:00 PM,Wednesday,Brimley and Kingston Rd,Emergency Services,20,40,,7734
2015/01/14,25,9:41:00 PM,Wednesday,DonMills and Godstone,Investigation,9,19,NB,7489
2015/01/14,116,9:42:00 PM,Wednesday,Ellesmere and Morrish Ave,Investigation,14,44,WB,7444
2015/01/14,85,9:51:00 PM,Wednesday,W/B Sheppard and Malvern Gate,Mechanical,8,15,W,9074
2015/01/14,67,9:59:00 PM,Wednesday,Victoria Park Station,Investigation,9,29,NB,7587
2015/01/14,34,10:46:00 PM,Wednesday,Eglinton and Mt pleasant,Investigation,14,28,EB,7420
2015/01/14,34,11:21:00 PM,Wednesday,Eglinton and Victoria park,Investigation,14,28,WB,7514
2015/01/14,192,11:30:00 PM,Wednesday,KIPLING STN,Mechanical,10,20,NB,8013
2015/01/14,100,11:38:00 PM,Wednesday,Eglinton station,Utilized Off Route,10,20,EB,7538
2015/01/14,116,11:50:00 PM,Wednesday,,Diversion,10,20,EB,
2015/01/14,67,11:50:00 PM,Wednesday,Victoria Park Station,Investigation,20,40,NB,7587
2015/01/15,196,12:49:00 AM,Thursday,downsview stn,Mechanical,4,8,n/b,9429
2015/01/15,96,1:15:00 AM,Thursday,Humberline Loop,Investigation,30,30,E,1277
2015/01/15,300,2:57:00 AM,Thursday,Danforth at Pape Ave,Emergency Services,10,20,E/B,8023
2015/01/15,320,4:12:00 AM,Thursday,Steeles & Yonge,Late Leaving Garage,15,30,S,8358
2015/01/15,502,4:20:00 AM,Thursday,502 shuttle entire route,Utilized Off Route,1,1,e,1703
2015/01/15,801,4:30:00 AM,Thursday,Wilson Division,Utilized Off Route,1,1,,8327
2015/01/15,801,4:30:00 AM,Thursday,Wilson Division,Utilized Off Route,1,1,,8171
2015/01/15,502,4:30:00 AM,Thursday,502 entire route,Utilized Off Route,1,1,e,1397
2015/01/15,773,5:00:00 AM,Thursday,Mt. dennis,Utilized Off Route,1,1,e/b,1638
2015/01/15,60,5:00:00 AM,Thursday,Finch Stn.,Utilized Off Route,8,16,W,1385
2015/01/15,773,5:00:00 AM,Thursday,Mt. Dennis,Utilized Off Route,1,1,e/b,1676
2015/01/15,773,5:00:00 AM,Thursday,Mt. Dennis,Utilized Off Route,1,1,e/b,1641
2015/01/15,773,5:00:00 AM,Thursday,Mt. Dennis,Utilized Off Route,1,1,e/b,1635
2015/01/15,54,5:00:00 AM,Thursday,Eglinton yard,Utilized Off Route,1,1,ob,7476
2015/01/15,86,5:00:00 AM,Thursday,Eglinton yard,Utilized Off Route,1,1,ob,7638
2015/01/15,34,5:00:00 AM,Thursday,Eglinton yard,Utilized Off Route,1,1,ob,7463
2015/01/15,86,5:00:00 AM,Thursday,Eglinton yard,Utilized Off Route,1,1,ob,7623
2015/01/15,100,5:00:00 AM,Thursday,Eglinton yard,Utilized Off Route,1,1,ob,7672
2015/01/15,773,5:00:00 AM,Thursday,Mt. dennis,Utilized Off Route,1,1,e/b,1005
2015/01/15,96,5:00:00 AM,Thursday,Woodbine Downs and Carrier Dr.,Utilized Off Route,14,28,E,1373
2015/01/15,52,5:00:00 AM,Thursday,Lawrence Ave W at Bathurst St,Late Leaving Garage,10,0,w,1515
2015/01/15,165,5:00:00 AM,Thursday,Weston and Finch,Utilized Off Route,12,21,N,1310
2015/01/15,79,5:05:00 AM,Thursday,Pine and Lawrence,Late Leaving Garage,1,15,s/b,1233
2015/01/15,7,5:14:00 AM,Thursday,Bathurst and Wilson,Late Leaving Garage,27,27,S,9025
2015/01/15,34,5:15:00 AM,Thursday,Eglinton Stn,Late Leaving Garage,0,0,E/B,7478
2015/01/15,801,5:20:00 AM,Thursday,Wilson Division,Utilized Off Route,1,1,,8197
2015/01/15,801,5:20:00 AM,Thursday,Wilson Division,Utilized Off Route,1,1,,8164
2015/01/15,53,5:31:00 AM,Thursday,Passmore and Markham,Mechanical,5,9,w,9444
2015/01/15,47,5:32:00 AM,Thursday,Yorkdale,Late Leaving Garage,1,18,s/b,1524
2015/01/15,107,5:33:00 AM,Thursday,Keele and Finch,Mechanical,18,36,n,9433
2015/01/15,70,5:40:00 AM,Thursday,Pharmacy Craighton,Mechanical,10,30,wb,7551
2015/01/15,24,5:42:00 AM,Thursday,VP at Danforth,Late Leaving Garage,5,10,n,7777
2015/01/15,59,5:47:00 AM,Thursday,Church and Jane,Late Leaving Garage,1,15,W,1280
2015/01/15,25,5:47:00 AM,Thursday,Pape stn,Mechanical,3,6,nb,7439
2015/01/15,68,5:51:00 AM,Thursday,Warden stn,Mechanical,4,8,eb,7469
2015/01/15,25,5:53:00 AM,Thursday,Pape stn,Mechanical,3,7,nb,7566
2015/01/15,34,5:53:00 AM,Thursday,Kennedy stn,Utilized Off Route,8,16,wb,7484
2015/01/15,39,5:53:00 AM,Thursday,Finch & Baldoon,Utilized Off Route,4,9,EB,1097
2015/01/15,53,5:54:00 AM,Thursday,Steeles and Victoria Park,Mechanical,15,30,e,9447
2015/01/15,87,5:55:00 AM,Thursday,Coxwell at Mortimer,Utilized Off Route,8,16,w,7850
2015/01/15,756,5:55:00 AM,Thursday,Birchmount Yard,Utilized Off Route,1,1,w,8127
2015/01/15,122,5:56:00 AM,Thursday,Fenelon Loop,Late Leaving Garage,1,1,EB,9414
2015/01/15,7,6:00:00 AM,Thursday,Wilson Garage,Late Leaving Garage,8,16,,9082
2015/01/15,53,6:00:00 AM,Thursday,Passmore and Markham,Mechanical,5,10,w,1712
2015/01/15,91,6:01:00 AM,Thursday,Woobine & O'Connor,Investigation,19,38,N/B,7711
2015/01/15,7,6:04:00 AM,Thursday,Wilson Garage,Late Leaving Garage,6,17,,9029
2015/01/15,73,6:05:00 AM,Thursday,Albion and Claireport,Mechanical,15,30,s,8014
2015/01/15,199,6:06:00 AM,Thursday,Scarborough Town Centre,Utilized Off Route,3,5,WB,1761
2015/01/15,85,6:06:00 AM,Thursday,Don Mills station,Late Leaving Garage,7,14,E,9073
2015/01/15,85,6:09:00 AM,Thursday,Meadowvale loop,Late Leaving Garage,3,8,W,9102
2015/01/15,24,6:21:00 AM,Thursday,VP Stn.,Late Leaving Garage,5,10,n,7821
2015/01/15,70,6:21:00 AM,Thursday,Coxwell stn,Mechanical,5,22,nb,7468
2015/01/15,95,6:22:00 AM,Thursday,Ellesmere RT,Mechanical,8,12,W,8198
2015/01/15,60,6:23:00 AM,Thursday,FSTN,Late Leaving Garage,7,14,W,1217
2015/01/15,25,6:24:00 AM,Thursday,Freshmeadow and Don Mills,Mechanical,3,6,NB,7559
2015/01/15,7,6:26:00 AM,Thursday,Village Gate & Bathurst,Mechanical,9,20,S,9048
2015/01/15,53,6:29:00 AM,Thursday,Finch Station,Utilized Off Route,13,24,e,1801
2015/01/15,51,6:31:00 AM,Thursday,Eglinton Station,Late Leaving Garage,6,20,nb,8326
2015/01/15,60,6:38:00 AM,Thursday,Commoms,Late Leaving Garage,7,14,E,1392
2015/01/15,199,6:39:00 AM,Thursday,Scarborough Town Centre,Late Leaving Garage,3,5,WB,1748
2015/01/15,60,6:40:00 AM,Thursday,FSTN,Late Leaving Garage,7,14,W,1210
2015/01/15,98,6:40:00 AM,Thursday,Wilson Garage,Late Leaving Garage,30,60,,8203
2015/01/15,198,6:40:00 AM,Thursday,Kennedy Stn,Mechanical,5,5,E/B,7449
2015/01/15,63,6:50:00 AM,Thursday,Eglinton w stn,Mechanical,4,12,s,1591
2015/01/15,198,6:50:00 AM,Thursday,Kennedy Stn.,Mechanical,26,36,E/B,7500
2015/01/15,36,6:51:00 AM,Thursday,Finch Stn,Late Leaving Garage,6,11,W,9115
2015/01/15,60,6:52:00 AM,Thursday,FSTN,Late Leaving Garage,7,14,W,1280
2015/01/15,60,6:54:00 AM,Thursday,COOMOMS,Late Leaving Garage,7,14,E,1519
2015/01/15,96,6:57:00 AM,Thursday,woodbine downs,Late Leaving Garage,17,34,e,7224
2015/01/15,54,7:02:00 AM,Thursday,Lawrence rt,Mechanical,6,12,wb,7534
2015/01/15,131,7:03:00 AM,Thursday,Scarborough Centre Station,Mechanical,8,15,NB,1810
2015/01/15,199,7:04:00 AM,Thursday,Scarborough Town Centre,Late Leaving Garage,2,5,WB,1132
2015/01/15,192,7:13:00 AM,Thursday,Terminal 1,Investigation,11,21,s/b,8006
2015/01/15,47,7:14:00 AM,Thursday,Earlscourt loop,Mechanical,5,9,s,1044
2015/01/15,60,7:15:00 AM,Thursday,FSTN,Mechanical,7,14,W,7947
2015/01/15,196,7:21:00 AM,Thursday,Downsview Station,Mechanical,2,6,n,8302
2015/01/15,199,7:23:00 AM,Thursday,Scarborough Town Centre,Mechanical,3,5,WB,1091
2015/01/15,60,7:23:00 AM,Thursday,Dufferin,Mechanical,7,14,W,1574
2015/01/15,142,7:30:00 AM,Thursday,Avenue rd and Bombay loop,Late Leaving Garage,8,38,s/b,8366
2015/01/15,196,7:31:00 AM,Thursday,Downsview Station,Mechanical,2,6,n,9424
2015/01/15,141,7:40:00 AM,Thursday,Redpath and Eglinton,Late Leaving Garage,30,55,s/b,1009
2015/01/15,107,7:51:00 AM,Thursday,Downsview STN,Mechanical,18,36,NB,9426
2015/01/15,39,7:55:00 AM,Thursday,Finch & Neilson,Mechanical,3,7,WB,1107
2015/01/15,199,7:56:00 AM,Thursday,Scarborough Town Centre,Mechanical,3,5,WB,1072
2015/01/15,37,7:59:00 AM,Thursday,STIS,Mechanical,8,16,S,7936
2015/01/15,199,8:00:00 AM,Thursday,Finch station to Scarborough Town Centre,General Delay,9,14,B/W,1121
2015/01/15,39,8:00:00 AM,Thursday,Finch station to Neilson & Crow Trail,General Delay,9,14,B/W,1351
2015/01/15,196,8:05:00 AM,Thursday,Downsview Station,Mechanical,4,6,n,8316
2015/01/15,36,8:20:00 AM,Thursday,Humberwood Loop,Mechanical,6,11,E,1374
2015/01/15,190,8:23:00 AM,Thursday,Scarborough Town Centre,Mechanical,5,11,W,1317
2015/01/15,53,8:24:00 AM,Thursday,Steeles and Markham,Mechanical,8,13,w,9086
2015/01/15,8,8:30:00 AM,Thursday,Broadview Route,General Delay,6,12,bw,7779
2015/01/15,53,8:36:00 AM,Thursday,Steeles and Kelvin Grove,Diversion,173,179,e,9066
2015/01/15,196,8:37:00 AM,Thursday,Murray Ross and Sentinel,Emergency Services,6,12,n,9411
2015/01/15,41,8:42:00 AM,Thursday,Keele Station,Mechanical,7,14,n/b,1617
2015/01/15,112,8:45:00 AM,Thursday,Renforth and Highway 427,General Delay,15,0,s/b,
2015/01/15,125,8:47:00 AM,Thursday,Chelmsford and Drewry,Mechanical,7,15,WB,9417
2015/01/15,64,8:50:00 AM,Thursday,Queen & Wineva,Utilized Off Route,8,16,N/B,7730
2015/01/15,190,8:55:00 AM,Thursday,Sheppard and Victoria Park,Mechanical,5,11,W,1727
2015/01/15,100,9:23:00 AM,Thursday,concord Place,Mechanical,4,8,WB,7546
2015/01/15,60,9:25:00 AM,Thursday,PKAI,Mechanical,7,14,E,1574
2015/01/15,54,9:31:00 AM,Thursday,Lawrence Don Mills,Utilized Off Route,6,12,wb,7575
2015/01/15,72,9:32:00 AM,Thursday,Pape Stn,Investigation,10,20,N/B,7803
2015/01/15,41,9:35:00 AM,Thursday,keele and Sheppard,Investigation,9,18,s,9137
2015/01/15,39,9:43:00 AM,Thursday,Finch &  Middlefield,Mechanical,4,10,EB,1351
2015/01/15,36,9:43:00 AM,Thursday,Finch/Weston,Mechanical,5,11,E,9130
2015/01/15,6,10:00:00 AM,Thursday,Queens Quay and Sherbourne,Mechanical,10,20,N,1412
2015/01/15,88,10:05:00 AM,Thursday,St.Clair Station,Mechanical,30,60,EB,8187
2015/01/15,70,10:10:00 AM,Thursday,Oconnor Bermondsey rd,Mechanical,18,36,wb,7423
2015/01/15,196,10:30:00 AM,Thursday,Downsview STN,Mechanical,2,4,NB,9411
2015/01/15,24,10:41:00 AM,Thursday,VP at Lawrence,Mechanical,20,40,N/B,7786
2015/01/15,168,10:51:00 AM,Thursday,Dundas West Station,Mechanical,10,20,,7323
2015/01/15,41,10:55:00 AM,Thursday,Steeles and Petrolia,Mechanical,7,14,s/b,1016
2015/01/15,117,11:04:00 AM,Thursday,Dufferin and Gerry Fitzerald,Investigation,20,40,S/B,8393
2015/01/15,43,11:21:00 AM,Thursday,Kennedy Station,Mechanical,12,24,n/b,7523
2015/01/15,29,11:37:00 AM,Thursday,Wilson and Dufferin,Mechanical,4,8,S/B,9038
2015/01/15,102,11:38:00 AM,Thursday,Warden Stn.,Utilized Off Route,15,30,N/B,7774
2015/01/15,100,11:40:00 AM,Thursday,Broadview Station,Utilized Off Route,4,8,EB,7441
2015/01/15,41,11:50:00 AM,Thursday,Keele and Lawrence,Mechanical,7,14,n/b,1601
2015/01/15,756,12:00:00 PM,Thursday,Bingham Loop,Utilized Off Route,1,1,B/W,8105
2015/01/15,35,12:00:00 PM,Thursday,Jane and Alliance,Investigation,8,16,S,1260
2015/01/15,192,12:25:00 PM,Thursday,Kipling Station,Mechanical,11,21,n/b,8004
2015/01/15,32,12:47:00 PM,Thursday,Eglinton and Blackcreek,Mechanical,7,14,WB,1582
2015/01/15,104,12:47:00 PM,Thursday,Downsview stn,Mechanical,15,30,s,8388
2015/01/15,36,12:48:00 PM,Thursday,Humberwood loop,Mechanical,5,11,E,9122
2015/01/15,94,1:01:00 PM,Thursday,Harbourd and Hoskins,Diversion,0,0,e/b,1567
2015/01/15,84,1:25:00 PM,Thursday,Weston Rd. and Bradstock,Mechanical,10,19,W/B,1789
2015/01/15,34,1:38:00 PM,Thursday,74 Metres after Yonge St on Eglinton,Investigation,8,16,W/B,7653
2015/01/15,75,1:45:00 PM,Thursday,Jarvis and Queens Quay,Investigation,7,14,nb,8338
2015/01/15,104,1:47:00 PM,Thursday,WISON STN,Investigation,15,30,n,8387
2015/01/15,224,1:48:00 PM,Thursday,Eglinton Garage,Late Leaving Garage,0,38,,7551
2015/01/15,42,1:57:00 PM,Thursday,Finch Station,Mechanical,12,24,E,8351
2015/01/15,709,2:00:00 PM,Thursday,Eglinton station,Utilized Off Route,1,1,,1253
2015/01/15,779,2:00:00 PM,Thursday,Mt Dennis,Utilized Off Route,1,1,,1612
2015/01/15,779,2:00:00 PM,Thursday,Mt Dennis,Utilized Off Route,1,1,,1055
2015/01/15,29,2:00:00 PM,Thursday,Dufferin route,General Delay,40,25,B,
2015/01/15,35,2:10:00 PM,Thursday,Jane and Finch,Mechanical,3,6,s/b,1311
2015/01/15,196,2:10:00 PM,Thursday,Downsview STN,Utilized Off Route,2,4,NB,8163
2015/01/15,59,2:21:00 PM,Thursday,Lawrence W.stn,Mechanical,15,30,w/b,7235
2015/01/15,756,2:30:00 PM,Thursday,Bingham Loop,Utilized Off Route,1,1,B/W,7746
2015/01/15,59,2:34:00 PM,Thursday,Lawrence W. Stn,Late Leaving Garage,16,32,w/b,1809
2015/01/15,95,2:42:00 PM,Thursday,York Mills stn,Mechanical,5,10,EB,1733
2015/01/15,35,2:50:00 PM,Thursday,Jane stn,Late Leaving Garage,5,10,n/b,1392
2015/01/15,46,2:53:00 PM,Thursday,Bloor and Kipling,Diversion,28,32,N/B,1818
2015/01/15,122,2:55:00 PM,Thursday,Roywood,Mechanical,16,32,W,8209
2015/01/15,34,3:00:00 PM,Thursday,EGLINTON YARD,Utilized Off Route,1,1,e,7512
2015/01/15,54,3:00:00 PM,Thursday,Eglinton yard,Utilized Off Route,1,1,e,7649
2015/01/15,111,3:00:00 PM,Thursday,Kipling station to Widdicombe@Richgrove,General Delay,15,0,BW,
2015/01/15,780,3:00:00 PM,Thursday,Eglinton Yard,Utilized Off Route,1,1,e,7534
2015/01/15,88,3:02:00 PM,Thursday,St. Clair Stn.,Mechanical,8,22,e,8306
2015/01/15,129,3:02:00 PM,Thursday,Scar Town,Late Leaving Garage,7,12,N,1749
2015/01/15,196,3:02:00 PM,Thursday,Downsview STN,Mechanical,2,4,NB,8148
2015/01/15,771,3:03:00 PM,Thursday,Wilson Yard,Late Leaving Garage,1,1,NB,9422
2015/01/15,79,3:03:00 PM,Thursday,Pine and Lawrence,Late Leaving Garage,12,24,s/b,1412
2015/01/15,75,3:06:00 PM,Thursday,Jarvis St.-Queens Quay,Late Leaving Garage,7,14,nb,9409
2015/01/15,89,3:06:00 PM,Thursday,Keele station,Late Leaving Garage,7,14,N/B,1667
2015/01/15,7,3:09:00 PM,Thursday,Wilson Rd-Bathurst,Mechanical,8,16,nb,9049
2015/01/15,190,3:09:00 PM,Thursday,STC,Late Leaving Garage,5,10,W,1724
2015/01/15,32,3:10:00 PM,Thursday,Eglinton and Keele,Late Leaving Garage,5,10,EB,1269
2015/01/15,32,3:11:00 PM,Thursday,Eglinton station,Late Leaving Garage,5,10,WB,1638
2015/01/15,95,3:14:00 PM,Thursday,York Mills stn to Ellesmere SRT,Utilized Off Route,9,18,BW,1823
2015/01/15,15,3:15:00 PM,Thursday,Bishop Allen School,Late Leaving Garage,10,16,N,8045
2015/01/15,102,3:15:00 PM,Thursday,Birchmount garage,Mechanical,4,11,N,7728
2015/01/15,25,3:18:00 PM,Thursday,FMDM,Late Leaving Garage,3,7,S,7611
2015/01/15,37,3:22:00 PM,Thursday,Arrow Rd. Garage,Late Leaving Garage,10,19,S/B,
2015/01/15,131,3:23:00 PM,Thursday,`Kennedy stn,Late Leaving Garage,9,18,EB,1768
2015/01/15,111,3:28:00 PM,Thursday,Widdicombe at Richgrove,Mechanical,10,20,S,7311
2015/01/15,801,3:30:00 PM,Thursday,Wilson Garage,Utilized Off Route,1,1,,8133
2015/01/15,801,3:30:00 PM,Thursday,Wilson Garage,Utilized Off Route,1,1,,8196
2015/01/15,84,3:40:00 PM,Thursday,Rivalda and Sheppard,Late Leaving Garage,7,20,W,1311
2015/01/15,96,3:40:00 PM,Thursday,Yorkmills,Late Leaving Garage,14,28,w,7203
2015/01/15,76,3:41:00 PM,Thursday,Royal York and Stn,Mechanical,5,10,s,7318
2015/01/15,95,3:42:00 PM,Thursday,Military Trail  College loop,Late Leaving Garage,12,24,WB,1742
2015/01/15,31,3:44:00 PM,Thursday,Greenwood Station,Mechanical,10,20,S,7682
2015/01/15,36,3:45:00 PM,Thursday,Finch station 36D,Late Leaving Garage,12,25,W,9106
2015/01/15,7,3:45:00 PM,Thursday,Wilson-Bathurst,Late Leaving Garage,8,16,nb,9010
2015/01/15,143,3:46:00 PM,Thursday,Sherbourne and Richmond,Late Leaving Garage,1,1,W,7855
2015/01/15,86,3:48:00 PM,Thursday,Eglinton & McCowan,Mechanical,15,30,E,7472
2015/01/15,60,3:50:00 PM,Thursday,Finch Station,Late Leaving Garage,7,14,W,0
2015/01/15,87,3:54:00 PM,Thursday,Broadview stn,Utilized Off Route,5,10,E,8119
2015/01/15,37,3:55:00 PM,Thursday,Steeles and Islington,Late Leaving Garage,10,19,S,7913
2015/01/15,36,3:57:00 PM,Thursday,Finch station,Late Leaving Garage,13,25,W,9110
2015/01/15,32,4:00:00 PM,Thursday,Eglinton station,Investigation,5,10,WB,1647
2015/01/15,124,4:03:00 PM,Thursday,Lawrence Stn.,Utilized Off Route,6,12,nb,8379
2015/01/15,10,4:05:00 PM,Thursday,Wilson Yard,Late Leaving Garage,10,20,NB,8333
2015/01/15,46,4:07:00 PM,Thursday,Rexdale Blvd.,Mechanical,11,22,S,1410
2015/01/15,97,4:15:00 PM,Thursday,Yonge & Eglinton,Mechanical,30,60,s,8195
2015/01/15,100,4:18:00 PM,Thursday,Don Mills and Eglinton,Mechanical,6,12,S,7442
2015/01/15,111,4:20:00 PM,Thursday,Eastmall at Yarn st.,Investigation,10,20,N,7309
2015/01/15,39,4:29:00 PM,Thursday,Finch - Birchmount Rd,Mechanical,10,15,E,9448
2015/01/15,53,4:30:00 PM,Thursday,Birchmount & Steeles,General Delay,8,16,E,
2015/01/15,87,4:32:00 PM,Thursday,MAIN STATION,Investigation,6,12,N,8115
2015/01/15,32,4:36:00 PM,Thursday,Pine and Lawrence,Utilized Off Route,8,16,E/B,1218
2015/01/15,196,4:50:00 PM,Thursday,Downsview STN,Mechanical,2,4,NB,9419
2015/01/15,60,4:53:00 PM,Thursday,Finch Stattion,Mechanical,7,14,W,1267
2015/01/15,190,5:00:00 PM,Thursday,Sheppard @ Victoria Park,Mechanical,5,10,E,1144
2015/01/15,6,5:20:00 PM,Thursday,Bedford and Bay,Mechanical,10,20,n/b,1584
2015/01/15,53,5:21:00 PM,Thursday,Passmore & Markham,Mechanical,16,30,W,9074
2015/01/15,29,5:22:00 PM,Thursday,Queen,Mechanical,5,10,N,9004
2015/01/15,122,5:34:00 PM,Thursday,York Mills station,Mechanical,16,32,E,8185
2015/01/15,47,5:41:00 PM,Thursday,lansdowne stn,Investigation,13,26,s/b,1038
2015/01/15,106,5:46:00 PM,Thursday,Downsview STN,Mechanical,10,20,NB,8374
2015/01/15,73,5:46:00 PM,Thursday,Royal York stn,Mechanical,20,40,s,7342
2015/01/15,191,6:17:00 PM,Thursday,Finch and John Garland Blvd.,Mechanical,5,10,N/B,7935
2015/01/15,96,6:44:00 PM,Thursday,Carrier loop,Mechanical,18,36,77,1355
2015/01/15,17,6:45:00 PM,Thursday,Warden Stn,Mechanical,12,24,n,7792
2015/01/15,98,7:02:00 PM,Thursday,Steeles Loop,Mechanical,30,60,S,8193
2015/01/15,68,7:19:00 PM,Thursday,Warden and Sheppard,Mechanical,10,16,NB,7616
2015/01/15,195,7:19:00 PM,Thursday,Jane and Chalkfarm,Investigation,10,20,s/b,1320
2015/01/15,196,7:34:00 PM,Thursday,Downsview Station,Mechanical,3,6,W,9431
2015/01/15,106,8:10:00 PM,Thursday,Downsview Station,Mechanical,0,0,n,8373
2015/01/15,196,8:14:00 PM,Thursday,Downsview station,Utilized Off Route,3,6,n,8183
2015/01/15,95,8:37:00 PM,Thursday,Ellesmere at Brimley,Mechanical,5,13,W/B,1283
2015/01/15,54,8:56:00 PM,Thursday,Lawrance RT station,Mechanical,8,16,WB,7405
2015/01/15,32,8:59:00 PM,Thursday,eglinton west stn,Mechanical,10,20,e/b,1061
2015/01/15,95,9:09:00 PM,Thursday,York Mills station,Utilized Off Route,13,27,E/B,1708
2015/01/15,129,9:40:00 PM,Thursday,N/B HWY7 and McCowan rd.,Mechanical,24,42,N,1738
2015/01/15,192,10:17:00 PM,Thursday,Kipling Stn,Mechanical,9,18,nb,8038
2015/01/15,95,10:24:00 PM,Thursday,W/B Donmills and Yorkmills,Mechanical,6,13,W,1077
2015/01/15,102,10:41:00 PM,Thursday,Centennial College,Mechanical,19,38,s,8110
2015/01/15,129,11:20:00 PM,Thursday,STC,Emergency Services,10,20,N/B,1797
2015/01/16,39,1:07:00 AM,Friday,Finch and Cherokee Blvd,Mechanical,6,12,W,1784
2015/01/16,100,1:08:00 AM,Friday,Eglinton & Bayview,Mechanical,10,20,EB,7447
2015/01/16,86,1:27:00 AM,Friday,Eglinton & Danforth Rd,Investigation,10,20,EB,7635
2015/01/16,70,2:06:00 AM,Friday,Coxwell & Plains,Mechanical,15,15,EB,7560
2015/01/16,320,3:30:00 AM,Friday,yonge and finch,Mechanical,4,8,n/b,8187
2015/01/16,300,3:39:00 AM,Friday,E/B Islington and Bloor,Emergency Services,20,40,E,7789
2015/01/16,86,4:20:00 AM,Friday,Kennedy Stn,Mechanical,1,1,E/B,7476
2015/01/16,34,4:30:00 AM,Friday,Eglinton Stn,Mechanical,4,8,E/B,7617
2015/01/16,309,4:40:00 AM,Friday,Finch and yonge,Mechanical,24,47,W/B,1275
2015/01/16,198,5:00:00 AM,Friday,Eglinton Garage,Utilized Off Route,10,20,sb,7501
2015/01/16,116,5:00:00 AM,Friday,Eglinton Garage,Utilized Off Route,23,46,sb,7404
2015/01/16,86,5:00:00 AM,Friday,Eglinton Garage,Utilized Off Route,11,22,sb,7604
2015/01/16,773,5:00:00 AM,Friday,Mt. Dennis Garage,Utilized Off Route,1,1,e/b,1535
2015/01/16,773,5:00:00 AM,Friday,Mt. Dennis Garage,Utilized Off Route,1,1,e/b,1525
2015/01/16,773,5:00:00 AM,Friday,Mt. Dennis Garage,Utilized Off Route,1,1,e/b,1059
2015/01/16,34,5:03:00 AM,Friday,eglinton Yard,Late Leaving Garage,1,1,E/B,7537
2015/01/16,36,5:13:00 AM,Friday,Finch/Arrow,Late Leaving Garage,8,18,E,9109
2015/01/16,36,5:14:00 AM,Friday,Finch/Weston,Late Leaving Garage,22,45,W,9125
2015/01/16,801,5:19:00 AM,Friday,Russell Division,Utilized Off Route,1,1,,8123
2015/01/16,72,5:19:00 AM,Friday,Pape stn,Mechanical,8,16,N,7694
2015/01/16,117,5:20:00 AM,Friday,Wilson Station,Late Leaving Garage,34,0,n,8350
2015/01/16,36,5:25:00 AM,Friday,Arrow Garage,Late Leaving Garage,0,0,E,9116
2015/01/16,38,5:30:00 AM,Friday,Scarborough Town Centre,Mechanical,15,0,E,1722
2015/01/16,53,5:30:00 AM,Friday,Morningside and Staines,Mechanical,6,21,w,9083
2015/01/16,116,5:30:00 AM,Friday,Kennedy Stn,Mechanical,6,1,E/B,7436
2015/01/16,801,5:33:00 AM,Friday,Russell Division,Utilized Off Route,1,1,,8354
2015/01/16,95,5:36:00 AM,Friday,York Mills and Fenside,Diversion,406,410,WB,1074
2015/01/16,39,5:38:00 AM,Friday,Malvern garage,Mechanical,4,8,WB,7033
2015/01/16,66,5:40:00 AM,Friday,Humber Loop,Mechanical,20,40,,8051
2015/01/16,90,5:46:00 AM,Friday,Wilson Garage,Mechanical,10,15,,8130
2015/01/16,87,5:55:00 AM,Friday,Coxwell at Mortimer,Utilized Off Route,8,16,w,8114
2015/01/16,756,5:55:00 AM,Friday,Birchmount Yard,Utilized Off Route,1,1,w,8101
2015/01/16,34,5:55:00 AM,Friday,Kennedy Stn,Mechanical,4,8,E/B,7515
2015/01/16,32,5:56:00 AM,Friday,Eglinton station,Late Leaving Garage,5,11,w/b,1678
2015/01/16,169,6:00:00 AM,Friday,Scarborough Town Centre Station,Mechanical,30,50,w,8369
2015/01/16,199,6:06:00 AM,Friday,STC,Utilized Off Route,3,5,W/B,1718
2015/01/16,32,6:07:00 AM,Friday,Eglinton and Keele,Late Leaving Garage,5,10,e/b,1202
2015/01/16,85,6:09:00 AM,Friday,Meadowvale loop,Late Leaving Garage,6,11,W,9072
2015/01/16,89,6:12:00 AM,Friday,Keele station,Mechanical,10,20,n,1551
2015/01/16,68,6:14:00 AM,Friday,Warden and Steeles Ave.,Late Leaving Garage,13,26,nb,7415
2015/01/16,95,6:14:00 AM,Friday,York Mills and Fenside,Diversion,363,367,EB,1119
2015/01/16,165,6:14:00 AM,Friday,York Mills StN,Mechanical,10,5,EB,1222
2015/01/16,44,6:17:00 AM,Friday,Col Sam Smith Loop,Late Leaving Garage,8,17,n/b,7317
2015/01/16,96,6:22:00 AM,Friday,Garage,Late Leaving Garage,20,40,,7249
2015/01/16,36,6:23:00 AM,Friday,Humberwood Loop,Late Leaving Garage,5,10,E,1386
2015/01/16,32,6:32:00 AM,Friday,Eglinton and Emmett,Mechanical,10,20,e/b,1533
2015/01/16,29,6:34:00 AM,Friday,Tycos Dr. and Lansdowne Ave.,Mechanical,4,7,sb,9050
2015/01/16,88,6:36:00 AM,Friday,St Clair Station,Mechanical,6,12,e,8341
2015/01/16,196,6:38:00 AM,Friday,York University Commons,Mechanical,10,19,s,8326
2015/01/16,72,6:39:00 AM,Friday,PAPE STATION,Mechanical,8,16,S,7825
2015/01/16,60,6:40:00 AM,Friday,FSTN,Late Leaving Garage,8,16,W,1213
2015/01/16,95,6:41:00 AM,Friday,York Mills Station,Mechanical,7,14,EB,1148
2015/01/16,195,6:43:00 AM,Friday,Jane and Steeles,Late Leaving Garage,10,20,S,1257
2015/01/16,35,6:45:00 AM,Friday,Jane stn.,Mechanical,10,20,n,1302
2015/01/16,36,6:54:00 AM,Friday,Finch STn,Late Leaving Garage,11,22,W,1374
2015/01/16,95,6:54:00 AM,Friday,College Loop,Late Leaving Garage,9,18,WB,1787
2015/01/16,36,6:55:00 AM,Friday,Humberwood Loop,Mechanical,5,10,E,1241
2015/01/16,134,7:03:00 AM,Friday,Scarborough Town Centre,Mechanical,6,12,e,1827
2015/01/16,56,7:10:00 AM,Friday,Brentcli.ffe and Eglinton,Mechanical,13,26,s/b,9404
2015/01/16,26,7:10:00 AM,Friday,St George,Mechanical,16,32,w,7323
2015/01/16,196,7:18:00 AM,Friday,Sheppard Station,Mechanical,6,12,w,9419
2015/01/16,29,7:19:00 AM,Friday,Duffrin and Auburn,Mechanical,3,7,sb,9025
2015/01/16,196,7:21:00 AM,Friday,Downsview Station,Mechanical,2,6,n,8161
2015/01/16,75,7:21:00 AM,Friday,Wilson Garage,Late Leaving Garage,8,11,,9408
2015/01/16,56,7:26:00 AM,Friday,Eglinton stn,Late Leaving Garage,3,5,s/b,8209
2015/01/16,198,7:39:00 AM,Friday,WarnSworth St,Investigation,10,20,E/B,7414
2015/01/16,36,7:45:00 AM,Friday,Finch Stn,Mechanical,7,11,W,9115
2015/01/16,124,7:59:00 AM,Friday,Lawrence Station,Mechanical,6,12,e,8351
2015/01/16,39,7:59:00 AM,Friday,Finch Station,Utilized Off Route,3,8,EB,1810
2015/01/16,96,7:59:00 AM,Friday,Wilson Stn,Mechanical,20,40,EB,7247
2015/01/16,24,8:00:00 AM,Friday,VP at York Mills,General Delay,10,20,s,8112
2015/01/16,95,8:00:00 AM,Friday,Entire Route,General Delay,30,0,BW,
2015/01/16,196,8:15:00 AM,Friday,Downsview Station,Mechanical,2,6,n,9426
2015/01/16,39,8:19:00 AM,Friday,Mccowan Rd & Finch Ave,Mechanical,7,14,EB,1812
2015/01/16,54,8:37:00 AM,Friday,Eglinton Station,Late Leaving Garage,9,18,wb,7433
2015/01/16,84,8:53:00 AM,Friday,Sheppard and Jane,Mechanical,5,9,w,1505
2015/01/16,95,8:54:00 AM,Friday,York Mills at Fenside,Diversion,7,14,E/B,1081
2015/01/16,111,10:00:00 AM,Friday,Kipling station,Mechanical,10,20,N,7318
2015/01/16,29,10:14:00 AM,Friday,Dufferin and Hope St.,Diversion,120,124,nb,9034
2015/01/16,196,10:20:00 AM,Friday,Downsview STN,Mechanical,2,4,NB,9424
2015/01/16,196,10:38:00 AM,Friday,Downsview STN,Utilized Off Route,2,4,SB,8385
2015/01/16,104,10:38:00 AM,Friday,Downsview STN,Mechanical,1,1,nb,8147
2015/01/16,44,10:39:00 AM,Friday,Col Sam Smith Loop,Mechanical,6,12,n/b,8090
2015/01/16,165,10:40:00 AM,Friday,Wilson and Clayson,Mechanical,9,17,EB,7219
2015/01/16,79,11:06:00 AM,Friday,Annette & Runnymede,Investigation,12,24,s/b,1233
2015/01/16,54,11:08:00 AM,Friday,Eglinton Station,Mechanical,13,26,wb,7423
2015/01/16,196,11:11:00 AM,Friday,Downsview STN,Mechanical,2,4,SB,8135
2015/01/16,54,11:21:00 AM,Friday,Lawrence SRT North Roadway,Diversion,12,24,wb,7569
2015/01/16,54,11:21:00 AM,Friday,SRT North Service Rd and Lawrence Ave. East,Investigation,12,24,wb,7569
2015/01/16,12,11:24:00 AM,Friday,VP STATION,Emergency Services,20,40,E,7775
2015/01/16,39,11:30:00 AM,Friday,Bayview Ave and finch Ave,Investigation,6,12,EB,1742
2015/01/16,106,11:38:00 AM,Friday,York Commons,Mechanical,10,20,NB,9411
2015/01/16,65,11:40:00 AM,Friday,ADELAIDE AND PARLIAMENT,Emergency Services,18,36,SB,7808
2015/01/16,196,11:43:00 AM,Friday,Downsview STN,Utilized Off Route,2,4,NB,8188
2015/01/16,110,11:50:00 AM,Friday,Islington station,Mechanical,8,16,S,7334
2015/01/16,196,11:53:00 AM,Friday,Downsview STN,Mechanical,2,4,NB,8147
2015/01/16,11,12:04:00 PM,Friday,Davisville stn,Utilized Off Route,10,20,n/b,8344
2015/01/16,196,12:07:00 PM,Friday,Downsview STN,Mechanical,2,4,NB,9419
2015/01/16,96,12:13:00 PM,Friday,Albion and Elmhurst,Diversion,124,158,B/W,7239
2015/01/16,41,12:19:00 PM,Friday,Keele and St Clair,Diversion,31,38,n/b,
2015/01/16,41,12:19:00 PM,Friday,Keele and St Clair,Investigation,7,14,n/b,1528
2015/01/16,37,12:24:00 PM,Friday,Islington and Eglinton,Mechanical,9,18,SB,1701
2015/01/16,709,12:28:00 PM,Friday,Eglinton station,Utilized Off Route,1,1,,1586
2015/01/16,161,12:41:00 PM,Friday,Alliance and Jane,Investigation,7,14,w/b,1621
2015/01/16,94,1:01:00 PM,Friday,Harbord and Hurun,Diversion,48,10,e/b,1567
2015/01/16,102,1:08:00 PM,Friday,Warden Stn.,Utilized Off Route,15,30,n,8102
2015/01/16,80,1:08:00 PM,Friday,Sherway Gardens,Mechanical,24,48,E,8075
2015/01/16,39,1:31:00 PM,Friday,Midland,Mechanical,6,12,WB,1711
2015/01/16,17,1:43:00 PM,Friday,Finch Ave,Mechanical,13,26,n,7827
2015/01/16,90,1:48:00 PM,Friday,St.Clair and Vaughan,General Delay,10,20,bw,
2015/01/16,90,1:48:00 PM,Friday,St.Clair and Vaughan,Investigation,10,20,bw,8374
2015/01/16,709,1:54:00 PM,Friday,Eglinton west station,Utilized Off Route,1,1,s/b,1648
2015/01/16,63,1:56:00 PM,Friday,Queen and Shaw,Utilized Off Route,7,14,n/b,1066
2015/01/16,104,2:00:00 PM,Friday,All along the route,General Delay,20,29,b/w,
2015/01/16,57,2:00:00 PM,Friday,Ellesmere and Midland,Mechanical,11,22,N,7687
2015/01/16,45,2:00:00 PM,Friday,Route 45 Kipling,General Delay,1,1,b/w,
2015/01/16,29,2:00:00 PM,Friday,Dufferin route,General Delay,30,20,B,
2015/01/16,773,2:00:00 PM,Friday,Mt. Dennis Garage,Utilized Off Route,1,1,e/b,1522
2015/01/16,773,2:00:00 PM,Friday,Mt. Dennis Garage,Utilized Off Route,1,1,e/b,1059
2015/01/16,709,2:00:00 PM,Friday,Eglinton station,Utilized Off Route,5,10,e/b,1640
2015/01/16,26,2:05:00 PM,Friday,Dundas and Annette,Investigation,20,40,n,8066
2015/01/16,107,2:05:00 PM,Friday,Downsview STN,Mechanical,10,1,NB,8187
2015/01/16,196,2:05:00 PM,Friday,Downsview STN,Utilized Off Route,2,4,NB,8348
2015/01/16,196,2:05:00 PM,Friday,Downsview STN,Mechanical,2,4,NB,8147
2015/01/16,35,2:12:00 PM,Friday,JNST,Late Leaving Garage,20,40,N,1361
2015/01/16,104,2:21:00 PM,Friday,Wilson STN,Mechanical,15,30,NB,8380
2015/01/16,52,2:30:00 PM,Friday,Entire Route,General Delay,10,15,B/W,
2015/01/16,756,2:30:00 PM,Friday,Birchmount Garage,Utilized Off Route,1,1,s,7709
2015/01/16,105,2:32:00 PM,Friday,Wilson Yard,Late Leaving Garage,10,1,NB,8302
2015/01/16,17,2:32:00 PM,Friday,Birchmount garage,Mechanical,7,13,N,7705
2015/01/16,161,2:39:00 PM,Friday,Lambton and Jane,Late Leaving Garage,2,11,e/b,1541
2015/01/16,95,2:44:00 PM,Friday,Pope John Paul,Late Leaving Garage,12,24,w/b,1808
2015/01/16,60,2:45:00 PM,Friday,Finch Station,Late Leaving Garage,11,22,W,1382
2015/01/16,122,2:45:00 PM,Friday,Roywood and Fenside,Mechanical,16,32,W,8148
2015/01/16,107,2:46:00 PM,Friday,Downsview STN,Mechanical,4,24,NB,9433
2015/01/16,25,2:46:00 PM,Friday,Eglinton Garage,Mechanical,1,1,N,7553
2015/01/16,85,2:52:00 PM,Friday,Don Mills Stn,Late Leaving Garage,16,32,W,1829
2015/01/16,25,2:52:00 PM,Friday,Pape Stn,Mechanical,6,10,N,7638
2015/01/16,41,2:56:00 PM,Friday,York University,Utilized Off Route,18,36,S/b,1030
2015/01/16,65,2:56:00 PM,Friday,Birchmount garage,Mechanical,9,19,W,7751
2015/01/16,21,2:59:00 PM,Friday,Steeles and Brimley,Late Leaving Garage,14,28,S,7718
2015/01/16,87,2:59:00 PM,Friday,Main stn,Utilized Off Route,6,12,W,7709
2015/01/16,29,3:00:00 PM,Friday,Wilson Station,Mechanical,5,10,S,8141
2015/01/16,999,3:00:00 PM,Friday,egl yard,Utilized Off Route,1,1,e,7452
2015/01/16,34,3:00:00 PM,Friday,Egl yard,Utilized Off Route,1,1,e,7556
2015/01/16,999,3:00:00 PM,Friday,egl yard,Utilized Off Route,1,1,e,7401
2015/01/16,34,3:00:00 PM,Friday,34-Eglinton Route,General Delay,9,13,BW,
2015/01/16,190,3:00:00 PM,Friday,STC,Late Leaving Garage,5,10,W,1718
2015/01/16,95,3:05:00 PM,Friday,Ellesmere SRT,Late Leaving Garage,9,18,w/b,1772
2015/01/16,95,3:06:00 PM,Friday,York Mills C.I.,Utilized Off Route,9,18,E/B,1769
2015/01/16,41,3:10:00 PM,Friday,Keele and St. Clair,Mechanical,9,18,S/b,9139
2015/01/16,195,3:11:00 PM,Friday,Stanley Rd,Investigation,10,20,S,1706
2015/01/16,17,3:13:00 PM,Friday,Birchmount/Finch,Mechanical,7,13,N,7705
2015/01/16,105,3:16:00 PM,Friday,Downsview STN,Mechanical,10,1,NB,9414
2015/01/16,105,3:17:00 PM,Friday,Wilson Yard,Late Leaving Garage,10,20,NB,9428
2015/01/16,53,3:18:00 PM,Friday,Markham/Passmore,Mechanical,5,10,WB,1774
2015/01/16,60,3:19:00 PM,Friday,York U Commons,Mechanical,11,22,E,7208
2015/01/16,84,3:20:00 PM,Friday,Beecroft Road on Sheppard Avenue,Mechanical,5,10,W,1276
2015/01/16,45,3:22:00 PM,Friday,Kipling / Dixon,Investigation,4,15,s/b,7933
2015/01/16,89,3:24:00 PM,Friday,Keele Station,Utilized Off Route,7,14,N/b,1045
2015/01/16,126,3:30:00 PM,Friday,Entire Route,General Delay,15,30,B/W,
2015/01/16,801,3:30:00 PM,Friday,Wilson Garage,Utilized Off Route,1,1,e,8153
2015/01/16,801,3:30:00 PM,Friday,Wilson garage,Utilized Off Route,1,1,e,8339
2015/01/16,97,3:31:00 PM,Friday,Yonge & Sheppard,General Delay,30,60,S/N,8139
2015/01/16,191,3:33:00 PM,Friday,HWY 427 and Rathburn,Mechanical,5,10,N,1236
2015/01/16,60,3:35:00 PM,Friday,Finch Station,Late Leaving Garage,11,22,W,7229
2015/01/16,34,3:38:00 PM,Friday,Eglinton and Warden,Investigation,4,8,EB,7576
2015/01/16,96,3:40:00 PM,Friday,keele/Wilson,Mechanical,18,36,w,7235
2015/01/16,73,3:43:00 PM,Friday,Royal York stn,Investigation,20,40,n,8099
2015/01/16,108,3:45:00 PM,Friday,Jane and Driftwood,Diversion,30,44,W,1221
2015/01/16,108,3:45:00 PM,Friday,Entire 108 Downsview route,General Delay,10,18,B/W,
2015/01/16,68,3:45:00 PM,Friday,WARDEN & EGLINTON,Diversion,7,40,SB,7507
2015/01/16,78,3:45:00 PM,Friday,York Mills station,Mechanical,15,30,E,9443
2015/01/16,45,3:52:00 PM,Friday,Kipling station,Mechanical,4,15,s/b,7933
2015/01/16,36,3:57:00 PM,Friday,Finch and Milvan,Mechanical,12,25,E,9115
2015/01/16,52,3:58:00 PM,Friday,Lawrence Stn,Late Leaving Garage,11,17,W/B,1687
2015/01/16,25,3:59:00 PM,Friday,Pape Stn,Mechanical,4,8,N,7495
2015/01/16,95,4:00:00 PM,Friday,Entire Route,General Delay,10,15,B/W's,
2015/01/16,96,4:00:00 PM,Friday,Islington/Elmhurst,Diversion,18,36,w,1576
2015/01/16,165,4:00:00 PM,Friday,Weston Road route,General Delay,15,30,w,
2015/01/16,96,4:00:00 PM,Friday,Wilson Route,General Delay,15,30,w,
2015/01/16,36,4:00:00 PM,Friday,Finch West @ Weston,General Delay,20,27,B,
2015/01/16,196,4:02:00 PM,Friday,Harlock & Sheppard,Mechanical,6,12,EB,9404
2015/01/16,124,4:03:00 PM,Friday,Lawrence Stn.,Utilized Off Route,9,12,s,8301
2015/01/16,17,4:04:00 PM,Friday,Warden stn,Utilized Off Route,7,13,N,8112
2015/01/16,80,4:06:00 PM,Friday,Kipling/Queensway,Mechanical,30,54,W,8076
2015/01/16,16,4:09:00 PM,Friday,Warden stn,Investigation,10,23,S,7741
2015/01/16,52,4:09:00 PM,Friday,Lawrence Stn,Utilized Off Route,11,16,W/B,1609
2015/01/16,96,4:13:00 PM,Friday,humberline/loop,Mechanical,14,18,w,1344
2015/01/16,56,4:20:00 PM,Friday,Eglinton Station,Mechanical,24,48,S,8152
2015/01/16,95,4:23:00 PM,Friday,York Mills Station,Utilized Off Route,9,18,e/b,1281
2015/01/16,17,4:30:00 PM,Friday,Warden stn,Utilized Off Route,7,13,N,7721
2015/01/16,36,4:30:00 PM,Friday,Finch and Signet,Diversion,120,125,W,9134
2015/01/16,32,4:36:00 PM,Friday,Pine and Lawrence,Utilized Off Route,8,16,E/B,1040
2015/01/16,60,4:37:00 PM,Friday,York U Commons,Mechanical,7,14,E,1545
2015/01/16,165,4:42:00 PM,Friday,yorkmills station.,Mechanical,5,10,w,7247
2015/01/16,47,4:52:00 PM,Friday,Lansdowne and Dundas,Diversion,13,20,n/b,
2015/01/16,47,4:59:00 PM,Friday,Lansdowne and Davenport,Investigation,13,26,s/b,1025
2015/01/16,709,4:59:00 PM,Friday,Eglinton west station,Utilized Off Route,1,1,e/b,1034
2015/01/16,21,5:00:00 PM,Friday,Brimley and Triton,Diversion,147,159,N,7874
2015/01/16,90,5:05:00 PM,Friday,St.Clair W Stn,Utilized Off Route,10,20,wb,8125
2015/01/16,59,5:08:00 PM,Friday,Lawrence W. Station,Utilized Off Route,13,26,W,1265
2015/01/16,199,5:11:00 PM,Friday,Seneca,Investigation,4,8,WB,1088
2015/01/16,39,5:11:00 PM,Friday,Leslie,Investigation,10,20,WB,1100
2015/01/16,122,5:14:00 PM,Friday,Lesmill Between Duncanmill and valleybrook,Emergency Services,10,26,b,8384
2015/01/16,37,5:40:00 PM,Friday,Islington Station Bus Bay,Mechanical,10,20,N,7202
2015/01/16,52,5:43:00 PM,Friday,Westwood Mall,Diversion,20,35,E/B,1539
2015/01/16,97,5:45:00 PM,Friday,Davisville Stn.,Mechanical,30,60,n,8393
2015/01/16,106,5:46:00 PM,Friday,Downsview STN,Utilized Off Route,10,20,NB,8345
2015/01/16,42,5:56:00 PM,Friday,Finch Stn.,Mechanical,11,23,w,8149
2015/01/16,199,6:00:00 PM,Friday,Finch Stn to STC,General Delay,12,15,E/W,
2015/01/16,39,6:00:00 PM,Friday,FSTN - OFIN/NECR,General Delay,12,17,BW,
2015/01/16,9,6:24:00 PM,Friday,Corporate Dr/Consilium Place,Investigation,15,30,w,7740
2015/01/16,36,6:28:00 PM,Friday,Finch station,Utilized Off Route,4,7,W,9115
2015/01/16,96,6:33:00 PM,Friday,Kinghigh/Wilson,Mechanical,14,28,w,7239
2015/01/16,84,6:42:00 PM,Friday,Sheppard and Arrow,Mechanical,6,17,E,7935
2015/01/16,63,6:59:00 PM,Friday,Ossington station,Mechanical,5,10,s/b,1581
2015/01/16,29,7:14:00 PM,Friday,Davenport,Mechanical,5,10,N,8304
2015/01/16,115,7:50:00 PM,Friday,bannatyne and Leslie,Mechanical,30,60,W,8124
2015/01/16,190,8:08:00 PM,Friday,STC,Mechanical,8,16,W,1109
2015/01/16,12,8:23:00 PM,Friday,Midland/Kingston Rd,Investigation,20,40,e,7764
2015/01/16,63,8:32:00 PM,Friday,eglinton west stn,Mechanical,7,14,s/n,1586
2015/01/16,32,8:40:00 PM,Friday,ennerdale and eglinton,Mechanical,9,18,w/b,1659
2015/01/16,42,8:50:00 PM,Friday,Finch Stn.,Emergency Services,10,20,eb,8150
2015/01/16,196,8:50:00 PM,Friday,Downsview station,Mechanical,3,6,n,8147
2015/01/16,24,8:52:00 PM,Friday,Victoria Park/Finch,Investigation,18,36,s,7698
2015/01/16,133,9:08:00 PM,Friday,N/B Livonia place on Neilson Rd,Mechanical,10,20,N,1738
2015/01/16,24,9:14:00 PM,Friday,Victoria Park Stn,Utilized Off Route,10,20,n,7758
2015/01/16,709,9:15:00 PM,Friday,keele and eglinton,Utilized Off Route,1,1,w/b,1507
2015/01/16,45,9:17:00 PM,Friday,kipling stn,Utilized Off Route,9,18,nb,7349
2015/01/16,47,9:20:00 PM,Friday,earlscourt loop,Utilized Off Route,20,40,s/b,1027
2015/01/16,47,9:20:00 PM,Friday,earlscourt loop,Utilized Off Route,20,40,s/b,1027
2015/01/16,90,9:28:00 PM,Friday,St.clair station,Mechanical,8,16,n,9421
2015/01/16,115,9:30:00 PM,Friday,York Mills station,Mechanical,30,60,E,8384
2015/01/16,196,10:00:00 PM,Friday,The Commons,Mechanical,3,6,s,9413
2015/01/16,122,10:05:00 PM,Friday,York Mills Station,Mechanical,30,60,E,8384
2015/01/16,139,10:16:00 PM,Friday,BDFI,Late Leaving Garage,6,12,e,1146
2015/01/16,68,10:20:00 PM,Friday,Warden & Sheppard,Diversion,12,28,NB,7666
2015/01/16,16,10:22:00 PM,Friday,Scarborough Town Centre,Mechanical,15,30,s,8117
2015/01/16,71,10:38:00 PM,Friday,annette and runnymede,Mechanical,20,40,n/b,1614
2015/01/16,32,10:48:00 PM,Friday,PINE AND LAWRENCE,Utilized Off Route,12,24,E/B,1513
2015/01/16,95,11:08:00 PM,Friday,W/B McCowan and Ellesmere,Mechanical,10,21,W,1739
2015/01/16,68,11:45:00 PM,Friday,Warden & Bamburgh Cir,Mechanical,16,32,NB,7585
2015/01/17,42,12:10:00 AM,Saturday,McNichol and Victoria park,Diversion,65,85,b/w,8136
2015/01/17,165,12:20:00 AM,Saturday,yorkmills,Mechanical,14,28,w/b,1519
2015/01/17,86,12:28:00 AM,Saturday,Kingston Rd & Beechgrove,Mechanical,11,22,WB,7414
2015/01/17,35,12:50:00 AM,Saturday,jane stn,Mechanical,10,20,n/b,1215
2015/01/17,300,1:54:00 AM,Saturday,E/B Bloor and Danforth,Mechanical,10,39,E,7478
2015/01/17,70,2:36:00 AM,Saturday,N/B Plains rd and Coxwell ave,Mechanical,15,30,N,7560
2015/01/17,319,2:50:00 AM,Saturday,keele and wilson,Investigation,15,30,e/b,1363
2015/01/17,319,2:50:00 AM,Saturday,keele and wilson,Investigation,15,30,e/b,1363
2015/01/17,312,3:10:00 AM,Saturday,Jane and Dundas,Investigation,30,60,E,1294
2015/01/17,300,3:57:00 AM,Saturday,W/B Kipling station,Mechanical,20,40,W,7967
2015/01/17,68,5:39:00 AM,Saturday,Warden & Danforth,Mechanical,24,35,N,7569
2015/01/17,67,5:40:00 AM,Saturday,Victoria Park,Mechanical,10,0,N,7569
2015/01/17,161,5:51:00 AM,Saturday,Alliance and Jane,Utilized Off Route,13,29,W/B,1253
2015/01/17,89,5:53:00 AM,Saturday,Keele Stn,Utilized Off Route,15,30,N/B,1022
2015/01/17,7,6:01:00 AM,Saturday,Bathurst station,Utilized Off Route,10,20,n/b,8346
2015/01/17,61,6:05:00 AM,Saturday,Eglinton stn,Late Leaving Garage,25,50,n/b,8144
2015/01/17,90,6:10:00 AM,Saturday,StClair west station,Late Leaving Garage,1,1,n/b,8168
2015/01/17,165,6:12:00 AM,Saturday,Steeles and Signett,Late Leaving Garage,15,30,s,1803
2015/01/17,86,6:15:00 AM,Saturday,Meadowvale & Sheppard,Investigation,10,20,N,7408
2015/01/17,29,6:20:00 AM,Saturday,Wilson station,Late Leaving Garage,8,16,s/b,8213
2015/01/17,21,6:25:00 AM,Saturday,Triton at Brimley,Mechanical,30,1,n,7723
2015/01/17,36,6:25:00 AM,Saturday,Garage,Late Leaving Garage,10,20,,9125
2015/01/17,25,6:48:00 AM,Saturday,Don Mills & York Mills,Mechanical,10,20,N,7638
2015/01/17,310,7:00:00 AM,Saturday,Bathurst Route,General Delay,25,55,,
2015/01/17,129,7:03:00 AM,Saturday,Mccowan and Trition,Mechanical,9,18,SB,1120
2015/01/17,41,7:14:00 AM,Saturday,Keele stn,Utilized Off Route,12,24,n,1663
2015/01/17,63,7:15:00 AM,Saturday,East Liberty,Utilized Off Route,8,16,N/B,1615
2015/01/17,41,7:20:00 AM,Saturday,Keele / Rogers,Mechanical,12,24,n,9137
2015/01/17,191,7:26:00 AM,Saturday,Garage,Late Leaving Garage,15,30,,7923
2015/01/17,195,7:29:00 AM,Saturday,Jane and Steeles,Late Leaving Garage,10,20,S,1394
2015/01/17,60,8:15:00 AM,Saturday,Garage,Late Leaving Garage,11,22,,1348
2015/01/17,72,9:17:00 AM,Saturday,Pape Stn.,Late Leaving Garage,10,20,s,7760
2015/01/17,43,9:27:00 AM,Saturday,Kennedy & Passmore,Mechanical,15,21,N,7641
2015/01/17,32,9:35:00 AM,Saturday,Eglinton Stn,Mechanical,10,20,W/B,1652
2015/01/17,32,9:40:00 AM,Saturday,Eglinton Stn,Late Leaving Garage,10,20,W/B,1515
2015/01/17,32,9:42:00 AM,Saturday,Pine and Lawrence,Late Leaving Garage,10,20,S/B,1620
2015/01/17,100,9:58:00 AM,Saturday,Eglinton Station,Late Leaving Garage,9,18,EB,7533
2015/01/17,54,10:01:00 AM,Saturday,Eglinton Stn,Mechanical,16,32,E,7593
2015/01/17,34,10:06:00 AM,Saturday,Victoria Park / Eglinton,Investigation,7,13,WB,7573
2015/01/17,165,10:12:00 AM,Saturday,Albon and Weston,Mechanical,11,21,E,1265
2015/01/17,71,10:13:00 AM,Saturday,Mount Dennis Division,Late Leaving Garage,16,31,S/B,1218
2015/01/17,62,10:28:00 AM,Saturday,Broadview Stn.,Mechanical,22,44,e,7680
2015/01/17,77,10:30:00 AM,Saturday,Entire Route,General Delay,20,40,B/W,1647
2015/01/17,79,10:32:00 AM,Saturday,Lawrence west / Weston rd,Investigation,10,20,n,1560
2015/01/17,24,10:39:00 AM,Saturday,VP Stn.,Mechanical,10,20,n,7772
2015/01/17,47,10:39:00 AM,Saturday,Yorkdale Mall,Late Leaving Garage,13,21,s/b,1418
2015/01/17,16,10:46:00 AM,Saturday,Danforth at Brimley,Investigation,12,24,n,7712
2015/01/17,36,10:53:00 AM,Saturday,Arrow and Finch,Mechanical,6,12,,9104
2015/01/17,22,11:06:00 AM,Saturday,Bingham Loop,Mechanical,11,22,N,7692
2015/01/17,54,11:31:00 AM,Saturday,Lawrence SRT Stn,Mechanical,16,32,E,7526
2015/01/17,106,11:32:00 AM,Saturday,Downsview stn,Mechanical,10,20,n/b,8154
2015/01/17,29,11:55:00 AM,Saturday,Dufferin and Wilson,Mechanical,5,10,s,8311
2015/01/17,29,12:00:00 PM,Saturday,Wilson Stn,Late Leaving Garage,3,7,s,9429
2015/01/17,21,12:00:00 PM,Saturday,21 Brimley,General Delay,8,18,bw,
2015/01/17,165,12:06:00 PM,Saturday,Finch and Weston,Late Leaving Garage,8,24,N,1257
2015/01/17,37,12:23:00 PM,Saturday,St. Phillips and Dixon,Mechanical,2,13,,1790
2015/01/17,95,12:38:00 PM,Saturday,York Mills Station,Late Leaving Garage,15,30,e/b,1086
2015/01/17,41,1:03:00 PM,Saturday,Founders and Steeles,Late Leaving Garage,7,14,s/b,1646
2015/01/17,52,1:05:00 PM,Saturday,Lawrence west stn,Mechanical,8,16,w,1516
2015/01/17,16,1:20:00 PM,Saturday,McCowan and Lawrence.,Diversion,10,20,B/W,7837
2015/01/17,29,1:24:00 PM,Saturday,,Late Leaving Garage,3,6,s,8136
2015/01/17,102,1:49:00 PM,Saturday,Warden Station,Late Leaving Garage,9,18,N,7879
2015/01/17,87,2:04:00 PM,Saturday,Broadview stn.,Utilized Off Route,13,26,w,8105
2015/01/17,8,2:08:00 PM,Saturday,Broadview Stn.,Investigation,15,30,s,7708
2015/01/17,57,2:09:00 PM,Saturday,SILVER STAR AND STEELES,Investigation,12,24,NB,7742
2015/01/17,84,2:13:00 PM,Saturday,Bradstock,Mechanical,6,12,E,1277
2015/01/17,43,2:23:00 PM,Saturday,42 Metres b4 Progress Aven. On Kennedy,Mechanical,14,28,S/B,7678
2015/01/17,45,2:40:00 PM,Saturday,KIPLING & REDWATER,Investigation,9,18,S,8075
2015/01/17,46,2:45:00 PM,Saturday,Steeles loop at Martingrove,Mechanical,17,34,S,1523
2015/01/17,24,3:05:00 PM,Saturday,Vic park Stn.,Mechanical,8,16,n,7792
2015/01/17,168,3:12:00 PM,Saturday,Bloor/Symington,Investigation,9,18,S,7330
2015/01/17,126,3:14:00 PM,Saturday,Entire Route,General Delay,15,30,B/W,1648
2015/01/17,96,3:30:00 PM,Saturday,Jane,Mechanical,16,32,E,1229
2015/01/17,709,3:49:00 PM,Saturday,Eglinton West Stn,Investigation,1,1,S/B,1052
2015/01/17,191,3:50:00 PM,Saturday,Kipling station,Mechanical,10,20,N,7936
2015/01/17,22,4:16:00 PM,Saturday,Coxwell and Queen,Mechanical,9,18,N,7740
2015/01/17,63,4:27:00 PM,Saturday,Oakwood and St.Clair,Mechanical,6,13,S/B,1050
2015/01/17,24,4:47:00 PM,Saturday,Southmede on Vic. Park,Investigation,8,16,n,7737
2015/01/17,84,4:47:00 PM,Saturday,Downsview Stn.,Mechanical,6,12,W,1399
2015/01/17,7,5:12:00 PM,Saturday,Bathurst at Wilson,Investigation,8,15,s,8388
2015/01/17,79,5:20:00 PM,Saturday,Scarlett rd / Eglinton,Mechanical,10,20,n,1589
2015/01/17,32,5:27:00 PM,Saturday,Eglinton by Eglinton West Stn,Mechanical,9,18,E/B,1042
2015/01/17,89,5:30:00 PM,Saturday,Keele station,Mechanical,7,18,s/b,1022
2015/01/17,190,5:36:00 PM,Saturday,Sheppard @ Pharmacy,Mechanical,9,18,E,1095
2015/01/17,41,5:53:00 PM,Saturday,Greenbrook and Keele,Emergency Services,7,14,s/b,1666
2015/01/17,110,5:53:00 PM,Saturday,Islington/Nordin ave,Mechanical,18,36,s/b,8041
2015/01/17,85,6:00:00 PM,Saturday,Don Mills Stn,Mechanical,20,40,W,1078
2015/01/17,85,6:04:00 PM,Saturday,Don Mills Stn,Utilized Off Route,5,10,W,1334
2015/01/17,54,6:15:00 PM,Saturday,Lawrence and Greencedar,Investigation,15,30,E,7640
2015/01/17,86,6:43:00 PM,Saturday,Meadowvale & Sheppard,Mechanical,6,12,EB,7651
2015/01/17,100,6:52:00 PM,Saturday,Eglinton Stn,Mechanical,10,20,S,7638
2015/01/17,50,7:00:00 PM,Saturday,Route 50 Burnhamthorpe,General Delay,1,1,b/w,
2015/01/17,53,7:08:00 PM,Saturday,Yonge/Athabaska Avenue,Investigation,28,56,EB,1720
2015/01/17,53,7:08:00 PM,Saturday,Morningside Avenue & Staines,Utilized Off Route,18,36,EB,1068
2015/01/17,22,7:15:00 PM,Saturday,Kingston and Queen,Investigation,10,20,s,7781
2015/01/17,57,7:16:00 PM,Saturday,KENNEDY STN,Mechanical,15,30,NB,7701
2015/01/17,85,7:24:00 PM,Saturday,Sheppard @ Dean Park.,Mechanical,6,13,W,1144
2015/01/17,65,7:39:00 PM,Saturday,GERRARD AND PARLIAMENT,Investigation,30,60,NB,7718
2015/01/17,161,7:48:00 PM,Saturday,Jane / Alliance,Mechanical,12,24,E,1058
2015/01/17,81,7:52:00 PM,Saturday,Pape Stn.,Investigation,12,24,n,7715
2015/01/17,38,8:10:00 PM,Saturday,Ellesmere/McCowan,Mechanical,10,20,EB,1092
2015/01/17,46,8:20:00 PM,Saturday,princess marget,Investigation,17,34,w/b,1208
2015/01/17,69,8:41:00 PM,Saturday,WARDEN STN,Investigation,10,20,SB,7728
2015/01/17,112,8:50:00 PM,Saturday,Eringate/Rangoon,Mechanical,24,48,s/b,8071
2015/01/17,69,9:18:00 PM,Saturday,ST. CLAIR AND BIRCHMOUNT,Diversion,18,28,NB,7839
2015/01/17,190,9:20:00 PM,Saturday,W/B Sheppard and V.P,Investigation,10,19,W,1095
2015/01/17,85,9:20:00 PM,Saturday,W/B Sheppard and V.P,Investigation,17,34,W,1710
2015/01/17,35,9:35:00 PM,Saturday,murray ross,Mechanical,12,24,w/b,7946
2015/01/17,52,10:26:00 PM,Saturday,Keele and Lawrence,Mechanical,30,60,w/b,1032
2015/01/17,43,10:28:00 PM,Saturday,Kennedy & Munham Gt,Investigation,20,40,SB,7624
2015/01/17,116,11:29:00 PM,Saturday,Morninigside & Ellesmere,Emergency Services,11,22,NB,7404
2015/01/17,68,11:36:00 PM,Saturday,Warden & Bridletown Circle,Mechanical,16,32,NB,7552
2015/01/17,39,11:49:00 PM,Saturday,Neilson and Crow trail,Mechanical,6,12,e,1793
2015/01/17,104,11:50:00 PM,Saturday,Sheppard and Wilson Heights,Mechanical,20,40,n,8327
2015/01/17,133,11:59:00 PM,Saturday,Morning side and Stains loop,Emergency Services,13,26,S,1137
2015/01/18,7,12:30:00 AM,Sunday,St Clair,Mechanical,13,26,s,8168
2015/01/18,53,1:01:00 AM,Sunday,Morningside & Staines,Mechanical,20,40,NB,1076
2015/01/18,36,1:25:00 AM,Sunday,finch and jayzel,Investigation,10,20,w/b,1379
2015/01/18,320,3:35:00 AM,Sunday,yonge and bishop,Mechanical,4,8,w/b,8334
2015/01/18,300,3:54:00 AM,Sunday,Gladstone on Bloor street,Emergency Services,30,60,E,7795
2015/01/18,312,3:55:00 AM,Sunday,jane stn,Investigation,30,60,w/b,1804
2015/01/18,305,5:15:00 AM,Sunday,Eglinton Station,Mechanical,30,60,EB,7477
2015/01/18,29,6:35:00 AM,Sunday,Wilson Station,Late Leaving Garage,10,20,s,8316
2015/01/18,6,6:37:00 AM,Sunday,Dupont and Bedford,Mechanical,30,53,s/b,1533
2015/01/18,35,7:17:00 AM,Sunday,Jane at Wilson,Investigation,30,59,n,7923
2015/01/18,300,7:36:00 AM,Sunday,Danforth Avenue & Danforth Road,Late Leaving Garage,6,12,WB,7607
2015/01/18,106,7:42:00 AM,Sunday,Wilson Station,Mechanical,0,30,n,8216
2015/01/18,54,7:45:00 AM,Sunday,Eglinton stn,Mechanical,15,30,eb,7446
2015/01/18,41,8:00:00 AM,Sunday,Keele stn.,Late Leaving Garage,10,20,n/b,1515
2015/01/18,29,8:03:00 AM,Sunday,Wilson Station,Mechanical,10,20,s,8308
2015/01/18,29,8:04:00 AM,Sunday,Dufferin and St. Clair,Mechanical,10,20,nb,8312
2015/01/18,71,8:19:00 AM,Sunday,Bloor and Runnymede,Late Leaving Garage,1,13,n/b,1203
2015/01/18,92,8:31:00 AM,Sunday,Woodbine Stn,Late Leaving Garage,12,1,S/B,7712
2015/01/18,95,8:35:00 AM,Sunday,Ellesmere/Medowvale,Mechanical,20,40,WB,1112
2015/01/18,165,8:40:00 AM,Sunday,yorkmills stn,Investigation,10,20,w,1220
2015/01/18,60,8:53:00 AM,Sunday,Finch Station,Late Leaving Garage,7,14,,1366
2015/01/18,25,8:55:00 AM,Sunday,Pape stn,Mechanical,8,16,nb,7611
2015/01/18,24,8:58:00 AM,Sunday,Victoria Park Stn,Late Leaving Garage,9,18,N/B,7838
2015/01/18,75,9:09:00 AM,Sunday,Bloor and Sherbourne,Late Leaving Garage,20,40,nb,8387
2015/01/18,105,9:10:00 AM,Sunday,Forest Run Blvd. and Rutherford,Diversion,109,139,eb,8390
2015/01/18,116,9:23:00 AM,Sunday,Kennedy stn,Mechanical,7,14,eb,7677
2015/01/18,191,9:39:00 AM,Sunday,Kipling Station,Mechanical,20,40,,7932
2015/01/18,25,9:54:00 AM,Sunday,Don Mills Eglinton,Mechanical,9,18,nb,7675
2015/01/18,72,9:58:00 AM,Sunday,Pape & Bain,Investigation,12,24,S/B,7719
2015/01/18,95,10:21:00 AM,Sunday,York Mills Road & Fenn Avenue,Investigation,20,40,WB,1109
2015/01/18,199,10:24:00 AM,Sunday,Finch & Pharmacy,Mechanical,10,20,WB,1129
2015/01/18,709,10:38:00 AM,Sunday,Eglinton station,Utilized Off Route,5,10,w/b,1052
2015/01/18,63,10:40:00 AM,Sunday,East Liberty,Utilized Off Route,10,20,s/b,1649
2015/01/18,106,11:00:00 AM,Sunday,York University Commons,Mechanical,15,30,s,8356
2015/01/18,54,11:06:00 AM,Sunday,Lawrence Kingston rd,Mechanical,16,32,wb,7477
2015/01/18,191,11:37:00 AM,Sunday,Martin Grove Loop,Mechanical,14,28,,7951
2015/01/18,90,11:40:00 AM,Sunday,StCl W Stn,Late Leaving Garage,8,16,n,8354
2015/01/18,52,11:49:00 AM,Sunday,Lawrence station,Late Leaving Garage,20,36,w/b,1226
2015/01/18,68,11:50:00 AM,Sunday,Warden stn,Mechanical,10,20,nb,7481
2015/01/18,125,11:56:00 AM,Sunday,Bathurst St. and Antibes,Late Leaving Garage,6,12,wb,8193
2015/01/18,47,12:03:00 PM,Sunday,Queen and lansdowne,Late Leaving Garage,19,37,n/b,1269
2015/01/18,32,12:05:00 PM,Sunday,Eglinton station,Late Leaving Garage,12,23,w/b,1048
2015/01/18,52,12:10:00 PM,Sunday,Dixion and Riverside,Mechanical,24,44,w/b,1527
2015/01/18,106,12:20:00 PM,Sunday,Downsview Station,Late Leaving Garage,10,20,n,8165
2015/01/18,122,12:23:00 PM,Sunday,Banbury,Mechanical,86,30,s,8337
2015/01/18,77,1:09:00 PM,Sunday,Coehill and Windemere,Investigation,20,40,n/b,1619
2015/01/18,92,1:30:00 PM,Sunday,Woodbine Station,Mechanical,12,24,S,8112
2015/01/18,109,1:46:00 PM,Sunday,Eglinton,Mechanical,34,68,s,8141
2015/01/18,60,2:19:00 PM,Sunday,FSTN,Emergency Services,11,22,W,1330
2015/01/18,53,2:30:00 PM,Sunday,Finch Stn to Staines,General Delay,13,20,B/W,
2015/01/18,191,2:40:00 PM,Sunday,Martin Grove,Mechanical,14,28,S,7911
2015/01/18,86,2:47:00 PM,Sunday,Lawson / Kingston,Mechanical,8,15,WB,7633
2015/01/18,24,2:50:00 PM,Sunday,VP STATION,Utilized Off Route,8,16,S,7786
2015/01/18,29,2:58:00 PM,Sunday,Dufferin and Springhurst,Diversion,250,254,s,8394
2015/01/18,42,3:00:00 PM,Sunday,Finch Stn,Mechanical,15,30,e,8201
2015/01/18,195,3:32:00 PM,Sunday,Jane and Harshaw,Investigation,10,20,s/b,1702
2015/01/18,42,3:45:00 PM,Sunday,Finch Stn,Mechanical,15,30,w/b,8198
2015/01/18,29,3:55:00 PM,Sunday,Dufferin and Castlefield,Mechanical,3,6,n,8377
2015/01/18,29,3:59:00 PM,Sunday,Dufferin and Eglinton.,Mechanical,4,7,n,8379
2015/01/18,7,4:00:00 PM,Sunday,Bathurst and Wilson,Mechanical,7,15,s,8183
2015/01/18,29,4:25:00 PM,Sunday,Wilson Stn,Mechanical,3,6,s,8176
2015/01/18,26,6:03:00 PM,Sunday,DAVENPORT AND DUFFERIN,Mechanical,20,40,wb,8050
2015/01/18,56,6:03:00 PM,Sunday,Eglinton Stn,Mechanical,30,60,E/B,8376
2015/01/18,17,6:24:00 PM,Sunday,LAWRENCE AND BIRCHMOUNT,Diversion,111,129,SB,7785
2015/01/18,52,6:30:00 PM,Sunday,Lawrence / Benton,Mechanical,8,16,e,1551
2015/01/18,11,6:31:00 PM,Sunday,Davisville/Bayview,Utilized Off Route,12,24,E/B,8137
2015/01/18,102,6:36:00 PM,Sunday,WARDEN STN,Mechanical,10,20,NB,7730
2015/01/18,195,6:45:00 PM,Sunday,Steeles and Murray Ross,Investigation,10,20,w/b,1251
2015/01/18,54,8:23:00 PM,Sunday,Warden/Lawerence,Mechanical,10,20,W/B,7548
2015/01/18,53,9:02:00 PM,Sunday,Finch Station,Mechanical,19,38,EB,1799
2015/01/18,39,9:02:00 PM,Sunday,Finch & Markham,Mechanical,8,16,WB,1118
2015/01/18,52,9:03:00 PM,Sunday,Airport rd / Derry rd,Investigation,30,60,n,1677
2015/01/18,41,10:03:00 PM,Sunday,Old weston rd / St.Clair,Investigation,20,40,n,9141
2015/01/18,34,10:32:00 PM,Sunday,Garage,Mechanical,9,23,E/B,7473
2015/01/18,34,11:08:00 PM,Sunday,Eglinton and Victoria Park,Investigation,15,30,EB,7577
2015/01/19,91,1:16:00 AM,Monday,Bermondsey/Hollinger,Diversion,15,18,n,7698
2015/01/19,321,3:20:00 AM,Monday,Newgale gate and Finch,Mechanical,30,60,W/B,1717
2015/01/19,352,3:55:00 AM,Monday,lawerence and sage,Mechanical,30,60,e/b,1638
2015/01/19,24,5:03:00 AM,Monday,Victoria Park and Consumers,Late Leaving Garage,14,28,E,7836
2015/01/19,116,5:05:00 AM,Monday,Eglinton yard,Mechanical,6,12,w,7621
2015/01/19,75,5:12:00 AM,Monday,Sherbourne and Bloor,Mechanical,5,1,NB,8384
2015/01/19,39,5:12:00 AM,Monday,Baldoon & Finch,Late Leaving Garage,5,10,EB,1033
2015/01/19,313,5:14:00 AM,Monday,Jane/Wilson,Mechanical,30,60,N,7228
2015/01/19,86,5:21:00 AM,Monday,Eglinton yard,Mechanical,11,22,s,7669
2015/01/19,320,5:22:00 AM,Monday,Queens Quay/Yonge,Utilized Off Route,8,15,N,8170
2015/01/19,95,5:30:00 AM,Monday,Kingston Road Loop,Mechanical,3,13,w,1779
2015/01/19,24,5:36:00 AM,Monday,Birchmount garage,Late Leaving Garage,1,1,S,7681
2015/01/19,17,5:39:00 AM,Monday,Birchmount garage,Late Leaving Garage,1,1,S,7762
2015/01/19,87,5:40:00 AM,Monday,Birchmount garage,Late Leaving Garage,1,1,S,7786
2015/01/19,87,5:40:00 AM,Monday,COXWELL AND MORTIMER,Late Leaving Garage,10,20,E,7824
2015/01/19,87,5:43:00 AM,Monday,Birchmount garage,Late Leaving Garage,1,1,S,7783
2015/01/19,25,5:44:00 AM,Monday,Pape stn,Utilized Off Route,4,8,nb,7404
2015/01/19,116,5:46:00 AM,Monday,Eglinton yard,Mechanical,6,12,e,7657
2015/01/19,92,5:48:00 AM,Monday,Birchmount garage,Late Leaving Garage,1,1,S,7800
2015/01/19,51,5:49:00 AM,Monday,Eglinton Stn,Utilized Off Route,19,33,EB,8170
2015/01/19,41,5:51:00 AM,Monday,Petrolia & Canarctic,Late Leaving Garage,9,18,s/b,9150
2015/01/19,29,5:57:00 AM,Monday,Wilson stn,Mechanical,7,14,s/b,9027
2015/01/19,86,5:58:00 AM,Monday,Eglinton yard,Mechanical,17,34,w,7542
2015/01/19,60,6:01:00 AM,Monday,Finch Stn.,Late Leaving Garage,9,22,W,1396
2015/01/19,88,6:02:00 AM,Monday,Laird and McRae,Mechanical,10,14,n,8302
2015/01/19,165,6:05:00 AM,Monday,yorkmills stn,Mechanical,5,10,w,7234
2015/01/19,86,6:08:00 AM,Monday,South Service Road,Investigation,10,21,W,7654
2015/01/19,90,6:10:00 AM,Monday,Oakwood and Vaughan,Late Leaving Garage,8,13,SB,9418
2015/01/19,198,6:12:00 AM,Monday,South Service Road,Diversion,38,48,W,7536
2015/01/19,116,6:12:00 AM,Monday,South Service Road,Diversion,38,50,W,7667
2015/01/19,86,6:12:00 AM,Monday,South Service Road,Diversion,38,68,W,7662
2015/01/19,47,6:16:00 AM,Monday,Orfus and Dufflaw,Mechanical,18,36,s,1038
2015/01/19,107,6:20:00 AM,Monday,Wilson Station.,Mechanical,12,19,n,8214
2015/01/19,32,6:21:00 AM,Monday,Eglinton station,Late Leaving Garage,6,11,w/b,1050
2015/01/19,32,6:21:00 AM,Monday,Skymark,Late Leaving Garage,6,11,e/b,1560
2015/01/19,116,6:22:00 AM,Monday,Kennedy station,Mechanical,6,12,e,7596
2015/01/19,90,6:24:00 AM,Monday,St Clair W Stn,Late Leaving Garage,5,9,NB,8379
2015/01/19,165,6:25:00 AM,Monday,yorkmills stn,Mechanical,5,10,w,7229
2015/01/19,25,6:28:00 AM,Monday,Don Mills Station,Mechanical,3,6,NB,7423
2015/01/19,62,6:28:00 AM,Monday,Mortimer and Linsmore,Diversion,15,30,S,7691
2015/01/19,12,6:29:00 AM,Monday,Victoria Park Stn,Late Leaving Garage,6,12,s/B,8107
2015/01/19,121,6:29:00 AM,Monday,Birchmount Garage,Late Leaving Garage,1,1,S,8107
2015/01/19,165,6:30:00 AM,Monday,yorkmills stn to steeles,General Delay,20,40,bw,
2015/01/19,96,6:30:00 AM,Monday,yorkmills stn to humberline,General Delay,20,40,bw,
2015/01/19,51,6:31:00 AM,Monday,Eglinton stn,Late Leaving Garage,14,27,n/b,8155
2015/01/19,86,6:35:00 AM,Monday,Eglinton Yard,Mechanical,17,34,e,7433
2015/01/19,17,6:38:00 AM,Monday,Warden stn,Mechanical,7,15,N/B,8109
2015/01/19,125,6:38:00 AM,Monday,Bath. Antibes,Mechanical,10,20,e/b,8348
2015/01/19,106,6:39:00 AM,Monday,Downsview Station,Investigation,7,14,n,9447
2015/01/19,165,6:41:00 AM,Monday,yorkmills stn,Mechanical,5,10,w,1339
2015/01/19,32,6:41:00 AM,Monday,Eg. West station,Late Leaving Garage,5,10,w/b,1549
2015/01/19,32,6:42:00 AM,Monday,Wright and Jane,Late Leaving Garage,5,10,e/b,1032
2015/01/19,165,6:43:00 AM,Monday,barmac at ormont,Mechanical,5,10,e,7219
2015/01/19,165,6:46:00 AM,Monday,yorkmills stn,Mechanical,5,10,w,1414
2015/01/19,190,6:46:00 AM,Monday,Don Mills station,Late Leaving Garage,6,11,E,1069
2015/01/19,89,6:50:00 AM,Monday,Keele Station,Late Leaving Garage,5,9,n/b,1005
2015/01/19,89,6:51:00 AM,Monday,Albion Road,Late Leaving Garage,5,9,s/b,1635
2015/01/19,36,6:51:00 AM,Monday,Finch Stn,Late Leaving Garage,6,11,W,9125
2015/01/19,111,6:54:00 AM,Monday,Entire Route,General Delay,12,12,,7313
2015/01/19,199,6:58:00 AM,Monday,Scarborough Town Centre,Late Leaving Garage,3,6,WB,1788
2015/01/19,41,6:58:00 AM,Monday,Commens,Mechanical,9,19,s/b,1596
2015/01/19,105,6:59:00 AM,Monday,Downsview Station,Mechanical,28,56,n,9438
2015/01/19,32,6:59:00 AM,Monday,Eglinton station,Late Leaving Garage,5,10,e/b,1501
2015/01/19,7,6:59:00 AM,Monday,Bathurst and Wilson,Late Leaving Garage,5,13,NB,9004
2015/01/19,88,7:00:00 AM,Monday,St.Clair stn,Mechanical,6,12,e/b,9431
2015/01/19,42,7:03:00 AM,Monday,Finch Stn,Late Leaving Garage,6,12,EB,9403
2015/01/19,11,7:04:00 AM,Monday,Bayview and Lawrence,Late Leaving Garage,11,23,s/b,9419
2015/01/19,196,7:06:00 AM,Monday,Sheepard stn,Mechanical,6,12,w/b,8152
2015/01/19,60,7:07:00 AM,Monday,York U,Late Leaving Garage,3,5,,1206
2015/01/19,14,7:07:00 AM,Monday,Davisville stn,Late Leaving Garage,15,37,w/b,1670
2015/01/19,124,7:12:00 AM,Monday,Lawrence and Wanless,Mechanical,5,10,e/b,8304
2015/01/19,73,7:13:00 AM,Monday,Royal York at Dixon,Mechanical,15,30,S,7323
2015/01/19,195,7:13:00 AM,Monday,Jane and Steeles,Late Leaving Garage,10,20,S,1802
2015/01/19,39,7:15:00 AM,Monday,Finch station to Neilson & Crow Trail,General Delay,8,14,B/W,1713
2015/01/19,196,7:17:00 AM,Monday,York University Commons,Mechanical,2,6,s,8292
2015/01/19,196,7:24:00 AM,Monday,Downsview Station,Mechanical,2,6,n,8185
2015/01/19,60,7:45:00 AM,Monday,Steeles and Signet,Mechanical,8,16,,7914
2015/01/19,124,7:47:00 AM,Monday,Sunnybrook hospital,Mechanical,5,10,w/b,8208
2015/01/19,196,7:49:00 AM,Monday,Downsview Station,Utilized Off Route,4,6,n,8312
2015/01/19,117,7:50:00 AM,Monday,Downsview Station,Investigation,10,20,n,9445
2015/01/19,25,7:55:00 AM,Monday,Donway S and Don Mills Road,Investigation,3,6,NB,7428
2015/01/19,57,8:00:00 AM,Monday,Midland & Progress,Mechanical,7,14,N/B,7795
2015/01/19,73,8:05:00 AM,Monday,Claireport at Albion,Mechanical,15,30,S,7907
2015/01/19,24,8:18:00 AM,Monday,Parma Court and Victoria Park,Investigation,12,24,S,7707
2015/01/19,96,8:18:00 AM,Monday,wilson stn,Mechanical,20,40,e,7216
2015/01/19,76,8:31:00 AM,Monday,Royal York at New Castle,Investigation,4,12,S,8073
2015/01/19,196,8:37:00 AM,Monday,Downsview Station,Utilized Off Route,4,6,n,8152
2015/01/19,196,8:39:00 AM,Monday,Downsview Station,Investigation,2,6,n,8173
2015/01/19,24,8:47:00 AM,Monday,VP Station,Mechanical,8,16,E,7715
2015/01/19,29,8:57:00 AM,Monday,Wilson station,Utilized Off Route,4,7,s/b,8162
2015/01/19,29,9:10:00 AM,Monday,Wilson stn,Mechanical,7,14,s/b,9403
2015/01/19,196,9:13:00 AM,Monday,Downsview Station,Utilized Off Route,4,6,n,8358
2015/01/19,29,9:20:00 AM,Monday,Dufferin at Rowland,Diversion,25,32,b/w,
2015/01/19,71,9:21:00 AM,Monday,Mt. dennis garage,Mechanical,20,40,e/b,1566
2015/01/19,6,9:35:00 AM,Monday,Davenport and dufferin,Utilized Off Route,5,10,w,1008
2015/01/19,6,9:40:00 AM,Monday,Davenport and Dupont,Utilized Off Route,5,10,w,1062
2015/01/19,95,9:46:00 AM,Monday,Military Trail,Mechanical,15,30,WB,1148
2015/01/19,7,9:50:00 AM,Monday,Bathurst Stn,Utilized Off Route,9,19,NB,9012
2015/01/19,56,10:02:00 AM,Monday,Donlands stn,Utilized Off Route,12,24,n/b,8326
2015/01/19,709,10:14:00 AM,Monday,St.George stn,Utilized Off Route,1,1,e/b,1594
2015/01/19,804,10:16:00 AM,Monday,Arrow garage,Utilized Off Route,1,1,W,7935
2015/01/19,804,10:16:00 AM,Monday,Arrow garage,Utilized Off Route,1,1,W,1374
2015/01/19,804,10:16:00 AM,Monday,Arrow garage,Utilized Off Route,1,1,W,1217
2015/01/19,804,10:16:00 AM,Monday,Arrow garage,Utilized Off Route,1,1,W,1355
2015/01/19,804,10:16:00 AM,Monday,Arrow garage,Utilized Off Route,1,1,W,1298
2015/01/19,804,10:16:00 AM,Monday,Arrow garage,Utilized Off Route,1,1,W,1796
2015/01/19,804,10:16:00 AM,Monday,Arrow garage,Utilized Off Route,1,1,W,1353
2015/01/19,116,10:17:00 AM,Monday,Kennedy station,Utilized Off Route,10,20,e,7475
2015/01/19,804,10:18:00 AM,Monday,Arroe garage,Utilized Off Route,1,1,W,1384
2015/01/19,804,10:18:00 AM,Monday,Arrow garage,Utilized Off Route,1,1,W,1359
2015/01/19,804,10:18:00 AM,Monday,Arrow garage,Utilized Off Route,1,1,W,1505
2015/01/19,142,10:18:00 AM,Monday,Bathurst Stn,Utilized Off Route,1,1,NB,8314
2015/01/19,196,10:19:00 AM,Monday,York U,Utilized Off Route,2,4,e,8392
2015/01/19,29,10:19:00 AM,Monday,Dufferin at Bloor,Utilized Off Route,7,14,n/b,9028
2015/01/19,54,10:19:00 AM,Monday,Eglinton stn,Utilized Off Route,1,1,eb,7607
2015/01/19,47,10:20:00 AM,Monday,Caledonia and Schell,Investigation,14,28,N,1529
2015/01/19,75,10:20:00 AM,Monday,Sherbourne and Queens Quay,Utilized Off Route,6,12,NB,8131
2015/01/19,134,10:20:00 AM,Monday,Scarborough Town Centre,Utilized Off Route,7,13,e,1119
2015/01/19,86,10:20:00 AM,Monday,Kennedy station,Utilized Off Route,10,20,e,7621
2015/01/19,165,10:20:00 AM,Monday,weston/Langstaff,Diversion,125,143,w,7236
2015/01/19,53,10:20:00 AM,Monday,Finch and Middlefield,Utilized Off Route,1,1,e,1076
2015/01/19,24,10:20:00 AM,Monday,Victoria Park Station,Utilized Off Route,10,20,N,7773
2015/01/19,100,10:21:00 AM,Monday,Broadview Station,Utilized Off Route,4,8,NB,7529
2015/01/19,709,10:22:00 AM,Monday,Eglinton stn.,Utilized Off Route,5,10,e/b,1516
2015/01/19,709,10:22:00 AM,Monday,Eglinton stn.,Utilized Off Route,5,10,e/b,1553
2015/01/19,70,10:23:00 AM,Monday,Coxwell stn,Utilized Off Route,18,36,eb,7548
2015/01/19,709,10:24:00 AM,Monday,Eglinton and Caledonia,Utilized Off Route,5,10,e/b,1510
2015/01/19,97,10:24:00 AM,Monday,St. Clair Station,Utilized Off Route,30,60,n,8178
2015/01/19,85,10:24:00 AM,Monday,Don Mills station,Utilized Off Route,7,15,E,9089
2015/01/19,34,10:25:00 AM,Monday,Eglinton Station,Utilized Off Route,8,16,EB,7447
2015/01/19,100,10:25:00 AM,Monday,Broadview Station,Utilized Off Route,4,8,NB,7664
2015/01/19,29,10:26:00 AM,Monday,Duffrerin and Bloor,Utilized Off Route,7,14,s/b,9003
2015/01/19,26,10:26:00 AM,Monday,St George Station,Utilized Off Route,20,40,w/b,7322
2015/01/19,67,10:28:00 AM,Monday,VICTORIA PARK STATION,Utilized Off Route,12,24,NB,7430
2015/01/19,199,10:29:00 AM,Monday,Scarborough Town Centre,Utilized Off Route,5,9,WB,1372
2015/01/19,84,10:29:00 AM,Monday,Sheppard Stn.,Utilized Off Route,1,1,W,1685
2015/01/19,61,10:29:00 AM,Monday,Eglinton stn,Utilized Off Route,15,30,n/b,8334
2015/01/19,43,10:30:00 AM,Monday,Kennedy Station,Utilized Off Route,12,24,NB,7649
2015/01/19,17,10:30:00 AM,Monday,Warden Station,Utilized Off Route,1,1,SB,7771
2015/01/19,52,10:30:00 AM,Monday,Black Creeek & Lawrence,Utilized Off Route,1,1,w/b,1612
2015/01/19,504,10:30:00 AM,Monday,Broadview and Danforth,Utilized Off Route,1,1,EB,7830
2015/01/19,53,10:31:00 AM,Monday,Finch Station,Utilized Off Route,6,11,e,1707
2015/01/19,85,10:33:00 AM,Monday,Sheppard and Brenyon Way,Mechanical,7,15,W,9073
2015/01/19,39,10:34:00 AM,Monday,Neilson & Crow Trail,Utilized Off Route,6,12,WB,1771
2015/01/19,42,10:34:00 AM,Monday,Finch Station,Mechanical,12,24,e,8154
2015/01/19,16,10:34:00 AM,Monday,Warden stn,Utilized Off Route,10,20,N/B,7736
2015/01/19,131,10:35:00 AM,Monday,Scarborough Town Center,Utilized Off Route,14,28,EB,1314
2015/01/19,57,10:35:00 AM,Monday,Kennedy Stn,Utilized Off Route,11,22,N/B,7790
2015/01/19,7,10:35:00 AM,Monday,Bathurst Stn,Utilized Off Route,9,19,NB,9012
2015/01/19,709,10:35:00 AM,Monday,Pine & Lawrence,Utilized Off Route,1,1,s/b,1594
2015/01/19,87,10:36:00 AM,Monday,Broadview Station,Utilized Off Route,11,22,WB,7823
2015/01/19,68,10:36:00 AM,Monday,Warden Station,Utilized Off Route,9,19,NB,7636
2015/01/19,11,10:36:00 AM,Monday,Davisville stn,Utilized Off Route,12,24,n/b,8355
2015/01/19,79,10:36:00 AM,Monday,Runnymede stn,Utilized Off Route,1,1,n/b,1034
2015/01/19,35,10:36:00 AM,Monday,Jane Stn.,Utilized Off Route,8,15,N,7916
2015/01/19,63,10:37:00 AM,Monday,East Liberty st.,Utilized Off Route,7,15,n,1029
2015/01/19,116,10:37:00 AM,Monday,Kennedy station,Utilized Off Route,10,20,e,7523
2015/01/19,54,10:37:00 AM,Monday,Eglinton stn,Utilized Off Route,6,12,eb,7473
2015/01/19,29,10:37:00 AM,Monday,Dufferin and Bloor,Utilized Off Route,7,14,n/b,9036
2015/01/19,22,10:39:00 AM,Monday,Coxwell Staion,Utilized Off Route,8,16,SB,7882
2015/01/19,41,10:40:00 AM,Monday,Keele stn,Utilized Off Route,7,14,N,1537
2015/01/19,102,10:40:00 AM,Monday,Warden Station,Utilized Off Route,1,1,SB,8105
2015/01/19,102,10:40:00 AM,Monday,Warden Station,Utilized Off Route,1,1,SB,7756
2015/01/19,81,10:40:00 AM,Monday,Pape Stn,Utilized Off Route,10,20,N/B,7846
2015/01/19,34,10:40:00 AM,Monday,Eglinton Station,Utilized Off Route,7,15,EB,7492
2015/01/19,133,10:40:00 AM,Monday,Scarborough Town Centre,Utilized Off Route,10,20,e,1761
2015/01/19,86,10:40:00 AM,Monday,Kennedy station,Utilized Off Route,10,20,e,7601
2015/01/19,7,10:40:00 AM,Monday,Bathurst Stn,Utilized Off Route,4,9,NB,9039
2015/01/19,709,10:40:00 AM,Monday,Eglinton stn,Utilized Off Route,1,1,w/b,1012
2015/01/19,106,10:40:00 AM,Monday,Downsview Stn,Mechanical,10,20,w,8371
2015/01/19,168,10:40:00 AM,Monday,Dundas West Station,Utilized Off Route,10,20,n/b,7326
2015/01/19,20,10:41:00 AM,Monday,Main Station,Utilized Off Route,14,28,N,7818
2015/01/19,165,10:42:00 AM,Monday,York Mills Stn.,Utilized Off Route,8,17,W,1504
2015/01/19,196,10:42:00 AM,Monday,Downsview Stn,Utilized Off Route,8,16,e,8312
2015/01/19,52,10:42:00 AM,Monday,Bathurst & Lawrence,Utilized Off Route,15,30,e/b,1586
2015/01/19,25,10:43:00 AM,Monday,Pape Station,Utilized Off Route,3,6,NB,7497
2015/01/19,199,10:43:00 AM,Monday,Scarborough Town Centre,Utilized Off Route,5,10,WB,1125
2015/01/19,42,10:45:00 AM,Monday,Finch Station,Utilized Off Route,24,48,e,8367
2015/01/19,196,10:45:00 AM,Monday,Downsview Stn,Utilized Off Route,2,4,e,8340
2015/01/19,89,10:45:00 AM,Monday,Keele stn,Utilized Off Route,9,18,N,1569
2015/01/19,63,10:45:00 AM,Monday,Ossington station,Utilized Off Route,7,15,s,1645
2015/01/19,195,10:46:00 AM,Monday,Jane stn.,Utilized Off Route,10,20,n,1521
2015/01/19,190,10:46:00 AM,Monday,Don Mills station,Utilized Off Route,11,21,E,1745
2015/01/19,39,10:46:00 AM,Monday,Neilson & Crow Trail,Utilized Off Route,6,12,WB,1768
2015/01/19,96,10:46:00 AM,Monday,York Mills Stn.,Utilized Off Route,17,34,W,7229
2015/01/19,196,10:47:00 AM,Monday,Downsview Stn,Utilized Off Route,2,4,e,8319
2015/01/19,85,10:47:00 AM,Monday,Don Mills station,Utilized Off Route,7,15,E,9072
2015/01/19,83,10:49:00 AM,Monday,Donlands,Utilized Off Route,16,32,SB,7817
2015/01/19,24,10:50:00 AM,Monday,Victoria Park Station,Utilized Off Route,20,40,N,7805
2015/01/19,191,10:50:00 AM,Monday,Kipling Stn,Utilized Off Route,0,0,N,7938
2015/01/19,108,10:50:00 AM,Monday,Downsview Stn,Utilized Off Route,18,36,,1404
2015/01/19,95,10:52:00 AM,Monday,York Mills station,Utilized Off Route,15,30,EB,1351
2015/01/19,41,10:52:00 AM,Monday,Keele stn,Utilized Off Route,7,14,N,1048
2015/01/19,60,11:00:00 AM,Monday,Peter Kaiser and Steeles,Emergency Services,14,28,,1576
2015/01/19,95,11:00:00 AM,Monday,York Mills Station,Utilized Off Route,15,30,EB,1328
2015/01/19,32,11:02:00 AM,Monday,Eglinton west station,Mechanical,12,25,e/b,1669
2015/01/19,106,11:06:00 AM,Monday,Downsview Stn,Mechanical,10,20,w,9436
2015/01/19,191,11:22:00 AM,Monday,Kipling Stn,Utilized Off Route,0,0,N,7913
2015/01/19,40,11:25:00 AM,Monday,RUNNY LOOP,Utilized Off Route,10,20,NB,7317
2015/01/19,199,11:31:00 AM,Monday,Scarborough Town Centre,Mechanical,4,9,WB,1703
2015/01/19,25,11:40:00 AM,Monday,Eglinton Don Mills,Mechanical,4,8,nb,7497
2015/01/19,191,11:42:00 AM,Monday,Martingrove Loop,Mechanical,8,15,S,7932
2015/01/19,106,12:08:00 PM,Monday,York U,Mechanical,10,20,w,8371
2015/01/19,53,12:08:00 PM,Monday,Yonge and Centre,Mechanical,6,11,e,1707
2015/01/19,36,12:16:00 PM,Monday,Finch Stn,Utilized Off Route,6,11,W,1310
2015/01/19,709,12:20:00 PM,Monday,St George station,Utilized Off Route,1,1,EB,1516
2015/01/19,709,12:20:00 PM,Monday,St George Station,Utilized Off Route,1,1,EB,1553
2015/01/19,60,12:20:00 PM,Monday,Finch Station,Utilized Off Route,13,26,W,1415
2015/01/19,199,12:20:00 PM,Monday,Finch station,Utilized Off Route,5,10,EB,1083
2015/01/19,52,12:20:00 PM,Monday,Lawrence & Yonge,Utilized Off Route,15,30,w/b,1586
2015/01/19,53,12:21:00 PM,Monday,Finch Station,Utilized Off Route,5,17,e,1712
2015/01/19,95,12:22:00 PM,Monday,York Mills Station,Utilized Off Route,15,30,EB,1307
2015/01/19,54,12:22:00 PM,Monday,Eglinton Laird,Utilized Off Route,6,12,eb,7459
2015/01/19,65,12:25:00 PM,Monday,Parliament and Wellesley,Diversion,9,18,B/W,7812
2015/01/19,38,12:25:00 PM,Monday,Kingston Rd at Morrish,Mechanical,12,25,E/B,1279
2015/01/19,85,12:26:00 PM,Monday,Don Mills station,Utilized Off Route,8,15,E,9101
2015/01/19,68,12:27:00 PM,Monday,MCNICOLL/WARDEN,Utilized Off Route,7,16,SB,7424
2015/01/19,709,12:28:00 PM,Monday,Eglinton station,Utilized Off Route,1,1,WB,1510
2015/01/19,199,12:30:00 PM,Monday,Finch station,Utilized Off Route,4,9,EB,1372
2015/01/19,709,12:32:00 PM,Monday,Eglinton station,Utilized Off Route,1,1,EB,1594
2015/01/19,165,12:32:00 PM,Monday,yorkmills stn,Utilized Off Route,17,25,w,1504
2015/01/19,25,12:35:00 PM,Monday,Don Mills Station,Utilized Off Route,3,4,SB,7477
2015/01/19,100,12:35:00 PM,Monday,Eglinton Station,Utilized Off Route,4,8,EB,7491
2015/01/19,54,12:36:00 PM,Monday,Eglinton stn,Utilized Off Route,6,12,eb,7507
2015/01/19,59,12:39:00 PM,Monday,Lawrence west stn.,Utilized Off Route,21,42,W,1275
2015/01/19,84,12:39:00 PM,Monday,Sheppard Stn.,Utilized Off Route,9,19,W,1335
2015/01/19,709,12:40:00 PM,Monday,Eglinton station,Utilized Off Route,1,1,WB,1012
2015/01/19,60,12:48:00 PM,Monday,Finch Station,Utilized Off Route,13,26,W,1263
2015/01/19,34,12:49:00 PM,Monday,Eglinton stn,Utilized Off Route,7,15,eb,7672
2015/01/19,134,1:26:00 PM,Monday,Tapscott & Newgale Gate,Mechanical,20,40,S,1129
2015/01/19,35,1:28:00 PM,Monday,Jane and Sheppard,Mechanical,10,20,N/b,1323
2015/01/19,40,1:40:00 PM,Monday,DUNDAS WEST STN,Mechanical,10,20,sB,7317
2015/01/19,29,1:56:00 PM,Monday,bentworth,Mechanical,5,10,S,9022
2015/01/19,29,2:00:00 PM,Monday,Dufferin route,General Delay,30,20,B,
2015/01/19,89,2:02:00 PM,Monday,Weston and Jane,Mechanical,9,18,S/B,1569
2015/01/19,60,2:07:00 PM,Monday,York U / Commons,Mechanical,6,12,E,1354
2015/01/19,7,2:20:00 PM,Monday,Bathurst and Wilson,Mechanical,8,16,sb,9029
2015/01/19,85,2:33:00 PM,Monday,Malvern Garage,Mechanical,12,24,WB,9060
2015/01/19,172,2:37:00 PM,Monday,York and Wellington,Late Leaving Garage,20,40,E,7811
2015/01/19,199,2:50:00 PM,Monday,Scarborough Town Center,Mechanical,5,10,WB,1807
2015/01/19,165,2:58:00 PM,Monday,Steeles/Weston,Mechanical,5,10,w,7241
2015/01/19,168,3:00:00 PM,Monday,Dundas West Station to Avon Loop,General Delay,15,0,BW,
2015/01/19,96,3:06:00 PM,Monday,Wilson station,Mechanical,14,28,w,1215
2015/01/19,60,3:08:00 PM,Monday,York U / Commons,Late Leaving Garage,11,0,E,1417
2015/01/19,32,3:11:00 PM,Monday,Eglinton station,Late Leaving Garage,5,10,WB,1200
2015/01/19,41,3:11:00 PM,Monday,Keele Station,Late Leaving Garage,8,8,N/B,1054
2015/01/19,6,3:13:00 PM,Monday,Davenport / Yonge,Late Leaving Garage,10,20,s,1608
2015/01/19,106,3:17:00 PM,Monday,Downsview Stn,Late Leaving Garage,8,16,w,9413
2015/01/19,60,3:19:00 PM,Monday,Finch Station,Late Leaving Garage,6,12,W,1237
2015/01/19,7,3:20:00 PM,Monday,Bathurst and Wilson,Late Leaving Garage,8,16,nb,9025
2015/01/19,191,3:23:00 PM,Monday,Steeles Avenue,Mechanical,4,9,N,7931
2015/01/19,84,3:28:00 PM,Monday,Sheppard Station,Mechanical,11,22,W,1421
2015/01/19,199,3:28:00 PM,Monday,McCowan/Sandhurst Circle,Mechanical,4,8,WB,1724
2015/01/19,53,3:30:00 PM,Monday,Finch Stn to Staines,General Delay,7,15,B/W,
2015/01/19,46,3:33:00 PM,Monday,Kipling Station,Late Leaving Garage,11,22,N,1214
2015/01/19,60,3:36:00 PM,Monday,Finch Station,Late Leaving Garage,8,16,W,7232
2015/01/19,195,3:36:00 PM,Monday,Jane stn,Late Leaving Garage,10,20,N/b,1396
2015/01/19,53,4:00:00 PM,Monday,Finch Stn,Late Leaving Garage,5,10,E,1764
2015/01/19,60,4:00:00 PM,Monday,Entire 60 Steeles West Route,General Delay,12,24,B/W,
2015/01/19,199,4:00:00 PM,Monday,Finch/Don Mills,Mechanical,4,8,WB,1729
2015/01/19,6,4:05:00 PM,Monday,Bedford / Davenport.,Mechanical,10,20,s,1639
2015/01/19,124,4:06:00 PM,Monday,Sunnybrook Hospital,Utilized Off Route,6,12,nb,8165
2015/01/19,45,4:07:00 PM,Monday,KIPLING & BROOKMERE,Mechanical,11,22,S,7350
2015/01/19,199,4:07:00 PM,Monday,Finch/Gaspe Road,Mechanical,4,8,WB,1724
2015/01/19,165,4:11:00 PM,Monday,Weston/Finch,Investigation,5,10,w,
2015/01/19,43,4:14:00 PM,Monday,Eglinton and Kennedy,Investigation,18,36,n,7618
2015/01/19,102,4:26:00 PM,Monday,WARDEN STN,Utilized Off Route,11,22,NB,7694
2015/01/19,36,4:28:00 PM,Monday,Signet Ave,Mechanical,8,15,W,9105
2015/01/19,39,4:30:00 PM,Monday,Finch Station - NECR/OFIN,General Delay,14,19,B/W's,
2015/01/19,199,4:30:00 PM,Monday,Finch Station to Scarborough Town center B/W's,General Delay,15,20,B/W's,
2015/01/19,41,4:44:00 PM,Monday,York University,Utilized Off Route,18,36,S/B,1518
2015/01/19,15,4:44:00 PM,Monday,ROYAL YORK STN,Mechanical,13,25,SB,8030
2015/01/19,89,4:45:00 PM,Monday,Weston and King,Investigation,7,14,N/B,1590
2015/01/19,95,4:52:00 PM,Monday,Kingston Rd loop,Mechanical,8,16,w,1115
2015/01/19,64,4:53:00 PM,Monday,Main Station,Mechanical,8,16,SB,7725
2015/01/19,6,5:00:00 PM,Monday,Entire route,General Delay,5,10,b/w,
2015/01/19,190,5:00:00 PM,Monday,Victoria Park,Mechanical,4,9,EB,1740
2015/01/19,38,5:13:00 PM,Monday,STC,Mechanical,10,20,w,1100
2015/01/19,42,5:15:00 PM,Monday,Maybrook & Passmore Ave.,Mechanical,23,46,eb,8125
2015/01/19,106,5:18:00 PM,Monday,Downsview Stn,Mechanical,9,19,n,8150
2015/01/19,63,5:30:00 PM,Monday,Entire route,General Delay,4,8,B/W,
2015/01/19,49,5:40:00 PM,Monday,BLOOR & KOOS ROAD,Mechanical,10,20,E,7344
2015/01/19,12,5:40:00 PM,Monday,St.Clair and Brimley,Mechanical,15,30,E,7758
2015/01/19,198,5:42:00 PM,Monday,U of T Loop,Emergency Services,10,20,W,7555
2015/01/19,54,5:42:00 PM,Monday,Starspray Loop,Investigation,10,20,w,7638
2015/01/19,75,5:49:00 PM,Monday,Sherbourne and Bloor St,Mechanical,7,14,71190,8167
2015/01/19,60,5:50:00 PM,Monday,Peter Kasier and Steeles,Mechanical,1,1,E,1803
2015/01/19,199,6:02:00 PM,Monday,Finch/McCowan,Mechanical,4,8,EB,1317
2015/01/19,102,6:07:00 PM,Monday,WARDEN STN,Utilized Off Route,18,36,NB,7796
2015/01/19,34,6:12:00 PM,Monday,Kennedy Station,Investigation,4,8,w/b,7542
2015/01/19,43,6:12:00 PM,Monday,Kennedy Station,General Delay,10,20,all runs,
2015/01/19,34,6:12:00 PM,Monday,kennedy station,General Delay,10,16,all runs,
2015/01/19,38,6:26:00 PM,Monday,College U of T,Mechanical,6,12,w,1141
2015/01/19,36,6:40:00 PM,Monday,Kipling,Diversion,8,15,E,9127
2015/01/19,24,6:46:00 PM,Monday,Vic Park at Amsterdam,Emergency Services,7,14,n,7805
2015/01/19,54,6:50:00 PM,Monday,Markham on Lawrence,Mechanical,10,20,E,7642
2015/01/19,60,6:55:00 PM,Monday,Peter Kaiser and Steeles Ave West,Mechanical,1,1,E,7247
2015/01/19,134,7:06:00 PM,Monday,STC,Mechanical,7,13,E,1757
2015/01/19,84,7:22:00 PM,Monday,Jane Street,Mechanical,10,20,W,1386
2015/01/19,105,7:22:00 PM,Monday,Dufferin Hill,Mechanical,13,26,s,8349
2015/01/19,196,7:38:00 PM,Monday,Downsveiw Station,Utilized Off Route,3,6,n,8130
2015/01/19,32,7:40:00 PM,Monday,Eglinton West Station,Mechanical,7,14,WB,1549
2015/01/19,86,7:45:00 PM,Monday,Kennedy Stn,Mechanical,10,20,E,7570
2015/01/19,25,8:09:00 PM,Monday,Pape Stn,Investigation,7,14,S,7595
2015/01/19,43,8:13:00 PM,Monday,Kenndy Station,Mechanical,14,19,n,7618
2015/01/19,25,8:16:00 PM,Monday,Pape Stn,Investigation,7,14,N,7497
2015/01/19,106,8:28:00 PM,Monday,Downsview Station,Utilized Off Route,15,30,s,8380
2015/01/19,89,8:28:00 PM,Monday,Weston and Mccormack,Mechanical,9,18,N/B,1614
2015/01/19,67,8:29:00 PM,Monday,Pharmacy and Brain,Investigation,17,34,SB,7430
2015/01/19,37,8:46:00 PM,Monday,Humberwood Loop,Mechanical,20,40,S,1210
2015/01/19,104,8:49:00 PM,Monday,Wilson Station,Investigation,14,28,n,8203
2015/01/19,196,8:53:00 PM,Monday,downsveiw Station,Mechanical,3,6,n,9446
2015/01/19,196,8:59:00 PM,Monday,downsview Station,Utilized Off Route,3,6,n,8197
2015/01/19,89,9:00:00 PM,Monday,entire route,General Delay,12,30,b/w,
2015/01/19,53,9:21:00 PM,Monday,Steeles and Kelvin Grove,Mechanical,5,10,e,1780
2015/01/19,131,9:31:00 PM,Monday,STC,Mechanical,13,26,e,1369
2015/01/19,11,10:34:00 PM,Monday,Steeles Loop at Bayview,Investigation,30,60,s,8359
2015/01/19,29,11:20:00 PM,Monday,Wilson Station,Mechanical,8,16,s,9049
2015/01/19,25,11:40:00 PM,Monday,Pape station,Investigation,1,1,NB,7623
2015/01/20,97,12:20:00 AM,Tuesday,Yonge and York Mills,Mechanical,30,60,n,8132
2015/01/20,36,12:35:00 AM,Tuesday,finch stn,Mechanical,10,20,e/b,1302
2015/01/20,168,12:37:00 AM,Tuesday,E/B DAVENPORT EAST OF OLD WESTON RD,Mechanical,12,24,s/b,7334
2015/01/20,112,12:54:00 AM,Tuesday,KIPLING STN,Mechanical,18,36,N/B,7955
2015/01/20,7,1:00:00 AM,Tuesday,Bathurst and Fisherville,Emergency Services,17,34,s,9050
2015/01/20,54,1:22:00 AM,Tuesday,Lawrance and Starspray Loop,Mechanical,20,40,EB,7528
2015/01/20,85,1:46:00 AM,Tuesday,Meadow vale Loop,Emergency Services,24,35,W/B,9084
2015/01/20,86,1:48:00 AM,Tuesday,Meadowvale and HWY 401,Investigation,10,20,SB,7654
2015/01/20,303,4:32:00 AM,Tuesday,Broad view at Gerrard,Mechanical,30,60,S/B,7559
2015/01/20,7,4:40:00 AM,Tuesday,Steeles And Bathurst,Mechanical,20,50,s/b,9012
2015/01/20,34,4:44:00 AM,Tuesday,Eglinton Garage,Late Leaving Garage,1,1,WB,7669
2015/01/20,52,5:00:00 AM,Tuesday,Lawrence and Bathurst,Late Leaving Garage,23,40,e/b,1662
2015/01/20,134,5:05:00 AM,Tuesday,Tapscott and Crow Trail,Mechanical,5,0,n,1067
2015/01/20,116,5:10:00 AM,Tuesday,Eglinton and Markham,Diversion,100,112,w,7611
2015/01/20,41,5:10:00 AM,Tuesday,Petrolia,Late Leaving Garage,12,23,s/b,9143
2015/01/20,107,5:18:00 AM,Tuesday,Wilson Garage,Late Leaving Garage,18,36,,9406
2015/01/20,84,5:24:00 AM,Tuesday,Sheppard and Arrow,Late Leaving Garage,6,19,E,1706
2015/01/20,36,5:27:00 AM,Tuesday,Arrow Rd,Late Leaving Garage,4,8,E,9132
2015/01/20,132,5:33:00 AM,Tuesday,Brenyon Way and Sewells,Late Leaving Garage,24,0,E,1076
2015/01/20,133,5:33:00 AM,Tuesday,Morningside and Staines,Mechanical,6,20,n,1137
2015/01/20,102,5:34:00 AM,Tuesday,Kingston Rd & Markham,Diversion,72,82,B/W,7840
2015/01/20,165,5:43:00 AM,Tuesday,major mackenzie loop,Late Leaving Garage,6,11,e,7250
2015/01/20,68,5:43:00 AM,Tuesday,Warden Loop,Mechanical,16,35,sb,35
2015/01/20,125,5:46:00 AM,Tuesday,Wilson garage,Late Leaving Garage,15,30,,9410
2015/01/20,53,5:46:00 AM,Tuesday,Passmore and Markham,Mechanical,4,9,w,1144
2015/01/20,97,5:51:00 AM,Tuesday,Wilson Gar,Late Leaving Garage,15,30,,8326
2015/01/20,120,5:52:00 AM,Tuesday,Arrow Rd. Garage,Late Leaving Garage,30,0,E,1339
2015/01/20,122,5:56:00 AM,Tuesday,Fenelop loop,Mechanical,15,0,w/b,9413
2015/01/20,53,5:57:00 AM,Tuesday,Morningside and Staines,Mechanical,3,17,w,9075
2015/01/20,95,6:00:00 AM,Tuesday,U of T Loop,Late Leaving Garage,9,18,W,1761
2015/01/20,84,6:03:00 AM,Tuesday,Weston and Bradstock,Utilized Off Route,10,20,EB,1545
2015/01/20,32,6:06:00 AM,Tuesday,Wright and Jane,Late Leaving Garage,5,10,w/b,1003
2015/01/20,60,6:07:00 AM,Tuesday,Steeles and Signet,Late Leaving Garage,6,11,E,1395
2015/01/20,199,6:09:00 AM,Tuesday,Scarborough Town Centre,Late Leaving Garage,2,5,WB,1079
2015/01/20,32,6:10:00 AM,Tuesday,Skymark,Late Leaving Garage,5,10,e/b,1041
2015/01/20,168,6:11:00 AM,Tuesday,Garage / Avon Loop,Late Leaving Garage,5,10,s,7315
2015/01/20,191,6:14:00 AM,Tuesday,Royalcrest,Mechanical,6,12,n,7935
2015/01/20,84,6:14:00 AM,Tuesday,Arrow Rd. Division,Late Leaving Garage,4,8,W,1702
2015/01/20,106,6:14:00 AM,Tuesday,Sentinel,Mechanical,7,14,,8184
2015/01/20,39,6:18:00 AM,Tuesday,Finch station,Late Leaving Garage,4,7,EB,1084
2015/01/20,59,6:19:00 AM,Tuesday,Lawrence West Stn.,Late Leaving Garage,12,24,w,1279
2015/01/20,199,6:20:00 AM,Tuesday,Scarborough Town Centre,Late Leaving Garage,2,5,WB,1149
2015/01/20,43,6:20:00 AM,Tuesday,Scarborough Centre Station,Mechanical,10,20,SB,7436
2015/01/20,85,6:21:00 AM,Tuesday,Rouge Hill GO,Mechanical,11,22,W,9069
2015/01/20,54,6:24:00 AM,Tuesday,Lawrence Scarbough Golf Club rd,Mechanical,9,18,eb,7512
2015/01/20,5,6:25:00 AM,Tuesday,Eglinton stn,Mechanical,15,30,s/b,8395
2015/01/20,100,6:26:00 AM,Tuesday,Broadview Station,Mechanical,3,6,NB,7510
2015/01/20,199,6:28:00 AM,Tuesday,Scarborough Town Centre,Late Leaving Garage,3,5,WB,1807
2015/01/20,35,6:28:00 AM,Tuesday,Jane and Sheppard,Mechanical,10,20,N,1686
2015/01/20,122,6:29:00 AM,Tuesday,Yorkmills and LesMill,Mechanical,8,16,e/b,8311
2015/01/20,165,6:29:00 AM,Tuesday,wilson at dufferin,Mechanical,5,10,w,7218
2015/01/20,165,6:30:00 AM,Tuesday,yorkmills stn,Late Leaving Garage,5,10,w,1376
2015/01/20,96,6:30:00 AM,Tuesday,yorkmills stn to humberline lp,General Delay,17,34,bw,
2015/01/20,165,6:30:00 AM,Tuesday,Yorkmills stn to steeles,General Delay,17,34,bw,
2015/01/20,53,6:31:00 AM,Tuesday,Morningside and Staines,Mechanical,7,19,w,9101
2015/01/20,21,6:33:00 AM,Tuesday,STC,Mechanical,14,28,S/b,7703
2015/01/20,195,6:33:00 AM,Tuesday,Jane and Steeles,Late Leaving Garage,10,20,S,1534
2015/01/20,36,6:34:00 AM,Tuesday,humberwood loop,Late Leaving Garage,4,8,E,9125
2015/01/20,54,6:35:00 AM,Tuesday,Lawrence Donway East,Investigation,6,12,wb,7422
2015/01/20,100,6:37:00 AM,Tuesday,Donlands and O'Connor,Utilized Off Route,4,8,NB,7442
2015/01/20,199,6:39:00 AM,Tuesday,Scarborough Town Centre,Late Leaving Garage,3,5,WB,1795
2015/01/20,26,6:42:00 AM,Tuesday,Garage /St George,Late Leaving Garage,14,29,w,8092
2015/01/20,32,6:44:00 AM,Tuesday,Emmett ave.,Late Leaving Garage,10,21,e/b,1653
2015/01/20,97,6:46:00 AM,Tuesday,Davisville Station,Mechanical,30,60,N,8304
2015/01/20,70,6:47:00 AM,Tuesday,Coxwell stn,Utilized Off Route,17,34,eb,7602
2015/01/20,95,6:50:00 AM,Tuesday,Ellesmere RT,Late Leaving Garage,7,14,W,1098
2015/01/20,84,6:52:00 AM,Tuesday,Arrow Rd. Garage,Late Leaving Garage,5,9,WB,1367
2015/01/20,89,6:52:00 AM,Tuesday,Albion Road,Mechanical,5,10,s/b,1603
2015/01/20,11,6:58:00 AM,Tuesday,Bayview & Finch,Mechanical,6,12,s/b,8323
2015/01/20,54,7:03:00 AM,Tuesday,Eglinton stn,Utilized Off Route,6,12,eb,7457
2015/01/20,196,7:08:00 AM,Tuesday,Dufferin & Rimrock,Mechanical,4,6,,9435
2015/01/20,191,7:20:00 AM,Tuesday,Steeles,Mechanical,6,12,S,7947
2015/01/20,96,7:29:00 AM,Tuesday,wilson stn,Mechanical,17,34,w,7248
2015/01/20,12,7:30:00 AM,Tuesday,Kingston Rd & Warden,Mechanical,6,12,E/B,7714
2015/01/20,106,7:30:00 AM,Tuesday,York U Commons,Mechanical,7,14,,9423
2015/01/20,195,7:33:00 AM,Tuesday,Jane and Steeles,Late Leaving Garage,10,20,S,1379
2015/01/20,24,7:34:00 AM,Tuesday,Victoria Park Stn,Mechanical,12,24,N/B,7712
2015/01/20,160,7:40:00 AM,Tuesday,Wilson Stn,Mechanical,6,26,NB,8197
2015/01/20,165,7:48:00 AM,Tuesday,Clayson,Mechanical,5,10,w,7229
2015/01/20,60,7:55:00 AM,Tuesday,SGHL,Mechanical,6,12,E,1275
2015/01/20,24,8:00:00 AM,Tuesday,Victoria Park Route,General Delay,7,1,B/W,
2015/01/20,190,8:00:00 AM,Tuesday,Don Mills station to Scarborough Town Centre,General Delay,15,12,B/W,
2015/01/20,12,8:00:00 AM,Tuesday,Kingston Road Route,General Delay,10,1,B/W,
2015/01/20,57,8:00:00 AM,Tuesday,Midland Route,General Delay,10,1,B/W,
2015/01/20,196,8:00:00 AM,Tuesday,Downsview Stn,Mechanical,2,6,,9404
2015/01/20,196,8:26:00 AM,Tuesday,York U commons,Mechanical,2,4,e,9409
2015/01/20,165,8:36:00 AM,Tuesday,weston at finch,Mechanical,5,10,e,1353
2015/01/20,57,8:37:00 AM,Tuesday,Midland & Finch,Mechanical,11,22,S/b,7710
2015/01/20,100,8:40:00 AM,Tuesday,Concord Place,Investigation,3,6,NB,7517
2015/01/20,100,9:00:00 AM,Tuesday,Concord Place,Mechanical,4,8,WB,7517
2015/01/20,100,9:00:00 AM,Tuesday,Broadview Station,Emergency Services,4,8,NB,7442
2015/01/20,122,9:03:00 AM,Tuesday,Yorkmills stn,Mechanical,10,20,e/b,8200
2015/01/20,92,9:20:00 AM,Tuesday,WARDEN STN,Utilized Off Route,0,0,NB,7796
2015/01/20,29,9:40:00 AM,Tuesday,Dufferin at Rogers,Mechanical,7,14,s/b,8383
2015/01/20,60,10:01:00 AM,Tuesday,COMMOMS,Mechanical,7,14,E,1243
2015/01/20,116,10:13:00 AM,Tuesday,eglinton and bellamy,Mechanical,10,20,e,7508
2015/01/20,39,10:30:00 AM,Tuesday,Finch station to Neilson & Crow Trail,General Delay,8,12,B/W,1754
2015/01/20,199,10:30:00 AM,Tuesday,Finch station to Scarborough Town Centre,General Delay,8,12,B/W,1729
2015/01/20,24,10:50:00 AM,Tuesday,Victoria  Park & Steeles.,Mechanical,10,20,S/B,7878
2015/01/20,32,10:52:00 AM,Tuesday,Eglinton West Station,Mechanical,12,26,e/b,1052
2015/01/20,64,10:55:00 AM,Tuesday,Main Station,Mechanical,10,20,SB,8111
2015/01/20,92,10:56:00 AM,Tuesday,Woodbine Station,Mechanical,12,24,SB,7796
2015/01/20,198,11:00:00 AM,Tuesday,Kennedy station,Mechanical,10,20,e,7662
2015/01/20,60,11:06:00 AM,Tuesday,Steeles at Yonge,Mechanical,3,7,E,1564
2015/01/20,32,11:09:00 AM,Tuesday,Eglinton and Bathurst,Investigation,13,26,e/b,1652
2015/01/20,24,11:10:00 AM,Tuesday,Victoria Park Stn,Utilized Off Route,10,20,N/B,7854
2015/01/20,89,11:15:00 AM,Tuesday,Weston and Ray,Mechanical,7,19,s/b,1531
2015/01/20,131,11:32:00 AM,Tuesday,Littles and Morningview trl,Investigation,14,28,WB,1083
2015/01/20,95,11:40:00 AM,Tuesday,York Mills and Valentine,Investigation,8,16,WB,1761
2015/01/20,106,11:40:00 AM,Tuesday,Sentinel and Pond,Mechanical,10,20,sb,8154
2015/01/20,199,11:47:00 AM,Tuesday,Finch station,Mechanical,5,9,EB,1730
2015/01/20,199,11:54:00 AM,Tuesday,Scarborough Town Centre,Utilized Off Route,5,10,WB,1118
2015/01/20,86,12:10:00 PM,Tuesday,Kennedy station,Mechanical,10,20,e,7566
2015/01/20,106,12:10:00 PM,Tuesday,York U,Utilized Off Route,2,4,sb,8330
2015/01/20,26,12:30:00 PM,Tuesday,JANE STN,Diversion,40,60,NB,8036
2015/01/20,35,12:30:00 PM,Tuesday,Jane Stn.,Emergency Services,8,16,N,1512
2015/01/20,35,12:44:00 PM,Tuesday,Jane Stn.,Diversion,8,16,N,1342
2015/01/20,84,12:45:00 PM,Tuesday,Jane and Sheppard,Mechanical,9,18,w/b,1576
2015/01/20,195,12:46:00 PM,Tuesday,Jane Stn.,Diversion,10,20,N,1316
2015/01/20,100,12:50:00 PM,Tuesday,Broadview and Fernwood,Investigation,7,14,S,7585
2015/01/20,41,12:52:00 PM,Tuesday,Keele station,Utilized Off Route,7,14,s/b,1412
2015/01/20,89,12:52:00 PM,Tuesday,Keele station,Utilized Off Route,9,18,s/b,1031
2015/01/20,40,12:57:00 PM,Tuesday,DUNDAS WEST STATION,Utilized Off Route,1,1,W,7340
2015/01/20,120,1:00:00 PM,Tuesday,jane/Sheppard.,Mechanical,30,60,w,1339
2015/01/20,39,1:03:00 PM,Tuesday,Finch & McCowan,Mechanical,6,12,EB,1317
2015/01/20,35,1:04:00 PM,Tuesday,Jane stn,Mechanical,8,16,N/b,1561
2015/01/20,60,1:19:00 PM,Tuesday,Dufferin and Steeles Ave West,Mechanical,7,14,E,7207
2015/01/20,79,1:21:00 PM,Tuesday,Lawrence and Scarlett,Diversion,124,136,S/B,1525
2015/01/20,52,1:21:00 PM,Tuesday,Lawrence and Scarlett,Diversion,124,132,E/B,1245
2015/01/20,7,1:28:00 PM,Tuesday,Bathurst Station,Mechanical,8,16,nb,9026
2015/01/20,36,1:30:00 PM,Tuesday,Finch West route (NORFINCH & TANGIERS),General Delay,18,25,B,9111
2015/01/20,52,1:40:00 PM,Tuesday,Jane and Lawrence,Mechanical,15,30,E/B,1018
2015/01/20,36,1:42:00 PM,Tuesday,Finch and Arrow,Mechanical,5,11,W,9105
2015/01/20,52,2:00:00 PM,Tuesday,Entire Route,General Delay,10,18,B/W,
2015/01/20,102,2:09:00 PM,Tuesday,MARKHAM AND NASHDENE,Mechanical,13,26,SB,7873
2015/01/20,63,2:10:00 PM,Tuesday,East liberty,Utilized Off Route,8,15,n,1560
2015/01/20,29,2:10:00 PM,Tuesday,Wilson stn,Mechanical,4,8,s,8379
2015/01/20,54,2:15:00 PM,Tuesday,Wexfore on Lawerence,Investigation,12,24,e,7613
2015/01/20,41,2:17:00 PM,Tuesday,Keele Station,Utilized Off Route,7,14,N/B,1565
2015/01/20,106,2:20:00 PM,Tuesday,downsview Stn,Mechanical,10,20,sb,9435
2015/01/20,96,2:25:00 PM,Tuesday,Clayson/Wilson,Mechanical,18,36,w,7219
2015/01/20,84,2:30:00 PM,Tuesday,Weston Road and Bradstock,Mechanical,9,18,E,1208
2015/01/20,36,2:45:00 PM,Tuesday,Humberwood loop,Mechanical,6,11,E,9115
2015/01/20,12,2:45:00 PM,Tuesday,Neil McNeil High school,Late Leaving Garage,4,8,N,7709
2015/01/20,79,2:46:00 PM,Tuesday,Lawrence and Pine,Late Leaving Garage,8,20,s/b,1506
2015/01/20,26,2:48:00 PM,Tuesday,Jane stn,Mechanical,13,33,e,7958
2015/01/20,85,2:52:00 PM,Tuesday,Don Mills Stn,Late Leaving Garage,16,32,W,1808
2015/01/20,60,2:54:00 PM,Tuesday,Finch Station,Late Leaving Garage,11,22,W,7241
2015/01/20,96,2:55:00 PM,Tuesday,Woodbine downs,Late Leaving Garage,18,36,w,1215
2015/01/20,21,2:55:00 PM,Tuesday,Kennedy stn,Mechanical,20,40,N,7830
2015/01/20,85,2:58:00 PM,Tuesday,Malvern Gates,Mechanical,6,12,W,9093
2015/01/20,116,2:58:00 PM,Tuesday,Morningside / Lawrence,Late Leaving Garage,5,13,EB,7626
2015/01/20,84,3:00:00 PM,Tuesday,Jane Street and Steeles Avenue West,Late Leaving Garage,22,44,S,1393
2015/01/20,29,3:00:00 PM,Tuesday,Wilson stn to Princess gate,General Delay,10,18,B/W,
2015/01/20,109,3:00:00 PM,Tuesday,109 Ranee-all Branch,General Delay,10,20,BW,
2015/01/20,51,3:01:00 PM,Tuesday,Wilson garage,Late Leaving Garage,15,33,sb,8339
2015/01/20,79,3:03:00 PM,Tuesday,Lawrence and Pine,Mechanical,12,24,s/b,1689
2015/01/20,165,3:04:00 PM,Tuesday,Yorkmills,Late Leaving Garage,18,36,w,1318
2015/01/20,108,3:04:00 PM,Tuesday,Finch and Driftwood,Late Leaving Garage,3,10,S,1257
2015/01/20,84,3:05:00 PM,Tuesday,Steeles Avenue W and Rossdean Road,Late Leaving Garage,0,0,S,1790
2015/01/20,84,3:06:00 PM,Tuesday,Sheppard Station,Late Leaving Garage,11,22,W,1266
2015/01/20,68,3:12:00 PM,Tuesday,Warden & Bamburgh Cir,Mechanical,7,16,NB,7550
2015/01/20,7,3:13:00 PM,Tuesday,Bathurst and Steeles,Mechanical,8,16,sb,9042
2015/01/20,95,3:14:00 PM,Tuesday,York Mills C.I.,Late Leaving Garage,8,16,WB,1098
2015/01/20,41,3:14:00 PM,Tuesday,York university,Utilized Off Route,18,36,S/B,1516
2015/01/20,95,3:14:00 PM,Tuesday,York Mills CI WB School trip,Late Leaving Garage,5,10,W,1098
2015/01/20,37,3:17:00 PM,Tuesday,Steeles and Islington,Mechanical,10,20,S,7217
2015/01/20,36,3:20:00 PM,Tuesday,Finch station  36D,Late Leaving Garage,13,25,W,9118
2015/01/20,116,3:21:00 PM,Tuesday,Morningside / Lawrence,Late Leaving Garage,19,19,EB,7404
2015/01/20,192,3:26:00 PM,Tuesday,KIPLING STN,Late Leaving Garage,9,18,N,8004
2015/01/20,191,3:27:00 PM,Tuesday,Martin grove and Royal crest,Mechanical,5,11,N,7932
2015/01/20,54,3:35:00 PM,Tuesday,Scarb. Golf Club/Lawrence,Mechanical,10,20,e,7517
2015/01/20,84,3:40:00 PM,Tuesday,Rivalda and Sheppard,Late Leaving Garage,11,22,WS,1410
2015/01/20,196,3:40:00 PM,Tuesday,Downsview Stn,Mechanical,6,12,sb,9433
2015/01/20,36,3:45:00 PM,Tuesday,Finch station,Late Leaving Garage,12,25,W,9125
2015/01/20,60,3:50:00 PM,Tuesday,Finch Station,Late Leaving Garage,7,14,W,
2015/01/20,195,3:52:00 PM,Tuesday,York U.Commons.Go bus side.,Mechanical,10,20,e/b,1302
2015/01/20,53,3:56:00 PM,Tuesday,Passmore & Markham,Mechanical,5,10,W,7123
2015/01/20,11,4:00:00 PM,Tuesday,Wilson garage,Late Leaving Garage,6,12,e/b,8383
2015/01/20,124,4:03:00 PM,Tuesday,Lawrence Stn.,Utilized Off Route,6,12,s,8153
2015/01/20,92,4:07:00 PM,Tuesday,Woodbine Station,Mechanical,9,18,SB,7867
2015/01/20,22,4:14:00 PM,Tuesday,Queen and Coxwell,Investigation,8,16,SB,7800
2015/01/20,36,4:15:00 PM,Tuesday,Finch station,Utilized Off Route,1,1,W,9121
2015/01/20,165,4:15:00 PM,Tuesday,Wilson Station,Investigation,18,36,w,7214
2015/01/20,60,4:20:00 PM,Tuesday,Yoneg and Athabaska,Mechanical,7,14,N,1277
2015/01/20,84,4:30:00 PM,Tuesday,Weston Road and Bradstock,Mechanical,11,22,E,1275
2015/01/20,24,4:40:00 PM,Tuesday,Greylawn and Vic Park,Investigation,7,14,n,8102
2015/01/20,32,5:00:00 PM,Tuesday,Pine and Lawrence,Utilized Off Route,8,16,E/B,1633
2015/01/20,87,5:00:00 PM,Tuesday,Main Station,Mechanical,5,10,EB,7709
2015/01/20,25,5:01:00 PM,Tuesday,Pape Stn,Mechanical,3,6,N,7638
2015/01/20,102,5:09:00 PM,Tuesday,WARDEN STN,Mechanical,16,32,SB,7872
2015/01/20,108,5:16:00 PM,Tuesday,Grandravine and Ollerton Rd,Mechanical,14,28,W,1701
2015/01/20,196,5:17:00 PM,Tuesday,Sentinel and Cook,Investigation,2,4,n,8316
2015/01/20,60,5:24:00 PM,Tuesday,Finch Station,Mechanical,7,14,W,1366
2015/01/20,84,5:25:00 PM,Tuesday,Sheppard Station,Mechanical,11,22,W,1790
2015/01/20,102,5:27:00 PM,Tuesday,WARDEN STN,Utilized Off Route,11,22,NB,7786
2015/01/20,199,5:28:00 PM,Tuesday,STC,Mechanical,4,8,W,1334
2015/01/20,16,5:28:00 PM,Tuesday,WARDEN STN,Emergency Services,9,18,NB,7716
2015/01/20,126,5:30:00 PM,Tuesday,Entire Route,General Delay,10,25,B/W,
2015/01/20,52,5:34:00 PM,Tuesday,Lawrence Stn,Mechanical,5,16,W/B,1056
2015/01/20,108,5:43:00 PM,Tuesday,Downsview Stn,Mechanical,14,28,W,1230
2015/01/20,92,5:52:00 PM,Tuesday,Woodbine Stn,Mechanical,9,18,s,7696
2015/01/20,36,5:53:00 PM,Tuesday,Finch and Wilmington,Emergency Services,4,12,E,9111
2015/01/20,60,6:06:00 PM,Tuesday,Signal Hill and Steeles,Mechanical,7,14,E,1395
2015/01/20,84,6:40:00 PM,Tuesday,Downsview Station,Mechanical,11,22,E,1576
2015/01/20,79,6:59:00 PM,Tuesday,Pine and Lawrence,Mechanical,12,24,S/B,1533
2015/01/20,6,7:00:00 PM,Tuesday,Bay / Bloor,Utilized Off Route,1,1,n,1557
2015/01/20,6,7:01:00 PM,Tuesday,Davenport / Bedford,Utilized Off Route,1,1,n,1273
2015/01/20,96,7:14:00 PM,Tuesday,kipling/John Garland,Diversion,18,36,w,1370
2015/01/20,22,7:29:00 PM,Tuesday,Coxwell Stn,Utilized Off Route,10,20,s,7800
2015/01/20,24,7:30:00 PM,Tuesday,Victoria Park Stn,Utilized Off Route,1,1,n,7874
2015/01/20,168,8:15:00 PM,Tuesday,OLD WESTON RD AT ST CLAIR,Investigation,10,20,s/b,8001
2015/01/20,105,8:30:00 PM,Tuesday,downsview Station,Mechanical,15,30,n,9421
2015/01/20,196,8:37:00 PM,Tuesday,downsview Station,Utilized Off Route,3,6,w,8374
2015/01/20,25,9:53:00 PM,Tuesday,Don mills/Parkway Forest,Mechanical,7,14,S/B,7454
2015/01/20,89,10:00:00 PM,Tuesday,Entire Route,General Delay,8,20,B/W,
2015/01/20,34,10:20:00 PM,Tuesday,Eglinton station,Mechanical,6,14,EB,7672
2015/01/20,126,10:25:00 PM,Tuesday,Christie and Dupont,Mechanical,30,60,S/B,1004
2015/01/20,63,10:28:00 PM,Tuesday,Ossington Stn,Utilized Off Route,7,13,N/B,1202
2015/01/20,38,11:42:00 PM,Tuesday,Rouge Hill GO Stn,Mechanical,13,26,W/B,1754
2015/01/20,11,11:46:00 PM,Tuesday,York Mills,Mechanical,30,60,s,8347
2015/01/21,36,12:35:00 AM,Wednesday,finch stn,Mechanical,20,40,w/b,1302
2015/01/21,161,12:35:00 AM,Wednesday,Lambton and Beechwood,Emergency Services,20,40,E/B,1287
2015/01/21,7,1:00:00 AM,Wednesday,Bathurst and Fisherville,Emergency Services,17,34,s,9050
2015/01/21,89,1:15:00 AM,Wednesday,Weston and Northland,Mechanical,15,30,N/B,1527
2015/01/21,63,1:18:00 AM,Wednesday,Eglinton West Stn,Utilized Off Route,10,20,S/b,1202
2015/01/21,70,2:15:00 AM,Wednesday,Coxwell Stn,Emergency Services,1,1,N/B,7405
2015/01/21,320,2:30:00 AM,Wednesday,Yonge & Steeles,Mechanical,4,8,S,8384
2015/01/21,303,2:45:00 AM,Wednesday,Pape at Danforth,Emergency Services,30,60,N/B,7495
2015/01/21,67,5:11:00 AM,Wednesday,Eglinton Garage,Late Leaving Garage,1,1,NB,7533
2015/01/21,36,5:13:00 AM,Wednesday,Arrow Rd,Late Leaving Garage,10,20,E,9123
2015/01/21,22,5:20:00 AM,Wednesday,Coxwell Stn,Late Leaving Garage,10,20,S/B,7753
2015/01/21,29,5:22:00 AM,Wednesday,Wilson stn,Mechanical,7,14,s/b,9007
2015/01/21,91,5:26:00 AM,Wednesday,Woodbine Stn,Late Leaving Garage,13,26,N/B,7812
2015/01/21,62,5:31:00 AM,Wednesday,COXWELL/MORTIMER,Late Leaving Garage,10,1,W,7726
2015/01/21,165,5:33:00 AM,Wednesday,Signet & Steeles,Late Leaving Garage,15,30,S,7201
2015/01/21,107,5:33:00 AM,Wednesday,Finch and Keele,Late Leaving Garage,18,36,n,9405
2015/01/21,116,5:46:00 AM,Wednesday,eglinton yard,Mechanical,6,12,e,7412
2015/01/21,54,5:46:00 AM,Wednesday,Eglinton yard,Mechanical,1,1,eb,7447
2015/01/21,7,5:48:00 AM,Wednesday,Bathurst and Wilson,Late Leaving Garage,17,25,SB,9020
2015/01/21,116,5:49:00 AM,Wednesday,EGLINTON YARD,Mechanical,13,26,W,7650
2015/01/21,37,5:55:00 AM,Wednesday,Arrow Rd. Road Garage,Late Leaving Garage,4,11,N/B,1554
2015/01/21,86,5:58:00 AM,Wednesday,eglinton yard,Late Leaving Garage,17,34,e,7627
2015/01/21,110,5:58:00 AM,Wednesday,Garage Queensway,Late Leaving Garage,24,48,,7301
2015/01/21,39,5:59:00 AM,Wednesday,Finch station,Late Leaving Garage,3,8,EB,1826
2015/01/21,199,6:00:00 AM,Wednesday,Scarborough Town Centre,Utilized Off Route,3,6,WB,1098
2015/01/21,32,6:00:00 AM,Wednesday,Skymark,Investigation,6,11,e/b,1674
2015/01/21,32,6:01:00 AM,Wednesday,Keele and Eglinton,Late Leaving Garage,5,10,e/b,1571
2015/01/21,52,6:02:00 AM,Wednesday,Lawrence stn,Late Leaving Garage,12,24,w/b,1413
2015/01/21,100,6:04:00 AM,Wednesday,Eglinton Garage,Late Leaving Garage,1,1,S,7456
2015/01/21,34,6:05:00 AM,Wednesday,Kennedy Station,Late Leaving Garage,4,8,WB,7616
2015/01/21,125,6:05:00 AM,Wednesday,30 Drewry,Mechanical,15,1,wb,8124
2015/01/21,43,6:06:00 AM,Wednesday,Eglinton Garage,Late Leaving Garage,1,1,SB,7418
2015/01/21,100,6:07:00 AM,Wednesday,Eglinton Garage,Late Leaving Garage,1,1,S,7435
2015/01/21,60,6:07:00 AM,Wednesday,SIGT,Late Leaving Garage,2,12,E,1389
2015/01/21,76,6:08:00 AM,Wednesday,Lakeshore and Mimico,Mechanical,5,9,n,8082
2015/01/21,54,6:09:00 AM,Wednesday,Eglinton Yard,Late Leaving Garage,1,1,ob,7614
2015/01/21,53,6:10:00 AM,Wednesday,Finch Station,Utilized Off Route,4,14,e,1070
2015/01/21,43,6:10:00 AM,Wednesday,Scarborough Centre Station,Late Leaving Garage,13,23,SB,7475
2015/01/21,100,6:11:00 AM,Wednesday,Eglinton Garage,Mechanical,1,1,S,7477
2015/01/21,68,6:13:00 AM,Wednesday,Warden Station,Late Leaving Garage,4,9,NB,7596
2015/01/21,37,6:13:00 AM,Wednesday,Arrow Rd. Garage,Late Leaving Garage,4,11,S/B,7249
2015/01/21,68,6:14:00 AM,Wednesday,Eglinton Garage`,Late Leaving Garage,1,1,SB,7476
2015/01/21,102,6:15:00 AM,Wednesday,Warden stn,Mechanical,5,10,N/B,7719
2015/01/21,86,6:20:00 AM,Wednesday,eglinton yard,Late Leaving Garage,5,10,e,7427
2015/01/21,60,6:23:00 AM,Wednesday,FSTN,Late Leaving Garage,7,14,W,1376
2015/01/21,107,6:25:00 AM,Wednesday,Downsview Station,Mechanical,7,14,nb,8178
2015/01/21,168,6:28:00 AM,Wednesday,Avon Loop,Mechanical,5,9,n,7311
2015/01/21,32,6:31:00 AM,Wednesday,Skymark,Late Leaving Garage,5,10,e/b,1044
2015/01/21,29,6:31:00 AM,Wednesday,Wilson stn,Mechanical,7,14,s/b,9019
2015/01/21,68,6:32:00 AM,Wednesday,Eglinton Garage,Late Leaving Garage,1,1,SB,7408
2015/01/21,195,6:33:00 AM,Wednesday,Jane and Steeles,Late Leaving Garage,10,20,S,1346
2015/01/21,25,6:34:00 AM,Wednesday,Don Mills and Duncan Mills,Mechanical,5,10,S,7556
2015/01/21,29,6:34:00 AM,Wednesday,Tycos,Mechanical,7,14,s/b,9049
2015/01/21,60,6:39:00 AM,Wednesday,FSTN,Utilized Off Route,7,14,W,1355
2015/01/21,54,6:40:00 AM,Wednesday,Eglinton Yard,Mechanical,1,1,ob,7457
2015/01/21,198,6:40:00 AM,Wednesday,eglinton yard,Late Leaving Garage,10,20,e,7459
2015/01/21,190,6:41:00 AM,Wednesday,Don Mills station,Utilized Off Route,5,10,E,1351
2015/01/21,84,6:42:00 AM,Wednesday,Sheppard Station,Utilized Off Route,4,9,W/B,1576
2015/01/21,53,6:42:00 AM,Wednesday,Finch Station,Utilized Off Route,11,24,e,9093
2015/01/21,100,6:42:00 AM,Wednesday,Eglinton Stn,Utilized Off Route,17,34,S,7532
2015/01/21,199,6:44:00 AM,Wednesday,Scarborough Town Centre,Utilized Off Route,3,6,WB,7123
2015/01/21,102,6:44:00 AM,Wednesday,Warden stn,Utilized Off Route,10,20,W/B,7728
2015/01/21,86,6:45:00 AM,Wednesday,Kennedy station,Utilized Off Route,17,34,e,7482
2015/01/21,29,6:45:00 AM,Wednesday,Tycos and Dufferin,Utilized Off Route,7,14,s/b,9045
2015/01/21,29,6:45:00 AM,Wednesday,Wilson stn,Utilized Off Route,7,14,s/b,9023
2015/01/21,95,6:45:00 AM,Wednesday,York Mills station,Utilized Off Route,3,7,E,8376
2015/01/21,36,6:46:00 AM,Wednesday,Finch stn,Mechanical,4,8,W,9117
2015/01/21,32,6:46:00 AM,Wednesday,Eglinton and Bathurst,Utilized Off Route,5,10,w/b,1642
2015/01/21,17,6:49:00 AM,Wednesday,Warden stn,Utilized Off Route,13,26,W/B,7803
2015/01/21,709,6:50:00 AM,Wednesday,Mt. Dennis,Utilized Off Route,5,10,e/b,1407
2015/01/21,709,6:50:00 AM,Wednesday,Mt. Dennis,Utilized Off Route,5,10,e/b,1418
2015/01/21,60,6:50:00 AM,Wednesday,FSTN,Utilized Off Route,7,14,W,1376
2015/01/21,87,6:50:00 AM,Wednesday,Coxwell/Mortimer,Utilized Off Route,9,17,W/B,7702
2015/01/21,45,6:50:00 AM,Wednesday,Kipling and Steeles Loop,Utilized Off Route,22,44,n/b,8049
2015/01/21,52,6:50:00 AM,Wednesday,Law stn,Utilized Off Route,12,24,w/b,1602
2015/01/21,81,6:50:00 AM,Wednesday,Pape Stn,Utilized Off Route,5,10,N/B,7690
2015/01/21,6,6:50:00 AM,Wednesday,Davenport and Bay,Utilized Off Route,8,16,s,1625
2015/01/21,709,6:50:00 AM,Wednesday,Mt. dennis garage,Utilized Off Route,5,10,e/b,1618
2015/01/21,63,6:50:00 AM,Wednesday,Eglinton west stn,Mechanical,4,8,s,1269
2015/01/21,54,6:50:00 AM,Wednesday,Eglinton stn,Utilized Off Route,6,12,eb,7658
2015/01/21,196,6:51:00 AM,Wednesday,York U. Common,Utilized Off Route,4,8,s,9403
2015/01/21,90,6:51:00 AM,Wednesday,Oakwood and Vaughan,Utilized Off Route,6,10,SB,8130
2015/01/21,85,6:51:00 AM,Wednesday,Don Mills station,Utilized Off Route,6,11,E,9060
2015/01/21,25,6:52:00 AM,Wednesday,Don Mills Stn,Utilized Off Route,3,6,S,7499
2015/01/21,106,6:53:00 AM,Wednesday,Downsview Stn,Utilized Off Route,7,14,n,8305
2015/01/21,34,6:53:00 AM,Wednesday,Eglinton Station,Utilized Off Route,4,8,EB,7616
2015/01/21,110,6:54:00 AM,Wednesday,Islington Station,Utilized Off Route,12,24,,8031
2015/01/21,59,6:55:00 AM,Wednesday,Lawrence West Stn.,Utilized Off Route,12,24,W,1574
2015/01/21,87,6:57:00 AM,Wednesday,Broadview Station,Utilized Off Route,9,18,E,7702
2015/01/21,36,7:00:00 AM,Wednesday,Arrow Rd,Mechanical,4,8,e,9132
2015/01/21,74,7:00:00 AM,Wednesday,St. Clair Station,Mechanical,15,30,nb,8156
2015/01/21,34,7:01:00 AM,Wednesday,Eglinton Station,Utilized Off Route,4,8,EB,7632
2015/01/21,54,7:01:00 AM,Wednesday,Eglinton stn,Utilized Off Route,6,12,eb,7457
2015/01/21,36,7:02:00 AM,Wednesday,Finch Stn,Utilized Off Route,4,8,W,1365
2015/01/21,52,7:02:00 AM,Wednesday,Lawrence stn,Utilized Off Route,12,24,w/b,1245
2015/01/21,165,7:02:00 AM,Wednesday,York Mills Station,Utilized Off Route,5,10,W,7200
2015/01/21,199,7:04:00 AM,Wednesday,Scarborough Town Centre,Utilized Off Route,2,5,WB,1765
2015/01/21,125,7:04:00 AM,Wednesday,Finch Station,Late Leaving Garage,7,15,wb,8185
2015/01/21,42,7:05:00 AM,Wednesday,Maybrook and Passmore,Mechanical,6,11,wb,8209
2015/01/21,199,7:05:00 AM,Wednesday,Scarborough Town Centre,Mechanical,3,6,WB,1334
2015/01/21,196,7:07:00 AM,Wednesday,York U. Common,Utilized Off Route,8,14,s,8123
2015/01/21,191,7:10:00 AM,Wednesday,Humber College,Mechanical,6,12,S,7927
2015/01/21,35,7:12:00 AM,Wednesday,Jane and Finch,Mechanical,10,20,N,1313
2015/01/21,196,7:15:00 AM,Wednesday,Downsview Stn,Late Leaving Garage,2,4,n,
2015/01/21,7,7:23:00 AM,Wednesday,Bathurst and Wilson,Mechanical,1,1,SB,9034
2015/01/21,53,7:25:00 AM,Wednesday,Finch Station,Emergency Services,10,24,e,9081
2015/01/21,66,7:26:00 AM,Wednesday,Garage / Humberloop,Late Leaving Garage,8,14,n,8054
2015/01/21,196,7:27:00 AM,Wednesday,Downsview Stn,Late Leaving Garage,2,4,n,
2015/01/21,199,7:30:00 AM,Wednesday,Finch station to Scarborough Town Centre,General Delay,8,12,B/W,7120
2015/01/21,39,7:30:00 AM,Wednesday,Finch station to Neilson & Crow Trail,General Delay,8,12,B/W,1115
2015/01/21,124,7:37:00 AM,Wednesday,lawrence Station,Mechanical,5,11,eb,8361
2015/01/21,191,7:40:00 AM,Wednesday,Kiopling stn,Mechanical,6,12,N,7910
2015/01/21,108,7:45:00 AM,Wednesday,JADR,Mechanical,13,26,W,1362
2015/01/21,199,7:56:00 AM,Wednesday,Scarborough Town Centre,Mechanical,3,5,WB,1391
2015/01/21,36,8:01:00 AM,Wednesday,Finch stn,Mechanical,4,8,W,1302
2015/01/21,196,8:09:00 AM,Wednesday,Downsview Stn,Mechanical,2,4,n,9423
2015/01/21,96,8:15:00 AM,Wednesday,Wilson/William Cregg,Mechanical,5,10,E,7251
2015/01/21,97,8:16:00 AM,Wednesday,York Mills Station,Mechanical,30,60,sb,8385
2015/01/21,11,8:22:00 AM,Wednesday,Davisvile station,Utilized Off Route,12,24,e/b,8129
2015/01/21,96,8:32:00 AM,Wednesday,Wilson and Murray,Mechanical,5,10,E,7208
2015/01/21,196,8:43:00 AM,Wednesday,Downsview Stn,Mechanical,6,12,s,8212
2015/01/21,41,8:47:00 AM,Wednesday,Keele Stataion,Mechanical,9,18,n/b,9148
2015/01/21,106,8:52:00 AM,Wednesday,Downsview Stn,Mechanical,7,14,n,8165
2015/01/21,53,9:06:00 AM,Wednesday,Passmore and Markham,Mechanical,12,18,w,1821
2015/01/21,53,9:11:00 AM,Wednesday,Steeles and Mccowan,Mechanical,5,8,w,1724
2015/01/21,68,9:16:00 AM,Wednesday,Warden Ave at Ellesmere Ave,Mechanical,4,9,NB,7596
2015/01/21,41,9:37:00 AM,Wednesday,Keele & Gulliver,Investigation,7,14,S,9141
2015/01/21,108,9:45:00 AM,Wednesday,Downsview Stn,Investigation,9,18,W,1701
2015/01/21,57,9:47:00 AM,Wednesday,Midland & Millbridge,Mechanical,11,22,N/B,7856
2015/01/21,199,10:00:00 AM,Wednesday,Finch & Brimley,Mechanical,5,10,WB,1102
2015/01/21,124,10:27:00 AM,Wednesday,Lawrence Stn.,Mechanical,8,16,eb,8377
2015/01/21,199,10:34:00 AM,Wednesday,Scarborough Town Centre,Mechanical,5,10,WB,1753
2015/01/21,94,10:40:00 AM,Wednesday,Ossington stn,Mechanical,10,20,W,1040
2015/01/21,97,10:51:00 AM,Wednesday,St. Clair Stn,Emergency Services,30,60,nb,8394
2015/01/21,87,11:07:00 AM,Wednesday,Broadview stn,Utilized Off Route,11,22,E/B,7761
2015/01/21,36,11:16:00 AM,Wednesday,Finch and Islington,Mechanical,6,11,w,1345
2015/01/21,90,11:20:00 AM,Wednesday,St Clair W Stn,Mechanical,8,16,NB,8371
2015/01/21,102,11:20:00 AM,Wednesday,Markham/Eglinton,Utilized Off Route,15,30,N/B,7855
2015/01/21,196,11:25:00 AM,Wednesday,Downsview Stn,Mechanical,2,4,e,9425
2015/01/21,196,11:40:00 AM,Wednesday,York U,Mechanical,2,4,e,8165
2015/01/21,12,12:00:00 PM,Wednesday,Kingston Rd & Warden,Mechanical,12,26,W/B,7857
2015/01/21,162,12:40:00 PM,Wednesday,Don Mills and The Don Way West,Diversion,20,50,wb,8338
2015/01/21,26,1:08:00 PM,Wednesday,Jane Station,Mechanical,20,40,E,8059
2015/01/21,11,1:13:00 PM,Wednesday,Bayview & Wood,Diversion,21,31,S/B,8189
2015/01/21,124,1:16:00 PM,Wednesday,Bayview and Lawrence,Diversion,19,26,sb,8154
2015/01/21,44,1:30:00 PM,Wednesday,Col Sam Smith Loop,Utilized Off Route,6,12,N,8055
2015/01/21,11,1:43:00 PM,Wednesday,Steeles Loop,Mechanical,10,20,S/B,8145
2015/01/21,11,1:44:00 PM,Wednesday,Bayview/Lawrence ramp,Diversion,12,24,S/B,8359
2015/01/21,57,1:47:00 PM,Wednesday,Midland and Sheppard,Investigation,11,22,N,7699
2015/01/21,7,1:50:00 PM,Wednesday,Bathurst / Ranee,Mechanical,8,16,SB,9005
2015/01/21,29,2:00:00 PM,Wednesday,Dufferin route,General Delay,30,20,B,
2015/01/21,16,2:03:00 PM,Wednesday,Birchmount and St. Clair,Emergency Services,10,20,N,7802
2015/01/21,196,2:07:00 PM,Wednesday,Downsview Stn,Mechanical,2,4,n,8196
2015/01/21,92,2:18:00 PM,Wednesday,Woodbine Station,Mechanical,12,24,SB,7851
2015/01/21,35,2:24:00 PM,Wednesday,Jane stn,Late Leaving Garage,5,10,N/b,1221
2015/01/21,106,2:28:00 PM,Wednesday,Downsview Stn,Mechanical,10,20,s,8305
2015/01/21,44,2:37:00 PM,Wednesday,KIPLING STN,Late Leaving Garage,3,6,S,7334
2015/01/21,84,2:38:00 PM,Wednesday,Sheppard Station,Late Leaving Garage,0,0,W,1222
2015/01/21,780,2:40:00 PM,Wednesday,Eglinton Garage,Late Leaving Garage,1,1,N,7605
2015/01/21,84,2:42:00 PM,Wednesday,Sheppard Station,Utilized Off Route,10,20,W,1534
2015/01/21,105,2:45:00 PM,Wednesday,Downsview Stn,Mechanical,20,35,s,9429
2015/01/21,161,2:49:00 PM,Wednesday,Ossington Station,Late Leaving Garage,13,25,N/B,1632
2015/01/21,199,2:50:00 PM,Wednesday,Finch station,Late Leaving Garage,4,8,E,1757
2015/01/21,79,2:51:00 PM,Wednesday,Pine and Lawrence,Late Leaving Garage,12,24,s/b,1269
2015/01/21,85,2:52:00 PM,Wednesday,Don Mills Stn,Mechanical,16,32,W,1717
2015/01/21,85,2:56:00 PM,Wednesday,Rouge Hill Go,Late Leaving Garage,12,24,W,9083
2015/01/21,76,2:58:00 PM,Wednesday,Royal York and Evans,Late Leaving Garage,3,9,n,7969
2015/01/21,36,3:00:00 PM,Wednesday,Finch West route(@ Norfinch & Weston,General Delay,15,20,B,9131
2015/01/21,102,3:01:00 PM,Wednesday,Warden Station,Mechanical,11,22,N,7694
2015/01/21,84,3:05:00 PM,Wednesday,Arrow Road,Mechanical,10,20,W,1387
2015/01/21,195,3:06:00 PM,Wednesday,Jane stn,Late Leaving Garage,10,20,N/b,1415
2015/01/21,133,3:07:00 PM,Wednesday,STC,Late Leaving Garage,7,14,E,1718
2015/01/21,7,3:11:00 PM,Wednesday,Bathurst / Hillcrest,Investigation,8,16,NB,9035
2015/01/21,53,3:14:00 PM,Wednesday,Brebeuf College,Late Leaving Garage,5,6,W,9070
2015/01/21,41,3:14:00 PM,Wednesday,York University,Utilized Off Route,18,36,S/B,1000
2015/01/21,36,3:20:00 PM,Wednesday,Finch and Arrow,Mechanical,3,10,W,9117
2015/01/21,196,3:26:00 PM,Wednesday,Downsview Stn,Utilized Off Route,6,12,e,8316
2015/01/21,36,3:27:00 PM,Wednesday,Finch and Milady,Emergency Services,12,19,W,9118
2015/01/21,60,3:30:00 PM,Wednesday,York U / Commons,Mechanical,11,22,E,7211
2015/01/21,39,3:30:00 PM,Wednesday,Baldoon and Finch E/B,Late Leaving Garage,2,4,E,1078
2015/01/21,109,3:32:00 PM,Wednesday,Eglinton W station,Mechanical,12,24,NB,9432
2015/01/21,85,3:32:00 PM,Wednesday,Rouge Hill Go,Late Leaving Garage,14,26,W,9102
2015/01/21,36,3:32:00 PM,Wednesday,Finch station 36D,Late Leaving Garage,13,25,W,1368
2015/01/21,37,3:35:00 PM,Wednesday,Steeles and Islington Loop,Mechanical,10,20,S,7200
2015/01/21,124,3:39:00 PM,Wednesday,Lawrence Stn.,General Delay,6,12,s,8122
2015/01/21,124,3:39:00 PM,Wednesday,Bayview/ Lawrence ramp,Diversion,59,68,s,8122
2015/01/21,26,3:41:00 PM,Wednesday,Annette and Runnymede,Investigation,14,28,e,8036
2015/01/21,124,3:45:00 PM,Wednesday,Sunnybrook Hospital,General Delay,6,12,sb,8154
2015/01/21,11,3:48:00 PM,Wednesday,Wilson garage,Mechanical,6,12,S/B,8385
2015/01/21,191,3:49:00 PM,Wednesday,Royal crest and HWY 27,Mechanical,5,10,S,7925
2015/01/21,90,3:51:00 PM,Wednesday,St.Clair West Stn,Late Leaving Garage,11,22,wb,9431
2015/01/21,44,3:54:00 PM,Wednesday,COL SMITH LOOP,Utilized Off Route,4,8,n,8030
2015/01/21,76,3:54:00 PM,Wednesday,Lakeshore and Mimico,Utilized Off Route,5,10,n,8066
2015/01/21,96,4:00:00 PM,Wednesday,Wilson Route,General Delay,15,30,B/W,
2015/01/21,165,4:00:00 PM,Wednesday,Weston Route,General Delay,15,30,B/W,
2015/01/21,124,4:03:00 PM,Wednesday,Lawrence Stn.,Utilized Off Route,6,12,s,8377
2015/01/21,85,4:03:00 PM,Wednesday,Meadowvale Loop,Mechanical,6,12,W,9072
2015/01/21,39,4:09:00 PM,Wednesday,Neilson and Crowtrail,Mechanical,5,15,W,1314
2015/01/21,40,4:13:00 PM,Wednesday,Runnymede Loop,Utilized Off Route,7,14,n,7978
2015/01/21,224,4:20:00 PM,Wednesday,14TH / HOOD DRIVE,Investigation,40,58,SB,7482
2015/01/21,42,4:24:00 PM,Wednesday,Finch Stn.,Mechanical,12,23,sb,8367
2015/01/21,11,4:27:00 PM,Wednesday,111 Davisville/Davisville Ave,Investigation,10,20,E/B,8145
2015/01/21,45,4:28:00 PM,Wednesday,BELFIELD & KIPLING,Mechanical,6,12,S,8017
2015/01/21,160,4:31:00 PM,Wednesday,Bathust / Finch,Mechanical,21,42,SB,8219
2015/01/21,79,4:31:00 PM,Wednesday,Scarlett and Eglinton,Mechanical,12,24,n,1507
2015/01/21,42,4:42:00 PM,Wednesday,Finch Stn.,Mechanical,23,46,eb,9402
2015/01/21,35,4:42:00 PM,Wednesday,Jane and Mapleleaf,Investigation,5,10,N/b,1322
2015/01/21,196,4:44:00 PM,Wednesday,Downsview Stn,Mechanical,2,4,w,9435
2015/01/21,112,4:57:00 PM,Wednesday,WESTMALL & WESTMALL CRES,Mechanical,10,20,S,7335
2015/01/21,97,5:09:00 PM,Wednesday,Hilda & Steeles.,General Delay,30,60,s,8394
2015/01/21,54,5:30:00 PM,Wednesday,McCowan on Lawrence,Mechanical,9,18,e,7424
2015/01/21,63,5:35:00 PM,Wednesday,Eglinton west / Marlee,Mechanical,10,20,e,1272
2015/01/21,191,5:41:00 PM,Wednesday,HWY 427 @ ERINGATE,Mechanical,4,9,S,7910
2015/01/21,191,5:48:00 PM,Wednesday,Kipling station,Utilized Off Route,5,10,N,1364
2015/01/21,102,6:00:00 PM,Wednesday,Warden Stn,Utilized Off Route,18,36,n,7844
2015/01/21,14,6:03:00 PM,Wednesday,Glencairn station,Investigation,20,40,Eb,1659
2015/01/21,95,6:10:00 PM,Wednesday,Bayview,Mechanical,8,16,WB,1119
2015/01/21,191,6:11:00 PM,Wednesday,Royal crest and HWY 27,Utilized Off Route,5,9,S,7935
2015/01/21,95,6:19:00 PM,Wednesday,Dolly Varden,Mechanical,9,18,WB,1744
2015/01/21,191,6:21:00 PM,Wednesday,Royal crest and HWY 27,Mechanical,6,11,S,1265
2015/01/21,95,6:25:00 PM,Wednesday,Military Trail,Mechanical,12,24,WB,1821
2015/01/21,79,6:25:00 PM,Wednesday,Lawrence west / Pine,Mechanical,12,24,s,1577
2015/01/21,60,6:26:00 PM,Wednesday,York U / Commons,Mechanical,7,14,E,7211
2015/01/21,97,6:30:00 PM,Wednesday,Yonge & Yonge blvd.,Diversion,30,60,sb,8140
2015/01/21,115,6:30:00 PM,Wednesday,York Mills station,Diversion,20,40,68053,8392
2015/01/21,95,6:33:00 PM,Wednesday,York Mills Stn,Diversion,5,9,E,1090
2015/01/21,810,6:33:00 PM,Wednesday,Kennedy Stn,Utilized Off Route,1,1,,7497
2015/01/21,25,6:39:00 PM,Wednesday,Pape Stn.,Utilized Off Route,1,1,S,7661
2015/01/21,810,6:39:00 PM,Wednesday,Pape stn,Utilized Off Route,1,1,n,7661
2015/01/21,54,6:40:00 PM,Wednesday,Eglinton station,Utilized Off Route,11,22,w,7434
2015/01/21,810,6:42:00 PM,Wednesday,Kennedy Stn.,Utilized Off Route,1,1,,7621
2015/01/21,78,6:45:00 PM,Wednesday,York mills station,Diversion,15,30,E,8319
2015/01/21,52,6:47:00 PM,Wednesday,Lawrence station,Utilized Off Route,1,1,e/b,1010
2015/01/21,709,6:47:00 PM,Wednesday,Eglinton station,Utilized Off Route,1,1,WB,1014
2015/01/21,709,6:47:00 PM,Wednesday,Eglinton station,Utilized Off Route,1,1,WB,1668
2015/01/21,52,6:47:00 PM,Wednesday,Lawrence station,Utilized Off Route,1,1,e/b,1006
2015/01/21,53,6:48:00 PM,Wednesday,Finch Stn,Utilized Off Route,5,10,E,1300
2015/01/21,96,6:49:00 PM,Wednesday,yorkmills station,Utilized Off Route,18,36,w,1685
2015/01/21,95,6:50:00 PM,Wednesday,York Mills Stn,Utilized Off Route,4,8,E,1400
2015/01/21,810,6:55:00 PM,Wednesday,Steeles,Utilized Off Route,1,1,w,7516
2015/01/21,95,6:55:00 PM,Wednesday,Kingston Rd loop,Mechanical,14,28,WB,1138
2015/01/21,25,6:55:00 PM,Wednesday,FMDM,Utilized Off Route,1,1,N,7516
2015/01/21,134,7:07:00 PM,Wednesday,Sheppard & Progress,Mechanical,20,40,W,1131
2015/01/21,66,7:24:00 PM,Wednesday,HUMBER LOOP,Mechanical,18,36,N/B,8048
2015/01/21,36,7:30:00 PM,Wednesday,Humberwood loop,Mechanical,8,16,E,1684
2015/01/21,165,7:49:00 PM,Wednesday,Yorkmills station,Utilized Off Route,5,10,w,1327
2015/01/21,29,8:07:00 PM,Wednesday,davenport,Investigation,5,10,S,9047
2015/01/21,96,8:13:00 PM,Wednesday,Yorkmills,Mechanical,18,36,w,1335
2015/01/21,34,8:30:00 PM,Wednesday,VICTORIA PARK / EGLINTON,Investigation,4,8,WB,7515
2015/01/21,168,9:09:00 PM,Wednesday,DAVENPORT AND LAUGHTON,Investigation,10,20,N/B,8057
2015/01/21,94,9:23:00 PM,Wednesday,Harbord & Ossington,Mechanical,13,26,E,1244
2015/01/21,63,9:32:00 PM,Wednesday,Atlantic and King,Mechanical,7,13,N/B,1649
2015/01/21,65,9:36:00 PM,Wednesday,Parliament/Wellesley,Investigation,16,32,n,7836
2015/01/21,37,10:45:00 PM,Wednesday,Islington & St. Andrew,Diversion,10,20,B,1111
2015/01/21,35,10:50:00 PM,Wednesday,Jane Station,Mechanical,12,24,N,7950
2015/01/21,68,10:52:00 PM,Wednesday,Warden/Warden Court,Mechanical,16,32,N/B,7667
2015/01/22,71,12:55:00 AM,Thursday,Runnymede & St John's rd,Mechanical,24,30,S,1509
2015/01/22,7,1:03:00 AM,Thursday,York Downs,Diversion,79,91,b/w,9007
2015/01/22,86,1:27:00 AM,Thursday,Eglinton & Midland,Mechanical,10,10,EB,7424
2015/01/22,300,1:59:00 AM,Thursday,Danforth at Broadview,Mechanical,5,10,W/B,1616
2015/01/22,311,2:00:00 AM,Thursday,Islington & St. Andrew,Diversion,30,60,B,1265
2015/01/22,310,2:00:00 AM,Thursday,Bathurst & Palm,Diversion,30,60,B,9017
2015/01/22,310,2:45:00 AM,Thursday,Bathurst & Steeles,Mechanical,30,60,S,9007
2015/01/22,309,3:00:00 AM,Thursday,Humberwood BLVD,Mechanical,30,60,W/B,1374
2015/01/22,305,3:09:00 AM,Thursday,Eglinton at Victoria Park,Mechanical,30,60,W/B,7480
2015/01/22,95,3:35:00 AM,Thursday,York Mills Stn,Mechanical,30,60,W/B,1788
2015/01/22,7,4:21:00 AM,Thursday,Steeles & Bathurst,Late Leaving Garage,30,45,SB,9045
2015/01/22,7,4:40:00 AM,Thursday,Bathurst & Almore Avenue,Diversion,154,163,SB,9045
2015/01/22,96,4:44:00 AM,Thursday,Arrow Rd. Division,Late Leaving Garage,10,20,E/B,1803
2015/01/22,68,5:05:00 AM,Thursday,Warden loop,Mechanical,20,20,sb,7580
2015/01/22,116,5:05:00 AM,Thursday,eglinton yard,Mechanical,7,14,e,7537
2015/01/22,36,5:19:00 AM,Thursday,Arrow Rd,Mechanical,10,20,W,9123
2015/01/22,48,5:25:00 AM,Thursday,West Mall and Rathburn,Mechanical,0,20,e/b,8094
2015/01/22,112,5:25:00 AM,Thursday,Eglinton and Renforth,Late Leaving Garage,0,14,s/b,8057
2015/01/22,87,5:26:00 AM,Thursday,Midland & Steeles,Late Leaving Garage,10,20,N/B,7693
2015/01/22,84,5:28:00 AM,Thursday,Sheppard and Rivalda,Late Leaving Garage,20,44,W,1288
2015/01/22,129,5:35:00 AM,Thursday,Maj Mac and McCowan,Mechanical,27,27,S,9069
2015/01/22,50,5:50:00 AM,Thursday,Queensway Garage,Late Leaving Garage,15,35,,8071
2015/01/22,17,5:52:00 AM,Thursday,Wintermute & Steeles,Late Leaving Garage,13,26,N/B,7857
2015/01/22,116,5:54:00 AM,Thursday,Staines and Morningside,Utilized Off Route,6,12,e,7497
2015/01/22,107,5:55:00 AM,Thursday,Wilson Station,Mechanical,4,8,n,9446
2015/01/22,85,6:01:00 AM,Thursday,Don Mills station,Late Leaving Garage,6,12,E,9073
2015/01/22,67,6:01:00 AM,Thursday,Pharmacy Eglinton,Mechanical,7,25,sb,7672
2015/01/22,95,6:05:00 AM,Thursday,Kingston Rd and Ellesmere Loop,Late Leaving Garage,7,14,W,1808
2015/01/22,32,6:06:00 AM,Thursday,Wright and Jane,Late Leaving Garage,5,10,e/b,1066
2015/01/22,100,6:06:00 AM,Thursday,Broadview station,Late Leaving Garage,1,1,EB,7434
2015/01/22,35,6:07:00 AM,Thursday,Arrow garage,Mechanical,1,1,W,1684
2015/01/22,73,6:07:00 AM,Thursday,Royal York stn,Mechanical,15,30,n,7972
2015/01/22,12,6:12:00 AM,Thursday,Victoria Park Stn,Late Leaving Garage,11,22,S/b,7689
2015/01/22,6,6:13:00 AM,Thursday,Bedford &  Dupont,Late Leaving Garage,8,16,s/b,1010
2015/01/22,108,6:17:00 AM,Thursday,Downsview Station,Mechanical,12,0,NB,1701
2015/01/22,53,6:18:00 AM,Thursday,Finch Station,Mechanical,1,1,e,9095
2015/01/22,71,6:20:00 AM,Thursday,Mt. Dennis Garage,Mechanical,20,40,s/b,1636
2015/01/22,29,6:21:00 AM,Thursday,Dufferin at Tycos,Mechanical,7,14,s/b,9041
2015/01/22,86,6:22:00 AM,Thursday,eglinton yard,Late Leaving Garage,18,36,e,7663
2015/01/22,106,6:25:00 AM,Thursday,Downsview Station,Mechanical,7,14,n,9419
2015/01/22,100,6:26:00 AM,Thursday,Broadview Station,Late Leaving Garage,15,23,EB,7630
2015/01/22,104,6:31:00 AM,Thursday,Wilson Station,Mechanical,14,27,n,8205
2015/01/22,100,6:31:00 AM,Thursday,Broadview Station,Late Leaving Garage,4,8,NB,7677
2015/01/22,43,6:31:00 AM,Thursday,Kennedy Rd & Antrim Cres,Emergency Services,10,20,SB,7599
2015/01/22,63,6:32:00 AM,Thursday,Canniff,Late Leaving Garage,8,12,n,1651
2015/01/22,165,6:34:00 AM,Thursday,York Mills Station,Mechanical,5,10,NB,7211
2015/01/22,26,6:39:00 AM,Thursday,Garage / St George,Late Leaving Garage,14,29,w,7315
2015/01/22,39,6:40:00 AM,Thursday,Seneca College,Late Leaving Garage,7,15,WB,1321
2015/01/22,60,6:40:00 AM,Thursday,Yonge at Patricia Ave.,Mechanical,1,2,N,1682
2015/01/22,108,6:43:00 AM,Thursday,Downsview Stn,Late Leaving Garage,7,14,W,1271
2015/01/22,41,6:46:00 AM,Thursday,Keele station,Late Leaving Garage,9,18,n/b,9136
2015/01/22,36,6:51:00 AM,Thursday,Finch stn,Late Leaving Garage,5,10,W,9115
2015/01/22,54,6:54:00 AM,Thursday,Lawrence rt,Mechanical,9,18,eb,7541
2015/01/22,36,6:57:00 AM,Thursday,Finch stn,Late Leaving Garage,4,8,W,9126
2015/01/22,11,6:59:00 AM,Thursday,Belsize Drive,Mechanical,12,24,NB,8373
2015/01/22,196,6:59:00 AM,Thursday,York University Commons,Mechanical,4,8,s,8391
2015/01/22,42,7:00:00 AM,Thursday,McNicoll and Victoria Prk.,Mechanical,11,36,wb,8374
2015/01/22,165,7:04:00 AM,Thursday,Barmac and Steeles,Mechanical,10,14,S/B,7200
2015/01/22,54,7:05:00 AM,Thursday,Lawrence rt,Mechanical,6,12,wb,7456
2015/01/22,94,7:05:00 AM,Thursday,Parliament and Wellesley,Diversion,6,16,e,1552
2015/01/22,65,7:06:00 AM,Thursday,Wellesley and Parliament,Diversion,18,36,,7733
2015/01/22,36,7:06:00 AM,Thursday,Humberwood Loop,Late Leaving Garage,4,8,E,9105
2015/01/22,105,7:09:00 AM,Thursday,Dufferin and Confederation,Diversion,26,44,n,8387
2015/01/22,96,7:14:00 AM,Thursday,Albion and Walsh Ave,Mechanical,20,44,W/B,7208
2015/01/22,75,7:21:00 AM,Thursday,Sherbourne and Bloor,Late Leaving Garage,1,1,NB,8343
2015/01/22,85,7:23:00 AM,Thursday,Don Mills station,Mechanical,6,11,E,9063
2015/01/22,35,7:30:00 AM,Thursday,Jane Stn.,Mechanical,1,1,N,1681
2015/01/22,112,7:59:00 AM,Thursday,Kipling Station,Utilized Off Route,6,13,n/b,8095
2015/01/22,73,8:00:00 AM,Thursday,Weston rd and St Phillips,Mechanical,15,30,w,8027
2015/01/22,39,8:00:00 AM,Thursday,Finch station to Neilson & Crow Trail,General Delay,8,12,B/W,1117
2015/01/22,199,8:00:00 AM,Thursday,Finch & Warden,Mechanical,3,6,WB,1391
2015/01/22,29,8:00:00 AM,Thursday,Dufferin at Eglinton,General Delay,15,19,s/b,
2015/01/22,199,8:00:00 AM,Thursday,Finch station to Scarborough Town Centre,General Delay,8,12,B/W,1094
2015/01/22,12,8:00:00 AM,Thursday,Kingston Road Rte,General Delay,9,1,B/W,
2015/01/22,25,8:16:00 AM,Thursday,Millwood / Overlea,Mechanical,4,7,NB,7591
2015/01/22,45,8:17:00 AM,Thursday,Kipling and Beaverbrook,Mechanical,5,11,n/b,8005
2015/01/22,35,8:22:00 AM,Thursday,Jane and st.Clair,Investigation,10,20,S,1322
2015/01/22,196,8:29:00 AM,Thursday,Downsview Station,Mechanical,6,12,n,8384
2015/01/22,102,8:30:00 AM,Thursday,Markham and Ellesmere,Investigation,6,16,N/B,7741
2015/01/22,95,8:43:00 AM,Thursday,Birchmount Rd,Mechanical,15,30,EB,1352
2015/01/22,161,8:58:00 AM,Thursday,Gary and Dovercourt,Investigation,10,20,e/b,1518
2015/01/22,105,9:00:00 AM,Thursday,Rutherford and Dufferin,General Delay,40,50,e,8347
2015/01/22,57,9:07:00 AM,Thursday,Kennedy Stn,Mechanical,10,20,N/B,7764
2015/01/22,162,9:15:00 AM,Thursday,Saintfield Ave. and Glenorchy Rd.,Mechanical,30,60,eb,8196
2015/01/22,51,9:21:00 AM,Thursday,Nynemark and Leslie,Mechanical,15,29,SB,9412
2015/01/22,32,9:40:00 AM,Thursday,Eglinton west station,Mechanical,5,10,w/b,1050
2015/01/22,168,9:52:00 AM,Thursday,Dundas W Stn,Mechanical,10,20,n,7349
2015/01/22,6,9:57:00 AM,Thursday,Lansdowne & Davenport,Utilized Off Route,1,1,n/b,1526
2015/01/22,709,10:00:00 AM,Thursday,Eglinton station,Utilized Off Route,5,10,w/b,1580
2015/01/22,124,10:00:00 AM,Thursday,Lawrence Stn.,Utilized Off Route,8,16,eb,8330
2015/01/22,33,10:00:00 AM,Thursday,St Clair W Stn,Mechanical,1,1,NB,8214
2015/01/22,90,10:00:00 AM,Thursday,St Clair W Stn,Utilized Off Route,8,16,NB,9410
2015/01/22,709,10:00:00 AM,Thursday,Eglinton Station,Utilized Off Route,5,10,w/b,1551
2015/01/22,40,10:09:00 AM,Thursday,Dundas West Station,Utilized Off Route,10,20,e/b,8051
2015/01/22,116,10:10:00 AM,Thursday,Morningside and Coronation,Mechanical,10,20,e,7664
2015/01/22,96,10:20:00 AM,Thursday,Wilson Station,Mechanical,2,11,E/B,1399
2015/01/22,53,10:38:00 AM,Thursday,Steeles and Bayview,Mechanical,5,11,w,1076
2015/01/22,11,11:01:00 AM,Thursday,Davisville Station,Mechanical,10,21,NB,8377
2015/01/22,199,11:09:00 AM,Thursday,Finch & Skymark,Mechanical,4,9,WB,1139
2015/01/22,196,11:33:00 AM,Thursday,Downsview Stn,Mechanical,4,6,,8190
2015/01/22,196,12:15:00 PM,Thursday,Downsview Stn,Mechanical,2,4,,39
2015/01/22,47,12:15:00 PM,Thursday,Caledonia & Playfair,Mechanical,28,48,N,1409
2015/01/22,81,12:20:00 PM,Thursday,Pape Stn,Mechanical,10,20,N/B,7783
2015/01/22,41,12:30:00 PM,Thursday,York University,Mechanical,7,14,n/b,9148
2015/01/22,94,12:30:00 PM,Thursday,Wellesley / Church,Investigation,10,20,w,1621
2015/01/22,172,12:44:00 PM,Thursday,King & Church,Diversion,120,138,S/B,7762
2015/01/22,127,12:45:00 PM,Thursday,Entire route,Mechanical,24,48,b/w,1600
2015/01/22,37,12:52:00 PM,Thursday,Riverbank Drive on Islington Ave.,Emergency Services,18,36,S,1230
2015/01/22,96,1:02:00 PM,Thursday,Yorkmills station,Utilized Off Route,18,36,w,1323
2015/01/22,29,1:04:00 PM,Thursday,Wilson Yard,Utilized Off Route,4,8,sb,9010
2015/01/22,25,1:05:00 PM,Thursday,Lawrence / Don Mills,Utilized Off Route,6,12,NB,7430
2015/01/22,53,1:05:00 PM,Thursday,Finch Stn,Utilized Off Route,12,17,W,1398
2015/01/22,100,1:06:00 PM,Thursday,Don Mills / Eglinton,Mechanical,7,14,EB,7426
2015/01/22,100,1:06:00 PM,Thursday,Broadvewi station,Utilized Off Route,8,15,EB,7461
2015/01/22,70,1:07:00 PM,Thursday,Coxwell and O'Connor,Utilized Off Route,18,36,s,7646
2015/01/22,29,1:08:00 PM,Thursday,Wilson Station,Utilized Off Route,4,8,sb,9041
2015/01/22,29,1:08:00 PM,Thursday,Wilson Station,Utilized Off Route,4,8,sb,9049
2015/01/22,34,1:08:00 PM,Thursday,Eglinton Station,Utilized Off Route,8,15,EB,7552
2015/01/22,95,1:09:00 PM,Thursday,York Mills stn,Utilized Off Route,8,16,EB,1811
2015/01/22,85,1:10:00 PM,Thursday,Sheppard Stn,Utilized Off Route,22,44,E,1828
2015/01/22,709,1:10:00 PM,Thursday,Eglinton Station,Utilized Off Route,1,1,WB,1573
2015/01/22,25,1:10:00 PM,Thursday,Don Mills Station,Utilized Off Route,6,18,NB,7406
2015/01/22,709,1:11:00 PM,Thursday,Eglinton West station,Utilized Off Route,1,1,EB,1503
2015/01/22,83,1:13:00 PM,Thursday,Donlands Station,Utilized Off Route,16,32,SB,7829
2015/01/22,709,1:14:00 PM,Thursday,Eglinton station,Utilized Off Route,1,1,WB,1680
2015/01/22,36,1:15:00 PM,Thursday,Finch station,Utilized Off Route,6,12,W,1714
2015/01/22,72,1:15:00 PM,Thursday,Pape Station,Utilized Off Route,10,20,SB,7875
2015/01/22,39,1:15:00 PM,Thursday,W/B Finch and Midland,Mechanical,6,12,W,7013
2015/01/22,196,1:15:00 PM,Thursday,Sheppard-YNG Station,Utilized Off Route,8,16,wb,8323
2015/01/22,26,1:15:00 PM,Thursday,Jane stn,Mechanical,20,40,n,8041
2015/01/22,54,1:16:00 PM,Thursday,Eglinton station,Utilized Off Route,12,24,e,7519
2015/01/22,116,1:17:00 PM,Thursday,Kennedy Stn,Utilized Off Route,10,20,W/B,7537
2015/01/22,709,1:17:00 PM,Thursday,Eglinton station,Utilized Off Route,1,1,WB,1551
2015/01/22,709,1:18:00 PM,Thursday,Eglinton station,Utilized Off Route,1,1,WB,1272
2015/01/22,53,1:18:00 PM,Thursday,Finch Stn,Utilized Off Route,6,18,E,1727
2015/01/22,84,1:20:00 PM,Thursday,Downsview Station,Utilized Off Route,9,18,E,1313
2015/01/22,60,1:20:00 PM,Thursday,Finch Station,Utilized Off Route,6,12,W,1383
2015/01/22,36,1:21:00 PM,Thursday,Finch station,Utilized Off Route,5,11,W,1377
2015/01/22,709,1:23:00 PM,Thursday,Eglinton station,Utilized Off Route,1,1,WB,1580
2015/01/22,34,1:23:00 PM,Thursday,Eglinton station,Utilized Off Route,8,15,EB,7400
2015/01/22,54,1:25:00 PM,Thursday,Eglinton station,Utilized Off Route,12,24,e,7641
2015/01/22,95,1:25:00 PM,Thursday,York Mills stn,Utilized Off Route,7,14,EB,1099
2015/01/22,100,1:27:00 PM,Thursday,Broadview STN,Utilized Off Route,10,20,WB,7577
2015/01/22,85,1:28:00 PM,Thursday,Don Mills Stn,Utilized Off Route,8,15,E,1749
2015/01/22,36,1:30:00 PM,Thursday,Finch route,Mechanical,1,1,B,9105
2015/01/22,45,1:31:00 PM,Thursday,Kipling/Finch,Mechanical,13,26,S,8030
2015/01/22,72,1:40:00 PM,Thursday,Lawrence and Yonge,Mechanical,10,20,NB,7875
2015/01/22,12,1:49:00 PM,Thursday,Queensburry and Kingston rd,Investigation,18,32,W,7865
2015/01/22,190,1:54:00 PM,Thursday,Don Mills Stn,Utilized Off Route,11,21,E,1746
2015/01/22,29,2:00:00 PM,Thursday,Dufferin route,General Delay,30,20,B,
2015/01/22,20,2:17:00 PM,Thursday,Kennedy Stn.,Investigation,18,36,w,7795
2015/01/22,7,2:20:00 PM,Thursday,Bathurst and Wilson,Mechanical,8,16,nb,9025
2015/01/22,160,2:21:00 PM,Thursday,Wilson Station,Mechanical,27,44,nb,8213
2015/01/22,48,2:28:00 PM,Thursday,Garage / Michael Power,Late Leaving Garage,6,11,n,8084
2015/01/22,120,2:30:00 PM,Thursday,Sheppard/Jane,Mechanical,30,60,w,1299
2015/01/22,96,2:34:00 PM,Thursday,Yorkmills station,Utilized Off Route,18,36,w,7231
2015/01/22,85,2:39:00 PM,Thursday,Don Mills Stn,Mechanical,16,32,W,1289
2015/01/22,52,2:43:00 PM,Thursday,Lawrence West Stn,Late Leaving Garage,11,22,E/B,1062
2015/01/22,52,2:44:00 PM,Thursday,Lawrence West Stn,Late Leaving Garage,6,17,E/B,1036
2015/01/22,45,2:45:00 PM,Thursday,entire route,General Delay,0,0,b/w,
2015/01/22,116,2:47:00 PM,Thursday,Kennedy Stn,Mechanical,10,20,S/B,7477
2015/01/22,504,2:47:00 PM,Thursday,Dundas West Stn,Late Leaving Garage,5,11,E/B,1058
2015/01/22,59,2:53:00 PM,Thursday,Jane and Church,Mechanical,8,16,E/b,1062
2015/01/22,84,2:54:00 PM,Thursday,Finch and Arrow Road,Late Leaving Garage,7,0,N,1322
2015/01/22,96,2:55:00 PM,Thursday,Arrow garage,Late Leaving Garage,18,36,w,1387
2015/01/22,15,2:58:00 PM,Thursday,Bishop Allen School,Late Leaving Garage,9,16,N,8095
2015/01/22,190,3:00:00 PM,Thursday,STC,Mechanical,5,10,W,1777
2015/01/22,36,3:00:00 PM,Thursday,Finch West route,General Delay,16,22,B,9127
2015/01/22,104,3:03:00 PM,Thursday,"St Basil School, Sheppard & Weston Rd",Late Leaving Garage,1,1,,9403
2015/01/22,108,3:04:00 PM,Thursday,Finch and Driftwood,Late Leaving Garage,4,8,S,1318
2015/01/22,39,3:07:00 PM,Thursday,Malvern Garage,Late Leaving Garage,10,20,W,7060
2015/01/22,41,3:14:00 PM,Thursday,York University,Utilized Off Route,18,36,S/B,1044
2015/01/22,95,3:14:00 PM,Thursday,York Mills Stn to Ellesmere RT stn,Late Leaving Garage,4,8,EB,1810
2015/01/22,60,3:19:00 PM,Thursday,York U / Commons,Late Leaving Garage,11,22,E,7230
2015/01/22,102,3:22:00 PM,Thursday,Brimley and St.Clair,Mechanical,21,42,E,8119
2015/01/22,102,3:22:00 PM,Thursday,St. Clair and Brimley Rd,Utilized Off Route,4,8,E,8119
2015/01/22,144,3:26:00 PM,Thursday,Eglinton Garage,Late Leaving Garage,1,1,WB,7496
2015/01/22,105,3:31:00 PM,Thursday,Wilson Gar,Late Leaving Garage,12,32,,9426
2015/01/22,65,3:31:00 PM,Thursday,CastleFrank Station,Late Leaving Garage,10,20,SB,7700
2015/01/22,59,3:31:00 PM,Thursday,Lawrence W. Stn,Mechanical,12,24,E/b,1247
2015/01/22,21,3:36:00 PM,Thursday,Steeles and Midland,Late Leaving Garage,9,18,S,7799
2015/01/22,11,3:40:00 PM,Thursday,Bayview and Eglinton,Mechanical,10,20,s,8168
2015/01/22,16,3:48:00 PM,Thursday,Scarborough Town Center,Late Leaving Garage,10,20,E,8102
2015/01/22,165,4:00:00 PM,Thursday,Weston Route,General Delay,15,30,w,
2015/01/22,96,4:00:00 PM,Thursday,Wilson route,General Delay,15,30,w,
2015/01/22,124,4:03:00 PM,Thursday,Lawrence Stn.,Utilized Off Route,6,12,sb,8330
2015/01/22,29,4:03:00 PM,Thursday,Tycos,Mechanical,5,10,S,9003
2015/01/22,97,4:09:00 PM,Thursday,Hilda & Steeles,General Delay,30,60,sb,8212
2015/01/22,46,4:20:00 PM,Thursday,Steeles Loop West of Martin Grove,Mechanical,11,22,S,1213
2015/01/22,42,4:24:00 PM,Thursday,Finch Stn.,Mechanical,12,23,e,8202
2015/01/22,45,4:24:00 PM,Thursday,kipling bus roadway outside of station,Mechanical,5,6,N,7965
2015/01/22,49,4:24:00 PM,Thursday,kipling stn (roadway exiting),Diversion,25,30,N,7944
2015/01/22,29,4:30:00 PM,Thursday,Apex,Investigation,5,10,N,9045
2015/01/22,6,4:30:00 PM,Thursday,Entire route,General Delay,5,10,b/w,
2015/01/22,36,4:39:00 PM,Thursday,Finch @ WILMINGTON,Diversion,54,59,B,9112
2015/01/22,34,4:44:00 PM,Thursday,Eglinton and Lebovic,Investigation,4,8,EB,7558
2015/01/22,66,4:45:00 PM,Thursday,Old Mill stn,Mechanical,1115,20,s,8066
2015/01/22,108,4:45:00 PM,Thursday,Entire 108 Downsview Route,General Delay,8,18,B/W,
2015/01/22,104,4:47:00 PM,Thursday,Wilmighton & Finch,Diversion,57,13,NB,8170
2015/01/22,37,4:50:00 PM,Thursday,Steeles and Islington Loop,Mechanical,10,20,S,7221
2015/01/22,6,4:50:00 PM,Thursday,Bay st /Front,Mechanical,10,20,s,1406
2015/01/22,84,4:56:00 PM,Thursday,Arleta Avenue on Sheppard,Mechanical,0,0,W,1684
2015/01/22,41,4:59:00 PM,Thursday,Keele Station,Utilized Off Route,18,36,N/B,1591
2015/01/22,165,5:09:00 PM,Thursday,Yorkmills station,Mechanical,40,80,w,1538
2015/01/22,25,5:13:00 PM,Thursday,Townsend / Freshmeadow,Mechanical,4,7,SB,7637
2015/01/22,165,5:16:00 PM,Thursday,Barmac/Steeles,Utilized Off Route,5,10,w,1205
2015/01/22,44,5:19:00 PM,Thursday,Kipling station,Mechanical,4,7,S,7909
2015/01/22,116,5:26:00 PM,Thursday,26 Metres b/4 Lawerence /  & MorningSide,Mechanical,30,60,N/b,7621
2015/01/22,54,5:27:00 PM,Thursday,Eglinton station,Mechanical,12,20,e,7408
2015/01/22,41,5:35:00 PM,Thursday,Keele Station,Utilized Off Route,18,36,N/B,1052
2015/01/22,46,5:55:00 PM,Thursday,Rexdale Blvd.,Mechanical,0,0,S,1361
2015/01/22,39,6:00:00 PM,Thursday,E/b McCowan and Finch,Mechanical,5,15,E,1713
2015/01/22,126,6:00:00 PM,Thursday,Entire Route,General Delay,15,30,B/W,
2015/01/22,105,6:00:00 PM,Thursday,Downsview to Major Mackenzie,General Delay,30,20,b/w,
2015/01/22,106,6:00:00 PM,Thursday,The commons to Sheppard,General Delay,35,30,b/w,
2015/01/22,165,6:05:00 PM,Thursday,Wilson Station,Mechanical,5,10,w,7227
2015/01/22,165,6:16:00 PM,Thursday,Jane/Wilson,Mechanical,5,10,w,1354
2015/01/22,43,6:18:00 PM,Thursday,Kennedy Station,Mechanical,4,8,S,7483
2015/01/22,52,6:27:00 PM,Thursday,Lawrence and Jane,Mechanical,17,33,E/B,1524
2015/01/22,196,6:32:00 PM,Thursday,downsview Station,Mechanical,2,4,n,9415
2015/01/22,60,6:48:00 PM,Thursday,York U / Commons,Mechanical,11,22,W,1285
2015/01/22,52,6:49:00 PM,Thursday,Lawrence and Jane,Utilized Off Route,11,22,W/B,1269
2015/01/22,68,7:01:00 PM,Thursday,Warden/Murryglen Drive,Mechanical,10,20,S/B,7632
2015/01/22,108,7:03:00 PM,Thursday,At 4359 Jane St,Mechanical,8,16,N,1318
2015/01/22,110,7:14:00 PM,Thursday,ISLINGTON STN,Mechanical,17,24,s/b,8042
2015/01/22,95,7:25:00 PM,Thursday,Militray Trail,Mechanical,14,28,WB,1100
2015/01/22,79,7:26:00 PM,Thursday,Runnymede station,Mechanical,19,31,NB,1536
2015/01/22,55,7:26:00 PM,Thursday,Jane and annette,Mechanical,30,60,NB,1614
2015/01/22,123,7:30:00 PM,Thursday,LONG BRANCH LOOP,Utilized Off Route,25,50,N/B,7957
2015/01/22,109,7:35:00 PM,Thursday,Lawrence W Station,Mechanical,20,40,nb,8146
2015/01/22,85,7:36:00 PM,Thursday,Sheppard @ McCowan,Investigation,13,26,E,9076
2015/01/22,53,7:48:00 PM,Thursday,Steeles & Esna Park,Mechanical,5,10,W,1137
2015/01/22,192,8:11:00 PM,Thursday,KIPLING STN,Mechanical,10,20,N/B,8004
2015/01/22,199,8:14:00 PM,Thursday,STC,Mechanical,7,15,W,1734
2015/01/22,34,8:14:00 PM,Thursday,Kennedy Station,Investigation,6,12,E,7623
2015/01/22,109,8:34:00 PM,Thursday,Marlee and Roselawn,Diversion,20,46,SB,8146
2015/01/22,169,8:43:00 PM,Thursday,Huntingwood and Belgreen,Investigation,30,60,E,8194
2015/01/22,35,8:44:00 PM,Thursday,Jane and Peter Kaiser,Mechanical,10,20,N/b,1339
2015/01/22,34,8:55:00 PM,Thursday,Eglinton & Bayview,Mechanical,6,12,WB,7605
2015/01/22,97,9:00:00 PM,Thursday,Davisville Stn.,Mechanical,30,60,sb,8216
2015/01/22,52,9:07:00 PM,Thursday,Law west station,Mechanical,15,30,W/B,1566
2015/01/22,32,9:19:00 PM,Thursday,Eglinton Station,Investigation,10,22,W/B,1544
2015/01/22,86,9:35:00 PM,Thursday,Kennedy stn,Investigation,10,20,N/B,7663
2015/01/22,196,9:39:00 PM,Thursday,Sheppard station,Utilized Off Route,9,18,W,8323
2015/01/22,709,9:55:00 PM,Thursday,Eglinton west station,Utilized Off Route,1,1,W/B,1585
2015/01/22,709,9:55:00 PM,Thursday,Eglinton west station,Utilized Off Route,1,1,W/B,1008
2015/01/22,37,10:00:00 PM,Thursday,La Rose & Islington,Mechanical,25,50,N,1350
2015/01/22,54,11:00:00 PM,Thursday,Eglinton Stn,Investigation,26,40,W/B,7678
2015/01/22,81,11:08:00 PM,Thursday,Pape Stn,Investigation,12,24,n,7753
2015/01/22,100,11:15:00 PM,Thursday,Broadview STN,Utilized Off Route,10,20,WB,7541
2015/01/22,94,11:18:00 PM,Thursday,Ossington Station,Utilized Off Route,13,25,E/B,1668
2015/01/23,54,12:25:00 AM,Friday,Lawrence & Scatrborough Golf Club,Mechanical,10,20,EB,7512
2015/01/23,116,1:04:00 AM,Friday,Morningside/Staines,Mechanical,10,20,N/B,7427
2015/01/23,54,1:13:00 AM,Friday,East/Lawerence,Mechanical,20,40,W/B,7464
2015/01/23,45,1:30:00 AM,Friday,KIPLING AT RATHBURN,Mechanical,12,24,n/b,8039
2015/01/23,96,2:20:00 AM,Friday,Yonge & York Mills,Mechanical,1,1,W,1327
2015/01/23,324,2:49:00 AM,Friday,Warden at Steels,Mechanical,30,60,S/B,7829
2015/01/23,305,3:23:00 AM,Friday,Eglinton at Bellamy,Emergency Services,30,60,E/B,7489
2015/01/23,320,3:24:00 AM,Friday,Steeles & Yonge,Mechanical,3,6,S,7572
2015/01/23,300,3:38:00 AM,Friday,Danforth and Danforth,Emergency Services,10,20,E/B,1645
2015/01/23,309,3:39:00 AM,Friday,Finch at Jayzel Drive,Mechanical,30,60,E/B,1295
2015/01/23,352,3:54:00 AM,Friday,Lawrence & Keele,Emergency Services,30,60,W,1643
2015/01/23,300,4:23:00 AM,Friday,East Mall,Emergency Services,1,1,W/B,7934
2015/01/23,17,4:31:00 AM,Friday,BIRCHMOUNT GARAGE,Late Leaving Garage,1,1,S,7841
2015/01/23,29,4:50:00 AM,Friday,Dufferin and Yorkdale,Mechanical,13,24,SB,9003
2015/01/23,29,4:56:00 AM,Friday,Wislon Station,Mechanical,10,19,SB,9040
2015/01/23,321,4:57:00 AM,Friday,Ellesmere and Dormington,Mechanical,17,47,W,1724
2015/01/23,165,5:03:00 AM,Friday,Go Loop Major Mack,Late Leaving Garage,15,14,,7203
2015/01/23,96,5:11:00 AM,Friday,Yorkmills Stn,Late Leaving Garage,20,16,,7232
2015/01/23,52,5:15:00 AM,Friday,Weston & Lawrence,Late Leaving Garage,10,25,e/b,1644
2015/01/23,71,5:23:00 AM,Friday,Runnymede station,Late Leaving Garage,18,0,NB,1673
2015/01/23,32,5:25:00 AM,Friday,Eglinton and Weston,Late Leaving Garage,16,0,WB,1626
2015/01/23,41,5:25:00 AM,Friday,Keele station,Late Leaving Garage,9,19,NB,9143
2015/01/23,86,5:25:00 AM,Friday,Eglinton wicket,Late Leaving Garage,24,0,e,7539
2015/01/23,48,5:25:00 AM,Friday,West Mall and Rathburn,Mechanical,0,20,e/b,8094
2015/01/23,89,5:30:00 AM,Friday,Keele stn,Late Leaving Garage,12,27,n/b,1031
2015/01/23,71,5:33:00 AM,Friday,Runnymede station,Late Leaving Garage,27,0,NB,1664
2015/01/23,97,5:46:00 AM,Friday,Hilda and Steeles,Mechanical,0,30,s,8308
2015/01/23,84,5:48:00 AM,Friday,Arrow Rd. Garage,Late Leaving Garage,0,0,W/B,1375
2015/01/23,63,5:50:00 AM,Friday,Ossington station,Mechanical,4,8,NB,1625
2015/01/23,96,5:54:00 AM,Friday,Yorkmills Stn,Late Leaving Garage,29,48,,7201
2015/01/23,116,5:54:00 AM,Friday,morningside and staines,Utilized Off Route,6,12,e,7638
2015/01/23,168,5:58:00 AM,Friday,Avon Loop,Utilized Off Route,5,13,e/b,8076
2015/01/23,86,5:58:00 AM,Friday,eglinton yard,Late Leaving Garage,17,34,e,7553
2015/01/23,169,6:00:00 AM,Friday,Scarborough Town Centre,Late Leaving Garage,30,40,WB,8176
2015/01/23,199,6:08:00 AM,Friday,Malvern Garage,Mechanical,1,1,NB,1720
2015/01/23,54,6:13:00 AM,Friday,Eglinton Yard,Late Leaving Garage,1,1,w,7477
2015/01/23,122,6:14:00 AM,Friday,Roywood and Underpass,Mechanical,1,1,w/b,9436
2015/01/23,41,6:18:00 AM,Friday,Keele Station,Mechanical,18,36,n/b,1641
2015/01/23,54,6:19:00 AM,Friday,eglinton yard,Late Leaving Garage,1,1,e,7588
2015/01/23,41,6:20:00 AM,Friday,Keele Station,Late Leaving Garage,9,18,n/b,9140
2015/01/23,165,6:20:00 AM,Friday,Arrow Rd. Garage,Late Leaving Garage,5,10,N/B,7247
2015/01/23,90,6:24:00 AM,Friday,St Clair W Stn,Late Leaving Garage,4,8,NB,9415
2015/01/23,84,6:24:00 AM,Friday,Arrow Rd. Garage,Late Leaving Garage,4,8,W/B,1415
2015/01/23,54,6:29:00 AM,Friday,Eglinton station,Late Leaving Garage,20,29,e,7519
2015/01/23,165,6:30:00 AM,Friday,Arrow Rd. Garage,Late Leaving Garage,6,11,N/B,1416
2015/01/23,39,6:33:00 AM,Friday,Malvern Garage,Mechanical,1,1,NB,1777
2015/01/23,190,6:34:00 AM,Friday,Scarborough Town Centre,Late Leaving Garage,7,16,W,1103
2015/01/23,41,6:37:00 AM,Friday,Keele and Maple leaf,Diversion,77,86,s/b,1588
2015/01/23,125,6:38:00 AM,Friday,Bathurst and Antibes,Late Leaving Garage,4,15,wb,8351
2015/01/23,95,6:40:00 AM,Friday,Ellesmere and Midland,Mechanical,7,14,W,1321
2015/01/23,60,6:53:00 AM,Friday,FSTN to COMMOMS,Mechanical,7,14,B/W,1361
2015/01/23,42,7:05:00 AM,Friday,Maybrook and Passmore,Late Leaving Garage,23,1,wb,8362
2015/01/23,45,7:12:00 AM,Friday,Kipling Station,Mechanical,6,11,N/B,8005
2015/01/23,105,7:27:00 AM,Friday,Downsview Station,Mechanical,28,56,n,8202
2015/01/23,14,7:30:00 AM,Friday,Glencairn & Dalemount,Diversion,60,75,b/w,1054
2015/01/23,35,7:33:00 AM,Friday,Jane and Steeles,Mechanical,10,20,S,1225
2015/01/23,24,7:38:00 AM,Friday,DON MILLS STATION,Mechanical,12,24,S,7818
2015/01/23,44,7:48:00 AM,Friday,Kipling Station,Mechanical,4,8,e/b,7965
2015/01/23,87,7:50:00 AM,Friday,MAIN STN,Mechanical,9,18,W,7850
2015/01/23,195,7:53:00 AM,Friday,Jane and Steeles,Late Leaving Garage,10,20,S,1393
2015/01/23,29,7:58:00 AM,Friday,Dufferin at Bloor,General Delay,12,16,s/b,
2015/01/23,36,8:36:00 AM,Friday,Humberwood Loop,Mechanical,4,8,E,9115
2015/01/23,36,8:45:00 AM,Friday,Arrow Rd,Mechanical,4,8,E,9115
2015/01/23,11,8:46:00 AM,Friday,Davisville Station,Utilized Off Route,6,12,NB,8135
2015/01/23,95,9:00:00 AM,Friday,Ellesmere and Military Tr,Mechanical,9,17,W,1143
2015/01/23,199,9:12:00 AM,Friday,Scarborough Centre,Investigation,5,15,EB,1737
2015/01/23,35,9:15:00 AM,Friday,Jane and Shoreham,Late Leaving Garage,1,21,N,1302
2015/01/23,191,9:17:00 AM,Friday,Garfella,General Delay,6,12,N,7919
2015/01/23,191,9:30:00 AM,Friday,Lexington,Utilized Off Route,1,1,N,7936
2015/01/23,46,9:30:00 AM,Friday,Garfella,Diversion,110,119,BW,1374
2015/01/23,191,9:30:00 AM,Friday,Garfella,Diversion,110,119,BW,7927
2015/01/23,96,9:38:00 AM,Friday,Yorkmills Stn,Mechanical,20,40,,7249
2015/01/23,36,10:05:00 AM,Friday,Humberwood Loop,Mechanical,5,10,E,9109
2015/01/23,37,10:10:00 AM,Friday,Rexdale at martin Grove,Mechanical,18,36,W,1223
2015/01/23,35,10:17:00 AM,Friday,Peter Kaiser and Steeles,Mechanical,8,24,S,1417
2015/01/23,29,10:22:00 AM,Friday,Dufferin at Glencairn,Mechanical,4,8,n/b,9407
2015/01/23,199,10:30:00 AM,Friday,Donmills rd,Investigation,5,10,EB,1769
2015/01/23,96,10:33:00 AM,Friday,Wilson Stn,Mechanical,17,37,,7249
2015/01/23,168,10:45:00 AM,Friday,Osler and Davenport,Investigation,10,20,s/b,8076
2015/01/23,195,10:49:00 AM,Friday,Jane and Denison,Investigation,10,20,s,1367
2015/01/23,199,11:07:00 AM,Friday,Scarborough Centre,Mechanical,5,9,EB,1078
2015/01/23,124,11:11:00 AM,Friday,Lawrence Stn.,Utilized Off Route,6,12,sb,8163
2015/01/23,196,11:29:00 AM,Friday,Downsview Stn,Mechanical,2,6,,9405
2015/01/23,68,11:36:00 AM,Friday,Warden / Bowater,Mechanical,10,19,NB,7612
2015/01/23,115,11:40:00 AM,Friday,Yorkmills stn,Mechanical,20,40,e/b,8185
2015/01/23,196,11:51:00 AM,Friday,Downsview Stn,Utilized Off Route,2,4,,8210
2015/01/23,60,11:52:00 AM,Friday,SGHL,Mechanical,7,14,E,1342
2015/01/23,195,11:58:00 AM,Friday,Jane and Stanley,Investigation,10,20,s,1329
2015/01/23,32,11:58:00 AM,Friday,Pine and Lawrence,Mechanical,7,14,EB,1051
2015/01/23,86,12:05:00 PM,Friday,eglinton and mason,Mechanical,10,20,w,7671
2015/01/23,11,12:10:00 PM,Friday,Davisville Station,Mechanical,11,21,NB,8343
2015/01/23,196,12:27:00 PM,Friday,Downsview Stn,Utilized Off Route,8,16,,9426
2015/01/23,54,12:35:00 PM,Friday,Donway and Lawrence,Mechanical,13,26,w,7407
2015/01/23,52,12:50:00 PM,Friday,Terminal 3,Mechanical,15,30,E/B,1264
2015/01/23,85,12:57:00 PM,Friday,Sheppard @ Kennedy,Diversion,33,40,E,9064
2015/01/23,34,1:08:00 PM,Friday,Eglinton & Lebovic,Investigation,8,16,EB,7520
2015/01/23,96,1:10:00 PM,Friday,Keele/Wilson,Diversion,37,73,w,1379
2015/01/23,165,1:10:00 PM,Friday,Keele/Wilson,Diversion,37,47,w,1419
2015/01/23,165,1:15:00 PM,Friday,Dufferin/Wilson,Mechanical,30,60,w,1419
2015/01/23,43,1:32:00 PM,Friday,Kennedy STN,Mechanical,16,32,nb,7497
2015/01/23,124,1:34:00 PM,Friday,Lawrence Station,Mechanical,7,14,eb,8369
2015/01/23,52,1:49:00 PM,Friday,Jane and Lawrence,Mechanical,15,30,E/B,1604
2015/01/23,52,1:49:00 PM,Friday,Lawrence Stn,Utilized Off Route,15,30,W/B,1533
2015/01/23,116,1:57:00 PM,Friday,Kennedy Stn,Mechanical,10,20,E,7615
2015/01/23,116,1:57:00 PM,Friday,Morningside & Nightstar,Mechanical,10,20,S,7587
2015/01/23,29,2:00:00 PM,Friday,Dufferin route,General Delay,30,20,B,
2015/01/23,41,2:00:00 PM,Friday,Entire route,General Delay,25,8,b/w,
2015/01/23,165,2:09:00 PM,Friday,Finch/Wilson,Late Leaving Garage,5,10,w,7903
2015/01/23,131,2:18:00 PM,Friday,Nugget and Shorting,Mechanical,14,27,E,1794
2015/01/23,52,2:19:00 PM,Friday,Lawrence Stn,Utilized Off Route,15,30,W/B,1522
2015/01/23,97,2:24:00 PM,Friday,St.Clair Station,Late Leaving Garage,15,30,N,8307
2015/01/23,29,2:34:00 PM,Friday,Springhurst,Investigation,5,10,N,9048
2015/01/23,6,2:42:00 PM,Friday,Garage,Late Leaving Garage,10,20,sw/b,1588
2015/01/23,7,2:44:00 PM,Friday,Bathurst St-Dupont St.,Investigation,8,16,sb,9054
2015/01/23,35,2:50:00 PM,Friday,NBCI,Late Leaving Garage,7,14,N,1682
2015/01/23,60,2:50:00 PM,Friday,Finch Station,Mechanical,22,1,W,1294
2015/01/23,134,2:50:00 PM,Friday,Finch/Baldoon,Mechanical,20,40,EB,1749
2015/01/23,191,2:54:00 PM,Friday,Royal crest and HWY 27,Mechanical,6,14,S,7923
2015/01/23,23,2:55:00 PM,Friday,St. Clair and Rexleigh,Mechanical,10,20,E,7776
2015/01/23,36,3:00:00 PM,Friday,Finch West route,General Delay,15,20,B,
2015/01/23,129,3:02:00 PM,Friday,Scar Town,Mechanical,7,12,N,1125
2015/01/23,97,3:02:00 PM,Friday,Yonge & Yorkmills,Mechanical,30,60,sb,8145
2015/01/23,102,3:03:00 PM,Friday,WARDEN STN,Mechanical,11,22,NB,7721
2015/01/23,42,3:04:00 PM,Friday,Finch Stn.,Late Leaving Garage,11,18,eb,8377
2015/01/23,73,3:06:00 PM,Friday,Royal York and LaRose,Investigation,20,40,n,8080
2015/01/23,59,3:09:00 PM,Friday,Lawrence W.Stn.,Mechanical,13,27,W,1305
2015/01/23,199,3:10:00 PM,Friday,Finch Station,Late Leaving Garage,4,8,e/b,1132
2015/01/23,131,3:10:00 PM,Friday,STC,Late Leaving Garage,8,16,WB,1089
2015/01/23,116,3:10:00 PM,Friday,Morningsice & Ellesmere,Mechanical,4,10,S,7567
2015/01/23,53,3:12:00 PM,Friday,Markham/Passmore,Mechanical,6,12,WB,9070
2015/01/23,85,3:14:00 PM,Friday,Don Mills Stn,Late Leaving Garage,12,24,E,9095
2015/01/23,36,3:15:00 PM,Friday,Humberwood loop,Mechanical,7,15,E,1308
2015/01/23,196,3:20:00 PM,Friday,Wilson Garage,Late Leaving Garage,2,4,,9428
2015/01/23,95,3:23:00 PM,Friday,Kingston Rd loop,Late Leaving Garage,9,18,W,1397
2015/01/23,122,3:26:00 PM,Friday,York Mills staion,Mechanical,16,32,N,8305
2015/01/23,7,3:30:00 PM,Friday,Bathurst & Steele,Mechanical,8,16,SB,9049
2015/01/23,76,3:30:00 PM,Friday,Royal York and Noresman,Mechanical,5,10,s,8090
2015/01/23,131,3:32:00 PM,Friday,Kennedy stn,Late Leaving Garage,9,17,N,1089
2015/01/23,60,3:35:00 PM,Friday,Finch Station,Late Leaving Garage,11,22,W,1221
2015/01/23,95,3:42:00 PM,Friday,SCLP,Late Leaving Garage,12,24,w,1290
2015/01/23,116,3:42:00 PM,Friday,St John SS,Mechanical,17,0,E,7404
2015/01/23,131,3:57:00 PM,Friday,STC,Mechanical,8,16,NB,1763
2015/01/23,36,3:57:00 PM,Friday,Finch station,Late Leaving Garage,13,25,W,9127
2015/01/23,190,3:58:00 PM,Friday,Sheppard @ Kennedy,Diversion,37,47,E,1090
2015/01/23,96,4:00:00 PM,Friday,Wilson station,General Delay,15,30,w,
2015/01/23,165,4:00:00 PM,Friday,Weston/Road,General Delay,15,30,w,
2015/01/23,53,4:00:00 PM,Friday,Finch Station - PAMK/MOFI,General Delay,15,20,BW's,
2015/01/23,124,4:06:00 PM,Friday,Lawrence Stn.,Utilized Off Route,6,12,sb,8163
2015/01/23,35,4:10:00 PM,Friday,Finch,Mechanical,20,40,N,1355
2015/01/23,36,4:22:00 PM,Friday,Finch and Milvan,Mechanical,13,25,E,1302
2015/01/23,39,5:00:00 PM,Friday,Entire Route,General Delay,10,15,B/W's,
2015/01/23,6,5:00:00 PM,Friday,Entire route,General Delay,20,10,b/w,
2015/01/23,54,5:12:00 PM,Friday,Brimorton/MidPines,Emergency Services,10,20,w,7482
2015/01/23,102,5:17:00 PM,Friday,Warden Stn,Utilized Off Route,10,20,n,7690
2015/01/23,100,5:33:00 PM,Friday,Eglinton & Bayview,Mechanical,18,36,EB,7634
2015/01/23,60,5:39:00 PM,Friday,York U,Mechanical,7,14,W,1796
2015/01/23,116,5:49:00 PM,Friday,Morningside & Lawrence,Emergency Services,6,12,S,7456
2015/01/23,35,6:00:00 PM,Friday,jane and wright,General Delay,2,2,s/b,1313
2015/01/23,96,6:00:00 PM,Friday,Kipling/Brookemere,Mechanical,18,36,w,7211
2015/01/23,97,6:09:00 PM,Friday,Hilda & Steeles,General Delay,30,60,sb,8129
2015/01/23,52,6:12:00 PM,Friday,Dixon and Islington,Investigation,17,33,E,1562
2015/01/23,85,6:30:00 PM,Friday,Don Mills Stn to Rouge Hill Go,General Delay,15,21,W/E,
2015/01/23,98,6:30:00 PM,Friday,Willodale & Byng,Investigation,30,60,w,8330
2015/01/23,190,6:30:00 PM,Friday,Don Mills Stn to STC,General Delay,14,19,W/E,
2015/01/23,53,6:48:00 PM,Friday,Steeles/Acardia,Mechanical,5,10,WB,1282
2015/01/23,89,7:02:00 PM,Friday,Keele station,Mechanical,10,20,s/b,1619
2015/01/23,161,7:14:00 PM,Friday,Dufferin and Rogers,Investigation,12,24,w/b,1020
2015/01/23,195,8:00:00 PM,Friday,york u,Mechanical,10,20,s/b,1367
2015/01/23,63,8:08:00 PM,Friday,Eglinton west station,Emergency Services,7,14,n,1628
2015/01/23,29,8:10:00 PM,Friday,Bloor,Investigation,5,10,S,9043
2015/01/23,14,8:14:00 PM,Friday,Glencairn stn,Mechanical,20,40,E,1054
2015/01/23,36,8:17:00 PM,Friday,Humberwood loop,Mechanical,7,15,E,1308
2015/01/23,107,8:24:00 PM,Friday,Downsview Station,Mechanical,24,39,n,9419
2015/01/23,24,8:25:00 PM,Friday,Victoria Park Stn,Mechanical,18,36,n,7778
2015/01/23,196,8:32:00 PM,Friday,Downview Station,Utilized Off Route,3,6,n,8150
2015/01/23,7,8:32:00 PM,Friday,Bathurst and Fisherville,Investigation,8,16,sb,9047
2015/01/23,52,8:40:00 PM,Friday,Lawrence and Greer,Diversion,75,15,E,1543
2015/01/23,97,8:55:00 PM,Friday,Yonge & Renleigh Ave,Diversion,30,60,nb,8380
2015/01/23,60,9:10:00 PM,Friday,signet,Mechanical,27,44,s/b,1318
2015/01/23,196,9:13:00 PM,Friday,Downsview Station,Mechanical,3,6,n,8174
2015/01/23,53,10:01:00 PM,Friday,Steeles and Laura Leaf,Mechanical,5,10,e,1092
2015/01/23,95,10:21:00 PM,Friday,W/B Yorkmills and Donmills,Utilized Off Route,6,13,W,1110
2015/01/23,36,11:00:00 PM,Friday,finch and yorkgate,Mechanical,10,20,s/b,1263
2015/01/23,100,11:42:00 PM,Friday,Eglinton STN,Emergency Services,10,20,EB,7448
2015/01/24,43,1:05:00 AM,Saturday,Kennedy & McNicole,Mechanical,12,24,NB,7522
2015/01/24,39,1:26:00 AM,Saturday,Finch and Leslie,Mechanical,6,12,E,1736
2015/01/24,300,2:24:00 AM,Saturday,E/B Byron ave on Danforth Ave Bloor street,Investigation,10,36,E,7979
2015/01/24,300,2:31:00 AM,Saturday,W/B Kingscourt drive on Bloor street west,Investigation,20,59,W,1038
2015/01/24,320,3:00:00 AM,Saturday,Queens Quay & Yonge,Mechanical,5,10,N,8370
2015/01/24,300,4:01:00 AM,Saturday,Danforth ave,Mechanical,30,60,W,8014
2015/01/24,300,4:58:00 AM,Saturday,E/B East Mall,Utilized Off Route,30,60,E,7487
2015/01/24,63,5:33:00 AM,Saturday,Eglinton West stn,Late Leaving Garage,10,20,s/b,1547
2015/01/24,161,5:38:00 AM,Saturday,Ossington stn,Mechanical,14,22,n/b,1665
2015/01/24,52,5:45:00 AM,Saturday,Lawrence West stn,Late Leaving Garage,13,13,s/b,1041
2015/01/24,36,6:05:00 AM,Saturday,Humberwood loop,Mechanical,10,40,E,9117
2015/01/24,95,6:13:00 AM,Saturday,Military Trail,Mechanical,10,20,WB,1100
2015/01/24,39,6:18:00 AM,Saturday,Finch and Baldoon,Late Leaving Garage,12,20,EB,1077
2015/01/24,21,6:27:00 AM,Saturday,KENNEDY STN,Late Leaving Garage,5,35,N,7706
2015/01/24,29,6:28:00 AM,Saturday,Wilson Stn,Utilized Off Route,7,15,S,8305
2015/01/24,78,6:30:00 AM,Saturday,Yorkmills Stn,Mechanical,30,60,n,8211
2015/01/24,195,6:39:00 AM,Saturday,Jane and Steeles,Late Leaving Garage,10,20,S,7923
2015/01/24,195,6:59:00 AM,Saturday,Jane and Sreeles,Late Leaving Garage,10,20,S,1238
2015/01/24,47,7:00:00 AM,Saturday,Dundas West & Lansdowne,Diversion,1244,1254,b/w,1592
2015/01/24,47,8:02:00 AM,Saturday,Yorkdale rd,Mechanical,18,36,s/b,1588
2015/01/24,25,8:10:00 AM,Saturday,Don Mills Station,Mechanical,10,20,nb,7487
2015/01/24,42,8:15:00 AM,Saturday,Finch Stn,Mechanical,15,30,eb,8307
2015/01/24,41,8:22:00 AM,Saturday,Keele station,Investigation,12,24,s/b,9139
2015/01/24,51,8:33:00 AM,Saturday,Leslie Station,Mechanical,30,60,s,8217
2015/01/24,102,8:48:00 AM,Saturday,WARDEN STATION,Late Leaving Garage,11,22,N,7741
2015/01/24,123,8:51:00 AM,Saturday,Longbranch Loop,Mechanical,25,45,N,8030
2015/01/24,43,9:10:00 AM,Saturday,PASSMORE / KENNEDY,Late Leaving Garage,15,21,SB,7662
2015/01/24,54,9:22:00 AM,Saturday,WARDEN / LAWRENCE,Mechanical,16,33,EB,7672
2015/01/24,52,9:33:00 AM,Saturday,Lawrence west station,Late Leaving Garage,11,21,w/b,1602
2015/01/24,32,9:38:00 AM,Saturday,Pine & Lawrence,Late Leaving Garage,10,20,s/b,1006
2015/01/24,29,9:45:00 AM,Saturday,Wilson Stn,Late Leaving Garage,5,10,sb,8346
2015/01/24,79,10:10:00 AM,Saturday,Runnymede station,Mechanical,20,40,n/b,1632
2015/01/24,53,10:15:00 AM,Saturday,Steeles and Middlefield,Mechanical,8,16,EB,1067
2015/01/24,36,10:20:00 AM,Saturday,Humberwood Loop,Late Leaving Garage,6,12,,9125
2015/01/24,45,10:23:00 AM,Saturday,Kipling Station,Mechanical,11,22,N,8095
2015/01/24,774,10:25:00 AM,Saturday,Jane and Church,Investigation,5,10,N/B,1338
2015/01/24,54,10:30:00 AM,Saturday,EGLINTON STATION,Late Leaving Garage,16,32,EB,7670
2015/01/24,35,10:43:00 AM,Saturday,Jane and Eglinton,Mechanical,0,0,N/B,1285
2015/01/24,25,10:48:00 AM,Saturday,pape station,Mechanical,5,11,NB,7497
2015/01/24,42,11:00:00 AM,Saturday,Finch Stn,Mechanical,12,27,eb,8135
2015/01/24,54,11:12:00 AM,Saturday,Railside / Lawrence,Mechanical,16,32,EB,7419
2015/01/24,102,11:23:00 AM,Saturday,Warden Station,Mechanical,9,18,S,7715
2015/01/24,38,11:39:00 AM,Saturday,Rouge Hill Go Station,Mechanical,9,18,WB,1314
2015/01/24,108,11:53:00 AM,Saturday,Arrow Rd. Garage,Late Leaving Garage,8,15,N/B,1243
2015/01/24,195,12:00:00 PM,Saturday,York U Commons to Jane Station,General Delay,10,20,BW,0
2015/01/24,35,12:02:00 PM,Saturday,Arrow Rd. Garage,Late Leaving Garage,8,16,N/B,7902
2015/01/24,165,12:06:00 PM,Saturday,Weston and Finch,Late Leaving Garage,1,21,N,1299
2015/01/24,74,12:07:00 PM,Saturday,Mt Pleasant and Eglinton,Investigation,30,60,n,8357
2015/01/24,63,12:07:00 PM,Saturday,Hallam & Ossington,Mechanical,7,14,n/b,1218
2015/01/24,52,12:09:00 PM,Saturday,Lawrence west station,Late Leaving Garage,8,16,w/b,1568
2015/01/24,165,12:16:00 PM,Saturday,York Mills Stn.,Late Leaving Garage,8,24,W,1370
2015/01/24,88,12:20:00 PM,Saturday,St Clair Station,Utilized Off Route,15,30,e,8141
2015/01/24,165,12:22:00 PM,Saturday,Weston and Finch,Late Leaving Garage,13,28,N,1416
2015/01/24,73,12:28:00 PM,Saturday,ROYAL YORK STN,Mechanical,13,26,N,8081
2015/01/24,39,1:00:00 PM,Saturday,Finch stn to Crow Trail,General Delay,20,25,BW,
2015/01/24,77,1:00:00 PM,Saturday,Entire route,General Delay,20,40,B/W,1012
2015/01/24,199,1:00:00 PM,Saturday,Finch Stn to STC,General Delay,20,25,W/E,
2015/01/24,60,1:00:00 PM,Saturday,Steeles West route,General Delay,18,28,B,1365
2015/01/24,199,1:02:00 PM,Saturday,Cherokee Blvd.,Mechanical,7,14,EB,1711
2015/01/24,116,1:13:00 PM,Saturday,Morinside and Nightstar,Mechanical,6,12,NB,7618
2015/01/24,60,2:00:00 PM,Saturday,Signal Hill/ Steeles,Mechanical,11,22,E,1221
2015/01/24,54,2:00:00 PM,Saturday,54 Lawerence Route,General Delay,15,30,B/W,
2015/01/24,165,2:09:00 PM,Saturday,Wilson Stn.,Mechanical,8,16,W,1340
2015/01/24,52,2:14:00 PM,Saturday,Duckworth and Lawrence,Mechanical,18,36,e/b,1062
2015/01/24,44,2:23:00 PM,Saturday,COL> SMITH LOOP,Utilized Off Route,9,18,N,7345
2015/01/24,68,2:30:00 PM,Saturday,68 Warden Route,General Delay,10,20,B/W,
2015/01/24,802,2:30:00 PM,Saturday,QUEENSWAY GARAGE,Utilized Off Route,1,1,S,8046
2015/01/24,39,2:48:00 PM,Saturday,Finch stn,Mechanical,7,14,EB,1076
2015/01/24,35,3:00:00 PM,Saturday,Steeles to Jane Station,General Delay,6,15,BW,
2015/01/24,12,3:00:00 PM,Saturday,Kingston rd route,General Delay,17,34,WB,7721
2015/01/24,11,3:00:00 PM,Saturday,Bayview/Byng,General Delay,24,48,n/b,8351
2015/01/24,36,3:15:00 PM,Saturday,Finch and Signet,Mechanical,6,11,W,9131
2015/01/24,60,3:15:00 PM,Saturday,Steeles/ Jane,Mechanical,11,22,W,1215
2015/01/24,86,3:43:00 PM,Saturday,Kennedy STN,Mechanical,6,12,WB,7655
2015/01/24,68,3:46:00 PM,Saturday,Warden /Lawerence,Mechanical,10,20,B/W,7532
2015/01/24,25,3:48:00 PM,Saturday,DonMills Station,Mechanical,5,11,NB,7509
2015/01/24,60,4:04:00 PM,Saturday,York U Commons,Mechanical,11,22,E,1298
2015/01/24,36,4:07:00 PM,Saturday,Finch and Arrow,Mechanical,1,1,E,9115
2015/01/24,52,4:08:00 PM,Saturday,Jane and Lawrence,Mechanical,17,34,e/b,1518
2015/01/24,24,4:37:00 PM,Saturday,Victoria Park Stn,Mechanical,8,17,S/B,7747
2015/01/24,28,4:45:00 PM,Saturday,Brickyard,Mechanical,30,60,n/b,8190
2015/01/24,84,4:48:00 PM,Saturday,Sheppard Ave,Mechanical,6,12,W,1534
2015/01/24,37,5:40:00 PM,Saturday,Finch and Islington,Mechanical,17,37,S,7920
2015/01/24,35,5:43:00 PM,Saturday,jane stn,Mechanical,12,24,n/b,7929
2015/01/24,63,5:53:00 PM,Saturday,East Liberty,Utilized Off Route,7,13,N/B,1687
2015/01/24,6,5:56:00 PM,Saturday,Dockside and Queens Quay,Utilized Off Route,12,24,N/B,1551
2015/01/24,25,6:03:00 PM,Saturday,DonMills and Gateway,Investigation,5,11,NB,7404
2015/01/24,70,6:05:00 PM,Saturday,Coxwell Stn,Mechanical,20,40,S,7523
2015/01/24,100,6:08:00 PM,Saturday,Eglinton Station,Utilized Off Route,9,18,EB,7543
2015/01/24,904,6:10:00 PM,Saturday,finch and albion,Investigation,2,2,n/b,1231
2015/01/24,709,6:15:00 PM,Saturday,Bathurst and Eglinton,Utilized Off Route,1,1,E/B,1547
2015/01/24,160,6:23:00 PM,Saturday,Wilson at King High Ave,Investigation,0,0,s,8307
2015/01/24,29,7:10:00 PM,Saturday,Dufferin and Apex,Emergency Services,3,6,s,8328
2015/01/24,35,7:30:00 PM,Saturday,jane colbeck,Mechanical,8,16,n/b,7902
2015/01/24,24,7:30:00 PM,Saturday,VP and bede's Road,Mechanical,10,20,N/B,8119
2015/01/24,90,7:43:00 PM,Saturday,Vaughan and Maplewood,Diversion,43,53,b/w,8385
2015/01/24,34,8:16:00 PM,Saturday,Eglinton STN,Mechanical,10,19,EB,7554
2015/01/24,161,8:28:00 PM,Saturday,Rogers and Weston,Utilized Off Route,1,1,S/B,1680
2015/01/24,196,8:32:00 PM,Saturday,Downsview Station,Utilized Off Route,3,6,n,
2015/01/24,100,9:01:00 PM,Saturday,Eglinton STN,Utilized Off Route,9,18,EB,7433
2015/01/24,196,9:21:00 PM,Saturday,sheppard Station,Utilized Off Route,9,18,W,8384
2015/01/24,53,9:24:00 PM,Saturday,Siskin Terr. & Staines Rd.,Mechanical,19,38,WB,1827
2015/01/24,29,9:40:00 PM,Saturday,Exhibition West Loop,Mechanical,5,10,n,9020
2015/01/24,7,9:50:00 PM,Saturday,Bathurst and Haddington Avenue,Diversion,55,64,n,8161
2015/01/24,39,10:05:00 PM,Saturday,Finch Av & Don Mills Rd,Investigation,8,16,EB,1144
2015/01/24,7,10:10:00 PM,Saturday,Bathurst and wilson,Mechanical,5,10,s,9022
2015/01/24,109,10:15:00 PM,Saturday,Bathurst and Haddington,Diversion,30,53,s,8309
2015/01/24,81,10:23:00 PM,Saturday,11 THORNCLIFF AND THORNCLIFF,Mechanical,12,24,NB,7780
2015/01/24,85,10:24:00 PM,Saturday,Medowale loop,Mechanical,28,45,W,1070
2015/01/24,35,11:15:00 PM,Saturday,jane and finch,Mechanical,12,24,n/b,7923
2015/01/25,32,12:38:00 AM,Sunday,Eglinton stn,Mechanical,14,28,w,1607
2015/01/25,320,1:47:00 AM,Sunday,Wilson & Yonge,Mechanical,3,6,S,8214
2015/01/25,329,2:30:00 AM,Sunday,Exhibition Loop,Mechanical,30,60,N,8123
2015/01/25,34,2:35:00 AM,Sunday,Kennedy station,Utilized Off Route,1,1,E,7605
2015/01/25,25,2:35:00 AM,Sunday,Eglinton Garage,Utilized Off Route,1,1,E,7599
2015/01/25,300,2:55:00 AM,Sunday,East Mall,Utilized Off Route,30,60,E,7859
2015/01/25,300,3:27:00 AM,Sunday,300 Bloor/Dan nite,General Delay,30,60,E,7772
2015/01/25,36,5:18:00 AM,Sunday,Arrow Rd and Finch,Late Leaving Garage,15,31,,9116
2015/01/25,320,5:55:00 AM,Sunday,Yonge and Steeles,Emergency Services,4,8,,8216
2015/01/25,63,7:16:00 AM,Sunday,Garage,Late Leaving Garage,10,20,s/b,1537
2015/01/25,300,7:42:00 AM,Sunday,Danforth Avenue & Danforth Road,Mechanical,6,12,WB,7714
2015/01/25,57,7:44:00 AM,Sunday,Kennedy Stn. / Birchmount Yard,Investigation,20,40,n,7806
2015/01/25,320,7:45:00 AM,Sunday,Yonge and Lawrence,Mechanical,3,6,,7616
2015/01/25,52,7:55:00 AM,Sunday,Jane and Lawrence,Mechanical,15,30,w,1028
2015/01/25,131,8:00:00 AM,Sunday,Scarborough Town Center,Late Leaving Garage,26,52,EB,1307
2015/01/25,16,8:00:00 AM,Sunday,VP at Danforth,Investigation,17,34,s,7745
2015/01/25,324,8:01:00 AM,Sunday,Danforth/Victoria Park,Investigation,1,1,EB,7745
2015/01/25,71,8:04:00 AM,Sunday,Garage,Late Leaving Garage,24,48,s,1557
2015/01/25,85,8:05:00 AM,Sunday,Rouge Hill GO Station,Mechanical,24,48,WB,1810
2015/01/25,60,8:08:00 AM,Sunday,Martin Grove Loop,Late Leaving Garage,19,1,,1291
2015/01/25,35,8:11:00 AM,Sunday,Peter Kiaser at Steeles,Mechanical,15,30,s,1399
2015/01/25,60,8:20:00 AM,Sunday,Finch Stn,Late Leaving Garage,30,49,,1303
2015/01/25,191,8:20:00 AM,Sunday,Kipling Stn,Late Leaving Garage,25,45,,7923
2015/01/25,108,8:23:00 AM,Sunday,stong at driftwood,Mechanical,25,25,w,1339
2015/01/25,195,8:25:00 AM,Sunday,commons,Mechanical,10,25,s,1223
2015/01/25,84,8:26:00 AM,Sunday,sheppard stn,Mechanical,15,27,w,1251
2015/01/25,103,8:30:00 AM,Sunday,Doncliffe Loop,Mechanical,20,40,w,8171
2015/01/25,6,8:33:00 AM,Sunday,Davenport and Bedford,Investigation,30,60,s/b,1010
2015/01/25,85,8:33:00 AM,Sunday,Toronto Zoo,Mechanical,16,32,WB,1826
2015/01/25,40,8:40:00 AM,Sunday,Runnymede Loop,Mechanical,13,21,E,8027
2015/01/25,35,8:40:00 AM,Sunday,hullmar,Mechanical,10,26,s,1258
2015/01/25,41,8:46:00 AM,Sunday,Keele station,Utilized Off Route,10,20,s,1637
2015/01/25,135,8:47:00 AM,Sunday,Warden Stn.,Late Leaving Garage,20,1,w,7823
2015/01/25,165,8:50:00 AM,Sunday,yorkmills stn,Mechanical,10,20,n,1266
2015/01/25,116,8:53:00 AM,Sunday,Kennedy stn,Mechanical,7,14,eb,7422
2015/01/25,52,8:54:00 AM,Sunday,Garage,Late Leaving Garage,24,48,e,1029
2015/01/25,47,8:55:00 AM,Sunday,Davenport and Lansdowne,Utilized Off Route,20,40,n,1004
2015/01/25,195,8:55:00 AM,Sunday,commons,Mechanical,10,20,s,1802
2015/01/25,59,9:00:00 AM,Sunday,weston at oak,Mechanical,30,60,e,1284
2015/01/25,195,9:00:00 AM,Sunday,jane stn,Utilized Off Route,10,20,n,1394
2015/01/25,25,9:03:00 AM,Sunday,Pape stn,Mechanical,7,14,nb,7495
2015/01/25,16,9:04:00 AM,Sunday,STC,Mechanical,18,36,s,7744
2015/01/25,68,9:07:00 AM,Sunday,Warden Loop,Mechanical,32,56,sb,7580
2015/01/25,86,9:11:00 AM,Sunday,Kennedy stn,Mechanical,7,14,eb,7400
2015/01/25,116,9:23:00 AM,Sunday,Keenedy stn,Mechanical,8,15,eb,7468
2015/01/25,195,9:25:00 AM,Sunday,commons,Mechanical,10,20,s,1243
2015/01/25,36,9:32:00 AM,Sunday,Finch and Arrow,Late Leaving Garage,6,11,,9122
2015/01/25,76,9:48:00 AM,Sunday,Royal York Station,Mechanical,9,18,S,8064
2015/01/25,71,10:24:00 AM,Sunday,Lambton and Weston,Mechanical,24,48,s,1635
2015/01/25,53,10:30:00 AM,Sunday,Finch station to Staines,General Delay,8,11,B/W,1717
2015/01/25,23,10:48:00 AM,Sunday,Dawes at Park Vista,Mechanical,12,24,n,7737
2015/01/25,52,10:55:00 AM,Sunday,Lawrence west station,Mechanical,24,48,e/b,1202
2015/01/25,116,10:56:00 AM,Sunday,Kennedy Station,Mechanical,8,16,EB,7601
2015/01/25,41,10:57:00 AM,Sunday,Commons,Mechanical,10,20,n/b,9140
2015/01/25,95,10:59:00 AM,Sunday,Ellesmere/Markham,Mechanical,20,40,EB,1749
2015/01/25,41,11:17:00 AM,Sunday,Keele and Steeles,Mechanical,10,20,s/b,9148
2015/01/25,25,11:26:00 AM,Sunday,Pape stn,Utilized Off Route,5,11,nb,7522
2015/01/25,45,11:26:00 AM,Sunday,Kipling Station,Mechanical,10,20,N,8070
2015/01/25,199,11:30:00 AM,Sunday,McCowan & Sheppard,Mechanical,10,20,EB,1737
2015/01/25,24,11:32:00 AM,Sunday,Victoria Park Stn.,Mechanical,9,18,n,8110
2015/01/25,7,12:02:00 PM,Sunday,Bathurst and Vesta,Mechanical,9,18,n,8342
2015/01/25,22,12:05:00 PM,Sunday,Coxwell Station,Late Leaving Garage,10,20,SB,7841
2015/01/25,84,12:19:00 PM,Sunday,Sheppard stn,Mechanical,7,14,w/b,1213
2015/01/25,52,12:21:00 PM,Sunday,Lawrence station,Late Leaving Garage,16,32,w/b,1066
2015/01/25,191,12:23:00 PM,Sunday,Kipling Stn,Mechanical,14,28,,7914
2015/01/25,52,12:28:00 PM,Sunday,Lawrence and Jane,Mechanical,17,26,w/b,1266
2015/01/25,60,12:37:00 PM,Sunday,Dufferin,Mechanical,14,27,E,1396
2015/01/25,41,12:37:00 PM,Sunday,Keele station,Late Leaving Garage,9,18,n/b,1663
2015/01/25,52,1:12:00 PM,Sunday,Lawrence west station,Late Leaving Garage,8,16,w/b,1508
2015/01/25,52,1:20:00 PM,Sunday,Lawrence west station,Mechanical,16,32,w/b,1029
2015/01/25,32,1:25:00 PM,Sunday,Pine st / Lawrence west,Investigation,9,18,e,1551
2015/01/25,54,1:57:00 PM,Sunday,Lawrence and Rushley,Investigation,9,18,WB,7636
2015/01/25,60,1:58:00 PM,Sunday,Martin grove,Mechanical,12,22,E,1319
2015/01/25,89,1:59:00 PM,Sunday,Weston and Oak,Investigation,10,19,s/b,1565
2015/01/25,35,1:59:00 PM,Sunday,Jane and Church,Investigation,12,24,s/b,1366
2015/01/25,89,2:39:00 PM,Sunday,Weston and Ray,Mechanical,10,19,n/b,1565
2015/01/25,89,3:02:00 PM,Sunday,Weston and Lawrence,Investigation,10,19,s/b,1408
2015/01/25,100,3:03:00 PM,Sunday,Eglinton and Brentcliffe,Investigation,17,34,WB,7438
2015/01/25,20,3:20:00 PM,Sunday,Main Station,Mechanical,20,40,W,7762
2015/01/25,108,3:54:00 PM,Sunday,Finch and Driftwood,Mechanical,9,18,s/b,1405
2015/01/25,41,3:55:00 PM,Sunday,Keele station,Mechanical,9,18,n/b,9142
2015/01/25,37,4:02:00 PM,Sunday,Steeles,Mechanical,20,40,S,1732
2015/01/25,54,4:07:00 PM,Sunday,Lawrence and Kennedy,Investigation,16,32,E,7643
2015/01/25,190,4:09:00 PM,Sunday,Scar Town Centre Station,Mechanical,10,19,W,1107
2015/01/25,32,4:30:00 PM,Sunday,Trethewey / Jane,Mechanical,11,22,e,1240
2015/01/25,109,4:46:00 PM,Sunday,Lawrence West Station,Mechanical,34,68,nb,8387
2015/01/25,29,4:47:00 PM,Sunday,Wilson Station,Utilized Off Route,3,6,sb,8366
2015/01/25,37,5:07:00 PM,Sunday,Islington Stn.,Mechanical,20,40,N,1359
2015/01/25,22,6:00:00 PM,Sunday,Coxwell Station,Mechanical,15,30,SB,7735
2015/01/25,36,6:31:00 PM,Sunday,HWLP,Mechanical,5,10,E,9109
2015/01/25,34,6:52:00 PM,Sunday,Eglinton and  Don Mills,Investigation,15,30,e/b,7430
2015/01/25,35,7:51:00 PM,Sunday,Jane and Woolner,Mechanical,7,14,N/b,7950
2015/01/25,25,8:18:00 PM,Sunday,"Pape and Torrents Ave,",Mechanical,10,20,n/b,7558
2015/01/25,130,8:43:00 PM,Sunday,Middlefield & Newmill gate,Mechanical,30,60,S,1100
2015/01/25,25,9:10:00 PM,Sunday,Pape Stn,Mechanical,10,20,n/b,7522
2015/01/25,25,9:10:00 PM,Sunday,Pape Stn,Mechanical,10,20,n/b,7514
2015/01/25,57,9:15:00 PM,Sunday,KENNEDY STN,Mechanical,30,60,NB,7684
2015/01/25,52,10:43:00 PM,Sunday,Westway /  Islington,Investigation,11,22,e,1594
2015/01/25,36,11:15:00 PM,Sunday,finch and weston,Investigation,10,20,e/b,9112
2015/01/26,57,12:04:00 AM,Monday,Midland/Gilder,Mechanical,20,40,n,7836
2015/01/26,95,1:24:00 AM,Monday,Ellesmere at Victoria Park,Mechanical,13,26,W/B,1721
2015/01/26,305,2:16:00 AM,Monday,Eglinton at Midland,Mechanical,30,60,E/B,7461
2015/01/26,25,4:25:00 AM,Monday,Danforth and Pape,Mechanical,4,8,NB,7474
2015/01/26,68,4:43:00 AM,Monday,Warden Danforth rd,Mechanical,19,19,nb,7402
2015/01/26,29,4:45:00 AM,Monday,Wilson Station,Mechanical,11,24,SB,9042
2015/01/26,311,4:49:00 AM,Monday,lakeshore,Late Leaving Garage,10,20,s/b,1505
2015/01/26,34,4:52:00 AM,Monday,eglinton yard,Late Leaving Garage,14,0,w,7569
2015/01/26,41,4:58:00 AM,Monday,Steeles and Petrolia,Mechanical,12,24,s/b,9136
2015/01/26,35,5:01:00 AM,Monday,Arrow Rd. Garage,Mechanical,21,31,N/B,1276
2015/01/26,79,5:05:00 AM,Monday,Pine and lawrence,Late Leaving Garage,1,25,s/b,1058
2015/01/26,32,5:12:00 AM,Monday,eglinton station,Mechanical,20,34,w/b,1661
2015/01/26,36,5:19:00 AM,Monday,Arrow Rd,Late Leaving Garage,10,20,W,9108
2015/01/26,16,5:21:00 AM,Monday,Birchmount Garage,Mechanical,16,32,N,7838
2015/01/26,36,5:21:00 AM,Monday,Arrow Rd,Late Leaving Garage,6,12,E,9123
2015/01/26,191,5:22:00 AM,Monday,Steeles and Kipling (on deadhead routing),Mechanical,21,47,N/B,7947
2015/01/26,29,5:36:00 AM,Monday,Wilson Stn,Mechanical,7,14,SB,9032
2015/01/26,84,5:42:00 AM,Monday,Arrow Rd. Garage,Late Leaving Garage,10,14,E/B,1688
2015/01/26,37,5:45:00 AM,Monday,Arrow Rd. Garage,Late Leaving Garage,4,11,S/B,1550
2015/01/26,116,5:46:00 AM,Monday,eglinton yard,Late Leaving Garage,6,12,e,7439
2015/01/26,25,5:50:00 AM,Monday,Steeles Freshmeadows,Mechanical,15,30,sb,7677
2015/01/26,83,5:51:00 AM,Monday,Donlands Stn,Late Leaving Garage,14,28,S/B,7876
2015/01/26,66,5:51:00 AM,Monday,Garage / Marine prade Drive,Late Leaving Garage,14,30,n,8015
2015/01/26,165,5:54:00 AM,Monday,yorkmills stn,Late Leaving Garage,5,18,n,1316
2015/01/26,34,5:58:00 AM,Monday,eglinton yard,Late Leaving Garage,4,8,e,7598
2015/01/26,86,5:58:00 AM,Monday,eglinton yard,Late Leaving Garage,17,34,e,7520
2015/01/26,86,6:00:00 AM,Monday,eglinton yard,Late Leaving Garage,17,0,e,7552
2015/01/26,6,6:01:00 AM,Monday,Bedford,Mechanical,8,16,s,1568
2015/01/26,90,6:02:00 AM,Monday,Northcliffe and Eglinton,Late Leaving Garage,20,30,SB,8387
2015/01/26,165,6:05:00 AM,Monday,yorkmills stn,Late Leaving Garage,5,23,n,7246
2015/01/26,84,6:05:00 AM,Monday,Arrow Rd. Garage,Late Leaving Garage,10,15,E/B,1396
2015/01/26,95,6:06:00 AM,Monday,York Mills Stn,Late Leaving Garage,7,14,EB,1351
2015/01/26,116,6:07:00 AM,Monday,eglinton yard,Late Leaving Garage,22,0,e,7532
2015/01/26,90,6:10:00 AM,Monday,Oakwood and Vaughan,Late Leaving Garage,5,10,SB,9435
2015/01/26,46,6:12:00 AM,Monday,Arrow Rd. Garage,Late Leaving Garage,0,0,N,1534
2015/01/26,54,6:14:00 AM,Monday,Eglinton Station,Mechanical,5,11,eb,7401
2015/01/26,54,6:15:00 AM,Monday,Lawrence Scarbough Golf club rd,Mechanical,9,18,eb,7449
2015/01/26,165,6:16:00 AM,Monday,sheppard at weston,Late Leaving Garage,12,17,n,7200
2015/01/26,51,6:17:00 AM,Monday,Eglinton stn,Mechanical,14,28,e/b,9417
2015/01/26,37,6:21:00 AM,Monday,Arrow Rd. Division,Late Leaving Garage,2,6,S/B,1574
2015/01/26,199,6:22:00 AM,Monday,Scarborough Town Centre,Late Leaving Garage,3,6,WB,1121
2015/01/26,100,6:26:00 AM,Monday,Broadview Station,Mechanical,4,8,NB,7608
2015/01/26,95,6:26:00 AM,Monday,Kingston Rd Loop,Late Leaving Garage,7,14,WB,1770
2015/01/26,165,6:26:00 AM,Monday,sheppard at weston,Late Leaving Garage,2,12,n,7207
2015/01/26,54,6:27:00 AM,Monday,Star Spray Loop,Mechanical,9,18,wb,7475
2015/01/26,44,6:27:00 AM,Monday,Col Sam Smith Loop,Utilized Off Route,7,16,n/b,7961
2015/01/26,76,6:28:00 AM,Monday,Lakeshore and Mimico,Utilized Off Route,5,7,n,8067
2015/01/26,95,6:29:00 AM,Monday,Ellesmere RT,Late Leaving Garage,7,14,WB,9403
2015/01/26,129,6:29:00 AM,Monday,Major Mackenzie & McCowan,Late Leaving Garage,14,27,SB,9067
2015/01/26,190,6:29:00 AM,Monday,Malvern Garage,Mechanical,6,11,,1138
2015/01/26,60,6:30:00 AM,Monday,Finch Stn,Late Leaving Garage,1,8,,1706
2015/01/26,165,6:30:00 AM,Monday,yorkmills stn,General Delay,20,40,bw,
2015/01/26,35,6:31:00 AM,Monday,Jane and Finch,Late Leaving Garage,1,11,S,1521
2015/01/26,29,6:31:00 AM,Monday,Wilson stn,Mechanical,4,8,s/b,9031
2015/01/26,29,6:34:00 AM,Monday,Dufferin at Tycos,Mechanical,7,14,s/b,9027
2015/01/26,25,6:34:00 AM,Monday,Freshmeadow and Don Mills,Mechanical,4,8,SB,7507
2015/01/26,125,6:38:00 AM,Monday,Antibies and Bathurst,Late Leaving Garage,1,1,EB,8215
2015/01/26,199,6:40:00 AM,Monday,Finch station,Mechanical,3,5,EB,1741
2015/01/26,39,6:40:00 AM,Monday,Finch station,Late Leaving Garage,4,8,EB,1763
2015/01/26,55,6:40:00 AM,Monday,Jane and Bradley,Mechanical,30,60,s/b,1269
2015/01/26,45,6:40:00 AM,Monday,Kipling Station,Mechanical,12,24,n/b,7969
2015/01/26,60,6:41:00 AM,Monday,Finch Stn,Mechanical,10,18,,1348
2015/01/26,53,6:42:00 AM,Monday,Finch Station,Mechanical,11,24,e,9091
2015/01/26,95,6:43:00 AM,Monday,Ellesmere RT,Late Leaving Garage,7,14,WB,1317
2015/01/26,79,6:44:00 AM,Monday,Runnymede stn,Utilized Off Route,12,24,n/b,1676
2015/01/26,107,6:48:00 AM,Monday,Downsview Station,Late Leaving Garage,18,36,N,9436
2015/01/26,196,6:49:00 AM,Monday,Downsview Station,Utilized Off Route,9,27,N,9422
2015/01/26,191,6:51:00 AM,Monday,Royal Crest,Late Leaving Garage,6,10,N,7927
2015/01/26,195,6:53:00 AM,Monday,Jane and Steeles,Late Leaving Garage,10,20,S,1205
2015/01/26,85,6:54:00 AM,Monday,McCowan Rd,Mechanical,10,21,WB,9078
2015/01/26,36,6:55:00 AM,Monday,Humberwood Loop,Mechanical,4,8,W,1208
2015/01/26,51,6:56:00 AM,Monday,Steeles And Leslie,Late Leaving Garage,14,28,EB,8307
2015/01/26,32,6:57:00 AM,Monday,Skymark,Mechanical,5,10,e/b,1507
2015/01/26,11,6:57:00 AM,Monday,Belsize Dr and Davisville av,Late Leaving Garage,13,26,NB,8143
2015/01/26,117,7:00:00 AM,Monday,Downsview Stn,Mechanical,10,20,NB,8314
2015/01/26,144,7:00:00 AM,Monday,Don Valley prkwy Eglinton ave,Diversion,1,1,sb,7636
2015/01/26,196,7:04:00 AM,Monday,Downsview Station,Mechanical,2,7,N,9423
2015/01/26,60,7:05:00 AM,Monday,York U,Mechanical,3,8,,1308
2015/01/26,36,7:07:00 AM,Monday,Finch Stn,Late Leaving Garage,4,8,W,9106
2015/01/26,60,7:15:00 AM,Monday,York University,Mechanical,3,7,,1358
2015/01/26,36,7:18:00 AM,Monday,Finch Stn,Late Leaving Garage,4,8,W,9110
2015/01/26,41,7:19:00 AM,Monday,Keele Station,Mechanical,9,18,n/b,9140
2015/01/26,32,7:20:00 AM,Monday,Pine and Eglinton,Mechanical,5,10,e/b,1226
2015/01/26,106,7:23:00 AM,Monday,Downsview Station,Mechanical,7,14,W,9421
2015/01/26,39,7:30:00 AM,Monday,Finch station to Neilson & Crow Trail,General Delay,9,14,B/W,1124
2015/01/26,195,7:43:00 AM,Monday,Jane and Steeles,Late Leaving Garage,10,20,S,1394
2015/01/26,6,7:48:00 AM,Monday,Davenport,Late Leaving Garage,8,16,s,1062
2015/01/26,196,7:53:00 AM,Monday,Downsview Station,Mechanical,2,4,N,9415
2015/01/26,196,7:56:00 AM,Monday,Sheppard Station,Mechanical,6,12,W,9438
2015/01/26,199,8:00:00 AM,Monday,Finch & Don Mills,Mechanical,3,5,WB,1119
2015/01/26,88,8:15:00 AM,Monday,Bessborough and Sutherland,Mechanical,6,12,e/b,9419
2015/01/26,86,8:20:00 AM,Monday,kingston rd and galloway,Mechanical,5,10,w,7590
2015/01/26,192,8:23:00 AM,Monday,Kipling Station,Mechanical,10,20,n/b,8006
2015/01/26,95,8:26:00 AM,Monday,Ellesmere & Kennedy,Emergency Services,7,15,WB,1797
2015/01/26,199,8:32:00 AM,Monday,Finch & Commander Blvd.,Investigation,3,6,EB,1811
2015/01/26,79,8:40:00 AM,Monday,Runnymede & Maher,Mechanical,9,18,s/b,1023
2015/01/26,36,8:40:00 AM,Monday,Humberwood Loop,Mechanical,4,8,e,9109
2015/01/26,11,8:46:00 AM,Monday,Davisville Station,Utilized Off Route,12,24,NB,8147
2015/01/26,29,8:49:00 AM,Monday,Wilson stn,Mechanical,4,8,s/b,9426
2015/01/26,81,8:54:00 AM,Monday,Pape & Canning,Investigation,10,20,S/B,7745
2015/01/26,106,8:55:00 AM,Monday,Sentinel and Hucknall,Mechanical,7,14,S,9429
2015/01/26,25,9:00:00 AM,Monday,Pape Stn,Mechanical,9,19,N,7536
2015/01/26,190,9:13:00 AM,Monday,Donmills Rd,Mechanical,10,20,WB,1704
2015/01/26,26,9:28:00 AM,Monday,Jane stn,Mechanical,20,40,e,8055
2015/01/26,36,9:31:00 AM,Monday,Weston Rd,Mechanical,4,8,w,9117
2015/01/26,116,9:32:00 AM,Monday,kennedy station,Mechanical,29,58,e,7596
2015/01/26,22,9:40:00 AM,Monday,Lower Gerrard/Coxwell,Investigation,9,10,S/B,7803
2015/01/26,70,9:48:00 AM,Monday,Coxwell stn,Utilized Off Route,1,1,eb,7473
2015/01/26,12,9:54:00 AM,Monday,Vioctoria Park Stn,Mechanical,10,20,E/B,7708
2015/01/26,36,9:56:00 AM,Monday,Finch Stn,Mechanical,5,10,W,1302
2015/01/26,85,9:56:00 AM,Monday,Kennedy Rd,Mechanical,8,15,EB,9072
2015/01/26,53,9:56:00 AM,Monday,Finch and Seneca Hill,Utilized Off Route,1,1,e,9073
2015/01/26,29,9:58:00 AM,Monday,Dufferin at Tycos,Utilized Off Route,4,8,s/b,8371
2015/01/26,29,9:58:00 AM,Monday,Wilson stn,Utilized Off Route,4,8,s/b,9033
2015/01/26,196,10:00:00 AM,Monday,Downsview Stn,Utilized Off Route,2,4,s,8137
2015/01/26,79,10:00:00 AM,Monday,Jane & Lawrence,Utilized Off Route,22,40,s/b,1033
2015/01/26,100,10:02:00 AM,Monday,Broadview Station,Utilized Off Route,4,8,NB,7429
2015/01/26,134,10:02:00 AM,Monday,Centennial College,Mechanical,13,20,w,1125
2015/01/26,32,10:02:00 AM,Monday,Eglinton station,Utilized Off Route,5,10,e/b,1609
2015/01/26,34,10:03:00 AM,Monday,Eglinton Station,Utilized Off Route,7,15,EB,7620
2015/01/26,35,10:04:00 AM,Monday,Jane Stn.,Utilized Off Route,24,48,N,1341
2015/01/26,67,10:04:00 AM,Monday,Victoria Park Station,Utilized Off Route,12,24,NB,7656
2015/01/26,504,10:05:00 AM,Monday,Danforth and Broadview,Utilized Off Route,1,1,NB,7833
2015/01/26,199,10:05:00 AM,Monday,Scarborough Town Centre,Utilized Off Route,5,10,WB,1314
2015/01/26,75,10:05:00 AM,Monday,Sherbourne and King,Utilized Off Route,6,12,SB,8214
2015/01/26,709,10:05:00 AM,Monday,Mt. Dennis,Utilized Off Route,5,10,e/b,1621
2015/01/26,96,10:06:00 AM,Monday,wilson at bathurst,Utilized Off Route,8,16,e,1806
2015/01/26,25,10:06:00 AM,Monday,Pape Station,Utilized Off Route,4,8,NB,7472
2015/01/26,191,10:07:00 AM,Monday,Kipling stn,Utilized Off Route,9,18,N,7920
2015/01/26,68,10:07:00 AM,Monday,Warden Station,Utilized Off Route,10,20,NB,7521
2015/01/26,6,10:07:00 AM,Monday,Old Weston rd and St. Clair ave. west,Utilized Off Route,1,1,-,1245
2015/01/26,134,10:08:00 AM,Monday,Centennial College,Utilized Off Route,7,20,w,1108
2015/01/26,79,10:08:00 AM,Monday,Runnymede stn,Utilized Off Route,0,0,n/b,1287
2015/01/26,60,10:09:00 AM,Monday,Finch Stn,Utilized Off Route,7,13,,1261
2015/01/26,97,10:09:00 AM,Monday,St.Clair Station,Utilized Off Route,15,30,N,8146
2015/01/26,39,10:10:00 AM,Monday,Finch & McCowan,Utilized Off Route,6,12,WB,1137
2015/01/26,86,10:10:00 AM,Monday,kennedy station,Utilized Off Route,10,20,e,7582
2015/01/26,91,10:12:00 AM,Monday,Woodbine Station,Utilized Off Route,1,1,SB,8119
2015/01/26,85,10:12:00 AM,Monday,Donmills Station,Utilized Off Route,7,14,WB,9070
2015/01/26,60,10:12:00 AM,Monday,Finch Stn,Utilized Off Route,6,13,,1376
2015/01/26,52,10:12:00 AM,Monday,Avenue rd & Lawrence,Utilized Off Route,0,0,w/b,1524
2015/01/26,87,10:14:00 AM,Monday,Broadview Station,Utilized Off Route,11,22,EB,7787
2015/01/26,17,10:14:00 AM,Monday,Steeles Loop,Mechanical,13,26,S,7756
2015/01/26,709,10:14:00 AM,Monday,Eglinton Station,Utilized Off Route,5,10,e/b,1021
2015/01/26,36,10:15:00 AM,Monday,Finch stn,Utilized Off Route,5,10,W,1252
2015/01/26,39,10:15:00 AM,Monday,Neilson & Crow Trail,Utilized Off Route,5,11,WB,1101
2015/01/26,96,10:15:00 AM,Monday,wilson stn,Utilized Off Route,17,34,w,7938
2015/01/26,54,10:18:00 AM,Monday,Eglinton stn,Utilized Off Route,6,12,eb,7509
2015/01/26,84,10:20:00 AM,Monday,Downsview Station,Utilized Off Route,2,10,W/B,1238
2015/01/26,709,10:20:00 AM,Monday,Eglinton station,Utilized Off Route,5,10,e/b,1202
2015/01/26,24,10:20:00 AM,Monday,Victoria park station,Utilized Off Route,20,40,NB,7705
2015/01/26,20,10:23:00 AM,Monday,Main Station,Utilized Off Route,8,16,Wb,7719
2015/01/26,41,10:23:00 AM,Monday,Keele & St Clair,Utilized Off Route,7,14,S,1532
2015/01/26,102,10:23:00 AM,Monday,Warden stn,Utilized Off Route,15,30,S/B,7841
2015/01/26,81,10:25:00 AM,Monday,Thorncliffe Park,Utilized Off Route,10,20,SB,7805
2015/01/26,100,10:26:00 AM,Monday,Broadview Station,Utilized Off Route,4,8,7570,7570
2015/01/26,37,10:27:00 AM,Monday,Islington Station.,Utilized Off Route,9,18,N/B,1685
2015/01/26,804,10:28:00 AM,Monday,Arrow Garage,Utilized Off Route,1,1,,1348
2015/01/26,195,10:33:00 AM,Monday,Yorkgate at Jane,Mechanical,10,20,s,1270
2015/01/26,40,10:36:00 AM,Monday,2957 Dundas st. W,Utilized Off Route,12,24,w/b,7340
2015/01/26,53,10:37:00 AM,Monday,Finch Station,Utilized Off Route,12,18,e,1787
2015/01/26,9,10:48:00 AM,Monday,Scarborough Town Centre,Mechanical,22,44,S,7751
2015/01/26,85,10:51:00 AM,Monday,Warden Ave,Utilized Off Route,21,44,WB,9081
2015/01/26,102,11:25:00 AM,Monday,Warden stn,Utilized Off Route,15,30,N/B,7849
2015/01/26,198,11:30:00 AM,Monday,kennedy station,Mechanical,10,20,e,7553
2015/01/26,60,11:34:00 AM,Monday,Signal Hill,Mechanical,13,26,,1277
2015/01/26,84,11:50:00 AM,Monday,Downsview Station,Mechanical,9,19,E/B,1285
2015/01/26,96,11:50:00 AM,Monday,wilson and clayson,Mechanical,20,40,e,7234
2015/01/26,41,11:52:00 AM,Monday,Keele stn,Mechanical,7,14,N,9142
2015/01/26,42,11:55:00 AM,Monday,Finch Station,Mechanical,12,24,E,8301
2015/01/26,191,11:55:00 AM,Monday,Finch @ 27,Mechanical,9,18,w,7911
2015/01/26,32,12:04:00 PM,Monday,Eglinton and Wincott,Mechanical,13,26,wb,1659
2015/01/26,39,12:06:00 PM,Monday,Finch & Neilson,Emergency Services,6,12,EB,1746
2015/01/26,26,12:08:00 PM,Monday,JANEE STN,Utilized Off Route,20,40,E/B,7313
2015/01/26,168,12:10:00 PM,Monday,DUNDAS W STN,Utilized Off Route,10,20,n/b,7333
2015/01/26,709,12:10:00 PM,Monday,Eg. West station,Utilized Off Route,5,10,E/B,1202
2015/01/26,41,12:11:00 PM,Monday,Keele stn,Utilized Off Route,7,14,S,1649
2015/01/26,63,12:13:00 PM,Monday,King st. ang Shaw,Utilized Off Route,7,15,n,1663
2015/01/26,54,12:20:00 PM,Monday,Lawrence Vicpark,Investigation,6,12,eb,7611
2015/01/26,60,12:30:00 PM,Monday,60 Steeles West Route,Mechanical,1,1,W,1701
2015/01/26,41,12:30:00 PM,Monday,Petrolia / Steeles west,Mechanical,7,14,s,1627
2015/01/26,88,12:32:00 PM,Monday,Sutherland and Millwood,Mechanical,30,60,E,8377
2015/01/26,74,12:43:00 PM,Monday,St.Clair Station,Mechanical,30,60,N,8192
2015/01/26,36,12:53:00 PM,Monday,Arrow Rd,Mechanical,5,10,e,9117
2015/01/26,102,12:53:00 PM,Monday,WARDEN STN,Utilized Off Route,7,14,NB,7844
2015/01/26,102,12:53:00 PM,Monday,Warden stn,Utilized Off Route,15,30,N/B,7872
2015/01/26,124,12:55:00 PM,Monday,lawrence Station,Utilized Off Route,8,16,E,8155
2015/01/26,17,1:03:00 PM,Monday,STEELES LOOP,Mechanical,13,26,NB,7837
2015/01/26,54,1:04:00 PM,Monday,Centennial/Lawerence,Investigation,13,26,W/B,7413
2015/01/26,11,1:10:00 PM,Monday,Bayview/York Mills,Mechanical,10,20,s/b,8205
2015/01/26,95,1:17:00 PM,Monday,Kingston Rd Loop,Mechanical,15,30,WB,1351
2015/01/26,195,1:22:00 PM,Monday,Jane and Church,Mechanical,10,20,S/b,1683
2015/01/26,96,1:29:00 PM,Monday,Albion/Thistledown,Mechanical,30,60,W,7246
2015/01/26,60,1:42:00 PM,Monday,On Steinway Blvd at Signal Hill,Mechanical,13,26,W,7219
2015/01/26,45,1:45:00 PM,Monday,KIPLING & BETHRIDGE,Mechanical,10,26,S,7956
2015/01/26,196,1:47:00 PM,Monday,Downaview Stn,Mechanical,8,16,e,8120
2015/01/26,54,2:00:00 PM,Monday,Warden/Lawerence,Late Leaving Garage,10,20,,7572
2015/01/26,29,2:00:00 PM,Monday,Dufferin route,General Delay,30,20,B,
2015/01/26,29,2:00:00 PM,Monday,Dufferin route,General Delay,5,10,B,
2015/01/26,122,2:08:00 PM,Monday,York Mills and Chipstead,Mechanical,16,32,E,9448
2015/01/26,68,2:10:00 PM,Monday,Fairfax / Warden,Mechanical,10,20,NB,7521
2015/01/26,168,2:12:00 PM,Monday,Dundas W Stn,Mechanical,10,20,n,7311
2015/01/26,131,2:12:00 PM,Monday,Tapscott & Blackwell,Mechanical,14,27,EB,1771
2015/01/26,165,2:17:00 PM,Monday,Finch/Weston,Late Leaving Garage,5,11,W,7208
2015/01/26,17,2:22:00 PM,Monday,STEELE AND MOUNT CASTLE,Late Leaving Garage,11,22,NB,7835
2015/01/26,86,2:26:00 PM,Monday,Eglinton Yard,Mechanical,1,1,E,7459
2015/01/26,34,2:33:00 PM,Monday,Eglinton Yard,Late Leaving Garage,4,8,EB,7490
2015/01/26,60,2:36:00 PM,Monday,Islington and Steeles,Mechanical,12,36,E,7202
2015/01/26,191,2:38:00 PM,Monday,MGRC,Late Leaving Garage,1,7,N,7916
2015/01/26,97,2:39:00 PM,Monday,St.Clair Station,Late Leaving Garage,15,30,N,8195
2015/01/26,771,2:47:00 PM,Monday,St Basils School,Late Leaving Garage,20,30,n,8387
2015/01/26,32,2:47:00 PM,Monday,Eglinton station,Late Leaving Garage,5,10,WB,1555
2015/01/26,75,2:48:00 PM,Monday,Sherbourne and Maple Av,Investigation,7,14,nb,8172
2015/01/26,97,2:51:00 PM,Monday,Goulding and peckham,Late Leaving Garage,13,36,N,8339
2015/01/26,79,2:51:00 PM,Monday,Garage,Late Leaving Garage,6,12,s,1670
2015/01/26,35,2:55:00 PM,Monday,Jane and Finch,Late Leaving Garage,5,10,N/b,1265
2015/01/26,95,2:56:00 PM,Monday,York Mills Stn,Late Leaving Garage,9,17,EB,1738
2015/01/26,41,2:56:00 PM,Monday,York university,Utilized Off Route,18,36,S/B,1662
2015/01/26,117,2:56:00 PM,Monday,Dufferin and Steeles,Mechanical,14,28,s,8302
2015/01/26,122,3:00:00 PM,Monday,Roywood and Fenside,Mechanical,15,27,W,8135
2015/01/26,29,3:00:00 PM,Monday,Wilson station,Mechanical,5,10,S,9405
2015/01/26,84,3:00:00 PM,Monday,Aarrow Road,Mechanical,9,18,W,1355
2015/01/26,29,3:00:00 PM,Monday,Wilson Station,Mechanical,5,10,S,9436
2015/01/26,7,3:00:00 PM,Monday,Bathurst and Steeles Av,Mechanical,8,16,sb,9034
2015/01/26,96,3:06:00 PM,Monday,Wilson Stn,Mechanical,17,30,W,7246
2015/01/26,165,3:08:00 PM,Monday,York Mills Stn,Late Leaving Garage,10,41,W,1231
2015/01/26,116,3:11:00 PM,Monday,Morningside & Nighstar,Mechanical,6,12,S,7593
2015/01/26,85,3:14:00 PM,Monday,Don Mills Stn,Mechanical,12,24,E,9055
2015/01/26,60,3:18:00 PM,Monday,Signal Hill and Steeles,Late Leaving Garage,7,14,E,1263
2015/01/26,196,3:20:00 PM,Monday,York u Commons,Late Leaving Garage,2,4,n,9412
2015/01/26,89,3:24:00 PM,Monday,Keele Station,Late Leaving Garage,7,14,n/B,1610
2015/01/26,44,3:28:00 PM,Monday,KIPLING & BIRMINGHAM,Late Leaving Garage,1,1,N,7970
2015/01/26,107,3:33:00 PM,Monday,Downsview Stn,Late Leaving Garage,22,44,s,9404
2015/01/26,35,3:33:00 PM,Monday,Jane and Finch,Mechanical,2,4,n/b,1399
2015/01/26,96,3:43:00 PM,Monday,Bartor/Arrow,Mechanical,10,34,E,7247
2015/01/26,75,3:43:00 PM,Monday,Jarves and Queens Quay,Late Leaving Garage,7,14,NB,8137
2015/01/26,95,3:45:00 PM,Monday,Kingston Rd,Mechanical,5,10,w,1372
2015/01/26,122,3:48:00 PM,Monday,Graydon Hall,Mechanical,16,32,W,8364
2015/01/26,60,3:48:00 PM,Monday,Signet and Steeles Ave West,Mechanical,7,14,E,1809
2015/01/26,32,3:49:00 PM,Monday,Skymark and commerence,Late Leaving Garage,5,10,EB,
2015/01/26,60,3:54:00 PM,Monday,Signal Hill and Steeles Ave West,Late Leaving Garage,7,14,E,1366
2015/01/26,35,3:57:00 PM,Monday,Jane and Queen street,Investigation,5,10,S/b,1305
2015/01/26,115,4:00:00 PM,Monday,York mills station,Utilized Off Route,20,40,E,8363
2015/01/26,96,4:11:00 PM,Monday,Bartor/Arrow,Mechanical,24,48,E,7234
2015/01/26,11,4:18:00 PM,Monday,Davisville Stn,Mechanical,12,24,e/b,8326
2015/01/26,68,4:21:00 PM,Monday,Warden / Steeles Loop,Mechanical,7,13,SB,7590
2015/01/26,96,4:22:00 PM,Monday,Wilson Stn,Mechanical,24,48,E,7911
2015/01/26,84,4:30:00 PM,Monday,Arrow Road and Sheppard,Mechanical,11,22,W,7226
2015/01/26,85,4:42:00 PM,Monday,Malvern Gate,Mechanical,12,24,W,9087
2015/01/26,190,4:46:00 PM,Monday,Sheppard - Allanford Rd,Mechanical,4,9,E,1792
2015/01/26,36,4:51:00 PM,Monday,Humberwood Loop,Mechanical,7,24,E,9114
2015/01/26,191,4:53:00 PM,Monday,MGRC,Late Leaving Garage,2,5,N,7910
2015/01/26,104,4:53:00 PM,Monday,Downsview Stn.,Mechanical,13,26,n,8340
2015/01/26,60,5:00:00 PM,Monday,Carpenter and Steeles Ave West,Mechanical,7,14,E,1343
2015/01/26,199,5:04:00 PM,Monday,Finch at Bayview,Mechanical,4,10,E/B,1703
2015/01/26,78,5:10:00 PM,Monday,Lord Seaton and York Minster,Mechanical,15,30,S,8121
2015/01/26,74,5:11:00 PM,Monday,Mt. Pleasant Loop,Mechanical,18,36,s,8155
2015/01/26,7,5:20:00 PM,Monday,Bathurst and Wilson,Mechanical,8,16,nb,9049
2015/01/26,52,5:27:00 PM,Monday,Lawrence West Ave and Jane St,Mechanical,14,33,W,1604
2015/01/26,60,5:32:00 PM,Monday,Finch Station,Mechanical,11,22,W,7211
2015/01/26,161,5:45:00 PM,Monday,shanly and dovercourt,Mechanical,11,22,n/b,1648
2015/01/26,44,6:02:00 PM,Monday,COL. SMITH LOOP,Mechanical,4,8,N,7339
2015/01/26,10,6:05:00 PM,Monday,Don Mils and Fairview Mall Dr.,Mechanical,10,20,n,9435
2015/01/26,133,6:09:00 PM,Monday,Neilson and Ellesmere,Mechanical,7,14,s,1754
2015/01/26,29,6:12:00 PM,Monday,Wilson Station,Utilized Off Route,5,10,S,8320
2015/01/26,85,6:20:00 PM,Monday,Don Mills Station,Mechanical,13,26,E,9063
2015/01/26,45,6:23:00 PM,Monday,KIPLING & STEELES,Mechanical,14,28,S,8095
2015/01/26,88,6:27:00 PM,Monday,St Clair Stn.,Mechanical,7,15,s,8307
2015/01/26,196,6:32:00 PM,Monday,Bus Roadway at Rail tracks,Mechanical,2,4,W,9409
2015/01/26,34,6:41:00 PM,Monday,Warden and Eglinton,Mechanical,6,12,WB,7493
2015/01/26,40,6:45:00 PM,Monday,Runnymede loop,Mechanical,8,15,n/b,7943
2015/01/26,25,6:55:00 PM,Monday,Don Mills STN,Utilized Off Route,1,1,SB,7548
2015/01/26,23,7:02:00 PM,Monday,Main Stn,Utilized Off Route,1,1,n,7869
2015/01/26,102,7:04:00 PM,Monday,Warden Stn,Utilized Off Route,1,1,s,7741
2015/01/26,53,7:05:00 PM,Monday,Finch Stn,Utilized Off Route,5,10,E,1713
2015/01/26,34,7:05:00 PM,Monday,Eg STN,Utilized Off Route,6,12,EB,7497
2015/01/26,95,7:06:00 PM,Monday,Don Mills stn to Sheppard,Utilized Off Route,0,0,bw,1102
2015/01/26,84,7:06:00 PM,Monday,Sheppard Station,Utilized Off Route,10,20,W,1688
2015/01/26,96,7:07:00 PM,Monday,Carrier Loop,Mechanical,23,46,E,1791
2015/01/26,68,7:08:00 PM,Monday,Warden and Steeles,Utilized Off Route,1,1,s/b,7655
2015/01/26,53,7:09:00 PM,Monday,Finch Stn,Utilized Off Route,0,0,W,9090
2015/01/26,85,7:09:00 PM,Monday,Sheppard Station,Utilized Off Route,1,1,E,1403
2015/01/26,63,7:10:00 PM,Monday,Eglinton west stn,Investigation,7,14,n,1599
2015/01/26,199,7:10:00 PM,Monday,STC,Utilized Off Route,1,1,E/B,1733
2015/01/26,12,7:10:00 PM,Monday,Brimley/Oak Ridge,Mechanical,20,40,n,7831
2015/01/26,224,7:10:00 PM,Monday,Don Mills STN,Utilized Off Route,1,1,SB,7638
2015/01/26,25,7:13:00 PM,Monday,Don Mills STN,Utilized Off Route,1,1,SB,7496
2015/01/26,60,7:13:00 PM,Monday,Finch Station,Utilized Off Route,14,28,W,1366
2015/01/26,85,7:13:00 PM,Monday,Rouge Hill GO Station,Mechanical,15,30,W,9091
2015/01/26,196,7:25:00 PM,Monday,Downsview Station,Utilized Off Route,3,6,n,8216
2015/01/26,90,7:28:00 PM,Monday,St.Clair W Stn,Mechanical,8,16,wb,9403
2015/01/26,85,7:33:00 PM,Monday,Don Mills Station,Utilized Off Route,1,1,W,9085
2015/01/26,29,8:06:00 PM,Monday,Briarhill,Mechanical,5,10,S,9422
2015/01/26,104,8:28:00 PM,Monday,Wilson Station,Mechanical,14,28,n,8148
2015/01/26,109,8:54:00 PM,Monday,Marlee and Roselawn,Investigation,22,42,sb,8357
2015/01/26,40,9:53:00 PM,Monday,Dundas/Pacific ave.,Diversion,12,24,w/b,7340
2015/01/26,72,9:58:00 PM,Monday,Pape Stn,Mechanical,12,24,s,7804
2015/01/27,134,12:01:00 AM,Tuesday,Finchdene and Finch,Mechanical,22,44,n,1334
2015/01/27,104,12:30:00 AM,Tuesday,Faywood and Ansford,Mechanical,20,40,s,8162
2015/01/27,96,12:40:00 AM,Tuesday,Finch Station,Mechanical,4,8,S,1346
2015/01/27,311,2:10:00 AM,Tuesday,Islington & Finch,Investigation,30,60,N,1504
2015/01/27,57,4:39:00 AM,Tuesday,Kennedy Stn,Late Leaving Garage,14,28,N/B,7974
2015/01/27,12,5:00:00 AM,Tuesday,Kingston Rd Route,General Delay,16,1,B/W,
2015/01/27,47,5:12:00 AM,Tuesday,York dale,Late Leaving Garage,1,29,s/b,1049
2015/01/27,29,5:14:00 AM,Tuesday,Wilson Stn,Late Leaving Garage,8,16,SB,9048
2015/01/27,10,5:15:00 AM,Tuesday,Shep./Bathurst,Mechanical,0,15,W,8182
2015/01/27,39,5:17:00 AM,Tuesday,Finch & Baldoon,Late Leaving Garage,5,10,EB,1398
2015/01/27,116,5:20:00 AM,Tuesday,eglinton yard,Mechanical,11,22,e,7675
2015/01/27,63,5:21:00 AM,Tuesday,Eglinton west station,Late Leaving Garage,1,15,s/b,1669
2015/01/27,86,5:23:00 AM,Tuesday,eglinton yard,Mechanical,24,48,e,7540
2015/01/27,42,5:23:00 AM,Tuesday,Wilson Garage,Late Leaving Garage,28,50,W,8170
2015/01/27,91,5:26:00 AM,Tuesday,Woodbine Stn,Late Leaving Garage,13,26,N/B,7808
2015/01/27,165,5:27:00 AM,Tuesday,weston at sheppard,Late Leaving Garage,15,20,s,7208
2015/01/27,12,5:31:00 AM,Tuesday,Kingston Road & Brimley,Late Leaving Garage,18,36,W/B,8116
2015/01/27,167,5:32:00 AM,Tuesday,Pharmacy & Steeles,Late Leaving Garage,24,48,S/b,7830
2015/01/27,116,5:33:00 AM,Tuesday,eglinton yard,Mechanical,6,12,e,7417
2015/01/27,25,5:34:00 AM,Tuesday,Pape Station,Mechanical,4,8,NB,7477
2015/01/27,25,5:34:00 AM,Tuesday,Pape stn,Mechanical,14,18,nb,7477
2015/01/27,110,5:35:00 AM,Tuesday,Evans Ave and Islington Ave,Late Leaving Garage,10,19,n/b,8091
2015/01/27,86,5:41:00 AM,Tuesday,eglinton yard,Late Leaving Garage,10,20,w,7679
2015/01/27,47,5:44:00 AM,Tuesday,Queen and Lansdown,Late Leaving Garage,11,22,n/b,1647
2015/01/27,6,5:49:00 AM,Tuesday,Bedford & Dupont,Mechanical,8,16,s/b,1412
2015/01/27,165,5:55:00 AM,Tuesday,finch at weston,Late Leaving Garage,10,17,n,7234
2015/01/27,42,5:56:00 AM,Tuesday,Kennedy Loop,Late Leaving Garage,28,38,WB,8170
2015/01/27,86,5:58:00 AM,Tuesday,eglinton yard,Late Leaving Garage,18,36,e,7553
2015/01/27,84,6:05:00 AM,Tuesday,Weston and Bradstock,Mechanical,11,22,W/B,1236
2015/01/27,168,6:05:00 AM,Tuesday,Garage / Avon Loop,Late Leaving Garage,5,10,s,7330
2015/01/27,54,6:05:00 AM,Tuesday,Eglinton Yard,Mechanical,5,9,eb,7677
2015/01/27,130,6:10:00 AM,Tuesday,Mccowan and Middlefield,Diversion,63,83,N,1710
2015/01/27,53,6:14:00 AM,Tuesday,Passmore and Markham,Mechanical,5,10,w,1755
2015/01/27,122,6:15:00 AM,Tuesday,Yorkmills stn,Late Leaving Garage,8,16,e/b,8364
2015/01/27,25,6:19:00 AM,Tuesday,Freshmeadow and Don Mils,Mechanical,4,8,SB,7616
2015/01/27,36,6:23:00 AM,Tuesday,Humberwood loop,Late Leaving Garage,4,8,E,1259
2015/01/27,25,6:25:00 AM,Tuesday,Pape Station,Mechanical,4,8,SB,7606
2015/01/27,35,6:25:00 AM,Tuesday,Jane Stn.,Late Leaving Garage,10,20,N,1382
2015/01/27,134,6:28:00 AM,Tuesday,821 Progress Avenue,Diversion,174,194,b/w,1117
2015/01/27,96,6:30:00 AM,Tuesday,yorkmills stn to humberline,General Delay,17,34,bw,
2015/01/27,165,6:30:00 AM,Tuesday,yorkmills stn to steeles,General Delay,20,40,bw,
2015/01/27,39,6:32:00 AM,Tuesday,Seneca College,Late Leaving Garage,8,15,WB,1752
2015/01/27,161,6:34:00 AM,Tuesday,Ossington Station,Mechanical,11,22,w/b,1596
2015/01/27,25,6:34:00 AM,Tuesday,Duncan Mill and Don Mill,Mechanical,4,8,SB,7529
2015/01/27,199,6:39:00 AM,Tuesday,Scarborough Town Centre,Late Leaving Garage,3,5,WB,1719
2015/01/27,51,6:40:00 AM,Tuesday,Leslie /Finch,Diversion,22,36,SB,8376
2015/01/27,7,6:40:00 AM,Tuesday,Bathurst and Wilson,Mechanical,7,16,SB,9025
2015/01/27,45,6:41:00 AM,Tuesday,Kipling and Steeles Loop,Late Leaving Garage,5,11,s/b,7978
2015/01/27,196,6:43:00 AM,Tuesday,Wilson Garage,Late Leaving Garage,4,8,N,8340
2015/01/27,89,6:43:00 AM,Tuesday,Albion Road,Late Leaving Garage,5,10,s/b,1566
2015/01/27,21,6:43:00 AM,Tuesday,STC,Late Leaving Garage,14,28,S/B,7704
2015/01/27,42,6:46:00 AM,Tuesday,Finch Stn,Late Leaving Garage,5,11,EB,9412
2015/01/27,24,6:49:00 AM,Tuesday,Victoria Park,Late Leaving Garage,5,10,N/B,7701
2015/01/27,41,6:49:00 AM,Tuesday,Keele Stataion,Mechanical,9,18,n/b,9140
2015/01/27,29,6:52:00 AM,Tuesday,Wilson stn,Mechanical,7,14,s/b,9003
2015/01/27,199,6:52:00 AM,Tuesday,Finch & Leslie,Diversion,10,12,EB,1289
2015/01/27,39,6:52:00 AM,Tuesday,Finch & Leslie,Diversion,10,14,EB,1742
2015/01/27,36,6:57:00 AM,Tuesday,Finch stn,Late Leaving Garage,4,8,W,9111
2015/01/27,190,6:57:00 AM,Tuesday,Don Mills station,Late Leaving Garage,6,11,E,1766
2015/01/27,71,7:00:00 AM,Tuesday,Runnymede station,Mechanical,20,40,s/b,1582
2015/01/27,198,7:00:00 AM,Tuesday,eglinton yard,Mechanical,10,20,e,7629
2015/01/27,54,7:00:00 AM,Tuesday,Star Spray Loop,Mechanical,5,9,wb,7475
2015/01/27,54,7:00:00 AM,Tuesday,Lawrence rt,Mechanical,6,12,eb,7561
2015/01/27,35,7:00:00 AM,Tuesday,Entire route,General Delay,20,25,B/W,
2015/01/27,199,7:01:00 AM,Tuesday,Scarborough Towm Centre,Late Leaving Garage,3,5,WB,1721
2015/01/27,38,7:02:00 AM,Tuesday,U of T loop,Late Leaving Garage,7,15,W,1134
2015/01/27,76,7:04:00 AM,Tuesday,Royal York stn,Mechanical,4,13,s,8027
2015/01/27,7,7:07:00 AM,Tuesday,Bathurst and Wilson,Late Leaving Garage,5,10,SB,9035
2015/01/27,11,7:09:00 AM,Tuesday,Belsize /davisville,Mechanical,6,12,SB,8192
2015/01/27,196,7:10:00 AM,Tuesday,Downsview Stn,Mechanical,4,8,N,9446
2015/01/27,60,7:11:00 AM,Tuesday,FSTN,Late Leaving Garage,7,14,W,1311
2015/01/27,60,7:11:00 AM,Tuesday,FSTN,Late Leaving Garage,7,14,W,1311
2015/01/27,95,7:13:00 AM,Tuesday,York Mills station,Mechanical,7,14,E,9445
2015/01/27,196,7:19:00 AM,Tuesday,Wilson Garage,Late Leaving Garage,2,4,N,8374
2015/01/27,11,7:22:00 AM,Tuesday,belsize & davisville,Late Leaving Garage,6,12,EB,8383
2015/01/27,95,7:29:00 AM,Tuesday,Ellesmere Loop,Mechanical,7,14,W,1704
2015/01/27,56,7:30:00 AM,Tuesday,Donland Station,Mechanical,11,22,SB,9429
2015/01/27,199,7:30:00 AM,Tuesday,Finch station to Scarborough Town Centre,General Delay,8,12,B/W,1300
2015/01/27,39,7:30:00 AM,Tuesday,Finch station to Neilson & Crow Trail,General Delay,8,12,B/W,1752
2015/01/27,196,7:33:00 AM,Tuesday,Downsview Stn.,Mechanical,2,4,N,9414
2015/01/27,11,7:40:00 AM,Tuesday,Daisville Station,Late Leaving Garage,6,12,NB,8324
2015/01/27,84,7:48:00 AM,Tuesday,Jane and Steeles,Mechanical,17,34,S,1326
2015/01/27,190,8:00:00 AM,Tuesday,Don Mills station to Scarborough Town Centre,General Delay,10,8,B/W,
2015/01/27,57,8:00:00 AM,Tuesday,Midland Route,General Delay,10,1,B/W,
2015/01/27,109,8:00:00 AM,Tuesday,Eglinton West Stn to Neptune,General Delay,10,15,SB,8308
2015/01/27,195,8:00:00 AM,Tuesday,Entire route,General Delay,20,25,B/W,
2015/01/27,102,8:00:00 AM,Tuesday,Warden stn,General Delay,0,0,,
2015/01/27,168,8:02:00 AM,Tuesday,Dundas W stn,Investigation,5,10,s,7326
2015/01/27,85,8:10:00 AM,Tuesday,Don Mills station to Rouge Hill GO,General Delay,15,10,E/B,
2015/01/27,38,8:17:00 AM,Tuesday,U of T loop,Mechanical,7,15,W,1100
2015/01/27,24,8:30:00 AM,Tuesday,Sheppard Ave.,General Delay,10,20,bw,7701
2015/01/27,60,8:36:00 AM,Tuesday,FSTN,Mechanical,7,14,W,1296
2015/01/27,102,8:40:00 AM,Tuesday,Warden stn,Utilized Off Route,10,20,N/B,7767
2015/01/27,37,8:55:00 AM,Tuesday,27 at Queens Plate,Mechanical,18,36,N,1338
2015/01/27,37,8:55:00 AM,Tuesday,27 at Queens Plate,Mechanical,18,36,n,1338
2015/01/27,37,8:55:00 AM,Tuesday,27 at Queens plate,Mechanical,18,36,n,1338
2015/01/27,29,8:57:00 AM,Tuesday,Wilson Station,Utilized Off Route,4,8,SB,8392
2015/01/27,29,8:57:00 AM,Tuesday,Wilson Stn,Utilized Off Route,4,8,s/b,8392
2015/01/27,95,9:00:00 AM,Tuesday,Birchmount Rd,Mechanical,15,30,WB,1104
2015/01/27,102,9:10:00 AM,Tuesday,Warden stn,Utilized Off Route,10,20,N/B,7837
2015/01/27,29,9:29:00 AM,Tuesday,Princes gate,Mechanical,4,8,n/b,9013
2015/01/27,54,9:45:00 AM,Tuesday,Eglinton stn,Utilized Off Route,1,1,eb,7601
2015/01/27,52,10:03:00 AM,Tuesday,Good Shepard & Lawrence,Mechanical,15,30,e/b,1662
2015/01/27,11,10:05:00 AM,Tuesday,Davisville Station,Mechanical,11,20,NB,8387
2015/01/27,39,10:11:00 AM,Tuesday,Finch & Tapscott,Mechanical,6,13,WB,1115
2015/01/27,94,10:30:00 AM,Tuesday,Harbord St at St George St,Mechanical,10,20,e,1008
2015/01/27,165,11:10:00 AM,Tuesday,Weston at Bradstock,Investigation,11,28,s,1299
2015/01/27,57,11:12:00 AM,Tuesday,Kennedy Stn,Mechanical,11,22,N/B,7835
2015/01/27,116,11:17:00 AM,Tuesday,Eglinton & Midland,General Delay,8,30,E,
2015/01/27,102,11:21:00 AM,Tuesday,Warden stn,Utilized Off Route,15,30,N/B,7736
2015/01/27,5,11:27:00 AM,Tuesday,Eglinton Station,Mechanical,1,1,SB,8126
2015/01/27,56,11:30:00 AM,Tuesday,Eglinton Station,Utilized Off Route,14,31,EB,8314
2015/01/27,71,11:38:00 AM,Tuesday,Mt. Dennis,Mechanical,24,48,s/b,1055
2015/01/27,52,11:39:00 AM,Tuesday,Brucewood & Lawrence,Investigation,15,30,e/b,1529
2015/01/27,47,11:53:00 AM,Tuesday,Caledonia rd at Leswyn Rd,Emergency Services,15,30,n,1590
2015/01/27,111,12:05:00 PM,Tuesday,East Mall/Keane,Investigation,10,20,s/b,7306
2015/01/27,39,12:07:00 PM,Tuesday,Finch & Tapscott,Investigation,6,12,`WB,1785
2015/01/27,97,12:09:00 PM,Tuesday,York Mills station,Mechanical,30,60,S,8393
2015/01/27,41,12:58:00 PM,Tuesday,York U commons,Mechanical,7,14,n,9142
2015/01/27,24,1:00:00 PM,Tuesday,VP STATION,Mechanical,10,20,N,7723
2015/01/27,54,1:05:00 PM,Tuesday,Leslie and lawrence,Mechanical,12,24,w,7443
2015/01/27,196,1:27:00 PM,Tuesday,Downsview Stn,Utilized Off Route,2,4,n,8310
2015/01/27,47,1:38:00 PM,Tuesday,Yorkdale,Investigation,18,36,n,1018
2015/01/27,74,1:45:00 PM,Tuesday,St. Clair Stn.,Mechanical,30,60,n,8148
2015/01/27,199,1:50:00 PM,Tuesday,Finch Station,Mechanical,5,9,E,1109
2015/01/27,124,1:54:00 PM,Tuesday,Lawrence Stn.,Utilized Off Route,7,14,eb,8150
2015/01/27,196,1:59:00 PM,Tuesday,Downsview Stn,Mechanical,2,4,n,8187
2015/01/27,106,2:00:00 PM,Tuesday,Downsview Stn,Mechanical,10,20,n,8214
2015/01/27,41,2:00:00 PM,Tuesday,Entire route,General Delay,15,25,b/w,
2015/01/27,45,2:06:00 PM,Tuesday,KIPLING & STEELES,Mechanical,13,26,s,8095
2015/01/27,802,2:15:00 PM,Tuesday,Garage,Utilized Off Route,1,1,n,7307
2015/01/27,112,2:16:00 PM,Tuesday,CARLINGVIEW & RENFORTH,Investigation,20,40,N,7970
2015/01/27,84,2:17:00 PM,Tuesday,Sheppard and Keele,Mechanical,9,19,W/B,1241
2015/01/27,802,2:20:00 PM,Tuesday,Garage,Utilized Off Route,1,1,n,8070
2015/01/27,102,2:29:00 PM,Tuesday,KINGSTON AND MARKHAM,Mechanical,8,16,NB,7682
2015/01/27,109,2:30:00 PM,Tuesday,109 Ranee-All Branch,General Delay,30,60,BW,
2015/01/27,59,2:34:00 PM,Tuesday,Lwarence W.Stn,Mechanical,17,34,W/b,1286
2015/01/27,116,2:35:00 PM,Tuesday,Eglinton & Midland,Mechanical,10,20,E,7651
2015/01/27,196,2:35:00 PM,Tuesday,Downsview Stn,Utilized Off Route,7,13,n,8350
2015/01/27,32,2:40:00 PM,Tuesday,Micheal Powers secondary school,Late Leaving Garage,5,10,EB,1066
2015/01/27,102,2:42:00 PM,Tuesday,KINGSTON AND MARKHAM,Utilized Off Route,7,14,NB,7743
2015/01/27,96,2:50:00 PM,Tuesday,Wilson/Dubray,Late Leaving Garage,6,7,W,7229
2015/01/27,98,2:51:00 PM,Tuesday,Goulding & Cactus,Late Leaving Garage,13,30,e,8302
2015/01/27,76,2:52:00 PM,Tuesday,Garage / Royal York and Evans,Late Leaving Garage,5,10,n,8075
2015/01/27,36,2:53:00 PM,Tuesday,Finch and Weston,Mechanical,2,7,W,9113
2015/01/27,52,2:57:00 PM,Tuesday,royal york and lawrence,Mechanical,15,30,w/b,1035
2015/01/27,96,2:59:00 PM,Tuesday,Wilson/Clayson,Mechanical,26,41,W,1313
2015/01/27,91,3:00:00 PM,Tuesday,Bermondsey and Hollinger,Investigation,24,48,NB,7732
2015/01/27,36,3:00:00 PM,Tuesday,Finch West route,General Delay,12,16,B,9104
2015/01/27,132,3:00:00 PM,Tuesday,Garage,Late Leaving Garage,0,0,WB,1752
2015/01/27,43,3:00:00 PM,Tuesday,STC Stn.,Mechanical,15,30,SB,7425
2015/01/27,108,3:04:00 PM,Tuesday,Finch And Driftwood,Late Leaving Garage,4,8,S,1514
2015/01/27,92,3:05:00 PM,Tuesday,Woodbine Station,Utilized Off Route,9,18,SB,7866
2015/01/27,46,3:06:00 PM,Tuesday,Arrow Rd. Garage,Late Leaving Garage,9,18,N/B,1396
2015/01/27,198,3:10:00 PM,Tuesday,Eglinton & Midland,General Delay,8,18,E,
2015/01/27,53,3:12:00 PM,Tuesday,Passmore & Markham,Late Leaving Garage,7,36,W,9060
2015/01/27,96,3:17:00 PM,Tuesday,Woodbine Downs,Late Leaving Garage,17,28,E,1796
2015/01/27,91,3:19:00 PM,Tuesday,Valleywoods,Late Leaving Garage,24,48,NB,7695
2015/01/27,116,3:19:00 PM,Tuesday,Morningside & Lawrence,Mechanical,5,13,N,7509
2015/01/27,35,3:20:00 PM,Tuesday,Jane and Sheppard,Late Leaving Garage,5,10,n/b,1574
2015/01/27,44,3:20:00 PM,Tuesday,COL SMITH LOOP,Mechanical,4,8,N,7965
2015/01/27,129,3:24:00 PM,Tuesday,Scar Town,Late Leaving Garage,5,9,N,9057
2015/01/27,60,3:24:00 PM,Tuesday,Finch Station,Late Leaving Garage,11,22,W,7210
2015/01/27,199,3:30:00 PM,Tuesday,Finch station,Late Leaving Garage,4,8,E,1400
2015/01/27,60,3:31:00 PM,Tuesday,Signet and Steeles Ave West,Mechanical,7,14,W,7235
2015/01/27,60,3:31:00 PM,Tuesday,Signet and Steeles Ave,Mechanical,7,14,E,7235
2015/01/27,81,3:31:00 PM,Tuesday,Pape Stn,Mechanical,8,16,N/B,7844
2015/01/27,88,3:32:00 PM,Tuesday,St. Clair Stn.,Utilized Off Route,15,30,eb,8330
2015/01/27,60,3:35:00 PM,Tuesday,Finch Stn,Late Leaving Garage,11,22,W,7249
2015/01/27,102,3:48:00 PM,Tuesday,WARDEN STN,Utilized Off Route,10,20,NB,7802
2015/01/27,106,3:52:00 PM,Tuesday,Downsview Stn,Investigation,10,20,n,9435
2015/01/27,60,3:54:00 PM,Tuesday,York U,Mechanical,7,14,E,1534
2015/01/27,88,3:58:00 PM,Tuesday,Sheppard Stn.,Mechanical,8,15,eb,8321
2015/01/27,98,4:03:00 PM,Tuesday,Sheppard Stn.,Mechanical,30,45,eb,8391
2015/01/27,195,4:04:00 PM,Tuesday,Murray Ross and Steeles,Investigation,10,20,w/b,1802
2015/01/27,24,4:14:00 PM,Tuesday,VP/CONROY,Mechanical,8,14,N,7748
2015/01/27,75,4:16:00 PM,Tuesday,Bloor and Sherbourne,Mechanical,7,14,nb,8167
2015/01/27,56,4:21:00 PM,Tuesday,Donlands Stn,Mechanical,23,46,N/B,8198
2015/01/27,198,4:30:00 PM,Tuesday,U of T Loop,Mechanical,10,20,S,7560
2015/01/27,97,4:39:00 PM,Tuesday,Hilda & Steeles- Queen's Quay,General Delay,18,48,S/N,
2015/01/27,76,4:45:00 PM,Tuesday,Royal York / New Castle,Investigation,5,10,n,8082
2015/01/27,26,4:50:00 PM,Tuesday,Anette and Clendenan,Investigation,14,28,E,7323
2015/01/27,196,4:56:00 PM,Tuesday,Downsview Stn,Utilized Off Route,2,4,n,8176
2015/01/27,65,4:57:00 PM,Tuesday,CastleFrank Station,Mechanical,10,20,SB,7803
2015/01/27,57,5:00:00 PM,Tuesday,Midland Route,General Delay,10,1,B/W,7721
2015/01/27,21,5:00:00 PM,Tuesday,Birimley Route,General Delay,9,1,B/W,
2015/01/27,191,5:03:00 PM,Tuesday,Martin grove and Royalcrest,Mechanical,5,10,N,7914
2015/01/27,10,5:10:00 PM,Tuesday,Don Mills Stn,Mechanical,10,20,e,8176
2015/01/27,86,5:10:00 PM,Tuesday,Eglinton & Midland,General Delay,8,23,E,
2015/01/27,111,5:12:00 PM,Tuesday,East Mall/Rathburn,Investigation,12,24,n/b,7317
2015/01/27,25,5:14:00 PM,Tuesday,Don Mills and Seneca Hill,Mechanical,4,8,S,7417
2015/01/27,76,5:14:00 PM,Tuesday,Royal York stn,Utilized Off Route,5,10,n,8075
2015/01/27,24,5:15:00 PM,Tuesday,VP/BISCAYNE,Mechanical,13,31,N,7739
2015/01/27,45,5:17:00 PM,Tuesday,KIPLING & STEELES,Mechanical,9,18,s,7303
2015/01/27,131,5:26:00 PM,Tuesday,Midland and Eglinton,Diversion,0,0,EB,
2015/01/27,105,5:30:00 PM,Tuesday,Dufferin and Centre St,Mechanical,12,24,n,8384
2015/01/27,60,5:32:00 PM,Tuesday,Capstan Gate and Steeles Ave West,Mechanical,7,14,W,1311
2015/01/27,165,5:36:00 PM,Tuesday,York Mills Stn,Utilized Off Route,7,20,W,7236
2015/01/27,105,5:40:00 PM,Tuesday,Major Mack and Dufferin,Mechanical,24,48,s,9423
2015/01/27,107,5:45:00 PM,Tuesday,Westburn s. of Rutherford,Emergency Services,22,44,s,9444
2015/01/27,79,5:47:00 PM,Tuesday,Runnymede and Dundas,Mechanical,12,24,N/B,1269
2015/01/27,32,6:00:00 PM,Tuesday,Eglinton and Renforth,Mechanical,5,10,EB,1047
2015/01/27,84,6:25:00 PM,Tuesday,Steeles Norfinch,Mechanical,8,30,S/B,1271
2015/01/27,35,6:25:00 PM,Tuesday,Jane and Pippin,Investigation,20,40,S/b,1417
2015/01/27,43,6:27:00 PM,Tuesday,Kennedy stn,Mechanical,9,18,NB,7425
2015/01/27,32,6:29:00 PM,Tuesday,Symark and Explorer,Mechanical,5,10,EB,1594
2015/01/27,161,6:33:00 PM,Tuesday,Rogers and Bicknell,Utilized Off Route,11,22,E/B,1549
2015/01/27,68,7:22:00 PM,Tuesday,Warden and Steeles ave,Mechanical,7,11,SB,7455
2015/01/27,196,7:30:00 PM,Tuesday,Downsview Station,Utilized Off Route,2,4,n,8328
2015/01/27,53,7:48:00 PM,Tuesday,Steeles & Middlefield,Mechanical,5,10,W,1777
2015/01/27,68,7:50:00 PM,Tuesday,Warden Station,Mechanical,10,20,NB,7431
2015/01/27,126,8:00:00 PM,Tuesday,christie stn,Mechanical,30,60,w/b,1011
2015/01/27,63,8:10:00 PM,Tuesday,Ossington stn,Utilized Off Route,6,12,s,1592
2015/01/27,32,8:15:00 PM,Tuesday,Egltinton and Islington,Mechanical,10,20,WB,1411
2015/01/27,34,8:28:00 PM,Tuesday,Eglinton Credit Union,Investigation,6,12,EB,7525
2015/01/27,196,8:45:00 PM,Tuesday,downsview station,Utilized Off Route,3,6,n,9414
2015/01/27,132,8:57:00 PM,Tuesday,STC Stn,Emergency Services,23,46,e,1752
2015/01/27,199,8:58:00 PM,Tuesday,STC Stn,Utilized Off Route,8,15,w,9102
2015/01/27,109,9:04:00 PM,Tuesday,Flemington and Bloosomfield dr.,Diversion,270,270,N,8210
2015/01/27,100,9:09:00 PM,Tuesday,Eglinton and Bayview,Investigation,1,1,EB,7579
2015/01/27,54,9:15:00 PM,Tuesday,Eglinton and Laired,Investigation,1,1,EB,7594
2015/01/27,95,9:46:00 PM,Tuesday,York Mills Stn,Mechanical,7,14,E/B,1770
2015/01/27,85,9:58:00 PM,Tuesday,Rouge Hill Go Stn,Emergency Services,15,30,W/B,1820
2015/01/27,108,10:05:00 PM,Tuesday,Driftwood & Yewtree,Diversion,6,12,S,1350
2015/01/27,36,10:30:00 PM,Tuesday,humberwood loop,Mechanical,6,12,e/b,1259
2015/01/27,54,10:35:00 PM,Tuesday,Lawrance RT station,Investigation,3,11,WB,7594
2015/01/27,36,11:28:00 PM,Tuesday,finch stn,Mechanical,10,19,w/b,1248
2015/01/27,90,11:58:00 PM,Tuesday,St.Clair West Station,Mechanical,10,20,N,8339
2015/01/28,131,12:09:00 AM,Wednesday,Morning view Trail at Old Finch,Emergency Services,13,26,S/B,1708
2015/01/28,47,12:19:00 AM,Wednesday,dupont and lansdowne,Mechanical,28,56,s/b,1620
2015/01/28,90,12:58:00 AM,Wednesday,St.clair West Station,Mechanical,10,20,n,8339
2015/01/28,39,1:25:00 AM,Wednesday,Neilson at Crow Trail,Mechanical,6,12,S/B,1725
2015/01/28,320,3:40:00 AM,Wednesday,yonge and yorkmills,Mechanical,4,8,e/b,8163
2015/01/28,17,4:31:00 AM,Wednesday,Steeles & Mountcastle gate,Late Leaving Garage,20,40,S/B,7831
2015/01/28,52,5:00:00 AM,Wednesday,Lawrence and Bathurst,Late Leaving Garage,12,51,w/b,1612
2015/01/28,116,5:11:00 AM,Wednesday,eglinton yard,Late Leaving Garage,6,12,e,7523
2015/01/28,52,5:15:00 AM,Wednesday,Lawrence and Bathurst,Late Leaving Garage,22,40,w/b,1019
2015/01/28,53,5:17:00 AM,Wednesday,Passmore and Markham,Mechanical,5,10,w,1088
2015/01/28,89,5:30:00 AM,Wednesday,Keele stn,Late Leaving Garage,12,27,n/b,1646
2015/01/28,9,5:30:00 AM,Wednesday,STC,Late Leaving Garage,15,30,N/B,7738
2015/01/28,110,5:35:00 AM,Wednesday,Kipling and Evans Rd,Late Leaving Garage,10,19,s/b,8091
2015/01/28,98,5:40:00 AM,Wednesday,Sheppard Stn,Late Leaving Garage,5,5,WB,8324
2015/01/28,87,5:43:00 AM,Wednesday,Broadview Stn,Late Leaving Garage,4,9,e/b,7871
2015/01/28,34,5:46:00 AM,Wednesday,eglinton yard,Mechanical,4,8,e,7402
2015/01/28,91,5:47:00 AM,Wednesday,Woodbine Station,Late Leaving Garage,23,46,N/B,7693
2015/01/28,61,5:50:00 AM,Wednesday,Wilson Yard,Late Leaving Garage,6,16,NB,8327
2015/01/28,25,5:52:00 AM,Wednesday,Pape Station,Mechanical,4,8,NB,7672
2015/01/28,116,5:54:00 AM,Wednesday,morningside and nightstar,Utilized Off Route,6,12,w,7547
2015/01/28,37,5:55:00 AM,Wednesday,Arrow Rd. Garage,Late Leaving Garage,4,11,S/B,1311
2015/01/28,7,5:57:00 AM,Wednesday,Bathurst and Wilson,Late Leaving Garage,9,17,SB,9029
2015/01/28,116,6:07:00 AM,Wednesday,eglinton yard,Mechanical,22,44,e,7539
2015/01/28,124,6:10:00 AM,Wednesday,Lawrence Station,Mechanical,12,24,e,8152
2015/01/28,54,6:15:00 AM,Wednesday,Lawrence Scarbough Golf Club rd,Mechanical,9,18,eb,7559
2015/01/28,39,6:16:00 AM,Wednesday,39 Finch east route,General Delay,28,43,58860,1768
2015/01/28,165,6:16:00 AM,Wednesday,sheppard at weston,Late Leaving Garage,10,15,n,1222
2015/01/28,39,6:18:00 AM,Wednesday,Finch station,Late Leaving Garage,4,7,EB,1372
2015/01/28,96,6:20:00 AM,Wednesday,yorkmills stn,Late Leaving Garage,29,58,w,7241
2015/01/28,96,6:20:00 AM,Wednesday,albion at weston,Mechanical,5,10,e,7207
2015/01/28,32,6:21:00 AM,Wednesday,Wright and Jane,Late Leaving Garage,5,10,e/b,1016
2015/01/28,41,6:22:00 AM,Wednesday,Keele Station,Mechanical,18,36,n/b,1644
2015/01/28,90,6:24:00 AM,Wednesday,St Clair W Stn,Mechanical,4,8,NB,8383
2015/01/28,25,6:25:00 AM,Wednesday,Pape Station,Mechanical,3,6,NB,7534
2015/01/28,191,6:28:00 AM,Wednesday,Royalcrest,Late Leaving Garage,6,12,n,7929
2015/01/28,11,6:28:00 AM,Wednesday,Davisville Station,Mechanical,12,30,nb,8141
2015/01/28,17,6:28:00 AM,Wednesday,Birchmount route,Diversion,180,188,B/W,
2015/01/28,106,6:31:00 AM,Wednesday,Downsview STN,Mechanical,7,14,WB,9421
2015/01/28,39,6:32:00 AM,Wednesday,Seneca College,Late Leaving Garage,8,15,WB,1290
2015/01/28,190,6:34:00 AM,Wednesday,Scarborough Town Centre,Late Leaving Garage,7,16,W,1130
2015/01/28,36,6:34:00 AM,Wednesday,HumberwoodLoop,Late Leaving Garage,4,8,e,9108
2015/01/28,44,6:34:00 AM,Wednesday,Kipling Station,Mechanical,7,14,s/b,8061
2015/01/28,36,6:35:00 AM,Wednesday,Arrow Rd,Mechanical,5,10,E,9117
2015/01/28,88,6:36:00 AM,Wednesday,St Clair Stn,Late Leaving Garage,6,11,EB,8178
2015/01/28,196,6:39:00 AM,Wednesday,Wilson Yard,Late Leaving Garage,4,8,NB,8369
2015/01/28,107,6:40:00 AM,Wednesday,Wilson Yard,Late Leaving Garage,3,1,NB,8340
2015/01/28,45,6:41:00 AM,Wednesday,Steeles and Kipling Loop,Mechanical,5,11,s/b,7978
2015/01/28,117,6:42:00 AM,Wednesday,Wilson Yard,Late Leaving Garage,10,20,NB,9446
2015/01/28,95,6:45:00 AM,Wednesday,Ellesmere and Markham,Mechanical,7,14,W,1146
2015/01/28,85,6:46:00 AM,Wednesday,Don Mills station,Late Leaving Garage,11,21,E,9102
2015/01/28,90,6:51:00 AM,Wednesday,oakwood and Vaughan,Utilized Off Route,6,10,SB,8167
2015/01/28,60,6:52:00 AM,Wednesday,FSTN,Mechanical,2,9,W,1574
2015/01/28,199,6:53:00 AM,Wednesday,Scarborough Town Centre,Late Leaving Garage,2,5,WB,1712
2015/01/28,196,6:54:00 AM,Wednesday,Wilson Yard,Late Leaving Garage,9,14,NB,8364
2015/01/28,142,7:00:00 AM,Wednesday,Bombay Loop,Late Leaving Garage,30,40,SB,8356
2015/01/28,104,7:00:00 AM,Wednesday,Dufferin & Steeprock,Mechanical,13,26,NB,8311
2015/01/28,68,7:00:00 AM,Wednesday,Huntingwood to Lawrence,General Delay,10,15,SB,
2015/01/28,61,7:02:00 AM,Wednesday,Bombay Loop,Utilized Off Route,10,20,SB,8168
2015/01/28,36,7:05:00 AM,Wednesday,Finch stn,Late Leaving Garage,15,30,e,9119
2015/01/28,199,7:06:00 AM,Wednesday,Scarborough Town Cent re,Late Leaving Garage,3,6,WB,1766
2015/01/28,110,7:07:00 AM,Wednesday,LONG BRANCH LOOP,Mechanical,12,24,nb,7320
2015/01/28,6,7:08:00 AM,Wednesday,Bedford,Mechanical,8,16,s,1269
2015/01/28,109,7:08:00 AM,Wednesday,Lawrence West Stn,Mechanical,17,34,SB,8148
2015/01/28,196,7:11:00 AM,Wednesday,Wilson Yard,Late Leaving Garage,10,15,NB,7402
2015/01/28,191,7:12:00 AM,Wednesday,Kipling Stn,Mechanical,6,12,N,7929
2015/01/28,196,7:13:00 AM,Wednesday,Wilson Yard,Late Leaving Garage,2,4,NB,8197
2015/01/28,6,7:15:00 AM,Wednesday,Bedford,Mechanical,8,16,s,1050
2015/01/28,81,7:20:00 AM,Wednesday,Pape Stn.,Utilized Off Route,5,10,n,7690
2015/01/28,95,7:30:00 AM,Wednesday,Ellesmere Rd and Birchmount Rd,Mechanical,9,18,EB,1088
2015/01/28,39,7:30:00 AM,Wednesday,Finch station to Neilson & Crow Trail,General Delay,8,11,B/W,1290
2015/01/28,195,7:33:00 AM,Wednesday,Jane and Steeles,Late Leaving Garage,10,20,S,1395
2015/01/28,95,7:33:00 AM,Wednesday,Ellesmere Rd and Military Rd,Mechanical,9,18,EB,1088
2015/01/28,196,7:42:00 AM,Wednesday,Downsview STN,Mechanical,2,4,NB,8316
2015/01/28,36,7:50:00 AM,Wednesday,Finch Stn,Mechanical,14,28,W,9113
2015/01/28,86,7:50:00 AM,Wednesday,Sheppard Loop,Mechanical,4,8,w,7483
2015/01/28,11,7:58:00 AM,Wednesday,Davisville Station,Utilized Off Route,12,24,EB,8151
2015/01/28,36,7:59:00 AM,Wednesday,Humberwood Loop,Mechanical,4,8,E,9129
2015/01/28,5,8:00:00 AM,Wednesday,Eglinton Staion to St.Clair,General Delay,20,36,SB,
2015/01/28,7,8:00:00 AM,Wednesday,Bathurst Stn to Village Gate,General Delay,15,24,BWS,9016
2015/01/28,52,8:07:00 AM,Wednesday,Islington & Dixon,Investigation,12,18,w/b,1201
2015/01/28,414,8:08:00 AM,Wednesday,Redpath and Eglinton,Late Leaving Garage,30,55,s/b,1026
2015/01/28,85,8:08:00 AM,Wednesday,Rouge Hill GO,Mechanical,10,21,W,9067
2015/01/28,191,8:14:00 AM,Wednesday,Dundas,Investigation,6,12,N,7911
2015/01/28,108,8:16:00 AM,Wednesday,Downsview Stn,Mechanical,9,18,W,1212
2015/01/28,32,8:19:00 AM,Wednesday,Eglinton station,Utilized Off Route,5,10,w/b,1506
2015/01/28,196,8:30:00 AM,Wednesday,Downsview STN,Mechanical,2,4,NB,9448
2015/01/28,199,8:30:00 AM,Wednesday,Finch & Adirondack,Mechanical,3,6,EB,1090
2015/01/28,32,8:35:00 AM,Wednesday,Eglinton West station,Mechanical,5,10,W/b,1571
2015/01/28,34,9:01:00 AM,Wednesday,Kennedy Station,Mechanical,4,8,WB,7467
2015/01/28,98,9:02:00 AM,Wednesday,Sheppard Station,Emergency Services,30,46,nb,8185
2015/01/28,196,9:03:00 AM,Wednesday,Downsview STN,Mechanical,2,4,NB,9445
2015/01/28,16,9:43:00 AM,Wednesday,Warden stn,Mechanical,10,20,N/B,7837
2015/01/28,60,9:45:00 AM,Wednesday,Commoms,Mechanical,7,14,E,1574
2015/01/28,39,10:15:00 AM,Wednesday,Neilson & Crow Trail,Mechanical,7,13,WB,1100
2015/01/28,36,10:20:00 AM,Wednesday,Dufferin,Mechanical,5,10,E,9123
2015/01/28,110,10:22:00 AM,Wednesday,ISLINGTON AND QUEENSWAY,Mechanical,18,36,NB,8091
2015/01/28,9,10:38:00 AM,Wednesday,Warden stn,Mechanical,21,42,N/B,7803
2015/01/28,60,10:50:00 AM,Wednesday,Torresdale,Mechanical,7,14,E,1399
2015/01/28,196,11:00:00 AM,Wednesday,York U,Mechanical,2,4,s,8148
2015/01/28,196,11:21:00 AM,Wednesday,Downsview Stn,Mechanical,2,4,s,9417
2015/01/28,199,11:29:00 AM,Wednesday,Finch & Pharmacy,Mechanical,5,9,EB,1718
2015/01/28,37,11:35:00 AM,Wednesday,Queens Plate at 27,Mechanical,18,36,W,1311
2015/01/28,25,11:46:00 AM,Wednesday,Greenbelt and Don Mills road,Investigation,4,8,NB,7450
2015/01/28,165,11:54:00 AM,Wednesday,weston at century place,Mechanical,34,59,n,7234
2015/01/28,196,12:01:00 PM,Wednesday,Downsview Stn,Utilized Off Route,2,4,s,9446
2015/01/28,196,12:05:00 PM,Wednesday,Downsview Stn,Mechanical,2,4,n,9420
2015/01/28,191,12:10:00 PM,Wednesday,Dundas,Investigation,12,24,N,7911
2015/01/28,60,12:10:00 PM,Wednesday,Steeles and Founders,Mechanical,7,14,E,1241
2015/01/28,11,12:14:00 PM,Wednesday,Davisville Station,Utilized Off Route,11,21,NB,8323
2015/01/28,94,12:17:00 PM,Wednesday,Queens park circle west & Wellesley,Diversion,33,43,E,
2015/01/28,11,12:35:00 PM,Wednesday,Bayview/Parkhurst Blvd,Mechanical,11,22,n/b,8162
2015/01/28,124,12:39:00 PM,Wednesday,Lawrence station,Mechanical,8,16,E,8120
2015/01/28,105,12:50:00 PM,Wednesday,Downsview Stn,Mechanical,2,4,n,9409
2015/01/28,54,12:53:00 PM,Wednesday,Lawrence and Fortune Gate,Investigation,12,24,w,7456
2015/01/28,32,12:53:00 PM,Wednesday,Eglinton and Spadina,Investigation,13,26,EB,1025
2015/01/28,60,12:57:00 PM,Wednesday,Entire 60 Steeles Ave West Route,General Delay,8,16,B/W,
2015/01/28,102,1:09:00 PM,Wednesday,Warden stn,Utilized Off Route,15,30,N/B,7721
2015/01/28,102,1:23:00 PM,Wednesday,Warden Station,Utilized Off Route,15,30,N,7680
2015/01/28,196,1:25:00 PM,Wednesday,Downsview Stn,Mechanical,2,4,w,9414
2015/01/28,95,1:47:00 PM,Wednesday,York Mills & Valentine,Mechanical,8,15,W,1136
2015/01/28,34,1:54:00 PM,Wednesday,Kennedy STN,Investigation,8,16,WB,7597
2015/01/28,134,2:00:00 PM,Wednesday,STC,Mechanical,20,40,E,1067
2015/01/28,67,2:00:00 PM,Wednesday,67 Pharmacy Route,General Delay,15,25,,
2015/01/28,29,2:00:00 PM,Wednesday,Dufferin route.,General Delay,30,20,BW,
2015/01/28,71,2:03:00 PM,Wednesday,Gunns loop,Mechanical,24,48,WB,1586
2015/01/28,165,2:17:00 PM,Wednesday,Weston/Finch,Late Leaving Garage,0,0,W,7201
2015/01/28,134,2:20:00 PM,Wednesday,Centennial College,Utilized Off Route,7,13,W,1079
2015/01/28,224,2:22:00 PM,Wednesday,Don Mills STN,Mechanical,30,60,NB,7412
2015/01/28,139,2:24:00 PM,Wednesday,Baldoon Rd & Finch Av,Late Leaving Garage,20,40,WB,1279
2015/01/28,25,2:25:00 PM,Wednesday,Don Mills and Steeles,Utilized Off Route,6,12,SB,7439
2015/01/28,41,2:30:00 PM,Wednesday,Entire route,General Delay,18,8,b/w,
2015/01/28,107,2:31:00 PM,Wednesday,Downsview Stn,Mechanical,2,4,w,8135
2015/01/28,25,2:33:00 PM,Wednesday,Don Mills Stn,Mechanical,6,12,S,7404
2015/01/28,172,2:38:00 PM,Wednesday,Commissioner and Carlaw,Mechanical,8,16,W,7800
2015/01/28,46,2:40:00 PM,Wednesday,Waterbury Drive on Martin Grove,Mechanical,9,18,S,1385
2015/01/28,48,2:40:00 PM,Wednesday,Michael Power School,Mechanical,7,12,E,8070
2015/01/28,52,2:41:00 PM,Wednesday,Lawrence Stn,Investigation,10,16,W/B,1537
2015/01/28,52,2:44:00 PM,Wednesday,Lawrence Stn,Utilized Off Route,11,21,W/B,1287
2015/01/28,199,2:47:00 PM,Wednesday,finch Station,Mechanical,5,10,EB,1795
2015/01/28,54,2:49:00 PM,Wednesday,LAIRD AND EGLINTON,Mechanical,12,24,w,7510
2015/01/28,199,2:52:00 PM,Wednesday,Finch Av & Kennedy Av,Investigation,4,8,EB,1077
2015/01/28,35,2:54:00 PM,Wednesday,Nelson and Boylen circle,Late Leaving Garage,5,10,S/b,1243
2015/01/28,52,2:58:00 PM,Wednesday,Lawrence Stn,Investigation,5,16,W/B,1408
2015/01/28,52,3:00:00 PM,Wednesday,Lawrence and Elm,Utilized Off Route,11,22,W/B,1501
2015/01/28,52,3:00:00 PM,Wednesday,Entire Route,General Delay,10,15,B/W,
2015/01/28,29,3:00:00 PM,Wednesday,Wilson station,Mechanical,5,10,S,9448
2015/01/28,165,3:01:00 PM,Wednesday,York Mills Stn,Utilized Off Route,14,21,W,7229
2015/01/28,195,3:03:00 PM,Wednesday,York U.Commons,Late Leaving Garage,10,20,S/b,1236
2015/01/28,45,3:04:00 PM,Wednesday,KIPLING & MATTICE,Mechanical,13,16,N,7952
2015/01/28,15,3:05:00 PM,Wednesday,Royal York Station,Mechanical,12,21,W,8070
2015/01/28,76,3:05:00 PM,Wednesday,Royal York Station,Utilized Off Route,5,10,S,7341
2015/01/28,16,3:05:00 PM,Wednesday,Royal York stn,Utilized Off Route,5,10,s,7341
2015/01/28,199,3:07:00 PM,Wednesday,Finch & Kennedy Av,Diversion,5,10,EB,
2015/01/28,139,3:07:00 PM,Wednesday,Finch & Kennedy Ave,Diversion,20,40,EB,
2015/01/28,39,3:07:00 PM,Wednesday,Finch & Kennedy,Diversion,6,12,EB,
2015/01/28,165,3:08:00 PM,Wednesday,York Mills Stn,Late Leaving Garage,0,0,W,1326
2015/01/28,106,3:09:00 PM,Wednesday,Downsview Stn,Mechanical,8,17,w,9438
2015/01/28,771,3:16:00 PM,Wednesday,Sentinel and Finch,Late Leaving Garage,25,0,s,9418
2015/01/28,191,3:16:00 PM,Wednesday,Royalcrest and HWY 27,Mechanical,4,9,S,7925
2015/01/28,63,3:19:00 PM,Wednesday,East liberty,Late Leaving Garage,10,20,n,1262
2015/01/28,191,3:19:00 PM,Wednesday,Martin grove and Royalcrest,Late Leaving Garage,4,7,N,1339
2015/01/28,39,3:20:00 PM,Wednesday,Seneca College,Late Leaving Garage,10,20,WB,1080
2015/01/28,51,3:20:00 PM,Wednesday,Wilson garage,Late Leaving Garage,15,30,s/b,8380
2015/01/28,37,3:20:00 PM,Wednesday,Rexdale Blvd. and Martin Grove Road,General Delay,15,34,N,
2015/01/28,191,3:27:00 PM,Wednesday,Martin grove & Royalcrest,Mechanical,4,9,N,1789
2015/01/28,24,3:30:00 PM,Wednesday,VP STATION,Mechanical,7,14,N,7857
2015/01/28,25,3:33:00 PM,Wednesday,Pape Stn,Mechanical,3,7,N,7434
2015/01/28,72,3:34:00 PM,Wednesday,PAPE STATION,Mechanical,8,16,W,7738
2015/01/28,131,3:54:00 PM,Wednesday,Mclevin and Sweels,Mechanical,9,18,WB,1281
2015/01/28,60,3:54:00 PM,Wednesday,Signal Hill and Steeles,Mechanical,7,14,E,1214
2015/01/28,37,3:55:00 PM,Wednesday,Steeles and Islington,Late Leaving Garage,10,20,S,7207
2015/01/28,36,3:57:00 PM,Wednesday,Finch station  36D,Late Leaving Garage,13,25,W,1806
2015/01/28,45,4:00:00 PM,Wednesday,KIPLING & DIXON,Mechanical,6,12,N,8061
2015/01/28,32,4:09:00 PM,Wednesday,Emmitt and Jane,Utilized Off Route,5,10,EB,1645
2015/01/28,38,4:14:00 PM,Wednesday,Ellesmere and Neilson,Mechanical,11,23,E,1821
2015/01/28,167,4:16:00 PM,Wednesday,Dundas W Stn,Mechanical,7,13,n,7316
2015/01/28,34,4:17:00 PM,Wednesday,Sloane and Eglinton,Mechanical,4,8,WB,7431
2015/01/28,100,4:24:00 PM,Wednesday,"Don 
Don Mills and Eglinton",Mechanical,21,39,N,7445
2015/01/28,17,4:29:00 PM,Wednesday,Warden Station,Mechanical,8,16,N,7757
2015/01/28,89,4:38:00 PM,Wednesday,Ray and weston,Mechanical,8,16,s,1026
2015/01/28,10,4:40:00 PM,Wednesday,Don Mills Stn,Late Leaving Garage,10,20,s,9404
2015/01/28,48,4:40:00 PM,Wednesday,Westmall and Rathburn,Mechanical,5,10,s,8070
2015/01/28,45,4:45:00 PM,Wednesday,KIPLING & WESTHUMBER,Mechanical,7,14,s,8061
2015/01/28,87,4:54:00 PM,Wednesday,Main Station,Mechanical,6,12,WB,8112
2015/01/28,106,4:59:00 PM,Wednesday,Downsview Stn,Mechanical,9,19,s,9413
2015/01/28,32,5:00:00 PM,Wednesday,Egliont and Weston,Mechanical,5,10,EB,1021
2015/01/28,6,5:00:00 PM,Wednesday,Entire Route,General Delay,8,16,b/w,
2015/01/28,17,5:01:00 PM,Wednesday,Warden Station,Mechanical,8,16,N,7831
2015/01/28,60,5:06:00 PM,Wednesday,Martin Grove and Steeles Loop,Mechanical,7,14,W,1302
2015/01/28,29,5:12:00 PM,Wednesday,Wingold,Emergency Services,8,16,W,9018
2015/01/28,53,5:30:00 PM,Wednesday,Finch Stn to Staines,General Delay,10,16,E,
2015/01/28,60,5:38:00 PM,Wednesday,On Steeles Ave West at Cactus to Hilda,Diversion,32,46,E,1222
2015/01/28,57,5:40:00 PM,Wednesday,MIDLAND AND KILCULLEN CASTLE GATE,Diversion,9,240,B/W,7834
2015/01/28,5,5:44:00 PM,Wednesday,Eglinton Stn,Mechanical,16,32,n/b,8326
2015/01/28,85,5:50:00 PM,Wednesday,Don Mills Stn to Rouge Hill Go,General Delay,10,16,E/W,
2015/01/28,86,6:00:00 PM,Wednesday,Kinsgton & Lawrence,General Delay,8,22,E,
2015/01/28,198,6:00:00 PM,Wednesday,Kingston & Lawrence,General Delay,8,18,E,
2015/01/28,126,6:00:00 PM,Wednesday,Entire Route,General Delay,15,30,B/W,
2015/01/28,61,6:02:00 PM,Wednesday,Eglinton Stn,Utilized Off Route,11,22,s/b,8346
2015/01/28,54,6:05:00 PM,Wednesday,SRT,Utilized Off Route,10,20,w,7577
2015/01/28,70,6:05:00 PM,Wednesday,O'Connor and Woodbine,Investigation,17,34,sw,7603
2015/01/28,21,6:06:00 PM,Wednesday,SHEPPARD AND BRIMLEY,Diversion,12,80,B/W,7852
2015/01/28,191,6:11:00 PM,Wednesday,Royalcrest and HWY 27,Mechanical,5,9,S,7903
2015/01/28,6,6:30:00 PM,Wednesday,Yonge /Davenport,Mechanical,5,10,s,1035
2015/01/28,35,6:31:00 PM,Wednesday,Jane stn,Investigation,5,10,n/b,1268
2015/01/28,196,6:34:00 PM,Wednesday,Downsview Station,Mechanical,2,4,n,9423
2015/01/28,52,6:41:00 PM,Wednesday,Lawrence and Jane,Investigation,11,17,E/B,1019
2015/01/28,41,6:51:00 PM,Wednesday,Keele station,Mechanical,9,18,s/b,9139
2015/01/28,29,6:51:00 PM,Wednesday,College,Emergency Services,5,10,N,9047
2015/01/28,7,6:51:00 PM,Wednesday,Bathurst and Fisherville,Mechanical,8,16,sb,9028
2015/01/28,32,7:06:00 PM,Wednesday,Eglinton and Royal york,Mechanical,9,18,WB,1529
2015/01/28,106,7:14:00 PM,Wednesday,The Commons,Mechanical,10,20,s,9401
2015/01/28,86,7:19:00 PM,Wednesday,Kingston & Beechgrove,Mechanical,10,20,E,7519
2015/01/28,102,7:30:00 PM,Wednesday,Markham Rd/Brimorton,Investigation,9,18,s,7805
2015/01/28,190,7:34:00 PM,Wednesday,Sheppard @ Pharmacy,Diversion,36,44,W,1078
2015/01/28,85,7:37:00 PM,Wednesday,Sheppard @ Pharmacy,Diversion,25,32,W,9073
2015/01/28,36,7:37:00 PM,Wednesday,Finch and Driftwood,Mechanical,4,12,W,1263
2015/01/28,87,7:41:00 PM,Wednesday,Main Stn,Utilized Off Route,13,26,w,7835
2015/01/28,25,7:53:00 PM,Wednesday,Pape Stn,Utilized Off Route,1,1,S,7463
2015/01/28,102,7:55:00 PM,Wednesday,Warden Stn,Utilized Off Route,18,36,n,7709
2015/01/28,22,7:57:00 PM,Wednesday,Coxwell/Lower Gerrard,Diversion,10,52,7765,7765
2015/01/28,199,8:06:00 PM,Wednesday,STC,Mechanical,8,15,W,9096
2015/01/28,709,8:14:00 PM,Wednesday,eglinton stn,Utilized Off Route,1,1,w/b,1543
2015/01/28,52,8:19:00 PM,Wednesday,Dixon and Carlingview,Investigation,15,30,E/B,1029
2015/01/28,116,8:20:00 PM,Wednesday,Morningside & Ellsmere,Mechanical,10,20,S,7445
2015/01/28,709,8:30:00 PM,Wednesday,eglinton stn,Utilized Off Route,1,1,w/b,1636
2015/01/28,37,8:34:00 PM,Wednesday,On Rexdale Blvd. at Queen's Plate Drive,Mechanical,23,46,S,1277
2015/01/28,165,9:05:00 PM,Wednesday,Steeles/Barmac Dr.,Mechanical,19,29,S,1313
2015/01/28,43,9:06:00 PM,Wednesday,Kennedy and Bonis Ave,Mechanical,15,30,SB,7467
2015/01/28,192,9:15:00 PM,Wednesday,Kipling Station,Mechanical,9,18,N/B,8098
2015/01/28,95,9:16:00 PM,Wednesday,Ellesmere at Neilson,Mechanical,6,14,E/B,1725
2015/01/28,46,9:30:00 PM,Wednesday,Kipling Station,Mechanical,20,40,N,1683
2015/01/28,196,9:30:00 PM,Wednesday,Downsview Staiton,Mechanical,3,6,s,8120
2015/01/28,123,9:59:00 PM,Wednesday,Kipling Station,Investigation,25,52,n/b,8082
2015/01/28,39,10:00:00 PM,Wednesday,Finch and Dudley,Mechanical,8,16,e,1081
2015/01/28,165,10:10:00 PM,Wednesday,Weston & Jubilee,Investigation,11,21,S,1295
2015/01/28,45,10:15:00 PM,Wednesday,Kilping,Utilized Off Route,10,20,n,7339
2015/01/28,45,10:20:00 PM,Wednesday,Kipling Stn,Investigation,12,24,n/b,8086
2015/01/28,16,10:23:00 PM,Wednesday,Birchmount/St.Clair,Investigation,11,22,w,7880
2015/01/29,54,12:16:00 AM,Thursday,Lawrence and Pharmacy,Emergency Services,20,40,e/b,7424
2015/01/29,25,12:46:00 AM,Thursday,Pape Stn.,Investigation,13,26,s/b,7628
2015/01/29,38,12:50:00 AM,Thursday,College to Rouge Hill,General Delay,13,23,B/W,
2015/01/29,35,1:14:00 AM,Thursday,Jane Station,Investigation,8,16,N,1375
2015/01/29,54,1:18:00 AM,Thursday,Lawrence and Pharmacy,Emergency Services,6,12,w/b,7424
2015/01/29,133,1:28:00 AM,Thursday,STC,Mechanical,17,31,E/N,1721
2015/01/29,54,1:28:00 AM,Thursday,Kennedy and Lawrence,Mechanical,4,8,w/b,7613
2015/01/29,320,1:40:00 AM,Thursday,Yonge & College,Diversion,3,6,S,7575
2015/01/29,300,3:34:00 AM,Thursday,Bloor at Keel,Mechanical,10,20,W/B,8075
2015/01/29,300,3:38:00 AM,Thursday,Warden at Danforth,Emergency Services,10,20,W/B,1599
2015/01/29,73,4:34:00 AM,Thursday,Clairville & Albion,Mechanical,1,1,S,8014
2015/01/29,87,4:52:00 AM,Thursday,Broadview stn,Utilized Off Route,6,11,N,7857
2015/01/29,35,5:35:00 AM,Thursday,Jane Stn,Late Leaving Garage,10,20,N,7929
2015/01/29,63,5:36:00 AM,Thursday,Eglinton west station,Late Leaving Garage,15,28,s/b,1250
2015/01/29,53,5:41:00 AM,Thursday,Passmore and Markham,Mechanical,5,10,w,1328
2015/01/29,34,5:43:00 AM,Thursday,eglinton yard,Mechanical,8,16,e,7590
2015/01/29,54,5:46:00 AM,Thursday,Eglinton yard,Mechanical,1,1,ob,7566
2015/01/29,7,5:48:00 AM,Thursday,Bathurst and Wilson,Late Leaving Garage,17,28,SB,9048
2015/01/29,32,5:52:00 AM,Thursday,Eglinton and Keele,Late Leaving Garage,4,10,e/b,1628
2015/01/29,116,5:53:00 AM,Thursday,Eglinton yard,Mechanical,17,0,e,7463
2015/01/29,34,5:53:00 AM,Thursday,Eglinton Garage,Late Leaving Garage,1,1,EB,7463
2015/01/29,86,5:58:00 AM,Thursday,eglinton yard,Mechanical,17,34,e,7488
2015/01/29,109,6:00:00 AM,Thursday,Lawrence West Stn,Late Leaving Garage,10,10,SB,8340
2015/01/29,36,6:10:00 AM,Thursday,Humberwood Loop,Mechanical,10,20,W,9117
2015/01/29,97,6:10:00 AM,Thursday,Davisville Station,Investigation,30,60,n,8346
2015/01/29,122,6:15:00 AM,Thursday,Yorkmills stn,Late Leaving Garage,8,16,e/b,8135
2015/01/29,52,6:17:00 AM,Thursday,Lawrence stn,Late Leaving Garage,18,36,w/b,1522
2015/01/29,59,6:19:00 AM,Thursday,Lawrence West Stn.,Late Leaving Garage,12,24,W,1213
2015/01/29,85,6:19:00 AM,Thursday,Don Mills station,Late Leaving Garage,3,9,E,9098
2015/01/29,165,6:20:00 AM,Thursday,yorkmills stn,Late Leaving Garage,5,10,w,1367
2015/01/29,145,6:20:00 AM,Thursday,Garage / Lakeshore and Kipling,Late Leaving Garage,30,60,e,7346
2015/01/29,25,6:21:00 AM,Thursday,Don Mills Eglinton,Investigation,3,6,NB,7577
2015/01/29,89,6:22:00 AM,Thursday,Keel Station,Mechanical,5,10,N/B,1200
2015/01/29,60,6:23:00 AM,Thursday,FSTN,Late Leaving Garage,7,14,W,1210
2015/01/29,32,6:24:00 AM,Thursday,Keele and Eglinton,Late Leaving Garage,4,8,e/b,1537
2015/01/29,41,6:24:00 AM,Thursday,Keel Station,Late Leaving Garage,9,18,N/B,9142
2015/01/29,43,6:25:00 AM,Thursday,Kennedy Station,Mechanical,10,20,NB,7653
2015/01/29,134,6:27:00 AM,Thursday,Tapscott just n. of Newgale Gate(C.P. Rail Crossing),Diversion,20,40,b/w,1786
2015/01/29,86,6:27:00 AM,Thursday,kennedy station,Utilized Off Route,17,34,e,7670
2015/01/29,96,6:30:00 AM,Thursday,yorkmills stn to humberline,General Delay,10,15,bw,
2015/01/29,165,6:30:00 AM,Thursday,Yorkmills stn to steeles,General Delay,17,34,bw,
2015/01/29,29,6:31:00 AM,Thursday,Wilson stn,Late Leaving Garage,7,14,s/b,9020
2015/01/29,190,6:34:00 AM,Thursday,Scarborough Town Centre,Late Leaving Garage,7,16,W,1076
2015/01/29,191,6:35:00 AM,Thursday,Kipling Stn,Late Leaving Garage,6,12,N,7903
2015/01/29,43,6:35:00 AM,Thursday,Kennedy Station,Utilized Off Route,10,20,NB,7654
2015/01/29,86,6:35:00 AM,Thursday,eglinton yard,Mechanical,17,34,e,7507
2015/01/29,79,6:35:00 AM,Thursday,Pine & Lawrence,Mechanical,9,18,s/b,1272
2015/01/29,86,6:35:00 AM,Thursday,eglinton yard,Mechanical,17,34,e,7406
2015/01/29,46,6:37:00 AM,Thursday,SLMP,Mechanical,15,30,N,1385
2015/01/29,60,6:38:00 AM,Thursday,COMMOMS,Late Leaving Garage,7,14,E,1561
2015/01/29,17,6:38:00 AM,Thursday,Warden Station,Mechanical,13,26,S,7761
2015/01/29,60,6:40:00 AM,Thursday,FSTN,Late Leaving Garage,7,14,W,1348
2015/01/29,60,6:43:00 AM,Thursday,FSTN,Late Leaving Garage,7,14,W,9134
2015/01/29,161,6:45:00 AM,Thursday,Jane St at Alliance,Mechanical,10,20,E/B,1036
2015/01/29,196,6:47:00 AM,Thursday,Wilson Garage,Late Leaving Garage,4,6,,9412
2015/01/29,85,6:51:00 AM,Thursday,Don Mills station,Utilized Off Route,6,11,E,9057
2015/01/29,36,6:52:00 AM,Thursday,Milvan,Mechanical,4,8,E,1385
2015/01/29,85,6:55:00 AM,Thursday,Don Mills station,Mechanical,15,30,W,1825
2015/01/29,125,7:04:00 AM,Thursday,Finch Station,Mechanical,7,15,wb,8381
2015/01/29,199,7:07:00 AM,Thursday,Scarborough Town Centre,Utilized Off Route,3,6,WB,1352
2015/01/29,199,7:08:00 AM,Thursday,Finch & Gordon Baker,Utilized Off Route,3,6,WB,1760
2015/01/29,60,7:08:00 AM,Thursday,Arrow,Utilized Off Route,7,14,N,1208
2015/01/29,29,7:10:00 AM,Thursday,Dufferin at Tycos,Utilized Off Route,4,8,s/b,9002
2015/01/29,96,7:10:00 AM,Thursday,albion at weston,Mechanical,5,10,e,7224
2015/01/29,96,7:11:00 AM,Thursday,woodbine downs,Late Leaving Garage,17,34,e,7230
2015/01/29,37,7:12:00 AM,Thursday,ISTN,Utilized Off Route,8,16,N,7951
2015/01/29,25,7:12:00 AM,Thursday,Warden and St. Clair,Utilized Off Route,3,6,WB,7582
2015/01/29,709,7:12:00 AM,Thursday,Eglinton and keele,Utilized Off Route,5,10,E/B,1063
2015/01/29,41,7:13:00 AM,Thursday,Keel Station,Utilized Off Route,9,18,N/B,9148
2015/01/29,47,7:14:00 AM,Thursday,Lansdowne and Bloor,Utilized Off Route,5,9,s,1651
2015/01/29,79,7:15:00 AM,Thursday,Runnymede stn,Utilized Off Route,9,18,n/b,1287
2015/01/29,97,7:15:00 AM,Thursday,Davisville Station,Utilized Off Route,30,60,nb,8346
2015/01/29,90,7:15:00 AM,Thursday,Oakwood and Vaughan,Utilized Off Route,4,8,SB,8128
2015/01/29,100,7:15:00 AM,Thursday,Broadview Station,Utilized Off Route,4,8,NB,7511
2015/01/29,89,7:16:00 AM,Thursday,Keel Station,Utilized Off Route,5,10,N/B,1645
2015/01/29,191,7:17:00 AM,Thursday,Kipling Stn,Utilized Off Route,6,12,n,7953
2015/01/29,102,7:17:00 AM,Thursday,Warden Station,Utilized Off Route,10,20,S,7726
2015/01/29,53,7:17:00 AM,Thursday,Finch Station,Utilized Off Route,12,24,e,9061
2015/01/29,39,7:19:00 AM,Thursday,Finch station,Mechanical,8,15,EB,1762
2015/01/29,35,7:20:00 AM,Thursday,Jane Stn.,Utilized Off Route,10,20,N,1358
2015/01/29,81,7:20:00 AM,Thursday,Pape Stn.,Utilized Off Route,5,10,n,7779
2015/01/29,45,7:21:00 AM,Thursday,Steeles and Kipling Loop,Mechanical,6,12,s/b,8099
2015/01/29,70,7:21:00 AM,Thursday,Coxwell stn,Utilized Off Route,17,34,eb,7472
2015/01/29,34,7:21:00 AM,Thursday,Eglinton Station,Utilized Off Route,4,8,NB,7584
2015/01/29,54,7:21:00 AM,Thursday,Eglinton stn,Utilized Off Route,6,12,eb,7481
2015/01/29,54,7:22:00 AM,Thursday,Star Spray Loop,Mechanical,4,8,wb,7483
2015/01/29,87,7:23:00 AM,Thursday,Broadview Stn.,Utilized Off Route,9,18,e,7879
2015/01/29,85,7:23:00 AM,Thursday,Don Mills station,Utilized Off Route,6,11,E,9080
2015/01/29,102,7:25:00 AM,Thursday,Warden Stn.,Utilized Off Route,10,20,n,7726
2015/01/29,195,7:26:00 AM,Thursday,Jane Stn.,Utilized Off Route,10,20,N,1410
2015/01/29,100,7:27:00 AM,Thursday,Don Mills Eglinton,Utilized Off Route,5,10,sb,6859
2015/01/29,39,7:30:00 AM,Thursday,Finch station to Neilson & Crow Trail,General Delay,8,12,B/W,1713
2015/01/29,24,7:30:00 AM,Thursday,VP Stn.,Utilized Off Route,5,10,n,7791
2015/01/29,36,7:31:00 AM,Thursday,Humberwood Loop,Mechanical,4,8,e,1336
2015/01/29,195,7:33:00 AM,Thursday,Jane and Steeles,Late Leaving Garage,10,20,S,1276
2015/01/29,196,7:36:00 AM,Thursday,Sheppard Stn,Mechanical,8,16,W,8371
2015/01/29,199,7:43:00 AM,Thursday,Scarborough Town Centre,Mechanical,3,6,WB,1072
2015/01/29,11,7:47:00 AM,Thursday,Steeles/ Bayview,Mechanical,6,12,SB,8385
2015/01/29,46,7:50:00 AM,Thursday,Kipling Stn,Utilized Off Route,10,20,n,1319
2015/01/29,9,8:00:00 AM,Thursday,Bellamy & Nelson,Investigation,15,30,S/B,7865
2015/01/29,32,8:13:00 AM,Thursday,Eglinton West station,Mechanical,10,20,w/b,1553
2015/01/29,36,8:15:00 AM,Thursday,Kipling,Mechanical,4,8,w,1299
2015/01/29,36,8:20:00 AM,Thursday,Weston Rd,Mechanical,4,8,E,1223
2015/01/29,36,8:33:00 AM,Thursday,Arrow Rd,Mechanical,4,6,e,1299
2015/01/29,123,8:39:00 AM,Thursday,SHERWAY GRDNS,Mechanical,18,36,SB,7327
2015/01/29,7,9:12:00 AM,Thursday,Bathurst and Wilson,Mechanical,9,18,SB,9017
2015/01/29,37,9:20:00 AM,Thursday,STIS to ISTN,Mechanical,7,14,B/W,1285
2015/01/29,161,9:31:00 AM,Thursday,Keele  and Rogers,Mechanical,10,20,e/b,1036
2015/01/29,89,9:31:00 AM,Thursday,Keele and Sundas,Investigation,4,8,s/b,1660
2015/01/29,7,9:32:00 AM,Thursday,Bathurst Stn,Mechanical,9,18,NB,9025
2015/01/29,45,9:35:00 AM,Thursday,Kipling and John Garland,Mechanical,8,15,n/b,8031
2015/01/29,86,9:40:00 AM,Thursday,eglinton stn,Mechanical,10,20,e,7417
2015/01/29,86,9:50:00 AM,Thursday,kennedy station,Mechanical,10,20,e,7576
2015/01/29,57,9:52:00 AM,Thursday,Midland & Steeles,Mechanical,10,20,S/B,7796
2015/01/29,86,10:00:00 AM,Thursday,kennedy station,Mechanical,10,20,e,7413
2015/01/29,52,10:11:00 AM,Thursday,Golfwwod Hts & Dixon,Investigation,15,30,w/b,1557
2015/01/29,96,10:12:00 AM,Thursday,Wilson at jane,Mechanical,17,34,w,7927
2015/01/29,104,10:17:00 AM,Thursday,Downsview STN,Mechanical,15,30,NB,8195
2015/01/29,122,10:21:00 AM,Thursday,Yorkmills stn,Mechanical,17,34,e/b,8216
2015/01/29,84,10:30:00 AM,Thursday,Downsview Stn.,Mechanical,9,19,E,1324
2015/01/29,43,10:34:00 AM,Thursday,Progress EB at Kennedy Rd,Investigation,12,24,NB,7531
2015/01/29,165,10:53:00 AM,Thursday,Weston at Finch,Mechanical,9,26,s,7250
2015/01/29,89,11:09:00 AM,Thursday,Keele and Junction,Investigation,9,18,n/b,1645
2015/01/29,96,11:26:00 AM,Thursday,wilson at wendal,Mechanical,8,17,e,7251
2015/01/29,196,11:32:00 AM,Thursday,York U Commons,Mechanical,2,4,SB,8120
2015/01/29,196,11:50:00 AM,Thursday,Allen Road & Sheppard,Diversion,33,35,NB,
2015/01/29,90,11:52:00 AM,Thursday,St Clair W Stn,Mechanical,8,16,NB,8143
2015/01/29,88,12:20:00 PM,Thursday,St. Clair Stn.,Mechanical,20,40,s,8371
2015/01/29,96,12:25:00 PM,Thursday,Wilson/Wilmington,Investigation,8,17,E,1554
2015/01/29,97,12:30:00 PM,Thursday,Yonge route,General Delay,30,15,bw,8144
2015/01/29,53,12:45:00 PM,Thursday,Steeles and Mccowan,Mechanical,6,12,w,1788
2015/01/29,47,1:00:00 PM,Thursday,Lansdowne Ave . And Lappin Ave.,Diversion,68,76,S,1541
2015/01/29,52,1:00:00 PM,Thursday,entire route,General Delay,15,45,b/w,
2015/01/29,190,1:00:00 PM,Thursday,Don Mills Stn to Sheppard Stn,General Delay,10,20,E/W,
2015/01/29,122,1:11:00 PM,Thursday,Yorkmills stn,Mechanical,17,34,e/b,9435
2015/01/29,168,1:23:00 PM,Thursday,Avon Loop,Mechanical,10,20,S,7330
2015/01/29,68,1:30:00 PM,Thursday,68Warden Route,General Delay,18,26,BW,
2015/01/29,7,1:30:00 PM,Thursday,7 Bathurst all Branch,General Delay,8,16,BW,
2015/01/29,67,1:30:00 PM,Thursday,67 Route,General Delay,16,16,BW,
2015/01/29,85,1:30:00 PM,Thursday,Sheppard Stn to Rouge Hill Go,General Delay,15,23,E/W,
2015/01/29,120,1:30:00 PM,Thursday,Jane/Sheppard,Mechanical,30,60,E,1323
2015/01/29,52,1:40:00 PM,Thursday,demarco and lawrence,Investigation,15,30,w/b,1007
2015/01/29,24,1:45:00 PM,Thursday,Victoria Park/Pleasant View,Utilized Off Route,20,20,N/B,7730
2015/01/29,32,1:48:00 PM,Thursday,Eglinton and Northcliffe,Investigation,7,14,EB,1552
2015/01/29,129,1:50:00 PM,Thursday,Scar Town to Maj Mac,General Delay,15,20,BW,
2015/01/29,60,2:00:00 PM,Thursday,Entire 60 Steeles West Route,General Delay,10,20,B/W,
2015/01/29,116,2:00:00 PM,Thursday,Kennedy Stn - Nightstar,General Delay,10,16,BW,
2015/01/29,63,2:00:00 PM,Thursday,Entire route,General Delay,1,1,B/W,
2015/01/29,89,2:00:00 PM,Thursday,Entire route,General Delay,15,30,b/w,
2015/01/29,41,2:00:00 PM,Thursday,Entire route,General Delay,20,40,b/w,
2015/01/29,29,2:00:00 PM,Thursday,Dufferin,General Delay,45,30,B,
2015/01/29,109,2:00:00 PM,Thursday,109 Ranee all branch,General Delay,30,60,BW,
2015/01/29,25,2:00:00 PM,Thursday,25 Don Mills Route,General Delay,15,28,BW,
2015/01/29,224,2:00:00 PM,Thursday,224 Victoria Park North,General Delay,15,35,bw,
2015/01/29,108,2:00:00 PM,Thursday,Entire 108 Downsview Route,General Delay,10,20,B/W,
2015/01/29,47,2:00:00 PM,Thursday,Entire route,General Delay,26,35,b/w,
2015/01/29,56,2:00:00 PM,Thursday,Eglinton Station to Donlands Station,General Delay,20,34,BW,
2015/01/29,51,2:00:00 PM,Thursday,Steeles to Eglinton Station,General Delay,20,35,BW,
2015/01/29,11,2:00:00 PM,Thursday,Steeles to Davisville,General Delay,30,42,BW,
2015/01/29,161,2:00:00 PM,Thursday,Entire route,General Delay,18,25,b/w,
2015/01/29,34,2:00:00 PM,Thursday,34 Eglinton Route,General Delay,15,20,bw,
2015/01/29,168,2:00:00 PM,Thursday,Route 168 Symington,General Delay,1,1,b/w,
2015/01/29,26,2:00:00 PM,Thursday,Route 26 Dupont,General Delay,1,1,b/w,
2015/01/29,198,2:00:00 PM,Thursday,Kennedy Stn - U of T loop,General Delay,10,20,BW,
2015/01/29,100,2:00:00 PM,Thursday,100 Flamingdon Park,General Delay,18,25,BW,
2015/01/29,86,2:00:00 PM,Thursday,Kennedy Stn - Toronto Zoo,General Delay,10,25,BW,
2015/01/29,73,2:00:00 PM,Thursday,Route 73 Royal York,General Delay,1,1,b/w,
2015/01/29,94,2:00:00 PM,Thursday,Entire route,General Delay,1,1,B/W,
2015/01/29,40,2:00:00 PM,Thursday,Route 40 Junction,General Delay,1,1,b/w,
2015/01/29,6,2:00:00 PM,Thursday,Entire route,General Delay,1,1,B/W,
2015/01/29,109,2:02:00 PM,Thursday,Lawrence W Station,Mechanical,30,60,sb,8360
2015/01/29,72,2:03:00 PM,Thursday,Pape Station,Mechanical,10,20,e,7876
2015/01/29,91,2:13:00 PM,Thursday,Woodbine route,General Delay,12,24,B/W,7861
2015/01/29,54,2:15:00 PM,Thursday,Kennedy/Lawrence,General Delay,30,39,bw,
2015/01/29,110,2:21:00 PM,Thursday,Islington Station,Mechanical,12,24,S,8066
2015/01/29,134,2:21:00 PM,Thursday,Scar Town Centre Station,Investigation,6,13,E,1708
2015/01/29,90,2:23:00 PM,Thursday,90 Vaughan-All Branch,General Delay,10,20,BW,
2015/01/29,97,2:24:00 PM,Thursday,St.Clair Station,Late Leaving Garage,15,30,N,8389
2015/01/29,64,2:25:00 PM,Thursday,Main route,Diversion,10,20,B/W,8105
2015/01/29,95,2:25:00 PM,Thursday,Kingston Rd to York Mills stn,General Delay,15,20,BW,
2015/01/29,53,2:30:00 PM,Thursday,Finch Station to Staines Rd,General Delay,15,25,B/W,
2015/01/29,196,2:47:00 PM,Thursday,Downsview stn,Utilized Off Route,2,4,n,9446
2015/01/29,85,2:52:00 PM,Thursday,Don Mills Stn,Late Leaving Garage,16,32,W,1076
2015/01/29,12,2:54:00 PM,Thursday,Kingston Rd and kildonan,Investigation,10,20,e,7800
2015/01/29,92,2:56:00 PM,Thursday,Woodbine Station,Mechanical,9,18,SB,7889
2015/01/29,108,2:57:00 PM,Thursday,Driftwood and Finch Ave West,Investigation,11,22,N,1237
2015/01/29,39,2:58:00 PM,Thursday,Finch station,Mechanical,6,12,E,1704
2015/01/29,70,3:00:00 PM,Thursday,Warden station/Coxwell stn,General Delay,10,28,bw,
2015/01/29,127,3:00:00 PM,Thursday,Entire route,General Delay,8,16,b/w,
2015/01/29,15,3:00:00 PM,Thursday,Royal York Station to Sherway Gardens,General Delay,15,0,BW,
2015/01/29,96,3:00:00 PM,Thursday,York Mills Stn to Humberline,General Delay,35,25,BW,
2015/01/29,160,3:00:00 PM,Thursday,160 Bathurst North-All Branch,General Delay,21,42,BW,
2015/01/29,79,3:00:00 PM,Thursday,Entire route,General Delay,15,25,b/w,
2015/01/29,165,3:00:00 PM,Thursday,York Mills Stn to Major MacKenzie,General Delay,35,25,BW,
2015/01/29,61,3:00:00 PM,Thursday,Bombay Loop to Eglinton Station,General Delay,20,32,BW,
2015/01/29,191,3:00:00 PM,Thursday,HWY 27 Rocket route,General Delay,16,24,B,7911
2015/01/29,66,3:00:00 PM,Thursday,Old Mill Station - Humber Loop- Lakeshore@Marine Parade,General Delay,15,0,BW,
2015/01/29,123,3:00:00 PM,Thursday,Kipling station to Sherway Gardens,General Delay,20,0,BW,
2015/01/29,36,3:00:00 PM,Thursday,Finch West route,General Delay,20,28,B,9108
2015/01/29,196,3:04:00 PM,Thursday,Downsview STN,Utilized Off Route,2,4,NB,8328
2015/01/29,108,3:04:00 PM,Thursday,Finch and Driftwood,Late Leaving Garage,4,8,S,1387
2015/01/29,15,3:05:00 PM,Thursday,Royal York Station,Mechanical,11,23,W,7952
2015/01/29,60,3:05:00 PM,Thursday,Signal Hill and Steeles Ave West,Late Leaving Garage,7,14,E,1222
2015/01/29,85,3:08:00 PM,Thursday,Don Mills Stn,Mechanical,22,44,W,1328
2015/01/29,190,3:11:00 PM,Thursday,Don Mills Stn,Utilized Off Route,5,10,E,1334
2015/01/29,60,3:12:00 PM,Thursday,Finch Station,Late Leaving Garage,6,12,W,1268
2015/01/29,76,3:15:00 PM,Thursday,Royal York Station,Utilized Off Route,5,10,S,7318
2015/01/29,35,3:16:00 PM,Thursday,Jane and Foxwell,Mechanical,5,10,S/b,1296
2015/01/29,47,3:21:00 PM,Thursday,Lansdowne and Queen,Mechanical,26,52,s/b,1032
2015/01/29,84,3:28:00 PM,Thursday,Sheppard Station,Late Leaving Garage,11,22,W,1368
2015/01/29,133,3:30:00 PM,Thursday,STC to MOFI,General Delay,10,14,bw,
2015/01/29,46,3:33:00 PM,Thursday,Kipling and Steeles,Late Leaving Garage,11,22,N,1574
2015/01/29,196,3:38:00 PM,Thursday,Downsview STN,Utilized Off Route,2,4,NB,9445
2015/01/29,59,3:40:00 PM,Thursday,Lawrence Wstn. To Weston abd Oak rd.,General Delay,14,29,B/W,1329
2015/01/29,35,3:40:00 PM,Thursday,Steeles to Jane stn,General Delay,14,36,B/W,1265
2015/01/29,195,3:40:00 PM,Thursday,Steeles to Jane stn,General Delay,20,48,B/W,1341
2015/01/29,42,3:43:00 PM,Thursday,Donmills & Mcnicoll,Investigation,6,25,w,8338
2015/01/29,54,3:46:00 PM,Thursday,srt,Late Leaving Garage,10,20,E,7608
2015/01/29,32,3:49:00 PM,Thursday,Skymark and Commerce,Late Leaving Garage,5,10,EB,1677
2015/01/29,38,3:58:00 PM,Thursday,STC to Rouge Hill GO stn,General Delay,10,15,bw,
2015/01/29,24,4:00:00 PM,Thursday,Victoria park,General Delay,15,25,B/W,
2015/01/29,85,4:03:00 PM,Thursday,Don Mills Stn,Mechanical,6,12,E,1074
2015/01/29,124,4:03:00 PM,Thursday,Lawrence Stn.,Utilized Off Route,6,12,s,8215
2015/01/29,32,4:04:00 PM,Thursday,Eglinton and Widdicombe,Mechanical,5,10,EB,1665
2015/01/29,96,4:08:00 PM,Thursday,Carmichael Ave,Investigation,8,9,E,1395
2015/01/29,161,4:12:00 PM,Thursday,Jane and Lambton,Investigation,9,19,e/b,1250
2015/01/29,47,4:14:00 PM,Thursday,Lansdowne and Bloor,Utilized Off Route,13,26,n/b,1541
2015/01/29,86,4:15:00 PM,Thursday,Eglinton & Barbados,Investigation,13,30,E,7434
2015/01/29,63,4:16:00 PM,Thursday,Oakwood and St Clair,Utilized Off Route,10,20,SB,1005
2015/01/29,59,4:18:00 PM,Thursday,Lawrence W. Stn,Utilized Off Route,13,26,E/b,1303
2015/01/29,708,4:26:00 PM,Thursday,Eglinton and Heddington,Investigation,5,10,EB,1234
2015/01/29,109,4:28:00 PM,Thursday,Marlee and Roselawn  Av,Investigation,24,48,SB,8340
2015/01/29,139,4:30:00 PM,Thursday,Don Mills stn to Neilson Crow Trail,General Delay,15,19,BW,
2015/01/29,92,4:30:00 PM,Thursday,Woodbine South route,General Delay,11,22,B/W,7767
2015/01/29,167,4:30:00 PM,Thursday,Don Mills stn,Mechanical,24,48,N/B,7733
2015/01/29,24,4:40:00 PM,Thursday,Don Mills stn,Utilized Off Route,7,14,N,7717
2015/01/29,44,4:43:00 PM,Thursday,Kipling/Lakeshore,Utilized Off Route,4,8,N,8030
2015/01/29,49,4:45:00 PM,Thursday,Bloor/Markland,Mechanical,10,20,E,8035
2015/01/29,76,4:45:00 PM,Thursday,Mimico and Lakeshore,Utilized Off Route,5,10,n,7326
2015/01/29,89,4:45:00 PM,Thursday,Weston rd /Rogers,Utilized Off Route,7,14,s,1633
2015/01/29,54,4:50:00 PM,Thursday,railside on Lawrence,Mechanical,9,18,E,7510
2015/01/29,104,4:55:00 PM,Thursday,Wilson STN,Mechanical,13,26,NB,8384
2015/01/29,22,5:00:00 PM,Thursday,Coxwell Route,General Delay,8,16,B/W,7847
2015/01/29,42,5:00:00 PM,Thursday,Finch Stn.,General Delay,36,50,E/W,
2015/01/29,9,5:00:00 PM,Thursday,Warden Station,General Delay,15,30,S,7826
2015/01/29,9,5:00:00 PM,Thursday,Warden Station,General Delay,15,30,S,7826
2015/01/29,106,5:01:00 PM,Thursday,Downsview STN,Utilized Off Route,10,19,NB,8359
2015/01/29,102,5:24:00 PM,Thursday,Warden Station,Utilized Off Route,10,20,S,7831
2015/01/29,34,5:30:00 PM,Thursday,34 Eglinton East Route,General Delay,20,30,,
2015/01/29,192,5:30:00 PM,Thursday,Kipling station,Mechanical,7,14,N,8008
2015/01/29,224,5:30:00 PM,Thursday,224 Route,General Delay,30,45,,
2015/01/29,32,5:33:00 PM,Thursday,Eglinton West station,Investigation,10,30,WB,1057
2015/01/29,37,5:35:00 PM,Thursday,Islington Station bay 4,Investigation,9,18,N,1383
2015/01/29,122,5:38:00 PM,Thursday,York Mills station,Mechanical,16,32,E,8135
2015/01/29,196,5:52:00 PM,Thursday,Downsview STN,Utilized Off Route,2,4,NB,8145
2015/01/29,85,5:53:00 PM,Thursday,Sheppard @ Reidmount,Emergency Services,6,12,E,9083
2015/01/29,196,6:00:00 PM,Thursday,The Commons to sheppard/Downsview Stn.,General Delay,35,20,b/w,
2015/01/29,105,6:00:00 PM,Thursday,downsview Station to Major Mac and Rutherford,General Delay,55,40,b/w,
2015/01/29,117,6:00:00 PM,Thursday,Donwsview Station,General Delay,20,10,b/w,
2015/01/29,107,6:00:00 PM,Thursday,Downsview Station to Texton,General Delay,40,20,b/w,
2015/01/29,106,6:00:00 PM,Thursday,Downsview Station to Commons,General Delay,30,15,b/w,
2015/01/29,14,6:00:00 PM,Thursday,Entire Route,General Delay,25,50,B/W,
2015/01/29,145,6:00:00 PM,Thursday,Route 145 Humber express,General Delay,1,1,b/w,
2015/01/29,39,6:13:00 PM,Thursday,39-Finch route,General Delay,5,10,E,1763
2015/01/29,89,6:20:00 PM,Thursday,Weston rd / Seneca,Mechanical,7,14,s,1529
2015/01/29,47,6:23:00 PM,Thursday,Earlscourt Loop,Utilized Off Route,13,26,S/B,1586
2015/01/29,96,6:25:00 PM,Thursday,Wilson w/o Yonge,Mechanical,24,48,W,7201
2015/01/29,63,6:30:00 PM,Thursday,Ossington Ave. and Dupont St.,Utilized Off Route,5,10,N,1048
2015/01/29,9,6:32:00 PM,Thursday,Bellamy and Bridlington St,Mechanical,15,30,S,7247
2015/01/29,35,6:44:00 PM,Thursday,Jane and Eglinton,Investigation,8,16,S/b,1271
2015/01/29,91,6:49:00 PM,Thursday,Bermondsey/Eglinton,Mechanical,12,24,n,7701
2015/01/29,35,7:05:00 PM,Thursday,Jane and Sheppard,Mechanical,5,10,n/b,1243
2015/01/29,4,7:07:00 PM,Thursday,Adelaid and Sherbourn st,Investigation,0,0,,
2015/01/29,144,7:07:00 PM,Thursday,Adelaid and Sherbourn st,Diversion,25,55,EB,7472
2015/01/29,45,7:09:00 PM,Thursday,Kip stn,Utilized Off Route,7,14,N,8017
2015/01/29,192,7:11:00 PM,Thursday,Kip stn,Utilized Off Route,10,20,N,8086
2015/01/29,89,7:11:00 PM,Thursday,Keele stn,Investigation,9,18,n,1621
2015/01/29,199,7:15:00 PM,Thursday,199-Finch Rocket,General Delay,4,8,E,1314
2015/01/29,76,7:21:00 PM,Thursday,Lakeshore/mimico,Utilized Off Route,6,12,s/b,7326
2015/01/29,63,7:34:00 PM,Thursday,Ossington Ave. and Dundas St. West,Investigation,7,13,N,1568
2015/01/29,66,7:40:00 PM,Thursday,Old Mill stn.,Utilized Off Route,15,30,s/b,8082
2015/01/29,66,7:40:00 PM,Thursday,Prince Edward/Glenellen,Mechanical,30,60,s/b,8015
2015/01/29,198,7:50:00 PM,Thursday,U of T Loop,Emergency Services,10,20,W,7640
2015/01/29,190,7:51:00 PM,Thursday,Triton and Borough Dr,Mechanical,5,13,W,1805
2015/01/29,199,7:52:00 PM,Thursday,STC,Mechanical,7,15,N,1784
2015/01/29,96,8:05:00 PM,Thursday,Humber College,Mechanical,17,33,E,1247
2015/01/29,24,8:31:00 PM,Thursday,Victoria Park/Steeles,Investigation,18,36,s,8108
2015/01/29,30,8:35:00 PM,Thursday,Kipling stn.,Mechanical,30,60,w/b,7302
2015/01/29,29,8:51:00 PM,Thursday,Glengrove,Mechanical,5,10,N,9049
2015/01/29,41,8:52:00 PM,Thursday,Keele at 3400.,Investigation,1,1,s,1508
2015/01/29,104,8:53:00 PM,Thursday,downsview Station,Mechanical,14,28,s,8196
2015/01/29,196,8:55:00 PM,Thursday,downsview Station,Mechanical,3,6,n,8313
2015/01/29,95,9:00:00 PM,Thursday,York Mills Stn to Kingston Rd,General Delay,10,16,B/W,
2015/01/29,39,9:00:00 PM,Thursday,Finch stn to Neilson Rd,General Delay,10,13,BW,
2015/01/29,63,9:02:00 PM,Thursday,Ossington and Leeds,Mechanical,6,13,N/B,1568
2015/01/29,165,9:05:00 PM,Thursday,Steeles/Barmac Dr.,Mechanical,19,29,S,1313
2015/01/29,36,9:10:00 PM,Thursday,Finch Station,Late Leaving Garage,8,16,W,1348
2015/01/29,37,9:35:00 PM,Thursday,Islington Station,Late Leaving Garage,25,48,S,1379
2015/01/29,37,9:56:00 PM,Thursday,Steeles & Islington,Mechanical,27,54,S,1211
2015/01/29,130,9:58:00 PM,Thursday,STC,Mechanical,22,44,N/B,1814
2015/01/29,88,10:05:00 PM,Thursday,St Clair. Stn,Mechanical,15,30,s,8331
2015/01/29,165,10:10:00 PM,Thursday,Weston & Jubiliee,Investigation,11,21,S,1295
2015/01/29,71,10:30:00 PM,Thursday,Queensway and Windemere,Investigation,20,40,W/B,1591
2015/01/29,11,11:10:00 PM,Thursday,Bayview and Manor,Investigation,30,60,s,8352
2015/01/29,73,11:43:00 PM,Thursday,Weston rd/Walsh,Mechanical,20,40,n/b,7933
2015/01/30,63,12:45:00 AM,Friday,ossington stn,Utilized Off Route,10,20,s/b,1657
2015/01/30,39,12:50:00 AM,Friday,Finch and McCowan,Mechanical,6,12,w,1126
2015/01/30,98,1:00:00 AM,Friday,Yonge and Steeles Loop,Mechanical,30,0,s,8345
2015/01/30,24,1:22:00 AM,Friday,Victoria Park at McNicoll,Mechanical,10,20,N/B,7751
2015/01/30,68,1:30:00 AM,Friday,Warden & St Clair,Mechanical,16,32,NB,7493
2015/01/30,25,1:58:00 AM,Friday,Don Mills STN,Mechanical,15,15,NB,7568
2015/01/30,300,2:08:00 AM,Friday,Danforth and Danforth,Mechanical,20,30,W/B,7480
2015/01/30,300,2:18:00 AM,Friday,Danforth and Danforth,Utilized Off Route,1,1,W/B,7804
2015/01/30,116,4:50:00 AM,Friday,Eglinton yard,Mechanical,20,40,e,7404
2015/01/30,100,5:05:00 AM,Friday,Eglinton Stn,Mechanical,10,1,e,7415
2015/01/30,54,5:10:00 AM,Friday,Eglinton Station,Late Leaving Garage,9,18,w,7467
2015/01/30,172,5:11:00 AM,Friday,Birchmount Garage,Late Leaving Garage,15,30,S,7874
2015/01/30,39,5:14:00 AM,Friday,Finch - Midland,Mechanical,5,10,W,1816
2015/01/30,34,5:15:00 AM,Friday,Eglinton Station,Utilized Off Route,15,29,e,7577
2015/01/30,311,5:19:00 AM,Friday,Lakeshore,Late Leaving Garage,10,20,N,1294
2015/01/30,73,5:20:00 AM,Friday,Albion and Claireport,Late Leaving Garage,31,51,s/b,7958
2015/01/30,165,5:21:00 AM,Friday,Yorkmills Stn,Late Leaving Garage,12,19,,1274
2015/01/30,76,5:22:00 AM,Friday,Royal York and Evans Rd,Late Leaving Garage,25,45,s/b,8080
2015/01/30,34,5:27:00 AM,Friday,Eglinton Garage,Late Leaving Garage,1,1,WB,7556
2015/01/30,44,5:30:00 AM,Friday,Entire Route,General Delay,15,0,b/w,
2015/01/30,45,5:30:00 AM,Friday,Entire route,General Delay,30,0,b/w,
2015/01/30,30,5:30:00 AM,Friday,Entire Route,General Delay,20,0,b/w,
2015/01/30,112,5:30:00 AM,Friday,Entire route,General Delay,20,0,b/w,
2015/01/30,105,5:31:00 AM,Friday,Wilson,Mechanical,30,47,,8197
2015/01/30,107,5:33:00 AM,Friday,Wilson Garage,Late Leaving Garage,18,18,,9449
2015/01/30,85,5:33:00 AM,Friday,Meadowvale loop,Late Leaving Garage,4,15,W,9055
2015/01/30,111,5:39:00 AM,Friday,EGLINTON AND MARTINGROVE NB,Late Leaving Garage,14,28,NB,7306
2015/01/30,73,5:40:00 AM,Friday,Royal York Station,Mechanical,19,32,n/b,8036
2015/01/30,52,5:41:00 AM,Friday,Lawrence stn,Late Leaving Garage,8,24,w,1642
2015/01/30,36,5:43:00 AM,Friday,Steeels,Late Leaving Garage,5,10,S,1732
2015/01/30,84,5:48:00 AM,Friday,Sheppard and Arrow,Late Leaving Garage,10,14,E,1259
2015/01/30,50,5:50:00 AM,Friday,Mill Loop,Late Leaving Garage,15,25,e/b,8086
2015/01/30,17,5:52:00 AM,Friday,Birchmount at Wintermute,Late Leaving Garage,4,8,s,7700
2015/01/30,66,5:54:00 AM,Friday,Garage / Lakeshore Marine Parade,Late Leaving Garage,14,30,n,8054
2015/01/30,32,5:54:00 AM,Friday,Skymark,Late Leaving Garage,8,16,e/b,1542
2015/01/30,24,5:55:00 AM,Friday,VP at Consumers,Late Leaving Garage,13,26,n,7753
2015/01/30,70,6:00:00 AM,Friday,70 O'Connor Route,General Delay,10,15,bw,
2015/01/30,45,6:00:00 AM,Friday,Steeles and Kipling Loop,Late Leaving Garage,0,5,s/b,8053
2015/01/30,74,6:04:00 AM,Friday,Mt. Pleasant Loop,Late Leaving Garage,24,0,sb,8177
2015/01/30,95,6:06:00 AM,Friday,York Mills station,Late Leaving Garage,7,14,E,1092
2015/01/30,59,6:07:00 AM,Friday,Lawrence West Stn.,Late Leaving Garage,12,24,W,1809
2015/01/30,32,6:07:00 AM,Friday,Eglinton station,Late Leaving Garage,5,10,w/b,1569
2015/01/30,54,6:09:00 AM,Friday,Eglinton Station,Late Leaving Garage,9,18,e,7411
2015/01/30,12,6:10:00 AM,Friday,Victoria Park Station,Late Leaving Garage,6,12,E,7703
2015/01/30,68,6:12:00 AM,Friday,Warden loop,Late Leaving Garage,12,18,s,7462
2015/01/30,32,6:12:00 AM,Friday,Eglinton station,Late Leaving Garage,5,11,w/b,1677
2015/01/30,122,6:15:00 AM,Friday,Yorkmills stn to Roywood,Mechanical,1,1,b/w,8337
2015/01/30,165,6:15:00 AM,Friday,Major Mack Loop,Mechanical,40,71,,7247
2015/01/30,88,6:16:00 AM,Friday,Eglinton and Hoyle,Utilized Off Route,10,14,eb,8174
2015/01/30,54,6:18:00 AM,Friday,Eglinton Station,Late Leaving Garage,9,18,e,7522
2015/01/30,45,6:18:00 AM,Friday,Steeles and Kipling Loop,Late Leaving Garage,5,11,s/b,7944
2015/01/30,54,6:18:00 AM,Friday,Lawrence & Curlew,Emergency Services,5,9,w,7432
2015/01/30,30,6:19:00 AM,Friday,Kipling station,Mechanical,0,25,s/b,7975
2015/01/30,36,6:20:00 AM,Friday,Humberwood Loop,Mechanical,5,10,E,1310
2015/01/30,161,6:20:00 AM,Friday,Jane,Mechanical,12,20,e,1045
2015/01/30,20,6:20:00 AM,Friday,Kennedy at Highview,Investigation,20,40,w,7783
2015/01/30,41,6:21:00 AM,Friday,Keele station,Mechanical,18,35,n/b,1656
2015/01/30,15,6:22:00 AM,Friday,ROYAL YORK AND QUEENSWAY,Mechanical,12,27,sb,8061
2015/01/30,96,6:23:00 AM,Friday,Yorkmills Stn,Late Leaving Garage,29,50,,7229
2015/01/30,44,6:24:00 AM,Friday,Kipling Station,Utilized Off Route,7,14,s/b,7934
2015/01/30,39,6:25:00 AM,Friday,Seneca Loop - Finch,Mechanical,7,15,W,1141
2015/01/30,100,6:26:00 AM,Friday,Broadview Station,Late Leaving Garage,3,4,NB,7410
2015/01/30,52,6:30:00 AM,Friday,Airport rd and Derry,Mechanical,18,36,e,1202
2015/01/30,89,6:30:00 AM,Friday,Keele stn,Late Leaving Garage,15,27,n,1640
2015/01/30,49,6:32:00 AM,Friday,Bloor and Markland,Mechanical,7,14,e/b,8025
2015/01/30,196,6:33:00 AM,Friday,Wilson Garage,Mechanical,4,8,,9412
2015/01/30,41,6:35:00 AM,Friday,Petrolia,Mechanical,9,18,s/b,9148
2015/01/30,36,6:35:00 AM,Friday,Finch Stn,Mechanical,5,10,W,9120
2015/01/30,45,6:35:00 AM,Friday,Kipling and  Steeles Loop,Late Leaving Garage,6,12,s/b,7966
2015/01/30,199,6:37:00 AM,Friday,Finch Station,Late Leaving Garage,3,6,E,1743
2015/01/30,86,6:40:00 AM,Friday,Meadowvale and Ellesmere,Mechanical,8,16,e,7676
2015/01/30,35,6:40:00 AM,Friday,Jane Stn.,Mechanical,10,20,N,7201
2015/01/30,165,6:40:00 AM,Friday,Yorkmills Stn,Mechanical,15,26,,7248
2015/01/30,42,6:41:00 AM,Friday,Finch Stn,Mechanical,22,0,eb,8196
2015/01/30,195,6:43:00 AM,Friday,Jane and Steeles,Late Leaving Garage,10,20,S,1214
2015/01/30,199,6:45:00 AM,Friday,Finch Station to Scar Town Centre Station,General Delay,7,12,B/W,
2015/01/30,39,6:45:00 AM,Friday,Finch Station to Old Finch/Morningside,General Delay,7,12,B/W,
2015/01/30,38,6:47:00 AM,Friday,Mccowan and Town Centre Court,Mechanical,15,30,E,1398
2015/01/30,199,6:50:00 AM,Friday,Scar Town Centre Station,Late Leaving Garage,3,5,W,1105
2015/01/30,63,6:50:00 AM,Friday,Oakwood and St.clair,Investigation,4,8,s/b,1609
2015/01/30,100,6:51:00 AM,Friday,Broadview Station,Mechanical,4,8,NB,7402
2015/01/30,196,6:52:00 AM,Friday,Sheppard Stn,Late Leaving Garage,6,12,,8311
2015/01/30,192,6:55:00 AM,Friday,Kipling Station,Late Leaving Garage,10,20,n/b,800
2015/01/30,199,6:58:00 AM,Friday,Scarborough Town Centre,Utilized Off Route,3,6,W,1398
2015/01/30,7,6:59:00 AM,Friday,Bathurst and Wilson,Late Leaving Garage,7,15,NB,9019
2015/01/30,42,7:03:00 AM,Friday,Finch Station,Mechanical,23,45,eb,8379
2015/01/30,59,7:04:00 AM,Friday,Lawrence and Sage,Mechanical,12,24,E,1809
2015/01/30,60,7:05:00 AM,Friday,COMMOMS,Late Leaving Garage,5,10,E,7939
2015/01/30,196,7:07:00 AM,Friday,Wilson Garage,Late Leaving Garage,4,8,,9438
2015/01/30,139,7:07:00 AM,Friday,Baldoon - Finch,Late Leaving Garage,20,40,E,1723
2015/01/30,6,7:09:00 AM,Friday,Davenport,Mechanical,8,16,s/b,1565
2015/01/30,191,7:10:00 AM,Friday,Humber College,Mechanical,6,12,S,7900
2015/01/30,60,7:11:00 AM,Friday,FSTN,Late Leaving Garage,7,14,W,1380
2015/01/30,45,7:15:00 AM,Friday,Kipling and Steeles,Mechanical,6,12,s/b,7952
2015/01/30,110,7:18:00 AM,Friday,ISLINGTON STN,Mechanical,12,24,SB,7968
2015/01/30,196,7:21:00 AM,Friday,Wilson garage,Late Leaving Garage,2,6,,9410
2015/01/30,199,7:24:00 AM,Friday,Finch Station,Mechanical,2,5,E,1074
2015/01/30,32,7:25:00 AM,Friday,Eglinton station,Utilized Off Route,6,11,w/b,1033
2015/01/30,106,7:26:00 AM,Friday,Downsview Stn,Mechanical,7,14,,8208
2015/01/30,105,7:27:00 AM,Friday,Downsview Stn,Mechanical,28,56,,8144
2015/01/30,161,7:30:00 AM,Friday,Entire route,General Delay,40,10,b/w,
2015/01/30,96,7:31:00 AM,Friday,Arrow and Bartor,Mechanical,20,40,,7234
2015/01/30,44,7:32:00 AM,Friday,Kipling Station,Late Leaving Garage,4,8,b/w,8015
2015/01/30,199,7:34:00 AM,Friday,Scar Town Centre Station,Mechanical,3,5,W,1080
2015/01/30,134,7:34:00 AM,Friday,Centennial College,Mechanical,6,12,w,1071
2015/01/30,196,7:39:00 AM,Friday,Downsview Stn,Utilized Off Route,2,6,,8342
2015/01/30,141,7:40:00 AM,Friday,Redpath and Eglinton,Late Leaving Garage,30,60,s/b,1021
2015/01/30,122,7:40:00 AM,Friday,Yorkmills and Bayview,Mechanical,10,20,e/b,8391
2015/01/30,161,7:47:00 AM,Friday,Ossington stn,Mechanical,10,20,n,1620
2015/01/30,198,7:50:00 AM,Friday,Kennedy station,Mechanical,10,20,e,7673
2015/01/30,199,7:53:00 AM,Friday,Scar Town Centre Station,Mechanical,3,6,W,1772
2015/01/30,11,7:58:00 AM,Friday,Davisville Station,Utilized Off Route,6,12,NB,8383
2015/01/30,5,8:00:00 AM,Friday,Eglinton Station to Elm Av.,General Delay,20,0,SB,
2015/01/30,86,8:00:00 AM,Friday,SCARBOROUGH ROUTE,General Delay,10,0,B/W,
2015/01/30,109,8:00:00 AM,Friday,Eglinton West Stn to Neptune,General Delay,15,30,BWS,814
2015/01/30,116,8:00:00 AM,Friday,morningside route,General Delay,10,0,B/W,
2015/01/30,60,8:00:00 AM,Friday,FSTN to all Branches,General Delay,7,14,B/W,
2015/01/30,51,8:00:00 AM,Friday,Eglinton Station,General Delay,20,20,NB,
2015/01/30,87,8:00:00 AM,Friday,Cosburn Route,General Delay,10,0,B/w,
2015/01/30,61,8:00:00 AM,Friday,Eglinton Station,General Delay,20,20,NB,
2015/01/30,54,8:00:00 AM,Friday,Lawrence RT,Mechanical,5,11,w,7411
2015/01/30,198,8:00:00 AM,Friday,scarborough rocket,General Delay,10,0,B/W,
2015/01/30,39,8:07:00 AM,Friday,Finch Station,Mechanical,15,30,E,1805
2015/01/30,90,8:19:00 AM,Friday,Oakwood and Vaughan,Utilized Off Route,4,8,SB,8210
2015/01/30,52,8:26:00 AM,Friday,Sage & Lawrence,Mechanical,12,18,w/b,1418
2015/01/30,53,8:28:00 AM,Friday,Steeles and Willowdale,Mechanical,5,14,w,1290
2015/01/30,198,8:30:00 AM,Friday,kennedy stn,Mechanical,10,20,e,7401
2015/01/30,25,8:30:00 AM,Friday,Pape Station to Don Mills and Steeles,General Delay,5,15,BW,
2015/01/30,24,8:30:00 AM,Friday,VP Route,General Delay,10,20,bw,7717
2015/01/30,53,8:32:00 AM,Friday,Finch Station,Mechanical,9,14,e,1775
2015/01/30,196,8:37:00 AM,Friday,Downsview stn,Utilized Off Route,4,6,,8311
2015/01/30,199,8:40:00 AM,Friday,Scar Town Centre Station,Mechanical,3,5,W,1828
2015/01/30,36,8:50:00 AM,Friday,Weston Rd,Mechanical,3,6,E,9117
2015/01/30,7,9:00:00 AM,Friday,Bathurst and Dewbourne,Mechanical,9,18,SB,9052
2015/01/30,53,9:08:00 AM,Friday,Steeles and Midland,Mechanical,4,12,w,9073
2015/01/30,95,9:09:00 AM,Friday,Laurentide Dr,Mechanical,15,30,WB,1083
2015/01/30,134,9:20:00 AM,Friday,Scarborough Town Centre,Utilized Off Route,5,10,e,1716
2015/01/30,122,9:30:00 AM,Friday,Yorkmills stn,Mechanical,17,34,e/b,8391
2015/01/30,68,9:30:00 AM,Friday,Warden And Steeles Loop,Utilized Off Route,1,1,SB,7653
2015/01/30,12,9:54:00 AM,Friday,VP STATION,Mechanical,20,40,N,7767
2015/01/30,63,10:00:00 AM,Friday,Ossington route,General Delay,10,18,BW,
2015/01/30,32,10:13:00 AM,Friday,Eglinton and Allen rd.,Diversion,62,69,e/b,1012
2015/01/30,44,10:14:00 AM,Friday,Col sam smith loop,Mechanical,6,12,n/b,8064
2015/01/30,32,10:15:00 AM,Friday,Eglinton west station,General Delay,20,15,b/w,
2015/01/30,109,10:23:00 AM,Friday,Eglinton West Stn,Diversion,29,44,NB,8381
2015/01/30,35,10:24:00 AM,Friday,Jane and Sheppard,Mechanical,8,16,S,1331
2015/01/30,196,10:48:00 AM,Friday,Shepp STN,Mechanical,3,11,WB,9430
2015/01/30,168,11:00:00 AM,Friday,Dunwas West Station to Avon Loop,General Delay,20,0,BW,
2015/01/30,26,11:09:00 AM,Friday,Dupont at Manning,Investigation,20,40,E,8084
2015/01/30,192,11:15:00 AM,Friday,Kipling Station,Mechanical,10,20,n/b,8005
2015/01/30,199,11:16:00 AM,Friday,Scar Town Centre Station,Mechanical,5,10,W,1100
2015/01/30,96,11:28:00 AM,Friday,Wilson/Jane,Mechanical,30,60,E,1355
2015/01/30,196,11:29:00 AM,Friday,Downsview STN,Mechanical,2,4,NB,8307
2015/01/30,16,11:34:00 AM,Friday,Warden Station,Mechanical,10,20,N,7723
2015/01/30,75,11:45:00 AM,Friday,Sherbourne and Bloor,Mechanical,7,14,NB,8198
2015/01/30,104,11:56:00 AM,Friday,Wilson STN,Mechanical,14,28,NB,8192
2015/01/30,16,12:04:00 PM,Friday,Warden Station,Mechanical,10,20,N,7819
2015/01/30,196,12:09:00 PM,Friday,Downsview STN,Mechanical,2,4,NB,8311
2015/01/30,7,12:11:00 PM,Friday,Bathurst and Dupont,Mechanical,9,18,NB,9021
2015/01/30,196,12:15:00 PM,Friday,Downsview STN,Mechanical,2,4,NB,8196
2015/01/30,116,12:30:00 PM,Friday,kingston rd and guildwood pkwy,Mechanical,10,20,e,7458
2015/01/30,47,12:30:00 PM,Friday,Lansdowne Ave. and Wade Ave.,Mechanical,15,30,N,1616
2015/01/30,196,12:35:00 PM,Friday,Downsview STN,Mechanical,8,16,SB,9421
2015/01/30,11,12:46:00 PM,Friday,Davisville and Mt.Pleasant,Mechanical,10,20,n,8141
2015/01/30,106,12:50:00 PM,Friday,Downsview STN,Mechanical,10,20,NB,9402
2015/01/30,36,1:03:00 PM,Friday,Finch station,Mechanical,6,12,W,9129
2015/01/30,107,1:15:00 PM,Friday,Downsview STN,Mechanical,14,14,NB,9445
2015/01/30,196,1:27:00 PM,Friday,Downsview STN,Utilized Off Route,2,4,NB,8197
2015/01/30,109,1:30:00 PM,Friday,109 Ranee-All branches,General Delay,30,60,BW,
2015/01/30,116,1:35:00 PM,Friday,Kingston & Guildwood,Mechanical,10,20,E,7491
2015/01/30,192,1:58:00 PM,Friday,Kipling Station,Mechanical,10,20,n/b,8003
2015/01/30,7,2:00:00 PM,Friday,7 Bathurst All Branch,General Delay,8,16,BW,
2015/01/30,29,2:00:00 PM,Friday,Dufferin route,General Delay,30,20,B,
2015/01/30,41,2:00:00 PM,Friday,Old weston and Rogers and Commons,General Delay,20,28,B/W,
2015/01/30,34,2:00:00 PM,Friday,34 Eglinton route,General Delay,12,15,bw,
2015/01/30,116,2:00:00 PM,Friday,Kennedy Stn - Nightstar,General Delay,7,13,BW,
2015/01/30,65,2:00:00 PM,Friday,PARLIAMENT AND BERKLEY,Diversion,51,87,SB,7740
2015/01/30,86,2:00:00 PM,Friday,Kennedy Stn - Toronto Zoo,General Delay,7,22,BW,
2015/01/30,57,2:13:00 PM,Friday,Kennedy Station,Mechanical,9,18,N,7839
2015/01/30,44,2:15:00 PM,Friday,Kilpling Stn,Utilized Off Route,6,12,n/b,7934
2015/01/30,80,2:17:00 PM,Friday,Queensway at Windermere,Diversion,24,37,E,8065
2015/01/30,34,2:17:00 PM,Friday,Eglinton & Lebovic,Late Leaving Garage,4,8,w,7635
2015/01/30,122,2:20:00 PM,Friday,Graydon Hall,Mechanical,16,32,W,9448
2015/01/30,29,2:20:00 PM,Friday,Eglinton,Mechanical,5,10,N,9005
2015/01/30,196,2:22:00 PM,Friday,Downsview STN,Mechanical,2,4,EB,8150
2015/01/30,76,2:26:00 PM,Friday,Royal York stn,Investigation,9,18,57227,8080
2015/01/30,96,2:30:00 PM,Friday,York Mills Stn to Humberline,General Delay,25,20,B,
2015/01/30,95,2:42:00 PM,Friday,York Mills station,Late Leaving Garage,5,10,E,1141
2015/01/30,116,2:42:00 PM,Friday,Eglinton Yard,Mechanical,1,1,E,7443
2015/01/30,116,2:42:00 PM,Friday,St John Paul SS,Mechanical,20,0,E,7440
2015/01/30,6,2:42:00 PM,Friday,Mount Dennis Garage,Mechanical,10,20,S,1522
2015/01/30,105,2:45:00 PM,Friday,Wilson Yard,Late Leaving Garage,24,48,NB,8157
2015/01/30,90,2:52:00 PM,Friday,St.Clair West Station,Late Leaving Garage,10,20,wb,9409
2015/01/30,42,2:57:00 PM,Friday,Finch Stn.,Mechanical,24,48,e,8318
2015/01/30,47,2:58:00 PM,Friday,Earlscourt loop,Late Leaving Garage,13,20,s/b,1325
2015/01/30,79,2:59:00 PM,Friday,Pine and Lawrence,Late Leaving Garage,12,24,s/b,1515
2015/01/30,36,3:00:00 PM,Friday,Finch West route,General Delay,14,18,B,9106
2015/01/30,165,3:00:00 PM,Friday,York Mills Stn to Major Mackenzie,General Delay,20,25,B,
2015/01/30,196,3:00:00 PM,Friday,Wilson Yard,Late Leaving Garage,2,4,NB,9417
2015/01/30,95,3:07:00 PM,Friday,York Mills station,Late Leaving Garage,15,30,E,1810
2015/01/30,84,3:10:00 PM,Friday,Arrow Road on Sheppard Avenue,Mechanical,10,20,E,1365
2015/01/30,79,3:11:00 PM,Friday,Pine and Lawrence,Late Leaving Garage,12,24,s/b,1542
2015/01/30,54,3:11:00 PM,Friday,Scarb. Golf Club,Late Leaving Garage,11,22,E,7483
2015/01/30,34,3:12:00 PM,Friday,Kennedy station,Mechanical,4,8,W,7583
2015/01/30,37,3:12:00 PM,Friday,Islington Station,Late Leaving Garage,9,18,N,1215
2015/01/30,29,3:14:00 PM,Friday,Springhurst loop,Mechanical,5,10,N,8135
2015/01/30,46,3:14:00 PM,Friday,Steeles Loop W of Martin Grove,Late Leaving Garage,11,22,S,1323
2015/01/30,131,3:14:00 PM,Friday,Scar Town,Late Leaving Garage,9,18,E,1722
2015/01/30,85,3:14:00 PM,Friday,Don Mills Stn,Late Leaving Garage,12,24,E,9055
2015/01/30,106,3:17:00 PM,Friday,Wilson Yard,Late Leaving Garage,8,16,NB,9411
2015/01/30,196,3:19:00 PM,Friday,Downsview STN,Mechanical,2,4,NB,8202
2015/01/30,46,3:20:00 PM,Friday,On Lloyd Manor Road and Prince George,Diversion,125,135,S,7927
2015/01/30,16,3:22:00 PM,Friday,Trudelle And Danforth,Investigation,10,20,NB,7803
2015/01/30,39,3:22:00 PM,Friday,Finch at Mccowan,Mechanical,5,10,W/B,1816
2015/01/30,191,3:27:00 PM,Friday,Martin grove and Royal crest,Mechanical,5,11,N,1574
2015/01/30,126,3:30:00 PM,Friday,Entire Route,General Delay,15,30,B/W,
2015/01/30,16,3:30:00 PM,Friday,McCowan rd route,General Delay,10,20,B/W,7806
2015/01/30,780,3:32:00 PM,Friday,Meadowvale & Sheppard,Investigation,1,1,N,7553
2015/01/30,94,3:34:00 PM,Friday,200 Wellesley St. East,Diversion,22,32,B/W,
2015/01/30,60,3:35:00 PM,Friday,Peter Kaiser and Steeles Ave West,Mechanical,7,14,E,7245
2015/01/30,129,3:35:00 PM,Friday,McCowan and Finch,Mechanical,5,10,n,1125
2015/01/30,90,3:45:00 PM,Friday,Vaughan Rd-Louise Av,Emergency Services,10,20,eb,8251
2015/01/30,124,3:45:00 PM,Friday,Lawrence Stn.,Mechanical,6,12,s,8389
2015/01/30,25,3:48:00 PM,Friday,FMDM,Late Leaving Garage,4,8,S,7529
2015/01/30,124,3:51:00 PM,Friday,Lawrence Stn.,Late Leaving Garage,6,12,S,8161
2015/01/30,199,3:55:00 PM,Friday,Finch at Brimley,Mechanical,4,8,E/B,1149
2015/01/30,53,4:00:00 PM,Friday,Finch Station - PAMK/MOFI,General Delay,15,20,BW's,
2015/01/30,52,4:00:00 PM,Friday,Entire Route,General Delay,15,21,B/W,
2015/01/30,124,4:03:00 PM,Friday,Lawrence Stn.,Utilized Off Route,6,12,s,8212
2015/01/30,39,4:07:00 PM,Friday,Finch Stn,Utilized Off Route,10,20,W/B,1136
2015/01/30,39,4:22:00 PM,Friday,Bayview to Mcccowan,General Delay,6,12,E/B,
2015/01/30,90,4:29:00 PM,Friday,Vaughan Rd-Kenwood,Mechanical,10,20,wb,9423
2015/01/30,116,4:32:00 PM,Friday,Kennedy Stn,Mechanical,12,24,E,7597
2015/01/30,12,4:38:00 PM,Friday,Brimley and Kingston Rd,Investigation,15,30,N,7764
2015/01/30,24,4:44:00 PM,Friday,VICTORIA PARK STN,Utilized Off Route,13,26,NB,7880
2015/01/30,134,4:44:00 PM,Friday,Scarborough Town Center,Utilized Off Route,7,14,EB,1716
2015/01/30,190,4:44:00 PM,Friday,STC,Utilized Off Route,5,10,W,1707
2015/01/30,87,4:45:00 PM,Friday,MAIN STN,Utilized Off Route,5,10,NB,7868
2015/01/30,56,4:45:00 PM,Friday,Eglinton Station,Utilized Off Route,23,46,s,8392
2015/01/30,131,4:45:00 PM,Friday,STC,Utilized Off Route,9,18,BW,1124
2015/01/30,116,4:46:00 PM,Friday,Kennedy Stn,Utilized Off Route,6,12,E,7597
2015/01/30,34,4:46:00 PM,Friday,Kennedy Station,Utilized Off Route,4,8,w,7540
2015/01/30,199,4:47:00 PM,Friday,STC,Utilized Off Route,4,8,BW,1128
2015/01/30,57,4:48:00 PM,Friday,MIDLAND,Utilized Off Route,8,16,NB,7835
2015/01/30,43,4:48:00 PM,Friday,Kennedy station,Utilized Off Route,9,18,n,7446
2015/01/30,68,4:48:00 PM,Friday,Warden station,Utilized Off Route,6,12,NB,7675
2015/01/30,86,4:50:00 PM,Friday,Kenendy Stn,Utilized Off Route,11,21,E,7664
2015/01/30,38,4:50:00 PM,Friday,STC,Utilized Off Route,12,24,E,1761
2015/01/30,64,4:51:00 PM,Friday,QUEEN AND WINEVA,Utilized Off Route,8,16,NB,8110
2015/01/30,133,4:52:00 PM,Friday,Scarborough Town Center,Utilized Off Route,7,14,EB,1146
2015/01/30,106,4:53:00 PM,Friday,Sentinel & Finch,Mechanical,10,20,NB,9411
2015/01/30,42,4:54:00 PM,Friday,Maybrook & Passmore,Utilized Off Route,6,23,w,8120
2015/01/30,169,4:55:00 PM,Friday,Scarborough Town Center,Utilized Off Route,30,60,NB,8396
2015/01/30,116,4:56:00 PM,Friday,Kennedy Stn,Utilized Off Route,12,24,E,7443
2015/01/30,102,4:56:00 PM,Friday,Warden Station,Utilized Off Route,10,20,SB,7796
2015/01/30,52,4:57:00 PM,Friday,lawrence and Dufferin,Utilized Off Route,11,22,W/B,1645
2015/01/30,6,5:00:00 PM,Friday,Entire route,General Delay,10,20,B/W,
2015/01/30,65,5:00:00 PM,Friday,Parliament/Winchester,Investigation,10,20,n,7802
2015/01/30,108,5:02:00 PM,Friday,Downsview Stn,Mechanical,6,12,W,1374
2015/01/30,110,5:03:00 PM,Friday,Islington Station,Mechanical,24,48,S,7973
2015/01/30,120,5:05:00 PM,Friday,On Giltspur at Magellan Drive,Diversion,95,117,W,1390
2015/01/30,95,5:18:00 PM,Friday,Military Trail Loop,Mechanical,12,24,WB,1094
2015/01/30,104,5:20:00 PM,Friday,Finch & Dufferin,Mechanical,12,25,SB,8211
2015/01/30,53,5:23:00 PM,Friday,Scarborough Town Center,Mechanical,5,10,WB,1717
2015/01/30,41,5:25:00 PM,Friday,Keele and Eglinton,Mechanical,9,18,N/B,9143
2015/01/30,25,5:27:00 PM,Friday,Pape Stn,Investigation,4,8,N,7474
2015/01/30,85,5:30:00 PM,Friday,Don Mills to Rouge Hill Go,General Delay,15,21,E/W,
2015/01/30,41,5:35:00 PM,Friday,Keele and Beechborough,Mechanical,9,18,N/B,9140
2015/01/30,29,5:57:00 PM,Friday,Tycos,Mechanical,5,10,S,9039
2015/01/30,44,5:58:00 PM,Friday,Col Sam smith Loop,Mechanical,3,7,n/b,8061
2015/01/30,35,6:00:00 PM,Friday,jane and bloor,General Delay,6,12,s/b,1830
2015/01/30,135,6:00:00 PM,Friday,Gerrard Route,General Delay,18,36,e/w,
2015/01/30,63,6:00:00 PM,Friday,Entire route,General Delay,10,15,B/W,
2015/01/30,199,6:01:00 PM,Friday,Bayview to Mccowan,General Delay,8,14,E/B,
2015/01/30,46,6:07:00 PM,Friday,Kipling Station,Mechanical,11,22,N,1221
2015/01/30,39,6:09:00 PM,Friday,Neilson and Crow Trail,Mechanical,6,18,W/B,1372
2015/01/30,72,6:09:00 PM,Friday,Dickens and Carlaw,Investigation,8,16,S,7722
2015/01/30,129,6:09:00 PM,Friday,McCowan and Castlemore,Mechanical,17,28,n,1137
2015/01/30,35,6:10:00 PM,Friday,jane stn,Investigation,6,12,s/b,1303
2015/01/30,39,6:11:00 PM,Friday,Finch at Don Mills,Mechanical,20,40,W/B,1703
2015/01/30,26,6:18:00 PM,Friday,Jane stn.,Diversion,14,28,s/b,7962
2015/01/30,7,6:20:00 PM,Friday,Steeles and Bathurst,Mechanical,8,16,sb,9028
2015/01/30,52,6:38:00 PM,Friday,Lawrence Stn,Utilized Off Route,11,22,E/B,1226
2015/01/30,196,6:41:00 PM,Friday,Downsview Station,Mechanical,6,12,n,8203
2015/01/30,110,7:47:00 PM,Friday,Islington/Queensway,Investigation,18,36,n/b,8064
2015/01/30,161,7:55:00 PM,Friday,jane and alliance,Investigation,12,24,e/b,1597
2015/01/30,196,8:05:00 PM,Friday,Downsview Station,Utilized Off Route,3,6,n,9421
2015/01/30,60,8:30:00 PM,Friday,Torresdale Avenue on Steeles,Mechanical,14,28,E,1417
2015/01/30,40,8:34:00 PM,Friday,Dundas West stn.,Investigation,10,20,s/b,7967
2015/01/30,95,8:35:00 PM,Friday,Ellesmere/McCowan,Mechanical,14,28,WB,1793
2015/01/30,36,8:55:00 PM,Friday,Humberwood Loop,Mechanical,8,15,E,9123
2015/01/30,71,9:07:00 PM,Friday,runnymede stn,Investigation,22,44,n/b,1059
2015/01/30,107,9:12:00 PM,Friday,Downsview Station,Mechanical,12,24,n,8155
2015/01/30,196,9:26:00 PM,Friday,Downsview Station,Utilized Off Route,3,6,n,8206
2015/01/30,14,9:36:00 PM,Friday,glencairn stn,Mechanical,20,40,w/b,1620
2015/01/30,113,9:51:00 PM,Friday,Main Stn,Mechanical,24,48,e,7819
2015/01/30,85,9:53:00 PM,Friday,Meadowvale loop,Mechanical,30,60,W/B,1814
2015/01/30,24,9:55:00 PM,Friday,Victoria Park Stn,Utilized Off Route,10,20,n,7852
2015/01/30,37,9:56:00 PM,Friday,Steeles & Islington,Mechanical,27,54,S,1211
2015/01/30,86,10:08:00 PM,Friday,Old Kingston Rd & Highland Creek,Emergency Services,10,20,WB,7542
2015/01/30,24,10:09:00 PM,Friday,Victoria Park/Valdane Dr,Mechanical,10,20,s,7836
2015/01/30,112,10:20:00 PM,Friday,Kipling stn.,Investigation,18,36,s/b,8039
2015/01/30,89,10:33:00 PM,Friday,keele stn,Mechanical,12,24,n/b,1035
2015/01/30,123,11:57:00 PM,Friday,Shorncliffe/Lockport,Mechanical,25,50,s/b,8097
2015/01/31,54,12:55:00 AM,Saturday,Lawrence & Morningside,Emergency Services,20,40,WB,7608
2015/01/31,59,1:00:00 AM,Saturday,Lawrence W. Station,Mechanical,13,26,W,1683
2015/01/31,133,1:02:00 AM,Saturday,STC Stn,Mechanical,13,26,n,1805
2015/01/31,54,1:17:00 AM,Saturday,Lawrence East RT,Mechanical,10,20,WB,7452
2015/01/31,130,1:18:00 AM,Saturday,STC,Diversion,1,30,N,1776
2015/01/31,319,2:25:00 AM,Saturday,Steeles Loop & Martingrove,Mechanical,15,30,E,1330
2015/01/31,320,3:10:00 AM,Saturday,Queens Quay,Mechanical,4,7,N,8387
2015/01/31,320,3:24:00 AM,Saturday,Steeles Loop,Investigation,4,7,S,8370
2015/01/31,20,5:08:00 AM,Saturday,Main Stn.,Late Leaving Garage,20,40,e,7706
2015/01/31,300,5:15:00 AM,Saturday,East Mall,General Delay,30,60,W,7828
2015/01/31,63,5:30:00 AM,Saturday,Liberty Village,Mechanical,10,20,n,1626
2015/01/31,70,5:33:00 AM,Saturday,Eglinton Yard,Mechanical,22,44,NB,7676
2015/01/31,29,5:36:00 AM,Saturday,Wilson Stn,Mechanical,5,10,,9428
2015/01/31,60,5:40:00 AM,Saturday,Finch Stn,Late Leaving Garage,20,40,,1305
2015/01/31,32,5:50:00 AM,Saturday,Eglinton Ave W at Northcliffe Blvd,Mechanical,15,30,e,1044
2015/01/31,11,6:17:00 AM,Saturday,Davisville Stn,Mechanical,24,48,N,8144
2015/01/31,29,6:20:00 AM,Saturday,Wilson Stn,Utilized Off Route,7,15,,8147
2015/01/31,60,6:28:00 AM,Saturday,Signal Hill,Late Leaving Garage,14,28,,1248
2015/01/31,60,6:29:00 AM,Saturday,Steele and Hwy 27,Mechanical,15,29,,1285
2015/01/31,74,7:00:00 AM,Saturday,Mt. Pleasant Loop,Late Leaving Garage,30,60,sb,8193
2015/01/31,196,7:00:00 AM,Saturday,Wilson Garage,Late Leaving Garage,15,30,,8179
2015/01/31,36,7:24:00 AM,Saturday,Arrow Rd and Finch,Late Leaving Garage,6,14,,9121
2015/01/31,191,7:47:00 AM,Saturday,Kipling Station,Late Leaving Garage,13,27,,7951
2015/01/31,25,7:57:00 AM,Saturday,Don Mills and Steeles,Investigation,10,20,SB,7530
2015/01/31,25,7:57:00 AM,Saturday,DonMills and steles,Investigation,10,20,SB,7530
2015/01/31,35,8:20:00 AM,Saturday,Weston Rd.,Mechanical,8,16,s,1368
2015/01/31,24,8:25:00 AM,Saturday,VP at Steeles,Late Leaving Garage,10,20,s,7800
2015/01/31,199,8:52:00 AM,Saturday,Finch Stn,Mechanical,8,16,E/B,1749
2015/01/31,125,8:59:00 AM,Saturday,Bathurst and Antibes,Mechanical,17,32,e,8169
2015/01/31,81,9:00:00 AM,Saturday,Pape Stn.,Mechanical,8,16,n,7772
2015/01/31,94,9:00:00 AM,Saturday,Wellesley Station,Mechanical,17,34,w,1062
2015/01/31,165,9:02:00 AM,Saturday,YKMS,Mechanical,35,70,N,1399
2015/01/31,20,9:06:00 AM,Saturday,Main Stn.,Late Leaving Garage,18,36,e,7689
2015/01/31,161,9:12:00 AM,Saturday,Jane St at Alliance Ave,Mechanical,12,24,e,1551
2015/01/31,43,9:12:00 AM,Saturday,PASSMORE / KENNEDY,Late Leaving Garage,15,21,NB,7609
2015/01/31,34,9:16:00 AM,Saturday,kennedy Station,Late Leaving Garage,8,14,WB,7512
2015/01/31,21,9:26:00 AM,Saturday,Kennedy Stn.,Late Leaving Garage,20,40,n,8113
2015/01/31,196,9:36:00 AM,Saturday,Downsview Stn,Mechanical,12,24,n,8331
2015/01/31,36,9:47:00 AM,Saturday,Humberwood Loop,Late Leaving Garage,7,14,,9115
2015/01/31,29,9:50:00 AM,Saturday,Duffrin and Gordon,Utilized Off Route,4,9,sb,8371
2015/01/31,36,9:50:00 AM,Saturday,Finch Station,Late Leaving Garage,6,12,,9123
2015/01/31,63,9:53:00 AM,Saturday,Liberty Village,Utilized Off Route,0,0,n,1617
2015/01/31,21,9:57:00 AM,Saturday,Kennedy Stn.,Mechanical,20,40,n,7762
2015/01/31,79,10:00:00 AM,Saturday,Runnymede station,Mechanical,20,0,n,1249
2015/01/31,52,10:02:00 AM,Saturday,Martingrove / Tollington,Late Leaving Garage,15,30,ew,1569
2015/01/31,25,10:14:00 AM,Saturday,Don Mills and Sheppard,Mechanical,6,11,NB,7536
2015/01/31,6,10:15:00 AM,Saturday,Bedford / Davenport,Late Leaving Garage,15,30,s,1325
2015/01/31,130,10:18:00 AM,Saturday,Middlefield at Finch,Mechanical,30,30,S/B,1131
2015/01/31,199,10:34:00 AM,Saturday,STC,Utilized Off Route,8,16,W/B,1112
2015/01/31,63,10:36:00 AM,Saturday,EWST,Mechanical,6,13,s,1617
2015/01/31,102,10:37:00 AM,Saturday,Warden Station,Investigation,11,22,NB,7824
2015/01/31,25,10:45:00 AM,Saturday,Pape Station,Mechanical,6,12,,7555
2015/01/31,53,11:01:00 AM,Saturday,Steels at yonge,Diversion,31,37,E/B,1746
2015/01/31,32,11:10:00 AM,Saturday,Eglinton Ave W at Weston Rd,Diversion,20,30,w,1556
2015/01/31,87,11:40:00 AM,Saturday,Broadview Stn.,Late Leaving Garage,13,26,e,8102
2015/01/31,95,11:43:00 AM,Saturday,Kingston Loop Cul de Sac,Mechanical,18,36,w/b,1725
2015/01/31,41,12:00:00 PM,Saturday,Entire route,General Delay,30,14,b/w,
2015/01/31,195,12:00:00 PM,Saturday,York U Commons to Jane Station,General Delay,12,20,B/W,
2015/01/31,35,12:00:00 PM,Saturday,Jane and Steeles to Jane Station,General Delay,10,20,B/W,
2015/01/31,12,12:00:00 PM,Saturday,Kingston rd route,General Delay,17,34,b/w,7724
2015/01/31,24,12:04:00 PM,Saturday,VP at Steeles,Late Leaving Garage,8,16,s,7694
2015/01/31,41,12:07:00 PM,Saturday,Founders and Steeles,Late Leaving Garage,7,14,s/b,1656
2015/01/31,774,12:20:00 PM,Saturday,Jane Station,Utilized Off Route,5,10,N/B,1296
2015/01/31,774,12:20:00 PM,Saturday,Steeles and Jane,Utilized Off Route,5,10,S/B,1327
2015/01/31,68,12:26:00 PM,Saturday,Warden & Hymus,Investigation,10,20,S,7518
2015/01/31,54,12:27:00 PM,Saturday,Bayview and Eglinton,Mechanical,16,32,WB,7636
2015/01/31,35,12:32:00 PM,Saturday,Jane and Pendeen,Mechanical,10,20,S/B,1688
2015/01/31,116,12:41:00 PM,Saturday,Morningside / Staines,Late Leaving Garage,7,13,SB,7449
2015/01/31,100,12:45:00 PM,Saturday,Broadview Stn,Mechanical,9,18,,7426
2015/01/31,32,12:59:00 PM,Saturday,Eglinton and Keele,Mechanical,9,18,E/B,1665
2015/01/31,32,12:59:00 PM,Saturday,Eglinton Stn,Mechanical,9,18,W/B,1556
2015/01/31,60,1:00:00 PM,Saturday,Steeles West route,General Delay,18,26,B,1305
2015/01/31,52,1:00:00 PM,Saturday,Lawrence west / Weston rd,Investigation,25,42,w,1646
2015/01/31,77,1:00:00 PM,Saturday,Entire Route,General Delay,20,40,B/W,1582
2015/01/31,29,1:00:00 PM,Saturday,Dufferin and Preston,Mechanical,3,6,s,8148
2015/01/31,43,1:00:00 PM,Saturday,43 Kennedy,General Delay,12,21,,
2015/01/31,100,1:00:00 PM,Saturday,Eglinton Station,Mechanical,9,18,,7599
2015/01/31,29,1:00:00 PM,Saturday,Dufferin and Davenport,Mechanical,5,10,n,8312
2015/01/31,41,1:03:00 PM,Saturday,Founders and Steeles,Late Leaving Garage,7,14,s/b,1569
2015/01/31,16,1:08:00 PM,Saturday,Warden stn.,Mechanical,10,20,s/b,7760
2015/01/31,54,1:09:00 PM,Saturday,Eglinton Stn,Mechanical,15,30,E,7529
2015/01/31,84,1:11:00 PM,Saturday,Easton Rd,Investigation,6,12,E,1294
2015/01/31,54,1:25:00 PM,Saturday,Brimorton & Orton Park,Mechanical,15,30,E,7408
2015/01/31,23,1:27:00 PM,Saturday,Main stn.,Mechanical,10,20,n/b,7699
2015/01/31,102,1:35:00 PM,Saturday,Mc Niccol,Late Leaving Garage,19,28,n/b,7791
2015/01/31,165,1:51:00 PM,Saturday,Finch,Mechanical,8,16,N,1247
2015/01/31,53,1:58:00 PM,Saturday,Steeles/Brimley,Mechanical,12,24,WB,1398
2015/01/31,24,2:00:00 PM,Saturday,Victoria Park Stn to Steeles Loop,General Delay,15,10,B/W,
2015/01/31,102,2:10:00 PM,Saturday,Markham/Eglinton,Investigation,9,19,n/b,7696
2015/01/31,108,2:27:00 PM,Saturday,Driftwood and Finch,Mechanical,8,15,S/B,1271
2015/01/31,41,2:39:00 PM,Saturday,Keele station,Mechanical,7,14,n/b,9135
2015/01/31,29,2:40:00 PM,Saturday,Dufferin and Wilson,Mechanical,3,6,s,8385
2015/01/31,47,3:27:00 PM,Saturday,Lansdowne and Queen,Utilized Off Route,18,16,n/b,1529
2015/01/31,774,3:28:00 PM,Saturday,Jane Station,Utilized Off Route,5,10,N/B,1327
2015/01/31,37,3:35:00 PM,Saturday,Islington station,Utilized Off Route,13,26,N,1260
2015/01/31,6,3:35:00 PM,Saturday,Dockside,Utilized Off Route,12,24,n/b,1245
2015/01/31,22,3:41:00 PM,Saturday,Coxwell stn.,Mechanical,9,18,s/b,8112
2015/01/31,29,3:42:00 PM,Saturday,Wilson Stn.,Mechanical,3,6,s,8307
2015/01/31,116,3:45:00 PM,Saturday,Kennedy Station,Utilized Off Route,6,12,NB,7404
2015/01/31,34,3:45:00 PM,Saturday,Kennedy Station,Utilized Off Route,7,13,EB,7559
2015/01/31,85,3:52:00 PM,Saturday,Sheppard @ Warden,Mechanical,5,10,W,1146
2015/01/31,36,4:05:00 PM,Saturday,Finch and Jane,Mechanical,6,11,E,9132
2015/01/31,54,4:05:00 PM,Saturday,Brimorton & Orton Park,Mechanical,15,30,W,7640
2015/01/31,62,4:33:00 PM,Saturday,Mortimer and Woodmount,Investigation,22,44,E/B,7757
2015/01/31,24,4:45:00 PM,Saturday,Victoria Park Stn,Utilized Off Route,8,16,S/B,7847
2015/01/31,36,5:30:00 PM,Saturday,Finch and Islington,Mechanical,6,11,W,9122
2015/01/31,17,5:53:00 PM,Saturday,Birchmount/St.Clair,Mechanical,15,30,s/b,7709
2015/01/31,86,6:04:00 PM,Saturday,Kennedy STN,Utilized Off Route,6,12,EB,7650
2015/01/31,34,6:10:00 PM,Saturday,Kennedy STN,Utilized Off Route,6,13,WB,7539
2015/01/31,70,6:16:00 PM,Saturday,Warden Stn,Mechanical,22,42,W,7664
2015/01/31,47,6:20:00 PM,Saturday,Lansdowne Ave. and College St.,Mechanical,8,16,N,1202
2015/01/31,42,6:24:00 PM,Saturday,Cummer/Victoria Pk,Mechanical,12,24,e/b,8169
2015/01/31,102,6:26:00 PM,Saturday,LINDEN AND ST. CLAIR,Investigation,9,18,SB,7875
2015/01/31,63,6:30:00 PM,Saturday,Entire Route,General Delay,15,25,B/W,
2015/01/31,71,6:32:00 PM,Saturday,Mount Dennis Division,Mechanical,16,32,S/B,1203
2015/01/31,102,6:34:00 PM,Saturday,WARDEN STN,Utilized Off Route,9,18,NB,7730
2015/01/31,79,6:40:00 PM,Saturday,Runnymede stn,Mechanical,10,19,n,1584
2015/01/31,39,6:46:00 PM,Saturday,Finch Station,Mechanical,9,18,EB,1784
2015/01/31,79,6:50:00 PM,Saturday,Runnymede stn,Utilized Off Route,10,20,n,1249
2015/01/31,32,7:00:00 PM,Saturday,Entire Route,General Delay,15,23,B/W,
2015/01/31,102,7:13:00 PM,Saturday,WARDEN STN,Utilized Off Route,9,18,NB,7814
2015/01/31,54,7:42:00 PM,Saturday,Lawrence SRT Stn,Mechanical,19,38,E,7573
2015/01/31,25,7:45:00 PM,Saturday,Don Mills & Donway S,Mechanical,6,16,N,7473
2015/01/31,7,7:50:00 PM,Saturday,bathurst Stn,Investigation,7,15,n,8349
2015/01/31,29,8:20:00 PM,Saturday,Dufferin & Dufferin Park,General Delay,10,18,NB,
2015/01/31,75,8:45:00 PM,Saturday,Sherbourne & Elm,Mechanical,30,60,NB,8206
2015/01/31,89,8:57:00 PM,Saturday,Albion rd / Weston rd,Late Leaving Garage,12,22,s,1497
2015/01/31,97,9:00:00 PM,Saturday,Davisville STN,Utilized Off Route,15,30,NB,8201
2015/01/31,39,9:08:00 PM,Saturday,Baldoon Rd & Finch Av,Late Leaving Garage,20,40,WB,1084
2015/01/31,38,9:11:00 PM,Saturday,W/B Orton Park/Military trial and Ellesmere,Mechanical,10,20,W,1797
2015/01/31,129,9:14:00 PM,Saturday,Steeles & McCowan Rd,Emergency Services,15,30,SB,1123
2015/01/31,196,9:24:00 PM,Saturday,York Commons,Mechanical,15,30,SB,8391
2015/01/31,46,9:35:00 PM,Saturday,martingrove loop,Mechanical,20,40,s/b,1265
2015/01/31,196,9:35:00 PM,Saturday,Keele & Murray Ross,Mechanical,15,30,SB,8158
2015/01/31,86,9:48:00 PM,Saturday,Kennedy STN,Late Leaving Garage,10,20,EB,7602
2015/01/31,106,9:50:00 PM,Saturday,Keele & Sheppard,Mechanical,10,20,EB,8395
2015/01/31,43,9:50:00 PM,Saturday,Kennedy & Ellesmere,Diversion,122,132,SB,7637
2015/01/31,96,10:20:00 PM,Saturday,carrier loop,Mechanical,12,24,s/b,1225
2015/01/31,24,10:35:00 PM,Saturday,MCNICOLL AND VICTORIA PARK,Mechanical,10,20,SB,7714
2015/01/31,22,10:43:00 PM,Saturday,SCARBORO AND KINGSTON,Mechanical,15,30,SB,7838
2015/01/31,29,10:48:00 PM,Saturday,Queen & Dufferin,Mechanical,8,16,NB,8355
2015/01/31,106,11:35:00 PM,Saturday,Downsview STN,Mechanical,12,24,NB,8169
2015/01/31,165,11:38:00 PM,Saturday,Wilson Station,Mechanical,13,27,E4,1380
