Date,Route,Time,Day,Location,Incident,Min Delay,Min Gap,Direction,Vehicle
1-Aug-20,300,02:18,Saturday,BLOOR AND SHAVER,Operations - Operator,6,20,E,8097
1-Aug-20,88,03:17,Saturday,SOUTHVALE AND MILLWOOD,Cleaning,11,42,E,8166
1-Aug-20,51,03:21,Saturday,EGLINTON STATION,Operations - Operator,26,52,N,8135
1-Aug-20,119,03:26,Saturday,DAVISVILLE STATION,Operations - Operator,28,56,,0
1-Aug-20,300,03:27,Saturday,DANFORTH AND GREENWOOD,Emergency Services,17,34,E,9227
1-Aug-20,127,06:28,Saturday,SPADINA STATION,Operations - Operator,22,45,N,0
1-Aug-20,80,08:00,Saturday,HIGH PARK STATION,Mechanical,20,40,W,8089
1-Aug-20,35,08:02,Saturday,JANE AND WILLIAM CRAGG,Security,10,20,S,3324
1-Aug-20,43,08:13,Saturday,MIDLAND AND STEELES,Operations - Operator,10,20,S,8815
1-Aug-20,37,08:28,Saturday,ISLINGTON STATION,Operations - Operator,21,42,N,8086
1-Aug-20,36,10:06,Saturday,FINCH WEST STATION,Collision - TTC,7,13,,3579
1-Aug-20,2,10:29,Saturday,BLOOR AND PARK RD,Security,0,0,E,8659
1-Aug-20,6,11:56,Saturday,BAY AND CUMBERLAND,Emergency Services,23,46,N,3725
1-Aug-20,52,12:14,Saturday,LAWRENCE WEST STATION,Operations - Operator,20,40,E,0
1-Aug-20,6,13:01,Saturday,BAY AND DUNDAS,General Delay,0,0,S,1009
1-Aug-20,108,13:02,Saturday,PIONEER VILLAGE STATIO,Collision - TTC,8,16,S,3339
1-Aug-20,84,13:05,Saturday,SHEPPARD AND WILSON HE,Investigation,6,12,E,3644
1-Aug-20,55,13:11,Saturday,JANE STATION,Operations - Operator,25,50,N,7961
1-Aug-20,32,13:15,Saturday,EGLINTON AND KEELE,Operations - Operator,24,48,W,1411
1-Aug-20,12,14:48,Saturday,KENNEDY STATION,Mechanical,15,30,W,9229
1-Aug-20,92,14:51,Saturday,WOODBINE AND QUEEN,Mechanical,6,12,N,8543
1-Aug-20,125,15:04,Saturday,TORRESDALE AND ANTIBES,Security,15,30,E,1293
1-Aug-20,85,15:09,Saturday,SHEPPARD AND DON MILLS,Mechanical,22,44,E,1658
1-Aug-20,54,15:36,Saturday,LAWRENCE AND GREENBRAE,Emergency Services,15,29,W,8730
1-Aug-20,54,16:46,Saturday,LAWRENCE AND MCCOWAN,Emergency Services,14,28,E,8919
1-Aug-20,102,16:54,Saturday,WARDEN STATION,Security,10,20,S,9209
1-Aug-20,85,17:16,Saturday,DON MILLS STATION,Operations - Operator,22,44,E,0
1-Aug-20,95,17:26,Saturday,YORK MILLS AND FENSIDE,Road Blocked - NON-TTC Collision,33,46,W,0
1-Aug-20,35,17:30,Saturday,JANE AND BEXLEY,Security,8,16,S,3345
1-Aug-20,96,18:19,Saturday,WILSON AND BELGRAVE,Security,0,0,W,3354
1-Aug-20,73,19:01,Saturday,ROYAL YORK STATION,Emergency Services,0,0,,8048
1-Aug-20,89,19:45,Saturday,WESTON AND ROGERS,Mechanical,10,20,S,1147
1-Aug-20,36,20:01,Saturday,FINCH AND JAYZEL,Security,6,12,W,3232
1-Aug-20,2,20:23,Saturday,BLOOR AND RESURRECTION,Mechanical,0,0,E,8080
1-Aug-20,70,20:26,Saturday,ST CLAIR AND WESTBOURN,Road Blocked - NON-TTC Collision,10,34,E,0
1-Aug-20,168,20:50,Saturday,DUNDAS WEST STATION,Security,12,24,E,1409
1-Aug-20,127,20:55,Saturday,DAVENPORT AND LANSDOWN,Security,275,303,W,1529
1-Aug-20,32,22:53,Saturday,EGLINTON AND BATHURST,Mechanical,10,20,W,1555
1-Aug-20,100,00:50,Saturday,BROADVIEW STATION,Security,10,20,,8639
1-Aug-20,100,01:39,Saturday,WOODBINE STATION,Security,0,0,E,3552
1-Aug-20,600,01:59,Saturday,WESTON AND WALSH,Mechanical,10,20,E,3624
1-Aug-20,165,01:59,Saturday,WESTON AND WALSH,Mechanical,10,20,E,3624
2-Aug-20,307,02:20,Sunday,SPADINA AND FRONT,Road Blocked - NON-TTC Collision,212,242,B,8325
2-Aug-20,35,02:52,Sunday,JANE AND PATIKA,Emergency Services,15,0,N,3610
2-Aug-20,39,03:35,Sunday,FINCH AND BATHURST,Security,30,60,W,3406
2-Aug-20,300,05:23,Sunday,KENNEDY STATION,Security,0,0,E,8405
2-Aug-20,302,05:39,Sunday,BINGHAM LOOP,Emergency Services,10,20,S,3429
2-Aug-20,300,05:58,Sunday,KIPLING STATION,Operations - Operator,37,49,W,0
2-Aug-20,315,06:14,Sunday,LONG BRANCH LOOP,Operations - Operator,30,60,E,0
2-Aug-20,353,06:18,Sunday,STAINES AND QUIETBROOK,Security,69,0,S,3442
2-Aug-20,52,06:27,Sunday,PEARSON AIRPORT TERMIN,Mechanical,14,28,E,8150
2-Aug-20,76,07:26,Sunday,ROYAL YORK AND EVANS,Mechanical,12,25,S,7909
2-Aug-20,49,07:30,Sunday,BLOOR AND MARKLAND,Operations - Operator,30,60,W,0
2-Aug-20,48,07:44,Sunday,MILL ROAD LOOP,Mechanical,30,60,E,8050
2-Aug-20,16,07:49,Sunday,BIRCHMOUNT GARAGE,Vision,17,34,N,9213
2-Aug-20,12,08:00,Sunday,KENNEDY STATION,General Delay,15,30,E,3111
2-Aug-20,53,08:27,Sunday,MARKHAM AND PASSMORE,Late Leaving Garage - Mechanical,27,54,E,9079
2-Aug-20,76,08:30,Sunday,KIPLING STATION,Emergency Services,8,16,,8603
2-Aug-20,32,08:47,Sunday,EGLINTON STATION,Mechanical,10,20,W,1062
2-Aug-20,44,09:02,Sunday,KIPLING STATION,Utilized Off Route,17,34,S,7969
2-Aug-20,40,09:03,Sunday,DUNDAS WEST STATION,Mechanical,10,20,E,8097
2-Aug-20,85,09:35,Sunday,MEADOWVALE LOOP,Mechanical,8,16,E,9073
2-Aug-20,96,09:44,Sunday,CARRIER LOOP,Mechanical,20,40,E,3175
2-Aug-20,32,09:51,Sunday,PINE AND LAWERENCE,Cleaning,10,20,N,1423
2-Aug-20,161,12:11,Sunday,99A CORDELLA AVENUE,Security,0,0,E,1107
2-Aug-20,161,12:26,Sunday,CLIFF AND CORDELLA,General Delay,62,77,B,1107
2-Aug-20,999,13:09,Sunday,28 BEATY - BEATY AND K,Utilized Off Route,0,0,,1032
2-Aug-20,79,13:49,Sunday,RUNNYMEDE AND BLOOR,Diversion,121,145,B,3726
2-Aug-20,162,13:51,Sunday,DONWAY AND DON MILLS,Mechanical,0,0,W,1280
2-Aug-20,162,14:06,Sunday,DON MILLS AND THE DONW,Mechanical,0,0,S,1297
2-Aug-20,71,14:09,Sunday,RUNNYMEDE AND BLOOR,General Delay,81,96,B,0
2-Aug-20,54,15:02,Sunday,LESLIE AND OVERLAND,Operations - Operator,0,0,S,8713
2-Aug-20,106,15:20,Sunday,SHEPPARD AND KEELE,Mechanical,0,0,E,1241
2-Aug-20,36,15:34,Sunday,HUMBERLINE AND HUMBER,Collision - TTC,0,0,E,3702
2-Aug-20,45,16:18,Sunday,KIPLING AND KINGSVIEW,Emergency Services,0,0,B,0
2-Aug-20,52,17:15,Sunday,LAWRENCE AND BATHURST,Security,8,16,W,8175
2-Aug-20,11,17:40,Sunday,DAVISVILLE STATION,Mechanical,0,0,,8306
2-Aug-20,94,18:10,Sunday,WELLESLEY AND BAY,Emergency Services,0,0,E,1044
2-Aug-20,25,18:54,Sunday,DON MILLS AND YORK MIL,Mechanical,0,0,S,8738
2-Aug-20,15,19:00,Sunday,RATHBURN AND KIPLING,Security,0,0,W,8029
2-Aug-20,110,19:16,Sunday,ISLINGTON AND EVANS,Security,0,0,N,7941
2-Aug-20,22,20:42,Sunday,KINGSTON AND BROOKSIDE,Security,0,0,W,9236
2-Aug-20,52,20:47,Sunday,DIXON AND MARTIN GROVE,Road Blocked - NON-TTC Collision,0,0,W,0
2-Aug-20,94,20:57,Sunday,WELLESLEY STATION,Mechanical,12,24,,1379
2-Aug-20,35,21:40,Sunday,JANE AND CHAULKFARM,Security,0,0,S,3359
2-Aug-20,22,21:51,Sunday,COXWELL AND QUEEN,Mechanical,10,20,S,8581
2-Aug-20,97,21:55,Sunday,YONGE AND MANOR,Operations - Operator,30,60,S,8108
2-Aug-20,45,21:56,Sunday,KIPLING AND PANORAMA,Cleaning,0,0,N,8436
2-Aug-20,999,22:07,Sunday,BLOOR AND YONGE,Security,0,0,E,3401
2-Aug-20,21,23:11,Sunday,BRIMLEY AND WATERFIELD,Security,44,66,S,3446
2-Aug-20,36,23:58,Sunday,FINCH AND JANE,Security,10,19,E,3199
2-Aug-20,16,00:05,Sunday,WARDEN STATION,Security,30,60,S,3163
2-Aug-20,116,00:40,Sunday,MORNINGSIDE AND KINGST,Cleaning,10,20,N,8835
2-Aug-20,35,00:51,Sunday,JANE STATION,Emergency Services,10,20,E,3209
2-Aug-20,70,01:40,Sunday,COXWELL AND O'CONNOR,Security,0,0,N,8716
3-Aug-20,300,02:09,Monday,BROADVIEW STATION,Operations - Operator,26,45,W,8852
3-Aug-20,352,03:24,Monday,PEARSON AIRPORT - TERM,Operations - Operator,30,60,E,0
3-Aug-20,315,04:00,Monday,EVANS AND BROWNS LINE,Mechanical,30,60,E,7971
3-Aug-20,89,05:51,Monday,WESTON AND SIDNEY BELS,Operations - Operator,26,52,N,1033
3-Aug-20,108,06:45,Monday,SHEPPARD WEST STATION,Collision - TTC,10,20,N,3571
3-Aug-20,163,07:28,Monday,LAWRENCE WEST STATION,Vision,15,30,S,1201
3-Aug-20,33,07:31,Monday,ST. CLAIR WEST STATION,Mechanical,30,60,N,8138
3-Aug-20,116,08:55,Monday,KENNEDY STATION,Vision,8,16,E,8785
3-Aug-20,168,09:57,Monday,AVON LOOP,Vision,10,20,N,1054
3-Aug-20,51,10:04,Monday,EGLINTON STATION,Mechanical,25,50,S,8311
3-Aug-20,80,10:08,Monday,LAKESHORE AND PARKSIDE,General Delay,102,104,E,0
3-Aug-20,96,10:49,Monday,HUMBERLINE AND ALBION,Vision,20,40,E,3360
3-Aug-20,43,10:50,Monday,KENNEDY STATION,Investigation,8,16,,8728
3-Aug-20,36,11:56,Monday,HUMBERLINE BLVD AND HU,Security,5,10,N,3346
3-Aug-20,34,12:10,Monday,EGLINTON AND THE DON V,Cleaning,9,17,W,8698
3-Aug-20,47,12:27,Monday,LANSDOWNE AND QUEEN,Mechanical,18,36,S,1354
3-Aug-20,106,13:02,Monday,THE POND AND NELSON,Security,10,20,W,8102
3-Aug-20,100,13:06,Monday,DON MILLS AND WYNFORD,Mechanical,8,17,S,8668
3-Aug-20,41,13:20,Monday,KEELE AND EGLINTON,Mechanical,11,22,N,1410
3-Aug-20,511,13:27,Monday,KING AND WILSON PARK,Mechanical,5,10,E,1097
3-Aug-20,189,13:36,Monday,ST CLAIR AND OLD STOCK,Collision - TTC,25,50,E,8462
3-Aug-20,54,14:07,Monday,LAWRENCE AND WARDEN,Mechanical,18,35,E,8685
3-Aug-20,165,14:31,Monday,WILSON STATION,Mechanical,10,20,E,3598
3-Aug-20,86,14:55,Monday,KINGSTON AND GALLOWAY,Mechanical,8,16,E,8790
3-Aug-20,63,15:01,Monday,OAKWOOD AND ST CLAIR,General Delay,6,12,S,1211
3-Aug-20,52,15:37,Monday,LAWRENCE WEST STATION,Mechanical,7,14,,8393
3-Aug-20,96,16:02,Monday,CASRRIER LOOP,Mechanical,20,40,E,3348
3-Aug-20,102,16:07,Monday,MARKHAM AND SELECT AV,Mechanical,10,20,N,8482
3-Aug-20,97,16:57,Monday,EGLINTON STATION,Mechanical,15,30,S,1253
3-Aug-20,45,16:58,Monday,KIPLING AND BETHRIDGE,Collision - TTC,10,20,S,7969
3-Aug-20,32,16:59,Monday,PINE AND LAWRENCE,Mechanical,10,20,N,1281
3-Aug-20,63,17:01,Monday,OSSINGTON AND DEWSON,Security,7,13,N,8110
3-Aug-20,59,17:21,Monday,KEELE AND INGRAM,General Delay,228,258,B,3369
3-Aug-20,87,17:22,Monday,COSBURN AND COXWELL,Emergency Services,10,20,E,8591
3-Aug-20,32,17:29,Monday,EGLINTON STATION,Mechanical,20,40,,1265
3-Aug-20,7,17:41,Monday,BATHURST AND ANTIBES,Security,8,15,S,8146
3-Aug-20,32,17:50,Monday,EGLINTON AND ALLEN,Cleaning,20,40,W,1080
3-Aug-20,102,18:18,Monday,SELECT AND TAPSCOTT,Mechanical,10,20,E,8482
3-Aug-20,900,19:23,Monday,KIPLING STATION,Mechanical,12,24,S,8008
3-Aug-20,32,19:30,Monday,EGLINTON STATION,Mechanical,10,20,,1142
3-Aug-20,29,20:05,Monday,SPRINGHURST LOOP,Mechanical,4,8,N,1012
3-Aug-20,77,20:19,Monday,SOUTHPORT AND WINDERME,Emergency Services,15,30,S,1066
3-Aug-20,111,21:32,Monday,EAST MALL AND BLOOR,General Delay,223,243,B,0
3-Aug-20,126,21:44,Monday,ST CLAIR AND BATHURST,General Delay,19,49,N,1038
3-Aug-20,102,22:33,Monday,WARDEN STATION,Vision,50,100,N,8551
3-Aug-20,93,22:37,Monday,WOODBINE AND O'CONNOR,Security,10,20,S,8958
3-Aug-20,129,23:21,Monday,MAJOR MACKENZIE AND RI,Mechanical,45,90,S,1336
3-Aug-20,36,00:28,Monday,FINCH AND HWY 27,Collision - TTC,10,20,E,3269
3-Aug-20,116,00:55,Monday,MORNINGSIDE AND STAINE,Emergency Services,0,0,N,8699
3-Aug-20,39,01:40,Monday,NEILSON AND CROW TRAIL,Cleaning,20,40,W,9084
4-Aug-20,300,02:20,Tuesday,BLOOR AND SPADINA,Cleaning,15,30,W,3105
4-Aug-20,320,03:37,Tuesday,STEELES AND YONGE,Security,0,0,E,8692
4-Aug-20,70,05:00,Tuesday,COXWELL STATION,Operations - Operator,20,20,N,8807
4-Aug-20,111,05:25,Tuesday,EGLINTON AND MARTIN GR,Operations - Operator,20,34,N,0
4-Aug-20,123,05:41,Tuesday,KIPLING STATION,Operations - Operator,38,38,S,0
4-Aug-20,32,05:51,Tuesday,EGLINTON AND WESTON,Mechanical,7,14,E,1095
4-Aug-20,37,05:59,Tuesday,ISLINGTON AND JUTLAND,Mechanical,17,34,S,8057
4-Aug-20,111,06:11,Tuesday,THE EAST MALL AND BLOO,General Delay,122,124,B,8018
4-Aug-20,54,06:13,Tuesday,LAWRENCE AND PORT UNIO,Vision,11,22,W,8862
4-Aug-20,32,06:15,Tuesday,EGLINTON STATION,Mechanical,3,6,W,3735
4-Aug-20,25,06:40,Tuesday,PAPE STATION,Mechanical,6,12,S,8668
4-Aug-20,11,07:25,Tuesday,DAVISVILLE STATION,Mechanical,9,18,N,8186
4-Aug-20,12,07:33,Tuesday,KINGSTON AND FALLINBRO,Mechanical,10,20,E,3108
4-Aug-20,162,07:54,Tuesday,LAWRENCE AND THE DONWA,General Delay,261,291,E,8148
4-Aug-20,97,08:03,Tuesday,DAVISVILLE STATION,Operations - Operator,30,60,N,1214
4-Aug-20,72,08:40,Tuesday,PAPE STATION,Utilized Off Route,21,42,S,8409
4-Aug-20,56,08:45,Tuesday,MILLWOOD AND VILLAGE S,Mechanical,19,38,N,1334
4-Aug-20,84,08:51,Tuesday,SHEPPARD AND OAKDALE,Mechanical,18,36,E,3707
4-Aug-20,32,09:00,Tuesday,EGLINTON STATION,Investigation,10,23,,3725
4-Aug-20,109,09:07,Tuesday,RAJAH AND WASDALE,General Delay,225,240,E,0
4-Aug-20,29,09:10,Tuesday,DUFFERIN AND WILSON,Operations - Operator,30,47,,1038
4-Aug-20,34,09:12,Tuesday,EGLINTON STATION,Investigation,12,24,,8831
4-Aug-20,47,09:13,Tuesday,LANSDOWNE STATION,Operations - Operator,24,58,S,1092
4-Aug-20,73,09:34,Tuesday,ROYAL YORK AND WESTON,Mechanical,17,34,N,7971
4-Aug-20,76,10:06,Tuesday,ROYAL YORK AND MANITOB,Emergency Services,10,20,N,8463
4-Aug-20,14,10:20,Tuesday,TYCOS AND CALEDONIA,Mechanical,24,48,W,1005
4-Aug-20,54,10:20,Tuesday,ORTON PARK AND BRIMORT,Mechanical,11,22,W,8818
4-Aug-20,64,10:21,Tuesday,MAIN AND QUEEN,Mechanical,10,20,S,8526
4-Aug-20,96,10:28,Tuesday,ALBION AND CARRIER,Mechanical,24,48,E,3337
4-Aug-20,24,10:36,Tuesday,SHEPPARD AND BRIAN,Mechanical,10,20,W,8593
4-Aug-20,29,10:44,Tuesday,WILSON STATION,Mechanical,8,17,S,1040
4-Aug-20,165,10:51,Tuesday,WALSH AND WESTON,Collision - TTC,6,12,E,3184
4-Aug-20,36,11:03,Tuesday,FINCH AND ARROW,Road Block - Non-TTC Collision,0,0,B,0
4-Aug-20,29,11:04,Tuesday,WILSON STATION,Mechanical,8,16,W,9055
4-Aug-20,74,11:21,Tuesday,ST CLAIR STATION,Operations - Operator,29,57,N,8349
4-Aug-20,135,11:44,Tuesday,GERRARD AND VICTORIA P,Mechanical,20,40,W,8581
4-Aug-20,17,11:50,Tuesday,BIRCHMOUNT AND STEELES,Vision,13,26,S,8959
4-Aug-20,189,11:51,Tuesday,ST CLAIR AND BRITANNIA,Mechanical,20,40,W,7927
4-Aug-20,72,11:55,Tuesday,CARLAW AND COMMISSIONE,Road Blocked - NON-TTC Collision,117,136,B,8956
4-Aug-20,163,12:12,Tuesday,LAWRENCE WEST STATION,Cleaning,12,24,S,1277
4-Aug-20,40,12:30,Tuesday,DUNDAS AND CORDOVA,Cleaning,15,30,E,8422
4-Aug-20,54,12:39,Tuesday,LAWRENCE AND WARDEN,Mechanical,22,44,W,8818
4-Aug-20,506,13:07,Tuesday,COLLEGE AND YONGE,Investigation,6,12,E,8454
4-Aug-20,117,13:25,Tuesday,DUFFERIN AND STEELES,Mechanical,10,30,S,8190
4-Aug-20,41,13:45,Tuesday,ROGERS AND REGENT,Collision - TTC,12,29,W,9039
4-Aug-20,53,13:57,Tuesday,FINCH STATION,Emergency Services,10,20,S,3553
4-Aug-20,5,14:28,Tuesday,EGLINTION STATION,Mechanical,30,60,S,8147
4-Aug-20,106,14:30,Tuesday,SHEPPARD WEST STATION,Collision - TTC,12,24,,8150
4-Aug-20,16,14:30,Tuesday,WARDEN STATION,Cleaning,10,23,S,8491
4-Aug-20,83,14:45,Tuesday,DONLANDS STATION,Late Leaving Garage - Mechanical,14,28,N,8563
4-Aug-20,165,14:49,Tuesday,STEELES AND BARMAC,Mechanical,9,13,S,3217
4-Aug-20,25,14:54,Tuesday,DON MILLS AND LAWRENCE,Emergency Services,10,20,N,8767
4-Aug-20,123,15:10,Tuesday,NORTH QUEEN AND MANSTO,Mechanical,20,40,N,8064
4-Aug-20,110,15:11,Tuesday,JUDSON AND HORNER,Road Blocked - NON-TTC Collision,41,53,B,8042
4-Aug-20,900,15:15,Tuesday,KIPLING STATION,Mechanical,12,24,N,7977
4-Aug-20,32,15:19,Tuesday,EGLINTON AND DUPLEX,Mechanical,10,20,W,1062
4-Aug-20,84,15:21,Tuesday,STEELES AND JANE,Mechanical,30,61,E,3572
4-Aug-20,133,15:24,Tuesday,SCARBOROUGH CENTRE STA,Cleaning,11,22,N,3538
4-Aug-20,83,15:27,Tuesday,DONLANDS STATION,Mechanical,14,28,W,8563
4-Aug-20,105,15:37,Tuesday,SHEPPARD WEST STATION,Mechanical,12,24,N,8129
4-Aug-20,92,15:38,Tuesday,WOODBINE STATION,Late Leaving Garage - Mechanical,9,17,W,8545
4-Aug-20,50,15:42,Tuesday,ISLINGTON STATION,Mechanical,17,34,W,8062
4-Aug-20,60,15:54,Tuesday,FINCH STATION,Mechanical,8,16,W,3336
4-Aug-20,16,15:56,Tuesday,WARDEN STATION,Cleaning,10,20,N,8528
4-Aug-20,161,16:23,Tuesday,JANE AND ALLIANCE,Operations - Operator,23,46,E,1020
4-Aug-20,41,16:31,Tuesday,KEELE AND LAWRENCE,Emergency Services,7,22,N,9137
4-Aug-20,84,16:49,Tuesday,BRADSTOCK AND WESTON,Operations - Operator,15,30,E,3306
4-Aug-20,97,17:03,Tuesday,YORK MILLS STATION,Operations - Operator,30,60,,1249
4-Aug-20,107,17:06,Tuesday,ST REGIS AND CERAMIC,Investigation,0,0,W,3628
4-Aug-20,161,17:11,Tuesday,ROGERS AND KEELE,Mechanical,23,46,E,1131
4-Aug-20,68,17:11,Tuesday,WARDEN STATION,Mechanical,9,17,N,8806
4-Aug-20,34,17:17,Tuesday,EGLINTON AND SWIFT,Collision - TTC,0,0,W,8763
4-Aug-20,41,17:24,Tuesday,YORK UNIVERSITY,Collision - TTC,8,24,,9031
4-Aug-20,80,17:30,Tuesday,HIGH PARK STATION,Operations - Operator,20,40,W,8449
4-Aug-20,133,17:54,Tuesday,SCARBOROUGH CENTRE STA,Cleaning,11,22,N,3405
4-Aug-20,102,17:58,Tuesday,MARKHAM AND ELLESMERE,Collision - TTC,22,44,S,9207
4-Aug-20,24,18:03,Tuesday,CONSUMERS AND WILLIAM,Security,13,26,W,8599
4-Aug-20,32,18:17,Tuesday,EGLINTON AND KEELE,Mechanical,10,20,E,1101
4-Aug-20,41,18:22,Tuesday,HIGH PARK STATION,Mechanical,15,30,W,9029
4-Aug-20,11,18:48,Tuesday,BAYVIEW AND STEELES,Mechanical,8,27,S,8324
4-Aug-20,98,18:54,Tuesday,SHEPPARD STATION,Mechanical,12,24,N,8196
4-Aug-20,12,19:09,Tuesday,VICTORIA PARK AND GERR,Mechanical,21,43,N,8581
4-Aug-20,9,19:16,Tuesday,ST CLAIR AND BIRCHMOUN,Security,18,36,W,8538
4-Aug-20,31,19:29,Tuesday,GREENWOOD STATION,Mechanical,12,24,S,9202
4-Aug-20,7,19:50,Tuesday,BATHURST AND WILSON,Mechanical,7,12,N,1296
4-Aug-20,70,20:01,Tuesday,COXWELL AND GLEBEHOLME,Road Blocked - NON-TTC Collision,103,108,S,8895
4-Aug-20,85,20:07,Tuesday,MEADOWVALE LOOP,Security,10,20,W,3565
4-Aug-20,120,20:33,Tuesday,WILSON AND MANIZA,Operations - Operator,30,60,W,3190
4-Aug-20,32,20:53,Tuesday,EGLINTON AND KEELE,Operations - Operator,20,30,E,1094
4-Aug-20,96,20:55,Tuesday,CARRIER LOOP,Emergency Services,20,40,,3366
4-Aug-20,54,21:02,Tuesday,LAWRENCE AT HOMESTEAD,Security,15,31,E,8820
4-Aug-20,6,21:12,Tuesday,BAY AND YORKVILLE,Mechanical,30,60,N,1061
4-Aug-20,61,21:42,Tuesday,EGLINTON STATION,Operations - Operator,20,40,N,8173
4-Aug-20,34,21:51,Tuesday,EGLINTON AND LESLIE,Mechanical,7,22,W,8813
4-Aug-20,89,22:35,Tuesday,WESTON AND LAWRENCE,Emergency Services,72,82,N,9144
4-Aug-20,52,22:44,Tuesday,LAWRENCE AND WESTON,General Delay,21,29,,0
4-Aug-20,89,22:46,Tuesday,WESTON AND KING,General Delay,10,20,S,9052
4-Aug-20,54,00:07,Tuesday,LAWRENCE AND DON MILLS,Security,23,46,E,8784
4-Aug-20,72,00:27,Tuesday,PAPE STATION,Emergency Services,0,0,,9238
4-Aug-20,69,01:28,Tuesday,WARDEN STATION,Emergency Services,0,0,S,8478
5-Aug-20,320,02:44,Wednesday,YONGE AND BLOOR,Security,0,0,S,8583
5-Aug-20,35,04:50,Wednesday,JANE AND CHURCH,Mechanical,16,32,N,3269
5-Aug-20,34,04:57,Wednesday,FINCH AND KENNEDY (WES,Collision - TTC,0,0,W,8686
5-Aug-20,307,05:34,Wednesday,BATHURST AND WILSON,Mechanical,15,30,N,8130
5-Aug-20,34,05:48,Wednesday,EGLINTON STATION,Mechanical,12,25,E,8818
5-Aug-20,85,06:06,Wednesday,SHEPPARD AND MALVERN G,Mechanical,7,19,E,9001
5-Aug-20,34,06:16,Wednesday,FINCH AND FINCHDENE SQ,Emergency Services,0,0,S,8651
5-Aug-20,85,06:23,Wednesday,SHEPPARD AND MALVERN G,Mechanical,7,19,E,9001
5-Aug-20,32,06:36,Wednesday,PINE SOUTH OF LAWRENCE,Security,8,15,N,1007
5-Aug-20,9,07:15,Wednesday,MCCOWAN AND BRIDLEGROV,Mechanical,23,23,N,8528
5-Aug-20,32,07:55,Wednesday,EGLINTON AND BICKNELL,Collision - TTC,10,20,E,1067
5-Aug-20,89,08:02,Wednesday,WESTON AND RAY AVE,Security,7,10,S,9151
5-Aug-20,75,08:11,Wednesday,SHERBOURNE AND BLOOR,Mechanical,10,20,N,8382
5-Aug-20,86,09:14,Wednesday,KENNEDY STATION,Mechanical,6,10,S,8755
5-Aug-20,7,09:48,Wednesday,BATHURST AND WILSON,Mechanical,8,16,S,8147
5-Aug-20,927,10:16,Wednesday,HWY 27 AND HUMBER COLL,Collision - TTC,7,13,E,3196
5-Aug-20,29,11:05,Wednesday,DUFFERIN GATE LOOP,Mechanical,5,10,N,1575
5-Aug-20,72,11:11,Wednesday,PAPE STATION,Mechanical,19,38,N,8957
5-Aug-20,86,11:49,Wednesday,KINGSTON AND POPLAR,Security,11,22,S,8778
5-Aug-20,96,12:36,Wednesday,WILSON AND JANE,Mechanical,24,48,W,3650
5-Aug-20,12,13:10,Wednesday,KINGSTON AND GLEN EVER,Operations - Operator,12,24,W,9207
5-Aug-20,22,13:29,Wednesday,COXWELL STATION,Mechanical,8,17,S,3166
5-Aug-20,96,13:45,Wednesday,WILSON AND JANE,Mechanical,24,48,W,3650
5-Aug-20,16,13:54,Wednesday,ST CLAIR AND KENNEDY,Security,10,20,W,8959
5-Aug-20,69,13:56,Wednesday,BIRCHMOUNT AND DANFORT,Mechanical,11,22,N,8592
5-Aug-20,12,14:21,Wednesday,MORNINGSIDE AND ELLESM,Operations - Operator,22,0,E,8489
5-Aug-20,85,14:42,Wednesday,SHEPPARD AND PARKWAY F,Emergency Services,15,30,E,9084
5-Aug-20,85,14:48,Wednesday,SHEPPARD AND PARKWAY F,Investigation,7,14,E,3533
5-Aug-20,66,14:51,Wednesday,PRINCE EDWARD AND BLOO,Investigation,24,42,S,7951
5-Aug-20,109,14:55,Wednesday,YORKDALE STATION,Mechanical,15,30,S,1373
5-Aug-20,109,14:55,Wednesday,RANEE AND FLEMMINGTON,Mechanical,15,30,W,1373
5-Aug-20,109,14:55,Wednesday,YORKDALE STATION,Mechanical,15,30,S,1373
5-Aug-20,16,15:27,Wednesday,WARDEN STATION,Cleaning,10,20,,8554
5-Aug-20,116,15:32,Wednesday,MORNINGSIDE AND LAWREN,Emergency Services,8,12,S,8781
5-Aug-20,100,15:34,Wednesday,WYNFORD AND WYNFORD HE,Collision - TTC,9,18,N,8776
5-Aug-20,75,15:39,Wednesday,GLEN AND SOUTH DRIVE,Road Block - Non-TTC Collision,0,0,S,0
5-Aug-20,21,16:02,Wednesday,BRIMLEY AND EAGLEDANCE,Mechanical,10,22,N,3501
5-Aug-20,84,16:06,Wednesday,SHEPPARD AND BATHURST,Security,16,30,W,3242
5-Aug-20,102,16:11,Wednesday,CENTENNIAL COLLEGE,General Delay,11,22,,3147
5-Aug-20,21,16:12,Wednesday,BRIMLEY AND FINCH,Mechanical,10,22,E,3501
5-Aug-20,160,16:22,Wednesday,BATHURST AND SHEPPARD,Security,24,48,N,8196
5-Aug-20,41,16:27,Wednesday,KEELE AND GEORGE APPLE,Mechanical,12,24,S,9052
5-Aug-20,41,16:27,Wednesday,KEELE AND GEORGE APPLE,Mechanical,12,24,N,9052
5-Aug-20,63,16:36,Wednesday,DUFFERIN AND HUNTER,Mechanical,5,10,N,1321
5-Aug-20,108,16:41,Wednesday,PIONEER VILLAGE STATIO,Security,10,17,,3247
5-Aug-20,32,16:47,Wednesday,EGLINTON AND SPADINA,Collision - TTC,10,20,E,3728
5-Aug-20,54,17:06,Wednesday,LAWRENCE AND PRUDENTIA,Road Blocked - NON-TTC Collision,12,25,E,8680
5-Aug-20,25,17:20,Wednesday,DON MILLS AND OVERLEA,Collision - TTC,6,11,W,8764
5-Aug-20,110,17:32,Wednesday,LONG BRANCH LOOP,Operations - Operator,24,48,N,7919
5-Aug-20,61,17:54,Wednesday,AVENUE AND LYTTON,Investigation,0,0,N,8377
5-Aug-20,110,18:27,Wednesday,ISLINGTON AND TITAN,Mechanical,24,48,N,8088
5-Aug-20,36,19:07,Wednesday,FINCH AND ARDWICK,Mechanical,7,14,E,9116
5-Aug-20,41,19:39,Wednesday,KEELE AND INGRAM,Road Blocked - NON-TTC Collision,17,34,N,9020
5-Aug-20,133,19:46,Wednesday,SCARBOROUGH CENTRE STA,Cleaning,11,22,N,1393
5-Aug-20,22,20:14,Wednesday,KINGSTON AND LAWLOR,Mechanical,11,22,W,8502
5-Aug-20,7,20:21,Wednesday,CARPENTER AND STEELES,Security,5,11,N,8322
5-Aug-20,123,20:43,Wednesday,KIPLING STATION,Mechanical,24,48,W,8073
5-Aug-20,52,21:11,Wednesday,LAWRENCE STATION,Mechanical,11,23,,8218
5-Aug-20,36,21:35,Wednesday,FINCH AND YORK GATE,Collision - TTC,8,16,W,9118
5-Aug-20,50,21:38,Wednesday,EGLINTON STATION,Operations - Operator,22,44,W,1223
5-Aug-20,36,21:46,Wednesday,FINCH AND YORK GATE,Road Blocked - NON-TTC Collision,14,22,W,9117
5-Aug-20,41,22:03,Wednesday,KEELE AND ROGERS,Road Blocked - NON-TTC Collision,108,123,,9030
5-Aug-20,131,22:14,Wednesday,MORNINGVIEW AND SEWELL,Mechanical,15,30,,1320
5-Aug-20,96,23:02,Wednesday,ELMHURST AND HINTON,Mechanical,21,41,W,3358
5-Aug-20,32,23:30,Wednesday,EGLINTON AND GLENHOLME,Investigation,40,51,B,0
5-Aug-20,72,00:19,Wednesday,PAPE STATION,Mechanical,18,36,,3114
5-Aug-20,2,00:19,Wednesday,DANFORTH AND CHESTER,Security,2,4,E,3444
5-Aug-20,52,00:29,Wednesday,DIXON AND ISLINGTON,Road Block - Non-TTC Collision,120,138,E,8354
5-Aug-20,41,00:34,Wednesday,PIONEER VILLAGE STATIO,Mechanical,22,44,,9030
5-Aug-20,602,00:59,Wednesday,WOODBINE STATION,Collision - TTC,2,4,E,3476
5-Aug-20,602,01:00,Wednesday,WOODBINE AND DANFORTH,Collision - TTC,2,4,N,3565
5-Aug-20,602,01:25,Wednesday,COXWELL STATION,Security,2,4,,8353
6-Aug-20,11,02:10,Thursday,BAYVIEW AND BRENHAM,Road Blocked - NON-TTC Collision,0,0,N,0
6-Aug-20,112,02:18,Thursday,KIPLING STATION,Utilized Off Route,24,48,N,8454
6-Aug-20,52,02:20,Thursday,TERMINAL #3 PEARSON AI,Operations - Operator,30,60,E,0
6-Aug-20,102,02:23,Thursday,WARDEN STATION,Cleaning,16,26,N,8554
6-Aug-20,16,02:28,Thursday,WARDEN STATION,Cleaning,10,23,N,8482
6-Aug-20,300,02:45,Thursday,BRIMLEY AND DANFORTH R,Cleaning,17,34,S,8947
6-Aug-20,334,02:56,Thursday,NEILSON RD AND FINCH (,Emergency Services,30,60,S,8937
6-Aug-20,26,03:58,Thursday,JANE TO ST GEORGE,General Delay,0,0,B,0
6-Aug-20,34,05:42,Thursday,EGLINTON STATION,Mechanical,8,16,W,8771
6-Aug-20,39,06:00,Thursday,FINCH STATION,Emergency Services,7,14,W,3475
6-Aug-20,54,06:36,Thursday,EGLINTON GARAGE,Mechanical,9,22,,0
6-Aug-20,29,06:37,Thursday,DUFFERIN AND KING,Security,6,12,N,9024
6-Aug-20,927,06:51,Thursday,HUMBER COLLEGE LOOP,Mechanical,10,20,,3590
6-Aug-20,34,07:41,Thursday,EGLINTON AND BAYVIEW,Collision - TTC,6,12,E,8928
6-Aug-20,60,07:59,Thursday,PIONEER VILLAGE STATIO,Mechanical,8,16,W,3587
6-Aug-20,47,08:16,Thursday,LANSDOWNE AND DUNDAS,Investigation,12,24,N,3731
6-Aug-20,110,08:21,Thursday,12TH AND LAKESHORE,Investigation,115,130,N,0
6-Aug-20,60,08:27,Thursday,FINCH STATION,Operations - Operator,9,12,,3228
6-Aug-20,127,08:31,Thursday,SPADINA STATION,General Delay,65,88,E,1127
6-Aug-20,160,08:57,Thursday,BATHURST AND YORK DOWN,Mechanical,20,40,S,8140
6-Aug-20,60,09:09,Thursday,FINCH STATION,Mechanical,8,16,W,3213
6-Aug-20,32,09:13,Thursday,EGLINTON STATION,Mechanical,10,23,W,1084
6-Aug-20,53,09:19,Thursday,STEELES AND OLD KENNED,Mechanical,12,24,W,3451
6-Aug-20,133,09:29,Thursday,SCARBOROUGH CENTRE STA,Cleaning,11,22,N,3555
6-Aug-20,56,10:17,Thursday,DONLANDS STATION,Mechanical,20,40,,8137
6-Aug-20,90,10:42,Thursday,VAUGHAN AND ARLINGTON,Collision - TTC,10,20,E,1372
6-Aug-20,102,10:50,Thursday,WARDEN STATION,Mechanical,11,22,N,8564
6-Aug-20,94,10:58,Thursday,CASTLE FRANK STATION,Emergency Services,0,0,N,1415
6-Aug-20,96,11:01,Thursday,CARRIER AND ALBION,Mechanical,24,48,E,3597
6-Aug-20,7,11:18,Thursday,BATHURST AND WILSON,Mechanical,10,20,S,1340
6-Aug-20,32,11:49,Thursday,PINE AND LAWRENCE,Mechanical,11,22,E,3728
6-Aug-20,41,12:02,Thursday,KEELE AND YORE,Emergency Services,12,24,N,9038
6-Aug-20,32,12:17,Thursday,EGLINTON AND TARLTON,Emergency Services,11,22,E,1076
6-Aug-20,112,12:21,Thursday,DUNDAS AND HWY 427,Operations - Operator,24,48,S,8459
6-Aug-20,133,12:27,Thursday,MORNINGSIDE AND FINCH,Cleaning,11,22,S,3463
6-Aug-20,133,12:38,Thursday,MORNINGSIDE AND FINCH,Cleaning,11,22,S,3460
6-Aug-20,22,12:56,Thursday,COXWELL AND DANFORTH,Investigation,9,17,N,9234
6-Aug-20,6,12:56,Thursday,QUEEN'S QUAY AND LOWER,Security,0,0,E,1019
6-Aug-20,165,12:56,Thursday,JANE AND WILSON,Mechanical,12,24,E,3223
6-Aug-20,75,13:01,Thursday,SHERBOURNE AND SHUTER,Security,7,14,N,1375
6-Aug-20,17,13:39,Thursday,BIRCHMOUNT AND MCNICOL,Road Blocked - NON-TTC Collision,13,26,S,8515
6-Aug-20,168,13:40,Thursday,AVON LOOP,Operations - Operator,20,40,S,1093
6-Aug-20,96,14:25,Thursday,WILSON AND JANE,Security,24,48,E,3580
6-Aug-20,116,14:36,Thursday,BRIMLEY AND EGLINTON,Operations - Operator,29,59,W,8894
6-Aug-20,34,15:05,Thursday,EGLINTON AND CREDIT UN,Emergency Services,12,24,E,8666
6-Aug-20,163,15:27,Thursday,OAKWOOD AND CLOVELLY,Operations - Operator,11,22,N,8124
6-Aug-20,16,15:41,Thursday,WARDEN STATION,Cleaning,10,20,S,3145
6-Aug-20,165,15:45,Thursday,WALSH AND WESTON,Collision - TTC,4,8,W,3344
6-Aug-20,52,15:53,Thursday,MARTINGROVE AND TOLLIN,Investigation,16,32,S,8123
6-Aug-20,116,15:54,Thursday,MORNINGSIDE AND FINCH,Mechanical,16,24,S,8701
6-Aug-20,102,15:55,Thursday,CENTENNIAL COLLEGE ROA,Operations - Operator,11,22,,3147
6-Aug-20,134,15:58,Thursday,CENTENNIAL COLLEGE LOO,Collision - TTC,8,16,N,3401
6-Aug-20,117,16:10,Thursday,KODIAK AND SHEPPARD,Mechanical,13,26,S,1365
6-Aug-20,63,16:17,Thursday,OSSINGTON STATION,Mechanical,5,10,S,8101
6-Aug-20,161,16:28,Thursday,JANE AND ALLIANCE,Operations - Operator,23,46,E,1061
6-Aug-20,161,16:37,Thursday,JANE AND ALLIANCE,Operations - Operator,23,46,E,1061
6-Aug-20,160,16:50,Thursday,WILSON STATION,Security,0,0,,8214
6-Aug-20,35,16:50,Thursday,JANE STATION,Mechanical,12,24,S,3628
6-Aug-20,165,16:58,Thursday,WILSON STATION,Security,4,8,W,3344
6-Aug-20,129,17:20,Thursday,SCARBOROUGH CTR STATIO,Mechanical,10,20,N,3457
6-Aug-20,35,17:21,Thursday,JANE AND FOXWELL,Collision - TTC,5,10,S,3579
6-Aug-20,165,17:22,Thursday,STEELES AND SIGNET,Mechanical,4,12,W,3610
6-Aug-20,21,17:29,Thursday,SCARBOROUGH CENTRE STA,Operations - Operator,0,0,N,3498
6-Aug-20,76,17:35,Thursday,LAKE SHORE AND MIMICO,Mechanical,8,16,S,7941
6-Aug-20,36,17:55,Thursday,HUMBERWOOD LOOP,Cleaning,7,14,E,9132
6-Aug-20,60,18:17,Thursday,PIONEER VILLAGE STATIO,Mechanical,9,18,E,3213
6-Aug-20,59,18:21,Thursday,LAWRENCE AND DUFFLAW,Mechanical,13,26,E,3365
6-Aug-20,73,18:25,Thursday,ROYAL YORK STATION,Operations - Operator,25,56,N,7948
6-Aug-20,16,18:42,Thursday,WARDEN STATION,Cleaning,10,20,N,3173
6-Aug-20,135,19:08,Thursday,WARDEN STATION,Mechanical,20,40,W,8576
6-Aug-20,17,19:08,Thursday,WARDEN STATION,Mechanical,9,17,,9233
6-Aug-20,37,19:14,Thursday,HUMBERWOOD LOOP,Mechanical,23,46,S,8607
6-Aug-20,60,19:18,Thursday,PIONEER VILLAGE STATIO,Mechanical,9,18,E,3213
6-Aug-20,117,19:26,Thursday,GERRY FITZGERALD AND S,Road Blocked - NON-TTC Collision,35,51,S,8131
6-Aug-20,12,19:33,Thursday,BRIMLEY AND ST CLAIR,Emergency Services,19,39,S,3154
6-Aug-20,32,20:23,Thursday,EGLINTON AND EMMETT,Mechanical,10,30,W,1124
6-Aug-20,47,20:47,Thursday,EARLSCOURT LOOP,Operations - Operator,20,40,N,1416
6-Aug-20,123,21:10,Thursday,THE EAST MALL AND QUEE,Operations - Operator,24,48,S,8037
6-Aug-20,35,22:38,Thursday,JANE AND BEVERLY HILLS,Investigation,0,0,S,3342
6-Aug-20,102,22:46,Thursday,MARKHAM AND SELECT,Emergency Services,0,0,N,3103
6-Aug-20,34,23:44,Thursday,KENNEDY STATION,Operations - Operator,22,33,W,8639
6-Aug-20,34,23:50,Thursday,EGLINTON STATION,Operations - Operator,11,33,,8787
6-Aug-20,20,00:06,Thursday,DANFORTH AND SIBLEY,Mechanical,20,40,E,8953
6-Aug-20,35,00:14,Thursday,JANE STATION,Emergency Services,9,18,,3342
6-Aug-20,57,00:15,Thursday,MIDLAND AND LAWRENCE,Road Blocked - NON-TTC Collision,63,93,S,8761
6-Aug-20,41,00:49,Thursday,PIONEER VILLAGE STATIO,Operations - Operator,0,0,,9038
6-Aug-20,169,01:25,Thursday,DON MILLS STATION,Mechanical,30,0,,8350
7-Aug-20,25,02:21,Friday,DON MILLS STATION,Operations - Operator,34,34,N,8778
7-Aug-20,34,03:06,Friday,EGLINTON STATION,Operations - Operator,30,60,E,0
7-Aug-20,300,03:20,Friday,DANFORTH AND COXWELL,Mechanical,17,34,E,8004
7-Aug-20,67,04:30,Friday,CROSSLAND AND REDDINS,Operations - Operator,10,22,S,0
7-Aug-20,17,04:30,Friday,BIRCHMOUNT AND ELLESME,Road Blocked - NON-TTC Collision,255,275,N,0
7-Aug-20,7,05:06,Friday,BATHURST AND HILLCREST,Mechanical,0,0,N,8306
7-Aug-20,32,05:38,Friday,RENFORTH STATION,Mechanical,7,18,,3728
7-Aug-20,41,05:55,Friday,PIONEER VILLAGE STATIO,Mechanical,16,32,N,9034
7-Aug-20,26,05:55,Friday,RAY AND WESTON,Mechanical,30,60,W,1265
7-Aug-20,36,05:59,Friday,FINCH AND WOODBINE DOW,Vision,6,11,W,9123
7-Aug-20,60,06:11,Friday,PIONEER VILLAGE STATIO,Mechanical,8,16,N,9120
7-Aug-20,11,06:16,Friday,BAYVIEW AND POST,Security,20,40,N,1282
7-Aug-20,66,06:38,Friday,OLD MILLS STATION,Mechanical,10,20,,8439
7-Aug-20,52,06:39,Friday,LAWRENCE AND LORINDALE,Mechanical,18,36,W,1279
7-Aug-20,51,06:58,Friday,LESLIE AND FRANCINE,Mechanical,30,60,S,8183
7-Aug-20,24,07:03,Friday,VICTORIA PARK STATION,Mechanical,5,10,N,3134
7-Aug-20,52,07:07,Friday,LAWRENCE AND CULFORD,Collision - TTC,18,36,E,8344
7-Aug-20,110,07:08,Friday,ISLINGTON AND LAKESHOR,Mechanical,15,30,S,8451
7-Aug-20,110,07:18,Friday,HORNER AND ALDERBRAE,Road Blocked - NON-TTC Collision,150,174,,0
7-Aug-20,39,07:32,Friday,NEILSON AND FINCH,Mechanical,3,7,S,3415
7-Aug-20,113,07:39,Friday,DANFORTH AND LEYTON,Emergency Services,12,24,W,3140
7-Aug-20,53,07:57,Friday,STEELES AND KENNEDY,Collision - TTC,6,12,W,9016
7-Aug-20,12,08:30,Friday,KENNEDY STATION,Mechanical,21,21,N,8496
7-Aug-20,8,08:43,Friday,PLAINS AND COXWELL,Collision - TTC,15,30,W,8537
7-Aug-20,54,08:45,Friday,LAWRENCE EAST STATION,Mechanical,10,20,W,8804
7-Aug-20,24,08:52,Friday,CONSUMERS AND HALLCROW,Security,4,8,E,8577
7-Aug-20,900,08:54,Friday,KIPLING STATION,Mechanical,12,24,E,8008
7-Aug-20,133,09:15,Friday,SCARBOROUGH CENTRE STA,Cleaning,11,22,N,3461
7-Aug-20,66,09:27,Friday,55 MARINE PARADE,Operations - Operator,24,46,N,0
7-Aug-20,37,09:36,Friday,ISLINGTON STATION,Operations - Operator,23,45,N,0
7-Aug-20,133,09:45,Friday,SCARBOROUGH CENTRE STA,Cleaning,11,22,N,3479
7-Aug-20,106,09:46,Friday,SHEPPARD WEST STATION,Mechanical,12,25,N,8340
7-Aug-20,123,09:48,Friday,LONG BRANCH LOOP,Operations - Operator,23,34,N,7950
7-Aug-20,42,10:12,Friday,CUMMER AND BAYVIEW,Mechanical,13,28,W,8196
7-Aug-20,90,10:29,Friday,VAUGHAN AND OAKWOOD,Mechanical,10,20,S,8137
7-Aug-20,6,10:45,Friday,DUPONT AND DAVENPORT,Mechanical,17,34,N,1134
7-Aug-20,97,11:05,Friday,DAVISVILLE STATION,Mechanical,30,60,N,8101
7-Aug-20,133,11:07,Friday,SCARBOROUGH CENTRE STA,Cleaning,11,22,N,3490
7-Aug-20,29,11:38,Friday,DUFFERIN AND COLLEGE,Security,2,4,S,1056
7-Aug-20,24,11:52,Friday,YORKLAND AND CONSUMERS,Mechanical,6,12,W,3137
7-Aug-20,54,12:04,Friday,LAWRENCE AND KINGSTON,Mechanical,11,22,W,8730
7-Aug-20,600,12:30,Friday,ARROW GARAGE,Operations - Operator,1,1,N,3354
7-Aug-20,600,12:30,Friday,ARROW GARAGE,Operations - Operator,1,1,N,3599
7-Aug-20,600,12:30,Friday,ARROW GARAGE,Operations - Operator,1,1,N,0
7-Aug-20,168,13:00,Friday,AVON LOOP,Operations - Operator,20,40,S,1605
7-Aug-20,52,13:01,Friday,AIRPORT AND DERRY,Emergency Services,15,30,S,8141
7-Aug-20,85,13:30,Friday,DON MILLS STATION,Operations - Operator,22,44,E,3457
7-Aug-20,21,13:42,Friday,SCARBOROUGH CENTRE STA,Operations - Operator,26,52,S,1225
7-Aug-20,84,13:51,Friday,SHEPPARD AND BRYANT,Mechanical,8,16,W,3282
7-Aug-20,79,13:54,Friday,RUNNYMEDE STATION,Vision,24,48,W,1099
7-Aug-20,600,14:00,Friday,ARROW GARAGE,Operations - Operator,1,1,,3305
7-Aug-20,600,14:00,Friday,ARROW GARAGE,Operations - Operator,1,1,N,3197
7-Aug-20,600,14:00,Friday,ARROW GARAGE,Operations - Operator,1,1,N,0
7-Aug-20,600,14:00,Friday,QUEENSWAY GARAGE,Operations - Operator,0,0,,0
7-Aug-20,123,14:10,Friday,SHERWAY GARDENS,Operations - Operator,16,0,N,0
7-Aug-20,80,14:11,Friday,HIGH PARK STATION,Operations - Operator,20,40,W,7912
7-Aug-20,133,14:40,Friday,MORNINGSIDE AND FINCH,Cleaning,11,22,N,3490
7-Aug-20,52,15:00,Friday,LAWRENCE WEST STATION,Mechanical,12,24,W,8347
7-Aug-20,34,15:00,Friday,KENNEDY STATION,Operations - Operator,17,17,W,0
7-Aug-20,95,15:03,Friday,YORK MILLS STATION,Mechanical,11,22,,3465
7-Aug-20,44,15:05,Friday,COL SAM SMITH LOOP,Operations - Operator,5,10,,0
7-Aug-20,52,15:20,Friday,WILSON AND GARRATT,Collision - TTC,7,16,W,8318
7-Aug-20,54,15:30,Friday,LAWRENCE EAST STATION,Operations - Operator,14,28,,0
7-Aug-20,34,15:41,Friday,EGLINTON GARAGE,Operations - Operator,13,25,,0
7-Aug-20,35,15:49,Friday,JANE STATION,Operations - Operator,6,4,N,3203
7-Aug-20,100,15:51,Friday,100 WYNFORD DRIVE,Collision - TTC,9,18,S,8722
7-Aug-20,165,15:58,Friday,YORK MILLS STATION,Operations - Operator,3,9,W,0
7-Aug-20,53,16:06,Friday,STEELES AND MIDDLEFIEL,Collision - TTC,6,12,W,3435
7-Aug-20,60,16:10,Friday,FINCH STATION,Mechanical,8,16,W,3336
7-Aug-20,24,16:10,Friday,VICTORIA PARK AND EGLI,Mechanical,13,17,N,8953
7-Aug-20,52,16:24,Friday,LAWRENCE WEST STATION,Mechanical,1,14,E,8365
7-Aug-20,73,16:33,Friday,ROYAL YORK STATION,Operations - Operator,25,56,,8421
7-Aug-20,109,16:43,Friday,NEPTUNE AND BATHURST,Mechanical,9,18,E,1383
7-Aug-20,32,16:43,Friday,LAWRENCE AND PINE,Mechanical,10,20,E,1536
7-Aug-20,54,16:44,Friday,LAWRENCE EAST STATION,Security,10,20,,8820
7-Aug-20,72,16:56,Friday,PAPE STATION,Mechanical,10,20,,8555
7-Aug-20,47,16:56,Friday,LANSDOWNE AND ST CLAIR,General Delay,303,319,N,1137
7-Aug-20,47,17:05,Friday,EARLSCOURT LOOP,Mechanical,13,26,N,1529
7-Aug-20,75,17:30,Friday,SHERBOURNE AND BLOOR,General Delay,149,159,N,0
7-Aug-20,121,17:47,Friday,CHERRY AND UNWIN,Security,24,48,S,3159
7-Aug-20,60,18:41,Friday,PIONEER VILLAGE STATIO,Mechanical,9,18,W,3651
7-Aug-20,26,18:44,Friday,DUPONT AND SYMINGTON,Investigation,183,197,B,1422
7-Aug-20,80,18:55,Friday,HIGH PARK STATION,Operations - Operator,20,40,,8049
7-Aug-20,86,18:57,Friday,CORORNATION AND WALLSE,Operations - Operator,15,30,W,8910
7-Aug-20,165,19:07,Friday,WESTON AND VEROBEACH B,Mechanical,5,10,E,3636
7-Aug-20,52,19:18,Friday,LAWRENCE AND KEELE,Operations - Operator,11,20,E,8360
7-Aug-20,168,19:24,Friday,SYMINGTON AND BLOOR,Security,12,24,N,1077
7-Aug-20,7,19:51,Friday,BATHURST STATION,Collision - TTC,6,12,,8395
7-Aug-20,92,20:10,Friday,NORTHERN DANCER AND LA,Security,10,20,N,9225
7-Aug-20,115,20:49,Friday,YORK MILLS STATION,Operations - Operator,20,40,,8122
7-Aug-20,29,21:22,Friday,DUFFERIN AND EGLINTON,Security,4,8,N,1082
7-Aug-20,7,21:35,Friday,GREENWIN AND BATHURST,Operations - Operator,9,18,W,8168
7-Aug-20,32,22:14,Friday,EGLINTON AND JANE,Mechanical,22,44,E,1281
7-Aug-20,35,22:29,Friday,JANE AND GORDON MACKAY,Emergency Services,9,18,S,3336
7-Aug-20,11,23:14,Friday,BAYVIEW AND CUMMER,Mechanical,24,48,S,8120
7-Aug-20,109,23:25,Friday,LAWRENCE AND ALLEN RD,Security,30,60,E,8204
7-Aug-20,97,23:48,Friday,YONGE AND HILDA,Mechanical,30,60,N,8160
8-Aug-20,129,03:38,Saturday,SHEPPARD AND DON MILLS,Emergency Services,13,43,E,3512
8-Aug-20,96,04:35,Saturday,WILSON AND JANE,Mechanical,26,52,E,3366
8-Aug-20,42,05:35,Saturday,MCNICOLL AND DYNAMIC,Operations - Operator,20,40,W,8301
8-Aug-20,42,06:02,Saturday,FINCH STATION,Late Leaving Garage - Operator,20,27,E,8197
8-Aug-20,109,06:15,Saturday,LAWRENCE WEST STATION,Mechanical,15,30,N,8378
8-Aug-20,108,06:23,Saturday,ARROW AND SHEPPARD,Security,30,60,S,3233
8-Aug-20,84,06:34,Saturday,BRADSTOCK AND WESTON,Security,10,24,E,3612
8-Aug-20,109,06:34,Saturday,YONGE AND WILSON,Mechanical,37,0,S,1282
8-Aug-20,85,07:27,Saturday,DON MILLS STATION,Operations - Operator,20,40,E,9066
8-Aug-20,52,07:40,Saturday,LAWRENCE STATION,Mechanical,20,40,E,8130
8-Aug-20,75,08:27,Saturday,SHERBOURNE AND GERRARD,General Delay,443,453,S,1370
8-Aug-20,52,08:45,Saturday,LAWRENCE WEST STATION,Mechanical,20,39,W,8183
8-Aug-20,52,08:50,Saturday,LAWRENCE AND DUFFERIN,Mechanical,20,40,E,8115
8-Aug-20,87,09:45,Saturday,COSBURN AND COXWELL,Mechanical,10,20,E,8480
8-Aug-20,32,09:58,Saturday,MARLEE AND EGLINTON,Investigation,10,20,E,1002
8-Aug-20,133,10:22,Saturday,SCARBOROUGH CENTRE STA,Vision,10,20,S,3536
8-Aug-20,74,10:25,Saturday,MT PLEASANT AND SOUDAN,Mechanical,18,36,N,8165
8-Aug-20,74,10:25,Saturday,MT PLEASANT AND SOUDAN,Mechanical,18,36,N,8165
8-Aug-20,133,11:29,Saturday,SCARBOROUGH CENTRE STA,Cleaning,10,20,S,3495
8-Aug-20,79,11:30,Saturday,RUNNYMEDE STATION,Operations - Operator,24,48,N,1130
8-Aug-20,133,11:35,Saturday,ELLESMERE AND MARKHAM,Security,10,20,E,3550
8-Aug-20,121,12:01,Saturday,FRONT AND JOHN,Investigation,805,821,B,0
8-Aug-20,24,12:10,Saturday,VICTORIA PARK AND SHEP,Mechanical,10,19,S,3139
8-Aug-20,102,12:29,Saturday,WARDEN STATION,Mechanical,9,18,N,3131
8-Aug-20,53,12:38,Saturday,MORNINGSIDE AND STAINE,Mechanical,10,20,W,9002
8-Aug-20,85,13:10,Saturday,SHEPPARD AND BAYVIEW,Operations - Operator,20,40,E,9066
8-Aug-20,53,13:12,Saturday,STEELES AND ROUGE PARK,Mechanical,10,20,W,9081
8-Aug-20,126,13:15,Saturday,ST CLAIR WEST STATION,Operations - Operator,30,60,S,0
8-Aug-20,163,13:16,Saturday,MARLEE AND LAWRENCE,Mechanical,11,22,S,8313
8-Aug-20,29,13:18,Saturday,PRINCES GATES,Mechanical,3,9,S,9049
8-Aug-20,163,13:22,Saturday,MARLEE AND LAWRENCE,Mechanical,11,22,S,8313
8-Aug-20,111,13:28,Saturday,KIPLING STATION,Mechanical,10,20,N,7919
8-Aug-20,123,13:40,Saturday,KIPLING STATION,Operations - Operator,20,40,S,7948
8-Aug-20,63,13:53,Saturday,OAKWOOD LOOP,Mechanical,5,10,S,8305
8-Aug-20,122,14:04,Saturday,YORK MILLS STATION,Operations - Operator,30,60,W,8108
8-Aug-20,109,14:07,Saturday,NEPTUNE AND BATHURST,Investigation,40,80,E,8378
8-Aug-20,32,14:21,Saturday,EGLINTON AND KEELE,Operations - Operator,24,48,,1008
8-Aug-20,72,14:22,Saturday,BAY AND FRONT,Collision - TTC,19,38,S,8526
8-Aug-20,102,14:23,Saturday,WARDEN STATION,Mechanical,9,18,N,9229
8-Aug-20,45,14:38,Saturday,KIPLING STATION,Operations - Operator,20,4,,8444
8-Aug-20,108,14:44,Saturday,ARLETA AND JOHN LINDSA,Investigation,8,16,S,3596
8-Aug-20,85,14:52,Saturday,SHEPPARD AND MARKHAM,Operations - Operator,30,60,W,9068
8-Aug-20,32,15:06,Saturday,RENFORTH STATION,Operations - Operator,9,18,S,1102
8-Aug-20,32,15:33,Saturday,LAWRENCE AND PINE,Mechanical,9,18,W,3735
8-Aug-20,9,15:34,Saturday,WARDEN STATION,Operations - Operator,24,58,N,8544
8-Aug-20,21,15:41,Saturday,BRIMLEY AND STEELES,Operations - Operator,22,44,S,3566
8-Aug-20,165,15:51,Saturday,WESTON AND BRADSTOCK,Security,9,18,S,3645
8-Aug-20,41,16:07,Saturday,HIGH PARK STATION,Mechanical,8,17,W,1521
8-Aug-20,161,17:09,Saturday,ROGERS AND SILVERTHORN,General Delay,20,40,W,1016
8-Aug-20,66,17:17,Saturday,OLD MILL STATION,Operations - Operator,20,40,S,8025
8-Aug-20,29,17:31,Saturday,EXHIBITION LOOP,Emergency Services,3,9,E,9054
8-Aug-20,96,18:09,Saturday,ARROW GARAGE,Operations - Operator,17,34,,0
8-Aug-20,52,18:14,Saturday,WILSON AND JANE,Operations - Operator,17,34,W,8147
8-Aug-20,41,18:18,Saturday,KEELE AND VICTORY,Mechanical,9,17,N,1626
8-Aug-20,113,18:23,Saturday,DANFORTH AVE AND LEYTO,Emergency Services,16,32,W,8542
8-Aug-20,43,19:08,Saturday,KENNEDY AND EGLINTON,Mechanical,15,30,S,8774
8-Aug-20,32,19:37,Saturday,EGLINTON AND ALLAN,Collision - TTC,22,46,W,1605
8-Aug-20,54,19:41,Saturday,SCARBOROUGH GOLF CLUB,Mechanical,15,30,S,8940
8-Aug-20,163,19:57,Saturday,LAWRENCE WEST STATION,Mechanical,13,26,,8105
8-Aug-20,34,19:59,Saturday,WYNFORD AND ST DENNIS,Emergency Services,0,0,S,8770
8-Aug-20,29,20:05,Saturday,SPRINGHURST LOOP,Mechanical,9,18,,9152
8-Aug-20,47,20:27,Saturday,LANSDOWNE AND GLENCARI,General Delay,35,45,,1107
8-Aug-20,14,20:41,Saturday,GLENCAIRN AND CALEDONI,Road Block - Non-TTC Collision,89,109,W,0
8-Aug-20,9,20:46,Saturday,BELLAMY AND CEDARBRAE,Emergency Services,22,44,S,8474
8-Aug-20,116,21:06,Saturday,EKKENDY STATION,Mechanical,9,18,E,8844
8-Aug-20,95,21:53,Saturday,YORKMILLS AND BAYVIEW,Collision - TTC,0,0,E,1393
8-Aug-20,16,23:15,Saturday,DANFORTH AND ST CLAIR,Road Blocked - NON-TTC Collision,0,0,S,3118
8-Aug-20,54,00:47,Saturday,LAWRENCE AT BRIMLEY,Road Blocked - NON-TTC Collision,0,0,W,0
8-Aug-20,100,01:12,Saturday,BROADVIEW STATION,Operations - Operator,9,18,,8701
9-Aug-20,320,03:37,Sunday,YONGE AND STEELES,Security,0,0,N,8309
9-Aug-20,307,04:41,Sunday,BATHURST AND STEELES,Operations - Operator,30,60,S,1288
9-Aug-20,53,05:18,Sunday,FINCHDENE AND NEWGAE,Mechanical,32,60,W,9068
9-Aug-20,63,05:21,Sunday,OSSINGTON AND LEEDS,General Delay,42,54,B,0
9-Aug-20,133,06:02,Sunday,SCARBOROUGH CENTRE STA,Operations - Operator,30,60,W,0
9-Aug-20,118,06:20,Sunday,THISTLE DOWN BLVD AND,General Delay,200,230,W,3287
9-Aug-20,102,07:00,Sunday,BIRCHMOUNT GARAGE,Collision - TTC,10,20,,8501
9-Aug-20,24,07:00,Sunday,BIRCHMOUNT GARAGE,Collision - TTC,0,10,N,9200
9-Aug-20,189,07:45,Sunday,ST CLAIR AND JANE,Late Leaving Garage - Operator,20,40,E,7946
9-Aug-20,91,07:51,Sunday,EGLINTON AND WARDEN,Late Leaving Garage - Operator,24,48,S,8950
9-Aug-20,123,09:07,Sunday,LONG BRANCH LOOP,Operations - Operator,20,40,N,0
9-Aug-20,113,10:06,Sunday,MAIN STREET STATION,Investigation,20,40,E,8951
9-Aug-20,25,10:15,Sunday,DON MILLS STATION,Mechanical,10,20,S,8862
9-Aug-20,163,10:18,Sunday,OSSINGTON STATION,Mechanical,9,18,N,1351
9-Aug-20,37,10:21,Sunday,ISLINGTON AND STEELES,Operations - Operator,25,50,S,0
9-Aug-20,95,10:27,Sunday,KINGSTON LOOP,Operations - Operator,21,42,E,3536
9-Aug-20,37,10:30,Sunday,ISLINGTON STATION,Mechanical,24,48,N,7963
9-Aug-20,91,10:31,Sunday,VALLEY WOODS AND YORK,Operations - Operator,24,48,W,8751
9-Aug-20,52,11:01,Sunday,LAWRENCE WEST STATION,Mechanical,20,40,E,8199
9-Aug-20,999,11:06,Sunday,YONGE AND GOULD,Emergency Services,0,0,S,3476
9-Aug-20,11,11:10,Sunday,BAYVIEW AND STEELES,Mechanical,16,30,S,8203
9-Aug-20,29,11:16,Sunday,DUFFERIN AND QUEEN,Mechanical,8,16,S,9151
9-Aug-20,110,11:24,Sunday,EVANS AND ISLINGTON,Operations - Operator,20,40,E,0
9-Aug-20,125,11:44,Sunday,FINCH STATION,Operations - Operator,20,40,E,8359
9-Aug-20,73,12:22,Sunday,ALBION AND CLAREPORT,Late Leaving Garage - Operator,30,57,S,8093
9-Aug-20,53,12:48,Sunday,FINCH STATION,Utilized Off Route,24,48,E,3555
9-Aug-20,45,13:25,Sunday,KIPLING STATION,Mechanical,10,19,N,8452
9-Aug-20,129,13:27,Sunday,MCCOWAN AND STEELES,Mechanical,9,18,N,3442
9-Aug-20,37,13:55,Sunday,ISLINGTON STATION,Operations - Operator,20,40,N,7937
9-Aug-20,52,14:13,Sunday,LAWRENCE WEST STATION,Mechanical,7,14,E,8339
9-Aug-20,927,14:32,Sunday,DUNDAS WEST AND THE EA,Mechanical,10,20,E,3598
9-Aug-20,80,14:33,Sunday,HIGH PARK STATION,Operations - Operator,20,40,E,8090
9-Aug-20,68,14:38,Sunday,WARDEN STATION,Operations - Operator,30,60,S,8770
9-Aug-20,165,14:54,Sunday,WILSON AND CLAYSON,Mechanical,10,20,E,3300
9-Aug-20,9,15:05,Sunday,WARDEN STATION,General Delay,22,44,S,3153
9-Aug-20,6,15:11,Sunday,QUEENS QUAY AND YONGE,Collision - TTC,23,46,N,1091
9-Aug-20,161,15:27,Sunday,OSSINGTON AND BLOOR,Cleaning,15,30,N,1111
9-Aug-20,163,15:35,Sunday,LAWRENCE WEST STATION,Mechanical,11,22,W,1346
9-Aug-20,80,15:52,Sunday,SHERWAY GARDENS,Mechanical,20,40,W,8048
9-Aug-20,7,16:04,Sunday,BATHURST AND WILSON,Vision,7,15,N,8365
9-Aug-20,108,16:20,Sunday,404 DRIFTWOOD AVENUE,Mechanical,9,18,E,3714
9-Aug-20,6,16:27,Sunday,BAY AND HARBOUR,Emergency Services,23,46,S,1065
9-Aug-20,127,17:01,Sunday,TOWNSLEY LOOP,Operations - Operator,23,46,W,1117
9-Aug-20,9,17:12,Sunday,WARDEN STATION,General Delay,22,44,S,3153
9-Aug-20,35,17:20,Sunday,JANE STATION,Mechanical,0,0,N,3593
9-Aug-20,73,17:27,Sunday,ROYAL YORK STATION,Operations - Operator,23,46,N,8061
9-Aug-20,35,17:51,Sunday,PIONEER VILLAGE STATIO,Operations - Operator,10,20,S,3333
9-Aug-20,112,18:12,Sunday,KIPLING STATION,Operations - Operator,20,40,N,0
9-Aug-20,96,18:15,Sunday,WILSON AND JANE,Operations - Operator,20,40,,0
9-Aug-20,96,18:20,Sunday,WILSON AND JANE,Operations - Operator,20,40,W,0
9-Aug-20,45,18:25,Sunday,KIPLING STATION,Operations - Operator,9,18,N,0
9-Aug-20,54,18:43,Sunday,LAWRENCE AND WARDEN,Operations - Operator,21,42,,8915
9-Aug-20,,18:56,Sunday,WARDEN STATION,Mechanical,11,22,N,9223
9-Aug-20,41,19:08,Sunday,HIGH PARK STATION,Collision - TTC,11,22,W,1026
9-Aug-20,56,20:39,Sunday,EGLINTON STATION,Mechanical,24,48,E,8304
9-Aug-20,41,20:51,Sunday,KEELE AND EGLINTON,Operations - Operator,20,40,N,1379
9-Aug-20,97,20:53,Sunday,HILDA AND STEELES,Mechanical,30,60,S,8106
9-Aug-20,24,21:12,Sunday,VICTORIA PARK AND DAWE,Security,9,18,N,3116
9-Aug-20,35,21:27,Sunday,JANE AND WILSON,Mechanical,10,20,S,3624
9-Aug-20,165,21:35,Sunday,WILSON AND JANE,Security,9,18,W,3206
9-Aug-20,86,22:57,Sunday,MEADOWVALE LOOP (MEADO,Mechanical,0,0,,8641
9-Aug-20,97,22:58,Sunday,DAVISVILLE STATION,Mechanical,30,60,N,1304
9-Aug-20,96,23:30,Sunday,WILSON AND YONGE,Mechanical,20,40,W,3608
9-Aug-20,600,00:13,Sunday,ROSEDALE STATION,Collision - TTC,0,0,,8565
9-Aug-20,45,00:24,Sunday,KIPLING STATION,Mechanical,10,20,,7921
9-Aug-20,35,01:15,Sunday,JANE STATION,Emergency Services,20,30,,3326
9-Aug-20,329,01:49,Sunday,DUFFERIN AND LAWRENCE,Operations - Operator,30,60,S,1421
10-Aug-20,329,02:01,Monday,WILSON STATION,Operations - Operator,30,60,N,9147
10-Aug-20,7,02:31,Monday,BATHURST AND LAWRENCE,Road Blocked - NON-TTC Collision,201,231,B,1304
10-Aug-20,353,02:35,Monday,FINCHDENE SQ AND FINCH,Operations - Operator,30,60,,0
10-Aug-20,307,02:40,Monday,BATHURST AND LAWRENCE,Road Blocked - NON-TTC Collision,201,231,,0
10-Aug-20,300,03:14,Monday,DANFORTH AND GLEBEMOUN,Operations - Operator,30,44,W,8613
10-Aug-20,353,03:28,Monday,STEELES AND MIDLAND,General Delay,30,44,W,3522
10-Aug-20,36,04:51,Monday,ARROW ROAD GARAGE,Mechanical,10,28,E,3297
10-Aug-20,300,05:05,Monday,BLOOR AND PARLIAMENT,Emergency Services,15,30,E,8474
10-Aug-20,39,06:11,Monday,FINCH AND MARKHAM,Road Blocked - NON-TTC Collision,94,109,E,9079
10-Aug-20,12,06:11,Monday,VICTORIA PARK STN,Mechanical,22,44,,8594
10-Aug-20,117,06:14,Monday,SHEPPARD STATION,Mechanical,12,24,N,1352
10-Aug-20,134,06:18,Monday,MARKHAM AND FINCH,Road Blocked - NON-TTC Collision,77,94,S,0
10-Aug-20,84,06:28,Monday,ARROW AND SHEPPARD,Mechanical,18,36,S,3717
10-Aug-20,24,06:38,Monday,VICTORIA PARK AND ST C,Security,19,59,N,3126
10-Aug-20,95,06:49,Monday,YORK MILLS AND BAYVIEW,Mechanical,10,20,E,3464
10-Aug-20,53,06:56,Monday,PASSMORE AND MARKHAM,Mechanical,6,12,W,9066
10-Aug-20,353,06:56,Monday,STEELES AND MIDDLEFIEL,Operations - Operator,20,50,E,9061
10-Aug-20,36,07:10,Monday,FINCH AND WESTON,Mechanical,6,12,E,9135
10-Aug-20,84,07:21,Monday,SHEPPARD STATION,Vision,18,36,W,3571
10-Aug-20,45,07:30,Monday,MARTIN GROVE AND BELFI,Road Blocked - NON-TTC Collision,24,35,E,0
10-Aug-20,96,07:37,Monday,WILSON AND BELGRAVE,Mechanical,20,40,W,3720
10-Aug-20,7,07:48,Monday,BATHURST AND WILSON,Mechanical,9,18,N,8158
10-Aug-20,96,08:03,Monday,HUMBER COLLEGE AND HWY,Collision - TTC,20,40,W,3183
10-Aug-20,36,08:18,Monday,WESTON AND FINCH,General Delay,24,47,N,3615
10-Aug-20,65,08:29,Monday,PARLIAMENT AND KING,Road Blocked - NON-TTC Collision,233,246,N,8530
10-Aug-20,26,08:35,Monday,DUPONT AND CHRISTIE,General Delay,46,70,W,1019
10-Aug-20,927,08:36,Monday,KIPLING STN,Investigation,5,10,,3701
10-Aug-20,97,09:12,Monday,DAVISVILLE STATION,Collision - TTC,30,60,,1315
10-Aug-20,32,09:41,Monday,EGLINTON AND NORTHCLIF,Investigation,11,22,E,1074
10-Aug-20,36,09:49,Monday,FINCH AND ARROW,Operations - Operator,20,25,W,9130
10-Aug-20,71,09:49,Monday,19 INDUSTRY ST,Mechanical,12,24,S,1125
10-Aug-20,42,09:56,Monday,MCNICOLL AND WARDEN,Collision - TTC,13,26,W,8187
10-Aug-20,97,10:07,Monday,YONGE AND DAVISVILLE,Utilized Off Route,30,60,S,8185
10-Aug-20,95,10:08,Monday,ELLESMERE AND MCCOWAN,Emergency Services,20,40,W,3407
10-Aug-20,61,10:31,Monday,AVENUE AND EGLINTON,Mechanical,20,38,N,1383
10-Aug-20,32,10:31,Monday,EGLINTON AND KEELE,Mechanical,11,22,W,1069
10-Aug-20,133,10:35,Monday,SCARBOROUGH CENTRE STA,Cleaning,11,22,W,3475
10-Aug-20,36,10:38,Monday,WOODBINE RACETRACK,Operations - Operator,30,60,E,3243
10-Aug-20,10,10:51,Monday,KENNEDY STATION,Mechanical,20,40,E,8467
10-Aug-20,133,11:10,Monday,SCARBOROUGH CENTRE STA,Cleaning,11,22,N,378
10-Aug-20,133,11:10,Monday,SCARBOROUGH CENTRE STA,Cleaning,11,22,E,3478
10-Aug-20,52,11:11,Monday,LAWRENCE WEST STATION,Mechanical,15,30,E,8190
10-Aug-20,63,11:15,Monday,OAKWOOD LOOP,Mechanical,5,10,S,1302
10-Aug-20,54,11:20,Monday,LAWRENCE AND VICTORIA,General Delay,10,20,E,0
10-Aug-20,133,11:41,Monday,SCARBOROUGH CENTRE STA,Cleaning,11,22,W,3454
10-Aug-20,133,11:47,Monday,FINCH AND MARKHAM,Cleaning,11,22,W,3443
10-Aug-20,104,11:50,Monday,WILSON STATION,Mechanical,20,40,N,8364
10-Aug-20,132,12:04,Monday,SEWELLS AND NEILSON,Operations - Operator,24,48,E,3434
10-Aug-20,52,12:45,Monday,LAWRENCE STATION,Mechanical,11,15,W,1276
10-Aug-20,52,12:48,Monday,LAWRENCE AND BOILINGBR,Security,0,0,W,1212
10-Aug-20,57,13:10,Monday,BRIMLEY AND PROGRESS,Emergency Services,14,28,N,8846
10-Aug-20,85,13:13,Monday,SHEPPARD AND MARKHAM,Mechanical,30,60,E,3564
10-Aug-20,32,13:20,Monday,EGLINTON STATION,Mechanical,10,20,W,1002
10-Aug-20,91,13:22,Monday,UNDERHILL AND ROANOKE,Diversion,25,50,S,8883
10-Aug-20,91,13:43,Monday,WOODBINE STATION,Diversion,25,50,N,8647
10-Aug-20,73,14:00,Monday,ROYAL YORK STATION,Operations - Operator,25,56,S,7954
10-Aug-20,47,14:35,Monday,CALEDONIA AND CORBY,Mechanical,15,30,S,1263
10-Aug-20,39,14:37,Monday,MARKHAM AND NUGGET,Mechanical,6,12,,1255
10-Aug-20,927,14:45,Monday,KIPLING STATION,Mechanical,9,18,N,3335
10-Aug-20,163,15:03,Monday,LAWRENCE WEST STATION,Mechanical,16,32,N,8186
10-Aug-20,109,15:16,Monday,LAWRENCE WEST STATION,Mechanical,10,20,N,8172
10-Aug-20,102,15:22,Monday,MARKHAM AND LAWRENCE,Mechanical,10,26,N,3153
10-Aug-20,102,15:26,Monday,WARDEN STATION,Operations - Operator,20,32,E,8409
10-Aug-20,80,15:31,Monday,THE QUEENSWAY AND PARK,Mechanical,15,30,E,7914
10-Aug-20,91,15:45,Monday,CARNFORTH AND LAWRENCE,Mechanical,14,28,N,8867
10-Aug-20,60,16:08,Monday,STEELES AND SIGNAL HIL,Mechanical,9,18,W,3251
10-Aug-20,32,16:25,Monday,EMMETT AND JANE,Mechanical,10,20,S,1007
10-Aug-20,32,16:26,Monday,WRIGHT AND JANE,Collision - TTC,10,20,W,1083
10-Aug-20,80,16:33,Monday,SHERWAY GARDENS,Mechanical,20,40,E,8459
10-Aug-20,127,16:35,Monday,TOWNSLEY LOOP,Operations - Operator,22,45,W,1039
10-Aug-20,81,16:55,Monday,THORNCLIFFE AND OVERLE,Mechanical,9,18,S,8481
10-Aug-20,47,17:22,Monday,240 BRIDGELAND AVENUE,Collision - TTC,14,28,W,1420
10-Aug-20,163,17:26,Monday,LAWRENCE WEST STATION,Mechanical,11,22,E,1212
10-Aug-20,59,17:38,Monday,GULLIVER AND KEELE,Security,13,28,E,3236
10-Aug-20,95,18:29,Monday,YORK MILLS STATION,Emergency Services,0,0,,1200
10-Aug-20,108,18:32,Monday,SHEPPARD WEST STATION,Collision - TTC,11,22,,3646
10-Aug-20,97,18:36,Monday,YONGE AND GLENGROVE,Road Blocked - NON-TTC Collision,72,102,S,0
10-Aug-20,22,18:41,Monday,COXWELL STATION,Mechanical,10,20,S,3125
10-Aug-20,52,18:43,Monday,LAWRENCE AND CALEDONIA,Mechanical,11,22,W,1344
10-Aug-20,54,18:50,Monday,WILSON GARAGE,Operations - Operator,22,44,E,1275
10-Aug-20,43,19:18,Monday,KENNEDY STATION,Mechanical,8,17,N,8721
10-Aug-20,7,19:39,Monday,BATHURST STATION,Mechanical,8,18,N,8126
10-Aug-20,17,19:52,Monday,BIRCHMOUNT AND SCARDEN,Security,12,24,S,3152
10-Aug-20,36,19:59,Monday,FINCH AND SENTINEL,Mechanical,8,16,W,9116
10-Aug-20,34,20:56,Monday,EGLINTON STATION,Mechanical,7,14,E,8612
10-Aug-20,79,22:22,Monday,LAWRENCE AND PINE,Mechanical,13,25,W,1120
10-Aug-20,53,23:32,Monday,FINCH STATION,Mechanical,20,40,,9014
11-Aug-20,300,03:31,Tuesday,DANFORTH AND CARLAW,Mechanical,17,34,E,8003
11-Aug-20,76,05:14,Tuesday,ROYAL YORK STATION,Operations - Operator,20,38,N,8094
11-Aug-20,46,05:15,Tuesday,KIPLING STATION,Operations - Operator,25,49,E,3283
11-Aug-20,46,05:15,Tuesday,KIPLING STATION,Operations - Operator,25,49,N,3283
11-Aug-20,24,06:45,Tuesday,VICTORIA PARK AND O'CO,Mechanical,8,16,S,8572
11-Aug-20,41,06:48,Tuesday,FINCH AND JANE,Mechanical,15,30,E,1104
11-Aug-20,43,06:50,Tuesday,KENNEDY AND REIDMOUNT,Mechanical,10,20,S,8843
11-Aug-20,165,06:52,Tuesday,ARROW GARAGE,Mechanical,3,7,,3323
11-Aug-20,122,06:59,Tuesday,YORK MILLS AND SCARSDA,Mechanical,11,22,E,1277
11-Aug-20,24,07:08,Tuesday,VICTORIA PARK AND IVOR,Mechanical,10,20,S,8555
11-Aug-20,52,07:15,Tuesday,LAWRENCE WEST STATION,Mechanical,18,36,W,8104
11-Aug-20,126,07:21,Tuesday,CHRISTIE STATION,General Delay,9,26,N,1009
11-Aug-20,109,07:31,Tuesday,RAJAH AND NEPTUNE,Road Blocked - NON-TTC Collision,47,62,S,1252
11-Aug-20,7,07:37,Tuesday,GREENWIN VILLAGE AND R,Mechanical,9,18,S,1210
11-Aug-20,927,07:50,Tuesday,KIPLING STATION,Operations - Operator,0,0,S,3309
11-Aug-20,24,08:01,Tuesday,BIMGHAM LOOP,Operations - Operator,32,32,S,8550
11-Aug-20,32,08:05,Tuesday,EGLINTON AND ALLEN,Mechanical,7,14,E,1030
11-Aug-20,45,08:45,Tuesday,KIPLING STATION,Mechanical,26,52,,8045
11-Aug-20,16,08:47,Tuesday,DANFORTH ROAD BETWEEN,General Delay,13,43,B,0
11-Aug-20,106,08:58,Tuesday,SHEPPARD WEST STATION,Mechanical,9,18,S,1276
11-Aug-20,16,08:59,Tuesday,DANFORTH AND SEMINOLE,General Delay,13,43,B,0
11-Aug-20,106,09:10,Tuesday,SHEPPARD WEST STATION,Mechanical,9,18,S,1276
11-Aug-20,5,09:27,Tuesday,DUPONT AND AVENUE,Mechanical,20,40,E,8199
11-Aug-20,52,09:37,Tuesday,LAWRENCE WEST STATION,Investigation,15,30,,8355
11-Aug-20,29,09:49,Tuesday,DUFFERIN AND BRIAR HIL,Mechanical,8,16,S,1031
11-Aug-20,102,09:49,Tuesday,KINGSTON AND MASON,Mechanical,30,60,E,8529
11-Aug-20,134,10:15,Tuesday,SCARBOROUGH CENTRE STA,Mechanical,5,13,E,3516
11-Aug-20,102,10:17,Tuesday,MARKHAM AND STEELES,Vision,20,40,S,8469
11-Aug-20,32,10:20,Tuesday,EGLINTON AND OLD FORES,Mechanical,11,22,W,1258
11-Aug-20,48,10:24,Tuesday,MILL ROAD LOOP,Mechanical,22,44,N,8448
11-Aug-20,133,10:34,Tuesday,SCARBOROUGH CENTRE STA,Cleaning,11,22,S,3562
11-Aug-20,133,11:08,Tuesday,SCARBOROUGH CENTRE STA,Cleaning,11,22,E,3418
11-Aug-20,111,11:15,Tuesday,THE EAST MALL AND BURN,Road Blocked - NON-TTC Collision,201,217,N,8018
11-Aug-20,133,11:19,Tuesday,MORNINGSIDE AND SEWELL,Cleaning,11,22,S,3509
11-Aug-20,163,11:26,Tuesday,LAWRENCE WEST STATION,Mechanical,12,24,S,8376
11-Aug-20,6,11:45,Tuesday,BAY AND ALBERT,Collision - TTC,17,34,S,3732
11-Aug-20,54,11:48,Tuesday,LAWRENCE AND UNDERHILL,Emergency Services,14,28,W,8897
11-Aug-20,96,11:57,Tuesday,YORK MILLS STATION,Security,24,48,W,3635
11-Aug-20,36,12:00,Tuesday,FINCH - OAKDALE TO WES,General Delay,0,0,B,0
11-Aug-20,20,12:01,Tuesday,59 HIGHVIEW AVENUE,Cleaning,20,40,W,8581
11-Aug-20,133,12:12,Tuesday,SCARBOROUGH CENTRE STA,Cleaning,11,22,W,3443
11-Aug-20,133,12:22,Tuesday,FINCH AND MORNINGSIDE,Cleaning,11,22,W,3499
11-Aug-20,25,13:17,Tuesday,PAPE STATION,Operations - Operator,10,20,N,8753
11-Aug-20,80,13:24,Tuesday,1933 LAKE SHORE BLVD W,Management,20,40,W,8074
11-Aug-20,80,13:24,Tuesday,LAKESHORE AND PARK LAW,Operations - Operator,20,40,W,8074
11-Aug-20,127,13:35,Tuesday,TOWNSLEY LOOP,Operations - Operator,22,44,W,1047
11-Aug-20,20,13:48,Tuesday,KENNEDY STATION,Cleaning,20,40,E,9208
11-Aug-20,97,13:59,Tuesday,DAVISVILLE STATION,Investigation,30,60,,8383
11-Aug-20,89,14:03,Tuesday,WESTON AND EGLINTON,Mechanical,22,44,S,1016
11-Aug-20,59,14:09,Tuesday,MAPLE LEAF AND JANE,Mechanical,29,58,E,3702
11-Aug-20,88,14:20,Tuesday,MCRAE AND RUMSEY,General Delay,70,85,E,8170
11-Aug-20,52,14:23,Tuesday,LAWRENCE AND OYMPIA,Mechanical,15,30,E,8387
11-Aug-20,129,14:49,Tuesday,MCCOWAN AND FINCH,Security,15,32,S,1322
11-Aug-20,42,15:08,Tuesday,FINCH STATION,Mechanical,15,30,S,8391
11-Aug-20,133,15:14,Tuesday,NEILSON AND SHEPPARD,Emergency Services,7,15,S,3499
11-Aug-20,17,16:19,Tuesday,WARDEN STATION,Mechanical,20,30,N,3126
11-Aug-20,108,16:35,Tuesday,PIONEER VILLAGE STATIO,Mechanical,8,17,S,3300
11-Aug-20,165,17:05,Tuesday,WILSON AND AVENUE,Mechanical,6,9,W,3351
11-Aug-20,39,17:09,Tuesday,FINCH AND KENGATE,Mechanical,14,28,E,9014
11-Aug-20,54,17:12,Tuesday,LAWRENCE EAST STATION,Mechanical,12,24,W,8696
11-Aug-20,43,17:59,Tuesday,KENNEDY AND LAWRENCE,Road Blocked - NON-TTC Collision,36,44,S,8937
11-Aug-20,102,18:03,Tuesday,KINGSTON ROAD AND PARK,Security,16,19,W,3118
11-Aug-20,29,18:08,Tuesday,EXHIBITION LOOP,Cleaning,4,8,N,1009
11-Aug-20,126,18:45,Tuesday,ST CLAIR AND WYCHWOOD,Investigation,76,93,B,1017
11-Aug-20,16,18:54,Tuesday,DANFORTH AND EGLINTON,Road Blocked - NON-TTC Collision,51,61,N,3108
11-Aug-20,90,19:04,Tuesday,VAUGHAN AND ST CLAIR,Investigation,248,258,B,0
11-Aug-20,60,19:46,Tuesday,STEELES AND MARTIN GRO,Investigation,9,18,W,3602
11-Aug-20,53,19:47,Tuesday,STEELES AND MARKHAM,Security,0,0,W,1534
11-Aug-20,63,19:50,Tuesday,OAKWOOD AND ST CLAIR,Mechanical,10,18,N,1352
11-Aug-20,52,20:32,Tuesday,PEARSON AIRPORT,Mechanical,12,23,W,8346
11-Aug-20,52,20:32,Tuesday,PEARSON AIRPORT,Mechanical,12,23,W,8346
11-Aug-20,75,21:00,Tuesday,SHERBOURNE AND BLOOR,Collision - TTC,13,26,N,8110
11-Aug-20,22,21:03,Tuesday,KINGSTON AND QUEEN,Investigation,11,22,N,8956
11-Aug-20,79,21:22,Tuesday,RUNNYMEDE STATION,Emergency Services,10,18,,1132
11-Aug-20,73,21:36,Tuesday,ALBION AND ARMEL,Emergency Services,17,34,N,8437
11-Aug-20,21,21:47,Tuesday,BRIMLEY AND STEELES,Road Block - Non-TTC Collision,14,28,N,3529
11-Aug-20,92,21:47,Tuesday,ASHBRIDGES BAY LOOP,Security,10,20,,8586
11-Aug-20,95,22:44,Tuesday,YORKMILLS AND BANBURY,Road Blocked - NON-TTC Collision,33,43,W,3449
11-Aug-20,122,23:32,Tuesday,YORK MILLS AND BANBURY,Road Blocked - NON-TTC Collision,38,68,W,8189
11-Aug-20,32,00:02,Tuesday,RENFORTH STATION,Cleaning,11,33,,1350
11-Aug-20,600,01:37,Tuesday,JANE AND PINEHILL,Security,0,0,S,3246
12-Aug-20,336,05:39,Wednesday,WOODBINE RACETRACK,Emergency Services,0,0,,3211
12-Aug-20,39,06:52,Wednesday,FINCH STATION,Mechanical,13,26,E,9083
12-Aug-20,39,06:52,Wednesday,FINCH STATION,Mechanical,13,26,E,9083
12-Aug-20,7,07:25,Wednesday,YORK MILLS STATION,Mechanical,30,60,S,1384
12-Aug-20,54,07:36,Wednesday,EGLINTON STATION,Mechanical,11,22,E,8667
12-Aug-20,36,08:24,Wednesday,FINCH WEST STATION,Mechanical,5,10,W,3648
12-Aug-20,900,08:53,Wednesday,PEARSON AIRPORT - TERM,Operations - Operator,10,20,E,7966
12-Aug-20,96,09:43,Wednesday,WILSON AND JANE,Mechanical,18,36,E,3314
12-Aug-20,105,09:51,Wednesday,SHEPPARD WEST STATION,Operations - Operator,20,40,N,8348
12-Aug-20,165,09:54,Wednesday,WESTON AND LANYARD,Security,2,4,N,3268
12-Aug-20,52,10:34,Wednesday,LAWRENCE AND BATHURST,Mechanical,15,30,W,8352
12-Aug-20,52,10:46,Wednesday,LAWRENCE AND KEELE,Collision - TTC,11,22,E,1283
12-Aug-20,900,11:09,Wednesday,JETLINER AND AIRPORT,Security,10,20,S,8000
12-Aug-20,40,11:13,Wednesday,DUNDAS AND INDIAN,Collision - TTC,15,30,E,8080
12-Aug-20,52,11:13,Wednesday,LAWRENCE WEST STATION,Mechanical,15,30,W,1383
12-Aug-20,34,12:23,Wednesday,EGLINTON AND BRENTCLIF,Emergency Services,12,24,W,8932
12-Aug-20,32,12:28,Wednesday,EGLINTON STATION,Mechanical,11,22,W,1411
12-Aug-20,999,12:36,Wednesday,ROCKCLIFFE AND HORNER,Collision - TTC,0,0,N,3709
12-Aug-20,96,12:39,Wednesday,WILSON AND JULIAN,Security,24,48,E,3637
12-Aug-20,71,13:00,Wednesday,ROCKCLIFFE AND HOMER,Diversion,48,58,B,0
12-Aug-20,86,13:09,Wednesday,KINGSTON AND LAWRENCE,Investigation,0,0,N,8923
12-Aug-20,60,13:12,Wednesday,PIONEER VILLAGE STATIO,Mechanical,9,18,,3235
12-Aug-20,41,13:58,Wednesday,KEELE AND 401,General Delay,33,65,S,9137
12-Aug-20,41,14:48,Wednesday,KEELE AND FINCH,Collision - TTC,12,24,N,9141
12-Aug-20,36,14:52,Wednesday,FINCH AND JANE,Mechanical,8,16,E,3321
12-Aug-20,42,15:16,Wednesday,FINCH STATION,Security,15,30,,8190
12-Aug-20,161,15:23,Wednesday,ROGERS AND DUFFERIN,Investigation,0,0,E,1406
12-Aug-20,37,15:40,Wednesday,ISLINGTON AND ST ANDRE,Mechanical,20,40,N,7933
12-Aug-20,9,15:41,Wednesday,ST CLAIR AND MARSH,Road Blocked - NON-TTC Collision,115,134,W,0
12-Aug-20,102,15:43,Wednesday,ST CLAIR AND MARSH,Road Blocked - NON-TTC Collision,0,0,W,0
12-Aug-20,89,16:00,Wednesday,TRETHEWEY DR AND MARTH,Mechanical,10,21,E,1109
12-Aug-20,74,16:32,Wednesday,ST. CLAIR STATION,Mechanical,24,50,N,1382
12-Aug-20,47,16:46,Wednesday,LANSDOWNE AND DUPONT,Mechanical,10,20,S,1079
12-Aug-20,96,16:47,Wednesday,WILSON AND JANE,Operations - Operator,25,50,N,3637
12-Aug-20,84,16:47,Wednesday,BRADSTOCK AND WESTON,Mechanical,15,30,E,3347
12-Aug-20,47,16:48,Wednesday,CALEDONIA AND CASTLEFI,Mechanical,10,20,S,1000
12-Aug-20,25,16:52,Wednesday,DON MILLS STATION,Mechanical,6,12,,8702
12-Aug-20,16,17:37,Wednesday,ST CLAIR AND KENNEDY,Security,10,20,E,9219
12-Aug-20,123,17:49,Wednesday,KIPLING STATION,Operations - Operator,19,38,N,7909
12-Aug-20,16,17:56,Wednesday,ST CLAIR AND MARSH,Road Blocked - NON-TTC Collision,111,121,W,0
12-Aug-20,97,17:56,Wednesday,YONGE AND ST CLAIR,Mechanical,30,60,N,1351
12-Aug-20,25,18:09,Wednesday,DON MILLS STATION,Utilized Off Route,6,12,S,8694
12-Aug-20,169,18:29,Wednesday,DON MILLS AND SHEPPARD,Operations - Operator,30,60,W,8167
12-Aug-20,37,18:32,Wednesday,ISLINGTON STATION BAY,Mechanical,24,47,,8417
12-Aug-20,39,18:41,Wednesday,42 INNISCROSS CRESCENT,Mechanical,6,12,W,3410
12-Aug-20,73,18:44,Wednesday,ALBION AND FINCH,Security,25,50,W,8457
12-Aug-20,57,19:33,Wednesday,KENNEDY STATION,Operations - Operator,14,28,E,8937
12-Aug-20,95,20:39,Wednesday,YORK MILLS AND LESLIE,Mechanical,14,28,W,1239
12-Aug-20,89,21:49,Wednesday,HIGH PARK STATION,Cleaning,20,40,E,9035
12-Aug-20,89,21:58,Wednesday,HIGH PARK STATION,Emergency Services,0,0,,9055
12-Aug-20,52,23:55,Wednesday,LAWRENCE AND WESTON,Cleaning,18,36,W,8201
12-Aug-20,95,00:12,Wednesday,YORK MILLS AND FENSIDE,Security,10,20,E,1658
12-Aug-20,34,00:13,Wednesday,EGLINTON AND DON MILLS,Mechanical,22,66,W,8932
12-Aug-20,329,01:24,Wednesday,WILSON AND BILLY BISHO,Cleaning,30,0,E,1268
12-Aug-20,332,01:40,Wednesday,EGLINTON STATION,Cleaning,26,0,,1147
12-Aug-20,353,01:58,Wednesday,STEELES AND LAURELEAF,Road Block - Non-TTC Collision,182,212,,1550
13-Aug-20,47,05:37,Thursday,ST CLAIR AND LANSDOWNE,Security,41,55,B,0
13-Aug-20,116,05:52,Thursday,KENNEDY STATION,Emergency Services,0,0,,8925
13-Aug-20,95,06:44,Thursday,MALVERN GARAGE,Operations - Operator,20,41,S,1312
13-Aug-20,60,06:50,Thursday,PIONEER VILLAGE STATIO,Mechanical,10,15,E,3652
13-Aug-20,54,07:01,Thursday,EGLINTON STATION,Mechanical,11,22,W,8664
13-Aug-20,57,07:20,Thursday,MIDLAND AND LAWRENCE,Mechanical,10,20,N,8699
13-Aug-20,72,07:25,Thursday,PAPE STATION,Mechanical,20,40,S,8584
13-Aug-20,72,07:27,Thursday,PAPE STATION,Mechanical,20,40,W,8584
13-Aug-20,32,07:54,Thursday,PINE AND LAWRENCE,Mechanical,13,27,E,3729
13-Aug-20,84,07:57,Thursday,SHEPPARD AND VITTI ( W,Collision - TTC,11,22,E,3235
13-Aug-20,88,08:17,Thursday,ST. CLAIR STATION,Mechanical,7,14,E,1248
13-Aug-20,72,08:22,Thursday,PAPE STATION,Mechanical,9,18,N,9205
13-Aug-20,75,09:39,Thursday,SHERBOURNE STATION,Security,10,20,,8334
13-Aug-20,999,09:42,Thursday,BLOOR AND JANE,Collision - TTC,0,0,,0
13-Aug-20,600,09:49,Thursday,KIPLING STATION,Mechanical,1,1,S,8602
13-Aug-20,51,10:17,Thursday,EGLINTON STATION,Vision,27,54,E,8153
13-Aug-20,45,10:30,Thursday,KIPLING STATION,Mechanical,24,48,N,8080
13-Aug-20,112,10:41,Thursday,KIPLING STATION,Operations - Operator,24,48,N,8025
13-Aug-20,54,10:49,Thursday,LAWRENCE AND WARDEN,Mechanical,14,28,W,8895
13-Aug-20,112,11:05,Thursday,KIPLING STATION,Mechanical,14,28,N,8052
13-Aug-20,54,11:16,Thursday,LAWRENCE AND BELLAMY,Security,0,0,E,8884
13-Aug-20,97,11:39,Thursday,YONGE AND MILL,General Delay,163,193,S,8145
13-Aug-20,5,12:59,Thursday,KIPLING AND KIDRON VAL,Investigation,12,24,N,8078
13-Aug-20,9,13:53,Thursday,BELLAMY AND BRIMOROTON,Emergency Services,140,146,B,0
13-Aug-20,39,14:02,Thursday,FINCH STATION,Mechanical,8,16,E,3422
13-Aug-20,35,14:06,Thursday,JANE STATION,Vision,7,14,N,3604
13-Aug-20,82,14:09,Thursday,ROSEDDALE STATION,Investigation,20,40,,8341
13-Aug-20,95,14:28,Thursday,PARKWOODS VILLAGE AND,Road Blocked - NON-TTC Collision,55,65,W,3449
13-Aug-20,100,14:39,Thursday,BROADVIEW STATION,Mechanical,9,18,W,8768
13-Aug-20,52,14:45,Thursday,LAWRENCE AND KEELE,Cleaning,15,30,W,8124
13-Aug-20,46,14:46,Thursday,MARTIN GROVE AND EGLIN,Investigation,16,35,S,3630
13-Aug-20,52,15:06,Thursday,LAWRENCE AND WESTONA S,Collision - TTC,15,30,W,8318
13-Aug-20,35,15:29,Thursday,JANE AND CHALKFARM,Security,7,14,N,3228
13-Aug-20,66,15:43,Thursday,OLD MILL STATION,Security,10,20,S,8036
13-Aug-20,160,15:45,Thursday,PROMANDADE MALL,Road Blocked - NON-TTC Collision,119,143,,8322
13-Aug-20,11,15:56,Thursday,DAVISVILLE STATION,Operations - Operator,0,0,,8387
13-Aug-20,54,16:15,Thursday,LAWRENCE W OF VICTORIA,Road Blocked - NON-TTC Collision,10,20,W,8670
13-Aug-20,48,16:33,Thursday,RATHBURN / E OF EAST M,Investigation,25,50,E,7916
13-Aug-20,102,16:35,Thursday,MARKHAM AND EGLINTON,Mechanical,16,17,S,8587
13-Aug-20,7,16:53,Thursday,STEELES AND BATHURST,Road Block - Non-TTC Collision,10,18,,1230
13-Aug-20,32,17:01,Thursday,EGLINTON STATION,Investigation,8,17,,1085
13-Aug-20,52,17:16,Thursday,LAWRENCE AND WESTON,Security,16,32,W,8137
13-Aug-20,75,17:23,Thursday,SHERBOURNE AND DUNDAS,General Delay,7,14,S,8378
13-Aug-20,54,17:26,Thursday,LAWRENCE AND SCARBOROU,Emergency Services,10,20,W,8886
13-Aug-20,7,17:36,Thursday,BATHURST STATION,Mechanical,12,24,N,8355
13-Aug-20,57,17:37,Thursday,KENNEDY STATION,General Delay,14,28,E,8905
13-Aug-20,7,17:41,Thursday,BATHURST AND GREENWIN,Mechanical,8,14,W,1252
13-Aug-20,129,18:02,Thursday,SCARBOROUGH CENTRE STA,Mechanical,5,10,N,3537
13-Aug-20,95,18:13,Thursday,YORK MILLS STATION,Mechanical,8,16,E,3539
13-Aug-20,52,18:44,Thursday,LAWRENCE AND DUVAL,Mechanical,15,30,W,8331
13-Aug-20,95,19:40,Thursday,YORK MILLS STATION,Mechanical,10,20,E,3464
13-Aug-20,88,20:16,Thursday,ST CLAIR STATION,Mechanical,35,42,,1373
13-Aug-20,35,20:42,Thursday,JANE STATION,Security,8,16,,9124
13-Aug-20,88,20:54,Thursday,MOORE AND BAYVIEW,Mechanical,35,70,E,8393
13-Aug-20,95,21:00,Thursday,ELLESMERE AND VARDEN,Mechanical,10,20,W,3509
13-Aug-20,104,21:00,Thursday,DUFFERIN AND FINCH,Collision - TTC,0,0,S,8193
13-Aug-20,102,21:01,Thursday,WARDEN STATION,Security,0,0,,8565
13-Aug-20,26,21:08,Thursday,JANE STATION,Mechanical,10,20,,1074
13-Aug-20,16,21:08,Thursday,DANFORTH AND ST CLAIR,Security,17,34,N,9235
13-Aug-20,86,21:24,Thursday,KENNEDY STATION,Emergency Services,0,0,,0
13-Aug-20,68,22:07,Thursday,WARDEN AND LAWRENCE,Road Blocked - NON-TTC Collision,51,61,S,0
13-Aug-20,24,23:26,Thursday,VICTORIA PARK AND LAWR,Security,19,28,,3130
13-Aug-20,83,23:34,Thursday,DONLANDS STATION,Mechanical,17,34,,3158
13-Aug-20,123,00:44,Thursday,KIPLING STATION,Mechanical,24,48,S,8075
13-Aug-20,84,00:59,Thursday,BRADSTOCK AND WESTON,Mechanical,10,19,E,3627
13-Aug-20,84,00:59,Thursday,BRADSTOCK AND WESTON,Mechanical,10,19,E,3627
13-Aug-20,31,01:10,Thursday,GREENWOOD STATION,Cleaning,27,52,S,3105
13-Aug-20,63,01:34,Thursday,KING AND ATLANTIC,Road Blocked - NON-TTC Collision,20,30,N,8112
13-Aug-20,32,01:38,Thursday,EGLINTON AND BEMERSYDE,Mechanical,11,22,E,1626
14-Aug-20,300,02:13,Friday,BLOOR AND PARLIAMENT,Security,17,34,E,8866
14-Aug-20,41,02:35,Friday,FINCH WEST STATION,Operations - Operator,21,42,,0
14-Aug-20,365,02:44,Friday,BLOOR AND PARLIAMENT,Investigation,202,232,,0
14-Aug-20,95,04:20,Friday,U OF T SCARBOROUGH LOO,Operations - Operator,30,0,W,0
14-Aug-20,65,04:51,Friday,BLOOR AND PARLIAMENT,Road Blocked - NON-TTC Collision,443,456,,0
14-Aug-20,352,04:53,Friday,PEARSON AIRPORT TERMIN,Cleaning,30,50,,8201
14-Aug-20,91,05:33,Friday,HOLINGER AND CURITY,Investigation,0,0,S,8786
14-Aug-20,94,05:39,Friday,BLOOR AND PARLIAMENT,Road Blocked - NON-TTC Collision,457,473,B,1560
14-Aug-20,89,06:00,Friday,WESTON AND ALBION,Collision - TTC,15,27,,1133
14-Aug-20,116,06:24,Friday,KENNEDY STATION,Operations - Operator,30,60,W,8850
14-Aug-20,39,06:44,Friday,NEILSON AND CROW TRAIL,Mechanical,0,50,S,1377
14-Aug-20,133,06:59,Friday,NEILSON AND 401,Collision - TTC,11,22,N,3475
14-Aug-20,160,06:59,Friday,WILSON STATION,Operations - Operator,24,48,N,8358
14-Aug-20,21,07:18,Friday,BRIMLEY AND SHEPPARD,Road Blocked - NON-TTC Collision,39,62,B,3495
14-Aug-20,927,07:38,Friday,HUMBER COLLEGE,Mechanical,10,20,S,3599
14-Aug-20,51,07:42,Friday,EGLINTON STATION,Mechanical,30,60,N,1230
14-Aug-20,45,07:50,Friday,DISCO AND ATTWELL,Mechanical,26,52,S,7925
14-Aug-20,42,07:53,Friday,DYNAMIC AND MCNICOLL,Mechanical,11,22,S,8202
14-Aug-20,36,07:54,Friday,FINCH WEST STATION,Mechanical,5,10,E,3291
14-Aug-20,67,07:56,Friday,PHARMACY AND BISCAYNE,Mechanical,9,18,S,8753
14-Aug-20,7,08:14,Friday,BATHURST AND PRINCE CH,Security,9,18,S,1368
14-Aug-20,110,08:15,Friday,LAKESHORE AND 10TH,Mechanical,15,30,N,8414
14-Aug-20,11,08:44,Friday,2395 BAYVIEW AVE (BOB,Collision - TTC,7,15,N,8394
14-Aug-20,69,08:48,Friday,WARDEN STATION,Mechanical,12,24,S,8400
14-Aug-20,89,08:56,Friday,WESTON AND RAY,Collision - TTC,11,22,N,9138
14-Aug-20,129,09:18,Friday,SCARBOROUGH CENTRE STA,Operations - Operator,20,40,N,3535
14-Aug-20,555,09:22,Friday,HUMBER LOOP,Emergency Services,0,0,,0
14-Aug-20,111,09:38,Friday,EAST MALL AND TALGARTH,Security,16,32,N,8454
14-Aug-20,24,09:55,Friday,VICTORIA PARK STATION,Mechanical,9,18,,8402
14-Aug-20,54,10:04,Friday,LAWRENCE AND MCCOWAN,Mechanical,11,25,W,8918
14-Aug-20,118,10:10,Friday,THISTLEDOWN AND ALBION,Operations - Operator,30,60,E,3203
14-Aug-20,59,10:30,Friday,CHURCH AND CYPRESS,General Delay,45,90,W,3614
14-Aug-20,113,10:37,Friday,MAIN STREET STATION,Cleaning,24,40,E,8471
14-Aug-20,71,10:53,Friday,MOUNT DENNIS GARAGE,Mechanical,12,24,S,3727
14-Aug-20,7,11:01,Friday,ST CLAIR AND BATHURST,Mechanical,9,18,S,1242
14-Aug-20,63,11:03,Friday,OSSINGTON STATION,Mechanical,10,20,S,8122
14-Aug-20,47,11:23,Friday,CALEDONIA AND GLENGROV,Road Blocked - NON-TTC Collision,73,88,W,3735
14-Aug-20,112,11:25,Friday,RENFORTH AND DISCO,Vision,24,48,S,8033
14-Aug-20,32,11:53,Friday,PINE AND LAWRENCE,Mechanical,11,22,E,1117
14-Aug-20,45,12:01,Friday,KEELE AND DUNDAS,Collision - TTC,0,0,N,1625
14-Aug-20,17,12:08,Friday,WARDEN AND STEELES,Mechanical,13,26,S,8570
14-Aug-20,86,12:16,Friday,KENNEDY STATION,Mechanical,11,22,N,8644
14-Aug-20,112,12:18,Friday,RENFORTH STATION,Mechanical,24,48,S,8030
14-Aug-20,32,12:27,Friday,EGLINTON AND JANE,Mechanical,11,22,E,1107
14-Aug-20,73,12:55,Friday,ROYAL YORK STATION,Operations - Operator,25,50,N,8080
14-Aug-20,133,13:20,Friday,MARKHAM AND ELLESMERE,Mechanical,11,22,E,3558
14-Aug-20,34,13:40,Friday,EGLINTON STATION,Emergency Services,12,24,E,8620
14-Aug-20,57,14:04,Friday,KENNEDY STATION,Mechanical,14,28,N,8636
14-Aug-20,87,14:17,Friday,BROADVIEW STATION,Vision,13,26,E,3154
14-Aug-20,66,14:36,Friday,58 MARINE PARADE SQUAR,Collision - TTC,24,38,S,8411
14-Aug-20,106,14:37,Friday,SHEPPARD WEST STATION,Mechanical,13,26,W,8178
14-Aug-20,34,14:38,Friday,EGLINTON AND ROSEMOUNT,Collision - TTC,12,19,E,8760
14-Aug-20,26,14:46,Friday,JANE AND ANNETTE,Operations - Operator,25,50,E,1099
14-Aug-20,927,14:55,Friday,SHEPPARD AND WESTON,Mechanical,5,9,W,3271
14-Aug-20,73,15:00,Friday,ROYAL YORK STATION,Cleaning,20,45,N,7966
14-Aug-20,66,15:15,Friday,OLD MILL STATION,Utilized Off Route,20,40,N,8411
14-Aug-20,115,15:39,Friday,YORK MILLS STATION,Operations - Operator,24,48,W,0
14-Aug-20,52,15:47,Friday,LAWRENCE AND SCARLETT,Mechanical,16,32,W,1301
14-Aug-20,80,15:48,Friday,BLOOR AND PARKSIDE,Security,20,40,S,8089
14-Aug-20,89,15:57,Friday,WESTON AND HICKORY TRE,Security,20,30,E,9039
14-Aug-20,106,16:33,Friday,SENTINEL AND HUCKNELL,Mechanical,12,24,W,1372
14-Aug-20,47,16:58,Friday,ST. CLAIR AND LANSDOWN,Operations - Operator,27,54,N,1019
14-Aug-20,85,17:16,Friday,SHEPPARD AND NEILSON,Collision - TTC,7,13,W,3542
14-Aug-20,73,17:46,Friday,ROYAL YORK STATION,Operations - Operator,25,50,N,8418
14-Aug-20,21,18:11,Friday,BRIMLEY AND PROGRESS,General Delay,24,39,S,3506
14-Aug-20,95,18:14,Friday,YORKMILLS AND BANBURY,Mechanical,11,22,E,1232
14-Aug-20,89,18:15,Friday,KEELE AND ST CLAIR,Mechanical,10,30,N,9151
14-Aug-20,54,19:00,Friday,LAWRENCE AND MARKHAM,Security,10,20,E,8658
14-Aug-20,43,19:04,Friday,KENNEDY STATION,Cleaning,8,17,,8707
14-Aug-20,34,19:13,Friday,EGLINTON AND WARDEN,Mechanical,17,34,W,8697
14-Aug-20,9,19:16,Friday,WARDEN STATION,Security,18,36,,8482
14-Aug-20,61,19:21,Friday,BOMBAY LOOP,Operations - Operator,20,40,S,8190
14-Aug-20,167,19:38,Friday,PHARMACY AND STEELES,Emergency Services,53,63,B,8569
14-Aug-20,25,19:40,Friday,OVERLEA AND THORNCLIFF,Emergency Services,0,0,W,8714
14-Aug-20,7,19:48,Friday,BATHURST STATION,Mechanical,4,8,N,8163
14-Aug-20,35,20:32,Friday,PIONEER VILLAGE STATIO,Mechanical,5,10,W,3252
14-Aug-20,29,21:37,Friday,DUFFERIN AND RAMSDEN,Mechanical,4,8,S,9024
14-Aug-20,122,21:40,Friday,200 GRAYDON HALL,Road Blocked - NON-TTC Collision,30,60,E,8169
14-Aug-20,86,22:29,Friday,KENNEDY STATION,Security,0,0,,8816
14-Aug-20,60,22:53,Friday,FINCH STATION,Security,0,0,E,3485
14-Aug-20,121,23:01,Friday,CHERRY AND COMMISSIONE,Road Blocked - NON-TTC Collision,161,185,S,8556
14-Aug-20,39,23:24,Friday,FINCH AND BRIDLETOWNE,General Delay,20,40,E,9095
14-Aug-20,35,00:19,Friday,PIONEER VILLAGE STATIO,Operations - Operator,30,60,S,0
14-Aug-20,116,00:40,Friday,KENNEDY STATION,Operations - Operator,28,58,,8926
14-Aug-20,999,01:02,Friday,WILSON GARAGE,Emergency Services,0,0,,0
14-Aug-20,25,01:04,Friday,DON MILLS STATION,Mechanical,10,19,,8675
14-Aug-20,102,01:37,Friday,MARKHAM AND 401,Road Blocked - NON-TTC Collision,11,24,S,8586
15-Aug-20,129,02:20,Saturday,STEELES AND YONGE,Operations - Operator,4,8,S,8185
15-Aug-20,334,02:45,Saturday,NEWGALE GATE AND FINCH,Emergency Services,30,60,E,8812
15-Aug-20,7,04:43,Saturday,BATHURST AND WILSON,Mechanical,27,47,N,8158
15-Aug-20,35,04:45,Saturday,IAN MACDONALD AND CHIM,Emergency Services,0,0,,3230
15-Aug-20,320,04:50,Saturday,YONGE AND KING,Cleaning,23,40,N,8370
15-Aug-20,86,05:16,Saturday,EGLINTON AND DANFORTH,Security,30,60,E,8775
15-Aug-20,20,05:23,Saturday,MAIN STREET STATION,Operations - Operator,22,46,W,3148
15-Aug-20,36,05:32,Saturday,HUMBERWOOD LOOP,Security,10,20,E,3321
15-Aug-20,108,06:08,Saturday,SHEPPARD WEST STATION,Operations - Operator,30,60,W,3177
15-Aug-20,6,06:21,Saturday,DAVENPORT AND DUPONT,Mechanical,30,60,S,1380
15-Aug-20,6,06:21,Saturday,DAVENPORT AND DUPONT,Mechanical,30,60,S,1380
15-Aug-20,6,06:26,Saturday,DAVENPORT AND DUPONT,Operations - Operator,30,60,S,1005
15-Aug-20,45,06:40,Saturday,STEELES AND MARTIN GRO,Mechanical,20,35,S,3347
15-Aug-20,77,06:42,Saturday,BLOOR AND RUNNYMEDE,General Delay,63,78,S,0
15-Aug-20,46,07:16,Saturday,KIPLING STATION,Security,20,40,S,3626
15-Aug-20,96,07:19,Saturday,WISON AND DUFFERIN,Operations - Operator,20,40,E,3289
15-Aug-20,108,07:31,Saturday,SHEPPARD WEST STATION,General Delay,20,40,W,3177
15-Aug-20,32,07:58,Saturday,EGLINTON AND HILLTOP,Mechanical,24,48,W,3735
15-Aug-20,54,08:15,Saturday,LAWRENCE AND MORNINGSI,Operations - Operator,20,40,E,8840
15-Aug-20,32,08:27,Saturday,EGLINTON STATION,Emergency Services,16,32,E,1125
15-Aug-20,70,08:35,Saturday,COXWELL STATION,Operations - Operator,21,22,E,8896
15-Aug-20,54,09:06,Saturday,LAWRENCE AND WARDEN,Operations - Operator,20,40,W,8622
15-Aug-20,67,09:23,Saturday,PHARMACY AND COMSTOCK,General Delay,86,101,B,8665
15-Aug-20,42,09:44,Saturday,FINCH STATION,Mechanical,17,34,N,8350
15-Aug-20,52,09:53,Saturday,LAWRENCE WEST STATION,Mechanical,10,20,W,1228
15-Aug-20,110,09:55,Saturday,ISLINGTON STATION,Security,10,20,S,8448
15-Aug-20,54,10:11,Saturday,EGLINTON AND HANNA,Security,19,38,W,8757
15-Aug-20,189,10:19,Saturday,KEELE AND ANNETTE,Collision - TTC,30,60,S,8050
15-Aug-20,22,10:37,Saturday,COXWELL AND DUNDAS,Mechanical,10,20,S,8552
15-Aug-20,133,11:02,Saturday,SCARBOROUGH CENTRE STA,Cleaning,10,20,E,3568
15-Aug-20,36,11:35,Saturday,FINCH WEST STATION,Mechanical,7,14,W,3704
15-Aug-20,67,11:36,Saturday,PHARMACY AND SHERWOOD,Collision - TTC,15,30,N,8665
15-Aug-20,133,11:37,Saturday,SCARBOROUGH CENTRE STA,Cleaning,10,20,E,3510
15-Aug-20,7,11:40,Saturday,BATHURST AND LAWRENCE,Collision - TTC,9,18,N,1381
15-Aug-20,53,11:41,Saturday,STEELES AND MIDDLEFIEL,Operations - Operator,33,58,E,3400
15-Aug-20,47,11:45,Saturday,CALEDONIA AND EGLINTON,Emergency Services,16,32,N,1560
15-Aug-20,17,11:50,Saturday,BIRCHMOUNT AND ST CLAI,Mechanical,15,30,N,8558
15-Aug-20,68,12:09,Saturday,WARDEN AND STEELES,Mechanical,10,20,S,8839
15-Aug-20,20,12:14,Saturday,DANFORTH AND VICTORIA,Investigation,20,40,W,8493
15-Aug-20,133,12:23,Saturday,SCARBOROUGH CENTRE STA,Cleaning,9,18,E,3418
15-Aug-20,79,12:37,Saturday,RUNNYMEDE STATION,Operations - Operator,24,48,N,1028
15-Aug-20,12,12:43,Saturday,KENNEDY STATION,Mechanical,15,30,W,8569
15-Aug-20,165,12:44,Saturday,WILSON AND AVENUE,Emergency Services,9,18,W,3258
15-Aug-20,8,12:50,Saturday,BROADVIEW AND CHESTER,General Delay,30,60,S,8519
15-Aug-20,36,12:56,Saturday,FINCH WEST STATION,Mechanical,5,11,E,3606
15-Aug-20,40,12:57,Saturday,DUNDAS AND RUNNYMEDE,Investigation,69,99,,0
15-Aug-20,36,13:22,Saturday,HUMBERWOOD LOOP,Mechanical,5,9,E,3705
15-Aug-20,54,13:27,Saturday,EGLINTON STATION,Mechanical,15,29,W,8939
15-Aug-20,26,13:48,Saturday,ST GEORGE TO JANE STAT,General Delay,0,0,B,0
15-Aug-20,32,13:49,Saturday,EGLINTON AND KEELE,Operations - Operator,9,18,W,3732
15-Aug-20,41,13:56,Saturday,BLOOR AND HIGH PARK,Road Blocked - NON-TTC Collision,94,103,E,1141
15-Aug-20,45,14:04,Saturday,KIPLING STATION,Mechanical,10,20,N,8042
15-Aug-20,123,14:04,Saturday,KIPLING STATION,Mechanical,20,40,E,8070
15-Aug-20,89,14:07,Saturday,BLOOR AND HIGH PARK,Road Blocked - NON-TTC Collision,78,88,B,0
15-Aug-20,80,14:10,Saturday,BLOOR AND HIGH PARK,Road Blocked - NON-TTC Collision,76,91,,0
15-Aug-20,97,14:13,Saturday,HILDA AND STEELES,Vision,30,60,S,8215
15-Aug-20,70,14:14,Saturday,COXWELL STATION,General Delay,22,44,N,8896
15-Aug-20,102,14:23,Saturday,WARDEN STATION,Cleaning,9,18,S,8553
15-Aug-20,189,14:24,Saturday,HIGH PARK AND BLOOR,Road Blocked - NON-TTC Collision,61,101,B,8064
15-Aug-20,108,14:29,Saturday,PIONEER VILLAGE STATIO,Investigation,8,16,N,3361
15-Aug-20,129,14:37,Saturday,MCCOWAN AND INVERGRODO,Emergency Services,6,12,N,1335
15-Aug-20,95,14:59,Saturday,YORK MILLS AND BAYVIEW,Collision - TTC,14,28,E,1209
15-Aug-20,7,15:06,Saturday,BATHURST AND FINCH,Cleaning,8,15,N,8158
15-Aug-20,17,15:10,Saturday,BIRCHMOUNT AND HIGHWAY,Mechanical,15,30,N,9213
15-Aug-20,8,15:20,Saturday,BROADVIEW AND MORTIMER,General Delay,30,60,N,8519
15-Aug-20,168,15:37,Saturday,AVON LOOP,Mechanical,10,20,S,1042
15-Aug-20,86,15:39,Saturday,KENNEDY STATION,Mechanical,6,12,S,8882
15-Aug-20,47,16:03,Saturday,LANSDOWNE AND ST CLAIR,Mechanical,18,36,S,1113
15-Aug-20,34,16:04,Saturday,EGLINTON AND REDPATH,Mechanical,10,20,E,8916
15-Aug-20,40,17:00,Saturday,DUNDAS AND HUMBER HILL,Cleaning,30,60,W,7959
15-Aug-20,96,17:27,Saturday,WILSON AND DUFFERIN,Operations - Operator,27,54,E,3183
15-Aug-20,16,17:30,Saturday,WARDEN STATION,Mechanical,10,20,N,8530
15-Aug-20,16,17:39,Saturday,JANE AND ALLIANCE,General Delay,20,40,,1021
15-Aug-20,130,17:43,Saturday,MIDDLEFIELD AND STEELE,Mechanical,30,60,N,1414
15-Aug-20,20,18:00,Saturday,MAIN STATION,Operations - Operator,20,40,E,3148
15-Aug-20,130,18:10,Saturday,MIDDLEFIELD LOOP,Mechanical,30,60,,1414
15-Aug-20,26,18:14,Saturday,DUPONT AND EMERSON,Emergency Services,30,60,E,1281
15-Aug-20,6,18:42,Saturday,DAVENPORT AND DUPONT,Cleaning,23,46,W,1380
15-Aug-20,96,18:48,Saturday,WILSON AND JANE,General Delay,27,54,E,3653
15-Aug-20,52,18:52,Saturday,WESTWAY AND MARTIN GRO,Emergency Services,0,0,E,0
15-Aug-20,161,19:19,Saturday,BLOOR AND RUSHOLME,General Delay,20,40,W,1087
15-Aug-20,54,19:29,Saturday,LAWRENCE AND BROCKLEY,Security,0,0,W,8743
15-Aug-20,29,20:21,Saturday,DUFFERIN AND RAMSDEN,Collision - TTC,0,0,N,9038
15-Aug-20,32,20:36,Saturday,EGLINTON AND MARLEE,Collision - TTC,0,0,W,1358
15-Aug-20,29,20:46,Saturday,DUFFERIN AND DAVENPORT,Road Blocked - NON-TTC Collision,12,24,S,9027
15-Aug-20,34,20:52,Saturday,EGLINTON AND REDPATH,Mechanical,10,20,W,8751
15-Aug-20,24,20:58,Saturday,VICTORIA PARK AND JONE,Mechanical,9,18,S,8481
15-Aug-20,54,21:44,Saturday,EGLINTON STATION,Emergency Services,0,0,,8742
15-Aug-20,131,22:25,Saturday,SEWELLS AND BRENYON WA,Road Blocked - NON-TTC Collision,0,0,W,0
15-Aug-20,25,22:31,Saturday,PAPE AND FLOYD AV,Mechanical,8,16,S,8932
15-Aug-20,95,22:38,Saturday,ELLESMERE AND KINGSTON,Mechanical,11,22,W,1292
15-Aug-20,121,23:04,Saturday,FRONT AND YORK,Road Blocked - NON-TTC Collision,22,40,E,8491
15-Aug-20,34,23:28,Saturday,EGLINTON AND BANFF,Collision - TTC,21,42,E,8921
15-Aug-20,52,00:16,Saturday,LAWRENCE AND ELM,Security,0,0,W,8148
15-Aug-20,927,00:31,Saturday,HUMBER COLLEGE,General Delay,30,50,N,3619
15-Aug-20,307,00:54,Saturday,BATHURST AND GREENWIN,Operations - Operator,20,40,,0
15-Aug-20,307,01:11,Saturday,BATHURST AND COVINGTON,General Delay,20,40,S,8361
15-Aug-20,320,01:56,Saturday,YONGE AND ELM,Road Blocked - NON-TTC Collision,0,0,N,8162
16-Aug-20,36,03:45,Sunday,FINCH AND MCCOWAN,Mechanical,30,60,E,3319
16-Aug-20,325,05:11,Sunday,PAPE STATION,Mechanical,30,50,N,8638
16-Aug-20,36,05:18,Sunday,WOODBINE RACE TRACK,Operations - Operator,30,60,E,3260
16-Aug-20,320,05:32,Sunday,YONGE AND GERRARD,Road Blocked - NON-TTC Collision,255,270,,0
16-Aug-20,36,06:20,Sunday,FINCH AND SENTINEL,Road Blocked - NON-TTC Collision,40,51,W,3258
16-Aug-20,118,07:34,Sunday,ALBION AND ARCOT,Collision - TTC,30,60,W,0
16-Aug-20,122,07:47,Sunday,ROYWOOD AND UNDERPASS,Mechanical,20,50,W,1302
16-Aug-20,41,07:48,Sunday,PIONEER VILLAGE STATIO,Operations - Operator,12,24,S,1028
16-Aug-20,62,07:55,Sunday,BROADVIEW STATION,Mechanical,20,40,W,8472
16-Aug-20,52,08:07,Sunday,LAWRENCE AND KEELE,Mechanical,15,30,E,1218
16-Aug-20,175,08:24,Sunday,BLUFFER'S PARK,Investigation,154,159,S,8497
16-Aug-20,94,08:24,Sunday,OSSINGTON STATION,Mechanical,13,26,E,1036
16-Aug-20,36,08:35,Sunday,FINCH STATION,Emergency Services,10,20,,3351
16-Aug-20,95,09:04,Sunday,YORK MILLS AND CHIPSTE,Mechanical,21,42,E,1331
16-Aug-20,41,09:33,Sunday,KEELE AND LAWRENCE,Mechanical,12,24,S,1419
16-Aug-20,80,10:41,Sunday,HIGH PARK STATION,Mechanical,20,40,W,8442
16-Aug-20,113,10:44,Sunday,KENNEDY STATION,Cleaning,20,40,E,3111
16-Aug-20,36,10:53,Sunday,FINCH WEST STATION,Mechanical,5,10,W,3710
16-Aug-20,52,10:57,Sunday,LAWRENCE STATION,Investigation,20,40,E,1382
16-Aug-20,95,11:08,Sunday,ELLESMERE AND MARKHAM,Operations - Operator,22,44,E,3508
16-Aug-20,11,11:09,Sunday,BAYVIEW AND TRUMAN,Mechanical,10,20,N,8182
16-Aug-20,82,12:20,Sunday,ROSEDALE STATION,Operations - Operator,20,40,E,8329
16-Aug-20,123,12:35,Sunday,KIPLING STATION,Operations - Operator,20,40,N,7951
16-Aug-20,112,12:40,Sunday,KIPLING GO STATION,Mechanical,20,40,N,8060
16-Aug-20,52,13:00,Sunday,LAWRENCE WEST STATION,Operations - Operator,22,42,E,1293
16-Aug-20,6,13:06,Sunday,BAY STATION,Operations - Operator,23,46,S,1017
16-Aug-20,102,13:12,Sunday,WARDEN STATION,Mechanical,20,40,N,8490
16-Aug-20,165,13:21,Sunday,WESTON AND ARROW,Mechanical,10,20,W,3255
16-Aug-20,40,13:33,Sunday,KIPLING STATION,Operations - Operator,30,60,E,7912
16-Aug-20,37,13:39,Sunday,ISLINGTON STATION,Operations - Operator,20,40,N,8018
16-Aug-20,68,14:07,Sunday,WARDEN STATION,Operations - Operator,30,60,S,8770
16-Aug-20,102,14:16,Sunday,MARKHAM AND PROGRESS,Emergency Services,10,20,N,3133
16-Aug-20,73,14:31,Sunday,ROYAL YORK STATION,Operations - Operator,30,60,N,8068
16-Aug-20,26,14:37,Sunday,JANE STATION,Investigation,24,48,E,1358
16-Aug-20,52,14:51,Sunday,LAWRENCE WEST STATION,Mechanical,7,14,E,8328
16-Aug-20,161,14:57,Sunday,EGLINTON AND JANE,Cleaning,15,30,E,1125
16-Aug-20,89,15:12,Sunday,KEELE AND DUNDAS,Collision - TTC,10,20,S,1266
16-Aug-20,41,15:23,Sunday,KEELE AND DUNDAS,General Delay,23,34,S,1080
16-Aug-20,189,15:29,Sunday,KEELE AND ANNETTE,Road Block - Non-TTC Collision,31,51,S,7970
16-Aug-20,165,16:02,Sunday,BARMAC AND STEELES,Mechanical,10,20,E,3625
16-Aug-20,89,16:30,Sunday,KEELE AND DUNDAS,General Delay,30,40,S,0
16-Aug-20,32,16:38,Sunday,EGLINTON AND SPADINA,Mechanical,10,20,W,1268
16-Aug-20,89,16:40,Sunday,WESTON AND WALSH,Mechanical,10,20,S,3728
16-Aug-20,37,17:27,Sunday,ROYAL YORK STATION,Operations - Operator,23,46,N,8070
16-Aug-20,72,17:50,Sunday,PAPE AND EASTERN,Collision - TTC,18,36,S,3148
16-Aug-20,,17:54,Sunday,MCCOWAN AND SHEPPARD,Operations - Operator,30,60,,1396
16-Aug-20,37,18:16,Sunday,ISLINGTON STATION,Operations - Operator,23,43,N,8074
16-Aug-20,12,18:30,Sunday,VICTORIA PARK STATION,Mechanical,17,34,,8958
16-Aug-20,20,19:14,Sunday,DANFORTH AND AUGUST,Road Blocked - NON-TTC Collision,28,58,B,8528
16-Aug-20,86,19:18,Sunday,MEADOWVALE LOOP,Emergency Services,8,16,N,8944
16-Aug-20,84,19:24,Sunday,SHEPPARD AND OAKDALE,Investigation,0,0,W,0
16-Aug-20,75,19:30,Sunday,SHERBOURNE AND ELM,General Delay,20,40,S,1227
16-Aug-20,99,19:41,Sunday,SHEPPARD AND OAKDALE,Investigation,0,0,W,3176
16-Aug-20,24,22:11,Sunday,VICTORIA PARK AND HARE,Cleaning,9,18,N,8486
16-Aug-20,113,22:13,Sunday,DANFORTH AND AUGUST,Road Blocked - NON-TTC Collision,0,0,E,0
16-Aug-20,47,22:24,Sunday,LANSDOWN AND WHYTOCK,Security,0,0,N,1084
16-Aug-20,163,23:01,Sunday,EGLINTON AND MARLEE,Investigation,0,0,E,8187
16-Aug-20,54,23:28,Sunday,EGLINTON AND FALCON,Investigation,0,0,E,8750
16-Aug-20,97,00:34,Sunday,HILDA AND STEELES,Security,0,0,N,8137
17-Aug-20,37,02:04,Monday,ISLINGTON STATION,Emergency Services,20,40,N,8437
17-Aug-20,300,03:21,Monday,DANFORTH AND PAPE,Emergency Services,30,60,W,1057
17-Aug-20,95,04:30,Monday,MEADOWVALE LOOP,Operations - Operator,30,60,W,0
17-Aug-20,900,04:45,Monday,KIPLING STATION,Operations - Operator,22,46,N,0
17-Aug-20,118,05:19,Monday,THISTLEDOWN AND ALBION,Operations - Operator,30,60,N,3338
17-Aug-20,300,05:23,Monday,DIXON AND CARLINGVIEW,Mechanical,17,34,E,9029
17-Aug-20,24,05:33,Monday,VICTORIA PARK AND FINC,Security,19,38,N,8489
17-Aug-20,79,05:43,Monday,PINE AND LAWRENCE,Operations - Operator,20,40,S,1029
17-Aug-20,14,05:47,Monday,LANSDOWNE AND GLENCAIR,Operations - Operator,20,43,E,1091
17-Aug-20,95,06:01,Monday,YORK MILLS AND OLD YOR,Mechanical,30,60,E,1291
17-Aug-20,47,06:16,Monday,LANSDOWNE AND WADE,Security,24,45,N,1083
17-Aug-20,96,06:30,Monday,WILSON AND JANE,Mechanical,10,20,W,3206
17-Aug-20,35,07:04,Monday,DUNDAS ST W AND JANE,Mechanical,9,18,N,3368
17-Aug-20,36,07:15,Monday,FINCH WEST STATION,Mechanical,5,10,W,9109
17-Aug-20,108,07:31,Monday,DRIFTWOOD AND FINCH,Collision - TTC,8,16,N,3345
17-Aug-20,26,07:38,Monday,JANE STATION,General Delay,24,48,E,1065
17-Aug-20,165,08:07,Monday,WALSH AND MATHEWS,General Delay,100,106,N,3242
17-Aug-20,96,08:41,Monday,WALSH AND MATTHEWS,General Delay,257,277,E,3653
17-Aug-20,32,08:52,Monday,EGLINTON AND SPADINA,Collision - TTC,11,22,W,1074
17-Aug-20,73,09:02,Monday,CLAIREPORT AND ALBION,Mechanical,17,34,S,7945
17-Aug-20,133,09:50,Monday,FINCH AND MORNINGSIDE,Cleaning,11,22,S,3424
17-Aug-20,122,09:57,Monday,LYNEDOCK AND FENSIDE,Collision - TTC,17,34,E,8335
17-Aug-20,84,10:11,Monday,WESTON AND BRADSTOCK,Mechanical,7,15,W,3611
17-Aug-20,72,10:13,Monday,CARLAW AND QUEEN,General Delay,0,0,S,8584
17-Aug-20,79,10:27,Monday,RUNNYMEDE AND DUNDAS,Mechanical,9,17,N,1096
17-Aug-20,35,10:32,Monday,JANE AND DENNISON,Mechanical,6,7,S,3703
17-Aug-20,54,10:34,Monday,LAWWRENCE AND KINGSTON,Road Blocked - NON-TTC Collision,28,42,E,8837
17-Aug-20,133,10:36,Monday,FINCH AND MORNINGSIDE,Cleaning,11,22,S,3476
17-Aug-20,12,10:48,Monday,BINGHAM LOOP,Utilized Off Route,25,50,N,9205
17-Aug-20,133,10:50,Monday,SCARBOROUGH CENTRE STA,Cleaning,11,22,N,3530
17-Aug-20,133,10:54,Monday,FINCH AND MORNINGSIDE,Cleaning,11,22,S,3547
17-Aug-20,32,11:06,Monday,EGLINTON AND KANE,Investigation,11,22,E,1097
17-Aug-20,133,11:14,Monday,SCARBOROUGH CENTRE STA,Cleaning,11,22,N,3426
17-Aug-20,32,11:23,Monday,EGLINTON STATION,Mechanical,13,26,W,1039
17-Aug-20,133,11:26,Monday,SCARBOROUGH CENTRE STA,Cleaning,11,22,N,3552
17-Aug-20,117,11:40,Monday,SHEPPARD WEST STATION,Mechanical,20,40,N,1252
17-Aug-20,17,11:46,Monday,BIRCHMOUNT AND LAWRENC,Mechanical,13,26,S,3158
17-Aug-20,86,11:48,Monday,KENNEDY STATION,Emergency Services,10,20,E,8635
17-Aug-20,112,11:48,Monday,KIPLING STATION,Mechanical,24,48,N,7930
17-Aug-20,133,12:11,Monday,SCARBOROUGH CENTRE STA,Cleaning,11,22,N,3457
17-Aug-20,89,12:29,Monday,WESTON AND ALBION,Mechanical,11,22,S,9150
17-Aug-20,5,13:00,Monday,AVENUE AND WEBSTER,Investigation,65,95,B,0
17-Aug-20,90,13:05,Monday,VAUGHAN AND ARLINGTON,Road Blocked - NON-TTC Collision,55,105,B,8348
17-Aug-20,29,13:10,Monday,DUFFERN AND AUBURN,Security,8,15,S,9042
17-Aug-20,112,13:10,Monday,KIPLING STATION,Mechanical,24,48,N,8434
17-Aug-20,37,13:11,Monday,HUMBERWOOD LOOP,Operations - Operator,23,46,S,8085
17-Aug-20,23,13:18,Monday,REXLEIGH AND ST. CLAIR,Mechanical,10,20,S,3118
17-Aug-20,30,13:29,Monday,LAWRENCE WEST STATION,Mechanical,15,30,E,8161
17-Aug-20,47,13:35,Monday,LANSDOWNE AND DUPONT,Security,15,30,,1067
17-Aug-20,110,13:44,Monday,TORONTO SOUTH DENTION,Security,18,36,N,7959
17-Aug-20,115,13:57,Monday,YORK MILLS STATION,Operations - Operator,20,40,E,8165
17-Aug-20,6,14:15,Monday,BAY AND QUEEN,Security,10,20,N,1030
17-Aug-20,123,14:20,Monday,KIPLING STATION,Operations - Operator,21,42,W,8457
17-Aug-20,11,15:05,Monday,BAYVIEW AND STEELES,Mechanical,13,26,S,1309
17-Aug-20,24,15:08,Monday,VICTORIA PARK STATION,Cleaning,10,20,N,8594
17-Aug-20,115,15:15,Monday,YORK MILLS STATION,Operations - Operator,20,40,W,8360
17-Aug-20,9,15:20,Monday,BELLAMY AND ELLESMERE,Investigation,0,0,S,3143
17-Aug-20,112,15:21,Monday,361 THE WEST MALL,Mechanical,24,48,N,7962
17-Aug-20,94,15:21,Monday,CASTLE FRANK STATION,Mechanical,8,16,W,1004
17-Aug-20,44,15:23,Monday,HUMBER COLLEGE SOUTH L,Mechanical,6,12,S,8029
17-Aug-20,44,16:07,Monday,HUMBER COLLEGE LOOP,Mechanical,5,10,S,8035
17-Aug-20,84,16:10,Monday,SHEPPARD AND KEELE,Investigation,0,0,W,3589
17-Aug-20,90,16:17,Monday,ST CLAIR WEST STATION,Mechanical,10,20,W,8116
17-Aug-20,21,16:29,Monday,SCARBOROUGH CENTRE STA,Mechanical,12,24,,1298
17-Aug-20,76,16:46,Monday,ROYAL YORK STATION,Emergency Services,8,16,S,8422
17-Aug-20,127,17:20,Monday,SPADINA STATION,Operations - Operator,22,45,N,1107
17-Aug-20,28,17:53,Monday,EVERGREEN BRICK WORKS,Mechanical,20,40,,8214
17-Aug-20,65,17:57,Monday,PARLIMENT AND BLOOR,Collision - TTC,12,26,S,8471
17-Aug-20,95,18:12,Monday,ELLESMERE AND KENNEDY,Mechanical,9,18,E,3522
17-Aug-20,32,18:27,Monday,PINE AND LAWRENCE,Mechanical,9,18,N,1353
17-Aug-20,97,18:28,Monday,FINCH STATION,Mechanical,30,60,N,8120
17-Aug-20,70,18:49,Monday,CRAIGTON AND PHARMACY,Mechanical,22,43,S,8938
17-Aug-20,60,19:04,Monday,STEELES AND MARTIN GRO,Mechanical,9,18,E,3339
17-Aug-20,111,19:07,Monday,ISLINGTON AND BLOOR,Mechanical,13,26,S,8008
17-Aug-20,133,19:42,Monday,WASHBURN WAY AND SHEPP,Mechanical,9,18,S,3530
17-Aug-20,45,19:50,Monday,KIPLING STATION,Security,0,0,,8081
17-Aug-20,47,20:42,Monday,CALEDONIA AND EGLINTON,Mechanical,20,40,N,1083
17-Aug-20,112,21:00,Monday,KIPLING STATION,Mechanical,20,40,N,8418
17-Aug-20,65,21:03,Monday,CASTLE FRANK STATION,Operations - Operator,18,36,S,8491
17-Aug-20,96,22:34,Monday,WILSON AND JANE,Security,21,42,W,3648
17-Aug-20,41,23:25,Monday,OLD WESTON AND ST CLAI,Mechanical,22,44,N,9018
17-Aug-20,34,23:36,Monday,EGLINTON AND DON MILLS,Vision,12,23,W,8804
17-Aug-20,86,00:31,Monday,KENNEDY STATION,Emergency Services,0,0,,8848
17-Aug-20,134,00:58,Monday,FINCHDENE AND NEWGALE,Road Blocked - NON-TTC Collision,30,50,,0
17-Aug-20,126,01:03,Monday,CHRISTIE AND DUPONT,Road Blocked - NON-TTC Collision,30,60,N,1148
17-Aug-20,126,01:26,Monday,CHRISTIE AND DUPONT,Road Blocked - NON-TTC Collision,64,94,E,1026
18-Aug-20,320,02:25,Tuesday,YONGE AND DUNDAS,Security,4,8,N,1058
18-Aug-20,320,03:18,Tuesday,YONGE AND FINCH,Cleaning,3,6,S,8345
18-Aug-20,332,03:45,Tuesday,EGLINTON AND WESTON,Security,30,60,E,1066
18-Aug-20,29,04:23,Tuesday,DUFFERN AND LAWRENCE,Mechanical,13,26,S,9036
18-Aug-20,600,04:30,Tuesday,MEADOWVALE LOOP,Operations - Operator,30,30,W,3504
18-Aug-20,600,05:03,Tuesday,BRIMLEY AND FINCH,Operations - Operator,20,20,S,3542
18-Aug-20,102,05:51,Tuesday,MARKHAM AND MCLEVIN,Mechanical,16,32,N,8481
18-Aug-20,32,05:58,Tuesday,EGLINTON STATION,Mechanical,7,14,E,1033
18-Aug-20,112,06:11,Tuesday,CARLINGVIEW AND FASKEN,Security,0,19,S,8608
18-Aug-20,36,06:42,Tuesday,FINCH WEST STATION,Mechanical,10,20,,3599
18-Aug-20,165,06:45,Tuesday,WILSON AND WILLIAM CRA,Mechanical,3,6,W,3703
18-Aug-20,14,06:59,Tuesday,GLENCAIRN AND SHERMOUN,Emergency Services,94,114,B,1503
18-Aug-20,122,07:39,Tuesday,YORK MILLS STATION,Mechanical,11,22,E,8139
18-Aug-20,106,08:19,Tuesday,SHEPPARD WEST STATION,Mechanical,9,17,W,1317
18-Aug-20,97,09:11,Tuesday,YONGE AND YORK MILLS,Operations - Operator,30,60,N,8377
18-Aug-20,95,09:11,Tuesday,ELLESMERE AND WYE VALL,Mechanical,8,16,E,3538
18-Aug-20,96,09:37,Tuesday,WILSON AND JANE,Operations - Operator,24,48,E,3301
18-Aug-20,96,10:01,Tuesday,WILSON AND JANE,Operations - Operator,22,44,W,3641
18-Aug-20,133,10:34,Tuesday,FINCH AND MORNINGSIDE,Cleaning,11,22,S,3418
18-Aug-20,35,10:49,Tuesday,PIONEER VILLAGE STATIO,Emergency Services,3,10,,3203
18-Aug-20,133,11:00,Tuesday,FINCH AND MORNINGSIDE,Cleaning,11,22,S,3532
18-Aug-20,129,11:03,Tuesday,MCCOWAN AND STEELES,Mechanical,26,56,N,3568
18-Aug-20,64,11:10,Tuesday,MAIN STREET STATION,Mechanical,10,20,S,9238
18-Aug-20,116,11:15,Tuesday,MORNINGSIDE AND LAWREN,Mechanical,26,52,S,8841
18-Aug-20,85,11:17,Tuesday,SHEPPARD AND MARKHAM,Operations - Operator,30,60,W,3555
18-Aug-20,133,11:22,Tuesday,MORNINGSIDE AND FINCH,Cleaning,11,22,S,3435
18-Aug-20,40,11:34,Tuesday,DUNDAS AND WINDERMERE,Security,10,20,W,8032
18-Aug-20,133,11:41,Tuesday,FINCH AND MORNINGSIDE,Cleaning,11,22,N,3461
18-Aug-20,133,12:29,Tuesday,MORNINGSIDE AND FINCH,Cleaning,11,22,S,3494
18-Aug-20,54,12:30,Tuesday,LAWRENCE AND CHARLOTTE,Security,14,28,W,8671
18-Aug-20,41,13:04,Tuesday,HIGH PARK STATION,Investigation,12,24,S,9140
18-Aug-20,70,13:19,Tuesday,ST. CLAIR AND O'CONNOR,Cleaning,18,36,W,8823
18-Aug-20,35,14:06,Tuesday,JANE AND SHOREHAM,Collision - TTC,5,14,S,9104
18-Aug-20,21,14:26,Tuesday,BRIMLEY AND HUNTINGWOO,Emergency Services,17,34,S,1311
18-Aug-20,506,14:46,Tuesday,CARLTON AND JARVIS,Security,5,10,W,8418
18-Aug-20,24,14:54,Tuesday,VICTORIA PARK AND STEE,Emergency Services,10,20,N,9228
18-Aug-20,45,15:00,Tuesday,KIPLING AND REXDALE,Investigation,0,0,S,8049
18-Aug-20,39,15:20,Tuesday,FINCH STATION,Mechanical,2,4,,1401
18-Aug-20,96,15:45,Tuesday,WILSON AND JANE,Investigation,26,52,E,3325
18-Aug-20,6,15:46,Tuesday,LOWER JARVIS AND LAKE,Operations - Operator,10,20,S,3731
18-Aug-20,162,15:49,Tuesday,POST AND BAYVIEW,Collision - TTC,20,40,E,8188
18-Aug-20,37,16:07,Tuesday,ISLINGTON AND REXDALE,Mechanical,23,47,N,8612
18-Aug-20,42,16:18,Tuesday,MCNICOLL AND BIRCHMOUN,Road Blocked - NON-TTC Collision,23,38,W,8334
18-Aug-20,100,16:49,Tuesday,BROADVIEW AND FERNWOOD,Collision - TTC,9,18,S,8638
18-Aug-20,52,16:59,Tuesday,LAWRENCE AND MARLEE,Collision - TTC,16,32,E,8361
18-Aug-20,52,17:41,Tuesday,LAWRENCE AND CALEDONIA,Mechanical,16,32,E,8342
18-Aug-20,116,18:01,Tuesday,KENNEDY STATION,Emergency Services,0,0,,8803
18-Aug-20,32,18:36,Tuesday,EGLINTON STATION,Mechanical,9,20,,1073
18-Aug-20,25,18:38,Tuesday,DON MILLS AND BARBER G,Collision - TTC,6,12,S,8659
18-Aug-20,42,18:55,Tuesday,FINCH STATION,Mechanical,16,32,E,8334
18-Aug-20,100,19:09,Tuesday,BROADVIEW STATION,Mechanical,9,18,N,8638
18-Aug-20,506,19:22,Tuesday,CARLTON AND PARLIAMENT,Emergency Services,9,18,E,8644
18-Aug-20,43,19:26,Tuesday,KENNEDY AND FLORA,Collision - TTC,10,18,N,8933
18-Aug-20,32,19:40,Tuesday,RENFORTH STATION,Mechanical,10,20,,1095
18-Aug-20,43,19:40,Tuesday,KENNEDY AND LAWRENCE,Road Blocked - NON-TTC Collision,156,166,,0
18-Aug-20,600,19:56,Tuesday,COXWELL STATION,Collision - TTC,22,44,,8581
18-Aug-20,16,20:09,Tuesday,MCCOWAN AND BENLEIGH,Emergency Services,15,30,N,3111
18-Aug-20,85,01:40,Tuesday,DON MILLS STATION,Emergency Services,22,42,E,3554
18-Aug-20,95,01:48,Tuesday,YORK MILLS AND LESLIE,Security,10,20,W,3424
19-Aug-20,2,02:03,Wednesday,BLOOR AND AVENUE,Emergency Services,0,0,E,3446
19-Aug-20,334,02:55,Wednesday,FINCHDENE AND NEWGALE,Cleaning,30,60,W,8725
19-Aug-20,52,04:40,Wednesday,LAWRENCE AND MOUNT PLE,Investigation,30,59,W,8175
19-Aug-20,118,05:43,Wednesday,JANE AND WILSON,Operations - Operator,30,60,E,3596
19-Aug-20,20,06:47,Wednesday,MAIN STREET STATION,Mechanical,20,40,,8952
19-Aug-20,88,07:06,Wednesday,ST. CLAIR STATION,Mechanical,14,28,E,1216
19-Aug-20,88,07:27,Wednesday,ST CLAIR STATION,Mechanical,14,28,E,8307
19-Aug-20,89,07:29,Wednesday,WESTON AND WALSH,Emergency Services,11,22,N,9143
19-Aug-20,69,08:22,Wednesday,WARDEN STATION,Mechanical,10,20,,8564
19-Aug-20,45,08:59,Wednesday,KIPLING STATION,Mechanical,12,24,N,8078
19-Aug-20,96,09:37,Wednesday,WILSON AND JANE,Mechanical,24,48,W,3291
19-Aug-20,95,09:57,Wednesday,BRIMLEY AND PROGRESS,Security,0,0,N,3537
19-Aug-20,161,10:38,Wednesday,OSSINGTON STATION,Mechanical,25,50,W,1105
19-Aug-20,129,10:49,Wednesday,MCCOWAN AND 401,Road Blocked - NON-TTC Collision,35,40,S,0
19-Aug-20,36,11:02,Wednesday,FINCH WEST STATION,Mechanical,10,20,,3217
19-Aug-20,169,11:11,Wednesday,MCCOWAN AND 401,Road Blocked - NON-TTC Collision,30,60,S,0
19-Aug-20,16,12:15,Wednesday,MCCOWAN AND LAWRENCE,Road Blocked - NON-TTC Collision,37,50,N,0
19-Aug-20,112,12:24,Wednesday,KIPLING STATION,Operations - Operator,24,48,N,7942
19-Aug-20,35,12:30,Wednesday,JANE AND SPENVALLEY,Collision - TTC,7,14,N,9114
19-Aug-20,69,12:49,Wednesday,WARDEN STATION,Cleaning,11,21,S,8402
19-Aug-20,24,13:19,Wednesday,VICTORIA PARK AND ST C,Security,19,28,N,3165
19-Aug-20,86,13:47,Wednesday,KENNEDY STATION,Operations - Operator,25,50,,8794
19-Aug-20,7,13:56,Wednesday,BATHURST AND RANEE,Diversion,29,41,N,0
19-Aug-20,133,14:45,Wednesday,MORNINGSIDE AND FINCH,Mechanical,9,18,N,3498
19-Aug-20,36,15:10,Wednesday,FINCH AND ARROW,Mechanical,8,16,E,9110
19-Aug-20,43,15:23,Wednesday,SCARBOROUGH CENTRE STA,General Delay,20,40,N,8805
19-Aug-20,135,15:41,Wednesday,WARDEN STATION,Road Blocked - NON-TTC Collision,196,216,,0
19-Aug-20,102,15:41,Wednesday,ST CLAIR AND WARDEN,Road Blocked - NON-TTC Collision,196,216,N,0
19-Aug-20,69,15:45,Wednesday,WARDEN STATION,Road Blocked - NON-TTC Collision,196,204,S,0
19-Aug-20,16,15:45,Wednesday,WARDEN STATION,Road Blocked - NON-TTC Collision,196,216,N,0
19-Aug-20,17,15:45,Wednesday,WARDEN STATION,Road Blocked - NON-TTC Collision,196,216,N,0
19-Aug-20,67,16:05,Wednesday,PHARMACY AND ELLESMERE,General Delay,0,0,N,0
19-Aug-20,34,16:27,Wednesday,EGLINTON STATION,Emergency Services,0,0,,8801
19-Aug-20,39,16:44,Wednesday,NEILSON AND SILVERBELL,Mechanical,4,8,W,9072
19-Aug-20,95,17:08,Wednesday,YORK MILLS STATION,Mechanical,10,20,E,1398
19-Aug-20,165,17:50,Wednesday,WILSON AND CLAYSON,Mechanical,9,11,W,3179
19-Aug-20,112,17:56,Wednesday,KIPLING STATION,Mechanical,20,40,S,8458
19-Aug-20,9,18:13,Wednesday,ST CLAIR AND KINGSTON,Mechanical,18,39,E,8404
19-Aug-20,39,18:24,Wednesday,MCCOWAN AND FINCH,Mechanical,10,20,S,1401
19-Aug-20,26,18:38,Wednesday,DUPONT AND EDWIN,Mechanical,24,48,E,1031
19-Aug-20,70,18:41,Wednesday,COXWELL STATION,General Delay,22,40,N,8778
19-Aug-20,70,18:41,Wednesday,WARDEN STATION,Road Blocked - NON-TTC Collision,22,40,E,8778
19-Aug-20,25,19:03,Wednesday,OVERLEA AND THORNCLIFF,Collision - TTC,6,12,E,8783
19-Aug-20,34,19:12,Wednesday,EGLINTON STATION,Mechanical,13,25,W,8729
19-Aug-20,102,19:31,Wednesday,MARKHAM AND KINGSTON,Mechanical,5,10,S,3111
19-Aug-20,38,19:41,Wednesday,ROUGE HILL GO STATION,Vision,9,18,W,3403
19-Aug-20,9,20:02,Wednesday,WARDEN STATION,Road Blocked - NON-TTC Collision,196,216,E,0
19-Aug-20,116,20:26,Wednesday,KENNEDY STATION,Collision - TTC,11,22,,8763
19-Aug-20,116,20:26,Wednesday,KENNEDY STATION,Collision - TTC,24,48,,8842
19-Aug-20,38,21:20,Wednesday,SCARBOROUGH CENTRE STA,Mechanical,9,18,E,3404
19-Aug-20,75,21:35,Wednesday,SHERBOURNE ST - GERRAR,Emergency Services,50,63,N,0
19-Aug-20,9,21:51,Wednesday,BELLAMY AND CEDAR BRAE,Investigation,18,36,E,8957
19-Aug-20,45,22:25,Wednesday,KIPLING STATION,Security,18,36,S,7965
19-Aug-20,9,00:36,Wednesday,SCARBOROUGH CENTRE STA,General Delay,30,60,S,9238
19-Aug-20,24,01:25,Wednesday,VICTORIA PARK AND EGLI,Security,18,36,N,8562
20-Aug-20,385,02:33,Thursday,SHEPPARD AND PHARMACY,Security,30,60,W,9061
20-Aug-20,300,05:41,Thursday,ISLINGTON STATION,Mechanical,12,24,,8465
20-Aug-20,300,05:46,Thursday,BLOOR BETWEEN THE EAST,General Delay,20,35,E,0
20-Aug-20,12,05:46,Thursday,BIRCHMOUNT GARAGE,Mechanical,21,42,W,3103
20-Aug-20,163,07:54,Thursday,MARLEE AND EGLINTON,Collision - TTC,11,22,N,8322
20-Aug-20,47,08:16,Thursday,CALEDONIA AND KEITH AV,Collision - TTC,12,24,S,1107
20-Aug-20,47,10:35,Thursday,CALEDONIA AND PLAYFAIR,Investigation,0,0,,0
20-Aug-20,29,11:28,Thursday,DUFFERIN AND KING,Security,10,20,N,9033
20-Aug-20,7,11:36,Thursday,BATHURST AND SHEPPARD,Investigation,15,30,S,8173
20-Aug-20,68,11:37,Thursday,WARDEN AND BRIDLE TOWN,Road Blocked - NON-TTC Collision,98,110,S,8877
20-Aug-20,85,12:00,Thursday,LAWRENCE AND BRIMLEY,Collision - TTC,10,20,E,1310
20-Aug-20,59,12:12,Thursday,CHURCH AND UPHILL,Operations - Operator,45,90,W,3233
20-Aug-20,54,12:48,Thursday,LAWRENCE AND MARCOS,Operations - Operator,23,48,E,8752
20-Aug-20,171,13:02,Thursday,EGLINTON AND WESTON RO,Investigation,20,40,W,1549
20-Aug-20,65,13:14,Thursday,GREENWOOD AND DANFORTH,Collision - TTC,0,0,W,8471
20-Aug-20,116,13:26,Thursday,KENNEDY STATION,Operations - Operator,26,50,E,8903
20-Aug-20,54,13:44,Thursday,STARSPRAY LOOP,Mechanical,10,20,,8873
20-Aug-20,41,13:48,Thursday,KEELE AND JUNCTION,Road Blocked - NON-TTC Collision,35,47,N,0
20-Aug-20,32,14:03,Thursday,EGLINTON AND KEELE,Emergency Services,0,0,W,1142
20-Aug-20,92,14:13,Thursday,WOODBINE AND NORWAY,Mechanical,15,30,N,8408
20-Aug-20,117,14:13,Thursday,SHEPPARD WEST STATION,Operations - Operator,20,40,N,1236
20-Aug-20,115,14:15,Thursday,YORK MILLS STATION,Operations - Operator,24,48,E,8334
20-Aug-20,116,14:20,Thursday,KENNEDY STATION,Emergency Services,11,22,,8737
20-Aug-20,95,14:21,Thursday,YORK MILLS AND BAYVIEW,Collision - TTC,20,40,E,8737
20-Aug-20,62,14:55,Thursday,MORTIMER AND WOODBINE,Operations - Operator,22,44,W,8401
20-Aug-20,95,15:00,Thursday,ELLESMERE AND DOLLY VA,Mechanical,20,40,W,3402
20-Aug-20,54,15:12,Thursday,LAWRENCE AND DON MILLS,Emergency Services,13,26,E,8630
20-Aug-20,66,15:16,Thursday,PARK LAWN AND LAKESHOR,Mechanical,10,20,S,8050
20-Aug-20,115,15:24,Thursday,YORK MILLS STATION,Operations - Operator,24,48,E,8378
20-Aug-20,11,15:27,Thursday,BAYVIEW AND STEELES LO,Operations - Operator,15,30,,1383
20-Aug-20,60,15:30,Thursday,FINCH STATION,Mechanical,5,10,W,3276
20-Aug-20,41,15:34,Thursday,KEELE AND SHEPPARD,Operations - Operator,10,20,S,1106
20-Aug-20,108,15:56,Thursday,KEELE AND SHEPPARD,Road Blocked - NON-TTC Collision,0,0,,0
20-Aug-20,25,16:00,Thursday,DON MILLS STATION,Mechanical,5,11,N,8715
20-Aug-20,49,16:01,Thursday,AUKLAND AND DUNDAS,General Delay,60,73,S,7971
20-Aug-20,123,16:11,Thursday,KIPLING STATION,Mechanical,30,60,S,8092
20-Aug-20,97,16:12,Thursday,FINCH STATION,Mechanical,30,60,N,8319
20-Aug-20,106,16:28,Thursday,SHEPPARD AND KEELE,Road Blocked - NON-TTC Collision,600,626,E,0
20-Aug-20,68,16:51,Thursday,WARDEN AND ST CLAIR,Emergency Services,9,18,N,8932
20-Aug-20,41,16:58,Thursday,KEELE AND SHEPPARD,Road Blocked - NON-TTC Collision,600,626,B,0
20-Aug-20,41,17:09,Thursday,KEELE AND MARYPORT,Collision - TTC,5,13,N,1205
20-Aug-20,88,17:14,Thursday,OVERLEA AND BETH NEALS,Road Blocked - NON-TTC Collision,0,0,W,8305
20-Aug-20,47,18:19,Thursday,YORKDALE RD AND ALLEN,Operations - Operator,27,54,S,1069
20-Aug-20,96,18:21,Thursday,JANE AND WILSON,Operations - Operator,25,48,W,3183
20-Aug-20,168,18:26,Thursday,OLD WESTON AND ST CLAI,Security,12,24,N,1087
20-Aug-20,36,18:28,Thursday,FINCH AND WILMINGTON,Road Blocked - NON-TTC Collision,68,75,E,0
20-Aug-20,37,18:30,Thursday,ISLINGTON STATION,Security,15,30,,8437
20-Aug-20,96,18:32,Thursday,JANE AND WILSON,Operations - Operator,20,45,E,3299
20-Aug-20,104,18:36,Thursday,WILMINGTON AND FINCH,Emergency Services,61,79,N,1222
20-Aug-20,32,18:43,Thursday,KEELE AND EGLINTON,Operations - Operator,10,18,W,1039
20-Aug-20,49,19:46,Thursday,MARKLAND AND MILL ROAD,Road Blocked - NON-TTC Collision,41,54,N,7965
20-Aug-20,927,20:26,Thursday,HUMBER COLLEGE AND HUM,Security,14,28,N,3295
20-Aug-20,32,20:47,Thursday,EGLINTON AND TRETHEWAY,Collision - TTC,10,20,E,1054
20-Aug-20,96,20:49,Thursday,YORK MILLS STATION,Vision,20,40,W,3224
20-Aug-20,927,21:45,Thursday,ARROW GARAGE,Collision - TTC,14,28,,3309
20-Aug-20,94,21:59,Thursday,CASTLE FRANK STATION,Investigation,12,24,,1057
20-Aug-20,102,22:03,Thursday,MARKHAM AND EGLINTON,Emergency Services,10,20,S,8580
20-Aug-20,11,22:47,Thursday,BAYVIEW AND EGLINTON,Emergency Services,24,49,N,8333
20-Aug-20,53,23:16,Thursday,STEELES AND CONACHER,Investigation,20,40,W,9000
20-Aug-20,161,23:21,Thursday,OAKWOOD AND DAVENPORT,Collision - TTC,30,60,N,1625
20-Aug-20,41,23:37,Thursday,KEELE AND RUSTIC,Diversion,22,44,,1027
20-Aug-20,36,23:52,Thursday,FINCH AND SENLAC,Security,10,20,E,9130
20-Aug-20,163,00:28,Thursday,OAKWOOD AND EGLINTON,General Delay,0,0,N,8322
20-Aug-20,41,00:29,Thursday,KEELE AND EGLINTON,Diversion,22,44,S,9050
21-Aug-20,29,02:28,Friday,WILSON STATION - UPPER,Cleaning,10,18,,9148
21-Aug-20,396,02:56,Friday,ALBION AND WESTON,Security,30,60,N,3299
21-Aug-20,384,03:12,Friday,KEELE AND SHEPPARD,Road Blocked - NON-TTC Collision,181,211,E,0
21-Aug-20,341,03:24,Friday,KEELE AND SHEPPARD,Road Blocked - NON-TTC Collision,65,95,B,0
21-Aug-20,94,05:30,Friday,MOUNT DENNIS GARAGE,Mechanical,15,30,,1272
21-Aug-20,47,05:53,Friday,LANSDOWNE STATION,Emergency Services,8,23,S,1099
21-Aug-20,54,06:16,Friday,LAWRENCE EAST RT STATI,Security,13,26,E,8684
21-Aug-20,300,06:26,Friday,COXWELL STATION,Mechanical,7,14,W,8465
21-Aug-20,52,06:33,Friday,LAWRENCE WEST STATION,Mechanical,18,36,W,8196
21-Aug-20,102,06:39,Friday,WARDEN STATION,Mechanical,23,47,,8510
21-Aug-20,110,06:43,Friday,ISLINGTON AND LAKE SHO,Security,15,30,S,7944
21-Aug-20,37,07:06,Friday,ISLINGTON STATION,Mechanical,25,49,N,8056
21-Aug-20,70,07:11,Friday,COXWELL STATION,Mechanical,17,34,,8941
21-Aug-20,42,07:15,Friday,FINCH STATION,Mechanical,12,24,,8319
21-Aug-20,52,07:28,Friday,LAWRENCE AND CALEDONIA,Mechanical,18,38,W,8155
21-Aug-20,59,07:30,Friday,CHURCH AND ELM,Diversion,720,733,B,0
21-Aug-20,52,07:36,Friday,LAWRENCE WEST STATION,Mechanical,18,36,W,8116
21-Aug-20,171,08:00,Friday,INDUSTRY AND BERTAL,Diversion,0,0,W,1076
21-Aug-20,14,08:11,Friday,DAVISVILLE STATION,Operations - Operator,20,40,W,1074
21-Aug-20,162,08:45,Friday,BRIDLEPATH AND SUNCRES,Diversion,158,188,,8389
21-Aug-20,79,09:23,Friday,RUNNYMEDE STATION,Mechanical,17,26,N,1205
21-Aug-20,32,09:42,Friday,EGLINTON AND CALEDONIA,Mechanical,11,22,W,3725
21-Aug-20,129,09:43,Friday,SCARBOROUGH CENTRE STA,Operations - Operator,27,55,E,3561
21-Aug-20,133,09:51,Friday,MORNINGSIDE AND FINCH,Cleaning,11,22,N,3403
21-Aug-20,40,10:02,Friday,KIPLING STATION,Mechanical,15,30,,8452
21-Aug-20,32,10:04,Friday,EGLINTON AND CALEDONIA,Mechanical,11,22,W,3725
21-Aug-20,133,10:12,Friday,MORNINGSIDE AND FINCH,Cleaning,11,22,N,3491
21-Aug-20,162,10:33,Friday,99 THE DON WAY,Diversion,95,125,N,0
21-Aug-20,133,10:36,Friday,MORNINGSIDE AND FINCH,Cleaning,11,22,S,3489
21-Aug-20,7,10:37,Friday,BATHURST AND LAWRENCE,Mechanical,12,24,S,1227
21-Aug-20,32,10:37,Friday,EGLINTON AND CALEDONIA,Mechanical,11,22,W,3735
21-Aug-20,110,10:51,Friday,ISLINGTON AND LAKE SHO,Security,15,30,N,7928
21-Aug-20,133,10:59,Friday,MORNINGSIDE AND FINCH,Cleaning,11,22,S,3441
21-Aug-20,133,11:07,Friday,MORNINGSIDE AND FINCH,Cleaning,11,22,S,3505
21-Aug-20,79,11:17,Friday,RUNNYMEDE AND DUNDAS,Cleaning,24,48,N,1137
21-Aug-20,97,11:37,Friday,YONGE AND LAWERNCE,Mechanical,30,60,N,8392
21-Aug-20,133,11:38,Friday,NEILSON AND CROW TRAIL,Cleaning,11,22,S,3490
21-Aug-20,35,11:44,Friday,JANE AND WILSON,Mechanical,7,14,N,9125
21-Aug-20,132,12:06,Friday,HUPFIELD AND SEWELLS,Operations - Operator,24,48,S,1366
21-Aug-20,133,12:08,Friday,NEILSON AND CROW TRAIL,Cleaning,11,22,S,3559
21-Aug-20,927,12:20,Friday,HWY 27 AT QUEEN'S PLAT,Collision - TTC,7,14,S,3314
21-Aug-20,102,12:23,Friday,ST CLAIR AND KINGSTON,Security,5,10,W,8474
21-Aug-20,126,12:27,Friday,ST CLAIR WEST STATION,General Delay,30,60,,1080
21-Aug-20,43,12:52,Friday,SCARBOROUGH CENTRE STA,Emergency Services,15,30,N,8880
21-Aug-20,97,13:04,Friday,HILDA AND STEELES,Operations - Operator,30,60,S,8375
21-Aug-20,110,13:13,Friday,ISLINGTON AND EVANS,Operations - Operator,24,48,S,8459
21-Aug-20,112,13:36,Friday,KIPLING STATION,Operations - Operator,24,48,N,0
21-Aug-20,25,13:40,Friday,DON MILLS STATION,Mechanical,9,17,S,8682
21-Aug-20,39,13:43,Friday,FINCH AND MARKHAM,Mechanical,16,32,E,9014
21-Aug-20,54,13:54,Friday,LAWRENCE AND BRIMLEY,Road Blocked - NON-TTC Collision,49,63,E,0
21-Aug-20,36,14:02,Friday,FINCH AND CHESSWOOD,Security,6,12,E,3189
21-Aug-20,53,14:11,Friday,STEELES AND MIDDLEFIEL,Operations - Operator,20,40,E,3421
21-Aug-20,51,14:19,Friday,STEELES AND LESLIE,Mechanical,27,54,E,8211
21-Aug-20,84,14:21,Friday,SHEPPARD STATION,Operations - Operator,30,60,W,0
21-Aug-20,43,14:32,Friday,PROGRESS AND MIDLAND,Collision - TTC,15,30,W,8818
21-Aug-20,17,14:48,Friday,1792 BIRCHMOUNT ROAD,Mechanical,13,26,S,8530
21-Aug-20,11,15:03,Friday,DAVISVILLE AND MARTIN,General Delay,180,195,E,0
21-Aug-20,112,15:05,Friday,KIPLING STATION,Operations - Operator,24,48,N,0
21-Aug-20,28,15:12,Friday,BAYVIEW AND MARTIN,General Delay,180,195,E,0
21-Aug-20,41,15:14,Friday,KEELE AND MAPLE LEAF,Security,5,10,N,1034
21-Aug-20,34,15:18,Friday,EGLINTON AND DON MILLS,Collision - TTC,12,20,E,8889
21-Aug-20,115,15:19,Friday,YORK MILLS STATION,Operations - Operator,24,48,N,0
21-Aug-20,37,15:22,Friday,ISLINGTON STATION,Operations - Operator,23,45,N,8614
21-Aug-20,35,15:26,Friday,JANE AND FINCH,Mechanical,7,14,3,3212
21-Aug-20,81,15:28,Friday,PAPE STATION,Mechanical,9,18,S,8579
21-Aug-20,97,15:34,Friday,HILDA AND STEELES,Operations - Operator,30,60,S,0
21-Aug-20,37,15:43,Friday,HUMBERWOOD LOOP,Security,24,47,S,8056
21-Aug-20,134,16:00,Friday,CORPORATE AND CONSILIU,Emergency Services,8,16,E,1663
21-Aug-20,68,16:12,Friday,WARDEN AND STEELES,Mechanical,15,30,S,8770
21-Aug-20,111,16:14,Friday,KIPLING STATION,Mechanical,13,26,N,8412
21-Aug-20,111,16:14,Friday,KIPLING STATION,Mechanical,13,26,N,8412
21-Aug-20,52,16:36,Friday,MARTIN GROVE AND TOLLI,Mechanical,16,32,S,1367
21-Aug-20,35,16:47,Friday,JANE AND FINCH,Emergency Services,7,14,S,3232
21-Aug-20,24,16:55,Friday,VICTORIA PARK AND LAWR,Emergency Services,11,13,N,3119
21-Aug-20,104,16:55,Friday,WILSON STATION,Mechanical,18,36,N,8377
21-Aug-20,44,17:00,Friday,KIPLING STATION,Mechanical,5,10,S,8443
21-Aug-20,102,17:27,Friday,ST CLAIR AND BIRCHMOUN,Mechanical,10,20,S,8592
21-Aug-20,118,17:37,Friday,WILSON STATION,Operations - Operator,30,60,W,3319
21-Aug-20,108,17:41,Friday,SHEPPARD AND ALLAN,Road Blocked - NON-TTC Collision,34,42,W,0
21-Aug-20,106,17:53,Friday,SHEPPARD AND ALLEN,Road Blocked - NON-TTC Collision,23,35,B,0
21-Aug-20,117,17:57,Friday,SHEPPARD AND ALLEN,Road Blocked - NON-TTC Collision,19,32,N,1383
21-Aug-20,54,18:02,Friday,LAWRENCE AND SCARBOROU,Mechanical,12,25,E,8641
21-Aug-20,79,18:12,Friday,RUNNYMEDE STATION,Mechanical,14,29,N,1358
21-Aug-20,112,18:22,Friday,KIPLING STATION,Operations - Operator,20,40,,7935
21-Aug-20,84,18:36,Friday,WESTON AND BRADSTOCK,Mechanical,15,26,W,3293
21-Aug-20,84,18:36,Friday,WESTON AND BRADSTOCK,Mechanical,15,26,E,3293
21-Aug-20,41,18:42,Friday,PIONEER VILLAGE STATIO,Mechanical,12,24,S,9021
21-Aug-20,160,19:02,Friday,WILSON STATION,Operations - Operator,27,45,N,8308
21-Aug-20,115,19:09,Friday,YORK MILLS STATION,Operations - Operator,30,60,E,8168
21-Aug-20,35,19:32,Friday,JANE STATION,Security,6,9,N,3232
21-Aug-20,48,19:51,Friday,MILL LOOP,Mechanical,30,60,E,8457
21-Aug-20,108,19:54,Friday,DRIFTWOOD AND NISKA,Road Blocked - NON-TTC Collision,55,66,N,3611
21-Aug-20,32,20:04,Friday,EGLINTON AND MARLEE,Mechanical,10,20,E,1051
21-Aug-20,37,20:10,Friday,ISLINGTON STATION,Operations - Operator,23,36,S,7970
21-Aug-20,95,20:37,Friday,YORK MILLS AND LAURENT,Emergency Services,14,28,W,3411
21-Aug-20,84,20:58,Friday,SHEPPARD AND KODIAK,Security,9,17,W,3296
21-Aug-20,160,21:02,Friday,WILSON STATION,General Delay,24,48,N,8183
21-Aug-20,116,21:18,Friday,EGLINTON AND HUNTINGTO,Security,24,48,E,8705
21-Aug-20,75,21:38,Friday,QUEEN'S QUAY AND LOWER,Security,0,0,S,8186
21-Aug-20,161,21:47,Friday,OAKWOOD AND ST CLAIR,Mechanical,23,46,E,1059
21-Aug-20,39,22:08,Friday,FINCH STATION,Operations - Operator,22,31,E,3437
21-Aug-20,94,22:16,Friday,OSSINGTON STATION,Operations - Operator,13,26,,1102
21-Aug-20,165,22:27,Friday,WESTON AND FINCH,Emergency Services,10,20,N,3576
21-Aug-20,34,22:35,Friday,WYNFORD AND DVP,Road Blocked - NON-TTC Collision,44,88,W,8780
21-Aug-20,163,22:42,Friday,OAKWOOD AND EGLINTON,Collision - TTC,16,32,S,8355
21-Aug-20,100,22:46,Friday,WYNFORD AND DVP,Road Block - Non-TTC Collision,0,0,W,8897
21-Aug-20,84,22:48,Friday,WESTON AND CORAL GABLE,Mechanical,10,19,E,3198
22-Aug-20,32,02:05,Saturday,BATHURST STATION,Mechanical,9,18,W,1049
22-Aug-20,75,05:00,Saturday,SHERBOURNE AND BLOOR,Vision,25,50,S,8161
22-Aug-20,54,05:00,Saturday,EGLINTON STATION,Mechanical,30,60,E,8885
22-Aug-20,61,05:18,Saturday,EGLINTON STATION,Mechanical,25,50,N,1247
22-Aug-20,73,06:01,Saturday,ROYAL YORK STATION,Operations - Operator,30,60,N,8412
22-Aug-20,162,06:01,Saturday,LAWRENCE AND THE DONWA,Operations - Operator,30,60,W,8310
22-Aug-20,12,06:04,Saturday,VICTORIA PARK AND DANF,Emergency Services,15,30,,3170
22-Aug-20,160,06:18,Saturday,WILSON STATION,Operations - Operator,24,41,N,8308
22-Aug-20,34,06:20,Saturday,GRENOBLE AND SPANBRIDG,Mechanical,15,35,W,8868
22-Aug-20,12,06:23,Saturday,VICTORIA PARK STATION,General Delay,20,20,E,8585
22-Aug-20,71,07:34,Saturday,MT DENNIS GARAGE,Mechanical,1,15,S,1354
22-Aug-20,163,07:35,Saturday,LAWERENCE WEST STATION,Operations - Operator,15,30,,8119
22-Aug-20,32,07:57,Saturday,PINE AND LAWRENCE,Mechanical,10,20,W,1576
22-Aug-20,21,09:04,Saturday,BRIMLEY AND STEELES LO,Mechanical,22,44,S,3432
22-Aug-20,123,09:11,Saturday,LONG BRANCH LOOP,Operations - Operator,25,45,N,8084
22-Aug-20,96,09:13,Saturday,WILSON AND JANE,Mechanical,10,20,E,3302
22-Aug-20,113,09:30,Saturday,WARDEN AND DANFORTH,General Delay,44,64,S,8546
22-Aug-20,52,09:31,Saturday,LAWRENCE WEST STATION,Mechanical,12,27,E,8142
22-Aug-20,96,09:39,Saturday,WILSON AND JOHN GARLAN,Operations - Operator,20,40,E,3207
22-Aug-20,70,09:46,Saturday,COXWELL STATION,Operations - Operator,21,44,N,8941
22-Aug-20,169,09:54,Saturday,DON MILLS STATION,Operations - Operator,30,60,E,8116
22-Aug-20,14,10:05,Saturday,GLENCAIRN STATION,Mechanical,24,48,W,1009
22-Aug-20,133,10:35,Saturday,SCARBOROUGH CENTRE STA,Cleaning,10,20,N,3496
22-Aug-20,41,10:40,Saturday,KEELE AND ROGERS,Mechanical,20,40,N,1120
22-Aug-20,133,10:47,Saturday,NEILSON AND OAKMEADOW,Cleaning,10,20,S,3430
22-Aug-20,17,11:08,Saturday,BIRCHMOUNT AND ANACOND,Mechanical,15,30,S,3109
22-Aug-20,133,11:17,Saturday,ELLESMERE AND BELLAMY,Cleaning,10,20,S,3468
22-Aug-20,600,11:21,Saturday,ST CLAIR STATION,Operations - Operator,0,0,,3537
22-Aug-20,133,11:35,Saturday,NEILSON AND SHEPPARD,Cleaning,10,20,S,3470
22-Aug-20,52,11:59,Saturday,DIXON AND KIPLING,Operations - Operator,20,40,E,8130
22-Aug-20,92,12:36,Saturday,WOODBINE STATION,Cleaning,22,44,S,3139
22-Aug-20,7,12:58,Saturday,BATHURST AND WEMBLEY,Mechanical,8,15,S,8126
22-Aug-20,32,13:42,Saturday,EGLINTON AND KEELE,Operations - Operator,24,48,W,1043
22-Aug-20,97,13:42,Saturday,YORK MILLS STATION,Mechanical,30,60,N,8191
22-Aug-20,32,13:47,Saturday,EGLINTON AND JANE,Emergency Services,0,0,W,1043
22-Aug-20,89,13:59,Saturday,WESTON AND KNOBHILL,Security,10,20,N,1273
22-Aug-20,999,14:17,Saturday,SHEPPARD AND YONGE,Collision - TTC,0,0,W,8959
22-Aug-20,97,14:27,Saturday,YONGE AND GLENCAIRN,Investigation,30,60,N,8145
22-Aug-20,133,14:29,Saturday,NEILSON AND SILVERBELL,Cleaning,9,18,S,3530
22-Aug-20,68,14:54,Saturday,WARDEN AND EGLINTON,Operations - Operator,30,60,S,8779
22-Aug-20,32,15:02,Saturday,EMMETT AND VERONA,Mechanical,24,48,W,1021
22-Aug-20,999,15:43,Saturday,YONGE AND SHELDRAKE,Collision - TTC,0,0,N,9148
22-Aug-20,999,16:26,Saturday,ST CLAIR AND YONGE,Emergency Services,0,0,E,1206
22-Aug-20,123,17:18,Saturday,KIPLING STATION,Operations - Operator,20,40,N,0
22-Aug-20,79,17:51,Saturday,SCARLETT AND BERNICE,Emergency Services,25,50,N,1353
22-Aug-20,87,18:05,Saturday,EAST YORK ACRES,Collision - TTC,10,20,N,8493
22-Aug-20,32,18:27,Saturday,EGLINTON AND FAIRLEIGH,Collision - TTC,9,18,W,1263
22-Aug-20,160,18:45,Saturday,WILSON STATION,Operations - Operator,27,45,N,0
22-Aug-20,73,18:52,Saturday,ROYAL YORK AND KINGSGR,Mechanical,11,26,N,8421
22-Aug-20,50,19:19,Saturday,ISLINGTON STATION,Mechanical,30,60,W,8443
22-Aug-20,70,19:28,Saturday,O'CONNOR AND MACHOCKIE,Road Blocked - NON-TTC Collision,98,118,E,0
22-Aug-20,112,19:35,Saturday,KIPLING STATION,Operations - Operator,20,40,,0
22-Aug-20,52,19:52,Saturday,LAWRENCE AND CULFORD,Security,10,20,W,1290
22-Aug-20,52,20:06,Saturday,LAWRENCE WEST STATION,Mechanical,15,30,,8146
22-Aug-20,102,20:36,Saturday,WARDEN STATION,Operations - Operator,10,20,W,8951
22-Aug-20,108,21:55,Saturday,SHEPPARD AND KEELE,Mechanical,25,50,E,3624
22-Aug-20,53,22:25,Saturday,FINCH STATION,Mechanical,20,40,,3541
22-Aug-20,37,22:57,Saturday,BERGAMOT AND ISLINGTON,Mechanical,21,42,S,8456
22-Aug-20,72,00:21,Saturday,WELLINGTON AND BAY,Mechanical,9,18,W,8543
23-Aug-20,7,02:11,Sunday,PRINCESS GATE AND STRA,Road Blocked - NON-TTC Collision,30,60,S,8115
23-Aug-20,100,02:30,Sunday,EGLINTON STATION,Operations - Operator,30,60,S,8908
23-Aug-20,363,03:00,Sunday,KING AND STRACHAN,Roadblock by Collision - Non-TTC,154,184,,8334
23-Aug-20,307,03:18,Sunday,BATHURST AND ST CLAIR,General Delay,20,40,N,8390
23-Aug-20,95,08:22,Sunday,ELLESMERE AND MILITARY,Operations - Operator,21,42,,0
23-Aug-20,12,08:46,Sunday,KENNEDY STATION,Mechanical,15,30,E,8498
23-Aug-20,79,08:54,Sunday,SCARLETT AND EDINBOROU,Investigation,28,43,B,0
23-Aug-20,85,09:02,Sunday,SHEPPARD AND YONGE,Road Blocked - NON-TTC Collision,27,47,W,0
23-Aug-20,97,09:12,Sunday,YONGE AND YORK MILLS,Utilized Off Route,30,60,S,8117
23-Aug-20,97,09:19,Sunday,YONGE AND SHEPPARD,Road Blocked - NON-TTC Collision,49,79,S,8117
23-Aug-20,35,09:58,Sunday,PIONEER VILLAGE STATIO,Mechanical,10,20,S,3224
23-Aug-20,95,10:05,Sunday,ELLESMERE AND MARKHAM,Operations - Operator,21,42,W,0
23-Aug-20,54,11:43,Sunday,LAWRENCE AND BELLAMY,Security,17,34,W,8650
23-Aug-20,78,12:27,Sunday,CARLUKE AND FIFESHIRE,Mechanical,30,60,N,8126
23-Aug-20,74,12:42,Sunday,ST CLAIR STATION,Mechanical,18,36,,8313
23-Aug-20,68,13:40,Sunday,ANGLUS GLEN COMMUNITY,Mechanical,30,60,S,8806
23-Aug-20,34,14:04,Sunday,DON MILLS AND EGLINTON,Road Blocked - NON-TTC Collision,0,0,W,0
23-Aug-20,25,14:13,Sunday,DON MILLS AND WYNFORD,Road Block - Non-TTC Collision,10,20,S,8779
23-Aug-20,31,15:36,Sunday,GREENWOOD AND GERRARD,Road Blocked - NON-TTC Collision,10,20,S,8483
23-Aug-20,122,16:35,Sunday,YORK MILLS STATION,Operations - Operator,30,60,,0
23-Aug-20,95,17:12,Sunday,YORK MILLS STATION,Operations - Operator,15,30,E,0
23-Aug-20,24,17:44,Sunday,VICTORIA PARK AND ROWE,Security,7,14,N,8591
23-Aug-20,24,18:06,Sunday,VICTORIA PARK STATION,Operations - Operator,7,14,N,8955
23-Aug-20,24,18:49,Sunday,VICTORIA PARK STATION,Operations - Operator,7,14,N,8955
23-Aug-20,97,19:15,Sunday,YONGE AND STEELES,Mechanical,30,60,S,8317
23-Aug-20,113,19:16,Sunday,BIRCHMOUNT GARAGE,Operations - Operator,20,40,,9211
23-Aug-20,47,20:58,Sunday,DAVENPORT AND LANSDOWN,Road Blocked - NON-TTC Collision,152,172,S,1380
23-Aug-20,34,21:08,Sunday,EGLINTON STATION,Mechanical,9,18,W,8636
23-Aug-20,86,22:07,Sunday,KINGSTON AND CELESTE,Cleaning,10,20,,8860
23-Aug-20,600,00:27,Sunday,YONGE AND YORK MILLS,Mechanical,0,0,S,9225
23-Aug-20,32,01:00,Sunday,EMMETT AND VERONAL,Security,23,46,N,1031
23-Aug-20,9,01:31,Sunday,WARDEN STATION,Emergency Services,0,0,,3139
24-Aug-20,54,02:38,Monday,ROUGE HILL GO STATION,Operations - Operator,30,60,E,0
24-Aug-20,352,04:02,Monday,PEARSON AIRPORT,Mechanical,30,60,E,8353
24-Aug-20,35,04:04,Monday,PIONEER VILLAGE STATIO,Operations - Operator,16,32,S,0
24-Aug-20,129,05:06,Monday,SCARBOROUGH CENTRE STA,Security,26,33,,0
24-Aug-20,29,05:38,Monday,DUFFERIN AND COLLEGE,General Delay,757,762,,9022
24-Aug-20,89,05:56,Monday,KEELE AND JUNCTION,Security,11,22,S,1053
24-Aug-20,52,06:34,Monday,LAWRENCE AND BROOKHAVE,Mechanical,18,40,E,8211
24-Aug-20,999,06:44,Monday,KING AND DOWLING,Collision - TTC,0,0,,603
24-Aug-20,47,06:53,Monday,EARLSCOURT LOOP,Mechanical,12,24,S,1516
24-Aug-20,165,07:10,Monday,YORK MILLS STATION,Collision - TTC,1,2,W,3614
24-Aug-20,64,07:22,Monday,MAIN STREET STATION,Cleaning,10,20,S,9221
24-Aug-20,23,07:50,Monday,MAIN STREET STATION,Vision,10,20,E,8959
24-Aug-20,121,07:59,Monday,LAKESHORE AND CHERRY S,General Delay,0,0,W,8473
24-Aug-20,111,08:00,Monday,KIPLING STATION,Mechanical,12,24,N,8086
24-Aug-20,163,08:36,Monday,LAWRENCE WEST STATION,Mechanical,13,26,S,8363
24-Aug-20,46,08:41,Monday,MARTIN GROVE AND STEEL,Mechanical,15,25,S,3624
24-Aug-20,36,09:56,Monday,HUMBERWOOD LOOP,Security,5,10,S,9131
24-Aug-20,96,10:08,Monday,YORK MILLS STATION,Mechanical,24,48,W,3653
24-Aug-20,21,10:25,Monday,SCARBOROUGH TOWN CENTR,Operations - Operator,26,52,,1323
24-Aug-20,54,10:27,Monday,EGLINTON AND VICTORIA,Collision - TTC,0,0,E,8668
24-Aug-20,999,10:29,Monday,ARROW AND SHEPPARD,Collision - TTC,0,0,N,3245
24-Aug-20,63,10:47,Monday,DAVENPORT AND ALBERTA,Collision - TTC,10,20,W,8170
24-Aug-20,100,10:53,Monday,GRENOBLE AND VENDOME,Mechanical,9,18,W,8922
24-Aug-20,112,11:05,Monday,RENFORTH STATION,Mechanical,24,48,S,8091
24-Aug-20,23,11:19,Monday,DAWES AND DANFORTH,Collision - TTC,10,20,S,9230
24-Aug-20,60,12:07,Monday,PIONEER VILLAGE STATIO,Cleaning,3,9,W,3237
24-Aug-20,302,12:36,Monday,BINGHAM LOOP,Operations - Operator,30,60,E,0
24-Aug-20,22,12:52,Monday,COXWELL AND GERRARD,Collision - TTC,8,17,S,8954
24-Aug-20,63,13:49,Monday,OSSINGTON STATION,Collision - TTC,5,10,S,8383
24-Aug-20,28,15:08,Monday,YONGE AND IMPERIAL,Mechanical,15,30,N,8347
24-Aug-20,36,15:21,Monday,FINCH AND WILLINGTON,Security,7,16,E,9122
24-Aug-20,71,15:33,Monday,BLOOR AND KENNEDY AVE,Collision - TTC,10,20,W,1007
24-Aug-20,84,15:57,Monday,SHEPPARD STATION,Vision,0,0,W,3585
24-Aug-20,37,15:59,Monday,ISLINGTON AND EGLINTON,Investigation,180,192,S,7943
24-Aug-20,85,16:20,Monday,SHEPPARD AND BRENYON,Road Blocked - NON-TTC Collision,36,43,W,3409
24-Aug-20,67,16:25,Monday,PHARMACY AND SURREY,Collision - TTC,10,20,S,8630
24-Aug-20,21,16:46,Monday,BRIMLEY AND STEELES,Mechanical,12,24,S,1292
24-Aug-20,130,17:06,Monday,SCARBOROUGH CENTRE STA,Security,26,48,N,0
24-Aug-20,52,17:36,Monday,LAWRENCE WEST STATION,Mechanical,15,30,E,8134
24-Aug-20,7,19:25,Monday,BATHURST AND FISHERVIL,Collision - TTC,8,14,N,8201
24-Aug-20,129,19:28,Monday,MCCOWAN AND SANDHURST,Collision - TTC,22,48,N,3520
24-Aug-20,44,19:29,Monday,BLOOR AND ROYAL YORK,Collision - TTC,15,30,E,8014
24-Aug-20,107,20:00,Monday,SHEPPARD WEST STATION,Operations - Operator,30,60,S,3345
24-Aug-20,115,20:20,Monday,YORK MILLS STATION,Operations - Operator,30,60,W,8348
24-Aug-20,44,22:01,Monday,KIPLING STATION,Mechanical,5,10,N,7965
24-Aug-20,52,22:09,Monday,WESTWOOD MALL BUS TERM,Vision,12,24,W,8325
24-Aug-20,53,22:35,Monday,FINCH STATION,Mechanical,20,40,E,9015
24-Aug-20,79,00:08,Monday,LAWRENCE AND PINE,Mechanical,15,30,S,1254
24-Aug-20,116,01:25,Monday,MORNINGSIDE AND KINGST,Security,27,39,N,8916
25-Aug-20,14,05:37,Tuesday,GLENCAIRN AND CALEDONI,Mechanical,20,40,E,1516
25-Aug-20,47,05:53,Tuesday,EARLSCOURT LOOP,Mechanical,6,12,S,1080
25-Aug-20,86,06:29,Tuesday,KENNEDY STATION,Mechanical,17,38,E,8679
25-Aug-20,98,06:31,Tuesday,YONGE AND STEELES LOOP,Mechanical,19,39,,8165
25-Aug-20,129,06:39,Tuesday,SCARBOROUGH CENTRE STA,Mechanical,5,10,N,3412
25-Aug-20,75,06:50,Tuesday,AVENUE AND ROXBOROUGH,Security,12,24,N,8118
25-Aug-20,91,06:58,Tuesday,WOODBINE AND O'CONNOR,Security,0,0,S,8941
25-Aug-20,52,07:00,Tuesday,DIXON AND ROYAL YORK,Mechanical,18,36,E,8211
25-Aug-20,110,07:43,Tuesday,ISLINGTON AND LAKE SHO,Security,15,30,S,8031
25-Aug-20,32,07:56,Tuesday,PINE AND LAWRENCE,Mechanical,7,21,E,1575
25-Aug-20,23,08:10,Tuesday,DAWES AND DANFORTH,General Delay,465,475,N,0
25-Aug-20,36,08:24,Tuesday,FINCH AND CHAMPAGNE,Collision - TTC,5,11,W,3350
25-Aug-20,47,08:45,Tuesday,LANSDOWNE AND DAVENPOR,Security,12,24,N,1092
25-Aug-20,36,09:01,Tuesday,FINCH WEST STATION,Mechanical,5,10,W,9120
25-Aug-20,29,10:15,Tuesday,DUFFERIN AND ST CLAIR,Collision - TTC,6,12,N,1412
25-Aug-20,7,10:15,Tuesday,BATHURST AND SHEPPARD,Mechanical,12,24,N,1365
25-Aug-20,98,10:54,Tuesday,STEELES AND YONGE,Emergency Services,22,44,,8128
25-Aug-20,32,11:32,Tuesday,PINE AND LAWRENCE,Mechanical,11,22,E,1142
25-Aug-20,54,11:37,Tuesday,LAWRENCE AND BIRCHMOUN,Collision - TTC,14,28,E,8642
25-Aug-20,26,12:05,Tuesday,ANNETTE AND WILLARD,Security,24,48,W,1345
25-Aug-20,72,12:20,Tuesday,PAPE AND QUEEN,Collision - TTC,19,38,N,3131
25-Aug-20,121,12:45,Tuesday,ONTARIO AND REMEMBRANC,Collision - TTC,16,32,W,9224
25-Aug-20,47,12:48,Tuesday,CALEDONIA AND LANSDOWN,Collision - TTC,15,30,N,1005
25-Aug-20,25,12:49,Tuesday,PAPE AND O'CONNOR,Road Blocked - NON-TTC Collision,10,20,N,8859
25-Aug-20,65,12:51,Tuesday,PARLIAMENT AND CARLTON,Collision - TTC,13,26,S,8524
25-Aug-20,28,15:00,Tuesday,DON VALLEY BRICKWORKS,Mechanical,20,40,N,8732
25-Aug-20,95,15:50,Tuesday,ELLESMERE AND MARKHAM,Operations - Operator,20,40,E,1255
25-Aug-20,84,15:51,Tuesday,PIONEER VILLAGE STATIO,Mechanical,30,60,S,3216
25-Aug-20,95,15:56,Tuesday,YORK MILLS AND DON MIL,Mechanical,20,40,E,3537
25-Aug-20,34,16:44,Tuesday,EGLINTON AND BIRCHMOUN,Collision - TTC,17,34,E,8749
25-Aug-20,115,17:11,Tuesday,YORK MILLS STATION,Security,30,60,W,1395
25-Aug-20,41,17:51,Tuesday,HIGH PARK STATION,Collision - TTC,16,32,,9049
25-Aug-20,116,17:52,Tuesday,KENNEDY STATION,Investigation,0,0,,8850
25-Aug-20,67,17:59,Tuesday,PHARMACY AND ELLESMERE,Road Blocked - NON-TTC Collision,26,41,N,8633
25-Aug-20,97,18:29,Tuesday,WILSON AND YONGE,Mechanical,30,60,E,1280
25-Aug-20,24,18:45,Tuesday,VICTORIA PARK AND ARNC,Road Blocked - NON-TTC Collision,44,56,S,8963
25-Aug-20,110,19:05,Tuesday,GARNETT JANES RD AND N,Investigation,451,469,E,8090
25-Aug-20,11,19:42,Tuesday,SUNNYBROOK HOSPITAL,Mechanical,0,0,W,1319
25-Aug-20,15,20:33,Tuesday,SHERWAY GARDENS,Security,15,30,E,7966
25-Aug-20,14,21:16,Tuesday,DAVISVILLE STATION,Operations - Operator,20,40,E,1086
25-Aug-20,75,22:08,Tuesday,LOWER JARVIS AND QUEEN,Security,17,34,N,1375
25-Aug-20,999,22:34,Tuesday,DON MILLS STATION,Emergency Services,0,0,,3104
25-Aug-20,54,22:38,Tuesday,LAWRENCE AND BELLAMY,Road Blocked - NON-TTC Collision,141,153,E,0
25-Aug-20,127,22:59,Tuesday,SPADINA STATION,Collision - TTC,20,40,N,3481
25-Aug-20,900,23:03,Tuesday,KIPLING STATION,Security,10,20,,8011
25-Aug-20,36,23:04,Tuesday,FINCH AND OAKDALE,Mechanical,10,20,E,9133
25-Aug-20,39,23:04,Tuesday,FINCH AND KENNEDY,Security,10,20,E,3407
25-Aug-20,63,23:30,Tuesday,ATLANTIC AND KING,Security,15,25,N,8301
25-Aug-20,36,01:20,Tuesday,FINCH AND DUFFERIN,Security,10,20,W,3629
25-Aug-20,105,01:50,Tuesday,DUFFERIN AND FINCH,Investigation,30,50,N,8392
26-Aug-20,300,03:26,Wednesday,DANFORTH AND LOGAN,Investigation,154,164,,0
26-Aug-20,135,05:41,Wednesday,WARDEN AND DANFORTH RD,Emergency Services,20,40,N,8488
26-Aug-20,23,06:22,Wednesday,DAWES AND GOWER,Security,10,20,N,3113
26-Aug-20,64,07:58,Wednesday,WILLIAMSON AND WINEVA,General Delay,0,0,W,0
26-Aug-20,123,09:23,Wednesday,NORTH QUEEN AND THE EA,Operations - Operator,12,24,W,8046
26-Aug-20,165,09:50,Wednesday,YORK MILLS STATION - J,Mechanical,10,20,W,3619
26-Aug-20,133,09:54,Wednesday,SCARBOROUGH CENTRE STA,Mechanical,11,22,,3424
26-Aug-20,133,10:38,Wednesday,SCARBOROUGH CENTRE STA,Mechanical,11,22,,3491
26-Aug-20,133,10:57,Wednesday,SCARBOROUGH CENTRE STA,Mechanical,11,22,,3553
26-Aug-20,22,10:58,Wednesday,COXWELL AND UPPER GERR,Mechanical,8,17,N,9220
26-Aug-20,36,11:14,Wednesday,FINCH WEST STATION,Mechanical,5,10,W,3342
26-Aug-20,165,11:18,Wednesday,ORMONT AND WESTON,Investigation,10,20,,3652
26-Aug-20,53,11:28,Wednesday,STEELES AND STAINES,Collision - TTC,19,39,W,1658
26-Aug-20,133,11:46,Wednesday,NIGHTSTAR AND MORNINGS,Cleaning,11,22,S,3531
26-Aug-20,24,11:47,Wednesday,SHEPPARD AND DON MILLS,Collision - TTC,10,20,W,9200
26-Aug-20,165,11:51,Wednesday,ORMONT AND BARMAC DR,Emergency Services,10,20,S,3652
26-Aug-20,165,12:48,Wednesday,WESTON AND ORMONT,Emergency Services,225,235,E,0
26-Aug-20,92,13:15,Wednesday,QUEEN AND WOODBINE,General Delay,15,30,N,0
26-Aug-20,53,13:15,Wednesday,MIDDLEFIELD AND STEELE,Operations - Operator,20,40,E,9085
26-Aug-20,54,13:17,Wednesday,LAWRENCE AND LILIAN,Road Blocked - NON-TTC Collision,0,0,W,0
26-Aug-20,36,13:37,Wednesday,FINCH WEST STATION,Mechanical,5,10,N,3349
26-Aug-20,12,14:21,Wednesday,BIRCHMOUNT GARAGE,Operations - Operator,24,49,,0
26-Aug-20,81,14:37,Wednesday,O'CONNER AND CADONNA (,Collision - TTC,5,13,W,8465
26-Aug-20,41,15:17,Wednesday,PIONEER VILLAGE STATIO,Mechanical,12,24,N,9052
26-Aug-20,32,15:36,Wednesday,WRIGHT AND GIBSON,Mechanical,19,29,N,1050
26-Aug-20,39,15:55,Wednesday,FINCH AND ADIRONDACK G,Emergency Services,44,59,E,3413
26-Aug-20,85,16:22,Wednesday,SHEPPARD AND W OF MARK,Security,6,13,W,3454
26-Aug-20,16,16:32,Wednesday,WARDEN STATION,Mechanical,10,20,N,3166
26-Aug-20,37,16:38,Wednesday,ISLINGTON STATION,Mechanical,15,30,S,8057
26-Aug-20,84,16:46,Wednesday,BRADSTOCK AND WESTON,Operations - Operator,15,30,E,3183
26-Aug-20,,16:54,Wednesday,25 MUTUAL ST ( QUEEN A,Utilized Off Route,1,1,,8907
26-Aug-20,104,17:08,Wednesday,WILSON STATION,Mechanical,12,36,,1251
26-Aug-20,12,18:26,Wednesday,VICTORIA PARK STATION,Mechanical,10,20,,8571
26-Aug-20,165,18:28,Wednesday,STEELES AND OLD WESTON,Operations - Operator,0,0,S,3648
26-Aug-20,32,18:30,Wednesday,EGLINTON AND JANE,Mechanical,10,20,W,3727
26-Aug-20,39,18:41,Wednesday,FINCH AND VICTORIA PAR,Mechanical,7,9,E,1398
26-Aug-20,66,19:15,Wednesday,OLD MILL STATION,Mechanical,35,65,S,8460
26-Aug-20,29,19:17,Wednesday,WILSON STATION,Operations - Operator,26,56,,0
26-Aug-20,134,19:21,Wednesday,STC BUS BAY,Mechanical,7,18,,1245
26-Aug-20,29,19:21,Wednesday,WILSON STATION,Operations - Operator,23,36,,1208
26-Aug-20,45,19:39,Wednesday,KIPLING STATION,Cleaning,15,30,N,7942
26-Aug-20,60,19:40,Wednesday,STEELES AND MARKBROOK,Mechanical,9,18,W,3273
26-Aug-20,9,20:01,Wednesday,SCARBOROUGH CENTRE STA,General Delay,20,39,,8483
26-Aug-20,32,20:18,Wednesday,PINE AND LAWRENCE,Mechanical,20,30,N,1037
26-Aug-20,29,20:32,Wednesday,DUFFERIN AND GEARY,Road Blocked - NON-TTC Collision,4,8,S,9038
26-Aug-20,34,20:55,Wednesday,KENNEDY STATION,Collision - TTC,17,34,,8960
26-Aug-20,34,21:08,Wednesday,KENNEDY STATION,Collision - TTC,7,14,E,8657
26-Aug-20,29,21:13,Wednesday,DUFFERIN AT DANE,Mechanical,8,16,N,9023
26-Aug-20,96,21:19,Wednesday,FINCH AND HUMBERLINE,Mechanical,15,35,W,3236
26-Aug-20,96,21:22,Wednesday,WILSON STATION,Mechanical,20,40,W,3242
26-Aug-20,34,21:49,Wednesday,EGLINTON AND SLOANE,Security,16,32,W,8943
26-Aug-20,70,21:55,Wednesday,O'CONNER AND SUNRISE,Emergency Services,78,93,N,8801
26-Aug-20,73,23:30,Wednesday,ROYAL YORK AND KING ST,Collision - TTC,20,40,S,8437
26-Aug-20,121,23:39,Wednesday,SCOTT AND THE ESPLANAD,General Delay,119,133,,0
26-Aug-20,16,23:39,Wednesday,SCARBOROUGH CENTRE STA,Mechanical,17,34,S,8581
26-Aug-20,32,00:25,Wednesday,RENFORTH STATION,Mechanical,19,38,N,1020
26-Aug-20,36,01:15,Wednesday,HUMBERWOOD LOOP,Emergency Services,11,22,S,3352
26-Aug-20,329,01:30,Wednesday,DUFFERIN AND STEELES,Cleaning,30,0,S,1261
26-Aug-20,86,01:31,Wednesday,KINGSTON AND GALLOWAY,Security,10,20,E,8942
26-Aug-20,63,01:37,Wednesday,OSSINGTON AND DUNDAS,Mechanical,10,20,W,8305
27-Aug-20,160,02:03,Thursday,WILSON STATION,Mechanical,25,50,N,1276
27-Aug-20,53,02:08,Thursday,STEELES AND LESLIE,Mechanical,21,42,W,1255
27-Aug-20,363,02:16,Thursday,OSSINGTON STATION,Mechanical,26,26,S,1315
27-Aug-20,7,02:24,Thursday,STEELES W OF YONGE,Operations - Operator,30,30,E,8115
27-Aug-20,320,03:03,Thursday,YONGE AND WILSON,Emergency Services,3,7,S,8324
27-Aug-20,300,04:30,Thursday,BLOOR AND ROYAL YORK,Cleaning,25,42,W,8001
27-Aug-20,85,04:32,Thursday,MEADOWVALE LOOP,Operations - Operator,29,45,,3557
27-Aug-20,90,05:31,Thursday,BELLAMY AND BRIMORTON,Mechanical,18,36,S,8581
27-Aug-20,118,06:10,Thursday,WILSON STATION,Operations - Operator,30,60,,3187
27-Aug-20,32,06:28,Thursday,EGLINTON AND CALEDONIA,Security,6,10,E,1265
27-Aug-20,54,07:21,Thursday,EGLINTON STATION,Late Leaving Garage - Operator,20,30,W,8927
27-Aug-20,54,07:21,Thursday,EGLINTON STATION,Late Leaving Garage - Operator,20,30,E,8927
27-Aug-20,118,07:32,Thursday,WILSON STATION,Operations - Operator,30,60,W,3187
27-Aug-20,54,07:52,Thursday,EGLINTON STATION,Late Leaving Garage - Operator,20,31,E,8882
27-Aug-20,79,07:59,Thursday,PINE AND LAWRENCE,Mechanical,17,26,S,1016
27-Aug-20,84,08:02,Thursday,WESTON AND BRADSTOCK,Mechanical,12,23,S,3302
27-Aug-20,34,08:16,Thursday,EGLINTON AND LEBOVIC,Investigation,12,24,E,8663
27-Aug-20,36,08:17,Thursday,FINCH WEST STATION,Cleaning,5,10,,9102
27-Aug-20,32,08:19,Thursday,EGLINTON AND OLD FORES,Collision - TTC,11,16,W,1142
27-Aug-20,7,08:30,Thursday,BATHURST STATION,Operations - Operator,12,24,,1355
27-Aug-20,43,09:31,Thursday,SCARBOROUGH CENTRE STA,Operations - Operator,21,42,N,8908
27-Aug-20,22,10:01,Thursday,COXWELL STATION,Mechanical,0,0,S,8469
27-Aug-20,52,10:35,Thursday,AIRPORT AND JETLINER,Vision,15,30,E,8392
27-Aug-20,35,10:35,Thursday,PIONEER VILLAGE STATIO,Mechanical,1,7,S,3723
27-Aug-20,43,10:41,Thursday,MIDLAND AND STEELES,Mechanical,10,20,N,8682
27-Aug-20,120,10:52,Thursday,SHEPPARD AND NORTHOVER,General Delay,134,164,E,0
27-Aug-20,36,10:55,Thursday,FINCH AND SIGNET,Mechanical,7,13,E,3611
27-Aug-20,5,11:10,Thursday,AVENUE AND EDMUND,Mechanical,30,60,N,8141
27-Aug-20,37,11:18,Thursday,ISLINGTON STATION,Operations - Operator,22,45,S,8079
27-Aug-20,60,11:19,Thursday,STEELES AND IRONDALE,Road Blocked - NON-TTC Collision,15,24,E,0
27-Aug-20,111,11:45,Thursday,MARTINGROVE AND EGLINT,Road Blocked - NON-TTC Collision,16,32,S,8089
27-Aug-20,96,11:53,Thursday,CARRIER LOOP,Operations - Operator,24,48,W,3180
27-Aug-20,36,12:14,Thursday,FINCH AND DRIFTWOOD,Vision,6,12,W,9104
27-Aug-20,12,12:15,Thursday,KINGSTON AND VICTORIA,Investigation,25,50,E,8595
27-Aug-20,96,12:20,Thursday,YORK MILLS STATION,Operations - Operator,24,48,W,3244
27-Aug-20,900,12:39,Thursday,KIPLING STATION,Operations - Operator,22,44,N,0
27-Aug-20,189,12:40,Thursday,HIGH PARK STATION,Operations - Operator,25,50,N,0
27-Aug-20,52,12:44,Thursday,AIRPORT AND DERRY,Road Blocked - NON-TTC Collision,0,0,W,0
27-Aug-20,90,12:59,Thursday,ST CLAIR WEST STATION,Security,10,20,,1381
27-Aug-20,12,13:09,Thursday,KINGSTON AND BINGHAM,Security,12,25,W,9212
27-Aug-20,163,13:39,Thursday,LAWRENCE WEST STATION,Mechanical,12,24,S,8314
27-Aug-20,73,13:49,Thursday,ROYAL YORK STATION,Operations - Operator,25,50,N,8085
27-Aug-20,37,13:55,Thursday,ISLINGTON AND ELMHURST,Operations - Operator,27,54,N,8032
27-Aug-20,129,13:57,Thursday,MCCOWAN AND STEELES,Mechanical,12,24,S,3553
27-Aug-20,53,14:11,Thursday,YONGE AND DREWERY,Investigation,7,14,S,9074
27-Aug-20,47,14:15,Thursday,LANSDOWNE AND DAVENPOR,Mechanical,15,30,N,1536
27-Aug-20,76,14:41,Thursday,ROYAL YORK AND MIMICO,Mechanical,10,20,W,8605
27-Aug-20,6,15:00,Thursday,QUEENS QUAY AND BONNYC,General Delay,268,278,S,0
27-Aug-20,108,15:23,Thursday,PIONEER VILLAGE STATIO,Mechanical,9,17,S,3275
27-Aug-20,86,15:27,Thursday,KENNEDY STATION,Operations - Operator,25,50,E,8943
27-Aug-20,39,15:44,Thursday,FINCH AND BIRCHMOUNT,Mechanical,16,32,E,3499
27-Aug-20,126,15:50,Thursday,CHRISTIE STATION,Collision - TTC,17,24,,1001
27-Aug-20,121,15:51,Thursday,CHERRY AND LAKESHORE,General Delay,14,28,S,8504
27-Aug-20,32,15:52,Thursday,EGLINTON AND TRETHEWAY,Security,17,28,E,1102
27-Aug-20,123,15:54,Thursday,KIPLING STATION,Mechanical,16,32,S,8448
27-Aug-20,162,16:03,Thursday,LAWRENCE AND YONGE,Emergency Services,0,0,E,8322
27-Aug-20,95,16:05,Thursday,ELLESMERE STATION,Mechanical,10,21,N,1320
27-Aug-20,79,16:14,Thursday,ST CLAIR AND MOULD,Collision - TTC,14,28,E,1031
27-Aug-20,63,16:29,Thursday,OAKWOOD AND ROSEMOUNT,Investigation,5,10,S,8365
27-Aug-20,91,16:42,Thursday,WOODBINE AND O'CONNER,Collision - TTC,18,32,S,8621
27-Aug-20,112,17:15,Thursday,KIPLING STATION,Operations - Operator,20,40,S,8057
27-Aug-20,54,17:17,Thursday,LAWRENCE AND MARKHAM,Collision - TTC,12,25,E,8766
27-Aug-20,111,17:50,Thursday,KIPLING STATION,Mechanical,13,26,N,7932
27-Aug-20,32,18:10,Thursday,EGLINTON AND LASCELLES,Mechanical,10,20,W,1208
27-Aug-20,35,18:15,Thursday,JANE AND DRIFTWOOD,Operations - Operator,7,14,N,3350
27-Aug-20,60,18:23,Thursday,DUFFERIN AND STEELES,Mechanical,7,14,E,3295
27-Aug-20,,19:22,Thursday,WARDEN STATION,Mechanical,7,14,S,0
27-Aug-20,12,20:19,Thursday,VICTORIA PARK STATION,Vision,20,40,E,8550
27-Aug-20,12,20:19,Thursday,VICTORIA PARK STATION,Vision,20,40,E,8550
27-Aug-20,29,20:19,Thursday,DUFFERIN AND QUEEN,Collision - TTC,8,16,S,9140
27-Aug-20,29,20:41,Thursday,DUFFERIN AND LAWRENCE,Mechanical,7,15,S,9152
27-Aug-20,63,22:56,Thursday,OAKWOOD AND ST CLAIR,Mechanical,10,11,N,8365
27-Aug-20,26,23:11,Thursday,KEELE AND ANNETTE,Road Blocked - NON-TTC Collision,67,97,S,1417
27-Aug-20,47,23:23,Thursday,EARLS COUNT LOOP,Operations - Operator,30,60,,1089
27-Aug-20,26,23:23,Thursday,KEELE AND ANNETTE,Road Blocked - NON-TTC Collision,30,60,W,1417
27-Aug-20,85,23:24,Thursday,MORNINGSIDE AND SHEPPA,Collision - TTC,20,40,E,3413
27-Aug-20,24,23:57,Thursday,VICTORIA PARK STATION,Emergency Services,17,29,,8562
27-Aug-20,41,00:02,Thursday,KEELE AND 401,Road Blocked - NON-TTC Collision,202,222,N,9034
27-Aug-20,60,01:22,Thursday,STEELES AND PINE VALLE,Road Blocked - NON-TTC Collision,52,71,W,3346
27-Aug-20,24,01:58,Thursday,VICTORIA PARK AND O'CO,Security,19,28,S,9207
28-Aug-20,341,03:00,Friday,KEELE AND WILSON,Road Blocked - NON-TTC Collision,0,0,N,0
28-Aug-20,320,03:12,Friday,YONGE AND QUEEN'S QUAY,Security,4,7,N,8336
28-Aug-20,341,04:00,Friday,KEELE AND CATFORD,Collision - TTC,15,30,S,9141
28-Aug-20,300,04:30,Friday,BLOOR AND CHURCH,Operations - Operator,17,34,E,8804
28-Aug-20,363,05:36,Friday,NORTHCLIFFE AND EGLINT,Security,30,0,N,8334
28-Aug-20,300,05:44,Friday,DANFORTH AND LEYTON,Emergency Services,17,34,W,1412
28-Aug-20,135,06:02,Friday,MAIN STATION,Mechanical,20,40,,3115
28-Aug-20,51,06:04,Friday,LESLIE AND HIGHWAY 401,Investigation,34,54,,0
28-Aug-20,85,06:19,Friday,DON MILLS STATION,Collision - TTC,0,0,,3491
28-Aug-20,110,06:22,Friday,ISLINGTON STATION,Mechanical,20,41,,7972
28-Aug-20,110,06:32,Friday,ISLINGTON STATION,Collision - TTC,15,30,,8427
28-Aug-20,68,07:53,Friday,WARDEN AND FINCH,Road Blocked - NON-TTC Collision,25,37,S,8633
28-Aug-20,39,08:07,Friday,FINCH AND WARDEN,Road Blocked - NON-TTC Collision,10,35,E,0
28-Aug-20,88,08:09,Friday,ST CLAIR STATION,Mechanical,0,0,,1309
28-Aug-20,6,08:19,Friday,DUNDAS AND BAY,Mechanical,10,20,N,3727
28-Aug-20,56,08:20,Friday,EGLINTON AND LAIRD,Utilized Off Route,20,40,W,1285
28-Aug-20,42,08:34,Friday,CUMMER AND WILLOWDALE,Collision - TTC,14,25,W,8120
28-Aug-20,64,08:43,Friday,MAIN STREET STATION,Operations - Operator,10,20,,9225
28-Aug-20,165,08:48,Friday,WESTON AND ORMONT,Operations - Operator,0,0,,3339
28-Aug-20,52,09:35,Friday,LAWRENCE WEST STATION,Mechanical,11,12,E,1213
28-Aug-20,37,10:00,Friday,ISLINGTON STATION,Mechanical,22,45,,8051
28-Aug-20,82,10:11,Friday,SOUTH DR AND CRESCENT,General Delay,17,37,,1346
28-Aug-20,52,10:58,Friday,DIXON AND RIVERVIEW HE,Collision - TTC,0,0,E,1233
28-Aug-20,89,12:14,Friday,KEELE STATION,Investigation,0,0,N,1410
28-Aug-20,86,12:43,Friday,KINGSTON ROAD AND LAWR,Security,8,16,W,8945
28-Aug-20,43,13:04,Friday,KENNEDY STATION,Security,0,0,,8791
28-Aug-20,600,13:16,Friday,FINCH AND WARDEN,Security,0,0,W,3448
28-Aug-20,36,13:35,Friday,FINCH AND PELICAN,Collision - TTC,0,0,E,3213
28-Aug-20,41,13:35,Friday,KEELE AND EGLINTON,Collision - TTC,12,24,N,9021
28-Aug-20,600,13:57,Friday,EGLINTON STN,Operations - Operator,0,0,,1140
28-Aug-20,81,14:10,Friday,THORCLIFFE AND OVERLEA,Mechanical,11,22,S,8468
28-Aug-20,45,15:15,Friday,KIPLING AND EGLINTON,Security,0,0,S,8094
28-Aug-20,113,16:06,Friday,KENNEDY AND TRANSWAY,Security,0,0,S,3137
28-Aug-20,29,16:10,Friday,DUFFERIN AND GLENGROVE,Security,7,16,N,9037
28-Aug-20,96,16:13,Friday,WILSON AND DALLNER,Collision - TTC,0,0,W,3326
28-Aug-20,35,16:37,Friday,JANE AND OUTLOOK,Collision - TTC,0,0,N,3627
28-Aug-20,77,17:14,Friday,WINDERMERE AND MORNING,General Delay,240,300,,0
28-Aug-20,25,17:37,Friday,DON MILLS AND LAWRENCE,Mechanical,9,17,S,8635
28-Aug-20,25,17:47,Friday,PAPE STATION,Collision - TTC,9,18,,8874
28-Aug-20,21,17:50,Friday,SCARBOROUGH CENTRE STA,Investigation,0,0,,1674
28-Aug-20,60,18:23,Friday,STEELES AND ISLINGTON,Investigation,144,154,,3222
28-Aug-20,32,18:26,Friday,PINE AND LAWRENCE,Emergency Services,10,20,N,1273
28-Aug-20,87,18:32,Friday,MAIN STREET STATION,Security,0,0,,0
28-Aug-20,37,18:43,Friday,ISLINGTON AND FINCH,Investigation,120,135,N,8422
28-Aug-20,134,19:17,Friday,SCARBOROUGH CENTRE STA,Mechanical,9,18,N,1579
28-Aug-20,121,19:33,Friday,CHERRY ST AND S LAKESH,Mechanical,22,44,S,8562
28-Aug-20,57,20:09,Friday,MIDLAND AND HUNTINGWOO,Collision - TTC,0,0,N,8770
28-Aug-20,9,21:13,Friday,WARDEN STATION,Collision - TTC,0,0,,3537
28-Aug-20,16,21:43,Friday,WARDEN STATION,Operations - Operator,17,34,,8557
28-Aug-20,97,22:03,Friday,DAVISVILLE STATION,Security,30,60,S,8409
28-Aug-20,43,22:22,Friday,KENNEDY AND ELLESMERE,Road Blocked - NON-TTC Collision,58,78,S,8693
28-Aug-20,37,23:27,Friday,ISLINGTON AND THE WEST,Mechanical,30,60,N,7918
28-Aug-20,86,00:15,Friday,KENNEDY STATION,Emergency Services,15,30,,8937
29-Aug-20,325,02:18,Saturday,CARLAW AND BADGEROW AV,Road Blocked - NON-TTC Collision,22,52,S,8765
29-Aug-20,320,02:44,Saturday,YONGE AND YORK MILLS,Operations - Operator,21,10,N,1036
29-Aug-20,37,03:10,Saturday,ISLINGTON STATION,Mechanical,30,60,,7966
29-Aug-20,352,04:00,Saturday,SUNNYBROOK HOSPITAL,Security,0,0,E,8181
29-Aug-20,6,05:45,Saturday,DUPONT AND DAVENPORT,Mechanical,30,60,S,1034
29-Aug-20,60,06:06,Saturday,STEELES AND YONGE,Mechanical,18,36,W,3636
29-Aug-20,163,06:33,Saturday,MARLEE AND WENDERLY DR,Security,30,60,S,8159
29-Aug-20,62,08:17,Saturday,MORTIMER AND WOODBINE,Emergency Services,22,44,W,8528
29-Aug-20,28,08:32,Saturday,DAVISVILLE STATION,Mechanical,30,60,,8326
29-Aug-20,35,08:51,Saturday,JANE AND FRITH,Operations - Operator,8,17,S,3602
29-Aug-20,60,10:02,Saturday,PIONEER VILLAGE STATIO,Mechanical,11,22,W,3364
29-Aug-20,41,10:07,Saturday,FINCH WEST STATION,Mechanical,12,24,S,1420
29-Aug-20,168,10:21,Saturday,DAVENPORT AND LAUGHTON,Collision - TTC,17,36,S,1023
29-Aug-20,,11:07,Saturday,WILSON TRACK AND STUCT,Collision - TTC,0,0,,0
29-Aug-20,110,11:18,Saturday,ISLINGTON STATION,Mechanical,16,34,S,8423
29-Aug-20,26,11:40,Saturday,JANE STATION,Mechanical,30,60,E,1273
29-Aug-20,17,11:47,Saturday,BIRCHMOUNT AND ANACOND,Security,15,30,S,3165
29-Aug-20,41,12:45,Saturday,KEELE AND SHEPPARD,General Delay,36,45,,0
29-Aug-20,131,12:53,Saturday,MORNINGSIDE AND MORNIN,Mechanical,14,28,W,1392
29-Aug-20,96,13:34,Saturday,ELMHURST AND ALBION,Vision,17,34,W,3644
29-Aug-20,29,13:43,Saturday,DUFFERIN AND HOPE,Cleaning,6,10,N,9207
29-Aug-20,36,14:01,Saturday,FINCH AND DRIFTWOOD,Collision - TTC,5,9,E,3237
29-Aug-20,121,14:06,Saturday,PARLIAMENT AND MILL,Road Blocked - NON-TTC Collision,0,0,W,0
29-Aug-20,35,15:25,Saturday,2901 JANE STREET,Collision - TTC,7,14,N,3585
29-Aug-20,85,15:59,Saturday,SHEPPARD AND BRIMLEY,Mechanical,11,22,W,1323
29-Aug-20,32,16:51,Saturday,EGLINTON AND OAKWOOD,General Delay,69,74,,0
29-Aug-20,163,17:03,Saturday,OAKWOOD AND ROGERS,General Delay,0,0,,1233
29-Aug-20,29,17:23,Saturday,DUFFERIN AND ROGERS,Security,3,9,N,9148
29-Aug-20,108,17:28,Saturday,SHEPPARD WEST STATION,Collision - TTC,8,16,,3652
29-Aug-20,23,17:45,Saturday,MAIN STATION,Emergency Services,0,0,,8518
29-Aug-20,113,18:01,Saturday,DANFORTH AND NORTH WOO,Road Blocked - NON-TTC Collision,29,45,,3125
29-Aug-20,32,20:27,Saturday,EGLINTON AND OAKWOOD,General Delay,0,0,,0
29-Aug-20,29,21:30,Saturday,WILSON STATION,Mechanical,9,18,S,9032
29-Aug-20,51,22:38,Saturday,LESLIE AND HWY 401,Security,30,60,N,8137
29-Aug-20,89,23:52,Saturday,HICKORY TREE AND WILBY,Operations - Operator,10,20,N,1042
29-Aug-20,43,00:32,Saturday,NORTH SERVICE ROAD AND,Collision - TTC,10,20,W,8669
30-Aug-20,52,02:34,Sunday,LAWRENCE AND DUFFERIN,Cleaning,20,40,E,8205
30-Aug-20,300,02:37,Sunday,BLOOR AND THE EAST MAL,Security,0,0,E,8794
30-Aug-20,300,02:41,Sunday,BLOOR AND TED ROGERS,Security,15,30,E,8047
30-Aug-20,320,02:59,Sunday,YONGE AND STEELES,Security,4,7,S,1143
30-Aug-20,329,03:20,Sunday,DUFFERIN AND ST CLAIR,Security,30,60,N,1066
30-Aug-20,53,03:52,Sunday,NEWGALE GATE AND FINCH,Operations - Operator,30,60,W,3430
30-Aug-20,324,04:15,Sunday,ERINDALE AND BROADVIEW,Emergency Services,30,60,E,3150
30-Aug-20,320,04:40,Sunday,YONGE AND DUNDAS,Security,15,30,N,8761
30-Aug-20,32,05:21,Sunday,EGLINTON STATION,Emergency Services,0,0,W,1054
30-Aug-20,41,06:37,Sunday,PIONEER VILLAGE STATIO,Operations - Operator,15,31,,1203
30-Aug-20,41,06:48,Sunday,KEELE AND LAWRENCE,Mechanical,16,32,N,1082
30-Aug-20,999,07:58,Sunday,STEELES AND BATHURST,Investigation,0,0,E,1363
30-Aug-20,66,08:05,Sunday,MARINE PARADE DRIVE,Operations - Operator,20,40,N,7972
30-Aug-20,900,08:49,Sunday,TERMINAL 3,Operations - Operator,9,18,,8007
30-Aug-20,113,09:02,Sunday,DANFORTH AND VICTORIA,General Delay,0,0,W,0
30-Aug-20,20,09:43,Sunday,DANFORTH AND VICTORIA,General Delay,1,24,,0
30-Aug-20,131,10:36,Sunday,SCARBOROUGH CENTRE STA,Mechanical,26,40,E,3566
30-Aug-20,76,10:45,Sunday,ROYAL YORK STATION,Operations - Operator,30,60,W,8080
30-Aug-20,110,10:48,Sunday,ISLINGTON AND THE QUEE,Cleaning,20,40,N,7933
30-Aug-20,110,10:48,Sunday,ISLINGTON AND THE QUEE,Cleaning,20,40,S,7933
30-Aug-20,999,10:49,Sunday,YONGE AND EGLINTON,Emergency Services,0,0,S,8856
30-Aug-20,52,11:09,Sunday,LAWRENCE WEST STATION,Operations - Operator,20,40,W,1210
30-Aug-20,999,11:22,Sunday,ST CLAIR AND ALVIN,Collision - TTC,0,0,S,3501
30-Aug-20,53,11:26,Sunday,FINCH STATION,Operations - Operator,23,46,E,9071
30-Aug-20,85,11:37,Sunday,SHEPPARD AND DON MILLS,Security,20,40,W,3439
30-Aug-20,85,12:10,Sunday,SHEPPARD AND VICTORIA,General Delay,23,31,W,9074
30-Aug-20,63,12:18,Sunday,KING AND ATLANTIC,Investigation,6,13,N,1215
30-Aug-20,32,12:38,Sunday,EGLINTON AND HARTLEY,Emergency Services,9,18,W,1001
30-Aug-20,165,12:48,Sunday,YORK MILLS STATION,Mechanical,10,20,W,3358
30-Aug-20,37,13:00,Sunday,ISLINGTON STATION,General Delay,20,60,N,0
30-Aug-20,97,13:04,Sunday,YORK MILLS STATION,Operations - Operator,30,60,N,8101
30-Aug-20,175,13:39,Sunday,BRIMELY AND BARKDENE -,Road Blocked - NON-TTC Collision,15,30,N,8528
30-Aug-20,46,13:50,Sunday,MARTIN GROVE AND DIXON,Collision - TTC,17,34,N,3201
30-Aug-20,52,13:51,Sunday,DIXON AND MARTIN GROVE,Road Blocked - NON-TTC Collision,30,44,W,8375
30-Aug-20,37,13:55,Sunday,ISLINGTON STATION,Operations - Operator,20,40,N,8087
30-Aug-20,163,14:06,Sunday,MARLEE AND ROSELAWN,Collision - TTC,11,22,S,8178
30-Aug-20,37,14:15,Sunday,ISLINGTON STATION,Operations - Operator,20,40,N,8451
30-Aug-20,40,14:40,Sunday,KIPLING STATION,Operations - Operator,30,60,E,8090
30-Aug-20,73,14:44,Sunday,ROYAL YORK STATION,Operations - Operator,30,60,N,7969
30-Aug-20,1,14:53,Sunday,ST CLAIR AND YONGE,Collision - TTC,0,0,E,8202
30-Aug-20,67,14:56,Sunday,PHARMACY AND NANCY,Security,17,34,N,8742
30-Aug-20,43,15:46,Sunday,KENNEDY AND RANSTONE,Road Blocked - NON-TTC Collision,55,64,,0
30-Aug-20,24,15:57,Sunday,VICTORIA PARK AND IVOR,Security,7,14,N,8470
30-Aug-20,85,15:58,Sunday,SHEPPARD AND VICTORIA,Emergency Services,5,10,W,9068
30-Aug-20,162,16:11,Sunday,LAWRENCE AND LESLIE,Security,0,0,W,1297
30-Aug-20,131,16:31,Sunday,SCARBOROUGH CENTER STA,Operations - Operator,26,52,E,0
30-Aug-20,73,16:41,Sunday,ROYAL YORK STATION,Operations - Operator,23,46,N,7961
30-Aug-20,95,17:08,Sunday,ELLESMERE W OF KENNEDY,Security,0,0,W,1341
30-Aug-20,118,17:11,Sunday,WILSON AND JANE,Operations - Operator,30,60,W,3202
30-Aug-20,73,17:27,Sunday,ROYAL YORK STATION,Operations - Operator,23,46,N,8032
30-Aug-20,63,18:20,Sunday,OAKWOOD AND ST. CLAIR,Mechanical,6,12,N,8130
30-Aug-20,70,18:45,Sunday,COXWELL STATION,Operations - Operator,24,48,W,8931
30-Aug-20,175,19:33,Sunday,KENNEDY STATION,Security,15,45,,8554
30-Aug-20,53,19:43,Sunday,FINCH AND BAYVIEW,Mechanical,27,53,W,9009
30-Aug-20,66,19:58,Sunday,HUMBER LOOP,Operations - Operator,20,40,N,7943
30-Aug-20,165,20:03,Sunday,WILSON AND JANE,Road Blocked - NON-TTC Collision,34,43,E,3356
30-Aug-20,96,20:05,Sunday,WILSON AND JANE,Road Blocked - NON-TTC Collision,42,63,E,0
30-Aug-20,118,20:07,Sunday,WILSON AND JANE,Road Blocked - NON-TTC Collision,0,0,,0
30-Aug-20,54,20:14,Sunday,2222 EGLINTON AVENUE E,Operations - Operator,20,40,W,8881
30-Aug-20,36,20:19,Sunday,FINCH AND ARROW,Cleaning,7,14,E,3636
30-Aug-20,89,22:40,Sunday,KEELE AND ANNETTE,Road Blocked - NON-TTC Collision,0,0,N,1119
30-Aug-20,95,23:13,Sunday,ELLESMERE AND KINGSTON,Security,10,20,W,3539
30-Aug-20,89,23:31,Sunday,WESTON AND ST CLAIR,General Delay,10,20,,1119
30-Aug-20,385,01:03,Sunday,SHEPPARD STATION,Operations - Operator,0,0,E,0
30-Aug-20,300,01:06,Sunday,TERMINAL 3,Operations - Operator,30,0,E,0
30-Aug-20,54,01:46,Sunday,LAWRENCE AND DON MILLS,Emergency Services,15,30,W,8861
31-Aug-20,307,05:04,Monday,BATHURST AND STEELES,Road Blocked - NON-TTC Collision,0,0,N,8395
31-Aug-20,353,05:17,Monday,STEELES AND BATHURST,Road Blocked - NON-TTC Collision,30,60,E,9079
31-Aug-20,86,05:23,Monday,KINGSTON AND OLD KINGS,General Delay,127,151,E,8806
31-Aug-20,32,05:57,Monday,KEELE AND CATFORD,Mechanical,15,22,S,1052
31-Aug-20,110,06:04,Monday,ISLINGTON STATION,Mechanical,24,39,N,8040
31-Aug-20,118,06:10,Monday,WILSON STATION,Operations - Operator,30,60,W,3329
31-Aug-20,43,07:03,Monday,STEELES AND MILLIKEN G,General Delay,10,20,E,8669
31-Aug-20,35,07:12,Monday,JANE STATION,Vision,10,19,S,3617
31-Aug-20,53,07:18,Monday,STEELES AND KENNEDY,General Delay,123,129,,9057
31-Aug-20,52,07:20,Monday,LAWRENCE WEST STATION,Mechanical,18,36,,8211
31-Aug-20,60,07:46,Monday,PIONEER VILLAGE STATIO,Mechanical,8,16,S,3288
31-Aug-20,54,08:06,Monday,LAWRENCE EAST STATION,Mechanical,12,24,W,8722
31-Aug-20,77,08:14,Monday,WINDERMERE AND COEHILL,General Delay,0,0,,0
31-Aug-20,84,08:17,Monday,SHEPPARD-YONGE STATION,Security,0,0,,3618
31-Aug-20,927,09:39,Monday,HUMBER COLLEGE,Mechanical,10,20,S,3369
31-Aug-20,68,09:44,Monday,WARDEN AND 16TH AVE,Road Blocked - NON-TTC Collision,10,45,,0
31-Aug-20,22,10:05,Monday,COXWELL AND HANSON,Collision - TTC,10,20,S,3162
31-Aug-20,36,10:24,Monday,FINCH STATION,Investigation,5,10,,3596
31-Aug-20,112,10:37,Monday,WEST MALL AND DUNDAS,Mechanical,11,48,N,8055
31-Aug-20,36,10:48,Monday,FINCH AND KEELE,Collision - TTC,5,10,W,3268
31-Aug-20,123,10:59,Monday,SHERWAY GARDENS,Mechanical,21,42,E,8079
31-Aug-20,94,11:34,Monday,OSSINGTON STATION,Operations - Operator,15,30,N,1035
31-Aug-20,,11:34,Monday,WILSON YARD,Collision - TTC,0,0,,0
31-Aug-20,36,11:48,Monday,FINCH AND WESTON,Security,10,15,W,3213
31-Aug-20,112,12:11,Monday,KIPLING STATION,Operations - Operator,24,48,N,8422
31-Aug-20,102,12:25,Monday,MARKHAM AND PROGRESS,Collision - TTC,30,60,S,9237
31-Aug-20,24,13:03,Monday,VICTORIA PARK AND SHEP,Security,10,20,S,8591
31-Aug-20,83,13:41,Monday,LAKESHORE GARAGE,Cleaning,22,44,S,8496
31-Aug-20,20,14:26,Monday,MAIN STREET STATION,Operations - Operator,20,40,W,0
31-Aug-20,95,14:26,Monday,ELLESMERE STATION,Investigation,10,20,W,3414
31-Aug-20,36,14:36,Monday,FINCH WEST STATION,Mechanical,0,0,,9119
31-Aug-20,111,15:00,Monday,KIPLING STATION,Mechanical,16,31,W,7964
31-Aug-20,161,15:37,Monday,KENNEDY STATION,Mechanical,8,16,E,8866
31-Aug-20,89,15:39,Monday,BLOOR AND HIGH PARK,Collision - TTC,10,20,W,9019
31-Aug-20,73,15:46,Monday,ROYAL YORK STATION,Operations - Operator,25,50,N,7951
31-Aug-20,134,16:14,Monday,CENTENNIAL COLLEGE,Mechanical,6,14,W,1674
31-Aug-20,100,16:15,Monday,CONCORDE PLACE AND N O,Emergency Services,9,18,N,8802
31-Aug-20,89,16:47,Monday,WESTON AND ALBION,Mechanical,20,30,S,9045
31-Aug-20,36,16:49,Monday,HUMBERWOOD AND HUMBERL,Mechanical,7,14,N,9127
31-Aug-20,39,17:27,Monday,FINCH STATION,Cleaning,14,29,W,1534
31-Aug-20,12,18:01,Monday,VICTORIA PARK STN,Collision - TTC,11,23,,9217
31-Aug-20,24,18:09,Monday,VICTORIA PARK STATION,Collision - TTC,19,28,S,9232
31-Aug-20,63,18:19,Monday,LIBERTY AND ATLANTIC,Mechanical,10,20,W,1317
31-Aug-20,89,18:25,Monday,ALBION AND WESTON,General Delay,30,40,S,0
31-Aug-20,116,18:27,Monday,KINGSTON AND BELLAMY,Mechanical,24,48,W,8742
31-Aug-20,43,19:17,Monday,KENNEDY AND CARDWELL,Investigation,8,16,N,8864
31-Aug-20,54,19:45,Monday,STARSPRAY LOOP,Cleaning,15,31,E,8932
31-Aug-20,163,20:17,Monday,OSSINGTON STATION,Investigation,16,32,,8112
31-Aug-20,11,20:23,Monday,DAVISVILLE STATION,Utilized Off Route,24,42,S,1315
31-Aug-20,43,20:29,Monday,KENNEDY STN,Security,0,0,,8849
31-Aug-20,86,20:30,Monday,KENNEDY STATION,Cleaning,15,30,E,8685
31-Aug-20,73,20:35,Monday,ALBION AND KIPLING,Road Blocked - NON-TTC Collision,117,134,W,8025
31-Aug-20,11,20:54,Monday,BAYVEW AND SHEPPARD,Cleaning,19,56,N,8316
31-Aug-20,36,21:16,Monday,FINCH AND ALBION,Road Blocked - NON-TTC Collision,82,92,,0
31-Aug-20,900,21:27,Monday,KIPLING STATION,Operations - Operator,10,20,N,8412
31-Aug-20,165,21:33,Monday,WESTON AND BRADSTOCK,Collision - TTC,5,10,N,3219
31-Aug-20,104,21:37,Monday,WILSON STATION,Mechanical,8,16,,8134
31-Aug-20,53,21:40,Monday,STEELES AND BAYVIEW,Mechanical,19,38,W,1313
31-Aug-20,35,21:48,Monday,JANE AND LAWRENCE,Emergency Services,0,0,N,0
31-Aug-20,21,22:15,Monday,EGLINTON AND FALMOUTH,Investigation,20,40,E,3472
31-Aug-20,40,22:46,Monday,DUNDAS AND KIPLING,Road Block - Non-TTC Collision,79,104,W,0
31-Aug-20,116,00:05,Monday,KENNEDY STATION,Cleaning,21,31,E,8838
31-Aug-20,37,00:30,Monday,ISLINGTON STATION,Mechanical,30,60,N,8459
