Date,Route,Time,Day,Location,Incident,Min Delay,Min Gap,Direction,Vehicle
2021/10/01,65,02:09,Friday,PARLIAMENT AND BLOOR,Security,30,78,N,8489
2021/10/01,384,02:11,Friday,MEADOWVALE LOOP,Operations - Operator,10,0,W,0
2021/10/01,36,04:57,Friday,1351 ARROW RD,Mechanical,10,20,S,9110
2021/10/01,334,05:28,Friday,EGLINTON AND MIDLAND,Security,1,1,W,8649
2021/10/01,47,05:35,Friday,WILSON GARAGE,Operations - Operator,10,20,,0
2021/10/01,989,05:38,Friday,WILSON GARAGE,Operations - Operator,10,20,,0
2021/10/01,90,05:56,Friday,WILSON GARAGE,Operations - Operator,10,20,,0
2021/10/01,52,05:59,Friday,MARTIN GROVE AND THE W,Vision,50,0,E,8885
2021/10/01,109,06:06,Friday,WILSON GARAGE,Operations - Operator,10,20,,0
2021/10/01,960,06:11,Friday,WILSON GARAGE,Operations - Operator,10,20,,0
2021/10/01,105,06:13,Friday,SHEPPARD WEST STATION,Mechanical,20,20,N,8165
2021/10/01,989,06:14,Friday,WILSON GARAGE,Operations - Operator,10,20,,0
2021/10/01,47,06:21,Friday,QUEEN AND LANSDOWNE,Mechanical,10,20,,1383
2021/10/01,13,06:38,Friday,WILSON GARAGE,Operations - Operator,10,20,,0
2021/10/01,96,06:42,Friday,YORK MILLS STATION,Mechanical,17,35,S,3710
2021/10/01,925,06:49,Friday,WARDEN AND HUNTINGWOOD,Mechanical,9,18,,8688
2021/10/01,44,07:07,Friday,COLONEL SAMUEL SMITH L,Mechanical,5,11,N,8084
2021/10/01,43,07:08,Friday,KENNEDY AND STEELES,Diversion,900,910,N,0
2021/10/01,63,07:14,Friday,EGLINTON WEST STATION,Vision,8,15,S,8164
2021/10/01,927,07:22,Friday,KIPLING STATION,Operations - Operator,30,60,,0
2021/10/01,939,07:24,Friday,FINCH AND KENNEDY,Mechanical,8,15,E,3195
2021/10/01,160,08:05,Friday,BATHURST AND FINCH,Mechanical,20,40,S,8172
2021/10/01,944,08:08,Friday,COLONEL SAMUEL SMITH L,Mechanical,7,15,E,8444
2021/10/01,108,08:21,Friday,PIONEER VILLAGE STATIO,Diversion,124,126,N,3585
2021/10/01,41,08:42,Friday,KEELE STATION,Mechanical,7,14,,1204
2021/10/01,169,09:00,Friday,SCARBOROUGH CENTRE STA,Operations - Operator,30,60,S,1322
2021/10/01,89,09:01,Friday,WESTON AND WALSH,Mechanical,8,15,N,8179
2021/10/01,939,09:02,Friday,FINCH AND MIDLAND,Collision - TTC,4,8,W,3314
2021/10/01,11,09:06,Friday,BAYVIEW AND LAWRENCE,Diversion,50,61,N,0
2021/10/01,57,09:12,Friday,MIDLAND AND FINCH,Diversion,14,24,N,0
2021/10/01,54,09:15,Friday,PHARMACY AND LAWRENCE,Mechanical,10,20,S,8809
2021/10/01,,09:18,Friday,ST MICHEAL'S HOSPITAL,Utilized Off Route,7,15,,9207
2021/10/01,12,09:23,Friday,VICTORIA PARK STATION,Operations - Operator,24,48,,9223
2021/10/01,12,09:47,Friday,VICTORIA PARK STATION,Operations - Operator,24,48,N,8484
2021/10/01,24,09:49,Friday,VICTORIA PARK STATION,Operations - Operator,25,50,N,8960
2021/10/01,96,10:00,Friday,JANE AND WILSON,Operations - Operator,23,46,,8880
2021/10/01,937,10:16,Friday,QUEENSWAY GARAGE,Collision - TTC,0,0,,8440
2021/10/01,42,10:32,Friday,MCNICOLL AND BRIMLEY,Mechanical,10,20,N,3196
2021/10/01,29,11:02,Friday,EXHIBITION LOOP,Mechanical,8,15,,9029
2021/10/01,160,11:19,Friday,BATHURST AND FISHERVI,Security,28,53,S,8392
2021/10/01,902,11:22,Friday,CENTENIAL COLLEGE,Operations - Operator,15,30,,3409
2021/10/01,160,11:27,Friday,BATHURST AND FINCH,Diversion,28,53,S,8392
2021/10/01,25,11:42,Friday,OVERLEA AND MILLWOOD,Mechanical,10,20,S,8792
2021/10/01,7,11:42,Friday,BATHURST AND FISHERVIL,Diversion,28,37,,0
2021/10/01,76,12:08,Friday,ROYAL YORK STATION,Operations - Operator,11,22,N,8077
2021/10/01,41,12:14,Friday,KEELE STATION,Mechanical,9,18,S,1113
2021/10/01,52,12:28,Friday,WESTWOOD MALL,Operations - Operator,20,40,,3493
2021/10/01,66,12:36,Friday,OLD MILL STATION,Security,24,48,,8443
2021/10/01,97,12:38,Friday,YONGE AND YORK MILLS,Operations - Operator,30,60,S,8348
2021/10/01,108,12:40,Friday,PIONEER VILLAGE STATIO,Mechanical,20,40,S,3506
2021/10/01,939,13:00,Friday,ENTIRE ROUTE,General Delay,20,32,,0
2021/10/01,39,13:00,Friday,ENTIRE ROUTE,General Delay,25,43,,0
2021/10/01,52,13:08,Friday,WESTWOOD MALL,Operations - Operator,20,40,E,3598
2021/10/01,52,13:17,Friday,TOLINGTON AND MARTIN G,Operations - Operator,20,40,,8915
2021/10/01,91,13:17,Friday,WOODBINE STATION,Operations - Operator,25,50,,8747
2021/10/01,97,13:28,Friday,ENTIRE ROUTE,General Delay,30,60,,0
2021/10/01,36,13:29,Friday,FINCH AND ISLINGTON,Collision - TTC,5,10,W,9116
2021/10/01,56,13:35,Friday,EGLINTON STATION,Operations - Operator,25,50,,8673
2021/10/01,85,13:46,Friday,DON MILLS STATION,Operations - Operator,22,44,E,3454
2021/10/01,86,13:50,Friday,KENNEDY STATION,Operations - Operator,24,48,,1231
2021/10/01,85,14:08,Friday,DON MILLS STATION,Operations - Operator,22,44,W,1656
2021/10/01,939,14:25,Friday,FINCH STATION,Mechanical,9,18,W,3139
2021/10/01,927,14:29,Friday,HUMBER COLLEGE,Security,10,20,W,8887
2021/10/01,169,14:30,Friday,MCCOWAN AND SHEPPARD,Mechanical,30,60,S,1292
2021/10/01,34,14:31,Friday,EGLINTON AND VICTORIA,Collision - TTC,8,16,E,8795
2021/10/01,75,14:44,Friday,SHERBOURNE AND RICHMON,Cleaning - Unsanitary,8,15,N,8935
2021/10/01,,14:48,Friday,391 ALLIANCE AVE.,Emergency Services,0,0,,0
2021/10/01,85,14:58,Friday,SHEPPARD AND KENNEDY,Mechanical,8,16,W,1286
2021/10/01,32,15:04,Friday,EGLINTON AND GLENHOLME,Security,10,20,W,1412
2021/10/01,59,15:13,Friday,LAWRENCE WEST STATION,Operations - Operator,28,56,W,8142
2021/10/01,996,15:17,Friday,WILSON AND JANE,Collision - TTC,11,22,E,3361
2021/10/01,52,15:22,Friday,LAWRENCE WEST STATION,Operations - Operator,20,40,E,3626
2021/10/01,13,15:29,Friday,EGLINTON STATION,Held By,30,60,,8151
2021/10/01,52,15:30,Friday,LAWRENCE AND BATHURST,General Delay,0,0,,0
2021/10/01,7,15:30,Friday,BATHRUST AND DAVENPORT,General Delay,0,0,,0
2021/10/01,70,15:32,Friday,COXWELL STATION,Emergency Services,18,36,N,8503
2021/10/01,63,15:51,Friday,OSSINGTON AND QUEEN,Mechanical,8,16,N,1134
2021/10/01,37,15:51,Friday,ISLINGTON STATION,General Delay,46,56,S,1349
2021/10/01,39,15:57,Friday,FINCH STATION,Emergency Services,10,20,,3221
2021/10/01,75,16:03,Friday,SHERBOURNE AND DUNDAS,Security,8,15,S,8950
2021/10/01,47,16:13,Friday,LANSDOWNE AND QUEEN,Collision - TTC,6,12,S,8364
2021/10/01,87,16:15,Friday,COSBURN AND COXWELL,Cleaning - Unsanitary,7,14,E,8560
2021/10/01,60,16:26,Friday,STEELES AND KEELE,Mechanical,8,16,E,8133
2021/10/01,927,16:44,Friday,MARTINGROVE AND FINCH,Operations - Operator,10,20,N,3483
2021/10/01,13,16:57,Friday,EGLINTON STATION,Operations - Operator,30,60,,1384
2021/10/01,53,16:58,Friday,STEELES AND MIDLAND,Collision - TTC,6,12,W,3260
2021/10/01,,17:26,Friday,BROADVIEW STATION,Collision - TTC,0,0,,934
2021/10/01,165,17:27,Friday,WESTON AND LANYARD,Investigation,8,15,N,3530
2021/10/01,121,17:51,Friday,FRONT AND BAY,Operations - Operator,30,60,,0
2021/10/01,93,18:00,Friday,WOODBINE STATION,Operations - Operator,456,0,S,8629
2021/10/01,39,18:05,Friday,FINCH AND MILLIKEN,Collision - TTC,10,20,E,3221
2021/10/01,97,18:06,Friday,YONGE AND GERRARD,Collision - TTC,30,60,N,8331
2021/10/01,945,18:28,Friday,KIPLNIG AND STEELES,Cleaning - Unsanitary,14,24,S,3731
2021/10/01,40,18:36,Friday,DUNDAS AND MABELLE,Diversion,0,0,,8068
2021/10/01,985,18:53,Friday,MEADOWVALE LOOP,Emergency Services,10,20,,9070
2021/10/01,49,18:58,Friday,KIPLING STATION,Mechanical,15,30,W,8916
2021/10/01,127,19:02,Friday,DAVENPORT AND OSLER,Emergency Services,28,51,E,8023
2021/10/01,94,19:07,Friday,CASTLE FRANK STATION,Mechanical,8,16,,9235
2021/10/01,986,19:07,Friday,EGLINTON AND FALMOUTH,Mechanical,13,0,W,1534
2021/10/01,929,19:22,Friday,DUFFERIN AND DUFFERIN,Security,10,20,N,9031
2021/10/01,36,19:50,Friday,FINCH AND KIPLING,Diversion,443,448,,9136
2021/10/01,94,20:10,Friday,OSSINGTON STATION,Diversion,40,50,,0
2021/10/01,45,20:33,Friday,KIPLING AND WESTWAY,General Delay,0,0,,0
2021/10/01,86,20:42,Friday,EGLINTON AND MIDLAND,Diversion,216,226,E,0
2021/10/01,116,20:44,Friday,EGLINTON AND MILDAND,Diversion,215,224,,0
2021/10/01,20,20:48,Friday,EGLINTON AND MIDLAND,Diversion,204,227,,8497
2021/10/01,12,20:51,Friday,MIDLAND AND EGLINTON,Diversion,201,225,,8595
2021/10/01,57,21:01,Friday,MILDAND AND EGLINTON,Diversion,191,204,,3155
2021/10/01,165,21:41,Friday,WILSON AND JANE,Security,10,20,E,8910
2021/10/01,16,21:46,Friday,WARDEN STATION,Emergency Services,12,24,,8961
2021/10/01,929,21:49,Friday,DUFFERIN AND ST CLAIR,Cleaning - Unsanitary,10,20,S,9025
2021/10/01,118,22:11,Friday,THISTLE TOWN AND ALBIO,Emergency Services,22,44,N,8180
2021/10/01,52,22:24,Friday,LAWRENCE WEST STATION,Mechanical,13,26,W,3491
2021/10/01,85,22:41,Friday,SHEPPARD AND MARKHAM,Mechanical,20,40,W,1676
2021/10/01,20,00:09,Friday,KENNEDY STATION,Investigation,0,0,E,3271
2021/10/01,45,00:13,Friday,KIPLING AND KIDRON VAL,Security,9,19,S,1108
2021/10/02,302,02:00,Saturday,MCCOWAN AND STEELES,Operations - Operator,30,60,S,0
2021/10/02,300,02:00,Saturday,KENNEDY STATION,Operations - Operator,17,34,W,0
2021/10/02,300,02:10,Saturday,KIPLING STATION,Operations - Operator,17,34,E,0
2021/10/02,320,02:28,Saturday,YONGE AND QUEEN,Cleaning - Unsanitary,3,6,S,8340
2021/10/02,334,02:45,Saturday,EGLINTON AND YONGE,Operations - Operator,30,60,,0
2021/10/02,300,02:47,Saturday,PEARSON AIRPORT,Operations - Operator,17,34,E,0
2021/10/02,39,02:55,Saturday,OLD FINCH AND MORNINGV,Emergency Services,0,0,N,9092
2021/10/02,396,03:05,Saturday,ALBION AND GOLFDOWN,Security,30,60,N,3556
2021/10/02,,03:35,Saturday,MALVERN GARAGE,Emergency Services,0,0,,0
2021/10/02,35,04:27,Saturday,JANE STATION TO PIONEE,General Delay,20,27,,0
2021/10/02,320,05:07,Saturday,DUFFERIN AND RIMROCK,Collision - TTC,0,0,S,8144
2021/10/02,1,05:15,Saturday,YONGE AND ELMHURST,Operations - Operator,0,0,S,3183
2021/10/02,32,05:55,Saturday,EGLINTON AND KEELE,Mechanical,12,24,E,1397
2021/10/02,36,06:02,Saturday,FINCH STATION,Mechanical,10,20,W,3499
2021/10/02,35,06:21,Saturday,JANE AND HEATHROW,Mechanical,11,24,S,1008
2021/10/02,32,06:29,Saturday,EGLINTON AND WESTOVER,Mechanical,12,24,E,1379
2021/10/02,69,06:35,Saturday,WARDEN AND DANFROTH RO,Diversion,80,90,S,8583
2021/10/02,135,07:00,Saturday,DANFORTH ROAD AND WARD,Diversion,53,73,S,8522
2021/10/02,29,07:00,Saturday,PRINCES' GATE,Mechanical,9,18,S,9030
2021/10/02,52,07:11,Saturday,YONGE AND YONGE BLVD,Mechanical,21,36,E,3574
2021/10/02,52,07:15,Saturday,YONGE AND YONGE BLVD,Mechanical,21,36,S,3574
2021/10/02,60,07:15,Saturday,STEELES AND CONLEY,General Delay,15,30,W,8167
2021/10/02,24,07:20,Saturday,VICTORIA PARK AND CRAI,Mechanical,10,19,N,8964
2021/10/02,29,07:22,Saturday,PRINCESS AND CANADA,Mechanical,10,20,W,9054
2021/10/02,29,07:32,Saturday,PRINCESS BLVD AND NEWF,Mechanical,10,20,W,9144
2021/10/02,60,08:10,Saturday,1378 STEELES AVE W,Mechanical,10,20,W,8214
2021/10/02,102,08:22,Saturday,MARKHAM AND GREENCEDAR,Diversion,362,372,S,0
2021/10/02,32,08:30,Saturday,EMMIT AVE AND JANE,Diversion,52,96,E,1036
2021/10/02,43,08:42,Saturday,KENNEDY AND STEELES,Diversion,108,109,N,3242
2021/10/02,81,09:39,Saturday,THORNCLIFFE PARK,Mechanical,7,15,N,8708
2021/10/02,109,10:00,Saturday,LAWRENCE STATION,Operations - Operator,20,40,N,8136
2021/10/02,939,10:39,Saturday,SCARBOROUGH CENTRE STA,Mechanical,14,28,W,3187
2021/10/02,37,10:41,Saturday,ISLINGTON ADN DUNDAS,Mechanical,8,16,S,8067
2021/10/02,53,10:46,Saturday,STEELES AND MIDLAND,Operations - Operator,20,40,E,3131
2021/10/02,1,10:48,Saturday,LAWRENCE AND ALLEN,Mechanical,0,0,W,1145
2021/10/02,7,10:49,Saturday,BATHURST AND OLD FORES,Mechanical,9,18,N,9005
2021/10/02,77,10:57,Saturday,RUNNYMEDE STATION,Mechanical,24,24,E,8072
2021/10/02,53,11:19,Saturday,YONGE AND DREWRY,Mechanical,20,40,W,3169
2021/10/02,53,11:19,Saturday,YONGE AND DREWRY,Mechanical,20,40,W,3169
2021/10/02,97,11:40,Saturday,FINCH STATION,Operations - Operator,30,60,N,8183
2021/10/02,67,11:44,Saturday,PHARMACY AND COMSTOCK,Diversion,288,303,,8816
2021/10/02,96,11:46,Saturday,HUMBER LINE LOOP,Operations - Operator,20,40,W,3497
2021/10/02,96,12:00,Saturday,WILSON STATION,Operations - Operator,20,40,E,3347
2021/10/02,100,12:02,Saturday,FLEMMINGTON PARK,General Delay,15,24,,0
2021/10/02,929,12:10,Saturday,DUFFERIN AND ROGERS,Emergency Services,0,0,N,9031
2021/10/02,121,12:10,Saturday,CHERRY BEACH PARK,Operations - Operator,20,40,,9225
2021/10/02,54,12:30,Saturday,LAWRENCE RT STATION,Mechanical,16,32,E,8694
2021/10/02,123,12:31,Saturday,BROWNS LINE AND JELLIC,Emergency Services,10,20,S,8052
2021/10/02,36,12:32,Saturday,FINCH AND WESTON,Operations - Operator,0,0,W,3597
2021/10/02,64,12:34,Saturday,MAIN STREET STATION,Cleaning - Unsanitary,10,20,S,8946
2021/10/02,168,12:37,Saturday,AVON LOOP,Operations - Operator,22,33,E,1088
2021/10/02,52,12:43,Saturday,LAWRENCE AND ROYAL YOR,Mechanical,17,34,W,8911
2021/10/02,11,12:50,Saturday,BAYVIEW AND FINCH,Collision - TTC,30,60,N,8665
2021/10/02,120,12:58,Saturday,SHEPPARD AND NORTHOVER,Security,21,42,W,8903
2021/10/02,97,13:04,Saturday,DAVISVILLE STATION,General Delay,15,45,N,8140
2021/10/02,79,13:30,Saturday,RUNNYMEDE STATION,Operations - Operator,24,48,,1357
2021/10/02,8,13:30,Saturday,BROADVIEW STATION,Operations - Operator,30,30,,8781
2021/10/02,84,13:40,Saturday,SHEPPARD AND BATHURST,Investigation,7,13,E,3511
2021/10/02,53,13:41,Saturday,STEELES AND MIDLAND,General Delay,15,21,E,3115
2021/10/02,939,13:51,Saturday,FINCH AND SENECA,Mechanical,12,24,E,3225
2021/10/02,34,14:01,Saturday,EGLINTON BETWEEN YONGE,General Delay,30,45,,0
2021/10/02,12,14:02,Saturday,VICTORIA PARK STATION,Security,15,30,,8418
2021/10/02,96,14:14,Saturday,WILSON AND KEELE,Security,17,34,W,3590
2021/10/02,122,14:15,Saturday,YORK MILLS STATION,Operations - Operator,30,60,,3167
2021/10/02,85,14:16,Saturday,DON MILLS STATION,Operations - Operator,22,44,,1662
2021/10/02,57,14:18,Saturday,PASSMORE AND SLIVER ST,Mechanical,13,26,N,3178
2021/10/02,162,14:24,Saturday,LAWRENCE AND THE DONWA,Mechanical,30,60,W,8797
2021/10/02,64,14:32,Saturday,SOUTHWOOD DR AND GLEN,Security,10,20,S,8946
2021/10/02,41,14:33,Saturday,IAN MACDONALD AND CHIM,Mechanical,9,18,N,1258
2021/10/02,86,14:34,Saturday,TORONTO ZOO LOOP,Mechanical,0,0,,1351
2021/10/02,88,14:37,Saturday,ST CLAIR TO BAYVIEW,General Delay,25,40,,0
2021/10/02,34,14:42,Saturday,SLOAN AND EGLINTON (W,Collision - TTC,21,41,E,3755
2021/10/02,109,14:48,Saturday,LAWRENCE WEST STATION,Operations - Operator,20,40,,8213
2021/10/02,95,15:05,Saturday,YORK MILLS AND FENSIDE,Mechanical,0,0,E,3204
2021/10/02,189,15:05,Saturday,HIGH PARK STATION,Operations - Operator,25,50,,8431
2021/10/02,165,15:07,Saturday,WESTONA DN ALBION,Mechanical,8,17,E,3527
2021/10/02,60,15:19,Saturday,STEELES AND HILDA,General Delay,30,40,W,8163
2021/10/02,935,15:30,Saturday,FINCH AND JANE,General Delay,20,31,,0
2021/10/02,51,15:46,Saturday,LESLIE AND LESMILL,General Delay,15,39,N,3252
2021/10/02,52,15:47,Saturday,DIXON ADN ISLINGTON,General Delay,20,40,E,3529
2021/10/02,16,16:00,Saturday,SCARBOROUGH TOWN CENTE,Cleaning - Unsanitary,10,20,S,8609
2021/10/02,43,16:02,Saturday,PROGRESS AND KENNEDY,Diversion,135,150,W,3104
2021/10/02,102,16:09,Saturday,MARKHAM AND EGLINTON,Cleaning - Unsanitary,10,20,S,3410
2021/10/02,43,16:19,Saturday,PROGRESS AND WILLIAM K,Diversion,15,135,,0
2021/10/02,36,16:28,Saturday,FINCH WEST STATION,Security,4,9,,3700
2021/10/02,123,16:31,Saturday,SHERWAY GARDENS,Operations - Operator,20,40,N,8046
2021/10/02,46,16:37,Saturday,MATIN GROVE AND STEELE,Operations - Operator,20,40,N,8015
2021/10/02,46,16:37,Saturday,MARTIN GROVE AND STEEL,Operations - Operator,20,40,N,8015
2021/10/02,37,16:41,Saturday,ISLINGTON STATION,Mechanical,14,28,N,7960
2021/10/02,24,16:43,Saturday,VICTORIA PARK STATION,Mechanical,10,20,,9207
2021/10/02,24,16:45,Saturday,VICTORIA PARK STATION,Mechanical,10,20,N,9207
2021/10/02,16,17:32,Saturday,GALLOW WAY AND GUILDWO,Investigation,7,14,W,1322
2021/10/02,86,17:36,Saturday,MALVERN DIVISION,Operations - Operator,20,40,,1626
2021/10/02,134,18:02,Saturday,MALVERN GARAGE,Mechanical,28,56,N,1276
2021/10/02,91,18:08,Saturday,WOODBINE STATION,Operations - Operator,26,52,,8788
2021/10/02,9,18:17,Saturday,ST CLAIR AND KINGSTON,Mechanical,24,28,N,8961
2021/10/02,7,18:22,Saturday,BATHURST AND BROOKDALE,Collision - TTC,7,15,N,8111
2021/10/02,22,18:47,Saturday,COXWELL AND EARL HAIG,Collision - TTC,10,20,S,8593
2021/10/02,112,19:07,Saturday,DUNDAS AND SHORNCLIFFE,Mechanical,20,39,N,7978
2021/10/02,52,19:11,Saturday,LAWRENCE AND DEMARCO,Mechanical,9,17,W,3478
2021/10/02,75,19:18,Saturday,SHERBOURNE AND SHUTER,Diversion,0,0,,0
2021/10/02,16,19:30,Saturday,BRIMLEY AND DANFORTH,Mechanical,0,0,S,8570
2021/10/02,167,19:37,Saturday,PHARMACY AND FINCH,General Delay,30,60,S,3141
2021/10/02,36,19:41,Saturday,FINCH STATION,Mechanical,9,17,,3349
2021/10/02,97,19:57,Saturday,YONGE AND MANOR,Mechanical,30,60,S,8349
2021/10/02,73,20:35,Saturday,ROYAL YORK STATION,Operations - Operator,20,40,N,8076
2021/10/02,112,21:15,Saturday,KIPLING STATION,Mechanical,20,40,,7954
2021/10/02,73,21:22,Saturday,ROYAL YORK STATION,Security,20,40,,7952
2021/10/02,102,21:49,Saturday,MAKHAM AND LAWRENCE,Mechanical,10,20,S,3412
2021/10/02,34,21:53,Saturday,EGLINTON AND WARDEN,Mechanical,10,20,E,8669
2021/10/02,113,23:16,Saturday,KENNEDY STATION,Mechanical,30,60,E,9237
2021/10/02,108,23:35,Saturday,TUSCAN GATE AND SHEPPA,Mechanical,20,40,E,3369
2021/10/02,68,23:40,Saturday,WARDEN AND FINCH,General Delay,28,64,N,3273
2021/10/02,53,00:06,Saturday,FINCH STATION,Mechanical,0,0,,3254
2021/10/03,396,02:55,Sunday,WESTON AND ALBION,Security,30,60,S,3634
2021/10/03,85,06:11,Sunday,MEADOWVALE AND SHEPPAR,Mechanical,20,40,E,1219
2021/10/03,29,07:07,Sunday,WILSON STATION,Mechanical,10,20,N,9043
2021/10/03,165,07:56,Sunday,BARMAC AND STEELES,Mechanical,9,18,W,3541
2021/10/03,131,08:00,Sunday,MCLEVIN AND MARKHAM,Mechanical,26,52,W,1218
2021/10/03,29,08:17,Sunday,WILSON STATION,Mechanical,10,20,N,9028
2021/10/03,34,09:45,Sunday,EGLINTON STATION,Mechanical,12,24,,8676
2021/10/03,36,09:55,Sunday,FINCH AND JANE,Mechanical,7,13,E,8909
2021/10/03,108,10:07,Sunday,SHEPPARD WEST STATION,Operations - Operator,30,60,N,3510
2021/10/03,96,10:28,Sunday,WILSON AND JANE,Operations - Operator,20,40,,8889
2021/10/03,54,10:29,Sunday,LAWRENCE AND RODDA,Mechanical,8,16,E,8707
2021/10/03,42,10:29,Sunday,MCNICOLL AND HWY 404 -,Diversion,20,40,E,3113
2021/10/03,900,10:35,Sunday,HIGHWAY 427 AND HOLIDA,Collision - TTC,9,17,S,8011
2021/10/03,95,11:30,Sunday,UNIVERSITY OF TORONTO,Emergency Services,12,24,,1285
2021/10/03,121,11:32,Sunday,CHERRY AND MILL,Operations - Operator,20,38,E,8482
2021/10/03,53,11:53,Sunday,MCCOWAN AND STEELES,Emergency Services,8,15,W,3207
2021/10/03,68,11:58,Sunday,WARDEN AND FINCH,Mechanical,11,22,N,3158
2021/10/03,95,12:10,Sunday,MILITARY TRAIL LOOP,Mechanical,12,24,W,1285
2021/10/03,36,12:17,Sunday,HUNBERWOOD LOOP AND GR,Mechanical,5,10,W,3534
2021/10/03,42,12:20,Sunday,CUMMER AND YONGE,Mechanical,20,40,E,3253
2021/10/03,36,12:38,Sunday,FINCH WEST STATION,Mechanical,5,10,W,8909
2021/10/03,63,12:40,Sunday,QUEEN AND SHAW,Collision - TTC,12,24,N,8212
2021/10/03,95,12:46,Sunday,YORK MILLS AND CEDARWO,Mechanical,15,30,E,1662
2021/10/03,95,12:49,Sunday,YORK MILLS AND CEDARWO,Mechanical,15,30,E,1662
2021/10/03,90,13:06,Sunday,ST CLAIR WEST STATION,Operations - Operator,12,24,W,8167
2021/10/03,17,13:22,Sunday,BIRCHMOUNT AND COMSTOC,Collision - TTC,18,36,N,3107
2021/10/03,68,13:46,Sunday,83 MILIKEN BLVD,Mechanical,11,22,S,3154
2021/10/03,108,14:14,Sunday,PIONEER VILLAGE STATIO,Operations - Operator,22,44,,3522
2021/10/03,32,14:19,Sunday,EGLINTON AND JANE,Mechanical,12,24,W,1045
2021/10/03,68,14:26,Sunday,ST CLAIR AND WARDEN,Diversion,25,36,,3101
2021/10/03,123,14:34,Sunday,QUEENSWAY AND NORTH QU,Collision - TTC,20,40,S,7968
2021/10/03,86,14:50,Sunday,KENNEDY STATION,Cleaning - Unsanitary,9,17,E,3649
2021/10/03,102,15:03,Sunday,MARKHAM AND EGLINTON,Security,10,20,N,3405
2021/10/03,116,15:03,Sunday,MORNINGSIDE AND SHEPPA,Security,7,13,S,1331
2021/10/03,38,15:31,Sunday,SCARBOROUGH TOWN CENTR,Mechanical,12,24,E,3473
2021/10/03,68,15:43,Sunday,WARDEN AND GLEN SPRING,Mechanical,22,33,N,3321
2021/10/03,25,15:44,Sunday,OVERLEA AND WILLIAM MO,Collision - TTC,10,20,W,8685
2021/10/03,72,16:04,Sunday,PAPE STATION,Operations - Operator,11,22,,8533
2021/10/03,97,16:12,Sunday,YORK MILLS STATION,Operations - Operator,30,60,,8392
2021/10/03,123,16:34,Sunday,LONGBRANCH LOOP,Operations - Operator,20,0,N,8000
2021/10/03,101,16:50,Sunday,NO LOCATION,Operations - Operator,20,40,,8135
2021/10/03,29,17:02,Sunday,DUFFERIN AND LAWRENCE,Operations - Operator,8,16,S,9027
2021/10/03,985,17:02,Sunday,DON MILLS STATION,General Delay,22,0,E,9071
2021/10/03,36,17:35,Sunday,FINCH AND ARDWICK,Mechanical,5,10,,3595
2021/10/03,68,17:49,Sunday,WARDEN STATION TO STEE,General Delay,25,35,,0
2021/10/03,130,17:49,Sunday,MILNER AND MARKHAM,Mechanical,30,60,W,1292
2021/10/03,45,18:10,Sunday,KIPLING STATION,Operations - Operator,10,0,N,1126
2021/10/03,75,18:48,Sunday,SHERBOURNE AND BLOOR,Security,20,40,N,8491
2021/10/03,23,18:53,Sunday,MAIN AND DANFORTH,Security,15,30,S,8566
2021/10/03,165,19:18,Sunday,ALBION AND ELMHURST,Operations - Operator,10,20,S,3480
2021/10/03,43,19:29,Sunday,KENNEDY AND STEELES,Diversion,0,0,N,0
2021/10/03,110,19:30,Sunday,ISLINGTON STATION,Operations - Operator,30,60,S,8430
2021/10/03,7,20:17,Sunday,BATHURST AND CARIBOU,Mechanical,10,20,N,8380
2021/10/03,72,20:29,Sunday,PAPE STATION,Mechanical,18,36,S,8945
2021/10/03,36,20:31,Sunday,FINCH AND WESTMORE,Diversion,379,386,W,3485
2021/10/03,94,20:37,Sunday,WELLESLEY AND SHERBOUR,Security,9,18,E,8479
2021/10/03,86,20:44,Sunday,KINGSTON AND LAWRENCE,Cleaning - Unsanitary,10,20,E,1257
2021/10/03,37,20:49,Sunday,ISLINGTON STATION,Utilized Off Route,24,49,N,8067
2021/10/03,50,20:53,Sunday,ISLINGTON STATION,Mechanical,30,60,W,8072
2021/10/03,927,21:08,Sunday,FINCH AND HIGHWAY 27,Diversion,342,352,,0
2021/10/03,124,21:32,Sunday,SUNNYBROOK HOSPITAL,Vision,20,40,E,8164
2021/10/03,49,21:51,Sunday,BLOOR BETWEEN MILL RD,Diversion,151,181,,8094
2021/10/03,76,22:36,Sunday,ROYAL YORK STATION,Cleaning - Unsanitary,8,17,,8022
2021/10/03,84,23:21,Sunday,SHEPPARD AND ARROW ROA,General Delay,10,20,E,3531
2021/10/03,130,23:33,Sunday,SEWELLS AND EMPRINGHAM,Mechanical,30,60,W,3427
2021/10/03,35,00:20,Sunday,JANE STATION,Mechanical,10,20,,1038
2021/10/03,46,01:30,Sunday,KIPLING STATION,Operations - Operator,30,0,N,8454
2021/10/04,307,03:39,Monday,BATHURST AND ST CLAIR,General Delay,30,60,S,9015
2021/10/04,45,04:10,Monday,WESTON AND JANE,Collision - TTC,12,24,N,1409
2021/10/04,334,04:29,Monday,EGLINTON AND REDPATH,Investigation,30,60,E,8678
2021/10/04,320,04:35,Monday,STEELES LOOP,Emergency Services,0,0,E,8326
2021/10/04,35,05:03,Monday,JANE STATION,Mechanical,9,18,N,1027
2021/10/04,34,05:25,Monday,LAWRENCE AND ASTERFIEL,Emergency Services,0,0,W,8760
2021/10/04,29,05:30,Monday,INDUSTRY AND RAY,Mechanical,6,9,S,9029
2021/10/04,52,05:36,Monday,LAWRENCE AND CULFORD,Security,32,42,E,3530
2021/10/04,77,05:39,Monday,QUEENSWAY GARAGE,Collision - TTC,0,0,,8000
2021/10/04,161,05:52,Monday,ST CLAIR AND OLD WESTO,Mechanical,9,18,N,3746
2021/10/04,42,06:19,Monday,MCNICOLL AND VICTORIA,Mechanical,12,24,W,3269
2021/10/04,84,06:56,Monday,SHEPPARD STATION,Mechanical,9,20,W,3706
2021/10/04,32,06:57,Monday,EGLINTON AND JANE,Mechanical,5,10,E,1422
2021/10/04,41,07:07,Monday,PIONEER VILLAGE STATIO,Diversion,20,27,,0
2021/10/04,952,07:15,Monday,PEARSON AIRPORT TERMIN,Security,11,22,,3496
2021/10/04,32,07:27,Monday,EMMETT AND VERONA,Mechanical,12,24,W,1258
2021/10/04,960,07:36,Monday,ALBION AND KIPLING,Operations - Operator,8,16,E,8183
2021/10/04,92,08:07,Monday,QUEEN AND WOODBINE,Mechanical,8,16,S,8964
2021/10/04,36,08:08,Monday,TANGEIRS AND FINCH,Collision - TTC,5,9,,9138
2021/10/04,88,08:11,Monday,BAYVIEW AND MOORE,Diversion,101,103,N,8723
2021/10/04,35,08:20,Monday,JANE STATION,Mechanical,9,18,N,1029
2021/10/04,7,08:28,Monday,BATHURST AND ANTIBES,Mechanical,9,19,S,9008
2021/10/04,87,08:30,Monday,COSBURN AND MAIN,Mechanical,6,12,W,8571
2021/10/04,86,08:55,Monday,EGLINTON AND KENNEDY,Operations - Operator,29,29,E,1210
2021/10/04,36,09:00,Monday,FINCH AND JANE,General Delay,0,0,,0
2021/10/04,47,09:15,Monday,YORKDALE MALL,Operations - Operator,21,39,,8328
2021/10/04,7,10:26,Monday,BATHURST AND WILSON,Mechanical,9,19,N,9000
2021/10/04,995,10:30,Monday,ELLESMERE AND MCCOWAN,Emergency Services,0,0,E,1606
2021/10/04,99,10:30,Monday,FINCH WEST AND ARROW,General Delay,15,30,E,3618
2021/10/04,29,10:36,Monday,DUFFERIN AND EGLINTON,Vision,8,15,S,9032
2021/10/04,84,11:02,Monday,SHEPPARD AVE W AND TUS,Emergency Services,8,16,W,3600
2021/10/04,109,11:21,Monday,LAWRENCE WEST STATION,Mechanical,20,40,N,8345
2021/10/04,935,11:25,Monday,JANE STATION,Security,12,24,N,1059
2021/10/04,29,11:36,Monday,CANADA AND PRINCESS,Emergency Services,8,16,N,9040
2021/10/04,12,11:44,Monday,VICTORIA PARK STATION,Operations - Operator,25,50,,9205
2021/10/04,102,11:46,Monday,MARKHAM AND ORCHID PLA,Collision - TTC,10,20,S,3409
2021/10/04,11,11:50,Monday,CUMMER AND BAYVIEW,Road Blocked - NON-TTC Collision,13,26,N,8810
2021/10/04,168,11:54,Monday,WESTON AND ROGERS,Security,11,22,E,1001
2021/10/04,,12:17,Monday,LAWRENCE AND WESTON,Collision - TTC,0,0,,1138
2021/10/04,42,12:23,Monday,CUMMER AND BAYVIEW,Road Blocked - NON-TTC Collision,132,142,,0
2021/10/04,123,12:34,Monday,KIPLING STATION,Operations - Operator,20,40,N,7920
2021/10/04,11,12:47,Monday,BAYVIEW AND CUMMER,Road Blocked - NON-TTC Collision,118,127,,0
2021/10/04,9,13:02,Monday,WARDEN STATION,Operations - Operator,26,52,,8415
2021/10/04,123,13:08,Monday,KIPLING STATION,Mechanical,20,40,S,8450
2021/10/04,85,13:09,Monday,LESLIE AND SHEPPARD,General Delay,22,44,E,3456
2021/10/04,36,13:10,Monday,FINCH WEST STATION,Operations - Operator,5,10,W,9109
2021/10/04,91,13:25,Monday,WOODBINE STATION,Operations - Operator,25,50,S,8675
2021/10/04,39,13:31,Monday,FINCH AND MARKHAM,Mechanical,16,32,W,3329
2021/10/04,905,13:47,Monday,EGLIINTON AND MARKHAM,Cleaning - Unsanitary,7,14,W,8579
2021/10/04,113,13:50,Monday,KENNEDY STATION,Collision - TTC,23,46,E,8402
2021/10/04,112,13:53,Monday,KIPLING STATION,Operations - Operator,24,48,,7924
2021/10/04,12,13:54,Monday,KINGSTON AND MIDLAND,Mechanical,25,50,N,9236
2021/10/04,107,14:00,Monday,ENTIRE ROUTE,General Delay,25,35,,0
2021/10/04,,14:06,Monday,LAKESHORE GARAGE,Emergency Services,0,0,,0
2021/10/04,96,14:07,Monday,WILSON STATION,Operations - Operator,213,46,,3514
2021/10/04,96,14:07,Monday,WILSON STATION,Operations - Operator,23,46,W,3514
2021/10/04,84,14:08,Monday,SHEPPARD AND ALLEN,Diversion,0,0,E,3365
2021/10/04,165,14:15,Monday,WESTON AND FINCH,Investigation,11,22,S,3360
2021/10/04,102,14:22,Monday,WARDEN STATION,Mechanical,12,24,,3406
2021/10/04,86,14:23,Monday,KINGSTON RD AND CELEST,Mechanical,6,12,W,1614
2021/10/04,97,14:30,Monday,ENTIRE ROUTE,General Delay,20,50,,0
2021/10/04,67,14:35,Monday,VICTORIA PARK STATION,Mechanical,15,30,S,3751
2021/10/04,985,14:47,Monday,SHEPPARD AND PHARMACY,Mechanical,12,24,W,9065
2021/10/04,97,15:00,Monday,SHEPPARD AND ALLEN,General Delay,0,0,,0
2021/10/04,106,15:00,Monday,SHEPPARD AND ALLEN,General Delay,0,0,,0
2021/10/04,84,15:06,Monday,ARROW GARAGE,Mechanical,30,60,,3547
2021/10/04,108,15:08,Monday,SHEPPARD AND ALLEN,Diversion,87,114,,0
2021/10/04,924,15:10,Monday,VICTORIA PARK AND ELLE,Mechanical,10,20,N,9228
2021/10/04,84,15:15,Monday,SHEPPARD AND ALLEN,Diversion,0,0,,0
2021/10/04,7,15:24,Monday,BATHURST AND WILSON,Operations - Operator,8,16,N,9018
2021/10/04,84,15:29,Monday,SHEPPARD AND JANE,Operations - Operator,8,16,E,3565
2021/10/04,36,15:37,Monday,FINCH WEST STATION,Mechanical,5,9,E,9117
2021/10/04,45,15:44,Monday,KIPLING STATION,Operations - Operator,16,32,N,0
2021/10/04,93,15:45,Monday,FINCH STATION,Operations - Operator,6,16,E,3250
2021/10/04,73,15:56,Monday,ALBION AND CLAIREPORT,Mechanical,25,50,N,8076
2021/10/04,87,16:09,Monday,MAIN STREET STATION,Mechanical,6,12,W,8592
2021/10/04,25,16:13,Monday,DON MILLS STATION,Operations - Operator,6,11,S,8772
2021/10/04,952,16:14,Monday,LAWRENCE AND CULFORD,Mechanical,13,25,E,3352
2021/10/04,161,16:56,Monday,WESTON AND ROGERS,Collision - TTC,13,26,N,1402
2021/10/04,96,16:59,Monday,WILSON AND JANE,Operations - Operator,21,42,S,3593
2021/10/04,82,17:00,Monday,ROSEDALE STATION,Operations - Operator,20,40,,8493
2021/10/04,7,17:05,Monday,BATHURST AND LAWRENCE,Mechanical,8,16,N,9000
2021/10/04,47,17:06,Monday,YORKDALE STATION,Operations - Operator,24,48,,8153
2021/10/04,924,17:15,Monday,VICTORIA PARK LOOP,Mechanical,9,18,N,8558
2021/10/04,952,17:15,Monday,DIXON AND KELFIELD,Operations - Operator,12,25,E,3355
2021/10/04,944,17:24,Monday,COLONEL SAMUEL SMITH P,Mechanical,9,18,W,7971
2021/10/04,127,17:33,Monday,SPADINA STATION,Mechanical,23,46,W,8052
2021/10/04,59,17:33,Monday,LAWRENCE WEST STATION,Mechanical,14,28,E,8315
2021/10/04,168,17:40,Monday,WESTON AND ROGERS,Collision - TTC,7,14,,1205
2021/10/04,96,17:40,Monday,ALBION AND HWY 27 (CAR,Mechanical,17,34,,3363
2021/10/04,52,17:46,Monday,BRAECREST AND WESTWAY,Mechanical,12,24,W,3701
2021/10/04,161,17:48,Monday,AVON LOOP,Collision - TTC,13,26,,1264
2021/10/04,121,17:51,Monday,FRONT AND BAY,Operations - Operator,30,60,,8495
2021/10/04,999,17:58,Monday,EGLINTON DIVISION,Emergency Services,0,0,,0
2021/10/04,97,18:00,Monday,YONGE AND STEELES,General Delay,0,0,,0
2021/10/04,77,18:14,Monday,RUNNYMEDE STATION,Cleaning - Unsanitary,14,28,S,7973
2021/10/04,47,18:23,Monday,MACDONELL AND QUEEN,Mechanical,12,24,N,8146
2021/10/04,57,18:31,Monday,KENNEDY STATION,Collision - TTC,15,30,N,3110
2021/10/04,69,18:40,Monday,WARDEN AVE (S OF WARDE,Mechanical,20,40,S,8532
2021/10/04,132,18:55,Monday,MILNER AND NEILSON,Mechanical,10,20,W,1252
2021/10/04,36,18:56,Monday,HUMBERWOOD LOOP,Operations - Operator,9,18,,0
2021/10/04,102,19:05,Monday,WARDEN STATION,Utilized Off Route,27,54,N,3653
2021/10/04,113,19:07,Monday,KENNEDY AND EGLINTON,General Delay,24,22,,9237
2021/10/04,86,19:14,Monday,KENNEDY STATION,Operations - Operator,10,20,E,1251
2021/10/04,113,19:20,Monday,DANFORTH AND DANFORTH,Cleaning - Unsanitary,18,34,E,8515
2021/10/04,929,19:31,Monday,WILSON STATION,Mechanical,10,20,N,9052
2021/10/04,86,19:37,Monday,MEADOWVALE LOOP,Operations - Operator,10,20,W,1213
2021/10/04,63,19:53,Monday,OAKWOOD AT ST CLAIR,Emergency Services,8,16,N,8327
2021/10/04,75,20:06,Monday,SHERBOURNE AND BLOOR,Operations - Operator,20,12,N,9211
2021/10/04,90,20:07,Monday,BATHURST AND ST CLAIR,Mechanical,9,18,N,1027
2021/10/04,25,20:10,Monday,DON MILLS AND DEERFORD,Security,9,18,N,8817
2021/10/04,71,20:21,Monday,INDUSTRY AND MT DENNIS,Mechanical,13,26,S,8455
2021/10/04,90,20:22,Monday,ST CLAIR WEST STATION,Mechanical,8,16,N,8154
2021/10/04,68,20:37,Monday,WARDEN AND STEELES,Mechanical,12,24,S,3232
2021/10/04,85,20:42,Monday,SHEPPARD AND KENNEDY,Mechanical,17,61,W,3465
2021/10/04,927,20:45,Monday,STEELES AND MARTIN GRO,Operations - Operator,14,28,S,3558
2021/10/04,67,21:00,Monday,VICTORIA PARK STATION,Diversion,24,48,N,8723
2021/10/04,26,21:02,Monday,JANE STATION,Operations - Operator,30,60,E,8055
2021/10/04,168,21:16,Monday,DAVENPORT AND LAUGHTON,Security,11,22,W,1079
2021/10/04,52,21:58,Monday,LAWRENCE STATION,Vision,13,36,W,3582
2021/10/04,12,22:07,Monday,VICTORIA PARK STATION,Mechanical,22,44,W,8583
2021/10/04,26,22:55,Monday,JANE STATION,Operations - Operator,30,60,E,8055
2021/10/04,60,23:27,Monday,PIONEER VILLAGE STATIO,Mechanical,8,16,E,8305
2021/10/04,95,23:30,Monday,YORK MILLS STATION,General Delay,10,20,E,3120
2021/10/04,129,00:31,Monday,MCCOWAN AND STEELES,Cleaning - Unsanitary,11,22,S,3340
2021/10/04,396,01:45,Monday,YORK MILLS STATION,Operations - Operator,20,40,W,3574
2021/10/04,396,01:45,Monday,STEELES AND MARTIN GRO,Operations - Operator,30,60,E,3558
2021/10/04,320,01:45,Monday,ST CLAIR STATION,Operations - Operator,4,7,,0
2021/10/05,300,02:50,Tuesday,BLOOR AND YONGE,Security,17,34,W,8523
2021/10/05,97,03:03,Tuesday,WILSON GARAGE,Operations - Operator,10,20,,0
2021/10/05,999,04:32,Tuesday,ARROW GARAGE,Mechanical,0,0,,0
2021/10/05,320,05:18,Tuesday,YONGE AND QUEENS QUAY,Security,0,0,N,3293
2021/10/05,52,05:22,Tuesday,THE WEST WAY AND MARTI,Mechanical,24,41,E,3704
2021/10/05,105,05:36,Tuesday,WILSON STATION,Operations - Operator,10,20,,0
2021/10/05,60,05:46,Tuesday,STEELES WEST AND MARKB,Collision - TTC,8,16,E,8319
2021/10/05,57,05:53,Tuesday,MIDLAND AND STEELES,Operations - Operator,9,18,N,3174
2021/10/05,7,06:27,Tuesday,BATHURST AND LAWRENCE,Mechanical,11,20,N,9000
2021/10/05,87,06:31,Tuesday,MAIN STATION,Security,6,12,,9207
2021/10/05,86,07:00,Tuesday,KENNDY STATION,Mechanical,10,20,E,1231
2021/10/05,935,07:07,Tuesday,JANE AND SHORHAM,Collision - TTC,12,24,N,1060
2021/10/05,73,07:52,Tuesday,WESTON AND OAK,Mechanical,17,36,N,8040
2021/10/05,28,08:02,Tuesday,BRICKWORKS AND DON VAL,Mechanical,16,32,N,3735
2021/10/05,15,08:15,Tuesday,RATHBURN AND MILL,Mechanical,30,60,E,7920
2021/10/05,123,08:19,Tuesday,SHERWAY GARDENS,Mechanical,18,35,E,8044
2021/10/05,927,08:27,Tuesday,SILVER STONE AND FINCH,Collision - TTC,10,20,E,8917
2021/10/05,23,08:33,Tuesday,DAWES AND CRESCENT TOW,Security,8,15,,8589
2021/10/05,43,08:50,Tuesday,KENNEDY STATION,Mechanical,10,20,N,3312
2021/10/05,12,09:23,Tuesday,VICTORIA PARK STATION,Operations - Operator,24,48,W,8947
2021/10/05,121,09:32,Tuesday,FRONT AND BAY,Operations - Operator,30,60,N,8922
2021/10/05,84,09:47,Tuesday,WESTON AND BRADSTOCK,Mechanical,8,16,W,3516
2021/10/05,109,10:01,Tuesday,LAWRENCE WEST STATION,Operations - Operator,20,40,,8342
2021/10/05,123,10:06,Tuesday,KIPLING STATION,Operations - Operator,21,42,E,7965
2021/10/05,17,10:16,Tuesday,BIRCHMOUNT AND MCNICOL,Diversion,17,35,S,0
2021/10/05,73,10:29,Tuesday,ROYAL YORK AND TREEHOR,Mechanical,17,34,S,8050
2021/10/05,52,10:31,Tuesday,LAWRENCE AND RALPH,Operations - Operator,20,40,,3569
2021/10/05,36,10:35,Tuesday,FINCH WEST STATION,Operations - Operator,5,10,,3598
2021/10/05,66,10:42,Tuesday,OLD MILL STATION,Cleaning - Unsanitary,24,48,S,8449
2021/10/05,52,11:08,Tuesday,DIXON AND CARLINGVIEW,Emergency Services,21,30,E,3512
2021/10/05,108,11:16,Tuesday,SHEPPARD WEST STATION,Mechanical,20,40,N,3542
2021/10/05,7,11:24,Tuesday,BATHURST AND GREENWIN,Security,9,18,W,9015
2021/10/05,29,11:50,Tuesday,WILSON STATION,Mechanical,9,18,N,9052
2021/10/05,91,12:26,Tuesday,WOODBINE STATION,Operations - Operator,25,50,N,8705
2021/10/05,900,12:30,Tuesday,PEARSON AIRPORT TERMIN,Mechanical,10,20,S,8008
2021/10/05,40,12:57,Tuesday,DUNDAS AND MAVETY,Collision - TTC,20,40,W,8055
2021/10/05,16,13:05,Tuesday,DANFORTH AND EGLINTON,Security,13,26,S,8601
2021/10/05,40,13:11,Tuesday,KIPLING STATION,Cleaning - Unsanitary,20,40,,8063
2021/10/05,123,13:29,Tuesday,SHORNCLIFFE AND NEWBRI,Operations - Operator,21,42,S,7969
2021/10/05,24,13:30,Tuesday,VICTORIA PARK STATION,Operations - Operator,10,20,S,8868
2021/10/05,34,13:38,Tuesday,EGLINTON AND LEBOVIC,Cleaning - Unsanitary,15,30,E,8793
2021/10/05,84,13:39,Tuesday,SHEPPARD AND BATHURST,Mechanical,8,16,E,3619
2021/10/05,39,14:00,Tuesday,FINCH AND YONGE,General Delay,0,0,,0
2021/10/05,97,14:00,Tuesday,YONGE AND STEELES,General Delay,0,0,,0
2021/10/05,39,14:11,Tuesday,FINCH STATION,Mechanical,16,32,E,3241
2021/10/05,960,14:16,Tuesday,PIONEER VILLAGE STATIO,Mechanical,6,12,E,3164
2021/10/05,600,14:45,Tuesday,MOUNT DENNIS GARAGE,Operations - Operator,0,0,,0
2021/10/05,52,14:56,Tuesday,LAWRENCE STATION,Operations - Operator,24,48,,3493
2021/10/05,72,15:13,Tuesday,PAPE STATION,Mechanical,10,20,W,8867
2021/10/05,90,15:13,Tuesday,WILSON GARAGE,Operations - Operator,5,10,,8171
2021/10/05,905,15:15,Tuesday,KINGSTON AND LAWRENCE,Mechanical,8,16,W,8569
2021/10/05,36,15:16,Tuesday,ALBION AND HIGHWAY 27,Mechanical,6,12,E,8918
2021/10/05,116,15:17,Tuesday,KINGSTON AND SAUNDERS,Collision - TTC,7,14,W,1216
2021/10/05,97,15:45,Tuesday,DAVISVILLE STATION,Operations - Operator,30,60,N,8132
2021/10/05,169,15:48,Tuesday,DON MILLS STATION,Mechanical,24,2,,1228
2021/10/05,984,15:54,Tuesday,SHEPPARD WEST STATION,Investigation,9,18,E,3344
2021/10/05,98,16:07,Tuesday,SHEPPARD STATION,Operations - Operator,20,40,,8381
2021/10/05,12,16:26,Tuesday,VICTORIA PARK STATION,Operations - Operator,30,60,,0
2021/10/05,98,16:30,Tuesday,SHEPPARD AND SENLAC,Diversion,119,121,W,0
2021/10/05,86,16:37,Tuesday,EGLINTON AND TORRANCE,Security,15,30,E,3642
2021/10/05,66,16:37,Tuesday,MARINE PARADE DR,Mechanical,14,28,S,8442
2021/10/05,43,16:45,Tuesday,KENNEDY AND MCNICOLL,Cleaning - Unsanitary,10,20,N,3245
2021/10/05,29,16:47,Tuesday,CANADA AND PRINCES',Mechanical,8,16,N,9141
2021/10/05,939,16:52,Tuesday,FINCH AND KENNEDY,Operations - Operator,6,16,E,3139
2021/10/05,130,16:54,Tuesday,ENTIRE ROUTE,General Delay,32,48,,0
2021/10/05,96,16:59,Tuesday,WILSON AND JANE,Operations - Operator,23,46,,8880
2021/10/05,52,16:59,Tuesday,LAWRENCE AND JANE,Mechanical,14,30,W,3709
2021/10/05,102,17:11,Tuesday,MARKHAM AND SHEPPARD,Operations - Operator,10,20,S,3435
2021/10/05,937,17:14,Tuesday,ISLINGTON AND MONOGRAM,Collision - TTC,12,25,N,8077
2021/10/05,84,17:14,Tuesday,SHEPPARD AND ARROW ROA,Operations - Operator,8,16,W,3353
2021/10/05,36,17:15,Tuesday,FINCH STATION,Operations - Operator,8,16,W,3519
2021/10/05,47,17:23,Tuesday,LANSDOWNE AND ST CLAIR,Mechanical,24,48,N,8127
2021/10/05,111,17:29,Tuesday,THE EAST MALL AND GIBB,Diversion,486,497,B,7910
2021/10/05,25,17:38,Tuesday,DON MILLS AND LAWRENCE,Mechanical,6,11,N,8712
2021/10/05,952,17:46,Tuesday,LAWRENCE WEST STATION,Emergency Services,14,25,W,3558
2021/10/05,,18:03,Tuesday,CASTLE FRANK STATION,Emergency Services,0,0,,0
2021/10/05,36,18:04,Tuesday,FINCH AND JAYZEL,Mechanical,6,12,E,8891
2021/10/05,96,18:26,Tuesday,WILSON STATION,Emergency Services,23,46,E,3577
2021/10/05,952,18:27,Tuesday,DIXON AND ROYAL YORK,Diversion,81,92,E,3598
2021/10/05,96,18:33,Tuesday,WILSON AND JANE,Operations - Operator,23,46,,3563
2021/10/05,600,18:34,Tuesday,MOUNT DENNIS GARAGE,Operations - Operator,0,0,,0
2021/10/05,80,18:41,Tuesday,KEELE STATION,Vision,24,48,W,8073
2021/10/05,925,18:53,Tuesday,PAPE STATION,Mechanical,9,18,N,8855
2021/10/05,21,19:39,Tuesday,BRIMLEY AND HUNTINGWOO,Road Blocked - NON-TTC Collision,37,53,N,3649
2021/10/05,35,19:46,Tuesday,JANE STATION,Emergency Services,0,0,N,1021
2021/10/05,165,19:50,Tuesday,BARMAC AND STEELES,Mechanical,10,20,E,3549
2021/10/05,97,20:55,Tuesday,YONGE AND YORK MILLS,Operations - Operator,15,30,S,8132
2021/10/05,165,21:09,Tuesday,WILSON STATION,Security,10,20,E,3476
2021/10/05,84,21:16,Tuesday,SHEPPARD AND BANTING,Operations - Operator,15,30,E,3561
2021/10/05,905,21:20,Tuesday,KINGSTON AND SCARBOROU,Emergency Services,11,22,E,9239
2021/10/05,35,21:25,Tuesday,JANE AND FINCH,General Delay,0,0,,0
2021/10/05,25,22:22,Tuesday,DON MILLS AND FRESHMEA,Operations - Operator,9,18,N,8857
2021/10/05,36,22:26,Tuesday,HUMBERWOOD LOOP,Cleaning - Unsanitary,10,20,,9124
2021/10/05,87,22:57,Tuesday,MAIN STREET STATION,Mechanical,11,22,W,8564
2021/10/05,11,23:00,Tuesday,BAYVIEW AND OLD COLONY,Diversion,152,172,N,8648
2021/10/05,60,00:30,Tuesday,STEELES AND MARTIN GRO,Emergency Services,10,20,E,8139
2021/10/05,85,00:48,Tuesday,SHEPPARD AND IDAGROVE,Cleaning - Unsanitary,20,40,E,3650
2021/10/05,29,00:50,Tuesday,CANADA AND PRINCES',Cleaning - Unsanitary,10,20,S,9039
2021/10/05,300,01:26,Tuesday,THE EAST MALL AND GIBB,Diversion,34,44,,7975
2021/10/06,300,02:00,Wednesday,THE EAST MALL AND BLOO,Diversion,229,259,W,7975
2021/10/06,29,02:22,Wednesday,DUFFERIN AND DUPONT,Emergency Services,28,0,N,9053
2021/10/06,34,02:39,Wednesday,YONGE AND QUEENS QUAY,Utilized Off Route,3,6,S,8840
2021/10/06,41,04:40,Wednesday,JANE AND WILSON,Mechanical,10,10,N,1111
2021/10/06,53,04:47,Wednesday,AMOZON FULFILMENT CENT,Vision,14,23,W,3176
2021/10/06,320,05:00,Wednesday,YONGE AND KING,Security,15,30,N,3360
2021/10/06,95,05:14,Wednesday,YORK MILLS STATION,Operations - Operator,30,41,E,0
2021/10/06,68,05:17,Wednesday,WARDEN AND EGLINTON,Diversion,1,1,,0
2021/10/06,98,05:32,Wednesday,SHEPPARD AND SENLAC,Diversion,119,121,B,0
2021/10/06,113,06:12,Wednesday,KENNEDY STATION,Emergency Services,15,30,,8929
2021/10/06,35,06:28,Wednesday,JANE STATION,Investigation,9,18,E,1005
2021/10/06,945,06:35,Wednesday,STEELES AND KIPLING,Mechanical,7,14,W,1016
2021/10/06,19,06:44,Wednesday,DAVENPORT AND AVENUE,Mechanical,12,31,E,8536
2021/10/06,116,07:00,Wednesday,MORNINGSIDE AND SHEPPA,Mechanical,6,13,S,1562
2021/10/06,63,07:02,Wednesday,ATLANTIC AND KING,Mechanical,9,18,N,8216
2021/10/06,106,07:11,Wednesday,PIONEER VILLAGE STATIO,Mechanical,8,16,,1364
2021/10/06,66,07:23,Wednesday,OLD MILL STATION,Vision,12,25,S,8462
2021/10/06,953,07:31,Wednesday,STEELES AND WOODBINE,Collision - TTC,8,16,W,9093
2021/10/06,11,07:37,Wednesday,DAVSIVILLE AND BAYVIEW,Collision - TTC,10,20,E,8732
2021/10/06,39,07:40,Wednesday,FINCH AMD MILIKAN,Vision,4,8,W,3250
2021/10/06,127,07:40,Wednesday,DAVENPORT AND LANSDOWN,Mechanical,21,42,E,8461
2021/10/06,953,07:41,Wednesday,OASIS AND SEASONS,Mechanical,8,16,N,9092
2021/10/06,35,07:58,Wednesday,PIONEER VILLAGE STATIO,Mechanical,9,18,E,1026
2021/10/06,105,08:07,Wednesday,DUFFERIN AND STEELES,Mechanical,11,22,S,8388
2021/10/06,41,08:15,Wednesday,WESTON AND AVON,Collision - TTC,7,14,S,1071
2021/10/06,924,08:29,Wednesday,VICTORIA PARK AND SLOA,Emergency Services,10,20,N,8406
2021/10/06,35,08:31,Wednesday,JANE AND ALLIANCE,Diversion,190,200,,0
2021/10/06,29,08:47,Wednesday,WILSON STATION,Mechanical,7,12,S,9043
2021/10/06,161,08:58,Wednesday,JANE AND ALLIANCE,Diversion,105,123,W,0
2021/10/06,53,09:06,Wednesday,OSASIS AND SEASONS,Collision - TTC,9,18,N,3157
2021/10/06,66,09:18,Wednesday,OLD MILL STATION,Operations - Operator,24,48,,0
2021/10/06,7,09:45,Wednesday,BATHURST AND COVINGTON,Mechanical,7,16,S,9000
2021/10/06,91,10:10,Wednesday,WOODBINE STATION,Operations - Operator,25,50,,8761
2021/10/06,62,10:26,Wednesday,MAIN STREET STATION,Operations - Operator,22,44,S,8489
2021/10/06,88,10:31,Wednesday,ST CLAIR STATION,Operations - Operator,20,40,E,8698
2021/10/06,123,10:40,Wednesday,KIPLING STATION,Operations - Operator,21,42,,8061
2021/10/06,925,10:41,Wednesday,PAPE AND LIPTON,Mechanical,12,24,N,8711
2021/10/06,,10:46,Wednesday,LESLIE BARNS,Operations - Operator,0,0,,0
2021/10/06,925,11:02,Wednesday,PAPE STATION,Mechanical,12,24,N,8844
2021/10/06,106,11:06,Wednesday,SHEPPARD WEST STATION,Mechanical,13,26,S,8385
2021/10/06,35,11:19,Wednesday,ENTIRE ROUTE,General Delay,20,29,,0
2021/10/06,49,11:29,Wednesday,BLOOR AND MARKLAND,Mechanical,15,30,E,8069
2021/10/06,116,11:53,Wednesday,KINGSTON AND SAUNDERS,Collision - TTC,9,18,W,1315
2021/10/06,52,11:59,Wednesday,AIRPORT AND JETLINER,Mechanical,5,23,N,3564
2021/10/06,,12:12,Wednesday,2592 FINCH AVE WEST,Operations - Operator,5,10,,3606
2021/10/06,89,12:17,Wednesday,KEELE STATION,Mechanical,10,20,N,8177
2021/10/06,70,12:21,Wednesday,EGLINTON SQUARE AND EG,Collision - TTC,22,44,S,9204
2021/10/06,939,12:27,Wednesday,FINCH AND GOLDFINCH,Collision - TTC,8,16,E,3265
2021/10/06,35,12:28,Wednesday,JANE AND WILSON,Mechanical,8,16,N,1053
2021/10/06,134,12:32,Wednesday,SCARBOROUGH CENTRE STA,Emergency Services,16,32,,1234
2021/10/06,905,12:43,Wednesday,KENNEDY STATION,Emergency Services,7,15,,8608
2021/10/06,24,13:08,Wednesday,VICTORIA PARK AND ELLE,Mechanical,25,50,N,8617
2021/10/06,167,13:20,Wednesday,PHARMACY AND MCNICOLL,Operations - Operator,30,60,,3342
2021/10/06,52,13:22,Wednesday,LAWRENCE AND JANE,Operations - Operator,20,40,,3343
2021/10/06,24,13:28,Wednesday,VICTORIA PARK STATION,Operations - Operator,25,50,N,8933
2021/10/06,165,13:38,Wednesday,WESTON AND STEELES,Mechanical,11,22,,3488
2021/10/06,52,13:38,Wednesday,LAWRENCE AND JANE,Operations - Operator,20,40,,8919
2021/10/06,76,13:40,Wednesday,MIMICO AND LAKE SHORE,Mechanical,10,21,N,8074
2021/10/06,45,14:01,Wednesday,KIPLING AND STEVENSON,Emergency Services,14,28,S,1079
2021/10/06,42,14:04,Wednesday,LESLIE AND FINCH,Diversion,285,299,W,0
2021/10/06,85,14:08,Wednesday,DON MILLS STATION,Operations - Operator,22,44,,3640
2021/10/06,939,14:09,Wednesday,FINCH AND KENNEDY,Mechanical,9,17,W,3125
2021/10/06,80,14:15,Wednesday,KEELE STATION,Mechanical,30,60,W,8086
2021/10/06,43,14:17,Wednesday,SCARBOROUGH CENTRE STA,Operations - Operator,15,30,N,3138
2021/10/06,49,14:18,Wednesday,KIPLING STATION,Mechanical,17,34,E,7934
2021/10/06,61,14:27,Wednesday,AVENUE AND KELWAY,Security,16,32,S,8305
2021/10/06,63,14:34,Wednesday,DUFFERIN AND ST CLAIR,Mechanical,8,16,,8212
2021/10/06,52,14:38,Wednesday,LAWRENCE STATION,Operations - Operator,20,40,,3711
2021/10/06,36,14:38,Wednesday,FINCH AND NORFINCH,Security,6,8,W,9121
2021/10/06,131,14:46,Wednesday,MCLEVIN AND TAPSCOTT,Security,13,26,S,1656
2021/10/06,89,14:52,Wednesday,WILSON GARAGE,Operations - Operator,14,27,N,1367
2021/10/06,89,14:53,Wednesday,WESTON AND LAWRENCE,Security,10,20,S,8307
2021/10/06,925,14:54,Wednesday,FRESHMEADOW AND STEELE,Operations - Operator,9,18,,0
2021/10/06,52,14:56,Wednesday,LAWRENCE STATION,Operations - Operator,24,48,,3348
2021/10/06,52,14:56,Wednesday,LAWRENCE STATION,Operations - Operator,24,48,W,3348
2021/10/06,56,14:56,Wednesday,DONLANDS STATION,Operations - Operator,25,50,S,8686
2021/10/06,32,15:00,Wednesday,PINE AND LAWRENCE,Operations - Operator,10,20,E,0
2021/10/06,36,15:00,Wednesday,FINCH WEST STATION,General Delay,0,0,,0
2021/10/06,63,15:01,Wednesday,LAWRENCE WEST AND ALLE,Mechanical,8,16,,8165
2021/10/06,70,15:17,Wednesday,COXWELL STATION,Mechanical,18,36,,8867
2021/10/06,39,15:19,Wednesday,FINCH STATION TO SIGNE,General Delay,0,0,B,0
2021/10/06,52,15:28,Wednesday,LAWRENCE WEST STATION,Operations - Operator,2,20,E,3369
2021/10/06,44,15:28,Wednesday,KIPLING AND NORSEMAN,Mechanical,6,10,S,8081
2021/10/06,35,15:34,Wednesday,JANE STATION,Operations - Operator,5,10,N,0
2021/10/06,135,15:42,Wednesday,WARDEN AND MACK,Investigation,15,30,S,9207
2021/10/06,37,15:49,Wednesday,ENTIRE ROUTE,General Delay,20,35,,0
2021/10/06,41,15:56,Wednesday,PIONEER V?ILLAGE STATI,Mechanical,8,156,N,1095
2021/10/06,41,15:56,Wednesday,PIONEER VILLAGE STATIO,Mechanical,8,16,N,1095
2021/10/06,130,16:11,Wednesday,MIDDLEFIELD AND FINCH,Road Blocked - NON-TTC Collision,20,36,N,1241
2021/10/06,168,16:11,Wednesday,ST CLAIR AND OLD WESTO,Mechanical,10,20,S,1379
2021/10/06,32,16:32,Wednesday,EGLINTON AND GABIAN WA,Mechanical,10,20,W,1101
2021/10/06,24,16:38,Wednesday,VICTORIA PARK - EGLINT,General Delay,0,0,B,0
2021/10/06,7,16:41,Wednesday,BATHURST - DUPONT TO L,General Delay,0,0,B,0
2021/10/06,32,16:48,Wednesday,55 OUTLOOK AVENUE,Utilized Off Route,0,0,N,1001
2021/10/06,7,16:53,Wednesday,BATHRUST STATION,Security,9,18,N,9005
2021/10/06,52,16:58,Wednesday,LAWRENCE STATION,Operations - Operator,8,23,S,3719
2021/10/06,97,17:00,Wednesday,YONGE AND STEELES,General Delay,0,0,,0
2021/10/06,939,17:02,Wednesday,FINCH STATION TO MARKH,General Delay,0,0,B,0
2021/10/06,52,17:11,Wednesday,LAWRENCE AND DUFFLAW,Mechanical,24,48,,3583
2021/10/06,57,17:13,Wednesday,MIDLAND AND STEELES,Operations - Operator,10,20,N,3126
2021/10/06,960,17:20,Wednesday,FINCH STATION,Operations - Operator,10,20,E,8157
2021/10/06,112,17:28,Wednesday,RENFORTH STATION,Operations - Operator,23,46,N,8457
2021/10/06,98,17:31,Wednesday,SHEPPARD STATION,Operations - Operator,20,40,,8100
2021/10/06,165,17:35,Wednesday,FINCH WEST STATION,Operations - Operator,5,10,,0
2021/10/06,96,17:47,Wednesday,CARRIER LOOP,Operations - Operator,21,42,,3615
2021/10/06,25,17:59,Wednesday,DON MILLS STATION,Operations - Operator,6,12,S,8737
2021/10/06,960,18:00,Wednesday,PIONEER VILLAGE STATIO,Mechanical,10,20,W,8215
2021/10/06,78,18:00,Wednesday,YORK MILLS STATION,Operations - Operator,15,30,W,8364
2021/10/06,61,18:09,Wednesday,EGLINTON STATION,Mechanical,14,28,N,8305
2021/10/06,74,18:10,Wednesday,ST CLAIR STATION,Operations - Operator,20,40,,8780
2021/10/06,112,18:10,Wednesday,KIPLING STATION,Operations - Operator,22,45,,8434
2021/10/06,29,18:12,Wednesday,EXHIBITION PLACE,Diversion,195,202,,9037
2021/10/06,945,18:23,Wednesday,KIPLING AND STEELES,Cleaning - Unsanitary,14,24,N,1114
2021/10/06,945,18:55,Wednesday,KIPLING AND STEELES,Operations - Operator,9,19,S,0
2021/10/06,19,19:25,Wednesday,DUPONT AND DAVENPORT,Utilized Off Route,30,60,S,8939
2021/10/06,24,19:27,Wednesday,VICTORIA PARK STATION,Utilized Off Route,10,20,N,8922
2021/10/06,34,19:29,Wednesday,EGLINTON STATION,Utilized Off Route,10,20,N,8812
2021/10/06,34,19:30,Wednesday,EGLINTON STATION,Utilized Off Route,15,30,N,8646
2021/10/06,925,19:30,Wednesday,DON MILLS AND FRESHMEA,Utilized Off Route,10,20,N,8720
2021/10/06,95,19:48,Wednesday,BELLAMY AND PROGRESS,Mechanical,15,30,N,1576
2021/10/06,95,20:30,Wednesday,ELLESEMERE CUL DE SAC,Emergency Services,15,30,W,1662
2021/10/06,63,20:30,Wednesday,OAKWOOD AND EARLSDALE,Security,14,28,N,8191
2021/10/06,68,20:43,Wednesday,WARDEN AND ST.CLAIR,Mechanical,10,20,N,3263
2021/10/06,929,20:51,Wednesday,PRINCESS' GATES,Cleaning - Unsanitary,10,20,S,9148
2021/10/06,102,21:01,Wednesday,MARKHAM AND MILNER,Security,10,20,S,3407
2021/10/06,102,21:16,Wednesday,MAKRHAM AND MILBER,Operations - Operator,10,20,N,3411
2021/10/06,929,21:20,Wednesday,DUFFERIN AND HUNTER,Mechanical,10,20,S,9081
2021/10/06,102,21:58,Wednesday,MARKHAM AND MILNER,Security,10,20,S,3400
2021/10/06,51,22:00,Wednesday,STEELES AND TOWNSEND,Operations - Operator,26,52,S,3214
2021/10/06,46,22:09,Wednesday,KIPLING AND EGLINTON,Collision - TTC,19,38,N,8456
2021/10/06,29,22:10,Wednesday,PRINCES' GATES,Mechanical,2,9,S,9142
2021/10/06,25,22:22,Wednesday,PAPE STATION,Operations - Operator,10,20,W,8842
2021/10/06,73,23:45,Wednesday,ROYAL YORK STATION,Mechanical,20,40,N,7975
2021/10/06,22,00:32,Wednesday,KINGSTON AND SCARBOROU,Security,10,20,W,8410
2021/10/06,20,00:40,Wednesday,BINGHAM LOOP,Mechanical,10,20,S,8528
2021/10/06,95,00:49,Wednesday,YORK MILLS STATION,Emergency Services,10,20,,3451
2021/10/07,312,03:42,Thursday,ST CLAIR AND AVENUE,Operations - Operator,30,60,E,8331
2021/10/07,332,04:27,Thursday,JANE AND EGLINTON,Operations - Operator,30,60,E,3517
2021/10/07,363,04:48,Thursday,OSSINGTON AND COLLEGE,General Delay,30,60,N,8119
2021/10/07,116,05:42,Thursday,KENNEDY STATION,Operations - Operator,6,12,,3473
2021/10/07,110,05:50,Thursday,ISLINGTON AND CORDOVA,Operations - Operator,1,15,N,1413
2021/10/07,34,06:00,Thursday,WYNFORD AND DON MILLS,Mechanical,11,22,E,8701
2021/10/07,79,06:12,Thursday,JANE AND HANEY,Mechanical,10,17,S,1092
2021/10/07,35,06:20,Thursday,JANE AND SHEPPARD,Security,9,18,N,1010
2021/10/07,32,06:28,Thursday,EGLINTON AND ROYAL YOR,Operations - Operator,8,15,W,1262
2021/10/07,89,06:35,Thursday,WESTON AND ALBION,Mechanical,7,17,S,8375
2021/10/07,35,06:50,Thursday,JANE STATION,Mechanical,9,18,S,1027
2021/10/07,53,07:11,Thursday,5800 YONGE ST,Emergency Services,8,16,W,3279
2021/10/07,15,07:11,Thursday,SHERWAY GARDENS,Mechanical,13,26,E,8037
2021/10/07,162,07:20,Thursday,LAWRENCE AND MILDENHAL,Mechanical,30,60,W,8756
2021/10/07,116,07:21,Thursday,MORNINGSIDE AND LAWREN,Diversion,34,40,N,0
2021/10/07,939,07:32,Thursday,FINCH WEST STATION,Mechanical,8,16,N,3258
2021/10/07,985,07:58,Thursday,SHEPPARD AND MORNINGSI,Mechanical,12,24,E,9075
2021/10/07,69,08:00,Thursday,WARDEN STATION,Mechanical,6,13,N,8960
2021/10/07,32,08:02,Thursday,EGLINTON STATION,Mechanical,10,20,S,3734
2021/10/07,168,08:13,Thursday,DUNDAS WEST STATION,Emergency Services,6,12,N,3740
2021/10/07,105,08:22,Thursday,DUFFERIN AND DOLOMITE,Collision - TTC,11,22,N,8208
2021/10/07,941,08:32,Thursday,KEELE STATION,Operations - Operator,14,28,N,9149
2021/10/07,35,08:34,Thursday,JANE STATION,Mechanical,9,18,E,1305
2021/10/07,52,08:35,Thursday,LAWRENCE AND SCARLETT,Mechanical,27,54,E,3369
2021/10/07,7,08:44,Thursday,BATHURST AND WILSON,Mechanical,9,18,W,9000
2021/10/07,90,08:44,Thursday,ST CLAIR WEST STATION,Operations - Operator,5,10,N,8323
2021/10/07,167,08:54,Thursday,DON MILLS STATION,Operations - Operator,30,30,N,3249
2021/10/07,31,08:57,Thursday,GREENWOOD STATION,Mechanical,13,26,S,8925
2021/10/07,31,08:57,Thursday,GREENWOOD AND DANFORTH,Collision - TTC,13,26,N,9200
2021/10/07,39,09:06,Thursday,FINCH AND DON MILLS,General Delay,30,60,E,3143
2021/10/07,44,09:13,Thursday,COLONEL SAMUEL SMITH,Mechanical,8,13,N,8403
2021/10/07,61,09:16,Thursday,EGLINTON STATION,Operations - Operator,20,40,S,8100
2021/10/07,41,09:18,Thursday,PIONEER VILLAGE STATIO,Operations - Operator,9,18,S,1144
2021/10/07,43,09:18,Thursday,SCARBROUGH CENTRE STAT,Mechanical,15,30,N,3128
2021/10/07,15,09:29,Thursday,ROYAL YORK STATION,General Delay,21,43,W,7924
2021/10/07,905,09:32,Thursday,EGLINTON AND DANFORTH,Mechanical,7,14,W,8595
2021/10/07,121,09:32,Thursday,FORT YORK-ESPLANADE RO,Operations - Operator,30,60,,0
2021/10/07,94,09:46,Thursday,OSSINGTON STATION,Mechanical,15,30,E,8530
2021/10/07,105,09:50,Thursday,SHEPPARD WEST STATION,Mechanical,12,24,S,8208
2021/10/07,123,10:03,Thursday,SHERWAY GARDENS,Mechanical,21,42,N,7949
2021/10/07,52,10:11,Thursday,LAWRENCE AND RALPH,Operations - Operator,20,40,W,3630
2021/10/07,168,10:23,Thursday,DAVENPORT AND LAUGHTON,Investigation,11,22,W,1057
2021/10/07,113,10:35,Thursday,MAIN STREET STATION,Operations - Operator,23,46,,0
2021/10/07,76,11:00,Thursday,ROYAL YORK AND NEWCAST,General Delay,0,0,N,0
2021/10/07,35,11:05,Thursday,JANE STATION EAST EXIT,Operations - Operator,8,16,E,1058
2021/10/07,94,11:13,Thursday,400 DANFORTH RD,Mechanical,7,14,,8481
2021/10/07,927,11:17,Thursday,KIPLING STATION,Investigation,8,16,,3499
2021/10/07,939,11:59,Thursday,FINCH AND KENNEDY,Mechanical,8,15,E,3306
2021/10/07,41,12:00,Thursday,KEELE AND EGLINTON,Operations - Operator,10,20,N,1088
2021/10/07,985,12:00,Thursday,SCARBOROUGH CENTRE STA,Operations - Operator,10,20,,9070
2021/10/07,929,12:09,Thursday,WILSON STATION,Collision - TTC,9,18,N,9054
2021/10/07,112,12:30,Thursday,WEST MALL CRES AND WES,Mechanical,24,48,N,8046
2021/10/07,12,12:41,Thursday,VICTORIA PARK STATION,Operations - Operator,25,50,,8400
2021/10/07,29,12:44,Thursday,DUFFERIN AND LAWRENCE,Operations - Operator,9,18,N,9029
2021/10/07,36,12:49,Thursday,HUMBERWOOD LOOP,Operations - Operator,5,10,N,9121
2021/10/07,118,12:54,Thursday,WILSON AND JANE,Investigation,25,50,W,8161
2021/10/07,109,12:55,Thursday,BATHURST AND NEPTUNE,Operations - Operator,21,40,N,8366
2021/10/07,939,13:00,Thursday,FINCH STATION TO MARKH,General Delay,0,0,B,0
2021/10/07,39,13:00,Thursday,FINCH STATION TO MARKH,General Delay,0,0,B,0
2021/10/07,131,13:09,Thursday,SCARBOROUGH CENTRE STA,Operations - Operator,10,20,,1322
2021/10/07,47,13:10,Thursday,LANSDOWNE AND ST CLAIR,Operations - Operator,14,28,,8219
2021/10/07,59,13:11,Thursday,LAWRENCE WEST STATION,Operations - Operator,45,90,E,8159
2021/10/07,86,13:13,Thursday,KENNEDY STATION,Operations - Operator,24,48,E,1241
2021/10/07,7,13:15,Thursday,BATHURST AND YORK DOWN,Operations - Operator,9,18,S,9004
2021/10/07,960,13:20,Thursday,PIONEER VILLAGE STATIO,General Delay,0,0,B,0
2021/10/07,67,13:20,Thursday,PHARMACY AND COMSTOCK,Operations - Operator,15,30,S,3754
2021/10/07,91,13:25,Thursday,WOODBINE STATION,Operations - Operator,25,50,S,8786
2021/10/07,60,13:25,Thursday,PIONEER VILLAGE STATIO,Cleaning - Unsanitary,9,18,W,8145
2021/10/07,85,13:27,Thursday,DON MILLS STATION,Operations - Operator,33,66,,1233
2021/10/07,9,13:28,Thursday,WARDEN STATION,Operations - Operator,26,52,E,8511
2021/10/07,123,13:29,Thursday,KIPLING STATION,Operations - Operator,21,42,S,8422
2021/10/07,119,13:34,Thursday,WILSON STATION,Mechanical,30,60,W,8371
2021/10/07,102,13:41,Thursday,ST CLAIR AND BRIMLEY,Emergency Services,7,14,W,3421
2021/10/07,85,13:42,Thursday,MARLVERN GARAGE,Operations - Operator,30,60,E,1312
2021/10/07,84,13:43,Thursday,SHEPPARD STATION,Operations - Operator,8,16,E,3528
2021/10/07,7,13:45,Thursday,BATHURST AND WILSON,Operations - Operator,9,18,S,9004
2021/10/07,85,13:46,Thursday,DON MILLS STATION,Operations - Operator,22,44,E,3442
2021/10/07,96,13:50,Thursday,WILSON AND JANE,Operations - Operator,23,46,,3515
2021/10/07,75,13:54,Thursday,SHERBOURNE AND QUEEN,Operations - Operator,9,18,S,8959
2021/10/07,34,13:55,Thursday,EGLINTON STATION,Cleaning - Unsanitary,15,30,W,8860
2021/10/07,36,13:59,Thursday,HUMBERWOOD LOOP,Operations - Operator,4,10,S,9116
2021/10/07,41,14:00,Thursday,KEELE AND EGLINTON,Operations - Operator,9,18,,1085
2021/10/07,941,14:00,Thursday,KEELE AND LAWRENCE,Operations - Operator,12,24,S,9043
2021/10/07,85,14:08,Thursday,DON MILLS STATION,Operations - Operator,22,44,W,1618
2021/10/07,905,14:14,Thursday,ELLESMERE AND MORRISH,Operations - Operator,5,10,,8947
2021/10/07,75,14:21,Thursday,ST CLAIR AND BIRCHMOUN,Mechanical,0,0,E,8959
2021/10/07,25,14:30,Thursday,OVERLEA AND DON MILLS,Operations - Operator,5,10,,0
2021/10/07,25,14:31,Thursday,FENELON LOOP,Operations - Operator,5,10,,0
2021/10/07,29,14:35,Thursday,DUFFERIN AND HUNTER,Security,9,18,S,9032
2021/10/07,25,14:35,Thursday,OVERLEA AND DON MILLS,Operations - Operator,5,10,,0
2021/10/07,941,14:40,Thursday,KEELE STATION,Operations - Operator,9,18,,9151
2021/10/07,929,14:41,Thursday,DUFFERIN AND LAWRENCE,Operations - Operator,4,14,N,0
2021/10/07,112,14:47,Thursday,KIPLING STATION,Operations - Operator,25,49,N,8070
2021/10/07,168,14:49,Thursday,DUNDAS WEST STATION,Operations - Operator,7,13,W,0
2021/10/07,925,14:58,Thursday,FRESHMEADOW AND STEELE,Operations - Operator,9,19,,0
2021/10/07,925,15:00,Thursday,PAPE STATION,Operations - Operator,9,18,,0
2021/10/07,37,15:01,Thursday,MARTIN GROVE AND REXDA,General Delay,25,34,S,7960
2021/10/07,168,15:05,Thursday,SYMINGTON AND ANTLER,Security,11,21,N,1077
2021/10/07,941,15:06,Thursday,KEELE AND EGLINTON,Operations - Operator,9,18,N,9051
2021/10/07,36,15:13,Thursday,FINCH WEST STATION,Mechanical,6,12,W,9136
2021/10/07,66,15:15,Thursday,MARINE PARADE DRIVE,Mechanical,14,28,N,8458
2021/10/07,41,15:21,Thursday,KIPLING STATION,Operations - Operator,5,10,N,0
2021/10/07,984,15:28,Thursday,SHEPPARD AND RIVALDA,Vision,9,18,E,3531
2021/10/07,92,15:28,Thursday,WOODBINE AND CORLEY,Collision - TTC,9,18,N,8922
2021/10/07,32,15:36,Thursday,EGLINTON WEST STATION,Mechanical,12,24,W,1126
2021/10/07,14,15:42,Thursday,CHAPLIN AND ROSELAWN,Collision - TTC,6,12,S,1420
2021/10/07,41,15:50,Thursday,KEELE AND GULLIVER,Cleaning - Unsanitary,9,18,S,1095
2021/10/07,34,15:50,Thursday,EGLINTON STATION,Operations - Operator,9,19,E,8822
2021/10/07,87,15:51,Thursday,COSBURN AND GLEDHILL,Cleaning - Unsanitary,7,14,W,8484
2021/10/07,85,15:51,Thursday,DON MILLS STATION,Operations - Operator,13,26,,1301
2021/10/07,905,15:58,Thursday,KENNEDY STATION,Mechanical,8,16,W,8410
2021/10/07,29,16:02,Thursday,DUFFERIN AND LAWRENCE,Operations - Operator,8,16,N,9050
2021/10/07,132,16:04,Thursday,MILNER AND MARKHAM,Operations - Operator,13,25,,1663
2021/10/07,96,16:14,Thursday,WILSON STATION,Operations - Operator,21,42,,3623
2021/10/07,95,16:15,Thursday,U OF T SCARBOROUGH LOO,Mechanical,11,25,W,1274
2021/10/07,36,16:18,Thursday,FINCH AND ROMFIELD,Security,6,12,W,9111
2021/10/07,76,16:20,Thursday,ROYAL YORK STATION,Operations - Operator,10,20,N,7947
2021/10/07,52,16:22,Thursday,LAWRENCE STATION,Operations - Operator,7,16,,8887
2021/10/07,12,16:26,Thursday,VICTORIA PARK STATION,Operations - Operator,30,60,,8596
2021/10/07,124,16:30,Thursday,LAWRENCE STATION,Operations - Operator,7,14,N,8395
2021/10/07,960,16:30,Thursday,SIGNAL HILL,Operations - Operator,8,16,,8214
2021/10/07,52,16:31,Thursday,TOLLINGTON AND MARTIN,Operations - Operator,17,34,,3489
2021/10/07,57,16:32,Thursday,MIDLAND AND STEELES,Operations - Operator,10,20,S,3242
2021/10/07,925,16:36,Thursday,PAPE STATION,Operations - Operator,12,24,,8689
2021/10/07,34,16:39,Thursday,EGLINTON AND LEBOVIC,Mechanical,8,16,W,8724
2021/10/07,34,16:42,Thursday,EGLINTON STATION,Operations - Operator,13,26,,0
2021/10/07,67,16:43,Thursday,PHARMACY AND COMSTOCK,Operations - Operator,10,20,,8662
2021/10/07,72,16:47,Thursday,LAKESHORE AND CHERRY,Diversion,85,107,E,8412
2021/10/07,989,16:49,Thursday,WESTON AND FINCH,Collision - TTC,13,27,N,8136
2021/10/07,168,16:50,Thursday,AVON LOOP,Mechanical,7,14,S,1260
2021/10/07,7,16:51,Thursday,BATHURST AND DUPONT,Diversion,40,47,S,9007
2021/10/07,108,16:53,Thursday,SHEPPARD WEST STATION,Operations - Operator,17,34,,3588
2021/10/07,87,17:09,Thursday,BROADVIEW STATION,Operations - Operator,7,14,,8484
2021/10/07,102,17:11,Thursday,MARKHAM AND PROGRESS,Operations - Operator,10,20,S,3404
2021/10/07,108,17:11,Thursday,PIONEER VILLAGE STATIO,Operations - Operator,17,34,,3366
2021/10/07,24,17:12,Thursday,VICTORIA PARK STATION,Operations - Operator,10,20,,8958
2021/10/07,85,17:14,Thursday,MEADOWVALE LOOP,Mechanical,13,26,E,1590
2021/10/07,7,17:17,Thursday,BATHURST STATION,Operations - Operator,8,16,,9011
2021/10/07,32,17:19,Thursday,EGLINTON STATION,Utilized Off Route,10,20,W,1143
2021/10/07,41,17:23,Thursday,KEELE AND DUNDAS,Collision - TTC,9,18,S,1265
2021/10/07,90,17:24,Thursday,VAUGHAN AND OAKWOOD,Operations - Operator,6,12,,8309
2021/10/07,104,17:26,Thursday,WILSON STATION,Operations - Operator,18,36,,8386
2021/10/07,56,17:31,Thursday,EGLINTON STATION,Operations - Operator,17,34,E,8641
2021/10/07,929,17:38,Thursday,DUFFERIN AND GLENBROOK,Emergency Services,9,18,N,9145
2021/10/07,96,17:40,Thursday,HUMBER COLLEGE,Operations - Operator,19,38,,3616
2021/10/07,68,17:41,Thursday,WARDEN AND FINCH,Operations - Operator,35,70,S,3114
2021/10/07,36,17:49,Thursday,FINCH WEST STATION,Operations - Operator,6,11,,3360
2021/10/07,102,17:59,Thursday,MARKHAM AND SHEPPARD,Operations - Operator,10,20,N,3411
2021/10/07,100,18:04,Thursday,BROADVIEW STATION,Operations - Operator,6,11,,8770
2021/10/07,902,18:05,Thursday,MARKHAM AND COUGAR,Operations - Operator,10,20,N,57708
2021/10/07,900,18:08,Thursday,KIPLING STATION,Operations - Operator,9,17,N,8006
2021/10/07,112,18:10,Thursday,KIPLING STATION,Operations - Operator,22,45,,8010
2021/10/07,92,18:13,Thursday,WOODBINE STATION,Security,9,18,S,8922
2021/10/07,100,18:34,Thursday,BROADVIEW STATION,Collision - TTC,5,11,N,8742
2021/10/07,41,18:36,Thursday,PIONEER VILLAGE STATIO,Mechanical,9,18,S,1273
2021/10/07,9,18:41,Thursday,WARDEN STATION,Mechanical,18,36,S,8565
2021/10/07,111,18:44,Thursday,KIPLING STATION,Cleaning - Unsanitary,14,25,N,7934
2021/10/07,8,18:49,Thursday,BROADVIEW STATION,Collision - TTC,15,45,N,8626
2021/10/07,935,19:08,Thursday,JANE AND TRETHEWAY,Collision - TTC,10,20,S,1035
2021/10/07,70,19:39,Thursday,CRAIGTON AND PHARMACY,Security,26,52,E,8948
2021/10/07,86,19:50,Thursday,EGLINTON AND BRIMLEY,Investigation,10,20,E,1320
2021/10/07,7,20:01,Thursday,BATHURST AND ALLINGHAM,Mechanical,9,18,S,9021
2021/10/07,41,20:13,Thursday,WESTON AND BIRDSTONE,Collision - TTC,12,24,S,1129
2021/10/07,39,20:16,Thursday,FINCH AND KENNEDY,Operations - Operator,17,33,W,0
2021/10/07,32,20:23,Thursday,EGLINTON AND BLACK CRE,Diversion,300,310,B,0
2021/10/07,96,20:28,Thursday,STEELES AND HWY 27,Operations - Operator,10,20,E,8353
2021/10/07,63,20:47,Thursday,EGLINTON WEST STATION,Mechanical,8,16,N,1384
2021/10/07,57,20:49,Thursday,MIDLAND AND STEELES,Operations - Operator,10,20,N,3243
2021/10/07,132,20:54,Thursday,SCARBOROUGH CENTRE STA,Mechanical,25,50,E,1333
2021/10/07,95,21:10,Thursday,U OF T SCARBOROUGH LOO,Operations - Operator,15,30,E,1241
2021/10/07,11,21:14,Thursday,SUNNYBROOK HOSPITAL,Collision - TTC,14,28,W,8722
2021/10/07,165,21:17,Thursday,YORK MILLS STATION,General Delay,10,20,E,3590
2021/10/07,131,21:23,Thursday,MORNINGVIEW AND OLD FI,Utilized Off Route,14,27,W,3442
2021/10/07,29,21:35,Thursday,WILSON STATION,Mechanical,8,16,N,9023
2021/10/07,45,21:41,Thursday,KIPLING STATION,Operations - Operator,10,19,N,0
2021/10/07,45,21:59,Thursday,KIPLING AND STEELES,Vision,10,20,N,1059
2021/10/07,111,22:03,Thursday,99 DALEGROVE CRESCENT,Mechanical,30,60,S,7925
2021/10/07,927,22:05,Thursday,KIPLING STATION,Mechanical,14,28,S,3593
2021/10/07,38,22:32,Thursday,ELLESMERE AND DOLLY VA,Mechanical,18,36,W,1559
2021/10/07,7,22:42,Thursday,BATHURST - DUPONT TO S,General Delay,0,0,B,0
2021/10/07,35,23:17,Thursday,PIONEER VILLAGE STATIO,Mechanical,10,20,S,1047
2021/10/07,25,23:20,Thursday,PAPE STATION,General Delay,20,40,N,8832
2021/10/07,25,23:41,Thursday,PAPE STATION,Operations - Operator,10,20,N,8832
2021/10/07,29,00:37,Thursday,DUFFERIN AND RANEE,Mechanical,15,30,N,1069
2021/10/07,165,01:08,Thursday,BARMAC AND STEELES,Emergency Services,10,20,S,3558
2021/10/07,42,01:39,Thursday,MCNICOLL AND MILLIKAN,General Delay,20,40,E,3272
2021/10/07,102,01:54,Thursday,KINGSTON RD AND CLIFFS,Collision - TTC,30,60,E,3422
2021/10/07,300,01:58,Thursday,KENNEDY STATION,Operations - Operator,17,34,W,3218
2021/10/08,320,02:44,Friday,YONGE AND BISHOP,Security,3,6,S,1064
2021/10/08,113,04:12,Friday,KENNEDY STATION,Operations - Operator,23,46,,0
2021/10/08,129,05:18,Friday,MAJOR MACKENZIE AND RI,Operations - Operator,27,27,S,3285
2021/10/08,52,05:28,Friday,PEARSON AIRPORT TERMIN,Operations - Operator,20,29,E,3515
2021/10/08,12,05:51,Friday,KINGSTON AND CHINE,Emergency Services,19,28,E,8569
2021/10/08,324,05:56,Friday,DANFORTH AND VICTORIA,Security,0,0,E,8874
2021/10/08,996,05:58,Friday,HUMBER COLLEGE,Mechanical,9,19,E,8889
2021/10/08,52,05:58,Friday,LAWRENCE STATION,Mechanical,10,14,W,3493
2021/10/08,300,05:59,Friday,BLOOR AND ST GEORGE,Security,12,24,E,8937
2021/10/08,127,06:18,Friday,SPADINA STATION,Mechanical,22,44,,7925
2021/10/08,68,07:02,Friday,WARDEN LOOP,Mechanical,5,12,N,3183
2021/10/08,929,07:19,Friday,PRINCESS BLVD LOOP,Mechanical,9,17,W,9140
2021/10/08,37,07:21,Friday,HUMBERWOOD LOOP,Mechanical,15,30,,8026
2021/10/08,54,07:32,Friday,EGLINTON STATION,Mechanical,10,20,W,8774
2021/10/08,79,07:35,Friday,RUNNYMEDE AND DUNDAS,Diversion,605,625,N,1113
2021/10/08,43,07:39,Friday,KENNEDY AND RADNOR,Security,10,20,N,3234
2021/10/08,71,07:53,Friday,RUNNYMEDE AND DUNDAS,Diversion,647,687,N,8040
2021/10/08,63,07:53,Friday,EGLINTON WEST STATION,Mechanical,9,18,N,8106
2021/10/08,82,08:00,Friday,ROSEDALE STATION,Mechanical,20,40,E,8404
2021/10/08,21,08:20,Friday,SCARBOROUGH CENTRE STA,Security,18,31,W,1318
2021/10/08,112,08:33,Friday,KIPLING STATION,Operations - Operator,25,49,N,0
2021/10/08,52,08:49,Friday,LAWRENCE AND BATHURST,Operations - Operator,12,13,W,3709
2021/10/08,52,08:52,Friday,LAWRENCE AND CORONA,Collision - TTC,18,33,E,3705
2021/10/08,169,09:00,Friday,SCARBOROUGH CENTRE STA,Operations - Operator,30,60,,3448
2021/10/08,9,09:03,Friday,WARDEN STATION,Operations - Operator,24,57,,8538
2021/10/08,97,09:06,Friday,YORK MILLS STATION,Operations - Operator,30,60,N,8375
2021/10/08,86,09:08,Friday,KINGSTON AND GUILDWOOD,Operations - Operator,20,40,E,1347
2021/10/08,86,09:13,Friday,KENNEDY STATION,Operations - Operator,24,48,,1355
2021/10/08,12,09:23,Friday,VICTORIA PARK STATION,Operations - Operator,24,48,,8474
2021/10/08,123,09:25,Friday,NORTH QUEEN BTW QUEENS,Diversion,81,102,,0
2021/10/08,16,09:52,Friday,WARDEN STATION BUS BAY,Mechanical,13,26,S,8875
2021/10/08,989,09:58,Friday,KEELE AND DUNDAS,Collision - TTC,0,0,S,8188
2021/10/08,112,10:01,Friday,KIPLING STATION,Operations - Operator,24,48,N,8429
2021/10/08,52,10:04,Friday,LAWRENCE AND RALPH,Mechanical,3,21,E,3716
2021/10/08,87,10:19,Friday,MAIN STREET,Mechanical,11,22,N,8579
2021/10/08,113,10:35,Friday,MAIN STATION,Operations - Operator,23,46,,0
2021/10/08,25,10:40,Friday,FRESHMEADOW AND DON MI,Mechanical,8,16,S,8761
2021/10/08,112,10:47,Friday,KIPLING STATION,Operations - Operator,24,48,N,7976
2021/10/08,95,10:52,Friday,ELLESMERE AND WARDEN,Investigation,16,32,E,1663
2021/10/08,97,10:55,Friday,YONGE AND LAWRENCE,Emergency Services,30,60,N,8375
2021/10/08,46,11:14,Friday,MARTIN GROVE LOOP,Mechanical,19,38,S,8013
2021/10/08,43,11:14,Friday,SCARBOROUGH CENTRE STA,Mechanical,15,30,W,3203
2021/10/08,84,11:17,Friday,SHEPPARD AND LAURA,Security,8,16,E,3585
2021/10/08,91,11:25,Friday,WOODBINE STATION,Operations - Operator,25,50,,8713
2021/10/08,81,11:34,Friday,PAPE STATION,Collision - TTC,10,20,N,8651
2021/10/08,935,12:11,Friday,JANE AND FALSTAFF,Mechanical,12,24,N,1031
2021/10/08,52,12:52,Friday,LAWRENCE AND JANE,Operations - Operator,20,28,,3575
2021/10/08,112,12:53,Friday,KIPLING STATION,Operations - Operator,24,48,N,8012
2021/10/08,86,13:09,Friday,KENNEDY STATION,Operations - Operator,24,48,N,1579
2021/10/08,165,13:20,Friday,WILSON AND WELSH,Mechanical,11,22,E,3345
2021/10/08,130,13:29,Friday,SCARBOROUGH CENTRE STA,Operations - Operator,20,40,S,1653
2021/10/08,123,13:29,Friday,KIPLING STATION,Operations - Operator,21,42,W,7951
2021/10/08,75,13:34,Friday,ROSEDALE STATION,Operations - Operator,8,16,N,9227
2021/10/08,12,13:37,Friday,VICTORIA PARK STATION,Operations - Operator,25,50,N,8569
2021/10/08,85,13:46,Friday,DON MILLS STATION,Operations - Operator,22,44,W,1285
2021/10/08,85,13:52,Friday,SHEPPARD AND MARKHAM,Operations - Operator,30,60,W,1257
2021/10/08,91,14:00,Friday,WOODBINE STATION TO VA,General Delay,0,0,N,0
2021/10/08,85,14:06,Friday,SHEPPARD AND VICTORIA,Mechanical,9,22,W,1237
2021/10/08,85,14:08,Friday,DON MILLS STATION,Operations - Operator,22,44,N,3464
2021/10/08,41,14:19,Friday,KEELE AND EGLINTON,Cleaning - Unsanitary,12,24,S,1147
2021/10/08,43,14:29,Friday,SILVER STAR AND STEELE,Collision - TTC,10,20,N,3262
2021/10/08,927,14:47,Friday,FINCH AND WESTMORE,Collision - TTC,7,15,E,3552
2021/10/08,96,14:59,Friday,JANE AND WILSON,Operations - Operator,20,40,W,0
2021/10/08,925,15:03,Friday,DON MILLS AND PARKWAY,Emergency Services,9,18,N,8860
2021/10/08,32,15:20,Friday,RENFORTH STATION,Mechanical,12,24,E,1204
2021/10/08,84,15:31,Friday,SHEPPARD AND KEELE,Operations - Operator,30,60,E,3714
2021/10/08,100,15:36,Friday,CONCORDE PLACE AND WYN,Mechanical,9,18,S,3757
2021/10/08,42,15:47,Friday,MCNICOLL AND VICTORIA,Mechanical,16,32,W,3166
2021/10/08,53,15:52,Friday,FINCH STATION,Mechanical,6,12,E,3157
2021/10/08,126,16:11,Friday,ST CLAIR WEST STATION,Operations - Operator,24,52,W,8150
2021/10/08,52,16:15,Friday,LAWRENCE AND JANE,Operations - Operator,24,48,W,0
2021/10/08,953,16:25,Friday,PASSMORE AND MARKHAM,Investigation,14,29,E,9087
2021/10/08,12,16:26,Friday,VICTORIA PARK STATION,Operations - Operator,30,60,S,8565
2021/10/08,63,16:42,Friday,EGLINTON WEST STATION,Vision,10,20,S,8164
2021/10/08,45,16:43,Friday,KIPLING STATION,Mechanical,8,16,N,1397
2021/10/08,939,17:07,Friday,FINCH STATION,Mechanical,12,24,W,3215
2021/10/08,160,17:10,Friday,WILSON STATION,Operations - Operator,24,48,S,0
2021/10/08,7,17:24,Friday,BATHURST STATION,Operations - Operator,9,18,N,0
2021/10/08,9,17:42,Friday,WARDEN STATION,Operations - Operator,28,36,W,8522
2021/10/08,162,17:57,Friday,LAWRENCE AND MT PLEASA,Operations - Operator,20,44,E,8826
2021/10/08,43,18:03,Friday,KENNEDY AND GLAMORGAN,Security,10,20,S,3326
2021/10/08,52,18:05,Friday,LAWRENCE AND BLACK CRE,Vision,13,26,E,3479
2021/10/08,905,18:10,Friday,KINGSTON AND GALLOWAY,Collision - TTC,8,16,E,8578
2021/10/08,52,18:15,Friday,LAWRENCE WEST STATION,Mechanical,13,26,E,3724
2021/10/08,74,18:22,Friday,ST CLAIR STATION,Operations - Operator,20,32,E,8836
2021/10/08,7,18:39,Friday,BATHURST - DUPONT TO L,General Delay,0,0,B,0
2021/10/08,52,18:40,Friday,LAWRENCE WEST STATION,General Delay,0,0,B,0
2021/10/08,82,19:00,Friday,LAWRENCE STATION,Operations - Operator,20,40,W,7223
2021/10/08,38,19:07,Friday,SCARBOROUGH CENTRE STA,Mechanical,11,22,E,1534
2021/10/08,75,19:10,Friday,LOWER SHERBOURNE AND L,Mechanical,8,16,S,8400
2021/10/08,97,19:18,Friday,YONGE AND FAIRLAWN,Collision - TTC,30,60,N,8306
2021/10/08,53,19:19,Friday,STEELES AND VICTORIA P,Mechanical,9,15,E,3192
2021/10/08,905,19:24,Friday,KINGSTON AND GALLOWAY,Operations - Operator,8,17,E,8616
2021/10/08,924,19:25,Friday,VICTORIA PARK AND SHEP,Collision - TTC,9,18,S,8590
2021/10/08,52,19:36,Friday,LAWRENCE WEST STATION,Vision,15,30,E,3603
2021/10/08,53,19:52,Friday,STEELES AND DON MILLS,Mechanical,6,11,E,3286
2021/10/08,939,20:29,Friday,SCARBOROUGH CENTRE STA,Operations - Operator,12,24,E,3288
2021/10/08,129,20:35,Friday,MCCOWAN AND MAJOR MCKE,Mechanical,21,42,S,3273
2021/10/08,29,20:36,Friday,DUFFERIN AND CELT,Mechanical,8,17,N,9054
2021/10/08,985,20:37,Friday,SHEPPARD AND VICTORIA,Mechanical,12,24,W,1270
2021/10/08,25,21:28,Friday,DON MILLS STATION,Operations - Operator,9,18,E,0
2021/10/08,108,21:48,Friday,PIONEER VILLAGE STATIO,General Delay,22,44,S,3491
2021/10/08,133,21:56,Friday,STAINES AND WARBLER,Collision - TTC,11,22,S,3645
2021/10/08,939,22:35,Friday,FINCH AND BAYVIEW,Mechanical,12,24,W,3300
2021/10/08,7,22:38,Friday,STEELES AND GREENWIN,Cleaning - Unsanitary,10,20,N,9000
2021/10/08,98,22:57,Friday,SHEPPARD STATION,Mechanical,15,30,W,1381
2021/10/08,165,22:57,Friday,WESTON AND TORYORK,Mechanical,10,20,S,3596
2021/10/08,46,23:50,Friday,KIPLING STATION,General Delay,30,60,N,8436
2021/10/08,133,00:10,Friday,NEILSON AND TAPSCOTT,Security,16,32,S,3467
2021/10/08,47,00:28,Friday,CALEDONA AND ST CLAIR,Collision - TTC,20,40,S,8214
2021/10/08,35,00:57,Friday,JANE STATION,Operations - Operator,9,18,S,1058
2021/10/08,,01:57,Friday,BIRCHMOUNT GARAGE,General Delay,0,0,,0
2021/10/09,320,02:16,Saturday,YONGE AND QUEEN'S QUAY,Collision - TTC,4,7,N,8483
2021/10/09,44,02:48,Saturday,COLONEL SAM PARK LOOP,Emergency Services,0,0,W,1019
2021/10/09,43,06:03,Saturday,WILLIAM KITCHEN AND PR,Diversion,124,124,B,3285
2021/10/09,102,06:15,Saturday,MARKHAM AND SELECT,Mechanical,10,20,S,3426
2021/10/09,43,06:18,Saturday,MIDLAND AND STEELES,Security,10,20,S,3326
2021/10/09,96,06:19,Saturday,JOHN GARLAND AND KIPLI,Mechanical,19,38,E,8889
2021/10/09,96,06:33,Saturday,ELMHURST AND HAREFIELD,Mechanical,19,38,E,3532
2021/10/09,40,06:43,Saturday,DUNDAS AND RUNNYMEDE,Diversion,137,140,E,7626
2021/10/09,67,06:45,Saturday,PHARMACY AND EGLINTON,Mechanical,15,30,N,3759
2021/10/09,26,06:48,Saturday,JANE STATION,Mechanical,23,46,E,8021
2021/10/09,46,07:03,Saturday,MARTIN GROVE AND JOHN,Mechanical,20,40,S,8458
2021/10/09,35,07:17,Saturday,JANE AND FINCH,Mechanical,9,18,S,1021
2021/10/09,89,07:24,Saturday,WESTON AND ROGERS,Collision - TTC,10,20,N,8205
2021/10/09,24,07:27,Saturday,VICTORIA PARK AND CRES,Mechanical,9,19,N,8596
2021/10/09,24,07:41,Saturday,VICTORIA PARK AND ST C,Mechanical,9,19,E,8596
2021/10/09,60,08:19,Saturday,FINCH STATION,Security,14,28,,8153
2021/10/09,109,08:37,Saturday,LAWRENCE WEST STATION,Cleaning - Unsanitary,40,80,N,8135
2021/10/09,38,09:09,Saturday,PORT UNION AND ADENMOR,Mechanical,12,24,W,1290
2021/10/09,95,09:13,Saturday,ELLESMERE AND PHARMACY,Emergency Services,14,28,E,1275
2021/10/09,89,09:57,Saturday,WESTON AND ST CLAIR,Operations - Operator,101,20,N,1371
2021/10/09,102,10:12,Saturday,KINGSTON AND PARKCREST,Mechanical,10,20,N,3413
2021/10/09,175,10:18,Saturday,EGLINTON AND MIDLAND,Diversion,318,333,E,8495
2021/10/09,7,10:18,Saturday,BATHURST AND DANBY,Mechanical,10,20,S,9002
2021/10/09,60,10:42,Saturday,YONGE AND MADAWASKA,Security,10,20,S,8218
2021/10/09,129,10:53,Saturday,MCCOWAN AND ALTON TOWE,Mechanical,13,20,S,3240
2021/10/09,104,10:55,Saturday,WILSON STATION,Operations - Operator,15,30,,8192
2021/10/09,2,10:56,Saturday,KIPLING STATION,Investigation,0,0,,3619
2021/10/09,68,11:00,Saturday,WARDEN AND STEELES,General Delay,0,0,,3321
2021/10/09,43,11:00,Saturday,KENNEDY AND FINCH,General Delay,0,0,,3253
2021/10/09,86,11:16,Saturday,CORONATION AND WALLSEN,Operations - Operator,20,40,E,1253
2021/10/09,935,11:18,Saturday,JANE AND ALLIANCE,Security,11,22,N,1036
2021/10/09,95,11:56,Saturday,ELLESMERE AND MILITARY,Emergency Services,14,28,W,3649
2021/10/09,37,12:05,Saturday,ISLINGTON AND REXDALE,Mechanical,14,28,S,7945
2021/10/09,29,12:17,Saturday,DUFFERIN AND LAWRENCE,Mechanical,9,18,N,9144
2021/10/09,925,12:21,Saturday,DON MILLS AND EGLINTON,Emergency Services,9,19,N,8810
2021/10/09,92,12:26,Saturday,CANADA BLVD AND PRINCE,Mechanical,9,18,N,9125
2021/10/09,36,12:41,Saturday,FINCH AND ARDWICK,Mechanical,5,10,E,3712
2021/10/09,112,12:47,Saturday,KIPLING STATION,Collision - TTC,15,30,W,8085
2021/10/09,41,13:29,Saturday,KEELE STATION,Mechanical,10,20,N,1361
2021/10/09,95,13:35,Saturday,ELLESMERE AND DEEP DEN,Cleaning - Unsanitary,13,26,E,1233
2021/10/09,162,13:46,Saturday,LAWRENCE STATION,Operations - Operator,30,60,E,8669
2021/10/09,168,13:47,Saturday,SYMINGTON AND KINGSLEE,Collision - TTC,10,20,S,1008
2021/10/09,2,14:00,Saturday,KIPLING STATION,Emergency Services,0,0,,8046
2021/10/09,939,14:03,Saturday,FINCH AND VICTORIA PAR,Mechanical,12,24,W,3322
2021/10/09,9,14:12,Saturday,SCARBOROUGH CENTRE STA,Operations - Operator,26,52,S,8921
2021/10/09,112,14:19,Saturday,KIPLING STATION,Cleaning - Unsanitary,15,30,N,8046
2021/10/09,95,14:21,Saturday,ELLESMERE AND PACKARD,Mechanical,13,26,E,1299
2021/10/09,29,14:32,Saturday,DUFFERIN AND FLORENCE,Security,9,18,S,9055
2021/10/09,133,14:33,Saturday,STAINES AND SISKEN TER,Mechanical,10,20,S,1284
2021/10/09,84,14:59,Saturday,SHEPPARD AND ARROW,Mechanical,7,14,W,3512
2021/10/09,162,15:00,Saturday,LAWRENCE STATION,Operations - Operator,30,60,E,8778
2021/10/09,104,15:30,Saturday,WILSON STATION,Mechanical,15,30,S,1367
2021/10/09,905,15:38,Saturday,MORNINGSIDE AND ELLESM,Cleaning - Unsanitary,10,20,S,8482
2021/10/09,52,15:40,Saturday,LAWRENCE WEST STATION,Collision - TTC,18,36,E,3487
2021/10/09,95,15:53,Saturday,ELLESMERE AND NEILSON,Mechanical,12,24,W,1252
2021/10/09,102,16:00,Saturday,MARKHAM AND STEELES,General Delay,0,0,,0
2021/10/09,57,16:00,Saturday,MIDLAND AND STEELES,General Delay,0,0,,0
2021/10/09,125,16:21,Saturday,FINCH STATION,Collision - TTC,30,60,N,8168
2021/10/09,29,16:30,Saturday,DUFFERIN AND GLENCAIRN,Mechanical,9,18,S,8159
2021/10/09,32,16:32,Saturday,LAWRENCE AND PINE,Cleaning - Unsanitary,12,24,E,1141
2021/10/09,84,16:40,Saturday,SHEPPARD AND OAKDALE,Cleaning - Unsanitary,8,15,E,3583
2021/10/09,37,16:44,Saturday,ISLINGTON AND CHESTNUT,General Delay,49,63,N,8423
2021/10/09,32,16:45,Saturday,EGLINTON AND JANE,Mechanical,12,24,W,1356
2021/10/09,52,17:00,Saturday,DIXON AND MARTIN GROVE,General Delay,30,60,W,3530
2021/10/09,63,17:16,Saturday,OUTSIDE OSSINGTON STAT,Security,9,18,N,8176
2021/10/09,37,17:33,Saturday,ISLINGTON AND WESTHAMP,Security,14,28,S,7934
2021/10/09,20,17:42,Saturday,MAIN STATION,Operations - Operator,20,40,E,8947
2021/10/09,26,17:44,Saturday,DUPONT AND SHAW,Security,30,60,E,8448
2021/10/09,38,17:47,Saturday,LAWSON AND MEADOWVALE,Operations - Operator,10,20,N,3652
2021/10/09,85,18:00,Saturday,MEADOWVALE LOOP,Emergency Services,0,0,W,1242
2021/10/09,89,18:03,Saturday,WESTON AND DEE,Security,10,20,S,8122
2021/10/09,12,18:17,Saturday,KENNEDY STATION,Mechanical,15,30,W,8927
2021/10/09,112,18:18,Saturday,KIPLING STATION,Mechanical,19,34,S,8093
2021/10/09,84,18:34,Saturday,WESTON AND BRADSTOCK,Operations - Operator,7,15,W,3571
2021/10/09,9,18:40,Saturday,WARDEN STATION,Operations - Operator,24,48,N,8592
2021/10/09,7,19:05,Saturday,BATHURST STATION,Collision - TTC,9,17,N,8362
2021/10/09,108,19:14,Saturday,SHEPPARD WEST STATION,Collision - TTC,30,60,,3708
2021/10/09,43,19:15,Saturday,KENNEDY AND MCNICOLL,Mechanical,10,20,S,3114
2021/10/09,42,19:24,Saturday,3451 MCNICOLL,Cleaning - Unsanitary,15,30,W,3241
2021/10/09,97,19:30,Saturday,FINCH STATION,Operations - Operator,30,60,S,8307
2021/10/09,57,19:30,Saturday,MIDLAND AND MARCOS,General Delay,23,38,N,3125
2021/10/09,7,19:46,Saturday,BATHURST STATION,Collision - TTC,9,17,S,9006
2021/10/09,25,19:52,Saturday,DON MILLS AND BARBER G,Emergency Services,10,20,S,8793
2021/10/09,57,19:52,Saturday,MIDLAND AND PASSMORE,Diversion,43,58,N,0
2021/10/09,43,19:52,Saturday,MIDLAND AND PASSMORE,Diversion,43,53,S,0
2021/10/09,63,19:58,Saturday,NORTHUMBERLAND AND CON,Emergency Services,10,20,,8128
2021/10/09,113,20:15,Saturday,MAIN STREET STATION,Cleaning - Unsanitary,20,40,E,9221
2021/10/09,40,20:29,Saturday,KIPLING STATION,Operations - Operator,24,48,E,8036
2021/10/09,7,20:30,Saturday,BATHURST AND DUPONT,Mechanical,9,18,S,9015
2021/10/09,7,20:31,Saturday,BATHURST AND SHEPPARD,Mechanical,9,18,N,9017
2021/10/09,96,21:03,Saturday,CARRIER LOOP,General Delay,20,40,E,3364
2021/10/09,96,21:07,Saturday,HUMBER AND CLAIRVILLE,General Delay,20,40,E,3558
2021/10/09,7,21:31,Saturday,BATHURST AND STEELES,Mechanical,9,18,S,9014
2021/10/09,113,21:34,Saturday,MAIN STREET STATION,Utilized Off Route,20,40,E,8569
2021/10/09,7,21:35,Saturday,BATHURST AND DAVENPORT,Cleaning - Unsanitary,9,18,S,8341
2021/10/09,,21:39,Saturday,27 CASTLEDENE,Utilized Off Route,0,0,,9229
2021/10/09,118,21:44,Saturday,THISTLE DOWN AND ALBIO,General Delay,30,60,E,8315
2021/10/09,64,21:44,Saturday,MAIN STREET STATION,Cleaning - Unsanitary,14,28,N,8926
2021/10/09,96,21:57,Saturday,HUMBER COLLEGE,General Delay,20,40,W,3572
2021/10/09,67,21:58,Saturday,PHARMACY AND SUNRIDGE,Operations - Operator,0,0,N,3274
2021/10/09,85,22:14,Saturday,SHEPPARD AND MORNINGSI,Mechanical,20,40,E,1322
2021/10/09,81,23:14,Saturday,OVERLEA AND THRONCLIFF,Diversion,143,155,N,0
2021/10/09,88,23:23,Saturday,OVERLEA AND THRONCLIFF,Diversion,160,180,,0
2021/10/09,52,00:02,Saturday,LAWRENCE AND JANE,Mechanical,20,40,E,8911
2021/10/09,302,01:48,Saturday,BINGHAM LOOP,Operations - Operator,30,60,E,3649
2021/10/10,300,02:03,Sunday,KIPLING STATION,Operations - Operator,15,30,E,0
2021/10/10,300,02:20,Sunday,BLOOR AND SYMINGTON,Collision - TTC,3,10,W,1318
2021/10/10,320,02:38,Sunday,YONGE AND FRONT,Road Blocked - NON-TTC Collision,122,126,,0
2021/10/10,162,04:00,Sunday,LAWRENCE STATION,Operations - Operator,30,60,S,3757
2021/10/10,52,04:15,Sunday,WELLNESS WAY AND HOSPI,Cleaning - Unsanitary,30,60,E,3546
2021/10/10,,05:23,Sunday,YONGE AND POYNTZ,Collision - TTC,0,0,S,0
2021/10/10,29,06:04,Sunday,STEELES AND YONGE,Emergency Services,10,20,E,9078
2021/10/10,85,06:39,Sunday,5050 SHEPPARD AVE EAST,Mechanical,20,40,W,1352
2021/10/10,36,07:09,Sunday,FINCH STATION,Mechanical,10,20,W,3624
2021/10/10,85,07:16,Sunday,SHEPPARD AND MORNINGSI,Utilized Off Route,20,40,E,1309
2021/10/10,59,07:39,Sunday,248 BRIDGELAND AVE,Mechanical,30,60,E,8317
2021/10/10,32,07:39,Sunday,EGLINTON AND WINCOTT,Mechanical,10,20,W,1147
2021/10/10,86,08:05,Sunday,KENNEDY STATION,Mechanical,10,20,E,3466
2021/10/10,32,08:12,Sunday,PINE AND LAWRENCE,Vision,10,20,N,1260
2021/10/10,7,08:12,Sunday,BATHURST AND DUNDAS,General Delay,30,42,N,9021
2021/10/10,14,08:24,Sunday,TYCOS DR AND CALEDONIA,Mechanical,22,44,W,1354
2021/10/10,97,08:27,Sunday,STEELES AND YONGE,Emergency Services,0,0,,8129
2021/10/10,108,08:33,Sunday,KEELE AND ST REGIS,Mechanical,30,60,W,3533
2021/10/10,34,08:47,Sunday,KENNEDY STATION,Mechanical,7,14,E,8740
2021/10/10,86,08:54,Sunday,MEADOWVALE AND GENERAT,Emergency Services,10,20,N,3445
2021/10/10,96,09:00,Sunday,CARRIER LOOP,Operations - Operator,20,40,W,3588
2021/10/10,600,09:15,Sunday,DANFORTH AVE AND OAK P,Mechanical,25,50,E,8604
2021/10/10,929,09:26,Sunday,DUFFERIN AND QUEEN,Mechanical,10,20,S,9052
2021/10/10,108,09:31,Sunday,STEELES AND MURRRY ROS,Diversion,110,113,E,3570
2021/10/10,53,09:45,Sunday,STEELES AND KENNEDY,Vision,10,20,W,3213
2021/10/10,36,10:07,Sunday,FINCH AND ISLINGTON,Mechanical,7,14,E,8907
2021/10/10,108,10:11,Sunday,MURRAY ROSS AND SHOREH,Diversion,30,60,E,8880
2021/10/10,35,10:26,Sunday,JANE STATION,Vision,10,20,N,1001
2021/10/10,34,10:50,Sunday,EGLINTON STATION,Security,18,36,,8767
2021/10/10,116,10:51,Sunday,MORNINGSIDE AND NIGHTS,Mechanical,7,15,S,1318
2021/10/10,96,10:53,Sunday,WESTHUMBER AND KIPLING,Operations - Operator,20,40,W,3588
2021/10/10,68,11:43,Sunday,WARDEN AND STEELES,Security,8,16,S,3266
2021/10/10,63,11:52,Sunday,OAKWOOD AND ST CLAIR,Road Blocked - NON-TTC Collision,105,113,S,8313
2021/10/10,9,12:04,Sunday,WARDEN STATION,Operations - Operator,22,42,N,0
2021/10/10,161,12:05,Sunday,OAKWOOD AND ST CLAIR,Diversion,107,126,W,1205
2021/10/10,45,12:18,Sunday,KIPLING STATION,Vision,10,20,N,1397
2021/10/10,162,12:30,Sunday,LAWRENCE STATION,Operations - Operator,30,60,E,0
2021/10/10,67,12:34,Sunday,PHARMACY AND LAWRENCE,Emergency Services,17,34,N,8706
2021/10/10,62,12:35,Sunday,MAIN STREET STATION,Cleaning - Unsanitary,15,35,W,8479
2021/10/10,110,12:39,Sunday,ISLINGTON STATION,Operations - Operator,20,40,N,8083
2021/10/10,77,12:44,Sunday,RUNNYMEDE STATION,Operations - Operator,24,48,E,7966
2021/10/10,73,12:53,Sunday,ROYAL YORK AND OAKFIEL,Mechanical,23,46,N,7918
2021/10/10,37,12:56,Sunday,ISLINGTON STATION,Operations - Operator,20,40,S,8022
2021/10/10,53,13:09,Sunday,YONGE AND ATHABASKA,Collision - TTC,7,14,N,3124
2021/10/10,56,13:42,Sunday,DONLANDS STATION,Operations - Operator,30,60,E,8714
2021/10/10,116,13:53,Sunday,MORNINGSIDE AND NIGHTS,Mechanical,7,13,S,3647
2021/10/10,11,13:58,Sunday,BAYVIEW AND STEELES,Diversion,45,75,S,8723
2021/10/10,20,14:15,Sunday,DANFORTH AND GUEST,Emergency Services,22,44,W,8491
2021/10/10,47,14:30,Sunday,YORKDALE STATION,Mechanical,18,36,S,8309
2021/10/10,26,14:32,Sunday,JANE STATION,Operations - Operator,28,56,,0
2021/10/10,110,14:34,Sunday,GARNETT JANES AND ETTA,Security,20,40,E,8447
2021/10/10,189,14:45,Sunday,HIGH PARK STATION,Operations - Operator,50,100,S,8460
2021/10/10,52,14:46,Sunday,LAWRENCE AND BRUCEWOOD,Investigation,8,16,W,3630
2021/10/10,36,15:03,Sunday,HUMBERWOOD BLVD LOOP,Investigation,5,10,S,3702
2021/10/10,939,15:17,Sunday,FINCH AND SENECA HILL,Mechanical,16,32,E,3248
2021/10/10,19,15:32,Sunday,QUEENS QUAY AND YONGE,Mechanical,23,56,N,8409
2021/10/10,9,15:44,Sunday,WARDEN STATION,Operations - Operator,22,44,N,0
2021/10/10,97,15:49,Sunday,DAVISVILLE STATION,Security,15,30,S,8330
2021/10/10,80,15:54,Sunday,QUEENSWAY AND EAST MAL,Diversion,110,134,W,8074
2021/10/10,35,16:09,Sunday,JANE AND RAVEN,Mechanical,8,16,N,1047
2021/10/10,925,16:39,Sunday,PAPE STATION,Operations - Operator,20,40,E,8652
2021/10/10,60,16:52,Sunday,YONGE AND ATHABASKA,Collision - TTC,10,20,N,8116
2021/10/10,40,16:57,Sunday,ST CLAIR AND JANE,Security,24,48,E,8449
2021/10/10,89,16:59,Sunday,WESTON AND MCCORMACK,Diversion,101,121,,0
2021/10/10,93,17:36,Sunday,O'CONNOR AND WOODBINE,Diversion,116,128,E,8692
2021/10/10,43,17:55,Sunday,KENNEDY AND MCNICOLL,Operations - Operator,10,20,S,3190
2021/10/10,16,18:05,Sunday,DANFORTH AND EGLINTON,Collision - TTC,12,24,N,3136
2021/10/10,83,18:17,Sunday,DONLANDS STATION,Emergency Services,16,32,N,8417
2021/10/10,41,18:20,Sunday,KEELE AND WHITEBURN,Mechanical,11,22,S,1413
2021/10/10,935,18:20,Sunday,JANE STATION,Mechanical,10,20,N,1049
2021/10/10,68,18:23,Sunday,WARDEN AND STEELES,Mechanical,30,60,S,3192
2021/10/10,600,18:45,Sunday,MOUNT DENNIS GARAGE,Operations - Operator,0,0,,0
2021/10/10,39,18:53,Sunday,KENNEDY AND FINCH,Operations - Operator,15,30,W,3249
2021/10/10,39,18:53,Sunday,FINCH AND KENNEDY,Operations - Operator,15,30,W,3249
2021/10/10,56,19:00,Sunday,LAIRD AND EGLINTON,General Delay,0,0,,0
2021/10/10,83,19:24,Sunday,DANFORTH STATION,Cleaning - Unsanitary,16,32,N,8417
2021/10/10,900,19:44,Sunday,KIPLING STATION,Operations - Operator,5,11,N,8009
2021/10/10,927,19:53,Sunday,MARTINGROVE AND GARFEL,Diversion,63,73,S,3547
2021/10/10,100,19:58,Sunday,WYNFORD AND N OF EGLIN,Security,10,20,S,8716
2021/10/10,83,20:04,Sunday,DONLANDS STATION,Mechanical,10,20,N,8417
2021/10/10,43,20:24,Sunday,KENNEDY STATION,Operations - Operator,15,30,N,3493
2021/10/10,42,20:30,Sunday,CUMMER AND WILLOWDALE,Mechanical,24,48,W,3206
2021/10/10,68,20:42,Sunday,WARDEN AND CANADIAN,Diversion,118,153,N,3200
2021/10/10,72,20:45,Sunday,PAPE STATION,Security,27,54,,8587
2021/10/10,52,20:50,Sunday,LAWRENCE AND JANE,Operations - Operator,20,40,W,8912
2021/10/10,116,21:22,Sunday,MORNINGSIDE AND SHEPPA,Diversion,60,69,S,0
2021/10/10,63,21:28,Sunday,EGLINTON WEST STATION,Operations - Operator,10,20,E,8161
2021/10/10,43,21:40,Sunday,MIDLAND AND STEELES,Mechanical,10,20,N,3215
2021/10/10,79,21:48,Sunday,HENRIETTA AND RUNNYMED,General Delay,25,50,S,1093
2021/10/10,47,21:52,Sunday,YORKDALE GO TERMINAL,Mechanical,20,40,S,8339
2021/10/10,37,21:58,Sunday,BERGAMOT AND ISLINGTON,Diversion,12,37,,7944
2021/10/10,45,22:02,Sunday,KIPLING STATION,Operations - Operator,10,20,W,1059
2021/10/10,7,22:06,Sunday,BATHURST AND WILSON,Operations - Operator,10,20,N,8185
2021/10/10,63,22:08,Sunday,EGLINTON WEST STATION,Operations - Operator,10,20,N,8315
2021/10/10,34,22:15,Sunday,EGLINTON STATION JUST,Collision - TTC,18,36,S,8846
2021/10/10,43,22:22,Sunday,KENNEDY STATION,Security,0,0,,3326
2021/10/10,900,23:34,Sunday,KIPLING STATION,Mechanical,8,16,S,7949
2021/10/10,62,00:15,Sunday,MORTIMER AND LOGAN,Vision,20,40,W,8527
2021/10/10,84,00:22,Sunday,SHEPPARD AND ARROW,Diversion,52,72,W,3597
2021/10/10,7,01:11,Sunday,BATHURST AND WILSON,Operations - Operator,30,60,N,3639
2021/10/11,25,02:00,Monday,DON MILLS STATION,Operations - Operator,30,60,E,3128
2021/10/11,7,02:42,Monday,BATHURST AND FISHERVIL,Mechanical,30,60,S,3639
2021/10/11,339,03:13,Monday,FINCH AND MIDDLEFIELD,General Delay,30,60,S,3120
2021/10/11,75,03:16,Monday,YONGE AND QUEEN'S QUAY,Emergency Services,7,15,S,9221
2021/10/11,322,04:59,Monday,COXWELL AND FAIRFORD,General Delay,30,60,S,8938
2021/10/11,300,05:25,Monday,DANFORTH AND DAWES,Security,15,30,W,8097
2021/10/11,79,06:10,Monday,SCARLETT AND ALMA,Mechanical,15,30,S,1106
2021/10/11,31,06:13,Monday,GREENWOOD AND QUEEN,Mechanical,25,50,S,8949
2021/10/11,20,06:16,Monday,MAIN STREET STATION,Utilized Off Route,24,48,W,8471
2021/10/11,35,06:20,Monday,JANE STATION,Utilized Off Route,30,60,E,1001
2021/10/11,52,06:56,Monday,LAWRENCE STATION,Utilized Off Route,24,48,N,3611
2021/10/11,395,07:29,Monday,ELLESMERE AND MORNINGS,Mechanical,30,49,E,3447
2021/10/11,161,07:38,Monday,JANE AND ALLIANCE,Mechanical,20,40,E,1396
2021/10/11,25,07:47,Monday,FREASH MEADOW AND TOWN,Mechanical,15,30,W,8835
2021/10/11,16,08:34,Monday,MCCOWAN ROUTE,General Delay,20,40,,0
2021/10/11,46,08:37,Monday,KIPLING STATION,Security,20,37,,7931
2021/10/11,110,08:37,Monday,ISLINGTON STATION,Mechanical,20,40,,7910
2021/10/11,53,08:55,Monday,3115 KENNEDY RD,Vision,10,20,W,3176
2021/10/11,36,09:00,Monday,FINCH AND ALEXDON,Mechanical,11,22,W,3488
2021/10/11,84,09:14,Monday,SHEPPARD AND WESTON,Mechanical,10,20,W,8882
2021/10/11,95,09:22,Monday,YORK MILLS STATION,Cleaning - Unsanitary,20,40,E,3450
2021/10/11,7,09:27,Monday,BATHURST AND CODSELL,Emergency Services,10,20,N,8310
2021/10/11,112,09:35,Monday,THE WEST MALL AND BLOO,Mechanical,20,40,N,7934
2021/10/11,37,09:52,Monday,QUEENS PLATE AND HARNE,Mechanical,18,36,S,7922
2021/10/11,63,10:09,Monday,OSSINGTON STATION,Collision - TTC,10,19,,8325
2021/10/11,75,10:28,Monday,LOWER JARVIS AND QUEEN,Mechanical,20,40,N,9222
2021/10/11,64,10:47,Monday,WILLIAMSON AND SOUTHWO,General Delay,30,50,E,8959
2021/10/11,71,11:10,Monday,BLACK CREEK AND TRETHE,Mechanical,15,30,S,8061
2021/10/11,41,11:15,Monday,PIONEER VILLAGE STATIO,Emergency Services,0,0,,1393
2021/10/11,90,12:20,Monday,ST CLAIR WEST STATION,Mechanical,8,16,S,8198
2021/10/11,74,12:25,Monday,ST CLAIR STATION,Mechanical,25,50,N,3753
2021/10/11,116,12:35,Monday,EGINTON AND MARKHAM,Mechanical,7,13,W,1595
2021/10/11,80,13:03,Monday,KEELE STATION,Mechanical,24,48,W,7938
2021/10/11,59,13:13,Monday,LAWRENCE WEST STATION,Operations - Operator,30,60,,8306
2021/10/11,935,13:30,Monday,PIONEER VILLAGE STATIO,Mechanical,10,20,S,1041
2021/10/11,32,13:40,Monday,PINE AND WRIGHT,Mechanical,12,24,N,1071
2021/10/11,63,13:41,Monday,OSSINGTON STATION,Security,8,14,,1371
2021/10/11,79,13:46,Monday,RUNNYMEDE STATION,Operations - Operator,30,60,N,1118
2021/10/11,133,13:47,Monday,SCARBOROUGH CENTRE STA,Mechanical,10,20,S,1352
2021/10/11,40,14:02,Monday,DUNDAS WEST STATION,Cleaning - Unsanitary,26,52,W,8078
2021/10/11,91,14:19,Monday,VALLEYWOOD RD,Diversion,175,200,N,8626
2021/10/11,91,14:19,Monday,VALLEY WOODS AND YORK,Road Blocked - NON-TTC Collision,25,50,N,8626
2021/10/11,30,14:21,Monday,DUNDAS B / QUEBC AND H,Diversion,30,50,E,8462
2021/10/11,63,14:28,Monday,OAKWOOD AND JESMOND,Security,10,20,S,8200
2021/10/11,36,14:34,Monday,FINCH AND JANE,Mechanical,5,10,W,8917
2021/10/11,92,14:54,Monday,LAKESHORE AND WOODBINE,Security,5,10,E,8414
2021/10/11,935,15:10,Monday,JANE STATION,Mechanical,10,20,N,1043
2021/10/11,69,16:22,Monday,WARDEN AND FIRVALLEY,Security,11,22,S,8586
2021/10/11,89,16:40,Monday,KEELE STATION,Cleaning - Unsanitary,10,20,N,8161
2021/10/11,75,16:45,Monday,SHERBOURNE AND QUEEN,General Delay,32,52,,8518
2021/10/11,7,16:49,Monday,BATHURST AND RANEE,Mechanical,7,14,S,8158
2021/10/11,32,17:05,Monday,LAWRENCE AND JANE,Mechanical,12,14,E,1027
2021/10/11,36,17:05,Monday,FINCH WEST STATION,Mechanical,5,10,N,3548
2021/10/11,86,17:10,Monday,KENNEDY STATION,Security,9,18,,3444
2021/10/11,109,17:33,Monday,LAWRENCE WEST STATION,Utilized Off Route,40,80,N,8188
2021/10/11,68,17:33,Monday,WARDEN STATION,Mechanical,10,20,N,3215
2021/10/11,939,17:35,Monday,SCARBORUGH CENTRE STAT,Mechanical,16,36,W,3334
2021/10/11,52,17:38,Monday,LAWRENCE AND JANE,Cleaning - Unsanitary,16,32,W,3557
2021/10/11,52,17:58,Monday,LAWRENCE AND KEELE,Emergency Services,8,16,W,3700
2021/10/11,29,18:08,Monday,CANADA BLVD AND PRINCE,Road Blocked - NON-TTC Collision,168,178,W,9023
2021/10/11,89,18:11,Monday,KEELE AND DUNDAS,Emergency Services,10,20,N,8180
2021/10/11,35,18:29,Monday,JANE AND FIRGROVE,Security,8,16,S,1016
2021/10/11,19,18:55,Monday,BAY AND BLOOR,Operations - Operator,25,50,N,8963
2021/10/11,80,19:02,Monday,SHERWAY GARDENS,Mechanical,30,60,E,7975
2021/10/11,87,20:00,Monday,COSBURN AND TODMORDEN,Utilized Off Route,10,20,W,8413
2021/10/11,64,20:15,Monday,MAIN STATION,Operations - Operator,15,30,W,8528
2021/10/11,22,20:59,Monday,KINGSTON AND MAIN,Utilized Off Route,10,20,N,8528
2021/10/11,12,21:04,Monday,VICTORIA PARK STATION,Operations - Operator,17,34,E,8941
2021/10/11,133,21:10,Monday,SCARBOROUGH CENTRE STA,Mechanical,16,32,N,3459
2021/10/11,53,21:15,Monday,FINCH AND MIDDLEFIELD,Mechanical,20,40,W,3321
2021/10/11,65,21:20,Monday,CASTLE FRANK STATION,Operations - Operator,15,30,N,8869
2021/10/11,87,21:21,Monday,BROADVIEW STATION,Cleaning - Unsanitary,10,20,,8936
2021/10/11,102,21:31,Monday,MCNICOLL AND MARKHAM,Diversion,115,125,W,3434
2021/10/11,34,21:31,Monday,EGLINTON STATION,Emergency Services,11,18,,8741
2021/10/11,102,21:36,Monday,MARKHAM AND SHEPPARD,Operations - Operator,10,20,N,3436
2021/10/11,24,21:37,Monday,VICTORIA PARK AND INNI,Collision - TTC,10,19,N,8480
2021/10/11,102,21:46,Monday,MARKHAM AND SHEPPARD,Operations - Operator,20,40,E,3432
2021/10/11,70,22:18,Monday,COXWELL AND STRATHMORE,Security,30,60,,8522
2021/10/11,42,22:55,Monday,DYNAMIC AND PASSMORE,Diversion,67,100,W,3279
2021/10/11,16,23:00,Monday,DANFORTH AND LINDEN,Utilized Off Route,10,20,N,1298
2021/10/11,35,23:41,Monday,JANE AND TRETHEWEY,Operations - Operator,10,20,W,1019
2021/10/11,35,23:51,Monday,JANE AND TRETHEWEY,Operations - Operator,10,20,W,1053
2021/10/11,960,23:54,Monday,FINCH STATION,Utilized Off Route,16,32,E,8352
2021/10/11,29,00:25,Monday,WILSON STATION,Operations - Operator,10,20,S,9078
2021/10/11,7,00:30,Monday,BATHURST AND GREENWIN,Cleaning - Unsanitary,11,21,N,8126
2021/10/11,19,00:50,Monday,DAVENPORT AND BEDFORD,Emergency Services,20,40,W,8519
2021/10/11,47,01:00,Monday,LANSDOWNE STATION,Security,15,30,,8129
2021/10/11,7,01:25,Monday,BATHURST STATION,Cleaning - Unsanitary,15,30,S,8358
2021/10/11,960,01:30,Monday,FINCH STATION,Security,21,38,,8182
2021/10/11,35,01:39,Monday,JANE AND WESTON,Mechanical,14,28,S,1013
2021/10/12,322,04:59,Tuesday,BINGHAM LOOP,Emergency Services,0,0,E,8947
2021/10/12,7,05:53,Tuesday,BATHURST STATION,Mechanical,9,19,,9015
2021/10/12,945,06:09,Tuesday,KIPLING AND FINCH,Security,7,7,S,1422
2021/10/12,97,06:28,Tuesday,DAVISVILLE STATION,Emergency Services,15,30,,8386
2021/10/12,989,06:29,Tuesday,KEELE AND ANNETTE,Collision - TTC,15,30,S,8121
2021/10/12,132,06:30,Tuesday,657 MILNER AVE,Mechanical,24,48,S,3641
2021/10/12,90,06:32,Tuesday,BATHURST AND ST CLAIR,Mechanical,5,10,N,1383
2021/10/12,105,07:00,Tuesday,SHEPPARD WEST STATION,Mechanical,11,22,N,8201
2021/10/12,76,07:04,Tuesday,ROYAL YORK STATION,Emergency Services,0,0,,7915
2021/10/12,57,07:26,Tuesday,KENNEDY STATION,Mechanical,8,17,S,3112
2021/10/12,20,07:34,Tuesday,MIDLAND AND DANFORTH R,Mechanical,12,24,S,8603
2021/10/12,79,07:46,Tuesday,RUNNYMEDE AND DUNDAS,Diversion,599,609,N,0
2021/10/12,68,07:52,Tuesday,WARDEN AND CARLTON,Investigation,45,49,N,3253
2021/10/12,32,08:05,Tuesday,EGLINTON AND RUSSELL,Collision - TTC,4,8,W,1120
2021/10/12,941,08:07,Tuesday,KEELE AND NASHVILLE,Collision - TTC,9,18,S,9049
2021/10/12,61,08:16,Tuesday,AVENUE AND DOUGLAS (N,Collision - TTC,10,20,N,8145
2021/10/12,52,08:18,Tuesday,LAWRENCE WEST STATION,Mechanical,9,14,E,3710
2021/10/12,927,08:24,Tuesday,116 QUEENS PLATE DRIVE,Mechanical,8,17,N,3579
2021/10/12,986,08:53,Tuesday,KINGSTON AND CROMWELL,Collision - TTC,6,12,E,3642
2021/10/12,79,09:07,Tuesday,DUNDAS AND RUNNYMEDE,General Delay,5,22,E,1139
2021/10/12,12,09:08,Tuesday,VICTORIA PARK STATION,Operations - Operator,24,48,,8935
2021/10/12,960,09:12,Tuesday,STEELES AND JANE,Collision - TTC,9,18,W,8211
2021/10/12,104,09:20,Tuesday,DUFFERIN AND STEEPROCK,General Delay,92,105,S,8355
2021/10/12,72,09:22,Tuesday,400 DANFORTH,Vision,10,19,E,8587
2021/10/12,118,09:30,Tuesday,ALBION AND ELMHURST,Diversion,93,118,,0
2021/10/12,73,09:34,Tuesday,ALBION AND ELMHURST,Road Blocked - NON-TTC Collision,99,116,B,8079
2021/10/12,88,09:48,Tuesday,ST CLAIR STATION,Operations - Operator,20,40,W,8708
2021/10/12,52,09:50,Tuesday,LAWRENCE AND RALPH,Mechanical,3,21,E,3702
2021/10/12,79,10:03,Tuesday,RUNNYMEDE STATION,Operations - Operator,24,48,N,1141
2021/10/12,925,10:04,Tuesday,PAPE STATION,Collision - TTC,12,24,N,8805
2021/10/12,25,10:18,Tuesday,DON MILLS STATION,Operations - Operator,8,16,S,8837
2021/10/12,52,10:53,Tuesday,LAWRENCE AND RALPH,Mechanical,20,40,E,3496
2021/10/12,53,11:06,Tuesday,FINCH STATION,Mechanical,7,14,E,3299
2021/10/12,84,11:19,Tuesday,BRADSTOCK AND WESTON,Operations - Operator,8,16,E,3615
2021/10/12,94,11:27,Tuesday,WELLESLEY STATION,Security,15,30,E,8513
2021/10/12,995,11:29,Tuesday,ELLESMERE AT SCARBOURO,Mechanical,16,32,W,1562
2021/10/12,52,11:35,Tuesday,LAWRENCE WEST STATION,Operations - Operator,20,40,,3506
2021/10/12,52,11:55,Tuesday,LAWRENCE WEST STATION,Operations - Operator,20,40,,3586
2021/10/12,43,12:01,Tuesday,KENNEDY AND STEELES,Diversion,718,798,N,3134
2021/10/12,43,12:06,Tuesday,PROGRESS AND MIDLAND,Diversion,15,153,W,0
2021/10/12,75,12:10,Tuesday,SHERBOURNE AND ESPANAD,Collision - TTC,7,15,N,8617
2021/10/12,39,12:22,Tuesday,SCARBOROUGH CENTRE STA,Vision,1,17,,3176
2021/10/12,999,12:23,Tuesday,LAKESHORE GARAGE (580,Emergency Services,0,0,,0
2021/10/12,929,12:56,Tuesday,WILSON STATION,Utilized Off Route,10,20,S,9078
2021/10/12,102,12:57,Tuesday,MARKHAM AND SHEPPARD,Operations - Operator,30,60,N,3416
2021/10/12,999,12:58,Tuesday,ALLEN AND LAWRENCE,Collision - TTC,0,0,S,8322
2021/10/12,123,13:03,Tuesday,KIPLING STATION,Operations - Operator,21,42,,8097
2021/10/12,95,13:05,Tuesday,YORK MILLS STATION,Utilized Off Route,15,30,E,1656
2021/10/12,95,13:05,Tuesday,YORK MILLS STATION,Utilized Off Route,15,30,E,1211
2021/10/12,57,13:08,Tuesday,MIDLAND AND PASSMORE,Investigation,14,28,S,3266
2021/10/12,29,13:12,Tuesday,DUFFERIN AND APEX,Utilized Off Route,8,16,S,9052
2021/10/12,905,13:17,Tuesday,KINGSTON AND GALLOWAY,Emergency Services,8,16,N,8870
2021/10/12,52,13:20,Tuesday,LAWRENCE WEST STATIO,Mechanical,20,31,E,3523
2021/10/12,53,13:20,Tuesday,FINCH STATION,Utilized Off Route,10,20,E,3314
2021/10/12,102,13:22,Tuesday,MARKHAM AND PROGRESS,Utilized Off Route,20,40,S,3437
2021/10/12,95,13:23,Tuesday,YORK MILLS STATION,Utilized Off Route,15,30,E,1618
2021/10/12,19,13:24,Tuesday,BAY AND BLOOR,Operations - Operator,17,34,N,8938
2021/10/12,91,13:25,Tuesday,WOODBINE STATION,Operations - Operator,25,50,,0
2021/10/12,97,13:27,Tuesday,YONGE AND EGLINTON,Utilized Off Route,30,60,S,8386
2021/10/12,929,13:27,Tuesday,DUFFERIN AND LAWRENCE,Utilized Off Route,10,20,S,9140
2021/10/12,925,13:29,Tuesday,PAPE STATION,Utilized Off Route,12,24,S,8712
2021/10/12,68,13:30,Tuesday,WARDEN AND STEELES,Vision,17,34,N,3335
2021/10/12,54,13:31,Tuesday,LAWRENCE AND PORT UNIO,Mechanical,11,21,,8861
2021/10/12,7,13:35,Tuesday,BATHURST AND GREENWIN,Utilized Off Route,8,17,N,9007
2021/10/12,941,13:37,Tuesday,KEELE AND LAWRENCE,Mechanical,9,18,N,9048
2021/10/12,54,13:43,Tuesday,LAWRENCE AND CARNFORTH,Collision - TTC,14,28,W,8705
2021/10/12,36,13:44,Tuesday,FINCH AND ARROW,Operations - Operator,5,10,,3613
2021/10/12,96,13:53,Tuesday,YORK MILLS STATION,Utilized Off Route,21,42,E,3609
2021/10/12,70,13:56,Tuesday,COXWELL STATION,Operations - Operator,11,22,,8568
2021/10/12,52,13:56,Tuesday,LAWRENCE AND DUPLEX,Collision - TTC,8,28,E,3634
2021/10/12,40,14:00,Tuesday,DUNDAS WEST STATION,Operations - Operator,20,40,W,7966
2021/10/12,12,14:02,Tuesday,VICTORIA PARK STATION,Operations - Operator,25,50,W,8535
2021/10/12,109,14:04,Tuesday,NEPTUNE AND BATHURST,Mechanical,24,48,E,8388
2021/10/12,935,14:12,Tuesday,JANE AND CHALKFARM,Emergency Services,13,25,N,1062
2021/10/12,24,14:18,Tuesday,VICTORIA PARK STATION,Operations - Operator,25,50,S,9220
2021/10/12,84,14:18,Tuesday,SHEPPARD AND JANE,Investigation,8,16,E,3510
2021/10/12,91,14:20,Tuesday,WOODBINE STATION,Operations - Operator,50,75,N,8673
2021/10/12,52,14:24,Tuesday,LAWRENCE AND DUPLEX,Diversion,256,268,W,8902
2021/10/12,124,14:27,Tuesday,LAWRENCE STATION,Collision - TTC,253,265,W,8377
2021/10/12,124,14:27,Tuesday,LAWRENCE AND YONGE,Diversion,253,265,W,8377
2021/10/12,52,14:27,Tuesday,LAWRENCE AND YONGE,General Delay,12,24,W,3566
2021/10/12,131,14:38,Tuesday,SEWELLS AND MORNINGSID,Mechanical,13,26,W,1252
2021/10/12,168,14:59,Tuesday,AVON LOOP,Operations - Operator,7,14,E,0
2021/10/12,72,14:59,Tuesday,DANFORTH AND WARDEN,Mechanical,8,18,S,8603
2021/10/12,100,15:02,Tuesday,DON MILLS AND OVERLEA,Security,8,16,N,8824
2021/10/12,52,15:12,Tuesday,LAWRENCE AND REDBERRY,Mechanical,10,17,E,3501
2021/10/12,54,15:14,Tuesday,EGLINTON AND LAIRD,Investigation,14,28,W,8830
2021/10/12,52,15:26,Tuesday,ARROW ROAD GARAGE,Operations - Operator,17,31,,0
2021/10/12,162,15:30,Tuesday,LAWRENCE STATION,Operations - Operator,30,60,,8829
2021/10/12,129,15:32,Tuesday,SCARBOROUGH CENTRE STA,Mechanical,11,22,N,3324
2021/10/12,36,15:33,Tuesday,FINCH STATION,Collision - TTC,0,0,,3515
2021/10/12,110,15:33,Tuesday,ISLINGTON STATION,Mechanical,12,24,S,7910
2021/10/12,34,15:59,Tuesday,EGLINTON AND SLOANE,General Delay,47,55,W,8771
2021/10/12,968,16:32,Tuesday,WARDEN AND ST CLAIR,Mechanical,12,24,E,3215
2021/10/12,162,16:37,Tuesday,LAWRENCE AND YONGE,Diversion,150,180,,0
2021/10/12,39,16:42,Tuesday,FINCH STATION,Vision,14,29,N,3250
2021/10/12,36,16:43,Tuesday,FINCH WEST STATION,Operations - Operator,5,10,,3603
2021/10/12,68,16:46,Tuesday,WARDEN AND HIGHWAY 7,Mechanical,23,46,N,3170
2021/10/12,80,16:50,Tuesday,SPRING ROAD AND PARKSI,Diversion,545,575,B,0
2021/10/12,80,16:50,Tuesday,PARKSIDE AND GARDEN,Road Blocked - NON-TTC Collision,30,60,S,8016
2021/10/12,12,17:26,Tuesday,VICTORIA PARK STATION,Operations - Operator,30,60,W,8616
2021/10/12,169,17:30,Tuesday,SCARBOROUGH CENTRE STA,Operations - Operator,30,60,,1337
2021/10/12,41,17:31,Tuesday,KEELE AND EGLINTON,Security,10,20,S,1132
2021/10/12,96,17:38,Tuesday,WILSON STATION,Operations - Operator,21,42,,3562
2021/10/12,902,17:41,Tuesday,MARKHAM AND PROGRESS,Vision,10,20,N,3419
2021/10/12,935,17:42,Tuesday,JANE STATION,Operations - Operator,12,24,W,1049
2021/10/12,935,17:42,Tuesday,JANE AND FRITH,Investigation,12,24,S,1048
2021/10/12,927,17:43,Tuesday,HWY 27 AND ROYAL CREST,Operations - Operator,7,15,S,3627
2021/10/12,60,17:44,Tuesday,PIONEER VILLAGE STATIO,Mechanical,10,20,E,8313
2021/10/12,35,17:44,Tuesday,PIONEER VILLAGE STATIO,Mechanical,10,20,S,1009
2021/10/12,96,17:45,Tuesday,YORK MILLS STATION,Operations - Operator,21,42,,3609
2021/10/12,37,17:50,Tuesday,ENTIRE ROUTE,General Delay,48,66,,0
2021/10/12,54,18:10,Tuesday,LAWRENCE EAST RT,Cleaning - Unsanitary,15,30,E,8731
2021/10/12,57,18:26,Tuesday,MIDLAND STATION,Investigation,10,21,S,3142
2021/10/12,937,18:37,Tuesday,ENTIRE ROUTE,General Delay,33,45,,0
2021/10/12,110,19:04,Tuesday,LONG BRANCH,Operations - Operator,21,34,N,8018
2021/10/12,35,19:07,Tuesday,JANE AND TRETHEWEY,Operations - Operator,10,20,N,1015
2021/10/12,52,19:16,Tuesday,BRAECREST AND WESTWAY,Mechanical,58,60,W,8919
2021/10/12,600,19:26,Tuesday,ROYAL CREST AND HIGHWA,Collision - TTC,0,0,E,3343
2021/10/12,11,19:40,Tuesday,UNKNOWN,Operations - Operator,28,46,,0
2021/10/12,121,19:43,Tuesday,ESPLANADE AND MARKET,Diversion,384,386,,0
2021/10/12,960,19:54,Tuesday,STEELES AND GAUDAUR,Investigation,10,20,E,8154
2021/10/12,102,19:57,Tuesday,WARDEN STATION,Collision - TTC,15,22,N,3401
2021/10/12,17,20:34,Tuesday,WARDEN AND STEELES,Operations - Operator,25,50,N,3210
2021/10/12,102,20:52,Tuesday,WARDEN STATION,Utilized Off Route,15,22,S,3411
2021/10/12,7,20:59,Tuesday,BARHURST AND WILSON,Operations - Operator,10,20,N,0
2021/10/12,53,21:08,Tuesday,STEELES AND MIDLAND,Vision,8,16,W,3125
2021/10/12,53,21:10,Tuesday,YONGE AND ABITIBI,Road Blocked - NON-TTC Collision,11,21,S,3185
2021/10/12,94,21:27,Tuesday,CASTLE FRANK STATION,Operations - Operator,10,20,,2127
2021/10/12,36,21:59,Tuesday,FINCH AND JANE,Diversion,44,53,,0
2021/10/12,7,22:05,Tuesday,BATHURST AND GREENWIN,Operations - Operator,9,13,,0
2021/10/12,75,22:06,Tuesday,LOWER JARVIS AND THE E,Diversion,240,242,N,0
2021/10/12,86,22:06,Tuesday,KINGSTON AND BEECHGROV,Investigation,0,0,E,3462
2021/10/12,129,22:16,Tuesday,MCCOWAN AND STEELES,Mechanical,11,22,S,3321
2021/10/12,165,22:30,Tuesday,BARMAC AND STEELES,Mechanical,10,20,E,3560
2021/10/12,83,22:40,Tuesday,DONLANDS STATION,Operations - Operator,17,35,S,8562
2021/10/12,999,22:53,Tuesday,WILSON STATION,Investigation,0,0,,0
2021/10/12,118,23:01,Tuesday,WILSON STATION,Operations - Operator,15,45,W,8203
2021/10/12,75,23:13,Tuesday,LOWER JARVIS AND LAKES,Security,20,40,N,8472
2021/10/12,110,23:42,Tuesday,ISLINGTON STATION,Collision - TTC,30,60,S,1076
2021/10/12,59,01:31,Tuesday,LAWRENCE WEST STATION,Mechanical,30,60,,1382
2021/10/13,320,02:06,Wednesday,YONGE AND QUEENS QUAY,Operations - Operator,3,7,W,3282
2021/10/13,353,03:15,Wednesday,STEELES AND DUMONT,Security,30,60,E,1626
2021/10/13,320,04:41,Wednesday,YONGE AND WILSON,Vision,1,15,E,8812
2021/10/13,36,05:24,Wednesday,FINCH AND OAKDALE,Mechanical,5,10,S,3595
2021/10/13,52,06:02,Wednesday,PERSON AIRPORT - TERM,Collision - TTC,7,9,S,3570
2021/10/13,123,06:20,Wednesday,SHERWAY GARDENS LOOP,Mechanical,7,16,,8083
2021/10/13,133,06:35,Wednesday,FINCH AND MORNINGSIDE,Mechanical,11,22,N,3461
2021/10/13,17,06:42,Wednesday,BIRCHMOUNT AND BROOKMI,Collision - TTC,8,16,S,3149
2021/10/13,68,06:45,Wednesday,WARDEN AND MCNICOLL,Mechanical,31,47,N,3265
2021/10/13,52,07:25,Wednesday,LAWRENCE WEST ROUTE,Operations - Operator,24,54,,3499
2021/10/13,71,07:36,Wednesday,RUNNYMEDE AND DUNDAS,Diversion,540,550,B,0
2021/10/13,79,07:36,Wednesday,RUNNYMEDE AND DUNDAS,Diversion,540,550,N,1260
2021/10/13,39,07:49,Wednesday,MORNINGVIEW TRAIL AND,Mechanical,15,30,W,3313
2021/10/13,960,07:58,Wednesday,STEELES AND ISLINGTON,Mechanical,6,12,W,8338
2021/10/13,106,08:00,Wednesday,SHEPPARD WEST STATION,Collision - TTC,8,16,,8158
2021/10/13,984,08:12,Wednesday,SHEPPARD-YONGE STATION,Collision - TTC,9,18,,8115
2021/10/13,943,08:15,Wednesday,KENNEDY STATION,Mechanical,10,20,S,71394
2021/10/13,86,08:25,Wednesday,KENNEDY STATION,Mechanical,5,10,S,1335
2021/10/13,944,08:45,Wednesday,COLONEL SAMUEL SMITH P,Operations - Operator,7,15,S,7962
2021/10/13,63,08:50,Wednesday,OAKWOOD AND ROGERS,Mechanical,9,18,N,8167
2021/10/13,944,08:56,Wednesday,KIPLING STATION,Operations - Operator,7,22,N,8432
2021/10/13,12,09:08,Wednesday,KENNEDY STATION,Operations - Operator,24,48,,9223
2021/10/13,75,09:08,Wednesday,SHERBOURNE AND QUEEN,Investigation,5,11,S,9222
2021/10/13,952,09:12,Wednesday,LAWRENCE STATION,Mechanical,11,22,W,3512
2021/10/13,19,09:21,Wednesday,BAY AND BLOOR,Operations - Operator,12,24,,8479
2021/10/13,102,09:21,Wednesday,WARDEN STATION,Operations - Operator,20,40,,3423
2021/10/13,75,09:26,Wednesday,SOUTH AND GLEN,Operations - Operator,5,11,S,8570
2021/10/13,104,09:33,Wednesday,FINCH AND DUFFERIN,General Delay,102,120,E,8186
2021/10/13,24,09:53,Wednesday,DON MILLS STATION,Operations - Operator,25,40,,8493
2021/10/13,929,10:48,Wednesday,DUFFERIN AND WATERLOO,Emergency Services,0,0,S,9029
2021/10/13,87,10:56,Wednesday,MAIN STATION,Operations - Operator,11,22,,8529
2021/10/13,36,11:06,Wednesday,HUMBERLINE DRIVE AT HU,Emergency Services,5,10,E,3573
2021/10/13,,11:13,Wednesday,YONGE AND DAVISVILLE,Emergency Services,0,0,,0
2021/10/13,24,11:24,Wednesday,VICTORIA PARK AND STEE,Mechanical,10,20,S,8564
2021/10/13,,11:52,Wednesday,MUNSTER AND KIPLING,Collision - TTC,0,0,S,1398
2021/10/13,24,12:23,Wednesday,VICTORIA PK AND SUNRIS,Security,10,20,S,8569
2021/10/13,52,12:25,Wednesday,DIXON AND MARTIN GROVE,Security,20,40,W,3547
2021/10/13,46,12:41,Wednesday,KIPLING STATION,Mechanical,19,38,S,7913
2021/10/13,167,12:45,Wednesday,PHARMACY AND CHESTERLE,Road Blocked - NON-TTC Collision,19,49,B,0
2021/10/13,75,12:49,Wednesday,SHERBOURNE AND BLOOR,Operations - Operator,7,15,S,8536
2021/10/13,43,13:18,Wednesday,KENNEDY AND STEELES,Diversion,64,74,N,0
2021/10/13,111,13:23,Wednesday,KIPLING STATION,Operations - Operator,16,32,S,8077
2021/10/13,102,13:26,Wednesday,WARDEN STATION,Utilized Off Route,20,40,S,3402
2021/10/13,116,13:28,Wednesday,EGLINTON AND MIDLAND,Collision - TTC,8,16,W,1327
2021/10/13,22,13:34,Wednesday,COXWELL STATION,Operations - Operator,7,14,,8473
2021/10/13,66,13:36,Wednesday,HUMBER LOOP,Security,24,48,,8450
2021/10/13,134,13:37,Wednesday,CENTENNIAL COLLEGE,Operations - Operator,16,32,N,1257
2021/10/13,77,13:44,Wednesday,RUNNYMEDE AND BLOOR,Collision - TTC,25,50,N,7924
2021/10/13,7,13:48,Wednesday,BATHURST STATION,Mechanical,10,19,N,9021
2021/10/13,113,14:02,Wednesday,KENNEDY STATION,Utilized Off Route,20,40,N,8515
2021/10/13,122,14:07,Wednesday,YORK MILLS STATION,Emergency Services,17,34,,3326
2021/10/13,600,14:13,Wednesday,MOUNT DENNIS GARAGE,Operations - Operator,0,0,,0
2021/10/13,165,14:14,Wednesday,WESTON AND TORYORK,Investigation,11,22,N,8882
2021/10/13,95,14:16,Wednesday,ELLESMERE AND MCCOWAN,Mechanical,18,36,W,1562
2021/10/13,123,14:19,Wednesday,KIPLING STATION,Operations - Operator,21,42,S,8075
2021/10/13,102,14:19,Wednesday,WARDEN STATION,Operations - Operator,3,8,,0
2021/10/13,953,14:23,Wednesday,STEELES AND MCCOWAN,Mechanical,10,20,E,9091
2021/10/13,91,14:23,Wednesday,WOODBINE STATION,Operations - Operator,25,50,N,8838
2021/10/13,91,14:25,Wednesday,CASSANDRA AND UNDERHIL,Operations - Operator,5,10,,0
2021/10/13,17,14:26,Wednesday,BIRCHMOUNT GARAGE,Vision,11,15,,3335
2021/10/13,68,14:33,Wednesday,ANGUS GLEN COMMUNITY C,Operations - Operator,33,53,S,3214
2021/10/13,960,14:33,Wednesday,WILSON GARAGE,Operations - Operator,10,20,,8122
2021/10/13,95,14:34,Wednesday,YORK MILLS AND LESLIE,Operations - Operator,10,10,,0
2021/10/13,95,14:42,Wednesday,YORK MILLS AND LESLIE,Operations - Operator,10,10,,0
2021/10/13,36,14:47,Wednesday,FINCH AND WESTON,Cleaning - Unsanitary,5,10,E,9120
2021/10/13,600,14:53,Wednesday,MOUNT DENNIS GARAGE,Operations - Operator,0,0,,0
2021/10/13,86,14:54,Wednesday,HIGHLAND CREEK OVERPAS,Operations - Operator,15,30,,0
2021/10/13,74,14:55,Wednesday,ST CLAIR STATION,Operations - Operator,20,40,,8723
2021/10/13,7,14:59,Wednesday,BATHURST AND FAIRLAWN,Collision - TTC,8,17,N,9017
2021/10/13,941,15:02,Wednesday,KEELE STATION,Operations - Operator,12,25,N,0
2021/10/13,35,15:25,Wednesday,PIONEER VILLAGE STATIO,Mechanical,10,20,N,1012
2021/10/13,57,15:26,Wednesday,MIDLAND AND SILVER STA,Collision - TTC,9,19,N,3202
2021/10/13,122,15:30,Wednesday,LYNEDOCK AND ROYWOOD,Security,14,28,N,3299
2021/10/13,86,15:36,Wednesday,EGLINTON AND BRIMLEY,Mechanical,5,10,W,1292
2021/10/13,34,15:43,Wednesday,EGLINTON AND SLOANE,General Delay,0,0,W,8666
2021/10/13,927,15:45,Wednesday,HUMBER COLLEGE,Operations - Operator,7,145,S,8899
2021/10/13,97,15:50,Wednesday,YONGE AND WOOD,Diversion,122,152,,8127
2021/10/13,960,16:00,Wednesday,STEELES AND KEELE,General Delay,40,48,W,1382
2021/10/13,905,16:00,Wednesday,KENNEDY STATION,Operations - Operator,8,16,,0
2021/10/13,34,16:06,Wednesday,KENNEDY STATION,Operations - Operator,10,20,,0
2021/10/13,12,16:07,Wednesday,VICTORIA PARK STATION,Operations - Operator,10,20,,0
2021/10/13,40,16:23,Wednesday,KIPLING STATION,Operations - Operator,20,40,W,1254
2021/10/13,160,16:24,Wednesday,WILSON STATION,Operations - Operator,25,50,,8101
2021/10/13,36,16:27,Wednesday,DUFFERIN AND STANSTEAD,Collision - TTC,6,12,E,3480
2021/10/13,168,16:46,Wednesday,DUNDAS WEST STATION,Cleaning - Unsanitary,7,14,N,1127
2021/10/13,100,17:11,Wednesday,CONCORDE AND CONCORDE,General Delay,16,21,S,8736
2021/10/13,86,17:18,Wednesday,EGLINTON AND BRIMLEY,Mechanical,15,30,E,1562
2021/10/13,86,17:18,Wednesday,EGLINTON AND BEACHELL,Mechanical,15,30,E,1562
2021/10/13,37,17:25,Wednesday,ISLINGTON AND DIXON,General Delay,40,58,N,8088
2021/10/13,96,17:30,Wednesday,HUMBER COLLEGE,Operations - Operator,21,42,,3490
2021/10/13,8,17:42,Wednesday,O'CONNOR AND PAPE,Operations - Operator,30,60,N,8801
2021/10/13,7,17:45,Wednesday,GREENWIN VILLAGE AND B,Collision - TTC,8,16,W,9018
2021/10/13,102,17:59,Wednesday,MARKHAM AND SHEPPARD,Operations - Operator,8,16,,0
2021/10/13,935,18:05,Wednesday,JANE STATION,Operations - Operator,12,24,S,1022
2021/10/13,927,18:10,Wednesday,HIGHWAY 27 AND DIXON,Collision - TTC,7,15,N,8906
2021/10/13,39,18:27,Wednesday,FINCH AND KENNEDY,Operations - Operator,15,33,,3102
2021/10/13,63,18:31,Wednesday,OSSINGTON STATION,Operations - Operator,6,12,N,8159
2021/10/13,929,18:32,Wednesday,DUFFERIN AND APEX,Emergency Services,10,20,S,9026
2021/10/13,129,18:34,Wednesday,SCARBOROUGH CENTRE STA,Mechanical,13,26,N,3303
2021/10/13,37,18:52,Wednesday,ISLINGTON STATION,Mechanical,18,36,N,8445
2021/10/13,600,18:55,Wednesday,MOUNT DENNIS GARAGE,Operations - Operator,0,0,,0
2021/10/13,937,19:00,Wednesday,ISLINGTON AND DUNDAS,General Delay,57,69,N,8443
2021/10/13,929,19:10,Wednesday,WILSON STATION,Emergency Services,10,20,N,9040
2021/10/13,54,19:10,Wednesday,LAWRENCE AND DON MILLS,Operations - Operator,11,22,,8757
2021/10/13,133,19:31,Wednesday,NEILSON AND SHEPPARD,Collision - TTC,11,22,N,3643
2021/10/13,102,20:01,Wednesday,MARKHAM AND SHEPPARD,Mechanical,30,60,N,3426
2021/10/13,102,20:17,Wednesday,ST CLAIR AND KINGSTON,Utilized Off Route,20,40,N,3425
2021/10/13,941,20:28,Wednesday,KEELE AND FOUR WINDS,Mechanical,10,20,,9152
2021/10/13,82,20:30,Wednesday,ROSEDALE STATION,General Delay,20,0,,8938
2021/10/13,36,20:44,Wednesday,FINCH AND ARROW,Operations - Operator,10,20,E,9109
2021/10/13,71,20:45,Wednesday,RUNNYMEDE STATION,Utilized Off Route,13,26,N,8424
2021/10/13,16,21:00,Wednesday,DANFORTH RD AND MIDLAN,Diversion,313,325,,0
2021/10/13,51,21:22,Wednesday,EGLINTON AND LAIRD,Vision,25,50,,3301
2021/10/13,953,21:25,Wednesday,ENTIRE LINE,General Delay,25,41,E,9103
2021/10/13,32,21:39,Wednesday,EGLINTON STATION,Emergency Services,0,0,,1087
2021/10/13,44,21:47,Wednesday,KIPLING AND QUEENSWAY,Operations - Operator,15,30,N,8063
2021/10/13,165,21:50,Wednesday,BARMAC AND STEELES,Operations - Operator,10,20,W,3542
2021/10/13,162,21:52,Wednesday,LAWRENCE STATION,Operations - Operator,30,60,,8768
2021/10/13,83,22:08,Wednesday,DONLANDS STATION,Operations - Operator,17,34,,8598
2021/10/13,26,22:37,Wednesday,DUPONT AND OSSINGTON (,Collision - TTC,22,44,W,8049
2021/10/13,112,22:52,Wednesday,ATTWELL AND DIXON,Diversion,63,81,N,8067
2021/10/13,52,22:54,Wednesday,DIXON AND ATWELL,Diversion,29,40,W,3569
2021/10/13,8,22:55,Wednesday,PLAINS AND COXWELL,Emergency Services,20,40,W,3412
2021/10/13,47,23:02,Wednesday,DUFFERIN AND BRIDGELAN,Mechanical,20,40,S,8325
2021/10/13,79,23:14,Wednesday,RUNNYMEDE STATION,Security,30,60,,1067
2021/10/13,44,00:30,Wednesday,KIPLING STATION,Mechanical,15,30,S,8013
2021/10/13,106,01:10,Wednesday,THE PONE AND S,Mechanical,20,40,E,8207
2021/10/13,161,01:35,Wednesday,DOVERCOURT AND NORTHUM,Mechanical,25,0,E,1131
2021/10/14,396,02:05,Thursday,YORK MILLS STATION,Security,18,48,W,3476
2021/10/14,312,02:57,Thursday,JANE AND DUNDAS WEST,Road Blocked - NON-TTC Collision,30,60,N,8131
2021/10/14,300,04:49,Thursday,KIPLING STATION,Security,0,0,,0
2021/10/14,39,05:39,Thursday,FINCH AND MIDLAND,Mechanical,10,20,W,3265
2021/10/14,72,06:36,Thursday,PAPE AND DANFORTH,Collision - TTC,9,18,S,8937
2021/10/14,986,07:16,Thursday,KENNEDY STATION,Mechanical,6,12,W,1317
2021/10/14,116,07:17,Thursday,GUILDWOOD AND KINGSTON,Mechanical,6,12,N,1320
2021/10/14,937,07:26,Thursday,ISLINGTON AND HIGHWAY,Collision - TTC,13,26,N,8424
2021/10/14,43,07:32,Thursday,EGLINTON AND KENNEDY,Diversion,10,228,,3160
2021/10/14,79,07:48,Thursday,RUNNYMEDE AND DUNDAS,Diversion,629,639,N,3734
2021/10/14,87,08:00,Thursday,MAIN STREET STATION,Operations - Operator,6,12,N,9223
2021/10/14,,08:03,Thursday,ST GEORGE STATION,Collision - TTC,0,0,,0
2021/10/14,102,08:08,Thursday,MARKHAM AND STEELES,Operations - Operator,24,35,N,3436
2021/10/14,19,08:47,Thursday,SHERBOURNE NAD QUEEN'S,Operations - Operator,12,24,,8497
2021/10/14,55,08:48,Thursday,JANE STATION,Operations - Operator,20,40,,8056
2021/10/14,36,08:53,Thursday,FINCH AND SIGNET,Collision - TTC,18,36,W,3606
2021/10/14,941,09:00,Thursday,KEELE AND EGLINTON,Mechanical,12,24,S,9023
2021/10/14,42,09:58,Thursday,CUMMER AND BAYVIEW,Operations - Operator,14,28,E,3301
2021/10/14,65,10:01,Thursday,CASTLE FRANK STATION,Operations - Operator,13,26,,8477
2021/10/14,905,10:03,Thursday,KENNEDY STATION,Mechanical,7,14,,8587
2021/10/14,43,10:05,Thursday,KENNEDY AND MCNICOLL,Diversion,9,53,N,0
2021/10/14,927,10:21,Thursday,STEELES AND MARTIN GRO,Security,9,18,S,3344
2021/10/14,7,10:21,Thursday,3768 BATHURST,Mechanical,10,19,S,9006
2021/10/14,131,10:22,Thursday,SCARBOROUGH CENTRE STA,Mechanical,13,27,E,1657
2021/10/14,42,10:25,Thursday,KENNEDY AND MCNICOLL,Diversion,41,55,,0
2021/10/14,927,10:38,Thursday,MARTIN GROVE AND STEEL,Diversion,73,80,B,0
2021/10/14,32,10:48,Thursday,EGLINTON AND BLACKTHOR,Mechanical,9,18,E,1406
2021/10/14,91,10:49,Thursday,WOODBINE STATION,Mechanical,25,50,N,8699
2021/10/14,46,10:50,Thursday,STEELES AND MARTINGROV,Diversion,75,94,,0
2021/10/14,41,10:53,Thursday,KEELE AND EGLINTON,Investigation,12,24,S,1087
2021/10/14,953,11:02,Thursday,STEELES AND MIDLAND,General Delay,0,0,E,0
2021/10/14,53,11:05,Thursday,STEELES AND MIDLAND,General Delay,0,0,E,0
2021/10/14,100,11:16,Thursday,BROADVIEW STATION,Emergency Services,8,16,N,8650
2021/10/14,39,11:17,Thursday,FINCH AND MARKHAM,Mechanical,16,32,W,3322
2021/10/14,39,11:23,Thursday,NEILSON AND CROW TRAIL,Emergency Services,16,32,S,3249
2021/10/14,45,11:29,Thursday,KIPLING STATION,Mechanical,14,28,S,1361
2021/10/14,999,11:42,Thursday,LESLIE BARNS,Emergency Services,0,0,,0
2021/10/14,54,11:51,Thursday,LAWRENCE AND SCARBOROU,Operations - Operator,14,28,W,8751
2021/10/14,75,12:00,Thursday,SOUTH AND GLEN,Operations - Operator,7,15,,8486
2021/10/14,46,12:08,Thursday,KIPLING STATION,Mechanical,19,38,N,8036
2021/10/14,97,12:09,Thursday,YONGE AND EGLINTON,Diversion,31,46,S,0
2021/10/14,32,12:12,Thursday,EGLINTON AND MARLEE,Mechanical,9,18,E,1074
2021/10/14,944,12:28,Thursday,COLONEL SAMUEL SMITH P,Mechanical,8,16,N,8073
2021/10/14,52,12:28,Thursday,LAWRENCE WEST STATION,Operations - Operator,20,40,,3711
2021/10/14,162,12:30,Thursday,LAWRENCE AND THE DONWA,General Delay,30,60,S,8622
2021/10/14,86,12:49,Thursday,KENNEDY STATION,Operations - Operator,6,12,W,1213
2021/10/14,41,12:51,Thursday,KEELE STATION,Operations - Operator,8,16,N,1107
2021/10/14,123,12:55,Thursday,KIPLING STATION,Operations - Operator,21,42,S,8083
2021/10/14,120,13:00,Thursday,KEELE AND WILSON,Mechanical,30,60,E,3583
2021/10/14,87,13:08,Thursday,MAIN STREET STATION,Operations - Operator,11,22,,0
2021/10/14,900,13:12,Thursday,KIPLING STATION,Mechanical,9,18,S,8005
2021/10/14,86,13:13,Thursday,KENNEDY STATION,Operations - Operator,6,12,E,1219
2021/10/14,88,13:27,Thursday,ST CLAIR STATION,Operations - Operator,7,14,,0
2021/10/14,65,13:30,Thursday,CASTLE FRANK STATION,Operations - Operator,13,26,,8617
2021/10/14,927,13:30,Thursday,KIPLING STATION,Operations - Operator,7,15,S,8917
2021/10/14,22,13:34,Thursday,COXWELL STATION,Operations - Operator,7,14,,8476
2021/10/14,900,13:35,Thursday,KIPLING STATION,Investigation,9,18,,8007
2021/10/14,35,13:38,Thursday,JANE AND TRETHEWEY,Mechanical,8,15,N,1005
2021/10/14,87,13:41,Thursday,MAIN STREET STATION,Operations - Operator,11,22,,0
2021/10/14,131,13:56,Thursday,SCARBOROUGH CENTRE STA,Emergency Services,13,26,E,3652
2021/10/14,96,14:00,Thursday,JANE AND WILSON TO YOR,General Delay,50,70,,0
2021/10/14,118,14:00,Thursday,JANE AND WILSON TO WIL,General Delay,40,55,,0
2021/10/14,38,14:02,Thursday,UNIVERSITY OF TORONTO,Cleaning - Unsanitary,13,26,W,1242
2021/10/14,54,14:04,Thursday,LAWRENCE AND UNDERHILL,Investigation,6,22,E,8811
2021/10/14,20,14:04,Thursday,BIRCHMOUNT AND HIGHVIE,Operations - Operator,21,42,,0
2021/10/14,165,14:05,Thursday,WILSON AND JANE TO YON,General Delay,50,57,,0
2021/10/14,109,14:07,Thursday,VARNA AND FLEMINGTON,Mechanical,40,80,N,8316
2021/10/14,108,14:08,Thursday,PIONEER VILLAGE STATIO,General Delay,30,40,,0
2021/10/14,120,14:10,Thursday,JANE AND WILSON TO HEA,General Delay,30,53,,0
2021/10/14,97,14:13,Thursday,YORK MILLS STATION,Mechanical,30,60,S,8155
2021/10/14,71,14:20,Thursday,RUNNYMEDE AND DUNDAS,Diversion,562,573,N,0
2021/10/14,91,14:25,Thursday,UNDERHILL AND CASSANDR,Operations - Operator,5,10,,0
2021/10/14,29,14:25,Thursday,DUFFERIN AND RANEE,Collision - TTC,8,16,N,9144
2021/10/14,17,14:26,Thursday,BIRCHMOUNT GARAGE,Vision,11,15,,3235
2021/10/14,24,14:28,Thursday,DON MILLS STATION,Operations - Operator,24,48,S,8491
2021/10/14,54,14:31,Thursday,EGLINTON STATION,Operations - Operator,13,26,,0
2021/10/14,25,14:31,Thursday,EGLINTON GARAGE,Vision,5,10,N,8693
2021/10/14,960,14:32,Thursday,WILSON GARAGE,Operations - Operator,10,20,,8101
2021/10/14,960,14:33,Thursday,WILSON GARAGE,Operations - Operator,10,20,E,8343
2021/10/14,25,14:35,Thursday,OVERLEA AND DON MILLS,Operations - Operator,5,10,,0
2021/10/14,989,14:39,Thursday,WILSON GARAGE,Operations - Operator,10,20,,8343
2021/10/14,91,14:45,Thursday,SILVERDALE AND YORK MI,Diversion,20,32,N,0
2021/10/14,168,14:59,Thursday,AVON LOOP,Operations - Operator,7,14,E,0
2021/10/14,37,15:14,Thursday,ISLINGTON AND WESTHAMP,Operations - Operator,18,42,N,8088
2021/10/14,34,15:16,Thursday,KENNEDY STATION,Operations - Operator,7,14,,0
2021/10/14,52,15:28,Thursday,LAWRENCE WEST STATION,Operations - Operator,12,17,,3546
2021/10/14,84,15:30,Thursday,SHEPPARD AND YEOMANS,General Delay,0,0,,0
2021/10/14,952,15:33,Thursday,ARROW GARAGE,Mechanical,14,26,A,3513
2021/10/14,989,15:33,Thursday,WILSON GARAGE,Operations - Operator,10,20,,8193
2021/10/14,111,15:36,Thursday,THE EAST MALL AND WEST,Collision - TTC,8,16,N,8435
2021/10/14,939,15:46,Thursday,SCARBOROUGH CENTRE STA,Security,12,24,W,3206
2021/10/14,41,15:47,Thursday,FINCH WEST STATION,Mechanical,8,16,,1130
2021/10/14,56,15:52,Thursday,ENTIRE ROUTE,General Delay,40,56,,0
2021/10/14,952,15:53,Thursday,ARROW GARAGE,Mechanical,13,25,E,3513
2021/10/14,133,15:54,Thursday,NEILSON AND MILNER,Mechanical,7,14,N,1241
2021/10/14,110,15:57,Thursday,ISLINGTON STATION,Operations - Operator,12,24,S,8454
2021/10/14,110,15:57,Thursday,ISLINGTON STATION,Operations - Operator,12,24,S,8454
2021/10/14,37,16:02,Thursday,ENTIRE ROUTE,General Delay,38,56,,0
2021/10/14,52,16:04,Thursday,LAWRENCE AND JANE,Operations - Operator,17,37,,8915
2021/10/14,96,16:09,Thursday,CARRIER ROAD LOOP,Operations - Operator,21,42,E,3568
2021/10/14,64,16:21,Thursday,MAIN AND HAMBLY,Diversion,15,21,N,8923
2021/10/14,927,16:22,Thursday,MARTIN GROVE AND FINCH,Operations - Operator,7,15,N,3559
2021/10/14,35,16:22,Thursday,JANE AND MAPLE LEAF,Collision - TTC,12,24,N,1038
2021/10/14,52,16:30,Thursday,LAWRENCE STATION,General Delay,0,0,,0
2021/10/14,937,16:31,Thursday,ISLINGTON AND BARKWIN,General Delay,25,37,N,8439
2021/10/14,902,16:34,Thursday,MARKHAM AND LAWRENCE,Mechanical,10,20,,3417
2021/10/14,111,16:49,Thursday,EAST MALL AND CAPRIS,Mechanical,11,22,S,7960
2021/10/14,134,16:54,Thursday,PROGRESS AND GRANGEWAY,Diversion,13,28,W,0
2021/10/14,34,16:55,Thursday,EGLINTON AND BRENTCLIF,General Delay,43,0,E,8814
2021/10/14,12,16:56,Thursday,VICTORIA PARK STATION,Operations - Operator,30,60,,0
2021/10/14,935,17:00,Thursday,JANE STATION,Vision,12,24,N,1037
2021/10/14,54,17:00,Thursday,LAWRENCE AND WARDEN,General Delay,0,0,,0
2021/10/14,952,17:05,Thursday,LAWRENCE AND JANE,Mechanical,12,25,W,3555
2021/10/14,19,17:07,Thursday,DOCKSIDE DRIVE AT GEOR,Operations - Operator,11,22,E,8931
2021/10/14,60,17:09,Thursday,STEELES AND BATHURST,Diversion,30,50,E,8341
2021/10/14,64,17:22,Thursday,SOUTHWOOD AND GLEN AME,Emergency Services,6,12,N,8923
2021/10/14,95,17:30,Thursday,ELLESMERE AND BRIMLEY,Mechanical,11,22,W,1309
2021/10/14,36,17:30,Thursday,FINCH AND ARROW ROAD,General Delay,0,0,,0
2021/10/14,84,17:30,Thursday,SHEPPARD WEST STATION,Operations - Operator,15,30,E,3531
2021/10/14,104,17:40,Thursday,DUFFERIN AND KENNARD,Diversion,120,138,N,8217
2021/10/14,79,17:41,Thursday,WRIGHT AND GIBSON,Mechanical,17,34,N,1272
2021/10/14,100,17:53,Thursday,BROADVIEW STATION,Operations - Operator,6,12,S,8865
2021/10/14,133,18:04,Thursday,NEILSON AND SHEPPARD,Operations - Operator,8,15,,3455
2021/10/14,109,19:00,Thursday,AMEER AND SULTANA,General Delay,0,0,,0
2021/10/14,160,19:00,Thursday,WILSON STATION,General Delay,0,0,,0
2021/10/14,7,19:00,Thursday,BATHURST AND LAWRENCE,General Delay,0,0,,0
2021/10/14,600,19:05,Thursday,MOUNT DENNIS GARAGE,Operations - Operator,0,0,,0
2021/10/14,39,19:09,Thursday,NEILSON AND CROW TRAIL,Operations - Operator,16,32,,3215
2021/10/14,42,19:25,Thursday,MCNICOLL AND MIDDLEFIE,Diversion,94,15,W,0
2021/10/14,102,19:27,Thursday,CENTENNIAL COLLEGE,Mechanical,3,8,S,3413
2021/10/14,59,19:30,Thursday,LAWRENCE AND BOLINGBRO,General Delay,0,0,,0
2021/10/14,996,19:32,Thursday,WILSON AND JANE TO YOR,General Delay,50,61,,0
2021/10/14,945,19:33,Thursday,KIPLING AND STEELES,Operations - Operator,9,19,S,0
2021/10/14,945,19:41,Thursday,KIPLING AND STEELES,Operations - Operator,9,19,S,0
2021/10/14,34,19:47,Thursday,EGLINTON STATION,Operations - Operator,20,40,,8715
2021/10/14,116,20:25,Thursday,MORNINGSIDE AND SHEPPA,Operations - Operator,9,18,,3468
2021/10/14,160,20:26,Thursday,WEST PROMENADE AND NEW,Diversion,97,111,N,8202
2021/10/14,109,21:05,Thursday,BATHURST AND NEPTUNE,Mechanical,25,50,N,8163
2021/10/14,98,21:22,Thursday,SHEPPARD STATION,Operations - Operator,22,44,,8339
2021/10/14,11,21:39,Thursday,DAVISVILLE STATION,Cleaning - Unsanitary,28,56,N,8376
2021/10/14,52,21:40,Thursday,LAWRENCE AND DUFFERIN,Cleaning - Unsanitary,13,26,W,3626
2021/10/14,129,22:06,Thursday,STEELES AND MCCOWAN,Mechanical,10,20,S,3169
2021/10/14,54,22:10,Thursday,LAWRENCE AND REDPATH,General Delay,20,30,W,3753
2021/10/14,76,22:18,Thursday,QUEENSWAY GARAGE,Mechanical,15,30,,7966
2021/10/14,79,23:37,Thursday,SCARLETT AND LAWRENCE,Diversion,47,62,N,0
2021/10/14,89,23:55,Thursday,WESTON AND LAWRENCE,Cleaning - Unsanitary,10,20,S,1382
2021/10/14,33,00:01,Thursday,ST CLAIR WEST STATION,Diversion,81,111,N,8123
2021/10/14,45,00:09,Thursday,KIPLING STATION,Cleaning - Unsanitary,9,18,N,1144
2021/10/14,85,00:20,Thursday,SHEPPARD AND BURROWS,Mechanical,20,40,E,1233
2021/10/14,85,00:40,Thursday,SHEPPARD AND HEDGE END,Investigation,20,40,W,3454
2021/10/14,86,00:52,Thursday,EGLINTON AND MIDLAND,Mechanical,10,20,W,1342
2021/10/14,960,00:55,Thursday,FINCH STATION,Mechanical,10,20,E,8337
2021/10/14,126,01:01,Thursday,ST CLAIR WEST STATION,Diversion,72,102,N,8385
2021/10/14,90,01:03,Thursday,ST CLAIR WEST STATION,General Delay,117,127,S,8153
2021/10/14,85,01:07,Thursday,SHEPPARD AND MEADOWVAL,Diversion,118,138,W,1217
2021/10/14,54,01:25,Thursday,LAWRENCE AND PORTSMOUT,Security,15,35,W,8857
2021/10/14,334,01:45,Thursday,GRENOBLE AND SPANBRIDG,Operations - Operator,30,60,,0
2021/10/15,37,02:09,Friday,ISLINGTON AND VANHILL,Security,30,60,S,7933
2021/10/15,39,03:26,Friday,FINCH W AND MILADY,Security,0,0,W,3308
2021/10/15,312,04:02,Friday,ST.CLAIR AND ARLINGTON,Security,30,60,E,8372
2021/10/15,300,04:25,Friday,DANFORTH AND WARDEN,Emergency Services,10,20,W,1258
2021/10/15,300,04:42,Friday,HIGHWAY 427 AND DUNDAS,Mechanical,10,20,S,7968
2021/10/15,91,06:18,Friday,WOODBINE STATION,Operations - Operator,10,20,,8670
2021/10/15,119,06:31,Friday,WILSON AND KEELE,Mechanical,30,60,W,8326
2021/10/15,79,06:51,Friday,PINE AND LAWRENCE,Mechanical,5,10,N,1136
2021/10/15,162,07:07,Friday,THE DONWAY EAST AND DO,Diversion,953,983,E,8865
2021/10/15,501,07:08,Friday,QUEEN AND RIVER,Mechanical,10,20,W,7952
2021/10/15,90,07:16,Friday,ST CLAIR AND BATHURST,Mechanical,4,8,N,8366
2021/10/15,116,07:37,Friday,MORNINGSIDE AND OLD FI,Mechanical,7,13,S,1250
2021/10/15,96,07:46,Friday,MARTINGGROVE AND WESTH,Diversion,98,130,,0
2021/10/15,59,07:49,Friday,WESTON AND CHURCH,Diversion,14,24,S,1367
2021/10/15,72,07:57,Friday,PAPE STATION,Collision - TTC,9,18,S,8954
2021/10/15,116,08:17,Friday,KENNEDY STATION,Mechanical,6,13,,1292
2021/10/15,32,08:19,Friday,YONGE AND EGLINTON,Mechanical,4,8,W,1357
2021/10/15,944,08:25,Friday,KIPLING AND EVANS,Mechanical,8,16,S,7916
2021/10/15,102,09:03,Friday,WARDEN STATION,Operations - Operator,20,40,S,1237
2021/10/15,29,09:19,Friday,DUFFERIN AND LAWRENCE,Mechanical,7,11,S,9046
2021/10/15,41,09:33,Friday,KEELE AND ST CLAIR,Diversion,867,880,B,1422
2021/10/15,941,09:34,Friday,KEELE AND ST CLAIR,Diversion,596,606,N,9024
2021/10/15,935,10:14,Friday,PIONEER VILLAGE STATIO,Mechanical,12,24,W,1070
2021/10/15,985,10:37,Friday,2052 PHARMACY AVE (PHA,Utilized Off Route,12,24,E,9061
2021/10/15,167,10:40,Friday,SHEPPARD AND PHARMACY,Diversion,132,162,,3260
2021/10/15,47,10:51,Friday,CALEDONIA AND EGLINTON,Mechanical,18,36,N,8173
2021/10/15,112,11:31,Friday,KIPLING STATION,Operations - Operator,24,48,S,7979
2021/10/15,9,11:43,Friday,WARDEN STATION,Operations - Operator,26,53,,8957
2021/10/15,53,11:44,Friday,STEELES AND MIDLAND,Vision,8,16,W,3124
2021/10/15,7,11:44,Friday,BATHURST AND DON LAKE,Mechanical,9,19,N,9001
2021/10/15,129,11:54,Friday,MCCOWAN AND STEELES,Mechanical,17,34,N,3139
2021/10/15,96,11:58,Friday,WILSON AND KEELE,Investigation,23,43,W,3598
2021/10/15,925,12:12,Friday,FRESHMEADOW AND DON MI,Collision - TTC,12,24,W,8683
2021/10/15,905,12:33,Friday,KENNEDY STATION,Collision - TTC,8,16,,8616
2021/10/15,68,12:37,Friday,WARDEN - ASHTONBEE TO,General Delay,0,0,B,0
2021/10/15,50,12:45,Friday,BURNHAMTHORPE AND WARW,Road Blocked - NON-TTC Collision,350,367,B,8096
2021/10/15,112,12:53,Friday,KIPLING STATION,Operations - Operator,24,48,S,8432
2021/10/15,939,12:56,Friday,FINCH AND KENNEDY,Mechanical,9,17,E,3316
2021/10/15,118,13:05,Friday,THISTLE DOWN AND ALBIO,Mechanical,25,50,W,8146
2021/10/15,86,13:13,Friday,KENNEDY STATION,Operations - Operator,24,48,E,1331
2021/10/15,36,13:17,Friday,FINCH AND KEELE,Diversion,19,24,S,9111
2021/10/15,37,13:25,Friday,ISLINGTON STATION,Operations - Operator,18,42,N,8016
2021/10/15,7,13:27,Friday,BATHURST AND GREENWIN,Mechanical,10,19,S,9020
2021/10/15,35,13:37,Friday,JANE STATION,Mechanical,7,15,N,1033
2021/10/15,66,13:37,Friday,LAKE SHORE AND MARINE,Mechanical,12,24,S,8445
2021/10/15,36,13:49,Friday,FINCH STATION,Vision,5,10,W,3485
2021/10/15,110,13:50,Friday,ISLINGTON STATION,Operations - Operator,21,45,S,8019
2021/10/15,53,14:00,Friday,STEELES AND KENNEDY,Vision,8,16,E,3125
2021/10/15,118,14:05,Friday,WILSON STATION,Operations - Operator,25,50,E,8312
2021/10/15,70,14:18,Friday,COXWELL STATION,Operations - Operator,22,44,,8406
2021/10/15,70,14:18,Friday,COXWELL STATION,Operations - Operator,22,46,N,8406
2021/10/15,17,14:19,Friday,STEELES AND WARDEN,Operations - Operator,26,52,N,3341
2021/10/15,36,14:29,Friday,FINCH WEST AND ARROW,Collision - TTC,5,10,W,9124
2021/10/15,71,14:34,Friday,QUEENSWAY GARAGE,Collision - TTC,0,0,S,8050
2021/10/15,54,14:41,Friday,LAWRENCE AND FORTUNE G,Security,11,22,W,8734
2021/10/15,116,14:58,Friday,MORNINGSIDE AND ELLESM,Collision - TTC,9,18,N,1270
2021/10/15,21,15:07,Friday,BRIMLEY AND SHEPPARD,Mechanical,15,30,N,1214
2021/10/15,952,15:08,Friday,PEARSON AIRPORT - TERM,Mechanical,13,25,E,3484
2021/10/15,84,15:14,Friday,SHEPPARD WEST STATION,Mechanical,9,18,E,8907
2021/10/15,165,15:16,Friday,WILSON AND KEELE,Security,11,22,E,3634
2021/10/15,929,15:18,Friday,DUFFERIN AND DUNDAS,Collision - TTC,10,20,N,9039
2021/10/15,960,15:38,Friday,FINCH TO PIONEER VILLA,General Delay,0,0,B,0
2021/10/15,47,15:39,Friday,LANSDOWNE STATION,Mechanical,24,48,N,8330
2021/10/15,960,15:39,Friday,PIONEER VILLAGE STATIO,General Delay,0,0,B,8188
2021/10/15,97,15:53,Friday,YONGE AND LAWRENCE,Emergency Services,30,58,N,8152
2021/10/15,43,15:54,Friday,KENNEDY AND STEELES,General Delay,0,0,B,0
2021/10/15,95,16:05,Friday,YORK MILLS STATION,Mechanical,11,22,E,1321
2021/10/15,134,16:07,Friday,BELLAMY AND CORPORATE,Mechanical,5,10,N,3455
2021/10/15,63,16:10,Friday,EGLINTON WEST STATION,Emergency Services,8,17,N,8368
2021/10/15,165,16:15,Friday,WILSON AND BATHURST,General Delay,0,0,W,8909
2021/10/15,996,16:17,Friday,WILSON AND JANE,General Delay,20,32,E,8916
2021/10/15,41,16:21,Friday,KEELE AND BEECHBOROUGH,Collision - TTC,8,16,N,1107
2021/10/15,160,16:24,Friday,WILSON STATION,Operations - Operator,24,48,S,8182
2021/10/15,36,16:28,Friday,FINCH AND DOWNSVIEW,Cleaning - Unsanitary,6,12,W,9111
2021/10/15,91,16:30,Friday,ENTIRE ROUTE,General Delay,45,60,,0
2021/10/15,39,16:36,Friday,FINCH STATION,Mechanical,15,29,E,3266
2021/10/15,43,16:50,Friday,KENNEDY AND MCNICOLL,Mechanical,10,20,S,3173
2021/10/15,168,16:54,Friday,DUNDAS WEST TO AVON LO,General Delay,0,0,B,0
2021/10/15,84,16:58,Friday,OAKDALE AND FINCH,Collision - TTC,30,60,N,3587
2021/10/15,989,17:13,Friday,KEELE STATION,Cleaning - Unsanitary,10,20,S,8390
2021/10/15,7,17:24,Friday,BATHURST AND WILSON,Vision,8,16,N,9009
2021/10/15,75,17:27,Friday,SHERBOURNE AND CARLTON,Emergency Services,7,14,N,8530
2021/10/15,97,17:46,Friday,YONGE AND SUDAN,Mechanical,25,50,S,8179
2021/10/15,100,17:59,Friday,OVERLEA AND DON MILLS,Security,5,10,W,8684
2021/10/15,939,18:00,Friday,FINCH AND TAPSCOTT,Collision - TTC,12,24,W,3160
2021/10/15,133,18:04,Friday,NEILSON AND SHEPPARD,Operations - Operator,8,15,E,3645
2021/10/15,939,18:06,Friday,FINCH STATION,Mechanical,12,24,E,3149
2021/10/15,68,18:10,Friday,WARDEN AND STEELES,Operations - Operator,23,46,S,3244
2021/10/15,129,18:34,Friday,SCARBOROUGH CENTRE STA,Mechanical,17,34,S,3138
2021/10/15,52,18:35,Friday,LAWRENCE AND BLACK CRE,Investigation,13,26,W,3502
2021/10/15,29,18:56,Friday,WILSON STATION,Mechanical,9,18,S,1069
2021/10/15,53,18:59,Friday,STEELES AND VICTORIA P,Mechanical,8,16,W,3166
2021/10/15,53,19:03,Friday,STEELES AND MIDDLEFIEL,Road Blocked - NON-TTC Collision,32,48,W,3207
2021/10/15,953,19:03,Friday,STEELES AND MIDDLEFIEL,Road Blocked - NON-TTC Collision,32,60,E,9103
2021/10/15,123,19:12,Friday,THE WEST MALL AND THE,Collision - TTC,12,24,S,8013
2021/10/15,39,19:14,Friday,FINCH AND TAPSCOTT,Road Blocked - NON-TTC Collision,30,46,B,3259
2021/10/15,939,19:14,Friday,FINCH AND TAPSCOTT,Road Blocked - NON-TTC Collision,30,42,E,0
2021/10/15,123,19:44,Friday,KIPLING STATION,Operations - Operator,21,42,W,7926
2021/10/15,34,19:57,Friday,SPANBRIDGE AND GRENOBL,Mechanical,20,40,E,8811
2021/10/15,89,20:11,Friday,WESTON AND ALBION,Security,10,20,N,8133
2021/10/15,953,20:22,Friday,STEELES AND MIDDLEFIEL,General Delay,0,0,E,0
2021/10/15,108,20:29,Friday,GRANDRAVINE AND ARLETA,Collision - TTC,14,28,E,8890
2021/10/15,41,20:32,Friday,KEELE AND WEST TORONTO,Collision - TTC,12,24,S,1134
2021/10/15,168,20:55,Friday,SYMMINGTON AND WALLACE,Diversion,60,68,B,0
2021/10/15,98,20:56,Friday,SHEPPARD STATION,Mechanical,22,44,N,8333
2021/10/15,8,21:08,Friday,O'CONNOR AND NORTHBROO,Mechanical,10,30,E,8779
2021/10/15,129,21:36,Friday,MCCOWAN AND STEELES,Collision - TTC,0,0,,3142
2021/10/15,41,22:02,Friday,PIONEER VILLAGE STATIO,Mechanical,12,24,,1147
2021/10/15,97,22:14,Friday,YORK MILLS STATION,Investigation,30,59,,8158
2021/10/15,96,22:22,Friday,WILSON AND CLAYSON,Operations - Operator,19,38,W,3496
2021/10/15,LEASIDE,22:54,Friday,DON MILLS AND EGLINTON,Collision - TTC,12,24,E,8656
2021/10/15,35,23:20,Friday,PIONEER VILLAGE STATIO,Cleaning - Unsanitary,10,20,S,1022
2021/10/15,86,00:00,Friday,KENNEDY STATION,Security,10,20,E,3653
2021/10/15,935,00:00,Friday,JANE AND TRETHEWEY,Operations - Operator,12,24,S,1060
2021/10/15,76,01:54,Friday,ROYAL AND QUEENSWAY,Road Blocked - NON-TTC Collision,18,37,N,7912
2021/10/16,315,02:10,Saturday,ROYAL YORK AND TENBY,Diversion,100,130,,0
2021/10/16,300,02:47,Saturday,DANFORTH AND DANFORTH,Operations - Operator,25,38,W,0
2021/10/16,396,03:04,Saturday,BROOKMERE AND KIPLING,General Delay,30,60,W,3606
2021/10/16,320,03:04,Saturday,YONGE AND SHUTER,Security,3,7,N,1390
2021/10/16,332,03:12,Saturday,EGLINTON AND EAST MALL,General Delay,30,60,W,1353
2021/10/16,300,03:34,Saturday,PEARSON AIRPORT TERMIN,Mechanical,17,34,E,8495
2021/10/16,7,04:11,Saturday,GREENWIN AND BATHURST,General Delay,30,60,N,9007
2021/10/16,300,04:15,Saturday,BLOOR AND DUNDAS,Cleaning - Unsanitary,10,20,W,8460
2021/10/16,307,04:41,Saturday,BATHURST AND GREENWIN,General Delay,30,60,S,9007
2021/10/16,337,05:09,Saturday,ISLINGTON AND JUTLAND,Diversion,59,89,S,8461
2021/10/16,41,05:11,Saturday,PIONEER VILLAGE STATIO,Mechanical,17,34,N,1033
2021/10/16,35,05:50,Saturday,JANE AND FINCH,Security,11,25,N,1038
2021/10/16,108,06:09,Saturday,MURRAY ROSS AND SHOREH,Diversion,116,117,S,3559
2021/10/16,109,06:34,Saturday,EGLINTON STATION,General Delay,37,37,S,8103
2021/10/16,118,06:40,Saturday,WILSON STATION,Mechanical,30,60,S,8305
2021/10/16,88,07:06,Saturday,MOORE AND BAYVIEW,Operations - Operator,20,40,E,8770
2021/10/16,73,07:25,Saturday,ST PHILLIPS AND RIVER,Diversion,112,127,N,8027
2021/10/16,54,07:28,Saturday,LESLIE AND EGLINTON,Collision - TTC,20,40,N,8669
2021/10/16,88,07:52,Saturday,SOUTHVALE AND BAYVIEW,Operations - Operator,20,40,E,8770
2021/10/16,62,07:54,Saturday,BROADVIEW STATION,General Delay,22,44,,8410
2021/10/16,52,08:06,Saturday,LAWRENCE AND JANE,Operations - Operator,20,40,W,3524
2021/10/16,96,08:08,Saturday,STEELES AND JANE,General Delay,30,60,E,8148
2021/10/16,54,08:11,Saturday,LAWRENCE AND SCARBOROU,Operations - Operator,20,40,W,8846
2021/10/16,60,08:12,Saturday,YONGE AND STEELES,General Delay,0,0,,8380
2021/10/16,104,08:24,Saturday,SHEPPARD WEST STATION,Mechanical,15,30,N,8392
2021/10/16,129,08:31,Saturday,MCCOWAN AND STEELES,Mechanical,16,23,S,3305
2021/10/16,95,08:35,Saturday,U OF T SCARBOROUGH LOO,Mechanical,14,28,W,3468
2021/10/16,41,08:43,Saturday,KEELE AND ST CLAIR,Diversion,0,0,N,1125
2021/10/16,25,09:05,Saturday,DON MILLS AT GATEWAY,Investigation,9,18,N,8812
2021/10/16,110,09:11,Saturday,ISLINGTON STATION,Operations - Operator,24,48,W,8085
2021/10/16,11,09:50,Saturday,DAVISVILLE STATION,Operations - Operator,30,60,S,8728
2021/10/16,46,09:54,Saturday,LLOYD MANOR AND NORTH,Mechanical,20,40,N,7970
2021/10/16,927,10:07,Saturday,MARTIN GROVE AND STEEL,Mechanical,10,20,S,8919
2021/10/16,112,10:15,Saturday,CARLINGVIEW AND INTERN,Operations - Operator,20,40,S,8016
2021/10/16,52,11:07,Saturday,DIXON AND KENTROYAL,Collision - TTC,18,20,W,3555
2021/10/16,108,11:09,Saturday,SHEPPARD WEST STATION,Operations - Operator,30,60,W,3559
2021/10/16,52,11:12,Saturday,LAWRENCE AND CORONA,Emergency Services,0,0,E,3357
2021/10/16,47,12:05,Saturday,LANSDOWNE AND WALLACE,Mechanical,17,34,S,8190
2021/10/16,63,12:09,Saturday,OAKWOOD AND ST CLAIR,Mechanical,7,14,S,1382
2021/10/16,74,12:15,Saturday,ST CLAIR STATION,Operations - Operator,17,34,W,8652
2021/10/16,52,12:30,Saturday,LAWRENCE AND WESTON,Operations - Operator,18,36,E,3600
2021/10/16,165,12:30,Saturday,WESTON AND TORYORK,Mechanical,10,20,W,3523
2021/10/16,25,12:45,Saturday,DON MILLS AND FRESHMEA,Mechanical,8,16,N,8670
2021/10/16,165,13:15,Saturday,WESTON AND FINCH,Collision - TTC,10,20,S,3347
2021/10/16,77,13:46,Saturday,RUNNYMEDE STATION,Operations - Operator,24,48,N,8038
2021/10/16,70,13:53,Saturday,COXWELL STATION,Operations - Operator,28,56,,0
2021/10/16,91,13:58,Saturday,WOODBINE STATION,Operations - Operator,26,52,E,8841
2021/10/16,34,14:01,Saturday,EGLINTON AND LEBOVIC,Operations - Operator,9,18,W,8766
2021/10/16,100,14:12,Saturday,BROADVIEW STATION,Operations - Operator,9,18,W,8771
2021/10/16,34,14:14,Saturday,EGLINTON AND LEBOVIC,Operations - Operator,6,15,,3754
2021/10/16,900,14:14,Saturday,KIPLING STATION,Operations - Operator,6,13,W,8005
2021/10/16,41,14:18,Saturday,KEELE STATION,Operations - Operator,9,18,N,1011
2021/10/16,7,14:24,Saturday,BATHURST AND STEELES,Mechanical,10,20,S,9017
2021/10/16,25,14:34,Saturday,PAPE STATION,Operations - Operator,8,16,S,8640
2021/10/16,94,14:41,Saturday,CASTLE FRANK STATION,Operations - Operator,13,26,W,8962
2021/10/16,118,14:44,Saturday,WILSON STATION,Mechanical,30,60,E,8379
2021/10/16,67,14:45,Saturday,VICTORIA PARK STATION,Operations - Operator,15,30,S,8706
2021/10/16,54,14:48,Saturday,EGLINTON STATION,Operations - Operator,14,28,S,8760
2021/10/16,53,15:00,Saturday,STEELES AND KENNEDY,General Delay,0,0,,3171
2021/10/16,900,15:03,Saturday,KIPLING STATION,Cleaning - Unsanitary,7,13,S,8010
2021/10/16,25,15:07,Saturday,PAPE STATION,Operations - Operator,7,14,N,8712
2021/10/16,84,15:12,Saturday,SHEPPARD WEST AND QUIL,Collision - TTC,7,14,E,3487
2021/10/16,57,15:15,Saturday,MIDLAND AND EGLINTON,Investigation,13,26,S,3321
2021/10/16,89,15:16,Saturday,KEELE STATION,Security,12,24,,8172
2021/10/16,36,15:19,Saturday,FINCH AND CHAMPAGNE,Mechanical,5,10,E,3718
2021/10/16,16,15:20,Saturday,SCARBOROUGH CENTRE STA,Operations - Operator,10,20,E,8932
2021/10/16,925,15:27,Saturday,PAPE STATION,Operations - Operator,9,18,S,8659
2021/10/16,86,15:32,Saturday,KINGSTON AND LAWRENCE,Collision - TTC,7,14,W,1340
2021/10/16,34,15:36,Saturday,EGLINTON STATION,Operations - Operator,9,18,W,8709
2021/10/16,68,16:00,Saturday,WARDEN STATION,General Delay,0,0,,0
2021/10/16,36,16:05,Saturday,FINCH AND WESTON,Operations - Operator,5,10,W,3723
2021/10/16,504,16:06,Saturday,DUNDAS WEST STATION,Emergency Services,6,12,,8300
2021/10/16,73,16:07,Saturday,ROYAL YORK STATION,Mechanical,15,30,N,8027
2021/10/16,54,16:12,Saturday,EGLINTON STATION,Operations - Operator,14,28,E,8629
2021/10/16,35,16:26,Saturday,JANE AND SHOREHAM,Mechanical,7,14,S,1357
2021/10/16,161,16:30,Saturday,ROGERS AND DUFFERIN,General Delay,0,0,,0
2021/10/16,165,16:36,Saturday,WESTON AND STEELES,Operations - Operator,10,20,W,3507
2021/10/16,134,16:37,Saturday,FINCHDENE AND FINCH,Operations - Operator,15,30,W,3442
2021/10/16,36,16:38,Saturday,FINCH WEST STATION,Operations - Operator,5,10,E,3594
2021/10/16,24,17:01,Saturday,VICTORIA PARK STATION,Operations - Operator,6,13,,0
2021/10/16,935,17:02,Saturday,JANE AND EGLINTON,Mechanical,7,14,S,1107
2021/10/16,52,17:05,Saturday,LAWRENCE AND JANE,Operations - Operator,18,36,E,8909
2021/10/16,87,17:05,Saturday,MAIN STATION,Operations - Operator,10,20,,0
2021/10/16,24,17:09,Saturday,VICTORIA PARK STATION,Security,7,15,,9232
2021/10/16,510,17:11,Saturday,SPADINA STATION,Operations - Operator,9,18,S,4484
2021/10/16,116,17:13,Saturday,MORNINGSIDE AND NIGHTS,Operations - Operator,7,15,W,1351
2021/10/16,35,17:25,Saturday,JANE AND EGLINTON,Operations - Operator,7,14,S,1016
2021/10/16,35,17:28,Saturday,JANE AND THRETHEWEY,Operations - Operator,7,14,E,1010
2021/10/16,165,17:32,Saturday,WESTON AND FINCH,Operations - Operator,10,20,S,3611
2021/10/16,165,17:38,Saturday,WILSON AND CLYDE,Operations - Operator,10,20,W,8899
2021/10/16,,17:48,Saturday,DUNDAS WEST STATION,Security,0,0,,0
2021/10/16,168,17:56,Saturday,AVON LOOP,Operations - Operator,10,20,E,1081
2021/10/16,960,18:02,Saturday,PIONEER VILLAGE STATIO,Operations - Operator,10,20,,8127
2021/10/16,108,18:02,Saturday,PIONEER VILLAGE STATIO,Mechanical,10,20,E,3571
2021/10/16,165,18:31,Saturday,STEELES AND BARMAC,Operations - Operator,10,20,W,8917
2021/10/16,72,18:37,Saturday,PAPE STATION,Operations - Operator,22,44,,0
2021/10/16,106,18:53,Saturday,SHEPPARD WEST STATION,Operations - Operator,20,33,E,8341
2021/10/16,41,18:53,Saturday,KEELE AND EGLINTON,Operations - Operator,8,16,N,1070
2021/10/16,161,18:54,Saturday,JANE AND ALLIANCE,Operations - Operator,17,34,W,1120
2021/10/16,45,18:59,Saturday,KIPLING AND EGLINTON,Collision - TTC,10,20,S,1201
2021/10/16,91,19:00,Saturday,WOODBINE AND O'CONNOR,General Delay,0,0,,0
2021/10/16,96,19:03,Saturday,WILSON AND JANE,Operations - Operator,10,20,E,3497
2021/10/16,71,19:14,Saturday,RUNNYMEDE STATION,Operations - Operator,15,30,,0
2021/10/16,929,19:22,Saturday,DUFFERIN AND ROGERS,Collision - TTC,10,20,S,9139
2021/10/16,65,19:23,Saturday,CARLTON AND PARLIAMENT,Cleaning - Unsanitary,17,35,N,8535
2021/10/16,,19:29,Saturday,LESLIE BARNS,Investigation,0,0,,0
2021/10/16,40,19:32,Saturday,KIPLING STATION,Operations - Operator,15,30,,0
2021/10/16,7,20:00,Saturday,BATHURST AND WILSON,Operations - Operator,10,20,N,8316
2021/10/16,80,20:01,Saturday,SHERWAY GARDENS,Mechanical,30,60,E,8025
2021/10/16,85,20:11,Saturday,SHEPPARD AND MCCOWAN,Security,20,40,W,3451
2021/10/16,96,20:24,Saturday,HUMBER COLLEGE LOOP,Mechanical,18,37,E,3608
2021/10/16,927,20:27,Saturday,MARTIN GROVE AND STEEL,Operations - Operator,10,20,,0
2021/10/16,36,20:33,Saturday,HUMBERWOOD LOOP,Mechanical,8,16,E,3583
2021/10/16,94,20:38,Saturday,OSSINGTON STATION,Cleaning - Unsanitary,9,19,E,8515
2021/10/16,115,20:40,Saturday,YORK MILLS STATION,Mechanical,30,60,E,3122
2021/10/16,47,21:11,Saturday,YORKDALE MALL,Operations - Operator,10,20,N,8108
2021/10/16,79,21:53,Saturday,WRIGHT AND GIBSON,Mechanical,12,24,N,1350
2021/10/16,47,22:07,Saturday,LANSDOWNE AND DAVENPOR,Diversion,70,105,S,8137
2021/10/16,100,22:22,Saturday,DON MILLS AND OVERLEA,Collision - TTC,9,18,E,8846
2021/10/16,20,22:40,Saturday,ST. CLAIR AND MIDLAND,Emergency Services,20,40,N,8500
2021/10/16,29,23:10,Saturday,DUFFERIN AND DUNDAS,Security,10,20,N,9150
2021/10/16,79,23:32,Saturday,RUNNYMEDE AND DUNDAS,General Delay,0,0,,0
2021/10/16,29,23:55,Saturday,DUFFERIN AND ROGERS,Emergency Services,10,20,N,9148
2021/10/16,79,00:02,Saturday,MARTIN GROVE AND STEEL,Mechanical,13,25,S,3491
2021/10/16,36,00:10,Saturday,FINCH AND JANE,Collision - TTC,9,18,W,3499
2021/10/16,95,00:32,Saturday,ELLESMERE AND MONDEO,Mechanical,10,20,E,1606
2021/10/16,396,01:38,Saturday,STEELES AND MARTIN GRO,Operations - Operator,25,0,E,3500
2021/10/17,334,02:15,Sunday,EGINTON STATION,Operations - Operator,30,60,E,0
2021/10/17,354,02:41,Sunday,ROUGE HILL GO,Operations - Operator,30,60,W,0
2021/10/17,96,04:26,Sunday,WILSON STATION,Operations - Operator,80,80,W,3615
2021/10/17,97,05:11,Sunday,PARKSIDE AND LAKESHORE,General Delay,23,38,S,9034
2021/10/17,307,05:39,Sunday,GREENWIN VILLAGE AND B,Emergency Services,0,0,W,9005
2021/10/17,52,06:14,Sunday,PEARSON AIRPORT TERMIN,Mechanical,15,30,S,8882
2021/10/17,341,06:20,Sunday,KEELE AND LAWRENCE,Security,30,30,N,1325
2021/10/17,41,06:47,Sunday,WESTON AND KEELE,Diversion,118,119,,0
2021/10/17,59,07:15,Sunday,LAWRENCE AND CULFORD,Mechanical,15,15,N,8168
2021/10/17,96,07:30,Sunday,ELMHURST AND TAYROW RO,Security,19,38,N,8913
2021/10/17,37,08:00,Sunday,ISLINGTON STATION,Mechanical,13,26,S,8087
2021/10/17,95,08:00,Sunday,SCARBOROUGH COLLEGE LO,Operations - Operator,20,40,W,3654
2021/10/17,123,09:44,Sunday,LONG BRANCH LOOP,Operations - Operator,20,40,S,7918
2021/10/17,25,09:58,Sunday,DON MILLS AND WYNFORD,Mechanical,10,20,N,8664
2021/10/17,935,10:27,Sunday,JANE STATION,Mechanical,10,20,N,1033
2021/10/17,35,10:46,Sunday,PIONEER VILLAGE STATIO,Mechanical,7,14,S,1050
2021/10/17,107,12:00,Sunday,SHEPPARD WEST STATION,Operations - Operator,25,50,,8327
2021/10/17,72,12:25,Sunday,FRONT AND BAY,Mechanical,22,44,N,8599
2021/10/17,29,12:49,Sunday,DUFFERIN AND LAWRENCE,Mechanical,6,12,N,9026
2021/10/17,56,13:14,Sunday,EGLINTON STATION,Operations - Operator,30,60,,8834
2021/10/17,116,13:25,Sunday,EGLINTON AND MIDLAND,Security,6,13,W,3648
2021/10/17,96,13:30,Sunday,YORK MILLS STATION,Mechanical,10,20,W,3570
2021/10/17,72,13:40,Sunday,PAPE STATION,Operations - Operator,22,44,,0
2021/10/17,29,13:52,Sunday,DUFFERIN AND SAMOR,Collision - TTC,6,12,S,9045
2021/10/17,37,14:00,Sunday,ISLINGTON AND WINNIPEG,General Delay,0,0,,0
2021/10/17,16,14:22,Sunday,WARDEN STATION,Security,35,47,W,9228
2021/10/17,165,14:34,Sunday,WESTON AND BARMAC,Mechanical,10,20,W,3524
2021/10/17,72,14:43,Sunday,PAPE STATION,Operations - Operator,22,44,,0
2021/10/17,189,15:14,Sunday,KEELE AND DUNDAS,Collision - TTC,25,50,S,8423
2021/10/17,60,15:14,Sunday,PIONEER VILLAGE STATIO,General Delay,0,0,,8365
2021/10/17,7,15:20,Sunday,VILLAGE GATE AND STEEL,Mechanical,5,10,N,8307
2021/10/17,108,15:27,Sunday,PIONEER VILLAGE STATIO,Mechanical,10,20,W,3546
2021/10/17,35,15:40,Sunday,JANE AND SHOREHAM,Investigation,7,14,N,1048
2021/10/17,32,15:43,Sunday,EGLINTON AND LOCKSLEY,Investigation,0,0,W,1203
2021/10/17,99,15:45,Sunday,ARROW GATE,Mechanical,15,30,S,3606
2021/10/17,41,16:00,Sunday,KEELE AND SHEPPARD,Investigation,0,0,N,1019
2021/10/17,52,16:09,Sunday,LAWRENCE WEST AND JANE,Investigation,0,0,W,3514
2021/10/17,43,16:26,Sunday,KENNEDY AND LAWRENCE,Mechanical,10,20,S,3272
2021/10/17,79,16:33,Sunday,LAWRENCE AND WESTON,Security,30,60,W,1281
2021/10/17,929,16:57,Sunday,DUFFERIN AND SAMOR,Investigation,0,0,S,9150
2021/10/17,86,17:00,Sunday,YONGE AND ST CLAIR,General Delay,15,30,S,3649
2021/10/17,22,17:03,Sunday,COXWELL AND EASTWOOD,Road Blocked - NON-TTC Collision,10,20,N,8567
2021/10/17,102,17:18,Sunday,MARKHAM AND SHEPPARD,Operations - Operator,10,20,S,3413
2021/10/17,2,17:27,Sunday,YONGE AND ORCHARD VIEW,Security,0,0,N,1384
2021/10/17,35,17:36,Sunday,JANE STATION,Mechanical,11,22,,1048
2021/10/17,1,18:04,Sunday,YONGE AND LAWRENCE,Emergency Services,0,0,N,3217
2021/10/17,935,18:12,Sunday,PIONEER VILLAGE STATIO,Mechanical,10,20,,1042
2021/10/17,125,18:23,Sunday,FINCH STATION,Mechanical,14,28,W,8335
2021/10/17,935,18:45,Sunday,JANE AND TRETHEWEY,Operations - Operator,10,20,,1057
2021/10/17,60,18:45,Sunday,STEELES AND PALM GATE,Security,10,20,W,8388
2021/10/17,34,19:27,Sunday,EGLINTON AT BERMONDSEY,Operations - Operator,9,18,E,8725
2021/10/17,35,19:46,Sunday,PIONEER VILLAGE STATIO,Mechanical,18,38,S,1041
2021/10/17,39,19:52,Sunday,FINCH STATION,Emergency Services,20,40,,3289
2021/10/17,162,20:02,Sunday,LAWRENCE AND DONWAY,Operations - Operator,30,60,,0
2021/10/17,52,20:07,Sunday,LAWRENCE AND MARLEE,Cleaning - Unsanitary,40,40,E,8904
2021/10/17,32,20:39,Sunday,BLACK CREEK AND TRETHE,Mechanical,10,20,E,1090
2021/10/17,52,21:17,Sunday,LAWRENCE AND LORINDALE,Cleaning - Unsanitary,20,40,E,3628
2021/10/17,102,21:19,Sunday,MARKHAM AND SHEPPARD,Operations - Operator,10,20,S,3413
2021/10/17,53,21:38,Sunday,MORNINGSIDE AND FINCH,Operations - Operator,20,40,E,3115
2021/10/17,35,22:00,Sunday,JANE STATION TO STEELE,General Delay,0,0,,0
2021/10/17,51,22:44,Sunday,EGLINTON STATION,Mechanical,30,60,N,3202
2021/10/17,79,22:50,Sunday,SCARLETT AND BLOOR,General Delay,0,0,,0
2021/10/17,133,22:53,Sunday,STAINES AND KNOWLES,Collision - TTC,16,32,S,3649
2021/10/17,168,23:00,Sunday,SYMINGTON AND ROGERS,General Delay,0,0,,0
2021/10/17,41,23:07,Sunday,KEELE STATION,General Delay,0,0,,0
2021/10/17,52,23:36,Sunday,LAWRENCE AND OLYMPIA,Security,20,40,E,8906
2021/10/17,47,00:36,Sunday,COLLEGE AND LANSDOWNE,Investigation,20,40,N,1368
2021/10/17,65,00:46,Sunday,CASTLE FRANK STATION,Cleaning - Unsanitary,15,30,,8922
2021/10/18,300,02:20,Monday,DANFORTH AND CARLAW,Collision - TTC,15,30,W,8935
2021/10/18,353,03:20,Monday,PIONEER VILLAGE STATIO,Operations - Operator,30,60,N,3115
2021/10/18,320,04:27,Monday,YONGE AND SHEPPARD,Mechanical,15,31,S,8166
2021/10/18,60,05:27,Monday,STEELES AND MARTIN GRO,Mechanical,8,16,S,8386
2021/10/18,90,06:04,Monday,ST CLAIR WEST STATION,Mechanical,5,15,,8389
2021/10/18,80,06:05,Monday,SHERWAY GARDENS,Mechanical,30,60,S,8074
2021/10/18,41,06:06,Monday,KEELE AND WESTON,Diversion,0,0,N,0
2021/10/18,86,06:30,Monday,KENNEDY STATION,Mechanical,10,20,E,1212
2021/10/18,52,06:32,Monday,LAWRENCE AND WESTON,Mechanical,15,18,W,3549
2021/10/18,52,06:35,Monday,LAWRENCE WEST ROUTE,Mechanical,18,37,S,3506
2021/10/18,25,06:46,Monday,OVERLEA BLVD AND WILLI,Investigation,6,12,N,8829
2021/10/18,162,07:02,Monday,DON WAY WEST AND LAWRE,Diversion,430,460,E,8820
2021/10/18,36,07:23,Monday,FINCH WEST STATION,Operations - Operator,5,9,,8895
2021/10/18,88,07:24,Monday,30 THORNCLIFFE PARK DR,Mechanical,6,14,W,8861
2021/10/18,42,07:26,Monday,MCNICOLL AND HUTCHCROF,Collision - TTC,12,25,E,3180
2021/10/18,79,07:28,Monday,RUNNYMEDE AND DUNDAS,Diversion,723,733,N,1254
2021/10/18,134,08:19,Monday,SCARBOROUGH CENTRE STA,Investigation,5,10,,3466
2021/10/18,925,08:26,Monday,PAPE STATION,Mechanical,9,18,E,8782
2021/10/18,42,09:06,Monday,MCNICOLL AND MILLIKEN,Diversion,81,95,,0
2021/10/18,60,09:11,Monday,PIONEER VILLAGE STATIO,Mechanical,9,18,N,8179
2021/10/18,108,09:15,Monday,GRANDRAVINE AND KEELE,Collision - TTC,18,36,E,3583
2021/10/18,45,09:21,Monday,KIPLING AND DUNDAS,Collision - TTC,15,30,N,1354
2021/10/18,36,09:52,Monday,FINCH WEST STATION,Mechanical,5,10,N,3484
2021/10/18,60,10:13,Monday,FINCH STATION,Operations - Operator,9,18,S,8141
2021/10/18,60,10:15,Monday,FINCH STATION,Operations - Operator,9,18,S,8330
2021/10/18,74,10:20,Monday,ST CLAIR STATION,Operations - Operator,25,50,,8836
2021/10/18,7,10:48,Monday,BATHURST AND SHEPPARD,Mechanical,9,19,S,9004
2021/10/18,165,10:54,Monday,WESTON AND FENMAR,Mechanical,8,16,N,3634
2021/10/18,939,11:04,Monday,FINCH AND BAYLAWN,Mechanical,9,17,W,3132
2021/10/18,32,11:18,Monday,EGLINTON STATION,Mechanical,11,22,S,1419
2021/10/18,89,11:42,Monday,WESTON AND SIDNEY BELS,Security,10,20,,8312
2021/10/18,63,12:09,Monday,EGLINTON WEST STATION,Mechanical,8,15,N,8209
2021/10/18,63,12:13,Monday,ATLANTIC AND KING,Emergency Services,8,16,W,8379
2021/10/18,54,12:19,Monday,LAWRENCE AND STARSPRAY,Cleaning - Unsanitary,14,28,E,8822
2021/10/18,35,12:23,Monday,JANE AND DIFTWOOD,Mechanical,8,15,N,1011
2021/10/18,52,12:43,Monday,LAWRENCE STATION,Operations - Operator,20,36,,3534
2021/10/18,52,12:43,Monday,LAWRENCE STATION,Operations - Operator,20,36,,3618
2021/10/18,116,12:49,Monday,MORNINGSIDE AND NIGHTS,Operations - Operator,9,18,,1237
2021/10/18,91,13:13,Monday,SILVERDALE AND YORK MI,Diversion,105,130,N,8662
2021/10/18,116,13:16,Monday,MORNINGSIDE AND NIGHTS,Operations - Operator,9,18,,3448
2021/10/18,63,13:17,Monday,EGLINTON WEST STATION,Cleaning - Unsanitary,8,16,S,8379
2021/10/18,38,13:20,Monday,SCARBOROUGH CENTRE STA,Mechanical,13,26,E,1286
2021/10/18,28,13:24,Monday,BAYVIEW AND EVENGREEN,Mechanical,15,30,N,8684
2021/10/18,,13:25,Monday,COXWELL LOOP,Collision - TTC,0,0,,0
2021/10/18,40,13:32,Monday,KIPLING STN,Security,20,40,,8435
2021/10/18,85,13:46,Monday,DON MILLS STATION,Operations - Operator,22,44,W,3467
2021/10/18,79,13:53,Monday,JANE AND LAWRENCE,Operations - Operator,24,48,,1066
2021/10/18,134,14:02,Monday,SCARBOROUGH CENTRE STA,Utilized Off Route,16,32,E,1385
2021/10/18,24,14:18,Monday,VICTORIA PARK STATION,Operations - Operator,25,50,,9200
2021/10/18,32,14:55,Monday,RENFORTH STATION,Mechanical,9,18,W,1396
2021/10/18,165,15:10,Monday,WILSON AND LADY YORK,Cleaning - Unsanitary,9,18,E,3479
2021/10/18,12,15:15,Monday,VICTORIA PARK STATION,Mechanical,30,60,E,8495
2021/10/18,999,15:20,Monday,WILSON AND AVENUE,Collision - TTC,0,0,E,8194
2021/10/18,111,15:29,Monday,BLOOR AND THE EAST MAL,Investigation,11,22,E,8440
2021/10/18,129,15:57,Monday,MCCOWAN AND 16TH AVE,Road Blocked - NON-TTC Collision,24,49,N,0
2021/10/18,96,16:03,Monday,CARRIER LOOP,Mechanical,21,42,W,3488
2021/10/18,63,16:14,Monday,ATLANTIC AND KING,Mechanical,8,16,N,8388
2021/10/18,132,16:15,Monday,715 M?ILNER AVE,Mechanical,13,25,E,1301
2021/10/18,32,16:24,Monday,DUPLEX AND EGLINTON,Collision - TTC,10,20,N,1089
2021/10/18,94,16:25,Monday,WELLESLEY AND JARVIS,Collision - TTC,17,34,E,8927
2021/10/18,87,16:25,Monday,COSBURN AND WOODBINE,Cleaning - Unsanitary,6,13,W,8611
2021/10/18,34,16:27,Monday,ENTIRE ROUTE,General Delay,35,47,,0
2021/10/18,25,16:31,Monday,DON MILLS AND CLIFFWOO,Mechanical,6,12,S,8778
2021/10/18,36,16:33,Monday,FINCH AND ARROW,Mechanical,6,12,E,3607
2021/10/18,7,16:36,Monday,BATHURST AND WILSON,Mechanical,8,17,W,9015
2021/10/18,986,16:46,Monday,MEADOWVALE AND HIGHWAY,Collision - TTC,11,22,N,3417
2021/10/18,53,16:53,Monday,STEELES AND BAYVIEW,Mechanical,10,20,W,3317
2021/10/18,51,16:58,Monday,LESLIE AND DEXTER,Operations - Operator,21,42,N,3121
2021/10/18,75,17:09,Monday,BLOOR AND SHERBOURNE,Security,7,14,W,8477
2021/10/18,54,17:18,Monday,LAWRENCE AND WARDEN,Operations - Operator,11,22,,8714
2021/10/18,35,17:30,Monday,PIONEER VILLAGE STATIO,General Delay,20,28,S,1060
2021/10/18,12,17:31,Monday,VICTORIA PARK STATION,Utilized Off Route,30,60,W,8600
2021/10/18,968,17:39,Monday,WARDEN AND LAWRENCE,Investigation,12,24,S,3147
2021/10/18,2,17:47,Monday,ST GEORGE BD STATION,Security,0,0,,8103
2021/10/18,35,17:49,Monday,JANE AND EGLINTON,Mechanical,8,16,S,1033
2021/10/18,12,17:53,Monday,VICTORIA PARK STATION,Utilized Off Route,30,60,E,8568
2021/10/18,125,17:55,Monday,FINCH STATION,Operations - Operator,20,40,,8311
2021/10/18,133,17:58,Monday,SCARBOROUGH CTR STATIO,Emergency Services,0,0,,0
2021/10/18,168,18:00,Monday,DUNDAS WEST STATION,Security,38,37,N,1140
2021/10/18,96,18:00,Monday,ELMHURST AND MUNCEY,Collision - TTC,19,38,E,3723
2021/10/18,89,18:00,Monday,KEELE AND DUNDAS,Mechanical,10,20,N,8331
2021/10/18,74,18:10,Monday,ST CLAIR STATION,Operations - Operator,20,40,N,8793
2021/10/18,32,18:18,Monday,LAWRENCE AND PINE,Mechanical,12,24,E,1113
2021/10/18,63,18:21,Monday,OSSINGTON AND ARGLE,Collision - TTC,8,16,S,8350
2021/10/18,52,18:31,Monday,LAWRENCE AND DUFFLAW,Security,13,26,E,3701
2021/10/18,11,18:42,Monday,BAYVIEW AND EGLINTON T,General Delay,32,59,,0
2021/10/18,56,18:44,Monday,EGLINTON AND YONGE TO,General Delay,22,43,,0
2021/10/18,91,18:51,Monday,WOODBINE STATION TO O',General Delay,28,43,,0
2021/10/18,512,18:53,Monday,GUNNS LOOP,Collision - TTC,0,0,E,1077
2021/10/18,17,19:08,Monday,BIRCHMOUNT AND EGLINTO,Security,15,30,N,3278
2021/10/18,935,19:11,Monday,PIONEER VILLAGE STATIO,Mechanical,8,16,S,1046
2021/10/18,121,19:17,Monday,ESPLANDE AND LOWER JAR,Diversion,383,407,,8482
2021/10/18,999,19:20,Monday,WILSON GARAGE,Mechanical,0,0,,8388
2021/10/18,121,19:21,Monday,MARKET ST AND S OF ESP,Operations - Operator,24,48,S,8482
2021/10/18,54,19:22,Monday,LAWRENCE AND MANSE,Security,11,22,E,8621
2021/10/18,75,19:24,Monday,ESPLANDE AND LOWER JAR,Diversion,330,338,,0
2021/10/18,960,19:33,Monday,ENTIRE ROUTE,General Delay,35,45,E,8172
2021/10/18,34,20:13,Monday,EGLINTON AND MOUNT PLE,Collision - TTC,0,0,W,8822
2021/10/18,126,20:15,Monday,ST CLAIR WEST STATION,Operations - Operator,30,60,,8371
2021/10/18,40,20:31,Monday,DUNDAS AND KEELE,Collision - TTC,25,50,W,8039
2021/10/18,36,20:39,Monday,FINCH WEST STATION,Investigation,8,16,,3573
2021/10/18,54,21:00,Monday,LAWRENCE AND MARKHAM,Operations - Operator,20,40,,8787
2021/10/18,53,21:10,Monday,MAKRHAM AND FINCH,Operations - Operator,8,16,W,3110
2021/10/18,102,21:54,Monday,MARKHAM AND SHEPPARD,Mechanical,8,16,,3409
2021/10/18,36,21:58,Monday,FINCH AND ROMFIELD,Collision - TTC,8,16,W,9127
2021/10/18,32,22:17,Monday,EGLINTON AND SPADINA,Mechanical,10,20,W,1096
2021/10/18,999,22:17,Monday,MCNICOLL GARAGE,Emergency Services,0,0,,0
2021/10/18,63,22:17,Monday,SHAW AND KING,General Delay,9,18,N,8378
2021/10/18,116,23:53,Monday,MORNINGSIDE AND NIGHTS,Mechanical,11,22,S,3450
2021/10/18,1,23:58,Monday,ST CLAIR AND YONGE,Operations - Operator,0,0,N,3447
2021/10/18,134,01:23,Monday,BUSHBY AND GRANGEWAY,Investigation,0,0,E,3463
2021/10/18,320,01:28,Monday,YONGE AND STEELES,Operations - Operator,5,10,,0
2021/10/19,337,02:01,Tuesday,ISLINGTON STATION,Operations - Operator,30,60,,0
2021/10/19,320,02:14,Tuesday,YONGE AND EGLINTON,Operations - Operator,4,7,,0
2021/10/19,,02:52,Tuesday,HARVEY SHOP,Investigation,0,0,,0
2021/10/19,300,04:45,Tuesday,BLOOR AND BATHURST,Collision - TTC,0,0,E,1204
2021/10/19,35,05:16,Tuesday,MARTIN GROVE AND SILVE,Mechanical,26,52,S,1026
2021/10/19,12,05:54,Tuesday,VICTORIA PARK STATION,Utilized Off Route,28,35,E,8511
2021/10/19,9,06:07,Tuesday,BELLAMY AND PANDORA,Security,17,34,N,9213
2021/10/19,300,06:19,Tuesday,BLOOR AND HIGH PARK,Emergency Services,0,0,W,8622
2021/10/19,118,06:39,Tuesday,WILSON STATION,Mechanical,20,40,W,8362
2021/10/19,996,06:50,Tuesday,ALBION AND ARMEL,Operations - Operator,10,20,N,3545
2021/10/19,999,07:04,Tuesday,BLOOR AND PAPE,Security,6,12,W,8867
2021/10/19,42,07:36,Tuesday,MCNICOLL AND DYNAMIC,Operations - Operator,12,24,W,3105
2021/10/19,54,07:40,Tuesday,LESLIE AND EGLINTON,Vision,10,20,,8659
2021/10/19,96,07:49,Tuesday,YORK MILLS STATION,Mechanical,18,36,N,8891
2021/10/19,32,08:00,Tuesday,RENFORTH STATION,Mechanical,7,14,W,3732
2021/10/19,77,08:13,Tuesday,WINDERMERE AND COE HIL,Investigation,14,28,S,8059
2021/10/19,108,08:19,Tuesday,SHEPPARD WEST STATION,Mechanical,18,36,S,3499
2021/10/19,32,08:23,Tuesday,EGLINTON AND KEELE,Vision,7,14,E,1108
2021/10/19,60,08:33,Tuesday,FINCH STATION,Collision - TTC,6,12,,8386
2021/10/19,952,08:35,Tuesday,LAWRENCE AND JANE,Investigation,11,22,W,8918
2021/10/19,47,08:43,Tuesday,BLOOR AND LANSDOWNE,Mechanical,21,42,N,8336
2021/10/19,102,09:07,Tuesday,WARDEN STATION,Operations - Operator,20,40,S,3419
2021/10/19,95,09:08,Tuesday,YORK MILLS AND CLAYLAN,Investigation,8,16,E,3471
2021/10/19,999,09:24,Tuesday,179 BROCK AVE,Utilized Off Route,0,0,,0
2021/10/19,168,10:14,Tuesday,AVON LOOP,Mechanical,11,22,N,1359
2021/10/19,900,10:18,Tuesday,KIPLING STATION,Mechanical,9,18,N,8002
2021/10/19,102,10:20,Tuesday,MARKHAM AND SHEPPARD,Mechanical,49,98,N,3429
2021/10/19,24,10:30,Tuesday,VICTORIA PARK STATION,Mechanical,9,19,N,9205
2021/10/19,38,10:39,Tuesday,MARKHAM AND ELLESMERE,Mechanical,13,26,E,1335
2021/10/19,902,10:40,Tuesday,MARKHAM ROAD AND PROGR,Collision - TTC,15,30,E,3400
2021/10/19,60,10:40,Tuesday,STEELES AND ALNESS,Collision - TTC,9,18,E,8192
2021/10/19,104,10:49,Tuesday,WILSON STATION,Investigation,20,40,S,8333
2021/10/19,39,10:54,Tuesday,FINCH AND VICTORIA PAR,Mechanical,16,22,E,3167
2021/10/19,54,11:03,Tuesday,STARSPRAY LOOP,Mechanical,12,28,E,8713
2021/10/19,29,11:32,Tuesday,PRINCESS GATE LOOP,Emergency Services,7,14,,9024
2021/10/19,939,11:37,Tuesday,FINCH STATION,Security,8,17,,3276
2021/10/19,925,11:40,Tuesday,OVERLEA AND THORNCLIFF,Investigation,10,20,,8783
2021/10/19,169,11:49,Tuesday,HUNTINGWOOD AND BRIMLE,Mechanical,30,60,E,1296
2021/10/19,29,11:53,Tuesday,DUFFERIN AND MACKAY,Collision - TTC,8,15,S,9033
2021/10/19,960,11:56,Tuesday,FINCH STATION,Mechanical,10,20,,8337
2021/10/19,12,12:00,Tuesday,DANFORTH AND EASTWOOD,Diversion,210,222,E,0
2021/10/19,116,12:00,Tuesday,MORNINGSIDE AND SHEPPA,Operations - Operator,7,14,,3649
2021/10/19,20,12:13,Tuesday,DANFORTH AND BIRCHMOUN,Road Blocked - NON-TTC Collision,210,225,,0
2021/10/19,84,12:19,Tuesday,SHEPPARD WEST STATION,Operations - Operator,8,16,,3505
2021/10/19,72,12:20,Tuesday,PAPE STATION,Operations - Operator,19,38,,8927
2021/10/19,75,12:44,Tuesday,SHERBOURNE STATION,Emergency Services,0,0,N,9237
2021/10/19,501,12:55,Tuesday,KING AND WILSON PARK,Collision - TTC,10,20,E,8502
2021/10/19,927,13:00,Tuesday,HUMBER COLLEGE,Collision - TTC,9,18,,3578
2021/10/19,56,13:01,Tuesday,DONLANDS STATIONS,Operations - Operator,23,46,W,8834
2021/10/19,905,13:12,Tuesday,KENNEDY STATION,Vision,8,16,E,8609
2021/10/19,133,13:13,Tuesday,SCARBOROUGH CENTRE STA,Operations - Operator,12,24,S,1221
2021/10/19,113,13:21,Tuesday,BIRCHMOUNT GARAGE,Operations - Operator,20,40,,8523
2021/10/19,54,13:27,Tuesday,EGLINTON STATION,Collision - TTC,14,28,,8791
2021/10/19,69,13:34,Tuesday,DANFORTH AND BIRCHMOUN,Diversion,210,216,,0
2021/10/19,85,13:35,Tuesday,DON MILLS STATION,Operations - Operator,22,44,,3641
2021/10/19,45,13:38,Tuesday,ATWELL AND CARLINGVIEW,Operations - Operator,28,56,S,1099
2021/10/19,36,13:40,Tuesday,FINCH AND ARNOTT,Collision - TTC,5,10,W,3620
2021/10/19,36,13:47,Tuesday,FINCH WEST STATION,Operations - Operator,5,10,,3535
2021/10/19,96,13:50,Tuesday,CARRIER LOOP,Operations - Operator,23,46,,3631
2021/10/19,85,13:59,Tuesday,SHEPPARD AND BRENYON W,Mechanical,8,23,W,1536
2021/10/19,85,14:08,Tuesday,DON MILLS STATION,General Delay,22,44,,1290
2021/10/19,85,14:09,Tuesday,DON MILLS STATION,Utilized Off Route,30,53,W,1653
2021/10/19,116,14:19,Tuesday,MORNINGSIDE AND NEILSO,Mechanical,9,18,S,1674
2021/10/19,54,14:28,Tuesday,LAWRENCE AND WARDEN,Operations - Operator,14,28,,8786
2021/10/19,96,14:29,Tuesday,WILSON AND JANE,Security,21,42,W,3479
2021/10/19,120,14:31,Tuesday,WILSON AND DUFFERIN,General Delay,25,49,W,3510
2021/10/19,47,14:36,Tuesday,DUFFERIN AND YORKDALE,Diversion,57,69,N,8195
2021/10/19,36,14:49,Tuesday,FINCH AND ROMFIELD,Mechanical,5,10,W,9113
2021/10/19,54,14:51,Tuesday,EGLINTON AND FALCON,Collision - TTC,11,22,W,8838
2021/10/19,59,14:52,Tuesday,WILSON GARAGE,Operations - Operator,13,26,,8345
2021/10/19,54,15:05,Tuesday,EGLINTON AND FALCON ST,Diversion,95,106,W,8838
2021/10/19,95,15:07,Tuesday,YORK MILLS AND DON VAL,Mechanical,18,36,E,1301
2021/10/19,165,15:08,Tuesday,WESTON AND FINCH,Operations - Operator,11,22,N,3480
2021/10/19,87,15:09,Tuesday,MAIN STREET STATION,Operations - Operator,6,12,,8939
2021/10/19,24,15:10,Tuesday,VICTORIA PARK AND LAWR,General Delay,20,30,N,9229
2021/10/19,59,15:16,Tuesday,WILSON GARAGE,Collision - TTC,26,72,,8345
2021/10/19,36,15:23,Tuesday,HUMBERWOOD LOOP,Operations - Operator,6,12,,8882
2021/10/19,102,15:27,Tuesday,MARKHAM AND PROGRESS,Operations - Operator,20,40,S,3319
2021/10/19,85,15:32,Tuesday,SHEPPARD W OF KENNEDY,Security,7,13,W,3464
2021/10/19,34,15:36,Tuesday,MOUNT PLEASANT AND EGL,Diversion,0,0,,0
2021/10/19,56,15:38,Tuesday,MOUNT PLEASANT AND EGL,Diversion,0,0,W,0
2021/10/19,67,15:41,Tuesday,PHARMACY AND PENWORTH,Mechanical,10,20,S,8703
2021/10/19,51,15:43,Tuesday,EGLINTON AND FALCON,Diversion,30,56,W,0
2021/10/19,48,15:45,Tuesday,ROYAL YORK AND DUNDAS,Diversion,195,220,,0
2021/10/19,73,15:47,Tuesday,ROYAL YORK AND DUNDAS,Diversion,195,205,,0
2021/10/19,84,15:48,Tuesday,SHEPPARD AND ARROW,Mechanical,15,30,E,3563
2021/10/19,37,15:51,Tuesday,STEELES TO DIXON,General Delay,20,38,,0
2021/10/19,600,16:04,Tuesday,WARDEN STATION,Collision - TTC,0,0,,3272
2021/10/19,7,16:10,Tuesday,VILLAGE GATE AND STEEL,Diversion,0,0,S,9007
2021/10/19,927,16:15,Tuesday,UNKNOWN,Operations - Operator,8,16,,0
2021/10/19,985,16:22,Tuesday,SHEPPARD AND VICTORIA,Collision - TTC,10,20,E,9061
2021/10/19,39,16:36,Tuesday,FINCH STATION,Mechanical,12,24,E,3173
2021/10/19,41,16:36,Tuesday,PIONEER VILLAGE STATIO,Mechanical,8,16,S,1066
2021/10/19,54,16:37,Tuesday,EGLINTON AND BAYVIEW,Security,11,22,W,8818
2021/10/19,85,16:40,Tuesday,SHEPPARD AND VICTORIA,Diversion,0,0,E,3451
2021/10/19,24,16:44,Tuesday,VICTORIA PARK STATION,Operations - Operator,9,18,,8950
2021/10/19,132,16:47,Tuesday,SCARBOROUGH CENTRE STA,Operations - Operator,13,25,,1322
2021/10/19,54,16:53,Tuesday,LAWRENCE AND VICTORIA,General Delay,84,95,,0
2021/10/19,945,16:54,Tuesday,KIPLING STATION,Operations - Operator,13,26,,3743
2021/10/19,960,17:00,Tuesday,ENTIRE ROUTE,General Delay,30,20,,8155
2021/10/19,925,17:04,Tuesday,DON MILLS AND YOIRK MI,Operations - Operator,8,16,,8714
2021/10/19,924,17:07,Tuesday,VICTORIA PARK AND SHEP,Diversion,10,20,N,8410
2021/10/19,929,17:13,Tuesday,DUFFERIN AND EGLINTON,Security,10,20,N,9150
2021/10/19,100,17:13,Tuesday,BROADVIEW STATION,Operations - Operator,6,12,,8845
2021/10/19,87,17:14,Tuesday,MAIN STREET STATION,Operations - Operator,7,14,,8516
2021/10/19,954,17:20,Tuesday,LAWRENCE EAST STATION,Mechanical,10,20,E,3757
2021/10/19,100,17:22,Tuesday,DON MILLS AND WYNFORD,Operations - Operator,6,12,,0
2021/10/19,168,17:22,Tuesday,SYMINGTON AND DUPONT,Diversion,7,14,S,1265
2021/10/19,81,17:24,Tuesday,PAPE STATION,Operations - Operator,8,16,,8751
2021/10/19,52,17:25,Tuesday,BRAECREST AND WESTWAY,Vision,18,26,E,3716
2021/10/19,12,17:26,Tuesday,VICTORIA PARK STATION,Operations - Operator,14,28,,8400
2021/10/19,8,17:30,Tuesday,BROADVIEW STATION,Operations - Operator,20,40,,0
2021/10/19,39,17:45,Tuesday,FINCH STATION,Mechanical,14,28,,3294
2021/10/19,37,17:45,Tuesday,ISLINGTON AND ELMHURST,Mechanical,18,36,N,8082
2021/10/19,54,17:46,Tuesday,LAWRENCE AND WARDEN,Operations - Operator,11,22,,8789
2021/10/19,67,17:51,Tuesday,VICTORIA PARK STATION,Operations - Operator,10,20,,0
2021/10/19,86,17:55,Tuesday,KENNEDY STATION,Operations - Operator,5,10,,1625
2021/10/19,87,18:00,Tuesday,MAIN STREET STATION,Vision,7,14,,8405
2021/10/19,107,18:07,Tuesday,STEELES AND ALNESS,Road Blocked - NON-TTC Collision,20,40,W,8141
2021/10/19,25,18:11,Tuesday,DON MILLS AND EGLINTON,Operations - Operator,6,12,,8776
2021/10/19,34,18:12,Tuesday,DON MILLS TO YONGE,General Delay,34,46,,0
2021/10/19,20,18:16,Tuesday,DANFORTH AVE AND AUGUS,Collision - TTC,12,24,W,8477
2021/10/19,162,18:26,Tuesday,THE DONWAY WEST AND LA,Diversion,750,780,,0
2021/10/19,56,18:26,Tuesday,EGLINTON AND YONGE TO,General Delay,21,42,,0
2021/10/19,25,18:30,Tuesday,PAPE STATION,Cleaning - Unsanitary,6,12,,8622
2021/10/19,116,18:49,Tuesday,MORNINGSIDE AND SHEPPA,Operations - Operator,7,14,,3650
2021/10/19,133,18:56,Tuesday,NEILSON AND MCLEVIN,Emergency Services,0,0,N,3651
2021/10/19,134,19:07,Tuesday,FINCHDENE AND FINCH,Mechanical,14,28,N,3644
2021/10/19,45,19:35,Tuesday,KIPLING AND WIDDICOMBE,Collision - TTC,10,20,N,1090
2021/10/19,165,19:36,Tuesday,WESTON S OF FINCH,Investigation,10,20,S,3490
2021/10/19,600,19:43,Tuesday,2204 KENNEDY RD,General Delay,0,0,S,3411
2021/10/19,43,19:48,Tuesday,MIDLAND AND STEELES,Emergency Services,12,25,S,3180
2021/10/19,22,19:49,Tuesday,BINGHAM AND KINGSTON R,Cleaning - Unsanitary,9,18,S,8923
2021/10/19,133,19:58,Tuesday,NEILSON AND LIVONIA,Mechanical,11,22,N,1299
2021/10/19,,20:12,Tuesday,WILSON GARAGE,Operations - Operator,0,0,,8155
2021/10/19,134,20:25,Tuesday,CONSILIUM PLACE AND MC,Diversion,334,348,E,3463
2021/10/19,25,20:25,Tuesday,DON MILLS STATION,Operations - Operator,9,18,,8792
2021/10/19,102,20:58,Tuesday,WARDEN STATION,Mechanical,10,20,N,3407
2021/10/19,32,21:54,Tuesday,EGLINTON WEST STATION,Emergency Services,14,24,,1100
2021/10/19,54,21:56,Tuesday,LAWRENCE AND WARDEN,Operations - Operator,15,30,,8816
2021/10/19,86,21:58,Tuesday,EGLINTON AND MCCOWAN,Mechanical,10,20,E,1275
2021/10/19,25,22:01,Tuesday,FRESHMEADOW AND DONMIL,Security,8,16,,8691
2021/10/19,96,22:06,Tuesday,WILSON STATION,Mechanical,19,39,W,8896
2021/10/19,8,22:08,Tuesday,O'CONNOR AND PAPE,Diversion,0,0,,0
2021/10/19,109,22:14,Tuesday,EGLINTON WEST STATION,General Delay,25,50,,8370
2021/10/19,939,23:17,Tuesday,FINCH STATION,Cleaning - Unsanitary,10,20,,3241
2021/10/19,925,23:38,Tuesday,PAPE STATION,Operations - Operator,6,12,,8622
2021/10/20,900,02:46,Wednesday,PEARSON AIRPORT - TERM,Security,0,0,E,8004
2021/10/20,307,03:17,Wednesday,BATHURST BET HARBORD A,Diversion,97,127,N,0
2021/10/20,320,04:09,Wednesday,YONGE AND CUMMER,Emergency Services,3,7,N,8783
2021/10/20,91,05:39,Wednesday,WOODBINE STATION,Utilized Off Route,29,54,W,8742
2021/10/20,86,05:43,Wednesday,KENNEDY STATION,Utilized Off Route,20,40,W,3649
2021/10/20,70,05:57,Wednesday,MICHAEL GARRON HOSPITA,Utilized Off Route,20,30,S,8511
2021/10/20,91,06:08,Wednesday,WOODBINE AND OCCONNER,Collision - TTC,13,26,W,8739
2021/10/20,34,06:38,Wednesday,EGLINTON AND IONVIEW,Mechanical,6,12,E,8751
2021/10/20,37,06:50,Wednesday,ISLINGTON AND PRINCESS,Mechanical,15,30,S,8458
2021/10/20,939,06:57,Wednesday,300 BOROUGH DR,Vision,7,15,S,3124
2021/10/20,943,07:02,Wednesday,KENNEDY AND MCNICOLL,Diversion,10,20,S,3256
2021/10/20,68,07:19,Wednesday,7300 DENISON ST,Mechanical,8,15,S,3306
2021/10/20,24,07:21,Wednesday,VICTORIA PK AND ARNCLI,Collision - TTC,10,19,S,8961
2021/10/20,11,07:42,Wednesday,STEELES AND BAYVIEW LO,Operations - Operator,21,42,,0
2021/10/20,131,08:11,Wednesday,SCARBOROUGH CENTRE STA,Emergency Services,10,20,,3426
2021/10/20,26,08:20,Wednesday,DUPONT AND LANSDOWNE,Mechanical,24,48,E,7913
2021/10/20,40,08:41,Wednesday,DUNDAS AND GILMOUR,Security,18,36,E,7959
2021/10/20,32,08:41,Wednesday,EGLINTON STATION,Mechanical,7,14,E,1112
2021/10/20,112,08:43,Wednesday,CARLINGVIEW AND DISCO,Cleaning - Unsanitary,23,46,N,8433
2021/10/20,35,08:50,Wednesday,JANE AND TRETHEWEY,Mechanical,9,18,N,1020
2021/10/20,952,08:57,Wednesday,LAWRENCE WEST STATION,Mechanical,11,22,E,3353
2021/10/20,84,09:01,Wednesday,SHEPPARD STATION,Mechanical,8,16,,3488
2021/10/20,9,09:03,Wednesday,WARDEN STATION,Operations - Operator,27,44,,8929
2021/10/20,9,09:03,Wednesday,WARDEN STATION,Operations - Operator,27,44,,8929
2021/10/20,29,09:12,Wednesday,DUFFERIN AND KING,Diversion,24,32,N,0
2021/10/20,123,09:24,Wednesday,KIPLING STATION,Operations - Operator,21,42,,8453
2021/10/20,111,09:37,Wednesday,WILLOWRIDGE AND RICHGR,Mechanical,16,32,N,7924
2021/10/20,12,09:47,Wednesday,VICTORIA PARK STATION,Operations - Operator,24,48,N,8943
2021/10/20,189,10:08,Wednesday,KEELE STATION,Mechanical,25,50,E,8427
2021/10/20,984,10:14,Wednesday,SHEPPARD WEST STATION,Mechanical,9,18,S,3485
2021/10/20,74,10:20,Wednesday,ST CLAIR STATION,Operations - Operator,25,50,,8673
2021/10/20,902,10:38,Wednesday,MARKHAM AND SHEPPARD,Collision - TTC,7,15,N,3436
2021/10/20,102,11:07,Wednesday,AMAZON DISTUBUTION CEN,Collision - TTC,0,0,N,3452
2021/10/20,54,11:15,Wednesday,LAWRENCE AMD BIRCHMOUN,Mechanical,14,28,E,8850
2021/10/20,68,11:31,Wednesday,WARDEN AND BRIDLETOWN,Investigation,6,13,S,3170
2021/10/20,902,12:16,Wednesday,KINGSTON AND PARKCREST,Mechanical,15,30,N,3434
2021/10/20,32,12:16,Wednesday,EGLINTON AND WESTON,Mechanical,11,22,E,1356
2021/10/20,29,12:20,Wednesday,WILSON STATION,Emergency Services,0,0,,9143
2021/10/20,95,12:28,Wednesday,VICTORIA PARK AND PARK,Operations - Operator,18,36,E,0
2021/10/20,34,12:33,Wednesday,EGLINTON STATION,Operations - Operator,10,20,W,3754
2021/10/20,108,12:35,Wednesday,PIONEER VILLAGE STATIO,Operations - Operator,20,40,S,8884
2021/10/20,54,12:43,Wednesday,LAWRENCE AND WARDEN,Operations - Operator,14,28,W,8807
2021/10/20,108,12:44,Wednesday,DRIFWOOD AND YORKWOOD,Collision - TTC,10,20,N,3600
2021/10/20,56,12:50,Wednesday,EGLINTON STATION,Operations - Operator,23,46,N,8761
2021/10/20,35,12:52,Wednesday,JANE AND WILSON,Collision - TTC,8,15,S,1019
2021/10/20,130,12:54,Wednesday,MCCOWAN AND SHEPPARD,Operations - Operator,21,42,E,1318
2021/10/20,20,12:54,Wednesday,DANFORTH AND WARDEN,Investigation,14,28,W,8926
2021/10/20,85,13:00,Wednesday,SHEPPARD AND YONGE,Operations - Operator,24,48,,1366
2021/10/20,130,13:02,Wednesday,SCARBOROUGH CENTRE STA,Operations - Operator,21,42,,1318
2021/10/20,54,13:05,Wednesday,LAWRENCE AND WQARDEN,Operations - Operator,14,28,,8851
2021/10/20,61,13:06,Wednesday,AVENUE AND WILSON,Operations - Operator,20,40,,8146
2021/10/20,85,13:07,Wednesday,MALVERN GATE,Operations - Operator,8,16,E,1595
2021/10/20,960,13:08,Wednesday,STEELES AND TANJOE CRE,Mechanical,10,20,,8210
2021/10/20,935,13:15,Wednesday,JANE AND LAWRENCE,Collision - TTC,12,24,S,1036
2021/10/20,85,13:20,Wednesday,MALVERN GATE,Operations - Operator,8,16,E,3463
2021/10/20,85,13:20,Wednesday,MALVERN AND SHEPPARD,Operations - Operator,8,16,E,3641
2021/10/20,37,13:27,Wednesday,ISLINGTON STATION,Operations - Operator,22,43,S,8017
2021/10/20,22,13:34,Wednesday,COXWELL STATION,Operations - Operator,7,14,,9233
2021/10/20,35,13:34,Wednesday,JANE AND TRETHEWEY,Operations - Operator,8,15,,1019
2021/10/20,12,13:49,Wednesday,VICTORIA PARK STATION,Operations - Operator,25,50,,8571
2021/10/20,54,14:02,Wednesday,LAWRENCE AND BIRCHMOUN,Cleaning - Unsanitary,11,22,E,8659
2021/10/20,52,14:05,Wednesday,LAWRENCE WEST STATION,Operations - Operator,17,37,,3619
2021/10/20,52,14:12,Wednesday,LAWRENCE AND JANE,Operations - Operator,20,34,E,3577
2021/10/20,96,14:12,Wednesday,FINCH AND DRIFTWOOD,Operations - Operator,23,46,,0
2021/10/20,23,14:15,Wednesday,DAWES AND DANFORTH,Security,8,16,N,8516
2021/10/20,941,14:24,Wednesday,KEELE STATION,Mechanical,14,28,,9028
2021/10/20,70,14:29,Wednesday,COXWELL STATION,Operations - Operator,22,44,,8511
2021/10/20,63,14:30,Wednesday,OSSINGTON STATION,Operations - Operator,7,14,N,8152
2021/10/20,110,14:31,Wednesday,ISLINGTON STATION,Operations - Operator,12,24,,8457
2021/10/20,86,14:54,Wednesday,HIGHLAND CREEK OVERPAS,Operations - Operator,15,30,,0
2021/10/20,953,15:00,Wednesday,STEELES AND KENNEDY,Mechanical,10,20,E,9087
2021/10/20,68,15:08,Wednesday,ANGUS GLEN COMMUNITY C,Operations - Operator,22,45,,0
2021/10/20,954,15:10,Wednesday,STARSPRAY LOOP,Operations - Operator,10,20,,0
2021/10/20,84,15:22,Wednesday,SHEPPARD AND YATESCAST,Security,0,0,E,3343
2021/10/20,16,15:24,Wednesday,ST CLAIR AND ELFREDA,Mechanical,12,24,N,8954
2021/10/20,96,15:28,Wednesday,WILSON AND JANE,Operations - Operator,9,18,,0
2021/10/20,960,15:31,Wednesday,PIONEER VILLAGE STATIO,Operations - Operator,10,20,W,8321
2021/10/20,995,15:33,Wednesday,ELLESMERE AND VICTORIA,Mechanical,10,20,E,3466
2021/10/20,43,15:40,Wednesday,KENNEDY AND VILLAGE GR,Operations - Operator,22,42,,0
2021/10/20,7,15:40,Wednesday,BATHURST AND WILSON,Mechanical,9,17,N,9016
2021/10/20,84,15:54,Wednesday,STEELES AND ROSSDEAN,Mechanical,30,60,W,3594
2021/10/20,20,15:55,Wednesday,MAIN STREET STATION,Cleaning - Unsanitary,12,24,,8941
2021/10/20,53,16:00,Wednesday,STEELES E ROUTE,Operations - Operator,35,41,,3114
2021/10/20,16,16:05,Wednesday,WARDEN STATION,Operations - Operator,9,19,,9204
2021/10/20,501,16:08,Wednesday,ADELAIDE AND SPADINA,Collision - TTC,8,16,E,8696
2021/10/20,110,16:16,Wednesday,BROWN'S LINE AND LAKES,Mechanical,6,12,S,8089
2021/10/20,32,16:24,Wednesday,EGLINTON WEST STATION,Security,0,0,S,1361
2021/10/20,53,16:35,Wednesday,STEELES AND BAYVIEW,Road Blocked - NON-TTC Collision,75,83,E,3135
2021/10/20,116,16:36,Wednesday,EGLINTON AND MCCOWAN,Mechanical,7,14,E,3237
2021/10/20,83,16:51,Wednesday,JONES AND QUEEN,Collision - TTC,14,28,N,8534
2021/10/20,46,16:53,Wednesday,MARRTIN GROVE AND ALBI,Security,0,0,N,7921
2021/10/20,97,17:02,Wednesday,ENTRE ROUTE,General Delay,25,50,,8382
2021/10/20,102,17:20,Wednesday,MARKHAM AND EGLINTON,Mechanical,10,20,N,3415
2021/10/20,165,17:31,Wednesday,PIONEER VILLAGE STATIO,Mechanical,7,14,W,3592
2021/10/20,57,17:39,Wednesday,MIDLAND AND FINCH,Operations - Operator,10,20,N,3190
2021/10/20,89,17:39,Wednesday,KEELE AND DUNDAS,Collision - TTC,10,20,S,8211
2021/10/20,61,17:40,Wednesday,EGLINTON STATION,Mechanical,14,28,N,8369
2021/10/20,84,17:46,Wednesday,SHEPPARD AND ARROW,Operations - Operator,15,30,,3474
2021/10/20,41,18:15,Wednesday,FINCH WEST STATION,Operations - Operator,8,16,,1392
2021/10/20,94,18:20,Wednesday,WELLESLEY AND CHURCH,Collision - TTC,10,20,E,8572
2021/10/20,952,18:33,Wednesday,LAWRENCE STATION,Collision - TTC,12,25,E,3348
2021/10/20,34,18:35,Wednesday,DON MILLS TO YONGE,General Delay,25,37,,0
2021/10/20,32,18:38,Wednesday,EGLINTON STATION,Collision - TTC,13,26,N,1409
2021/10/20,35,18:53,Wednesday,JANE AND SHOREHAM,Collision - TTC,0,0,S,1058
2021/10/20,24,19:09,Wednesday,VICTORIA PARK AND HARE,Security,8,16,N,8614
2021/10/20,12,19:24,Wednesday,DANFORTH AND ST CLAIR,Collision - TTC,10,20,E,3423
2021/10/20,925,19:30,Wednesday,DON MILLS STATION,Mechanical,10,20,,8622
2021/10/20,56,19:31,Wednesday,LAIRD AND YONGE,General Delay,24,45,,0
2021/10/20,953,19:34,Wednesday,ENTIRE ROUTE,General Delay,35,41,,0
2021/10/20,59,19:38,Wednesday,LAWRENCE WEST STATION,Emergency Services,0,0,,8156
2021/10/20,97,20:11,Wednesday,YORK MILLS STATION,Mechanical,30,60,S,8190
2021/10/20,929,21:38,Wednesday,WILSON STATION,Emergency Services,0,0,,9048
2021/10/20,133,22:59,Wednesday,FINCH AND MORNINGSIDE,Mechanical,16,32,S,3448
2021/10/20,53,23:26,Wednesday,STEELES AND TARBERT,General Delay,21,42,W,3114
2021/10/20,113,23:39,Wednesday,KENNEDY AND MERRIAN,Cleaning - Unsanitary,22,44,W,8616
2021/10/20,59,23:47,Wednesday,LAWRENCE AND CALEDONIA,Security,30,60,E,8134
2021/10/20,129,23:51,Wednesday,MCCOWAN AND STEELES,Mechanical,12,24,N,3157
2021/10/20,68,00:11,Wednesday,WARDEN STATION,Security,19,38,,3189
2021/10/20,82,00:16,Wednesday,ROSEDALE STATION,Security,10,20,,0
2021/10/20,32,00:40,Wednesday,MISSISSAUGA TRANSIT WA,Emergency Services,14,28,W,1420
2021/10/20,113,00:45,Wednesday,KENNEDY AND MERRIAN,Operations - Operator,22,44,W,8414
2021/10/20,73,00:53,Wednesday,QUEENSWAY GARAGE,Mechanical,15,30,,7919
2021/10/20,40,01:00,Wednesday,DUNDAS WEST STATION,Operations - Operator,30,0,,8070
2021/10/20,320,01:23,Wednesday,YONGE AND EGLINTON,General Delay,5,0,S,1420
2021/10/20,320,01:28,Wednesday,YONGE AND EGLINTON,Operations - Operator,5,10,E,8836
2021/10/20,17,01:47,Wednesday,ISLINGTON STATION,Mechanical,30,60,,7913
2021/10/21,60,02:15,Thursday,STEELES AND THURMAN,Security,0,0,W,8368
2021/10/21,396,02:33,Thursday,STEELES AND MARTINGROV,Operations - Operator,30,60,E,3571
2021/10/21,324,03:15,Thursday,VICTORIA PARK AND ELLE,Mechanical,30,60,N,8511
2021/10/21,384,03:15,Thursday,MEADOWVALE LOOP,Operations - Operator,30,60,W,0
2021/10/21,329,04:34,Thursday,TRANSIT RD AND WILSON,Investigation,30,60,N,9040
2021/10/21,7,04:38,Thursday,YONGE AND QUEENS QUAY,Emergency Services,30,60,N,9019
2021/10/21,100,04:53,Thursday,STEELES AND BAYVIEW,Mechanical,0,0,E,8790
2021/10/21,7,05:41,Thursday,BATHURST AND COVINGTON,Mechanical,9,18,S,9000
2021/10/21,22,06:06,Thursday,COXWELL STATION,Mechanical,7,14,S,8955
2021/10/21,60,06:14,Thursday,YONGE AND BISHOP (S OF,Security,10,20,N,8385
2021/10/21,112,06:22,Thursday,QUEENSWAY GARAGE,Operations - Operator,19,38,,0
2021/10/21,41,06:26,Thursday,KEELE AND ST CLAIR,Diversion,0,0,N,0
2021/10/21,107,06:31,Thursday,ST REGIS AND TUCSAN G,Diversion,0,0,,0
2021/10/21,960,07:14,Thursday,SIGNAL HILL AND STEELE,Mechanical,6,12,N,8111
2021/10/21,935,07:31,Thursday,JANE STATION,Mechanical,9,18,,1050
2021/10/21,43,07:35,Thursday,KENNEDY STATION,Mechanical,10,20,,3298
2021/10/21,32,07:44,Thursday,EGLINTON AND KIPLING,Mechanical,7,14,W,3733
2021/10/21,960,07:57,Thursday,PIONEER VILLAGE STATIO,Security,6,12,,1387
2021/10/21,937,08:01,Thursday,ISLINGTON AND ROWNTREE,Emergency Services,13,26,S,8082
2021/10/21,63,08:03,Thursday,ROBINA AND OAKWOOD LOO,Mechanical,9,18,N,8341
2021/10/21,36,08:08,Thursday,ARROW ROAD GARAGE,Investigation,5,10,,3358
2021/10/21,16,08:11,Thursday,DANFORTH AND WETHERBY,Emergency Services,10,20,S,8597
2021/10/21,935,08:16,Thursday,JANE AND WESTON,Collision - TTC,9,18,N,1017
2021/10/21,54,08:36,Thursday,LAWRENCE EAST STATION,Operations - Operator,10,20,,8815
2021/10/21,995,08:37,Thursday,YORK MILLS STATION ( T,Operations - Operator,11,22,W,1285
2021/10/21,133,08:39,Thursday,SCARBOROUGH CENTRE STA,Mechanical,11,22,N,1290
2021/10/21,112,09:03,Thursday,KIPLING AND EVANS,Operations - Operator,10,20,,8448
2021/10/21,46,09:04,Thursday,KIPLING STATION,Operations - Operator,9,18,,8019
2021/10/21,102,09:20,Thursday,WARDEN STATION,Operations - Operator,20,40,N,3418
2021/10/21,48,09:33,Thursday,ANGLESEY BLVD AND ROYA,Mechanical,22,44,W,7912
2021/10/21,107,09:42,Thursday,SHEPPARD WEST STATION,Operations - Operator,32,64,N,8162
2021/10/21,9,10:06,Thursday,EGLINTON AND MIDLAND(,Collision - TTC,7,15,W,8490
2021/10/21,54,10:29,Thursday,LAWRENCE RT STATION,Mechanical,14,28,W,8791
2021/10/21,941,10:42,Thursday,KEELE AND EGLINTON (S,Collision - TTC,14,28,S,9048
2021/10/21,7,11:21,Thursday,BATHURST STATION,Mechanical,10,19,S,9009
2021/10/21,88,11:28,Thursday,THORNCLIFFE PARK AND O,Mechanical,40,80,W,8744
2021/10/21,111,11:31,Thursday,KIPLING STATION,Mechanical,16,32,S,8093
2021/10/21,97,11:33,Thursday,YONGE AND MONTGOMERY,Diversion,137,167,,8156
2021/10/21,40,11:46,Thursday,KIPLING STATION,Operations - Operator,20,40,E,8051
2021/10/21,102,11:54,Thursday,MAIN ST AND BULLOCK,Operations - Operator,30,60,S,3420
2021/10/21,95,11:55,Thursday,ELLESMERE STATION,Mechanical,18,36,E,1555
2021/10/21,68,11:55,Thursday,WARDEN AND BERTRAND,Mechanical,11,22,,3216
2021/10/21,66,12:14,Thursday,BLOOR AND PRINCE EDWAR,Diversion,86,101,N,8434
2021/10/21,102,12:29,Thursday,KINGSTON AND NIELSON,Security,7,15,E,3408
2021/10/21,123,12:55,Thursday,KIPLING STATION,Operations - Operator,9,18,S,7973
2021/10/21,52,12:56,Thursday,LAWRENCE AND SCARLETT,Mechanical,8,16,W,3549
2021/10/21,9,13:00,Thursday,WARDEN STATION,Operations - Operator,18,36,,0
2021/10/21,12,13:05,Thursday,KINGSTON AND BLANTYRE,Collision - TTC,13,26,E,8418
2021/10/21,37,13:12,Thursday,ISLINGTON STATION,Operations - Operator,21,43,N,7962
2021/10/21,96,13:14,Thursday,UNKNOWN,Operations - Operator,22,44,,0
2021/10/21,91,13:25,Thursday,WOODBINE STATION,Operations - Operator,25,50,,8761
2021/10/21,88,13:27,Thursday,ST CLAIR STATION,Operations - Operator,16,32,,0
2021/10/21,40,13:30,Thursday,DUNDAS WEST STATION,Operations - Operator,20,40,W,7920
2021/10/21,12,14:02,Thursday,VICTORIA PARK STATION,Operations - Operator,26,52,,0
2021/10/21,7,14:05,Thursday,BATHURST AND WILSON,Investigation,8,16,S,9011
2021/10/21,116,14:15,Thursday,KENNEDY STATION,Cleaning - Unsanitary,9,18,W,1362
2021/10/21,37,14:17,Thursday,HUMBERWOOD LOOP,Operations - Operator,18,36,S,8442
2021/10/21,75,14:20,Thursday,SHERBOURNE AND BLOOR,Cleaning - Unsanitary,8,15,N,8580
2021/10/21,116,14:21,Thursday,GUILDWOOD AND KINGSTON,Security,7,14,N,1324
2021/10/21,116,14:22,Thursday,KENNEDY STATION,Mechanical,9,18,,1320
2021/10/21,32,14:26,Thursday,EGLINTON AND CALEDONIA,Security,9,18,W,1088
2021/10/21,54,14:31,Thursday,EGLINTON STATION,Operations - Operator,11,22,,0
2021/10/21,905,14:40,Thursday,KENNEDY AND EGLINTON,Mechanical,8,16,W,8592
2021/10/21,54,14:44,Thursday,LAWRENCE AND STARSPRAY,Cleaning - Unsanitary,11,22,E,8681
2021/10/21,102,14:44,Thursday,MARKHAM AND SHEPPARD,Operations - Operator,8,16,N,3434
2021/10/21,96,14:45,Thursday,UNKNOWN,Operations - Operator,21,42,,36052
2021/10/21,97,14:57,Thursday,YONGE AND LAWRENCE,Utilized Off Route,27,57,S,8118
2021/10/21,85,15:12,Thursday,SHEPPARD AND ABBOTSFIE,Mechanical,30,60,W,1217
2021/10/21,37,15:14,Thursday,ISLINGTON STATION,Operations - Operator,18,36,N,8091
2021/10/21,111,15:18,Thursday,EAST MALL AND RATHBURN,Security,12,24,N,7914
2021/10/21,70,15:19,Thursday,COXWELL STATION,Mechanical,21,42,,8594
2021/10/21,16,15:38,Thursday,MCCOWAN AND LAWRENCE,Collision - TTC,10,20,N,8583
2021/10/21,63,15:39,Thursday,WILSON GARAGE,Operations - Operator,4,7,,8356
2021/10/21,118,15:44,Thursday,THISTLE DOWN AND ALBIO,Mechanical,32,64,E,8343
2021/10/21,45,15:47,Thursday,KIPLING AND STEELES,Security,14,28,S,1097
2021/10/21,135,15:58,Thursday,GERRARD AND SCARBOROUG,Mechanical,20,40,E,8515
2021/10/21,52,16:00,Thursday,LAWRENCE AND KEELE,Operations - Operator,8,16,,3632
2021/10/21,42,16:06,Thursday,80 DYNAMIC DR,Cleaning - Unsanitary,15,30,W,3226
2021/10/21,54,16:21,Thursday,LAWRENCE AND VICTORIA,Collision - TTC,11,22,W,8865
2021/10/21,54,16:30,Thursday,VICTORIA PARK TO YONGE,General Delay,35,70,,0
2021/10/21,34,16:45,Thursday,EGLINTON AND EGLINTON,Collision - TTC,5,10,E,8777
2021/10/21,54,17:03,Thursday,LAWRENCE AND VICTORIA,Diversion,55,66,W,0
2021/10/21,86,17:15,Thursday,LAWRENCE AND MORNINGSI,Mechanical,15,30,W,1231
2021/10/21,95,17:18,Thursday,ELLESMERE AND MORNINGS,Security,5,10,W,1297
2021/10/21,12,17:26,Thursday,VICTORIA PARK STATION,Operations - Operator,22,44,,0
2021/10/21,44,17:26,Thursday,VICTORIA PARK STATION,Operations - Operator,22,44,,288
2021/10/21,93,18:00,Thursday,WOODBINE STATION,Operations - Operator,30,30,,8726
2021/10/21,937,18:00,Thursday,ISLINGTON AND STEELES,General Delay,0,0,,0
2021/10/21,74,18:10,Thursday,ST CLAIR STATION,Mechanical,20,40,W,8822
2021/10/21,108,18:10,Thursday,SHEPPARD WEST STATION,Operations - Operator,11,22,,8312
2021/10/21,165,18:11,Thursday,UNKNOWN,Operations - Operator,8,16,,0
2021/10/21,41,18:16,Thursday,PIONEER VILLAGE STATIO,Mechanical,8,16,N,1143
2021/10/21,37,18:21,Thursday,ENTIRE ROUTE,General Delay,31,45,,0
2021/10/21,968,18:24,Thursday,WARDEN STATION,Operations - Operator,10,20,,3342
2021/10/21,996,18:27,Thursday,WILSON STATION,Mechanical,11,22,W,3348
2021/10/21,32,18:29,Thursday,EGLINTON AND LLOYD MAN,Security,16,32,W,1091
2021/10/21,104,18:30,Thursday,UNKNOWN,Operations - Operator,18,36,,0
2021/10/21,35,18:48,Thursday,JANE STATION,Mechanical,10,20,S,1053
2021/10/21,52,18:58,Thursday,LAWRENCE WEST STATION,Mechanical,8,16,E,3626
2021/10/21,952,18:58,Thursday,LAWRENCE AND BATHURST,Collision - TTC,8,16,W,3519
2021/10/21,37,19:12,Thursday,ISLINGTON STATION,Operations - Operator,25,47,N,7978
2021/10/21,76,19:14,Thursday,ENTIRE ROUTE,General Delay,20,30,,0
2021/10/21,62,19:24,Thursday,DONLANDS AND MORTIMER,Mechanical,20,40,N,8565
2021/10/21,87,20:13,Thursday,MAIN STREET STATION,Security,0,0,,8603
2021/10/21,53,20:33,Thursday,STEELES AND MIDLAND,Operations - Operator,10,20,,3218
2021/10/21,133,20:43,Thursday,NEILSON AND SHEPPARD,Operations - Operator,11,22,,1503
2021/10/21,133,20:43,Thursday,NEILSON AND SHEPPARD,Operations - Operator,11,22,W,1503
2021/10/21,133,21:04,Thursday,SCARBOROUGH CENTRE STA,Mechanical,11,22,N,3459
2021/10/21,22,21:12,Thursday,BINGHAM LOOP,Cleaning - Unsanitary,9,18,E,8962
2021/10/21,162,21:35,Thursday,LAWRENCE AND DONWAY WE,Diversion,75,95,E,8706
2021/10/21,43,21:39,Thursday,KENNEDY STATION,Mechanical,10,20,,3164
2021/10/21,84,21:40,Thursday,SHEPPARD STATION,Emergency Services,8,16,,3480
2021/10/21,54,22:00,Thursday,EGLINTON AND BESSBOROU,Mechanical,0,0,E,8813
2021/10/21,905,22:05,Thursday,EGLINTON AND MCCOWAN,Diversion,30,41,W,9201
2021/10/21,60,22:05,Thursday,STEELES AND FOUNDERS,Vision,10,0,W,8344
2021/10/21,96,22:07,Thursday,WILSON STATION,Mechanical,20,39,E,8896
2021/10/21,84,22:35,Thursday,SHEPPARD STATION,Security,9,19,E,8910
2021/10/21,43,22:55,Thursday,KENNEDY STATION,Mechanical,10,20,N,3156
2021/10/21,87,22:59,Thursday,COSBURN AND PAPE,Security,11,22,W,9200
2021/10/21,7,23:13,Thursday,BATHURST AND RAEBURN,Operations - Operator,10,20,N,8112
2021/10/21,97,23:38,Thursday,HILDA AND STEELES,Mechanical,15,30,S,8369
2021/10/21,110,23:52,Thursday,ISLINGTON AND BIRMINGH,Operations - Operator,12,24,N,8463
2021/10/21,62,00:51,Thursday,BROADVIEW STATION,Mechanical,20,40,E,8930
2021/10/21,106,01:00,Thursday,SHEPPARD WEST STATION,Mechanical,20,40,W,8362
2021/10/22,320,02:01,Friday,YONGE AND EGLINTON,Operations - Operator,10,20,E,3174
2021/10/22,300,02:04,Friday,BLOOR AND TREMONT,Security,12,24,E,7913
2021/10/22,320,02:13,Friday,YONGE AND QUEENS QUAY,Operations - Operator,3,6,W,3202
2021/10/22,54,02:44,Friday,EGLINTON AND MOUNT PLE,Diversion,54,84,W,8750
2021/10/22,312,03:18,Friday,ST CLAIR AND OLD WESTO,General Delay,24,54,E,8189
2021/10/22,37,04:34,Friday,QUEENSWAY GARAGE,Mechanical,25,52,S,8078
2021/10/22,300,05:13,Friday,KENNEDY STATION,Emergency Services,0,0,,3451
2021/10/22,95,05:27,Friday,SHEPPARD AND KINGSTON,Mechanical,8,17,N,1301
2021/10/22,35,06:18,Friday,JANE AND TRETHEWEY,Mechanical,9,18,N,1021
2021/10/22,57,06:20,Friday,KENNEDY STATION,Mechanical,11,19,,3161
2021/10/22,51,06:51,Friday,EGLINTON STATION,Mechanical,20,40,N,3167
2021/10/22,135,07:29,Friday,WARDEN STATION,Mechanical,20,40,N,8502
2021/10/22,70,07:36,Friday,COXWELL STATION,Mechanical,10,20,N,8948
2021/10/22,60,07:43,Friday,STEELES AND HILDA,Mechanical,6,12,E,8381
2021/10/22,56,08:28,Friday,EGLINTON AND FORMAN,Diversion,20,40,,0
2021/10/22,34,08:28,Friday,EGLINTON AND FOREMAN,Diversion,13,26,W,0
2021/10/22,38,08:31,Friday,ROUGE HILL GO STATION,Mechanical,15,30,N,1307
2021/10/22,51,08:39,Friday,EGLINTON AND FOREMAN,Diversion,688,708,W,3152
2021/10/22,107,08:44,Friday,SHEPPARD WEST STATION,Mechanical,24,48,,8212
2021/10/22,17,08:45,Friday,BIRCHMOUNT AND ELLESME,Diversion,8,25,S,0
2021/10/22,52,08:55,Friday,LAWRENCE AND BATHURST,Mechanical,14,34,E,8907
2021/10/22,129,09:20,Friday,MCCOWAN ROUTE,Operations - Operator,25,50,,0
2021/10/22,51,09:48,Friday,LESLIE AND DEXTER,Vision,22,44,,3128
2021/10/22,59,10:06,Friday,CROSS STREET AND CHURC,Diversion,21,45,,1383
2021/10/22,35,10:15,Friday,JANE AND GORDON MACKAY,Investigation,8,15,S,1044
2021/10/22,133,10:46,Friday,NEILSON AND 401,Diversion,29,40,S,0
2021/10/22,131,10:56,Friday,MCCOWAN AND SHEPPARD,Mechanical,14,28,E,1614
2021/10/22,52,11:04,Friday,LAWRENCE AND LITTLE AV,Mechanical,9,29,W,3703
2021/10/22,45,11:40,Friday,KIPLING AND ALBION RD,Emergency Services,11,22,N,1084
2021/10/22,94,11:41,Friday,WELLESLEY AND JARVIS,Collision - TTC,0,0,W,8875
2021/10/22,86,11:44,Friday,KENNEDY STATION,Security,12,24,,1309
2021/10/22,22,11:52,Friday,COXWELL AND EASTWOOD,Mechanical,7,14,N,8578
2021/10/22,34,12:22,Friday,KENNEDY STATION,Mechanical,10,20,E,8846
2021/10/22,39,12:38,Friday,FINCH STATION,Cleaning - Unsanitary,16,32,E,3147
2021/10/22,52,12:56,Friday,DIXON AND ISLINGTON,Operations - Operator,20,50,,3489
2021/10/22,,12:57,Friday,25 MONTGOMERY AVE,Utilized Off Route,0,0,,0
2021/10/22,96,13:12,Friday,JANE AND WILSON,Operations - Operator,23,46,S,3503
2021/10/22,86,13:13,Friday,KENNEDY STATION,Operations - Operator,24,48,E,1249
2021/10/22,168,13:16,Friday,OLD WESTON AND ST CLAI,Security,0,0,N,1136
2021/10/22,36,13:21,Friday,FINCH WEST STATION,Mechanical,5,10,E,9137
2021/10/22,39,13:23,Friday,FINCH STATION,Vision,16,32,,3292
2021/10/22,52,13:41,Friday,LAWRENCE AND KEELE,Mechanical,8,16,E,3702
2021/10/22,39,13:44,Friday,FINCH AND MARKHAM,Emergency Services,16,32,W,3150
2021/10/22,37,13:46,Friday,ISLINGTON STATION,Operations - Operator,21,43,N,8046
2021/10/22,96,13:50,Friday,CARRIER LOOP,Operations - Operator,23,46,,3540
2021/10/22,40,14:00,Friday,DUNDAS WEST STATION,Operations - Operator,20,40,W,8016
2021/10/22,35,14:02,Friday,JANE AND BLOOR TO PION,General Delay,30,40,N,1046
2021/10/22,36,14:39,Friday,FINCH AND ARROW,Security,6,12,W,9133
2021/10/22,96,14:43,Friday,263 CARRIER DR,Cleaning - Unsanitary,21,42,E,8880
2021/10/22,7,14:45,Friday,BATHURST AND MELGUND,Collision - TTC,8,16,S,9020
2021/10/22,70,14:45,Friday,PHARMACY AND CRAIGTON,Operations - Operator,22,44,,9237
2021/10/22,51,14:58,Friday,LESLIE AND DEXTER,Operations - Operator,21,42,,3269
2021/10/22,69,15:03,Friday,WARDEN STATION,Mechanical,9,18,E,8955
2021/10/22,63,15:40,Friday,EAST LIBERTY AND ATLAN,Mechanical,9,18,W,8169
2021/10/22,43,15:40,Friday,VILLAGE GREEN SQUARE,Operations - Operator,22,44,,0
2021/10/22,41,15:42,Friday,KEELE AND WILSON,Mechanical,8,16,N,1359
2021/10/22,49,15:47,Friday,BLOOR AND MARKLAND,Security,20,40,E,7973
2021/10/22,15,15:48,Friday,SHERWAY GARDENS,Mechanical,14,28,E,8070
2021/10/22,86,15:59,Friday,TORONTO ZOO LOOP,Vision,15,30,S,3465
2021/10/22,52,16:07,Friday,LAWRENCE AND WESTON,Mechanical,10,20,W,3703
2021/10/22,165,16:20,Friday,BARMAC AND STEELES,Mechanical,7,15,S,8888
2021/10/22,80,16:32,Friday,SHERWAY GARDENS,Operations - Operator,23,46,W,7977
2021/10/22,97,16:47,Friday,YONGE AND KING,Emergency Services,27,52,S,8206
2021/10/22,924,16:48,Friday,VICTORIA PARK AND STEE,Mechanical,8,16,S,8419
2021/10/22,52,17:05,Friday,LAWRENCE AND WESTON,Mechanical,10,20,W,3703
2021/10/22,953,17:06,Friday,STEELES AND VICTORIA P,Mechanical,14,28,W,9088
2021/10/22,34,17:21,Friday,EGLINTON AND LEBOVIC,Collision - TTC,7,14,E,8675
2021/10/22,937,17:39,Friday,ISLINGTON AND DIXON,General Delay,0,0,,8093
2021/10/22,43,17:40,Friday,KENNEDY AND LAWRENCE,Mechanical,22,44,S,3173
2021/10/22,40,17:45,Friday,DUNDAS AND SCARLETT,Mechanical,20,40,W,8061
2021/10/22,34,17:50,Friday,KENNEDY STATION,Mechanical,6,12,W,8791
2021/10/22,102,17:57,Friday,WARDEN STATION,Mechanical,10,20,N,3408
2021/10/22,37,18:00,Friday,ISLINGTON AND DUNDAS,General Delay,0,0,,0
2021/10/22,125,18:04,Friday,FINCH STATION,Mechanical,10,20,W,8188
2021/10/22,986,18:10,Friday,EGLINTON AND MARKHAM,Mechanical,11,22,E,1328
2021/10/22,121,18:23,Friday,LAWREN HARRIS AND BAYV,Diversion,0,0,S,8586
2021/10/22,20,18:25,Friday,MIDLAND AND EGLINTON,Collision - TTC,12,24,N,8516
2021/10/22,945,18:47,Friday,KIPLING AND ALBION,Collision - TTC,10,20,S,3746
2021/10/22,52,18:48,Friday,WATERBURY AND MARTIN G,Cleaning - Unsanitary,13,26,W,3708
2021/10/22,25,18:57,Friday,DON MILLS STATION,Mechanical,6,12,S,8656
2021/10/22,37,19:35,Friday,ISLINGTON STATION,Operations - Operator,25,47,N,1
2021/10/22,84,19:35,Friday,SHEPPARD AND MAGELLAN,Operations - Operator,8,16,E,3514
2021/10/22,120,19:36,Friday,CALVINGTON AND RENSHAW,Diversion,108,138,,3596
2021/10/22,7,19:42,Friday,BATHURST AND DREWRY,Mechanical,9,18,N,9013
2021/10/22,39,19:51,Friday,FINCH AND WILFRED,Collision - TTC,16,32,W,3120
2021/10/22,16,20:00,Friday,MCCOWAN AND ELLESMERE,Diversion,160,172,N,8925
2021/10/22,86,20:16,Friday,SHEPPARD AND MEADOWVAL,Cleaning - Unsanitary,10,20,E,1536
2021/10/22,65,20:21,Friday,PARLIAMENT AND CARLTON,Security,17,34,S,8589
2021/10/22,41,20:22,Friday,KEELE AND MILFORD,Security,12,24,N,1419
2021/10/22,70,20:31,Friday,VICTORIA PARK AND EGLI,Diversion,15,30,,8044
2021/10/22,38,20:32,Friday,MCCOWAN AND ELLESEMERE,Diversion,0,0,E,0
2021/10/22,24,20:37,Friday,VICTORIA PARK AND EGLI,Diversion,362,372,N,0
2021/10/22,96,21:01,Friday,WILSON AND AGATE,General Delay,24,34,W,3487
2021/10/22,86,21:37,Friday,KINGSTON AND MILITARY,Mechanical,10,20,E,1362
2021/10/22,101,22:16,Friday,35 CARL HALL RD,General Delay,45,0,E,8363
2021/10/22,189,22:40,Friday,ST CLAIR AND FLORENCE,Security,20,40,W,8423
2021/10/22,165,23:17,Friday,WILSON AND DELAHAYE,Collision - TTC,146,156,E,3638
2021/10/22,43,23:27,Friday,KENNEDY AND MCNICOL,Security,10,20,S,3176
2021/10/22,53,23:40,Friday,FINCH STATION,Mechanical,21,42,E,3191
2021/10/22,38,23:42,Friday,ELLESMERE AND MILITARY,Mechanical,18,36,W,1532
2021/10/22,83,23:47,Friday,JONES AND HUNTER,Mechanical,17,35,N,8533
2021/10/22,24,00:11,Friday,VICTORIA PARK AND IVOR,Mechanical,9,19,S,8402
2021/10/22,35,00:58,Friday,JANE AND YEWTREE,Diversion,126,141,,0
2021/10/22,52,01:18,Friday,LAWRENCE STATION,Utilized Off Route,20,40,W,3564
2021/10/22,300,01:24,Friday,KENNEDY STATION,Operations - Operator,17,34,W,0
2021/10/22,68,01:26,Friday,WARDEN STATION,Mechanical,20,40,N,3300
2021/10/22,116,01:28,Friday,EGLINTON STATION,Mechanical,10,20,N,1288
2021/10/23,325,02:24,Saturday,DON MILLS AND FRESHMEA,Operations - Operator,30,60,,0
2021/10/23,307,03:30,Saturday,BATHURST AND FORTH YOR,Operations - Operator,30,60,W,9016
2021/10/23,335,03:36,Saturday,JANE AND YEWTREE,Diversion,0,0,,0
2021/10/23,72,08:08,Saturday,CARLAW AT BEDGEROW,Mechanical,18,36,S,8497
2021/10/23,74,08:09,Saturday,MT PLEASANT AND GLEN E,Investigation,0,0,W,8841
2021/10/23,25,08:18,Saturday,OVERLEA AND THORNCLIFF,Investigation,10,20,W,8679
2021/10/23,925,08:32,Saturday,DON MILLS STATION,Investigation,10,20,,8699
2021/10/23,60,08:43,Saturday,PIONEER VILLAGE STATIO,Operations - Operator,0,0,,8383
2021/10/23,24,09:12,Saturday,VICTORIA PARK AND LAWR,Mechanical,10,19,N,8418
2021/10/23,53,09:24,Saturday,STEELES AND MARKHAM,Operations - Operator,10,20,W,3312
2021/10/23,34,09:53,Saturday,KENNEDY STATION,Operations - Operator,20,40,W,3751
2021/10/23,56,10:05,Saturday,EGLINTON AND LAIRD,Operations - Operator,22,44,N,8624
2021/10/23,1,10:06,Saturday,YONGE AND SOUDAN,Collision - TTC,2,4,N,3510
2021/10/23,960,10:23,Saturday,STEELES AND STEINWAY,Mechanical,8,16,W,8301
2021/10/23,106,11:04,Saturday,SHEPPARD WEST STATION,Security,12,24,,8192
2021/10/23,20,11:08,Saturday,MAIN STATION,Mechanical,16,32,W,9239
2021/10/23,11,12:29,Saturday,DAVISVILLE STATION,Operations - Operator,15,30,,8735
2021/10/23,8,12:30,Saturday,BROADVIEW STATION,Operations - Operator,30,60,E,8675
2021/10/23,19,12:38,Saturday,BAY AND BLOOR,Operations - Operator,20,40,S,8538
2021/10/23,66,12:42,Saturday,CASTLE FRANK STATION,Operations - Operator,20,40,N,8938
2021/10/23,16,13:00,Saturday,WARDEN STATION,Operations - Operator,10,20,W,8592
2021/10/23,7,13:17,Saturday,BATHURST AND ST CLAIR,Operations - Operator,10,20,S,9019
2021/10/23,165,13:17,Saturday,WESTON AND SHEPPARD,Operations - Operator,10,20,E,3570
2021/10/23,42,13:22,Saturday,FINCH STATION,Operations - Operator,14,29,,68462
2021/10/23,86,13:22,Saturday,LAWRENCE AND VALIA,Mechanical,20,40,E,1362
2021/10/23,65,13:32,Saturday,PARLIAMENT AND DUNDAS,Cleaning - Unsanitary,0,0,S,8513
2021/10/23,118,13:40,Saturday,WILSON STATION,Operations - Operator,30,60,E,8206
2021/10/23,34,13:42,Saturday,KENNEDY STATION,Operations - Operator,5,10,W,3751
2021/10/23,165,13:47,Saturday,YORK MILLS STATION,Mechanical,10,20,,3700
2021/10/23,134,13:49,Saturday,MCLEVIN AND TAPSCOTT,Mechanical,15,30,S,3641
2021/10/23,34,13:55,Saturday,DON MILLS AND WYNFORD,Operations - Operator,21,42,E,8816
2021/10/23,34,14:01,Saturday,EGLINTON AND LEBOVIC,Operations - Operator,9,18,E,8756
2021/10/23,13,14:12,Saturday,EGLINTON STATION,Operations - Operator,22,44,E,8182
2021/10/23,384,14:28,Saturday,SHEPPARD STATION,Operations - Operator,30,60,,0
2021/10/23,162,14:28,Saturday,LAWRENCE STATION,Operations - Operator,30,60,W,8687
2021/10/23,40,14:30,Saturday,KIPLING STATION,Operations - Operator,24,40,W,0
2021/10/23,43,14:40,Saturday,KENNEDY AND EGLINTON,Mechanical,10,20,N,3256
2021/10/23,39,14:46,Saturday,FINCH AND SENECA HILLS,Mechanical,15,29,E,3255
2021/10/23,54,14:48,Saturday,EGLINTON STATION,Operations - Operator,14,28,W,8636
2021/10/23,94,14:56,Saturday,CASTLE FRANK STATION,Operations - Operator,7,14,S,8922
2021/10/23,162,15:00,Saturday,LAWRENCE STATION,Operations - Operator,30,60,E,8687
2021/10/23,108,15:01,Saturday,SHEPPARD WEST STATION,Operations - Operator,10,20,E,3490
2021/10/23,116,15:03,Saturday,MORNINGSIDE AND NIGHTS,Operations - Operator,7,14,E,1271
2021/10/23,79,15:08,Saturday,LAWRENCE AND PINE,Mechanical,12,24,N,1204
2021/10/23,25,15:12,Saturday,PAPE STATION,Operations - Operator,7,14,E,8746
2021/10/23,32,15:12,Saturday,RENFORTHSTATION,Emergency Services,12,24,,1205
2021/10/23,116,15:17,Saturday,MORNINGSIDE AND NIGHTS,Operations - Operator,8,16,N,1312
2021/10/23,162,15:30,Saturday,LAWRENCE STATION,Operations - Operator,30,60,W,8804
2021/10/23,162,15:30,Saturday,LAWRENCE STATION,Operations - Operator,30,60,S,8804
2021/10/23,45,15:54,Saturday,KIPLING AND EGLINTON,Mechanical,11,22,N,1114
2021/10/23,35,16:00,Saturday,JANE STATION TO JANE A,General Delay,0,0,,0
2021/10/23,41,16:11,Saturday,KEELE AND TORO,Cleaning - Unsanitary,9,18,N,1379
2021/10/23,34,16:36,Saturday,EGLINTON AND VICTORIA,Operations - Operator,9,18,E,8647
2021/10/23,54,16:40,Saturday,LAWRENCE AND WARDEN,Operations - Operator,14,28,W,8672
2021/10/23,35,17:28,Saturday,JANE STATION,Operations - Operator,7,14,S,1029
2021/10/23,61,17:45,Saturday,EGLINTON STATIN,Operations - Operator,20,40,,0
2021/10/23,88,17:50,Saturday,ST CLAIR STATION,Operations - Operator,20,40,E,8697
2021/10/23,9,17:51,Saturday,BELLAMY AND ELLESMERE,Diversion,65,89,N,8517
2021/10/23,53,17:55,Saturday,MIDLAND AND STEELES,Operations - Operator,6,12,W,3132
2021/10/23,96,18:00,Saturday,WILSON STATION,Operations - Operator,10,20,E,8887
2021/10/23,34,18:16,Saturday,EGLINTON STATION,Operations - Operator,17,34,E,8662
2021/10/23,53,18:21,Saturday,MIDLAND AND STEELES,Operations - Operator,8,16,W,3260
2021/10/23,47,18:26,Saturday,YORKDALE STATION,Operations - Operator,10,20,,0
2021/10/23,41,18:30,Saturday,KEELE STATION,Operations - Operator,9,18,E,1101
2021/10/23,89,18:44,Saturday,WESTON AND NORTHLAND,Cleaning - Unsanitary,10,20,N,8368
2021/10/23,43,18:55,Saturday,KENNEDY STATION,Vision,15,30,S,3303
2021/10/23,161,19:04,Saturday,ALLIANCE AND DALRYMPLE,Operations - Operator,17,34,W,1112
2021/10/23,17,19:08,Saturday,WARDEN AND STEELES,Vision,24,48,N,3195
2021/10/23,7,19:10,Saturday,GREENWIN VILLAGE AND S,Operations - Operator,10,20,S,9005
2021/10/23,8,19:35,Saturday,BROADVIEW AND GAMBLE,Emergency Services,20,40,N,8673
2021/10/23,1,19:40,Saturday,YONGE AND YONGE BLVD,Security,0,0,N,8333
2021/10/23,60,20:00,Saturday,PIONEER STATION TO FIN,General Delay,0,0,,8344
2021/10/23,53,20:03,Saturday,FINCH STATION TO MORNI,General Delay,0,0,,7866
2021/10/23,24,20:17,Saturday,VICTORIA PARK AND EGLI,Diversion,360,370,S,8491
2021/10/23,43,20:35,Saturday,SCARBOROUGH CENTRE STA,Mechanical,15,30,S,3341
2021/10/23,68,20:44,Saturday,WARDEN AND ST CLAIR,Diversion,50,64,N,3111
2021/10/23,85,20:45,Saturday,SHEPPARD AND SCUNTHORP,General Delay,0,0,,0
2021/10/23,75,21:05,Saturday,SHERBORUNE AND BLOOR,Operations - Operator,30,60,,8961
2021/10/23,54,21:07,Saturday,LAWRENCE EAST STATION,Operations - Operator,10,20,W,8715
2021/10/23,11,21:07,Saturday,DAVISVILLE STATION,Operations - Operator,24,48,N,8863
2021/10/23,11,21:07,Saturday,DAVISVILLE STATION,Operations - Operator,24,48,N,8863
2021/10/23,85,21:28,Saturday,DON MILLS STATION,Operations - Operator,20,40,E,3463
2021/10/23,43,21:30,Saturday,KENNEDY AND FORBES,Operations - Operator,10,20,N,3256
2021/10/23,96,22:01,Saturday,YORK MILLS STATION,General Delay,20,40,E,3619
2021/10/23,32,22:18,Saturday,EGLINTON AND JANE,Investigation,30,60,W,1264
2021/10/23,29,22:54,Saturday,DUFFERIN AND SPRINGHUR,Emergency Services,10,20,N,9047
2021/10/23,53,23:24,Saturday,STEELES AND KENNEDY,Mechanical,20,40,W,8954
2021/10/23,53,23:31,Saturday,YONGE AND STEELES LOOP,General Delay,20,40,E,3189
2021/10/23,12,23:40,Saturday,KENNEDY STATION,Cleaning - Unsanitary,22,44,E,9223
2021/10/23,354,00:00,Saturday,ROUGE HILL GO STATION,Operations - Operator,30,60,,0
2021/10/23,7,00:19,Saturday,BATHURST AND SHEPPARD,Mechanical,10,20,S,8150
2021/10/23,31,00:45,Saturday,GREENWOOD STATION,Mechanical,25,50,S,9214
2021/10/23,24,00:46,Saturday,VICTORIA PARK STATION,Utilized Off Route,9,19,N,8414
2021/10/23,37,01:22,Saturday,ISLINGTON AND ST ANDRE,Diversion,51,81,,0
2021/10/23,320,01:35,Saturday,YONGE AND EGLINTON,Operations - Operator,5,15,S,8433
2021/10/23,320,01:53,Saturday,YONGE AND QUEENS QUAY,Operations - Operator,3,7,W,8863
2021/10/24,334,02:22,Sunday,EGLINTON AND DANFORTH,Mechanical,30,60,E,8659
2021/10/24,300,02:52,Sunday,EGLINTON AND MIDLAND,Emergency Services,30,60,E,8092
2021/10/24,320,02:55,Sunday,YONGE AND STEELES,Emergency Services,0,0,,8903
2021/10/24,307,03:13,Sunday,FORT YORK AND IANMUZZI,Operations - Operator,20,40,W,3615
2021/10/24,935,05:24,Sunday,JANE AND TRETHEWEY,Mechanical,10,20,E,1022
2021/10/24,52,08:01,Sunday,LAWRENCE AND DUFFERIN,Road Blocked - NON-TTC Collision,111,157,W,0
2021/10/24,59,08:14,Sunday,DUFFERIN AND LAWRENCE,Road Blocked - NON-TTC Collision,78,138,,0
2021/10/24,905,08:35,Sunday,KINGSTON AND EGLINTON,Mechanical,13,26,W,8866
2021/10/24,106,08:41,Sunday,PIONEER VILLAGE STATIO,Investigation,15,30,W,8370
2021/10/24,53,09:10,Sunday,833 PASSMORE AVE,Mechanical,10,20,S,3203
2021/10/24,92,09:20,Sunday,WOODBINE STATION,Operations - Operator,20,40,,8473
2021/10/24,54,09:39,Sunday,EGLINTON DIVISION,Collision - TTC,16,32,,8715
2021/10/24,43,09:41,Sunday,EGLINTON AND KENNEDY,Collision - TTC,15,30,E,3136
2021/10/24,42,09:42,Sunday,MCNICOLL AND VICTORIA,Diversion,102,112,E,3266
2021/10/24,22,09:46,Sunday,EASTERN AND QUEEN,Mechanical,9,18,W,8419
2021/10/24,985,09:52,Sunday,256 BAY MILLS BLVD,Mechanical,15,30,W,9072
2021/10/24,133,10:09,Sunday,ELLESMERE AND MILITARY,Mechanical,15,30,E,1283
2021/10/24,29,10:15,Sunday,DUFFERIN AND TYCOS,Mechanical,6,12,S,9144
2021/10/24,63,10:45,Sunday,EGLINTON WEST STATION,Collision - TTC,19,38,,8120
2021/10/24,36,10:55,Sunday,FINCH AND JANE,Mechanical,16,32,W,8877
2021/10/24,52,11:02,Sunday,DIXON AND WINCOTT,Security,24,48,E,8915
2021/10/24,36,11:05,Sunday,FINCH WEST STATION,Mechanical,4,12,S,3368
2021/10/24,86,11:22,Sunday,KINGSTON AND MEADOWVAL,Investigation,8,16,E,3640
2021/10/24,134,11:26,Sunday,PROGRESS AND MARKHAM,Mechanical,14,28,E,1347
2021/10/24,102,11:40,Sunday,MARKHAM AND SHEPPARD,Security,10,20,S,3437
2021/10/24,75,11:43,Sunday,SHERBOURNE AND BLOOR,Utilized Off Route,20,40,S,9223
2021/10/24,1,12:37,Sunday,YONGE AND SHEPPARD,Collision - TTC,1,2,N,8407
2021/10/24,12,13:28,Sunday,VICTORIA PARK STATION,Operations - Operator,20,40,,0
2021/10/24,929,13:42,Sunday,DUFFERIN AND ROGERS,Collision - TTC,10,20,S,9027
2021/10/24,9,14:01,Sunday,SCARBOROUGH CENTRE STA,Utilized Off Route,22,44,S,8614
2021/10/24,929,14:07,Sunday,DUFFERIN AND CASTLEFIE,Mechanical,10,20,S,9036
2021/10/24,20,14:07,Sunday,KENNEDY STATION,Utilized Off Route,22,44,E,9212
2021/10/24,29,14:12,Sunday,DUFFERIN AND LAWRENCE,Mechanical,6,12,S,9142
2021/10/24,32,14:34,Sunday,EMMETT AND VERONA,Mechanical,20,40,E,1147
2021/10/24,52,16:05,Sunday,LAWRENCE AND WESTON,Cleaning - Unsanitary,8,16,W,3536
2021/10/24,905,16:27,Sunday,KENNEDY STATION,Mechanical,10,20,E,9239
2021/10/24,17,16:36,Sunday,BIRCHMOUNT AND FINCH,Mechanical,18,36,S,3235
2021/10/24,7,16:43,Sunday,BATHURST AND GREENWIN,Operations - Operator,7,16,S,9017
2021/10/24,112,16:48,Sunday,DUNDAS AND WEST MALL,Emergency Services,20,40,E,7949
2021/10/24,39,17:25,Sunday,FINCH AND BAYLAWN,Mechanical,15,30,W,3298
2021/10/24,161,17:47,Sunday,OSSINGTON STATION,General Delay,0,0,,0
2021/10/24,36,18:06,Sunday,FINCH AND ARROW ROAD,Operations - Operator,5,10,E,3474
2021/10/24,26,18:30,Sunday,DUPONT AND SYMINGTON,Security,21,46,W,8084
2021/10/24,36,18:36,Sunday,FINCH AND BATHURST,Mechanical,6,12,E,3368
2021/10/24,19,18:45,Sunday,QUEENS QUAY AND LOWER,Cleaning - Unsanitary,23,46,S,8416
2021/10/24,168,19:00,Sunday,DUNDAS WEST STATION,General Delay,0,0,,0
2021/10/24,35,19:05,Sunday,JANE STATION TO JANE A,General Delay,0,0,,0
2021/10/24,32,19:10,Sunday,EGLINTON AND ROYAL YOR,Mechanical,12,24,E,1144
2021/10/24,162,19:31,Sunday,LAWRENCE AND THE DONWA,Mechanical,32,60,W,3758
2021/10/24,17,19:34,Sunday,WARDEN STATION TO WARD,General Delay,25,43,B,0
2021/10/24,54,19:48,Sunday,LAWRENCE AND DON MILLS,Collision - TTC,20,40,W,8758
2021/10/24,1,20:10,Sunday,YONGE AND EGLINTON,Mechanical,0,0,N,9119
2021/10/24,73,20:14,Sunday,ROYAL YORK STATION,Operations - Operator,30,60,N,8093
2021/10/24,65,20:22,Sunday,PARLIAMENT AND WELLESL,Diversion,166,182,N,0
2021/10/24,94,20:37,Sunday,PARLIAMENT AND WELLESL,Diversion,166,175,S,8574
2021/10/24,94,20:45,Sunday,WELLESLEY AND HOMEWOOD,Operations - Operator,9,18,W,8925
2021/10/24,67,21:12,Sunday,PHARMACY AND EGLINTON,Diversion,270,294,,0
2021/10/24,165,21:23,Sunday,WILSON AND WILSON HEIG,Collision - TTC,9,18,W,3511
2021/10/24,63,21:23,Sunday,EGLINTON WEST STATION,Operations - Operator,10,20,N,8352
2021/10/24,36,21:30,Sunday,FINCH AND ARROW ROAD,Operations - Operator,7,14,,3620
2021/10/24,116,21:56,Sunday,EGLINTON AND MCCOWAN,Emergency Services,8,16,E,1590
2021/10/24,22,22:13,Sunday,QUEEN AND KINGSTON,Security,9,18,E,8576
2021/10/24,41,22:51,Sunday,KEELE STATION,Emergency Services,22,24,,1412
2021/10/24,39,23:13,Sunday,FINCH AND VICTORIA PAR,Emergency Services,15,30,W,3109
2021/10/24,32,00:28,Sunday,EGLINTON STATION,Mechanical,30,60,W,1147
2021/10/24,322,01:50,Sunday,BROADVIEW STATION,Operations - Operator,30,60,,0
2021/10/25,363,02:12,Monday,EGLINTON WEST STATION,Operations - Operator,30,60,,0
2021/10/25,307,02:41,Monday,GREENWIN VILLAGE,Operations - Operator,30,60,,0
2021/10/25,336,02:48,Monday,WOODBINE RACE TRACK,Operations - Operator,30,60,,0
2021/10/25,320,03:24,Monday,YONGE AND CHURCHILL,Security,15,30,S,8379
2021/10/25,320,04:40,Monday,YONGE AND YORK MILLS,Mechanical,15,30,S,8698
2021/10/25,97,05:53,Monday,CHAPLIN AND YONGE,Mechanical,30,30,E,8303
2021/10/25,129,06:00,Monday,MCCOWAN AND FINCH,Mechanical,5,10,N,3312
2021/10/25,32,06:05,Monday,EGLINTON WEST STATION,Mechanical,10,20,S,1041
2021/10/25,165,06:07,Monday,ORMONT AND WESTON,Mechanical,6,12,S,3715
2021/10/25,97,06:11,Monday,YONGE AND BROADWAY,Security,30,30,N,8110
2021/10/25,7,06:12,Monday,3040 BATHURST STREET,Mechanical,9,18,N,9004
2021/10/25,999,06:19,Monday,TRITON AND BRIMLEY,Emergency Services,0,0,,0
2021/10/25,160,06:38,Monday,WILSON STATION,Mechanical,20,40,S,8352
2021/10/25,32,06:45,Monday,EGLINTON AND BATHURST,Investigation,20,30,W,1415
2021/10/25,67,06:52,Monday,VICTORIA PARK STATION,Diversion,36,44,W,8778
2021/10/25,67,06:53,Monday,VICTORIA PARK STATION,Collision - TTC,8,16,,8737
2021/10/25,12,06:55,Monday,VICTORIA PARK STATION,Collision - TTC,24,48,E,9237
2021/10/25,43,07:08,Monday,KENNEDY AND EGLINTON,Investigation,12,24,,3204
2021/10/25,36,07:18,Monday,FINCH AND OAKDALE,Collision - TTC,9,14,E,3634
2021/10/25,133,07:47,Monday,SCARBOROUGH TOWN CENTR,Operations - Operator,11,22,,1576
2021/10/25,35,07:49,Monday,PIONEER VILLAGE STATIO,Mechanical,9,18,N,1023
2021/10/25,21,08:00,Monday,SCARBOROUGH CENTRE STA,Operations - Operator,12,24,,1502
2021/10/25,46,08:19,Monday,MARTIN GROVE AND STEEL,Mechanical,19,38,N,8097
2021/10/25,939,08:34,Monday,FINCH STATION,Emergency Services,8,15,,3221
2021/10/25,927,08:37,Monday,FINCH AND ISLINGTON,Operations - Operator,8,16,,3583
2021/10/25,134,08:46,Monday,PROGRESS AND PRODUCTIO,Emergency Services,15,30,E,3642
2021/10/25,168,08:54,Monday,AVON LOOP,Mechanical,6,12,N,1121
2021/10/25,32,08:55,Monday,EGLINTON WEST STATION,Vision,7,14,E,3744
2021/10/25,94,09:00,Monday,WELLESLEY AND BAY,Security,15,30,W,8497
2021/10/25,929,09:12,Monday,DUFFERIN AND DUPONT,Collision - TTC,0,0,N,9037
2021/10/25,96,09:21,Monday,WILSON AND JANE,Operations - Operator,24,48,W,3479
2021/10/25,952,09:29,Monday,TERMINAL 3- AIRPORT,Mechanical,11,22,,3480
2021/10/25,126,09:34,Monday,VAUGHAN AND ROBINA,Mechanical,0,0,N,8114
2021/10/25,160,09:41,Monday,160 TRANSIT RD,Mechanical,20,40,W,8102
2021/10/25,25,09:45,Monday,DON MILLS STATION,Mechanical,16,32,E,8735
2021/10/25,960,09:45,Monday,FINCH STATION,Mechanical,9,18,,8170
2021/10/25,94,10:04,Monday,CASTLE FRANK STATION,Operations - Operator,15,30,,9233
2021/10/25,52,10:08,Monday,THE WESTWAY AND KIPLIN,Mechanical,24,48,N,3531
2021/10/25,25,10:10,Monday,DON MILLS STATION,Mechanical,10,20,N,8735
2021/10/25,89,10:17,Monday,WESTON AND BIRSTONE,Collision - TTC,10,20,N,8418
2021/10/25,102,10:30,Monday,MARKHAM AND SHEPPARD,Mechanical,8,16,N,3441
2021/10/25,162,11:00,Monday,LAWRENCE STATION,Operations - Operator,30,60,,8837
2021/10/25,72,11:20,Monday,PAPE STATION,Operations - Operator,19,38,,8473
2021/10/25,90,11:41,Monday,ST.CLAIR AND VAUGHAN,Emergency Services,10,20,N,8116
2021/10/25,72,11:57,Monday,PAPE STATION,Operations - Operator,19,38,,8485
2021/10/25,122,12:01,Monday,DUNCAN MILL AND LESMIL,Collision - TTC,17,34,E,3183
2021/10/25,19,12:31,Monday,QUEENS QUAY AND SHERBO,Operations - Operator,17,34,W,8590
2021/10/25,72,12:39,Monday,PAPE STATION,Operations - Operator,19,38,,8928
2021/10/25,995,12:39,Monday,YORK MILLS STATION,Operations - Operator,16,32,,3473
2021/10/25,36,12:53,Monday,FINCH AND ARROW,Operations - Operator,5,10,,9121
2021/10/25,52,12:59,Monday,LAWRENCE AND JANE,Mechanical,3,6,,0
2021/10/25,12,13:06,Monday,VICTORIA PARK STATION,Operations - Operator,25,51,S,8922
2021/10/25,29,13:13,Monday,DUFFERIN AND SPRINGHUR,Diversion,32,40,S,9080
2021/10/25,929,13:13,Monday,DUFFERIN ANDSPRINGHURS,Diversion,32,42,S,9147
2021/10/25,86,13:15,Monday,KENNEDY STATION,Mechanical,84,48,,3650
2021/10/25,41,13:22,Monday,UNKNOWN,Operations - Operator,9,18,,0
2021/10/25,85,13:22,Monday,MALVERN GATE,Operations - Operator,8,15,,1657
2021/10/25,13,13:31,Monday,EGLINTON AND ORIOLE PA,Road Blocked - NON-TTC Collision,70,130,E,0
2021/10/25,38,13:33,Monday,SCAROBOUGH CENTRE STAT,Operations - Operator,13,26,,1220
2021/10/25,25,13:44,Monday,PAPE STATION,Operations - Operator,10,26,,8687
2021/10/25,85,13:44,Monday,DON MILLS STATION,Operations - Operator,8,15,E,1633
2021/10/25,85,13:46,Monday,DON MILLS STATION,Operations - Operator,22,44,,3651
2021/10/25,32,13:46,Monday,EGLINTON STATION,Operations - Operator,11,22,W,1129
2021/10/25,96,13:50,Monday,JANE AND WILSON,Operations - Operator,23,46,,3585
2021/10/25,85,13:50,Monday,DON MILLS STATION,Operations - Operator,22,44,,1237
2021/10/25,929,13:50,Monday,UNKNOWN,Operations - Operator,10,20,,9026
2021/10/25,32,13:53,Monday,EGLINTON AND JANE,Mechanical,12,24,E,1139
2021/10/25,59,14:07,Monday,GULLIVER AND KEELE,Security,11,22,E,8218
2021/10/25,11,14:22,Monday,DAVISVILLE STATION,Operations - Operator,13,26,,8739
2021/10/25,84,14:45,Monday,SHEPPARD WEST AND YATE,Mechanical,8,16,W,3714
2021/10/25,72,14:46,Monday,LAKESHORE AND PARLIAME,Security,19,38,W,8957
2021/10/25,86,14:54,Monday,HIGHLAND CREEK OVERPAS,Operations - Operator,15,30,,0
2021/10/25,51,14:58,Monday,EGLINTON STATION,Operations - Operator,21,42,S,3122
2021/10/25,74,15:00,Monday,ST CLAIR STATION,Operations - Operator,20,40,,8795
2021/10/25,47,15:05,Monday,ELSCOURT LOOP ( ST CLA,Mechanical,12,24,,8168
2021/10/25,29,15:13,Monday,UNKNOWN,Operations - Operator,7,14,,9032
2021/10/25,53,15:19,Monday,PASSMORE AND SELECT,Security,10,20,W,3110
2021/10/25,95,15:20,Monday,ELLESMERE AND KENNEDY,Mechanical,11,21,W,1247
2021/10/25,100,15:26,Monday,GRENOBLE AND GRENOBLE,Emergency Services,9,19,S,8815
2021/10/25,85,15:31,Monday,DON MILLS STATION,Operations - Operator,6,13,,1674
2021/10/25,53,15:40,Monday,PASSMORE AND TAPSCOTT,Mechanical,10,20,W,3281
2021/10/25,165,15:41,Monday,STEELES AND WESTON,Mechanical,8,16,W,3343
2021/10/25,52,15:56,Monday,LAWRENCE AND JANE,Mechanical,10,20,W,3700
2021/10/25,85,15:58,Monday,DON MILLS STATION,Operations - Operator,6,12,,1247
2021/10/25,36,16:06,Monday,FINCH AND WESTON,Operations - Operator,6,12,,3510
2021/10/25,123,16:09,Monday,QUEEN AND MEDULLA,Operations - Operator,12,24,E,8432
2021/10/25,132,16:12,Monday,SCARBOROUGH CENTRE STA,Operations - Operator,12,25,,1213
2021/10/25,34,16:13,Monday,EGLINTON STATION,Operations - Operator,12,24,W,8711
2021/10/25,86,16:18,Monday,KENNEDY STATION,Emergency Services,15,30,W,1255
2021/10/25,945,16:19,Monday,MT DENNIS GARAGE,Mechanical,14,28,W,3748
2021/10/25,38,16:30,Monday,SCARBOROUGH CENTRE STA,Operations - Operator,13,26,,1288
2021/10/25,29,16:31,Monday,PRINCES' AND CANADA,Mechanical,7,14,W,9143
2021/10/25,102,16:32,Monday,MARKHAM AND STEELES,Mechanical,10,20,S,3440
2021/10/25,102,16:34,Monday,MARKHAM AND PROGRESS,Operations - Operator,20,40,S,3423
2021/10/25,53,16:42,Monday,PASSMORE AND TAPSCOTT,Mechanical,6,12,E,3223
2021/10/25,36,16:43,Monday,FINCH WEST STATION,Operations - Operator,5,10,,3606
2021/10/25,70,16:47,Monday,COXWELL STATION,Operations - Operator,18,36,W,8939
2021/10/25,54,16:51,Monday,LAWRENCE AND WARDEN,Operations - Operator,11,22,,8707
2021/10/25,34,17:03,Monday,EGLINTON AND LEBOVIC,Operations - Operator,7,14,E,8645
2021/10/25,69,17:05,Monday,WARDEN STATION,Operations - Operator,17,35,S,8584
2021/10/25,41,17:05,Monday,KEELE STATION,Mechanical,8,16,S,1264
2021/10/25,95,17:06,Monday,ELLESMERE SRT STATION,Emergency Services,11,22,W,3644
2021/10/25,54,17:10,Monday,LAWRENCE EAST STATION,Operations - Operator,11,225,,8651
2021/10/25,106,17:13,Monday,SENTINEL AND THE POND,Operations - Operator,11,22,E,8182
2021/10/25,36,17:18,Monday,FINCH WEST STATION,Operations - Operator,6,12,,9125
2021/10/25,12,17:26,Monday,VICTORIA PARK STATION,Operations - Operator,30,60,W,8493
2021/10/25,161,17:28,Monday,ALLIANCE AND JANE,Mechanical,17,34,W,1281
2021/10/25,900,17:30,Monday,KIPLING STATION,Mechanical,10,20,,3367
2021/10/25,43,17:33,Monday,KENNEDY STATION,Mechanical,10,20,N,3291
2021/10/25,960,17:34,Monday,PIONEER VILLAGE STATIO,Operations - Operator,10,20,E,8206
2021/10/25,41,17:35,Monday,KEELE STATION,Mechanical,8,16,N,1305
2021/10/25,63,17:38,Monday,EGLINTON WEST STATION,Mechanical,8,16,S,8300
2021/10/25,54,17:46,Monday,EGLINTON AND DON MILLS,Operations - Operator,11,22,,8699
2021/10/25,47,17:48,Monday,LANSDOWNE STATION,Mechanical,12,24,S,8323
2021/10/25,39,17:52,Monday,FINCH AND KENNEDY,Operations - Operator,15,30,E,3106
2021/10/25,63,17:57,Monday,EGLINTON WEST STATION,Operations - Operator,8,16,,8161
2021/10/25,133,18:04,Monday,UNKNOWN,Operations - Operator,8,15,,3454
2021/10/25,960,18:12,Monday,STEELES WEST ROUTE,Operations - Operator,40,48,,0
2021/10/25,59,18:22,Monday,LAWRENCE WEST STATION,Security,11,22,E,8176
2021/10/25,52,18:31,Monday,LAWRENCE AND JANE,Mechanical,10,20,,3724
2021/10/25,70,18:35,Monday,PHARMACY AND ST CLAIR,Operations - Operator,18,36,E,8590
2021/10/25,36,19:00,Monday,FINCH WEST STATION,Mechanical,8,16,W,3567
2021/10/25,19,19:09,Monday,BAY AND ST JOSEPH,Investigation,11,22,S,8500
2021/10/25,25,19:15,Monday,DON MILLS STATION,Cleaning - Unsanitary,7,12,S,8785
2021/10/25,93,19:30,Monday,WOODBINE STATION,Operations - Operator,33,66,,8776
2021/10/25,34,19:45,Monday,EGLINTON AND IONVIEW,Collision - TTC,10,20,W,8839
2021/10/25,52,19:50,Monday,LAWRENCE WEST STATION,Mechanical,11,22,,3358
2021/10/25,7,20:06,Monday,BATHURST AND SHEPPARD,Mechanical,4,8,S,9000
2021/10/25,45,20:09,Monday,KIPLING AND FINCH,Collision - TTC,10,20,N,1354
2021/10/25,12,20:25,Monday,KENNEDY STATION,Emergency Services,24,29,,8518
2021/10/25,88,20:39,Monday,ST CLAIR STATION,Operations - Operator,7,14,,8771
2021/10/25,29,20:56,Monday,DUFFERIN AND CROATIA,Investigation,8,16,S,9060
2021/10/25,939,21:10,Monday,FINCH STATION,General Delay,12,24,,3225
2021/10/25,52,21:18,Monday,LAWRENCE AND WESTON,Collision - TTC,6,12,E,3578
2021/10/25,29,21:18,Monday,DUFFERIN AND KING,Collision - TTC,8,16,N,9047
2021/10/25,189,21:36,Monday,BLOOR AND KEELE,Diversion,40,60,W,8441
2021/10/25,73,21:44,Monday,ROYAL YORK STATION,Mechanical,30,60,S,7960
2021/10/25,32,22:14,Monday,EGLINTON AND MONTCALM,Mechanical,14,28,W,1082
2021/10/25,60,22:15,Monday,FINCH STATION,Mechanical,12,0,W,8317
2021/10/25,23,22:27,Monday,DANFORTH AND BARRINGTO,Security,12,24,W,8962
2021/10/25,97,22:28,Monday,DAVISVILLE STATION,Mechanical,30,60,N,8181
2021/10/25,52,23:28,Monday,LAWRENCE AND KEELE,Mechanical,20,40,E,8919
2021/10/25,1,23:39,Monday,SHEPPARD STATION,Mechanical,0,0,S,8888
2021/10/25,116,23:53,Monday,MORNINGSIDE AND NEILSO,Mechanical,11,22,S,3457
2021/10/25,41,00:34,Monday,KEELE AND ANNETTE,Collision - TTC,16,33,N,1107
2021/10/26,47,02:50,Tuesday,WILSON GARAGE,Operations - Operator,5,10,,0
2021/10/26,63,03:01,Tuesday,WILSON GARAGE,Operations - Operator,5,10,,0
2021/10/26,89,03:03,Tuesday,WILSON GARAGE,Operations - Operator,5,10,,0
2021/10/26,960,03:09,Tuesday,WILSON GARAGE,Operations - Operator,5,10,,0
2021/10/26,116,03:11,Tuesday,MORNINGSIDE AND NIGHTS,Emergency Services,0,0,,3431
2021/10/26,960,03:40,Tuesday,WILSON GARAGE,Operations - Operator,5,10,,0
2021/10/26,32,04:16,Tuesday,EGLINTON STATION,Operations - Operator,30,0,W,0
2021/10/26,341,04:20,Tuesday,KEELE AND EGLINTON,Mechanical,15,30,S,1134
2021/10/26,32,05:37,Tuesday,TRETHEWAY WEST OF BLAC,Mechanical,9,18,W,1030
2021/10/26,94,06:39,Tuesday,WELLESLEY AND ONTARIO,Mechanical,15,30,W,8411
2021/10/26,48,06:53,Tuesday,ROYAL YORK STATION,Mechanical,15,30,W,8004
2021/10/26,952,07:17,Tuesday,LAWRENCE AND DUFFERIN,Mechanical,11,22,E,3499
2021/10/26,,07:29,Tuesday,40 SHAFT ROAD,Utilized Off Route,0,0,,0
2021/10/26,60,07:33,Tuesday,STEELES AND BATHURST,Mechanical,9,18,E,8170
2021/10/26,985,07:33,Tuesday,DON MILLS STATION,Mechanical,12,24,S,9068
2021/10/26,17,07:47,Tuesday,BIRCHMOUNT AND STEELES,Mechanical,8,19,N,3308
2021/10/26,36,07:58,Tuesday,FINCH AND HWY 400,Security,5,10,W,9138
2021/10/26,52,08:12,Tuesday,LAWRENCE AND APEX,Security,7,14,W,3347
2021/10/26,929,08:15,Tuesday,PRINCES GATE,Mechanical,9,18,W,9037
2021/10/26,17,08:21,Tuesday,FINCH AND BIRCHMOUNT,Mechanical,6,14,S,3305
2021/10/26,12,08:27,Tuesday,VICTORIA PARK STATION,Operations - Operator,30,60,E,8925
2021/10/26,953,08:27,Tuesday,STEELES AND BAYVIEW,Security,14,28,E,9088
2021/10/26,107,08:32,Tuesday,SHEPPARD WEST STATION,Operations - Operator,22,22,S,8120
2021/10/26,97,08:48,Tuesday,YONGE AND ROXBOROUGH,Collision - TTC,28,56,N,8195
2021/10/26,96,08:53,Tuesday,HUMBER COLLEGE TERMINA,Mechanical,23,46,W,3561
2021/10/26,29,08:54,Tuesday,DUFFERIN AND ASCOT,Collision - TTC,8,16,S,9078
2021/10/26,900,08:54,Tuesday,KIPLING STATION,Mechanical,9,18,S,8010
2021/10/26,52,08:55,Tuesday,BATHURST AND LAWRENCE,Mechanical,5,10,N,3546
2021/10/26,134,09:03,Tuesday,CORPORATE AND CONSILIU,Security,5,10,W,3644
2021/10/26,9,09:03,Tuesday,WARDEN STATION,Operations - Operator,27,44,,8590
2021/10/26,945,09:05,Tuesday,KIPLING STATION,Mechanical,9,18,N,1133
2021/10/26,109,09:16,Tuesday,EGLINTON AND MARLEE,General Delay,20,40,W,8147
2021/10/26,9,09:57,Tuesday,WARDEN STATION,Operations - Operator,27,44,,8517
2021/10/26,60,09:59,Tuesday,YONGE AND STEELES,Mechanical,9,18,E,8345
2021/10/26,960,10:05,Tuesday,STEELES AND ISLINGTON,Mechanical,6,12,W,8326
2021/10/26,85,10:45,Tuesday,DON MILLS STATION,Mechanical,30,60,N,1309
2021/10/26,75,10:50,Tuesday,LOWER JARVIS AND QUEEN,Mechanical,8,16,N,8960
2021/10/26,102,10:54,Tuesday,MARKHAM AND PRINCESS,Mechanical,30,60,S,3414
2021/10/26,36,10:57,Tuesday,FINCH WEST STATION,Vision,5,10,W,9115
2021/10/26,133,11:00,Tuesday,MORNINGSIDE AND FINCH,Mechanical,10,20,N,1326
2021/10/26,52,11:17,Tuesday,LAWRENCE AND BROOKHAVE,Operations - Operator,20,40,E,8892
2021/10/26,86,11:23,Tuesday,EGLINTON AND KENNEDY,Mechanical,12,24,N,3454
2021/10/26,63,11:23,Tuesday,EGLINTON WEST STATION,Mechanical,7,14,W,8344
2021/10/26,102,11:39,Tuesday,WARDEN STATION,General Delay,20,40,,3409
2021/10/26,86,11:42,Tuesday,KINGSTON RD AND GALLOW,Mechanical,11,22,W,3461
2021/10/26,165,12:07,Tuesday,OLD WESTON AND STEELES,Mechanical,11,22,W,3589
2021/10/26,36,12:17,Tuesday,FINCH WEST STATION,Operations - Operator,5,10,,3595
2021/10/26,19,12:31,Tuesday,QUEENS QUAY AND SHERBO,Operations - Operator,17,34,W,8590
2021/10/26,102,12:33,Tuesday,MARKHAM AND BLAKEMANOR,Investigation,7,15,S,1321
2021/10/26,108,12:35,Tuesday,DRIFTWOOD AND FINCH,Operations - Operator,20,40,N,3474
2021/10/26,39,12:44,Tuesday,FINCH AND SANDHURST CI,Investigation,16,32,W,3109
2021/10/26,68,12:55,Tuesday,WARDEN AND ASHTONBEE,Mechanical,33,66,N,3334
2021/10/26,96,13:00,Tuesday,CARRIER LOOP,Operations - Operator,23,46,,3585
2021/10/26,45,13:01,Tuesday,UNKNOWN,Operations - Operator,14,28,N,1081
2021/10/26,46,13:04,Tuesday,STEELES AND MARTINGROV,Mechanical,19,38,,8039
2021/10/26,12,13:06,Tuesday,VICTORIA PARK STATION,Operations - Operator,25,50,W,8589
2021/10/26,74,13:18,Tuesday,ST CLAIR STATION,Operations - Operator,20,40,,8796
2021/10/26,85,13:20,Tuesday,SCARBOROUGH LOOP,Operations - Operator,8,16,W,1276
2021/10/26,91,13:25,Tuesday,WOODBINE STATION,Operations - Operator,35,70,S,8656
2021/10/26,35,13:29,Tuesday,JANE AND ANNETTE,Security,8,15,N,1004
2021/10/26,84,13:31,Tuesday,SHEPPARD AND JANE,Operations - Operator,8,16,,3613
2021/10/26,41,13:32,Tuesday,KEELE AND SHEPPARD,Mechanical,9,18,N,1099
2021/10/26,75,13:32,Tuesday,SHERBOURNE AND GERRARD,Collision - TTC,7,15,S,8472
2021/10/26,85,13:35,Tuesday,MALVERN GATE,Operations - Operator,8,16,,1285
2021/10/26,944,13:43,Tuesday,KIPLING AND JUTLAND,Collision - TTC,8,16,S,8433
2021/10/26,85,13:46,Tuesday,DON MILLS STATION,Operations - Operator,21,42,,3442
2021/10/26,54,13:54,Tuesday,LAWRENCE AND WARDEN,Operations - Operator,14,28,,8675
2021/10/26,169,14:00,Tuesday,SCARBOROUGH CENTRE STA,Operations - Operator,30,60,,1312
2021/10/26,84,14:00,Tuesday,SHEPPARD AND SENLAC,Mechanical,8,16,W,3709
2021/10/26,927,14:00,Tuesday,HUMBER COLLEGE LOOP,Operations - Operator,8,17,S,3366
2021/10/26,37,14:02,Tuesday,ISLINGTON STATION,Operations - Operator,21,43,N,8459
2021/10/26,24,14:03,Tuesday,DON MILLS STATION,Operations - Operator,25,50,S,8933
2021/10/26,88,14:04,Tuesday,ST CLAIR STATION,Operations - Operator,16,32,,0
2021/10/26,16,14:05,Tuesday,DANFORTH AND HART,Operations - Operator,12,24,S,8574
2021/10/26,929,14:08,Tuesday,DUFFERIN AND QUEEN,Investigation,10,20,S,9053
2021/10/26,36,14:15,Tuesday,FINCH WEST STATION,Operations - Operator,5,10,,3551
2021/10/26,960,14:19,Tuesday,PIONEER VILLAGE STATIO,Operations - Operator,10,20,E,8106
2021/10/26,944,14:20,Tuesday,KIPLING STATION,Operations - Operator,8,16,,7959
2021/10/26,84,14:23,Tuesday,SHEPPARD AND JANE,Security,8,16,E,3639
2021/10/26,24,14:24,Tuesday,VICTORIA PARK STATION,Operations - Operator,21,42,S,8953
2021/10/26,91,14:25,Tuesday,UNDERHILL AND CASSANDR,Operations - Operator,5,10,,0
2021/10/26,35,14:34,Tuesday,JANE AND YEWTREE,Mechanical,7,15,N,1005
2021/10/26,37,14:39,Tuesday,ISLINGTON AND STEELES,Operations - Operator,24,45,N,8099
2021/10/26,985,14:40,Tuesday,DON MILLS STATION,Operations - Operator,2,7,,0
2021/10/26,54,14:45,Tuesday,LAWRENCE AND SCARBOROU,Operations - Operator,11,22,,0
2021/10/26,36,14:45,Tuesday,FINCH WEST STATION,Mechanical,5,10,W,8896
2021/10/26,7,14:47,Tuesday,WILSON GARAGE,Operations - Operator,5,10,,0
2021/10/26,57,14:52,Tuesday,KENNEDY STATION,Mechanical,10,19,,3169
2021/10/26,25,14:52,Tuesday,OVERLEA AND DON MILLS,Operations - Operator,14,28,,0
2021/10/26,600,14:53,Tuesday,ROYAL YORK AND THE QUE,Mechanical,0,0,N,1108
2021/10/26,86,14:54,Tuesday,HIGHLAND CREEK OVERPAS,Operations - Operator,15,30,,0
2021/10/26,100,14:57,Tuesday,UNKNOWN,Operations - Operator,10,20,,0
2021/10/26,52,15:00,Tuesday,WESTWAY AND BRAECREST,Mechanical,21,41,W,3718
2021/10/26,905,15:02,Tuesday,KENNEDY STATION,Operations - Operator,8,16,W,8597
2021/10/26,7,15:02,Tuesday,BATHURST AND DEWBOURNE,Mechanical,8,16,N,9021
2021/10/26,34,15:06,Tuesday,EGLINTON STATION,Operations - Operator,7,14,,0
2021/10/26,34,15:23,Tuesday,EGLINTON STATION,Operations - Operator,12,24,E,8628
2021/10/26,102,15:24,Tuesday,MARKHAM AND FINCH,Road Blocked - NON-TTC Collision,56,64,S,3425
2021/10/26,900,15:29,Tuesday,PEARSON AIRPORT - TERM,Operations - Operator,8,16,S,8011
2021/10/26,134,15:32,Tuesday,FINCH AND MARKHAM,Road Blocked - NON-TTC Collision,65,80,N,3649
2021/10/26,122,15:32,Tuesday,YORK MILLS AND HIGHLAN,Collision - TTC,14,28,E,3210
2021/10/26,39,15:34,Tuesday,FINCH AND MARKHAM,Road Blocked - NON-TTC Collision,36,52,W,3314
2021/10/26,110,15:35,Tuesday,ISLINGTON AND BIRMINGH,Operations - Operator,12,24,S,7938
2021/10/26,929,15:36,Tuesday,UNKNOWN,Operations - Operator,10,20,,0
2021/10/26,133,15:41,Tuesday,SCARBOROUGH CENTRE STA,Mechanical,10,20,S,1290
2021/10/26,995,15:42,Tuesday,YORK MILLS STATION,Operations - Operator,11,22,W,0
2021/10/26,89,15:45,Tuesday,KEELE STATION,Operations - Operator,10,20,,8378
2021/10/26,995,15:46,Tuesday,ELLESMERE AND MARKHAM,Mechanical,9,18,E,1614
2021/10/26,32,15:47,Tuesday,EGLINTON AND KEELE,Security,9,18,W,1069
2021/10/26,44,15:48,Tuesday,KIPLING STATION,Operations - Operator,6,11,S,8093
2021/10/26,47,15:48,Tuesday,YORKDALE STATION,Mechanical,12,24,,8329
2021/10/26,36,16:00,Tuesday,FINCH WEST STATION,Mechanical,5,10,E,3608
2021/10/26,29,16:01,Tuesday,DUFFERIN AND BLOOR,Mechanical,8,16,N,9022
2021/10/26,29,16:01,Tuesday,DUFFERIN AND BLOOR,Mechanical,8,16,N,90122
2021/10/26,60,16:04,Tuesday,PIONEER VILLAGE STATIO,Operations - Operator,10,20,E,8355
2021/10/26,61,16:17,Tuesday,EGLINTON STATION,Operations - Operator,14,28,N,8110
2021/10/26,71,16:17,Tuesday,RUNNYMEDE STATION,Operations - Operator,11,22,N,7946
2021/10/26,21,16:18,Tuesday,SCARBOROUGH CENTRE STA,Operations - Operator,12,24,,3459
2021/10/26,953,16:20,Tuesday,STEELES AND DON MILLS,Mechanical,20,30,E,9086
2021/10/26,102,16:22,Tuesday,MARKHAM AND FINCH,General Delay,0,0,S,0
2021/10/26,600,16:25,Tuesday,DAVENPORT AND DUPONT,Security,0,0,S,1102
2021/10/26,61,16:30,Tuesday,EGLINTON STATION,Mechanical,14,28,N,8332
2021/10/26,927,16:35,Tuesday,ROYALCREST AND HWY 27,Operations - Operator,7,15,,3621
2021/10/26,954,16:37,Tuesday,LAWRENCE EAST STATION,Utilized Off Route,10,20,W,8732
2021/10/26,939,16:38,Tuesday,SCARBOROUGH CENTRE STA,Utilized Off Route,12,24,W,3312
2021/10/26,46,16:39,Tuesday,KIPLING STATION,Operations - Operator,9,18,N,7969
2021/10/26,113,16:40,Tuesday,KENNEDY STATION,Utilized Off Route,12,24,E,9207
2021/10/26,43,16:41,Tuesday,EGLINTON AND KENNEDY,Utilized Off Route,11,22,S,3326
2021/10/26,902,16:43,Tuesday,WARDEN STATION,Utilized Off Route,10,20,S,3418
2021/10/26,116,16:46,Tuesday,KENNEDY STATION,Utilized Off Route,7,14,W,1625
2021/10/26,953,16:46,Tuesday,STEELS AND DON MILLS,Utilized Off Route,10,20,E,9086
2021/10/26,34,16:46,Tuesday,EGLINTON AND LEBOVIC,Operations - Operator,10,20,E,8639
2021/10/26,129,16:50,Tuesday,SCARBOROUGH CENTRE STA,Utilized Off Route,5,11,,3342
2021/10/26,109,16:51,Tuesday,MARLEE AND ROSELAWN,Mechanical,25,50,S,8163
2021/10/26,16,16:55,Tuesday,MCCOWAN AND STEELES,Operations - Operator,10,20,N,3181
2021/10/26,101,17:00,Tuesday,SHEPPARD WEST STATION,Operations - Operator,10,20,S,8157
2021/10/26,52,17:03,Tuesday,LAWRENCE WEST STATION,Operations - Operator,8,24,,3524
2021/10/26,38,17:09,Tuesday,ROUGE HILL GO,Operations - Operator,13,26,,1319
2021/10/26,54,17:10,Tuesday,LAWRENCE EAST STATION,Operations - Operator,11,22,W,8793
2021/10/26,16,17:11,Tuesday,WARDEN STATION,Operations - Operator,10,20,E,3218
2021/10/26,47,17:14,Tuesday,LANSDOWNE AND QUEEN,Utilized Off Route,12,24,N,8119
2021/10/26,96,17:14,Tuesday,WILSON AND JANE,Operations - Operator,16,32,,8903
2021/10/26,43,17:15,Tuesday,KENNEDY AND MCNICOLL,Operations - Operator,10,20,,3138
2021/10/26,37,17:17,Tuesday,ISLINGTON AND REXDALE,General Delay,0,0,S,0
2021/10/26,36,17:18,Tuesday,FINCH AND ARROW,Operations - Operator,6,12,,9131
2021/10/26,165,17:22,Tuesday,YORK MILLS STATION,Operations - Operator,8,15,,8897
2021/10/26,939,17:33,Tuesday,SCARBOROUGH CENTRE STA,Operations - Operator,12,24,E,3224
2021/10/26,109,17:35,Tuesday,BATHURST AND NEPTUNE,Operations - Operator,25,50,,8103
2021/10/26,32,17:44,Tuesday,EGLINTON AND ALLEN,Collision - TTC,10,20,E,1076
2021/10/26,600,17:44,Tuesday,EGLINTON AND ALLEN,Collision - TTC,0,0,E,1114
2021/10/26,927,17:44,Tuesday,KIPLING STATION,Utilized Off Route,7,15,N,3635
2021/10/26,54,17:45,Tuesday,LAWRENCE AND WARDEN,Operations - Operator,11,22,,8857
2021/10/26,68,17:49,Tuesday,WARDEN AND STEELES,Mechanical,25,49,N,3152
2021/10/26,84,17:50,Tuesday,SHEPPARD AND ARROW,Operations - Operator,15,30,W,3488
2021/10/26,52,17:52,Tuesday,AIRPORT AND JETLINER,Investigation,5,8,E,3583
2021/10/26,63,18:00,Tuesday,EGLINTON WEST STATION,Diversion,55,62,N,8112
2021/10/26,32,18:00,Tuesday,EGLINTON WEST STATION,Diversion,55,64,E,1076
2021/10/26,42,18:00,Tuesday,MCNICOLL AND KENNEDY,Operations - Operator,14,28,W,325
2021/10/26,36,18:07,Tuesday,FINCH STATION,Operations - Operator,6,11,W,3354
2021/10/26,165,18:07,Tuesday,WILSON AND YONGE,Mechanical,8,15,W,3359
2021/10/26,68,18:08,Tuesday,WARDEN AND STEELES,Operations - Operator,23,46,,3101
2021/10/26,110,18:09,Tuesday,EGLINTON WEST STATION,Diversion,51,106,S,8147
2021/10/26,95,18:10,Tuesday,RYLANDER AND KINGSTON,Mechanical,14,29,E,1288
2021/10/26,56,18:22,Tuesday,LANSDOWNE AND COLLEGE,Operations - Operator,20,40,S,8802
2021/10/26,70,18:26,Tuesday,COXWELL STATION,Operations - Operator,24,45,W,8941
2021/10/26,36,18:27,Tuesday,FINCH AND ARROW ROAD,Operations - Operator,8,16,E,3626
2021/10/26,937,18:30,Tuesday,ISLINGTON AND REXDALE,General Delay,0,0,,0
2021/10/26,84,18:31,Tuesday,SHEPPARD AND JANE,Operations - Operator,10,20,W,3639
2021/10/26,96,18:33,Tuesday,WILSON AND JANE,Operations - Operator,21,42,,3525
2021/10/26,952,18:34,Tuesday,LAWRENCE AND BATHURST,Mechanical,13,25,E,3566
2021/10/26,927,18:37,Tuesday,HUMBER COLLEGE LOOP,Mechanical,9,18,S,3637
2021/10/26,96,18:38,Tuesday,WILSON AND JANE,Operations - Operator,21,42,,3631
2021/10/26,116,18:49,Tuesday,MORNINGSIDE AND SHEPPA,Operations - Operator,7,14,N,3452
2021/10/26,960,18:50,Tuesday,STEELES - BATHURST TO,General Delay,0,0,B,0
2021/10/26,39,18:50,Tuesday,FINCH AND KENNEDY,Operations - Operator,16,32,,3124
2021/10/26,70,19:23,Tuesday,BROADVIEW STATION,Utilized Off Route,13,26,E,8402
2021/10/26,34,19:34,Tuesday,EGLINTON STATION,Operations - Operator,20,40,E,8779
2021/10/26,93,19:42,Tuesday,PARKWAY HILL AND ASPEN,Operations - Operator,30,60,N,8818
2021/10/26,113,20:10,Tuesday,DANFORTH AND BIRCHMOUN,Operations - Operator,0,0,W,8964
2021/10/26,24,20:26,Tuesday,VICTORIA PARK STATION,Mechanical,8,17,S,8594
2021/10/26,85,20:30,Tuesday,SHEPPARD AND PARKWAY,Mechanical,16,32,E,1328
2021/10/26,165,21:06,Tuesday,WILSON AND YONGE,Mechanical,10,20,W,3531
2021/10/26,25,21:06,Tuesday,DON MILLS AND SHEPPARD,Mechanical,9,18,N,8735
2021/10/26,39,21:08,Tuesday,FINCH STATION,Collision - TTC,12,24,,3206
2021/10/26,905,21:25,Tuesday,ELLESMERE AND MORNINGS,Security,11,22,E,9201
2021/10/26,83,21:31,Tuesday,DONLANDS STATION,Operations - Operator,0,0,N,9202
2021/10/26,70,21:33,Tuesday,COXWELL STAITON,Mechanical,30,58,,8948
2021/10/26,52,21:45,Tuesday,LAWRENCE WEST STATION,Utilized Off Route,13,26,W,3483
2021/10/26,34,21:52,Tuesday,EGLINTON AND WYNFORD,Collision - TTC,10,20,W,8798
2021/10/26,32,22:53,Tuesday,EGLINTON AND OLD FORES,Collision - TTC,12,24,E,1208
2021/10/26,35,23:00,Tuesday,JANE STATION,Security,10,19,N,1035
2021/10/26,29,23:14,Tuesday,WILSON STATION,Operations - Operator,10,20,,9026
2021/10/26,49,23:19,Tuesday,KIPLING STATION,Operations - Operator,30,60,,3330
2021/10/26,7,23:30,Tuesday,BATHURST AND GRENWIN V,Operations - Operator,10,20,S,9014
2021/10/26,108,01:17,Tuesday,DRIFTWOOD AND GRANDRAV,Operations - Operator,25,50,E,8907
2021/10/26,12,01:26,Tuesday,KINGSTON ROAD AND BIRC,Emergency Services,23,46,W,8938
2021/10/27,60,02:36,Wednesday,FINCH STATION,Emergency Services,0,0,,8330
2021/10/27,320,03:05,Wednesday,YONGE AND BISHOP,Diversion,15,18,,0
2021/10/27,334,04:49,Wednesday,FINCH AND NEILSON,Emergency Services,15,30,W,3124
2021/10/27,16,05:05,Wednesday,WARDEN STATION,Operations - Operator,10,20,S,8951
2021/10/27,95,05:47,Wednesday,ELLESMERE AND MORNINGS,Security,8,16,W,1213
2021/10/27,40,05:48,Wednesday,DUINDAS WEST STATION,Emergency Services,0,0,,8047
2021/10/27,43,05:50,Wednesday,KENNEDY AND RANSTONE G,Diversion,10,76,N,0
2021/10/27,,05:50,Wednesday,MOUNT DENNIS DIVISION,Operations - Operator,0,0,,0
2021/10/27,41,05:52,Wednesday,PIONEER VILLAGE STATIO,Operations - Operator,9,18,,3733
2021/10/27,72,06:03,Wednesday,PAPE STATION,Vision,19,38,N,9208
2021/10/27,320,06:12,Wednesday,YONGE AND SHUTER,Mechanical,1,7,S,8794
2021/10/27,32,06:36,Wednesday,EGLINTON AND WESTON,Mechanical,10,20,E,3737
2021/10/27,165,06:47,Wednesday,1235 ORMONT DR,Mechanical,6,12,E,3703
2021/10/27,29,06:55,Wednesday,DUFFERIN AND BEAVER (S,Collision - TTC,8,16,S,9049
2021/10/27,24,06:59,Wednesday,VICTORIA PARK AND STEE,Mechanical,10,20,,8419
2021/10/27,32,07:12,Wednesday,KEELE AND EGLINTON,Collision - TTC,8,18,S,1125
2021/10/27,98,07:15,Wednesday,SENLAC AND HARLANDALE,Diversion,109,111,B,8361
2021/10/27,106,07:19,Wednesday,PIONEER VILLAGE STATIO,Mechanical,8,16,,8180
2021/10/27,106,07:35,Wednesday,PIONEER VILLAGE STATIO,Mechanical,8,16,N,8380
2021/10/27,36,07:39,Wednesday,FINCH AND WESTON,Mechanical,5,10,E,9135
2021/10/27,,08:21,Wednesday,KIPLING STATION,Operations - Operator,19,38,,8075
2021/10/27,122,08:26,Wednesday,YORK MILLS STATION,Mechanical,16,32,W,3114
2021/10/27,32,08:32,Wednesday,EGLINTON AND CALEDONIA,Collision - TTC,11,22,W,1078
2021/10/27,97,08:36,Wednesday,DAVISVILLE STATION,Mechanical,28,56,N,8112
2021/10/27,19,08:47,Wednesday,BAY AND BLOOR,Operations - Operator,12,24,,9233
2021/10/27,86,09:03,Wednesday,142 MARKHAM RD,General Delay,20,40,E,1534
2021/10/27,9,09:03,Wednesday,WARDEN STATION,Operations - Operator,27,44,N,8589
2021/10/27,131,09:10,Wednesday,SCARBOROUGH CENTRE STA,Operations - Operator,10,20,,1676
2021/10/27,108,09:12,Wednesday,PIONEER VILLAGE STATIO,Mechanical,23,46,S,3570
2021/10/27,79,09:14,Wednesday,RUNNYMEDE STATION,Operations - Operator,22,47,S,1091
2021/10/27,984,09:15,Wednesday,SHEPPARD AND SENLAC (E,Collision - TTC,9,18,E,3353
2021/10/27,37,09:22,Wednesday,ISLINGTON STATION,Operations - Operator,20,40,,7934
2021/10/27,94,09:25,Wednesday,CASTLE FRANK STATION,Operations - Operator,7,14,,8944
2021/10/27,38,09:33,Wednesday,ELLESMERE AND MCCOWAN,Security,13,26,E,1286
2021/10/27,12,09:47,Wednesday,VICTORIA PARK STATION,Operations - Operator,24,48,N,8500
2021/10/27,52,10:05,Wednesday,LAWRENCE AND RALPH,Mechanical,8,16,W,8885
2021/10/27,24,10:10,Wednesday,VICTORIA PARK AND O'CO,Collision - TTC,10,20,S,8961
2021/10/27,24,10:13,Wednesday,VICTORIA PARK AND O'CO,Collision - TTC,10,20,S,8588
2021/10/27,96,10:34,Wednesday,JANE AND WILSON,Operations - Operator,23,46,S,3631
2021/10/27,104,10:40,Wednesday,WILSON STATION,Mechanical,18,36,N,8374
2021/10/27,24,10:54,Wednesday,VICTORIA PARK AND ROWE,Diversion,94,102,N,3555
2021/10/27,74,11:01,Wednesday,DONCLIFFE LOOP,Operations - Operator,25,50,S,8665
2021/10/27,86,11:13,Wednesday,KENNEDY STATION,Operations - Operator,20,40,E,1534
2021/10/27,72,11:20,Wednesday,PAPE STATION,Operations - Operator,19,38,,8942
2021/10/27,169,11:22,Wednesday,SHEPPARD AND MCCOWAN,Mechanical,30,60,E,1257
2021/10/27,74,11:35,Wednesday,ST CLAIR STATION,Operations - Operator,25,50,,8857
2021/10/27,35,11:51,Wednesday,JANE AND FINCH,Emergency Services,8,15,S,1056
2021/10/27,902,12:01,Wednesday,WARDEN STATION,Utilized Off Route,15,30,S,3425
2021/10/27,996,12:03,Wednesday,WILSON AND GARRETT,Collision - TTC,12,24,E,3632
2021/10/27,31,12:08,Wednesday,QUEEN AND HILTZ,Diversion,10,25,N,8533
2021/10/27,52,12:23,Wednesday,LAWRENCE AND DUFFERIN,Mechanical,20,31,E,3540
2021/10/27,102,12:29,Wednesday,MARKHAM AND PROGRESS,Operations - Operator,30,60,N,3415
2021/10/27,102,12:29,Wednesday,MARKHAM AND PROGRESS,Operations - Operator,30,60,,3415
2021/10/27,52,12:39,Wednesday,ISLINGTON AND DIXON,Emergency Services,20,40,W,3354
2021/10/27,168,12:48,Wednesday,AVON LOOP,Operations - Operator,11,22,,1135
2021/10/27,168,12:48,Wednesday,AVON LOOP,Operations - Operator,11,22,N,1135
2021/10/27,96,12:53,Wednesday,WILSON AND JANE,Investigation,23,46,E,3552
2021/10/27,123,12:55,Wednesday,KIPLING STATION,Operations - Operator,21,42,,7921
2021/10/27,11,12:56,Wednesday,STEELES LOOP (AT BAYVI,Operations - Operator,13,26,S,8760
2021/10/27,40,13:00,Wednesday,DUNDAS WEST STATION,Operations - Operator,20,40,E,8446
2021/10/27,54,13:01,Wednesday,STARSPRAY LOOP,Operations - Operator,14,28,,8796
2021/10/27,32,13:05,Wednesday,EGLINTON AND CALEDONIA,Collision - TTC,11,22,E,1097
2021/10/27,85,13:07,Wednesday,SHEPPARD AND MALVERN G,Operations - Operator,8,16,,1333
2021/10/27,102,13:08,Wednesday,KINGSTON AND ST CLAIR,Mechanical,15,30,N,3412
2021/10/27,108,13:10,Wednesday,PIONEER VILLAGE STATIO,Operations - Operator,20,40,,3605
2021/10/27,165,13:11,Wednesday,WESTON AND SHEPPARD,Operations - Operator,11,22,,3615
2021/10/27,110,13:11,Wednesday,ISLINGTON AND EVANS,Operations - Operator,24,48,,8445
2021/10/27,54,13:12,Wednesday,EGLINTON STATION,Operations - Operator,14,28,,8838
2021/10/27,68,13:19,Wednesday,WARDEN AND HUNTINGWOOD,Mechanical,22,44,N,3162
2021/10/27,7,13:26,Wednesday,BATHURST AND GREENWIN,Mechanical,10,19,N,9002
2021/10/27,22,13:34,Wednesday,COXWELL STATION,Operations - Operator,7,14,,8600
2021/10/27,41,13:44,Wednesday,PIONEER VILLAGE STATIO,Mechanical,9,18,N,1204
2021/10/27,75,13:49,Wednesday,SHERBOURNE AND RICHMON,Collision - TTC,7,15,N,8525
2021/10/27,96,13:50,Wednesday,ARROW GARAGE,Operations - Operator,23,46,N,3569
2021/10/27,7,13:53,Wednesday,CARPENTER AND FISHERVI,Diversion,207,216,N,9011
2021/10/27,65,13:56,Wednesday,CASTLE FRANK STATION,Operations - Operator,13,26,,8517
2021/10/27,59,13:57,Wednesday,CULFORD AND LAWRENCE,Investigation,23,46,N,8126
2021/10/27,37,14:23,Wednesday,ISLINGTON STATION,Operations - Operator,22,43,,0
2021/10/27,45,14:25,Wednesday,KIPLING AND EGLINTON,Security,14,28,S,1345
2021/10/27,32,14:25,Wednesday,PINE AND LAWRENCE,Operations - Operator,10,19,E,0
2021/10/27,110,14:26,Wednesday,ISLINGTON AND BIRMINGH,Operations - Operator,12,24,S,7971
2021/10/27,34,14:28,Wednesday,EGLINTON STATION,Operations - Operator,12,24,W,8705
2021/10/27,40,14:29,Wednesday,ST CLAIR AND JANE,Mechanical,20,40,E,8457
2021/10/27,905,14:30,Wednesday,ELLESMERE AND MORRISH,Operations - Operator,8,16,W,8404
2021/10/27,123,14:30,Wednesday,NORTH QUEEN AND SHORNC,Collision - TTC,21,42,E,7938
2021/10/27,96,14:33,Wednesday,HUMBERLINE LOOP,Operations - Operator,22,45,W,3366
2021/10/27,927,14:33,Wednesday,KIPLING STATION,Mechanical,9,18,N,3497
2021/10/27,96,14:33,Wednesday,HUMBERFLINE LOOP,Operations - Operator,22,45,,3366
2021/10/27,111,14:39,Wednesday,KIPLING STATION,Operations - Operator,16,32,,8465
2021/10/27,37,14:39,Wednesday,ISLINGTON AND STEELES,Operations - Operator,24,45,S,7964
2021/10/27,111,14:39,Wednesday,KIPLING STATION,Operations - Operator,16,32,S,8465
2021/10/27,995,14:42,Wednesday,YORK MILLS AND LESLIE,Operations - Operator,10,10,,0
2021/10/27,95,14:44,Wednesday,YORK MILLS STATION,Operations - Operator,18,35,,3452
2021/10/27,83,14:47,Wednesday,DONLANDS STATION,Operations - Operator,22,44,S,8514
2021/10/27,985,14:49,Wednesday,SCARBOROUGH CENTRE STA,Operations - Operator,10,20,,0
2021/10/27,67,14:50,Wednesday,COSSLANDS AND REDDING,Mechanical,10,20,S,3757
2021/10/27,121,14:52,Wednesday,BAY AND FRONT,Operations - Operator,20,40,S,9223
2021/10/27,86,14:54,Wednesday,HIGHLAND CREEK OVERPAS,Operations - Operator,15,30,,0
2021/10/27,84,14:56,Wednesday,SHEPPARD AND WESTON,Mechanical,8,16,W,3718
2021/10/27,88,14:57,Wednesday,ST CLAIR STATION,Operations - Operator,15,30,S,8677
2021/10/27,36,14:57,Wednesday,FINCH WEST STATION,Operations - Operator,25,25,W,8884
2021/10/27,102,14:58,Wednesday,ST CLAIR AND KINGSTON,Mechanical,7,14,N,3412
2021/10/27,953,15:01,Wednesday,STEELES AND MIDLAND,Operations - Operator,10,20,W,9100
2021/10/27,134,15:03,Wednesday,PROGRESS AND ROSEBANK,Mechanical,5,20,N,3445
2021/10/27,43,15:06,Wednesday,KENNEDY STATION,Security,15,30,N,3189
2021/10/27,43,15:06,Wednesday,KENNEDY AND BRIGSTOCK,Cleaning - Unsanitary,10,20,N,3166
2021/10/27,165,15:08,Wednesday,FINCH AND WESTON,Operations - Operator,11,24,S,3348
2021/10/27,86,15:09,Wednesday,HIGHLAND CREEK OVERPAS,Operations - Operator,15,30,,0
2021/10/27,86,15:09,Wednesday,HIGHLAND CREEK OVERPAS,Operations - Operator,15,30,,0
2021/10/27,168,15:13,Wednesday,AVON LOOP,Operations - Operator,7,14,E,0
2021/10/27,11,15:17,Wednesday,STEELES LOOP,Operations - Operator,13,26,N,8666
2021/10/27,985,15:19,Wednesday,SCARBOROUGH CENTRE STA,Mechanical,10,20,E,9068
2021/10/27,71,15:21,Wednesday,RUNNYMEDE STATION,Mechanical,11,22,S,8056
2021/10/27,945,15:23,Wednesday,KIPLING AND STEELES,Operations - Operator,9,20,S,0
2021/10/27,134,15:27,Wednesday,CORPORTATE AND LEE CEN,Collision - TTC,5,10,E,1549
2021/10/27,39,15:30,Wednesday,FINCH AND TRUDY,Collision - TTC,14,29,W,3222
2021/10/27,34,15:33,Wednesday,CONCORDE AND CONCORDE,Operations - Operator,13,26,E,8625
2021/10/27,85,15:35,Wednesday,SHEPPARD AND MALVERN G,Operations - Operator,7,14,,1248
2021/10/27,54,15:35,Wednesday,EGLINTON AND BAYVIEW,Collision - TTC,11,22,W,8822
2021/10/27,43,15:40,Wednesday,KENNEDY AND VILLAGE GR,Operations - Operator,22,44,,0
2021/10/27,66,15:45,Wednesday,OLD MILL STATION,Mechanical,18,38,S,8433
2021/10/27,39,15:48,Wednesday,FINCH AND MCCOWAN,Operations - Operator,14,29,E,3200
2021/10/27,90,15:50,Wednesday,VAUGHAN AND WINONA,Collision - TTC,6,12,S,8337
2021/10/27,85,15:50,Wednesday,DON MILLS STATION,Operations - Operator,7,13,,1653
2021/10/27,36,16:06,Wednesday,FINCH AND WESTON,Operations - Operator,5,10,W,0
2021/10/27,37,16:11,Wednesday,ISLINGTON AND BEAUMOND,General Delay,38,56,N,7941
2021/10/27,100,16:13,Wednesday,BROADVIEW STATIONB,Mechanical,6,12,N,8699
2021/10/27,7,16:22,Wednesday,BATHURST AND WILSON,Operations - Operator,9,17,,9008
2021/10/27,160,16:24,Wednesday,WILSON STATION,Operations - Operator,24,48,,8142
2021/10/27,133,16:27,Wednesday,MORNINGSIDE AND FINCH,Mechanical,7,13,S,1292
2021/10/27,88,16:30,Wednesday,ST CLAIR AND MT PLEASA,General Delay,0,0,B,0
2021/10/27,935,16:37,Wednesday,JANE STATION,Operations - Operator,12,24,N,1059
2021/10/27,46,16:39,Wednesday,KIPLING STATION,Operations - Operator,11,22,N,9426
2021/10/27,54,16:39,Wednesday,LAWRENCE AND ORTON PAR,Operations - Operator,11,22,W,8759
2021/10/27,57,16:41,Wednesday,MIDLAND AND MCNICOLL,Road Blocked - NON-TTC Collision,20,30,N,3140
2021/10/27,45,16:43,Wednesday,DISCO AND ATWELL,Operations - Operator,16,32,N,1074
2021/10/27,935,16:46,Wednesday,JANE AND TRETHEWEY,Operations - Operator,12,24,N,1034
2021/10/27,960,16:47,Wednesday,PIONEER VILLAGE STATIO,Operations - Operator,10,20,E,8307
2021/10/27,104,16:48,Wednesday,WILSON STATION,Operations - Operator,18,36,S,8375
2021/10/27,14,16:48,Wednesday,CHAPLIN AND YONGE,Mechanical,16,32,E,1122
2021/10/27,,16:48,Wednesday,MARKHAM AND MILNER,Operations - Operator,13,25,,1294
2021/10/27,968,16:50,Wednesday,WARDEN AND SHEPPARD,Mechanical,10,20,N,3259
2021/10/27,100,16:57,Wednesday,BROADVIEW STATION,Operations - Operator,10,20,,8832
2021/10/27,41,16:59,Wednesday,PIONEER VILLAGE STATIO,Mechanical,8,16,S,1084
2021/10/27,34,16:59,Wednesday,KENNEDY STATION,Operations - Operator,7,14,W,8830
2021/10/27,43,17:00,Wednesday,KENNEDY AND PROGRESS,General Delay,0,0,,0
2021/10/27,59,17:01,Wednesday,WESTON AND OAK,Operations - Operator,11,26,,8370
2021/10/27,16,17:05,Wednesday,WARDEN STATION,Operations - Operator,10,20,,8951
2021/10/27,925,17:06,Wednesday,PAPE STATION,Operations - Operator,9,18,,8679
2021/10/27,968,17:09,Wednesday,WARDEN STATION,Mechanical,10,20,N,3161
2021/10/27,96,17:10,Wednesday,WILSON AND WESTON,Operations - Operator,21,42,,3477
2021/10/27,939,17:11,Wednesday,FINCH AND KENNEDY,Emergency Services,12,24,E,3149
2021/10/27,100,17:13,Wednesday,BROADVIEW STATION,Operations - Operator,7,14,,8683
2021/10/27,54,17:18,Wednesday,LAWRENCE AND WARDEN,Operations - Operator,11,22,,8663
2021/10/27,88,17:20,Wednesday,ST CLAIR STATION,Operations - Operator,15,30,E,8678
2021/10/27,165,17:22,Wednesday,BARMAC AND STEELES,Operations - Operator,8,15,,3360
2021/10/27,165,17:24,Wednesday,BARMAC AND STEELES,Operations - Operator,8,15,,3618
2021/10/27,108,17:26,Wednesday,DRIFTWOOD AND FINCH,Operations - Operator,15,30,W,3476
2021/10/27,7,17:30,Wednesday,BATHURST AND WILSON,General Delay,0,0,N,9005
2021/10/27,52,17:30,Wednesday,LAWRENCE AND KEELE,General Delay,0,0,E,3721
2021/10/27,57,17:31,Wednesday,MIDLAND AND PASSMORE,General Delay,0,0,B,0
2021/10/27,54,17:34,Wednesday,LAWRENCE AND WARDEN,Operations - Operator,11,22,,8755
2021/10/27,76,17:36,Wednesday,ROYAL YORK AND NEW CAS,Collision - TTC,10,20,S,7930
2021/10/27,52,17:42,Wednesday,LAWRENCE WEST STATION,Operations - Operator,13,16,W,8915
2021/10/27,109,17:46,Wednesday,LAWRENCE WEST STATION,Operations - Operator,25,50,,8113
2021/10/27,79,17:49,Wednesday,SCARLETT AND LA ROSE,General Delay,0,0,,0
2021/10/27,34,17:52,Wednesday,EGLINTON AND BRENTCLIF,Operations - Operator,6,12,E,8766
2021/10/27,945,17:53,Wednesday,KIPLING STATION,Vision,9,19,S,3742
2021/10/27,84,17:55,Wednesday,SHEPPARD-YONGE STATION,Operations - Operator,10,20,W,3542
2021/10/27,55,17:55,Wednesday,VARSITY AND UNDERWOOD,Mechanical,15,30,N,7949
2021/10/27,78,18:00,Wednesday,YORK MILLS STATION,Operations - Operator,15,30,W,8353
2021/10/27,25,18:01,Wednesday,DON MILLS AND EGLINTON,Mechanical,9,18,S,8801
2021/10/27,65,18:03,Wednesday,CASTLE FRANK STATION,Operations - Operator,11,22,N,8512
2021/10/27,7,18:11,Wednesday,BATHURST AND WILSON,Operations - Operator,8,17,S,9011
2021/10/27,123,18:11,Wednesday,AUCKLAND AND DUNDAS,Mechanical,16,32,N,8015
2021/10/27,36,18:11,Wednesday,FINCH WEST STATION,Mechanical,5,10,E,3521
2021/10/27,67,18:21,Wednesday,PHARMACY AND COMSTOCK,Operations - Operator,10,20,,8711
2021/10/27,902,18:23,Wednesday,PROGRESS AND SHEPPARD,Operations - Operator,10,20,,3421
2021/10/27,960,18:23,Wednesday,PIONEER VILLAGE STATIO,Operations - Operator,10,20,W,8127
2021/10/27,67,18:24,Wednesday,PHARMACY AND EGLINTON,Operations - Operator,10,20,,8711
2021/10/27,165,18:25,Wednesday,ARROW GARAGE,Operations - Operator,8,16,,3617
2021/10/27,165,18:25,Wednesday,BARMAC AND STEELES,Operations - Operator,8,16,W,3617
2021/10/27,70,18:26,Wednesday,COXWELL STATION,Operations - Operator,11,22,W,8944
2021/10/27,102,18:30,Wednesday,KINGTON AND WHITECAP,General Delay,0,0,,0
2021/10/27,96,18:38,Wednesday,WILSON AND JANE,Operations - Operator,21,42,W,3491
2021/10/27,60,18:54,Wednesday,FINCH STATION,Security,0,0,W,8305
2021/10/27,104,18:57,Wednesday,WILSON STATION,Operations - Operator,18,36,S,8164
2021/10/27,600,18:57,Wednesday,MOUNT DENNIS GARAGE,Operations - Operator,0,0,,0
2021/10/27,960,19:19,Wednesday,FINCH STATION,Mechanical,10,20,E,8135
2021/10/27,60,19:25,Wednesday,FINCH STATION TO SIGNE,General Delay,0,0,B,0
2021/10/27,960,19:30,Wednesday,FINCH TO PIONEER VILLA,General Delay,0,0,B,0
2021/10/27,34,19:34,Wednesday,EGLINTON STATION,Operations - Operator,20,40,,8772
2021/10/27,905,19:37,Wednesday,MORRISH AND ELLESMERE,Cleaning - Unsanitary,14,28,W,8485
2021/10/27,86,19:53,Wednesday,KINGSTON AND LAWRENCE,Security,10,20,S,3459
2021/10/27,924,19:54,Wednesday,VICTORIA PARK STATION,Emergency Services,0,0,,8402
2021/10/27,86,20:00,Wednesday,KINGSTON RD AND OLD KI,Diversion,185,195,E,3468
2021/10/27,113,20:10,Wednesday,DANFORTH RD AND BIRCHM,Operations - Operator,17,34,W,8924
2021/10/27,501,20:20,Wednesday,THE QUEENSWAY AND COLB,Security,7,14,W,8481
2021/10/27,43,20:40,Wednesday,STEELES AND MIDLAND,Cleaning - Disinfection,10,20,N,3303
2021/10/27,35,20:56,Wednesday,JANE AND CHURCH,Mechanical,8,17,S,1056
2021/10/27,71,21:13,Wednesday,INDUSTRY AND MOUNT DEN,Cleaning - Unsanitary,13,26,N,8431
2021/10/27,52,21:35,Wednesday,KIPLING AND DIXON,Vision,11,13,E,8889
2021/10/27,41,21:42,Wednesday,FINCH WEST STATION,Diversion,91,103,S,1204
2021/10/27,36,21:42,Wednesday,FINCH WEST STATION,Diversion,24,34,E,8901
2021/10/27,107,21:42,Wednesday,FINCH WEST STATION,Diversion,20,40,S,8372
2021/10/27,45,21:46,Wednesday,KIPLING AND STEELES,Operations - Operator,10,19,S,1128
2021/10/27,25,22:04,Wednesday,PAPE STATION,Operations - Operator,10,20,S,8806
2021/10/27,95,22:36,Wednesday,SHEPPARD AND KINGSTON,Operations - Operator,10,20,N,1213
2021/10/27,89,22:53,Wednesday,KEELE STATION,Security,10,19,,8317
2021/10/27,113,23:07,Wednesday,KENNEDY AND KENMARK,Security,22,44,N,8481
2021/10/27,47,23:25,Wednesday,LANSDOWNE AND DAVENPOR,Emergency Services,20,40,S,8137
2021/10/27,43,23:29,Wednesday,KENNEDY STATION,Security,10,20,,3303
2021/10/27,96,23:56,Wednesday,WILSON STATION - UPPER,Security,20,39,,1202
2021/10/27,57,00:11,Wednesday,KENNEDY STATION,Mechanical,16,32,S,3295
2021/10/27,53,00:33,Wednesday,FINCH STATION,Security,21,42,,3194
2021/10/27,121,00:57,Wednesday,THE ESPLANADE AND PRIN,Mechanical,16,32,E,8575
2021/10/27,52,01:14,Wednesday,LAWRENCE STATION,Security,14,28,E,8916
2021/10/28,105,02:03,Thursday,RIMROCK AND LODESTAR,Mechanical,30,0,S,8340
2021/10/28,332,02:48,Thursday,EGLINTON AND MAXWELL,Security,30,60,W,1379
2021/10/28,900,03:00,Thursday,AIRPORT - TERMINAL 3,Security,0,0,,8007
2021/10/28,300,03:07,Thursday,BLOOR AND GLENDENWYNNE,Diversion,167,184,,0
2021/10/28,320,03:37,Thursday,YONGE AND MADAWASKA,Mechanical,3,7,S,8416
2021/10/28,102,04:42,Thursday,WARDEN AND DANFORTH,Security,17,34,,3431
2021/10/28,112,05:13,Thursday,KIPLING STATION,Operations - Operator,18,30,S,8087
2021/10/28,11,05:25,Thursday,EGLINTON GARAGE,Operations - Operator,15,30,,8669
2021/10/28,600,05:32,Thursday,WILSON GARAGE,Operations - Operator,5,10,,0
2021/10/28,165,05:42,Thursday,SHEPPARD AND ARLETA,Mechanical,5,10,N,3700
2021/10/28,900,05:56,Thursday,WILSON GARAGE,Operations - Operator,5,10,,0
2021/10/28,960,05:59,Thursday,WILSON GARAGE,Operations - Operator,10,20,,0
2021/10/28,65,06:19,Thursday,PARLIAMENT AND GERRARD,Diversion,194,207,N,0
2021/10/28,35,06:32,Thursday,BLOOR AND JANE,Mechanical,9,18,N,1017
2021/10/28,34,06:47,Thursday,EGLINTON AND LESLIE,Collision - TTC,12,24,W,8774
2021/10/28,68,06:50,Thursday,WARDEN STATION,Emergency Services,7,15,N,3207
2021/10/28,952,07:01,Thursday,LAWRENCE AND DUFFERIN,Mechanical,11,22,N,3533
2021/10/28,102,07:04,Thursday,400 WARDEN AVE,Mechanical,24,48,S,3465
2021/10/28,26,07:22,Thursday,DUPONT AND OSSINGTON,Mechanical,24,48,W,8091
2021/10/28,85,07:28,Thursday,SHEPPARD AND KIRKDENE,Mechanical,13,26,W,1660
2021/10/28,36,07:56,Thursday,FINCH WEST STATION,Mechanical,5,10,W,9117
2021/10/28,135,07:57,Thursday,GERRARD AND CLONMORE (,General Delay,20,40,E,8481
2021/10/28,95,08:03,Thursday,KINGSTON AND RYLANDER,Mechanical,8,16,W,1283
2021/10/28,72,08:28,Thursday,LIPTON AND PAPE,Collision - TTC,19,38,W,8952
2021/10/28,36,08:40,Thursday,FINCH AND DUFFERIN,Mechanical,5,10,E,3603
2021/10/28,939,08:49,Thursday,FINCH AND MCCOWAN,Mechanical,8,15,W,3255
2021/10/28,19,08:50,Thursday,FRONT AND BAY,Operations - Operator,13,26,E,8584
2021/10/28,51,09:11,Thursday,LESLIE AND BLACK WILLO,Mechanical,18,36,S,3214
2021/10/28,19,09:30,Thursday,BAY AND BLOOR,Operations - Operator,12,24,N,8407
2021/10/28,925,09:49,Thursday,PAPE STATION,Mechanical,12,24,N,8664
2021/10/28,65,10:01,Thursday,CASTLE FRANK STATION,Operations - Operator,13,26,N,8526
2021/10/28,85,10:09,Thursday,SHEPPARD AND PROGRESS,Investigation,8,16,W,3652
2021/10/28,999,10:41,Thursday,WESTON AND STEELES,Collision - TTC,0,0,S,8389
2021/10/28,96,10:43,Thursday,JANE AND WILSON,Operations - Operator,23,46,,3476
2021/10/28,999,10:48,Thursday,CUMBERLAND AND BAY,Security,0,0,,0
2021/10/28,927,10:54,Thursday,HIGHWAY 27 AND QUEENS,Mechanical,8,16,N,3611
2021/10/28,116,11:06,Thursday,KENNEDY STATION,Cleaning - Unsanitary,10,20,,1502
2021/10/28,96,11:10,Thursday,JANE AND WILSON,Operations - Operator,22,44,,3519
2021/10/28,86,11:11,Thursday,LAWSON RD,Mechanical,12,24,E,3442
2021/10/28,34,11:22,Thursday,EGLINTON AND LESLIE,Collision - TTC,12,24,E,8743
2021/10/28,101,11:34,Thursday,SHEPPARD WEST STATION,Mechanical,20,40,W,8359
2021/10/28,101,11:34,Thursday,SHEPPARD WEST STATION,Mechanical,20,40,W,8359
2021/10/28,72,11:48,Thursday,PAPE STATION,Operations - Operator,19,38,E,8518
2021/10/28,57,12:01,Thursday,MIDLAND AND PRUDENTIAL,Utilized Off Route,14,45,S,3302
2021/10/28,89,12:09,Thursday,WESTON AND EGLINTON,Operations - Operator,10,20,S,8168
2021/10/28,85,12:10,Thursday,SHEPPARD AND LAMONT,Collision - TTC,7,14,E,1231
2021/10/28,37,12:11,Thursday,QUEENSWAY GARAGE,Operations - Operator,22,44,N,7978
2021/10/28,37,12:28,Thursday,ISLINGTON AND DIXON,Investigation,21,43,S,8465
2021/10/28,108,12:35,Thursday,PIONEER VILLAGE STATIO,Operations - Operator,20,40,N,3574
2021/10/28,123,12:36,Thursday,SHERWAY GARDENS,Operations - Operator,21,42,N,7940
2021/10/28,512,12:37,Thursday,ST CLAIR WEST STATION,Operations - Operator,5,10,E,4496
2021/10/28,44,12:41,Thursday,KIPLING STATION,Operations - Operator,10,20,S,8076
2021/10/28,985,12:46,Thursday,SCARBOROUGH CENTRE STA,Operations - Operator,12,24,E,9065
2021/10/28,61,12:53,Thursday,AVENUE AND WILSON,Collision - TTC,20,40,N,1395
2021/10/28,65,13:03,Thursday,CASTLE FRANK STATION,Operations - Operator,13,26,S,8942
2021/10/28,939,13:05,Thursday,5105 PREMIER DAVIS BLV,Mechanical,9,17,W,3199
2021/10/28,45,13:07,Thursday,KIPLING AND WESTHUMBER,Emergency Services,14,28,S,1089
2021/10/28,86,13:09,Thursday,KENNEDY STATION,Operations - Operator,23,46,W,1315
2021/10/28,75,13:11,Thursday,SHERBOURNE AND BLOOR,Operations - Operator,7,15,N,8933
2021/10/28,37,13:17,Thursday,ISLINGTON STATION,Operations - Operator,18,36,N,8052
2021/10/28,56,13:19,Thursday,DONLANDS STATION,Operations - Operator,23,46,S,8793
2021/10/28,123,13:19,Thursday,SHERWAY GARDENS,Mechanical,21,42,N,7966
2021/10/28,85,13:20,Thursday,MALVERN GATE,Operations - Operator,8,16,W,3652
2021/10/28,52,13:33,Thursday,LAWRENCE AND JANE,Operations - Operator,20,40,E,3524
2021/10/28,22,13:34,Thursday,COXWELL STATION,Operations - Operator,7,14,S,8611
2021/10/28,43,13:38,Thursday,KENNEDY AND ANTRIM,Security,10,20,N,3194
2021/10/28,85,13:46,Thursday,DON MILLS STATION,Operations - Operator,21,42,W,3645
2021/10/28,65,13:49,Thursday,THE ESPLANADE AND PRIN,Operations - Operator,13,26,W,8870
2021/10/28,96,13:50,Thursday,CARRIER DRIVE,Operations - Operator,23,46,,3368
2021/10/28,16,14:01,Thursday,EGLINTON GARAGE,Operations - Operator,9,18,N,8527
2021/10/28,36,14:04,Thursday,HUMBERWOOD LOOP,Operations - Operator,5,10,W,9119
2021/10/28,25,14:05,Thursday,PAPE STATION,Operations - Operator,10,20,S,8627
2021/10/28,70,14:18,Thursday,COXWELL STATION,Operations - Operator,22,44,,9226
2021/10/28,86,14:20,Thursday,KINGSTON AND LAWRENCE,Operations - Operator,24,48,W,1559
2021/10/28,52,14:22,Thursday,LAWRENCE WEST STATION,Operations - Operator,20,23,E,3568
2021/10/28,84,14:30,Thursday,SHEPPARD STATION,Operations - Operator,30,60,,3553
2021/10/28,52,14:34,Thursday,LAWRENCE AND LITTLE,Investigation,14,34,W,3356
2021/10/28,13,14:37,Thursday,EGLINTON STATION,Operations - Operator,30,60,N,8147
2021/10/28,36,14:44,Thursday,FINCH AND ARROW,Operations - Operator,5,10,W,9138
2021/10/28,79,14:47,Thursday,RUNNEYMEDE AND ST CLAI,Collision - TTC,24,48,N,1068
2021/10/28,999,14:53,Thursday,ARROW DIVISION,Emergency Services,0,0,,0
2021/10/28,52,15:15,Thursday,THE WESTWAY AND ROYAL,Mechanical,16,27,E,3718
2021/10/28,927,15:22,Thursday,ROYALCREST AND HIGHWAY,Mechanical,8,15,S,3350
2021/10/28,32,15:24,Thursday,EGLINTON AND WEST OVER,Collision - TTC,11,22,E,1132
2021/10/28,36,15:41,Thursday,FINCH WEST STATION,Operations - Operator,5,10,W,9113
2021/10/28,162,16:00,Thursday,LAWRENCE STATION,General Delay,0,0,B,0
2021/10/28,32,16:04,Thursday,EGLINTON AND KEELE,Collision - TTC,0,0,W,1396
2021/10/28,953,16:06,Thursday,PASSMORE AND MARKHAM,Diversion,7,14,W,9084
2021/10/28,953,16:08,Thursday,PASSMORE AND MARKHAM,Diversion,7,14,W,9085
2021/10/28,89,16:08,Thursday,LAWRENCE AND JANE,Mechanical,10,20,E,8128
2021/10/28,32,16:11,Thursday,EGLINTON WEST STATION,Collision - TTC,11,22,E,1096
2021/10/28,32,16:12,Thursday,EGLINTON WEST STATION,Collision - TTC,11,22,E,1077
2021/10/28,60,16:17,Thursday,PIONEER VILLAGE STATIO,Mechanical,10,20,E,8340
2021/10/28,160,16:24,Thursday,WILSON STATION,Operations - Operator,24,48,S,8331
2021/10/28,43,16:29,Thursday,KENNEDY STATION,General Delay,15,22,N,3230
2021/10/28,60,16:30,Thursday,FINCH TO PIONEER VILLA,General Delay,0,0,B,8375
2021/10/28,102,16:30,Thursday,WARDEN STATION,General Delay,0,0,,0
2021/10/28,960,16:33,Thursday,FINCH STATION TO SIGNE,General Delay,0,0,B,8117
2021/10/28,98,16:33,Thursday,SHEPPARD YONGE STATION,Operations - Operator,20,40,,8300
2021/10/28,52,16:36,Thursday,THE WESTWOOD MALL,Operations - Operator,20,40,E,70190
2021/10/28,46,16:39,Thursday,KIPLING STATION,Operations - Operator,11,22,N,7960
2021/10/28,67,16:40,Thursday,VICTORIA PARK STATION,Mechanical,10,20,N,3757
2021/10/28,68,16:44,Thursday,WARDEN AND CANADIAN,General Delay,11,23,S,3334
2021/10/28,939,16:56,Thursday,FINCH AND VICTORIA PAR,Emergency Services,14,28,E,3189
2021/10/28,,16:57,Thursday,EGLINTON STATION,Mechanical,30,60,,8331
2021/10/28,7,16:58,Thursday,BATHURST AND LAWRENCE,General Delay,0,0,B,0
2021/10/28,900,17:02,Thursday,QUEENSWAY GARAGE,Collision - TTC,8,16,,8007
2021/10/28,96,17:06,Thursday,CARRIER LOOP,Operations - Operator,20,42,,3617
2021/10/28,67,17:07,Thursday,PHARMACY AND PRINCEWAY,Mechanical,10,20,N,3758
2021/10/28,68,17:10,Thursday,WARDEN STATION TO ELLE,General Delay,0,0,B,0
2021/10/28,953,17:23,Thursday,FINCH STATION,Mechanical,7,14,E,9089
2021/10/28,37,17:24,Thursday,ISLINGTON AND ELMHURST,General Delay,0,0,B,0
2021/10/28,39,17:25,Thursday,FINCH STATION,Mechanical,15,29,E,3321
2021/10/28,937,17:25,Thursday,ISLINGTON AND THE WEST,General Delay,0,0,B,0
2021/10/28,19,17:31,Thursday,BAY AND QUEEN,Mechanical,11,23,S,8613
2021/10/28,189,17:36,Thursday,ST CLAIR AND SYMES,Operations - Operator,20,40,W,8421
2021/10/28,42,17:45,Thursday,FINCH STATION,Operations - Operator,16,32,N,3148
2021/10/28,84,17:55,Thursday,SHEPPARD-YONGE STATION,Operations - Operator,10,20,E,3479
2021/10/28,941,17:57,Thursday,KEELE STATION,Utilized Off Route,10,20,S,9141
2021/10/28,42,18:00,Thursday,MCNICOLL AND KENNEDY,Operations - Operator,14,28,N,3173
2021/10/28,41,18:04,Thursday,KEELE AND LAWRENCE,Mechanical,8,16,S,1136
2021/10/28,36,18:09,Thursday,FINCH AND ARROW,Operations - Operator,6,12,E,3507
2021/10/28,952,18:11,Thursday,PEARSON AIRPORT,Mechanical,13,25,W,3499
2021/10/28,42,18:11,Thursday,FINCH STATION,Operations - Operator,16,32,S,3148
2021/10/28,67,18:13,Thursday,PHARMACY AND SURREY,Diversion,42,52,S,8745
2021/10/28,109,18:19,Thursday,LAWRENCE WEST STATION,Operations - Operator,25,50,,1374
2021/10/28,45,18:32,Thursday,KIPLING STATION,Operations - Operator,16,32,S,1079
2021/10/28,36,18:37,Thursday,FINCH WEST STATION,Operations - Operator,5,10,E,3713
2021/10/28,43,18:53,Thursday,MIDLAND AND STEELES,Cleaning - Unsanitary,10,20,N,3194
2021/10/28,25,18:57,Thursday,PAPE STATION,Operations - Operator,4,8,S,8756
2021/10/28,86,19:10,Thursday,OLD KINGSTON AND MORRI,Security,10,20,W,3471
2021/10/28,600,19:15,Thursday,MOUNT DENNIS GARAGE,Operations - Operator,0,0,,0
2021/10/28,89,19:20,Thursday,KEELE STATION,Operations - Operator,12,24,N,0
2021/10/28,29,19:20,Thursday,DUFFERIN AND COLLEGE,Collision - TTC,8,16,S,9043
2021/10/28,104,19:24,Thursday,DUFFERIN AND STEEPROCK,Mechanical,18,36,N,8358
2021/10/28,600,19:27,Thursday,MOUNT DENNIS GARAGE,Operations - Operator,0,0,,0
2021/10/28,54,19:30,Thursday,LAWRENCE AND BELLAMY,Mechanical,11,22,W,8834
2021/10/28,35,19:30,Thursday,JANE STATION,Operations - Operator,5,10,N,0
2021/10/28,12,19:33,Thursday,VICTORIA PARK STATION,Mechanical,12,24,W,8614
2021/10/28,45,19:35,Thursday,KIPLING AND ANNABELLE,General Delay,30,40,S,1145
2021/10/28,35,19:51,Thursday,PIONEER VILLAGE STATIO,Mechanical,10,20,S,1051
2021/10/28,38,20:16,Thursday,ELLESMERE AND ORTON PA,Cleaning - Unsanitary,11,22,W,1288
2021/10/28,162,20:20,Thursday,LAWRENCE AND THE DONWA,Diversion,130,160,W,8663
2021/10/28,113,20:29,Thursday,MAIN STREET STATION,Utilized Off Route,17,34,W,8958
2021/10/28,102,20:40,Thursday,WARDEN STATION,Utilized Off Route,5,8,S,3407
2021/10/28,35,20:42,Thursday,JANE AND SHOREHAM,Utilized Off Route,10,20,S,1019
2021/10/28,43,20:47,Thursday,KENNEDY AND PROGRESS,Held By,15,30,N,3181
2021/10/28,102,20:50,Thursday,WARDEN STATION,Operations - Operator,7,12,S,3416
2021/10/28,43,20:54,Thursday,KENNEDY AND PROGRESS,Diversion,44,59,B,3256
2021/10/28,162,20:58,Thursday,DON MILLS AND BARBER G,Vision,30,60,W,8827
2021/10/28,66,21:05,Thursday,PARKLAWN AND DODDINGEO,Diversion,111,136,B,8439
2021/10/28,24,21:13,Thursday,VICTORIA PARK STATION,Operations - Operator,7,15,S,3113
2021/10/28,97,21:55,Thursday,YONGE AND YORK MILLS,Operations - Operator,30,60,S,8321
2021/10/28,960,22:01,Thursday,STEELES AND MARKBROOK,Mechanical,12,24,E,8168
2021/10/28,7,22:07,Thursday,BATHURST AND JOICEY,Diversion,98,103,B,9012
2021/10/28,53,22:09,Thursday,MORNINGSIDE AND FINCH,Operations - Operator,21,21,E,3139
2021/10/28,100,22:31,Thursday,MILLWOOD AND OVERLEA,Operations - Operator,10,20,S,8702
2021/10/28,53,22:48,Thursday,STEELES AND STAINES,Utilized Off Route,21,42,E,3200
2021/10/28,98,23:15,Thursday,STEELES AND YONGE,Operations - Operator,22,46,S,1364
2021/10/28,116,00:08,Thursday,KENNEDY AND KENMARK,Utilized Off Route,11,22,W,3469
2021/10/28,29,00:41,Thursday,DUFFERIN AND CASTLEFIE,Security,10,20,N,9037
2021/10/28,32,00:42,Thursday,EGLINTON AND KEELE,Operations - Operator,7,14,W,1345
2021/10/28,52,00:42,Thursday,LAWRENCE AND ROSEWELL,Security,14,28,W,3616
2021/10/28,999,00:48,Thursday,MCBRIEN BUILDING,Investigation,0,0,,0
2021/10/28,96,00:52,Thursday,WILSON AND DUFFERIN,Mechanical,20,39,E,1349
2021/10/28,329,01:02,Thursday,EXHIBITION LOOP,Security,30,60,N,9037
2021/10/28,320,01:23,Thursday,YONGE AND EGLINTON,Operations - Operator,5,0,S,8821
2021/10/28,329,01:47,Thursday,DUFFERIN AND STEELES,Operations - Operator,16,16,S,3595
2021/10/28,36,01:52,Thursday,HUMBERWOOD LOOP,Security,30,60,,9107
2021/10/29,320,03:05,Friday,YONGE AND GERRARD,Security,4,7,S,3285
2021/10/29,353,03:14,Friday,FINCH AND BALDOON,Emergency Services,0,0,W,3165
2021/10/29,324,03:19,Friday,VICTORIA PARK AND GERR,Diversion,141,171,S,0
2021/10/29,999,04:10,Friday,KENMARK AND KENNEDY,Utilized Off Route,0,0,,0
2021/10/29,43,05:32,Friday,KENNEDY AND ELLESMERE,Diversion,149,157,B,0
2021/10/29,135,05:35,Friday,GERRARD AND VICTORIA P,Diversion,180,200,B,0
2021/10/29,12,05:44,Friday,VICTORIA PARK AND GERR,Diversion,166,172,S,0
2021/10/29,24,05:59,Friday,VICTORIA PARK AND GERR,Diversion,151,166,S,0
2021/10/29,943,06:16,Friday,KENNEDY AND ELLESMERE,Diversion,65,75,B,0
2021/10/29,989,06:18,Friday,KEELE AND JUNCTION,Collision - TTC,0,0,N,1370
2021/10/29,,06:30,Friday,TRANSIT CONTROL,Vision,0,0,,0
2021/10/29,100,07:40,Friday,BROADVIEW AND HILLSIDE,Mechanical,0,0,S,8855
2021/10/29,943,07:58,Friday,MIDLAND AND PROGRESS,Operations - Operator,0,0,N,3260
2021/10/29,999,07:59,Friday,MT DENNIS GARAGE,Emergency Services,0,0,,9036
2021/10/29,36,08:06,Friday,FINCH AND KEELE,Collision - TTC,0,0,W,3711
2021/10/29,63,08:21,Friday,ATLANTIC AND KING,Operations - Operator,0,0,N,8122
2021/10/29,63,08:24,Friday,ATLANTIC AND KING,Vision,0,0,N,8125
2021/10/29,89,08:24,Friday,KEELE AND DUNDAS,Collision - TTC,0,0,S,8166
2021/10/29,112,08:48,Friday,KIPLING STATION,Security,0,0,,8021
2021/10/29,939,09:26,Friday,FINCH AND DON MILLS,Security,0,0,W,3145
2021/10/29,22,09:31,Friday,COXWELL STATION,Operations - Operator,0,0,,8504
2021/10/29,35,09:48,Friday,BLACK CREEK AND LAWREN,Collision - TTC,0,0,,1047
2021/10/29,39,10:22,Friday,FINCH AND MCCOWAN,Operations - Operator,0,0,,3280
2021/10/29,127,10:29,Friday,TOWNSLEY LOOP,Operations - Operator,0,0,,7944
2021/10/29,80,10:41,Friday,SHERWAY GARDENS LOOP,Operations - Operator,0,0,,7972
2021/10/29,36,10:45,Friday,HUMBERWOOD LOOP,Operations - Operator,0,0,,9118
2021/10/29,39,10:58,Friday,FINCH AND MCCOWAN,Operations - Operator,0,0,E,3227
2021/10/29,94,11:16,Friday,PARLIMAENT AND WELLESL,Security,0,0,N,8609
2021/10/29,124,12:55,Friday,WILSON DIVISION,Operations - Operator,0,0,,0
2021/10/29,32,12:56,Friday,EGLINTON AND KEELE,Operations - Operator,0,0,E,1123
2021/10/29,905,12:59,Friday,KENNEDY STATION,Operations - Operator,0,0,,9218
2021/10/29,97,13:02,Friday,YONGE AND EGLINTON,Mechanical,0,0,S,8316
2021/10/29,90,13:10,Friday,ST CLAIR WEST STATION,Operations - Operator,0,0,,8205
2021/10/29,65,13:17,Friday,CASTLE FRANK STATION,Operations - Operator,0,0,,8530
2021/10/29,960,13:37,Friday,MARTIN GROVE LOOP,Operations - Operator,0,0,,8342
2021/10/29,129,13:51,Friday,MCCOWAN AND MCNICOLL,Operations - Operator,0,0,N,3293
2021/10/29,11,14:27,Friday,DAVISVILLE STATION,Operations - Operator,0,0,,8784
2021/10/29,7,14:28,Friday,BATHURST STATION,Operations - Operator,0,0,,9006
2021/10/29,79,14:34,Friday,PINE AND LAWRENCE,Operations - Operator,0,0,N,1052
2021/10/29,32,14:43,Friday,PINE AND LAWRENCE,Operations - Operator,0,0,N,1100
2021/10/29,53,14:46,Friday,STEELES AND TAPSCOTT,Mechanical,0,0,,3122
2021/10/29,32,14:52,Friday,PINE AND LAWRENCE WEST,Operations - Operator,0,0,E,1127
2021/10/29,,14:55,Friday,DUFFERIN AND BLOOR,General Delay,0,0,,0
2021/10/29,84,14:55,Friday,ARROW GARAGE,Operations - Operator,0,0,N,3485
2021/10/29,116,15:08,Friday,MORNINGSIDE AND KINGST,Security,0,0,,0
2021/10/29,32,15:12,Friday,PINE AND LAWRENCE,Operations - Operator,0,0,N,1063
2021/10/29,52,15:18,Friday,LAWRENCE AND JANE,Operations - Operator,0,0,W,3622
2021/10/29,75,15:21,Friday,SHERBOURNE STATION,Operations - Operator,0,0,,8400
2021/10/29,953,15:30,Friday,FINCH STATION,Mechanical,0,0,,9089
2021/10/29,84,15:32,Friday,ARROW GARAGE,Operations - Operator,0,0,,3570
2021/10/29,75,15:33,Friday,SHERBOURNE AND BLOOR,Operations - Operator,0,0,N,8533
2021/10/29,26,15:35,Friday,ST GEORGE STATION,Mechanical,0,0,,8081
2021/10/29,43,15:38,Friday,KENNEDY AND PASSMORE,Operations - Operator,0,0,N,3218
2021/10/29,29,15:38,Friday,DUFFERIN AND ROGERS RO,Mechanical,0,0,S,9030
2021/10/29,97,16:07,Friday,BAY AND FRONT,Collision - TTC,0,0,S,8112
2021/10/29,37,16:54,Friday,REXDALE AND BERGAMOT,Diversion,360,380,,0
2021/10/29,600,17:08,Friday,FINCH AND DUNCANWOOD,Mechanical,0,0,W,8885
2021/10/29,941,17:22,Friday,MOUNT DENNIS DIVISION,Operations - Operator,0,0,,1261
2021/10/29,108,17:23,Friday,SHEPPARD WEST STATION,Operations - Operator,0,0,,3592
2021/10/29,939,17:36,Friday,FINCH AND KENNEDY,Operations - Operator,0,0,W,3304
2021/10/29,50,17:58,Friday,ISLINGTON STATION,Operations - Operator,0,0,S,7919
2021/10/29,165,18:02,Friday,ARROW ROAD GARAGE,Operations - Operator,0,0,,3609
2021/10/29,84,18:15,Friday,SHEPPARD AND WESTON,Operations - Operator,0,0,E,3615
2021/10/29,996,18:20,Friday,HUMBER COLLEGE,Operations - Operator,0,0,E,3513
2021/10/29,996,18:23,Friday,ARROW RD GARAGE,Operations - Operator,0,0,,3557
2021/10/29,952,18:28,Friday,ARROW GARAGE,Operations - Operator,0,0,E,3632
2021/10/29,36,18:34,Friday,FINCH WEST STATION,Security,0,0,,3488
2021/10/29,986,18:48,Friday,MEADOWVALE AND ELLESME,Investigation,0,0,S,1288
2021/10/29,45,18:49,Friday,KIPLING STATION,Operations - Operator,0,0,,1353
2021/10/29,32,18:55,Friday,PINE AND LAWRENCE,Mechanical,0,0,N,1401
2021/10/29,996,19:10,Friday,HUMBER COLLEGE,Operations - Operator,0,0,E,3530
2021/10/29,985,19:12,Friday,SHEPPARD AND WESTON,Operations - Operator,0,0,E,3513
2021/10/29,52,19:13,Friday,PEARSON AIRPRORT,Operations - Operator,0,0,E,3540
2021/10/29,36,19:13,Friday,FINCH WEST STATION,Operations - Operator,0,0,,9126
2021/10/29,84,19:14,Friday,SHEPPARD AND WESTON,Operations - Operator,0,0,E,3269
2021/10/29,952,19:15,Friday,PEARSON AIRPORT,Operations - Operator,0,0,E,0
2021/10/29,71,19:19,Friday,ROCKCLIFFE AND ALLIANC,Diversion,0,0,N,0
2021/10/29,600,19:26,Friday,MOUNT DENNIS DIVISION,Operations - Operator,0,0,,1115
2021/10/29,32,19:30,Friday,MOUNT DENNIS DIVISION,Operations - Operator,0,0,,0
2021/10/29,35,19:32,Friday,MOUNT DENNIS DIVISION,Operations - Operator,0,0,,1000
2021/10/29,116,20:05,Friday,KENNEDY STATION,Security,0,0,,3457
2021/10/29,939,20:11,Friday,FINCH STATION,Emergency Services,0,0,,3155
2021/10/29,96,20:22,Friday,KEELE AND WILSON,Security,0,0,W,3712
2021/10/29,94,20:30,Friday,PARLIAMENT AND ST JAME,Diversion,32,44,,0
2021/10/29,36,20:54,Friday,FINCH WEST STATION,Operations - Operator,0,0,,3488
2021/10/29,32,21:00,Friday,EGLINTON AND CALEDONIA,Security,0,0,E,1044
2021/10/29,927,21:57,Friday,HIGHWAY 427 AND EGLINT,Mechanical,0,0,N,3571
2021/10/29,32,22:08,Friday,RENFORTH STATION,Emergency Services,0,0,,1273
2021/10/29,39,22:32,Friday,LITTLES AND SEWELLS,Emergency Services,0,0,S,3309
2021/10/29,83,22:46,Friday,DONLANDS STATION,Operations - Operator,0,0,N,8529
2021/10/29,35,00:11,Friday,MT DENNIS DIVISION,Operations - Operator,0,0,,0
2021/10/29,BD,00:17,Friday,DUFFERIN STATION,Investigation,0,0,,0
2021/10/29,32,00:34,Friday,EGLINTON WEST STATION,Collision - TTC,0,0,,1359
2021/10/29,300,01:46,Friday,BLOOR AND RUNNYMEDE,Operations - Operator,0,0,E,7925
2021/10/30,,02:00,Saturday,TRANSIT CONTROL,Vision,0,0,,0
2021/10/30,44,02:50,Saturday,KIPLING AND LAKE SHORE,Emergency Services,0,0,S,7933
2021/10/30,,03:08,Saturday,QUEENSWAY DIVISION,Operations - Operator,0,0,,0
2021/10/30,320,04:33,Saturday,YONGE AND HENDON,Emergency Services,10,20,S,8621
2021/10/30,320,06:25,Saturday,YONGE AND KING,Emergency Services,0,0,S,8161
2021/10/30,196,06:29,Saturday,ARROW DIVISION,Operations - Operator,0,0,,3583
2021/10/30,984,06:39,Saturday,ARROW DIVISION,Operations - Operator,0,0,,3559
2021/10/30,984,06:41,Saturday,ARROW GARAGE,Operations - Operator,0,0,,3536
2021/10/30,165,06:43,Saturday,ARROW DIVISION,Operations - Operator,0,0,,3502
2021/10/30,165,06:44,Saturday,ARROW DIVISION,Operations - Operator,0,0,,3567
2021/10/30,84,06:46,Saturday,ARROW DIVISION,Operations - Operator,0,0,,8887
2021/10/30,9,06:50,Saturday,BIRCHMOUNT DIVISION,Operations - Operator,0,0,,0
2021/10/30,927,06:54,Saturday,ARROW DIVISON,Mechanical,0,0,,3573
2021/10/30,25,07:04,Saturday,DON MILLS AND BARBER G,Mechanical,0,0,S,8628
2021/10/30,39,07:57,Saturday,FINCH STATION,Emergency Services,0,0,,3182
2021/10/30,121,08:32,Saturday,THE ESPLANADE AND YONG,Collision - TTC,0,0,W,9208
2021/10/30,165,09:23,Saturday,BARMAC AND ORMONT,Collision - TTC,0,0,E,8900
2021/10/30,36,09:42,Saturday,FINCH AND MYLADY,Investigation,0,0,E,8878
2021/10/30,36,10:02,Saturday,ARROW DIVISION,Operations - Operator,0,0,,3563
2021/10/30,123,10:15,Saturday,NORTH AND THE QUEENSWA,Diversion,0,0,N,8075
2021/10/30,84,10:27,Saturday,SHEPPARD WEST STATION,Operations - Operator,0,0,,3357
2021/10/30,52,10:50,Saturday,ARROW DIVISION,Operations - Operator,0,0,,3552
2021/10/30,26,11:29,Saturday,ST. GEORGE STN,Mechanical,0,0,S,7942
2021/10/30,939,12:12,Saturday,FINCH STATION,Mechanical,0,0,E,3313
2021/10/30,52,12:45,Saturday,LAWRENCE AND RALPH,Collision - TTC,0,0,E,3564
2021/10/30,85,13:12,Saturday,SHEPPARD AND SCUNTHORP,Diversion,0,0,E,0
2021/10/30,60,13:12,Saturday,STEELES AND DUFFERIN,Security,0,0,,8331
2021/10/30,84,13:18,Saturday,WESTON AND BRADSTOCK,Emergency Services,0,0,E,3518
2021/10/30,95,13:41,Saturday,GISBURN AND PARKWOODS,Collision - TTC,0,0,E,1654
2021/10/30,161,13:48,Saturday,JANE AND ALLIANCE,Mechanical,0,0,W,1071
2021/10/30,86,14:12,Saturday,EGLINTON AND MIDLAND,Emergency Services,0,0,E,1309
2021/10/30,29,14:46,Saturday,DUFFERIN AND GLENBELLE,Collision - TTC,0,0,N,1365
2021/10/30,63,15:08,Saturday,OSSINGTON AND CHURCHIL,Diversion,0,0,S,1383
2021/10/30,54,15:09,Saturday,LAWRENCE EAST STATION,Emergency Services,0,0,E,8748
2021/10/30,79,15:18,Saturday,RUNNYMEDE STATION,Mechanical,0,0,N,1264
2021/10/30,36,15:58,Saturday,HUMBERWOOD LOOP,Mechanical,0,0,S,3609
2021/10/30,89,16:33,Saturday,WILSON STATION,Investigation,0,0,S,8202
2021/10/30,85,16:33,Saturday,DON MILLS STATION,Emergency Services,0,0,,3409
2021/10/30,20,16:34,Saturday,DANFORTH AND DAWES,Security,0,0,W,8617
2021/10/30,939,16:39,Saturday,SCARBOROUGH TOWN CENTR,Operations - Operator,0,0,,3292
2021/10/30,135,16:53,Saturday,CLONMORE AND QUEENSBUR,Mechanical,0,0,E,8415
2021/10/30,69,16:56,Saturday,WARDEN STATION,Mechanical,0,0,S,8953
2021/10/30,84,17:15,Saturday,SHEPPARD WEST STATION,Investigation,0,0,,3366
2021/10/30,7,17:23,Saturday,BATHURST STATION,Operations - Operator,0,0,S,9006
2021/10/30,68,18:19,Saturday,WARDEN STATION,Collision - TTC,0,0,N,3187
2021/10/30,905,18:21,Saturday,EGLINTON AND DANFORTH,Collision - TTC,0,0,W,8939
2021/10/30,57,18:22,Saturday,SILVER STAR AND MCNICO,Operations - Operator,0,0,S,3180
2021/10/30,927,18:39,Saturday,KIPLING STATION,Emergency Services,0,0,N,3573
2021/10/30,85,18:41,Saturday,SHEPPARD AND MARKHAM,Mechanical,0,0,W,1283
2021/10/30,43,19:15,Saturday,KENNEDY AND FORBES,Diversion,225,240,,0
2021/10/30,70,19:57,Saturday,WARDEN AND ST CLAIR,Security,0,0,N,8608
2021/10/30,59,20:15,Saturday,LAWRENCE WEST STATION,Mechanical,0,0,,8361
2021/10/30,12,20:49,Saturday,VICTORIA PARK STATION,Operations - Operator,0,0,S,8535
2021/10/30,43,21:28,Saturday,SCARBOROUGH CENTRE STA,Emergency Services,0,0,S,3162
2021/10/30,120,22:50,Saturday,NORTHOVER AND GILTSPUR,Road Blocked - NON-TTC Collision,27,57,S,3358
2021/10/30,9,00:28,Saturday,BELLAMY AND AMBERJACK,Collision - TTC,0,0,N,8958
2021/10/31,,02:00,Sunday,TRANSIT CONTROL,Vision,0,0,,0
2021/10/31,325,02:32,Sunday,PAPE AND COSBURN,Mechanical,22,52,N,8850
2021/10/31,320,02:38,Sunday,LAKE SHORE AND YONGE,Operations - Operator,0,0,E,9012
2021/10/31,324,03:20,Sunday,WARDEN AND STEELES LOO,Cleaning - Unsanitary,0,0,,9229
2021/10/31,41,04:28,Sunday,KEELE STATION,Security,0,0,,1100
2021/10/31,320,05:47,Sunday,BAY AND HARBOUR,Emergency Services,0,0,S,8539
2021/10/31,68,09:01,Sunday,WARDEN STATION,Operations - Operator,0,0,,3171
2021/10/31,32,11:26,Sunday,EGLINTON AND GLEN HAVE,Security,0,0,W,1072
2021/10/31,95,12:46,Sunday,YORKMILLS AND FENSIDE,Collision - TTC,0,0,E,3441
2021/10/31,,12:51,Sunday,JANE AND SPENVALLEY,Security,0,0,N,1031
2021/10/31,,13:28,Sunday,ELLESMERE SUBSTATION,Security,0,0,,837
2021/10/31,85,14:20,Sunday,DON MILLS STATION,Operations - Operator,0,0,,1317
2021/10/31,86,14:22,Sunday,KENNEDY STATION,Mechanical,0,0,,3457
2021/10/31,939,14:27,Sunday,FINCH AND WAYSIDE,Emergency Services,0,0,W,3285
2021/10/31,77,14:37,Sunday,RUNNYMEDE STATION,Operations - Operator,0,0,S,7954
2021/10/31,32,15:06,Sunday,EGLINTON STATION,Security,0,0,W,1402
2021/10/31,600,15:08,Sunday,ISLINGTON STATION,Emergency Services,0,0,,7974
2021/10/31,9,15:28,Sunday,BELLAMY AND PHARMBROOK,Emergency Services,0,0,,8608
2021/10/31,25,16:11,Sunday,DON MILLS AND SHEPPARD,Operations - Operator,0,0,S,8621
2021/10/31,36,17:37,Sunday,FINCH STATION,Security,0,0,W,3591
2021/10/31,32,19:10,Sunday,PINE AND LAWRENCE,Emergency Services,0,0,N,1201
2021/10/31,91,19:31,Sunday,UNDERHIL AND SHAWFIELD,Mechanical,0,0,N,8955
2021/10/31,,19:43,Sunday,WILSON GARAGE,Operations - Operator,0,0,,8340
2021/10/31,22,19:45,Sunday,COXWELL AND QUEEN,Investigation,0,0,N,8541
2021/10/31,22,22:08,Sunday,COXWELL AND QUEEN,Emergency Services,0,0,N,9211
2021/10/31,,22:15,Sunday,WARDEN STATION,Emergency Services,0,0,,9239
2021/10/31,21,22:37,Sunday,BRIMLEY AND ST ANDREWS,Emergency Services,0,0,N,3652
2021/10/31,32,22:41,Sunday,RENFORTH STATION,Investigation,0,0,,1423
2021/10/31,900,22:58,Sunday,KIPLING STATION,Cleaning - Unsanitary,0,0,,8004
2021/10/31,126,23:24,Sunday,ST CLAIR AND VAUGHAN,Emergency Services,0,0,E,8395
2021/10/31,56,23:40,Sunday,EGLINTON STATION,Mechanical,0,0,,8716
2021/10/31,165,00:43,Sunday,WILSON STATION,Emergency Services,0,0,,8909
