Report Date,Route,Time,Day,Location,Incident,Min Delay,Min Gap,Direction,Vehicle
2014/09/01,29,12:28:00 AM,Monday,Dufferin and Sylvan,Mechanical,11,22,s,9046
2014/09/01,52,12:55:00 AM,Monday,Airport rd / Victory,Investigation,30,60,w,1552
2014/09/01,39,1:38:00 AM,Monday,Finch/Longmore Street,Mechanical,10,201,WB,1098
2014/09/01,60,1:40:00 AM,Monday,York University Commons,Mechanical,20,40,E,7908
2014/09/01,39,1:55:00 AM,Monday,Finch Station,Mechanical,10,20,EB,1721
2014/09/01,308,2:30:00 AM,Monday,Nielson & Crow Trail,Mechanical,28,56,WB,1721
2014/09/01,300,2:48:00 AM,Monday,Bloor & Quebec,Mechanical,30,60,WB,7744
2014/09/01,308,4:30:00 AM,Monday,Nielson & Crow Trail,Mechanical,28,56,EB,1721
2014/09/01,86,4:55:00 AM,Monday,Eglinton Centre st,Diversion,555,563,eb,7644
2014/09/01,116,5:04:00 AM,Monday,Eglinton Centre st,Diversion,545,552,eb,7611
2014/09/01,72,5:18:00 AM,Monday,Pape Stn.,Late Leaving Garage,15,1,s,7847
2014/09/01,63,5:56:00 AM,Monday,King st,Utilized Off Route,12,24,n,1417
2014/09/01,7,6:10:00 AM,Monday,Bathurst stn,Utilized Off Route,12,24,n/b,8191
2014/09/01,35,6:20:00 AM,Monday,jane stn,Mechanical,12,24,n/b,1358
2014/09/01,133,6:20:00 AM,Monday,Malvern Garage,Investigation,12,24,E,1092
2014/09/01,97,6:24:00 AM,Monday,Yorkmill stn,Late Leaving Garage,24,34,n/b,9404
2014/09/01,53,6:34:00 AM,Monday,Malvern Garage,Mechanical,27,54,E,1147
2014/09/01,134,7:06:00 AM,Monday,Tapscott - Washburn,Mechanical,22,44,E,1105
2014/09/01,107,8:00:00 AM,Monday,Downsview stn,Mechanical,30,41,n/b,9444
2014/09/01,41,8:30:00 AM,Monday,Founders and Steeles,Mechanical,10,20,s,1657
2014/09/01,21,8:40:00 AM,Monday,STC,Mechanical,20,40,n,7685
2014/09/01,66,8:40:00 AM,Monday,OLD MILL STN,Mechanical,20,40,S,7323
2014/09/01,193,8:47:00 AM,Monday,Dundas w Stn,Late Leaving Garage,10,20,n,8300
2014/09/01,82,9:00:00 AM,Monday,Rosedale stn,Mechanical,20,28,e/b,8314
2014/09/01,29,9:05:00 AM,Monday,Dufferin and Eglinton,Investigation,7,16,n,9024
2014/09/01,75,9:14:00 AM,Monday,South dr and Glen,Utilized Off Route,20,40,s/b,1806
2014/09/01,29,9:55:00 AM,Monday,Dufferin and Florence,Diversion,190,195,s,8374
2014/09/01,193,10:00:00 AM,Monday,Dundas and Lansdowne,Diversion,185,195,s,8203
2014/09/01,65,10:17:00 AM,Monday,Parliament and Queen,Investigation,30,60,N,8126
2014/09/01,81,10:34:00 AM,Monday,Pape Station,Utilized Off Route,10,20,N,7742
2014/09/01,38,10:54:00 AM,Monday,Scar Town Centre Station,Mechanical,12,24,E,1744
2014/09/01,11,11:22:00 AM,Monday,Bayview and Steeles,Mechanical,20,40,s/b,8198
2014/09/01,85,11:32:00 AM,Monday,Sheppard - Warden,Mechanical,5,11,E,1082
2014/09/01,38,11:54:00 AM,Monday,Scar Town Centre Station,Mechanical,11,21,E,1744
2014/09/01,38,11:54:00 AM,Monday,Scar Town Centre Station,Mechanical,11,21,E,1744
2014/09/01,53,11:55:00 AM,Monday,Finch & Pharmacy,Mechanical,25,51,WB,1065
2014/09/01,52,12:00:00 PM,Monday,lawrence west stn,Late Leaving Garage,12,24,w/b,1278
2014/09/01,52,12:03:00 PM,Monday,lawrence and scarlett,Mechanical,12,24,w/b,1058
2014/09/01,199,12:04:00 PM,Monday,Finch station,Utilized Off Route,9,18,EB,1114
2014/09/01,7,12:04:00 PM,Monday,Bathurst stn,Utilized Off Route,9,18,n/b,8348
2014/09/01,73,12:07:00 PM,Monday,ROYAL YORK STN,Mechanical,15,30,N/B,8012
2014/09/01,190,12:10:00 PM,Monday,Scar Town Centre Station,Mechanical,11,21,W,1700
2014/09/01,90,12:15:00 PM,Monday,Vaughn and St Clair,Mechanical,18,26,NB/WB,8319
2014/09/01,90,12:15:00 PM,Monday,St Clair West Stn to Oakwood and Jesmond,General Delay,15,1,BW,
2014/09/01,52,12:18:00 PM,Monday,Lawrence stn,Late Leaving Garage,16,32,w/b,1524
2014/09/01,52,12:25:00 PM,Monday,lawrence stn,Mechanical,30,60,w,1508
2014/09/01,90,12:28:00 PM,Monday,Oakwood and Jesmond,Diversion,37,55,NB/WB,8364
2014/09/01,7,12:35:00 PM,Monday,Village Gate,Late Leaving Garage,7,15,s,8359
2014/09/01,40,12:36:00 PM,Monday,DUNDAS W STN,Mechanical,10,20,W/B,7322
2014/09/01,41,12:48:00 PM,Monday,keele and steeles,Mechanical,9,18,s/b,1620
2014/09/01,53,1:00:00 PM,Monday,Finch station to Staines & Morningside,General Delay,8,12,B/W,1776
2014/09/01,701,1:10:00 PM,Monday,Bathurst and Front,Investigation,30,60,s,8200
2014/09/01,86,1:10:00 PM,Monday,@ Celeste,Mechanical,8,16,Eb,7438
2014/09/01,69,1:16:00 PM,Monday,Danforth and Birchmount,Mechanical,10,20,E,8115
2014/09/01,32,1:34:00 PM,Monday,Pine and Lawrence,Mechanical,11,22,e,1612
2014/09/01,95,1:39:00 PM,Monday,YM Collegiate/York Mills Road,Mechanical,15,30,WB,1758
2014/09/01,40,1:40:00 PM,Monday,DUNDAS W STN,Mechanical,10,20,W/B,7345
2014/09/01,196,2:00:00 PM,Monday,Downsview Station,Mechanical,10,20,wb,9426
2014/09/01,199,2:10:00 PM,Monday,Finch station,Mechanical,9,18,EB,1116
2014/09/01,35,2:10:00 PM,Monday,steeles,Mechanical,21,42,e/bn/b,1271
2014/09/01,89,2:15:00 PM,Monday,rogers and weston,Mechanical,9,18,s/b,1631
2014/09/01,168,2:18:00 PM,Monday,`DUNDAS W STN,Mechanical,8,16,n/b,5540
2014/09/01,52,2:21:00 PM,Monday,lawrence west stn,Mechanical,16,32,e/b,1524
2014/09/01,199,2:22:00 PM,Monday,Scarborough Town Centre,Mechanical,9,18,WB,1739
2014/09/01,66,2:23:00 PM,Monday,OLD MILL STN,Mechanical,22,44,S/B,7333
2014/09/01,46,2:30:00 PM,Monday,martingrove and albion,Emergency Services,16,32,n/b,1309
2014/09/01,168,3:03:00 PM,Monday,DUNDAS W STN,Mechanical,9,18,n/b,7339
2014/09/01,29,3:28:00 PM,Monday,Wilson station,Mechanical,3,6,S,8300
2014/09/01,54,3:37:00 PM,Monday,Lawrence and Centenial,Emergency Services,15,30,WB,7424
2014/09/01,85,3:42:00 PM,Monday,Toronto Zoo,Mechanical,5,10,WB,1138
2014/09/01,133,3:45:00 PM,Monday,Morningside Avenue & Staines,Mechanical,10,20,WB,1149
2014/09/01,106,3:51:00 PM,Monday,Sentinel and Bond,Mechanical,10,20,nb,8303
2014/09/01,29,4:03:00 PM,Monday,N/b Dufferin and St.Clair,Investigation,3,6,N,9009
2014/09/01,35,4:35:00 PM,Monday,jane and wilson,Mechanical,19,38,e/b,7903
2014/09/01,116,4:47:00 PM,Monday,Guildwood pkwy,Emergency Services,7,14,w,7473
2014/09/01,24,5:00:00 PM,Monday,Victoria Park Stn,Mechanical,7,14,S,7682
2014/09/01,193,5:11:00 PM,Monday,Dundas west station,Mechanical,17,35,E,8378
2014/09/01,84,5:30:00 PM,Monday,sheppard stn,Mechanical,7,14,e/bn/b,1272
2014/09/01,165,5:40:00 PM,Monday,wilson,Mechanical,10,20,e/bn/b,1243
2014/09/01,192,5:53:00 PM,Monday,Dundas at Eastmall Cres.,Mechanical,8,16,N,8010
2014/09/01,52,5:59:00 PM,Monday,Caledonia and Lawrence,Mechanical,16,32,w/b,1552
2014/09/01,84,6:30:00 PM,Monday,bradstock,Mechanical,7,14,e/b,1257
2014/09/01,63,6:45:00 PM,Monday,Eglinton West Station,Emergency Services,8,16,s,1245
2014/09/01,86,6:47:00 PM,Monday,Kennedy station,Mechanical,8,16,e,7418
2014/09/01,54,7:00:00 PM,Monday,lawrence and Morningside,Investigation,15,31,WB,7444
2014/09/01,107,7:28:00 PM,Monday,Keele and Teston,Mechanical,16,1,s,8363
2014/09/01,106,7:30:00 PM,Monday,The Commons,Utilized Off Route,15,30,s,8364
2014/09/01,196,8:00:00 PM,Monday,Downsview Station,Utilized Off Route,15,30,n,8342
2014/09/01,6,9:00:00 PM,Monday,Davenport / Dupont,Mechanical,17,24,n,1676
2014/09/01,106,9:00:00 PM,Monday,Downsview Station,Mechanical,15,30,s,8214
2014/09/01,37,9:48:00 PM,Monday,Steeles & Islington Loop,Mechanical,20,40,S,1419
2014/09/01,16,11:02:00 PM,Monday,Warden Stn,Investigation,30,60,E,7443
2014/09/01,70,11:09:00 PM,Monday,Warden Station,Investigation,30,60,EB,7443
2014/09/01,102,11:13:00 PM,Monday,Markham & Bur Oak,Investigation,72,87,S,7762
2014/09/02,112,12:00:00 AM,Tuesday,Kipling Stn,Mechanical,18,36,n/b,8015
2014/09/02,35,12:10:00 AM,Tuesday,Jane & Finch,Mechanical,10,20,N,1261
2014/09/02,46,12:24:00 AM,Tuesday,Martingrove and The Westway,Mechanical,30,60,N,1308
2014/09/02,73,12:24:00 AM,Tuesday,Albion at Silverstone,Investigation,30,60,S,7346
2014/09/02,76,1:00:00 AM,Tuesday,Royal York Station,Utilized Off Route,15,30,S,7306
2014/09/02,35,1:45:00 AM,Tuesday,Jane Station,Utilized Off Route,27,45,N,1354
2014/09/02,303,4:08:00 AM,Tuesday,Don Mills & Sheppard,Mechanical,30,60,SB,7519
2014/09/02,45,5:02:00 AM,Tuesday,KIPLING STATION,Mechanical,30,60,N,8052
2014/09/02,108,5:05:00 AM,Tuesday,Jane and Driftwood,Mechanical,20,0,S,1371
2014/09/02,91,5:08:00 AM,Tuesday,Woodbine and O'Connor,Mechanical,21,42,N/B,7866
2014/09/02,35,5:11:00 AM,Tuesday,Hullmar & Jane,Late Leaving Garage,19,23,S,1373
2014/09/02,46,5:18:00 AM,Tuesday,Steele M/grove loop,Mechanical,15,30,s,7939
2014/09/02,39,5:22:00 AM,Tuesday,Finch & Baldoon,Late Leaving Garage,5,9,EB,7083
2014/09/02,45,5:22:00 AM,Tuesday,KIPLING & STEELES,Mechanical,10,20,S,8020
2014/09/02,102,5:27:00 AM,Tuesday,Warden stn,Late Leaving Garage,13,1,N/B,7688
2014/09/02,89,5:30:00 AM,Tuesday,Keele stn.,Mechanical,12,27,n/b,1678
2014/09/02,53,5:36:00 AM,Tuesday,Passmore and Markham,Mechanical,5,10,w,7098
2014/09/02,32,5:40:00 AM,Tuesday,Eglinton at Keele,Mechanical,10,25,w/b,1654
2014/09/02,71,5:45:00 AM,Tuesday,Guns loop at Guns loop,Mechanical,10,0,s/b,1287
2014/09/02,191,5:50:00 AM,Tuesday,Martin Grove,Mechanical,5,10,s,7914
2014/09/02,36,5:50:00 AM,Tuesday,Finch and Oakdale,Mechanical,10,23,E,7228
2014/09/02,85,5:50:00 AM,Tuesday,Sheppard and Hwy 404,Mechanical,8,23,W,1094
2014/09/02,39,5:53:00 AM,Tuesday,Finch & Baldoon,Late Leaving Garage,4,9,EB,7125
2014/09/02,59,5:55:00 AM,Tuesday,Lawrence West Station,Late Leaving Garage,10,20,W,1237
2014/09/02,63,5:58:00 AM,Tuesday,Eglinton west stn,Emergency Services,13,26,s/b,1627
2014/09/02,95,5:58:00 AM,Tuesday,Kingston rd loop,Late Leaving Garage,7,14,W,1065
2014/09/02,116,5:59:00 AM,Tuesday,kingston rd and eglinton,Mechanical,12,0,e,7441
2014/09/02,67,6:01:00 AM,Tuesday,Eglinton Pharmacy,Mechanical,18,26,sb,7454
2014/09/02,116,6:11:00 AM,Tuesday,morish and ellesmere,Mechanical,22,0,e,7613
2014/09/02,25,6:14:00 AM,Tuesday,Duncan Mills,Mechanical,10,20,SB,7517
2014/09/02,109,6:15:00 AM,Tuesday,Laaw. West stn,Late Leaving Garage,12,24,s/b,8205
2014/09/02,39,6:18:00 AM,Tuesday,Finch station,Late Leaving Garage,4,7,EB,7072
2014/09/02,96,6:20:00 AM,Tuesday,Bator/Atrrow,Mechanical,25,50,s,7201
2014/09/02,35,6:20:00 AM,Tuesday,Finch & Arrow,Late Leaving Garage,12,12,E,1702
2014/09/02,191,6:23:00 AM,Tuesday,Martin grove,Mechanical,5,10,s,7908
2014/09/02,34,6:29:00 AM,Tuesday,Kennedy Stn,Late Leaving Garage,4,8,WB,7422
2014/09/02,120,6:30:00 AM,Tuesday,Giltspur and Jane,Mechanical,30,60,E,1382
2014/09/02,54,6:32:00 AM,Tuesday,Eglinton stn,Mechanical,6,12,eb,7432
2014/09/02,60,6:33:00 AM,Tuesday,Signet Drive on Steeles,Mechanical,7,14,E,1281
2014/09/02,125,6:36:00 AM,Tuesday,Antibies and Bathurst,Late Leaving Garage,6,12,e/b,8210
2014/09/02,54,6:36:00 AM,Tuesday,Eglinton stn,Mechanical,4,8,eb,7599
2014/09/02,88,6:36:00 AM,Tuesday,St Clair Stn,Late Leaving Garage,16,28,EB,8308
2014/09/02,91,6:37:00 AM,Tuesday,Woodbine stn,Late Leaving Garage,18,36,N/B,7851
2014/09/02,96,6:37:00 AM,Tuesday,Woodbine Downs,Mechanical,15,30,w,7239
2014/09/02,160,6:40:00 AM,Tuesday,Wilson stn,Mechanical,20,40,n/b,8209
2014/09/02,73,6:40:00 AM,Tuesday,Royal York stn,Mechanical,15,30,s,8003
2014/09/02,32,6:41:00 AM,Tuesday,Eglinton Stn.,Mechanical,5,10,e/b,1584
2014/09/02,71,6:44:00 AM,Tuesday,windermere and Windermere,Mechanical,9,18,N/B,1584
2014/09/02,196,6:47:00 AM,Tuesday,Downsview stn,Mechanical,5,10,n,9427
2014/09/02,195,6:50:00 AM,Tuesday,Jane & Steeles,Late Leaving Garage,10,20,S,1305
2014/09/02,96,6:51:00 AM,Tuesday,keele/Wilson,Mechanical,18,36,e,1380
2014/09/02,95,6:51:00 AM,Tuesday,York Mills stn,Mechanical,3,0,e,1128
2014/09/02,60,6:53:00 AM,Tuesday,Finch Station,Mechanical,13,26,W,1282
2014/09/02,23,6:55:00 AM,Tuesday,Main Station,Late Leaving Garage,5,10,W,7847
2014/09/02,125,6:55:00 AM,Tuesday,Antibies and Bathurst,Late Leaving Garage,7,14,e/b,8218
2014/09/02,34,6:57:00 AM,Tuesday,Eglinton Ave & DVP,Mechanical,4,8,WB,7573
2014/09/02,125,6:57:00 AM,Tuesday,ANTIBES,Late Leaving Garage,8,16,e,8218
2014/09/02,51,6:59:00 AM,Tuesday,Eglinton stn,Mechanical,14,28,n/b,8374
2014/09/02,7,7:00:00 AM,Tuesday,Steeles to Bathurst stn,General Delay,20,29,b/w,
2014/09/02,160,7:00:00 AM,Tuesday,Clark to Wilson stn,General Delay,15,36,b/w,
2014/09/02,125,7:03:00 AM,Tuesday,Antibes,Mechanical,8,16,e,8353
2014/09/02,106,7:04:00 AM,Tuesday,Dwn stn,Mechanical,7,14,n,9418
2014/09/02,196,7:05:00 AM,Tuesday,Downsview stn,Mechanical,3,6,n,9401
2014/09/02,54,7:08:00 AM,Tuesday,Star Spray Loop,Mechanical,9,18,wb,7414
2014/09/02,191,7:08:00 AM,Tuesday,Martin Grove,Mechanical,5,10,s,7654
2014/09/02,46,7:15:00 AM,Tuesday,Martin Grove,Mechanical,10,20,s,1275
2014/09/02,100,7:16:00 AM,Tuesday,Don Mills Eglinton,Utilized Off Route,4,8,SB,7652
2014/09/02,196,7:20:00 AM,Tuesday,Commons,Mechanical,4,8,s,8185
2014/09/02,34,7:21:00 AM,Tuesday,Eglinton Ave & Victoria Park Ave,Mechanical,4,8,WB,7580
2014/09/02,41,7:23:00 AM,Tuesday,York Univ. Commons,Mechanical,15,30,SB,1673
2014/09/02,145,7:24:00 AM,Tuesday,Kipling and Lakeshore,Late Leaving Garage,30,60,s,8053
2014/09/02,96,7:24:00 AM,Tuesday,Woodbine Downs,Mechanical,30,60,s,1342
2014/09/02,144,7:25:00 AM,Tuesday,Concord Place,Mechanical,1,1,SB,7548
2014/09/02,54,7:26:00 AM,Tuesday,Star Spray Loop,Mechanical,9,18,wb,7424
2014/09/02,41,7:30:00 AM,Tuesday,Keele stn,Mechanical,8,16,n/b,1631
2014/09/02,33,7:30:00 AM,Tuesday,Castlefield to St.Clair west,General Delay,10,26,b/w,
2014/09/02,36,7:30:00 AM,Tuesday,Finch West route,General Delay,16,22,B,1329
2014/09/02,109,7:30:00 AM,Tuesday,Neptune to Eglinton westr stn,General Delay,15,27,b/w,
2014/09/02,24,7:32:00 AM,Tuesday,VP STATION,Late Leaving Garage,6,11,N,7842
2014/09/02,60,7:33:00 AM,Tuesday,Signal Hill,Mechanical,7,14,E,1241
2014/09/02,36,7:45:00 AM,Tuesday,Yorkgate & Finch W,Mechanical,4,8,WB,1261
2014/09/02,85,7:47:00 AM,Tuesday,Sheppard and Markham rd,Mechanical,4,8,W,1711
2014/09/02,11,7:47:00 AM,Tuesday,Steeles and Bayview,Late Leaving Garage,6,12,s/b,8174
2014/09/02,35,7:51:00 AM,Tuesday,Jane Station,Mechanical,10,20,N,1564
2014/09/02,143,7:55:00 AM,Tuesday,Nevelle loop,General Delay,7,1,w/B,
2014/09/02,87,7:55:00 AM,Tuesday,MAIN STATION,Mechanical,10,20,W,7786
2014/09/02,95,7:58:00 AM,Tuesday,York Mills stn,Mechanical,10,20,e,1082
2014/09/02,191,8:00:00 AM,Tuesday,Humber College,General Delay,15,30,B/W,
2014/09/02,86,8:00:00 AM,Tuesday,scarborough route,General Delay,10,0,b/w,
2014/09/02,24,8:00:00 AM,Tuesday,VICTORIA PARK ROUTE,General Delay,30,1,BW,
2014/09/02,70,8:00:00 AM,Tuesday,Coxwell stn to Eglinto and to Warden stn,General Delay,15,35,bw,
2014/09/02,165,8:00:00 AM,Tuesday,Weston North service,General Delay,18,24,B,
2014/09/02,116,8:00:00 AM,Tuesday,morningside route,General Delay,10,1,b/w,
2014/09/02,96,8:00:00 AM,Tuesday,Wilson Route,General Delay,12,24,B/W,
2014/09/02,29,8:02:00 AM,Tuesday,Wilson Stn,Mechanical,7,14,SB,9032
2014/09/02,44,8:06:00 AM,Tuesday,KIPLING STATION,Mechanical,4,8,S,8030
2014/09/02,46,8:08:00 AM,Tuesday,Martin grove,Utilized Off Route,10,20,S,1288
2014/09/02,52,8:10:00 AM,Tuesday,Bathurst and Lawrence,Mechanical,12,24,e,1221
2014/09/02,73,8:12:00 AM,Tuesday,Royal york and Dixon,Mechanical,15,30,s,7328
2014/09/02,54,8:15:00 AM,Tuesday,Lawrence rt,Mechanical,9,18,eb,7424
2014/09/02,35,8:24:00 AM,Tuesday,Jane & Chalkfarm,Mechanical,10,20,S,1228
2014/09/02,5,8:30:00 AM,Tuesday,Avenue rd and Queenspark,General Delay,30,60,s/b,
2014/09/02,64,8:34:00 AM,Tuesday,Queen and Wineva,Utilized Off Route,8,16,N,8123
2014/09/02,62,8:37:00 AM,Tuesday,Doncaster and Main,Mechanical,16,32,W,7755
2014/09/02,196,8:46:00 AM,Tuesday,Downsview stn,Mechanical,5,10,n,9437
2014/09/02,57,8:50:00 AM,Tuesday,Midland route,General Delay,11,1,B/W,
2014/09/02,11,8:58:00 AM,Tuesday,Davisville stn,Mechanical,12,24,n/b,8304
2014/09/02,39,9:00:00 AM,Tuesday,Finch station to Neilson & Crow Trail,General Delay,10,14,B/W,7000
2014/09/02,199,9:00:00 AM,Tuesday,Finch station to Scarborough Town Centre,General Delay,12,18,B/W,7081
2014/09/02,123,9:04:00 AM,Tuesday,North Queen/Atomic,Mechanical,18,36,s/b,7965
2014/09/02,29,9:10:00 AM,Tuesday,Wilson Stn,Late Leaving Garage,4,8,SB,9025
2014/09/02,86,9:10:00 AM,Tuesday,kennedy stn,Mechanical,5,10,e,7480
2014/09/02,70,9:15:00 AM,Tuesday,Coxwell stn,Utilized Off Route,1,1,eb,7648
2014/09/02,35,9:15:00 AM,Tuesday,Jane & Murray Ross,Late Leaving Garage,10,20,E,1316
2014/09/02,32,9:18:00 AM,Tuesday,Eglinton at Ennerdale,Investigation,13,26,WB,1557
2014/09/02,172,9:30:00 AM,Tuesday,Cherry street route,General Delay,12,1,B/w,
2014/09/02,72,9:30:00 AM,Tuesday,Pape route,General Delay,10,1,B/W,
2014/09/02,96,9:37:00 AM,Tuesday,Keele/Wilson,Investigation,18,36,S,1415
2014/09/02,35,9:55:00 AM,Tuesday,Steeles & Jane,Mechanical,8,16,S,1419
2014/09/02,129,9:55:00 AM,Tuesday,STC Station,Mechanical,5,10,51572,1772
2014/09/02,38,10:23:00 AM,Tuesday,U of T Scarbrough,Mechanical,7,13,w,1104
2014/09/02,35,10:30:00 AM,Tuesday,Jane & Sheppard,Mechanical,10,20,S,1375
2014/09/02,172,10:37:00 AM,Tuesday,Parliament and Front,Diversion,2430,2650,w,7830
2014/09/02,53,10:37:00 AM,Tuesday,Steeles and Lauraleaf,Mechanical,6,29,w,7118
2014/09/02,105,10:45:00 AM,Tuesday,downsview Stn,Mechanical,15,30,s,9415
2014/09/02,53,10:49:00 AM,Tuesday,Finch Station,Utilized Off Route,5,17,e,7054
2014/09/02,87,11:00:00 AM,Tuesday,Main Station,Mechanical,12,24,W,7756
2014/09/02,68,11:00:00 AM,Tuesday,68 Warden Route,General Delay,22,32,BW,
2014/09/02,24,11:00:00 AM,Tuesday,VP ROUTE,General Delay,20,1,BW,
2014/09/02,67,11:00:00 AM,Tuesday,Eglinton & Rannock,General Delay,10,20,SB,
2014/09/02,53,11:00:00 AM,Tuesday,Finch Station to Morningside and Staines,General Delay,18,8,bw,
2014/09/02,126,11:00:00 AM,Tuesday,entire route,General Delay,1,1,b/w,1300
2014/09/02,41,11:00:00 AM,Tuesday,Entire route,General Delay,15,30,b/w,
2014/09/02,29,11:07:00 AM,Tuesday,"Dufferin, south of Wilson",Mechanical,4,8,NB,9015
2014/09/02,97,11:18:00 AM,Tuesday,Steeles and Hilda,Investigation,30,60,S,8301
2014/09/02,106,11:21:00 AM,Tuesday,Downsview Stn,Mechanical,2,4,w,8375
2014/09/02,14,11:25:00 AM,Tuesday,Davisville stn,Mechanical,24,48,w\,1500
2014/09/02,112,11:27:00 AM,Tuesday,RENFORTH & EGLINGTON,Investigation,20,40,N,7974
2014/09/02,37,11:27:00 AM,Tuesday,Bergamot and Islington,Mechanical,16,32,N,1328
2014/09/02,196,11:28:00 AM,Tuesday,Sheppard Stn,Mechanical,8,16,w,9434
2014/09/02,106,11:28:00 AM,Tuesday,York U,Mechanical,10,20,s,9446
2014/09/02,38,11:31:00 AM,Tuesday,Ellesmere and Neilson,Mechanical,6,13,w,1144
2014/09/02,196,11:33:00 AM,Tuesday,Downsview Stn,Mechanical,2,5,w,9422
2014/09/02,196,11:40:00 AM,Tuesday,Downsview Stn,Mechanical,2,4,w,8203
2014/09/02,196,11:56:00 AM,Tuesday,Downsview Stn,Mechanical,8,16,e,8165
2014/09/02,107,12:00:00 PM,Tuesday,Rivermede to Sheppard,General Delay,30,35,b,
2014/09/02,105,12:00:00 PM,Tuesday,Rutherford to Sheppard Ave,General Delay,25,40,b,
2014/09/02,36,12:00:00 PM,Tuesday,Islington and Finch,Investigation,5,10,W,1269
2014/09/02,191,12:07:00 PM,Tuesday,Kipling Station,Mechanical,5,10,n,7908
2014/09/02,90,12:18:00 PM,Tuesday,St Clair wstn,Mechanical,8,16,e,9430
2014/09/02,199,12:22:00 PM,Tuesday,Finch & Seneca,Mechanical,5,9,WB,7073
2014/09/02,196,12:23:00 PM,Tuesday,Downsview Stn,Mechanical,2,4,w,9417
2014/09/02,102,12:28:00 PM,Tuesday,Markham rd. @ Blakemanor blvd.,Mechanical,14,28,n/b,8128
2014/09/02,95,12:30:00 PM,Tuesday,Entire Route,General Delay,15,0,BW,
2014/09/02,37,12:35:00 PM,Tuesday,Islington/Rexdale,Mechanical,8,16,S,1290
2014/09/02,123,12:39:00 PM,Tuesday,North Queen at East Mall,Investigation,18,36,nb,7962
2014/09/02,21,12:44:00 PM,Tuesday,Scarborough Town center,Mechanical,14,28,N,8122
2014/09/02,11,12:45:00 PM,Tuesday,Bayview at Fleming,Mechanical,11,21,nb,8195
2014/09/02,49,12:46:00 PM,Tuesday,Westmall and Bloor,Mechanical,15,30,n,8020
2014/09/02,85,1:00:00 PM,Tuesday,Entire Route,General Delay,12,19,B/W's,
2014/09/02,35,1:00:00 PM,Tuesday,Jane and Harding,Mechanical,8,16,S,1316
2014/09/02,34,1:00:00 PM,Tuesday,Leslie to Bayview,General Delay,30,40,BW,
2014/09/02,86,1:00:00 PM,Tuesday,86 Scarborough,General Delay,10,15,BW,
2014/09/02,116,1:00:00 PM,Tuesday,116 Morningside Route,General Delay,15,38,BW,
2014/09/02,39,1:00:00 PM,Tuesday,FSTN -  NECR/MOFI,General Delay,25,31,B/W's,
2014/09/02,199,1:00:00 PM,Tuesday,Stc - Finch Station B/W's,General Delay,25,30,B/W's,
2014/09/02,25,1:03:00 PM,Tuesday,@ Duncan Mills,Investigation,6,12,SB,7628
2014/09/02,102,1:05:00 PM,Tuesday,Warden station,Utilized Off Route,14,28,n/b,7772
2014/09/02,32,1:05:00 PM,Tuesday,Eglinton w stn,Mechanical,13,26,E,1563
2014/09/02,86,1:06:00 PM,Tuesday,Eglinton and Barbados,Mechanical,30,60,E,7560
2014/09/02,42,1:30:00 PM,Tuesday,Finch Station,Mechanical,12,24,E,8201
2014/09/02,5,1:30:00 PM,Tuesday,Eglinton Station to Elm/Queens Park,General Delay,15,1,bw,
2014/09/02,88,1:39:00 PM,Tuesday,St.Clair Station,Mechanical,30,60,E,8306
2014/09/02,199,1:44:00 PM,Tuesday,Sheppard/McCowan,Mechanical,4,8,EB,7089
2014/09/02,68,1:54:00 PM,Tuesday,Eglinton & Warden,Mechanical,39,78,NB,7401
2014/09/02,43,1:55:00 PM,Tuesday,Kennedy and Huntingwood,Mechanical,12,24,55103,7615
2014/09/02,47,2:00:00 PM,Tuesday,entire route,General Delay,15,50,b/w,
2014/09/02,61,2:00:00 PM,Tuesday,Bombay Loop to Eglinton Station,General Delay,15,1,bw,
2014/09/02,15,2:00:00 PM,Tuesday,Entire route,General Delay,15,28,bw,
2014/09/02,84,2:00:00 PM,Tuesday,Entire 84 Sheppard Ave West Route,General Delay,17,34,B/W,
2014/09/02,25,2:00:00 PM,Tuesday,Pape Station to Freshmeadow,General Delay,10,17,BW,
2014/09/02,161,2:00:00 PM,Tuesday,entire route,General Delay,17,50,b/w,
2014/09/02,12,2:00:00 PM,Tuesday,Kingston Road,General Delay,10,1,B/W,
2014/09/02,57,2:00:00 PM,Tuesday,Midland Route,General Delay,15,1,B/W,
2014/09/02,89,2:00:00 PM,Tuesday,entire route,General Delay,8,15,b/w,
2014/09/02,172,2:00:00 PM,Tuesday,Cherry Street Route,General Delay,20,1,B/W,
2014/09/02,46,2:00:00 PM,Tuesday,Entire 46 Martin Grove Route,General Delay,7,14,B/W,
2014/09/02,123,2:00:00 PM,Tuesday,Entire route,General Delay,20,16,bw,
2014/09/02,37,2:00:00 PM,Tuesday,Entire 37 Islington Route,General Delay,10,20,B/W,
2014/09/02,111,2:00:00 PM,Tuesday,Entire route,General Delay,20,15,bw,
2014/09/02,91,2:01:00 PM,Tuesday,Victoria Parjk & Sloane,Investigation,23,46,S/b,8115
2014/09/02,38,2:10:00 PM,Tuesday,Lawson Rd and Centenial Rd,Mechanical,12,24,e,1144
2014/09/02,196,2:17:00 PM,Tuesday,Downsview stn,Mechanical,2,4,n,9442
2014/09/02,32,2:26:00 PM,Tuesday,Eglinton stn,Mechanical,8,16,20,1594
2014/09/02,47,2:27:00 PM,Tuesday,Lansdowne stn,Investigation,15,30,s/b,1585
2014/09/02,191,2:30:00 PM,Tuesday,hwy 427     dundas to eglinton,General Delay,12,18,bw,
2014/09/02,117,2:30:00 PM,Tuesday,Dufferin and Martin Ross,Diversion,285,297,w,8374
2014/09/02,117,2:30:00 PM,Tuesday,Dufferin and Martin Ross,Diversion,1,1,w,8378
2014/09/02,96,2:30:00 PM,Tuesday,wilson stn / transit rd,General Delay,18,36,bw,
2014/09/02,47,2:30:00 PM,Tuesday,St Clair and Lansdowne,Mechanical,13,26,s/b,1010
2014/09/02,25,2:31:00 PM,Tuesday,Eglinton Garage,Utilized Off Route,4,9,NB,7516
2014/09/02,45,2:35:00 PM,Tuesday,Garage,Mechanical,10,20,n,8054
2014/09/02,84,2:38:00 PM,Tuesday,Jane and Steeles Ave West,Mechanical,14,1,S,1386
2014/09/02,160,2:40:00 PM,Tuesday,N/B Bathurst and Finch,Diversion,15,40,N,8209
2014/09/02,110,2:40:00 PM,Tuesday,Horner just south of Judson,Mechanical,11,23,nb,7341
2014/09/02,25,2:40:00 PM,Tuesday,Don Mills Station,Utilized Off Route,3,6,N,7604
2014/09/02,115,2:40:00 PM,Tuesday,york Mills and Cedarwood,Mechanical,20,40,e,8312
2014/09/02,7,2:45:00 PM,Tuesday,N/b Bathurst and finch,Diversion,19,10,N,9048
2014/09/02,129,2:45:00 PM,Tuesday,STC STN,Mechanical,4,9,N,1100
2014/09/02,196,2:45:00 PM,Tuesday,Downsview Stn,Mechanical,2,4,n,9403
2014/09/02,88,2:47:00 PM,Tuesday,St.Clair stn,Mechanical,15,30,e/b,8347
2014/09/02,68,2:49:00 PM,Tuesday,Eglinton Garage,Late Leaving Garage,7,14,NB,7451
2014/09/02,110,2:50:00 PM,Tuesday,137 Horner Ave and Judson St,Emergency Services,11,23,N,7341
2014/09/02,34,2:51:00 PM,Tuesday,Eglinton and Lebovic,Late Leaving Garage,8,16,WB,7435
2014/09/02,38,2:52:00 PM,Tuesday,Ellesmere and Markham,Mechanical,6,12,W,1396
2014/09/02,89,2:55:00 PM,Tuesday,Weston rd / lambton,Investigation,8,15,n,1598
2014/09/02,191,2:57:00 PM,Tuesday,dundas at eastmall,Mechanical,8,16,n,7942
2014/09/02,52,2:58:00 PM,Tuesday,Lawrence stn,Late Leaving Garage,5,16,w/b,1262
2014/09/02,68,2:58:00 PM,Tuesday,Eglinton Garage,Late Leaving Garage,7,14,SB,7423
2014/09/02,56,2:59:00 PM,Tuesday,Donlands and Plains,Investigation,32,51,nb,1820
2014/09/02,196,3:00:00 PM,Tuesday,Downsview Stn,Mechanical,3,6,n,9404
2014/09/02,94,3:00:00 PM,Tuesday,Queens Park Cirlce and Wellesley,General Delay,15,0,b/w,
2014/09/02,60,3:00:00 PM,Tuesday,Finch Stn to Signal Hill,General Delay,65,40,BW,
2014/09/02,120,3:00:00 PM,Tuesday,wislon stn,General Delay,2,2,b/w,1323
2014/09/02,35,3:00:00 PM,Tuesday,Jane route,General Delay,20,28,B,1362
2014/09/02,72,3:00:00 PM,Tuesday,Pape Route,General Delay,15,1,B/W,
2014/09/02,59,3:00:00 PM,Tuesday,Maple leaf route,General Delay,20,32,B,
2014/09/02,56,3:00:00 PM,Tuesday,Eglinton Station to Donlands Station,General Delay,15,1,bw,
2014/09/02,195,3:00:00 PM,Tuesday,Jane rocket route,General Delay,30,40,B,7931
2014/09/02,84,3:01:00 PM,Tuesday,Sheppard Stn,Mechanical,21,40,W,1260
2014/09/02,196,3:01:00 PM,Tuesday,Downsview stn,Mechanical,3,6,n,9423
2014/09/02,191,3:04:00 PM,Tuesday,humbercollege at finch,Mechanical,4,9,n,7911
2014/09/02,42,3:04:00 PM,Tuesday,Finch stn,Late Leaving Garage,11,22,e/b,8372
2014/09/02,31,3:07:00 PM,Tuesday,GREENWOOD STN,Late Leaving Garage,8,15,S,8163
2014/09/02,116,3:09:00 PM,Tuesday,Eglinton and Markham,Investigation,10,20,N,7445
2014/09/02,46,3:10:00 PM,Tuesday,Nothing Hill and Martin Grove,Mechanical,10,20,N,7953
2014/09/02,35,3:10:00 PM,Tuesday,Jane station,Mechanical,5,10,N,1225
2014/09/02,25,3:11:00 PM,Tuesday,Overlea and Don Mills Road,General Delay,5,9,WB,
2014/09/02,32,3:11:00 PM,Tuesday,55Emmett,Mechanical,8,16,E,1224
2014/09/02,95,3:12:00 PM,Tuesday,Ellesmere and Brimley,Mechanical,8,16,EB,1391
2014/09/02,25,3:15:00 PM,Tuesday,Don Mills and Freshmeadow,Mechanical,4,8,N,
2014/09/02,66,3:16:00 PM,Tuesday,OLD MILL STN,Mechanical,15,30,s/b,8036
2014/09/02,116,3:18:00 PM,Tuesday,Guildwood and Kingston Road,Late Leaving Garage,3,11,N,7521
2014/09/02,116,3:19:00 PM,Tuesday,Kennedy Stn.,Late Leaving Garage,16,32,N,7545
2014/09/02,36,3:20:00 PM,Tuesday,Albion Rd,Mechanical,5,10,W,1341
2014/09/02,54,3:21:00 PM,Tuesday,Eglinton Div. Garage,Investigation,10,20,e,7539
2014/09/02,85,3:25:00 PM,Tuesday,Rouge Hill Go Station,Late Leaving Garage,9,18,w/b,9088
2014/09/02,96,3:26:00 PM,Tuesday,woodbine downs,Mechanical,18,36,e,7241
2014/09/02,42,3:27:00 PM,Tuesday,Finch stn,Mechanical,11,22,e/b,8315
2014/09/02,35,3:28:00 PM,Tuesday,Jane and Steeles,Late Leaving Garage,5,10,S,1291
2014/09/02,63,3:30:00 PM,Tuesday,Entire route,General Delay,15,0,b/w,
2014/09/02,38,3:32:00 PM,Tuesday,STC Stn,Late Leaving Garage,12,25,E,1094
2014/09/02,17,3:32:00 PM,Tuesday,Warden Station,Mechanical,7,14,W,7879
2014/09/02,96,3:34:00 PM,Tuesday,wilson stn,Mechanical,18,36,w,1237
2014/09/02,59,3:36:00 PM,Tuesday,Lawrence West station,Mechanical,12,24,W,1404
2014/09/02,90,3:36:00 PM,Tuesday,Bathurst and St.Clair,Utilized Off Route,11,21,B/W,8321
2014/09/02,60,3:36:00 PM,Tuesday,Finch Stn,Late Leaving Garage,7,10,W,1204
2014/09/02,60,3:38:00 PM,Tuesday,Kipling/Steeles,Late Leaving Garage,16,31,E,1263
2014/09/02,84,3:38:00 PM,Tuesday,Rivald and Sheppard Ave West,Mechanical,11,22,W,
2014/09/02,84,3:38:00 PM,Tuesday,Jane and Sheppard Ave West,Mechanical,11,22,E,1263
2014/09/02,165,3:39:00 PM,Tuesday,Yorkmills,Mechanical,5,10,N,1209
2014/09/02,35,3:40:00 PM,Tuesday,Jane station,Late Leaving Garage,5,10,N,1290
2014/09/02,68,3:42:00 PM,Tuesday,Eglinton Garage,Late Leaving Garage,6,12,NB,7424
2014/09/02,12,3:44:00 PM,Tuesday,Victoria park Stn,Late Leaving Garage,13,26,E/b,7731
2014/09/02,96,3:44:00 PM,Tuesday,woodbine downs,Mechanical,18,36,e,7249
2014/09/02,37,3:44:00 PM,Tuesday,Rexdale Blvd and Frost,Mechanical,16,31,E,7201
2014/09/02,129,3:45:00 PM,Tuesday,Scar Town to Steeles and Maj Mac,General Delay,10,15,BW,
2014/09/02,67,3:45:00 PM,Tuesday,Eglinton & Pharmacy,Mechanical,10,20,NB,7409
2014/09/02,36,3:47:00 PM,Tuesday,Finch Stn,Mechanical,5,10,W,7926
2014/09/02,60,3:49:00 PM,Tuesday,Finch Stn,Late Leaving Garage,16,31,W,1564
2014/09/02,60,3:50:00 PM,Tuesday,Finch Stn,Late Leaving Garage,7,14,W,1251
2014/09/02,36,3:53:00 PM,Tuesday,Loop,Mechanical,5,10,E,1216
2014/09/02,60,3:54:00 PM,Tuesday,Signal Hill,Late Leaving Garage,7,14,E,1245
2014/09/02,102,3:55:00 PM,Tuesday,Milner and Markham,Investigation,15,30,W,7792
2014/09/02,100,3:57:00 PM,Tuesday,Concord Place,Mechanical,3,6,N,7448
2014/09/02,44,3:58:00 PM,Tuesday,COL SAM LOOP,Utilized Off Route,4,8,N/B,7311
2014/09/02,130,4:00:00 PM,Tuesday,Entire Route,General Delay,10,0,BW,
2014/09/02,168,4:00:00 PM,Tuesday,Entire Symington Route,General Delay,15,30,b/w,7303
2014/09/02,131,4:00:00 PM,Tuesday,Entire Route,General Delay,10,0,BW,
2014/09/02,59,4:00:00 PM,Tuesday,Lawrence Wwest station,Late Leaving Garage,12,24,W,1348
2014/09/02,132,4:00:00 PM,Tuesday,Entire Route,General Delay,10,0,BW,
2014/09/02,142,4:00:00 PM,Tuesday,Bombay Loop to Church and Richmond,General Delay,18,1,bw,
2014/09/02,91,4:00:00 PM,Tuesday,Woodbine Route,General Delay,25,1,B/W,
2014/09/02,139,4:00:00 PM,Tuesday,Don Mills station to Neilson and Crow Trail,General Delay,15,20,BW,
2014/09/02,51,4:00:00 PM,Tuesday,Eglinton Station to Townsend/Freshmeadow,General Delay,20,1,bw,
2014/09/02,190,4:00:00 PM,Tuesday,Entire Route,General Delay,7,12,B/W's,
2014/09/02,76,4:05:00 PM,Tuesday,mimico,Utilized Off Route,5,10,n/b,7957
2014/09/02,29,4:05:00 PM,Tuesday,Dufferin and College,Utilized Off Route,4,7,s,9032
2014/09/02,7,4:06:00 PM,Tuesday,Bathurst station,Utilized Off Route,8,16,B/W,9027
2014/09/02,10,4:07:00 PM,Tuesday,Don Mills Stn,Mechanical,15,30,e,8193
2014/09/02,709,4:08:00 PM,Tuesday,Eglinton stn,Utilized Off Route,1,1,W,1040
2014/09/02,709,4:08:00 PM,Tuesday,Eglinton w stn,Utilized Off Route,1,1,E,1536
2014/09/02,6,4:10:00 PM,Tuesday,Queens Quay and Bay,Utilized Off Route,11,22,n/b,1518
2014/09/02,64,4:10:00 PM,Tuesday,Queen Street,Utilized Off Route,8,16,W,8159
2014/09/02,37,4:10:00 PM,Tuesday,Islington Stn,Utilized Off Route,8,16,N,1367
2014/09/02,63,4:12:00 PM,Tuesday,East Liberty and Strachan,Utilized Off Route,9,19,n/b,1630
2014/09/02,36,4:12:00 PM,Tuesday,Finch stn,Mechanical,4,8,W,1309
2014/09/02,87,4:15:00 PM,Tuesday,Main Station,Utilized Off Route,6,12,W,7701
2014/09/02,45,4:16:00 PM,Tuesday,KP stn,Utilized Off Route,6,12,n,7327
2014/09/02,25,4:21:00 PM,Tuesday,Pape STN,Utilized Off Route,4,8,NB,7465
2014/09/02,196,4:26:00 PM,Tuesday,Sheppard station,Utilized Off Route,6,12,W,8339
2014/09/02,7,4:30:00 PM,Tuesday,N.B Bathurst and Finch,General Delay,8,16,b/w,0
2014/09/02,97,4:30:00 PM,Tuesday,York Mills stn to Queen Quay,General Delay,30,60,b/w,8388
2014/09/02,160,4:30:00 PM,Tuesday,N/B Bathurst and Finch,General Delay,21,42,B/W,0
2014/09/02,41,4:35:00 PM,Tuesday,Keele / Steeles,Mechanical,8,16,s,1060
2014/09/02,116,4:36:00 PM,Tuesday,Kennedy Stn,Late Leaving Garage,23,46,N,7530
2014/09/02,106,4:37:00 PM,Tuesday,Downsview Stn,Mechanical,11,22,w,9436
2014/09/02,35,4:41:00 PM,Tuesday,Sheppard and Jane St,Utilized Off Route,20,40,N,7927
2014/09/02,165,4:45:00 PM,Tuesday,Steeles,Mechanical,5,10,N,1220
2014/09/02,143,4:48:00 PM,Tuesday,143 Beachexpress Route,General Delay,10,1,B/W,
2014/09/02,106,4:54:00 PM,Tuesday,Wilson Yard,Investigation,11,22,w,9420
2014/09/02,54,5:00:00 PM,Tuesday,Leslie,General Delay,28,38,bw,
2014/09/02,51,5:00:00 PM,Tuesday,Eglinton Station,Mechanical,15,30,nb,8387
2014/09/02,5,5:00:00 PM,Tuesday,Eglinton Station,Mechanical,16,32,s,8215
2014/09/02,127,5:00:00 PM,Tuesday,Entire route,General Delay,6,12,b/w,
2014/09/02,42,5:02:00 PM,Tuesday,Finch stn,Utilized Off Route,30,60,e/b,8372
2014/09/02,74,5:03:00 PM,Tuesday,St.Clair stn,Mechanical,18,36,s/b,8354
2014/09/02,42,5:10:00 PM,Tuesday,Victoria Park and Mcnicoll,Mechanical,24,48,w/b,8338
2014/09/02,54,5:24:00 PM,Tuesday,SRT,Mechanical,11,22,w,7422
2014/09/02,88,5:32:00 PM,Tuesday,St.Clair stn,Utilized Off Route,8,16,w/b,8373
2014/09/02,16,5:38:00 PM,Tuesday,McCowan/Lawrence,Mechanical,8,16,n,7801
2014/09/02,96,5:40:00 PM,Tuesday,wilson at lady york,Mechanical,22,44,e,7924
2014/09/02,60,5:53:00 PM,Tuesday,Steeles/Founders,Mechanical,7,14,E,1251
2014/09/02,104,6:00:00 PM,Tuesday,Wilson Station to downsview,General Delay,15,30,b/w,
2014/09/02,134,6:00:00 PM,Tuesday,B/W,General Delay,18,25,B/W,
2014/09/02,106,6:00:00 PM,Tuesday,Downsview to the Commons,General Delay,26,15,b/w,
2014/09/02,107,6:00:00 PM,Tuesday,Downsview to Teston,General Delay,50,30,b/w,
2014/09/02,68,6:00:00 PM,Tuesday,68  Warden Route,General Delay,4,8,B/W,
2014/09/02,86,6:00:00 PM,Tuesday,,General Delay,10,20,B/W,
2014/09/02,67,6:00:00 PM,Tuesday,,General Delay,10,20,B/W,
2014/09/02,196,6:00:00 PM,Tuesday,Downsview To Commons,General Delay,25,15,b/w,
2014/09/02,87,6:06:00 PM,Tuesday,Main Stn,Utilized Off Route,6,12,w,7876
2014/09/02,84,6:06:00 PM,Tuesday,Jane and Sheppard Ave West,Mechanical,11,22,E,1386
2014/09/02,20,6:08:00 PM,Tuesday,Main Stn,Utilized Off Route,18,36,w,7781
2014/09/02,191,6:27:00 PM,Tuesday,royalcrest at 27,Mechanical,8,16,s,7904
2014/09/02,7,6:40:00 PM,Tuesday,Bathurst station,Mechanical,8,16,N,9022
2014/09/02,199,7:00:00 PM,Tuesday,Scarborough Town Center,Mechanical,8,16,EB,7039
2014/09/02,29,7:15:00 PM,Tuesday,Dufferin and Dovenport,Diversion,6,12,n,
2014/09/02,47,7:24:00 PM,Tuesday,lansdowne stn,Mechanical,18,36,s/b,1682
2014/09/02,86,7:30:00 PM,Tuesday,Kennedy Station,Mechanical,10,20,e,7420
2014/09/02,88,7:36:00 PM,Tuesday,St.Clair stn,Utilized Off Route,15,30,e/b,8335
2014/09/02,35,7:37:00 PM,Tuesday,Jane station,Emergency Services,11,22,N,1205
2014/09/02,96,7:44:00 PM,Tuesday,yorkmills,Mechanical,20,40,b/w,1320
2014/09/02,102,7:53:00 PM,Tuesday,Warden Stn,Utilized Off Route,18,36,n,8104
2014/09/02,192,8:00:00 PM,Tuesday,Entire Airport Route,General Delay,15,30,b/w,8003
2014/09/02,196,8:26:00 PM,Tuesday,Downsview Station,Utilized Off Route,3,6,n,9437
2014/09/02,84,8:40:00 PM,Tuesday,Sheppard Stn,Emergency Services,10,20,W,1384
2014/09/02,68,8:40:00 PM,Tuesday,Warden Stn,Utilized Off Route,9,18,n/b,7516
2014/09/02,95,8:59:00 PM,Tuesday,Ellesmere & Warden Av,Investigation,14,28,EB,1763
2014/09/02,95,9:11:00 PM,Tuesday,Kingston Loop,Late Leaving Garage,14,28,WB,1728
2014/09/02,83,9:18:00 PM,Tuesday,600 Commissioners/commissioners,Investigation,24,48,n,8137
2014/09/02,81,9:20:00 PM,Tuesday,Pape STn,Utilized Off Route,12,24,n,8139
2014/09/02,35,9:55:00 PM,Tuesday,Jane/Eddystone,Investigation,8,16,N,1205
2014/09/02,32,10:10:00 PM,Tuesday,Oriole Pkwy and Eglinton,Mechanical,12,24,e/b,1572
2014/09/02,39,10:13:00 PM,Tuesday,Nielson & Crow Trail,Mechanical,10,20,WB,1128
2014/09/02,12,10:23:00 PM,Tuesday,Kingston Rd/Manderley,Mechanical,20,40,w,8114
2014/09/02,24,10:28:00 PM,Tuesday,Victoria Park Stn,Utilized Off Route,10,20,n,7684
2014/09/02,92,11:19:00 PM,Tuesday,Woodbine/Lakeshore,Emergency Services,10,20,n,7722
2014/09/02,92,11:19:00 PM,Tuesday,Lakeshore/Woodbine,Diversion,10,131,n,7722
2014/09/02,89,11:36:00 PM,Tuesday,Eglinton and Weston,Mechanical,13,26,n/b,1598
2014/09/03,172,12:20:00 AM,Wednesday,Carlaw/Commissioners,General Delay,28,56,e/w,
2014/09/03,111,3:30:00 AM,Wednesday,rosemount and purdy,Utilized Off Route,1,1,,1545
2014/09/03,86,4:54:00 AM,Wednesday,kingston rd and eglinton,Mechanical,30,0,e,7626
2014/09/03,55,5:23:00 AM,Wednesday,goosh and magwood,Diversion,0,0,sb,1060
2014/09/03,111,5:27:00 AM,Wednesday,Kipling stn,Mechanical,10,20,s,7350
2014/09/03,32,5:27:00 AM,Wednesday,mt. dennis garage,Mechanical,11,11,eb,1556
2014/09/03,134,5:28:00 AM,Wednesday,Tapscott just n. of Newgale Gate(C.P.Rail Crossing),Diversion,23,43,n,1795
2014/09/03,53,5:31:00 AM,Wednesday,Passmore and Markham,Mechanical,5,9,w,1391
2014/09/03,32,5:36:00 AM,Wednesday,mt. dennis garage,Mechanical,8,18,eb,1575
2014/09/03,105,5:40:00 AM,Wednesday,Dufferin and Steeles,Mechanical,30,40,NB,1822
2014/09/03,29,5:43:00 AM,Wednesday,Wilson Stn,Late Leaving Garage,7,14,SB,9054
2014/09/03,53,5:46:00 AM,Wednesday,Passmore and Markham,Mechanical,4,9,w,7066
2014/09/03,165,5:48:00 AM,Wednesday,Finch and Weston,Utilized Off Route,11,1,W,1215
2014/09/03,37,5:54:00 AM,Wednesday,Finch and Islington,Mechanical,6,15,S,1282
2014/09/03,71,5:54:00 AM,Wednesday,mt.dennis garage,Mechanical,9,18,eb,1608
2014/09/03,45,5:55:00 AM,Wednesday,,Mechanical,2,4,s,1234
2014/09/03,37,5:56:00 AM,Wednesday,Finch and Islington Avenue,Mechanical,8,16,S,
2014/09/03,21,6:02:00 AM,Wednesday,Kennedy stn,Mechanical,20,40,N,7786
2014/09/03,90,6:03:00 AM,Wednesday,St.Clair werst stn,Utilized Off Route,12,24,n/b,8394
2014/09/03,15,6:05:00 AM,Wednesday,Sherway Gardens,Mechanical,20,35,s,8072
2014/09/03,35,6:06:00 AM,Wednesday,Jane Station,Late Leaving Garage,5,10,N,7212
2014/09/03,37,6:08:00 AM,Wednesday,Steeles and Islington,Mechanical,10,20,S,
2014/09/03,169,6:09:00 AM,Wednesday,Don Mills Stn,Mechanical,27,37,EB,1817
2014/09/03,102,6:09:00 AM,Wednesday,Warden Stn,Mechanical,10,24,n/b,7685
2014/09/03,60,6:09:00 AM,Wednesday,Steeles Loop,Late Leaving Garage,12,24,E,1279
2014/09/03,90,6:10:00 AM,Wednesday,Oakwood and Vaughn,Late Leaving Garage,10,15,SB,9417
2014/09/03,195,6:12:00 AM,Wednesday,Jane & Steeles,Late Leaving Garage,10,20,N,7923
2014/09/03,107,6:12:00 AM,Wednesday,Downsview stn,Mechanical,7,22,n,9420
2014/09/03,79,6:15:00 AM,Wednesday,Runnymede stn,Late Leaving Garage,15,23,n,1222
2014/09/03,87,6:17:00 AM,Wednesday,Coxwell and Mortimer,Utilized Off Route,10,20,W,7852
2014/09/03,125,6:20:00 AM,Wednesday,Antibes,Mechanical,18,0,w,8219
2014/09/03,85,6:20:00 AM,Wednesday,Don Mills station,Late Leaving Garage,8,15,E,1142
2014/09/03,160,6:20:00 AM,Wednesday,Wilson stn,Late Leaving Garage,20,40,n/b,8387
2014/09/03,56,6:21:00 AM,Wednesday,Brentcliffe and Eglinton,Mechanical,13,26,s/b,8310
2014/09/03,85,6:25:00 AM,Wednesday,Sheppard and Greenbriar Rd,Mechanical,15,30,eb,1720
2014/09/03,95,6:27:00 AM,Wednesday,York Mills Stn,Mechanical,7,14,w,1105
2014/09/03,12,6:29:00 AM,Wednesday,Vcitoria Park stn,Mechanical,7,1,S,8138
2014/09/03,46,6:34:00 AM,Wednesday,Martin grove loop,Mechanical,10,20,s,
2014/09/03,46,6:36:00 AM,Wednesday,martin Grove,Mechanical,10,20,s,
2014/09/03,42,6:37:00 AM,Wednesday,Finch stn,Mechanical,20,10,e/b,8384
2014/09/03,116,6:38:00 AM,Wednesday,morrish and ellesmere,Mechanical,22,44,e,7423
2014/09/03,60,6:39:00 AM,Wednesday,York University Commons,Late Leaving Garage,7,14,E,1367
2014/09/03,108,6:39:00 AM,Wednesday,Downsview Station,Mechanical,13,26,W,1294
2014/09/03,107,6:40:00 AM,Wednesday,Lapage,Mechanical,16,39,n,9419
2014/09/03,41,6:42:00 AM,Wednesday,Keele and Wilson,Mechanical,8,16,N/B,1665
2014/09/03,41,6:45:00 AM,Wednesday,Keele and Wilson,Utilized Off Route,15,30,N/B,1522
2014/09/03,108,6:45:00 AM,Wednesday,Downsview Station,Late Leaving Garage,13,26,N,1239
2014/09/03,192,6:45:00 AM,Wednesday,KIPLING STN,Mechanical,10,20,N,8009
2014/09/03,52,6:46:00 AM,Wednesday,Airport rd and Orlando,Investigation,23,41,w,1409
2014/09/03,39,6:46:00 AM,Wednesday,Neilson & Crow Trail,Late Leaving Garage,4,7,WB,7075
2014/09/03,196,6:48:00 AM,Wednesday,Commons,Mechanical,4,8,s,9429
2014/09/03,165,6:49:00 AM,Wednesday,Barmac and Steeles,Mechanical,13,24,E,7228
2014/09/03,165,6:50:00 AM,Wednesday,Wilson station,Mechanical,5,10,E,1247
2014/09/03,42,6:52:00 AM,Wednesday,Finch stn,Mechanical,20,40,e/b,8326
2014/09/03,32,6:52:00 AM,Wednesday,eglinton and blackcreek.,Mechanical,6,11,w/b,1563
2014/09/03,33,6:53:00 AM,Wednesday,Eglinton and Spadina,Late Leaving Garage,10,0,s/b,8173
2014/09/03,102,6:56:00 AM,Wednesday,Warden stn.,Mechanical,10,21,n/b,8117
2014/09/03,43,6:58:00 AM,Wednesday,Kennedy Rd & Lawrence Ave,Mechanical,10,20,NB,7580
2014/09/03,54,6:59:00 AM,Wednesday,Star Spray Loop,Mechanical,4,8,wb,7662
2014/09/03,60,7:14:00 AM,Wednesday,Finch Station,Late Leaving Garage,7,14,W,7241
2014/09/03,196,7:15:00 AM,Wednesday,Downsview stn,Mechanical,3,6,n,9430
2014/09/03,196,7:21:00 AM,Wednesday,Finch,Mechanical,4,8,s,9427
2014/09/03,35,7:22:00 AM,Wednesday,Jane & Pennsylvania,Mechanical,10,20,S,1218
2014/09/03,102,7:25:00 AM,Wednesday,Warden stn.,Mechanical,21,42,s/b,7805
2014/09/03,44,7:25:00 AM,Wednesday,KIPLING STATION,Mechanical,3,6,S,8076
2014/09/03,196,7:27:00 AM,Wednesday,Downsview stn,Mechanical,3,6,n,8359
2014/09/03,160,7:30:00 AM,Wednesday,Clark to Wilson stn,General Delay,15,36,b/w,
2014/09/03,96,7:30:00 AM,Wednesday,Jane/Wilson,Mechanical,18,36,w,7219
2014/09/03,82,7:30:00 AM,Wednesday,Rosedale stn to Summerhill,General Delay,10,20,n/b,1806
2014/09/03,102,7:30:00 AM,Wednesday,Route 102 Markham rd.,General Delay,5,1,b/w,
2014/09/03,56,7:30:00 AM,Wednesday,Eglinton stn to Donlands stn,General Delay,15,30,b/w,
2014/09/03,109,7:30:00 AM,Wednesday,Neptune to Eglinton west stn,General Delay,15,47,b/w,
2014/09/03,7,7:30:00 AM,Wednesday,Steeles to Bathurst stn,General Delay,15,24,b/w,
2014/09/03,87,7:31:00 AM,Wednesday,COXWELL AND COSBURN,Diversion,5,10,N/W,7691
2014/09/03,168,7:33:00 AM,Wednesday,AVON LOOP,Investigation,4,9,S,7311
2014/09/03,116,7:34:00 AM,Wednesday,kennedy stn,Mechanical,7,14,e,7527
2014/09/03,102,7:38:00 AM,Wednesday,Warden stn.,Late Leaving Garage,11,21,n/b,8150
2014/09/03,134,7:45:00 AM,Wednesday,Scarborough Town Centre to Ironside,General Delay,16,11,b/w,
2014/09/03,24,7:45:00 AM,Wednesday,VICTORIA PARK ROUTE,General Delay,20,0,BW,
2014/09/03,196,7:52:00 AM,Wednesday,Downsview stn,Mechanical,3,6,n,9435
2014/09/03,191,7:54:00 AM,Wednesday,martin grove loop,Mechanical,10,20,s,7904
2014/09/03,60,7:54:00 AM,Wednesday,Signal Hill,Mechanical,7,14,E,1265
2014/09/03,17,8:00:00 AM,Wednesday,Route 17 Birchmount,General Delay,4,1,b/w,
2014/09/03,135,8:00:00 AM,Wednesday,Route  135 Gerrard,General Delay,6,1,b/w,
2014/09/03,6,8:00:00 AM,Wednesday,Avenue road & Davenport,General Delay,10,20,SB,
2014/09/03,11,8:00:00 AM,Wednesday,Steeles to Davisville stn,General Delay,12,24,b/w,
2014/09/03,51,8:00:00 AM,Wednesday,Townsend to Eglinton stn,General Delay,12,24,b/w,
2014/09/03,165,8:00:00 AM,Wednesday,Weston North route,General Delay,18,24,B,
2014/09/03,36,8:00:00 AM,Wednesday,Finch West route,General Delay,15,20,B,1216
2014/09/03,5,8:00:00 AM,Wednesday,Eglinton stn to Elm,General Delay,30,60,b/w,
2014/09/03,116,8:00:00 AM,Wednesday,morningside route,General Delay,10,0,b/w,
2014/09/03,46,8:00:00 AM,Wednesday,Martin Grove,General Delay,20,40,b/w,
2014/09/03,199,8:00:00 AM,Wednesday,Finch station to Scarborough Town Centre,General Delay,10,15,B/W,1752
2014/09/03,47,8:00:00 AM,Wednesday,Queen & Lansdowne,General Delay,10,20,SB,
2014/09/03,57,8:00:00 AM,Wednesday,Midland route,General Delay,11,1,BW,
2014/09/03,53,8:00:00 AM,Wednesday,Finch Station to Morningside/Staines,General Delay,14,9,b/w,
2014/09/03,86,8:00:00 AM,Wednesday,scarborough route,General Delay,10,0,b/w,
2014/09/03,39,8:00:00 AM,Wednesday,Finch station to Neilson & Crow Trail,General Delay,10,15,B/W,7030
2014/09/03,9,8:00:00 AM,Wednesday,Route 9 Bellamy,General Delay,4,1,b/w,
2014/09/03,94,8:00:00 AM,Wednesday,Queen's Park Circle and Wellesely between Yonge & Bay,General Delay,15,30,BD,
2014/09/03,38,8:15:00 AM,Wednesday,Scarborough town centre to Rouge Hill GO,General Delay,15,12,B/W,
2014/09/03,70,8:15:00 AM,Wednesday,Oconnor st clair to Coxwell stn,General Delay,18,30,bw,
2014/09/03,87,8:18:00 AM,Wednesday,Main stn,Utilized Off Route,10,20,W,7802
2014/09/03,62,8:19:00 AM,Wednesday,MAIN STATION,Mechanical,17,34,W,7847
2014/09/03,125,8:21:00 AM,Wednesday,Finch Station,Mechanical,6,13,W,8338
2014/09/03,199,8:24:00 AM,Wednesday,Finch station,Mechanical,6,9,EB,7026
2014/09/03,57,8:24:00 AM,Wednesday,Kennedy platform.,Mechanical,8,1,N,8163
2014/09/03,199,8:27:00 AM,Wednesday,Finch station,Mechanical,3,6,EB,1752
2014/09/03,165,8:29:00 AM,Wednesday,Barmac and Steeles,Mechanical,12,17,,1362
2014/09/03,143,8:30:00 AM,Wednesday,Nevelle loop,General Delay,7,1,W/,
2014/09/03,54,8:30:00 AM,Wednesday,Lawrence Leslie to Eglinton stn,General Delay,20,35,bw,
2014/09/03,129,8:30:00 AM,Wednesday,Steeles to Major MacKenzie,General Delay,10,20,bw,
2014/09/03,63,8:30:00 AM,Wednesday,Dundad & Ossington,General Delay,10,20,SB,
2014/09/03,21,8:40:00 AM,Wednesday,Scarborough Town center,General Delay,8,1,B/W,
2014/09/03,196,8:40:00 AM,Wednesday,Downsview stn,Utilized Off Route,6,12,n,1827
2014/09/03,199,8:46:00 AM,Wednesday,Finch & McCowan,Mechanical,3,6,EB,1766
2014/09/03,54,8:47:00 AM,Wednesday,Eglinton stn,Mechanical,6,12,eb,7454
2014/09/03,196,8:54:00 AM,Wednesday,York University,Mechanical,3,6,s,8366
2014/09/03,100,8:56:00 AM,Wednesday,broadview station,Utilized Off Route,7,14,n,7619
2014/09/03,29,8:59:00 AM,Wednesday,Wilson stn,Utilized Off Route,4,8,s/b,1826
2014/09/03,191,9:00:00 AM,Wednesday,Hyw route,General Delay,14,15,b/w,
2014/09/03,87,9:00:00 AM,Wednesday,Main Station,Utilized Off Route,10,20,B/W,7691
2014/09/03,196,9:01:00 AM,Wednesday,Downsview stn,Mechanical,6,12,n,9430
2014/09/03,102,9:02:00 AM,Wednesday,Warden stn,Utilized Off Route,11,22,N,7853
2014/09/03,100,9:03:00 AM,Wednesday,broadview station,Utilized Off Route,3,6,n,7669
2014/09/03,39,9:04:00 AM,Wednesday,Finch station,Investigation,4,8,EB,7033
2014/09/03,57,9:04:00 AM,Wednesday,Wainfleet and Midland,Mechanical,10,20,s,7877
2014/09/03,90,9:04:00 AM,Wednesday,St.Clair west stn,Mechanical,8,16,n/b,8218
2014/09/03,81,9:05:00 AM,Wednesday,Pape Station,Utilized Off Route,5,10,B/W,7729
2014/09/03,35,9:10:00 AM,Wednesday,Shoreham & Jane,Late Leaving Garage,10,20,S,1255
2014/09/03,102,9:11:00 AM,Wednesday,Warden stn.,Utilized Off Route,11,24,n/b,8156
2014/09/03,25,9:12:00 AM,Wednesday,pape station,Utilized Off Route,3,6,n,7578
2014/09/03,196,9:13:00 AM,Wednesday,Downsview stn,Utilized Off Route,3,6,n,9444
2014/09/03,36,9:17:00 AM,Wednesday,Finch and Dufferin,Mechanical,4,8,E,7915
2014/09/03,43,9:17:00 AM,Wednesday,Kennedy Stn,Utilized Off Route,10,16,NB,7579
2014/09/03,54,9:21:00 AM,Wednesday,Lawrence McCowan,Mechanical,9,18,eb,7464
2014/09/03,42,9:21:00 AM,Wednesday,Finch Station,Mechanical,24,48,E,8191
2014/09/03,68,9:30:00 AM,Wednesday,Warden And Steeles,Mechanical,23,63,NB,7532
2014/09/03,54,9:30:00 AM,Wednesday,Eglinton stn,Utilized Off Route,1,1,eb,7460
2014/09/03,196,9:33:00 AM,Wednesday,Downsview stn,Utilized Off Route,3,6,n,8317
2014/09/03,95,9:35:00 AM,Wednesday,Leslie to Don Mills,General Delay,10,15,bw,
2014/09/03,37,9:52:00 AM,Wednesday,Finch and Islington,Mechanical,16,32,S,1364
2014/09/03,44,10:15:00 AM,Wednesday,KIPLING STATion,Utilized Off Route,6,12,S,8067
2014/09/03,68,10:15:00 AM,Wednesday,Warden & Sheppard,Utilized Off Route,10,17,SB,7468
2014/09/03,42,10:20:00 AM,Wednesday,Finch Station,Mechanical,12,24,E,8303
2014/09/03,69,10:21:00 AM,Wednesday,Birchmount and Danforth rd,Diversion,10,31,N,7853
2014/09/03,196,10:25:00 AM,Wednesday,Downsview Stn,Mechanical,2,4,n,8319
2014/09/03,35,10:50:00 AM,Wednesday,Jane Station,Investigation,1,1,N,1385
2014/09/03,53,10:52:00 AM,Wednesday,Steeles and Don Mills,Diversion,41,47,e,7128
2014/09/03,196,10:52:00 AM,Wednesday,Downsview Stn,Mechanical,8,16,n,9421
2014/09/03,89,10:54:00 AM,Wednesday,Keele Station,Emergency Services,9,18,N/B,1058
2014/09/03,67,11:00:00 AM,Wednesday,67 Pharmacy Route,General Delay,10,22,BW,
2014/09/03,41,11:00:00 AM,Wednesday,Keele and Eglinton,Mechanical,7,14,N/B,1620
2014/09/03,120,11:30:00 AM,Wednesday,Wilson station,Investigation,30,60,W,1356
2014/09/03,195,11:30:00 AM,Wednesday,Jane & Sheppard,Mechanical,10,20,N,1336
2014/09/03,196,11:35:00 AM,Wednesday,Downsview Stn,Mechanical,2,4,n,9442
2014/09/03,53,11:53:00 AM,Wednesday,Steeles and Kennedy,Investigation,5,11,w,7063
2014/09/03,196,11:54:00 AM,Wednesday,York U,Mechanical,2,4,s,9420
2014/09/03,47,11:59:00 AM,Wednesday,Bloor and Lansdown,Investigation,15,30,s/b,1597
2014/09/03,196,11:59:00 AM,Wednesday,Downsview stn,Mechanical,2,4,n,8354
2014/09/03,126,12:00:00 PM,Wednesday,126-Christie route,General Delay,10,8,b/w,
2014/09/03,39,12:04:00 PM,Wednesday,Finch & Victoria Park,Investigation,6,12,WB,7043
2014/09/03,34,12:10:00 PM,Wednesday,Kennedy Stn,Utilized Off Route,16,32,W/B,7630
2014/09/03,106,12:20:00 PM,Wednesday,York U,Mechanical,10,20,s,9404
2014/09/03,6,12:30:00 PM,Wednesday,Avenue Rd and Bay,General Delay,15,0,n/b,
2014/09/03,106,12:30:00 PM,Wednesday,Downsview Stn,Mechanical,10,20,s,9415
2014/09/03,196,12:31:00 PM,Wednesday,Downsview Stn,Mechanical,2,4,w,9414
2014/09/03,85,12:45:00 PM,Wednesday,Hawksbury and Sheppard,Diversion,36,58,E/B,
2014/09/03,196,12:50:00 PM,Wednesday,Downsview stn,Utilized Off Route,2,4,w,8354
2014/09/03,11,12:51:00 PM,Wednesday,Bayview at York Mills,Mechanical,10,26,nb,8191
2014/09/03,116,12:53:00 PM,Wednesday,Morningside and Cornation Dr,Diversion,10,20,NB,7425
2014/09/03,95,12:58:00 PM,Wednesday,Ellesmere and Neilson,Mechanical,8,16,WB,1760
2014/09/03,34,1:00:00 PM,Wednesday,Leslie to Bayview,General Delay,20,30,BW,
2014/09/03,50,1:00:00 PM,Wednesday,MILL RD LOOP,Mechanical,20,40,E/B,7320
2014/09/03,86,1:00:00 PM,Wednesday,86-Scarborough Route,General Delay,11,19,BW,
2014/09/03,116,1:00:00 PM,Wednesday,116- Morningside Route,General Delay,13,19,BW,
2014/09/03,85,1:00:00 PM,Wednesday,Entire Route,General Delay,14,20,B/W,
2014/09/03,192,1:15:00 PM,Wednesday,KP stn,Investigation,10,20,n,8000
2014/09/03,123,1:18:00 PM,Wednesday,Kipling station,Investigation,18,36,sb,8044
2014/09/03,53,1:27:00 PM,Wednesday,Steels @ Mccowan,Mechanical,6,12,,7081
2014/09/03,5,1:30:00 PM,Wednesday,Eglinton Station to Elm/ Queens Park,General Delay,20,1,bw,
2014/09/03,24,1:55:00 PM,Wednesday,VP at Ellesmere,Mechanical,10,20,n,8130
2014/09/03,52,1:57:00 PM,Wednesday,6900 Airport rd-international centre,Investigation,15,30,w/b,1537
2014/09/03,7,1:58:00 PM,Wednesday,Briar Hill / Bathurst,Investigation,9,18,nb,9000
2014/09/03,191,1:59:00 PM,Wednesday,kipling stn,Mechanical,8,16,n,7913
2014/09/03,191,1:59:00 PM,Wednesday,kipling stn,Mechanical,8,16,n,7904
2014/09/03,168,2:00:00 PM,Wednesday,ENTIRE ROUTE,General Delay,25,20,b/w,
2014/09/03,12,2:00:00 PM,Wednesday,Kingston Road Route,General Delay,15,1,B/W,
2014/09/03,29,2:00:00 PM,Wednesday,Dufferin Route,General Delay,4,15,b/w,
2014/09/03,41,2:00:00 PM,Wednesday,Entire route,General Delay,15,30,b/w,
2014/09/03,7,2:05:00 PM,Wednesday,Bathurst / Wilson,Late Leaving Garage,7,11,NB,9040
2014/09/03,25,2:06:00 PM,Wednesday,Wynford and Don Mills,Mechanical,4,8,SB,7648
2014/09/03,165,2:13:00 PM,Wednesday,Finch Av,Mechanical,5,10,N,1306
2014/09/03,56,2:17:00 PM,Wednesday,Eglinton Station,Mechanical,17,34,eb,8195
2014/09/03,51,2:23:00 PM,Wednesday,Freshmeadow at Don Mills,Mechanical,18,43,sb,8213
2014/09/03,196,2:28:00 PM,Wednesday,Downsview Stn,Mechanical,8,16,e,8182
2014/09/03,25,2:28:00 PM,Wednesday,Wynford and Don Mills,Mechanical,3,6,N,7618
2014/09/03,191,2:30:00 PM,Wednesday,hwy 427 - dundas to eglinton,General Delay,12,18,bw,
2014/09/03,96,2:30:00 PM,Wednesday,wilson at transit rd,General Delay,18,36,bw,
2014/09/03,96,2:30:00 PM,Wednesday,wilson ave - wilson stn to yorkmills stn,General Delay,18,36,bw,
2014/09/03,191,2:30:00 PM,Wednesday,hwy 427  -  dundas to eglinton,General Delay,12,18,bw,
2014/09/03,68,2:30:00 PM,Wednesday,68 Warden Route,General Delay,22,28,BW,
2014/09/03,91,2:36:00 PM,Wednesday,WOODBINE STATION,Mechanical,24,48,W,8140
2014/09/03,85,2:51:00 PM,Wednesday,Donmills Station,Mechanical,9,18,e/b,1791
2014/09/03,50,2:54:00 PM,Wednesday,Mill Road Loop,Mechanical,13,24,eb,8051
2014/09/03,117,2:56:00 PM,Wednesday,Steeles and Alness,Late Leaving Garage,14,34,s,8172
2014/09/03,57,3:00:00 PM,Wednesday,Midland Route,General Delay,20,1,B/W,
2014/09/03,172,3:00:00 PM,Wednesday,172 Cherry Street,General Delay,15,1,B/W,
2014/09/03,72,3:00:00 PM,Wednesday,Pape Route,General Delay,12,1,B/W,
2014/09/03,134,3:00:00 PM,Wednesday,STC to McNicoll,General Delay,20,30,B/W,
2014/09/03,79,3:00:00 PM,Wednesday,entire route,General Delay,12,40,b/w,
2014/09/03,21,3:00:00 PM,Wednesday,Brimley Route,General Delay,10,1,B/W,
2014/09/03,53,3:00:00 PM,Wednesday,,General Delay,20,10,B/W,
2014/09/03,60,3:00:00 PM,Wednesday,Finch Stn to Signal Hill,General Delay,35,20,BW,
2014/09/03,36,3:00:00 PM,Wednesday,Keele St,Mechanical,4,8,7243,7243
2014/09/03,47,3:00:00 PM,Wednesday,Earlscourt loop,Late Leaving Garage,7,14,s/b,1664
2014/09/03,79,3:00:00 PM,Wednesday,Pine,Late Leaving Garage,12,24,s/b,1032
2014/09/03,79,3:00:00 PM,Wednesday,Pine,Late Leaving Garage,12,24,s/b,1641
2014/09/03,47,3:00:00 PM,Wednesday,entire route,General Delay,13,40,b/w,
2014/09/03,122,3:00:00 PM,Wednesday,Graydon Hall route,General Delay,13,26,b/w,
2014/09/03,160,3:00:00 PM,Wednesday,BATHURST NORTH ROUTE,General Delay,20,40,BW,
2014/09/03,63,3:00:00 PM,Wednesday,Dundas and Liberty Village,General Delay,15,0,b/w,
2014/09/03,116,3:03:00 PM,Wednesday,Guildwood and Kingston rd,Mechanical,5,10,NB,7523
2014/09/03,37,3:03:00 PM,Wednesday,Arrow Garage,Mechanical,1,1,E,7927
2014/09/03,54,3:05:00 PM,Wednesday,Lawrence/Markham,Late Leaving Garage,10,20,e,7584
2014/09/03,190,3:07:00 PM,Wednesday,Donmills Station,Late Leaving Garage,4,9,e/b,7115
2014/09/03,88,3:10:00 PM,Wednesday,St.Clair stn,Late Leaving Garage,15,30,e/b,9412
2014/09/03,57,3:10:00 PM,Wednesday,Midland & Steeles,Mechanical,7,14,S/B,8163
2014/09/03,89,3:12:00 PM,Wednesday,Albion rd / Weston,Late Leaving Garage,7,14,s,1678
2014/09/03,32,3:14:00 PM,Wednesday,"Mt Dennis garage, POD Wtright&Pine",Late Leaving Garage,7,14,E,1627
2014/09/03,61,3:15:00 PM,Wednesday,Eglinton Station to Bombay Loop,General Delay,15,1,bw,
2014/09/03,11,3:15:00 PM,Wednesday,Davisville Station to Steeles Loop,General Delay,20,1,bw,
2014/09/03,196,3:16:00 PM,Wednesday,Downsview stn,Mechanical,2,4,e,9416
2014/09/03,41,3:18:00 PM,Wednesday,York University,Late Leaving Garage,16,32,s,1421
2014/09/03,34,3:18:00 PM,Wednesday,Kennedy Station,Late Leaving Garage,4,8,52755,7611
2014/09/03,102,3:20:00 PM,Wednesday,Markham Rd & Blakemanor,Investigation,2,10,N,7669
2014/09/03,32,3:23:00 PM,Wednesday,"Mt Dennis garage, POD Skymark&Eglinton",Late Leaving Garage,7,14,E,1686
2014/09/03,139,3:24:00 PM,Wednesday,Baldoon and Finch,Late Leaving Garage,20,40,E,7118
2014/09/03,41,3:25:00 PM,Wednesday,Keele / lawrence,Mechanical,8,17,s,1632
2014/09/03,102,3:25:00 PM,Wednesday,Markham & Blakemanor,Diversion,75,80,B/W,8150
2014/09/03,34,3:26:00 PM,Wednesday,Kennedy Station,Late Leaving Garage,4,8,EB,7403
2014/09/03,11,3:26:00 PM,Wednesday,Bayview/Steeles Loop,Mechanical,12,24,sb,8214
2014/09/03,42,3:27:00 PM,Wednesday,Finch stn,Mechanical,11,22,e/b,8196
2014/09/03,105,3:28:00 PM,Wednesday,Downsview Stn,Late Leaving Garage,24,48,s,9440
2014/09/03,37,3:28:00 PM,Wednesday,Islington and Steeles Loop,Mechanical,12,24,S,1282
2014/09/03,35,3:28:00 PM,Wednesday,Maple leaf dr,Investigation,10,20,n,1327
2014/09/03,60,3:29:00 PM,Wednesday,Finch Stn,Mechanical,7,14,W,7212
2014/09/03,102,3:30:00 PM,Wednesday,From Warden Stn. To Major Mackenzie,General Delay,25,20,B/W,
2014/09/03,191,3:30:00 PM,Wednesday,kipling stn,Mechanical,5,11,n,7937
2014/09/03,24,3:30:00 PM,Wednesday,Victoria Park Route,General Delay,15,30,bw,8124
2014/09/03,96,3:34:00 PM,Wednesday,wilson stn,Mechanical,18,36,w,7205
2014/09/03,84,3:34:00 PM,Wednesday,Rivalda and Sheppard Ave West,Late Leaving Garage,11,22,W,
2014/09/03,60,3:34:00 PM,Wednesday,Finch Stn,Mechanical,10,26,W,1342
2014/09/03,37,3:36:00 PM,Wednesday,Islington and Steeles Loop,Late Leaving Garage,12,24,S,
2014/09/03,59,3:37:00 PM,Wednesday,Oak/Weston,Mechanical,12,24,W,1404
2014/09/03,36,3:37:00 PM,Wednesday,Weston Rd,Investigation,5,10,W,1297
2014/09/03,196,3:38:00 PM,Wednesday,Downsview Stn,Mechanical,2,4,w,9406
2014/09/03,9,3:40:00 PM,Wednesday,From Warden Stn to STC,General Delay,18,15,B/W,
2014/09/03,70,3:40:00 PM,Wednesday,O'Connor,General Delay,8,23,e,
2014/09/03,96,3:41:00 PM,Wednesday,humberline lp,Mechanical,15,30,e,7249
2014/09/03,96,3:44:00 PM,Wednesday,woodbine downs,Mechanical,18,36,e,1282
2014/09/03,29,3:44:00 PM,Wednesday,Dufferin  and Hallam,Investigation,8,16,n,9026
2014/09/03,96,3:44:00 PM,Wednesday,woodbine downs,Mechanical,18,36,e,7954
2014/09/03,43,3:45:00 PM,Wednesday,Kennedy Station,Emergency Services,9,18,NB,7546
2014/09/03,196,3:46:00 PM,Wednesday,Downsview Astn,Mechanical,2,4,w,9417
2014/09/03,60,3:49:00 PM,Wednesday,Finch Stn,Late Leaving Garage,16,31,W,1204
2014/09/03,60,3:50:00 PM,Wednesday,Finch Stn,Late Leaving Garage,7,14,W,1362
2014/09/03,95,3:57:00 PM,Wednesday,York Mills Station,Utilized Off Route,5,10,eb,1125
2014/09/03,81,3:59:00 PM,Wednesday,Pape Stn,Mechanical,7,14,N/B,8122
2014/09/03,139,4:00:00 PM,Wednesday,Don Mills station to Neilson and Crow Trail,General Delay,10,15,BW,
2014/09/03,54,4:00:00 PM,Wednesday,Leslie/Eglinton,General Delay,15,23,e,
2014/09/03,35,4:00:00 PM,Wednesday,Jane route,General Delay,15,30,B/W,
2014/09/03,195,4:00:00 PM,Wednesday,Jane Route,General Delay,1,1,B/W,
2014/09/03,52,4:00:00 PM,Wednesday,52-Lawrence west route,General Delay,10,8,b/w,
2014/09/03,96,4:02:00 PM,Wednesday,woodbine downs,Mechanical,18,36,e,1706
2014/09/03,36,4:12:00 PM,Wednesday,Finch Stn,Mechanical,5,9,W,1201
2014/09/03,30,4:13:00 PM,Wednesday,High Park Humberside,Investigation,20,40,n,7976
2014/09/03,70,4:15:00 PM,Wednesday,warden station,Mechanical,15,30,e,7580
2014/09/03,86,4:15:00 PM,Wednesday,Kennedy Station,Diversion,15,30,EB,7437
2014/09/03,86,4:29:00 PM,Wednesday,Kennedy Station,Investigation,11,22,EB,7669
2014/09/03,97,4:30:00 PM,Wednesday,York Mills stn to Queens Quay,General Delay,30,60,n/b,8157
2014/09/03,165,4:32:00 PM,Wednesday,William Cragg,Mechanical,5,10,W,1206
2014/09/03,199,4:32:00 PM,Wednesday,Finch & Victoria Park,Mechanical,3,7,WB,1752
2014/09/03,196,4:32:00 PM,Wednesday,Downsview Stn,Mechanical,2,4,w,9429
2014/09/03,36,4:33:00 PM,Wednesday,Humberwood Loop,Utilized Off Route,5,10,E,7932
2014/09/03,53,4:35:00 PM,Wednesday,Finch stn,Mechanical,5,16,W/B,7007
2014/09/03,29,4:36:00 PM,Wednesday,Dufferin and Eglinton,Investigation,4,7,s,9010
2014/09/03,35,4:38:00 PM,Wednesday,Finch,Mechanical,10,20,s,1252
2014/09/03,191,4:40:00 PM,Wednesday,humbercollege at finch,Mechanical,8,16,n,7931
2014/09/03,10,4:40:00 PM,Wednesday,Don Mills Stn,Mechanical,15,30,w,9420
2014/09/03,102,4:41:00 PM,Wednesday,Warden Stn,Mechanical,10,20,N,7861
2014/09/03,142,4:45:00 PM,Wednesday,Bombay Loop to Church and Richmond,General Delay,20,1,bw,
2014/09/03,141,4:45:00 PM,Wednesday,Mt Pleasant express 141,General Delay,10,40,Be,
2014/09/03,196,4:46:00 PM,Wednesday,Downsview Stn,Mechanical,2,4,w,8168
2014/09/03,90,4:54:00 PM,Wednesday,St.clair west station,Utilized Off Route,20,10,BW,1816
2014/09/03,52,4:55:00 PM,Wednesday,Apex & Lawrence,Investigation,11,16,w/b,1646
2014/09/03,26,5:00:00 PM,Wednesday,Entire Dupont Route,General Delay,15,30,b/w,7963
2014/09/03,95,5:00:00 PM,Wednesday,Entire Route,General Delay,10,0,BW,
2014/09/03,190,5:00:00 PM,Wednesday,Entire Route,General Delay,13,17,B/W,
2014/09/03,33,5:00:00 PM,Wednesday,st.clair west stn to bathurst and eglinton,General Delay,15,30,BW,8173
2014/09/03,53,5:00:00 PM,Wednesday,Markham and Passmore,Utilized Off Route,5,10,W/B,1800
2014/09/03,54,5:02:00 PM,Wednesday,don mills lawrence,Emergency Services,11,22,w,7584
2014/09/03,95,5:05:00 PM,Wednesday,Ellesmere and Muirbank,Mechanical,5,10,EB,1725
2014/09/03,29,5:13:00 PM,Wednesday,Wilson Stn,Mechanical,7,15,s,9020
2014/09/03,102,5:16:00 PM,Wednesday,Markham and Nashdene,Late Leaving Garage,21,42,N,7685
2014/09/03,96,5:21:00 PM,Wednesday,wilson stn,Utilized Off Route,18,36,e,7954
2014/09/03,54,5:21:00 PM,Wednesday,eglinton stn,Investigation,11,22,w,7464
2014/09/03,51,5:26:00 PM,Wednesday,Eglinton at Laird,Emergency Services,15,30,eb,1819
2014/09/03,96,5:28:00 PM,Wednesday,wilson stn,Utilized Off Route,6,12,e,1347
2014/09/03,84,5:32:00 PM,Wednesday,Downsview Stn,Mechanical,11,22,E,7228
2014/09/03,195,5:35:00 PM,Wednesday,Eglinton/Jane,Diversion,105,125,s,1207
2014/09/03,35,5:35:00 PM,Wednesday,Eglinton/Jane,Diversion,105,115,s,1363
2014/09/03,32,5:40:00 PM,Wednesday,Eglinton&Jane,Investigation,8,16,E,1653
2014/09/03,23,5:40:00 PM,Wednesday,Main Station,General Delay,7,14,B/W,7840
2014/09/03,36,5:45:00 PM,Wednesday,Arrow Rd,Mechanical,4,8,E,1523
2014/09/03,191,5:45:00 PM,Wednesday,royalcrest at 27,Mechanical,5,10,s,7914
2014/09/03,67,5:50:00 PM,Wednesday,Victoria Park STN,Utilized Off Route,10,20,NB,7589
2014/09/03,60,5:54:00 PM,Wednesday,Steeles/Gerry Fitzgerald,Mechanical,4,8,E,1362
2014/09/03,68,6:00:00 PM,Wednesday,68 Waden Route,General Delay,10,20,B/W,
2014/09/03,67,6:00:00 PM,Wednesday,67 Pharmacy route,General Delay,14,28,B/W,
2014/09/03,124,6:03:00 PM,Wednesday,Lawrence Stn,Utilized Off Route,6,12,e/b,8340
2014/09/03,25,6:06:00 PM,Wednesday,Pape Stn,Utilized Off Route,4,8,N/B,7494
2014/09/03,70,6:07:00 PM,Wednesday,O'Connor and Sandra,Investigation,15,30,e,7643
2014/09/03,102,6:11:00 PM,Wednesday,Warden Stn,Utilized Off Route,10,20,N,7802
2014/09/03,89,6:13:00 PM,Wednesday,Weston rd / Seneca,Investigation,8,15,n,1678
2014/09/03,191,6:14:00 PM,Wednesday,martingrove at albion,Mechanical,5,9,s,7900
2014/09/03,165,6:16:00 PM,Wednesday,Clayson,Investigation,5,10,n,1410
2014/09/03,105,6:18:00 PM,Wednesday,downsview station,Mechanical,29,58,n,9409
2014/09/03,61,6:24:00 PM,Wednesday,Avenue at Wilson,Investigation,12,24,nb,8372
2014/09/03,91,6:27:00 PM,Wednesday,Woodbine/Mortimer,Investigation,24,48,s,7704
2014/09/03,75,6:31:00 PM,Wednesday,Richmond / Sherbourne,Investigation,6,13,NB,8392
2014/09/03,165,6:36:00 PM,Wednesday,Steeles,Utilized Off Route,5,10,S,1200
2014/09/03,92,6:36:00 PM,Wednesday,Woodbine STn,Utilized Off Route,7,14,s,7849
2014/09/03,161,6:43:00 PM,Wednesday,Jane / Alliance,Mechanical,11,22,e,1572
2014/09/03,53,6:50:00 PM,Wednesday,Finch stn,Mechanical,5,10,W/B,7110
2014/09/03,36,6:55:00 PM,Wednesday,Elana,Investigation,5,10,w,1341
2014/09/03,142,6:55:00 PM,Wednesday,Avenue at College,Diversion,10,40,nb,8181
2014/09/03,102,6:56:00 PM,Wednesday,Markham/Cougar,Mechanical,10,20,n,8147
2014/09/03,94,6:59:00 PM,Wednesday,Queens Park Circle,Diversion,398,413,w/b,1017
2014/09/03,5,7:00:00 PM,Wednesday,Queens Park Circle,Diversion,202,226,SB,8320
2014/09/03,116,7:10:00 PM,Wednesday,Kennedy Station,Mechanical,10,20,EB,7577
2014/09/03,36,7:12:00 PM,Wednesday,Finch Ave West and Jane St,Investigation,6,12,E,1341
2014/09/03,45,7:17:00 PM,Wednesday,KP stn,Utilized Off Route,3,14,n,7327
2014/09/03,97,7:21:00 PM,Wednesday,Wilson and Yonge,Mechanical,20,40,e/b,8213
2014/09/03,192,7:30:00 PM,Wednesday,Diversion,Diversion,360,369,n,
2014/09/03,84,7:37:00 PM,Wednesday,Oakdale and Sheppard Ave West,Investigation,5,10,W,1286
2014/09/03,29,7:55:00 PM,Wednesday,Wilson Stn,Mechanical,5,10,s,9009
2014/09/03,102,8:01:00 PM,Wednesday,Warden Stn,Utilized Off Route,18,36,n,7823
2014/09/03,53,8:03:00 PM,Wednesday,Steels @ Mccowan,Mechanical,5,10,W/B,7058
2014/09/03,6,8:35:00 PM,Wednesday,College & Bay,Mechanical,15,30,n/b,1418
2014/09/03,36,9:20:00 PM,Wednesday,humberline and holyoak,Mechanical,5,10,e/b,1381
2014/09/03,39,10:02:00 PM,Wednesday,Finch and Birchmount,Emergency Services,8,16,W,1118
2014/09/03,63,10:40:00 PM,Wednesday,Oakwood & Vaughan,Utilized Off Route,1,1,w/b,1629
2014/09/03,102,10:42:00 PM,Wednesday,Birchmount/St.Clair,Investigation,20,40,n,8147
2014/09/03,47,10:42:00 PM,Wednesday,Eglinton & Keele,Utilized Off Route,1,1,w/b,1597
2014/09/03,6,11:10:00 PM,Wednesday,Wellington & University,Diversion,120,144,s/b,1020
2014/09/03,76,11:42:00 PM,Wednesday,Royal York/Simpson Ave.,Diversion,13,28,b/w,8052
2014/09/03,1,11:42:00 PM,Wednesday,Eglinton Station,Mechanical,5,10,n,1767
2014/09/04,41,12:01:00 AM,Thursday,Northpark & Keele,Mechanical,20,40,s/b,1500
2014/09/04,21,12:14:00 AM,Thursday,Dorcot/Brimley,Investigation,30,60,s,8130
2014/09/04,24,12:37:00 AM,Thursday,Victoria Park/St. Bede,Investigation,10,20,n,7758
2014/09/04,300,2:22:00 AM,Thursday,Bloor and Avenue Rd,Mechanical,10,20,Wb,1679
2014/09/04,196,2:47:00 AM,Thursday,Downsview station,Mechanical,4,6,W,9401
2014/09/04,310,3:30:00 AM,Thursday,manitoba/ new brunswick,Emergency Services,20,40,n/b,9028
2014/09/04,320,4:10:00 AM,Thursday,bay and front,Investigation,5,10,s/b,1642
2014/09/04,303,4:40:00 AM,Thursday,Broadview & Dundas,Mechanical,30,60,NB,7446
2014/09/04,319,4:45:00 AM,Thursday,armal court and albion,Mechanical,30,60,s/b,1265
2014/09/04,45,5:02:00 AM,Thursday,KIPLING STN,Mechanical,30,60,N,8029
2014/09/04,168,5:10:00 AM,Thursday,Dundas W stn,Mechanical,10,20,s,7326
2014/09/04,84,5:18:00 AM,Thursday,arrow garage,Late Leaving Garage,26,32,down,1204
2014/09/04,29,5:21:00 AM,Thursday,Dufferin and Bloor,Late Leaving Garage,11,23,NB,9035
2014/09/04,76,5:22:00 AM,Thursday,Evans and Royal York,Late Leaving Garage,20,40,s,7325
2014/09/04,29,5:22:00 AM,Thursday,Wilson Stn,Late Leaving Garage,8,15,SB,9001
2014/09/04,71,5:23:00 AM,Thursday,Runnymede station,Late Leaving Garage,11,0,NB,1058
2014/09/04,116,5:24:00 AM,Thursday,Kennedy and Eglinton,Mechanical,12,24,e,7441
2014/09/04,52,5:25:00 AM,Thursday,Weston rd and Lawrence,Late Leaving Garage,10,38,e,1029
2014/09/04,73,5:44:00 AM,Thursday,Royal York and Dixon,Mechanical,15,30,s,7959
2014/09/04,39,5:45:00 AM,Thursday,Finch & Leslie,Mechanical,5,10,EB,1725
2014/09/04,12,5:47:00 AM,Thursday,Victoria Park stn,Late Leaving Garage,7,1,E,7682
2014/09/04,46,5:48:00 AM,Thursday,Martin Grove loop,Mechanical,10,20,s,1343
2014/09/04,129,5:52:00 AM,Thursday,McCowan Steeles loop,Mechanical,6,12,s,1096
2014/09/04,131,5:56:00 AM,Thursday,MVOF old finch,Late Leaving Garage,8,15,s,1120
2014/09/04,104,5:59:00 AM,Thursday,Wilson stn,Late Leaving Garage,14,28,n/b,8193
2014/09/04,52,6:01:00 AM,Thursday,Ter 3,Late Leaving Garage,25,31,e,1253
2014/09/04,35,6:02:00 AM,Thursday,arrow garage,Late Leaving Garage,21,42,down,1382
2014/09/04,52,6:02:00 AM,Thursday,Lawrence stn,Late Leaving Garage,3,6,w,1041
2014/09/04,29,6:02:00 AM,Thursday,Springhurst loop,Late Leaving Garage,9,18,NB,9045
2014/09/04,37,6:05:00 AM,Thursday,Finch and Islington,Late Leaving Garage,8,16,S,1377
2014/09/04,95,6:08:00 AM,Thursday,Ellesmere R.T. Station,Mechanical,5,12,w,8330
2014/09/04,53,6:08:00 AM,Thursday,Morningside and Staines,Mechanical,8,18,w,9065
2014/09/04,105,6:10:00 AM,Thursday,Wilson Stn,Late Leaving Garage,15,21,NB,9406
2014/09/04,6,6:10:00 AM,Thursday,Bedford & Davenport,Mechanical,6,12,SB,1016
2014/09/04,68,6:12:00 AM,Thursday,Warden station,Mechanical,4,9,NB,7473
2014/09/04,6,6:13:00 AM,Thursday,Mt. dennis garage,Late Leaving Garage,7,14,SB,1045
2014/09/04,59,6:15:00 AM,Thursday,arrow garage,Late Leaving Garage,10,20,down,
2014/09/04,32,6:18:00 AM,Thursday,pine and lawrence,Late Leaving Garage,5,12,eb,1406
2014/09/04,96,6:20:00 AM,Thursday,Bartor/Sheppard,Mechanical,25,30,w,7205
2014/09/04,90,6:20:00 AM,Thursday,Northcliff and Eglinton,Late Leaving Garage,8,16,s/b,9424
2014/09/04,84,6:21:00 AM,Thursday,arrow rd garage,Late Leaving Garage,26,52,up,1268
2014/09/04,37,6:22:00 AM,Thursday,Steeles and Islington,Late Leaving Garage,10,20,S,7935
2014/09/04,100,6:22:00 AM,Thursday,Broadview Stn,Utilized Off Route,4,8,NB,7486
2014/09/04,6,6:24:00 AM,Thursday,Eglinton Stn,Late Leaving Garage,1,1,SB,8337
2014/09/04,60,6:25:00 AM,Thursday,York University Commons,Late Leaving Garage,14,0,E,1295
2014/09/04,73,6:27:00 AM,Thursday,Royal York stn,Mechanical,15,30,s,7310
2014/09/04,54,6:27:00 AM,Thursday,Lawrence Scarbough Golf Club rd,Mechanical,9,18,eb,7517
2014/09/04,196,6:28:00 AM,Thursday,Commons,Mechanical,10,0,s/b,9440
2014/09/04,37,6:34:00 AM,Thursday,Islington Station,Late Leaving Garage,6,12,N,1371
2014/09/04,53,6:35:00 AM,Thursday,Finch Station,Mechanical,12,23,e,9079
2014/09/04,54,6:36:00 AM,Thursday,Eglinton stn,Emergency Services,4,8,eb,7516
2014/09/04,116,6:38:00 AM,Thursday,Ellesmere and Morrish,Mechanical,22,44,e,7573
2014/09/04,39,6:40:00 AM,Thursday,Seneca College,Late Leaving Garage,7,14,WB,1731
2014/09/04,46,6:45:00 AM,Thursday,Martin Grove loop,Mechanical,10,20,s,7201
2014/09/04,86,6:49:00 AM,Thursday,kennedy station,Mechanical,17,34,e,7615
2014/09/04,104,6:49:00 AM,Thursday,Antibies and Bathurst,Late Leaving Garage,6,12,e/b,8192
2014/09/04,111,6:49:00 AM,Thursday,366 THE EAST MALL,Investigation,10,20,S,8064
2014/09/04,6,6:50:00 AM,Thursday,Mt. Dennis garage,Late Leaving Garage,7,14,SB,1532
2014/09/04,73,6:52:00 AM,Thursday,Albion and Humberline,Investigation,15,30,s,8094
2014/09/04,57,6:53:00 AM,Thursday,Steeles and Midland,Late Leaving Garage,6,12,S,8118
2014/09/04,108,6:58:00 AM,Thursday,Downsview Station,Late Leaving Garage,13,26,W,1211
2014/09/04,21,6:58:00 AM,Thursday,Scarborough Town center,Mechanical,14,28,S,7692
2014/09/04,46,7:00:00 AM,Thursday,martin grove loop,Mechanical,10,20,s,1268
2014/09/04,116,7:04:00 AM,Thursday,Kennedy station,Mechanical,7,14,e,7606
2014/09/04,116,7:07:00 AM,Thursday,Kennedy station,Utilized Off Route,11,22,e,7478
2014/09/04,96,7:10:00 AM,Thursday,Albion/,Mechanical,25,30,e,7239
2014/09/04,196,7:11:00 AM,Thursday,York Commons,Mechanical,4,8,S,9412
2014/09/04,95,7:12:00 AM,Thursday,SCLP   U of T Loop,Late Leaving Garage,9,18,w,1396
2014/09/04,25,7:13:00 AM,Thursday,Pape Stn,Mechanical,3,6,NB,7680
2014/09/04,54,7:17:00 AM,Thursday,Eglinton stn,Emergency Services,5,11,eb,7656
2014/09/04,196,7:17:00 AM,Thursday,York Commons,Late Leaving Garage,2,4,S,8319
2014/09/04,35,7:20:00 AM,Thursday,jane and sheppard,Mechanical,10,20,down,7951
2014/09/04,71,7:21:00 AM,Thursday,Mt Dennis Division,Mechanical,20,40,SB,1033
2014/09/04,196,7:25:00 AM,Thursday,York Commons,Late Leaving Garage,2,4,S,8173
2014/09/04,192,7:25:00 AM,Thursday,KIPLING STN,Mechanical,10,20,N,8007
2014/09/04,86,7:30:00 AM,Thursday,Scarborough Route,General Delay,10,0,B/W,
2014/09/04,33,7:30:00 AM,Thursday,Castlefield to St.Clair west,General Delay,10,26,b/w,
2014/09/04,7,7:30:00 AM,Thursday,Steeles to Bathurst stn,General Delay,15,24,b/w,
2014/09/04,160,7:30:00 AM,Thursday,Clark to Wilson stn,General Delay,15,36,b/w,
2014/09/04,88,7:30:00 AM,Thursday,St Clair to Beth Nielson,General Delay,10,16,WB,8204
2014/09/04,51,7:30:00 AM,Thursday,Eglinton stn to Freshmedow,General Delay,20,50,b/w,
2014/09/04,88,7:42:00 AM,Thursday,St Clair Stn,Mechanical,6,12,EB,8180
2014/09/04,75,7:44:00 AM,Thursday,Jarvis and Queen Quay,Mechanical,6,12,n/b,1806
2014/09/04,143,7:45:00 AM,Thursday,Nevelle loop,General Delay,8,1,B/W,
2014/09/04,53,7:45:00 AM,Thursday,Finch Station to Morningside and Staines,General Delay,31,16,b/w,
2014/09/04,21,8:00:00 AM,Thursday,Scarborough Town Center,General Delay,8,1,b/W,
2014/09/04,36,8:00:00 AM,Thursday,Finch West route,General Delay,18,24,B,1216
2014/09/04,165,8:00:00 AM,Thursday,Weston North route@ Wils stn,General Delay,20,28,B,
2014/09/04,199,8:00:00 AM,Thursday,Finch station to Scarborough Town Centre,General Delay,8,12,B/W,7134
2014/09/04,24,8:00:00 AM,Thursday,VP ROUTE,General Delay,10,0,BW,
2014/09/04,57,8:00:00 AM,Thursday,Midland route,General Delay,10,1,b/W,
2014/09/04,46,8:00:00 AM,Thursday,martin Grove,General Delay,12,24,B/w,
2014/09/04,56,8:00:00 AM,Thursday,Eglinton stn to Donlands stn,General Delay,12,24,b/w,
2014/09/04,109,8:00:00 AM,Thursday,Neptune to Eglinton west stn,General Delay,15,27,b/w,
2014/09/04,54,8:00:00 AM,Thursday,Eglinton stn to Don Mills rd,General Delay,18,33,bw,
2014/09/04,11,8:00:00 AM,Thursday,Steeles loop to Davisville stn,General Delay,15,30,b/w,
2014/09/04,52,8:00:00 AM,Thursday,Bolingbroke and Lawrence,Mechanical,3,6,w,1598
2014/09/04,70,8:00:00 AM,Thursday,Coxwell stn to Eglinton ave and Warden stn,General Delay,17,32,bw,
2014/09/04,116,8:00:00 AM,Thursday,Morningside Route,General Delay,10,0,B/W,
2014/09/04,39,8:00:00 AM,Thursday,Finch station to Old Finch,General Delay,8,12,B/W,7063
2014/09/04,60,8:00:00 AM,Thursday,Peter Kaiser Avenue,General Delay,17,25,E,
2014/09/04,6,8:00:00 AM,Thursday,Avenue Rd & Davenport,General Delay,7,15,BW,
2014/09/04,61,8:00:00 AM,Thursday,Eglinton stn to Bombay loop,General Delay,15,30,b/w,
2014/09/04,70,8:10:00 AM,Thursday,St Clair Oconnor,Mechanical,14,28,wb,7594
2014/09/04,87,8:10:00 AM,Thursday,Main stn,Utilized Off Route,10,20,W,7758
2014/09/04,35,8:10:00 AM,Thursday,jane and finch,Mechanical,10,20,up,1372
2014/09/04,75,8:29:00 AM,Thursday,jarvis and Queen Quay,Utilized Off Route,6,12,n/b,8174
2014/09/04,25,8:30:00 AM,Thursday,Entire Route,General Delay,10,8,BW,
2014/09/04,25,8:32:00 AM,Thursday,Pape Stn,Utilized Off Route,3,6,NB,7648
2014/09/04,196,8:35:00 AM,Thursday,Downsview Station,Utilized Off Route,6,12,N,8378
2014/09/04,12,8:36:00 AM,Thursday,Kingston rd and Bingham ave,Investigation,12,24,W,7809
2014/09/04,106,8:37:00 AM,Thursday,Downsview Station,Mechanical,8,14,W,9426
2014/09/04,196,8:40:00 AM,Thursday,Pond and Sentinel,Mechanical,2,4,E,9438
2014/09/04,199,8:40:00 AM,Thursday,Scarborough Town Centre,Utilized Off Route,3,6,WB,1741
2014/09/04,100,8:44:00 AM,Thursday,Don Mills at Eglinton,Utilized Off Route,11,22,SB,7634
2014/09/04,108,8:45:00 AM,Thursday,Downsview Station,Mechanical,14,28,W,1346
2014/09/04,25,8:47:00 AM,Thursday,@ Cliffewood,Investigation,4,8,NB,7467
2014/09/04,37,8:48:00 AM,Thursday,La Roca Avenue on Islington,Mechanical,18,36,S,1299
2014/09/04,91,8:48:00 AM,Thursday,Yorkmills and Silverdale.,General Delay,13,1,S,7820
2014/09/04,41,8:55:00 AM,Thursday,Keele and Ingram,Investigation,15,30,N/B,1039
2014/09/04,199,8:56:00 AM,Thursday,Scarborough Town Centre,Mechanical,3,7,WB,7044
2014/09/04,32,8:59:00 AM,Thursday,Eglinton and Chilter hill,Investigation,5,10,EB,1051
2014/09/04,34,9:00:00 AM,Thursday,34-Eglinton Route,General Delay,10,18,BW,
2014/09/04,54,9:00:00 AM,Thursday,Warden Station,Utilized Off Route,1,1,bw,7549
2014/09/04,35,9:15:00 AM,Thursday,arrow garage,Late Leaving Garage,21,0,down,1377
2014/09/04,25,9:18:00 AM,Thursday,Don Mills Stn,Investigation,4,8,NB,7651
2014/09/04,63,9:32:00 AM,Thursday,Ossington Stn.,Mechanical,8,16,SB,1595
2014/09/04,25,9:38:00 AM,Thursday,Freshmeadow,Investigation,3,6,SB,7545
2014/09/04,196,9:44:00 AM,Thursday,Downsview station,Mechanical,6,12,E/B,9415
2014/09/04,5,9:49:00 AM,Thursday,Avenue rd and StClair,Investigation,11,21,n/b,8337
2014/09/04,6,9:55:00 AM,Thursday,Bay And Bloor,Utilized Off Route,10,20,N/B,1045
2014/09/04,67,10:00:00 AM,Thursday,67 Pharmacy Route,General Delay,7,21,BW,
2014/09/04,41,10:00:00 AM,Thursday,Tangiers and finch and Keele and Ingram,General Delay,15,25,B/W,
2014/09/04,7,10:09:00 AM,Thursday,Bathurst stn,Utilized Off Route,9,18,n/b,9046
2014/09/04,43,10:21:00 AM,Thursday,77 Progress Ave,Investigation,11,22,NB,7620
2014/09/04,172,10:49:00 AM,Thursday,YORK AND WELLINGTON,Mechanical,22,44,N,7830
2014/09/04,63,10:53:00 AM,Thursday,Davenport on Oakwood,Investigation,7,14,SB,1511
2014/09/04,86,11:00:00 AM,Thursday,kennedy stn,Mechanical,10,20,e,7623
2014/09/04,37,11:04:00 AM,Thursday,Islington Station,Investigation,16,32,N,1205
2014/09/04,97,11:05:00 AM,Thursday,Yonge and manor,Mechanical,30,60,S,1824
2014/09/04,86,11:10:00 AM,Thursday,Kennedy station,Mechanical,10,20,e,7479
2014/09/04,86,11:15:00 AM,Thursday,Toronto Zoo,Mechanical,10,20,w,7535
2014/09/04,32,11:15:00 AM,Thursday,Eglinton and Renforth,Mechanical,7,14,EB,1670
2014/09/04,59,11:30:00 AM,Thursday,ingram and benton,General Delay,30,60,n/b,1519
2014/09/04,196,11:47:00 AM,Thursday,Downsview station,Mechanical,8,16,E/B,9439
2014/09/04,190,11:49:00 AM,Thursday,Don Mills station,Emergency Services,11,21,E,1135
2014/09/04,60,11:50:00 AM,Thursday,Finch Station,Mechanical,7,14,W,1706
2014/09/04,44,11:57:00 AM,Thursday,COL> SMITH LOOP,Mechanical,6,12,N,8054
2014/09/04,49,11:57:00 AM,Thursday,KIPLING STATION,Mechanical,15,30,W,8052
2014/09/04,25,11:59:00 AM,Thursday,Don Mills & Freshmeadow,Mechanical,10,20,SB,7612
2014/09/04,61,12:08:00 PM,Thursday,Avenue and Lawrence,Emergency Services,15,30,n,8312
2014/09/04,52,12:23:00 PM,Thursday,Lawrence west stn,Investigation,15,30,w/b,1530
2014/09/04,5,12:30:00 PM,Thursday,Eglinton Station to Elm/Queens Park Circle,General Delay,20,1,bw,
2014/09/04,5,12:30:00 PM,Thursday,Eglinton Station to Elm/Queens Park,General Delay,20,1,bw,
2014/09/04,61,12:30:00 PM,Thursday,Eglinton Station to Bombay Loop,General Delay,20,1,bw,
2014/09/04,36,12:36:00 PM,Thursday,Finch and Jane,Mechanical,5,10,E,7955
2014/09/04,53,12:43:00 PM,Thursday,Steeles and Brimley,Mechanical,6,12,w,7083
2014/09/04,199,12:49:00 PM,Thursday,Finch station,Mechanical,4,9,EB,7057
2014/09/04,54,12:50:00 PM,Thursday,Warden Lawrence,Mechanical,9,18,eb,7562
2014/09/04,11,12:56:00 PM,Thursday,Davisville Station,Utilized Off Route,11,21,n,8327
2014/09/04,34,1:00:00 PM,Thursday,Leslie to Bayview,General Delay,20,30,BW,
2014/09/04,75,1:10:00 PM,Thursday,Sherbourne at Bloor,Mechanical,7,14,s/b,8174
2014/09/04,95,1:19:00 PM,Thursday,U of T Loop,Investigation,5,10,EB,1126
2014/09/04,38,1:22:00 PM,Thursday,U OF T Scar Campus loop,Diversion,6,12,W,1723
2014/09/04,95,1:23:00 PM,Thursday,U of T Loop,Diversion,23,28,EB,1745
2014/09/04,32,1:30:00 PM,Thursday,Eglinton West Station,Mechanical,13,26,e/b,1664
2014/09/04,34,1:35:00 PM,Thursday,Eglinton and Lebovic,Mechanical,8,16,WB,7532
2014/09/04,47,1:40:00 PM,Thursday,Earlscourt loop,Mechanical,15,30,s/b,1560
2014/09/04,191,1:59:00 PM,Thursday,Kipling Stn,Mechanical,8,16,N,7904
2014/09/04,6,2:00:00 PM,Thursday,entire route,General Delay,10,40,b/w,
2014/09/04,47,2:00:00 PM,Thursday,entire route,General Delay,15,40,b/w,
2014/09/04,63,2:00:00 PM,Thursday,entire route,General Delay,7,40,b/w,
2014/09/04,94,2:00:00 PM,Thursday,entire route,General Delay,12,40,b/w,
2014/09/04,21,2:00:00 PM,Thursday,Brimley Route,General Delay,20,1,B/W,
2014/09/04,44,2:00:00 PM,Thursday,Kipling and Queensway,Mechanical,3,7,s,8037
2014/09/04,160,2:00:00 PM,Thursday,160 BATHURST NORTH ROUTE,General Delay,30,60,,
2014/09/04,25,2:00:00 PM,Thursday,Pape Station to Freshmeadow and Don Mills,General Delay,10,14,BW,
2014/09/04,57,2:00:00 PM,Thursday,Midland Route,General Delay,15,1,B/W,
2014/09/04,7,2:00:00 PM,Thursday,7 BATHURST ROUTE,General Delay,10,20,,
2014/09/04,172,2:00:00 PM,Thursday,172 Cherry Street,General Delay,25,1,B/W,7874
2014/09/04,165,2:13:00 PM,Thursday,Wilson Stn,Mechanical,5,10,E,1329
2014/09/04,85,2:13:00 PM,Thursday,Bayview and Sheppard,Mechanical,22,44,w/b,1085
2014/09/04,96,2:24:00 PM,Thursday,Yorkmills station,Utilized Off Route,18,36,w,1244
2014/09/04,57,2:30:00 PM,Thursday,Midland & McNicoll,Late Leaving Garage,0,14,S/B,7769
2014/09/04,106,2:30:00 PM,Thursday,No A/c,Mechanical,10,20,W/b,9448
2014/09/04,96,2:30:00 PM,Thursday,wilson ave - wilson stn  to  yorkmills stn,General Delay,18,36,bw,
2014/09/04,53,2:30:00 PM,Thursday,Brebeuf College,Late Leaving Garage,3,7,WB,7006
2014/09/04,191,2:30:00 PM,Thursday,Hwy 427 - Dundas to Eglinton,General Delay,12,18,bw,
2014/09/04,112,2:32:00 PM,Thursday,Garage,Mechanical,3,7,s,7979
2014/09/04,85,2:33:00 PM,Thursday,Don mills Station,Utilized Off Route,9,18,e/b,1397
2014/09/04,52,2:41:00 PM,Thursday,Lawrence stn,Late Leaving Garage,5,15,w/b,1273
2014/09/04,25,2:42:00 PM,Thursday,Eglinton Garage,Utilized Off Route,4,7,BW,7637
2014/09/04,45,2:50:00 PM,Thursday,Kipling and Belfield,Mechanical,11,22,s,8098
2014/09/04,190,2:51:00 PM,Thursday,Scarborough Town Center,Late Leaving Garage,5,14,w/b,7033
2014/09/04,53,2:57:00 PM,Thursday,Brebeuf College,Late Leaving Garage,7,24,W,9063
2014/09/04,126,3:00:00 PM,Thursday,126-Christie route,General Delay,10,8,b/w,
2014/09/04,68,3:00:00 PM,Thursday,68 Warden route,General Delay,20,26,BW,
2014/09/04,67,3:00:00 PM,Thursday,67 Pharmacy Route,General Delay,10,20,BW,
2014/09/04,54,3:00:00 PM,Thursday,Brentcliffe,General Delay,17,29,w,
2014/09/04,72,3:00:00 PM,Thursday,Pape stn,General Delay,15,1,B/W,
2014/09/04,37,3:00:00 PM,Thursday,Eglinton Ave West and Islington,Late Leaving Garage,7,14,S,
2014/09/04,52,3:00:00 PM,Thursday,52-Lawrence West route,General Delay,10,8,b/w,
2014/09/04,39,3:02:00 PM,Thursday,Neilson and Crow Trail,Mechanical,6,12,E/B,7073
2014/09/04,139,3:04:00 PM,Thursday,Baldoon and Finch,Late Leaving Garage,20,40,e,7051
2014/09/04,192,3:06:00 PM,Thursday,garage,Mechanical,8,16,s,8000
2014/09/04,95,3:06:00 PM,Thursday,Kingston Road loop[,Mechanical,8,16,WB,1739
2014/09/04,60,3:07:00 PM,Thursday,Steeles/Kipling,Late Leaving Garage,9,16,E,7906
2014/09/04,122,3:12:00 PM,Thursday,Roywood and Underpass,Late Leaving Garage,13,26,e,8210
2014/09/04,32,3:12:00 PM,Thursday,Trethewey and Todd Baylis.,Mechanical,8,19,e/b,1666
2014/09/04,59,3:14:00 PM,Thursday,Jane/Chuch,Mechanical,10,20,w,1706
2014/09/04,195,3:15:00 PM,Thursday,jane Station,Mechanical,10,20,n,1378
2014/09/04,91,3:17:00 PM,Thursday,Lawrence and Underhill,Diversion,19,38,N,7826
2014/09/04,61,3:18:00 PM,Thursday,Eglinton Station,Mechanical,12,24,nb,1822
2014/09/04,60,3:19:00 PM,Thursday,Finch Stn,Late Leaving Garage,7,14,W,1301
2014/09/04,95,3:22:00 PM,Thursday,York mills Station,Mechanical,10,20,EB,1079
2014/09/04,199,3:30:00 PM,Thursday,Finch Stn to Scarborough Town Centre,General Delay,15,10,B/W,
2014/09/04,39,3:30:00 PM,Thursday,Finch Stn to Old Finch and Morningview Trail,General Delay,15,10,B/W,
2014/09/04,11,3:30:00 PM,Thursday,Davisville Station to Steeles Loop,General Delay,15,1,bw,
2014/09/04,95,3:31:00 PM,Thursday,York Mills Station,Mechanical,12,24,EB,1104
2014/09/04,124,3:32:00 PM,Thursday,Lawrence stn,Late Leaving Garage,6,12,E/B,8346
2014/09/04,96,3:34:00 PM,Thursday,wilson stn,Mechanical,18,36,w,7205
2014/09/04,37,3:36:00 PM,Thursday,Eglinton and Islington,Late Leaving Garage,8,16,S,
2014/09/04,60,3:36:00 PM,Thursday,Finch Stn,Late Leaving Garage,7,10,W,7926
2014/09/04,60,3:38:00 PM,Thursday,Steeles/Kipling,Late Leaving Garage,16,31,E,1337
2014/09/04,75,3:39:00 PM,Thursday,Esplande / Sherbourne,Investigation,7,14,SB,8305
2014/09/04,165,3:39:00 PM,Thursday,Yorkmills,Mechanical,5,10,N,7239
2014/09/04,35,3:40:00 PM,Thursday,Jane Station,Mechanical,7,14,s,7955
2014/09/04,84,3:40:00 PM,Thursday,Rivald and Sheppard Ave West,Late Leaving Garage,6,12,W,
2014/09/04,771,3:42:00 PM,Thursday,Wilson Yard,Late Leaving Garage,0,0,s,
2014/09/04,106,3:43:00 PM,Thursday,Downsview station,Mechanical,9,19,W,9446
2014/09/04,96,3:44:00 PM,Thursday,woodbine downs,Mechanical,18,36,e,7954
2014/09/04,89,3:45:00 PM,Thursday,Keele stn,Mechanical,7,14,n,1651
2014/09/04,107,3:45:00 PM,Thursday,Kodiak cres & Whitehorse rd,Diversion,22,44,N,9411
2014/09/04,60,3:49:00 PM,Thursday,Finch Stn,Late Leaving Garage,16,31,W,7954
2014/09/04,60,3:50:00 PM,Thursday,Finch Stn,Late Leaving Garage,7,14,W,7940
2014/09/04,59,3:50:00 PM,Thursday,Oak,Mechanical,10,20,w,7915
2014/09/04,199,3:51:00 PM,Thursday,Scarborough Town Centre,Late Leaving Garage,4,8,W/B,1801
2014/09/04,52,3:51:00 PM,Thursday,Terminal # 1,Late Leaving Garage,11,16,e/b,1047
2014/09/04,61,3:52:00 PM,Thursday,Bombay Loop,Mechanical,12,24,s,1826
2014/09/04,36,3:53:00 PM,Thursday,Humberwood Loop,Mechanical,5,8,E,7903
2014/09/04,110,3:54:00 PM,Thursday,Islington station,Mechanical,22,44,sb,8008
2014/09/04,53,3:54:00 PM,Thursday,Steels @ Kennedy,Investigation,5,13,W,9075
2014/09/04,54,3:58:00 PM,Thursday,eglinton garage,Late Leaving Garage,11,22,e,7625
2014/09/04,25,4:00:00 PM,Thursday,Overlea and Don Mills,General Delay,15,17,SB,
2014/09/04,59,4:00:00 PM,Thursday,Jane/Church,Late Leaving Garage,10,20,w,1244
2014/09/04,142,4:00:00 PM,Thursday,Bombay Loop to Church and Richmond,General Delay,40,1,BW,
2014/09/04,143,4:00:00 PM,Thursday,143 Beach Express,General Delay,40,1,B/W,
2014/09/04,24,4:00:00 PM,Thursday,Victoria Park Route,General Delay,10,20,bw,7763
2014/09/04,35,4:00:00 PM,Thursday,Jane Route,General Delay,20,30,b/W,
2014/09/04,59,4:00:00 PM,Thursday,jane Route,General Delay,20,30,b/W,
2014/09/04,192,4:00:00 PM,Thursday,Entire route,General Delay,0,0,s,
2014/09/04,30,4:00:00 PM,Thursday,Entire route,General Delay,0,0,s,
2014/09/04,51,4:00:00 PM,Thursday,Eglinton Station to Townsend and Freshmeadow,General Delay,12,1,bw,
2014/09/04,195,4:00:00 PM,Thursday,Jane Route,General Delay,20,30,b/W,
2014/09/04,61,4:00:00 PM,Thursday,Bombay Loop to Eglinton Station,General Delay,10,1,bw,
2014/09/04,29,4:02:00 PM,Thursday,Wilson Stn,Mechanical,8,16,s,9001
2014/09/04,54,4:04:00 PM,Thursday,eglinton garage,Late Leaving Garage,10,20,e,7669
2014/09/04,53,4:05:00 PM,Thursday,Steels @ Dudley,Mechanical,5,10,W,7002
2014/09/04,199,4:08:00 PM,Thursday,STC,Utilized Off Route,4,8,E/B,1119
2014/09/04,134,4:08:00 PM,Thursday,Centennial College road way.,Diversion,7,14,E/B,
2014/09/04,15,4:09:00 PM,Thursday,Royal York south of Bloor,Investigation,12,25,sb,8087
2014/09/04,34,4:09:00 PM,Thursday,Kennedy Station,Mechanical,4,8,EB,7418
2014/09/04,36,4:12:00 PM,Thursday,Finch Stn,Utilized Off Route,5,10,W,1241
2014/09/04,116,4:13:00 PM,Thursday,Kennedy Station,Mechanical,6,12,EB,7611
2014/09/04,53,4:15:00 PM,Thursday,Finch Stn to Morningside & Staines,General Delay,10,20,BW,
2014/09/04,106,4:21:00 PM,Thursday,Downsview station,Mechanical,9,19,W,9430
2014/09/04,90,4:23:00 PM,Thursday,St.clair West station,Utilized Off Route,11,21,NB,9408
2014/09/04,35,4:27:00 PM,Thursday,Jane Station,Mechanical,7,14,s,59
2014/09/04,144,4:30:00 PM,Thursday,144 Downtown Express,General Delay,60,80,BW,
2014/09/04,97,4:30:00 PM,Thursday,Yorkmills stn to Queens Quay,General Delay,30,60,n/b,8167
2014/09/04,72,4:30:00 PM,Thursday,Pape Stn,Utilized Off Route,10,20,N/B,7879
2014/09/04,12,4:30:00 PM,Thursday,Kingston Road Route,General Delay,12,1,B/W,
2014/09/04,81,4:30:00 PM,Thursday,Thorncliffe Route,General Delay,10,1,B/W,
2014/09/04,60,4:31:00 PM,Thursday,Steeles/Signet,Mechanical,16,31,W,7954
2014/09/04,16,4:38:00 PM,Thursday,McCowan and Ellesmere,Mechanical,8,16,s,8107
2014/09/04,191,4:40:00 PM,Thursday,Humber College/Finch,Mechanical,8,16,N,7931
2014/09/04,60,4:42:00 PM,Thursday,Steeles/Peter Kaiser,Mechanical,0,0,E,7234
2014/09/04,72,4:45:00 PM,Thursday,Pape Stn,Mechanical,10,20,S/B,8128
2014/09/04,17,4:47:00 PM,Thursday,Birchmount and Foxridge,Investigation,22,44,n,7737
2014/09/04,81,4:55:00 PM,Thursday,Pape Stn,Utilized Off Route,7,14,N/B,7790
2014/09/04,117,4:58:00 PM,Thursday,Downsview station,Mechanical,12,24,N,8349
2014/09/04,85,5:00:00 PM,Thursday,Entire Route,General Delay,11,20,B/W's,
2014/09/04,32,5:01:00 PM,Thursday,Pine and Lawrence Ave W,Mechanical,8,16,e/b,1221
2014/09/04,84,5:14:00 PM,Thursday,Willington and Sheppard Ave West,Mechanical,6,12,W,1251
2014/09/04,85,5:16:00 PM,Thursday,Don Mills Station,Utilized Off Route,9,18,e/b,1796
2014/09/04,190,5:17:00 PM,Thursday,Don mills Station,Utilized Off Route,5,9,e/b,7039
2014/09/04,129,5:18:00 PM,Thursday,McCowan and Southdale,Emergency Services,18,36,SB,1097
2014/09/04,780,5:18:00 PM,Thursday,Kennedy Station,Utilized Off Route,1,1,WB,7409
2014/09/04,95,5:19:00 PM,Thursday,York Mills Station,Utilized Off Route,4,8,EB,1769
2014/09/04,199,5:20:00 PM,Thursday,Finch Stn,Utilized Off Route,4,8,W/B,1783
2014/09/04,84,5:20:00 PM,Thursday,Sheppard Station,Utilized Off Route,6,12,W,1414
2014/09/04,780,5:20:00 PM,Thursday,Eglinton Garage,Utilized Off Route,1,1,S,7433
2014/09/04,96,5:21:00 PM,Thursday,wilson stn,Utilized Off Route,18,38,1,7954
2014/09/04,196,5:22:00 PM,Thursday,Downsview station,Mechanical,4,6,W,9438
2014/09/04,39,5:22:00 PM,Thursday,Finch Stn,Utilized Off Route,5,15,W/B,1715
2014/09/04,196,5:22:00 PM,Thursday,Downsview station,Utilized Off Route,6,12,e,1817
2014/09/04,108,5:23:00 PM,Thursday,Downsview Stn,Utilized Off Route,14,28,W,1212
2014/09/04,107,5:23:00 PM,Thursday,Downsview station,Mechanical,22,44,S,9435
2014/09/04,95,5:24:00 PM,Thursday,York Mills Station,Utilized Off Route,4,8,EB,1770
2014/09/04,36,5:24:00 PM,Thursday,John Garland,Mechanical,4,8,W,1330
2014/09/04,709,5:24:00 PM,Thursday,Eglinton West Station,Utilized Off Route,1,1,e/b,1502
2014/09/04,124,5:25:00 PM,Thursday,Lawrence stn,Utilized Off Route,6,12,E/B,8157
2014/09/04,75,5:25:00 PM,Thursday,BLOOR / SHERBOURNE,Utilized Off Route,7,14,NB,8396
2014/09/04,88,5:25:00 PM,Thursday,St.Clair stn,Utilized Off Route,7,14,E/B,8307
2014/09/04,87,5:25:00 PM,Thursday,Broadview Stn,Utilized Off Route,6,12,E/B,7749
2014/09/04,95,5:25:00 PM,Thursday,Ellesmere and Birchmount,Utilized Off Route,4,8,wb,1703
2014/09/04,54,5:25:00 PM,Thursday,eglintion stn,Utilized Off Route,11,22,w,7634
2014/09/04,7,5:25:00 PM,Thursday,BATHURST STATION,Utilized Off Route,7,14,NB,9053
2014/09/04,34,5:26:00 PM,Thursday,Eglinton Station,Utilized Off Route,4,8,23378,7537
2014/09/04,25,5:26:00 PM,Thursday,Pape Station,Utilized Off Route,3,6,N,7406
2014/09/04,53,5:27:00 PM,Thursday,Finch Stn,Utilized Off Route,7,19,W,9076
2014/09/04,16,5:27:00 PM,Thursday,McCowan and Ellesmere,Utilized Off Route,9,18,s,7869
2014/09/04,53,5:28:00 PM,Thursday,Finch Station,Utilized Off Route,5,10,W,7098
2014/09/04,96,5:28:00 PM,Thursday,wilson stn,Utilized Off Route,6,12,e,1347
2014/09/04,196,5:29:00 PM,Thursday,Sheppard station,Utilized Off Route,6,12,W,8186
2014/09/04,52,5:30:00 PM,Thursday,Lawrence west stn,Utilized Off Route,11,22,w/b,1029
2014/09/04,6,5:30:00 PM,Thursday,bay and bloor,Utilized Off Route,10,20,s/b,1035
2014/09/04,6,5:30:00 PM,Thursday,wellington,Utilized Off Route,10,20,s/b,1600
2014/09/04,41,5:30:00 PM,Thursday,Keele stn,Utilized Off Route,16,32,n,1577
2014/09/04,59,5:30:00 PM,Thursday,Lawrence stataion,Utilized Off Route,8,16,w,1244
2014/09/04,47,5:30:00 PM,Thursday,caledonia and st clair,Mechanical,26,52,s/b,1222
2014/09/04,195,5:30:00 PM,Thursday,Jane Station,Utilized Off Route,10,20,w,1378
2014/09/04,90,5:30:00 PM,Thursday,ST.CLAIR WEST STATION,Utilized Off Route,10,21,NB,8339
2014/09/04,100,5:30:00 PM,Thursday,Pape and Millwood,Utilized Off Route,4,8,S,7475
2014/09/04,29,5:30:00 PM,Thursday,Springhurst Loop,Utilized Off Route,4,8,n,8153
2014/09/04,161,5:30:00 PM,Thursday,Entire route,General Delay,7,14,b/w,
2014/09/04,120,5:30:00 PM,Thursday,Wilson Stn,Utilized Off Route,22,44,N,1281
2014/09/04,86,5:30:00 PM,Thursday,Kennedy Station,Utilized Off Route,11,21,EB,7400
2014/09/04,29,5:31:00 PM,Thursday,Dufferin and Dupont,Utilized Off Route,4,8,s,9048
2014/09/04,56,5:31:00 PM,Thursday,Donlands Station,Utilized Off Route,11,22,nb,8208
2014/09/04,139,5:32:00 PM,Thursday,Neilson and Crow Trail,Mechanical,20,40,E/B,1144
2014/09/04,195,5:35:00 PM,Thursday,Jane Station,Utilized Off Route,10,20,w,1554
2014/09/04,52,5:35:00 PM,Thursday,Bathurst & Lawrence,Utilized Off Route,11,22,w/b,1646
2014/09/04,168,5:35:00 PM,Thursday,Dundas West Station,Utilized Off Route,6,12,N,7309
2014/09/04,60,5:35:00 PM,Thursday,Steeles/Bathurst,Utilized Off Route,3,7,E,1279
2014/09/04,87,5:35:00 PM,Thursday,Main Stn,Utilized Off Route,6,12,w,7820
2014/09/04,89,5:35:00 PM,Thursday,Keele stn,Utilized Off Route,8,16,n,1032
2014/09/04,17,5:36:00 PM,Thursday,Warden Station,Utilized Off Route,15,30,s,7819
2014/09/04,11,5:36:00 PM,Thursday,Davisville Station,Utilized Off Route,6,12,eb/nb,8345
2014/09/04,36,5:36:00 PM,Thursday,Finch Stn,Utilized Off Route,4,8,W,1365
2014/09/04,50,5:36:00 PM,Thursday,Islington station,Utilized Off Route,13,26,wb,7303
2014/09/04,129,5:36:00 PM,Thursday,McCowan and Hwy 7,Diversion,26,44,SB,1074
2014/09/04,39,5:36:00 PM,Thursday,Baldoon and Crow Trail,Investigation,10,15,E/B,7048
2014/09/04,31,5:37:00 PM,Thursday,Greenwood Stn.,Utilized Off Route,8,16,s,7831
2014/09/04,24,5:37:00 PM,Thursday,VP Stn.,Utilized Off Route,8,16,n,8137
2014/09/04,102,5:38:00 PM,Thursday,Warden Station,Utilized Off Route,20,40,n,7813
2014/09/04,70,5:38:00 PM,Thursday,coxwell station,Utilized Off Route,15,30,e,7589
2014/09/04,76,5:40:00 PM,Thursday,Royal York Station,Utilized Off Route,5,10,S,7341
2014/09/04,53,5:40:00 PM,Thursday,Finch Stn,Utilized Off Route,4,15,W,9058
2014/09/04,709,5:40:00 PM,Thursday,Eglinton West Station,Utilized Off Route,1,1,e/b,1542
2014/09/04,52,5:40:00 PM,Thursday,Bathurst & Lawrence,Utilized Off Route,6,17,e/b,1688
2014/09/04,35,5:40:00 PM,Thursday,Jane station,Utilized Off Route,7,14,s,7955
2014/09/04,165,5:40:00 PM,Thursday,Wilson Stn,Utilized Off Route,5,10,E,1368
2014/09/04,84,5:40:00 PM,Thursday,Sheppard Stn,Utilized Off Route,6,12,W,1318
2014/09/04,67,5:41:00 PM,Thursday,Victoria Park STN,Utilized Off Route,10,20,NB,7539
2014/09/04,32,5:45:00 PM,Thursday,Mount Dennis garage,Utilized Off Route,8,16,e/b,1015
2014/09/04,54,5:45:00 PM,Thursday,Eglinton station,Utilized Off Route,10,20,w,7593
2014/09/04,106,5:45:00 PM,Thursday,Allen rd and Sheppard ave.,Mechanical,10,21,E,9442
2014/09/04,64,5:48:00 PM,Thursday,Main Stn,Utilized Off Route,15,30,s,8154
2014/09/04,102,5:48:00 PM,Thursday,Warden station,Utilized Off Route,10,20,n,7812
2014/09/04,87,5:50:00 PM,Thursday,Main/Doncaster,Investigation,6,12,e,7698
2014/09/04,26,5:50:00 PM,Thursday,St. George Station,Utilized Off Route,14,28,W,8090
2014/09/04,161,5:50:00 PM,Thursday,Ossington stn,Utilized Off Route,12,24,n,1602
2014/09/04,116,5:50:00 PM,Thursday,Kennedy Stn,Utilized Off Route,6,12,EB,7629
2014/09/04,41,5:50:00 PM,Thursday,Keele stn,Utilized Off Route,16,32,n,1647
2014/09/04,86,5:52:00 PM,Thursday,Kennedy Station,Mechanical,11,21,EB,7662
2014/09/04,110,5:58:00 PM,Thursday,Lakeshore and  Islington,Mechanical,11,22,wb,7328
2014/09/04,47,6:00:00 PM,Thursday,Lansdowne - Route,General Delay,20,20,B,
2014/09/04,161,6:00:00 PM,Thursday,Rogers Rd - Route,General Delay,20,20,B,
2014/09/04,7,6:05:00 PM,Thursday,BISON / GREENWIN VILLAGE,Diversion,8,15,SB,9041
2014/09/04,60,6:11:00 PM,Thursday,Yonge/Glencairn,Mechanical,0,0,S,1279
2014/09/04,25,6:16:00 PM,Thursday,Pape Station,Investigation,3,6,S,7469
2014/09/04,105,6:18:00 PM,Thursday,downview Station,Mechanical,21,0,n,9415
2014/09/04,97,6:20:00 PM,Thursday,Yonge and Bloor,Utilized Off Route,30,60,n/b,8167
2014/09/04,117,6:22:00 PM,Thursday,Downsview Station,Mechanical,12,24,n,8179
2014/09/04,102,6:27:00 PM,Thursday,Warden Stn,Utilized Off Route,9,18,n,7848
2014/09/04,134,6:33:00 PM,Thursday,Scarborough Town Center to Finchdene Square & Fin,General Delay,12,24,BW,
2014/09/04,5,6:40:00 PM,Thursday,Queens Park Circle,Diversion,222,246,SB,1808
2014/09/04,100,6:45:00 PM,Thursday,Gervais at Wynford,Mechanical,4,8,S,7483
2014/09/04,196,6:45:00 PM,Thursday,downsview station,Utilized Off Route,2,4,n,8346
2014/09/04,142,7:00:00 PM,Thursday,Queens Park Circle,Diversion,12,42,BW,8170
2014/09/04,91,7:00:00 PM,Thursday,Woodbine STn,General Delay,15,30,n/s,
2014/09/04,92,7:00:00 PM,Thursday,Woodbine Stn,General Delay,7,14,n/s,
2014/09/04,102,7:00:00 PM,Thursday,Warden Stn,General Delay,15,30,n/s,
2014/09/04,96,7:05:00 PM,Thursday,yorkmills stn,Investigation,23,46,w,1338
2014/09/04,116,7:10:00 PM,Thursday,Kennedy Station,Mechanical,10,20,EB,7562
2014/09/04,165,7:13:00 PM,Thursday,Yorkmills Stn,Investigation,20,40,W,1336
2014/09/04,53,7:20:00 PM,Thursday,Markham & Progress,Mechanical,6,12,WB,7083
2014/09/04,45,7:20:00 PM,Thursday,Kipling and Eglinton,Mechanical,6,9,s,7975
2014/09/04,36,7:28:00 PM,Thursday,Finch Stn,Investigation,5,10,W,7903
2014/09/04,165,7:30:00 PM,Thursday,Wilson Stn,Utilized Off Route,6,12,N,1714
2014/09/04,90,7:33:00 PM,Thursday,St.clair west station,Mechanical,10,20,NB,9408
2014/09/04,75,7:45:00 PM,Thursday,Elm / South Drive,Mechanical,7,26,NB,1824
2014/09/04,94,7:50:00 PM,Thursday,bathurst and harbord,Emergency Services,15,30,e/b,1678
2014/09/04,29,7:54:00 PM,Thursday,Dufferin and Shanley,Mechanical,5,10,s,9050
2014/09/04,106,8:10:00 PM,Thursday,downsview station,Mechanical,15,19,n,9436
2014/09/04,102,8:30:00 PM,Thursday,Warden Stn,Utilized Off Route,20,40,n,8138
2014/09/04,86,8:32:00 PM,Thursday,Kingston Rd and Overature,Investigation,10,20,WB,7660
2014/09/04,116,8:38:00 PM,Thursday,Kennedy Station,Investigation,10,20,EB,7567
2014/09/04,100,8:47:00 PM,Thursday,Eglinton STN,Mechanical,8,16,EB,7419
2014/09/04,95,9:05:00 PM,Thursday,Ellesmere Rd 7 Collins,Mechanical,13,26,WB,1126
2014/09/04,95,9:11:00 PM,Thursday,Kingston Loop,Late Leaving Garage,14,28,WB,1080
2014/09/04,196,9:37:00 PM,Thursday,Downsview station,Mechanical,3,6,n,8319
2014/09/04,42,9:40:00 PM,Thursday,Finch stn,Mechanical,20,40,e/b,8318
2014/09/04,25,10:00:00 PM,Thursday,25 Don Mills Route,General Delay,11,21,BW,
2014/09/04,59,11:30:00 PM,Thursday,ingram and benton,Diversion,30,60,n/b,1519
2014/09/04,102,11:54:00 PM,Thursday,2275/Markham Rd,Mechanical,60,120,s,7786
2014/09/05,17,12:10:00 AM,Friday,Birchmount/Eglinton,Diversion,22,37,s,8148
2014/09/05,1,12:25:00 AM,Friday,Eglinton Station,Mechanical,3,6,N,1411
2014/09/05,1,12:46:00 AM,Friday,Finch Station,Mechanical,2,4,s,1744
2014/09/05,29,1:15:00 AM,Friday,Dufferin and Dupont,Mechanical,8,16,s/b,9001
2014/09/05,302,3:54:00 AM,Friday,McCowan & Lawrence,Mechanical,30,60,NB,7717
2014/09/05,32,5:02:00 AM,Friday,mt. dennis garage,Mechanical,14,28,eb,1017
2014/09/05,29,5:14:00 AM,Friday,Wilson Stn,Late Leaving Garage,8,15,SB,9053
2014/09/05,25,5:19:00 AM,Friday,Freshmeadow,Mechanical,15,30,s,7662
2014/09/05,116,5:19:00 AM,Friday,Kennedy and Eglinton,Mechanical,8,16,E,7427
2014/09/05,51,5:24:00 AM,Friday,Wilson and Clyde,Emergency Services,20,49,EB,8378
2014/09/05,32,5:24:00 AM,Friday,mt. dennis garage,Mechanical,14,28,eb,1224
2014/09/05,79,5:30:00 AM,Friday,Pine,Late Leaving Garage,25,44,s,1649
2014/09/05,100,5:30:00 AM,Friday,Eglinton station,Utilized Off Route,15,30,w,7669
2014/09/05,165,5:36:00 AM,Friday,York Mills Station,Late Leaving Garage,12,18,WB,7250
2014/09/05,94,5:40:00 AM,Friday,Queens Park,Diversion,20,40,B/W,
2014/09/05,35,5:43:00 AM,Friday,Arrow garage,Late Leaving Garage,10,20,s,7936
2014/09/05,96,5:44:00 AM,Friday,WBDW,Late Leaving Garage,15,1,E,1334
2014/09/05,37,5:47:00 AM,Friday,HWLP,Mechanical,30,1,S,1208
2014/09/05,104,5:48:00 AM,Friday,Wilson Stn,Late Leaving Garage,15,20,NB,8389
2014/09/05,40,5:50:00 AM,Friday,Dundas/St. Johns,Mechanical,12,24,w/b,7323
2014/09/05,129,5:56:00 AM,Friday,Steeles and McCowan,Late Leaving Garage,6,10,S,1079
2014/09/05,109,6:00:00 AM,Friday,Lawrence West Stn,Late Leaving Garage,8,18,SB,8303
2014/09/05,79,6:02:00 AM,Friday,Pine,Late Leaving Garage,13,25,s,1596
2014/09/05,52,6:02:00 AM,Friday,Westwood mall,Mechanical,18,36,e,1017
2014/09/05,104,6:03:00 AM,Friday,Wilson Stn,Late Leaving Garage,15,21,NB,8187
2014/09/05,35,6:04:00 AM,Friday,Artrow Road Garage,Late Leaving Garage,7,1,E,1201
2014/09/05,37,6:05:00 AM,Friday,Finch and Islington,Late Leaving Garage,7,14,S,7205
2014/09/05,5,6:07:00 AM,Friday,QueensPark Cres,Diversion,115,130,s/b,8379
2014/09/05,37,6:08:00 AM,Friday,Steeles and Islington,Late Leaving Garage,10,20,S,
2014/09/05,39,6:11:00 AM,Friday,Seneca Collage,Late Leaving Garage,7,14,wb,1720
2014/09/05,78,6:12:00 AM,Friday,Fifeshire and Carluke,Mechanical,20,20,WB,8178
2014/09/05,34,6:13:00 AM,Friday,Eglinton station,Mechanical,4,8,E,7516
2014/09/05,32,6:15:00 AM,Friday,irving and trethewey,Mechanical,6,11,eb,1571
2014/09/05,122,6:15:00 AM,Friday,Yorkmills stn,Late Leaving Garage,4,0,e/b,8215
2014/09/05,59,6:15:00 AM,Friday,Maple leaf Routes,Mechanical,10,20,B./w,
2014/09/05,168,6:18:00 AM,Friday,Dundas W. Stn,Utilized Off Route,4,9,n/b,7307
2014/09/05,17,6:19:00 AM,Friday,Steeles and birchmount,Mechanical,7,14,S,8144
2014/09/05,165,6:20:00 AM,Friday,York Mills Station,Late Leaving Garage,6,9,NB,7236
2014/09/05,29,6:20:00 AM,Friday,Princes Gates,Late Leaving Garage,7,11,NB,9017
2014/09/05,36,6:21:00 AM,Friday,Arrow Road garage,Late Leaving Garage,7,1,E,1241
2014/09/05,46,6:23:00 AM,Friday,KPSN,Late Leaving Garage,10,20,N,7234
2014/09/05,85,6:24:00 AM,Friday,Sheppard and Kennedy,Mechanical,4,8,E,1124
2014/09/05,106,6:25:00 AM,Friday,Downsview station,Late Leaving Garage,7,14,W,8338
2014/09/05,46,6:28:00 AM,Friday,SLPM,Late Leaving Garage,11,21,S,
2014/09/05,34,6:30:00 AM,Friday,warden and steeles,Late Leaving Garage,4,7,w,7639
2014/09/05,84,6:30:00 AM,Friday,Arrow Road Garage,Late Leaving Garage,6,1,E,1308
2014/09/05,107,6:30:00 AM,Friday,S/B Keele and Knight wood,Investigation,36,77,S,9429
2014/09/05,199,6:31:00 AM,Friday,STC SRT,Late Leaving Garage,3,6,wb,7081
2014/09/05,190,6:34:00 AM,Friday,Scarborough town centre,Late Leaving Garage,7,16,W,1783
2014/09/05,32,6:45:00 AM,Friday,at chaplin,Mechanical,5,10,eb,1535
2014/09/05,196,6:47:00 AM,Friday,York university Commons,Late Leaving Garage,4,8,E,9416
2014/09/05,37,6:49:00 AM,Friday,Islington Station,Late Leaving Garage,3,6,N,1342
2014/09/05,94,6:49:00 AM,Friday,Ossington Stn.,Mechanical,7,14,WB,1027
2014/09/05,53,6:50:00 AM,Friday,Steeles and Birchmount,Investigation,7,14,w,9078
2014/09/05,191,6:50:00 AM,Friday,Arrow Road Garage,Late Leaving Garage,8,1,E,7905
2014/09/05,42,6:50:00 AM,Friday,McNicoll and Victoria,Late Leaving Garage,18,0,w/b,8396
2014/09/05,196,6:51:00 AM,Friday,York u Commons,Mechanical,4,8,E,9402
2014/09/05,199,6:51:00 AM,Friday,STC SRT,Mechanical,3,6,wb,1720
2014/09/05,168,6:52:00 AM,Friday,Old Weston Rd/St. Clair,Diversion,9,14,b/w,7341
2014/09/05,199,6:56:00 AM,Friday,STC SRT,Late Leaving Garage,3,6,wb,1063
2014/09/05,30,6:57:00 AM,Friday,DUNDAS & ISLINGTON,Mechanical,22,44,E,8021
2014/09/05,145,7:00:00 AM,Friday,Entire Humber Express Route,General Delay,20,40,b/w,8050
2014/09/05,26,7:00:00 AM,Friday,Entire Dupont Route,General Delay,15,30,b/w,7336
2014/09/05,76,7:00:00 AM,Friday,Entire Royal York South Route,General Delay,10,20,b/w,7969
2014/09/05,42,7:00:00 AM,Friday,Mcnicoll and victoria,Late Leaving Garage,20,0,w/b,8315
2014/09/05,48,7:00:00 AM,Friday,E/B ANGLESSEY AT ROYAL YORK,Mechanical,11,22,e/b,7968
2014/09/05,36,7:03:00 AM,Friday,Finch Station,Late Leaving Garage,3,4,EB,7221
2014/09/05,196,7:03:00 AM,Friday,University Commons,Utilized Off Route,4,8,E,9408
2014/09/05,60,7:04:00 AM,Friday,Finch Station,Late Leaving Garage,7,14,W,1574
2014/09/05,60,7:06:00 AM,Friday,Finch Station,Late Leaving Garage,13,26,W,1559
2014/09/05,35,7:13:00 AM,Friday,Steeles,Mechanical,10,20,s,1233
2014/09/05,124,7:15:00 AM,Friday,LAWRECNCE STATION,Late Leaving Garage,6,12,E,
2014/09/05,196,7:19:00 AM,Friday,Downsview station,Late Leaving Garage,3,7,W,0
2014/09/05,44,7:20:00 AM,Friday,COL SMITH LOOP,Mechanical,4,8,N,7330
2014/09/05,131,7:20:00 AM,Friday,Kennedy stn,Mechanical,7,15,N,1110
2014/09/05,60,7:20:00 AM,Friday,Signet Drive,Mechanical,13,26,E,1317
2014/09/05,142,7:25:00 AM,Friday,QueensPark cres,Diversion,79,109,n/b,8339
2014/09/05,196,7:27:00 AM,Friday,Downsview station,Mechanical,4,6,W,8304
2014/09/05,7,7:30:00 AM,Friday,Steels to Bathurst stn,General Delay,10,19,b/w,
2014/09/05,33,7:30:00 AM,Friday,Castlefield to St.Clair west stn,General Delay,10,26,b/w,
2014/09/05,109,7:30:00 AM,Friday,Neptune to Eglinton west stn,General Delay,15,27,b/w,
2014/09/05,86,7:30:00 AM,Friday,Scarborough Route,General Delay,10,0,B/W,
2014/09/05,196,7:31:00 AM,Friday,Downsview station,Mechanical,2,6,W,8319
2014/09/05,102,7:38:00 AM,Friday,warden stn,Utilized Off Route,11,22,N,7698
2014/09/05,195,7:46:00 AM,Friday,Bloor/Jane station,Mechanical,10,20,n,1255
2014/09/05,107,7:47:00 AM,Friday,Keele and Drummond drive,Investigation,18,36,S,9404
2014/09/05,63,7:48:00 AM,Friday,Oakwood Loop,Mechanical,8,16,NB,1059
2014/09/05,11,8:00:00 AM,Friday,Steeles to Davisville stn,General Delay,12,24,b/w,
2014/09/05,165,8:00:00 AM,Friday,Weston Rd N Route,General Delay,18,25,B,
2014/09/05,196,8:00:00 AM,Friday,Sheppard Yong station,Mechanical,6,12,W,9424
2014/09/05,87,8:00:00 AM,Friday,route 87 Cosburn,General Delay,4,1,b/w,
2014/09/05,24,8:00:00 AM,Friday,Route 24 Victoria Park,General Delay,5,1,b/w,
2014/09/05,36,8:00:00 AM,Friday,Finch W Route,General Delay,12,18,B,
2014/09/05,6,8:00:00 AM,Friday,Avenue and Davenport,General Delay,10,16,S/B,
2014/09/05,116,8:00:00 AM,Friday,Morningside route,General Delay,10,0,B/W,
2014/09/05,5,8:00:00 AM,Friday,Eglinton stn to Elm ave,General Delay,15,30,s/b,
2014/09/05,63,8:00:00 AM,Friday,Ossington and College,General Delay,10,18,B/W,
2014/09/05,160,8:00:00 AM,Friday,Clark to Wilson stn,General Delay,15,36,b/w,
2014/09/05,90,8:00:00 AM,Friday,Vaughan at Winona,Utilized Off Route,8,16,s/b,8331
2014/09/05,61,8:00:00 AM,Friday,Bombay loop to Eglinton stn,General Delay,15,30,b/w,
2014/09/05,709,8:05:00 AM,Friday,eglinton stn.,Utilized Off Route,5,10,wb,2326
2014/09/05,76,8:06:00 AM,Friday,Royal York Stn,Late Leaving Garage,3,5,s/b,8047
2014/09/05,116,8:10:00 AM,Friday,Eglinton Ave. at Falmouth,Diversion,120,128,E,7575
2014/09/05,131,8:12:00 AM,Friday,Eglinton and Falmouth,Diversion,68,7,e,1401
2014/09/05,21,8:13:00 AM,Friday,Falmouth and Eglinton,Diversion,13,26,B/W,7840
2014/09/05,86,8:15:00 AM,Friday,Eglinton Ave. and Falmouth,Diversion,120,122,E,7545
2014/09/05,198,8:15:00 AM,Friday,Eglinton Ave. and Falmouth,Diversion,120,130,E,7555
2014/09/05,12,8:17:00 AM,Friday,Falmouth and Eglinton,Diversion,11,22,B/W,8127
2014/09/05,196,8:28:00 AM,Friday,Downsview station,Mechanical,6,12,W,9408
2014/09/05,91,8:29:00 AM,Friday,Woodbine Heights @ Parkview Hills Crescent,Mechanical,30,60,E/B,8107
2014/09/05,34,8:31:00 AM,Friday,Eglinton Ave & Leslie Ave,Mechanical,4,8,WB,7602
2014/09/05,60,8:36:00 AM,Friday,York University Commons,Mechanical,7,14,E,1266
2014/09/05,35,8:40:00 AM,Friday,Sheppard.,Mechanical,16,20,s,1357
2014/09/05,81,8:40:00 AM,Friday,PAPE STATION,Mechanical,5,10,N/B,7756
2014/09/05,35,8:45:00 AM,Friday,Finch/Jane,Mechanical,10,20,s,7936
2014/09/05,11,8:46:00 AM,Friday,Davisville stn,Utilized Off Route,12,24,n/b,8395
2014/09/05,102,8:50:00 AM,Friday,Warden stn,Utilized Off Route,10,20,N,8124
2014/09/05,107,8:53:00 AM,Friday,Kodiak cres and White horse,Diversion,18,36,N,9409
2014/09/05,89,9:00:00 AM,Friday,Weston and Rogers,General Delay,30,37,N/B,
2014/09/05,95,9:00:00 AM,Friday,York Mills and Leslie,General Delay,10,12,BW,
2014/09/05,17,9:00:00 AM,Friday,Birchmount and Sheppard,General Delay,9,1,S/B,
2014/09/05,34,9:07:00 AM,Friday,Eglinton Ave & Redpath Ave,Mechanical,4,8,EB,7639
2014/09/05,191,9:08:00 AM,Friday,KPSN,Mechanical,7,12,S,7940
2014/09/05,87,9:12:00 AM,Friday,Neville Loop,Utilized Off Route,10,20,N,7857
2014/09/05,143,9:14:00 AM,Friday,NEVILLE LOOP,General Delay,15,30,B/W,8113
2014/09/05,106,9:20:00 AM,Friday,Downsview station,Mechanical,10,20,W,9420
2014/09/05,196,9:20:00 AM,Friday,Sheppard station,Mechanical,6,12,W,9414
2014/09/05,51,9:24:00 AM,Friday,Leslie and Yorkmills,Investigation,15,30,n/b,8313
2014/09/05,60,9:32:00 AM,Friday,Opposite 1750 Steeles Avenue West,Investigation,7,14,E,1336
2014/09/05,24,10:00:00 AM,Friday,Vic.Park Stn.,Mechanical,10,20,s/b,7695
2014/09/05,160,10:05:00 AM,Friday,Wilson stn,Mechanical,25,50,n/b,8195
2014/09/05,81,10:20:00 AM,Friday,PAPE STATION,Mechanical,10,20,N,7714
2014/09/05,29,10:26:00 AM,Friday,Dufferin and Tycos,Mechanical,4,8,SB,9042
2014/09/05,24,10:28:00 AM,Friday,Vic. Park stn.,Mechanical,10,30,s/b,8143
2014/09/05,196,10:33:00 AM,Friday,Downsview stn,Mechanical,2,6,n,8304
2014/09/05,196,10:33:00 AM,Friday,Downsview stn,Utilized Off Route,6,12,n,9435
2014/09/05,199,10:39:00 AM,Friday,Finch Av-McCowan,Mechanical,5,10,wb,7123
2014/09/05,133,11:00:00 AM,Friday,Scarborough Town Centre,Mechanical,10,20,w,1772
2014/09/05,32,11:05:00 AM,Friday,at keele,Mechanical,13,26,wb,1670
2014/09/05,60,11:10:00 AM,Friday,York University Commons,Mechanical,7,14,E,1714
2014/09/05,96,11:15:00 AM,Friday,Jane,Mechanical,18,36,E,7914
2014/09/05,6,11:18:00 AM,Friday,Davenport and dupont,Mechanical,10,20,S/B,1600
2014/09/05,116,11:47:00 AM,Friday,Kennedy station,Mechanical,10,20,E,7411
2014/09/05,117,11:56:00 AM,Friday,Downsview stn,Investigation,20,40,s,8370
2014/09/05,76,12:00:00 PM,Friday,Entire Royal York South Route,General Delay,20,40,b/w,8090
2014/09/05,29,12:02:00 PM,Friday,Wilson Stn,Mechanical,2,8,SB,9041
2014/09/05,96,12:02:00 PM,Friday,Armel court,Mechanical,18,36,E,1246
2014/09/05,196,12:04:00 PM,Friday,Downsview stn,Utilized Off Route,6,12,n,9435
2014/09/05,52,12:04:00 PM,Friday,Lawrence stn,Mechanical,15,30,w,1029
2014/09/05,89,12:13:00 PM,Friday,Weston and Walsh,Investigation,8,17,N/B,1546
2014/09/05,97,12:15:00 PM,Friday,Sheppard Station,Mechanical,30,60,W,8179
2014/09/05,129,12:22:00 PM,Friday,Mccown and Alton Towers South,Diversion,40,46,s/b,1761
2014/09/05,5,12:30:00 PM,Friday,Eglinton Station to Elm/Queens Park Circle,General Delay,20,1,bw,
2014/09/05,102,12:38:00 PM,Friday,Warden stn.,Mechanical,14,28,s/b,8140
2014/09/05,86,12:50:00 PM,Friday,Kingston and Dale Ave,Mechanical,10,20,,7465
2014/09/05,34,1:00:00 PM,Friday,Leslie to Bayview,General Delay,15,25,BW,
2014/09/05,172,1:00:00 PM,Friday,172 Cherry Route,General Delay,20,1,B/W,7783
2014/09/05,36,1:03:00 PM,Friday,Kipling,Investigation,5,10,E,1327
2014/09/05,29,1:15:00 PM,Friday,Orfus,Mechanical,4,8,s,8211
2014/09/05,94,1:15:00 PM,Friday,Queens Park to Yonge St,General Delay,60,0,b/w,
2014/09/05,191,1:22:00 PM,Friday,martingrove at steeles,Mechanical,8,16,s,7927
2014/09/05,165,1:29:00 PM,Friday,Arrow garage,Late Leaving Garage,1,1,E,1320
2014/09/05,94,1:31:00 PM,Friday,Queens Park Circle,Diversion,161,170,b/w,1027
2014/09/05,6,1:45:00 PM,Friday,Bay and Bloor/College,General Delay,35,0,,
2014/09/05,131,1:47:00 PM,Friday,Sewells and Brenyon Way,Mechanical,13,26,EB,1398
2014/09/05,31,1:48:00 PM,Friday,Greenwood Stn.,Mechanical,12,24,S,7688
2014/09/05,53,1:50:00 PM,Friday,Finch Station - MOFI/PAMK,General Delay,25,32,BW's,
2014/09/05,123,1:50:00 PM,Friday,Sherway Gardens,Mechanical,18,36,nb,7343
2014/09/05,165,1:57:00 PM,Friday,,Late Leaving Garage,20,40,N,1320
2014/09/05,165,1:58:00 PM,Friday,Barmac,Mechanical,9,18,S,7944
2014/09/05,52,2:00:00 PM,Friday,52-Lawrence West route,General Delay,10,8,b/w,
2014/09/05,41,2:00:00 PM,Friday,Entire route,General Delay,15,35,b/w,
2014/09/05,168,2:00:00 PM,Friday,Entire Symington Route,General Delay,20,40,b/w,7341
2014/09/05,79,2:00:00 PM,Friday,entire route,General Delay,22,50,b/w,
2014/09/05,29,2:00:00 PM,Friday,Dufferin Route,General Delay,4,20,b/w,
2014/09/05,71,2:00:00 PM,Friday,Runnymede route 71,General Delay,15,37,BW,
2014/09/05,57,2:00:00 PM,Friday,Midland Route,General Delay,20,1,B/W,
2014/09/05,26,2:00:00 PM,Friday,Entire Dupont Route,General Delay,20,40,b/w,7326
2014/09/05,7,2:00:00 PM,Friday,Bathurst stn to Steeles,General Delay,20,38,BW,
2014/09/05,161,2:00:00 PM,Friday,entire route,General Delay,17,50,b/w,
2014/09/05,85,2:00:00 PM,Friday,Entire Route,General Delay,15,20,B/W's,
2014/09/05,60,2:00:00 PM,Friday,Finch Stn to Signal Hill,General Delay,30,20,BW,
2014/09/05,86,2:00:00 PM,Friday,86 Scarborough Route,General Delay,15,25,,
2014/09/05,105,2:00:00 PM,Friday,Downsview stn,Mechanical,10,20,n,8366
2014/09/05,116,2:00:00 PM,Friday,116 Morningside Route,General Delay,20,28,,
2014/09/05,15,2:00:00 PM,Friday,Enire route,General Delay,20,32,bw,
2014/09/05,47,2:00:00 PM,Friday,entire route,General Delay,15,40,b/w,
2014/09/05,198,2:00:00 PM,Friday,198 Rocket,General Delay,15,25,,
2014/09/05,160,2:00:00 PM,Friday,Wilson stn to Clark,General Delay,20,45,BW,
2014/09/05,105,2:01:00 PM,Friday,Downsview stn,Mechanical,15,30,n,9435
2014/09/05,45,2:02:00 PM,Friday,John Garland and Kipling,Investigation,11,22,s/b,8020
2014/09/05,196,2:05:00 PM,Friday,Downsview Station,Mechanical,1,4,N,9430
2014/09/05,196,2:06:00 PM,Friday,Downsview stn,Mechanical,3,6,n,9422
2014/09/05,98,2:07:00 PM,Friday,Sheppard Station,Mechanical,30,60,S,8213
2014/09/05,84,2:14:00 PM,Friday,Arrow garage,Late Leaving Garage,1,1,E,1414
2014/09/05,32,2:15:00 PM,Friday,"Mt Dennis garage, POD Marshal McLuhan SS",Mechanical,3,6,W,1592
2014/09/05,32,2:20:00 PM,Friday,Eglinton w stn,Mechanical,13,26,W,1592
2014/09/05,53,2:21:00 PM,Friday,Steeles/Bayview,Investigation,5,10,EB,7005
2014/09/05,106,2:23:00 PM,Friday,downsview station,Utilized Off Route,4,8,n,8193
2014/09/05,191,2:30:00 PM,Friday,hwy 427 - dundas to eglinton,General Delay,18,24,bw,
2014/09/05,96,2:30:00 PM,Friday,wilson ave - transit rd to yorkmills stn,General Delay,18,36,bw,
2014/09/05,45,2:30:00 PM,Friday,Entire Route,General Delay,20,25,b/w,
2014/09/05,191,2:31:00 PM,Friday,kipling stn,Mechanical,8,16,n,7953
2014/09/05,39,2:33:00 PM,Friday,Seneca College to Finch Stn,Late Leaving Garage,10,0,W/B,7075
2014/09/05,46,2:34:00 PM,Friday,Kipling Station,Mechanical,15,30,N,1281
2014/09/05,199,2:35:00 PM,Friday,Victoria Park and Finch,Mechanical,4,9,E/B,7068
2014/09/05,60,2:36:00 PM,Friday,Finch Stn,Mechanical,12,25,W,1225
2014/09/05,84,2:38:00 PM,Friday,Sheppard Station,Mechanical,13,1,W,1414
2014/09/05,34,2:39:00 PM,Friday,Eglinton and Lebovic,Late Leaving Garage,4,8,WB,7645
2014/09/05,105,2:40:00 PM,Friday,Downsview stn,Mechanical,14,24,n,8215
2014/09/05,6,2:43:00 PM,Friday,Bedford and Dupont,Late Leaving Garage,8,16,s/b,1651
2014/09/05,9,2:45:00 PM,Friday,Warden Stn,Late Leaving Garage,15,30,n,7728
2014/09/05,7,2:45:00 PM,Friday,Bathurst and Wilson,Mechanical,3,13,N,9021
2014/09/05,37,2:46:00 PM,Friday,Steeles and Islington Loop,Late Leaving Garage,8,16,S,
2014/09/05,120,2:47:00 PM,Friday,Arrow Garage,Late Leaving Garage,1,1,E,7904
2014/09/05,37,2:48:00 PM,Friday,Islington and Westway,Late Leaving Garage,4,10,N,1301
2014/09/05,34,2:49:00 PM,Friday,Eglinton Garage,Late Leaving Garage,6,12,EB,7512
2014/09/05,5,2:50:00 PM,Friday,University at College,Diversion,5,35,s,8188
2014/09/05,60,2:54:00 PM,Friday,Signal Hill,Mechanical,11,15,E,1368
2014/09/05,102,2:54:00 PM,Friday,Warden Stn,Late Leaving Garage,7,14,n,7857
2014/09/05,36,2:54:00 PM,Friday,Finch Stn,Late Leaving Garage,15,30,W,1257
2014/09/05,41,2:55:00 PM,Friday,Keele stn,Mechanical,7,14,n,1044
2014/09/05,108,2:55:00 PM,Friday,Downsview Stn,Late Leaving Garage,15,31,W,1383
2014/09/05,81,2:59:00 PM,Friday,Pape & Minton Place,Mechanical,10,20,S/B,8159
2014/09/05,60,3:00:00 PM,Friday,Steeles/Cactus,Mechanical,3,6,E,1284
2014/09/05,46,3:00:00 PM,Friday,Entire 46 Martin Grove Route,General Delay,25,40,B/W,
2014/09/05,37,3:00:00 PM,Friday,Entire 37 Islington Route,General Delay,10,20,B/W,
2014/09/05,84,3:00:00 PM,Friday,Entire 84 Sheppard Ave West Route,General Delay,10,20,B/W,
2014/09/05,199,3:00:00 PM,Friday,Finch Stn to Scarborough Town Centre,General Delay,15,10,B/W,
2014/09/05,44,3:00:00 PM,Friday,Entire Route,General Delay,15,20,b/w,
2014/09/05,39,3:00:00 PM,Friday,Finch Stn to Morningview and Old Finch,General Delay,15,10,B/W,
2014/09/05,122,3:00:00 PM,Friday,Graydon Hall Route,General Delay,13,24,b/w,
2014/09/05,195,3:03:00 PM,Friday,arrow garage,Mechanical,10,20,down,1706
2014/09/05,36,3:03:00 PM,Friday,St Basil School,Mechanical,4,8,N,7249
2014/09/05,57,3:04:00 PM,Friday,Kennedy Stn,Mechanical,11,22,N/B,7756
2014/09/05,35,3:04:00 PM,Friday,arrow garage,Mechanical,7,14,up,7250
2014/09/05,139,3:04:00 PM,Friday,Baldoon and Finch,Late Leaving Garage,20,40,E,1089
2014/09/05,108,3:06:00 PM,Friday,Driftwood/Finch,Late Leaving Garage,7,13,E,1308
2014/09/05,35,3:07:00 PM,Friday,arrow garage,Mechanical,15,30,down,7902
2014/09/05,76,3:08:00 PM,Friday,Royal York/Evans,Late Leaving Garage,6,9,n/b,7959
2014/09/05,35,3:10:00 PM,Friday,arrow garage,Mechanical,7,14,down,1410
2014/09/05,6,3:12:00 PM,Friday,Kennedy and Ellesmere,Investigation,11,22,SB,7653
2014/09/05,44,3:13:00 PM,Friday,Col. Sam Smith,Mechanical,4,8,n/b,7974
2014/09/05,59,3:14:00 PM,Friday,arrow garage,Mechanical,12,24,down,1365
2014/09/05,46,3:15:00 PM,Friday,Steeles Loop and Martin Grove,Late Leaving Garage,11,22,S,
2014/09/05,191,3:16:00 PM,Friday,Martin Grove and Royal Crest,Utilized Off Route,1,7,N,7912
2014/09/05,96,3:16:00 PM,Friday,wilson stn,Mechanical,18,36,w,1334
2014/09/05,192,3:17:00 PM,Friday,Kipling Stn,Mechanical,8,17,n/b,8003
2014/09/05,35,3:17:00 PM,Friday,jane and wilson,Mechanical,13,26,down,1215
2014/09/05,60,3:19:00 PM,Friday,Signal Hill,Mechanical,7,14,E,7955
2014/09/05,196,3:19:00 PM,Friday,Downsview stn,Mechanical,6,12,n,9423
2014/09/05,196,3:19:00 PM,Friday,Downsview Station,Mechanical,6,12,s,8321
2014/09/05,120,3:20:00 PM,Friday,jane Sheppard,Late Leaving Garage,22,44,S,7904
2014/09/05,25,3:22:00 PM,Friday,Overlea and Don Mills to Steeles,General Delay,5,10,NB,
2014/09/05,60,3:23:00 PM,Friday,Kipling/Steeles,Late Leaving Garage,15,31,E,1521
2014/09/05,191,3:23:00 PM,Friday,martingrove at royal crest,Mechanical,8,16,s,7933
2014/09/05,37,3:25:00 PM,Friday,Eglinton and Islington,Late Leaving Garage,8,16,S,
2014/09/05,85,3:25:00 PM,Friday,Rouge Hill Go Station,Late Leaving Garage,9,18,w/b,1700
2014/09/05,96,3:26:00 PM,Friday,woodbine downs,Late Leaving Garage,18,36,e,1380
2014/09/05,165,3:26:00 PM,Friday,Finch Stn,Late Leaving Garage,5,10,N,1363
2014/09/05,42,3:27:00 PM,Friday,Finch stn,Mechanical,17,,e/b,
2014/09/05,25,3:28:00 PM,Friday,Pape Station,Mechanical,3,6,OVDM,7495
2014/09/05,96,3:28:00 PM,Friday,bartor,Mechanical,24,48,e,7241
2014/09/05,37,3:28:00 PM,Friday,Steeles Loop and Martin Grove,Late Leaving Garage,8,16,S,
2014/09/05,191,3:30:00 PM,Friday,kipling stn,Mechanical,8,16,n,7940
2014/09/05,11,3:30:00 PM,Friday,Davisville Station to Steeles Loop,General Delay,15,1,bw,
2014/09/05,165,3:30:00 PM,Friday,Steeles,Mechanical,5,10,S,1272
2014/09/05,61,3:30:00 PM,Friday,Bombay Loop to Eglinton Station,General Delay,15,1,bw,
2014/09/05,190,3:30:00 PM,Friday,Entire Route,General Delay,9,13,B/W's,
2014/09/05,35,3:30:00 PM,Friday,jane service,General Delay,10,20,bw,
2014/09/05,24,3:30:00 PM,Friday,Victoria Park Route,General Delay,10,20,bw,7719
2014/09/05,36,3:32:00 PM,Friday,Humberwood Loop,Late Leaving Garage,4,8,W,1579
2014/09/05,21,3:32:00 PM,Friday,Brimley Route,General Delay,20,1,B/W,7705
2014/09/05,36,3:32:00 PM,Friday,Finch Stn,Late Leaving Garage,5,10,W,7913
2014/09/05,116,3:32:00 PM,Friday,Kennedy Station,Utilized Off Route,12,24,,7529
2014/09/05,102,3:32:00 PM,Friday,Warden Stn,Mechanical,10,20,n,7762
2014/09/05,102,3:33:00 PM,Friday,Warden Stn,Mechanical,10,20,n,7834
2014/09/05,60,3:33:00 PM,Friday,Signal Hill,Late Leaving Garage,14,21,E,1301
2014/09/05,16,3:34:00 PM,Friday,Warden Stn,Mechanical,10,20,n,7851
2014/09/05,96,3:34:00 PM,Friday,wilson stn,Late Leaving Garage,18,36,w,7229
2014/09/05,60,3:34:00 PM,Friday,Finch Stn,Late Leaving Garage,31,47,W,1388
2014/09/05,60,3:34:00 PM,Friday,Kipling/Steeles,Late Leaving Garage,16,31,E,7951
2014/09/05,54,3:35:00 PM,Friday,lawrence East RT,Utilized Off Route,10,20,EB,7609
2014/09/05,191,3:35:00 PM,Friday,kipling stn,Mechanical,5,10,n,1246
2014/09/05,37,3:36:00 PM,Friday,Islington and Steeles Loop,Late Leaving Garage,8,16,S,
2014/09/05,60,3:36:00 PM,Friday,Finch Stn,Late Leaving Garage,7,10,W,1236
2014/09/05,75,3:37:00 PM,Friday,Sherbourne and Queens Quay,Utilized Off Route,7,15,S,8183
2014/09/05,59,3:37:00 PM,Friday,arrow garage,Mechanical,12,24,down,1559
2014/09/05,85,3:38:00 PM,Friday,Malvern Gates,Mechanical,9,18,w/b,1781
2014/09/05,165,3:39:00 PM,Friday,Yorkmills Stn,Late Leaving Garage,5,10,N,1296
2014/09/05,29,3:40:00 PM,Friday,Springhurst loop,Utilized Off Route,7,14,n/b,9047
2014/09/05,84,3:40:00 PM,Friday,Rivalda and Sheppard Ave West,Late Leaving Garage,8,16,W,
2014/09/05,196,3:42:00 PM,Friday,the Commons,Mechanical,2,4,n,9436
2014/09/05,96,3:44:00 PM,Friday,woodbine downs,Late Leaving Garage,18,36,e,7234
2014/09/05,88,3:45:00 PM,Friday,St.Clair stn,Utilized Off Route,7,14,e/b,8300
2014/09/05,709,3:45:00 PM,Friday,Eglinton w stn,Utilized Off Route,1,1,E,1668
2014/09/05,709,3:45:00 PM,Friday,Eglinton stn,Utilized Off Route,1,1,W,1580
2014/09/05,63,3:47:00 PM,Friday,Oakwood Loop,Utilized Off Route,9,18,s/b,1307
2014/09/05,36,3:47:00 PM,Friday,Finch Stn,Late Leaving Garage,5,10,N,1207
2014/09/05,25,3:48:00 PM,Friday,Don Mills Station,Emergency Services,3,6,N,7594
2014/09/05,60,3:49:00 PM,Friday,Finch Stn,Late Leaving Garage,16,31,W,7210
2014/09/05,60,3:50:00 PM,Friday,Finch Stn,Late Leaving Garage,7,14,W,
2014/09/05,54,3:52:00 PM,Friday,Eglinton Station,Utilized Off Route,14,28,eb,7586
2014/09/05,109,3:52:00 PM,Friday,Eglinton W. Stn,Mechanical,12,24,N,8215
2014/09/05,36,3:55:00 PM,Friday,Finch Stn,Late Leaving Garage,5,10,W,1373
2014/09/05,39,3:55:00 PM,Friday,Neilson and Crow Trail,Mechanical,9,16,E/B,7127
2014/09/05,106,3:58:00 PM,Friday,York U,Mechanical,9,18,s,9438
2014/09/05,142,4:00:00 PM,Friday,Bombay Loop to Church and Richmond,General Delay,12,1,bw,
2014/09/05,23,4:00:00 PM,Friday,Danforth & Dawes,General Delay,8,16,B/W,
2014/09/05,95,4:00:00 PM,Friday,Entire Route,General Delay,15,0,BW,
2014/09/05,131,4:00:00 PM,Friday,Entire route,General Delay,10,0,BW,
2014/09/05,12,4:00:00 PM,Friday,Kingston Road Route,General Delay,15,1,B/W,7707
2014/09/05,63,4:00:00 PM,Friday,Emtire Route,General Delay,25,0,b/w,
2014/09/05,60,4:01:00 PM,Friday,Signal Hill,Late Leaving Garage,28,35,E,1564
2014/09/05,191,4:03:00 PM,Friday,martingrove at royalcrest,Mechanical,5,10,s,7936
2014/09/05,122,4:05:00 PM,Friday,York Mills Stn,Mechanical,5,10,s,1811
2014/09/05,195,4:07:00 PM,Friday,jane and lawrence,Mechanical,10,20,up,1304
2014/09/05,95,4:08:00 PM,Friday,Ellesmere and Mccowan,Mechanical,7,14,EB,1740
2014/09/05,36,4:12:00 PM,Friday,Finch Stn,Late Leaving Garage,4,8,W,7210
2014/09/05,84,4:14:00 PM,Friday,Downsview Stn,Mechanical,6,12,E,7212
2014/09/05,84,4:15:00 PM,Friday,Sheppard Stn,Utilized Off Route,8,16,W,1271
2014/09/05,73,4:17:00 PM,Friday,Royal York Stn,Mechanical,20,40,n/b,8036
2014/09/05,76,4:22:00 PM,Friday,Royal York/Queensway,Mechanical,5,10,n/b,7339
2014/09/05,45,4:26:00 PM,Friday,Rathburn to Eglinton,Diversion,70,79,b/w,
2014/09/05,107,4:28:00 PM,Friday,Downsview stn,Mechanical,11,22,n,9419
2014/09/05,70,4:30:00 PM,Friday,Victoria Park and St.Clair Ave.,Mechanical,15,30,nb,7677
2014/09/05,165,4:30:00 PM,Friday,Steeles,Mechanical,5,10,S,7236
2014/09/05,36,4:30:00 PM,Friday,Arrow Rd,Mechanical,5,10,E,1238
2014/09/05,97,4:30:00 PM,Friday,Yormmills stn to Queens Quay,General Delay,30,60,n/b,8315
2014/09/05,110,4:37:00 PM,Friday,Islington and Birmingham,Diversion,80,91,nb,8085
2014/09/05,10,4:40:00 PM,Friday,Donmills stn,Mechanical,10,20,s,
2014/09/05,116,4:47:00 PM,Friday,Morningside and Pixley,Mechanical,6,12,,7647
2014/09/05,63,4:58:00 PM,Friday,Atlantic and E Liberty,Mechanical,9,18,n/b,1666
2014/09/05,37,5:05:00 PM,Friday,Humberwood Loop,Mechanical,16,36,S,1286
2014/09/05,129,5:06:00 PM,Friday,Mccowan @ Devonshire,Diversion,414,432,S,1094
2014/09/05,129,5:10:00 PM,Friday,Scar Town to Maj Mac,General Delay,25,30,BW,
2014/09/05,30,5:14:00 PM,Friday,Kipling Stn,Mechanical,20,40,e/b,7305
2014/09/05,52,5:16:00 PM,Friday,Brookhaven & Lawrence,Mechanical,16,33,e/b,1562
2014/09/05,30,5:20:00 PM,Friday,Entire Route,General Delay,20,25,b/w,
2014/09/05,64,5:24:00 PM,Friday,Main Stn,Utilized Off Route,8,16,S/B,8116
2014/09/05,191,5:25:00 PM,Friday,royal crest at 27,Mechanical,5,10,s,7930
2014/09/05,6,5:26:00 PM,Friday,College and Bay,Investigation,11,22,n/b,1407
2014/09/05,196,5:30:00 PM,Friday,Downsview Station,Mechanical,2,4,n,9440
2014/09/05,60,5:30:00 PM,Friday,Signal Hill,Mechanical,7,21,E,7223
2014/09/05,165,5:41:00 PM,Friday,Finch Av,Mechanical,5,10,S,7944
2014/09/05,196,5:45:00 PM,Friday,Downsview Station,Mechanical,4,8,n,9404
2014/09/05,199,5:46:00 PM,Friday,Sandhurst Circle,Mechanical,4,8,W/B,7115
2014/09/05,95,5:56:00 PM,Friday,York Mills and Parkwoods,Mechanical,4,8,EB,1753
2014/09/05,45,6:02:00 PM,Friday,Kipling and Steeles,Mechanical,9,18,s,8066
2014/09/05,88,6:17:00 PM,Friday,St.Clair stn,Mechanical,7,14,w/b,8187
2014/09/05,120,6:20:00 PM,Friday,Jane/ Sheppard,Mechanical,22,44,S,7904
2014/09/05,191,6:21:00 PM,Friday,kipling stn,Mechanical,5,10,n,7940
2014/09/05,129,6:25:00 PM,Friday,Mccowan and Steels,Mechanical,4,9,S/B,1141
2014/09/05,190,6:43:00 PM,Friday,Don mills Station,Mechanical,4,9,e/b,1799
2014/09/05,29,6:45:00 PM,Friday,College,Mechanical,4,6,s,9034
2014/09/05,61,6:52:00 PM,Friday,Bombay Loop,Mechanical,13,25,sb,8380
2014/09/05,94,7:05:00 PM,Friday,Queens Park Circle,Diversion,392,407,b/w,1040
2014/09/05,5,7:10:00 PM,Friday,Queens Park Circle,Diversion,192,216,sb,8381
2014/09/05,29,7:20:00 PM,Friday,Wilson Stn,Mechanical,5,10,s,1825
2014/09/05,53,7:21:00 PM,Friday,Yonge/Cummer,Mechanical,4,8,WB,7102
2014/09/05,25,7:30:00 PM,Friday,Pape Station to Don Mills and Steeles,General Delay,8,15,BW,
2014/09/05,107,7:33:00 PM,Friday,Steeles,Mechanical,17,0,s,9401
2014/09/05,87,7:57:00 PM,Friday,Pape/Cosburn,Investigation,13,26,w,7691
2014/09/05,6,8:00:00 PM,Friday,entire route,General Delay,15,45,b/w,
2014/09/05,40,8:15:00 PM,Friday,Glenlake and Dundas West,Mechanical,10,20,s,8097
2014/09/05,53,8:15:00 PM,Friday,Steeles/Markham,Investigation,5,10,WB,7024
2014/09/05,102,8:17:00 PM,Friday,Warden Stn,Utilized Off Route,9,18,n,8123
2014/09/05,53,8:18:00 PM,Friday,Yonge/Steeles,Mechanical,20,40,EB,7053
2014/09/05,108,8:20:00 PM,Friday,Downsview Station,Emergency Services,9,18,W,7954
2014/09/05,25,8:33:00 PM,Friday,Wynford and Don Mills,Mechanical,5,10,N,7449
2014/09/05,39,8:41:00 PM,Friday,Neilson and Crow Trail,Mechanical,8,16,E/B,1068
2014/09/05,32,8:45:00 PM,Friday,glenholme and eglinton,Investigation,9,18,e/b,1509
2014/09/05,66,9:01:00 PM,Friday,Old Mill stn,Mechanical,30,60,s,8041
2014/09/05,199,9:02:00 PM,Friday,401 and McCowan,Investigation,7,14,N/B,1707
2014/09/05,72,9:39:00 PM,Friday,Pape Stn,Mechanical,10,20,s,7813
2014/09/05,79,9:44:00 PM,Friday,Runnymede stn,Investigation,24,48,n/b,1658
2014/09/05,172,10:00:00 PM,Friday,Cherry st route,General Delay,24,48,e/w,
2014/09/05,116,10:00:00 PM,Friday,116 Morningside Route,General Delay,10,20,BW,
2014/09/05,67,10:00:00 PM,Friday,67 Phamacy Route,General Delay,12,32,BW,
2014/09/05,102,10:06:00 PM,Friday,Centennial Loop,Mechanical,18,36,s,8154
2014/09/05,47,10:14:00 PM,Friday,queen and lansdowne,Utilized Off Route,1,1,n/b,1609
2014/09/05,165,10:25:00 PM,Friday,finch and weston,Mechanical,10,20,s/b,1361
2014/09/05,39,10:25:00 PM,Friday,Neilson and Crow trail.,Mechanical,6,12,W,7069
2014/09/05,102,10:44:00 PM,Friday,Mason/Kingston Rd,Mechanical,18,26,w,7859
2014/09/05,64,10:58:00 PM,Friday,Main Stn,Utilized Off Route,15,30,n,8142
2014/09/05,29,11:04:00 PM,Friday,Wilson stn,Mechanical,8,16,n/b,9049
2014/09/05,60,11:25:00 PM,Friday,Jane & Steeles,Diversion,1,1,E,1111
2014/09/05,39,11:25:00 PM,Friday,Neilson and Crow trail,Mechanical,6,12,W,1711
2014/09/05,15,11:36:00 PM,Friday,Evans and Sherway gate,Mechanical,30,60,e,7325
2014/09/05,36,11:37:00 PM,Friday,Finch/Hwy 27,Investigation,7,14,E,1327
2014/09/05,1,11:51:00 PM,Friday,Leslie & Steeles,Mechanical,3,6,SB,7556
2014/09/05,1,11:57:00 PM,Friday,Yorkmills stn,Mechanical,6,12,s/b,7066
2014/09/06,43,12:00:00 AM,Saturday,Steeles & McCowan,Mechanical,12,24,NB,7484
2014/09/06,48,12:00:00 AM,Saturday,Royal York stn,Mechanical,30,60,e,8077
2014/09/06,54,12:11:00 AM,Saturday,McCowan & Lawrence,Mechanical,20,40,EB,7627
2014/09/06,52,12:35:00 AM,Saturday,lawrence west stn,Investigation,20,40,w,1569
2014/09/06,52,12:35:00 AM,Saturday,Lawrence west stn,Investigation,20,40,w,1569
2014/09/06,29,1:15:00 AM,Saturday,Dufferin and Dupont,Mechanical,8,16,s/b,9001
2014/09/06,41,1:25:00 AM,Saturday,York university,Mechanical,18,43,s,1679
2014/09/06,300,2:00:00 AM,Saturday,Terminal 3 to Danforth/Danforth,General Delay,15,25,bw,
2014/09/06,165,2:10:00 AM,Saturday,wilson stn,Mechanical,30,60,s/b,1354
2014/09/06,320,2:40:00 AM,Saturday,yonge and eglinton,Mechanical,4,8,s/b,7487
2014/09/06,309,3:26:00 AM,Saturday,Finch Ave and Sentinel Rd,Diversion,60,90,bw,7959
2014/09/06,307,3:30:00 AM,Saturday,eglinton and islington,Investigation,60,120,w.b,1242
2014/09/06,300,4:08:00 AM,Saturday,Gardiner and Jamieson,Mechanical,30,40,w,8040
2014/09/06,34,5:29:00 AM,Saturday,kennedy and eglinton,Mechanical,17,24,w,7550
2014/09/06,116,5:39:00 AM,Saturday,Staines and Morningside,Mechanical,18,36,E,7493
2014/09/06,116,5:39:00 AM,Saturday,Staines and Morningside,Mechanical,18,36,E,7493
2014/09/06,61,5:50:00 AM,Saturday,N/B Avenue rd and Bedford Park ave,Mechanical,25,25,N,8372
2014/09/06,68,6:00:00 AM,Saturday,SOUTH BOUND WARDEN AT THE 401 RAMP,Diversion,40,57,S,7545
2014/09/06,102,6:05:00 AM,Saturday,WARDEN STN,Late Leaving Garage,15,30,N,7796
2014/09/06,86,6:05:00 AM,Saturday,sheppard loop,Mechanical,10,20,s,7425
2014/09/06,102,6:07:00 AM,Saturday,DYNAMIC,Late Leaving Garage,15,30,S,7812
2014/09/06,95,6:09:00 AM,Saturday,Ellesmere Rd-Midland,Mechanical,20,40,wb,1716
2014/09/06,116,6:14:00 AM,Saturday,brimley and eglinton,Mechanical,18,36,w,7493
2014/09/06,168,6:14:00 AM,Saturday,OLD WESTON RD AT TURNBURY,Investigation,11,21,s/b,7310
2014/09/06,104,6:29:00 AM,Saturday,Wilson station N/B,Mechanical,14,28,N,8202
2014/09/06,7,6:40:00 AM,Saturday,Bathurst station,Utilized Off Route,10,20,N,8336
2014/09/06,108,6:44:00 AM,Saturday,DSW,Mechanical,30,60,W,1346
2014/09/06,40,7:00:00 AM,Saturday,ENTIRE ROUTE,General Delay,15,30,B/W,
2014/09/06,41,7:02:00 AM,Saturday,Keele andSt. Clair,Mechanical,12,24,N/B,1598
2014/09/06,196,7:12:00 AM,Saturday,Downsview station,Utilized Off Route,12,24,W,9408
2014/09/06,94,7:12:00 AM,Saturday,Parliament and wellesley,General Delay,17,34,s,1052
2014/09/06,94,7:15:00 AM,Saturday,Wellesley and Parliament,Diversion,1,1,B/W,140
2014/09/06,16,7:15:00 AM,Saturday,Dovercourt and Bloor,Diversion,0,0,b/w,1520
2014/09/06,47,7:26:00 AM,Saturday,Brandon and Lansdowme,Investigation,18,36,s,1624
2014/09/06,102,7:40:00 AM,Saturday,WARDEN STATION,Late Leaving Garage,11,22,N,7813
2014/09/06,47,7:41:00 AM,Saturday,Queen and Macdonell,Utilized Off Route,18,36,n,1634
2014/09/06,67,8:05:00 AM,Saturday,pharmacy and ellesmere,Mechanical,15,30,s,7611
2014/09/06,60,8:30:00 AM,Saturday,Bathurst,Mechanical,9,18,W,1297
2014/09/06,89,8:31:00 AM,Saturday,Albion and Weston,Mechanical,15,30,S/B,1223
2014/09/06,168,9:14:00 AM,Saturday,DUNDAS W STN,Mechanical,10,20,N/B,8077
2014/09/06,190,9:22:00 AM,Saturday,Sheppard Av-Kennedy Rd,Mechanical,12,24,wb,1131
2014/09/06,109,9:25:00 AM,Saturday,W/B Out side Lawrence station,Mechanical,15,30,W,8381
2014/09/06,72,9:35:00 AM,Saturday,PAPE STN,Late Leaving Garage,10,20,S,8106
2014/09/06,165,9:40:00 AM,Saturday,Weston and LILAC,Diversion,95,132,B,1335
2014/09/06,165,9:44:00 AM,Saturday,Wilson and Avenue road,Mechanical,15,30,N,7905
2014/09/06,53,9:49:00 AM,Saturday,Finch Station,Mechanical,5,24,e,7006
2014/09/06,53,9:56:00 AM,Saturday,Passmore and Markham,Mechanical,8,24,w,1729
2014/09/06,60,10:00:00 AM,Saturday,York University,Diversion,11,22,W,1213
2014/09/06,35,10:00:00 AM,Saturday,Jane route,General Delay,30,45,B,
2014/09/06,195,10:00:00 AM,Saturday,Jane rocket route,General Delay,40,50,B,
2014/09/06,195,10:00:00 AM,Saturday,York U COMMONS,Diversion,165,175,B,1360
2014/09/06,41,10:00:00 AM,Saturday,York university commons,Diversion,170,179,N/B150,
2014/09/06,108,10:00:00 AM,Saturday,Downsview Park,General Delay,20,20,B,1111
2014/09/06,84,10:00:00 AM,Saturday,84 Sheppard,General Delay,15,15,B,1111
2014/09/06,89,10:00:00 AM,Saturday,St Philips and Weston Rd,General Delay,25,0,b/w,
2014/09/06,106,10:00:00 AM,Saturday,York university commons,Diversion,12,24,S,8169
2014/09/06,195,10:00:00 AM,Saturday,Jane & Hwy 400,General Delay,40,40,B,1111
2014/09/06,35,10:00:00 AM,Saturday,Jane & Hwy 400,General Delay,30,30,B,9999
2014/09/06,196,10:00:00 AM,Saturday,York university Commons,Diversion,12,24,N,8387
2014/09/06,32,10:02:00 AM,Saturday,Pine and Lawrence,Mechanical,10,20,s,1411
2014/09/06,36,10:12:00 AM,Saturday,Sentinel Road,Mechanical,9,18,E,1285
2014/09/06,54,10:23:00 AM,Saturday,eglinton stn,Mechanical,15,30,e,7486
2014/09/06,35,10:39:00 AM,Saturday,Jane and Steeles,Mechanical,10,21,S,1358
2014/09/06,84,10:40:00 AM,Saturday,Allen rd,Mechanical,9,18,W,1336
2014/09/06,129,10:45:00 AM,Saturday,Scarborough Town Centre to Major Mackenzie,General Delay,22,18,b/w,
2014/09/06,95,10:46:00 AM,Saturday,Birchmount and Ellesmere,Mechanical,20,40,e/b,1072
2014/09/06,53,10:47:00 AM,Saturday,Steeles and Yonge,Mechanical,24,48,e,1126
2014/09/06,81,10:51:00 AM,Saturday,Overlea and Thorncliffe Park,Investigation,7,15,,7828
2014/09/06,63,10:51:00 AM,Saturday,Eglinton West Station,Mechanical,7,14,s,1502
2014/09/06,30,10:52:00 AM,Saturday,dundas at cordova,Mechanical,30,60,w/b,8021
2014/09/06,29,11:00:00 AM,Saturday,Dufferin and Tycos,Mechanical,5,10,s,9040
2014/09/06,60,11:03:00 AM,Saturday,Dufferin,Investigation,11,22,W,1339
2014/09/06,116,11:40:00 AM,Saturday,Kennedy Station,Mechanical,6,12,,7551
2014/09/06,29,11:48:00 AM,Saturday,Dufferin and rogers,Emergency Services,5,10,s,9035
2014/09/06,102,11:53:00 AM,Saturday,Warden Stn,Utilized Off Route,11,33,S/B,7821
2014/09/06,97,12:06:00 PM,Saturday,Davisville stn,Utilized Off Route,20,40,s/b,8354
2014/09/06,36,12:11:00 PM,Saturday,HWLP,Mechanical,6,12,E,1215
2014/09/06,41,12:14:00 PM,Saturday,Keele and Eglinton Ave W,Late Leaving Garage,5,10,s/b,1641
2014/09/06,45,12:21:00 PM,Saturday,KIPLING AND ALBION,Mechanical,10,21,N,8098
2014/09/06,29,12:22:00 PM,Saturday,Dufferin and davenport,Mechanical,5,10,n,9008
2014/09/06,127,12:30:00 PM,Saturday,Old Weston Rd and St Clair,General Delay,15,0,b/w,
2014/09/06,84,12:33:00 PM,Saturday,Downsview Station,Mechanical,6,12,E,1336
2014/09/06,41,12:35:00 PM,Saturday,Founders and Steeles,Late Leaving Garage,7,14,s/b,1622
2014/09/06,11,12:35:00 PM,Saturday,Bayview and Blythwood,Investigation,14,28,n/b,8203
2014/09/06,64,12:35:00 PM,Saturday,Main Station,Mechanical,15,30,N,8130
2014/09/06,54,12:39:00 PM,Saturday,eglinton station,Mechanical,15,30,e,7675
2014/09/06,53,12:43:00 PM,Saturday,Finch Station,Mechanical,6,18,e,1701
2014/09/06,116,12:49:00 PM,Saturday,Kennedy Station,Mechanical,6,12,,7445
2014/09/06,106,12:59:00 PM,Saturday,Downsview station,Mechanical,10,20,NB,8192
2014/09/06,43,1:00:00 PM,Saturday,43 Kennedy Route,General Delay,7,14,B/W,
2014/09/06,24,1:00:00 PM,Saturday,Route 24 Vic. Park,General Delay,10,1,b/w,
2014/09/06,41,1:03:00 PM,Saturday,Founders and Steeles,Late Leaving Garage,7,14,s/b,1670
2014/09/06,29,1:05:00 PM,Saturday,wilson station,Utilized Off Route,3,6,sb,1808
2014/09/06,96,1:08:00 PM,Saturday,carrier loop,Mechanical,17,34,down,7913
2014/09/06,120,1:15:00 PM,Saturday,wilson stn,Mechanical,30,60,up,1318
2014/09/06,95,1:19:00 PM,Saturday,Pharmacy and Ellesmere,Mechanical,15,30,e/b,1109
2014/09/06,172,1:28:00 PM,Saturday,Cherry Street and Lakeshore,Investigation,24,48,E/B,7784
2014/09/06,125,1:30:00 PM,Saturday,Finch stn,Mechanical,15,30,w/b,8320
2014/09/06,7,1:39:00 PM,Saturday,DREWRY / BATHURST,Utilized Off Route,8,15,NB,8331
2014/09/06,81,1:53:00 PM,Saturday,Pape Stn,Utilized Off Route,7,15,,7686
2014/09/06,29,2:00:00 PM,Saturday,Wilson ave to Glencairn,General Delay,30,15,b,
2014/09/06,25,2:00:00 PM,Saturday,25 Donmills Route,General Delay,5,10,B/W,
2014/09/06,53,2:07:00 PM,Saturday,Finch Station,Utilized Off Route,12,24,EB,1099
2014/09/06,6,2:13:00 PM,Saturday,Bay and College,General Delay,30,0,b/w,
2014/09/06,5,2:20:00 PM,Saturday,Queens Park Cres,Diversion,205,225,s/b,1802
2014/09/06,5,2:20:00 PM,Saturday,Eglinton stn to Hoskins,General Delay,20,40,b/w,
2014/09/06,29,2:27:00 PM,Saturday,Dufferin and Queen,Investigation,3,6,s,9019
2014/09/06,84,2:30:00 PM,Saturday,Downsview Station,Mechanical,6,12,W,1356
2014/09/06,106,2:30:00 PM,Saturday,Downsview station,Utilized Off Route,10,20,WB,8169
2014/09/06,52,2:38:00 PM,Saturday,Jane and Lawrence,Mechanical,17,36,e/b,1562
2014/09/06,110,2:48:00 PM,Saturday,Islington/Evans,Mechanical,18,36,N,8060
2014/09/06,16,2:50:00 PM,Saturday,STC,Utilized Off Route,10,20,S,8122
2014/09/06,94,3:00:00 PM,Saturday,Queens Park Circle and College,General Delay,30,0,b/w,
2014/09/06,16,3:05:00 PM,Saturday,Danforth & Midland,Mechanical,10,20,N,8115
2014/09/06,24,3:10:00 PM,Saturday,Vic. Park stn.,Utilized Off Route,9,17,s/b,7684
2014/09/06,34,3:14:00 PM,Saturday,Eglinton and Bayview,Mechanical,6,12,,7403
2014/09/06,69,3:14:00 PM,Saturday,Birchmount and St clair,Investigation,10,20,,7827
2014/09/06,54,3:25:00 PM,Saturday,Eglinton Stn,Utilized Off Route,14,28,,7442
2014/09/06,102,3:36:00 PM,Saturday,Warden Station,Utilized Off Route,10,20,S,7839
2014/09/06,85,3:45:00 PM,Saturday,SHEPPARD AND MALVERN GATE,Mechanical,6,12,EB,1121
2014/09/06,100,3:48:00 PM,Saturday,Eglinton Station,Utilized Off Route,9,18,sb,7503
2014/09/06,106,3:50:00 PM,Saturday,Downsview station,Utilized Off Route,10,20,WB,8172
2014/09/06,54,3:52:00 PM,Saturday,Eglinton Station,Utilized Off Route,14,28,eb,7586
2014/09/06,709,3:53:00 PM,Saturday,Eglinton / Caledonia,Utilized Off Route,1,1,w,1664
2014/09/06,20,3:55:00 PM,Saturday,Main stn.,Utilized Off Route,18,36,e/b,7841
2014/09/06,36,3:55:00 PM,Saturday,Finch Stn,Utilized Off Route,5,10,W,1247
2014/09/06,60,3:55:00 PM,Saturday,Finch Stn,Utilized Off Route,14,24,W,1387
2014/09/06,53,3:55:00 PM,Saturday,Finch Station,Utilized Off Route,6,12,EB,1735
2014/09/06,709,3:55:00 PM,Saturday,Eglinton / Caledonia,Utilized Off Route,1,1,w,1531
2014/09/06,96,3:57:00 PM,Saturday,wilson stn,Utilized Off Route,17,34,up,1352
2014/09/06,133,3:58:00 PM,Saturday,MORNINGSIDE AND STAINES,Utilized Off Route,9,18,sb,1757
2014/09/06,34,3:58:00 PM,Saturday,Eglinton Station,Utilized Off Route,6,12,,7654
2014/09/06,168,4:00:00 PM,Saturday,Avon Loop,Utilized Off Route,8,17,S,7979
2014/09/06,165,4:02:00 PM,Saturday,wilson and kinghigh,Mechanical,8,16,up,1295
2014/09/06,73,4:05:00 PM,Saturday,RYST,Utilized Off Route,20,40,N,7957
2014/09/06,29,4:05:00 PM,Saturday,Dufferin and lawrence,Utilized Off Route,3,6,s,9035
2014/09/06,95,4:08:00 PM,Saturday,York mills Station,Utilized Off Route,15,30,e/b,1143
2014/09/06,7,4:10:00 PM,Saturday,,Utilized Off Route,0,0,NB,8356
2014/09/06,29,4:10:00 PM,Saturday,,Utilized Off Route,3,6,s,8211
2014/09/06,45,4:12:00 PM,Saturday,KIPLING STATION,Utilized Off Route,9,19,N,8066
2014/09/06,24,4:15:00 PM,Saturday,Vic Park Stn.,Utilized Off Route,8,17,s/b,7720
2014/09/06,709,4:15:00 PM,Saturday,Eglinton west stn,Utilized Off Route,1,1,w,1663
2014/09/06,709,4:15:00 PM,Saturday,Eglinton west /Keele,Utilized Off Route,1,1,w,1610
2014/09/06,102,4:16:00 PM,Saturday,Warden Stn,Utilized Off Route,20,30,S/B,7786
2014/09/06,85,4:16:00 PM,Saturday,DON MILLS STATION,Mechanical,6,12,EB,1147
2014/09/06,12,4:17:00 PM,Saturday,Victoria Park Stn,Utilized Off Route,15,29,,7811
2014/09/06,199,4:20:00 PM,Saturday,Finch Station,Utilized Off Route,8,16,e/b,7125
2014/09/06,84,4:20:00 PM,Saturday,Sheppard Stn,Utilized Off Route,6,12,W,1282
2014/09/06,165,4:20:00 PM,Saturday,wilson stn,Utilized Off Route,8,16,down,7938
2014/09/06,759,4:20:00 PM,Saturday,Industry / Todd Baylis,Utilized Off Route,1,1,w,1043
2014/09/06,25,4:25:00 PM,Saturday,Pape Station,Mechanical,6,12,sb,7435
2014/09/06,17,4:35:00 PM,Saturday,Steeles Loop,Mechanical,15,30,S,8107
2014/09/06,86,4:50:00 PM,Saturday,Scarborough Loop,Mechanical,6,12,,7494
2014/09/06,134,5:03:00 PM,Saturday,Scarborough Town Center,Mechanical,15,30,Eb,1122
2014/09/06,41,5:32:00 PM,Saturday,St Clair and Keele,Utilized Off Route,7,14,s/b,1620
2014/09/06,45,5:35:00 PM,Saturday,Rexdale and Kipling,Mechanical,10,19,e,8068
2014/09/06,12,5:35:00 PM,Saturday,Brimley and St Clair,Investigation,15,28,E/B,7835
2014/09/06,29,5:40:00 PM,Saturday,Dufferin and St Clair,Utilized Off Route,3,6,n,9044
2014/09/06,709,5:40:00 PM,Saturday,Eglinton west stn,Utilized Off Route,1,1,w,1422
2014/09/06,29,5:45:00 PM,Saturday,Dufferin and St Clair,Utilized Off Route,3,6,n,9015
2014/09/06,85,5:46:00 PM,Saturday,Sheppard and Warden,Mechanical,6,12,WB,1112
2014/09/06,161,5:53:00 PM,Saturday,Ossington station,Investigation,12,24,s/b,1047
2014/09/06,35,5:53:00 PM,Saturday,Jane & Lawrence,Emergency Services,7,14,S,7901
2014/09/06,85,5:59:00 PM,Saturday,Sheppard and Neilson,Mechanical,6,12,WB,1705
2014/09/06,45,6:06:00 PM,Saturday,Kipling stn,Mechanical,9,19,e,8068
2014/09/06,50,6:12:00 PM,Saturday,Burnhamthorpe/Shaver,Diversion,263,293,E,8080
2014/09/06,116,6:13:00 PM,Saturday,Danforth & Eglinton,Investigation,6,12,EB,7555
2014/09/06,45,6:33:00 PM,Saturday,Kipling and Westway,Mechanical,9,19,e,8073
2014/09/06,53,6:56:00 PM,Saturday,Morningside & Steeles,Mechanical,25,50,WB,7006
2014/09/06,43,6:57:00 PM,Saturday,Kennedy STN,Mechanical,15,30,EB,7543
2014/09/06,95,7:00:00 PM,Saturday,UFT College Loop,Mechanical,15,30,WB,1765
2014/09/06,29,7:10:00 PM,Saturday,St Clair ave  between lansdowne and Gunns Loop,Investigation,1,1,b,9044
2014/09/06,85,8:09:00 PM,Saturday,Meadowvale Loop,Late Leaving Garage,12,28,WB,1063
2014/09/06,161,8:48:00 PM,Saturday,Alliance and Jane,Emergency Services,15,30,n/b,1520
2014/09/06,24,9:25:00 PM,Saturday,Victoria Park Stn,Emergency Services,10,20,S/B,7872
2014/09/06,102,9:27:00 PM,Saturday,Warden Stn,Utilized Off Route,11,22,S/B,7758
2014/09/06,86,9:37:00 PM,Saturday,Eglinton Garage,Late Leaving Garage,11,22,EB,7637
2014/09/06,25,10:17:00 PM,Saturday,Freshmeadow & Don Mills,Mechanical,10,20,SB,7472
2014/09/06,172,10:32:00 PM,Saturday,Cherry Street and Commissioners,Mechanical,24,48,,8104
2014/09/06,71,10:45:00 PM,Saturday,Weston rd / Ray ave,Diversion,95,115,n,1315
2014/09/06,89,10:45:00 PM,Saturday,Weston rd / Ray ave,Diversion,95,110,s,1618
2014/09/06,76,11:05:00 PM,Saturday,Royal York and Albani,Mechanical,15,30,e,8029
2014/09/07,100,12:13:00 AM,Sunday,Eglinton STN,Investigation,14,28,EB,7622
2014/09/07,122,12:15:00 AM,Sunday,Banbury & Yorkmills,Diversion,30,60,W,8396
2014/09/07,59,12:31:00 AM,Sunday,lawrence west stn,Investigation,30,60,up,1218
2014/09/07,122,12:57:00 AM,Sunday,Yonge St & Yorkmills Stn,Mechanical,29,29,W,8159
2014/09/07,300,1:33:00 AM,Sunday,Kipling station,Mechanical,15,30,W,8095
2014/09/07,192,1:37:00 AM,Sunday,Kipling stn,Utilized Off Route,10,19,n,8001
2014/09/07,300,1:45:00 AM,Sunday,Danforth and Warden to Pearson Airport,General Delay,20,25,BW,
2014/09/07,305,3:05:00 AM,Sunday,Rouge Hill Go station,Emergency Services,20,50,W,7471
2014/09/07,310,3:30:00 AM,Sunday,village gate,Mechanical,20,40,s/b,8345
2014/09/07,300,5:00:00 AM,Sunday,300 Bloor Night Bus All branch,General Delay,12,24,BW,
2014/09/07,321,5:50:00 AM,Sunday,Finchdene Gate and Newwgale Gate,Mechanical,30,60,sb,1789
2014/09/07,36,6:35:00 AM,Sunday,FSTN,Mechanical,11,23,E,1286
2014/09/07,320,7:29:00 AM,Sunday,Finch Ave,Mechanical,3,6,S,8170
2014/09/07,53,7:36:00 AM,Sunday,Scarborough Town Centre,Late Leaving Garage,9,18,WB,1082
2014/09/07,131,7:50:00 AM,Sunday,STC SRT,Late Leaving Garage,26,52,wb,
2014/09/07,35,7:59:00 AM,Sunday,Steele/Jane,Mechanical,10,20,s,1386
2014/09/07,43,8:00:00 AM,Sunday,Kennedy stn,Mechanical,9,19,nb,7656
2014/09/07,107,8:00:00 AM,Sunday,Wilson Station,Late Leaving Garage,30,30,N,9437
2014/09/07,192,8:13:00 AM,Sunday,KIPLING STN,Mechanical,13,28,N/B,8011
2014/09/07,43,8:18:00 AM,Sunday,Kennedy Passmore,Late Leaving Garage,4,12,sb,7608
2014/09/07,108,8:18:00 AM,Sunday,Downs View Stn.,Mechanical,22,47,W,1359
2014/09/07,25,8:20:00 AM,Sunday,Pape stn,Mechanical,15,27,nb,7529
2014/09/07,195,8:25:00 AM,Sunday,York U Commons,Mechanical,10,20,s,1471
2014/09/07,94,8:28:00 AM,Sunday,Castlefrank station,Late Leaving Garage,17,26,w,1029
2014/09/07,6,8:30:00 AM,Sunday,Davenport to College,Diversion,180,195,s,1589
2014/09/07,94,8:35:00 AM,Sunday,Queenspark circle at wellesley,Diversion,205,220,e,1567
2014/09/07,40,8:40:00 AM,Sunday,RUNNYMEDE LOOP,Mechanical,13,26,W/B,7968
2014/09/07,29,8:42:00 AM,Sunday,Springhurst loop,Mechanical,10,20,n,9425
2014/09/07,199,8:45:00 AM,Sunday,Scarborough Town Centre,Late Leaving Garage,10,20,WB,1750
2014/09/07,22,8:49:00 AM,Sunday,Bingham loop,Late Leaving Garage,7,1,W,7786
2014/09/07,52,8:58:00 AM,Sunday,Lawrence station,Late Leaving Garage,23,48,w,1010
2014/09/07,191,9:00:00 AM,Sunday,SLPM,Mechanical,20,40,S,7915
2014/09/07,107,9:00:00 AM,Sunday,N/B Downsview station,Late Leaving Garage,30,60,N,1814
2014/09/07,65,9:02:00 AM,Sunday,Parliament and Wellesley,Diversion,0,0,B/W,8129
2014/09/07,111,9:09:00 AM,Sunday,KIPLING STN,Utilized Off Route,15,30,N/B,7966
2014/09/07,25,9:10:00 AM,Sunday,Pape stn,Mechanical,7,15,nb7,7438
2014/09/07,36,9:15:00 AM,Sunday,Bathurst,Mechanical,7,14,W,1331
2014/09/07,190,9:16:00 AM,Sunday,Don Mills Station,Late Leaving Garage,16,32,eb,1772
2014/09/07,102,9:18:00 AM,Sunday,Hwy 7 and Main stn,Diversion,0,0,N,7798
2014/09/07,41,9:20:00 AM,Sunday,Keele Station,Utilized Off Route,10,20,n,1637
2014/09/07,127,9:20:00 AM,Sunday,Spadina and davenport,Mechanical,23,45,w,1575
2014/09/07,20,9:36:00 AM,Sunday,Main stn,Late Leaving Garage,11,1,E,7826
2014/09/07,53,10:00:00 AM,Sunday,Finch station to Staines & Morningside,General Delay,8,12,B/W,1074
2014/09/07,39,10:10:00 AM,Sunday,Wilson Stn,Mechanical,5,10,n,9439
2014/09/07,29,10:20:00 AM,Sunday,Wilson Stn,Mechanical,5,10,n,9040
2014/09/07,85,10:25:00 AM,Sunday,Sheppard-Yonge Station.,Utilized Off Route,20,40,eb,1799
2014/09/07,29,10:30:00 AM,Sunday,Wilson Stn,Utilized Off Route,5,10,n,9035
2014/09/07,25,10:31:00 AM,Sunday,Don Mills Station,Utilized Off Route,10,20,,7654
2014/09/07,133,10:38:00 AM,Sunday,Mclevin-Neilson Rd,Mechanical,12,24,nb,1720
2014/09/07,24,10:40:00 AM,Sunday,steeles and victoria Park,Utilized Off Route,9,18,S,8156
2014/09/07,196,10:40:00 AM,Sunday,Downsview Stn,Utilized Off Route,10,20,n,8206
2014/09/07,199,10:45:00 AM,Sunday,Scarborough Town Centre,Mechanical,10,20,WB,1762
2014/09/07,85,10:45:00 AM,Sunday,Don Mills station,Utilized Off Route,20,40,wb,1125
2014/09/07,25,10:47:00 AM,Sunday,Don Mills Station,Utilized Off Route,10,20,,7601
2014/09/07,81,10:50:00 AM,Sunday,Pape Station,Utilized Off Route,10,20,N,7700
2014/09/07,85,10:56:00 AM,Sunday,Don Mills Station,Utilized Off Route,22,44,eb,1068
2014/09/07,36,10:56:00 AM,Sunday,FARR,Mechanical,8,16,E,1323
2014/09/07,85,10:59:00 AM,Sunday,Sheppard Av0-Dean Park,Investigation,13,50,wb,1701
2014/09/07,54,11:05:00 AM,Sunday,Star Spray Loop,Mechanical,15,30,wb,7635
2014/09/07,86,11:13:00 AM,Sunday,115 Metres before Bellamy Rd,Investigation,8,16,W/B,7429
2014/09/07,60,11:20:00 AM,Sunday,Steeles/Yonge,Mechanical,14,28,E,1252
2014/09/07,60,11:24:00 AM,Sunday,FSTN,Mechanical,11,22,E,7923
2014/09/07,106,11:45:00 AM,Sunday,York U commons,Utilized Off Route,15,30,n,8186
2014/09/07,29,11:45:00 AM,Sunday,Wilson Stn,Utilized Off Route,3,6,n,9026
2014/09/07,25,11:48:00 AM,Sunday,Pape Station,Mechanical,6,12,,7466
2014/09/07,86,11:49:00 AM,Sunday,Kennedy Station,Utilized Off Route,7,14,,7453
2014/09/07,29,11:50:00 AM,Sunday,Wilson Stn,Utilized Off Route,3,6,n,1825
2014/09/07,39,11:51:00 AM,Sunday,Finch station,Utilized Off Route,8,17,EB,1716
2014/09/07,85,11:51:00 AM,Sunday,Dpon Mills Station,Utilized Off Route,6,12,eb,1787
2014/09/07,34,11:52:00 AM,Sunday,Eglinton Station,Utilized Off Route,9,18,,7561
2014/09/07,7,11:55:00 AM,Sunday,Bathurst and Finch,Utilized Off Route,7,15,S,8321
2014/09/07,38,11:56:00 AM,Sunday,Ellesmere/Helicon Gate,Mechanical,12,24,WB,1122
2014/09/07,92,11:59:00 AM,Sunday,Woodbine Station,Utilized Off Route,7,14,S,7686
2014/09/07,71,12:00:00 PM,Sunday,entire route,General Delay,24,48,b/w,1565
2014/09/07,90,12:02:00 PM,Sunday,St.Clair West station,Late Leaving Garage,8,16,N,8356
2014/09/07,102,12:06:00 PM,Sunday,WARDEN STATION,Utilized Off Route,10,20,N,7810
2014/09/07,107,12:30:00 PM,Sunday,Keele and York Blvd.,Mechanical,60,120,n,3737
2014/09/07,29,12:34:00 PM,Sunday,Wilson Stn,Mechanical,3,6,n,9417
2014/09/07,106,12:35:00 PM,Sunday,Downsview Stn,Mechanical,15,30,n,8394
2014/09/07,85,12:44:00 PM,Sunday,Toronto Zoo,Mechanical,11,22,WB,1734
2014/09/07,196,12:45:00 PM,Sunday,Finch and Dufferin,Mechanical,10,20,s,8168
2014/09/07,199,12:46:00 PM,Sunday,McCowan & Finch,Mechanical,9,18,EB,1750
2014/09/07,29,12:53:00 PM,Sunday,Wilson Stn,Mechanical,3,6,s,9046
2014/09/07,129,1:00:00 PM,Sunday,Entire Route,General Delay,20,60,B/W's,
2014/09/07,35,1:07:00 PM,Sunday,Jane Station,Mechanical,10,20,n,1248
2014/09/07,34,1:16:00 PM,Sunday,Kennedy Stn,Mechanical,8,16,W/B,7499
2014/09/07,116,1:30:00 PM,Sunday,116 Morningside Route,General Delay,7,14,B/W,
2014/09/07,199,1:30:00 PM,Sunday,Finch Station,Utilized Off Route,9,18,e/b,1768
2014/09/07,199,1:46:00 PM,Sunday,Scarborough Town Center,Utilized Off Route,9,18,WB,1113
2014/09/07,96,1:50:00 PM,Sunday,Armel Crt and Albion,Mechanical,18,36,W,1267
2014/09/07,709,1:59:00 PM,Sunday,Eglinton west station,Utilized Off Route,1,1,E/b,1547
2014/09/07,709,1:59:00 PM,Sunday,Mount Dennis Garage,Utilized Off Route,1,1,E/b,1421
2014/09/07,195,2:00:00 PM,Sunday,Entire 195 Jane Rocket Route,General Delay,15,40,B/W,
2014/09/07,86,2:00:00 PM,Sunday,86 Scarboborough Route,General Delay,8,16,B/W,
2014/09/07,53,2:00:00 PM,Sunday,Entire Route,General Delay,14,21,b/w's,
2014/09/07,34,2:00:00 PM,Sunday,34 Eglinton Route,General Delay,8,16,B/W,
2014/09/07,35,2:00:00 PM,Sunday,Entire 35 Jane Route,General Delay,15,40,B/W,
2014/09/07,32,2:00:00 PM,Sunday,Entire route,General Delay,12,16,b/w,
2014/09/07,29,2:00:00 PM,Sunday,Dufferin and dundas,Mechanical,3,6,n,8173
2014/09/07,95,2:01:00 PM,Sunday,Ellesmere/Brimley,Mechanical,20,40,WB,1147
2014/09/07,165,2:11:00 PM,Sunday,Finch and Weston,Mechanical,10,20,S,1357
2014/09/07,36,2:15:00 PM,Sunday,FINCH AVE @ ARROW RD.,Mechanical,7,13,E,1342
2014/09/07,106,2:20:00 PM,Sunday,Downsview Stn,Mechanical,15,30,n,9436
2014/09/07,86,2:26:00 PM,Sunday,Kennedy Stn,Mechanical,8,16,E/B,7455
2014/09/07,101,2:35:00 PM,Sunday,Downsview Stn,Investigation,1,1,W,1258
2014/09/07,85,2:42:00 PM,Sunday,Don Mills Station,Mechanical,28,56,EB,1117
2014/09/07,37,2:48:00 PM,Sunday,ISLINGTON @ REXDALE BLVD,Mechanical,10,22,S,7947
2014/09/07,24,2:59:00 PM,Sunday,Warden Station,Mechanical,8,16,,7738
2014/09/07,84,3:00:00 PM,Sunday,Entire 84 Sheppard Ave West Route,General Delay,15,30,B/W,
2014/09/07,36,3:27:00 PM,Sunday,FINCH STATION,Investigation,6,11,W,1339
2014/09/07,69,3:31:00 PM,Sunday,Warden Station,Emergency Services,10,20,S,7867
2014/09/07,25,3:34:00 PM,Sunday,Don Mills Station,Mechanical,6,12,SB,7654
2014/09/07,102,3:57:00 PM,Sunday,Warden Station,Utilized Off Route,10,20,N,7787
2014/09/07,35,4:02:00 PM,Sunday,Exbury and Jane St,Investigation,10,20,N,7926
2014/09/07,192,4:27:00 PM,Sunday,kipling station,Mechanical,10,20,n,8000
2014/09/07,195,4:43:00 PM,Sunday,York U Commons,Investigation,10,20,S,1233
2014/09/07,45,5:10:00 PM,Sunday,kipling station,Mechanical,11,21,n,8022
2014/09/07,7,5:14:00 PM,Sunday,Sheppard / bathurst,Mechanical,7,15,SB,9422
2014/09/07,29,5:19:00 PM,Sunday,wilson station,Utilized Off Route,4,7,SB,8309
2014/09/07,29,6:14:00 PM,Sunday,CNE LOOP,General Delay,6,57,,
2014/09/07,42,6:15:00 PM,Sunday,Finch Stn,Utilized Off Route,15,30,E,8350
2014/09/07,29,6:18:00 PM,Sunday,CNE Loop,Investigation,6,12,n,9020
2014/09/07,199,6:25:00 PM,Sunday,Scarborough Town Center,Utilized Off Route,9,18,w/b,1089
2014/09/07,52,6:30:00 PM,Sunday,lawrence / Keele,Mechanical,15,30,w,1584
2014/09/07,29,6:38:00 PM,Sunday,CNE Loop,Diversion,6,12,sb,8157
2014/09/07,29,6:43:00 PM,Sunday,Gladstone & dufferin park,Investigation,6,12,N,8153
2014/09/07,131,7:14:00 PM,Sunday,Birrell Ave on Littles,Investigation,26,52,EB,1765
2014/09/07,190,7:20:00 PM,Sunday,Neilson/McLevin,Utilized Off Route,26,52,WB,1766
2014/09/07,192,7:20:00 PM,Sunday,Kipling Station,Mechanical,10,20,N,8011
2014/09/07,40,7:30:00 PM,Sunday,Dundas West Station,General Delay,10,0,BW,
2014/09/07,106,7:45:00 PM,Sunday,Downsview Stn,Mechanical,10,20,,1822
2014/09/07,123,7:54:00 PM,Sunday,Evans at Sherway Gate,Investigation,30,60,N,8087
2014/09/07,95,8:20:00 PM,Sunday,York Mills and Bayview,Mechanical,10,20,e/b,1102
2014/09/07,53,8:34:00 PM,Sunday,Morningside and Staines,Mechanical,19,18,w/b,1403
2014/09/07,29,8:45:00 PM,Sunday,CNE Loop,Mechanical,10,20,,1825
2014/09/07,196,8:50:00 PM,Sunday,Dufferin & Finch,Emergency Services,15,30,,8322
2014/09/07,105,9:10:00 PM,Sunday,Dufferin & finch,Diversion,30,105,,8209
2014/09/07,104,9:10:00 PM,Sunday,Dufferin & finch,Diversion,18,53,sb,9429
2014/09/07,122,9:10:00 PM,Sunday,Yorkmills Stn,Mechanical,30,60,,8365
2014/09/07,196,9:10:00 PM,Sunday,Dufferin & finch,Diversion,15,50,sb,8387
2014/09/07,46,9:45:00 PM,Sunday,Martin Grove and Steeles,Investigation,1,1,S,1377
2014/09/07,106,9:52:00 PM,Sunday,Sheppard & Allen Rd,Mechanical,10,20,w,1822
2014/09/07,36,10:11:00 PM,Sunday,finch stn,Mechanical,9,18,up,1349
2014/09/07,46,10:13:00 PM,Sunday,Steeles & Martingrove,Late Leaving Garage,30,60,S,1353
2014/09/07,36,11:16:00 PM,Sunday,Yorkview and Bathurst,Mechanical,10,20,W,7903
2014/09/07,116,11:20:00 PM,Sunday,Kennedy STN,Emergency Services,17,34,EB,7510
2014/09/07,60,11:30:00 PM,Sunday,Finch Station,Mechanical,24,48,W,7934
2014/09/08,67,1:08:00 AM,Monday,Pharmacy & Ellesmere,Diversion,20,20,NB,7430
2014/09/08,320,2:03:00 AM,Monday,Yonge & Balmoral,Investigation,15,30,S,8334
2014/09/08,36,2:40:00 AM,Monday,Finch Station,Investigation,30,60,N,1251
2014/09/08,320,3:20:00 AM,Monday,Empress and Yonge,Utilized Off Route,15,30,N,1688
2014/09/08,320,4:05:00 AM,Monday,Yonge & Steeles,Investigation,15,30,S,8197
2014/09/08,72,4:25:00 AM,Monday,Carlaw & Queen,Utilized Off Route,10,20,s/b,7784
2014/09/08,53,4:45:00 AM,Monday,Markham - Passmore,Late Leaving Garage,15,23,W,7066
2014/09/08,96,5:00:00 AM,Monday,Wilson station,Late Leaving Garage,18,36,w,7217
2014/09/08,46,5:03:00 AM,Monday,Martin grove loop,Mechanical,10,20,B/W,1326
2014/09/08,86,5:06:00 AM,Monday,Kingston Rd and Celeste,Mechanical,28,0,e,7501
2014/09/08,52,5:09:00 AM,Monday,Bathurst and Lawrence,Late Leaving Garage,8,16,w/b,1002
2014/09/08,320,5:15:00 AM,Monday,Steeles and  Bathurst,Mechanical,1,1,W,8384
2014/09/08,54,5:25:00 AM,Monday,Eglinton station,Mechanical,16,24,e,7444
2014/09/08,17,5:30:00 AM,Monday,STEELES LOOP,Late Leaving Garage,20,1,S,7774
2014/09/08,165,5:30:00 AM,Monday,York Mills station,Late Leaving Garage,12,25,WB,7247
2014/09/08,36,5:34:00 AM,Monday,Finch Station,Mechanical,4,12,EB,1236
2014/09/08,108,5:36:00 AM,Monday,Driftwood/Jane,Late Leaving Garage,13,26,s,1523
2014/09/08,52,5:37:00 AM,Monday,Lawrence stn,Mechanical,12,24,w/b,1222
2014/09/08,7,5:39:00 AM,Monday,Village Gate and Steeles,Mechanical,6,35,SB,9034
2014/09/08,25,5:44:00 AM,Monday,Don Mills Duncan Mills,Mechanical,6,15,sb,7536
2014/09/08,25,5:44:00 AM,Monday,Duncan Mills and Don Mills,Mechanical,17,34,SB,7536
2014/09/08,25,5:44:00 AM,Monday,Pape stn,Mechanical,3,7,nb,7542
2014/09/08,106,5:45:00 AM,Monday,Downsview station,Late Leaving Garage,15,15,N,8325
2014/09/08,97,5:45:00 AM,Monday,Steels and Yonge,Late Leaving Garage,15,26,s,8206
2014/09/08,52,5:47:00 AM,Monday,lawrencve station,Late Leaving Garage,7,14,WB,1423
2014/09/08,85,5:50:00 AM,Monday,Meadowvale loop,Late Leaving Garage,4,8,W,1080
2014/09/08,68,5:51:00 AM,Monday,Warden stn,Mechanical,4,8,nb,7455
2014/09/08,68,5:55:00 AM,Monday,Warden stn,Mechanical,4,7,nb,7441
2014/09/08,199,5:57:00 AM,Monday,Scarborough Town Centre,Late Leaving Garage,3,6,WB,7054
2014/09/08,29,5:59:00 AM,Monday,Dufferin and Tycos,Late Leaving Garage,5,7,SB,9053
2014/09/08,125,6:00:00 AM,Monday,Finch Stn,Mechanical,15,30,w,1818
2014/09/08,96,6:00:00 AM,Monday,Yorkmills station,Late Leaving Garage,22,44,w,1355
2014/09/08,66,6:03:00 AM,Monday,Lakeshore and Marine Parade drive,Late Leaving Garage,11,14,n,7963
2014/09/08,91,6:05:00 AM,Monday,Woodbine stn,Late Leaving Garage,18,36,N/B,8116
2014/09/08,89,6:05:00 AM,Monday,Keele stn.,Mechanical,10,20,n/B,1508
2014/09/08,53,6:09:00 AM,Monday,Passmore and Markham,Mechanical,5,9,w,7043
2014/09/08,32,6:09:00 AM,Monday,Eglinton and Skymark,Late Leaving Garage,5,10,EB,1548
2014/09/08,41,6:09:00 AM,Monday,keele stn.,Mechanical,15,30,s/b,1628
2014/09/08,53,6:09:00 AM,Monday,Passmore and Markham,Mechanical,5,9,w,7048
2014/09/08,85,6:09:00 AM,Monday,Don Mills statiom,Late Leaving Garage,4,8,E,1400
2014/09/08,85,6:12:00 AM,Monday,Meadowvale,Late Leaving Garage,4,8,W,1070
2014/09/08,11,6:13:00 AM,Monday,Bayview and Lawrence,Late Leaving Garage,13,23,s/b,8202
2014/09/08,39,6:13:00 AM,Monday,Finch & Baldoon,Late Leaving Garage,4,8,EB,7095
2014/09/08,7,6:14:00 AM,Monday,Bathurst and Wilson,Late Leaving Garage,9,18,s/b,9016
2014/09/08,36,6:15:00 AM,Monday,Yonge,Mechanical,11,22,w,1271
2014/09/08,63,6:15:00 AM,Monday,caniff and Stranchan,Late Leaving Garage,4,7,s,1629
2014/09/08,6,6:19:00 AM,Monday,Bedford and Dupont,Late Leaving Garage,6,13,s,1235
2014/09/08,79,6:20:00 AM,Monday,Pine,Late Leaving Garage,10,20,s/b,1653
2014/09/08,63,6:22:00 AM,Monday,Eglinton West Station,Late Leaving Garage,4,8,s,1658
2014/09/08,53,6:24:00 AM,Monday,Passmore and Markham,Mechanical,4,9,w,7002
2014/09/08,45,6:35:00 AM,Monday,KIPLING & STEELES,Mechanical,6,12,S,7312
2014/09/08,125,6:36:00 AM,Monday,Antibies and Bathurst,Late Leaving Garage,6,12,e/b,8307
2014/09/08,96,6:37:00 AM,Monday,Yorkmills station,Mechanical,21,42,w,1208
2014/09/08,96,6:37:00 AM,Monday,Wilson route,Mechanical,18,36,w,7219
2014/09/08,196,6:38:00 AM,Monday,Commons,Mechanical,5,10,S,9414
2014/09/08,190,6:40:00 AM,Monday,STC,Late Leaving Garage,7,14,W,1721
2014/09/08,78,6:40:00 AM,Monday,York Mills Stn,Late Leaving Garage,10,20,EB,8176
2014/09/08,98,6:40:00 AM,Monday,Sheppard Stn,Late Leaving Garage,15,30,w,8215
2014/09/08,42,6:42:00 AM,Monday,Finch Stn,Late Leaving Garage,5,10,e,8379
2014/09/08,85,6:44:00 AM,Monday,Rouge Hill GO,Late Leaving Garage,7,15,W,1123
2014/09/08,191,6:54:00 AM,Monday,Martin Grove,Late Leaving Garage,10,20,s,7932
2014/09/08,39,6:55:00 AM,Monday,Seneca College,Mechanical,7,14,WB,1771
2014/09/08,34,7:00:00 AM,Monday,Eglinton Ave & Swift,General Delay,15,20,WB,
2014/09/08,42,7:01:00 AM,Monday,Maybrook and Passmore,Late Leaving Garage,20,40,w/b,8161
2014/09/08,75,7:02:00 AM,Monday,Sherbourne at Bloor,Late Leaving Garage,6,12,s/b,8315
2014/09/08,95,7:04:00 AM,Monday,Ellesmere RT,Mechanical,7,14,WB,1717
2014/09/08,162,7:04:00 AM,Monday,lawrence and Donway W.,Mechanical,30,60,w,8180
2014/09/08,34,7:05:00 AM,Monday,Kennedy Stn,Mechanical,4,8,WB,7410
2014/09/08,75,7:05:00 AM,Monday,Jarvis and Queen Quay,Late Leaving Garage,6,12,n/b,8189
2014/09/08,36,7:06:00 AM,Monday,Finch Station,Late Leaving Garage,12,24,WB,7947
2014/09/08,60,7:06:00 AM,Monday,Finch Station,Late Leaving Garage,13,26,W,7932
2014/09/08,165,7:06:00 AM,Monday,Barmac Dr and Steeles Ave,Mechanical,6,11,WB,1238
2014/09/08,102,7:09:00 AM,Monday,Markham Road & Blakemanor,Utilized Off Route,10,20,N/B,7783
2014/09/08,46,7:10:00 AM,Monday,Eglinton/ Martin Grove,Investigation,10,20,s,1345
2014/09/08,36,7:13:00 AM,Monday,Humberwood Loop,Late Leaving Garage,4,8,WB,1237
2014/09/08,36,7:15:00 AM,Monday,Milvan and Finch,Mechanical,13,24,E,1244
2014/09/08,196,7:15:00 AM,Monday,Downsview,Late Leaving Garage,4,7,N,8186
2014/09/08,165,7:24:00 AM,Monday,Finch and Weston,Mechanical,6,11,S,7201
2014/09/08,36,7:27:00 AM,Monday,Finch and Wilmington,Mechanical,4,8,E,1386
2014/09/08,7,7:30:00 AM,Monday,Steeles to Bathurst stn,General Delay,9,18,b/w,
2014/09/08,33,7:30:00 AM,Monday,Castlefield to St. Clair west stn,General Delay,10,26,b/w,
2014/09/08,95,7:30:00 AM,Monday,York Mills Route,General Delay,15,20,BW,
2014/09/08,160,7:30:00 AM,Monday,Clark to Wilson stn,General Delay,10,31,b/w,
2014/09/08,199,7:30:00 AM,Monday,Finch station to Scarborough Centre,General Delay,8,15,B/W,7068
2014/09/08,39,7:30:00 AM,Monday,Finch station to Neilson & Crow Trail,General Delay,8,15,B/W,7044
2014/09/08,86,7:30:00 AM,Monday,Scarborough Route,General Delay,10,0,B/W,
2014/09/08,109,7:30:00 AM,Monday,Neptune to Eglinton west stn,General Delay,15,27,b/w,
2014/09/08,134,7:30:00 AM,Monday,Scarborough Town Centre to Ironside,General Delay,18,11,bw,
2014/09/08,124,7:32:00 AM,Monday,Lawrence Stn,Utilized Off Route,6,11,e,8321
2014/09/08,89,7:36:00 AM,Monday,Keele stn,Mechanical,5,10,n/B,1045
2014/09/08,196,7:39:00 AM,Monday,Downsview station,Mechanical,4,6,N,9427
2014/09/08,110,7:39:00 AM,Monday,Fima and Horner,Mechanical,20,40,s/b,8073
2014/09/08,87,7:41:00 AM,Monday,BROADVIEW STN,Emergency Services,10,20,E,7805
2014/09/08,39,7:42:00 AM,Monday,Neilson & Crow Trail,Utilized Off Route,4,8,WB,7028
2014/09/08,44,7:43:00 AM,Monday,COL SMITH LOOP,Mechanical,4,8,N,7323
2014/09/08,196,7:48:00 AM,Monday,Dfownsview station,Mechanical,6,12,N,9440
2014/09/08,196,7:49:00 AM,Monday,Downsview station,Mechanical,2,6,N,8179
2014/09/08,130,7:52:00 AM,Monday,STC,Mechanical,15,30,N,1796
2014/09/08,25,7:52:00 AM,Monday,@ York Mills,Mechanical,3,6,Sb,7498
2014/09/08,47,7:54:00 AM,Monday,Earlscourt Loop,Mechanical,9,18,s,1001
2014/09/08,36,7:55:00 AM,Monday,Finch Station,Mechanical,4,8,WB,7221
2014/09/08,96,8:00:00 AM,Monday,Wilson Route,General Delay,15,30,B/W,
2014/09/08,191,8:00:00 AM,Monday,Highway route,General Delay,12,24,B/W,
2014/09/08,24,8:00:00 AM,Monday,VICTORIA PARK ROUTE,General Delay,25,0,BW,
2014/09/08,54,8:00:00 AM,Monday,Eglinton stn to the Lawrence rt,General Delay,19,35,bw,
2014/09/08,102,8:00:00 AM,Monday,Markham Road Route,General Delay,15,1,B/W,
2014/09/08,59,8:00:00 AM,Monday,Lawrence W Stn to Weston Rd,General Delay,10,20,BW,1
2014/09/08,36,8:00:00 AM,Monday,General Delay,General Delay,1,1,,7947
2014/09/08,165,8:00:00 AM,Monday,,General Delay,1,1,,7941
2014/09/08,116,8:00:00 AM,Monday,Morningside Route,General Delay,10,0,B/W,
2014/09/08,5,8:00:00 AM,Monday,Queens park cres,General Delay,15,30,s/b,
2014/09/08,11,8:00:00 AM,Monday,Steeles to Davisville,General Delay,25,50,s/b,
2014/09/08,111,8:00:00 AM,Monday,Entire Route,General Delay,10,15,b/w,
2014/09/08,129,8:00:00 AM,Monday,McCowan route,General Delay,15,20,SB,
2014/09/08,61,8:00:00 AM,Monday,Eglinton stn to Bombay loop,General Delay,12,24,b/w,
2014/09/08,45,8:00:00 AM,Monday,ENTIRE ROUTE,General Delay,15,1,B/W,
2014/09/08,46,8:00:00 AM,Monday,Martin Grove,General Delay,12,24,B/W,
2014/09/08,52,8:00:00 AM,Monday,entire route,General Delay,12,40,b/w,
2014/09/08,196,8:01:00 AM,Monday,Downsview station,Mechanical,2,6,N,9433
2014/09/08,105,8:03:00 AM,Monday,Rutherford rd and Confederation,Investigation,28,56,S,9416
2014/09/08,87,8:04:00 AM,Monday,Main Stn,Utilized Off Route,10,20,N/B,7861
2014/09/08,7,8:05:00 AM,Monday,Bathurst at Wilson,Mechanical,9,18,s/b,9034
2014/09/08,85,8:10:00 AM,Monday,Don Mills station to Roge Hill GO,General Delay,15,10,B/W,
2014/09/08,70,8:10:00 AM,Monday,Coxwell stn,General Delay,18,33,bw,
2014/09/08,143,8:15:00 AM,Monday,143 Beach Express,General Delay,20,1,B/W,
2014/09/08,38,8:15:00 AM,Monday,Scarborough town centre to Rouge Hill GO,General Delay,15,12,B/W,
2014/09/08,54,8:15:00 AM,Monday,Lawrence Don Mills,Mechanical,6,12,wb,7563
2014/09/08,168,8:16:00 AM,Monday,Old Weston and St Clair,Investigation,5,9,s,7322
2014/09/08,134,8:18:00 AM,Monday,Centennial College,Mechanical,6,12,w,9067
2014/09/08,34,8:19:00 AM,Monday,Eglinton Ave & Victoria Park Ave.,Mechanical,4,8,EB,7432
2014/09/08,54,8:21:00 AM,Monday,Lawrence Galloway,Mechanical,9,18,wb,7402
2014/09/08,79,8:23:00 AM,Monday,Runnymede stn,Investigation,9,18,n/b,1566
2014/09/08,53,8:30:00 AM,Monday,Finch Station to Morningside and Staines,General Delay,15,8,b/w,
2014/09/08,11,8:34:00 AM,Monday,Davisville stn,Utilized Off Route,12,24,n/b,8380
2014/09/08,196,8:37:00 AM,Monday,Downsview station,Utilized Off Route,2,6,N,9432
2014/09/08,36,8:42:00 AM,Monday,Finch and Arrow,Mechanical,4,8,E,1206
2014/09/08,53,8:44:00 AM,Monday,Morningside and Staines,Mechanical,16,28,w,9074
2014/09/08,41,8:45:00 AM,Monday,Ingram to lawrence,General Delay,20,0,b/w,
2014/09/08,165,8:45:00 AM,Monday,Wilson and Clayson,Mechanical,5,11,E,1328
2014/09/08,29,8:49:00 AM,Monday,Wilson Stn,Late Leaving Garage,5,10,SB,8357
2014/09/08,6,8:50:00 AM,Monday,davenport and Bay,Utilized Off Route,6,12,n,1552
2014/09/08,64,8:50:00 AM,Monday,Queen & Wineva,Utilized Off Route,10,20,N/B,8126
2014/09/08,54,8:51:00 AM,Monday,Eglinton stn,Mechanical,6,12,eb,7636
2014/09/08,29,8:58:00 AM,Monday,Wilson stn,Utilized Off Route,4,8,s/b,8160
2014/09/08,73,9:00:00 AM,Monday,Lights out at Armel crt,General Delay,0,0,s,
2014/09/08,54,9:00:00 AM,Monday,Lawrence rt,Mechanical,6,12,wb,7422
2014/09/08,26,9:00:00 AM,Monday,E/B portion of the route,General Delay,0,0,s,
2014/09/08,123,9:05:00 AM,Monday,Sherway Gardens,Mechanical,18,36,n/b,8081
2014/09/08,51,9:05:00 AM,Monday,Eglinton stn,Mechanical,15,30,n/b,8374
2014/09/08,43,9:10:00 AM,Monday,Scarborough Centre Station,Mechanical,10,20,SB,7629
2014/09/08,35,9:15:00 AM,Monday,SJN,Late Leaving Garage,10,20,N,1321
2014/09/08,97,9:16:00 AM,Monday,Yonge and Teddington Park,Investigation,15,30,s,8381
2014/09/08,196,9:27:00 AM,Monday,York U commons,Mechanical,2,4,S,8350
2014/09/08,196,9:30:00 AM,Monday,Downview station,Utilized Off Route,6,12,N,8176
2014/09/08,168,9:35:00 AM,Monday,Dundas W tn,Utilized Off Route,5,10,s,7310
2014/09/08,161,9:35:00 AM,Monday,ossington stn.,Utilized Off Route,0,0,wb,1030
2014/09/08,38,9:37:00 AM,Monday,STC,Mechanical,12,24,E,1065
2014/09/08,25,9:40:00 AM,Monday,@Cliffewood,Investigation,6,12,Sb,7630
2014/09/08,98,9:45:00 AM,Monday,Sheppard Stn,Mechanical,15,30,w,8215
2014/09/08,54,9:46:00 AM,Monday,Eglinton stn,Mechanical,6,12,eb,7629
2014/09/08,45,9:50:00 AM,Monday,KIPLING STATION,Utilized Off Route,1,1,S,8003
2014/09/08,29,9:51:00 AM,Monday,Springhurst loop,Utilized Off Route,4,8,NB,8357
2014/09/08,45,9:52:00 AM,Monday,KIPLING STATION,Utilized Off Route,1,1,S,7961
2014/09/08,29,9:53:00 AM,Monday,Dufferin and Dundas,Utilized Off Route,4,8,SB,9047
2014/09/08,51,9:54:00 AM,Monday,Eglinton stn,Utilized Off Route,1,1,w/b,8326
2014/09/08,32,9:55:00 AM,Monday,Eglinton and Oakwood,Utilized Off Route,5,10,EB,1682
2014/09/08,32,9:55:00 AM,Monday,Eglinont West station,Utilized Off Route,5,10,WB,1514
2014/09/08,63,9:56:00 AM,Monday,Ossington station,Utilized Off Route,7,14,s,1010
2014/09/08,35,9:56:00 AM,Monday,Jane stn,Utilized Off Route,10,20,N,7924
2014/09/08,39,9:58:00 AM,Monday,Finch station,Utilized Off Route,6,12,EB,7115
2014/09/08,63,9:59:00 AM,Monday,osssington station,Utilized Off Route,7,14,s,1605
2014/09/08,7,10:00:00 AM,Monday,Bathurst stn,Utilized Off Route,9,18,n/b,9054
2014/09/08,90,10:00:00 AM,Monday,St.Clair west stn,Utilized Off Route,8,16,n/b,8363
2014/09/08,52,10:00:00 AM,Monday,lawrence west stn,Utilized Off Route,1,1,w/b,1046
2014/09/08,59,10:01:00 AM,Monday,Lawrence West Stn,Utilized Off Route,15,30,W,1576
2014/09/08,34,10:01:00 AM,Monday,Eglinton Ave & Kennedy Rd,Mechanical,7,15,WB,7652
2014/09/08,100,10:02:00 AM,Monday,Broadview Stn,Utilized Off Route,1,1,,7442
2014/09/08,54,10:02:00 AM,Monday,Eglinton Station,Utilized Off Route,1,1,,7603
2014/09/08,36,10:02:00 AM,Monday,Finch and Jane,Utilized Off Route,5,10,E,1419
2014/09/08,100,10:03:00 AM,Monday,Broadview Stn,Utilized Off Route,1,1,,7519
2014/09/08,25,10:03:00 AM,Monday,Pape Station,Utilized Off Route,1,1,,7416
2014/09/08,85,10:03:00 AM,Monday,Don Mills station,Utilized Off Route,1,1,E,1773
2014/09/08,81,10:04:00 AM,Monday,Thorbncliffe Park & Overlea Blvd,Utilized Off Route,10,20,S/B,7848
2014/09/08,37,10:05:00 AM,Monday,Islington Station,Utilized Off Route,16,32,N,1243
2014/09/08,72,10:06:00 AM,Monday,Carlaw & Queen,Mechanical,10,20,N/B,7796
2014/09/08,102,10:07:00 AM,Monday,Warden Stn,Utilized Off Route,11,22,N/b,7790
2014/09/08,191,10:07:00 AM,Monday,Kipling station,Utilized Off Route,10,20,n,7940
2014/09/08,53,10:08:00 AM,Monday,Finch Station,Utilized Off Route,6,11,e,7010
2014/09/08,34,10:10:00 AM,Monday,Eglinton Station,Utilized Off Route,8,16,,7483
2014/09/08,195,10:10:00 AM,Monday,Jane Stn,Utilized Off Route,10,20,N,1275
2014/09/08,87,10:10:00 AM,Monday,Main Stn,Utilized Off Route,12,24,W/b,7844
2014/09/08,196,10:12:00 AM,Monday,Downsview Stn,Mechanical,2,4,e,9403
2014/09/08,85,10:22:00 AM,Monday,Don Mills station,Utilized Off Route,7,13,E,1089
2014/09/08,106,10:30:00 AM,Monday,Downsview Stn,Mechanical,10,20,w,8334
2014/09/08,66,10:31:00 AM,Monday,OLD MILL STN,Utilized Off Route,15,30,S/B,7975
2014/09/08,196,10:50:00 AM,Monday,Sheppard stn,Utilized Off Route,6,18,w/b,8176
2014/09/08,191,10:50:00 AM,Monday,Martin Grove loop,Mechanical,10,20,s,7908
2014/09/08,196,10:54:00 AM,Monday,Downsview Stn,Mechanical,2,5,e,8179
2014/09/08,195,10:56:00 AM,Monday,Jane Stn,Mechanical,10,20,N,1293
2014/09/08,167,11:10:00 AM,Monday,STEELES LOOP,Mechanical,24,48,S,7837
2014/09/08,199,11:15:00 AM,Monday,Finch & McCowan,Diversion,30,35,EB,1130
2014/09/08,129,11:20:00 AM,Monday,McCowan & Finch,Diversion,25,31,BW,1707
2014/09/08,85,11:28:00 AM,Monday,Mccowan and  Sheppard.,Investigation,6,13,E,1713
2014/09/08,190,11:28:00 AM,Monday,Sheppard @ Allen ford,Investigation,6,13,E,1772
2014/09/08,24,11:30:00 AM,Monday,STEELES,Utilized Off Route,10,20,S,8121
2014/09/08,11,11:32:00 AM,Monday,Davisville stn,Utilized Off Route,9,18,n/b,8178
2014/09/08,72,11:42:00 AM,Monday,258 Carlaw  Ave,Investigation,10,20,S/b,7781
2014/09/08,32,11:45:00 AM,Monday,Eglinton and Richardson,Mechanical,7,14,WB,1531
2014/09/08,96,11:56:00 AM,Monday,Windwood/Humber College,Mechanical,18,36,w,1344
2014/09/08,106,12:20:00 PM,Monday,Downsview Stn,Mechanical,10,20,n,8376
2014/09/08,96,12:27:00 PM,Monday,Yorkmills station,Mechanical,18,36,W,1208
2014/09/08,5,12:30:00 PM,Monday,Eglinton Station to Elm/Queens Park Crescent,General Delay,20,1,bw,
2014/09/08,6,12:30:00 PM,Monday,Bay route 6,General Delay,10,20,BW,
2014/09/08,89,12:35:00 PM,Monday,weston rd. at walsh,Mechanical,9,18,n/B,1621
2014/09/08,100,12:35:00 PM,Monday,Wynford at Gervais Dr.,Diversion,29,36,BW,7495
2014/09/08,52,12:38:00 PM,Monday,Lawrence and Culford,Investigation,15,30,W/B,1501
2014/09/08,54,12:38:00 PM,Monday,Lawrence Don Mills,Emergency Services,1,1,wb,7477
2014/09/08,196,12:53:00 PM,Monday,Downsview Stn,Mechanical,2,4,e,9442
2014/09/08,68,1:12:00 PM,Monday,Warden and Ellesmere,Mechanical,10,20,,7426
2014/09/08,127,1:32:00 PM,Monday,Townsley Loop,Investigation,15,24,w/b,1527
2014/09/08,36,1:35:00 PM,Monday,keele,Investigation,5,10,w,1519
2014/09/08,68,1:37:00 PM,Monday,Warden and Comstock,Mechanical,10,20,,7503
2014/09/08,7,1:46:00 PM,Monday,Bathurst at Wilson,Investigation,9,18,n/b,9016
2014/09/08,11,2:00:00 PM,Monday,Davisville Station to Steeles,General Delay,15,1,bw,
2014/09/08,29,2:00:00 PM,Monday,Wilson to Queen,General Delay,12,17,bw,
2014/09/08,195,2:00:00 PM,Monday,Entire 195 Jane Rocket Route,General Delay,10,20,B/W,
2014/09/08,160,2:00:00 PM,Monday,Wilson stn to Clark,General Delay,20,35,BW,
2014/09/08,41,2:00:00 PM,Monday,Entire route,General Delay,15,25,b/w,
2014/09/08,45,2:00:00 PM,Monday,Kipling Station to Steeles,General Delay,10,21,B/W,
2014/09/08,32,2:00:00 PM,Monday,Eglinton West - Yonge St to Keele St,General Delay,15,15,B,
2014/09/08,113,2:00:00 PM,Monday,Danforth & Birchmount,Mechanical,30,60,W,7798
2014/09/08,7,2:00:00 PM,Monday,Bathurst stn to Steeles,General Delay,10,28,BW,
2014/09/08,35,2:10:00 PM,Monday,William Cragg and Jane,Mechanical,1,1,S,1292
2014/09/08,172,2:13:00 PM,Monday,lakeshore & Logan,Mechanical,20,40,W/b,7795
2014/09/08,100,2:16:00 PM,Monday,Wynford and Don Mills Road,Mechanical,4,8,N,7520
2014/09/08,168,2:18:00 PM,Monday,DUNDAS W STN,Mechanical,8,16,N/B,7346
2014/09/08,63,2:20:00 PM,Monday,Ossington&Queen,Mechanical,7,14,N,1605
2014/09/08,6,2:22:00 PM,Monday,Kennedy and Progress,Mechanical,11,22,NB,7505
2014/09/08,72,2:23:00 PM,Monday,Pape Stn,Mechanical,10,20,s/b,7700
2014/09/08,165,2:24:00 PM,Monday,Arrow Road Garage,Late Leaving Garage,0,0,E,1341
2014/09/08,18,2:24:00 PM,Monday,Arrow Road Garage,Emergency Services,0,0,E,1341
2014/09/08,106,2:25:00 PM,Monday,Sheppard and Sentinel,Mechanical,10,20,n,9435
2014/09/08,90,2:26:00 PM,Monday,Vaughan and St. Clair,Utilized Off Route,8,16,S,8169
2014/09/08,87,2:27:00 PM,Monday,Main Station,Late Leaving Garage,6,12,N,7849
2014/09/08,29,2:27:00 PM,Monday,Dufferin and Queen,Investigation,5,10,s,9035
2014/09/08,35,2:28:00 PM,Monday,Jane Stn,Utilized Off Route,1,1,N,1545
2014/09/08,709,2:29:00 PM,Monday,Eglinton west station,Utilized Off Route,1,1,E/B,1039
2014/09/08,709,2:30:00 PM,Monday,Eglinton west station,Utilized Off Route,1,1,E/B,1689
2014/09/08,96,2:30:00 PM,Monday,wilson ave - transit rd,General Delay,18,36,bw,
2014/09/08,75,2:30:00 PM,Monday,South and Elm,Utilized Off Route,7,14,S,1824
2014/09/08,191,2:30:00 PM,Monday,hwy 427 - dundas to finch,General Delay,12,18,bw,
2014/09/08,88,2:32:00 PM,Monday,StClair Stn,Utilized Off Route,7,15,e,8301
2014/09/08,709,2:35:00 PM,Monday,Eglinton West Stattion,Utilized Off Route,1,1,E/B,1644
2014/09/08,25,2:42:00 PM,Monday,Freshmeadow and Don Mills Street,Late Leaving Garage,3,6,N,7548
2014/09/08,64,2:46:00 PM,Monday,Main Station,Mechanical,8,16,N,8132
2014/09/08,191,2:47:00 PM,Monday,martingrove and royal crest,Mechanical,9,18,s,7915
2014/09/08,46,2:51:00 PM,Monday,Arrow garage,Mechanical,10,10,W,7934
2014/09/08,14,2:55:00 PM,Monday,Caledonia and Glencairn,Late Leaving Garage,20,40,E/B,1008
2014/09/08,108,2:55:00 PM,Monday,Downsview Stn,Late Leaving Garage,15,31,W,1241
2014/09/08,37,2:58:00 PM,Monday,Arrow garage,Mechanical,10,10,S,7221
2014/09/08,68,3:00:00 PM,Monday,68 Warden Route,General Delay,15,21,,
2014/09/08,57,3:00:00 PM,Monday,Midland Route,General Delay,12,1,B/W,
2014/09/08,35,3:00:00 PM,Monday,Arrow Road garage,Late Leaving Garage,0,0,E,1384
2014/09/08,25,3:00:00 PM,Monday,Pape Station,Late Leaving Garage,3,6,N,7674
2014/09/08,63,3:00:00 PM,Monday,Ossington route 63,General Delay,16,23,BW,
2014/09/08,81,3:00:00 PM,Monday,Thorncliffe Route,General Delay,10,1,B/W,
2014/09/08,59,3:00:00 PM,Monday,Entire 59 Maple Leaf Route,General Delay,15,30,B/W,
2014/09/08,6,3:00:00 PM,Monday,Bay route 6,General Delay,15,20,BW,
2014/09/08,11,3:00:00 PM,Monday,Bayview and York Mills,Mechanical,13,24,sb,1814
2014/09/08,42,3:00:00 PM,Monday,Finch Stn,Late Leaving Garage,11,22,E,8319
2014/09/08,68,3:00:00 PM,Monday,67 Pharmacy Route,General Delay,12,22,SB,
2014/09/08,54,3:00:00 PM,Monday,Brimley,General Delay,14,26,e,
2014/09/08,35,3:00:00 PM,Monday,Arrow Road Garage,Emergency Services,0,0,E,1384
2014/09/08,85,3:00:00 PM,Monday,85 Sheppard All branch,General Delay,10,16,BW,
2014/09/08,134,3:00:00 PM,Monday,Finchdene to STC,General Delay,15,20,B/W,
2014/09/08,72,3:00:00 PM,Monday,Pape Route,General Delay,20,1,B/W,
2014/09/08,195,3:00:00 PM,Monday,195 Jane Rocket,Utilized Off Route,1,1,B/W,1362
2014/09/08,46,3:00:00 PM,Monday,Kipling Station,Mechanical,12,22,N,7239
2014/09/08,60,3:01:00 PM,Monday,Arrow garage,Late Leaving Garage,0,0,W,7236
2014/09/08,108,3:02:00 PM,Monday,Arrow Road Garage,Late Leaving Garage,0,0,E,7929
2014/09/08,108,3:02:00 PM,Monday,Arrow Road Garage,Emergency Services,0,0,E,7929
2014/09/08,165,3:04:00 PM,Monday,Yorkmils station,Late Leaving Garage,7,14,w,7212
2014/09/08,37,3:04:00 PM,Monday,Steeles,Late Leaving Garage,10,20,S,
2014/09/08,108,3:06:00 PM,Monday,Arrow Garage,Late Leaving Garage,0,0,E,7929
2014/09/08,122,3:06:00 PM,Monday,Yorkmills and Bayview,Mechanical,13,26,E,8202
2014/09/08,60,3:07:00 PM,Monday,Kipling/Steeles,Late Leaving Garage,9,14,E,1363
2014/09/08,39,3:08:00 PM,Monday,Sheppard and McCowan,Mechanical,10,20,W/B,1082
2014/09/08,63,3:12:00 PM,Monday,Ossington & King,Mechanical,5,10,S,1520
2014/09/08,53,3:12:00 PM,Monday,Markham Rd and Passmore,Late Leaving Garage,7,24,w/b,9079
2014/09/08,68,3:14:00 PM,Monday,Warden Stn,Late Leaving Garage,6,12,,7563
2014/09/08,116,3:15:00 PM,Monday,Morningside and Ellesmere,Late Leaving Garage,12,14,NB,7624
2014/09/08,26,3:17:00 PM,Monday,JANE STN,Mechanical,15,30,e/b,7969
2014/09/08,85,3:18:00 PM,Monday,Don Mills Station,Late Leaving Garage,9,18,eb,9072
2014/09/08,60,3:19:00 PM,Monday,Signal Hill,Late Leaving Garage,7,14,E,7945
2014/09/08,195,3:21:00 PM,Monday,York U and Commons,Late Leaving Garage,10,20,S,1386
2014/09/08,34,3:21:00 PM,Monday,Eglinton and Lebovic,Mechanical,1,2,WB,7628
2014/09/08,110,3:21:00 PM,Monday,Islington station,Mechanical,22,44,sb,8073
2014/09/08,37,3:22:00 PM,Monday,Steeles,Late Leaving Garage,8,16,S,
2014/09/08,60,3:23:00 PM,Monday,Kipling/Steeles,Late Leaving Garage,0,0,E,1327
2014/09/08,35,3:28:00 PM,Monday,Jane and Steeles,Late Leaving Garage,7,14,S,
2014/09/08,195,3:30:00 PM,Monday,195 Jane Rocket Route,Utilized Off Route,1,1,B/W,1204
2014/09/08,97,3:30:00 PM,Monday,Yonge st and dundas,General Delay,28,38,b/w,
2014/09/08,124,3:30:00 PM,Monday,Lawrence to Sunnybrooke,General Delay,12,21,b/w,
2014/09/08,124,3:32:00 PM,Monday,Larwence stn,Late Leaving Garage,6,12,E,8315
2014/09/08,96,3:34:00 PM,Monday,wilson stn,Mechanical,18,36,w,1318
2014/09/08,86,3:34:00 PM,Monday,KENNADY STATION,Mechanical,5,10,E/B,7423
2014/09/08,60,3:36:00 PM,Monday,Finch Stn,Late Leaving Garage,7,10,W,1554
2014/09/08,59,3:36:00 PM,Monday,Lawrence West Stn,Late Leaving Garage,12,24,W,
2014/09/08,60,3:38:00 PM,Monday,Kipling Steeles,Late Leaving Garage,16,31,E,7915
2014/09/08,191,3:39:00 PM,Monday,martingrove at albion,Mechanical,6,12,s,7935
2014/09/08,84,3:40:00 PM,Monday,Rivalda and Sheppard,Late Leaving Garage,7,14,W,
2014/09/08,105,3:40:00 PM,Monday,Downsview Stn,Mechanical,12,24,n,8214
2014/09/08,60,3:40:00 PM,Monday,Finch Stn,Late Leaving Garage,7,14,W,
2014/09/08,192,3:43:00 PM,Monday,Kipling Station,Mechanical,8,17,N,8008
2014/09/08,96,3:44:00 PM,Monday,woodbine downs,Mechanical,18,36,e,7914
2014/09/08,54,3:45:00 PM,Monday,Lawrence East SRT,Utilized Off Route,5,10,,7649
2014/09/08,39,3:47:00 PM,Monday,Seneca College,Mechanical,10,20,E/B,7069
2014/09/08,36,3:47:00 PM,Monday,Finch,Late Leaving Garage,5,10,w,1216
2014/09/08,60,3:49:00 PM,Monday,Finch Stn,Late Leaving Garage,16,31,W,7935
2014/09/08,161,3:50:00 PM,Monday,jane and alliance,Emergency Services,11,22,s/b,1526
2014/09/08,36,3:53:00 PM,Monday,Finch station,Late Leaving Garage,5,10,w,1324
2014/09/08,36,3:55:00 PM,Monday,Finch,Late Leaving Garage,10,20,w,7910
2014/09/08,190,3:57:00 PM,Monday,STC SRT,Mechanical,4,9,eb,1072
2014/09/08,60,3:57:00 PM,Monday,Finch Stn,Mechanical,7,21,W,1348
2014/09/08,59,4:00:00 PM,Monday,59 Maple Leaf Route,Utilized Off Route,1,1,B/W,1258
2014/09/08,36,4:00:00 PM,Monday,Finch Route,General Delay,12,24,b/w,
2014/09/08,165,4:00:00 PM,Monday,Weston Road,General Delay,10,20,b/w,
2014/09/08,59,4:00:00 PM,Monday,Lawrence West Stn,Late Leaving Garage,12,24,W,
2014/09/08,88,4:00:00 PM,Monday,Wicksteed and Brentcliff,General Delay,16,26,E/b,
2014/09/08,53,4:00:00 PM,Monday,Finch Stn to Staines,General Delay,10,18,B/W,
2014/09/08,85,4:04:00 PM,Monday,Sheppard Stn-YNG STN,Mechanical,16,32,eb,9087
2014/09/08,196,4:08:00 PM,Monday,Downsview Stn,Mechanical,2,4,e,9446
2014/09/08,63,4:10:00 PM,Monday,Ossington&Queen,Investigation,5,10,N,1629
2014/09/08,36,4:12:00 PM,Monday,Finch station,Late Leaving Garage,10,20,w,1419
2014/09/08,36,4:20:00 PM,Monday,Finch/Signet,Mechanical,10,20,w,7914
2014/09/08,59,4:30:00 PM,Monday,59 Maple Leaf Route,Utilized Off Route,1,1,B/W,1208
2014/09/08,142,4:30:00 PM,Monday,Bombay Loop to Church and Richmond,General Delay,10,1,bw,
2014/09/08,5,4:30:00 PM,Monday,Queens Park Crescent -South End,Diversion,30,42,sb,8387
2014/09/08,39,4:30:00 PM,Monday,Finch stn to Old Finch and Morningview Trail,General Delay,15,10,B/W,
2014/09/08,199,4:30:00 PM,Monday,Finc Stn to Scarborough Town Centre,General Delay,15,10,B/W,
2014/09/08,43,4:42:00 PM,Monday,Kennedy and Flora,Investigation,5,10,NB,7593
2014/09/08,64,4:47:00 PM,Monday,Kingston Rd and Southwood,Investigation,8,16,N,8146
2014/09/08,60,4:51:00 PM,Monday,York U-Commons,Mechanical,7,14,E,1414
2014/09/08,165,4:55:00 PM,Monday,Wilosn Station,Mechanical,14,28,w,7212
2014/09/08,53,4:58:00 PM,Monday,Markham Rd and Passmore,Mechanical,5,10,w/b,7106
2014/09/08,162,5:00:00 PM,Monday,Lawrence and Bayview,General Delay,14,24,E,
2014/09/08,108,5:04:00 PM,Monday,Driftwood/Stong,Mechanical,14,28,E,1523
2014/09/08,85,5:12:00 PM,Monday,Sheppard and Massie St,Mechanical,9,18,eb,1723
2014/09/08,29,5:24:00 PM,Monday,Wilson Upper,Mechanical,7,15,s,8195
2014/09/08,20,5:35:00 PM,Monday,Danforth & Dawes,Diversion,7,14,B/W,
2014/09/08,113,5:35:00 PM,Monday,Danforth & Dawes,Diversion,7,14,B/W,
2014/09/08,120,5:45:00 PM,Monday,Jane/Sheppard,Mechanical,22,44,w,7944
2014/09/08,96,5:52:00 PM,Monday,wilson at clayson,Mechanical,18,36,w,7210
2014/09/08,56,5:53:00 PM,Monday,Eglinton Station,Mechanical,23,45,nb,8311
2014/09/08,95,5:56:00 PM,Monday,Pharmacy and Ellesmere,Emergency Services,12,24,e/b,1763
2014/09/08,139,5:57:00 PM,Monday,Finch and Don Mills,General Delay,10,30,E,7120
2014/09/08,21,6:00:00 PM,Monday,STC,Mechanical,9,18,S/B,7723
2014/09/08,95,6:10:00 PM,Monday,Pharmacy and Ellesmere,Utilized Off Route,9,18,e/b,1743
2014/09/08,59,6:37:00 PM,Monday,Oak and Weston,Mechanical,14,28,E,1414
2014/09/08,32,6:44:00 PM,Monday,Eglinton West and Caledonia,Mechanical,14,28,E,1558
2014/09/08,22,6:50:00 PM,Monday,Main Station,Mechanical,10,20,N,7745
2014/09/08,195,6:54:00 PM,Monday,Finch and Jane St,Mechanical,10,20,S,1386
2014/09/08,89,7:15:00 PM,Monday,Weston rd / Dora Spencer,Mechanical,9,18,s,1307
2014/09/08,199,7:18:00 PM,Monday,Kennedy and Finch,Mechanical,4,8,E/B,1110
2014/09/08,29,7:20:00 PM,Monday,Dufferin and Peel,Mechanical,5,10,N,8160
2014/09/08,6,7:27:00 PM,Monday,Davenport&McPherson,Investigation,10,20,N,1661
2014/09/08,64,8:09:00 PM,Monday,MAIN STATION,Mechanical,15,30,S,8137
2014/09/08,161,8:10:00 PM,Monday,Rogers and Oakwood,Investigation,12,24,W/B,1684
2014/09/08,36,8:29:00 PM,Monday,Humberwood loop,Mechanical,10,20,e,1206
2014/09/08,37,8:37:00 PM,Monday,Islington Station,Mechanical,23,46,N,1574
2014/09/08,29,8:40:00 PM,Monday,Dufferin and St. Clair,Mechanical,5,10,n,9020
2014/09/08,36,9:10:00 PM,Monday,Jane & Weston,Mechanical,7,14,W,1312
2014/09/08,36,9:10:00 PM,Monday,Steeles & Jane,Mechanical,7,14,W,1312
2014/09/08,12,9:21:00 PM,Monday,Kennedy Station,Utilized Off Route,19,38,B/W,7715
2014/09/08,100,9:39:00 PM,Monday,Eglinton Ave W & Duplex Ave,Mechanical,8,16,EB,7666
2014/09/08,46,9:50:00 PM,Monday,Martingrove & Steeles Loop,Mechanical,16,32,S,1309
2014/09/08,43,9:51:00 PM,Monday,Kenendy STN,Investigation,19,34,NB,7631
2014/09/08,106,9:53:00 PM,Monday,downsview station,Mechanical,15,30,n,8373
2014/09/08,196,9:55:00 PM,Monday,Downsview station,Mechanical,9,18,n,9432
2014/09/08,89,10:00:00 PM,Monday,Entire Route,General Delay,8,20,B/W,
2014/09/08,192,10:22:00 PM,Monday,Dundas Ramp and Hwy 427,Diversion,27,36,N,8001
2014/09/08,41,10:58:00 PM,Monday,St.Clair and Keele,Diversion,148,168,N/B,1546
2014/09/08,60,11:30:00 PM,Monday,Bathurst & Steeles,Mechanical,18,36,W,1233
2014/09/09,63,12:37:00 AM,Tuesday,Ossington Stn,Mechanical,10,20,S/B,1578
2014/09/09,29,1:20:00 AM,Tuesday,Wilson Station,Emergency Services,8,16,n,9022
2014/09/09,300,1:38:00 AM,Tuesday,Danforth Ave- Dawes Rd to Victoria Park,Diversion,10,20,B/W,
2014/09/09,310,1:50:00 AM,Tuesday,Harbord & Bathurst,Diversion,30,60,S,9056
2014/09/09,310,2:10:00 AM,Tuesday,St. Clair & Bathurst,Mechanical,30,60,S,9057
2014/09/09,37,4:06:00 AM,Tuesday,Arrow garage,Late Leaving Garage,1,1,-,1523
2014/09/09,20,4:50:00 AM,Tuesday,VICTORIA PARK TO DAWES,Diversion,230,250,E,7789
2014/09/09,70,5:08:00 AM,Tuesday,coxwell station,Mechanical,20,30,w,7577
2014/09/09,51,5:10:00 AM,Tuesday,Eglinton Stn,Late Leaving Garage,6,6,EB,8351
2014/09/09,113,5:14:00 AM,Tuesday,VICTORIA PARK TO DAWES,Diversion,206,219,E,7696
2014/09/09,116,5:19:00 AM,Tuesday,Kennedy and Eglinton,Mechanical,11,22,EB,7516
2014/09/09,47,5:20:00 AM,Tuesday,queen and lansdowne,Mechanical,18,36,n/b,1052
2014/09/09,36,5:21:00 AM,Tuesday,Finch & Arrow,Late Leaving Garage,5,10,N,1336
2014/09/09,35,5:32:00 AM,Tuesday,Steeles/Jane,Late Leaving Garage,10,20,s,1367
2014/09/09,32,5:34:00 AM,Tuesday,Wright and Jane,Mechanical,5,10,WB,1603
2014/09/09,38,5:42:00 AM,Tuesday,Rouge Hill GO,Mechanical,15,30,W,1730
2014/09/09,11,5:47:00 AM,Tuesday,Sunnybrook Hosp,Late Leaving Garage,15,15,SB,8200
2014/09/09,17,5:50:00 AM,Tuesday,WARDEN STN,Late Leaving Garage,7,0,N,7763
2014/09/09,80,5:52:00 AM,Tuesday,Evans/Kipling,Late Leaving Garage,25,35,e/b,7327
2014/09/09,116,5:53:00 AM,Tuesday,Eglinton Garage,Mechanical,7,13,EB,7489
2014/09/09,117,5:55:00 AM,Tuesday,Alness and Steeles,Late Leaving Garage,18,34,SB,8206
2014/09/09,79,5:56:00 AM,Tuesday,Pine,Late Leaving Garage,12,24,s/b,1624
2014/09/09,17,5:56:00 AM,Tuesday,GLENDOWER,Mechanical,16,34,S,7745
2014/09/09,191,5:57:00 AM,Tuesday,Hyw 427 route,Mechanical,10,20,s,7923
2014/09/09,34,5:57:00 AM,Tuesday,Eglinton Station,Mechanical,4,8,EB,7463
2014/09/09,86,6:00:00 AM,Tuesday,Eglinton garage,Mechanical,17,34,EB,7427
2014/09/09,7,6:00:00 AM,Tuesday,Steeles and village gate,Late Leaving Garage,9,18,s/b,9032
2014/09/09,36,6:01:00 AM,Tuesday,Finch Station,Mechanical,10,20,EB,1360
2014/09/09,86,6:03:00 AM,Tuesday,Manse and Lawrence,Mechanical,18,35,EB,7459
2014/09/09,7,6:03:00 AM,Tuesday,Bathurst stn,Late Leaving Garage,9,18,n/b,9018
2014/09/09,45,6:05:00 AM,Tuesday,KIPLING & STEELES,Mechanical,5,10,S,8087
2014/09/09,54,6:05:00 AM,Tuesday,Kennedy Station,Mechanical,4,8,WB,7567
2014/09/09,84,6:08:00 AM,Tuesday,Downsview Station,Mechanical,10,20,E,1290
2014/09/09,60,6:09:00 AM,Tuesday,martin Grove loop,Late Leaving Garage,9,19,e,1247
2014/09/09,806,6:09:00 AM,Tuesday,83 Pape ave.,Utilized Off Route,1,1,s/b,8136
2014/09/09,53,6:09:00 AM,Tuesday,Passmore and Markham,Mechanical,5,9,w,7048
2014/09/09,37,6:10:00 AM,Tuesday,Weston Road,Mechanical,6,12,s,1201
2014/09/09,39,6:14:00 AM,Tuesday,Finch stn,Late Leaving Garage,4,8,W,7118
2014/09/09,25,6:16:00 AM,Tuesday,Pape Stn,Utilized Off Route,3,6,NB,7596
2014/09/09,29,6:18:00 AM,Tuesday,Wilson Stn,Late Leaving Garage,7,14,SB,9007
2014/09/09,56,6:19:00 AM,Tuesday,Eglinton Stn,Late Leaving Garage,25,41,EB,8176
2014/09/09,116,6:22:00 AM,Tuesday,Kenendy Station,Mechanical,6,11,EB,7675
2014/09/09,45,6:25:00 AM,Tuesday,KIPLING STATION,Mechanical,15,30,N,7344
2014/09/09,199,6:31:00 AM,Tuesday,STC,Late Leaving Garage,2,5,W,1401
2014/09/09,300,6:31:00 AM,Tuesday,Bloor and Lansdowne,Investigation,8,15,W,7643
2014/09/09,97,6:32:00 AM,Tuesday,Davisville Stn,Late Leaving Garage,3,3,NB,1814
2014/09/09,32,6:33:00 AM,Tuesday,Eglinton station,Late Leaving Garage,5,10,WB,1273
2014/09/09,46,6:34:00 AM,Tuesday,Martin Grove route,Mechanical,10,20,s,7938
2014/09/09,29,6:36:00 AM,Tuesday,Dufferin and Bloor,Late Leaving Garage,4,7,NB,9013
2014/09/09,63,6:40:00 AM,Tuesday,Ossington and Collage,Mechanical,12,24,s/b,1508
2014/09/09,29,6:45:00 AM,Tuesday,Wilson Stn,Mechanical,7,14,SB,9034
2014/09/09,35,6:50:00 AM,Tuesday,Jane Station,Late Leaving Garage,10,20,N,1320
2014/09/09,196,6:51:00 AM,Tuesday,Commons,Mechanical,4,8,s,9444
2014/09/09,125,6:55:00 AM,Tuesday,Antibes and Bathurst,Late Leaving Garage,6,12,e/b,8301
2014/09/09,36,6:57:00 AM,Tuesday,Humberwood Loop,Late Leaving Garage,4,8,EB,7234
2014/09/09,111,7:00:00 AM,Tuesday,Entire East Mall Route,General Delay,15,30,b/w,8058
2014/09/09,84,7:00:00 AM,Tuesday,Sheppard Station,Mechanical,9,18,W,1360
2014/09/09,84,7:00:00 AM,Tuesday,Sheppard Station,Late Leaving Garage,9,18,W,1360
2014/09/09,105,7:00:00 AM,Tuesday,Sheppard/Allen,General Delay,9,18,s/b,
2014/09/09,196,7:00:00 AM,Tuesday,Sheppard\Allen,General Delay,5,10,s/b,
2014/09/09,117,7:00:00 AM,Tuesday,Sheppard/Allen,General Delay,7,14,s/b,
2014/09/09,106,7:00:00 AM,Tuesday,Sheppard/Allen,General Delay,9,18,s/b,
2014/09/09,104,7:00:00 AM,Tuesday,Sheppard/Allen Rd,General Delay,9,20,B/W,
2014/09/09,107,7:01:00 AM,Tuesday,Sheppard/Allen,General Delay,9,20,s/b,
2014/09/09,36,7:04:00 AM,Tuesday,Finch Station,Late Leaving Garage,4,8,EB,
2014/09/09,7,7:07:00 AM,Tuesday,Batyhurst at Wilson,Late Leaving Garage,9,18,s/b,8380
2014/09/09,60,7:12:00 AM,Tuesday,Signal Hill,Late Leaving Garage,7,14,E,1574
2014/09/09,94,7:12:00 AM,Tuesday,Castle frank Station,Late Leaving Garage,12,24,e/b,1675
2014/09/09,80,7:12:00 AM,Tuesday,Keele Stn,Mechanical,24,48,w/b,1597
2014/09/09,165,7:15:00 AM,Tuesday,Barmac and Steeles,Mechanical,6,17,WB,7210
2014/09/09,44,7:20:00 AM,Tuesday,COL>  SMITH LOOP,Mechanical,4,8,N,7958
2014/09/09,196,7:21:00 AM,Tuesday,DOWNSVIEW STN,Mechanical,2,6,n,
2014/09/09,35,7:23:00 AM,Tuesday,Jane & Steeles,Mechanical,10,20,S,1390
2014/09/09,36,7:28:00 AM,Tuesday,Humberwood Loop,Late Leaving Garage,4,8,WB,7931
2014/09/09,39,7:30:00 AM,Tuesday,Finch stn to Neilson and Crow Trail,General Delay,8,12,B/W,7101
2014/09/09,199,7:30:00 AM,Tuesday,Finch stn to STC.,General Delay,8,12,B/W,7098
2014/09/09,134,7:30:00 AM,Tuesday,Scarborough Town Centre to Ironside,General Delay,20,10,bw,
2014/09/09,7,7:30:00 AM,Tuesday,Steeles to Bathurst stn,General Delay,15,24,b/w,
2014/09/09,160,7:30:00 AM,Tuesday,Wilson stn to Clark,General Delay,10,31,b/w,
2014/09/09,109,7:30:00 AM,Tuesday,Neptune to Eglinton west stn,General Delay,20,32,b/w,
2014/09/09,29,7:36:00 AM,Tuesday,Dufferin and Tycos,Mechanical,4,7,SB,9037
2014/09/09,60,7:38:00 AM,Tuesday,Finch Station,Mechanical,7,14,W,1260
2014/09/09,52,7:40:00 AM,Tuesday,royal york and lawrence,Late Leaving Garage,15,30,w/b,1059
2014/09/09,165,7:42:00 AM,Tuesday,York Mills Station,Mechanical,5,9,SB,7212
2014/09/09,196,7:42:00 AM,Tuesday,DOWNSVIEW STN,Utilized Off Route,4,8,n,9419
2014/09/09,60,7:47:00 AM,Tuesday,Signal Hill,Mechanical,7,14,E,
2014/09/09,143,7:50:00 AM,Tuesday,Route 143 DT Express,General Delay,10,1,b/w,
2014/09/09,96,7:54:00 AM,Tuesday,Jane/Wilson,Mechanical,16,36,e,1348
2014/09/09,196,7:55:00 AM,Tuesday,Downsview stn,Utilized Off Route,4,8,n,9404
2014/09/09,115,8:00:00 AM,Tuesday,York mills stn to Bannatyne and Silvergrove,General Delay,10,15,BWS,
2014/09/09,24,8:00:00 AM,Tuesday,VICTORIA PARK ROUTE,General Delay,10,0,BW,
2014/09/09,122,8:00:00 AM,Tuesday,Yiork Mills Stn to Roywood and Fenside,General Delay,10,15,BWS,
2014/09/09,124,8:00:00 AM,Tuesday,Sunnybrook Route,General Delay,8,13,b/w,
2014/09/09,45,8:00:00 AM,Tuesday,ENTIRE ROUTE,General Delay,10,1,B/Ws,
2014/09/09,72,8:00:00 AM,Tuesday,Route 72 Pape,General Delay,8,1,b/w,
2014/09/09,142,8:00:00 AM,Tuesday,Queens park Cres,General Delay,15,30,s/b,
2014/09/09,84,8:00:00 AM,Tuesday,Sheppard & Allen Rd.,General Delay,10,20,B,9999
2014/09/09,103,8:00:00 AM,Tuesday,Mt Pleasant and Lawrence,General Delay,15,30,s/b,
2014/09/09,108,8:00:00 AM,Tuesday,Sheppard Avenue and Allen Road,General Delay,20,29,BW,
2014/09/09,50,8:00:00 AM,Tuesday,Entire Burnhamthorpe Route,General Delay,12,24,b/w,7314
2014/09/09,33,8:00:00 AM,Tuesday,Castlefield to St.Clair west,General Delay,10,26,b/w,
2014/09/09,195,8:00:00 AM,Tuesday,195 Jane Rocket,General Delay,10,20,B,9999
2014/09/09,11,8:00:00 AM,Tuesday,Steeles to Davisville stn,General Delay,15,30,b/w,
2014/09/09,52,8:00:00 AM,Tuesday,entire route,General Delay,12,40,b/w,
2014/09/09,36,8:00:00 AM,Tuesday,Finch West Route,General Delay,1,1,Both,
2014/09/09,95,8:00:00 AM,Tuesday,Entire Route,General Delay,10,0,BW,
2014/09/09,53,8:00:00 AM,Tuesday,Finch Station to Morningside and Staines,General Delay,14,8,bw,
2014/09/09,61,8:00:00 AM,Tuesday,Bombay loop to Eglinton stn,General Delay,10,20,b/w,
2014/09/09,165,8:00:00 AM,Tuesday,Weston Rd,General Delay,1,1,Both,
2014/09/09,64,8:02:00 AM,Tuesday,Neville loop,Utilized Off Route,8,16,e/b,8129
2014/09/09,85,8:15:00 AM,Tuesday,Don Mills station to Rouge Hill GO,General Delay,15,8,B/W,
2014/09/09,5,8:30:00 AM,Tuesday,Queens Park cres,General Delay,12,24,s/b,
2014/09/09,196,8:35:00 AM,Tuesday,Downsview stn,Utilized Off Route,3,6,n,9435
2014/09/09,196,8:36:00 AM,Tuesday,Downsview stn,Utilized Off Route,3,6,n,9423
2014/09/09,53,8:44:00 AM,Tuesday,Morningside and Staines,Mechanical,16,28,w,9074
2014/09/09,11,8:58:00 AM,Tuesday,Davisville stn,Utilized Off Route,12,24,n/b,8382
2014/09/09,85,8:59:00 AM,Tuesday,Sheppard and Victoria Park,Emergency Services,4,7,W,1069
2014/09/09,47,9:05:00 AM,Tuesday,Bloor and Lansdown,Investigation,9,18,n/b,1553
2014/09/09,35,9:15:00 AM,Tuesday,Shoreham & Jane,Late Leaving Garage,5,10,N,1263
2014/09/09,199,9:32:00 AM,Tuesday,Finch@ Mccowan,Mechanical,5,9,W,7031
2014/09/09,14,9:47:00 AM,Tuesday,Capitol and Glencairn,Investigation,24,48,w/b,1040
2014/09/09,131,9:49:00 AM,Tuesday,Morningview and Old Finch,Mechanical,13,26,EB,1074
2014/09/09,107,10:00:00 AM,Tuesday,Sheppard Ave to Rivermede,General Delay,30,40,s,
2014/09/09,196,10:10:00 AM,Tuesday,Downsview stn,Utilized Off Route,2,6,n,9423
2014/09/09,98,10:15:00 AM,Tuesday,Sheppard Stn,Mechanical,15,30,e,1822
2014/09/09,190,10:25:00 AM,Tuesday,Don Mills station,Utilized Off Route,11,21,E,1707
2014/09/09,165,10:29:00 AM,Tuesday,Yorkmills Station,Mechanical,9,18,NB,7948
2014/09/09,66,10:31:00 AM,Tuesday,OLD MILL STN,Utilized Off Route,15,30,S/B,7975
2014/09/09,91,10:31:00 AM,Tuesday,Woodbine/Mortimer,Investigation,23,46,s/b,7720
2014/09/09,165,10:48:00 AM,Tuesday,Weston Rd and Aura lea,Mechanical,13,26,N,1308
2014/09/09,196,10:50:00 AM,Tuesday,York U Commons,Mechanical,2,4,s,9446
2014/09/09,196,11:02:00 AM,Tuesday,Downsview Stn,Mechanical,2,4,n,1806
2014/09/09,196,11:13:00 AM,Tuesday,Bus Roadway and Alness,Mechanical,2,4,s,9449
2014/09/09,26,11:18:00 AM,Tuesday,DURIE AND ANNETE,Mechanical,15,35,E/B,7350
2014/09/09,196,11:21:00 AM,Tuesday,Downsview Stn,Mechanical,2,4,s,9435
2014/09/09,46,11:30:00 AM,Tuesday,Eglinton,Mechanical,10,20,n,1284
2014/09/09,196,11:59:00 AM,Tuesday,Downsview Stn,Mechanical,2,4,n,8172
2014/09/09,199,12:01:00 PM,Tuesday,Finch station,Investigation,5,10,EB,7134
2014/09/09,196,12:12:00 PM,Tuesday,York U COMMONS,Mechanical,2,4,s,9436
2014/09/09,108,12:18:00 PM,Tuesday,Arleta/Spenvalley,Investigation,18,36,E,1356
2014/09/09,84,12:20:00 PM,Tuesday,Bradstock and Weston Rd,Mechanical,10,20,S,1304
2014/09/09,94,12:30:00 PM,Tuesday,Queens Park Circle and St George,General Delay,25,0,b/w,
2014/09/09,6,12:30:00 PM,Tuesday,Avenue Rd/St Josephs and bay,General Delay,15,0,n/b,
2014/09/09,5,12:30:00 PM,Tuesday,Eglinton Station to Elm/Queens Park Crescent,General Delay,15,1,bw,
2014/09/09,68,12:33:00 PM,Tuesday,68 Warden Route,General Delay,18,20,BW,
2014/09/09,46,12:35:00 PM,Tuesday,Belfield/Martin Grove,Diversion,45,63,s,1303
2014/09/09,81,12:38:00 PM,Tuesday,Thorncliffe & Overlea,Mechanical,10,20,W/B,7840
2014/09/09,196,12:50:00 PM,Tuesday,York U,Mechanical,2,4,s,9415
2014/09/09,113,12:57:00 PM,Tuesday,Danforth and Dawes,Investigation,15,30,E/B,7696
2014/09/09,126,1:00:00 PM,Tuesday,126- Christie route,General Delay,10,8,b/w,
2014/09/09,195,1:00:00 PM,Tuesday,195 Jane Rocket Route,General Delay,15,30,B/W,
2014/09/09,36,1:10:00 PM,Tuesday,Goldfinch,Mechanical,5,10,E,1415
2014/09/09,86,1:10:00 PM,Tuesday,Kennedy Stn,Mechanical,1,1,E,7551
2014/09/09,54,1:15:00 PM,Tuesday,Orton Park and Brimorton Drive,Mechanical,12,24,W,7562
2014/09/09,199,1:20:00 PM,Tuesday,Fich and Pharmacy,Mechanical,5,10,w/b,1066
2014/09/09,87,1:22:00 PM,Tuesday,Main Station,Utilized Off Route,12,24,W,7686
2014/09/09,29,1:29:00 PM,Tuesday,Dufferin at St.clair,Investigation,4,8,N,9046
2014/09/09,41,1:30:00 PM,Tuesday,Entire route,General Delay,15,30,b/w,
2014/09/09,129,1:45:00 PM,Tuesday,McCowan and Sheppard,Mechanical,5,10,s,1741
2014/09/09,196,1:56:00 PM,Tuesday,Downsview Stn,Utilized Off Route,2,4,s,8186
2014/09/09,7,2:00:00 PM,Tuesday,Bathurst stn to Steeles,General Delay,15,25,BW,
2014/09/09,129,2:00:00 PM,Tuesday,McCowan and Sheppard,Mechanical,5,10,s,1729
2014/09/09,160,2:00:00 PM,Tuesday,Wilson stn to Clark,General Delay,20,45,BW,
2014/09/09,35,2:04:00 PM,Tuesday,Arrow Road Garage,Late Leaving Garage,6,0,E,1559
2014/09/09,52,2:05:00 PM,Tuesday,Duckworth & Jane,Mechanical,15,30,e/b,1023
2014/09/09,46,2:16:00 PM,Tuesday,Kipling Station,Mechanical,10,21,N,7935
2014/09/09,43,2:25:00 PM,Tuesday,Kennedy and McNicoll,Investigation,11,22,SB,7585
2014/09/09,46,2:26:00 PM,Tuesday,Steeles,Mechanical,18,36,S,1337
2014/09/09,54,2:26:00 PM,Tuesday,Lawrence and Cederbray mall,Mechanical,12,24,E,7665
2014/09/09,35,2:28:00 PM,Tuesday,Jane Station,Late Leaving Garage,1,1,N,1559
2014/09/09,41,2:30:00 PM,Tuesday,York university,Late Leaving Garage,16,32,s,1250
2014/09/09,96,2:30:00 PM,Tuesday,wilson stn to yorkmills stn,General Delay,18,36,bw,
2014/09/09,191,2:30:00 PM,Tuesday,finch ave  -  27 to martingrove,General Delay,18,26,bw,
2014/09/09,96,2:30:00 PM,Tuesday,wilson ave - transit rd  / dufferin to yorkmills stn,General Delay,18,36,bw,
2014/09/09,191,2:30:00 PM,Tuesday,finch - hwy 27 to martingrove,General Delay,18,24,bw,
2014/09/09,45,2:33:00 PM,Tuesday,Kipling stn,Utilized Off Route,10,20,s,7341
2014/09/09,165,2:34:00 PM,Tuesday,Finch,Late Leaving Garage,5,10,N,1286
2014/09/09,100,2:35:00 PM,Tuesday,Wynford Drive,Mechanical,4,8,NB,7403
2014/09/09,107,2:45:00 PM,Tuesday,Ceramic and St regis,Mechanical,17,46,n,8351
2014/09/09,120,2:54:00 PM,Tuesday,Arrow Road Garage,Late Leaving Garage,7,0,E,1545
2014/09/09,50,2:54:00 PM,Tuesday,Mill Loop,Mechanical,13,27,wb,7301
2014/09/09,120,2:55:00 PM,Tuesday,Jane /Sheppard,Late Leaving Garage,22,44,S,1545
2014/09/09,191,2:57:00 PM,Tuesday,hwy 27 at rexdale,Investigation,6,14,s,7938
2014/09/09,48,2:57:00 PM,Tuesday,Mill road loop,Mechanical,22,44,eb,8022
2014/09/09,9,2:57:00 PM,Tuesday,Brimley and St. Clair,Mechanical,22,44,E,7683
2014/09/09,39,2:57:00 PM,Tuesday,Seneca collage,Late Leaving Garage,5,10,w/b,1768
2014/09/09,52,3:00:00 PM,Tuesday,52-Lawrence route,General Delay,12,10,b/w,
2014/09/09,59,3:00:00 PM,Tuesday,Entire 59 Maple Leaf,General Delay,15,30,B/W,
2014/09/09,60,3:00:00 PM,Tuesday,Finch Stn to Signal Hill,General Delay,60,20,BW,
2014/09/09,72,3:00:00 PM,Tuesday,Pape Route,General Delay,12,1,B/W,
2014/09/09,95,3:00:00 PM,Tuesday,Entire Route,General Delay,18,24,B/W's,
2014/09/09,29,3:00:00 PM,Tuesday,Dufferin lawrence to wilson stn,General Delay,15,25,B,
2014/09/09,35,3:01:00 PM,Tuesday,Arrow Road Garage,Late Leaving Garage,6,0,E,1279
2014/09/09,34,3:05:00 PM,Tuesday,Eglinton and Lebovic,Late Leaving Garage,3,6,WB,7674
2014/09/09,60,3:05:00 PM,Tuesday,Signal Hill,Late Leaving Garage,7,18,E,1308
2014/09/09,36,3:07:00 PM,Tuesday,Finch Stn,Mechanical,4,8,w,1706
2014/09/09,122,3:07:00 PM,Tuesday,York mills stn,Mechanical,14,27,E,8165
2014/09/09,34,3:13:00 PM,Tuesday,Eglinton and Lebovic,Late Leaving Garage,5,10,WB,7561
2014/09/09,11,3:15:00 PM,Tuesday,Davisville Station to Steeles,General Delay,18,1,bw,
2014/09/09,112,3:15:00 PM,Tuesday,Dixon and Carlingview,Investigation,16,27,s,8081
2014/09/09,41,3:18:00 PM,Tuesday,York University,Late Leaving Garage,16,32,s,1050
2014/09/09,11,3:18:00 PM,Tuesday,Davisvilee Station,Mechanical,12,24,sb,8175
2014/09/09,165,3:26:00 PM,Tuesday,Finch Av,Late Leaving Garage,5,10,N,1373
2014/09/09,196,3:28:00 PM,Tuesday,Bus Rroadway,Mechanical,2,4,n,8167
2014/09/09,84,3:30:00 PM,Tuesday,Sheppard Ave West and John Drury,Mechanical,25,50,E,1386
2014/09/09,172,3:30:00 PM,Tuesday,172 Cherry Route,General Delay,10,1,B/W,
2014/09/09,67,3:30:00 PM,Tuesday,67 Pharmacy Route,General Delay,18,20,BW,
2014/09/09,11,3:31:00 PM,Tuesday,Eglinton and Martingrove,Mechanical,10,20,sb,8040
2014/09/09,96,3:34:00 PM,Tuesday,wilson stn,Mechanical,18,36,w,1322
2014/09/09,39,3:35:00 PM,Tuesday,Seneca college,Utilized Off Route,10,20,w,7004
2014/09/09,37,3:36:00 PM,Tuesday,Steeles,Late Leaving Garage,8,16,S,1216
2014/09/09,60,3:36:00 PM,Tuesday,Finch Stn,Late Leaving Garage,7,10,W,1264
2014/09/09,60,3:38:00 PM,Tuesday,Kipling./Steeles,Late Leaving Garage,16,31,E,7910
2014/09/09,165,3:39:00 PM,Tuesday,Yorkmills,Late Leaving Garage,5,10,N,7923
2014/09/09,84,3:40:00 PM,Tuesday,Rivalda and Sheppard,Late Leaving Garage,8,16,W,
2014/09/09,88,3:43:00 PM,Tuesday,Wicksteed and Brentcliff,Diversion,140,210,E,8335
2014/09/09,96,3:44:00 PM,Tuesday,woodbine downs,Mechanical,18,36,e,1357
2014/09/09,78,3:45:00 PM,Tuesday,York Mills Stn,Mechanical,15,30,E,8359
2014/09/09,36,3:45:00 PM,Tuesday,Milvan/Finch,Mechanical,5,10,E,1365
2014/09/09,36,3:47:00 PM,Tuesday,Finch Stn,Late Leaving Garage,5,10,w,1323
2014/09/09,60,3:49:00 PM,Tuesday,Finch Stn,Late Leaving Garage,16,7,E,7952
2014/09/09,60,3:50:00 PM,Tuesday,Finch Stn,Late Leaving Garage,7,14,w,7939
2014/09/09,36,3:53:00 PM,Tuesday,Humberwood Loop,Late Leaving Garage,4,8,E,1212
2014/09/09,161,3:55:00 PM,Tuesday,Ossington stn,Mechanical,11,2,w/b,1616
2014/09/09,35,3:55:00 PM,Tuesday,Jane and Finch,Investigation,20,40,N,1212
2014/09/09,6,3:56:00 PM,Tuesday,Yonge and Davenport,Mechanical,11,22,n/b,1626
2014/09/09,144,3:56:00 PM,Tuesday,Jarvis & Richmond,Late Leaving Garage,30,38,WB,7454
2014/09/09,134,4:00:00 PM,Tuesday,STC to Ironside,General Delay,20,40,B/W,
2014/09/09,42,4:00:00 PM,Tuesday,Cummer,General Delay,6,12,b/w,
2014/09/09,97,4:00:00 PM,Tuesday,Yonge st,General Delay,15,30,b/w,
2014/09/09,81,4:00:00 PM,Tuesday,Thorncliffe Route,General Delay,10,1,B/W,
2014/09/09,124,4:00:00 PM,Tuesday,Lawrence to Sunnybrooke,General Delay,7,14,b/w,
2014/09/09,35,4:00:00 PM,Tuesday,Entire 35 Jane Street,General Delay,10,20,B/W,
2014/09/09,57,4:00:00 PM,Tuesday,Midland route,General Delay,12,1,B/W,
2014/09/09,142,4:00:00 PM,Tuesday,Bombay Loop to Church and Richmond,General Delay,25,1,bw,
2014/09/09,83,4:00:00 PM,Tuesday,Jones route,General Delay,12,1,B/W,
2014/09/09,168,4:00:00 PM,Tuesday,ENTIRE ROUTE,General Delay,25,20,b /w,
2014/09/09,165,4:00:00 PM,Tuesday,Yorkmills to all barnches,General Delay,1,1,WB,1
2014/09/09,63,4:00:00 PM,Tuesday,Strachan and East Libetry and Ossington/Dundas,General Delay,15,0,b/w,
2014/09/09,26,4:00:00 PM,Tuesday,ENTIRE ROUTE,General Delay,20,15,b /w,
2014/09/09,59,4:00:00 PM,Tuesday,Lawrence West Stn,Late Leaving Garage,12,24,W,
2014/09/09,39,4:00:00 PM,Tuesday,Finch Stn to Old Finch and Morningview trail,General Delay,15,10,bw,
2014/09/09,190,4:01:00 PM,Tuesday,Warden and Sheppard Ave East,Mechanical,5,10,West,1072
2014/09/09,96,4:02:00 PM,Tuesday,woodbine downs,Mechanical,18,36,e,1357
2014/09/09,90,4:07:00 PM,Tuesday,St. Clair W. stn,Mechanical,10,20,N,8338
2014/09/09,29,4:10:00 PM,Tuesday,Wilson Stn,Mechanical,6,12,S,8200
2014/09/09,36,4:12:00 PM,Tuesday,Finch Stn,Late Leaving Garage,5,10,W,1
2014/09/09,86,4:15:00 PM,Tuesday,Kennedy Stn,Late Leaving Garage,15,30,E,7469
2014/09/09,112,4:19:00 PM,Tuesday,The West Mall and Rathburn Av,Mechanical,15,30,N,8012
2014/09/09,84,4:30:00 PM,Tuesday,Jane,General Delay,15,15,B,
2014/09/09,25,4:36:00 PM,Tuesday,wynford and don mills,Mechanical,0,4,EB,7590
2014/09/09,46,4:49:00 PM,Tuesday,Kipling Station,Late Leaving Garage,11,26,N,1280
2014/09/09,29,4:50:00 PM,Tuesday,Dufferin at Wingold,Mechanical,6,12,S,9047
2014/09/09,100,4:53:00 PM,Tuesday,Deaville Lane and Spanbrdige,Mechanical,4,8,NB,7534
2014/09/09,75,5:01:00 PM,Tuesday,Jarvis and Lakeshore,Investigation,7,14,N,8390
2014/09/09,129,5:04:00 PM,Tuesday,Mc Cowan and Steeles,Mechanical,4,9,S,1395
2014/09/09,60,5:05:00 PM,Tuesday,York Univ-Commons,Mechanical,7,14,E,1261
2014/09/09,60,5:05:00 PM,Tuesday,York Univ-Commons,Mechanical,7,14,E,1261
2014/09/09,67,5:12:00 PM,Tuesday,Victoria Park STN,Mechanical,10,20,NB,7589
2014/09/09,141,5:15:00 PM,Tuesday,Mt pleasant express 141,General Delay,19,59,BW,
2014/09/09,53,5:15:00 PM,Tuesday,Finch Stn to Staines,General Delay,10,20,B/W,
2014/09/09,71,5:25:00 PM,Tuesday,Mt Dennis garage,Mechanical,15,39,N,1242
2014/09/09,36,5:28:00 PM,Tuesday,Humberwood Loop,Mechanical,5,10,w,1232
2014/09/09,11,5:38:00 PM,Tuesday,Steeles Loop,Mechanical,12,24,sb,8213
2014/09/09,51,5:45:00 PM,Tuesday,Eglinton Station,Mechanical,15,30,eb/nb,8374
2014/09/09,29,5:45:00 PM,Tuesday,Wilson stn,Mechanical,6,12,S,9304
2014/09/09,54,5:48:00 PM,Tuesday,Lawrence and Victoria park,Mechanical,10,20,E,7574
2014/09/09,43,5:49:00 PM,Tuesday,Kennedy and Finch,Mechanical,9,18,NB,7452
2014/09/09,36,5:50:00 PM,Tuesday,Drifwood,Mechanical,5,10,W,1251
2014/09/09,45,5:53:00 PM,Tuesday,Steeles Loop,Mechanical,2,8,s,7315
2014/09/09,133,5:54:00 PM,Tuesday,Neilson and Sheppard,Diversion,22,29,E,1394
2014/09/09,20,5:55:00 PM,Tuesday,Danforth & Victoria Park,Investigation,11,22,E,8109
2014/09/09,64,5:59:00 PM,Tuesday,Main Station,Investigation,8,16,s,8132
2014/09/09,199,6:00:00 PM,Tuesday,Finch stn to Scarbrough town centre,General Delay,15,10,bw,
2014/09/09,106,6:00:00 PM,Tuesday,Downsview Station,General Delay,25,15,B/W,
2014/09/09,25,6:10:00 PM,Tuesday,Pape and O'Connor,Mechanical,3,6,NB,7573
2014/09/09,107,6:13:00 PM,Tuesday,Troon and Eaglerock,Mechanical,25,57,n,1813
2014/09/09,95,6:14:00 PM,Tuesday,Cul - De - Sac at Kingston Road,Investigation,9,18,W/B,1775
2014/09/09,54,6:19:00 PM,Tuesday,Lawrence RT,Mechanical,10,20,E,7570
2014/09/09,75,6:20:00 PM,Tuesday,Sherbourne and Bloor,Investigation,7,14,N,8168
2014/09/09,52,6:21:00 PM,Tuesday,Royal York & Dixon,Mechanical,11,22,e/b,1565
2014/09/09,86,6:25:00 PM,Tuesday,Kennedy Stn - Meadowvale Loop,General Delay,5,15,BW,
2014/09/09,133,6:28:00 PM,Tuesday,Staines and Sisken Terr,Mechanical,7,14,W,1758
2014/09/09,95,6:29:00 PM,Tuesday,Ellesmere SRT,Utilized Off Route,9,18,e/b,1765
2014/09/09,116,6:30:00 PM,Tuesday,Kennedy Stn - Nightstar,General Delay,5,15,BW,
2014/09/09,54,6:37:00 PM,Tuesday,Lawrence and Don Mills,Mechanical,10,20,W,7539
2014/09/09,60,6:40:00 PM,Tuesday,York Univ-Commons,Mechanical,7,14,E,1266
2014/09/09,60,6:54:00 PM,Tuesday,Finch Stn,Mechanical,6,7,W,1380
2014/09/09,29,6:56:00 PM,Tuesday,Dufferin at Queen,Mechanical,5,10,N,8301
2014/09/09,25,7:00:00 PM,Tuesday,Pape Station to Don Mills and Freshmeadow,General Delay,6,12,BW,
2014/09/09,36,7:00:00 PM,Tuesday,finch and sentinel,General Delay,2,2,w/b,1306
2014/09/09,11,7:06:00 PM,Tuesday,Davisville Station,Emergency Services,12,24,eb/nb,1825
2014/09/09,86,7:07:00 PM,Tuesday,Kennedy Stn,Mechanical,15,23,E,7519
2014/09/09,196,7:14:00 PM,Tuesday,Downsview Station,Utilized Off Route,2,4,n,9417
2014/09/09,86,7:15:00 PM,Tuesday,Kenendy Stn,Utilized Off Route,10,20,E,7619
2014/09/09,196,7:30:00 PM,Tuesday,downsview Station,Mechanical,5,10,n,8175
2014/09/09,95,7:49:00 PM,Tuesday,Yorkmills Station,Mechanical,14,28,e/b,1727
2014/09/09,199,7:52:00 PM,Tuesday,Finch and Kennedy,Investigation,7,14,wb,1746
2014/09/09,102,8:00:00 PM,Tuesday,Markham and Steeles,Mechanical,20,40,s,7705
2014/09/09,38,8:15:00 PM,Tuesday,Military Tr in front of U of T,Mechanical,10,20,E,1110
2014/09/09,54,8:16:00 PM,Tuesday,Lawrence and Fortune Gate,Mechanical,16,32,E,7420
2014/09/09,29,8:35:00 PM,Tuesday,Wilson stn,Mechanical,5,10,S,9043
2014/09/09,165,8:45:00 PM,Tuesday,wilson and jane,Investigation,10,20,w/b,1419
2014/09/09,24,8:50:00 PM,Tuesday,Victoria Park and Consumers Rd,Mechanical,8,16,s,8135
2014/09/09,29,8:54:00 PM,Tuesday,Dufferin and St. Clair,Diversion,49,59,N,
2014/09/09,32,8:59:00 PM,Tuesday,Eglinton and Gilgorm,Investigation,9,19,W/B,1413
2014/09/09,1,9:00:00 PM,Tuesday,test,Investigation,1,1,s,1111
2014/09/09,47,9:00:00 PM,Tuesday,St.Clair between Caledonia and Lansdowne,Diversion,16,34,E/B,1644
2014/09/09,52,9:00:00 PM,Tuesday,Entire Route,General Delay,15,31,BW,
2014/09/09,34,9:23:00 PM,Tuesday,Eglinton STN,Mechanical,6,12,EB,7506
2014/09/09,172,9:27:00 PM,Tuesday,King and Church,Mechanical,24,48,e,7876
2014/09/09,53,9:37:00 PM,Tuesday,Morningside and Staines,Mechanical,20,44,W,7024
2014/09/09,83,9:42:00 PM,Tuesday,Jones and Gerrard,Diversion,93,127,s,8111
2014/09/09,89,10:00:00 PM,Tuesday,Entire Route,General Delay,9,21,B/W,
2014/09/09,35,10:05:00 PM,Tuesday,jane and steeles,Mechanical,8,16,w/b,1384
2014/09/09,52,10:17:00 PM,Tuesday,Lawrence Stn,Utilized Off Route,1,1,W/B,1552
2014/09/09,191,10:25:00 PM,Tuesday,Dundas Ramp to 427,Diversion,1,1,N,7912
2014/09/09,95,10:45:00 PM,Tuesday,Kingston Road Cul-De-Sac,Mechanical,10,24,w/b,1796
2014/09/09,196,10:50:00 PM,Tuesday,downsview station,Utilized Off Route,3,6,n,8327
2014/09/09,7,10:52:00 PM,Tuesday,Bathurst and 4588 Jewish,Investigation,10,20,n,9009
2014/09/09,102,10:56:00 PM,Tuesday,Markham Rd and finch,Investigation,10,20,s,7690
2014/09/09,17,11:10:00 PM,Tuesday,Birchmount and Steeles,Mechanical,22,44,s,7849
2014/09/09,29,11:33:00 PM,Tuesday,Dufferin and Liberty,Mechanical,8,16,n,8314
2014/09/10,36,12:05:00 AM,Wednesday,finch stn,Mechanical,5,10,w/b,1306
2014/09/10,24,12:12:00 AM,Wednesday,Victoria Park and Yorkmills Rd,Diversion,50,60,n,7861
2014/09/10,34,12:25:00 AM,Wednesday,Laird & Eglinton,Mechanical,12,24,WB,7441
2014/09/10,85,12:55:00 AM,Wednesday,Sheppard - Kennedy,Mechanical,20,40,W,1143
2014/09/10,1,1:13:00 AM,Wednesday,finch Station,Mechanical,3,6,s,1410
2014/09/10,165,2:20:00 AM,Wednesday,wilson and clyde,Investigation,30,60,w/b,1316
2014/09/10,84,3:57:00 AM,Wednesday,Arrow garage,Late Leaving Garage,1,1,-,1272
2014/09/10,35,4:26:00 AM,Wednesday,Arrow garage,Late Leaving Garage,1,1,-,1327
2014/09/10,36,4:40:00 AM,Wednesday,Arrow garage,Late Leaving Garage,1,1,-,1275
2014/09/10,35,5:07:00 AM,Wednesday,Jane Station,Mechanical,0,0,N,7923
2014/09/10,35,5:26:00 AM,Wednesday,Jane/Steeles,Late Leaving Garage,10,20,S,1355
2014/09/10,34,5:29:00 AM,Wednesday,Eglinton station,Mechanical,14,28,E,7436
2014/09/10,34,5:29:00 AM,Wednesday,Eglinton stn,Utilized Off Route,14,22,eb,7436
2014/09/10,36,5:30:00 AM,Wednesday,Arrow Rd and Finch Ave,Late Leaving Garage,12,20,SB,1260
2014/09/10,113,5:30:00 AM,Wednesday,Route 113 Danforth rd.,General Delay,8,1,b/w,
2014/09/10,52,5:35:00 AM,Wednesday,Law w stn,Late Leaving Garage,12,24,w,1590
2014/09/10,224,5:37:00 AM,Wednesday,Victoria Park steeles,Late Leaving Garage,2,2,nb,7462
2014/09/10,63,5:49:00 AM,Wednesday,Eglinton at Oakwood,Mechanical,13,26,s/b,1035
2014/09/10,70,5:51:00 AM,Wednesday,Coxwell stn,Mechanical,5,18,nb,7512
2014/09/10,6,6:00:00 AM,Wednesday,bedford,Late Leaving Garage,7,14,s/b,1532
2014/09/10,32,6:00:00 AM,Wednesday,eglinton west stn.,Mechanical,9,18,e/b,1620
2014/09/10,104,6:03:00 AM,Wednesday,Wilson Stn,Late Leaving Garage,15,30,NB,8329
2014/09/10,73,6:07:00 AM,Wednesday,ROYAL YORK STN,Mechanical,14,29,N/B,8067
2014/09/10,191,6:10:00 AM,Wednesday,Martin Grove,Late Leaving Garage,10,20,s,7951
2014/09/10,59,6:14:00 AM,Wednesday,jane/Church,Late Leaving Garage,10,20,w,1207
2014/09/10,73,6:15:00 AM,Wednesday,ROYAL YORK STN,Utilized Off Route,15,30,n/b,7344
2014/09/10,97,6:18:00 AM,Wednesday,Yonge and Mill St,Mechanical,1,35,n,8357
2014/09/10,160,6:20:00 AM,Wednesday,Wilson sstn,Late Leaving Garage,20,40,n/b,8319
2014/09/10,32,6:20:00 AM,Wednesday,Pine at lawrence,Mechanical,5,10,e/b,1685
2014/09/10,199,6:20:00 AM,Wednesday,Scarborough Town Centre,Late Leaving Garage,2,5,WB,1106
2014/09/10,115,6:20:00 AM,Wednesday,York Mills Stn,Mechanical,1,1,EB,8339
2014/09/10,160,6:20:00 AM,Wednesday,Wilson stn to Clark,General Delay,20,40,b/w,
2014/09/10,29,6:21:00 AM,Wednesday,Dufferin and Tycos,Utilized Off Route,5,7,SB,8349
2014/09/10,63,6:25:00 AM,Wednesday,caniff,Late Leaving Garage,3,6,n/b,1595
2014/09/10,41,6:26:00 AM,Wednesday,York university,Late Leaving Garage,10,25,S/B,1529
2014/09/10,60,6:26:00 AM,Wednesday,Finch Station,Late Leaving Garage,13,26,W,1314
2014/09/10,54,6:27:00 AM,Wednesday,Eglinton Station,Mechanical,3,8,eb,7675
2014/09/10,29,6:29:00 AM,Wednesday,Dufferin and Bloor,Late Leaving Garage,5,8,NB,9048
2014/09/10,106,6:29:00 AM,Wednesday,Downsview Stn,Utilized Off Route,7,14,n,9437
2014/09/10,36,6:30:00 AM,Wednesday,Finch Station,Late Leaving Garage,2,4,EB,1355
2014/09/10,63,6:30:00 AM,Wednesday,Eglinton west stn,Late Leaving Garage,4,8,s/b,1542
2014/09/10,96,6:31:00 AM,Wednesday,Woodbine down,Mechanical,18,36,w,1276
2014/09/10,53,6:32:00 AM,Wednesday,Morningside and Staines,Mechanical,14,26,w,9067
2014/09/10,32,6:34:00 AM,Wednesday,E/B at Bathurst,Mechanical,8,16,e/b,1508
2014/09/10,190,6:34:00 AM,Wednesday,Scarborough town centre,Late Leaving Garage,7,16,W,7115
2014/09/10,199,6:34:00 AM,Wednesday,Finch station,Late Leaving Garage,3,6,EB,7124
2014/09/10,29,6:36:00 AM,Wednesday,Dufferin and Bloor,Late Leaving Garage,4,7,NB,9006
2014/09/10,36,6:37:00 AM,Wednesday,Milvan and Finch,Late Leaving Garage,2,4,EB,1284
2014/09/10,46,6:40:00 AM,Wednesday,Martin grove loop,Mechanical,10,20,s,1354
2014/09/10,122,6:43:00 AM,Wednesday,York Mills Stn,Mechanical,10,20,EB,8324
2014/09/10,111,6:43:00 AM,Wednesday,East Mall and Rathburn,Mechanical,10,20,sb,8041
2014/09/10,36,6:49:00 AM,Wednesday,Arrow rd and Finch,Late Leaving Garage,3,1,EB,1237
2014/09/10,131,6:51:00 AM,Wednesday,STC,Late Leaving Garage,8,16,e,1119
2014/09/10,36,6:53:00 AM,Wednesday,Humberwood Loop,Mechanical,4,8,WB,1308
2014/09/10,60,6:53:00 AM,Wednesday,York University Commons,Late Leaving Garage,7,14,E,1208
2014/09/10,86,6:55:00 AM,Wednesday,Eglinton Ave. and Danforth Ave.,Diversion,20,34,W,7414
2014/09/10,116,6:55:00 AM,Wednesday,Eglinton Ave. and Danforth Ave.,Diversion,20,34,W,7423
2014/09/10,21,6:58:00 AM,Wednesday,Scarborough Town center,Late Leaving Garage,14,28,S,7711
2014/09/10,196,6:59:00 AM,Wednesday,Commons,Late Leaving Garage,8,16,s/b,9434
2014/09/10,6,7:00:00 AM,Wednesday,entire route,General Delay,6,30,b/w,
2014/09/10,26,7:00:00 AM,Wednesday,ENTIRE ROUTE,General Delay,20,15,b/w,
2014/09/10,145,7:00:00 AM,Wednesday,ENTIRE ROUTE,General Delay,30,35,b/w,
2014/09/10,105,7:00:00 AM,Wednesday,Dufferin North route,General Delay,27,45,b/w,
2014/09/10,5,7:00:00 AM,Wednesday,Quuens Pk. Circle to Eglinton stn,General Delay,30,45,BW,
2014/09/10,86,7:00:00 AM,Wednesday,Scarborough Route,General Delay,12,0,B/W,
2014/09/10,108,7:03:00 AM,Wednesday,Downsview Station,Mechanical,15,30,N,
2014/09/10,60,7:04:00 AM,Wednesday,Finch Station,Late Leaving Garage,7,14,W,7910
2014/09/10,90,7:05:00 AM,Wednesday,Humewood/vaughan,Mechanical,11,21,nb,9446
2014/09/10,60,7:06:00 AM,Wednesday,70945,Mechanical,13,26,W,
2014/09/10,54,7:08:00 AM,Wednesday,Star Spray Loop,Mechanical,2,11,wb,7458
2014/09/10,76,7:09:00 AM,Wednesday,ROYAL YORK AND NORSEMAN,Mechanical,5,9,N/B,7300
2014/09/10,46,7:10:00 AM,Wednesday,Kipling Station,Late Leaving Garage,10,20,n,1272
2014/09/10,84,7:15:00 AM,Wednesday,Sheppard Station,Late Leaving Garage,17,34,W,1305
2014/09/10,54,7:17:00 AM,Wednesday,Star Spray Loop,Mechanical,9,18,wb,7631
2014/09/10,34,7:19:00 AM,Wednesday,Eglinton Ave at 1901 Eglinton Ave W of Lebovic,Mechanical,4,8,WB,7472
2014/09/10,95,7:20:00 AM,Wednesday,Ellesmere and Mornelle Crt,Mechanical,7,14,WB,1138
2014/09/10,196,7:26:00 AM,Wednesday,York U. Common,Mechanical,3,5,s,8355
2014/09/10,60,7:27:00 AM,Wednesday,Signal Hill,Mechanical,7,14,E,
2014/09/10,116,7:30:00 AM,Wednesday,Morningside Route,General Delay,10,0,B/W,
2014/09/10,33,7:30:00 AM,Wednesday,Castlefield to St.Clair west,General Delay,10,26,b/w,
2014/09/10,7,7:30:00 AM,Wednesday,Steeles to Bathurst stn,General Delay,15,24,b/w,
2014/09/10,109,7:30:00 AM,Wednesday,Neptune to Eglinton west stn,General Delay,20,32,b/w,
2014/09/10,36,7:33:00 AM,Wednesday,Finch Station,Late Leaving Garage,4,8,EB,1281
2014/09/10,191,7:34:00 AM,Wednesday,Martin Grove/Hyw27,Mechanical,10,20,s,7954
2014/09/10,195,7:36:00 AM,Wednesday,Jane Station,Utilized Off Route,10,20,N,1534
2014/09/10,85,7:45:00 AM,Wednesday,Sheppard and Aragon,Mechanical,4,8,E,1723
2014/09/10,66,7:47:00 AM,Wednesday,HUMBER LOOP,Mechanical,3,14,N/B,8005
2014/09/10,14,7:48:00 AM,Wednesday,Bathurst and Roselawn,Investigation,15,30,n,1565
2014/09/10,140,7:49:00 AM,Wednesday,Don Mills Eglinton,Utilized Off Route,3,6,sb,7442
2014/09/10,72,7:50:00 AM,Wednesday,Pape stn,General Delay,11,1,B/W,
2014/09/10,64,7:54:00 AM,Wednesday,Queen street and Wineva,Utilized Off Route,8,16,N,8132
2014/09/10,143,7:55:00 AM,Wednesday,Beaches express,General Delay,12,1,B/W,
2014/09/10,85,7:58:00 AM,Wednesday,Sheppard and Agincourt GO,Mechanical,4,8,W,1758
2014/09/10,95,8:00:00 AM,Wednesday,Entire Route,General Delay,10,0,BW,
2014/09/10,165,8:00:00 AM,Wednesday,165 Weston,General Delay,1,1,SB,1
2014/09/10,96,8:00:00 AM,Wednesday,Wilosn Route,General Delay,12,24,B/w,
2014/09/10,45,8:00:00 AM,Wednesday,ENTIRE ROUTE,General Delay,10,1,B/W,
2014/09/10,51,8:00:00 AM,Wednesday,Eglinton stn to Steeles,General Delay,15,25,BW,
2014/09/10,124,8:00:00 AM,Wednesday,Sunnybrook to Lawrence stn,General Delay,15,25,BW,
2014/09/10,24,8:00:00 AM,Wednesday,VICTORIA PARK ROUTE,General Delay,15,0,B/W,
2014/09/10,36,8:00:00 AM,Wednesday,Finch,General Delay,1,1,SB,1
2014/09/10,76,8:06:00 AM,Wednesday,ROYAL YORK STN,Mechanical,3,4,S/B,8005
2014/09/10,7,8:08:00 AM,Wednesday,Steeles and Village gate,Mechanical,9,18,s/b,9053
2014/09/10,96,8:10:00 AM,Wednesday,Islintgton,Mechanical,18,36,w,7249
2014/09/10,96,8:12:00 AM,Wednesday,Carrier loop,Mechanical,18,36,e,1385
2014/09/10,89,8:13:00 AM,Wednesday,Weston and Ray,Mechanical,5,10,N/B,1626
2014/09/10,85,8:15:00 AM,Wednesday,Don Mills station to Rouge Hill GO,General Delay,15,8,B/W,
2014/09/10,87,8:15:00 AM,Wednesday,Main stn,Utilized Off Route,10,20,W,7853
2014/09/10,60,8:18:00 AM,Wednesday,Finch Station,Mechanical,7,14,W,1324
2014/09/10,21,8:19:00 AM,Wednesday,Scarborough Town center,Mechanical,12,22,S,7711
2014/09/10,165,8:28:00 AM,Wednesday,Yorkmills Station,Mechanical,6,12,SB,7212
2014/09/10,172,8:30:00 AM,Wednesday,Cherry street route,General Delay,11,1,B/W,
2014/09/10,102,8:31:00 AM,Wednesday,Warden stn,Utilized Off Route,10,20,N,8137
2014/09/10,35,8:33:00 AM,Wednesday,Jane/Steeles,Mechanical,10,20,S,1405
2014/09/10,37,8:34:00 AM,Wednesday,Steeles Loop,Mechanical,6,12,S,1353
2014/09/10,11,8:36:00 AM,Wednesday,Davisville stn,Mechanical,12,24,N,8325
2014/09/10,54,8:40:00 AM,Wednesday,Lawrence Don Mills,Mechanical,5,9,eb,7655
2014/09/10,53,8:46:00 AM,Wednesday,Steel@ Birchmount,Mechanical,5,13,W/B,9067
2014/09/10,36,8:50:00 AM,Wednesday,Finch and Milvan,Mechanical,14,9,WB,1386
2014/09/10,196,8:51:00 AM,Wednesday,York Common,Mechanical,2,4,s,9426
2014/09/10,69,8:58:00 AM,Wednesday,Warden stn,Investigation,7,1,S,7833
2014/09/10,39,9:00:00 AM,Wednesday,Finch station to Neilson & Crow Trail,General Delay,8,12,B/W,7095
2014/09/10,199,9:00:00 AM,Wednesday,Finch station to Scarborough Town Centre,General Delay,8,12,B/W,7117
2014/09/10,16,9:04:00 AM,Wednesday,Danforth and Trudelle,Investigation,8,16,SB,7724
2014/09/10,108,9:07:00 AM,Wednesday,Driftwood Avenue S. of Finch Avenue West,Emergency Services,14,28,S,1251
2014/09/10,116,9:09:00 AM,Wednesday,kennedy station,Mechanical,10,20,e,7469
2014/09/10,106,9:10:00 AM,Wednesday,York U. Common,Mechanical,7,16,s,9435
2014/09/10,35,9:15:00 AM,Wednesday,Jane/Shoreham,Late Leaving Garage,24,48,N,1381
2014/09/10,129,9:17:00 AM,Wednesday,STC Station,Mechanical,6,12,n,1720
2014/09/10,134,9:36:00 AM,Wednesday,Progress and Markham,Diversion,30,39,W/B,9076
2014/09/10,196,9:55:00 AM,Wednesday,Downsview Stn,Mechanical,2,4,n,8329
2014/09/10,41,10:00:00 AM,Wednesday,Kelee and st.clsir,General Delay,12,19,B/W,
2014/09/10,38,10:02:00 AM,Wednesday,Rouge Hill GO loop,Mechanical,12,24,w,1754
2014/09/10,76,10:14:00 AM,Wednesday,ROYAL YORK STN,Mechanical,9,18,S/B,7350
2014/09/10,199,10:18:00 AM,Wednesday,Finch & Victoria Park,Mechanical,4,9,EB,7004
2014/09/10,37,10:35:00 AM,Wednesday,Humberwood Loop,Mechanical,16,32,S,7914
2014/09/10,41,10:39:00 AM,Wednesday,Keele and St. Clair,Diversion,85,94,N/B,
2014/09/10,102,10:43:00 AM,Wednesday,KENNEDY AND ST. CLAIR,Diversion,21,42,B/W,8151
2014/09/10,43,10:46:00 AM,Wednesday,Scarborough Ctr Station,Mechanical,11,22,SB,7631
2014/09/10,106,10:48:00 AM,Wednesday,York U,Mechanical,10,20,s,9445
2014/09/10,112,11:00:00 AM,Wednesday,SKYMARK,Mechanical,20,40,S,7969
2014/09/10,96,11:00:00 AM,Wednesday,Humberline/Fnch,Mechanical,18,36,E,1504
2014/09/10,172,11:08:00 AM,Wednesday,Carlaw & Commissioner,Mechanical,22,44,E/b,7759
2014/09/10,70,11:12:00 AM,Wednesday,Pharmacy Craigton,Mechanical,10,28,wb,7426
2014/09/10,52,11:20:00 AM,Wednesday,Jane and Lawrence,Mechanical,3,6,e,1666
2014/09/10,196,11:38:00 AM,Wednesday,York U. Common,Mechanical,2,4,s,9415
2014/09/10,96,11:41:00 AM,Wednesday,Martin Grove/Westhumber.,Investigation,18,36,E,1387
2014/09/10,54,12:03:00 PM,Wednesday,Star Spray Loop,Mechanical,12,24,wb,7491
2014/09/10,54,12:21:00 PM,Wednesday,eglinton station,Mechanical,12,24,e,7657
2014/09/10,196,12:23:00 PM,Wednesday,Downsview Stn,Mechanical,2,4,w,9446
2014/09/10,5,12:30:00 PM,Wednesday,Eglinton Station to Elm/Queens Park Crescent,General Delay,30,1,bw,
2014/09/10,24,12:30:00 PM,Wednesday,Route 24 Vic Park,General Delay,5,1,b/w,
2014/09/10,196,12:37:00 PM,Wednesday,Downsview Stn,Mechanical,2,4,w,9448
2014/09/10,41,12:43:00 PM,Wednesday,Steeles and Founders,Emergency Services,7,14,N/B,1020
2014/09/10,196,12:45:00 PM,Wednesday,Downsview Stn,Utilized Off Route,2,4,w,8377
2014/09/10,54,12:51:00 PM,Wednesday,eglinton and Holly,Investigation,12,24,e,7612
2014/09/10,29,1:00:00 PM,Wednesday,Dufferin at Lawrence,General Delay,25,45,B,
2014/09/10,24,1:08:00 PM,Wednesday,Vic Park / Ellesmere,Mechanical,10,30,n/b,8130
2014/09/10,102,1:08:00 PM,Wednesday,Warden Station,Mechanical,28,46,N,7728
2014/09/10,196,1:15:00 PM,Wednesday,Bus Roadway,Mechanical,2,4,n,1806
2014/09/10,116,1:17:00 PM,Wednesday,Eglinton & McCowam,Utilized Off Route,10,20,E,7488
2014/09/10,52,1:30:00 PM,Wednesday,52-Lawrence west route,General Delay,12,10,b/w,
2014/09/10,41,2:00:00 PM,Wednesday,Entire route,General Delay,20,35,b/w,
2014/09/10,35,2:00:00 PM,Wednesday,35 Jane Route,Mechanical,1,1,B/W,7923
2014/09/10,45,2:00:00 PM,Wednesday,Entire route,General Delay,0,0,n,
2014/09/10,110,2:04:00 PM,Wednesday,Islington station,Mechanical,22,39,sb,8058
2014/09/10,54,2:10:00 PM,Wednesday,Orton Park,Mechanical,12,24,w,7518
2014/09/10,36,2:14:00 PM,Wednesday,Arrow Road Garage,Late Leaving Garage,5,0,E,1277
2014/09/10,29,2:18:00 PM,Wednesday,Wilson stn,Mechanical,4,8,S,9036
2014/09/10,32,2:22:00 PM,Wednesday,Eglinton Ave W and Keele,Mechanical,8,16,e/b,1262
2014/09/10,21,2:25:00 PM,Wednesday,Brimley & Huntingwood,Investigation,14,28,S/b,7871
2014/09/10,67,2:30:00 PM,Wednesday,67 Pharmacy Route,General Delay,17,20,BW,
2014/09/10,68,2:30:00 PM,Wednesday,68 Warden Route,General Delay,19,20,BW,
2014/09/10,24,2:31:00 PM,Wednesday,n/b Rowena/Vic. Park,Mechanical,1,1,b/w,7782
2014/09/10,29,2:33:00 PM,Wednesday,Dufferin at Lawrence,Mechanical,4,8,S,9052
2014/09/10,85,2:33:00 PM,Wednesday,Donmills Station,Late Leaving Garage,9,18,East,1703
2014/09/10,45,2:33:00 PM,Wednesday,Kipling stn,Utilized Off Route,10,20,n,7341
2014/09/10,89,2:35:00 PM,Wednesday,Weston rd / Wilby cr,Mechanical,9,18,e,1549
2014/09/10,43,2:36:00 PM,Wednesday,Kennedy and Ellemsere,Investigation,11,22,NB,7667
2014/09/10,96,2:47:00 PM,Wednesday,yorkmills stn,Late Leaving Garage,24,47,w,7232
2014/09/10,106,2:50:00 PM,Wednesday,Downsview Stn,Mechanical,10,20,n,9442
2014/09/10,190,2:51:00 PM,Wednesday,Scarb Town Ctr Stn,Late Leaving Garage,4,13,West,7043
2014/09/10,25,2:56:00 PM,Wednesday,Pape Station,Mechanical,4,8,NB,7454
2014/09/10,35,3:00:00 PM,Wednesday,Enitre 35 Jane Route,General Delay,10,20,B/W,
2014/09/10,195,3:00:00 PM,Wednesday,195 Jane Rocket Route,General Delay,12,24,B/W,
2014/09/10,160,3:00:00 PM,Wednesday,Dewlane / Bathurst,Mechanical,15,32,nb,8331
2014/09/10,60,3:00:00 PM,Wednesday,Finch Stn to Signal Hill,General Delay,40,25,BW,
2014/09/10,172,3:00:00 PM,Wednesday,172 Cherry Route,General Delay,25,1,B/W,
2014/09/10,53,3:00:00 PM,Wednesday,Finch Stn to Staines,General Delay,10,20,B/W,
2014/09/10,50,3:00:00 PM,Wednesday,Entire route,General Delay,15,20,bw,
2014/09/10,47,3:00:00 PM,Wednesday,entire route,General Delay,13,40,b/w,
2014/09/10,25,3:00:00 PM,Wednesday,Pape Station to Steeles and Don Mills,General Delay,5,10,BW,
2014/09/10,35,3:00:00 PM,Wednesday,Jane and Steeles,Late Leaving Garage,20,40,S,
2014/09/10,59,3:00:00 PM,Wednesday,Entire 59 Maple Leaf Route,General Delay,12,24,B/W,
2014/09/10,15,3:01:00 PM,Wednesday,Royal York at Oakfield,Mechanical,11,33,sb,8020
2014/09/10,196,3:08:00 PM,Wednesday,DOWNSVIEW STATION,Utilized Off Route,3,5,WB,9444
2014/09/10,116,3:10:00 PM,Wednesday,Morningside & ellesmere,Mechanical,2,8,S,7464
2014/09/10,21,3:15:00 PM,Wednesday,Kennedy Stn,Late Leaving Garage,22,44,N/b,7754
2014/09/10,104,3:18:00 PM,Wednesday,Wilson Heights and Clifton,Investigation,13,26,n,8334
2014/09/10,196,3:20:00 PM,Wednesday,York u Commons,Late Leaving Garage,2,4,s,9414
2014/09/10,52,3:20:00 PM,Wednesday,Lawrence west stn,Mechanical,9,14,w/b,1577
2014/09/10,84,3:26:00 PM,Wednesday,Shepaprd Station,Utilized Off Route,12,25,W,1803
2014/09/10,84,3:30:00 PM,Wednesday,Sheppard West route,General Delay,30,20,BW,
2014/09/10,134,3:30:00 PM,Wednesday,STC to Ironside,General Delay,40,50,B/W,
2014/09/10,100,3:33:00 PM,Wednesday,Wynford and Don Mills,Mechanical,4,8,SB,7541
2014/09/10,60,3:33:00 PM,Wednesday,Signal Hill,Mechanical,0,0,E,1309
2014/09/10,96,3:34:00 PM,Wednesday,wilson stn,Mechanical,18,36,w,
2014/09/10,46,3:34:00 PM,Wednesday,Eglinton,Emergency Services,3,11,N,7327
2014/09/10,5,3:35:00 PM,Wednesday,Avenue at Dupont,Mechanical,20,50,sb,8213
2014/09/10,60,3:38:00 PM,Wednesday,Steeles/Kipling,Mechanical,16,31,E,
2014/09/10,25,3:38:00 PM,Wednesday,Pape and Oconnor,Mechanical,3,6,NB,7513
2014/09/10,37,3:38:00 PM,Wednesday,Steeles,Late Leaving Garage,8,16,S,7909
2014/09/10,165,3:39:00 PM,Wednesday,Yormills Stn,Late Leaving Garage,5,10,N,7223
2014/09/10,84,3:40:00 PM,Wednesday,Rivalda and Sheppard,Late Leaving Garage,7,21,W,
2014/09/10,35,3:40:00 PM,Wednesday,Jane Stn,Late Leaving Garage,5,10,N,
2014/09/10,96,3:44:00 PM,Wednesday,woodbine downs,Mechanical,18,36,e,
2014/09/10,110,3:44:00 PM,Wednesday,Long Branch Loop,Investigation,22,44,nb,8058
2014/09/10,96,3:45:00 PM,Wednesday,wilson at weston,Mechanical,4,8,e,7210
2014/09/10,53,3:45:00 PM,Wednesday,Steeles & Maxome,Mechanical,5,10,E,7013
2014/09/10,78,3:45:00 PM,Wednesday,York mills stn,Late Leaving Garage,30,60,E,8216
2014/09/10,36,3:47:00 PM,Wednesday,Finch Stn,Late Leaving Garage,5,10,W,1230
2014/09/10,11,3:48:00 PM,Wednesday,Davisville Station,Late Leaving Garage,6,12,eb/nb,8383
2014/09/10,60,3:49:00 PM,Wednesday,Finch Stn,Late Leaving Garage,16,31,W,7912
2014/09/10,60,3:50:00 PM,Wednesday,Finch Stn,Mechanical,7,14,W,
2014/09/10,198,3:51:00 PM,Wednesday,Kennedy Stn,Investigation,10,18,E,7527
2014/09/10,20,3:53:00 PM,Wednesday,Kennedy Stn.,Investigation,12,24,e/b,8128
2014/09/10,36,3:53:00 PM,Wednesday,Humberwood Loop,Late Leaving Garage,4,8,e,7917
2014/09/10,46,4:00:00 PM,Wednesday,Martin Grove route,General Delay,20,20,BW,
2014/09/10,72,4:00:00 PM,Wednesday,Pape Route,General Delay,23,1,B/W,
2014/09/10,37,4:00:00 PM,Wednesday,Islington route,General Delay,30,20,BW,
2014/09/10,12,4:00:00 PM,Wednesday,Kingston road Route,General Delay,13,1,B/W,
2014/09/10,120,4:00:00 PM,Wednesday,Wilson Stn,General Delay,22,44,BW,1
2014/09/10,21,4:00:00 PM,Wednesday,BrimleyRoute,General Delay,15,1,B/W,
2014/09/10,97,4:00:00 PM,Wednesday,Yonge st,General Delay,15,30,B/W,
2014/09/10,124,4:00:00 PM,Wednesday,Lawrence to Sunnybrooke hospital,General Delay,10,20,B/W,
2014/09/10,57,4:00:00 PM,Wednesday,Midland Route,General Delay,15,1,B/W,
2014/09/10,88,4:00:00 PM,Wednesday,Wicksteed and Brencliff,Diversion,140,210,E,8363
2014/09/10,145,4:00:00 PM,Wednesday,Entire Route,General Delay,45,0,BW,
2014/09/10,57,4:00:00 PM,Wednesday,Lawrence West Stn,Late Leaving Garage,12,24,W,
2014/09/10,42,4:01:00 PM,Wednesday,Finch stn,Mechanical,12,24,E,8173
2014/09/10,32,4:02:00 PM,Wednesday,Eglinton and Keele,Mechanical,8,16,e/b,1273
2014/09/10,37,4:05:00 PM,Wednesday,Humberwood loop,Mechanical,16,32,S,1316
2014/09/10,54,4:06:00 PM,Wednesday,SRT,Late Leaving Garage,11,22,e,7570
2014/09/10,160,4:10:00 PM,Wednesday,160 BATHURST NORTH ROUTE,General Delay,24,44,NB,
2014/09/10,36,4:12:00 PM,Wednesday,Finch Stn,Late Leaving Garage,5,10,w,1
2014/09/10,52,4:15:00 PM,Wednesday,Lawrence west stn,Utilized Off Route,11,22,w/b,1059
2014/09/10,60,4:22:00 PM,Wednesday,Yonge/Patricia,Mechanical,3,7,W,1217
2014/09/10,11,4:24:00 PM,Wednesday,Davisville Station,Utilized Off Route,6,12,eb,8184
2014/09/10,31,4:28:00 PM,Wednesday,Greenwood stn.,Mechanical,10,2,n/b,7784
2014/09/10,60,4:28:00 PM,Wednesday,Steeles/Adesso,Mechanical,16,31,W,7912
2014/09/10,61,4:30:00 PM,Wednesday,Bombay Loop to Eglinton Station,General Delay,12,1,bw,
2014/09/10,40,4:30:00 PM,Wednesday,DUNDAS W STN,Mechanical,8,15,E/B,8041
2014/09/10,29,4:31:00 PM,Wednesday,Wilson Station,Utilized Off Route,7,15,sb,8381
2014/09/10,25,4:33:00 PM,Wednesday,Don mills Station,Utilized Off Route,3,6,NB,7455
2014/09/10,224,4:33:00 PM,Wednesday,Victoria Park and Steeles,Mechanical,40,80,NB,7582
2014/09/10,37,4:37:00 PM,Wednesday,Bloor st and Islington Ave,Mechanical,8,16,N,7212
2014/09/10,20,4:40:00 PM,Wednesday,Route 20 Cliffside,General Delay,5,1,b/w,
2014/09/10,67,4:42:00 PM,Wednesday,Pharmacy & Ellesmere,Investigation,10,20,SB,7558
2014/09/10,11,4:45:00 PM,Wednesday,Steeles to Davisville Station,General Delay,15,1,bw,
2014/09/10,94,4:48:00 PM,Wednesday,queens park and hoskin,Investigation,18,36,e/b,1016
2014/09/10,168,5:00:00 PM,Wednesday,Dundas West Station to Avon Loop,General Delay,20,0,BW,
2014/09/10,143,5:00:00 PM,Wednesday,143 Beach Express,General Delay,20,1,E/B,1
2014/09/10,142,5:00:00 PM,Wednesday,Bombay Loop to Church/Richmond,General Delay,30,1,bw,
2014/09/10,9,5:00:00 PM,Wednesday,Bellamy route,General Delay,15,30,B/W,7771
2014/09/10,20,5:00:00 PM,Wednesday,Route 20 Cliffside,General Delay,5,1,b/w,
2014/09/10,144,5:00:00 PM,Wednesday,144 Downtown Express,General Delay,30,60,BW,
2014/09/10,109,5:05:00 PM,Wednesday,lawrence west station,Investigation,24,48,nb,8322
2014/09/10,35,5:10:00 PM,Wednesday,Jane and Wilson,Mechanical,8,16,S,7923
2014/09/10,53,5:13:00 PM,Wednesday,Passmore & Markham,Utilized Off Route,5,10,W,7071
2014/09/10,51,5:15:00 PM,Wednesday,Eglinton Station to Townsend/Freshmeadow,General Delay,12,1,bw,
2014/09/10,165,5:19:00 PM,Wednesday,Clayson,Mechanical,5,10,E,7917
2014/09/10,97,5:25:00 PM,Wednesday,Yorkmills stn,Mechanical,30,60,N,8215
2014/09/10,199,5:25:00 PM,Wednesday,Kennedy to Victoria Park,General Delay,20,15,b/w,
2014/09/10,86,5:29:00 PM,Wednesday,Kingston & Poplar,Emergency Services,7,11,E,7550
2014/09/10,26,5:30:00 PM,Wednesday,Jane Station to St. Goerge Station,General Delay,45,0,BW,
2014/09/10,55,5:30:00 PM,Wednesday,entire route,General Delay,10,0,b/w,
2014/09/10,31,5:30:00 PM,Wednesday,Route 31 Greenwood,General Delay,10,1,b/w,
2014/09/10,66,5:30:00 PM,Wednesday,Old Mill Station to Humber loop-Marine Parade,General Delay,20,0,BW,
2014/09/10,165,5:39:00 PM,Wednesday,Clayson,Mechanical,5,10,E,1373
2014/09/10,39,5:45:00 PM,Wednesday,Don Mills to Kennedy,General Delay,20,15,b/w,
2014/09/10,87,5:45:00 PM,Wednesday,Broadview Stn,Utilized Off Route,6,14,E/b,8105
2014/09/10,196,5:46:00 PM,Wednesday,York u.,Mechanical,2,4,s,9444
2014/09/10,60,5:47:00 PM,Wednesday,Finch Stn,Utilized Off Route,18,37,W,7940
2014/09/10,29,5:50:00 PM,Wednesday,Wilson stn,Mechanical,7,14,S,8194
2014/09/10,59,5:53:00 PM,Wednesday,Dufferin and Lawrence Ave West,General Delay,14,1,E,1215
2014/09/10,26,5:55:00 PM,Wednesday,358 Annette St near Evelyn Ave,Investigation,14,24,W,7344
2014/09/10,86,6:00:00 PM,Wednesday,Kennedy Stn - Meadowvale loop,General Delay,5,15,E,
2014/09/10,126,6:00:00 PM,Wednesday,126-Christie route,General Delay,15,30,b/w,
2014/09/10,116,6:00:00 PM,Wednesday,Kennedy Stn - Nightstar,General Delay,5,15,BW,
2014/09/10,105,6:00:00 PM,Wednesday,Downsview Station to Major MacKenzie,General Delay,35,20,b/w,
2014/09/10,47,6:00:00 PM,Wednesday,Entire Route,General Delay,25,35,B/W,
2014/09/10,94,6:00:00 PM,Wednesday,Wellesley route 94,General Delay,15,24,BW,
2014/09/10,106,6:00:00 PM,Wednesday,downsview station to Commons,General Delay,30,15,b/w,
2014/09/10,117,6:00:00 PM,Wednesday,downsview to Steeles/alness,General Delay,20,15,b/w,
2014/09/10,107,6:00:00 PM,Wednesday,downsview to Teston,General Delay,50,35,b/w,
2014/09/10,6,6:00:00 PM,Wednesday,Bay route 6,General Delay,15,25,BW,
2014/09/10,36,6:00:00 PM,Wednesday,jane st,Mechanical,4,7,E,1308
2014/09/10,52,6:11:00 PM,Wednesday,Lawrence West stn,Mechanical,11,22,e/b,1039
2014/09/10,41,6:20:00 PM,Wednesday,Keele st / Gulliver,Investigation,8,16,s,1663
2014/09/10,192,6:20:00 PM,Wednesday,Kipling stn,Mechanical,9,18,n,8023
2014/09/10,31,6:24:00 PM,Wednesday,Hiltz ave.,Investigation,8,10,n/b,7702
2014/09/10,95,6:25:00 PM,Wednesday,Warden and Ellesmere,Utilized Off Route,9,18,e/b,1718
2014/09/10,108,6:25:00 PM,Wednesday,Driftwood/Jane,Mechanical,15,30,E,1251
2014/09/10,190,6:26:00 PM,Wednesday,Warden and Sheppard,Mechanical,4,9,West,1118
2014/09/10,31,6:30:00 PM,Wednesday,Route 31 Greenwood,Diversion,143,153,n/b,
2014/09/10,63,6:30:00 PM,Wednesday,Eglinton w stn,Mechanical,5,9,N,1657
2014/09/10,54,6:35:00 PM,Wednesday,Kingston road on Lawrence,Mechanical,10,20,w,7554
2014/09/10,29,6:35:00 PM,Wednesday,Wilson stn,Mechanical,5,10,S,8356
2014/09/10,168,6:43:00 PM,Wednesday,Symington at Dupont,Utilized Off Route,6,12,S,7337
2014/09/10,144,6:44:00 PM,Wednesday,Victoria Park and Ellesmere,Mechanical,30,60,SB,7433
2014/09/10,21,6:49:00 PM,Wednesday,Eglington & Hungington Ave,Mechanical,11,22,E/B,7776
2014/09/10,41,6:54:00 PM,Wednesday,Keele stn,Mechanical,8,16,n,1689
2014/09/10,25,7:00:00 PM,Wednesday,Pape Station to Steeles and Don Mills,General Delay,10,15,BW,
2014/09/10,32,7:00:00 PM,Wednesday,Keele and Eglinton Ave West,Mechanical,8,16,e/b,1594
2014/09/10,29,7:05:00 PM,Wednesday,Wilson stn,Mechanical,5,10,S,9022
2014/09/10,37,7:17:00 PM,Wednesday,Steeles,Mechanical,8,16,S,1336
2014/09/10,53,7:29:00 PM,Wednesday,Steeles & Bayview,Investigation,6,14,W,9070
2014/09/10,168,7:35:00 PM,Wednesday,Jane Station,Utilized Off Route,1,1,-,7304
2014/09/10,45,7:45:00 PM,Wednesday,Kiplingh stn,Mechanical,2,11,n,7762
2014/09/10,95,7:46:00 PM,Wednesday,Parkwood Village and Victoria Park,Mechanical,14,28,e/b,1145
2014/09/10,41,7:47:00 PM,Wednesday,Old  Weston rd / Rockwell ave,Investigation,8,16,n,1627
2014/09/10,84,7:55:00 PM,Wednesday,Sheppard Station,Mechanical,10,20,W,1222
2014/09/10,7,8:00:00 PM,Wednesday,SCARSCADDEN / BATHURST,Diversion,7,77,SB,9048
2014/09/10,160,8:00:00 PM,Wednesday,HORSHAM / BATHURST,Diversion,21,91,SB,8331
2014/09/10,199,8:05:00 PM,Wednesday,Invergordan and McCowan,Investigation,7,14,n/b,7068
2014/09/10,68,8:14:00 PM,Wednesday,Warden Station,Mechanical,10,20,NB,7569
2014/09/10,53,8:15:00 PM,Wednesday,Passmore & Markham,Mechanical,5,10,W,7108
2014/09/10,95,8:15:00 PM,Wednesday,Kingston Loop Cul - De - Sac,Late Leaving Garage,14,28,w/b,1780
2014/09/10,68,8:20:00 PM,Wednesday,Warden and Lawrence,Diversion,22,32,SB,
2014/09/10,25,8:21:00 PM,Wednesday,York Mills and Don Mills,Investigation,10,20,NB,7636
2014/09/10,95,8:25:00 PM,Wednesday,Donmills and Yorkmills,Diversion,20,27,e/b,1102
2014/09/10,90,8:30:00 PM,Wednesday,St.clair west station,Utilized Off Route,12,24,nb,8162
2014/09/10,196,8:32:00 PM,Wednesday,downsview station,Mechanical,3,6,n,9422
2014/09/10,63,8:33:00 PM,Wednesday,Ossington Stn,Utilized Off Route,6,13,N/B,1054
2014/09/10,196,8:33:00 PM,Wednesday,downsview station,Mechanical,3,6,n,9434
2014/09/10,196,8:34:00 PM,Wednesday,Sheppard Station,Mechanical,9,18,w,9414
2014/09/10,36,8:38:00 PM,Wednesday,finch and albion,Diversion,396,406,b/w,1352
2014/09/10,36,8:38:00 PM,Wednesday,finch and albion,Emergency Services,5,10,s/b,1352
2014/09/10,53,8:43:00 PM,Wednesday,Steeles & Maxome,Mechanical,20,40,E,7113
2014/09/10,84,8:55:00 PM,Wednesday,rivalda,Mechanical,10,20,e/b,1238
2014/09/10,38,9:10:00 PM,Wednesday,U of T loop,Mechanical,10,20,W,1120
2014/09/10,191,9:35:00 PM,Wednesday,steeles martingrove loop,Mechanical,15,30,s/b,7929
2014/09/10,196,9:50:00 PM,Wednesday,downsview Station,Mechanical,3,6,E,9424
2014/09/10,25,10:00:00 PM,Wednesday,25 Don Mills Route,General Delay,10,21,BW,
2014/09/10,89,10:00:00 PM,Wednesday,Entire Route,General Delay,9,21,B/W,
2014/09/10,34,10:37:00 PM,Wednesday,Eglinton Station,Mechanical,14,24,EB,7633
2014/09/11,1,12:16:00 AM,Thursday,finch station,Investigation,3,6,n,7636
2014/09/11,320,4:30:00 AM,Thursday,steeles and cactus,Investigation,4,8,e/b,8203
2014/09/11,96,4:45:00 AM,Thursday,Arrow garage,Late Leaving Garage,1,1,-,7217
2014/09/11,52,4:48:00 AM,Thursday,lawrence and duffrine,Late Leaving Garage,12,0,w/b,1567
2014/09/11,54,4:50:00 AM,Thursday,Moringside Lawrence,Mechanical,7,7,wb,7556
2014/09/11,36,4:51:00 AM,Thursday,Arrow garage,Late Leaving Garage,1,1,-,7930
2014/09/11,47,4:51:00 AM,Thursday,Earls court at Lansdown,Late Leaving Garage,25,0,n/b,1683
2014/09/11,41,4:54:00 AM,Thursday,steels and Keele,Late Leaving Garage,10,18,s/b,1645
2014/09/11,95,5:00:00 AM,Thursday,Kingston Road loop,Late Leaving Garage,10,20,,1759
2014/09/11,96,5:00:00 AM,Thursday,Carrier loop,Late Leaving Garage,30,30,w,7217
2014/09/11,51,5:10:00 AM,Thursday,Eglinton stn,Late Leaving Garage,20,40,n/b,8389
2014/09/11,43,5:19:00 AM,Thursday,kennedy and passmore,Late Leaving Garage,20,40,s,7591
2014/09/11,25,5:20:00 AM,Thursday,Pape Stn,Mechanical,9,15,NB,7492
2014/09/11,311,5:28:00 AM,Thursday,Islington and Steeles,Mechanical,30,30,NB,1384
2014/09/11,45,5:30:00 AM,Thursday,KIPLING STATION,Mechanical,28,38,n,8041
2014/09/11,20,5:33:00 AM,Thursday,Park st./Claremore,Investigation,12,23,w/b,7848
2014/09/11,129,5:37:00 AM,Thursday,McCowan and Commander,Mechanical,28,0,n,1122
2014/09/11,72,5:37:00 AM,Thursday,Pape Station,Mechanical,10,20,SB,7844
2014/09/11,320,5:39:00 AM,Thursday,Steeles Loop,Mechanical,15,30,NB,8213
2014/09/11,39,5:43:00 AM,Thursday,Finch/Baldoon,Mechanical,6,12,WB,7128
2014/09/11,35,5:45:00 AM,Thursday,Jane Station,Late Leaving Garage,10,20,N,1227
2014/09/11,131,5:48:00 AM,Thursday,Morningview trail and Morningside,Mechanical,9,18,s,1799
2014/09/11,90,5:55:00 AM,Thursday,St.Clair west sn,Mechanical,5,10,n/b,8338
2014/09/11,199,5:57:00 AM,Thursday,Scarborough Town Center,Mechanical,3,6,WB,7030
2014/09/11,38,5:57:00 AM,Thursday,Rouge Hill GO,Late Leaving Garage,15,30,W,1394
2014/09/11,39,5:59:00 AM,Thursday,Finch Station,Mechanical,3,6,EB,7013
2014/09/11,85,6:01:00 AM,Thursday,Don Mills station,Mechanical,4,8,E,1794
2014/09/11,51,6:03:00 AM,Thursday,Eglinton stn,Late Leaving Garage,14,20,n/b,8386
2014/09/11,199,6:05:00 AM,Thursday,Finch/Leslie,Mechanical,3,6,WB,7030
2014/09/11,25,6:05:00 AM,Thursday,Pape Stn,Mechanical,4,8,NB,7433
2014/09/11,34,6:05:00 AM,Thursday,eglinton station,Mechanical,4,8,w,7560
2014/09/11,131,6:09:00 AM,Thursday,Morningside and McCLevin,Mechanical,17,24,s,1403
2014/09/11,37,6:10:00 AM,Thursday,Islington Station,Late Leaving Garage,6,12,s,7921
2014/09/11,320,6:10:00 AM,Thursday,Sheppard Stn,Investigation,30,45,w,8334
2014/09/11,165,6:10:00 AM,Thursday,Yorkmills Station,Mechanical,4,10,WB,7247
2014/09/11,60,6:11:00 AM,Thursday,Signal Hills at Steeles w,Mechanical,12,26,E,1751
2014/09/11,11,6:13:00 AM,Thursday,Steeles and Bayview,Investigation,16,26,s/b,8203
2014/09/11,53,6:14:00 AM,Thursday,Passmore and Markham Rd,Late Leaving Garage,4,6,wb,7105
2014/09/11,7,6:14:00 AM,Thursday,Bathurst and Wilson,Late Leaving Garage,9,18,s/b,9014
2014/09/11,109,6:15:00 AM,Thursday,Law. West stn,Late Leaving Garage,15,30,s/b,8174
2014/09/11,36,6:18:00 AM,Thursday,Arrow Rd,Mechanical,4,8,,
2014/09/11,108,6:19:00 AM,Thursday,DRIFTWOOD AVE @ STONG COURT,Investigation,15,30,S,1261
2014/09/11,96,6:20:00 AM,Thursday,Woodbine Downs,Late Leaving Garage,18,36,s,7228
2014/09/11,34,6:21:00 AM,Thursday,Eglinton Stn,Mechanical,4,8,EB,7415
2014/09/11,96,6:21:00 AM,Thursday,Yormills station,Late Leaving Garage,18,36,s,7221
2014/09/11,32,6:21:00 AM,Thursday,Sky mark,Mechanical,5,10,eb,1235
2014/09/11,106,6:25:00 AM,Thursday,Downsview stn,Late Leaving Garage,5,10,n/b,9449
2014/09/11,47,6:25:00 AM,Thursday,Yorkdale Station,Investigation,18,36,s,1032
2014/09/11,84,6:28:00 AM,Thursday,Finch/Arrow,Late Leaving Garage,12,31,W,1353
2014/09/11,86,6:30:00 AM,Thursday,Kennedy station,Mechanical,5,10,E,7505
2014/09/11,41,6:30:00 AM,Thursday,Commerce,Late Leaving Garage,15,30,s/b,1249
2014/09/11,32,6:31:00 AM,Thursday,Emmit,Mechanical,10,20,e/b,1626
2014/09/11,94,6:32:00 AM,Thursday,Queenspark to Welleslley,Diversion,1,1,e,1590
2014/09/11,32,6:32:00 AM,Thursday,Martin groveand Eglinton,Mechanical,5,10,w/b,1643
2014/09/11,76,6:33:00 AM,Thursday,Mimico and Lakeshore,Mechanical,5,8,nb,8030
2014/09/11,78,6:35:00 AM,Thursday,York Mills Stn,Late Leaving Garage,20,30,WB,1815
2014/09/11,95,6:36:00 AM,Thursday,Scarborough college,Late Leaving Garage,9,18,E/B,1148
2014/09/11,191,6:37:00 AM,Thursday,Highway Route,Mechanical,10,20,B/w,
2014/09/11,46,6:38:00 AM,Thursday,Martin Grove loop,Mechanical,10,20,s,1353
2014/09/11,89,6:38:00 AM,Thursday,keele stn,Mechanical,5,10,n/b,1667
2014/09/11,115,6:40:00 AM,Thursday,York Mills Stn,Late Leaving Garage,20,40,EB,8153
2014/09/11,90,6:40:00 AM,Thursday,St.Clair west stn,Mechanical,5,10,n/b,8219
2014/09/11,199,6:42:00 AM,Thursday,STC Stn,Utilized Off Route,3,5,w,7065
2014/09/11,122,6:43:00 AM,Thursday,York Mills Stn,Late Leaving Garage,10,20,EB,8373
2014/09/11,108,6:44:00 AM,Thursday,Driftwood at Jane st,Mechanical,8,15,S,1334
2014/09/11,95,6:45:00 AM,Thursday,U of T loop,Late Leaving Garage,9,18,w,1083
2014/09/11,37,6:46:00 AM,Thursday,Islington Stn.,Mechanical,6,12,N,7231
2014/09/11,196,6:47:00 AM,Thursday,Common,Late Leaving Garage,4,8,s,9424
2014/09/11,68,6:47:00 AM,Thursday,Warden Station,Mechanical,4,8,wb,7461
2014/09/11,95,6:47:00 AM,Thursday,Kingston Rd Loop,Late Leaving Garage,7,14,w,1133
2014/09/11,169,6:47:00 AM,Thursday,Don Mills Stn,Mechanical,20,40,e,8363
2014/09/11,125,6:49:00 AM,Thursday,Antibies and Bathurst,Late Leaving Garage,7,14,e/b,8185
2014/09/11,96,6:49:00 AM,Thursday,Woodbine Downs,Late Leaving Garage,18,36,w,1545
2014/09/11,35,6:50:00 AM,Thursday,Jane Station,Late Leaving Garage,10,20,N,1279
2014/09/11,53,6:51:00 AM,Thursday,Markham Rd-Passmore,Late Leaving Garage,9,18,wb,9070
2014/09/11,60,6:51:00 AM,Thursday,Steeles w at Dufferin st,Diversion,164,19,E,1202
2014/09/11,42,6:52:00 AM,Thursday,Finch stn,Late Leaving Garage,10,20,e/b,1826
2014/09/11,75,6:53:00 AM,Thursday,Jarvis and Queen Quays,Late Leaving Garage,8,16,n/b,1820
2014/09/11,125,6:55:00 AM,Thursday,Antibies and Bathurst,Late Leaving Garage,11,22,e/b,8379
2014/09/11,36,6:57:00 AM,Thursday,Milvan and Finch,Mechanical,3,13,WB,7944
2014/09/11,68,7:00:00 AM,Thursday,Warden stn,Mechanical,4,8,nb,7457
2014/09/11,124,7:00:00 AM,Thursday,Sunnybrook route,General Delay,8,17,b/w,
2014/09/11,41,7:00:00 AM,Thursday,entire route,General Delay,8,25,b/w,
2014/09/11,105,7:00:00 AM,Thursday,Dufferin North Route,General Delay,27,39,b/w,
2014/09/11,78,7:00:00 AM,Thursday,York Mills Stn,Mechanical,10,20,EB,8331
2014/09/11,88,7:00:00 AM,Thursday,St Clair Stn,Late Leaving Garage,6,12,EB,8200
2014/09/11,199,7:01:00 AM,Thursday,Scarborough Town Center,Mechanical,3,6,WB,7005
2014/09/11,60,7:02:00 AM,Thursday,Finch Stn.,Mechanical,7,14,W,7956
2014/09/11,196,7:02:00 AM,Thursday,Downsview Stn,Late Leaving Garage,9,14,n,9411
2014/09/11,36,7:03:00 AM,Thursday,Finch Station,Mechanical,2,4,EB,7903
2014/09/11,196,7:03:00 AM,Thursday,Common,Late Leaving Garage,4,8,s,8176
2014/09/11,139,7:07:00 AM,Thursday,Finch/Baldoon,Mechanical,20,40,WB,7002
2014/09/11,196,7:09:00 AM,Thursday,Downsview Stn,Late Leaving Garage,2,4,n,8310
2014/09/11,134,7:09:00 AM,Thursday,STC SRT,Late Leaving Garage,6,12,eb,1097
2014/09/11,165,7:10:00 AM,Thursday,Ashberry & Weston,Mechanical,6,12,WB,1336
2014/09/11,60,7:12:00 AM,Thursday,Signal Hill at steeles w,Mechanical,7,14,E,1292
2014/09/11,36,7:12:00 AM,Thursday,Finch Station,Mechanical,4,8,EB,
2014/09/11,95,7:12:00 AM,Thursday,U of T loop,Late Leaving Garage,9,18,w,1763
2014/09/11,196,7:13:00 AM,Thursday,Downsview Stn,Mechanical,2,4,n,8345
2014/09/11,84,7:15:00 AM,Thursday,Sheppard Station,Late Leaving Garage,17,34,W,1301
2014/09/11,45,7:17:00 AM,Thursday,KIPLING STATION,Mechanical,7,12,n,7300
2014/09/11,100,7:20:00 AM,Thursday,Don Mills Eglinton ave,Utilized Off Route,4,8,sb,7612
2014/09/11,191,7:23:00 AM,Thursday,Martin Grove,Mechanical,10,20,s,7954
2014/09/11,95,7:23:00 AM,Thursday,York mills @ Victoria Park,Emergency Services,7,14,E/B,1116
2014/09/11,195,7:23:00 AM,Thursday,Jane/Steeles,Late Leaving Garage,10,20,S,1706
2014/09/11,90,7:24:00 AM,Thursday,St.Clair west stn,Mechanical,5,10,n/b,8186
2014/09/11,17,7:24:00 AM,Thursday,Warden Station,Mechanical,7,14,SB,7711
2014/09/11,144,7:25:00 AM,Thursday,Concord Place,Mechanical,1,1,sb,7612
2014/09/11,33,7:30:00 AM,Thursday,Castlefield to St.Clair west,General Delay,15,31,b/w,
2014/09/11,82,7:30:00 AM,Thursday,Rosedale stn to Summerhill,General Delay,20,30,b/w,
2014/09/11,160,7:30:00 AM,Thursday,Clark to Wilson stn,General Delay,40,60,b/w,
2014/09/11,7,7:30:00 AM,Thursday,Steeles to Barhurst stn,General Delay,30,39,b/w,
2014/09/11,82,7:30:00 AM,Thursday,Roasedale stn,Mechanical,20,30,e/b,1818
2014/09/11,11,7:30:00 AM,Thursday,Bayview and Broadway,General Delay,20,40,b/w,
2014/09/11,84,7:30:00 AM,Thursday,Jane/Sheppard,Mechanical,17,34,E,1204
2014/09/11,109,7:30:00 AM,Thursday,Neptune to Eglinton west stn,General Delay,20,32,b/w,
2014/09/11,124,7:30:00 AM,Thursday,Lawrence stn to Sunnybrook,General Delay,20,35,b/w,
2014/09/11,35,7:30:00 AM,Thursday,Jane Station,Mechanical,10,20,N,1339
2014/09/11,86,7:30:00 AM,Thursday,Scarborough Route,General Delay,12,0,B/W,
2014/09/11,116,7:31:00 AM,Thursday,Kennedy station,Utilized Off Route,22,44,e,7576
2014/09/11,196,7:31:00 AM,Thursday,Downsview Stn,Late Leaving Garage,2,4,n,8375
2014/09/11,90,7:32:00 AM,Thursday,St.Clair west stn,Mechanical,5,10,n/b,8338
2014/09/11,108,7:35:00 AM,Thursday,Keele St @ St Regis,Mechanical,7,13,W,1251
2014/09/11,32,7:36:00 AM,Thursday,Eglinton stn.,Mechanical,5,10,e/b,1677
2014/09/11,86,7:37:00 AM,Thursday,kennedy station,Utilized Off Route,17,34,e,7578
2014/09/11,95,7:40:00 AM,Thursday,Scarborough college,Mechanical,9,18,W/B,1131
2014/09/11,196,7:45:00 AM,Thursday,Common,Mechanical,2,4,s,9438
2014/09/11,75,7:47:00 AM,Thursday,Sherbourne and Bloor,Utilized Off Route,8,16,s/b,1822
2014/09/11,47,7:48:00 AM,Thursday,Lansdowne and Wallace,Mechanical,18,36,n,1664
2014/09/11,64,7:50:00 AM,Thursday,Queen,Utilized Off Route,10,20,NB,8102
2014/09/11,85,7:50:00 AM,Thursday,Don Mills station to Rouge Hill GO,General Delay,20,12,B/W,
2014/09/11,29,8:00:00 AM,Thursday,Wilson Stn to Princes Gates,General Delay,10,14,BWS,
2014/09/11,70,8:00:00 AM,Thursday,Oconorr st Clair to Coxwell stn,General Delay,12,27,bw,
2014/09/11,116,8:00:00 AM,Thursday,Morningside Route,General Delay,10,0,B/W,
2014/09/11,162,8:00:00 AM,Thursday,Lawrence stn to Donway,General Delay,25,50,b/w,
2014/09/11,165,8:00:00 AM,Thursday,Weston Rd N,General Delay,1,1,SB,
2014/09/11,36,8:00:00 AM,Thursday,Finch Ave W,General Delay,1,1,NB,
2014/09/11,103,8:00:00 AM,Thursday,Eglinton stn to Doncliff loop,General Delay,15,30,b/w,
2014/09/11,57,8:00:00 AM,Thursday,Midland route,General Delay,12,1,B/W,
2014/09/11,5,8:00:00 AM,Thursday,Eglinton stn to Elm ave,General Delay,25,50,b/w,
2014/09/11,45,8:00:00 AM,Thursday,ENTIRE ROUTE,General Delay,10,1,B/W,
2014/09/11,24,8:00:00 AM,Thursday,VICTORIA PARK ROUTE,General Delay,5,0,BW,
2014/09/11,95,8:00:00 AM,Thursday,Between Don Mills and York Mills stn,General Delay,10,0,B/W,1772
2014/09/11,39,8:03:00 AM,Thursday,Finch/Brimley,Mechanical,15,30,WB,7106
2014/09/11,22,8:03:00 AM,Thursday,Coxwell Station,Mechanical,8,16,WB,7878
2014/09/11,116,8:04:00 AM,Thursday,eglinton at gilder,Investigation,12,24,w,7676
2014/09/11,165,8:09:00 AM,Thursday,Yorkmills Station,Mechanical,11,17,WB,1360
2014/09/11,81,8:15:00 AM,Thursday,Pape Station,Mechanical,10,20,SB,7737
2014/09/11,95,8:18:00 AM,Thursday,Ellesmere @ Midland,Mechanical,9,18,E/B,1083
2014/09/11,32,8:23:00 AM,Thursday,westside mall at Eglinton,Mechanical,10,20,e/b,1406
2014/09/11,23,8:25:00 AM,Thursday,Main Station,Utilized Off Route,5,10,WB,7743
2014/09/11,46,8:26:00 AM,Thursday,Martin Grove loop,Mechanical,10,20,s,1381
2014/09/11,24,8:35:00 AM,Thursday,VP STN,Mechanical,6,12,E,7714
2014/09/11,165,8:36:00 AM,Thursday,Barmac and Weston Rd,Mechanical,6,17,NB,1388
2014/09/11,81,8:37:00 AM,Thursday,Pape Station,Mechanical,10,20,SB,7761
2014/09/11,35,8:40:00 AM,Thursday,Jane/Ardagh,Mechanical,10,20,N,1279
2014/09/11,53,8:41:00 AM,Thursday,Steeles Av-Midland,Mechanical,3,6,wb,7011
2014/09/11,87,8:56:00 AM,Thursday,BROADVIEW STATION,Mechanical,10,20,E,8117
2014/09/11,29,9:10:00 AM,Thursday,Wilson Stn,Late Leaving Garage,4,8,SB,9030
2014/09/11,35,9:15:00 AM,Thursday,Jane/Shoreham,Late Leaving Garage,21,40,N,1384
2014/09/11,32,9:40:00 AM,Thursday,Eglinton and Duffrine,Investigation,5,10,e/b,1643
2014/09/11,53,10:07:00 AM,Thursday,Steeles Av-Warden,Investigation,5,11,wb,7123
2014/09/11,196,10:24:00 AM,Thursday,Downsview stn.,Utilized Off Route,2,6,n,1808
2014/09/11,196,10:29:00 AM,Thursday,Downsview stn,Utilized Off Route,4,8,n,8365
2014/09/11,165,10:37:00 AM,Thursday,Yorkmills Station,Mechanical,9,18,SB,1360
2014/09/11,87,10:58:00 AM,Thursday,Main Station,Utilized Off Route,12,24,W,7815
2014/09/11,25,11:00:00 AM,Thursday,Pape Station,Utilized Off Route,6,12,NB,7516
2014/09/11,67,11:17:00 AM,Thursday,Victoria Park Station,Investigation,12,24,nb,7548
2014/09/11,11,11:53:00 AM,Thursday,Davisville stn,Utilized Off Route,11,21,n/b,1829
2014/09/11,52,12:03:00 PM,Thursday,Avenue rd and Lawrence,Investigation,4,8,e,1602
2014/09/11,86,12:05:00 PM,Thursday,Meadowvale and Kingston Rd,Mechanical,10,20,E,7598
2014/09/11,70,12:06:00 PM,Thursday,Pharmacy Craigton,Mechanical,18,36,eb,7643
2014/09/11,196,12:08:00 PM,Thursday,Downsview stn,Mechanical,4,6,n,8180
2014/09/11,5,12:30:00 PM,Thursday,Eglinton Station,Mechanical,30,60,sb,8337
2014/09/11,5,12:30:00 PM,Thursday,Eglinton Station to Elm/Queens Park Crescent,General Delay,20,1,bw,
2014/09/11,41,12:30:00 PM,Thursday,Entire route,General Delay,15,30,b;/w,
2014/09/11,11,12:30:00 PM,Thursday,Steeles to Davisville Station,General Delay,20,1,bw,
2014/09/11,96,12:40:00 PM,Thursday,Weston Road,Mechanical,18,36,w,1350
2014/09/11,95,12:52:00 PM,Thursday,York Mills and Parkwood Village,Utilized Off Route,7,14,11,1769
2014/09/11,103,12:55:00 PM,Thursday,Mt Pleasant at Lawrence,Investigation,20,40,nb,8318
2014/09/11,106,12:55:00 PM,Thursday,Downsview stn,Mechanical,10,20,n,9444
2014/09/11,11,12:56:00 PM,Thursday,Davisville Station,Utilized Off Route,11,21,eb/nb,8378
2014/09/11,29,1:00:00 PM,Thursday,Dufferin route,General Delay,30,60,B,
2014/09/11,6,1:00:00 PM,Thursday,queens quay and lower jarvis,Mechanical,10,20,e/b,1502
2014/09/11,29,1:00:00 PM,Thursday,Dufferin route,General Delay,20,40,B,
2014/09/11,26,1:00:00 PM,Thursday,St. George Station to Jane Station,General Delay,10,30,B/W,
2014/09/11,168,2:00:00 PM,Thursday,Dundas West Station to Avon Loop,General Delay,10,18,B/W,
2014/09/11,63,2:00:00 PM,Thursday,Ossignton route,General Delay,15,25,B/W,
2014/09/11,11,2:11:00 PM,Thursday,Bayview at Lawrence,Mechanical,10,21,nb,8304
2014/09/11,75,2:20:00 PM,Thursday,Bloor / Sherbourne,Diversion,7,34,SB,8181
2014/09/11,85,2:23:00 PM,Thursday,Donmills Station,Late Leaving Garage,7,9,East,9068
2014/09/11,41,2:29:00 PM,Thursday,York University,Late Leaving Garage,16,32,s,1661
2014/09/11,96,2:30:00 PM,Thursday,wilson ave - wilson stn to yorkmill stn,General Delay,18,36,bw,
2014/09/11,45,2:30:00 PM,Thursday,Entire route,General Delay,0,0,n,
2014/09/11,191,2:30:00 PM,Thursday,finch - 27 to martingrove,General Delay,18,24,bw,
2014/09/11,192,2:30:00 PM,Thursday,Hwy 427,General Delay,0,0,n,
2014/09/11,72,2:37:00 PM,Thursday,pape Stn,Mechanical,10,20,S/B,8150
2014/09/11,199,2:41:00 PM,Thursday,Scarborough Town Centre,Mechanical,4,9,E/B,7070
2014/09/11,52,2:41:00 PM,Thursday,Lawrence stn,Mechanical,11,17,w,1678
2014/09/11,165,2:42:00 PM,Thursday,Finch Av,Late Leaving Garage,5,10,N,1732
2014/09/11,7,2:43:00 PM,Thursday,bathurst / wilson,Late Leaving Garage,9,13,NB,9047
2014/09/11,25,2:43:00 PM,Thursday,Don Mills and Freshmeadow,Late Leaving Garage,4,8,S,7491
2014/09/11,96,2:45:00 PM,Thursday,wilson at dubray,Late Leaving Garage,5,10,w,7221
2014/09/11,88,2:47:00 PM,Thursday,StClair Stn,Mechanical,7,15,e,8361
2014/09/11,196,2:50:00 PM,Thursday,Sheppard stn,Mechanical,8,16,w,9424
2014/09/11,90,2:53:00 PM,Thursday,Duncan Shop,Late Leaving Garage,5,5,NB,8357
2014/09/11,107,2:54:00 PM,Thursday,Downsview stn,Mechanical,11,24,n,9411
2014/09/11,57,3:00:00 PM,Thursday,Midland Route,General Delay,15,1,B/W,
2014/09/11,107,3:00:00 PM,Thursday,Downsview stn to Teston RD.,General Delay,8,15,b/w,
2014/09/11,59,3:00:00 PM,Thursday,Entire 59 Maple Leaf Route,General Delay,10,20,B/W,
2014/09/11,196,3:00:00 PM,Thursday,Downsview stn/York Uni,General Delay,9,17,B/W,
2014/09/11,32,3:00:00 PM,Thursday,Keele to Yonge St,General Delay,12,12,B,
2014/09/11,59,3:00:00 PM,Thursday,Arrow Garage,Mechanical,1,1,W,1554
2014/09/11,124,3:00:00 PM,Thursday,Sunnybrooke,General Delay,8,17,,
2014/09/11,35,3:00:00 PM,Thursday,Entire 35 Jane Route,General Delay,12,24,B/W,
2014/09/11,195,3:00:00 PM,Thursday,Entire 195 Jane Rocket,General Delay,10,20,B/W,
2014/09/11,26,3:02:00 PM,Thursday,St. George Station,Late Leaving Garage,14,28,W,7340
2014/09/11,15,3:06:00 PM,Thursday,Sherway Gardens Mall,Investigation,1,22,E,8021
2014/09/11,36,3:07:00 PM,Thursday,Finch Stn,Late Leaving Garage,5,10,w,1237
2014/09/11,89,3:07:00 PM,Thursday,Albion / Weston rd,Late Leaving Garage,7,14,s,1510
2014/09/11,196,3:10:00 PM,Thursday,Sheppard stn,Mechanical,6,12,w,9427
2014/09/11,195,3:11:00 PM,Thursday,Jane Station,Mechanical,10,20,N,7951
2014/09/11,61,3:18:00 PM,Thursday,Eglinton Station,Late Leaving Garage,12,24,nb,8201
2014/09/11,63,3:20:00 PM,Thursday,Eglinton West station,Mechanical,9,18,S,1618
2014/09/11,37,3:22:00 PM,Thursday,Islington Loop,Late Leaving Garage,8,16,S,1297
2014/09/11,79,3:28:00 PM,Thursday,Scarlett and Lawrence,Investigation,12,24,S/B,1658
2014/09/11,53,3:29:00 PM,Thursday,Passmore & Markham,Mechanical,17,30,W,9079
2014/09/11,6,3:30:00 PM,Thursday,Bay Route,General Delay,15,20,B/W,
2014/09/11,35,3:30:00 PM,Thursday,Jane St and Milo Park,Mechanical,7,14,S,7921
2014/09/11,70,3:30:00 PM,Thursday,70 Oconnor Route,General Delay,20,35,BW,
2014/09/11,24,3:30:00 PM,Thursday,Route 24 Vic Park,General Delay,5,1,b/w,
2014/09/11,165,3:32:00 PM,Thursday,Finch St,Mechanical,5,10,S,7219
2014/09/11,60,3:33:00 PM,Thursday,Signal Hill to Finch Stn,Mechanical,0,0,E,1280
2014/09/11,60,3:34:00 PM,Thursday,Finch Stn,Late Leaving Garage,15,31,W,7956
2014/09/11,7,3:35:00 PM,Thursday,Bathurst / Wilson,Late Leaving Garage,5,13,NB,9049
2014/09/11,60,3:38:00 PM,Thursday,Kipling/Steeles,Late Leaving Garage,16,31,E,1243
2014/09/11,165,3:39:00 PM,Thursday,Yormills Stn,Mechanical,5,10,N,7201
2014/09/11,133,3:40:00 PM,Thursday,Centenary Hospital Loop,Mechanical,7,14,W,1069
2014/09/11,84,3:40:00 PM,Thursday,Rivalda & Sheppard,Late Leaving Garage,7,14,E,1504
2014/09/11,20,3:40:00 PM,Thursday,Route 20 Cliffside,General Delay,5,1,b/w,
2014/09/11,112,3:43:00 PM,Thursday,Burnhamthorpe and Eastmall,Mechanical,15,30,n,7301
2014/09/11,96,3:44:00 PM,Thursday,woodbine downs,Mechanical,18,36,e,7232
2014/09/11,16,3:45:00 PM,Thursday,Warden Station,Mechanical,7,14,SB,8117
2014/09/11,60,3:50:00 PM,Thursday,Finch Stn,Late Leaving Garage,7,14,W,7910
2014/09/11,124,3:51:00 PM,Thursday,Lwarence stn,Late Leaving Garage,6,12,E,8313
2014/09/11,36,3:52:00 PM,Thursday,Humberwood loop,Late Leaving Garage,5,10,e,1559
2014/09/11,39,3:54:00 PM,Thursday,Finch Stn,Mechanical,5,15,W/B,7119
2014/09/11,36,3:55:00 PM,Thursday,Finch Stn,Late Leaving Garage,5,10,W,1286
2014/09/11,69,4:00:00 PM,Thursday,Warden South,General Delay,15,1,B/W,
2014/09/11,47,4:00:00 PM,Thursday,Lansdowne route,General Delay,20,30,B/W,
2014/09/11,165,4:00:00 PM,Thursday,Yorkmills to all branches,General Delay,5,10,BW,1
2014/09/11,162,4:00:00 PM,Thursday,Lawrence Donway,General Delay,20,40,B/w,
2014/09/11,60,4:00:00 PM,Thursday,Finch Stn-Signal Hill,General Delay,20,15,BW,
2014/09/11,70,4:00:00 PM,Thursday,70 O Connor Route,General Delay,10,19,,
2014/09/11,88,4:00:00 PM,Thursday,Wicksteed and Brentcliff,Diversion,120,134,E,
2014/09/11,196,4:01:00 PM,Thursday,Downsview stn,Mechanical,11,22,n,8193
2014/09/11,60,4:09:00 PM,Thursday,Kipling/Steeles,Mechanical,7,21,E,1382
2014/09/11,71,4:10:00 PM,Thursday,MtDennis Garage,Mechanical,22,44,N,1639
2014/09/11,102,4:11:00 PM,Thursday,Warden Station,Mechanical,10,20,NB,8128
2014/09/11,53,4:14:00 PM,Thursday,Steeles & Waggoners Wells,Investigation,5,10,E,7007
2014/09/11,61,4:15:00 PM,Thursday,Bombay Loop to Eglinton Station,General Delay,10,1,bw,
2014/09/11,35,4:24:00 PM,Thursday,Heathrow and Jane,Investigation,5,10,S,1380
2014/09/11,75,4:30:00 PM,Thursday,Bloor / Sherbourne,Utilized Off Route,7,14,NB,1815
2014/09/11,53,4:30:00 PM,Thursday,Finch Stnto Staines,General Delay,10,15,B/W,
2014/09/11,113,4:30:00 PM,Thursday,Route 113 Danforth rd.,General Delay,5,1,b/w,
2014/09/11,29,4:30:00 PM,Thursday,CNE grounds,Diversion,156,161,S,9018
2014/09/11,8,4:30:00 PM,Thursday,Route 8 Broadview,General Delay,10,1,b/w,
2014/09/11,10,4:34:00 PM,Thursday,Brian Dr.,Mechanical,15,30,n,9432
2014/09/11,96,4:45:00 PM,Thursday,woodbine downs at carrier,Mechanical,18,36,e,7202
2014/09/11,68,5:00:00 PM,Thursday,Eglinton and Warden Ave.,General Delay,12,24,bqw,0
2014/09/11,86,5:00:00 PM,Thursday,Meadowvale Loop,General Delay,5,15,S,
2014/09/11,68,5:11:00 PM,Thursday,McNicoll and Warden Ave.,Investigation,12,24,sb,7663
2014/09/11,70,5:15:00 PM,Thursday,Victoria Park & Craighton,Mechanical,15,30,EB,7680
2014/09/11,196,5:17:00 PM,Thursday,Commons,Mechanical,2,4,n,1822
2014/09/11,87,5:23:00 PM,Thursday,Broadview Stn,Utilized Off Route,6,12,E/b,7879
2014/09/11,11,5:24:00 PM,Thursday,Davisville at Acacia,Mechanical,24,36,eb/wb,8180
2014/09/11,199,5:30:00 PM,Thursday,Finch Stn to Scarborough Town Centre,General Delay,15,10,B/W,
2014/09/11,39,5:30:00 PM,Thursday,Finch Stn to Old Finch and Morningview Trail,General Delay,15,10,B/W,
2014/09/11,165,5:30:00 PM,Thursday,Finch,Mechanical,5,10,N,7949
2014/09/11,142,5:30:00 PM,Thursday,Bombay Loop to Church and Richmond,General Delay,20,1,bw,
2014/09/11,95,5:32:00 PM,Thursday,York Mills Rd-Leslie St.,Mechanical,9,18,wb,1717
2014/09/11,23,5:33:00 PM,Thursday,Main Station,Mechanical,8,16,S,7777
2014/09/11,63,5:35:00 PM,Thursday,King at Crawford,Mechanical,9,18,E,1520
2014/09/11,36,5:40:00 PM,Thursday,Weston Rd,Mechanical,5,10,E,1361
2014/09/11,196,5:41:00 PM,Thursday,Downsview stn,Mechanical,4,8,n,9447
2014/09/11,191,5:50:00 PM,Thursday,kipling stn,Mechanical,6,12,n,7908
2014/09/11,54,5:53:00 PM,Thursday,Eglinton STN,Mechanical,10,20,EB,7463
2014/09/11,72,5:55:00 PM,Thursday,Pape,Mechanical,10,20,S/B,7714
2014/09/11,25,6:05:00 PM,Thursday,Duncan Mill and Don Mills,Mechanical,4,8,SB,7671
2014/09/11,84,6:13:00 PM,Thursday,Sheppard Station,Mechanical,7,14,W,1248
2014/09/11,25,6:15:00 PM,Thursday,Pape STN,Utilized Off Route,7,13,NB,7505
2014/09/11,123,6:18:00 PM,Thursday,Sherway and evans,Investigation,16,31,n,8044
2014/09/11,29,6:21:00 PM,Thursday,Dufferin at lawrence,Investigation,7,15,S,9003
2014/09/11,123,6:22:00 PM,Thursday,Evans Av and Browns Lline,Emergency Services,17,38,S,8044
2014/09/11,52,6:34:00 PM,Thursday,Martin grove & Westway,Mechanical,14,28,e,1609
2014/09/11,29,6:40:00 PM,Thursday,Dufferin at Rowan,Mechanical,5,10,N,8195
2014/09/11,60,6:45:00 PM,Thursday,Finch Stn,Utilized Off Route,7,14,W,1335
2014/09/11,195,7:06:00 PM,Thursday,Jane and Shoreham,Mechanical,10,20,N,1285
2014/09/11,85,7:10:00 PM,Thursday,Sheppard Ave East and Yorkland,Mechanical,9,18,East,9086
2014/09/11,134,7:13:00 PM,Thursday,Centennial College,Mechanical,12,24,W,9069
2014/09/11,168,7:14:00 PM,Thursday,Symington at Davenport,Investigation,6,12,N,7348
2014/09/11,46,7:15:00 PM,Thursday,Lloyd Manor & Firwood,Mechanical,7,14,S,1288
2014/09/11,95,7:21:00 PM,Thursday,Kingston Rd loop,Mechanical,14,28,wb,1400
2014/09/11,35,7:31:00 PM,Thursday,Heathrow and Jane St,Investigation,5,10,S,1259
2014/09/11,6,7:32:00 PM,Thursday,Davenport at Bay,Utilized Off Route,1,1,N,1611
2014/09/11,100,7:34:00 PM,Thursday,Broadview Station,Utilized Off Route,4,8,NB,7600
2014/09/11,100,7:34:00 PM,Thursday,Broadview Station,Utilized Off Route,4,8,NB,7564
2014/09/11,6,7:38:00 PM,Thursday,Bay at Dundas,Utilized Off Route,10,20,N,1226
2014/09/11,54,7:57:00 PM,Thursday,Warden Station,Investigation,1,1,NB,7629
2014/09/11,29,7:59:00 PM,Thursday,Dufferin at wilson,Investigation,5,10,N,9008
2014/09/11,52,8:00:00 PM,Thursday,Lawrence w route 52,General Delay,15,30,BW,
2014/09/11,195,8:03:00 PM,Thursday,York U and Commons,Mechanical,10,20,S,1233
2014/09/11,29,8:08:00 PM,Thursday,Springhurst loop,Mechanical,5,10,N,9049
2014/09/11,192,8:11:00 PM,Thursday,Dixon at Jetliner,Diversion,391,400,N,8010
2014/09/11,191,8:22:00 PM,Thursday,martingrove at albion,Mechanical,9,18,n,7954
2014/09/11,2,8:40:00 PM,Thursday,Eglinton w stn& Eglinton ave w,Diversion,20,25,W,
2014/09/11,54,8:43:00 PM,Thursday,Barrymore & Lawrence,Mechanical,16,32,EB,7669
2014/09/11,38,8:46:00 PM,Thursday,Lawson and PortUninon,Mechanical,10,20,East,1402
2014/09/11,195,8:50:00 PM,Thursday,jane and emmett,Investigation,10,20,s/b,1358
2014/09/11,30,8:56:00 PM,Thursday,Dundas - Mabelle - Cordova,Diversion,271,301,BW,7963
2014/09/11,2,8:57:00 PM,Thursday,Kingston and Lawson,Investigation,10,20,WB,7633
2014/09/11,25,9:31:00 PM,Thursday,Wynford Drive and Don Mills Road,Mechanical,5,10,N,7524
2014/09/11,51,10:00:00 PM,Thursday,Leslie Stn.,Mechanical,30,60,n,8191
2014/09/11,25,10:06:00 PM,Thursday,Pape Station,Mechanical,10,20,WB,7605
2014/09/11,113,10:08:00 PM,Thursday,Kennedy and Merrian,Investigation,24,48,s,8143
2014/09/11,102,10:20:00 PM,Thursday,Warden station,Utilized Off Route,20,40,n,7777
2014/09/11,124,10:20:00 PM,Thursday,Lawrence station,Mechanical,10,20,E,8381
2014/09/11,198,10:39:00 PM,Thursday,Eglinton and Bellamy,Investigation,15,30,WB,7518
2014/09/11,168,10:42:00 PM,Thursday,Dundas West Station,Mechanical,12,24,N,8031
2014/09/11,168,11:03:00 PM,Thursday,Bloor at Dundas,Investigation,12,24,S,7312
2014/09/11,198,11:22:00 PM,Thursday,Eglinton and Cedar,Mechanical,10,10,WB,7489
2014/09/11,32,11:48:00 PM,Thursday,Eglinton w & Chiltern hill,Mechanical,6,12,E,1547
2014/09/11,47,11:55:00 PM,Thursday,Earlscourt loop,Investigation,10,20,S,1041
2014/09/12,95,12:03:00 AM,Friday,York Mills Stn,Mechanical,10,20,e/b,1074
2014/09/12,1,12:05:00 AM,Friday,Lawrence Station,Investigation,3,6,n,1784
2014/09/12,66,12:30:00 AM,Friday,Old Mill Station,Investigation,30,60,S,8078
2014/09/12,52,12:40:00 AM,Friday,Dixon&islington,Investigation,21,42,E,1596
2014/09/12,37,12:50:00 AM,Friday,islington and bergmount,Investigation,20,40,n/b,1282
2014/09/12,24,1:20:00 AM,Friday,Victoria Park and 401,General Delay,15,20,n/s,
2014/09/12,191,1:30:00 AM,Friday,martingrove and garfello,Mechanical,15,30,n/b,7954
2014/09/12,54,4:55:00 AM,Friday,starspray,Utilized Off Route,8,16,w,7461
2014/09/12,39,5:10:00 AM,Friday,Neilson and Crowtrail,Late Leaving Garage,5,10,wb,7123
2014/09/12,37,5:18:00 AM,Friday,Islington Stn.,Late Leaving Garage,8,12,N,1523
2014/09/12,6,5:28:00 AM,Friday,Bedford Rd and Dupont St,Late Leaving Garage,14,34,s,1573
2014/09/12,29,5:29:00 AM,Friday,Wilson Stn,Mechanical,7,14,SB,9049
2014/09/12,98,5:32:00 AM,Friday,Goulding and Cactus,Late Leaving Garage,4,1,SB,8318
2014/09/12,64,5:35:00 AM,Friday,Main Station,Late Leaving Garage,10,20,E,8131
2014/09/12,30,5:36:00 AM,Friday,DUNDAS & MARBELE,Diversion,40,60,B/W,8047
2014/09/12,47,5:39:00 AM,Friday,Queen st,Mechanical,0,18,n,1656
2014/09/12,79,5:40:00 AM,Friday,Pine,Late Leaving Garage,20,36,s,1632
2014/09/12,85,5:44:00 AM,Friday,Sheppard and Meadowvale,Diversion,176,184,E,1147
2014/09/12,133,5:48:00 AM,Friday,Morningside and Staines,Mechanical,6,15,s,1786
2014/09/12,43,5:50:00 AM,Friday,Eglinton Garage,Late Leaving Garage,7,1,NB,7562
2014/09/12,129,5:55:00 AM,Friday,McCowan and 14 th Ave,Mechanical,22,0,s,1119
2014/09/12,35,5:55:00 AM,Friday,Jane Station,Late Leaving Garage,10,20,N,1227
2014/09/12,129,5:56:00 AM,Friday,McCowan and Steeles,Late Leaving Garage,4,8,s,1786
2014/09/12,165,5:56:00 AM,Friday,Yorkmills Station,Mechanical,7,20,WB,7202
2014/09/12,106,5:57:00 AM,Friday,Wilson Stn,Late Leaving Garage,10,20,NB,9432
2014/09/12,104,6:03:00 AM,Friday,Wilson stn,Late Leaving Garage,14,28,n/b,8165
2014/09/12,53,6:05:00 AM,Friday,Passmore and Markham,Mechanical,4,9,w,7124
2014/09/12,70,6:09:00 AM,Friday,coxwell station,Late Leaving Garage,6,13,e,7498
2014/09/12,43,6:10:00 AM,Friday,Scarborough Town Centre,Mechanical,17,34,S,7562
2014/09/12,41,6:14:00 AM,Friday,Keele stn,Late Leaving Garage,15,30,n,1022
2014/09/12,60,6:15:00 AM,Friday,Signet,Late Leaving Garage,2,5,E,1355
2014/09/12,68,6:15:00 AM,Friday,warden stn,Late Leaving Garage,22,43,e,7597
2014/09/12,85,6:15:00 AM,Friday,Meadowvale loop,Late Leaving Garage,3,7,W,1087
2014/09/12,116,6:17:00 AM,Friday,Kennedy station,Mechanical,22,0,E,7601
2014/09/12,60,6:17:00 AM,Friday,Signet and Steeles,Late Leaving Garage,4,8,E,1355
2014/09/12,107,6:18:00 AM,Friday,Downsview Stn,Late Leaving Garage,15,22,NB,8352
2014/09/12,96,6:25:00 AM,Friday,YKMS,Late Leaving Garage,21,42,W,7928
2014/09/12,37,6:26:00 AM,Friday,Finch and Islington,Late Leaving Garage,4,8,S,1327
2014/09/12,42,6:28:00 AM,Friday,Kennnedy loop,Late Leaving Garage,12,24,w/b,8362
2014/09/12,36,6:29:00 AM,Friday,Finch Station,Mechanical,4,8,EB,7228
2014/09/12,53,6:29:00 AM,Friday,Finch Station,Mechanical,3,14,e,9087
2014/09/12,51,6:31:00 AM,Friday,Eglinton stn,Late Leaving Garage,14,28,n/b,8166
2014/09/12,84,6:33:00 AM,Friday,Jane/Steeles,Late Leaving Garage,24,48,E,1301
2014/09/12,78,6:35:00 AM,Friday,Carluke and Fifeshire,Late Leaving Garage,20,25,WB,8322
2014/09/12,32,6:39:00 AM,Friday,Pine at Lawrence,Mechanical,5,10,eb,1250
2014/09/12,78,6:40:00 AM,Friday,York Mills Stn,Late Leaving Garage,10,20,EB,8377
2014/09/12,115,6:40:00 AM,Friday,York Mills Stn,Late Leaving Garage,20,26,EB,8315
2014/09/12,45,6:46:00 AM,Friday,KIPLING & STEELES,Mechanical,5,11,S,8012
2014/09/12,106,6:46:00 AM,Friday,Downsview station,Late Leaving Garage,7,14,n,9426
2014/09/12,165,6:47:00 AM,Friday,Yorkmills Station,Late Leaving Garage,47,90,WB,1232
2014/09/12,199,6:49:00 AM,Friday,STC SRT,Late Leaving Garage,3,6,wb,1114
2014/09/12,76,6:50:00 AM,Friday,GRAND AVE,Mechanical,30,60,s/b,7307
2014/09/12,53,6:52:00 AM,Friday,Passmore and Markham,Mechanical,5,10,w,7089
2014/09/12,42,6:53:00 AM,Friday,Cummer and Bayview,Mechanical,5,15,e,8180
2014/09/12,76,6:55:00 AM,Friday,ROYAL YORK AT NORESMAN,Utilized Off Route,5,10,s/b,8024
2014/09/12,102,6:56:00 AM,Friday,Warden Station,Mechanical,11,22,NB,7803
2014/09/12,190,6:57:00 AM,Friday,Don Mills station,Late Leaving Garage,1,1,E,1788
2014/09/12,190,7:00:00 AM,Friday,Sheppard and Consumers rd,Mechanical,6,11,E,1788
2014/09/12,60,7:06:00 AM,Friday,Finch Station,Mechanical,13,26,W,
2014/09/12,36,7:08:00 AM,Friday,Finch Station,Mechanical,12,22,EB,
2014/09/12,36,7:08:00 AM,Friday,Finch Station,Late Leaving Garage,4,8,EB,1377
2014/09/12,60,7:12:00 AM,Friday,Signal Hill,Late Leaving Garage,7,14,E,7232
2014/09/12,60,7:14:00 AM,Friday,Finch Station,Late Leaving Garage,7,14,W,7249
2014/09/12,199,7:16:00 AM,Friday,Finch Av-Warden Av,Mechanical,3,6,wb,1114
2014/09/12,96,7:17:00 AM,Friday,WBDW,Late Leaving Garage,18,36,S,1339
2014/09/12,73,7:18:00 AM,Friday,LA ROSE,Investigation,15,30,s/b,7313
2014/09/12,108,7:18:00 AM,Friday,Downsview Station,Late Leaving Garage,13,26,W,7929
2014/09/12,196,7:18:00 AM,Friday,Sheppard station,Late Leaving Garage,6,12,W,1827
2014/09/12,75,7:29:00 AM,Friday,Sherbourne at Bloor,Mechanical,6,12,b/w,1822
2014/09/12,86,7:30:00 AM,Friday,Scarborough Route,General Delay,10,0,B/W,
2014/09/12,109,7:30:00 AM,Friday,Neptune to Eglinton west stn,General Delay,20,32,b/w,
2014/09/12,33,7:30:00 AM,Friday,Castlefield to St.Clair west stn,General Delay,15,31,b/w,
2014/09/12,160,7:30:00 AM,Friday,Wilson to Clark,General Delay,15,35,b/w,
2014/09/12,7,7:30:00 AM,Friday,Steeles to Bathurst stn,General Delay,15,24,b/w,
2014/09/12,191,7:31:00 AM,Friday,RC27,Mechanical,5,10,S,7900
2014/09/12,53,7:35:00 AM,Friday,Finch Station,Mechanical,4,9,e,7101
2014/09/12,6,7:37:00 AM,Friday,Queens Quay & Sherbourne,Mechanical,6,12,n,1607
2014/09/12,11,7:40:00 AM,Friday,Davisville stn,Late Leaving Garage,12,24,n/b,8306
2014/09/12,116,7:45:00 AM,Friday,Morningside Route,General Delay,8,0,B/W,
2014/09/12,60,7:47:00 AM,Friday,Signal Hill,Late Leaving Garage,7,14,E,1751
2014/09/12,64,7:48:00 AM,Friday,Queen and Wineva,Utilized Off Route,8,16,E,8137
2014/09/12,165,7:50:00 AM,Friday,Barmac and Steeles,Mechanical,11,21,WB,1230
2014/09/12,53,7:52:00 AM,Friday,Steeles and Ferrier,Investigation,5,8,e,1716
2014/09/12,75,7:59:00 AM,Friday,Sherbourne at Bloor,Utilized Off Route,6,12,s/b,8312
2014/09/12,25,8:00:00 AM,Friday,Overlea - Don Mills to Thorncliffe Park,General Delay,30,16,BW,
2014/09/12,165,8:00:00 AM,Friday,Weston Rd North,General Delay,1,1,EB,
2014/09/12,36,8:00:00 AM,Friday,Finch Ave W,General Delay,1,1,EB,
2014/09/12,89,8:00:00 AM,Friday,Weston rd / Ray,Mechanical,5,9,e,1659
2014/09/12,106,8:05:00 AM,Friday,Downview station,Mechanical,7,14,N,8361
2014/09/12,23,8:06:00 AM,Friday,Rexleigh and St. Clair,Utilized Off Route,10,20,E,7784
2014/09/12,199,8:10:00 AM,Friday,Fionch Av-Kennedy Rd,Mechanical,3,5,eb,1114
2014/09/12,95,8:10:00 AM,Friday,York Mills Station,Mechanical,4,8,EB,1821
2014/09/12,133,8:13:00 AM,Friday,Neilson n of ellesmere,Emergency Services,14,23,s,1103
2014/09/12,25,8:14:00 AM,Friday,@ Goodview,Mechanical,3,6,SB,7469
2014/09/12,133,8:15:00 AM,Friday,Neilson n of Ellesmere,Emergency Services,5,14,N,1724
2014/09/12,129,8:19:00 AM,Friday,STC Station,Mechanical,12,35,n,1110
2014/09/12,85,8:20:00 AM,Friday,Don Mills station to Rouge Hill GO,General Delay,15,12,E,
2014/09/12,133,8:22:00 AM,Friday,Neilson and Sheppard,Diversion,5,22,s,1121
2014/09/12,29,8:23:00 AM,Friday,Wilson Stn,Mechanical,7,14,SB,9052
2014/09/12,95,8:30:00 AM,Friday,Entire Route,General Delay,10,0,BW,
2014/09/12,51,8:30:00 AM,Friday,Freshmedow to Eglinton stn,General Delay,15,30,s/b,
2014/09/12,53,8:44:00 AM,Friday,Morningside and Staines,Emergency Services,14,26,w,9077
2014/09/12,5,8:45:00 AM,Friday,Eglinton stn to Elm ave,General Delay,15,30,b/w,
2014/09/12,25,8:45:00 AM,Friday,Barber Greene,Mechanical,3,6,SB,7501
2014/09/12,11,8:58:00 AM,Friday,Davisville stn,Utilized Off Route,12,24,n/b,8336
2014/09/12,89,9:05:00 AM,Friday,Weston rd / Wilby cr,Investigation,5,9,s,1049
2014/09/12,130,9:07:00 AM,Friday,McNicoll and Maybrook,Mechanical,15,36,NB,1755
2014/09/12,71,9:10:00 AM,Friday,Runnymede and Bloor,Diversion,15,39,bw,1036
2014/09/12,29,9:10:00 AM,Friday,Wilson Stn,Late Leaving Garage,4,8,SB,9027
2014/09/12,35,9:15:00 AM,Friday,Jane/Shoreham,Late Leaving Garage,21,40,N,1292
2014/09/12,196,9:33:00 AM,Friday,Downsview station,Utilized Off Route,4,6,N,1818
2014/09/12,129,9:35:00 AM,Friday,STC,Mechanical,6,12,n,1079
2014/09/12,90,9:44:00 AM,Friday,St.Clair west stn,Mechanical,8,16,n/b,8185
2014/09/12,45,9:50:00 AM,Friday,KIPLING & WESTHUMBER,Mechanical,7,14,S,7300
2014/09/12,133,9:50:00 AM,Friday,STC Stan,Mechanical,10,20,n,1103
2014/09/12,60,9:52:00 AM,Friday,Keele Street,Mechanical,10,20,E,1246
2014/09/12,53,10:02:00 AM,Friday,Steeles and Bayview,Emergency Services,6,11,w,1756
2014/09/12,29,10:21:00 AM,Friday,Dufferin south of Wilson,Investigation,4,8,SB,9017
2014/09/12,129,10:23:00 AM,Friday,STC Stn,Mechanical,6,12,n,1786
2014/09/12,32,10:43:00 AM,Friday,Pine at Lawrence,Mechanical,13,26,e/b,1604
2014/09/12,41,11:00:00 AM,Friday,Entire route,General Delay,15,25,B/W,
2014/09/12,54,11:09:00 AM,Friday,warden and lawrence,Mechanical,12,24,e,7451
2014/09/12,196,11:24:00 AM,Friday,Downsview stn,Mechanical,2,4,n,1818
2014/09/12,30,11:33:00 AM,Friday,High Park/Bloor,Diversion,30,60,e/b,8062
2014/09/12,41,11:35:00 AM,Friday,Keele / Lawrence west,Mechanical,7,14,n,1605
2014/09/12,45,12:00:00 PM,Friday,Enitire Kipling Route,General Delay,20,40,b/w,8042
2014/09/12,26,12:00:00 PM,Friday,Entire Dupont Route,General Delay,20,40,b/w,8097
2014/09/12,29,12:18:00 PM,Friday,Wilson Stn,Mechanical,4,8,SB,9009
2014/09/12,5,12:30:00 PM,Friday,Eglinton Station to Elm/Queens Park,General Delay,20,1,bw,
2014/09/12,61,12:30:00 PM,Friday,Bombay loop,Mechanical,15,30,s/b,1817
2014/09/12,45,12:38:00 PM,Friday,Kipling Stn,Mechanical,9,18,n/b,8040
2014/09/12,52,1:00:00 PM,Friday,52-Lawrence west route,General Delay,15,12,b/w,
2014/09/12,45,1:00:00 PM,Friday,Entire Route,General Delay,25,30,b/w,
2014/09/12,60,1:05:00 PM,Friday,Yonge s/o Steeles,Mechanical,0,0,E,7935
2014/09/12,168,1:06:00 PM,Friday,Dundas W. Stn,Mechanical,8,17,n/b,7311
2014/09/12,36,1:15:00 PM,Friday,Weston Rd,Mechanical,5,10,e,1232
2014/09/12,198,1:18:00 PM,Friday,U of T loop,Mechanical,1,1,W,7538
2014/09/12,22,1:28:00 PM,Friday,Coxwell Station,Mechanical,8,16,S,7759
2014/09/12,53,1:28:00 PM,Friday,Steeles/McCowan,Mechanical,5,10,WB,7089
2014/09/12,67,1:30:00 PM,Friday,Victoria Park STN,Mechanical,12,24,NB,7515
2014/09/12,24,1:40:00 PM,Friday,Route 24 Vic Park,General Delay,5,1,b/w,
2014/09/12,6,1:40:00 PM,Friday,Queens Quay and Dockside,Mechanical,10,20,n/b,1648
2014/09/12,97,1:55:00 PM,Friday,York Mills Stn,Late Leaving Garage,1,30,s,8168
2014/09/12,47,2:00:00 PM,Friday,Entire route,General Delay,10,20,b/w,
2014/09/12,53,2:00:00 PM,Friday,Finch Station- PAMK/MOFI,General Delay,25,33,B/W's,
2014/09/12,26,2:00:00 PM,Friday,Entire Dupont Route,General Delay,25,50,b/w,8072
2014/09/12,116,2:00:00 PM,Friday,Kennedy Stn - Nighstar,General Delay,5,15,BW,
2014/09/12,79,2:00:00 PM,Friday,Entire route,General Delay,10,20,b/w,
2014/09/12,86,2:00:00 PM,Friday,Kennedy Stn - Zoo,General Delay,5,15,BW,
2014/09/12,168,2:00:00 PM,Friday,Entire Symington Route,General Delay,10,20,b/w,8031
2014/09/12,168,2:00:00 PM,Friday,Entire Symington Route,General Delay,20,40,b/w,8055
2014/09/12,87,2:18:00 PM,Friday,Broadview Station,Late Leaving Garage,6,12,WB,7760
2014/09/12,12,2:27:00 PM,Friday,Neil McNeil School,Late Leaving Garage,9,18,N/B,7734
2014/09/12,191,2:30:00 PM,Friday,finch ave - 27 to martingrove,General Delay,20,28,bw,
2014/09/12,68,2:30:00 PM,Friday,68 Warden Route,General Delay,17,23,BW,
2014/09/12,57,2:30:00 PM,Friday,Midland Route,General Delay,15,1,B/w,
2014/09/12,96,2:30:00 PM,Friday,wilson - dufferin to yorkmills stn,General Delay,20,38,bw,
2014/09/12,57,2:30:00 PM,Friday,Midland & McNicoll,Late Leaving Garage,14,28,S/B,7876
2014/09/12,113,2:30:00 PM,Friday,Route 113 Danforth,General Delay,8,1,b/w,
2014/09/12,60,2:39:00 PM,Friday,Finch Stn,Emergency Services,6,13,W,7930
2014/09/12,65,2:41:00 PM,Friday,CastleFrank Station,Late Leaving Garage,10,20,SB,7785
2014/09/12,139,2:44:00 PM,Friday,Baldoon and Finch,Late Leaving Garage,20,40,EB,7011
2014/09/12,117,2:45:00 PM,Friday,Steeles,Late Leaving Garage,16,30,s,8186
2014/09/12,96,2:46:00 PM,Friday,wilson at weston,Mechanical,18,36,e,1305
2014/09/12,73,2:47:00 PM,Friday,Royal York Stn,Mechanical,20,40,n/b,8043
2014/09/12,37,2:48:00 PM,Friday,Islington and the Westway,Late Leaving Garage,4,16,N,1328
2014/09/12,50,2:54:00 PM,Friday,Burnhamthorpe/Mill Rd,Late Leaving Garage,14,27,e/b,8066
2014/09/12,117,3:00:00 PM,Friday,Downsview stn to Steeles,General Delay,6,12,b/w,
2014/09/12,97,3:00:00 PM,Friday,Yonge at Berwick,Mechanical,30,60,S,8381
2014/09/12,35,3:00:00 PM,Friday,Jane Station,Late Leaving Garage,5,10,N,1333
2014/09/12,97,3:00:00 PM,Friday,Yonge st,General Delay,15,30,b/w,
2014/09/12,72,3:00:00 PM,Friday,Pape Route,General Delay,15,1,B/w,
2014/09/12,95,3:00:00 PM,Friday,Entire Route,General Delay,18,21,B/W,
2014/09/12,106,3:00:00 PM,Friday,Downsview stn to York U,General Delay,6,12,b/w,
2014/09/12,69,3:00:00 PM,Friday,69 Warden South,General Delay,10,1,B/w,
2014/09/12,196,3:00:00 PM,Friday,Sheppard stn to York University,General Delay,7,12,b/w,
2014/09/12,67,3:00:00 PM,Friday,67 Pharmacy Route,General Delay,10,20,BW,
2014/09/12,12,3:00:00 PM,Friday,Kingston Road route,General Delay,15,1,B/w,
2014/09/12,60,3:00:00 PM,Friday,Finch Stn to Signal Hill,General Delay,25,15,BW,
2014/09/12,107,3:00:00 PM,Friday,Downsview stn to Teston rd.,General Delay,8,15,B/W,
2014/09/12,161,3:00:00 PM,Friday,Entire route,General Delay,10,20,b/w,
2014/09/12,26,3:02:00 PM,Friday,St. George Stn,Late Leaving Garage,14,28,w/b,8079
2014/09/12,42,3:03:00 PM,Friday,Finch stn,Late Leaving Garage,12,24,E,8185
2014/09/12,60,3:07:00 PM,Friday,Kipling/Steeles,Late Leaving Garage,9,16,E,7249
2014/09/12,116,3:07:00 PM,Friday,Guildwood & Kingston,Mechanical,3,8,W,7425
2014/09/12,116,3:11:00 PM,Friday,Morningside & Nighstar,Utilized Off Route,6,12,E,7631
2014/09/12,98,3:12:00 PM,Friday,Sheppard and Yonge,Mechanical,30,60,E,8219
2014/09/12,37,3:12:00 PM,Friday,Steeles,Late Leaving Garage,8,16,S,7207
2014/09/12,131,3:15:00 PM,Friday,Kennedy stn,Late Leaving Garage,9,18,n,7054
2014/09/12,60,3:19:00 PM,Friday,Signal Hill,Late Leaving Garage,7,14,E,7219
2014/09/12,11,3:19:00 PM,Friday,Davisville Station,Utilized Off Route,12,24,eb/nb,8313
2014/09/12,106,3:23:00 PM,Friday,Downsview stn,Mechanical,8,16,n,9442
2014/09/12,37,3:25:00 PM,Friday,Bergamot and Islington,Diversion,45,61,W,1202
2014/09/12,52,3:25:00 PM,Friday,Lawrence West stn,Utilized Off Route,11,22,e/b,1684
2014/09/12,96,3:26:00 PM,Friday,woodbine downs,Late Leaving Garage,18,36,e,7234
2014/09/12,48,3:26:00 PM,Friday,Rathburn/Islington,Mechanical,30,60,w/b,7961
2014/09/12,109,3:28:00 PM,Friday,Lawrence Stn,Investigation,15,30,,8365
2014/09/12,52,3:30:00 PM,Friday,Lawrence West stn,Investigation,5,16,e/b,1025
2014/09/12,8,3:30:00 PM,Friday,Route 8 Broadview,General Delay,8,1,b/w,
2014/09/12,51,3:30:00 PM,Friday,Eglinton Station,Late Leaving Garage,15,30,eb/nb,8188
2014/09/12,89,3:30:00 PM,Friday,Weston and Oak,General Delay,12,19,N/B,
2014/09/12,20,3:30:00 PM,Friday,Rouet 20 Cliffside,General Delay,5,1,b/w,
2014/09/12,21,3:30:00 PM,Friday,Brimley Route,General Delay,10,1,B/w,
2014/09/12,196,3:32:00 PM,Friday,Downsview stn,Utilized Off Route,2,4,n,8352
2014/09/12,60,3:33:00 PM,Friday,Signal Hill,Mechanical,0,0,E,1328
2014/09/12,86,3:36:00 PM,Friday,Kennedy Stn,Utilized Off Route,6,17,E,7668
2014/09/12,25,3:36:00 PM,Friday,Warden and Lebovic,Mechanical,4,8,N,7486
2014/09/12,37,3:36:00 PM,Friday,Steeles,Late Leaving Garage,8,16,S,1384
2014/09/12,196,3:36:00 PM,Friday,Downsview stn,Utilized Off Route,4,8,W,8395
2014/09/12,59,3:37:00 PM,Friday,Lawrence West Station,Late Leaving Garage,12,24,W,1284
2014/09/12,60,3:38:00 PM,Friday,Kipling/Steeles,Late Leaving Garage,16,31,E,1280
2014/09/12,165,3:39:00 PM,Friday,Yorkmills Stn,Late Leaving Garage,5,10,N,7223
2014/09/12,84,3:40:00 PM,Friday,Rivalda and Sheppard,Late Leaving Garage,7,20,W,1504
2014/09/12,25,3:42:00 PM,Friday,Don Mills and Duncan Mills,Mechanical,3,6,S,7657
2014/09/12,73,3:43:00 PM,Friday,Weston Rd/Walsh,Mechanical,13,26,n/b,8098
2014/09/12,96,3:44:00 PM,Friday,woodbine downs,Late Leaving Garage,18,36,e,7941
2014/09/12,95,3:45:00 PM,Friday,Scarborough College Loop,Mechanical,12,24,w/b,1115
2014/09/12,36,3:47:00 PM,Friday,Finch Stn,Late Leaving Garage,5,10,W,1210
2014/09/12,11,3:48:00 PM,Friday,Davisville Station,Late Leaving Garage,6,12,eb,8360
2014/09/12,36,3:53:00 PM,Friday,Humberwood Loop,Late Leaving Garage,4,8,E,1386
2014/09/12,24,3:56:00 PM,Friday,Victoria Park stn.,Mechanical,30,60,s/b,8127
2014/09/12,95,3:57:00 PM,Friday,Yorkmills Station,Utilized Off Route,9,18,e/b,1106
2014/09/12,81,4:00:00 PM,Friday,Thorncliffe Route,General Delay,10,1,B/w,
2014/09/12,22,4:00:00 PM,Friday,Coxwell route,General Delay,8,16,B/W,7725
2014/09/12,88,4:00:00 PM,Friday,Wicksteed and Brentcliffe rd,Diversion,120,134,E,
2014/09/12,165,4:00:00 PM,Friday,Yorkmills To all branches,General Delay,5,10,BW,1
2014/09/12,91,4:00:00 PM,Friday,Woodbine route,General Delay,45,90,B/W,7691
2014/09/12,61,4:00:00 PM,Friday,Bombay Loop to Eglinton Station,General Delay,12,1,bw,
2014/09/12,36,4:00:00 PM,Friday,Finch Stn to allbranches,General Delay,5,10,BW,1
2014/09/12,172,4:00:00 PM,Friday,172 Cherry Street,General Delay,15,1,B/w,
2014/09/12,120,4:00:00 PM,Friday,Wilson Stn,General Delay,22,44,BW,1
2014/09/12,63,4:00:00 PM,Friday,Rogers Rd to Davenport/Oakwood,General Delay,20,0,b/w,
2014/09/12,15,4:00:00 PM,Friday,Royal York Stn,Mechanical,30,60,w/b,7961
2014/09/12,23,4:00:00 PM,Friday,Dawes rd route,General Delay,15,30,B/W,7735
2014/09/12,143,4:01:00 PM,Friday,143 Beach Express,General Delay,10,1,E/b,
2014/09/12,167,4:02:00 PM,Friday,Don Mills stn.,Mechanical,10,25,s/b,7837
2014/09/12,41,4:03:00 PM,Friday,York university,Utilized Off Route,16,32,S/B,1605
2014/09/12,199,4:03:00 PM,Friday,Scarborough Town Center,Utilized Off Route,4,8,w/b,7120
2014/09/12,132,4:12:00 PM,Friday,Scarborough Town Center,Mechanical,12,24,e/b,1729
2014/09/12,36,4:12:00 PM,Friday,Finch Stn,Late Leaving Garage,4,8,W,1209
2014/09/12,96,4:15:00 PM,Friday,weston at walsh,Investigation,35,55,w,1379
2014/09/12,51,4:18:00 PM,Friday,Leslie Station,Investigation,15,30,sb,1811
2014/09/12,199,4:32:00 PM,Friday,Finch and Heathview,Investigation,4,8,EB,1800
2014/09/12,41,4:43:00 PM,Friday,York university,Utilized Off Route,18,36,S/B,1629
2014/09/12,52,4:45:00 PM,Friday,Bathurst & Lawrence,Utilized Off Route,11,22,w/b,1684
2014/09/12,123,4:45:00 PM,Friday,Shorncliffe/Dundas,Mechanical,20,40,n/b,7976
2014/09/12,35,4:45:00 PM,Friday,Jane Station,Diversion,1,1,B,0
2014/09/12,116,4:53:00 PM,Friday,Ellesmere & Morrish,Investigation,16,39,S,7647
2014/09/12,142,5:00:00 PM,Friday,Bombay Loop to Church and Richmond,General Delay,12,1,bw,
2014/09/12,35,5:00:00 PM,Friday,Jane Station,Diversion,1,1,B,0
2014/09/12,39,5:00:00 PM,Friday,Entire Route,General Delay,10,0,BW,
2014/09/12,195,5:00:00 PM,Friday,Jane Station,Diversion,1,1,N,0
2014/09/12,199,5:00:00 PM,Friday,Entire Route,General Delay,10,0,BW,
2014/09/12,117,5:10:00 PM,Friday,Downsview stn,Mechanical,12,24,n,8391
2014/09/12,52,5:32:00 PM,Friday,Lawrence west stn,Mechanical,11,17,e/b,1032
2014/09/12,116,5:41:00 PM,Friday,Kennedy Stn,Mechanical,6,12,E,7631
2014/09/12,51,5:45:00 PM,Friday,York Mills to Steeles,General Delay,20,1,bw,
2014/09/12,95,5:45:00 PM,Friday,Scaborough College Loop,Mechanical,12,24,w/b,1115
2014/09/12,87,5:47:00 PM,Friday,Broadview Stn,Utilized Off Route,6,12,N/b,7849
2014/09/12,76,5:50:00 PM,Friday,Royal York Stn,Mechanical,5,10,s/b,8032
2014/09/12,85,5:53:00 PM,Friday,Sheppard Ave East and Meadovale,Investigation,9,18,West,1796
2014/09/12,73,5:54:00 PM,Friday,Weston Rd/Oak St,Investigation,20,40,s/b,8061
2014/09/12,21,6:00:00 PM,Friday,Brimley & Pitfield,Mechanical,9,18,N/b,7801
2014/09/12,36,6:00:00 PM,Friday,Elana,Mechanical,3,6,Eb,7236
2014/09/12,161,6:14:00 PM,Friday,Humber and Weston,Emergency Services,10,21,W/B,1663
2014/09/12,54,6:18:00 PM,Friday,lawrence at Victoria Park,Investigation,10,20,WB,7520
2014/09/12,100,6:24:00 PM,Friday,Wynford Drive and Don Mills road,Mechanical,4,8,EB,7639
2014/09/12,100,6:28:00 PM,Friday,Don Mills and wynfoird,Mechanical,4,8,NB,7854
2014/09/12,46,6:32:00 PM,Friday,Martingrove and Finch,Investigation,10,20,S,1232
2014/09/12,46,6:38:00 PM,Friday,Martingrove and Finch,Diversion,62,75,N,1751
2014/09/12,26,6:40:00 PM,Friday,Jane/Bloor,Diversion,186,212,e/b,8079
2014/09/12,36,6:49:00 PM,Friday,Elana,Utilized Off Route,3,6,E,7236
2014/09/12,162,6:52:00 PM,Friday,The Bridal Path,Mechanical,30,30,N/W,8375
2014/09/12,47,6:52:00 PM,Friday,Caledonia and Kitchener,Mechanical,14,27,N/B,1639
2014/09/12,47,6:55:00 PM,Friday,Caledonia and Kitchener,Utilized Off Route,27,53,N/B,1595
2014/09/12,54,7:08:00 PM,Friday,Lawrence and Donway East,Mechanical,10,20,WB,7407
2014/09/12,25,7:20:00 PM,Friday,Occonnor and Pape,Investigation,1,1,NB,7608
2014/09/12,25,7:54:00 PM,Friday,Don Mills and York Mills,Mechanical,4,8,SB,7650
2014/09/12,21,8:53:00 PM,Friday,Brimley and Elgar,Investigation,11,22,n/b,8125
2014/09/12,6,9:00:00 PM,Friday,Bay and Richmond,Diversion,283,307,B/W,1602
2014/09/12,96,9:00:00 PM,Friday,wilson and clayson,Mechanical,21,42,n/b,1348
2014/09/12,110,9:06:00 PM,Friday,long branch loop,Mechanical,21,42,n/b,7335
2014/09/12,32,9:40:00 PM,Friday,Eglinton and Keele,Mechanical,9,18,E/B,1665
2014/09/12,7,9:41:00 PM,Friday,Bathurst St & Glencairn Ave,Investigation,11,23,N,9057
2014/09/12,72,9:58:00 PM,Friday,Pape and Danforth,Mechanical,12,22,s/b,7859
2014/09/12,89,10:00:00 PM,Friday,Entire Route,General Delay,8,20,B/W,
2014/09/12,83,10:21:00 PM,Friday,Jones and Boultbee,Mechanical,24,48,s/b,7742
2014/09/12,52,10:38:00 PM,Friday,Lawrence Stn,Utilized Off Route,1,1,W/B,1622
2014/09/12,6,10:45:00 PM,Friday,Entire Route,General Delay,9,33,B/W,
2014/09/12,102,11:57:00 PM,Friday,Kingston and Harewood Ave,Mechanical,5,10,w/b,7757
2014/09/13,36,1:08:00 AM,Saturday,Finch & Weston,Mechanical,15,30,E,7942
2014/09/13,54,1:10:00 AM,Saturday,Lawrence RT,Investigation,10,20,WB,7677
2014/09/13,165,1:25:00 AM,Saturday,wilson and dufferin,Mechanical,13,26,n/b,1346
2014/09/13,300,1:30:00 AM,Saturday,Bloor St W and Jane ST,Diversion,255,265,BW,8029
2014/09/13,116,1:46:00 AM,Saturday,Kingston and Eglinton,Emergency Services,10,20,WB,7502
2014/09/13,300,2:00:00 AM,Saturday,Bloor St W  and Jane St,General Delay,20,1,BW,8113
2014/09/13,801,2:35:00 AM,Saturday,225 Markham Rd,Utilized Off Route,1,1,,8183
2014/09/13,810,2:36:00 AM,Saturday,225 Markham Rd,Utilized Off Route,1,1,,7675
2014/09/13,810,2:36:00 AM,Saturday,225 Markham Rd,Utilized Off Route,1,1,,7649
2014/09/13,807,2:37:00 AM,Saturday,225 Markham Rd,Utilized Off Route,1,1,,9067
2014/09/13,807,2:37:00 AM,Saturday,225 Markham Rd,Utilized Off Route,1,1,,1747
2014/09/13,311,3:15:00 AM,Saturday,islington dixion,Mechanical,30,60,n/b,1301
2014/09/13,806,3:19:00 AM,Saturday,225 Markham Rd,Utilized Off Route,1,1,,8108
2014/09/13,312,3:20:00 AM,Saturday,jane stn,Mechanical,30,60,n/b,1263
2014/09/13,320,3:33:00 AM,Saturday,225 Markham Rd,Utilized Off Route,1,1,,8348
2014/09/13,321,3:33:00 AM,Saturday,Ellesmere Rd. and Neilson Rd,Investigation,30,60,W,1715
2014/09/13,312,3:50:00 AM,Saturday,s/b jane and dundas,Investigation,30,60,n/b,1258
2014/09/13,35,4:25:00 AM,Saturday,Jane Station,Diversion,515,523,N,1545
2014/09/13,89,5:30:00 AM,Saturday,keele Station,Mechanical,15,40,n,1558
2014/09/13,47,5:38:00 AM,Saturday,Yorkdale station,Late Leaving Garage,9,18,s,1674
2014/09/13,26,5:40:00 AM,Saturday,JANE AND BLOOR,Diversion,990,999,w/b,8032
2014/09/13,116,5:40:00 AM,Saturday,kennedy station,Mechanical,20,0,e,7656
2014/09/13,160,5:51:00 AM,Saturday,Wilson station,Late Leaving Garage,36,90,N,8395
2014/09/13,35,5:54:00 AM,Saturday,Jane Station,Late Leaving Garage,8,16,N,1294
2014/09/13,86,6:00:00 AM,Saturday,kennedy station,Mechanical,5,10,e,7630
2014/09/13,61,6:05:00 AM,Saturday,Eglinton station,Late Leaving Garage,20,45,S,8353
2014/09/13,45,6:07:00 AM,Saturday,KIPLING STN,Mechanical,13,26,n/b,7957
2014/09/13,48,6:07:00 AM,Saturday,ROYAL YORK STN,Mechanical,11,0,n/b,7961
2014/09/13,115,6:10:00 AM,Saturday,Yorkmills station,Late Leaving Garage,30,30,E,1817
2014/09/13,35,6:12:00 AM,Saturday,Sheppard Avenue,Mechanical,8,16,S,7921
2014/09/13,165,6:17:00 AM,Saturday,York Mills Station,Late Leaving Garage,15,30,W,1384
2014/09/13,42,6:20:00 AM,Saturday,Finch station,Late Leaving Garage,20,40,N,9448
2014/09/13,107,6:27:00 AM,Saturday,Wilson station,Late Leaving Garage,33,63,N,8358
2014/09/13,108,6:30:00 AM,Saturday,Downs view Stn.,Late Leaving Garage,15,30,W,1281
2014/09/13,52,6:30:00 AM,Saturday,Westway and Royal york,Mechanical,24,28,E/B,1651
2014/09/13,126,6:40:00 AM,Saturday,Christie and Davenport,Diversion,82,112,N/B,1002
2014/09/13,126,6:40:00 AM,Saturday,Christie and St. Clair,General Delay,30,60,N/B,1002
2014/09/13,104,6:43:00 AM,Saturday,Wilson station,Late Leaving Garage,14,28,N,8369
2014/09/13,195,6:49:00 AM,Saturday,Jane and Steeles,Late Leaving Garage,10,20,N,1331
2014/09/13,195,7:00:00 AM,Saturday,Jane Station,Diversion,360,370,N,1349
2014/09/13,107,7:00:00 AM,Saturday,Downsview station,Late Leaving Garage,27,60,N,8348
2014/09/13,127,7:15:00 AM,Saturday,Davenport and Bathurst,Diversion,85,118,W/B,
2014/09/13,195,7:29:00 AM,Saturday,Steeles and Jane,Late Leaving Garage,10,20,S,1267
2014/09/13,84,7:33:00 AM,Saturday,Arrow Road on Sheppard,Mechanical,10,20,E,1274
2014/09/13,7,8:00:00 AM,Saturday,Bathurst and Davanport,General Delay,11,21,S,8350
2014/09/13,39,8:22:00 AM,Saturday,FINCH STATION,Mechanical,8,16,WB,1769
2014/09/13,36,8:27:00 AM,Saturday,FSTN,Mechanical,9,15,W,7930
2014/09/13,199,8:38:00 AM,Saturday,Scarborough Town Centre,Late Leaving Garage,8,16,WB,1071
2014/09/13,53,9:00:00 AM,Saturday,Entire Route,General Delay,15,0,BW,
2014/09/13,34,9:06:00 AM,Saturday,eglinton station,Mechanical,6,12,e,7430
2014/09/13,51,9:25:00 AM,Saturday,Leslie and Castlebury cres,Diversion,15,30,B/w,8181
2014/09/13,76,9:31:00 AM,Saturday,ROYAL YORK STN,Mechanical,9,17,s/b,7348
2014/09/13,30,9:35:00 AM,Saturday,QUEBEC AND GLENLAKE,Diversion,230,260,W/B,8062
2014/09/13,133,9:35:00 AM,Saturday,Scarborough Town Centre,Mechanical,10,20,NB,1133
2014/09/13,25,9:42:00 AM,Saturday,Paepe station,Mechanical,8,16,n,7424
2014/09/13,195,9:45:00 AM,Saturday,Sheppard Avenue,Mechanical,10,20,S,1340
2014/09/13,60,9:47:00 AM,Saturday,FSTN,Mechanical,6,11,W,1334
2014/09/13,63,9:50:00 AM,Saturday,EWST,Mechanical,7,13,s,1061
2014/09/13,43,9:55:00 AM,Saturday,kennedy station,Mechanical,14,28,e,7543
2014/09/13,79,10:00:00 AM,Saturday,Runnymede Station,Late Leaving Garage,20,0,n,1687
2014/09/13,774,10:00:00 AM,Saturday,Steeles & Jane,Late Leaving Garage,1,1,E,1326
2014/09/13,131,10:06:00 AM,Saturday,Scarborough Town Centre,Mechanical,18,36,EB,1777
2014/09/13,36,10:12:00 AM,Saturday,FSTN,Late Leaving Garage,7,13,E,7905
2014/09/13,29,10:12:00 AM,Saturday,Dufferin s of Cne Loop,Mechanical,6,12,n,9026
2014/09/13,25,10:15:00 AM,Saturday,pape stn,Mechanical,5,10,n,7511
2014/09/13,90,10:18:00 AM,Saturday,Oakwood and Vaughn,General Delay,8,16,N,8390
2014/09/13,85,10:19:00 AM,Saturday,Sheppard-McCowan,Mechanical,8,16,eb,1148
2014/09/13,199,10:28:00 AM,Saturday,Finch Station,Investigation,8,16,EB,1749
2014/09/13,32,10:45:00 AM,Saturday,Eglinton Ave W at Renforth Dr,Mechanical,10,20,e,1020
2014/09/13,60,11:00:00 AM,Saturday,Commons,Mechanical,11,22,E,1334
2014/09/13,116,11:13:00 AM,Saturday,Bellamy on Eglinton,Investigation,8,16,w,7656
2014/09/13,11,11:15:00 AM,Saturday,Davisville Station,Mechanical,11,22,n,8202
2014/09/13,165,11:20:00 AM,Saturday,Finch and Weston Road,Late Leaving Garage,11,22,N,1554
2014/09/13,89,11:24:00 AM,Saturday,Dundas St West and Keele,Investigation,9,18,s/b,1592
2014/09/13,35,11:28:00 AM,Saturday,Jane & Finch,Mechanical,10,20,N,7933
2014/09/13,32,11:32:00 AM,Saturday,Pine st at Lawrence Ave W,Mechanical,10,20,e,1500
2014/09/13,29,11:35:00 AM,Saturday,Dufferin and St Clair,Investigation,5,10,s,9033
2014/09/13,25,12:00:00 PM,Saturday,25 Donmills Route,General Delay,5,110,B/W,
2014/09/13,57,12:00:00 PM,Saturday,Midland route,General Delay,13,26,B/W,7849
2014/09/13,94,12:03:00 PM,Saturday,Ossington Station,Late Leaving Garage,12,18,e/b,1624
2014/09/13,70,12:13:00 PM,Saturday,craighton and pharmacy,Mechanical,22,44,s,7676
2014/09/13,191,12:21:00 PM,Saturday,,Mechanical,10,20,S,7934
2014/09/13,77,12:25:00 PM,Saturday,"On Kennedy, at Colbeck",Investigation,20,40,n,1049
2014/09/13,123,12:26:00 PM,Saturday,longbranch loop,Emergency Services,27,54,e/b,7975
2014/09/13,29,12:30:00 PM,Saturday,Dufferin and Sylvan,Investigation,2,4,s,9006
2014/09/13,169,12:36:00 PM,Saturday,Huntingwood and McCowan,Mechanical,30,60,e,8212
2014/09/13,132,12:38:00 PM,Saturday,McCowan & Milner,Mechanical,30,60,e,1791
2014/09/13,165,12:45:00 PM,Saturday,Steeles and Barmac,Mechanical,9,18,S,1347
2014/09/13,47,1:00:00 PM,Saturday,Yorkdale Station,General Delay,20,0,b/w,
2014/09/13,43,1:00:00 PM,Saturday,43 Kennedy Route,General Delay,14,28,B/W,
2014/09/13,77,1:00:00 PM,Saturday,77-Swansea route,General Delay,10,8,b/w,1049
2014/09/13,24,1:00:00 PM,Saturday,Route 24 Victoria park,General Delay,10,1,b/w,
2014/09/13,190,1:01:00 PM,Saturday,STC,Mechanical,8,17,W,1102
2014/09/13,199,1:11:00 PM,Saturday,STC,Utilized Off Route,7,14,W,1785
2014/09/13,127,1:30:00 PM,Saturday,St Clair and Old Weston Rd,General Delay,15,0,b/w,
2014/09/13,7,1:35:00 PM,Saturday,Invermay / bathurst,Mechanical,7,15,NB,1806
2014/09/13,7,1:43:00 PM,Saturday,Bathurst / Wilson,Mechanical,7,15,SB,1819
2014/09/13,45,1:51:00 PM,Saturday,Kipling Stn,Utilized Off Route,11,21,n/b,8062
2014/09/13,802,2:00:00 PM,Saturday,Queenway Garage,Utilized Off Route,1,1,n/b,7307
2014/09/13,161,2:00:00 PM,Saturday,Entire Route,General Delay,10,22,B/W,
2014/09/13,113,2:00:00 PM,Saturday,Route 113 Danforth,General Delay,5,1,b/w,
2014/09/13,802,2:00:00 PM,Saturday,Queensway Garage,Utilized Off Route,1,1,n/b,7341
2014/09/13,802,2:00:00 PM,Saturday,Queenswasy Garage,Utilized Off Route,1,1,n/b,7310
2014/09/13,79,2:00:00 PM,Saturday,Entire Route,General Delay,8,18,B/W,
2014/09/13,52,2:00:00 PM,Saturday,Entire route,General Delay,10,19,B/W,
2014/09/13,802,2:00:00 PM,Saturday,Queensway Garage,Utilized Off Route,1,1,n/b,7344
2014/09/13,60,2:03:00 PM,Saturday,STEELES AVE JUST EAST OF HWY 27,Mechanical,11,22,W,1386
2014/09/13,802,2:05:00 PM,Saturday,Queensway Garage,Utilized Off Route,1,1,n/b,7331
2014/09/13,112,2:24:00 PM,Saturday,Kipling Station,Utilized Off Route,1,1,n/b,7960
2014/09/13,133,2:29:00 PM,Saturday,Scarb Town Ctr Stn.,Mechanical,9,18,E,1395
2014/09/13,21,2:50:00 PM,Saturday,Brimley and Eglinton,Mechanical,13,26,NB,8155
2014/09/13,94,2:55:00 PM,Saturday,Ossington Station,Mechanical,24,48,e/b,1307
2014/09/13,90,3:00:00 PM,Saturday,batburst / St.Clair,Investigation,8,16,NB,8390
2014/09/13,52,3:12:00 PM,Saturday,Lawrence Stn,Utilized Off Route,17,34,W/B,1566
2014/09/13,32,3:20:00 PM,Saturday,Dufferin & Eglinton,Investigation,24,48,w/b,1605
2014/09/13,165,3:20:00 PM,Saturday,keele/Wilson,Mechanical,8,16,e,7919
2014/09/13,32,3:27:00 PM,Saturday,Glenholme & Eglinton,Investigation,18,36,e/b,1616
2014/09/13,100,3:41:00 PM,Saturday,Dunfield Avenue,Mechanical,9,18,S,7521
2014/09/13,134,3:57:00 PM,Saturday,Corporate Dr near 88,Mechanical,15,30,E,1773
2014/09/13,54,3:58:00 PM,Saturday,The Donway and Lawrence Ave.,Investigation,14,28,wb,7640
2014/09/13,106,4:00:00 PM,Saturday,Downsview Stn,Mechanical,10,20,n,8329
2014/09/13,127,4:27:00 PM,Saturday,Townsley Loop,Late Leaving Garage,22,45,e/b,1666
2014/09/13,55,5:00:00 PM,Saturday,55-Warren Park route,General Delay,10,8,b/w,1226
2014/09/13,102,5:29:00 PM,Saturday,Kingston rd and McCowan,Investigation,10,20,NB,8154
2014/09/13,39,5:37:00 PM,Saturday,Finch and Don Mills,Investigation,7,14,e/b,1107
2014/09/13,68,5:54:00 PM,Saturday,Warden Station,Mechanical,10,20,nb,7559
2014/09/13,52,6:12:00 PM,Saturday,Lawrence and Jane,Mechanical,9,18,E/B,1053
2014/09/13,32,6:36:00 PM,Saturday,Oakwood & Eglinton,Mechanical,9,18,w/b,1616
2014/09/13,29,6:36:00 PM,Saturday,Dufferin St & Liberty,Investigation,8,14,SB,9046
2014/09/13,95,6:41:00 PM,Saturday,Ellesmere and Kennedy,Mechanical,15,30,w/b,1765
2014/09/13,41,6:47:00 PM,Saturday,Keele / Keele gate,Investigation,7,14,n,1586
2014/09/13,172,7:05:00 PM,Saturday,King and Yonge,Mechanical,24,48,SB,7808
2014/09/13,91,7:08:00 PM,Saturday,Lawrence and Woodbine,Mechanical,20,40,NB,7783
2014/09/13,95,7:45:00 PM,Saturday,Ellesmere and Warden,Diversion,10,20,w/b,1088
2014/09/13,86,7:54:00 PM,Saturday,Eglinton & Kingston,Investigation,10,20,WB,7564
2014/09/13,45,8:02:00 PM,Saturday,On Kipling at Redwater,Investigation,10,19,N,7957
2014/09/13,85,8:09:00 PM,Saturday,Meadovale Loop,Late Leaving Garage,17,31,West,1753
2014/09/13,52,8:19:00 PM,Saturday,Lawrence and Pine,Mechanical,11,22,W/B,1043
2014/09/13,96,8:50:00 PM,Saturday,Carrier Drive & Humber College,Mechanical,12,24,E,1538
2014/09/13,38,8:52:00 PM,Saturday,Ellesmere and Dolly Varden,Investigation,10,20,E,1110
2014/09/13,133,9:00:00 PM,Saturday,Ellesmere and Dolly Varden,Diversion,49,59,E,
2014/09/13,95,9:00:00 PM,Saturday,Ellesmere and Dolly Vardon,Diversion,10,20,e/b,1761
2014/09/13,32,9:10:00 PM,Saturday,Trethewey / King George,Mechanical,16,32,e,1235
2014/09/13,39,9:27:00 PM,Saturday,Neilson and Crow Trail,Mechanical,10,20,w/b,1401
2014/09/13,161,9:45:00 PM,Saturday,Jane/ Alliance,Mechanical,12,24,e,1626
2014/09/13,131,10:00:00 PM,Saturday,STC,Mechanical,22,44,n/b,1128
2014/09/13,63,10:30:00 PM,Saturday,Davenport / Oakwood,Mechanical,10,20,n,1033
2014/09/13,129,11:00:00 PM,Saturday,McCowan Steeles Loop,Investigation,1,1,s/b,1724
2014/09/13,39,11:17:00 PM,Saturday,Finch Stn,Mechanical,8,16,e/b,1789
2014/09/13,106,11:49:00 PM,Saturday,Downsview Stn,Mechanical,12,24,n,1808
2014/09/13,168,11:56:00 PM,Saturday,dundas west stn,Mechanical,12,24,e/b,7965
2014/09/14,102,12:21:00 AM,Sunday,Markham rd route,Diversion,15,30,BW,7742
2014/09/14,12,12:27:00 AM,Sunday,Kennedy Station,Mechanical,30,60,WB,
2014/09/14,300,1:18:00 AM,Sunday,Bloor between Jane and High Park,Diversion,511,1,BW,
2014/09/14,300,2:00:00 AM,Sunday,Danforth and Warden to Pearson Airport,General Delay,15,20,BW,
2014/09/14,311,2:57:00 AM,Sunday,islinton at finch,Mechanical,30,60,n,7912
2014/09/14,320,4:35:00 AM,Sunday,queen st.,Utilized Off Route,15,30,s,8157
2014/09/14,320,4:36:00 AM,Sunday,queen st,Utilized Off Route,15,30,s,1600
2014/09/14,300,5:00:00 AM,Sunday,T3/EMBL to DDAN,General Delay,30,36,B/W's,
2014/09/14,320,5:24:00 AM,Sunday,Steeles,Late Leaving Garage,4,13,S,8392
2014/09/14,320,5:51:00 AM,Sunday,Steeles,Late Leaving Garage,3,6,S,1829
2014/09/14,48,6:10:00 AM,Sunday,ROYAL YORK STN,Mechanical,,0,,7310
2014/09/14,37,6:27:00 AM,Sunday,Islington Station,Late Leaving Garage,24,48,s,7913
2014/09/14,310,6:30:00 AM,Sunday,S/b Bathurst and Wilson,Mechanical,12,24,S,8348
2014/09/14,310,6:32:00 AM,Sunday,Wilson,Emergency Services,12,24,S,8348
2014/09/14,96,6:59:00 AM,Sunday,Wilson/Walsh,Diversion,36,66,e,7904
2014/09/14,53,7:09:00 AM,Sunday,Passmore & Markham,Late Leaving Garage,9,18,W,1703
2014/09/14,89,7:09:00 AM,Sunday,Albiona and Walsh,Diversion,36,51,n,1054
2014/09/14,17,7:15:00 AM,Sunday,Warden stn,Late Leaving Garage,9,18,N,7721
2014/09/14,16,7:23:00 AM,Sunday,Warden stn,Mechanical,18,36,N,8144
2014/09/14,102,7:35:00 AM,Sunday,Green Cedar circuit and Markham rd,Diversion,255,283,N,7698
2014/09/14,41,7:35:00 AM,Sunday,Keele station,Mechanical,20,40,n,1047
2014/09/14,24,7:37:00 AM,Sunday,Danforth and Victoria Park,Late Leaving Garage,11,22,N,7809
2014/09/14,102,7:47:00 AM,Sunday,Waren stn,Utilized Off Route,14,28,N,7875
2014/09/14,172,7:53:00 AM,Sunday,Carlaw and Commissioners,Late Leaving Garage,7,14,W,7867
2014/09/14,41,8:01:00 AM,Sunday,founders and steeles,Late Leaving Garage,10,20,s,1603
2014/09/14,95,8:04:00 AM,Sunday,Ellesmere Cul-De-Sac,Mechanical,20,40,WB,1792
2014/09/14,191,8:10:00 AM,Sunday,SLPM,Late Leaving Garage,20,45,S,7955
2014/09/14,129,8:30:00 AM,Sunday,STC,Late Leaving Garage,10,20,N,1123
2014/09/14,87,8:30:00 AM,Sunday,Main stn,Late Leaving Garage,7,14,W,7701
2014/09/14,94,8:30:00 AM,Sunday,Castlefrank station,Late Leaving Garage,13,26,w,1038
2014/09/14,25,8:32:00 AM,Sunday,Pape stn,Mechanical,12,20,nb,7676
2014/09/14,94,8:35:00 AM,Sunday,Queenspqrk circle,Diversion,1,1,eb,1542
2014/09/14,36,8:36:00 AM,Sunday,Arrow,Late Leaving Garage,3,10,E,1294
2014/09/14,115,8:40:00 AM,Sunday,Yorkmills station,Late Leaving Garage,30,30,E,8385
2014/09/14,51,8:44:00 AM,Sunday,Eglinton station,Late Leaving Garage,29,58,E,8381
2014/09/14,78,8:45:00 AM,Sunday,Carluke and Fifeshire rd,Late Leaving Garage,30,30,N,8354
2014/09/14,109,8:45:00 AM,Sunday,Lawrence west station,Late Leaving Garage,20,40,S,8396
2014/09/14,199,8:45:00 AM,Sunday,STC,Late Leaving Garage,10,20,W,1722
2014/09/14,94,8:50:00 AM,Sunday,Old Weston and St.Clair,Mechanical,13,26,e,1038
2014/09/14,165,8:52:00 AM,Sunday,Yorkmills station,Late Leaving Garage,11,22,w,1342
2014/09/14,32,8:58:00 AM,Sunday,Eglinton station,Late Leaving Garage,15,30,w,1647
2014/09/14,111,9:00:00 AM,Sunday,KIPLING STN,Utilized Off Route,15,30,W/B,8086
2014/09/14,29,9:00:00 AM,Sunday,Wilson station,Late Leaving Garage,5,10,S,9039
2014/09/14,25,9:03:00 AM,Sunday,Pape stn,Late Leaving Garage,8,15,nb,7599
2014/09/14,37,9:03:00 AM,Sunday,HWLP,Late Leaving Garage,18,38,S,1333
2014/09/14,86,9:11:00 AM,Sunday,Kennedy stn,Mechanical,7,14,eb,7598
2014/09/14,165,9:13:00 AM,Sunday,yorkmills ststion,Late Leaving Garage,11,22,w,1373
2014/09/14,97,9:14:00 AM,Sunday,Davisville station,Late Leaving Garage,24,24,N,8174
2014/09/14,16,9:14:00 AM,Sunday,Warden stn,Mechanical,17,34,S,7875
2014/09/14,54,9:20:00 AM,Sunday,Star Spray Loop,Utilized Off Route,27,42,wb,7674
2014/09/14,54,9:20:00 AM,Sunday,Star Spray Loop,Mechanical,27,42,wb,7594
2014/09/14,32,9:22:00 AM,Sunday,wright and Jane,Late Leaving Garage,15,30,w,1050
2014/09/14,100,9:38:00 AM,Sunday,Broadview stn,Utilized Off Route,10,20,nb,7618
2014/09/14,67,9:40:00 AM,Sunday,Victoria Park stn,Mechanical,1,1,nb,7423
2014/09/14,100,9:48:00 AM,Sunday,Broadview stn,Utilized Off Route,10,20,nb,7520
2014/09/14,54,9:52:00 AM,Sunday,Eglinton stn,Mechanical,7,15,eb,7560
2014/09/14,11,10:02:00 AM,Sunday,THE EASTMALL AND RATHBURN,Investigation,15,30,S/B,8056
2014/09/14,62,10:04:00 AM,Sunday,Main Station,Investigation,15,30,W,8111
2014/09/14,46,10:08:00 AM,Sunday,KPSN,Mechanical,16,32,N,1381
2014/09/14,47,10:12:00 AM,Sunday,Lansdowne and Wade,Mechanical,20,40,s,1595
2014/09/14,129,10:21:00 AM,Sunday,McCowan & Steeles loop,Mechanical,10,20,S,1069
2014/09/14,54,10:50:00 AM,Sunday,Star Spray Loop,Mechanical,15,30,wb,7464
2014/09/14,89,11:12:00 AM,Sunday,Albion at Weston,Mechanical,12,24,S,1014
2014/09/14,29,11:25:00 AM,Sunday,,Mechanical,5,10,s,8191
2014/09/14,109,11:25:00 AM,Sunday,Bathurst and Neptune,Late Leaving Garage,8,18,s,24
2014/09/14,25,11:48:00 AM,Sunday,Pape stn,Late Leaving Garage,5,11,nb,7565
2014/09/14,85,11:51:00 AM,Sunday,Toronto Zoo,Mechanical,11,22,WB,1102
2014/09/14,52,12:37:00 PM,Sunday,Lawrence station,Mechanical,16,32,W,1031
2014/09/14,52,12:56:00 PM,Sunday,Lawrence west station,Mechanical,8,16,W,1637
2014/09/14,36,1:00:00 PM,Sunday,FINCH AVE WEST - ENTIRE ROUTE,General Delay,1,1,B/W,1111
2014/09/14,29,1:00:00 PM,Sunday,Downsview Stn,General Delay,25,25,b,
2014/09/14,42,1:05:00 PM,Sunday,Mcnicoll and Don Mills,Mechanical,15,30,e,8198
2014/09/14,199,1:05:00 PM,Sunday,STC,Utilized Off Route,9,18,W,1399
2014/09/14,63,1:35:00 PM,Sunday,Ossington Stn,Investigation,7,14,N,1655
2014/09/14,24,1:43:00 PM,Sunday,Victoria Park Station,Utilized Off Route,7,14,N,7839
2014/09/14,199,1:44:00 PM,Sunday,STC,Utilized Off Route,9,18,W,1138
2014/09/14,43,1:45:00 PM,Sunday,Kennedy STN,Utilized Off Route,9,17,NB,7669
2014/09/14,36,1:45:00 PM,Sunday,FINCH AVE WEST @ ARROW ROAD,Mechanical,6,11,E,1221
2014/09/14,102,1:45:00 PM,Sunday,Warden Station,Utilized Off Route,10,20,N,7838
2014/09/14,63,1:45:00 PM,Sunday,Ossington stn,Utilized Off Route,7,14,n,1569
2014/09/14,22,1:50:00 PM,Sunday,Coxwell Station,Utilized Off Route,10,20,N,7724
2014/09/14,709,1:50:00 PM,Sunday,Eglinton / Caledonia,Utilized Off Route,1,1,w,1060
2014/09/14,54,1:50:00 PM,Sunday,Eglinton Station,Utilized Off Route,15,30,eb,7505
2014/09/14,25,1:53:00 PM,Sunday,Pape STN,Utilized Off Route,6,12,NB,7407
2014/09/14,54,1:53:00 PM,Sunday,Eglinton Station,Utilized Off Route,15,30,eb,7626
2014/09/14,92,1:53:00 PM,Sunday,Woodbine Station,Utilized Off Route,8,16,E,7800
2014/09/14,62,1:53:00 PM,Sunday,MAIN STATION,Utilized Off Route,15,30,N,8150
2014/09/14,116,1:53:00 PM,Sunday,Kennedy Stn.,Utilized Off Route,7,14,W/B,7659
2014/09/14,26,1:54:00 PM,Sunday,St. George Stn,Utilized Off Route,24,48,w/b,8033
2014/09/14,81,1:55:00 PM,Sunday,Pape Station,Utilized Off Route,10,20,N,7763
2014/09/14,100,1:55:00 PM,Sunday,Don Mills & Eglinton,Utilized Off Route,17,34,EB,7477
2014/09/14,81,1:55:00 PM,Sunday,PAPE STATION,Utilized Off Route,10,20,W,7763
2014/09/14,100,1:55:00 PM,Sunday,Broadview STN,Utilized Off Route,17,34,NB,7645
2014/09/14,29,1:55:00 PM,Sunday,Dufferin and Bloor,Utilized Off Route,3,6,s,9008
2014/09/14,86,1:56:00 PM,Sunday,Kennedy Stn,Utilized Off Route,8,16,E/B,7467
2014/09/14,168,1:58:00 PM,Sunday,Dupont and Symington,Utilized Off Route,9,18,n/b,8052
2014/09/14,7,1:59:00 PM,Sunday,BATHURST STATION,Utilized Off Route,7,15,NB,8204
2014/09/14,76,2:00:00 PM,Sunday,Queensway and Royal York,Utilized Off Route,0,0,s/b,7959
2014/09/14,29,2:00:00 PM,Sunday,Dufferin and Bloor,Utilized Off Route,3,6,n,9432
2014/09/14,29,2:00:00 PM,Sunday,Dufferin and Bloor,Utilized Off Route,3,6,s,8157
2014/09/14,168,2:00:00 PM,Sunday,Entire Symington Route,General Delay,10,20,n/b,8013
2014/09/14,29,2:00:00 PM,Sunday,Wilson Station,Utilized Off Route,1,1,sb,9033
2014/09/14,75,2:00:00 PM,Sunday,Bloor / Sherbourne,Utilized Off Route,20,40,sb,8343
2014/09/14,709,2:00:00 PM,Sunday,Todd Baylis / Industry,Utilized Off Route,1,1,e,1550
2014/09/14,41,2:00:00 PM,Sunday,Keele Station,Utilized Off Route,9,18,S,1583
2014/09/14,116,2:00:00 PM,Sunday,Kennedy Stn,Utilized Off Route,7,14,E/B,7557
2014/09/14,191,2:01:00 PM,Sunday,KIPLING STATION,Utilized Off Route,15,30,N,7954
2014/09/14,39,2:01:00 PM,Sunday,Neilson & Crow Trail,Utilized Off Route,9,17,W,1749
2014/09/14,83,2:04:00 PM,Sunday,DONLANDS STATION,Utilized Off Route,15,30,N,7722
2014/09/14,89,2:04:00 PM,Sunday,Keele at Dundas,Utilized Off Route,9,18,S,1544
2014/09/14,113,2:04:00 PM,Sunday,Main Station,Utilized Off Route,20,40,E,7720
2014/09/14,102,2:05:00 PM,Sunday,WARDEN STATION,Utilized Off Route,10,20,N,7703
2014/09/14,61,2:05:00 PM,Sunday,Eglinton Station,Utilized Off Route,1,1,NB,8326
2014/09/14,36,2:05:00 PM,Sunday,FINCH AVE WEST @ ARROW ROAD,Utilized Off Route,6,11,E,1221
2014/09/14,54,2:10:00 PM,Sunday,Eglinton Station,Utilized Off Route,14,28,eb,7479
2014/09/14,24,2:10:00 PM,Sunday,Victoria Park Station,Utilized Off Route,7,14,N,7872
2014/09/14,25,2:16:00 PM,Sunday,Pape STN,Utilized Off Route,6,12,NB,7414
2014/09/14,53,2:19:00 PM,Sunday,Passmore & Markham,Mechanical,6,25,W,1396
2014/09/14,709,2:20:00 PM,Sunday,Eglinton stn,Utilized Off Route,1,1,w,1600
2014/09/14,29,2:30:00 PM,Sunday,Downsview Stn,Mechanical,60,120,n,9442
2014/09/14,86,2:30:00 PM,Sunday,86 Scarborough Route,General Delay,8,16,B/W,
2014/09/14,34,2:30:00 PM,Sunday,34 Eglington Route,General Delay,8,16,B/W,
2014/09/14,9,2:40:00 PM,Sunday,Consillium Place & McCowan,Mechanical,20,40,E,8117
2014/09/14,61,2:44:00 PM,Sunday,Bombay Loop,Mechanical,20,40,sb,8194
2014/09/14,108,2:44:00 PM,Sunday,Downsview Station,Mechanical,9,18,NB,1352
2014/09/14,29,2:47:00 PM,Sunday,Wilson stn,Utilized Off Route,3,6,s,8386
2014/09/14,95,3:15:00 PM,Sunday,U of T Scarborough,Mechanical,20,40,wb,1728
2014/09/14,52,3:35:00 PM,Sunday,Dixion at Royal York,Diversion,110,124,E,1250
2014/09/14,41,3:50:00 PM,Sunday,Steeles at Founders,Mechanical,9,18,N,1674
2014/09/14,88,3:53:00 PM,Sunday,CLIFTON / ST.CLAIR,Investigation,30,60,SB,8338
2014/09/14,106,4:10:00 PM,Sunday,Downsview station,Utilized Off Route,10,20,wb,8393
2014/09/14,54,4:19:00 PM,Sunday,Overture and Lawrence Ave.,Investigation,13,30,WB,7534
2014/09/14,102,4:20:00 PM,Sunday,St.Clair & Brimley,Mechanical,10,20,E,7703
2014/09/14,53,4:43:00 PM,Sunday,Steeles & Kennedy,Investigation,6,13,W,1754
2014/09/14,131,5:06:00 PM,Sunday,STC SRT,Mechanical,26,52,eb,1067
2014/09/14,96,5:13:00 PM,Sunday,Yorkmills Station,Mechanical,18,33,EB,1297
2014/09/14,60,5:17:00 PM,Sunday,STEELES AVE WEST @ FENMAR,Mechanical,11,22,E,7902
2014/09/14,79,5:20:00 PM,Sunday,Scarlet / Scarlettwood ct,Mechanical,15,30,n,1589
2014/09/14,68,5:40:00 PM,Sunday,Warden Station,Mechanical,30,60,WB,7578
2014/09/14,687,5:45:00 PM,Sunday,Warden Station,Utilized Off Route,10,20,nb,7427
2014/09/14,172,5:59:00 PM,Sunday,Carlaw and Commissioners,Mechanical,24,48,W,7867
2014/09/14,32,6:00:00 PM,Sunday,Entire Route,General Delay,15,27,B/W,
2014/09/14,79,6:00:00 PM,Sunday,Entire route,General Delay,7,13,b/w,
2014/09/14,14,6:00:00 PM,Sunday,Entire Route,General Delay,14,34,B/W,
2014/09/14,86,6:00:00 PM,Sunday,86 Scarborough Route,Diversion,7,14,N/B,7459
2014/09/14,89,6:30:00 PM,Sunday,Entire Route,General Delay,10,22,B/W,
2014/09/14,26,6:42:00 PM,Sunday,Annette and Dundas,Mechanical,24,48,E,8072
2014/09/14,40,6:53:00 PM,Sunday,Dundas West station,General Delay,15,0,BW,
2014/09/14,25,6:58:00 PM,Sunday,Pape & Mortimer,Investigation,7,15,NB,7412
2014/09/14,85,7:18:00 PM,Sunday,SheppardAv-Meadowvale,Diversion,30,60,eb,1707
2014/09/14,91,7:22:00 PM,Sunday,Woodbine and Lumsden,Investigation,20,40,E,7779
2014/09/14,97,7:24:00 PM,Sunday,Lawrence Station,Investigation,30,60,NB,8210
2014/09/14,52,7:30:00 PM,Sunday,Entire Route,General Delay,10,25,B/W,
2014/09/14,100,7:34:00 PM,Sunday,Eglinton STN,Utilized Off Route,9,18,EB,7603
2014/09/14,41,8:00:00 PM,Sunday,Entire Route,General Delay,12,34,B/W,
2014/09/14,53,8:20:00 PM,Sunday,Steeles and Bayview,Mechanical,19,38,WB,1141
2014/09/14,6,9:00:00 PM,Sunday,Entire Route,General Delay,10,27,B/W,
2014/09/14,29,9:04:00 PM,Sunday,Dufferin st / Wilson Ave,Investigation,10,20,nb,9049
2014/09/14,96,9:14:00 PM,Sunday,Wilson & Dufferin,Mechanical,39,78,E,7938
2014/09/14,47,9:30:00 PM,Sunday,Lansdowne and Wade,Utilized Off Route,23,43,N/B,1508
2014/09/14,6,9:42:00 PM,Sunday,Queens Quay and Sherbourne,Investigation,17,34,W/B,1610
2014/09/14,6,9:50:00 PM,Sunday,Bedford and Dupont,Utilized Off Route,17,34,S/B,1017
2014/09/14,90,10:26:00 PM,Sunday,St Clair W Stn,Investigation,20,40,nb,8153
2014/09/14,70,10:29:00 PM,Sunday,Warden STN,Investigation,30,60,WB,7539
2014/09/14,100,10:31:00 PM,Sunday,Eglinton & Wynford,Utilized Off Route,15,30,EB,7637
2014/09/14,39,10:46:00 PM,Sunday,Neilson and Crow Trail,Late Leaving Garage,5,9,w/b,1141
2014/09/14,60,10:51:00 PM,Sunday,Finch Station,Mechanical,24,48,W,1317
2014/09/14,35,11:28:00 PM,Sunday,Jane & Finch,Mechanical,10,20,N,7933
2014/09/15,39,12:20:00 AM,Monday,Neilson and Crow Trail,Utilized Off Route,10,20,w/b,1092
2014/09/15,91,5:03:00 AM,Monday,Woodbine Stn,Late Leaving Garage,10,20,N,7740
2014/09/15,319,5:05:00 AM,Monday,Yorkmills station,Mechanical,30,30,w,1415
2014/09/15,71,5:11:00 AM,Monday,Bloor & Runnymede,Mechanical,15,0,NB,1603
2014/09/15,46,5:11:00 AM,Monday,Martin grove loop,Mechanical,10,20,s,7940
2014/09/15,7,5:14:00 AM,Monday,Steeles,Mechanical,29,50,s,9035
2014/09/15,60,5:18:00 AM,Monday,Martin Grove,Mechanical,20,40,E,1297
2014/09/15,36,5:20:00 AM,Monday,Finch and Arrow,Mechanical,23,46,W,1327
2014/09/15,36,5:20:00 AM,Monday,Finch Arrow,Late Leaving Garage,5,10,w,1327
2014/09/15,103,5:30:00 AM,Monday,Eglinton stn,Mechanical,20,40,n,8308
2014/09/15,89,5:30:00 AM,Monday,Albion and Weston rd,Late Leaving Garage,15,30,s,1019
2014/09/15,60,5:36:00 AM,Monday,Finch station,Mechanical,12,24,w,1802
2014/09/15,71,5:40:00 AM,Monday,Runnymede & Bloor,Mechanical,17,34,NB,1036
2014/09/15,52,5:45:00 AM,Monday,Royal York,Late Leaving Garage,5,10,e,1625
2014/09/15,59,5:47:00 AM,Monday,Jane/Church,Late Leaving Garage,10,20,w,1366
2014/09/15,46,5:48:00 AM,Monday,Martin Grove,Mechanical,10,20,s,1415
2014/09/15,97,5:49:00 AM,Monday,Steeles,Mechanical,30,60,s,8204
2014/09/15,85,5:50:00 AM,Monday,Rouge Hill GO,Late Leaving Garage,8,16,W,9083
2014/09/15,50,5:50:00 AM,Monday,MILL ROAD LOOP,Mechanical,20,40,E,8094
2014/09/15,84,5:53:00 AM,Monday,Weston/Bradstock,Mechanical,10,20,E,1240
2014/09/15,42,5:53:00 AM,Monday,Kennedy loop,Late Leaving Garage,10,20,w,8177
2014/09/15,7,5:56:00 AM,Monday,Steeles,Mechanical,21,29,s,9017
2014/09/15,191,5:57:00 AM,Monday,highway route,Mechanical,10,20,n,7901
2014/09/15,24,5:57:00 AM,Monday,VP STN,Late Leaving Garage,13,27,N,8149
2014/09/15,39,5:57:00 AM,Monday,Neilson and Crowtrail,Late Leaving Garage,4,10,w,1722
2014/09/15,12,5:59:00 AM,Monday,Victoria Park stn,Late Leaving Garage,11,22,E,7823
2014/09/15,81,6:05:00 AM,Monday,Throncliff and Overlea,Late Leaving Garage,4,8,N,8130
2014/09/15,90,6:10:00 AM,Monday,Oakwwod and vaughan,Utilized Off Route,9,18,s/b,9439
2014/09/15,107,6:11:00 AM,Monday,Kodiak at Sheppard,Mechanical,15,23,N,9443
2014/09/15,6,6:12:00 AM,Monday,bay and davenport,Late Leaving Garage,7,13,s,1315
2014/09/15,37,6:13:00 AM,Monday,Islinton Station,Late Leaving Garage,18,36,n,7922
2014/09/15,85,6:13:00 AM,Monday,Rouge Hill GO,Mechanical,8,16,W,1143
2014/09/15,41,6:14:00 AM,Monday,Mt Dennis Garage,Mechanical,5,10,N,1664
2014/09/15,53,6:14:00 AM,Monday,Passmore and Markham,Mechanical,5,10,w,1739
2014/09/15,86,6:15:00 AM,Monday,kennedy station,Mechanical,5,10,e,7678
2014/09/15,160,6:20:00 AM,Monday,Wilson stn,Late Leaving Garage,20,40,n/b,8380
2014/09/15,66,6:20:00 AM,Monday,MARINE PARADE,Mechanical,15,30,S/B,7300
2014/09/15,36,6:25:00 AM,Monday,Finch station 36D,Mechanical,30,46,W,1387
2014/09/15,108,6:26:00 AM,Monday,Downsview Stn.,Late Leaving Garage,13,26,W,7910
2014/09/15,42,6:28:00 AM,Monday,Kennedy loop,Late Leaving Garage,10,22,w/b,8177
2014/09/15,95,6:36:00 AM,Monday,Scarborough College,Mechanical,9,18,w,1394
2014/09/15,89,6:37:00 AM,Monday,Keele Station,Mechanical,6,12,n,1051
2014/09/15,196,6:38:00 AM,Monday,Wilson Garage,Late Leaving Garage,12,21,S,9446
2014/09/15,106,6:39:00 AM,Monday,Downsview stn,Utilized Off Route,7,14,n/b,9434
2014/09/15,53,6:40:00 AM,Monday,Passmore and Markham,Mechanical,11,25,w,9072
2014/09/15,39,6:40:00 AM,Monday,Old Finch and Morningview,Late Leaving Garage,15,30,w,7051
2014/09/15,196,6:41:00 AM,Monday,Wilson Garage,Late Leaving Garage,4,8,S,9426
2014/09/15,107,6:42:00 AM,Monday,Wilson Garage,Late Leaving Garage,8,15,N,9445
2014/09/15,53,6:43:00 AM,Monday,Passmore and Markham,Mechanical,4,9,w,7030
2014/09/15,64,6:44:00 AM,Monday,Queen and Wineva,Mechanical,8,16,SB,8138
2014/09/15,60,6:44:00 AM,Monday,Finch Station,Mechanical,13,26,W,
2014/09/15,39,6:45:00 AM,Monday,Neilson and Crowtrail,Utilized Off Route,4,7,w,7123
2014/09/15,96,6:49:00 AM,Monday,Woodbine downs,Late Leaving Garage,30,60,w,7250
2014/09/15,52,6:50:00 AM,Monday,Martin grove,Mechanical,12,24,e,1558
2014/09/15,108,6:51:00 AM,Monday,Downs view Stn.,Late Leaving Garage,13,21,W,7900
2014/09/15,165,6:53:00 AM,Monday,yorkmills station,Late Leaving Garage,6,12,w,1333
2014/09/15,33,6:53:00 AM,Monday,Spadina and Eglinton,Late Leaving Garage,3,19,s/b,1813
2014/09/15,196,6:56:00 AM,Monday,Wilson Garage,Late Leaving Garage,2,4,S,9421
2014/09/15,25,6:57:00 AM,Monday,Pape Stn,Mechanical,3,6,NB,7549
2014/09/15,196,6:57:00 AM,Monday,Wilson Garage,Late Leaving Garage,6,12,S,8313
2014/09/15,143,6:58:00 AM,Monday,Nevelle loop,Late Leaving Garage,12,1,w,8118
2014/09/15,96,6:58:00 AM,Monday,Thistledown,Late Leaving Garage,30,60,e,7936
2014/09/15,87,6:59:00 AM,Monday,Main stn,Utilized Off Route,10,20,w,7870
2014/09/15,191,6:59:00 AM,Monday,Martin Grove/hwy27,Late Leaving Garage,10,20,s,7938
2014/09/15,96,7:00:00 AM,Monday,Wilson route,General Delay,12,24,B/W,
2014/09/15,124,7:00:00 AM,Monday,Sunnybrook Route,General Delay,15,20,BW,
2014/09/15,43,7:00:00 AM,Monday,Steeles Ave & Midland Ave,Mechanical,10,20,SB,7604
2014/09/15,165,7:00:00 AM,Monday,Weston North route,Mechanical,1,1,B,1234
2014/09/15,143,7:05:00 AM,Monday,Beaches express route,General Delay,27,54,B/W,
2014/09/15,96,7:07:00 AM,Monday,Carrier loop,Investigation,21,44,e,1365
2014/09/15,96,7:07:00 AM,Monday,Woodbone downs,Late Leaving Garage,30,60,w,7205
2014/09/15,36,7:09:00 AM,Monday,Finch and Arrow,Mechanical,9,10,W,
2014/09/15,95,7:12:00 AM,Monday,Scarborough College,Mechanical,9,18,w,1783
2014/09/15,191,7:13:00 AM,Monday,martin grove,Mechanical,10,20,s,7912
2014/09/15,7,7:15:00 AM,Monday,Bathurst at Wilson,Mechanical,9,18,n/b,9035
2014/09/15,165,7:16:00 AM,Monday,York Mills station,Mechanical,5,11,W,1386
2014/09/15,110,7:18:00 AM,Monday,ISLINGTON STN,Mechanical,10,20,s/b,8030
2014/09/15,14,7:22:00 AM,Monday,Caledonia and Glencairn,Late Leaving Garage,15,30,e,1657
2014/09/15,29,7:26:00 AM,Monday,Wilson stn,Mechanical,7,14,s,9054
2014/09/15,108,7:27:00 AM,Monday,St.Regis,Mechanical,13,26,W,1240
2014/09/15,89,7:28:00 AM,Monday,Weston Road and Lawrence West,Mechanical,5,10,N,1581
2014/09/15,109,7:30:00 AM,Monday,Neptune to Eglinton west stn,General Delay,20,32,b/w,
2014/09/15,160,7:30:00 AM,Monday,Clark to Wilson stn,General Delay,20,45,b/w,
2014/09/15,33,7:30:00 AM,Monday,Castlefield to St.Clair west,General Delay,10,26,b/w,
2014/09/15,7,7:30:00 AM,Monday,Steeles to Bathurst stn,General Delay,15,24,b/w,
2014/09/15,48,7:30:00 AM,Monday,ANGLESSCY AT LYYOD MANOR,Mechanical,11,22,W/B,8022
2014/09/15,86,7:30:00 AM,Monday,Scarborough Route,General Delay,15,0,B/W,
2014/09/15,73,7:30:00 AM,Monday,Royal York stn,Mechanical,15,30,,7965
2014/09/15,36,7:39:00 AM,Monday,Finch and Torresdale,Mechanical,4,8,W,7942
2014/09/15,134,7:40:00 AM,Monday,Scarborough Town Centre to Ironside,General Delay,12,9,bw,
2014/09/15,45,7:46:00 AM,Monday,KIPLING & BYWOOD,Mechanical,6,12,S,8017
2014/09/15,11,7:47:00 AM,Monday,Steeles and Bayview,Late Leaving Garage,6,12,s/b,8360
2014/09/15,90,7:52:00 AM,Monday,St.Clair west,Mechanical,8,16,n/b,9416
2014/09/15,195,7:53:00 AM,Monday,Jane/Steeles,Late Leaving Garage,10,20,S,1312
2014/09/15,139,7:55:00 AM,Monday,Baldoon & Finch,Investigation,20,40,NB,1768
2014/09/15,53,7:55:00 AM,Monday,Steeles and Bluffwood,Mechanical,5,9,e,7120
2014/09/15,23,7:55:00 AM,Monday,Main stn,Utilized Off Route,5,10,N,7723
2014/09/15,61,7:57:00 AM,Monday,Lawrence and Otter loop,Mechanical,10,20,s/b,1819
2014/09/15,60,7:59:00 AM,Monday,Finch Stn.,Mechanical,7,14,W,1370
2014/09/15,167,8:00:00 AM,Monday,PHARMACY ROUTE,General Delay,10,0,BW,
2014/09/15,24,8:00:00 AM,Monday,VP ROUTE,General Delay,15,0,BW,
2014/09/15,36,8:00:00 AM,Monday,Finch West route (SENTINEL),General Delay,25,35,B,1228
2014/09/15,165,8:00:00 AM,Monday,Weston North route,General Delay,18,25,B,7201
2014/09/15,25,8:00:00 AM,Monday,Entire Route,General Delay,15,12,BW,
2014/09/15,116,8:00:00 AM,Monday,Morningside Route,General Delay,10,0,B/W,
2014/09/15,5,8:00:00 AM,Monday,Eglinton stn to Elm ave,General Delay,25,50,b/w,
2014/09/15,26,8:00:00 AM,Monday,Entire route,General Delay,0,0,,
2014/09/15,11,8:00:00 AM,Monday,Steeles to Davisville stn,General Delay,30,60,b/w,
2014/09/15,61,8:00:00 AM,Monday,Bombay loop to Eglinton stn,General Delay,25,50,b/w,
2014/09/15,51,8:00:00 AM,Monday,Townsend to Eglinton stn,General Delay,20,50,b/w,
2014/09/15,134,8:00:00 AM,Monday,Finch and Baldoon,Diversion,18,38,s,9064
2014/09/15,61,8:05:00 AM,Monday,Avenue rd and Eglinton,Mechanical,10,20,s/b,8190
2014/09/15,102,8:08:00 AM,Monday,Warden stn,Utilized Off Route,10,20,N,8115
2014/09/15,120,8:12:00 AM,Monday,Jane and Heathrow,Mechanical,30,60,E,1279
2014/09/15,85,8:15:00 AM,Monday,Don Mills station to Rouge Hill GO,General Delay,14,8,E,
2014/09/15,98,8:15:00 AM,Monday,Sheppard Station,Mechanical,15,30,W,8180
2014/09/15,41,8:19:00 AM,Monday,Rogers Rd and Keele St,Emergency Services,5,10,N,1623
2014/09/15,196,8:20:00 AM,Monday,Downsview Stn,Mechanical,2,4,N,9430
2014/09/15,196,8:27:00 AM,Monday,Downsview Stn,Mechanical,2,4,S,9420
2014/09/15,64,8:39:00 AM,Monday,Queen and Wineva,Utilized Off Route,10,20,N,8140
2014/09/15,35,8:40:00 AM,Monday,Jane/Giltspur,Investigation,10,20,N,1271
2014/09/15,196,8:43:00 AM,Monday,Downsview Stn,Mechanical,2,4,S,9418
2014/09/15,52,8:45:00 AM,Monday,Weston rd,Mechanical,12,24,w,1049
2014/09/15,34,8:53:00 AM,Monday,Eglinton STN,Mechanical,4,8,EB,7531
2014/09/15,165,8:55:00 AM,Monday,Wilson station,Utilized Off Route,12,17,W,1244
2014/09/15,88,8:55:00 AM,Monday,St.Clair Station,Mechanical,30,49,E,8303
2014/09/15,41,9:00:00 AM,Monday,Keele St - Lawrence to Gulliver,General Delay,20,20,B,
2014/09/15,61,9:00:00 AM,Monday,Eglinton stn,Mechanical,10,20,n/b,1819
2014/09/15,85,9:04:00 AM,Monday,Sheppard/Morningside,Mechanical,3,7,W,1107
2014/09/15,709,9:11:00 AM,Monday,Eglinton Stn.,Utilized Off Route,5,10,bw,1004
2014/09/15,709,9:11:00 AM,Monday,Adelaide,Utilized Off Route,5,10,bw,1605
2014/09/15,35,9:15:00 AM,Monday,Jane/Shoreham,Late Leaving Garage,21,40,N,1318
2014/09/15,6,9:15:00 AM,Monday,Bay and Dundas,Utilized Off Route,3,6,s,1518
2014/09/15,29,9:16:00 AM,Monday,DUPONT,Utilized Off Route,2,4,S,9051
2014/09/15,90,9:17:00 AM,Monday,Northcliff and Eglinton,Utilized Off Route,5,10,s/b,9439
2014/09/15,124,9:18:00 AM,Monday,York Mills Station,Utilized Off Route,1,1,W,8344
2014/09/15,6,9:20:00 AM,Monday,dundas,Utilized Off Route,3,6,s,1646
2014/09/15,29,9:21:00 AM,Monday,Bloor,Utilized Off Route,4,8,S,8319
2014/09/15,161,9:25:00 AM,Monday,Avon Loop,Mechanical,10,20,S,1668
2014/09/15,81,9:29:00 AM,Monday,Pape stn,Mechanical,10,20,N,7753
2014/09/15,45,9:34:00 AM,Monday,KIPKLING & STEELES,Mechanical,5,10,S,8041
2014/09/15,54,9:50:00 AM,Monday,Lawrence Warden,Mechanical,6,12,eb,7428
2014/09/15,54,9:54:00 AM,Monday,Markham Lawrence,Mechanical,6,12,wb,7429
2014/09/15,29,10:04:00 AM,Monday,Springhurst loop,Mechanical,4,8,n,8319
2014/09/15,95,10:31:00 AM,Monday,UFT College Loop,Mechanical,15,30,WB,1103
2014/09/15,73,10:32:00 AM,Monday,ROYAL YORK AND EGLINTON,Mechanical,12,24,N/B,8043
2014/09/15,53,10:54:00 AM,Monday,Finch Station,Mechanical,6,11,e,9066
2014/09/15,107,11:03:00 AM,Monday,York Blvd and York Lanes,Emergency Services,16,32,e,9443
2014/09/15,196,11:11:00 AM,Monday,Downsview Stn,Utilized Off Route,2,4,e,9430
2014/09/15,42,12:05:00 PM,Monday,RUNNYMEDE LOOP,Mechanical,10,20,`e/b,7318
2014/09/15,35,12:06:00 PM,Monday,Jane/Wright,Mechanical,10,20,S,7947
2014/09/15,196,12:09:00 PM,Monday,Downsview Stn,Mechanical,2,4,n,9436
2014/09/15,5,12:30:00 PM,Monday,Queens park circle,General Delay,20,30,B/W,
2014/09/15,60,12:30:00 PM,Monday,60 Steeles West,Mechanical,1,1,B/W,1379
2014/09/15,108,12:49:00 PM,Monday,Downsview Stn,Mechanical,18,36,W,1364
2014/09/15,120,1:00:00 PM,Monday,Calvington route,General Delay,50,80,B,1244
2014/09/15,165,1:00:00 PM,Monday,Weston North route,General Delay,40,50,B,7212
2014/09/15,36,1:00:00 PM,Monday,Finch West route,General Delay,35,45,B,7937
2014/09/15,29,1:02:00 PM,Monday,Wilson Stn,Mechanical,4,8,s,9050
2014/09/15,196,1:05:00 PM,Monday,Downsview Stn,Mechanical,2,4,n,9427
2014/09/15,34,1:11:00 PM,Monday,Eglinton and Victoria Park,Mechanical,8,16,WB,7497
2014/09/15,85,1:18:00 PM,Monday,Don Mills Station,Investigation,6,12,EB,1799
2014/09/15,81,1:25:00 PM,Monday,PAPE STATION,Utilized Off Route,10,20,S,7756
2014/09/15,24,1:33:00 PM,Monday,Victoria Park Stn.,Mechanical,10,20,n,7876
2014/09/15,47,1:40:00 PM,Monday,queen and lansdowne,Mechanical,15,30,n/b,1684
2014/09/15,129,1:42:00 PM,Monday,McCowan & Invergordon,Mechanical,6,12,NB,1705
2014/09/15,25,1:47:00 PM,Monday,Freshmeadow and Don Mills,Mechanical,4,8,S,7629
2014/09/15,25,1:49:00 PM,Monday,Don Mills and Lawerence,Investigation,4,8,SB,7612
2014/09/15,36,1:50:00 PM,Monday,Albion and Finch,Mechanical,5,10,W,7952
2014/09/15,102,1:51:00 PM,Monday,Warden Station,Mechanical,14,28,E,8150
2014/09/15,37,1:52:00 PM,Monday,Dixon and Islington,Mechanical,8,16,s,1390
2014/09/15,52,2:00:00 PM,Monday,Pine & Lawrence,Mechanical,15,30,w/b,1685
2014/09/15,85,2:00:00 PM,Monday,85 Sheppard all Branch,General Delay,13,26,BW,
2014/09/15,47,2:00:00 PM,Monday,entire route,General Delay,15,40,b/w,
2014/09/15,79,2:00:00 PM,Monday,entire route,General Delay,14,40,b/w,
2014/09/15,161,2:00:00 PM,Monday,entire route,General Delay,2,20,b/w,
2014/09/15,7,2:00:00 PM,Monday,Bathurst stn to Steeles,General Delay,15,25,BW,
2014/09/15,86,2:00:00 PM,Monday,Kennedy Stn -  Zoo,General Delay,5,15,BW,
2014/09/15,116,2:00:00 PM,Monday,Kennedy Stn - Nightstar,General Delay,5,15,BW,
2014/09/15,45,2:00:00 PM,Monday,"On Belfield, at Iron",Mechanical,22,44,W,7962
2014/09/15,41,2:00:00 PM,Monday,Entire route,General Delay,15,25,b/w,
2014/09/15,160,2:00:00 PM,Monday,Wilson stn to Clark,General Delay,20,35,BW,
2014/09/15,25,2:00:00 PM,Monday,Pape Station,General Delay,10,25,BW,
2014/09/15,85,2:06:00 PM,Monday,Don Mills Station,Investigation,7,13,EB,1081
2014/09/15,32,2:10:00 PM,Monday,Eglinton at Scott,Mechanical,8,16,N,1005
2014/09/15,39,2:15:00 PM,Monday,Finch Stn.,Utilized Off Route,6,12,West,7071
2014/09/15,199,2:17:00 PM,Monday,Scarb Town Ctr Stn,Utilized Off Route,5,10,West,7119
2014/09/15,86,2:21:00 PM,Monday,Kennedy Station,Utilized Off Route,10,20,,7485
2014/09/15,780,2:21:00 PM,Monday,Eglinton Division,Utilized Off Route,1,1,,7438
2014/09/15,54,2:22:00 PM,Monday,Eglinton Division,Utilized Off Route,6,12,,7637
2014/09/15,75,2:22:00 PM,Monday,Sherbourne and Bloor,Utilized Off Route,7,14,N,8351
2014/09/15,42,2:24:00 PM,Monday,Maybrook and McNicoll,Utilized Off Route,28,48,W,8373
2014/09/15,85,2:24:00 PM,Monday,Don Mills Station,Utilized Off Route,5,10,EB,1102
2014/09/15,36,2:24:00 PM,Monday,Finch and Jane,Mechanical,5,10,E,1294
2014/09/15,97,2:25:00 PM,Monday,York Mills Station,Late Leaving Garage,30,60,S,8304
2014/09/15,85,2:27:00 PM,Monday,Don Mills Station,Late Leaving Garage,9,18,EB,9062
2014/09/15,95,2:27:00 PM,Monday,Scarb College Campus,Utilized Off Route,11,15,W,1703
2014/09/15,35,2:28:00 PM,Monday,Jane Station,Mechanical,22,46,NB,1387
2014/09/15,81,2:30:00 PM,Monday,Pape Station,Utilized Off Route,10,20,N,7756
2014/09/15,122,2:30:00 PM,Monday,Graydon Hall Route,General Delay,13,21,b/w,
2014/09/15,104,2:30:00 PM,Monday,Downsview Stn,Late Leaving Garage,13,26,n,8359
2014/09/15,87,2:30:00 PM,Monday,BROADVIEW STATION,Utilized Off Route,6,12,E,7737
2014/09/15,44,2:31:00 PM,Monday,Colonel Samuel Smith Loop,Utilized Off Route,4,8,S,8085
2014/09/15,11,2:32:00 PM,Monday,Davisville stn,Utilized Off Route,12,24,N,1823
2014/09/15,96,2:38:00 PM,Monday,Wilson,Late Leaving Garage,18,36,w,7207
2014/09/15,39,2:38:00 PM,Monday,McCowan and Finche East,Mechanical,6,12,East,7066
2014/09/15,89,2:40:00 PM,Monday,Keele stn,Utilized Off Route,8,15,n,1507
2014/09/15,41,2:40:00 PM,Monday,Keele stn,Utilized Off Route,8,16,n,1688
2014/09/15,87,2:41:00 PM,Monday,MAIN STATION,Mechanical,6,12,W,7819
2014/09/15,168,2:42:00 PM,Monday,DUNDAS STN W,Utilized Off Route,8,16,N/B,7301
2014/09/15,88,2:47:00 PM,Monday,Beth Nielson and Wickstead,Late Leaving Garage,8,16,e/b,8160
2014/09/15,96,2:56:00 PM,Monday,genthorn/Elmurst.,Mechanical,18,36,w,7934
2014/09/15,11,2:56:00 PM,Monday,Davisville stn,Investigation,12,24,N,8387
2014/09/15,46,2:57:00 PM,Monday,Martin Grove,Late Leaving Garage,10,20,s,7945
2014/09/15,54,2:59:00 PM,Monday,Lawrence/Markham,Late Leaving Garage,10,20,e,7461
2014/09/15,73,3:00:00 PM,Monday,ENTIRE ROUTE,General Delay,25,30,BW,
2014/09/15,68,3:00:00 PM,Monday,68 Warden Route,General Delay,12,18,bw,
2014/09/15,94,3:00:00 PM,Monday,Wellesley route 94,Diversion,17,35,BW,
2014/09/15,168,3:00:00 PM,Monday,ENTIRE ROUTE,General Delay,20,25,B/W,
2014/09/15,12,3:00:00 PM,Monday,Kingston Road  Route,General Delay,10,0,B/W,
2014/09/15,190,3:00:00 PM,Monday,190 STC Rocket Don Mills to STC SRT,General Delay,10,20,BW,
2014/09/15,57,3:00:00 PM,Monday,Midland Route,General Delay,15,1,B/W,
2014/09/15,106,3:00:00 PM,Monday,Downsview Stn to York U,General Delay,25,18,n,
2014/09/15,25,3:00:00 PM,Monday,William Morgan Drive to Overlea and Don Mills,General Delay,10,15,NE,
2014/09/15,72,3:00:00 PM,Monday,Pape  Route,General Delay,20,1,B/W,
2014/09/15,32,3:00:00 PM,Monday,Eglinton route,General Delay,15,25,B/W,
2014/09/15,94,3:00:00 PM,Monday,Wellesley route 94,General Delay,17,35,BW,
2014/09/15,26,3:00:00 PM,Monday,ENTIRE ROUTE,General Delay,20,25,B/W,
2014/09/15,45,3:00:00 PM,Monday,Kipling Station to Steeles,General Delay,15,19,B/W,
2014/09/15,26,3:02:00 PM,Monday,ST GEORGE STN,Mechanical,14,28,W/B,7304
2014/09/15,96,3:04:00 PM,Monday,Thistledown,Late Leaving Garage,12,24,w,1383
2014/09/15,95,3:13:00 PM,Monday,Ellesmere RT Station,Late Leaving Garage,8,17,W,1120
2014/09/15,59,3:14:00 PM,Monday,Lawrence West Station,Late Leaving Garage,12,24,EB,7947
2014/09/15,68,3:14:00 PM,Monday,Warden and Steeles,Mechanical,7,14,,7441
2014/09/15,106,3:25:00 PM,Monday,Downsview Stn,Late Leaving Garage,10,20,n,9425
2014/09/15,17,3:29:00 PM,Monday,Birchmount & Steeles,Mechanical,8,16,S,7813
2014/09/15,129,3:29:00 PM,Monday,Mccowan and Finch,Investigation,5,10,SB,1089
2014/09/15,35,3:30:00 PM,Monday,Lawrence west stn,Mechanical,6,17,w/b,1526
2014/09/15,126,3:30:00 PM,Monday,126-Christie route,General Delay,10,8,b/w,
2014/09/15,165,3:30:00 PM,Monday,Finch and Weston,Mechanical,4,14,S,1267
2014/09/15,52,3:30:00 PM,Monday,MartinGrove & Lawrence,Late Leaving Garage,11,22,w/b,1019
2014/09/15,199,3:31:00 PM,Monday,Scarb Town Ctr STn,Late Leaving Garage,4,8,West,1088
2014/09/15,70,3:34:00 PM,Monday,O;Connor,General Delay,13,28,,
2014/09/15,100,3:34:00 PM,Monday,Wynford North of Eglinton,Mechanical,4,8,N,7566
2014/09/15,96,3:34:00 PM,Monday,Wilsn/Jane,Late Leaving Garage,30,60,s,7234
2014/09/15,116,3:35:00 PM,Monday,Kennedy Stn,Mechanical,6,11,E,7556
2014/09/15,37,3:36:00 PM,Monday,Islington and Steeles,Mechanical,8,16,S,1370
2014/09/15,60,3:36:00 PM,Monday,Finch stn.,Mechanical,7,14,w,7236
2014/09/15,59,3:37:00 PM,Monday,Lawrence Station,Late Leaving Garage,12,24,WB,7922
2014/09/15,60,3:38:00 PM,Monday,Steeles and Kipling,Mechanical,16,31,E,7936
2014/09/15,165,3:39:00 PM,Monday,York Mills station,Mechanical,5,19,W,7236
2014/09/15,96,3:41:00 PM,Monday,Humberwood loop,Mechanical,18,36,s,7205
2014/09/15,196,3:43:00 PM,Monday,,Mechanical,9,18,n,8202
2014/09/15,96,3:44:00 PM,Monday,Woodbine Downs,Late Leaving Garage,30,60,s,7952
2014/09/15,35,3:45:00 PM,Monday,Jane and Sheppard,Mechanical,2,5,NB,7901
2014/09/15,36,3:47:00 PM,Monday,Finch station,Mechanical,5,10,W,1333
2014/09/15,60,3:49:00 PM,Monday,Finch stn.,Mechanical,16,29,w,1240
2014/09/15,60,3:50:00 PM,Monday,Finch stn.,Mechanical,7,14,W,1251
2014/09/15,124,3:51:00 PM,Monday,Lawrence W.Stn,Late Leaving Garage,6,12,e/b,8173
2014/09/15,36,3:53:00 PM,Monday,Humberwood loop,Mechanical,5,10,E,1751
2014/09/15,36,3:55:00 PM,Monday,Finch station 36F,Mechanical,15,25,W,1234
2014/09/15,85,3:56:00 PM,Monday,Sheppard Av-McCowan Rd,Investigation,13,26,eb,1757
2014/09/15,113,4:00:00 PM,Monday,Danforth Ave. VP to Main Stn.,General Delay,10,20,bw,8145
2014/09/15,52,4:00:00 PM,Monday,52-Lawrence West route,General Delay,12,10,b/w,
2014/09/15,11,4:00:00 PM,Monday,Bayview at Yorkmills,General Delay,19,25,b/w,
2014/09/15,123,4:00:00 PM,Monday,Entire route,General Delay,15,15,bw,
2014/09/15,142,4:00:00 PM,Monday,Queens Park Circle,General Delay,20,50,B/W,
2014/09/15,144,4:00:00 PM,Monday,144 Downtown Express,General Delay,20,40,,
2014/09/15,67,4:00:00 PM,Monday,67 Pharmacy Route,General Delay,10,20,BW,
2014/09/15,20,4:00:00 PM,Monday,Cliffside Route,General Delay,10,20,bw,7729
2014/09/15,143,4:00:00 PM,Monday,143 Beach Express,General Delay,35,0,B/W,
2014/09/15,107,4:00:00 PM,Monday,Sheppard Ave to Rivermede,General Delay,30,45,b,
2014/09/15,88,4:00:00 PM,Monday,Brentcliffe and Wicksteed,Diversion,8,16,e/b,8332
2014/09/15,81,4:00:00 PM,Monday,Thorncliffe Route,General Delay,10,0,B/W,
2014/09/15,46,4:00:00 PM,Monday,Martin Grove,General Delay,30,60,B/W,1
2014/09/15,191,4:00:00 PM,Monday,hwy 27 route,General Delay,1,1,B/W,
2014/09/15,21,4:00:00 PM,Monday,brimley Route,General Delay,10,0,B/W,
2014/09/15,51,4:00:00 PM,Monday,Leslie at Yorkmills,General Delay,30,47,B/W,
2014/09/15,96,4:00:00 PM,Monday,Wilson Route,General Delay,30,60,B/W,
2014/09/15,172,4:00:00 PM,Monday,172 Cherrym St,General Delay,15,1,B/W,
2014/09/15,69,4:00:00 PM,Monday,Warden South,General Delay,15,0,B/W,
2014/09/15,125,4:05:00 PM,Monday,Finch stn,Mechanical,10,20,e/b,1829
2014/09/15,102,4:06:00 PM,Monday,markham & Steeles,Investigation,23,46,S,7695
2014/09/15,56,4:10:00 PM,Monday,Eglinton stn,Mechanical,22,44,E,8195
2014/09/15,36,4:13:00 PM,Monday,Humberwood loop,Mechanical,5,10,E,1260
2014/09/15,60,4:15:00 PM,Monday,Steeles and Weston,Mechanical,7,14,E,7210
2014/09/15,42,4:16:00 PM,Monday,Bayview and Cummer,Mechanical,23,46,e/b,8346
2014/09/15,81,4:16:00 PM,Monday,Pape & Cosburn,Mechanical,7,14,N/B,8131
2014/09/15,53,4:18:00 PM,Monday,Passmore & Markham,Mechanical,5,10,W,7030
2014/09/15,54,4:24:00 PM,Monday,underwriters on Lawrence,Mechanical,10,20,w,7521
2014/09/15,133,4:30:00 PM,Monday,Entire Route,General Delay,10,0,BW,
2014/09/15,100,4:31:00 PM,Monday,Wynford Heights and Wynford Drive,Mechanical,4,8,N,7439
2014/09/15,75,4:34:00 PM,Monday,South Dr. and Glen Rd.,Diversion,120,127,S,8316
2014/09/15,87,4:35:00 PM,Monday,Main Stn,Utilized Off Route,6,12,W/B,7722
2014/09/15,84,4:38:00 PM,Monday,Weston and Bradstock,Mechanical,11,22,E,1215
2014/09/15,141,4:40:00 PM,Monday,Ricmond to Adalaide and Jarvis,General Delay,30,60,S,1508
2014/09/15,29,4:55:00 PM,Monday,Wilson Stn,Mechanical,3,7,s,8157
2014/09/15,36,4:57:00 PM,Monday,Finch station,Mechanical,5,10,W,1255
2014/09/15,39,4:58:00 PM,Monday,Morningview Trail and Sewells Rd,Mechanical,15,30,West,7071
2014/09/15,64,4:59:00 PM,Monday,Main Stn,Utilized Off Route,8,16,S/b,8147
2014/09/15,24,5:00:00 PM,Monday,Victoria Park Route,General Delay,10,20,bw,8102
2014/09/15,95,5:00:00 PM,Monday,York Mills/Ellesmere,General Delay,14,28,b/ws,
2014/09/15,23,5:00:00 PM,Monday,MAIN STATION,General Delay,8,16,B/W,7786
2014/09/15,53,5:00:00 PM,Monday,Finch Stn to Staines,General Delay,10,20,B/W,
2014/09/15,34,5:00:00 PM,Monday,Leslie to Bayview,General Delay,15,25,BW,
2014/09/15,84,5:03:00 PM,Monday,Sheppard and Chesswood,Mechanical,6,11,e,1296
2014/09/15,34,5:06:00 PM,Monday,Kennedy Station,Mechanical,4,8,EB,7404
2014/09/15,116,5:11:00 PM,Monday,Kennedy Stn,Mechanical,6,12,E,7507
2014/09/15,21,5:19:00 PM,Monday,Brimley & Applefield,Mechanical,11,22,S/b,7765
2014/09/15,196,5:20:00 PM,Monday,Downsview Stn,Mechanical,2,4,n,9435
2014/09/15,85,5:25:00 PM,Monday,Malvern Gate,Mechanical,9,18,eb,9075
2014/09/15,53,5:27:00 PM,Monday,Passmore & Markham,Mechanical,5,10,W,7007
2014/09/15,167,5:30:00 PM,Monday,Don Mills Stn. to Pharmacy,General Delay,10,20,bw,7841
2014/09/15,91,5:31:00 PM,Monday,Wooddbine Station,General Delay,24,48,B/W,7845
2014/09/15,26,5:37:00 PM,Monday,JANE STN,Mechanical,14,28,E/B,7311
2014/09/15,22,5:38:00 PM,Monday,Coxwell Station,Mechanical,10,20,s,7877
2014/09/15,11,5:41:00 PM,Monday,Davisville stn,Mechanical,12,24,N,1820
2014/09/15,196,5:52:00 PM,Monday,Downsview Stn,Investigation,2,4,b,8187
2014/09/15,196,6:00:00 PM,Monday,York U Route,General Delay,2,6,,
2014/09/15,107,6:00:00 PM,Monday,KEELE NRT ROUTE,General Delay,30,60,NB,
2014/09/15,105,6:00:00 PM,Monday,Dufferin North Route,General Delay,13,32,,
2014/09/15,133,6:01:00 PM,Monday,Finch and Morningside,Mechanical,7,14,NB,1139
2014/09/15,29,6:10:00 PM,Monday,Geary and Dufferin,Mechanical,7,15,n,9027
2014/09/15,92,6:17:00 PM,Monday,Woodbine Stn,Utilized Off Route,7,14,s,7717
2014/09/15,25,6:18:00 PM,Monday,Thorncliffe Park and Overlea,Investigation,6,12,SB,7608
2014/09/15,90,6:25:00 PM,Monday,St. Clair W. stn,Utilized Off Route,5,10,N,8357
2014/09/15,23,6:30:00 PM,Monday,Main Stn,General Delay,8,16,n/s,
2014/09/15,29,6:31:00 PM,Monday,Dufferin and College,Utilized Off Route,8,16,s/b,8184
2014/09/15,63,6:35:00 PM,Monday,Ossington&Dundas,Utilized Off Route,4,9,S,1287
2014/09/15,40,6:35:00 PM,Monday,RUNNYMEDE LOOP,Mechanical,8,16,e/b,7339
2014/09/15,53,6:37:00 PM,Monday,Steeles & McCowan,Mechanical,5,10,W,7118
2014/09/15,35,6:41:00 PM,Monday,Jane Station,Mechanical,26,52,SB,1284
2014/09/15,102,6:58:00 PM,Monday,Mount Joy,Mechanical,20,40,S,7696
2014/09/15,191,7:00:00 PM,Monday,Martin Grove loop,Mechanical,10,20,s,7917
2014/09/15,87,7:00:00 PM,Monday,Main Stn,General Delay,9,18,w/e,
2014/09/15,35,7:00:00 PM,Monday,ENTIRE ROUTE,General Delay,15,20,B/W,
2014/09/15,64,7:00:00 PM,Monday,Main Stn,General Delay,8,16,n/s,
2014/09/15,195,7:00:00 PM,Monday,ENTIRE ROUTE,General Delay,15,20,B/W,
2014/09/15,91,7:00:00 PM,Monday,Woodbine STn,General Delay,15,30,n/s,
2014/09/15,59,7:15:00 PM,Monday,Lawrence and Marlee,Mechanical,17,32,W,1295
2014/09/15,29,7:17:00 PM,Monday,Dundas and College,Utilized Off Route,8,16,n/b,8184
2014/09/15,123,7:20:00 PM,Monday,Sherway Gardens,Mechanical,25,50,E,8013
2014/09/15,75,7:21:00 PM,Monday,Queens Quay and Jarvis,Utilized Off Route,13,22,N,8325
2014/09/15,75,7:42:00 PM,Monday,Glen and Maple,Utilized Off Route,11,22,N,8306
2014/09/15,29,7:45:00 PM,Monday,Springhurst loop,Utilized Off Route,8,16,n/b,8184
2014/09/15,196,7:50:00 PM,Monday,Downsview Stn,Utilized Off Route,6,9,,8196
2014/09/15,709,7:52:00 PM,Monday,Eglinton station,Utilized Off Route,0,0,wb,1022
2014/09/15,52,8:05:00 PM,Monday,Carlingview & Dixon,Investigation,15,30,w/b,1245
2014/09/15,87,8:09:00 PM,Monday,Main Stn,Utilized Off Route,13,26,w,7852
2014/09/15,25,8:15:00 PM,Monday,Overlea & Don Mills,Utilized Off Route,7,14,NB,7623
2014/09/15,53,8:20:00 PM,Monday,Passmore & Markham,Mechanical,5,10,W,7033
2014/09/15,54,9:00:00 PM,Monday,Lawrence & Warden,Mechanical,15,30,EB,7469
2014/09/15,97,9:14:00 PM,Monday,Davisville stn,Mechanical,20,40,s/b,8307
2014/09/15,165,10:24:00 PM,Monday,Dubray & Wilson,Mechanical,13,26,W,1347
2014/09/15,102,10:35:00 PM,Monday,Markham/Castlemore,Investigation,40,80,n,7827
2014/09/15,35,10:55:00 PM,Monday,Jane & Finch,Mechanical,8,16,S,1534
2014/09/15,100,10:56:00 PM,Monday,Don Mills & Wynford,Emergency Services,10,20,EB,7605
2014/09/15,52,11:01:00 PM,Monday,Dixon and Carlingview,Investigation,21,42,E/B,1242
2014/09/15,36,11:20:00 PM,Monday,Halesia & Finch,Investigation,7,14,E,1375
2014/09/16,39,12:56:00 AM,Tuesday,Finch and Brimley,Mechanical,6,12,EB,1141
2014/09/16,161,5:08:00 AM,Tuesday,Jane,Late Leaving Garage,0,20,e,1650
2014/09/16,21,5:15:00 AM,Tuesday,Steeles and Midland,Late Leaving Garage,5,10,S,7875
2014/09/16,9,5:24:00 AM,Tuesday,STC,Mechanical,15,30,SB,7823
2014/09/16,38,5:25:00 AM,Tuesday,Rouge Hill GO Station,Mechanical,15,30,WB,1124
2014/09/16,39,5:26:00 AM,Tuesday,neilson and Crowtrail,Late Leaving Garage,4,8,w,7123
2014/09/16,85,5:36:00 AM,Tuesday,Meadowvale loop,Late Leaving Garage,3,7,W,9089
2014/09/16,89,5:42:00 AM,Tuesday,Mount Dennis Garage,Late Leaving Garage,12,22,N/B,1520
2014/09/16,199,5:50:00 AM,Tuesday,Scarbrough Towncentre,Mechanical,3,6,w,1064
2014/09/16,191,5:50:00 AM,Tuesday,Martin Grove,Late Leaving Garage,10,20,s,7900
2014/09/16,77,5:54:00 AM,Tuesday,Runnymede Station,Mechanical,9,18,SB,1589
2014/09/16,129,5:56:00 AM,Tuesday,Steeles/McCowan,Mechanical,10,20,SB,1788
2014/09/16,84,5:58:00 AM,Tuesday,Finch/Arrow,Late Leaving Garage,6,1,N,1301
2014/09/16,76,5:58:00 AM,Tuesday,Royal York and Evans,Late Leaving Garage,6,10,sb,8030
2014/09/16,106,5:59:00 AM,Tuesday,Commons,Late Leaving Garage,10,20,s,1806
2014/09/16,199,5:59:00 AM,Tuesday,Scarbrough towncentre,Mechanical,3,5,w,7007
2014/09/16,107,6:03:00 AM,Tuesday,Downsview stn,Late Leaving Garage,15,30,n/b,9433
2014/09/16,41,6:05:00 AM,Tuesday,Keele Station,Late Leaving Garage,8,16,N/B,1594
2014/09/16,29,6:08:00 AM,Tuesday,DMBL,Late Leaving Garage,56,63,n,9011
2014/09/16,60,6:14:00 AM,Tuesday,Kipling Avenue,Mechanical,15,0,E,1206
2014/09/16,41,6:15:00 AM,Tuesday,Keele Station,Late Leaving Garage,15,30,N/B,1552
2014/09/16,129,6:16:00 AM,Tuesday,Major Mckenzie & Ridgecrest,Mechanical,15,30,SB,1737
2014/09/16,51,6:17:00 AM,Tuesday,Eglinton stn,Late Leaving Garage,14,28,n/b,8163
2014/09/16,54,6:20:00 AM,Tuesday,Star Spray Loop,Mechanical,9,18,wb,7539
2014/09/16,34,6:21:00 AM,Tuesday,Eglinton Station,Late Leaving Garage,4,8,EB,7655
2014/09/16,32,6:24:00 AM,Tuesday,Eglinton and Caledonia,Mechanical,12,24,EB,1580
2014/09/16,53,6:24:00 AM,Tuesday,Passmore - Markham,Late Leaving Garage,4,9,W,7057
2014/09/16,84,6:28:00 AM,Tuesday,Finch/Arrow,Late Leaving Garage,20,40,N,7217
2014/09/16,25,6:34:00 AM,Tuesday,Overlea at William Morgan,Emergency Services,5,10,WB,7645
2014/09/16,39,6:35:00 AM,Tuesday,Neilson and Crowtrail,Mechanical,4,8,w,1080
2014/09/16,191,6:37:00 AM,Tuesday,hyw 27 route,Mechanical,10,20,s10,
2014/09/16,165,6:39:00 AM,Tuesday,York Mills station,Mechanical,8,17,W,7931
2014/09/16,45,6:41:00 AM,Tuesday,Kipling Stn,Investigation,5,11,n/b,7350
2014/09/16,61,6:42:00 AM,Tuesday,Bombay loop,Mechanical,10,20,s/b,8358
2014/09/16,36,6:45:00 AM,Tuesday,Humberwood loop,Mechanical,4,8,E,
2014/09/16,29,6:45:00 AM,Tuesday,Playfair,Mechanical,6,13,s,8301
2014/09/16,54,6:46:00 AM,Tuesday,Lawrence rt,Mechanical,9,18,eb,7407
2014/09/16,37,6:46:00 AM,Tuesday,Steeles and Islington,Late Leaving Garage,6,12,S,1297
2014/09/16,68,6:47:00 AM,Tuesday,Warden Station,Late Leaving Garage,4,8,NB,7454
2014/09/16,96,6:49:00 AM,Tuesday,Woodbine Route,Late Leaving Garage,30,60,w,7229
2014/09/16,199,6:50:00 AM,Tuesday,Scarbrough Towncentre,Mechanical,3,6,w,7006
2014/09/16,45,6:52:00 AM,Tuesday,Kipling/Steeles,Late Leaving Garage,6,12,s/b,8013
2014/09/16,60,6:55:00 AM,Tuesday,Steeles Avenue West Approaching Markbrook,Mechanical,10,20,W,1377
2014/09/16,37,6:56:00 AM,Tuesday,Islington station,Late Leaving Garage,8,16,s,1270
2014/09/16,131,6:58:00 AM,Tuesday,Scarborough Town Center,Late Leaving Garage,8,16,EB,1780
2014/09/16,66,7:00:00 AM,Tuesday,(D) SERVICE LAKESHORE AND MARINE PARADE,General Delay,15,20,e/b,
2014/09/16,145,7:00:00 AM,Tuesday,ENTIRE DOWNTOWN CORE,General Delay,40,50,e/b,
2014/09/16,45,7:00:00 AM,Tuesday,Entire Kipling North Route,General Delay,12,24,b/w,7335
2014/09/16,25,7:00:00 AM,Tuesday,Entire Route,General Delay,25,18,BW,7497
2014/09/16,86,7:02:00 AM,Tuesday,Kennedy station,Utilized Off Route,18,36,E,7431
2014/09/16,85,7:05:00 AM,Tuesday,Sheppard and Dean Park,Mechanical,8,16,E,9089
2014/09/16,7,7:07:00 AM,Tuesday,Bathurst at Wilson,Late Leaving Garage,10,19,s/b,9025
2014/09/16,196,7:08:00 AM,Tuesday,Wilson Garage,Late Leaving Garage,2,4,N,8370
2014/09/16,41,7:10:00 AM,Tuesday,Keele and St.Clair,Mechanical,8,16,N/B,1035
2014/09/16,81,7:13:00 AM,Tuesday,Pape stn,Utilized Off Route,4,8,N,8114
2014/09/16,57,7:19:00 AM,Tuesday,Midland and Baylawn,Mechanical,6,12,s,8117
2014/09/16,60,7:21:00 AM,Tuesday,York University Commons,Mechanical,7,14,E,1310
2014/09/16,76,7:27:00 AM,Tuesday,ROYAL YORK STN,Mechanical,4,9,S/B,7328
2014/09/16,7,7:30:00 AM,Tuesday,Steeles to Bathurst stn,General Delay,10,19,b/w,
2014/09/16,160,7:30:00 AM,Tuesday,Clark  to Wilson stn,General Delay,10,30,b/w,
2014/09/16,33,7:30:00 AM,Tuesday,Castlefied to St.Clair wst,General Delay,15,31,b/w,
2014/09/16,86,7:30:00 AM,Tuesday,Scarborough route,General Delay,12,0,B/W,
2014/09/16,53,7:33:00 AM,Tuesday,Lauraleaf and Steeles Ave East,Emergency Services,5,10,West,7056
2014/09/16,36,7:35:00 AM,Tuesday,Finch and Westmore,Mechanical,4,8,W,1246
2014/09/16,143,7:40:00 AM,Tuesday,Beaches express service,General Delay,32,0,B/W,
2014/09/16,60,7:42:00 AM,Tuesday,Finch Station,Late Leaving Garage,7,14,W,1294
2014/09/16,53,7:44:00 AM,Tuesday,Finch Stn,Mechanical,4,8,East,7098
2014/09/16,116,7:45:00 AM,Tuesday,Morningside Route,General Delay,10,0,B/W,
2014/09/16,196,7:48:00 AM,Tuesday,Sheppard Stn,Mechanical,6,12,W,9439
2014/09/16,36,7:49:00 AM,Tuesday,Humberwood loop,Mechanical,4,8,E,1260
2014/09/16,64,7:49:00 AM,Tuesday,Queen and Wineva,Utilized Off Route,8,16,s,8126
2014/09/16,37,7:52:00 AM,Tuesday,Islington Station,Mechanical,6,12,N,1251
2014/09/16,70,7:53:00 AM,Tuesday,Pharmacy Craigton,Mechanical,7,21,wb,7563
2014/09/16,196,7:57:00 AM,Tuesday,Downsview Stn,Mechanical,2,4,57263,9427
2014/09/16,165,8:00:00 AM,Tuesday,Weston North route,General Delay,25,35,B,
2014/09/16,5,8:00:00 AM,Tuesday,Eglinton stn to Elm ave,General Delay,15,30,b/w,
2014/09/16,24,8:00:00 AM,Tuesday,VP ROUTE,General Delay,10,0,BW,
2014/09/16,51,8:00:00 AM,Tuesday,Townsend to Eglinton stn,General Delay,15,30,b/w,
2014/09/16,36,8:00:00 AM,Tuesday,Finch  West route,General Delay,15,20,B,1218
2014/09/16,11,8:00:00 AM,Tuesday,Steeles to Davisville stn,General Delay,30,60,b/w,
2014/09/16,120,8:00:00 AM,Tuesday,Calvington route,General Delay,45,75,B,
2014/09/16,70,8:00:00 AM,Tuesday,Coxwell stn to St Clair Oconnor,General Delay,15,25,bw,
2014/09/16,29,8:00:00 AM,Tuesday,Wilson stn / Princess gates,General Delay,9,18,B/W,
2014/09/16,124,8:00:00 AM,Tuesday,Lawrence stn to Sunnybrook hospital,General Delay,12,24,b/w,
2014/09/16,96,8:00:00 AM,Tuesday,Wilosn Route,General Delay,1,1,B/W,1
2014/09/16,167,8:01:00 AM,Tuesday,STEELES LOOP,Mechanical,14,38,SB,7853
2014/09/16,125,8:08:00 AM,Tuesday,Finch stn,Mechanical,6,12,w/b,8171
2014/09/16,94,8:10:00 AM,Tuesday,Entire route,General Delay,10,16,B/w,
2014/09/16,85,8:10:00 AM,Tuesday,Don Mills station to Rouge Hill GO,General Delay,14,8,E,
2014/09/16,34,8:11:00 AM,Tuesday,Eglinton Ave & Sutherland,Emergency Services,4,8,WB,7440
2014/09/16,192,8:15:00 AM,Tuesday,Kipling Station,Mechanical,10,20,n/b,8001
2014/09/16,6,8:15:00 AM,Tuesday,Entire route,General Delay,8,12,B/w,
2014/09/16,87,8:21:00 AM,Tuesday,Main stn,Utilized Off Route,10,20,W,7737
2014/09/16,32,8:21:00 AM,Tuesday,Eglinton West Station,Investigation,5,10,EB,1663
2014/09/16,75,8:25:00 AM,Tuesday,Sherbourne at Carlton,Diversion,30,36,b/w,
2014/09/16,60,8:27:00 AM,Tuesday,Weston Road on Steeles Avenue West,Mechanical,7,14,W,1354
2014/09/16,116,8:31:00 AM,Tuesday,Kennedy station,Mechanical,12,24,E,7470
2014/09/16,72,8:33:00 AM,Tuesday,Pape stn,Mechanical,10,20,s,7802
2014/09/16,106,8:45:00 AM,Tuesday,Downsview Stn,Mechanical,7,14,N,1806
2014/09/16,11,8:48:00 AM,Tuesday,Davisville stn,Utilized Off Route,12,24,n/b,8160
2014/09/16,72,8:50:00 AM,Tuesday,Carlaw and Queen,General Delay,8,1,B/W,
2014/09/16,196,8:57:00 AM,Tuesday,Downsview Stn,Mechanical,2,4,N,9424
2014/09/16,108,9:09:00 AM,Tuesday,Sheppard Avenue at Jane Street,Investigation,0,0,W,1379
2014/09/16,53,9:14:00 AM,Tuesday,Woodbine and Steeles Ave East,Mechanical,23,46,West,1766
2014/09/16,35,9:15:00 AM,Tuesday,Jane/Shoreham,Late Leaving Garage,24,48,N,1341
2014/09/16,95,9:15:00 AM,Tuesday,Uork Mills Stm to Kingston Rd loop,General Delay,10,15,B/W,
2014/09/16,70,9:16:00 AM,Tuesday,Victoria Park Craigton,Diversion,18,98,eb,7585
2014/09/16,32,9:25:00 AM,Tuesday,Trethewey and Martha Eaton Way,Diversion,31,40,B/W,1044
2014/09/16,41,9:30:00 AM,Tuesday,Tangiers and Finch and Keele and Gulliver,General Delay,15,30,B/w,
2014/09/16,16,9:32:00 AM,Tuesday,Warden Station,Mechanical,10,20,E,7827
2014/09/16,108,9:47:00 AM,Tuesday,Driftwood Avenue at Finch,Mechanical,18,36,S,1290
2014/09/16,196,9:51:00 AM,Tuesday,Downsview Stn,Mechanical,2,4,N,8213
2014/09/16,104,9:56:00 AM,Tuesday,Wilson Stn,Mechanical,15,30,N,8322
2014/09/16,66,10:01:00 AM,Tuesday,OLD MILL STN,Mechanical,14,28,S/B,8041
2014/09/16,196,10:30:00 AM,Tuesday,Downsview Stn,Utilized Off Route,2,3,n,9417
2014/09/16,196,10:33:00 AM,Tuesday,Downsview Stn,Mechanical,2,4,n,8213
2014/09/16,75,10:41:00 AM,Tuesday,South Glen and Glen rd,Mechanical,6,12,S,8209
2014/09/16,122,10:43:00 AM,Tuesday,Yorkmills stn,Mechanical,17,34,e,8300
2014/09/16,107,10:58:00 AM,Tuesday,Rutherford Go Stn,Mechanical,32,64,n,9442
2014/09/16,168,11:03:00 AM,Tuesday,Davenport and Symington,Investigation,8,16,n,7313
2014/09/16,168,11:03:00 AM,Tuesday,DAVENPORT AND SYMINGTON,Investigation,8,16,s/b,7318
2014/09/16,29,11:04:00 AM,Tuesday,Rogers rd,Mechanical,2,4,s,8351
2014/09/16,196,11:21:00 AM,Tuesday,Wilson stn,Utilized Off Route,2,4,n,9448
2014/09/16,97,11:25:00 AM,Tuesday,Yonge St at Castlefield,Mechanical,20,40,N,8365
2014/09/16,29,11:28:00 AM,Tuesday,Wilson stn,Mechanical,4,8,s,9009
2014/09/16,69,11:29:00 AM,Tuesday,Birchmount and Danforth,Mechanical,11,22,S,8148
2014/09/16,134,11:29:00 AM,Tuesday,McCowan and Triton,Mechanical,9,18,East,9087
2014/09/16,129,11:29:00 AM,Tuesday,Scarborough Town Center,Mechanical,6,12,NB,1112
2014/09/16,196,12:00:00 PM,Tuesday,Sheppard Stn,Mechanical,8,16,n,9404
2014/09/16,172,12:00:00 PM,Tuesday,Cherry street route,General Delay,10,1,B/W,
2014/09/16,196,12:07:00 PM,Tuesday,Downsview Stn,Mechanical,2,4,n,8363
2014/09/16,102,12:13:00 PM,Tuesday,Warden Station,Mechanical,14,28,N,7876
2014/09/16,34,12:15:00 PM,Tuesday,Eglinton Ave & Lebovic Ave,Mechanical,8,16,WB,7668
2014/09/16,100,12:17:00 PM,Tuesday,Don Mills Gateway,Emergency Services,5,12,sb,7662
2014/09/16,134,12:19:00 PM,Tuesday,Scarb Town Ctr Stn,Mechanical,9,18,East,9087
2014/09/16,29,12:20:00 PM,Tuesday,Brandon,Mechanical,4,8,n,9041
2014/09/16,190,12:26:00 PM,Tuesday,Scarborough town centre,Mechanical,10,21,W,1081
2014/09/16,196,12:29:00 PM,Tuesday,Downsview Stn,Mechanical,2,4,n,9408
2014/09/16,196,12:29:00 PM,Tuesday,Downsview Stn,Mechanical,2,4,n,9408
2014/09/16,106,12:30:00 PM,Tuesday,Downsview Stn,Mechanical,10,20,n,9418
2014/09/16,87,12:40:00 PM,Tuesday,Main Station,Utilized Off Route,12,24,W,7792
2014/09/16,52,12:40:00 PM,Tuesday,Martin grove,Investigation,15,30,w,1262
2014/09/16,92,12:45:00 PM,Tuesday,Woodbine Station,Utilized Off Route,8,16,W,7852
2014/09/16,67,12:54:00 PM,Tuesday,Elbank on Pharmacy,Mechanical,12,36,N/B,7403
2014/09/16,165,1:00:00 PM,Tuesday,York Mills Stn to Canada Dr.,General Delay,50,35,BW,
2014/09/16,107,1:00:00 PM,Tuesday,Sheppard to Rivermede,General Delay,30,35,b,
2014/09/16,36,1:00:00 PM,Tuesday,Humberwood/Humberling,Mechanical,5,10,E,7932
2014/09/16,105,1:00:00 PM,Tuesday,Sheppard to Rutherford,General Delay,30,40,b,
2014/09/16,75,1:01:00 PM,Tuesday,Queen Quay at Lower Jarvis,Mechanical,7,14,n/b,8186
2014/09/16,196,1:11:00 PM,Tuesday,Downsview Stn,Mechanical,2,4,n,8355
2014/09/16,39,1:23:00 PM,Tuesday,Neilson and CrowTrail,Mechanical,6,12,West,7128
2014/09/16,41,1:28:00 PM,Tuesday,Keele and Sheppard,Mechanical,7,14,N/B,1253
2014/09/16,196,1:29:00 PM,Tuesday,,Utilized Off Route,2,4,n,9410
2014/09/16,120,1:30:00 PM,Tuesday,Wilson STn to Northover,General Delay,20,30,BW,
2014/09/16,70,1:30:00 PM,Tuesday,O'Connor,General Delay,14,32,,
2014/09/16,29,1:34:00 PM,Tuesday,Wilson Stn,Mechanical,4,8,s,9033
2014/09/16,107,1:45:00 PM,Tuesday,Rvermede w of N Rivermede,Mechanical,32,64,n,9427
2014/09/16,191,1:46:00 PM,Tuesday,Martin Grove,Mechanical,10,20,s,7916
2014/09/16,160,2:00:00 PM,Tuesday,Wilson stn to Clark,General Delay,15,35,BW,
2014/09/16,86,2:00:00 PM,Tuesday,Kennedy Stn- Zoo,General Delay,5,15,BW,
2014/09/16,34,2:00:00 PM,Tuesday,Leslie to Bayview,General Delay,20,30,BW,
2014/09/16,97,2:00:00 PM,Tuesday,Yonge Blvd and Yonge St,Mechanical,20,40,S,8163
2014/09/16,67,2:00:00 PM,Tuesday,67 Pharmacy Route,General Delay,12,24,B/W,
2014/09/16,116,2:00:00 PM,Tuesday,Kennedy Stn - Nighstar,General Delay,5,15,BW,
2014/09/16,7,2:06:00 PM,Tuesday,Bathurst and Wilson,Late Leaving Garage,2,9,N,9053
2014/09/16,84,2:20:00 PM,Tuesday,steeles,Mechanical,22,44,e/b,1317
2014/09/16,29,2:24:00 PM,Tuesday,Dufferin and Dovenport,Investigation,4,8,s,9008
2014/09/16,44,2:27:00 PM,Tuesday,Kipling stn,Investigation,6,10,s,8095
2014/09/16,122,2:30:00 PM,Tuesday,YorkMills stn to Roywoon,General Delay,13,18,BW,
2014/09/16,36,2:30:00 PM,Tuesday,Finch Stn-Humberwood,General Delay,30,20,BW,
2014/09/16,68,2:30:00 PM,Tuesday,68 Warden Route,General Delay,10,20,B/W,
2014/09/16,102,2:33:00 PM,Tuesday,Warden Station,Late Leaving Garage,10,20,NB,7823
2014/09/16,44,2:34:00 PM,Tuesday,Col Sam Loop,Late Leaving Garage,4,6,n/b,8094
2014/09/16,84,2:50:00 PM,Tuesday,jane and sheppard,Mechanical,5,10,e/b,1206
2014/09/16,36,2:55:00 PM,Tuesday,Humberwood Loop,Investigation,5,10,E,1706
2014/09/16,105,2:59:00 PM,Tuesday,Dufferin and Steeles,Late Leaving Garage,12,24,n,8160
2014/09/16,94,3:00:00 PM,Tuesday,Wellesley route 94,General Delay,15,33,BW,
2014/09/16,45,3:00:00 PM,Tuesday,Entire route,General Delay,0,0,n/b,
2014/09/16,52,3:00:00 PM,Tuesday,52-Lawrence west route,General Delay,10,8,b/w,
2014/09/16,6,3:00:00 PM,Tuesday,Bay route 6,General Delay,15,20,BW,
2014/09/16,11,3:00:00 PM,Tuesday,Yorkmills to Sheppard,General Delay,15,27,BW,
2014/09/16,32,3:00:00 PM,Tuesday,Eglinton route,General Delay,25,35,B/W,
2014/09/16,196,3:04:00 PM,Tuesday,Downsview Stn,Mechanical,1,4,w,9440
2014/09/16,45,3:05:00 PM,Tuesday,Kipling stn,Utilized Off Route,1,11,n/b,8078
2014/09/16,32,3:06:00 PM,Tuesday,Eglinton at Jane,Mechanical,8,16,E,1609
2014/09/16,44,3:08:00 PM,Tuesday,Kipling/Viking Rd,Diversion,32,41,s/b,8068
2014/09/16,32,3:10:00 PM,Tuesday,Keele at Eglinton,Mechanical,8,16,E,1530
2014/09/16,46,3:10:00 PM,Tuesday,kipling stn,Mechanical,10,20,e/b,1269
2014/09/16,102,3:11:00 PM,Tuesday,Passmore,Late Leaving Garage,20,40,SB,7840
2014/09/16,59,3:12:00 PM,Tuesday,Lawrence West Station,Late Leaving Garage,12,24,WB,7954
2014/09/16,96,3:16:00 PM,Tuesday,Wilson routes,Utilized Off Route,30,60,w,1347
2014/09/16,75,3:18:00 PM,Tuesday,Queen's Quay and Jarvis,Utilized Off Route,6,12,n,8315
2014/09/16,41,3:20:00 PM,Tuesday,Keele station,Utilized Off Route,16,16,S/B,1602
2014/09/16,60,3:22:00 PM,Tuesday,Finch Station,Mechanical,7,14,W,1329
2014/09/16,25,3:24:00 PM,Tuesday,Pape Station,Late Leaving Garage,3,6,N,7533
2014/09/16,76,3:25:00 PM,Tuesday,MIMICO,Mechanical,5,10,N/B,8009
2014/09/16,191,3:27:00 PM,Tuesday,Martin Grove,Mechanical,5,10,s,7909
2014/09/16,35,3:28:00 PM,Tuesday,Jane Station,Late Leaving Garage,5,10,SB,1561
2014/09/16,199,3:30:00 PM,Tuesday,Finch Stn,Late Leaving Garage,0,0,East,1781
2014/09/16,51,3:30:00 PM,Tuesday,Leslie and 401,General Delay,34,49,NB,
2014/09/16,37,3:36:00 PM,Tuesday,islington loop,Late Leaving Garage,8,16,e/b,7249
2014/09/16,60,3:38:00 PM,Tuesday,Kipling and Steeles,Late Leaving Garage,16,32,E,1200
2014/09/16,196,3:38:00 PM,Tuesday,Downsview Stn,Mechanical,2,4,n,9402
2014/09/16,84,3:40:00 PM,Tuesday,rivalda,Late Leaving Garage,7,14,e/b,7239
2014/09/16,32,3:40:00 PM,Tuesday,Eglinton at Islington,Mechanical,8,16,E,1647
2014/09/16,165,3:45:00 PM,Tuesday,Wilson Stn,Utilized Off Route,10,17,W,1364
2014/09/16,54,3:45:00 PM,Tuesday,SRT,Utilized Off Route,10,20,e,7479
2014/09/16,96,3:45:00 PM,Tuesday,Clayson,Mechanical,12,24,w,1208
2014/09/16,10,3:47:00 PM,Tuesday,Don Mills and Leith Hill,Mechanical,10,20,n,8159
2014/09/16,36,3:48:00 PM,Tuesday,Finch/Bathurst,Investigation,5,10,E,1218
2014/09/16,60,3:49:00 PM,Tuesday,Finch Station,Late Leaving Garage,16,32,W,1246
2014/09/16,102,3:51:00 PM,Tuesday,Warden Station,Late Leaving Garage,10,20,NB,906
2014/09/16,139,3:52:00 PM,Tuesday,Don Mills and Esterbrooke,Mechanical,20,40,W,1395
2014/09/16,36,3:53:00 PM,Tuesday,humberwood Loop,Late Leaving Garage,5,10,E,1208
2014/09/16,165,3:55:00 PM,Tuesday,Wilson Stn,Utilized Off Route,14,20,E,1383
2014/09/16,66,3:55:00 PM,Tuesday,MARINE PARADE,Mechanical,15,30,n/b,7309
2014/09/16,16,3:56:00 PM,Tuesday,STC,Mechanical,7,14,SB,7760
2014/09/16,34,3:56:00 PM,Tuesday,Kennedy Station,Mechanical,4,8,,7562
2014/09/16,86,3:57:00 PM,Tuesday,Kennedy Stn,Mechanical,10,21,E,7599
2014/09/16,36,3:57:00 PM,Tuesday,Finch Stn,Late Leaving Garage,5,10,W,7932
2014/09/16,40,3:58:00 PM,Tuesday,DUNDAS W STN,Investigation,8,15,W/B,7314
2014/09/16,59,4:00:00 PM,Tuesday,Lawrence West Station,Late Leaving Garage,12,24,WB,7923
2014/09/16,191,4:00:00 PM,Tuesday,Hwy 191 run,General Delay,15,30,`b/w,
2014/09/16,96,4:00:00 PM,Tuesday,Wilson Route,General Delay,1,1,B/W,
2014/09/16,20,4:00:00 PM,Tuesday,Danforth Ave.,General Delay,15,30,bw,8123
2014/09/16,113,4:00:00 PM,Tuesday,"Danforth Ave. "" Main Stn. to VP""",General Delay,15,30,bw,7682
2014/09/16,143,4:00:00 PM,Tuesday,Route 143 DT Express,General Delay,25,1,b/w,
2014/09/16,66,4:00:00 PM,Tuesday,PRINCE EDWARD AND BLOOR,Diversion,27,35,S/B,7336
2014/09/16,34,4:00:00 PM,Tuesday,Eglinton and Laird,General Delay,1,1,,
2014/09/16,88,4:00:00 PM,Tuesday,Brentcliffe,Diversion,8,16,e/b,8200
2014/09/16,53,4:10:00 PM,Tuesday,Finch Stn,Mechanical,14,29,E,9087
2014/09/16,96,4:10:00 PM,Tuesday,Wilson Route,Utilized Off Route,30,60,w,7217
2014/09/16,36,4:12:00 PM,Tuesday,Finch Stn,Late Leaving Garage,5,10,W,1254
2014/09/16,53,4:15:00 PM,Tuesday,Finch Stn to Staines,General Delay,10,15,B/W,
2014/09/16,106,4:21:00 PM,Tuesday,Downsview Stn,Mechanical,9,19,n,8319
2014/09/16,60,4:27:00 PM,Tuesday,Hwy. 27 on Steeles,Mechanical,7,14,E,1732
2014/09/16,96,4:28:00 PM,Tuesday,Wilson route,Utilized Off Route,30,60,w,7209
2014/09/16,60,4:30:00 PM,Tuesday,Steeles West Route,General Delay,15,24,BW,
2014/09/16,60,4:30:00 PM,Tuesday,Kipling and Steeles,Mechanical,15,30,E,7210
2014/09/16,87,4:30:00 PM,Tuesday,Main stn.,Utilized Off Route,6,12,w/b,7789
2014/09/16,81,4:34:00 PM,Tuesday,Pape stn.,Utilized Off Route,7,14,W/B,7870
2014/09/16,141,4:35:00 PM,Tuesday,Adalaide from peter to Jarvis,General Delay,30,60,B/W,1030
2014/09/16,196,4:36:00 PM,Tuesday,Downsview stn,Utilized Off Route,6,12,e/b,8208
2014/09/16,60,4:40:00 PM,Tuesday,Islington Avenue,Mechanical,16,32,W,1246
2014/09/16,5,4:40:00 PM,Tuesday,Queen's Park Circle,General Delay,17,33,BW,
2014/09/16,36,4:41:00 PM,Tuesday,Finch/Albion,Mechanical,5,10,W,7932
2014/09/16,96,4:42:00 PM,Tuesday,Yonge Blvd,Mechanical,18,36,s,1352
2014/09/16,132,4:47:00 PM,Tuesday,Scarborough town centre,Mechanical,9,21,EB,1791
2014/09/16,6,4:50:00 PM,Tuesday,Bay & Hagerman,Investigation,6,11,N,1642
2014/09/16,53,4:53:00 PM,Tuesday,Passmore & Markham,Mechanical,5,10,W,7117
2014/09/16,90,4:54:00 PM,Tuesday,St. Clair W. stn,Utilized Off Route,5,10,N,8358
2014/09/16,35,5:00:00 PM,Tuesday,Jane and Wilson,Mechanical,5,10,SB,1260
2014/09/16,96,5:00:00 PM,Tuesday,Wilson Route,Utilized Off Route,30,30,w,7205
2014/09/16,24,5:00:00 PM,Tuesday,Victoria Park Route,General Delay,10,20,bw,8109
2014/09/16,72,5:00:00 PM,Tuesday,Route Pape,General Delay,1,1,b/w,
2014/09/16,81,5:00:00 PM,Tuesday,Route 81 Thorncliffe,General Delay,1,1,b/w,
2014/09/16,95,5:00:00 PM,Tuesday,Entire Route,General Delay,10,0,BW,
2014/09/16,23,5:02:00 PM,Tuesday,MAIN STATION,General Delay,8,16,B/W,7837
2014/09/16,41,5:05:00 PM,Tuesday,Keele / Rogers,Mechanical,8,16,s,1558
2014/09/16,191,5:05:00 PM,Tuesday,Kipling Station,Mechanical,5,9,n,7915
2014/09/16,94,5:10:00 PM,Tuesday,Castlefrank stn,Mechanical,9,18,W,1649
2014/09/16,196,5:10:00 PM,Tuesday,Downsview Stn,Mechanical,2,4,n,9421
2014/09/16,29,5:25:00 PM,Tuesday,Wilson Stn,Mechanical,7,15,s,9011
2014/09/16,108,5:34:00 PM,Tuesday,Jane and Driftwood,Mechanical,14,28,S,1338
2014/09/16,64,5:39:00 PM,Tuesday,Main Stn,Utilized Off Route,8,16,s,8143
2014/09/16,54,5:48:00 PM,Tuesday,SRT,Utilized Off Route,10,21,e,7673
2014/09/16,95,5:53:00 PM,Tuesday,Ellesmere and Military,Mechanical,4,8,WB,1063
2014/09/16,87,6:00:00 PM,Tuesday,Main Stn,Mechanical,6,12,w,7714
2014/09/16,84,6:00:00 PM,Tuesday,sheppard stn,Mechanical,5,10,e/b,1521
2014/09/16,60,6:00:00 PM,Tuesday,Finch Station,Mechanical,7,14,W,1419
2014/09/16,29,6:05:00 PM,Tuesday,Tycos,Mechanical,4,8,n/b,1819
2014/09/16,53,6:05:00 PM,Tuesday,Steeles & Midland,Mechanical,5,10,e,7070
2014/09/16,73,6:07:00 PM,Tuesday,Royal York Station,Mechanical,20,40,nb,7315
2014/09/16,89,6:15:00 PM,Tuesday,Keele / Weston,Diversion,20,27,s,1595
2014/09/16,41,6:15:00 PM,Tuesday,Keele stn / Humberside,Diversion,20,28,s,1004
2014/09/16,92,6:23:00 PM,Tuesday,Woodbine Stn,Utilized Off Route,7,14,s,7746
2014/09/16,139,6:23:00 PM,Tuesday,Finch West of Hwy 404,Investigation,20,40,W,7066
2014/09/16,39,6:26:00 PM,Tuesday,Sandhurst East and Finch East,Mechanical,5,10,West,1755
2014/09/16,34,6:29:00 PM,Tuesday,Eglinton and Lebovic,Mechanical,4,8,EB,7542
2014/09/16,21,6:37:00 PM,Tuesday,Brimley/Steeles Loop,Mechanical,9,17,s/b,7762
2014/09/16,38,6:38:00 PM,Tuesday,Scar Town Cent,Mechanical,12,24,W,1778
2014/09/16,129,6:55:00 PM,Tuesday,Scar Town Cent,Mechanical,4,9,N,1720
2014/09/16,96,6:55:00 PM,Tuesday,jane Wilson,Mechanical,30,60,w,7236
2014/09/16,54,6:56:00 PM,Tuesday,SRT,Mechanical,10,20,e,7538
2014/09/16,23,7:00:00 PM,Tuesday,Main Stn,General Delay,8,16,n/s,
2014/09/16,25,7:00:00 PM,Tuesday,Pape Station to Steeles and Don Mills,General Delay,10,15,BW,
2014/09/16,91,7:00:00 PM,Tuesday,Woodbine Stn,General Delay,15,30,n/s,
2014/09/16,36,7:02:00 PM,Tuesday,Finch Stn,Mechanical,3,5,W,1284
2014/09/16,91,7:17:00 PM,Tuesday,WOODBINE STATION,General Delay,24,48,B/W,7731
2014/09/16,120,7:21:00 PM,Tuesday,Jane/Giltspur,Mechanical,21,44,E,1265
2014/09/16,102,7:28:00 PM,Tuesday,Warden Stn,Utilized Off Route,18,36,n,7879
2014/09/16,21,7:46:00 PM,Tuesday,Brimley/Brittwell ave.,Mechanical,11,23,s/b,7827
2014/09/16,47,7:51:00 PM,Tuesday,Queen and Lansdowne,Investigation,18,36,S/B,1674
2014/09/16,25,7:54:00 PM,Tuesday,Wynford and Don Mills,Mechanical,4,8,NB,7410
2014/09/16,47,7:56:00 PM,Tuesday,Queen and Lansdowne,Utilized Off Route,18,36,N/B,1577
2014/09/16,89,8:00:00 PM,Tuesday,Weston rd / Walsh,Mechanical,7,15,s,1562
2014/09/16,53,8:02:00 PM,Tuesday,Passmore & Markham,Mechanical,5,10,W,7006
2014/09/16,191,8:15:00 PM,Tuesday,Steeles and Martin Grove loop,Mechanical,15,29,S,7944
2014/09/16,102,8:18:00 PM,Tuesday,Greencrest/Markham Rd,Diversion,15,30,n,8121
2014/09/16,69,8:20:00 PM,Tuesday,Birchmount/Danfort rd.,Mechanical,10,20,n/b,7849
2014/09/16,102,8:41:00 PM,Tuesday,Warden Stn,Utilized Off Route,18,36,n,8119
2014/09/16,47,8:46:00 PM,Tuesday,Queen and Macdonell,Diversion,34,43,N/B,1023
2014/09/16,47,8:50:00 PM,Tuesday,Lansdowne and St.Clair,Emergency Services,18,36,N/B,1058
2014/09/16,57,9:04:00 PM,Tuesday,Kennedy Stn,Mechanical,15,30,n,7765
2014/09/16,43,9:14:00 PM,Tuesday,Kennedy & Ranstone Gdns,Mechanical,15,30,SB,7409
2014/09/16,12,9:27:00 PM,Tuesday,Barkdene/Brooklawn,Mechanical,23,46,e,7798
2014/09/16,44,9:40:00 PM,Tuesday,Jane and Sheppard,Mechanical,10,15,W,7942
2014/09/16,42,9:50:00 PM,Tuesday,Cummer and Ruddington,Emergency Services,20,40,e/b,1826
2014/09/16,29,9:55:00 PM,Tuesday,Wilson Stn,Investigation,5,10,s,9046
2014/09/16,67,9:59:00 PM,Tuesday,Victoria Park Station,Late Leaving Garage,20,40,NB,7560
2014/09/16,89,10:00:00 PM,Tuesday,Entire Route,General Delay,8,20,B/W,
2014/09/16,191,10:30:00 PM,Tuesday,kipling stn,Mechanical,15,30,e/b,7921
2014/09/16,96,11:30:00 PM,Tuesday,carrier,Mechanical,30,60,w/b,7958
2014/09/16,24,11:45:00 PM,Tuesday,Victoria Park STn,Utilized Off Route,10,20,n,7790
2014/09/17,123,12:06:00 AM,Wednesday,Coules court and Brownsline,Mechanical,25,50,s/b,8045
2014/09/17,90,12:08:00 AM,Wednesday,St Clair stn,Mechanical,10,20,s,8195
2014/09/17,54,12:31:00 AM,Wednesday,Lawrence & Bellamy,Diversion,33,50,WB,7600
2014/09/17,116,1:24:00 AM,Wednesday,Morningside 7 mantis,Mechanical,10,20,wb,7543
2014/09/17,50,4:30:00 AM,Wednesday,Approaching east mall,General Delay,15,16,wb,
2014/09/17,86,4:44:00 AM,Wednesday,eglinton yard,Late Leaving Garage,28,0,e,7620
2014/09/17,7,5:21:00 AM,Wednesday,Bathurst and Wilson,Late Leaving Garage,20,30,SB,9025
2014/09/17,31,5:32:00 AM,Wednesday,Neilson and Crow Trail,Mechanical,4,8,w/b,1105
2014/09/17,85,5:36:00 AM,Wednesday,Meadowvale loop,Late Leaving Garage,3,7,W,9075
2014/09/17,85,5:40:00 AM,Wednesday,Don Mills station,Mechanical,15,37,W,1716
2014/09/17,165,5:47:00 AM,Wednesday,Weston North,General Delay,15,20,B,
2014/09/17,116,5:48:00 AM,Wednesday,eglinton garage,Late Leaving Garage,23,46,e,7639
2014/09/17,29,5:49:00 AM,Wednesday,Dufferin and St Clair,Utilized Off Route,7,14,SB,9001
2014/09/17,39,5:50:00 AM,Wednesday,Finch Stn,Utilized Off Route,5,10,e/b,7081
2014/09/17,85,5:52:00 AM,Wednesday,Meadowvale loop,Late Leaving Garage,3,7,W,1113
2014/09/17,88,5:53:00 AM,Wednesday,St Clair Stn,Utilized Off Route,1,20,EB,8392
2014/09/17,6,5:54:00 AM,Wednesday,Davenport and Bay,Utilized Off Route,6,13,s,1539
2014/09/17,85,5:54:00 AM,Wednesday,Don Mill station,Utilized Off Route,3,15,E,9091
2014/09/17,320,5:56:00 AM,Wednesday,Dundas,Utilized Off Route,30,60,n,7482
2014/09/17,34,5:57:00 AM,Wednesday,eglinton station,Utilized Off Route,4,8,e,7669
2014/09/17,32,5:58:00 AM,Wednesday,Eglinton Stration,Utilized Off Route,10,20,WB,1665
2014/09/17,32,5:58:00 AM,Wednesday,Eglinton Station,Utilized Off Route,5,10,WB,1602
2014/09/17,106,6:00:00 AM,Wednesday,York University Commons,Utilized Off Route,15,25,SB,9432
2014/09/17,63,6:00:00 AM,Wednesday,Eglinton West Station,Utilized Off Route,13,26,SB,1008
2014/09/17,165,6:00:00 AM,Wednesday,York Mill station,Utilized Off Route,7,14,W,7210
2014/09/17,76,6:00:00 AM,Wednesday,Royal York and Evans,Utilized Off Route,4,9,sb,7320
2014/09/17,54,6:00:00 AM,Wednesday,eglinton station,Utilized Off Route,9,18,e,7626
2014/09/17,24,6:01:00 AM,Wednesday,FINCH,Investigation,10,20,s,8138
2014/09/17,90,6:02:00 AM,Wednesday,OAKwood  and Vaughan,Utilized Off Route,9,18,s/b,9414
2014/09/17,52,6:02:00 AM,Wednesday,Lawrence stn,Late Leaving Garage,3,6,w,1567
2014/09/17,87,6:03:00 AM,Wednesday,Broadview stn,Utilized Off Route,5,10,E,7848
2014/09/17,86,6:05:00 AM,Wednesday,eglinton yard,Late Leaving Garage,1,1,e,7501
2014/09/17,191,6:07:00 AM,Wednesday,martin Grove loop,Mechanical,10,20,s,7915
2014/09/17,87,6:08:00 AM,Wednesday,BROADVIEW STN,Mechanical,8,0,E,7777
2014/09/17,7,6:08:00 AM,Wednesday,Bathurst and Wilson,Late Leaving Garage,10,19,s/b,9005
2014/09/17,34,6:09:00 AM,Wednesday,eglinton station,Utilized Off Route,4,8,e,7431
2014/09/17,96,6:10:00 AM,Wednesday,Yorkmills station,Utilized Off Route,18,36,w,1414
2014/09/17,35,6:10:00 AM,Wednesday,Jane Station,Utilized Off Route,10,20,N,1282
2014/09/17,169,6:11:00 AM,Wednesday,Scarborough town,Mechanical,30,60,s,8195
2014/09/17,39,6:11:00 AM,Wednesday,Finch Stn,Mechanical,7,15,e/b,7069
2014/09/17,85,6:11:00 AM,Wednesday,Sheppard and Kennedy,Utilized Off Route,3,15,E,9091
2014/09/17,106,6:12:00 AM,Wednesday,Downsview stn,Mechanical,8,16,n,9419
2014/09/17,196,6:12:00 AM,Wednesday,York U Commons,Mechanical,15,0,s,9416
2014/09/17,29,6:14:00 AM,Wednesday,Dufferin and Tycos,Late Leaving Garage,5,7,SB,9037
2014/09/17,85,6:15:00 AM,Wednesday,Meadowvale loop,Late Leaving Garage,3,7,W,1094
2014/09/17,168,6:16:00 AM,Wednesday,Avon Loop,Utilized Off Route,4,9,sb,8052
2014/09/17,95,6:18:00 AM,Wednesday,Scarborough College,Mechanical,9,18,w,1119
2014/09/17,56,6:19:00 AM,Wednesday,Eglinton stn,Late Leaving Garage,24,48,s/b,8218
2014/09/17,116,6:20:00 AM,Wednesday,EGLINTON YARD,Late Leaving Garage,23,46,e,7452
2014/09/17,199,6:20:00 AM,Wednesday,Finch Stn,Late Leaving Garage,3,6,e/b,1787
2014/09/17,199,6:21:00 AM,Wednesday,STC,Late Leaving Garage,3,5,w/b,1736
2014/09/17,122,6:21:00 AM,Wednesday,Yorkmills stn,Mechanical,10,20,e,8308
2014/09/17,81,6:23:00 AM,Wednesday,Torncliff and Overlea,Utilized Off Route,5,10,S,8132
2014/09/17,85,6:24:00 AM,Wednesday,Don Mills station,Utilized Off Route,4,8,E,1074
2014/09/17,165,6:24:00 AM,Wednesday,Finch and Weston,Mechanical,6,14,W,7912
2014/09/17,53,6:29:00 AM,Wednesday,Finch Station,Utilized Off Route,3,14,e,9089
2014/09/17,168,6:30:00 AM,Wednesday,Avon loop,Mechanical,5,9,sb,7315
2014/09/17,68,6:35:00 AM,Wednesday,Warden and Bamburgh cir. N,Diversion,28,8,SB,7642
2014/09/17,32,6:37:00 AM,Wednesday,Pine and Lawrence,Mechanical,5,10,WB,1507
2014/09/17,196,6:39:00 AM,Wednesday,York U Commons,Mechanical,4,8,s,9436
2014/09/17,115,6:40:00 AM,Wednesday,Bannatyne,Late Leaving Garage,20,40,s,8372
2014/09/17,196,6:42:00 AM,Wednesday,York U Commons,Mechanical,4,8,s,8197
2014/09/17,96,6:42:00 AM,Wednesday,Yorkmills station,Utilized Off Route,18,36,w,7234
2014/09/17,53,6:43:00 AM,Wednesday,Passmore and Markham,Mechanical,4,9,w,7120
2014/09/17,6,6:44:00 AM,Wednesday,Mount Dennis,Utilized Off Route,6,12,s,1651
2014/09/17,39,6:44:00 AM,Wednesday,Finch Stn,Utilized Off Route,8,16,e/b,1064
2014/09/17,96,6:45:00 AM,Wednesday,Clayson,Mechanical,30,60,w,7202
2014/09/17,100,6:45:00 AM,Wednesday,eglinton station,Utilized Off Route,20,40,e,7552
2014/09/17,60,6:45:00 AM,Wednesday,Finch Station,Utilized Off Route,7,14,W,1312
2014/09/17,36,6:45:00 AM,Wednesday,Humberwood loop,Mechanical,4,8,W,
2014/09/17,84,6:46:00 AM,Wednesday,Sheppard station,Utilized Off Route,8,17,W,1276
2014/09/17,36,6:47:00 AM,Wednesday,Finch station,Mechanical,4,8,W,1339
2014/09/17,25,6:49:00 AM,Wednesday,Don Mills Stn,Utilized Off Route,3,6,SB,7456
2014/09/17,96,6:49:00 AM,Wednesday,Woodbine,Mechanical,30,60,w,
2014/09/17,54,6:49:00 AM,Wednesday,Eglinton Station,Utilized Off Route,11,22,eb,7467
2014/09/17,196,6:49:00 AM,Wednesday,Wilson Garage,Utilized Off Route,2,4,s,8202
2014/09/17,100,6:50:00 AM,Wednesday,Eglinton Stn,Utilized Off Route,15,30,EB,7456
2014/09/17,41,6:50:00 AM,Wednesday,York university,Utilized Off Route,15,30,S/B,1547
2014/09/17,52,6:50:00 AM,Wednesday,Lawrence stn,Utilized Off Route,3,6,w,1018
2014/09/17,87,6:51:00 AM,Wednesday,BROADVIEW STN,Utilized Off Route,10,20,E,8115
2014/09/17,42,6:52:00 AM,Wednesday,Finch stn,Late Leaving Garage,11,21,e/b,1810
2014/09/17,32,6:52:00 AM,Wednesday,Eglinton Station,Utilized Off Route,5,10,WB,1639
2014/09/17,17,6:52:00 AM,Wednesday,Steeles,Utilized Off Route,7,14,SB,7809
2014/09/17,34,6:53:00 AM,Wednesday,Eglinton Station,Utilized Off Route,4,8,EB,7651
2014/09/17,169,6:53:00 AM,Wednesday,Donmills stn,Utilized Off Route,30,60,s,8195
2014/09/17,53,6:53:00 AM,Wednesday,Finch Station,Utilized Off Route,12,23,e,9071
2014/09/17,32,6:54:00 AM,Wednesday,Eglinton Station,Utilized Off Route,5,10,WB,1627
2014/09/17,81,6:54:00 AM,Wednesday,Pape stn,Utilized Off Route,5,10,n,8133
2014/09/17,168,6:57:00 AM,Wednesday,Avon Loop,Utilized Off Route,5,9,sb,8052
2014/09/17,199,6:58:00 AM,Wednesday,STC,Late Leaving Garage,2,5,w/b,1712
2014/09/17,165,6:59:00 AM,Wednesday,York Mills station,Utilized Off Route,11,15,N,1383
2014/09/17,7,6:59:00 AM,Wednesday,Bathurst at Wilson,Utilized Off Route,9,18,n/b,9009
2014/09/17,78,7:00:00 AM,Wednesday,York Mills Stn,Utilized Off Route,10,20,EB,8189
2014/09/17,84,7:00:00 AM,Wednesday,Sheppard Station,Utilized Off Route,8,17,W,1357
2014/09/17,29,7:00:00 AM,Wednesday,Dufferin and College,Mechanical,4,7,SB,9052
2014/09/17,124,7:00:00 AM,Wednesday,Sunnybrook Route,General Delay,10,15,Bw,
2014/09/17,26,7:00:00 AM,Wednesday,St. George Station,Utilized Off Route,20,35,wb,7346
2014/09/17,34,7:01:00 AM,Wednesday,Eglintoin Station,Utilized Off Route,4,8,EB,7668
2014/09/17,124,7:03:00 AM,Wednesday,Lawrence Station,Late Leaving Garage,6,12,E,8178
2014/09/17,190,7:03:00 AM,Wednesday,Don Mills station,Mechanical,5,11,E,1730
2014/09/17,89,7:06:00 AM,Wednesday,Weston and Albion,Late Leaving Garage,4,9,S/B,1002
2014/09/17,102,7:06:00 AM,Wednesday,Warden Station,Utilized Off Route,11,22,SB,8100
2014/09/17,25,7:06:00 AM,Wednesday,Pape Stn,Mechanical,3,6,NB,7567
2014/09/17,24,7:06:00 AM,Wednesday,Victoria Park Station,Utilized Off Route,6,12,SB,7792
2014/09/17,87,7:06:00 AM,Wednesday,Boradview Station,Utilized Off Route,10,20,WB,7776
2014/09/17,60,7:06:00 AM,Wednesday,Finch Station,Mechanical,13,26,W,
2014/09/17,92,7:06:00 AM,Wednesday,Woodbine loop,Utilized Off Route,13,26,EB,7817
2014/09/17,102,7:07:00 AM,Wednesday,Warden Station,Utilized Off Route,10,20,NB,8148
2014/09/17,106,7:09:00 AM,Wednesday,York U Commons,Mechanical,7,14,s,9422
2014/09/17,11,7:09:00 AM,Wednesday,Belsize and Cleveland,Utilized Off Route,13,26,w/b,8205
2014/09/17,36,7:09:00 AM,Wednesday,Finch and Arrow,Mechanical,1,8,W,
2014/09/17,81,7:13:00 AM,Wednesday,Pape stn,Utilized Off Route,5,10,N,7752
2014/09/17,53,7:20:00 AM,Wednesday,Finch Station to Moorningside and Staines,General Delay,30,14,b/w,
2014/09/17,125,7:22:00 AM,Wednesday,Finch Station,General Delay,102,109,N,8172
2014/09/17,199,7:23:00 AM,Wednesday,Finch Stn,Late Leaving Garage,3,5,e/b,1738
2014/09/17,131,7:24:00 AM,Wednesday,Morningview and Morningside,Mechanical,7,14,WB,1721
2014/09/17,36,7:25:00 AM,Wednesday,Finch station 36D,Mechanical,12,24,W,
2014/09/17,60,7:27:00 AM,Wednesday,Signal Hill,Mechanical,7,14,E,
2014/09/17,100,7:28:00 AM,Wednesday,Broadview Stn,Mechanical,15,30,NB,7525
2014/09/17,7,7:30:00 AM,Wednesday,Steeles to Bathurst stn,General Delay,10,19,b/w,
2014/09/17,60,7:30:00 AM,Wednesday,Finch Station,General Delay,15,23,BW,
2014/09/17,86,7:30:00 AM,Wednesday,Scarborough Route,General Delay,15,0,B/W,
2014/09/17,33,7:30:00 AM,Wednesday,Castlefield to St.Clair west,General Delay,15,31,b/w,
2014/09/17,26,7:30:00 AM,Wednesday,Keele to St. George,General Delay,25,20,bw,
2014/09/17,145,7:30:00 AM,Wednesday,Entire route,General Delay,25,0,bw,
2014/09/17,160,7:30:00 AM,Wednesday,Clark to Wilson stn,General Delay,10,30,b/w,
2014/09/17,109,7:30:00 AM,Wednesday,Neptune to Eglinton west,General Delay,15,27,b/w,
2014/09/17,75,7:35:00 AM,Wednesday,Sherbourne and Gerrard,Mechanical,6,12,s/b,1806
2014/09/17,48,7:38:00 AM,Wednesday,kipling and rathburn,General Delay,13,35,e/b,8059
2014/09/17,196,7:40:00 AM,Wednesday,Downsview stn,Mechanical,6,12,s,9417
2014/09/17,100,7:47:00 AM,Wednesday,Wynford and Gervais,Mechanical,15,30,NB,7409
2014/09/17,39,7:48:00 AM,Wednesday,Old Finch and Kengate,Mechanical,15,30,w/b,7101
2014/09/17,64,7:53:00 AM,Wednesday,Queen and Wineva,Utilized Off Route,12,24,N,8125
2014/09/17,143,7:55:00 AM,Wednesday,Beaches Express service,General Delay,30,60,b/w,
2014/09/17,191,8:00:00 AM,Wednesday,Hyw27 route,General Delay,12,24,b/W,
2014/09/17,96,8:00:00 AM,Wednesday,Wilson route,General Delay,12,24,b/W,
2014/09/17,120,8:00:00 AM,Wednesday,Calvington,General Delay,40,70,B,
2014/09/17,191,8:00:00 AM,Wednesday,Hyw27 route.,General Delay,12,24,b/W,
2014/09/17,95,8:00:00 AM,Wednesday,Entire Route,General Delay,15,0,BW,
2014/09/17,5,8:00:00 AM,Wednesday,Eglinton stn to Elm ave,General Delay,15,30,b/w,
2014/09/17,25,8:00:00 AM,Wednesday,Entire Route,General Delay,10,8,bw,
2014/09/17,129,8:00:00 AM,Wednesday,STC Station to Finch B/W,General Delay,5,12,bw,
2014/09/17,61,8:00:00 AM,Wednesday,Bombay loop to Eglinton stn,General Delay,10,20,b/w,
2014/09/17,11,8:00:00 AM,Wednesday,Steeles to Davisville stn,General Delay,12,24,b/w,
2014/09/17,85,8:00:00 AM,Wednesday,Don Mills station to Rouge Hill GO,General Delay,12,8,E,
2014/09/17,51,8:00:00 AM,Wednesday,Townsend to Eglinton stn,General Delay,20,50,b/w,
2014/09/17,198,8:00:00 AM,Wednesday,Scarborough Rocket,General Delay,10,0,B/W,
2014/09/17,52,8:00:00 AM,Wednesday,Jane to Lawrence stn,General Delay,35,45,e,
2014/09/17,116,8:00:00 AM,Wednesday,Morningside Route,General Delay,10,0,B/W,
2014/09/17,165,8:01:00 AM,Wednesday,York Mills station,Mechanical,6,12,W,7210
2014/09/17,95,8:13:00 AM,Wednesday,York Mills and Valleywoods,Mechanical,4,8,WB,9433
2014/09/17,29,8:16:00 AM,Wednesday,Wilson Stn,Mechanical,7,14,SB,9049
2014/09/17,63,8:21:00 AM,Wednesday,Oakwood and St.Clair,Mechanical,3,7,n,1411
2014/09/17,196,8:25:00 AM,Wednesday,Sheppard Station,Utilized Off Route,6,12,W,9442
2014/09/17,94,8:30:00 AM,Wednesday,Entire route,General Delay,12,16,B/w,
2014/09/17,6,8:30:00 AM,Wednesday,Entire route,General Delay,12,16,B/w,
2014/09/17,196,8:37:00 AM,Wednesday,Downsview stn,Utilized Off Route,6,12,n,8219
2014/09/17,199,8:44:00 AM,Wednesday,Brimley and Finch,Mechanical,2,5,e/b,1788
2014/09/17,11,8:46:00 AM,Wednesday,Davisville stn,Utilized Off Route,12,24,n/b,8348
2014/09/17,108,8:50:00 AM,Wednesday,Keele and Sheppard Avenue,General Delay,8,17,E,
2014/09/17,53,8:51:00 AM,Wednesday,Passmore and Markham,Mechanical,5,8,w,1094
2014/09/17,196,8:54:00 AM,Wednesday,Downsview stn,Utilized Off Route,4,8,n,8343
2014/09/17,195,8:56:00 AM,Wednesday,Jane Station,Mechanical,10,20,N,1232
2014/09/17,132,8:56:00 AM,Wednesday,Brenyon way and Forgate,Investigation,12,24,WB,1756
2014/09/17,172,9:00:00 AM,Wednesday,Cherry street route,General Delay,10,0,B/w,
2014/09/17,199,9:00:00 AM,Wednesday,Finch Ave,General Delay,15,30,b/ws,
2014/09/17,39,9:00:00 AM,Wednesday,Finch Ave,General Delay,15,30,b/ws,
2014/09/17,196,9:10:00 AM,Wednesday,Downsview stn,Utilized Off Route,4,8,n,8197
2014/09/17,199,9:16:00 AM,Wednesday,Scarborough town centre,Utilized Off Route,4,8,WB,7059
2014/09/17,113,9:18:00 AM,Wednesday,DANFORTH/NORTH BONNINGTON,Mechanical,17,30,W,7849
2014/09/17,196,9:20:00 AM,Wednesday,Downsview stn,Utilized Off Route,4,8,n,8338
2014/09/17,39,9:23:00 AM,Wednesday,Neilson and Crow Trail,Mechanical,6,12,w/b,7053
2014/09/17,75,9:25:00 AM,Wednesday,Sherbourne at Wellesley,Mechanical,6,12,s/b,1806
2014/09/17,134,9:43:00 AM,Wednesday,Progress and Markham,Mechanical,9,18,w,9067
2014/09/17,115,9:46:00 AM,Wednesday,York Mills Stn,Investigation,20,40,EB,8366
2014/09/17,96,9:47:00 AM,Wednesday,Yorkmills station,Investigation,18,36,w,7205
2014/09/17,69,10:00:00 AM,Wednesday,Warden and St.Calir,Mechanical,11,22,s,8114
2014/09/17,66,10:01:00 AM,Wednesday,OLD MILL STN,Mechanical,14,28,S/B,8041
2014/09/17,102,10:07:00 AM,Wednesday,Warden stn,Mechanical,14,28,N,7744
2014/09/17,108,10:08:00 AM,Wednesday,Derrydown on Grandravine Drive,Mechanical,18,36,S,1361
2014/09/17,29,10:14:00 AM,Wednesday,Wilson Stn,Investigation,4,8,SB,9000
2014/09/17,75,10:17:00 AM,Wednesday,Queens Quay,Utilized Off Route,6,12,n/b,8208
2014/09/17,132,10:25:00 AM,Wednesday,Breynon way and Sheppard,Mechanical,12,36,EB,7106
2014/09/17,68,10:31:00 AM,Wednesday,Steeles Aven. On Warden,Mechanical,10,20,S/B,7536
2014/09/17,21,10:38:00 AM,Wednesday,Midland and Eglinton,Investigation,13,26,s,7685
2014/09/17,199,10:45:00 AM,Wednesday,Scarborough town centre,Utilized Off Route,5,10,WB,1787
2014/09/17,60,10:52:00 AM,Wednesday,Cactus Avenue on Steeles,Mechanical,7,14,W,1251
2014/09/17,16,10:53:00 AM,Wednesday,Scarborough town Center,Utilized Off Route,10,20,s,8142
2014/09/17,133,11:00:00 AM,Wednesday,Neilson and Sheppard,Investigation,10,20,s,1735
2014/09/17,501,11:00:00 AM,Wednesday,Humber Loop,Mechanical,7,14,eb,7974
2014/09/17,49,11:10:00 AM,Wednesday,Bloor & NEILSON,Diversion,0,0,20108,7314
2014/09/17,42,11:39:00 AM,Wednesday,Kennedy Loop,Mechanical,12,24,W,8157
2014/09/17,7,11:50:00 AM,Wednesday,Bathurst at Glengrove,Investigation,9,18,n/b,9054
2014/09/17,196,11:59:00 AM,Wednesday,Downsview Stn,Mechanical,2,2,w,9420
2014/09/17,104,12:07:00 PM,Wednesday,Wilmington and Purdon,Investigation,15,30,w,8179
2014/09/17,100,12:09:00 PM,Wednesday,Eglinton Stn,Mechanical,7,14,EB,7666
2014/09/17,46,1:03:00 PM,Wednesday,Kipling Stn,Mechanical,18,36,N,1263
2014/09/17,52,1:04:00 PM,Wednesday,Lawrence and Dufferin,Investigation,15,30,WB,1052
2014/09/17,9,1:08:00 PM,Wednesday,Amberjack blvd and Bellamy,Investigation,22,44,N,7863
2014/09/17,45,1:12:00 PM,Wednesday,Kipling and Greensboro,Mechanical,11,22,n,8083
2014/09/17,85,1:15:00 PM,Wednesday,Sheppard @ Kennedy,Mechanical,6,13,E,1718
2014/09/17,91,1:17:00 PM,Wednesday,Woodbine Station,Mechanical,23,46,E,8124
2014/09/17,90,1:20:00 PM,Wednesday,Oakwwod to Vaughan,General Delay,10,26,b/w,
2014/09/17,57,1:23:00 PM,Wednesday,Kennedy stn.,Mechanical,11,22,s/b,8122
2014/09/17,165,1:30:00 PM,Wednesday,York Mills Stn to Major MacKenzie,General Delay,30,20,BW,
2014/09/17,26,1:30:00 PM,Wednesday,JANE STN,Mechanical,20,40,e/b,7333
2014/09/17,199,1:35:00 PM,Wednesday,Scarb Town Ctr Stn,Mechanical,5,10,West,1801
2014/09/17,134,1:36:00 PM,Wednesday,STC,Mechanical,8,17,E,9088
2014/09/17,165,1:42:00 PM,Wednesday,Major Mack & Weston,Investigation,36,72,s/b,1504
2014/09/17,709,1:42:00 PM,Wednesday,Eglinton west station,Utilized Off Route,0,0,s/b,1235
2014/09/17,90,1:45:00 PM,Wednesday,St.Clair west,Utilized Off Route,8,16,n/b,8203
2014/09/17,7,1:45:00 PM,Wednesday,Bathurst and Eglinton,Investigation,9,18,s/b,9038
2014/09/17,32,1:46:00 PM,Wednesday,Pine and Lawrence,Mechanical,13,26,s/b,1512
2014/09/17,41,1:49:00 PM,Wednesday,Keele Station,Utilized Off Route,7,14,N/B,1599
2014/09/17,165,1:50:00 PM,Wednesday,Steeles & Weston,Utilized Off Route,9,18,n/b,7247
2014/09/17,70,1:55:00 PM,Wednesday,Coxwell station,Mechanical,18,36,e,7573
2014/09/17,196,1:57:00 PM,Wednesday,York YU Commons,Mechanical,2,4,w,9429
2014/09/17,95,1:57:00 PM,Wednesday,Ellesmere and Principal rd,Emergency Services,15,29,w,1753
2014/09/17,133,1:59:00 PM,Wednesday,Centenary Loop,Mechanical,10,20,N,1799
2014/09/17,52,1:59:00 PM,Wednesday,Westway and scarlett,Mechanical,15,30,WB,1608
2014/09/17,29,2:00:00 PM,Wednesday,Dufferin Route,General Delay,4,0,b/w,
2014/09/17,7,2:00:00 PM,Wednesday,Batthurst stn to Steeles,General Delay,15,35,BW,
2014/09/17,116,2:00:00 PM,Wednesday,Kennedy Stn - Nighstar,General Delay,5,15,BW,
2014/09/17,94,2:00:00 PM,Wednesday,Wellesley route 94,General Delay,15,27,BW,
2014/09/17,41,2:00:00 PM,Wednesday,Entire route,General Delay,15,25,b/w,
2014/09/17,86,2:00:00 PM,Wednesday,Kennedy Stn - Zoo,General Delay,5,15,BW,
2014/09/17,195,2:06:00 PM,Wednesday,Jane and Patika,Investigation,10,20,N,1221
2014/09/17,36,2:12:00 PM,Wednesday,Finch and Weston,Mechanical,5,10,W,1339
2014/09/17,47,2:13:00 PM,Wednesday,schell and caledonia,Investigation,15,30,n/b,1533
2014/09/17,129,2:19:00 PM,Wednesday,McCowan and Triton,Emergency Services,6,12,s,1123
2014/09/17,54,2:20:00 PM,Wednesday,lawrence and Warden,Late Leaving Garage,10,20,w,7528
2014/09/17,53,2:21:00 PM,Wednesday,Morningside & Staines,Mechanical,23,46,W,7118
2014/09/17,196,2:25:00 PM,Wednesday,Downsview Stn,Mechanical,2,4,w,9414
2014/09/17,57,2:30:00 PM,Wednesday,Route 57 Midland,General Delay,5,1,b/w,
2014/09/17,160,2:30:00 PM,Wednesday,Wilson stn to Clark,General Delay,15,33,BW,
2014/09/17,68,2:30:00 PM,Wednesday,68 Warden Route,General Delay,10,20,B/W,
2014/09/17,122,2:30:00 PM,Wednesday,Graydon Hall route,General Delay,13,,b/w,
2014/09/17,67,2:30:00 PM,Wednesday,67 Pharmacy Route,General Delay,12,24,B/W,
2014/09/17,96,2:30:00 PM,Wednesday,wilson - dufferin to yonge,General Delay,18,36,bw,
2014/09/17,191,2:30:00 PM,Wednesday,finch - 27 to martingrove,General Delay,16,22,bw,
2014/09/17,133,2:30:00 PM,Wednesday,STC,Mechanical,10,20,N,1080
2014/09/17,501,2:32:00 PM,Wednesday,Lakeshore and Dwight Ave.,Investigation,7,15,wb,8088
2014/09/17,199,2:33:00 PM,Wednesday,Warden and Finch E,Mechanical,5,10,East,1063
2014/09/17,57,2:40:00 PM,Wednesday,Kennedy stn,Mechanical,11,22,s/b,7732
2014/09/17,191,2:41:00 PM,Wednesday,Arrow garage,Mechanical,0,0,,7905
2014/09/17,46,2:42:00 PM,Wednesday,martingrove at steeles,Mechanical,11,22,s,1216
2014/09/17,129,2:42:00 PM,Wednesday,STC station,Mechanical,4,8,N,1122
2014/09/17,36,2:42:00 PM,Wednesday,Finch Stn,Late Leaving Garage,5,9,W,1376
2014/09/17,47,2:43:00 PM,Wednesday,earlscourt loop,Utilized Off Route,13,26,s/b,1058
2014/09/17,112,2:43:00 PM,Wednesday,Garage,Late Leaving Garage,5,10,n,8084
2014/09/17,69,2:44:00 PM,Wednesday,Birchmount div.,Mechanical,8,17,e/b,7807
2014/09/17,90,2:45:00 PM,Wednesday,StCl W. Stn,Utilized Off Route,8,16,w,9449
2014/09/17,74,2:47:00 PM,Wednesday,Wilson and Yonge,Utilized Off Route,1,1,e/b,1824
2014/09/17,120,2:47:00 PM,Wednesday,Arrow garage,Mechanical,0,0,,1219
2014/09/17,60,2:51:00 PM,Wednesday,Arrow garage,Mechanical,0,0,,1702
2014/09/17,11,2:54:00 PM,Wednesday,Davisville Stn,Mechanical,12,24,N,8310
2014/09/17,120,2:55:00 PM,Wednesday,Wilson Stn to Northover,General Delay,25,22,25,
2014/09/17,165,2:55:00 PM,Wednesday,Wilson/Collinson,Mechanical,18,36,W,1246
2014/09/17,42,2:57:00 PM,Wednesday,Finch stn,Late Leaving Garage,12,24,e/b,8307
2014/09/17,63,3:00:00 PM,Wednesday,Ossinton route 63,General Delay,15,20,BW,
2014/09/17,21,3:00:00 PM,Wednesday,Route 21 Brimley,General Delay,5,1,b/w,
2014/09/17,12,3:00:00 PM,Wednesday,Route 12 Kingston rd.,General Delay,10,1,b/w,
2014/09/17,6,3:00:00 PM,Wednesday,Bay route 6,General Delay,15,20,BW,
2014/09/17,11,3:00:00 PM,Wednesday,Bayview bothways York Mills to Sheppard,General Delay,45,30,B/W,8158
2014/09/17,53,3:00:00 PM,Wednesday,Finch Stn to Staines,General Delay,15,20,E,
2014/09/17,36,3:00:00 PM,Wednesday,Finch STn to Humberwood,General Delay,25,20,BW,
2014/09/17,60,3:00:00 PM,Wednesday,Entire 60 Route,General Delay,14,28,BW,
2014/09/17,60,3:03:00 PM,Wednesday,Finch Station,Late Leaving Garage,7,14,WB,1702
2014/09/17,72,3:03:00 PM,Wednesday,Pape stn.,Mechanical,10,20,s/b,7683
2014/09/17,199,3:03:00 PM,Wednesday,STC,Utilized Off Route,4,6,W,1783
2014/09/17,60,3:08:00 PM,Wednesday,Entire Route,Mechanical,1,1,BW,1234
2014/09/17,25,3:09:00 PM,Wednesday,east york collegiate,Late Leaving Garage,0,4,w,7523
2014/09/17,37,3:12:00 PM,Wednesday,Islington Steeles Loop,Late Leaving Garage,8,16,SB,7202
2014/09/17,61,3:15:00 PM,Wednesday,Avenue Rd and Woburn Ave,General Delay,15,25,B/W,8326
2014/09/17,37,3:22:00 PM,Wednesday,Islington Station,Late Leaving Garage,1,1,NB,1304
2014/09/17,60,3:22:00 PM,Wednesday,Finch Station,Late Leaving Garage,7,14,WB,
2014/09/17,96,3:26:00 PM,Wednesday,woodbine downs,Late Leaving Garage,18,36,e,7207
2014/09/17,60,3:26:00 PM,Wednesday,Kipling and Steeles Loop,Late Leaving Garage,16,36,W,
2014/09/17,72,3:30:00 PM,Wednesday,Route 72 Pape,General Delay,5,1,b/w,
2014/09/17,96,3:34:00 PM,Wednesday,wilson stn,Late Leaving Garage,18,36,w,7946
2014/09/17,37,3:36:00 PM,Wednesday,Steeles,Mechanical,8,16,S,7228
2014/09/17,84,3:40:00 PM,Wednesday,Sheppard and Rivalda,Mechanical,12,25,W,1220
2014/09/17,35,3:40:00 PM,Wednesday,Jane and Raven,Mechanical,20,40,N,1331
2014/09/17,29,3:41:00 PM,Wednesday,Princess Gate,Mechanical,7,15,n,9057
2014/09/17,39,3:43:00 PM,Wednesday,Old finch and Valley ctr,Late Leaving Garage,15,30,West,1725
2014/09/17,96,3:44:00 PM,Wednesday,woodbine downs,Late Leaving Garage,18,36,e,1410
2014/09/17,36,3:47:00 PM,Wednesday,Finch Stn,Late Leaving Garage,5,10,W,1323
2014/09/17,41,3:50:00 PM,Wednesday,Toro rd / Tangiers,Mechanical,8,16,s,1528
2014/09/17,92,3:53:00 PM,Wednesday,WOODBINE STATION,Utilized Off Route,7,14,B/W,7882
2014/09/17,36,3:53:00 PM,Wednesday,Humberwood Loop,Late Leaving Garage,5,10,E,7943
2014/09/17,87,3:54:00 PM,Wednesday,GOODWOOD PARK AND EASTDALE AVE,Investigation,6,12,N,8106
2014/09/17,60,3:54:00 PM,Wednesday,Finch Station,Late Leaving Garage,7,14,W,7928
2014/09/17,36,3:55:00 PM,Wednesday,Finch Stn,Late Leaving Garage,15,30,W,1303
2014/09/17,144,3:56:00 PM,Wednesday,!44 Downtown Route,Mechanical,25,50,S/b,7525
2014/09/17,135,4:00:00 PM,Wednesday,Gerrard route,General Delay,18,36,BW,7861
2014/09/17,88,4:00:00 PM,Wednesday,"wickstead, clarke,research",Diversion,8,16,e/b,8362
2014/09/17,145,4:00:00 PM,Wednesday,ENTIRE ROUTE,General Delay,40,45,b/w,
2014/09/17,59,4:00:00 PM,Wednesday,Lawrence west stn.,Late Leaving Garage,12,24,W,1298
2014/09/17,143,4:00:00 PM,Wednesday,Route 143 DT Express,General Delay,30,1,b/w,
2014/09/17,71,4:03:00 PM,Wednesday,Ray and Industry,Investigation,22,44,n/b,1661
2014/09/17,68,4:04:00 PM,Wednesday,Boem Aven.,Emergency Services,12,24,S/b,7506
2014/09/17,81,4:04:00 PM,Wednesday,Pape stn.,Utilized Off Route,7,14,s/b,7826
2014/09/17,60,4:05:00 PM,Wednesday,Peter Kaiser and Steeles Ave West,Mechanical,7,14,E,1373
2014/09/17,196,4:08:00 PM,Wednesday,York U,Mechanical,2,4,w,9442
2014/09/17,53,4:10:00 PM,Wednesday,Finch Stn,Late Leaving Garage,14,29,E,9092
2014/09/17,36,4:12:00 PM,Wednesday,Finch Stn,Late Leaving Garage,5,10,W,7926
2014/09/17,111,4:13:00 PM,Wednesday,Kipling station,Mechanical,9,18,nb,8032
2014/09/17,44,4:20:00 PM,Wednesday,Kipling and Mt. Olive,Mechanical,4,7,s,8098
2014/09/17,53,4:21:00 PM,Wednesday,Morningside & Staines,Mechanical,5,10,W,1757
2014/09/17,91,4:32:00 PM,Wednesday,YORK MILLS STATION,General Delay,24,48,B/W,7800
2014/09/17,25,4:34:00 PM,Wednesday,Wynford and Don Mills,Mechanical,4,8,N,7448
2014/09/17,35,4:37:00 PM,Wednesday,Jane and Sheppard,Mechanical,20,40,N,1241
2014/09/17,47,4:38:00 PM,Wednesday,lansdowne,Investigation,9,18,s/b,1035
2014/09/17,87,4:41:00 PM,Wednesday,Broadview stn.,Utilized Off Route,6,12,s/b,7753
2014/09/17,199,4:43:00 PM,Wednesday,Linus and Finch Ave East,Diversion,4,10,East,1749
2014/09/17,124,4:45:00 PM,Wednesday,Lawrence stn,Utilized Off Route,6,12,e/b,8315
2014/09/17,45,4:45:00 PM,Wednesday,Steeles Loop,Mechanical,1,16,s,8094
2014/09/17,162,4:45:00 PM,Wednesday,Lawrence stn,Mechanical,30,60,e/b,8351
2014/09/17,95,4:46:00 PM,Wednesday,Ellesmere and Birchmount,Mechanical,4,8,WB,1752
2014/09/17,36,4:47:00 PM,Wednesday,Toryork/Milvan,Investigation,14,25,E,1303
2014/09/17,39,4:49:00 PM,Wednesday,Linus and Finch Ave East,Diversion,10,15,East,7066
2014/09/17,224,4:53:00 PM,Wednesday,Don Mills Station,Mechanical,25,50,NB,7463
2014/09/17,199,5:00:00 PM,Wednesday,Finch Route,General Delay,15,20,B ways,
2014/09/17,169,5:00:00 PM,Wednesday,Sheppard and Vic Park,Mechanical,30,60,e,8195
2014/09/17,39,5:00:00 PM,Wednesday,Finch Route,General Delay,10,18,B-ways,
2014/09/17,168,5:00:00 PM,Wednesday,Entire Symington Route,General Delay,12,24,n/b,8055
2014/09/17,199,5:05:00 PM,Wednesday,Finch Stn,Utilized Off Route,4,8,East,7106
2014/09/17,53,5:10:00 PM,Wednesday,Finch Stn,Utilized Off Route,5,10,E,7120
2014/09/17,7,5:15:00 PM,Wednesday,Bathurst and Wilson,Utilized Off Route,7,14,N,9050
2014/09/17,95,5:15:00 PM,Wednesday,York Mills Station,Utilized Off Route,4,8,EB,1785
2014/09/17,96,5:16:00 PM,Wednesday,yorkmills stn,Utilized Off Route,19,38,w,7217
2014/09/17,105,5:16:00 PM,Wednesday,Dufferin and Glenshields,Mechanical,12,24,w,9436
2014/09/17,165,5:16:00 PM,Wednesday,Weston/Finch,Mechanical,7,14,E,1504
2014/09/17,25,5:17:00 PM,Wednesday,Don Mills Station,Utilized Off Route,3,6,SB,7598
2014/09/17,190,5:17:00 PM,Wednesday,Don Mills Stn,Utilized Off Route,5,10,E,7044
2014/09/17,42,5:18:00 PM,Wednesday,Maybrook and passmore,Utilized Off Route,23,46,w/b,8325
2014/09/17,37,5:18:00 PM,Wednesday,Bergamot,Mechanical,16,32,S,1534
2014/09/17,84,5:18:00 PM,Wednesday,Sheppard Station,Utilized Off Route,12,25,1,1379
2014/09/17,709,5:19:00 PM,Wednesday,Eglinton station,Utilized Off Route,0,0,e/b,1621
2014/09/17,85,5:20:00 PM,Wednesday,Don Mills Stn,Utilized Off Route,9,18,E,1700
2014/09/17,196,5:20:00 PM,Wednesday,Sheppard Stn,Utilized Off Route,6,12,w,9431
2014/09/17,96,5:21:00 PM,Wednesday,humberline lp,Mechanical,18,36,e,1208
2014/09/17,60,5:22:00 PM,Wednesday,Finch Station,Utilized Off Route,16,32,WB,7910
2014/09/17,810,5:23:00 PM,Wednesday,Don Mills Station,Utilized Off Route,1,1,SB,7501
2014/09/17,54,5:23:00 PM,Wednesday,eglinton stn,Utilized Off Route,9,18,w,7586
2014/09/17,25,5:23:00 PM,Wednesday,Don Mills Station,Utilized Off Route,3,6,SB,7567
2014/09/17,95,5:24:00 PM,Wednesday,York Mills Station,Utilized Off Route,4,8,EB,1744
2014/09/17,11,5:25:00 PM,Wednesday,Bayview and Sheppard,Utilized Off Route,12,24,S,8185
2014/09/17,52,5:25:00 PM,Wednesday,Lawrnce stn,Utilized Off Route,11,22,w/b,1307
2014/09/17,52,5:30:00 PM,Wednesday,Lawrence stn,Utilized Off Route,11,22,e/b,1011
2014/09/17,709,5:30:00 PM,Wednesday,Eglinton station,Utilized Off Route,0,0,e/b,1653
2014/09/17,53,5:30:00 PM,Wednesday,Finch Stn,Utilized Off Route,5,10,E,7005
2014/09/17,60,5:32:00 PM,Wednesday,Founders and Steeles,Mechanical,7,14,EB,1333
2014/09/17,36,5:32:00 PM,Wednesday,Finch Stn,Utilized Off Route,5,10,W,1559
2014/09/17,196,5:35:00 PM,Wednesday,Sheppard stn,Utilized Off Route,2,4,e/b,9425
2014/09/17,501,5:40:00 PM,Wednesday,Humber Loop,Mechanical,7,13,wb,8053
2014/09/17,25,5:47:00 PM,Wednesday,Don Mills Station,Utilized Off Route,4,8,S,7554
2014/09/17,105,6:00:00 PM,Wednesday,Major MacKenzie to Downview station,General Delay,35,20,b/w,
2014/09/17,133,6:07:00 PM,Wednesday,Morningside & Finch,Mechanical,7,14,S,7130
2014/09/17,195,6:18:00 PM,Wednesday,Jane stn.,Utilized Off Route,10,20,N,1380
2014/09/17,53,6:18:00 PM,Wednesday,Steeles & Willowdale,Investigation,5,10,E,1740
2014/09/17,72,6:19:00 PM,Wednesday,Pape stn.,Investigation,10,20,n/b,7714
2014/09/17,7,6:22:00 PM,Wednesday,Bathurst and Davenport,Utilized Off Route,7,15,S,8322
2014/09/17,168,6:25:00 PM,Wednesday,Dundas W. Stn,Utilized Off Route,6,12,n/b,8097
2014/09/17,75,6:25:00 PM,Wednesday,Sherbourne and Bloor,Utilized Off Route,7,14,N,8344
2014/09/17,709,6:26:00 PM,Wednesday,Eglinton,Utilized Off Route,0,0,n/b,1621
2014/09/17,191,6:26:00 PM,Wednesday,kipling stn,Utilized Off Route,5,10,n,7937
2014/09/17,100,6:28:00 PM,Wednesday,Broadview STN,Utilized Off Route,10,20,NB,7604
2014/09/17,190,6:29:00 PM,Wednesday,don Mills Stn,Utilized Off Route,5,10,E,1112
2014/09/17,35,6:30:00 PM,Wednesday,Jane stn.,Utilized Off Route,20,40,N,1334
2014/09/17,100,6:30:00 PM,Wednesday,Broadview STN,Utilized Off Route,10,20,NB,7503
2014/09/17,199,6:30:00 PM,Wednesday,Finch Station,Utilized Off Route,4,8,E,7089
2014/09/17,54,6:30:00 PM,Wednesday,Eglinton station,Utilized Off Route,10,20,w,7658
2014/09/17,41,6:30:00 PM,Wednesday,Keele stn,Utilized Off Route,7,14,n,1020
2014/09/17,29,6:30:00 PM,Wednesday,Bloor,Utilized Off Route,4,8,s,8301
2014/09/17,29,6:30:00 PM,Wednesday,Bloor,Utilized Off Route,4,8,s,9053
2014/09/17,95,6:30:00 PM,Wednesday,York Mills Station,Utilized Off Route,7,14,EB,1395
2014/09/17,89,6:30:00 PM,Wednesday,Keele stn,Utilized Off Route,7,14,n,1658
2014/09/17,46,6:30:00 PM,Wednesday,Kipling Station,Utilized Off Route,10,21,N,1343
2014/09/17,709,6:31:00 PM,Wednesday,Eglinton west station,Utilized Off Route,0,0,n/b,1653
2014/09/17,160,6:32:00 PM,Wednesday,Wilson stn,Mechanical,21,42,N,8328
2014/09/17,47,6:32:00 PM,Wednesday,Earlscourt Loop,Utilized Off Route,14,27,S/B,1680
2014/09/17,810,6:32:00 PM,Wednesday,Eglinton Station,Utilized Off Route,1,1,WB,7414
2014/09/17,102,6:34:00 PM,Wednesday,Warden Stn,Utilized Off Route,18,36,n,7750
2014/09/17,25,6:35:00 PM,Wednesday,Pape STN,Utilized Off Route,4,8,NB,7515
2014/09/17,76,6:36:00 PM,Wednesday,Royal York Station,Utilized Off Route,6,12,e/b,7325
2014/09/17,29,6:40:00 PM,Wednesday,Bloor,Utilized Off Route,4,8,s,9018
2014/09/17,802,6:40:00 PM,Wednesday,Queensway garage,Utilized Off Route,1,1,e/b,8093
2014/09/17,53,6:40:00 PM,Wednesday,Passmore & Markham,Utilized Off Route,5,10,W,7005
2014/09/17,85,6:41:00 PM,Wednesday,Don Mills Stn,Mechanical,4,9,E,9063
2014/09/17,37,6:42:00 PM,Wednesday,Islington station,Utilized Off Route,11,22,N,1261
2014/09/17,53,6:44:00 PM,Wednesday,Finch Stn,Utilized Off Route,0,0,E,9089
2014/09/17,191,6:47:00 PM,Wednesday,dundas at eastmall,Mechanical,4,9,n,7954
2014/09/17,34,6:47:00 PM,Wednesday,Eglinton Station,Mechanical,7,14,EB,7461
2014/09/17,191,6:47:00 PM,Wednesday,dundas at eastmall,Mechanical,5,10,n,7954
2014/09/17,53,6:48:00 PM,Wednesday,Steeles & Shadlock,Diversion,5,10,E,
2014/09/17,47,6:49:00 PM,Wednesday,Yorkdale Stn,Investigation,18,40,S/B,1635
2014/09/17,44,6:56:00 PM,Wednesday,KP and Evans,Mechanical,6,10,s,8074
2014/09/17,87,7:03:00 PM,Wednesday,Main Stn,Utilized Off Route,15,30,w,7695
2014/09/17,199,7:05:00 PM,Wednesday,Finch Stn,Utilized Off Route,2,5,e/b,7075
2014/09/17,116,7:10:00 PM,Wednesday,Kennedy Stn,Mechanical,10,20,E,7444
2014/09/17,92,7:17:00 PM,Wednesday,Woodbine Stn,Utilized Off Route,7,14,s,8128
2014/09/17,95,7:35:00 PM,Wednesday,York Mills Station,Mechanical,7,14,EB,1149
2014/09/17,198,8:02:00 PM,Wednesday,Eglinton & McCowan,Mechanical,10,20,W,7487
2014/09/17,102,8:22:00 PM,Wednesday,Warden Stn,Utilized Off Route,18,36,n,8150
2014/09/17,94,8:30:00 PM,Wednesday,Entire Route,General Delay,8,23,B/W,
2014/09/17,24,8:31:00 PM,Wednesday,Victoria Park/Lawrence,Investigation,18,36,n,7689
2014/09/17,24,8:36:00 PM,Wednesday,Victoria Park/Lawrence,Utilized Off Route,10,20,n,7859
2014/09/17,37,8:38:00 PM,Wednesday,Bergamot,Mechanical,13,26,S,1574
2014/09/17,100,8:39:00 PM,Wednesday,Wynford and Don Mills,Mechanical,4,8,EB,7433
2014/09/17,169,9:56:00 PM,Wednesday,Brian and Van Horn,Mechanical,30,60,w,1819
2014/09/17,89,10:00:00 PM,Wednesday,Entire Route,General Delay,10,22,B/W,
2014/09/17,92,10:02:00 PM,Wednesday,Woodbine Stn,Mechanical,7,14,s,7744
2014/09/17,92,10:20:00 PM,Wednesday,Woodbine STn,Utilized Off Route,7,14,s,7763
2014/09/17,60,10:55:00 PM,Wednesday,commoms,Mechanical,18,36,e/b,1258
2014/09/17,32,11:16:00 PM,Wednesday,Eglinton and Keele,Emergency Services,12,24,e/b,1520
2014/09/18,320,2:40:00 AM,Thursday,yonge and st clair,Utilized Off Route,5,10,e/b,8330
2014/09/18,133,4:44:00 AM,Thursday,STC Station,Mechanical,14,27,n,1771
2014/09/18,321,4:45:00 AM,Thursday,Finch ave @ Finchdene Square,Mechanical,10,20,E,1115
2014/09/18,385,4:47:00 AM,Thursday,Sheppard @ Meadow vale,Mechanical,15,45,W,1099
2014/09/18,35,4:58:00 AM,Thursday,Hull,Late Leaving Garage,10,20,S,1247
2014/09/18,35,5:00:00 AM,Thursday,Hull,Late Leaving Garage,21,31,s,1282
2014/09/18,29,5:06:00 AM,Thursday,Wilson Stn,Late Leaving Garage,10,18,SB,9035
2014/09/18,35,5:20:00 AM,Thursday,Jane Stn.,Late Leaving Garage,5,10,N,7935
2014/09/18,96,5:24:00 AM,Thursday,Wilson,Late Leaving Garage,10,9,W,7223
2014/09/18,32,5:25:00 AM,Thursday,Eglinton Stn.,Mechanical,5,10,WB,1061
2014/09/18,95,5:37:00 AM,Thursday,Kingston Road Loop,Mechanical,7,14,w,1105
2014/09/18,125,5:39:00 AM,Thursday,Bathurst and Antibies,Late Leaving Garage,20,1,WB,8316
2014/09/18,89,5:42:00 AM,Thursday,Keele stn,Late Leaving Garage,12,22,n,1670
2014/09/18,39,5:44:00 AM,Thursday,Neilson and Crow Trail,Mechanical,4,14,wb,7063
2014/09/18,100,5:45:00 AM,Thursday,Eglinton Stn,Late Leaving Garage,5,25,EB,7489
2014/09/18,95,5:52:00 AM,Thursday,York Mills Station,Mechanical,5,0,e,1147
2014/09/18,32,5:56:00 AM,Thursday,Eglinton Station,Mechanical,5,10,WB,1019
2014/09/18,199,5:57:00 AM,Thursday,STC SRT,Late Leaving Garage,3,6,nb,7007
2014/09/18,29,5:57:00 AM,Thursday,Princes Gates,Late Leaving Garage,9,18,NB,9000
2014/09/18,35,5:58:00 AM,Thursday,JNST,Late Leaving Garage,10,20,S,1241
2014/09/18,73,6:00:00 AM,Thursday,Royal York Stn,Late Leaving Garage,11,26,n/b,7969
2014/09/18,59,6:03:00 AM,Thursday,Lawrence west Stn.,Late Leaving Garage,10,20,w,1355
2014/09/18,60,6:05:00 AM,Thursday,FSTN,Late Leaving Garage,13,26,W,7951
2014/09/18,29,6:07:00 AM,Thursday,Dufferin and Tycos,Utilized Off Route,5,10,SB,8319
2014/09/18,60,6:10:00 AM,Thursday,Signet,Late Leaving Garage,2,5,S,1521
2014/09/18,134,6:14:00 AM,Thursday,Tapscott s. of Mcnicoll,Mechanical,20,40,s,9086
2014/09/18,78,6:15:00 AM,Thursday,Carluke and Fifeshire,Late Leaving Garage,5,1,WB,8166
2014/09/18,7,6:15:00 AM,Thursday,Bathurst and Steeles,Mechanical,11,18,S,9034
2014/09/18,66,6:16:00 AM,Thursday,Lakeshore/Marine Parade,Late Leaving Garage,16,30,n/b,7331
2014/09/18,41,6:20:00 AM,Thursday,keele stn,Late Leaving Garage,8,16,n/b,1580
2014/09/18,96,6:21:00 AM,Thursday,Humberline/Finch,Late Leaving Garage,18,36,w,1329
2014/09/18,97,6:25:00 AM,Thursday,Queens Quay and Yonge,Late Leaving Garage,1,1,NB,8359
2014/09/18,122,6:26:00 AM,Thursday,Roywood And Underpass Gate,Utilized Off Route,12,24,EB,1806
2014/09/18,32,6:28:00 AM,Thursday,Eglinton West Station,Mechanical,10,20,WB,1624
2014/09/18,53,6:28:00 AM,Thursday,Passmore and Markham,Utilized Off Route,5,9,w,7011
2014/09/18,29,6:29:00 AM,Thursday,Dufferin and Bloor,Late Leaving Garage,4,7,NB,9018
2014/09/18,85,6:29:00 AM,Thursday,Sheppard and Brenyon Way,Mechanical,3,7,W,1789
2014/09/18,120,6:30:00 AM,Thursday,Glitspur and Jane,Mechanical,30,60,E,1210
2014/09/18,131,6:35:00 AM,Thursday,STC Station,Late Leaving Garage,8,16,n,1081
2014/09/18,196,6:35:00 AM,Thursday,Downview station,Late Leaving Garage,8,8,n,9443
2014/09/18,90,6:35:00 AM,Thursday,Oakwood and Vaughan,Mechanical,4,8,S,9411
2014/09/18,53,6:35:00 AM,Thursday,Finch Station,Mechanical,4,15,e,9064
2014/09/18,29,6:36:00 AM,Thursday,Dufferin and Bloor,Late Leaving Garage,4,7,NB,9022
2014/09/18,46,6:36:00 AM,Thursday,Martin Grove loop,Mechanical,10,20,s,
2014/09/18,195,6:37:00 AM,Thursday,JSTE,Late Leaving Garage,10,1,S,7929
2014/09/18,36,6:40:00 AM,Thursday,Finch and Arrow (36F from FSTN),Mechanical,12,24,E,7221
2014/09/18,29,6:40:00 AM,Thursday,Dufferin and Tycos,Late Leaving Garage,3,6,SB,9037
2014/09/18,29,6:41:00 AM,Thursday,Tycos and Lansdowne,Late Leaving Garage,7,13,S,9037
2014/09/18,15,6:42:00 AM,Thursday,400 EVANS AVE,Mechanical,16,31,E,8034
2014/09/18,132,6:42:00 AM,Thursday,Milner and Mccowan,Mechanical,12,24,E,1752
2014/09/18,35,6:43:00 AM,Thursday,Steeles,Mechanical,10,20,S,1247
2014/09/18,60,6:44:00 AM,Thursday,Finch Station,Mechanical,13,26,W,
2014/09/18,199,6:45:00 AM,Thursday,STC SRT,Utilized Off Route,3,5,wb,1788
2014/09/18,36,6:45:00 AM,Thursday,Humberwood loop,Mechanical,4,8,W,
2014/09/18,196,6:47:00 AM,Thursday,York university Commons,Late Leaving Garage,4,8,S,9420
2014/09/18,96,6:49:00 AM,Thursday,Woodbine Downs,Late Leaving Garage,30,60,w,1373
2014/09/18,96,6:49:00 AM,Thursday,Wilson route,Mechanical,30,60,w,
2014/09/18,198,6:50:00 AM,Thursday,eglinton yard,Late Leaving Garage,10,20,e,7604
2014/09/18,196,6:51:00 AM,Thursday,University Commons,Late Leaving Garage,4,8,S,9431
2014/09/18,84,6:52:00 AM,Thursday,Sheppard,Late Leaving Garage,17,34,W,1554
2014/09/18,196,6:58:00 AM,Thursday,Downsview station,Investigation,9,19,E,9449
2014/09/18,139,6:58:00 AM,Thursday,Baldoon And Finch,Late Leaving Garage,20,40,EB,1718
2014/09/18,85,6:59:00 AM,Thursday,Don Mills station,Mechanical,8,16,E,9080
2014/09/18,120,7:00:00 AM,Thursday,Calvington route,General Delay,40,70,B,
2014/09/18,124,7:00:00 AM,Thursday,Sunnybrook Route,General Delay,14,10,Bw,
2014/09/18,145,7:00:00 AM,Thursday,Entire Humber Express Route,General Delay,27,54,b/w,8025
2014/09/18,26,7:00:00 AM,Thursday,Entire Dupont Route,General Delay,25,50,b/w,7346
2014/09/18,38,7:02:00 AM,Thursday,U of T Scar Campus,Late Leaving Garage,15,30,W,1729
2014/09/18,134,7:03:00 AM,Thursday,Scarborough Town Centre,Mechanical,6,13,e,9059
2014/09/18,85,7:03:00 AM,Thursday,Sheppard and Victoria Park,Utilized Off Route,8,16,E,9080
2014/09/18,134,7:03:00 AM,Thursday,Centennial College,Mechanical,6,0,w,9060
2014/09/18,32,7:03:00 AM,Thursday,Eglinton west Station,Mechanical,10,20,WB,1563
2014/09/18,53,7:05:00 AM,Thursday,Finch Station,Utilized Off Route,12,24,e,9063
2014/09/18,54,7:06:00 AM,Thursday,Eglinton Station,Utilized Off Route,9,18,eb,7617
2014/09/18,709,7:07:00 AM,Thursday,Eglinton & Keele,Utilized Off Route,5,10,EB,1555
2014/09/18,709,7:08:00 AM,Thursday,Eglinton & Keele,Utilized Off Route,5,10,EB,1609
2014/09/18,100,7:08:00 AM,Thursday,Broadview Station,Utilized Off Route,4,8,nb,7403
2014/09/18,96,7:08:00 AM,Thursday,Yorkmills station,Utilized Off Route,18,36,w,7212
2014/09/18,95,7:09:00 AM,Thursday,York Mills Station,Utilized Off Route,9,18,e,1743
2014/09/18,36,7:09:00 AM,Thursday,Finch and Arrow,Mechanical,1,8,E,
2014/09/18,709,7:10:00 AM,Thursday,Eglinton & Keele,Utilized Off Route,5,10,EB,1575
2014/09/18,75,7:10:00 AM,Thursday,Queens Quay and Jarvis,Utilized Off Route,6,12,N,8161
2014/09/18,25,7:10:00 AM,Thursday,Pape Station,Utilized Off Route,3,6,nb,7513
2014/09/18,104,7:10:00 AM,Thursday,Wilson station,Mechanical,13,26,N,8322
2014/09/18,6,7:11:00 AM,Thursday,Bay and Bloore,Utilized Off Route,7,14,s/b,1287
2014/09/18,29,7:11:00 AM,Thursday,Spinghurst loop,Utilized Off Route,4,7,N,9039
2014/09/18,97,7:12:00 AM,Thursday,Yonge and Melrose,Utilized Off Route,30,60,S,8184
2014/09/18,199,7:12:00 AM,Thursday,STC SRT Station,Utilized Off Route,3,6,wb,1709
2014/09/18,75,7:13:00 AM,Thursday,Bloor and Sherbourne,Utilized Off Route,6,12,S,8336
2014/09/18,81,7:13:00 AM,Thursday,Pape stn,Utilized Off Route,5,10,N,7882
2014/09/18,196,7:14:00 AM,Thursday,Downsview stn,Utilized Off Route,2,6,N,9431
2014/09/18,60,7:15:00 AM,Thursday,Finch Station,Utilized Off Route,13,26,W,1271
2014/09/18,43,7:15:00 AM,Thursday,Kennedy Station,Mechanical,10,20,NB,7505
2014/09/18,54,7:16:00 AM,Thursday,Eglinton Station,Utilized Off Route,9,18,eb,7571
2014/09/18,35,7:16:00 AM,Thursday,Jane Stn.,Utilized Off Route,10,20,N,1322
2014/09/18,52,7:16:00 AM,Thursday,culford and law,Mechanical,6,9,e,1235
2014/09/18,168,7:17:00 AM,Thursday,Dundas W. Stn,Utilized Off Route,5,9,n/b,5495
2014/09/18,34,7:17:00 AM,Thursday,Eglinton Station,Utilized Off Route,4,8,EB,7564
2014/09/18,6,7:17:00 AM,Thursday,Queens Quay and Yonge,Utilized Off Route,7,14,n/b,1642
2014/09/18,60,7:20:00 AM,Thursday,York University Commons,Mechanical,7,14,E,1260
2014/09/18,44,7:20:00 AM,Thursday,COL SMITH LOOP,Mechanical,4,8,N,8076
2014/09/18,11,7:22:00 AM,Thursday,Belsize and Cleveland,Utilized Off Route,11,21,w/b,8196
2014/09/18,76,7:23:00 AM,Thursday,Royal York Stn,Utilized Off Route,5,9,s/b,7320
2014/09/18,60,7:27:00 AM,Thursday,Signal Hill,Mechanical,7,14,E,
2014/09/18,196,7:27:00 AM,Thursday,Go train track on York U blvd.,Mechanical,2,6,S,9433
2014/09/18,39,7:29:00 AM,Thursday,Finch and Neilson,Mechanical,15,30,EB,7081
2014/09/18,120,7:30:00 AM,Thursday,,Mechanical,30,60,W,1220
2014/09/18,86,7:30:00 AM,Thursday,Scarborough Route,General Delay,15,0,B/W,
2014/09/18,95,7:30:00 AM,Thursday,Scarborough College,Mechanical,9,18,w,1717
2014/09/18,45,7:30:00 AM,Thursday,ENTIRE ROUTE,General Delay,12,1,B/W,
2014/09/18,11,7:30:00 AM,Thursday,Steeles to Davisville stn,General Delay,30,60,b/w,
2014/09/18,196,7:31:00 AM,Thursday,Downsview station,Late Leaving Garage,2,6,W,8170
2014/09/18,108,7:40:00 AM,Thursday,Sheppard and Chesswood,General Delay,9,18,E,
2014/09/18,60,7:42:00 AM,Thursday,Finch Station,Late Leaving Garage,7,14,W,1293
2014/09/18,195,7:42:00 AM,Thursday,JSTE,Late Leaving Garage,3,14,S,1363
2014/09/18,11,7:47:00 AM,Thursday,Bayview and Heathcote,Investigation,12,24,n/b,8186
2014/09/18,66,7:48:00 AM,Thursday,Old Mill Stn,Mechanical,14,28,s/b,7331
2014/09/18,85,7:50:00 AM,Thursday,Sheppard station to Rouge Hill GO,General Delay,15,10,B/W,
2014/09/18,143,7:50:00 AM,Thursday,Beaches express service,General Delay,30,1,B?W,
2014/09/18,23,7:55:00 AM,Thursday,Main stn,Utilized Off Route,5,10,N,7772
2014/09/18,165,7:59:00 AM,Thursday,Barmac and Steeles,Mechanical,11,17,S,1333
2014/09/18,96,8:00:00 AM,Thursday,Wilson route,General Delay,15,30,B/W,
2014/09/18,35,8:00:00 AM,Thursday,Jane Stn.,Mechanical,10,20,N,1326
2014/09/18,25,8:00:00 AM,Thursday,Entire Route,General Delay,15,12,Bw,
2014/09/18,36,8:00:00 AM,Thursday,Finch West route  36 & 36F,General Delay,22,30,B,1331
2014/09/18,95,8:00:00 AM,Thursday,Entire Route,General Delay,10,0,BW,
2014/09/18,5,8:00:00 AM,Thursday,Eglinton stn to Elm ave,General Delay,15,30,b/w,
2014/09/18,116,8:00:00 AM,Thursday,Morningside Route,General Delay,10,0,B/W,
2014/09/18,51,8:00:00 AM,Thursday,Townsend to Eglinton stn,General Delay,15,30,b/w,
2014/09/18,165,8:00:00 AM,Thursday,Weston North route,General Delay,18,24,B,
2014/09/18,61,8:00:00 AM,Thursday,Bombay loop to Eglinton stn,General Delay,12,24,b/w,
2014/09/18,36,8:03:00 AM,Thursday,Milvan and Finch,Utilized Off Route,12,24,W,7221
2014/09/18,196,8:09:00 AM,Thursday,Downsview station,Mechanical,4,6,W,8180
2014/09/18,37,8:10:00 AM,Thursday,Steeles and Islington,Investigation,6,12,N,1237
2014/09/18,37,8:10:00 AM,Thursday,Islington and Steeles,General Delay,25,31,BN,
2014/09/18,60,8:10:00 AM,Thursday,Steeles and Islington,General Delay,28,35,BW,
2014/09/18,45,8:10:00 AM,Thursday,KIPLING & WESTWAY,Mechanical,6,12,S,7344
2014/09/18,95,8:12:00 AM,Thursday,York Mills and Don Mills,Mechanical,4,8,WB,9439
2014/09/18,35,8:12:00 AM,Thursday,Steeles,Mechanical,10,20,S,7234
2014/09/18,6,8:17:00 AM,Thursday,Queens Quay and Dockside,Mechanical,7,14,n/b,1533
2014/09/18,196,8:25:00 AM,Thursday,Downsview station,Mechanical,2,6,W,9427
2014/09/18,172,8:30:00 AM,Thursday,Cherry street route,General Delay,13,1,B/W,
2014/09/18,37,8:31:00 AM,Thursday,Islington and Steeles,Emergency Services,6,12,N,1297
2014/09/18,36,8:31:00 AM,Thursday,Finch and MGRV,Mechanical,4,8,W,1246
2014/09/18,116,8:32:00 AM,Thursday,kennedy stn,Mechanical,6,12,e,7471
2014/09/18,60,8:35:00 AM,Thursday,Signal Hill,Mechanical,7,14,E,1284
2014/09/18,25,8:40:00 AM,Thursday,Pape - O Connor,Mechanical,3,6,SB,7463
2014/09/18,133,8:45:00 AM,Thursday,Neilson Ellesmere to sheppard,General Delay,10,13,bw,
2014/09/18,35,8:49:00 AM,Thursday,SJAN,Late Leaving Garage,10,20,S,1233
2014/09/18,36,8:51:00 AM,Thursday,Milvan and Finch,Mechanical,2,4,E,1504
2014/09/18,62,8:54:00 AM,Thursday,BROADVIEW/MORTIMER,Investigation,17,34,E,7871
2014/09/18,196,8:55:00 AM,Thursday,Downsview station,Mechanical,2,6,W,9420
2014/09/18,29,8:57:00 AM,Thursday,Wilson stn,Utilized Off Route,4,8,s/b,8380
2014/09/18,102,9:00:00 AM,Thursday,Warden Station,Utilized Off Route,11,22,NB,7787
2014/09/18,85,9:02:00 AM,Thursday,Don Mills Stn,Emergency Services,20,40,W,1735
2014/09/18,7,9:13:00 AM,Thursday,Bathurst and Finch,Investigation,9,19,N,9047
2014/09/18,21,9:15:00 AM,Thursday,Eglinton and Brimley,General Delay,14,28,s,7686
2014/09/18,196,9:15:00 AM,Thursday,Downsview station,Utilized Off Route,4,6,W,8170
2014/09/18,85,9:35:00 AM,Thursday,Sheppard and Brownspring,Emergency Services,5,10,W,1773
2014/09/18,38,9:37:00 AM,Thursday,STC Station,Mechanical,12,24,e,1729
2014/09/18,195,9:38:00 AM,Thursday,Shorehame,Mechanical,10,20,N,7946
2014/09/18,165,9:55:00 AM,Thursday,Barmac and Steeles,Mechanical,12,21,S,1311
2014/09/18,35,10:26:00 AM,Thursday,Jane Stn.,Investigation,24,48,N,1519
2014/09/18,108,10:37:00 AM,Thursday,Finch and Driftwood,Mechanical,18,36,N,1264
2014/09/18,29,10:39:00 AM,Thursday,Dufferin and Wilson,Mechanical,4,8,SB,9003
2014/09/18,116,10:53:00 AM,Thursday,eglinton and markham,Investigation,10,20,e,7545
2014/09/18,29,10:58:00 AM,Thursday,Wilson Stn,Mechanical,4,8,SB,9048
2014/09/18,82,11:00:00 AM,Thursday,Highland and Binscarth,Diversion,0,0,S,8198
2014/09/18,89,11:09:00 AM,Thursday,st phillips,Mechanical,9,18,s/b,1059
2014/09/18,195,11:19:00 AM,Thursday,Finch,Mechanical,10,20,S,1363
2014/09/18,109,11:22:00 AM,Thursday,Marlee and Lawrence,Investigation,15,30,S,8346
2014/09/18,42,11:27:00 AM,Thursday,Finch Station,Utilized Off Route,12,24,E,8376
2014/09/18,29,11:27:00 AM,Thursday,Dufferin and Hunter,Investigation,4,8,NB,9042
2014/09/18,75,11:33:00 AM,Thursday,Sherbourne and Bloor,Mechanical,7,14,N,8336
2014/09/18,87,11:55:00 AM,Thursday,WESTLAKE/LUMSDEN,Diversion,204,212,E,7707
2014/09/18,72,12:00:00 PM,Thursday,Route 72 Pape,General Delay,9,1,b/w,
2014/09/18,195,12:18:00 PM,Thursday,Chalkfarm Dr.,Mechanical,10,20,S,1322
2014/09/18,54,12:52:00 PM,Thursday,Birchmount Rd,Investigation,12,24,B/W,7521
2014/09/18,37,12:54:00 PM,Thursday,Bergmot and Islington,Mechanical,16,36,S,1297
2014/09/18,17,12:59:00 PM,Thursday,Lawrence and Birchmount,Diversion,13,26,SB,7878
2014/09/18,196,1:01:00 PM,Thursday,Downsview station,Utilized Off Route,2,6,W,8158
2014/09/18,107,1:30:00 PM,Thursday,107 route,General Delay,32,64,B/w,9435
2014/09/18,172,1:30:00 PM,Thursday,Route 172 Cherry,General Delay,10,1,b/w,
2014/09/18,52,1:40:00 PM,Thursday,Royal York & Dixon,Mechanical,15,30,e/b,1662
2014/09/18,7,2:00:00 PM,Thursday,Steeles to Bathurst stn,General Delay,20,29,b/w,
2014/09/18,94,2:00:00 PM,Thursday,Wellesley route 94,General Delay,12,30,BW,
2014/09/18,32,2:00:00 PM,Thursday,Entire route,General Delay,30,7,b/w,
2014/09/18,41,2:00:00 PM,Thursday,Entire route,General Delay,15,25,b/w,
2014/09/18,25,2:00:00 PM,Thursday,William Morgan to Overlea Blvd,General Delay,5,10,WB,
2014/09/18,63,2:00:00 PM,Thursday,Ossington route 63,General Delay,20,25,BW,
2014/09/18,109,2:00:00 PM,Thursday,Neptune to Eglinton west,General Delay,20,32,b/w,
2014/09/18,160,2:00:00 PM,Thursday,Clark to Wilson stn,General Delay,20,40,b./w,
2014/09/18,33,2:00:00 PM,Thursday,Castlefield to St.Clair west,General Delay,15,31,b/w,
2014/09/18,32,2:05:00 PM,Thursday,Loxley and Eglinton,Investigation,8,16,w/b,1024
2014/09/18,196,2:07:00 PM,Thursday,Downsview Station,Utilized Off Route,2,4,WB,8359
2014/09/18,95,2:07:00 PM,Thursday,York Mills and Old York Mills,Mechanical,7,15,E,1063
2014/09/18,64,2:16:00 PM,Thursday,Main Station,Late Leaving Garage,8,16,SB,8133
2014/09/18,87,2:18:00 PM,Thursday,Broadview Stn.,Late Leaving Garage,6,12,e,7776
2014/09/18,6,2:20:00 PM,Thursday,Yonge & Davenport,Mechanical,6,11,S,1307
2014/09/18,165,2:20:00 PM,Thursday,York Mills Stn,Utilized Off Route,18,27,W,1240
2014/09/18,199,2:21:00 PM,Thursday,Seneca loop and Finch Ave East,Mechanical,5,10,East,7098
2014/09/18,12,2:30:00 PM,Thursday,Route 12 Kingston rd.,General Delay,10,1,b/w,
2014/09/18,54,2:30:00 PM,Thursday,54 Lawerence Route,General Delay,12,24,B/W,
2014/09/18,70,2:30:00 PM,Thursday,70 O'Connor Route,General Delay,15,30,B/W,
2014/09/18,29,2:30:00 PM,Thursday,Dufferin route,General Delay,4,14,b/w,
2014/09/18,96,2:30:00 PM,Thursday,wilson ave - dufferin to yonge,General Delay,18,36,bw,
2014/09/18,191,2:30:00 PM,Thursday,finch ave - hwy 27 to martingrove,General Delay,18,24,bw,
2014/09/18,85,2:35:00 PM,Thursday,Don Mills Stn,Late Leaving Garage,5,9,e,9082
2014/09/18,79,2:35:00 PM,Thursday,Pine & Lawrence,Mechanical,12,24,s/b,1008
2014/09/18,501,2:37:00 PM,Thursday,Humber Loop,Mechanical,8,15,wb,7960
2014/09/18,107,2:38:00 PM,Thursday,Downsview Station,Late Leaving Garage,1,1,nb,9434
2014/09/18,83,2:40:00 PM,Thursday,Route 83 Jones,General Delay,10,1,b/w,
2014/09/18,106,2:40:00 PM,Thursday,Downsview Station,Utilized Off Route,10,20,WB,8201
2014/09/18,102,2:41:00 PM,Thursday,Warden Station,Utilized Off Route,10,20,B/W,7727
2014/09/18,12,2:45:00 PM,Thursday,Kingston rd./Audrey ave.,Diversion,23,46,e/b,7796
2014/09/18,196,2:45:00 PM,Thursday,DOWNSVIEW STATION,Utilized Off Route,2,4,WB,917
2014/09/18,75,2:49:00 PM,Thursday,Sherbourne at Bloor,Utilized Off Route,7,14,s/b,1822
2014/09/18,35,2:49:00 PM,Thursday,Jane and Sheppard,Late Leaving Garage,1,20,N,1222
2014/09/18,89,2:51:00 PM,Thursday,Weston / Albion,Late Leaving Garage,7,14,s,1045
2014/09/18,25,2:52:00 PM,Thursday,Pape STN,Utilized Off Route,4,10,NB,7525
2014/09/18,53,2:54:00 PM,Thursday,Steeles & Leslie,Investigation,23,46,E,7124
2014/09/18,191,2:57:00 PM,Thursday,Arrow Rd,Late Leaving Garage,1,1,,7920
2014/09/18,83,2:57:00 PM,Thursday,Wheel Trans Garage,Mechanical,18,36,n/b,8108
2014/09/18,53,2:58:00 PM,Thursday,Passmore & Markham,Late Leaving Garage,0,7,W,9079
2014/09/18,144,3:00:00 PM,Thursday,144 Downtown Express,General Delay,20,40,BW,
2014/09/18,168,3:00:00 PM,Thursday,Dundas West Station,General Delay,10,16,B/W,
2014/09/18,35,3:00:00 PM,Thursday,Entire Route,General Delay,15,20,BW,
2014/09/18,52,3:00:00 PM,Thursday,52-Lawrence route,General Delay,12,10,b/w,
2014/09/18,6,3:00:00 PM,Thursday,Bay  route 6,General Delay,15,20,BW,
2014/09/18,68,3:00:00 PM,Thursday,68 Warden Route,General Delay,11,17,BW,
2014/09/18,57,3:00:00 PM,Thursday,Route 57 Midland,General Delay,5,1,b/w,
2014/09/18,26,3:00:00 PM,Thursday,St. George Station to Jane Station,General Delay,10,24,B/W,
2014/09/18,60,3:00:00 PM,Thursday,Entire 60 Steeles West Route,General Delay,10,20,B/W,
2014/09/18,195,3:00:00 PM,Thursday,Entire Route,General Delay,15,20,BW,1
2014/09/18,76,3:00:00 PM,Thursday,"On Royal York, at Evans",Late Leaving Garage,3,9,S,8034
2014/09/18,59,3:00:00 PM,Thursday,Entire Route,General Delay,15,20,BW,
2014/09/18,120,3:00:00 PM,Thursday,Wilson Stn to Northover,General Delay,25,22,BW,
2014/09/18,26,3:02:00 PM,Thursday,St. George Station,Mechanical,14,28,W,7316
2014/09/18,26,3:03:00 PM,Thursday,Jane Station,Mechanical,14,27,E,8078
2014/09/18,60,3:05:00 PM,Thursday,Finch Stn,Late Leaving Garage,7,14,W,1702
2014/09/18,60,3:07:00 PM,Thursday,Kipling and Steeles Loop,Late Leaving Garage,16,36,E,7201
2014/09/18,25,3:07:00 PM,Thursday,Pape Station,Mechanical,3,6,NB,7554
2014/09/18,60,3:08:00 PM,Thursday,Arrow Rd,Late Leaving Garage,1,1,,1251
2014/09/18,196,3:10:00 PM,Thursday,downsview station,Utilized Off Route,2,4,wb,9446
2014/09/18,35,3:10:00 PM,Thursday,Jane stn.,Late Leaving Garage,20,40,N,1554
2014/09/18,39,3:10:00 PM,Thursday,Seneca Loop,Late Leaving Garage,0,0,West,1107
2014/09/18,37,3:10:00 PM,Thursday,Arrow Rd,Late Leaving Garage,1,1,,1419
2014/09/18,36,3:12:00 PM,Thursday,Arrow Rd,Late Leaving Garage,1,1,,1335
2014/09/18,60,3:16:00 PM,Thursday,Arrow Rd,Late Leaving Garage,1,1,,1579
2014/09/18,129,3:18:00 PM,Thursday,Major Mackenzie and Ridgecrest,Late Leaving Garage,7,25,s,1788
2014/09/18,96,3:19:00 PM,Thursday,wilson at clayson,Mechanical,14,39,e,1384
2014/09/18,70,3:21:00 PM,Thursday,East York Collegiate,Mechanical,8,9,SB,7511
2014/09/18,60,3:23:00 PM,Thursday,Kipling and Steeles,Late Leaving Garage,16,36,E,7934
2014/09/18,96,3:23:00 PM,Thursday,carrier loop,Mechanical,25,50,e,7921
2014/09/18,35,3:28:00 PM,Thursday,Jane and Steeles,Late Leaving Garage,5,10,S,1297
2014/09/18,34,3:29:00 PM,Thursday,Eglinton & Lebovic,Mechanical,5,6,W,7634
2014/09/18,5,3:30:00 PM,Thursday,Queen's Park Circle,General Delay,24,40,SB,
2014/09/18,90,3:30:00 PM,Thursday,Duncan shops,Late Leaving Garage,15,0,n/b,8303
2014/09/18,36,3:30:00 PM,Thursday,Finch Stn to Humberwood,General Delay,25,20,BW,
2014/09/18,36,3:32:00 PM,Thursday,Finch Stn,Late Leaving Garage,5,10,W,1335
2014/09/18,36,3:33:00 PM,Thursday,Humberwood Loop,Late Leaving Garage,5,10,E,7913
2014/09/18,96,3:34:00 PM,Thursday,wilson stn,Late Leaving Garage,18,36,w,1380
2014/09/18,60,3:34:00 PM,Thursday,Finch Stn,Late Leaving Garage,16,36,W,1579
2014/09/18,37,3:36:00 PM,Thursday,Steeles,Late Leaving Garage,8,16,W,
2014/09/18,53,3:36:00 PM,Thursday,Passmore & Markham,Mechanical,12,17,W,7049
2014/09/18,25,3:37:00 PM,Thursday,Pape Station,Mechanical,3,6,NB,7511
2014/09/18,60,3:38:00 PM,Thursday,Kipling and Steeles Loop,Late Leaving Garage,16,34,E,
2014/09/18,35,3:40:00 PM,Thursday,Jane stn.,Late Leaving Garage,20,40,N,7921
2014/09/18,84,3:40:00 PM,Thursday,Rivalda and Sheppard,Late Leaving Garage,12,25,W,
2014/09/18,96,3:44:00 PM,Thursday,woodbine downs,Mechanical,18,36,e,
2014/09/18,36,3:47:00 PM,Thursday,Finch Stn,Late Leaving Garage,5,10,W,1214
2014/09/18,23,3:48:00 PM,Thursday,Dawes rd route,General Delay,10,20,B/W,7682
2014/09/18,60,3:49:00 PM,Thursday,Finch Stn,Late Leaving Garage,16,36,W,
2014/09/18,199,3:50:00 PM,Thursday,Finch Stn,Late Leaving Garage,0,0,East,1105
2014/09/18,60,3:50:00 PM,Thursday,Finch Stn,Late Leaving Garage,7,14,W,
2014/09/18,34,3:54:00 PM,Thursday,Eglinton Stn,Mechanical,1,1,E,7634
2014/09/18,29,3:54:00 PM,Thursday,Wilson Stn,Mechanical,6,12,s,9021
2014/09/18,36,3:55:00 PM,Thursday,Finch Stn,Late Leaving Garage,25,50,W,7201
2014/09/18,37,3:59:00 PM,Thursday,Summitcrest,Mechanical,8,16,S,1246
2014/09/18,88,4:00:00 PM,Thursday,Brentcliffe and Wickstead,Diversion,8,16,e/b,8218
2014/09/18,116,4:00:00 PM,Thursday,116 Morningside Route,General Delay,15,21,NB,
2014/09/18,37,4:00:00 PM,Thursday,Islington route,General Delay,30,15,BW,
2014/09/18,165,4:00:00 PM,Thursday,York Mills Stn to Major MacKenzie,General Delay,30,20,BW,
2014/09/18,84,4:00:00 PM,Thursday,Sheppard West route,General Delay,25,20,BW,
2014/09/18,11,4:00:00 PM,Thursday,Bayview and 401,General Delay,16,28,bw,
2014/09/18,134,4:00:00 PM,Thursday,STC to Ironside,General Delay,20,40,B/W,
2014/09/18,143,4:00:00 PM,Thursday,Route 143 DT Express,General Delay,30,1,b/w,
2014/09/18,94,4:02:00 PM,Thursday,Ossington stn,Investigation,18,36,E,1039
2014/09/18,65,4:06:00 PM,Thursday,Parliament and Wellesley,Investigation,9,18,S,7789
2014/09/18,88,4:08:00 PM,Thursday,St.Clair and Inglewood,Investigation,8,16,w/b,8315
2014/09/18,88,4:08:00 PM,Thursday,St.Clair and Inglewood,Investigation,15,30,w/b,8362
2014/09/18,52,4:09:00 PM,Thursday,Lawrence stn,Late Leaving Garage,11,16,w/b,1677
2014/09/18,83,4:12:00 PM,Thursday,Wheel trans garage,Utilized Off Route,18,36,s/b,7852
2014/09/18,36,4:12:00 PM,Thursday,Finch Stn,Late Leaving Garage,5,10,W,7940
2014/09/18,53,4:14:00 PM,Thursday,Passmore & Markham,Mechanical,5,10,W,7108
2014/09/18,89,4:16:00 PM,Thursday,Weston rd Albion,Investigation,7,14,s,1009
2014/09/18,110,4:17:00 PM,Thursday,Long Branch Loop,Mechanical,22,44,nb,7312
2014/09/18,29,4:23:00 PM,Thursday,Tycos,Mechanical,4,8,s,9028
2014/09/18,16,4:29:00 PM,Thursday,Warden station,Mechanical,8,16,NB,7759
2014/09/18,57,4:30:00 PM,Thursday,Kennedy stn.,Mechanical,7,15,n/b,8128
2014/09/18,141,4:30:00 PM,Thursday,Entire route,General Delay,30,30,b/w,
2014/09/18,34,4:36:00 PM,Thursday,Kennedy Stn,Investigation,4,8,E,7481
2014/09/18,87,4:41:00 PM,Thursday,Broadview stn.,Utilized Off Route,6,12,s/b,7828
2014/09/18,52,4:41:00 PM,Thursday,Martin Grove & Westway,Mechanical,11,22,w/b,1011
2014/09/18,190,4:44:00 PM,Thursday,Scarbrough Towncentre,Mechanical,10,15,w,7063
2014/09/18,124,4:45:00 PM,Thursday,Lawrence stn,Utilized Off Route,6,12,w/b,8382
2014/09/18,59,4:48:00 PM,Thursday,Jane and Church,Mechanical,12,24,E,1208
2014/09/18,190,4:48:00 PM,Thursday,Scarbrough Towncentre,Mechanical,10,15,w,7011
2014/09/18,37,4:52:00 PM,Thursday,Finch,Mechanical,8,16,N,1246
2014/09/18,91,4:56:00 PM,Thursday,Woodbine Station,Mechanical,7,14,S,7714
2014/09/18,53,5:00:00 PM,Thursday,Finch Stn to Staines,General Delay,15,25,B/W,
2014/09/18,46,5:00:00 PM,Thursday,Martin Grove route,General Delay,20,15,BW,
2014/09/18,60,5:03:00 PM,Thursday,Bathurst and Steeles,Mechanical,16,36,W,7922
2014/09/18,14,5:09:00 PM,Thursday,Glencairn and Capitol av,Diversion,71,91,B/W,
2014/09/18,60,5:10:00 PM,Thursday,Peter Kaiser and Steeles,Mechanical,7,14,E,1251
2014/09/18,199,5:25:00 PM,Thursday,199 Fich Express Route,General Delay,20,25,East,
2014/09/18,85,5:30:00 PM,Thursday,Don Mills Stn to Rouge Hill,General Delay,8,14,e/w,
2014/09/18,39,5:35:00 PM,Thursday,Finch Route,General Delay,20,25,East,
2014/09/18,21,5:45:00 PM,Thursday,STC,Mechanical,9,18,n/b,8146
2014/09/18,63,5:50:00 PM,Thursday,Ossington stn,Mechanical,7,14,N,1661
2014/09/18,37,5:52:00 PM,Thursday,Steeles,Mechanical,8,16,S,1417
2014/09/18,161,5:54:00 PM,Thursday,ossington stn.,Mechanical,11,22,w/b,1563
2014/09/18,92,5:57:00 PM,Thursday,Woodbine Stn,Utilized Off Route,8,16,s,7817
2014/09/18,84,5:59:00 PM,Thursday,Downsview Station,Mechanical,7,14,E,1342
2014/09/18,14,6:00:00 PM,Thursday,Entire Route,General Delay,15,35,B/W,
2014/09/18,161,6:00:00 PM,Thursday,Entire Route,General Delay,12,24,B/W,
2014/09/18,196,6:00:00 PM,Thursday,The commons to sheppard stn.,General Delay,25,15,b/w,
2014/09/18,11,6:10:00 PM,Thursday,Steeles Loop,Investigation,12,24,SB,8186
2014/09/18,65,6:15:00 PM,Thursday,Castlefrank Stn,Utilized Off Route,9,18,s,7699
2014/09/18,60,6:27:00 PM,Thursday,Keele and Steeles,Mechanical,7,14,W,1523
2014/09/18,10,6:30:00 PM,Thursday,VanHorn and Clipper,Diversion,10,25,E,1810
2014/09/18,191,6:31:00 PM,Thursday,kipling stn,Mechanical,5,10,n,7915
2014/09/18,11,6:37:00 PM,Thursday,Sunnybrook Hospital,Investigation,12,24,Nb,8300
2014/09/18,53,6:38:00 PM,Thursday,Finch Stn,Mechanical,5,10,E,7057
2014/09/18,25,6:40:00 PM,Thursday,Pape Station,Utilized Off Route,4,8,NB,7551
2014/09/18,100,6:40:00 PM,Thursday,Broadview Station,Utilized Off Route,5,8,NB,7606
2014/09/18,64,7:00:00 PM,Thursday,Main Stn,General Delay,8,16,n/s,
2014/09/18,92,7:00:00 PM,Thursday,Woodbine Stn,General Delay,7,14,n/s,
2014/09/18,25,7:00:00 PM,Thursday,Don Mills Route,General Delay,5,15,BW,
2014/09/18,91,7:00:00 PM,Thursday,Woodbine Stn,General Delay,16,32,n/s,
2014/09/18,169,7:15:00 PM,Thursday,Van Horn and clipper,Diversion,135,165,E,8177
2014/09/18,111,7:28:00 PM,Thursday,Eastmall and Eglinton,Investigation,12,24,n,8012
2014/09/18,32,7:30:00 PM,Thursday,East Mall and Eglinton,Diversion,132,142,e/b,1542
2014/09/18,89,7:30:00 PM,Thursday,Entire route,General Delay,10,20,b/w,
2014/09/18,111,7:43:00 PM,Thursday,Eglinton and Eastmall,Diversion,77,89,n,8055
2014/09/18,90,7:54:00 PM,Thursday,Vaughan and Winona,Mechanical,11,22,s/b,1821
2014/09/18,6,8:13:00 PM,Thursday,Weston&St Calir w,Utilized Off Route,0,0,W,1507
2014/09/18,709,8:14:00 PM,Thursday,Eglinton station,Utilized Off Route,0,0,e/b,1020
2014/09/18,29,8:19:00 PM,Thursday,Bloor,Utilized Off Route,5,10,n,9008
2014/09/18,90,8:20:00 PM,Thursday,St.Clair west stn,Utilized Off Route,12,24,n/b,8303
2014/09/18,94,8:30:00 PM,Thursday,Entire Route,General Delay,12,24,B/W,
2014/09/18,43,9:20:00 PM,Thursday,Kenendy STN,Mechanical,15,30,NB,7466
2014/09/18,190,9:28:00 PM,Thursday,Scarborough Town Center,Mechanical,8,16,W,1747
2014/09/18,89,10:00:00 PM,Thursday,Entire Route,General Delay,10,22,B/W,
2014/09/18,6,10:14:00 PM,Thursday,Davenport and Dupont,Utilized Off Route,1,1,N/B,1287
2014/09/18,29,10:33:00 PM,Thursday,Wilson stn,Utilized Off Route,5,10,s/b,9012
2014/09/18,37,10:40:00 PM,Thursday,islington stn,Mechanical,8,16,n/b,1323
2014/09/18,6,10:45:00 PM,Thursday,Entire Route,General Delay,20,44,B/W,
2014/09/18,7,11:00:00 PM,Thursday,Bathurst and St.Clair,Utilized Off Route,1,1,s/b,9040
2014/09/18,32,11:32:00 PM,Thursday,Skymark and Eglinton,Mechanical,12,24,e/b,1423
2014/09/18,85,11:56:00 PM,Thursday,DonMills Stn,Emergency Services,20,40,W/B,1768
2014/09/19,53,12:24:00 AM,Friday,Passmore and Markham,Mechanical,9,18,W,1757
2014/09/19,320,12:32:00 AM,Friday,yonge and sheppard,Mechanical,4,8,w/b,7558
2014/09/19,89,12:44:00 AM,Friday,Keele Station,Investigation,15,30,n/b,1596
2014/09/19,89,12:44:00 AM,Friday,Keele Stn.,Investigation,15,30,n/b,1596
2014/09/19,65,12:46:00 AM,Friday,Castlefrank Stn,Mechanical,30,36,s,7703
2014/09/19,86,5:10:00 AM,Friday,Eglinton yard,Mechanical,15,30,E,7512
2014/09/19,73,5:15:00 AM,Friday,ROYAL YORK STN,Mechanical,15,30,N/B,7979
2014/09/19,77,5:21:00 AM,Friday,Runnymede & Bloor,Mechanical,15,15,SB,1025
2014/09/19,71,5:22:00 AM,Friday,Todd Baylis on Industry,Mechanical,10,20,NB,1580
2014/09/19,43,5:23:00 AM,Friday,Eglinton Yard,Mechanical,0,0,EB,7440
2014/09/19,38,5:27:00 AM,Friday,Rouge Hill GO,Mechanical,15,30,W,1065
2014/09/19,96,5:30:00 AM,Friday,FIHU,Late Leaving Garage,9,19,E,7201
2014/09/19,39,5:31:00 AM,Friday,Finch Av-Neilson Rd,Mechanical,5,9,wb,7119
2014/09/19,37,5:34:00 AM,Friday,Islington Station,Late Leaving Garage,8,19,N,1702
2014/09/19,63,5:34:00 AM,Friday,Eglinton West Stn.,Mechanical,14,27,SB,1663
2014/09/19,112,5:39:00 AM,Friday,EGLINGTON & RENFORTH,Mechanical,11,22,N,8029
2014/09/19,41,5:41:00 AM,Friday,keele station,Mechanical,8,16,S/B,1249
2014/09/19,32,5:45:00 AM,Friday,Emmett and Hosp Roadway,Mechanical,12,12,EB,1550
2014/09/19,67,5:45:00 AM,Friday,Rannock and pharmacy,Late Leaving Garage,0,26,n,7417
2014/09/19,39,5:48:00 AM,Friday,Baldoon Rd-Finch Av,Mechanical,10,14,eb,7081
2014/09/19,85,5:50:00 AM,Friday,Rouge Hill GO,Late Leaving Garage,8,16,W,9079
2014/09/19,39,5:52:00 AM,Friday,Finch Av-Kenneth Av,Mechanical,5,10,eb,7089
2014/09/19,85,5:54:00 AM,Friday,Don Mills station,Late Leaving Garage,3,15,E,9063
2014/09/19,54,5:55:00 AM,Friday,LSGR,Late Leaving Garage,9,18,w,7619
2014/09/19,35,5:55:00 AM,Friday,Jane/Maple Leaf,Mechanical,10,20,N,1323
2014/09/19,68,5:56:00 AM,Friday,Warden station,Mechanical,4,8,s,7615
2014/09/19,37,5:56:00 AM,Friday,FIIS,Late Leaving Garage,12,20,S,7953
2014/09/19,91,6:00:00 AM,Friday,YorkMills & Valleywoods,Mechanical,15,30,N/B,7710
2014/09/19,131,6:03:00 AM,Friday,MVOF morningview and Old Finch,Late Leaving Garage,7,15,e,1743
2014/09/19,67,6:04:00 AM,Friday,Victoria Park station,Late Leaving Garage,8,19,n,7485
2014/09/19,25,6:06:00 AM,Friday,Pape Stn,Mechanical,3,6,NB,7660
2014/09/19,85,6:07:00 AM,Friday,Meadowvale loop,Late Leaving Garage,4,12,W,1107
2014/09/19,95,6:08:00 AM,Friday,Ellesmere R.T. Station,Mechanical,7,14,w,8187
2014/09/19,7,6:08:00 AM,Friday,Village gate and Bathurst,Late Leaving Garage,8,15,SB,9051
2014/09/19,107,6:08:00 AM,Friday,Downsview station,Late Leaving Garage,12,29,N,9427
2014/09/19,34,6:09:00 AM,Friday,Kennedy Stn,Mechanical,4,8,WB,7488
2014/09/19,96,6:09:00 AM,Friday,YKMS,Mechanical,21,42,W,1200
2014/09/19,509,6:11:00 AM,Friday,Exhibition Loop,Late Leaving Garage,4,8,EB,7492
2014/09/19,35,6:13:00 AM,Friday,Jane/Steeles,Mechanical,10,20,S,1369
2014/09/19,85,6:13:00 AM,Friday,Rouge Hill GO,Late Leaving Garage,3,11,W,1081
2014/09/19,191,6:20:00 AM,Friday,RC27,Mechanical,5,10,S,
2014/09/19,24,6:21:00 AM,Friday,Victoria Park,Utilized Off Route,5,10,NB,7702
2014/09/19,54,6:21:00 AM,Friday,Eglinton station,Late Leaving Garage,9,18,e,7405
2014/09/19,102,6:21:00 AM,Friday,Warden Station,Utilized Off Route,10,20,NB,8140
2014/09/19,81,6:21:00 AM,Friday,Pape Station,Utilized Off Route,7,14,SB,8117
2014/09/19,100,6:22:00 AM,Friday,Eglinton Yard,Mechanical,0,0,SB,7474
2014/09/19,85,6:22:00 AM,Friday,Malvern gate,Utilized Off Route,8,12,W,9079
2014/09/19,5,6:24:00 AM,Friday,Eglinton Stn,Late Leaving Garage,15,25,SB,8312
2014/09/19,90,6:24:00 AM,Friday,St.Clair west stn,Late Leaving Garage,8,16,n/b,9434
2014/09/19,199,6:25:00 AM,Friday,STC SRT,Late Leaving Garage,3,6,wb,1801
2014/09/19,199,6:26:00 AM,Friday,Malvern Yard,Utilized Off Route,3,6,sb,1394
2014/09/19,96,6:27:00 AM,Friday,WBSW,Mechanical,18,36,E,
2014/09/19,42,6:28:00 AM,Friday,Cummer  and Vic Park,Utilized Off Route,1,0,w/b,8355
2014/09/19,169,6:28:00 AM,Friday,Mcowan rd and 401,Utilized Off Route,20,47,S,1810
2014/09/19,29,6:28:00 AM,Friday,Dufferin and Tycos,Late Leaving Garage,5,7,SB,9003
2014/09/19,84,6:28:00 AM,Friday,Finch/Arrow,Mechanical,17,34,W,
2014/09/19,165,6:29:00 AM,Friday,Wilson station,Mechanical,12,29,E,1246
2014/09/19,116,6:31:00 AM,Friday,Kennedy station,Utilized Off Route,12,24,e,7650
2014/09/19,41,6:31:00 AM,Friday,Steeles and Petrolia,Mechanical,8,16,S/B,1621
2014/09/19,37,6:32:00 AM,Friday,Steeles and Islington Loop,Mechanical,6,12,S,
2014/09/19,122,6:32:00 AM,Friday,York Mills and Upjohn,Utilized Off Route,12,16,EB,8200
2014/09/19,32,6:33:00 AM,Friday,Wright and Pine,Mechanical,5,10,EB,1555
2014/09/19,34,6:33:00 AM,Friday,Kennedy Stn,Utilized Off Route,4,8,WB,7461
2014/09/19,196,6:33:00 AM,Friday,York university commons,Utilized Off Route,5,10,W,9426
2014/09/19,68,6:34:00 AM,Friday,Warden Station,Late Leaving Garage,4,8,NB,7590
2014/09/19,25,6:34:00 AM,Friday,@ Duncan Mills,Mechanical,6,12,SB,7446
2014/09/19,53,6:40:00 AM,Friday,Passmore and Markham,Utilized Off Route,22,36,w,9072
2014/09/19,60,6:44:00 AM,Friday,Finch Station,Mechanical,13,26,W,
2014/09/19,86,6:45:00 AM,Friday,Kennedy Station,Utilized Off Route,17,34,e,7575
2014/09/19,36,6:45:00 AM,Friday,Humberwood loop,Mechanical,4,8,E,
2014/09/19,107,6:48:00 AM,Friday,Downsview station,Late Leaving Garage,18,36,N,9415
2014/09/19,42,6:50:00 AM,Friday,Mcnicoll and Vic park,Late Leaving Garage,10,20,w/b,8354
2014/09/19,196,6:51:00 AM,Friday,York university commons,Late Leaving Garage,4,8,E,9413
2014/09/19,53,6:51:00 AM,Friday,Passmore and Markham,Mechanical,13,24,w,9060
2014/09/19,100,6:51:00 AM,Friday,Eglinton Yard,Late Leaving Garage,0,0,SB,7568
2014/09/19,61,6:52:00 AM,Friday,Bombay loop,Mechanical,10,20,s/b,8195
2014/09/19,60,6:53:00 AM,Friday,Finch Station,Mechanical,0,0,W,7935
2014/09/19,35,6:57:00 AM,Friday,Jane/Alliance,Mechanical,10,20,N,1579
2014/09/19,190,6:57:00 AM,Friday,Don Mills station,Late Leaving Garage,6,11,E,1742
2014/09/19,96,6:59:00 AM,Friday,WBDW,Mechanical,18,36,E,
2014/09/19,36,6:59:00 AM,Friday,Humberwood loop,Mechanical,4,8,W,7234
2014/09/19,89,7:00:00 AM,Friday,Keele and dundas,General Delay,30,39,S/B,
2014/09/19,63,7:00:00 AM,Friday,entire route,General Delay,3,20,b/w,
2014/09/19,68,7:00:00 AM,Friday,Warden Station,Late Leaving Garage,4,8,NB,7625
2014/09/19,198,7:00:00 AM,Friday,testing sr,Diversion,1,1,,7450
2014/09/19,41,7:00:00 AM,Friday,Keele and dundas,General Delay,30,37,S/B,
2014/09/19,96,7:02:00 AM,Friday,YKMS,Late Leaving Garage,21,42,E,1419
2014/09/19,108,7:03:00 AM,Friday,Downsview Station,Mechanical,13,26,W,
2014/09/19,60,7:04:00 AM,Friday,Finch Station,Late Leaving Garage,7,14,W,1222
2014/09/19,54,7:05:00 AM,Friday,Midland and Lawrence,Mechanical,9,18,e,7449
2014/09/19,36,7:09:00 AM,Friday,Finch and Arrow,Mechanical,1,8,E,
2014/09/19,165,7:10:00 AM,Friday,York Mills station,Mechanical,6,12,W,1277
2014/09/19,195,7:13:00 AM,Friday,Jane/Steeles,Late Leaving Garage,10,20,S,7917
2014/09/19,25,7:13:00 AM,Friday,Pape Stn,Mechanical,3,6,NB,7506
2014/09/19,60,7:14:00 AM,Friday,Finch Station,Late Leaving Garage,7,14,W,1322
2014/09/19,129,7:20:00 AM,Friday,McCowan and Big Red,Mechanical,5,10,n,1789
2014/09/19,36,7:21:00 AM,Friday,Humberwood loop,Mechanical,4,8,E,7943
2014/09/19,60,7:21:00 AM,Friday,York University Commons,Late Leaving Garage,7,14,E,1331
2014/09/19,60,7:22:00 AM,Friday,Finch Station,Mechanical,7,14,W,1344
2014/09/19,24,7:23:00 AM,Friday,Victoria Park Stn.,Late Leaving Garage,6,12,n,7868
2014/09/19,60,7:27:00 AM,Friday,Signal Hill,Mechanical,7,14,E,
2014/09/19,107,7:28:00 AM,Friday,Drummond drive,Mechanical,18,26,S,9429
2014/09/19,7,7:30:00 AM,Friday,Steeles to Bathurst stn,General Delay,25,34,b/w,
2014/09/19,33,7:30:00 AM,Friday,Castlefield to St.Clair west,General Delay,15,31,b/w,
2014/09/19,109,7:30:00 AM,Friday,Neptune to Eglinton west stn,General Delay,20,52,b/w,
2014/09/19,160,7:30:00 AM,Friday,Clark to Wilson stn,General Delay,20,55,b/w,
2014/09/19,90,7:30:00 AM,Friday,Northcliff and Eglinton,General Delay,20,28,b/w,
2014/09/19,131,7:47:00 AM,Friday,Sewells and Mclevin,Mechanical,8,16,EB,1100
2014/09/19,66,7:48:00 AM,Friday,HUMBERLOOP,Mechanical,5,9,N/B,8047
2014/09/19,87,7:50:00 AM,Friday,Main Stn,Utilized Off Route,10,20,W/b,7814
2014/09/19,36,7:56:00 AM,Friday,Finch and Tangiers,Mechanical,4,8,E,1310
2014/09/19,52,8:00:00 AM,Friday,Lawrence and Keele,Mechanical,6,18,w,1647
2014/09/19,32,8:00:00 AM,Friday,Entire Route,General Delay,30,0,B/W,
2014/09/19,199,8:00:00 AM,Friday,STC SRT,Mechanical,3,6,wb,7123
2014/09/19,61,8:00:00 AM,Friday,Bombay loop to Eglinton stn,General Delay,10,20,b/w,
2014/09/19,165,8:00:00 AM,Friday,Weston North route,General Delay,16,20,B,
2014/09/19,36,8:00:00 AM,Friday,Finch West route,General Delay,18,24,B,
2014/09/19,115,8:00:00 AM,Friday,York Mills Stn,Investigation,20,40,EB,8161
2014/09/19,88,8:00:00 AM,Friday,st.Clair Station,Mechanical,12,24,e,8159
2014/09/19,199,8:04:00 AM,Friday,Finch Station,Investigation,2,5,wb,1094
2014/09/19,196,8:05:00 AM,Friday,Sheppard Station,Utilized Off Route,6,12,W,9438
2014/09/19,131,8:05:00 AM,Friday,Sewells and McLevin,Utilized Off Route,8,16,EB,1705
2014/09/19,196,8:15:00 AM,Friday,Downsview station,Mechanical,6,12,W,8206
2014/09/19,64,8:18:00 AM,Friday,Queen & Wineva,Utilized Off Route,8,16,E/B,8134
2014/09/19,73,8:19:00 AM,Friday,ROYAL YORK AND TREHORME,Investigation,14,28,N/B,7305
2014/09/19,105,8:20:00 AM,Friday,105 route both ways,General Delay,28,56,B/W,8335
2014/09/19,23,8:20:00 AM,Friday,Main Station,Utilized Off Route,5,10,WB,7735
2014/09/19,29,8:29:00 AM,Friday,Dufferin and 401 Off Ramp,Investigation,7,14,SB,9022
2014/09/19,107,8:35:00 AM,Friday,1stop north of Rivermade Rd.,Mechanical,32,55,S,9447
2014/09/19,122,8:41:00 AM,Friday,Roywood and Underpass Gate,Utilized Off Route,10,20,WB,8200
2014/09/19,11,8:46:00 AM,Friday,Davisville stn,Utilized Off Route,12,24,e/b,8173
2014/09/19,29,8:49:00 AM,Friday,Wilson Stn,Late Leaving Garage,5,9,SB,9019
2014/09/19,190,9:07:00 AM,Friday,Sheppard and Kennedy,Mechanical,5,16,E,1733
2014/09/19,196,9:15:00 AM,Friday,E/B Downsview station,Utilized Off Route,6,12,E,8371
2014/09/19,191,9:30:00 AM,Friday,KPSN,Mechanical,7,12,N,7913
2014/09/19,196,9:37:00 AM,Friday,Downsview station,Mechanical,2,6,W,9402
2014/09/19,35,9:39:00 AM,Friday,Jane/Wilson,Mechanical,10,12,N,1414
2014/09/19,72,9:50:00 AM,Friday,Carlaw & Commissioner,General Delay,10,1,B/W,7751
2014/09/19,37,9:59:00 AM,Friday,Humberwood Loop,Mechanical,16,32,S,1390
2014/09/19,91,10:00:00 AM,Friday,Woodbine & Oconnor,General Delay,15,0,E/B,
2014/09/19,70,10:14:00 AM,Friday,coxwell station,Mechanical,18,36,e,7433
2014/09/19,15,10:25:00 AM,Friday,Sherway Garden,Mechanical,10,33,e/b,8097
2014/09/19,31,10:30:00 AM,Friday,Greenwood Stn.,Mechanical,12,24,s,7737
2014/09/19,108,10:42:00 AM,Friday,Jane and Driftwood,Mechanical,18,36,S,1234
2014/09/19,70,11:00:00 AM,Friday,O'Connor,General Delay,17,35,e,
2014/09/19,100,11:10:00 AM,Friday,@ Bayview,Investigation,8,16,EB,7571
2014/09/19,6,11:11:00 AM,Friday,Bay & St Joseph,Investigation,10,20,S,1003
2014/09/19,196,11:25:00 AM,Friday,Downsview stn,Utilized Off Route,2,4,n,9431
2014/09/19,120,11:30:00 AM,Friday,Wilson station,Mechanical,30,60,W,1714
2014/09/19,161,11:37:00 AM,Friday,Ossington stn,Investigation,17,34,n/b,1542
2014/09/19,92,11:37:00 AM,Friday,Woodbine Stn,Utilized Off Route,8,16,S/B,7839
2014/09/19,161,11:37:00 AM,Friday,Ossington stn,Investigation,17,34,n/b,1542
2014/09/19,60,11:40:00 AM,Friday,Steeles Ave West at Dufferin St,Investigation,6,12,E,1346
2014/09/19,709,11:52:00 AM,Friday,Eglinton Stn.,Utilized Off Route,5,10,WB,1621
2014/09/19,29,11:52:00 AM,Friday,Springhurst Loop,Utilized Off Route,4,8,NB,9023
2014/09/19,90,11:52:00 AM,Friday,St.Clair west stn,Utilized Off Route,8,16,n/b,8194
2014/09/19,709,11:55:00 AM,Friday,Eglinton W Stn.,Utilized Off Route,5,10,EB,1649
2014/09/19,196,12:00:00 PM,Friday,Downsview stn,Utilized Off Route,4,8,n,9425
2014/09/19,196,12:20:00 PM,Friday,Downsview stn,Mechanical,6,12,w,9442
2014/09/19,129,12:33:00 PM,Friday,McCowan and Sheppard,Mechanical,6,12,n,1123
2014/09/19,102,12:40:00 PM,Friday,Warden Station,Mechanical,7,14,N,8144
2014/09/19,709,12:56:00 PM,Friday,Eglinton west station,Utilized Off Route,0,0,w/b,1673
2014/09/19,134,12:58:00 PM,Friday,Washburn/Berner Trail,Diversion,20,47,EB,9070
2014/09/19,52,1:00:00 PM,Friday,Lawrence West route,General Delay,25,20,b/w,
2014/09/19,172,1:00:00 PM,Friday,Route 172 Cherry,General Delay,10,1,b/w,
2014/09/19,47,1:00:00 PM,Friday,entire route,General Delay,15,45,b/w,
2014/09/19,29,1:00:00 PM,Friday,Dufferin route,General Delay,4,18,b/w,
2014/09/19,34,1:06:00 PM,Friday,Banff and Eglinton,Mechanical,8,16,EB,7637
2014/09/19,44,1:21:00 PM,Friday,KIPLING AND NORTH QUEEN,Diversion,27,33,S,8077
2014/09/19,102,1:23:00 PM,Friday,Warden Station,Mechanical,7,14,N,8140
2014/09/19,80,1:27:00 PM,Friday,Queensway at Kipling,Diversion,35,59,wb,7324
2014/09/19,110,1:28:00 PM,Friday,137 Horner Avenue,Investigation,18,36,sb,8061
2014/09/19,53,1:30:00 PM,Friday,Finch Station to MOFI/PAMK,General Delay,25,30,B/W's,
2014/09/19,36,1:30:00 PM,Friday,Finch Stn to Humberwood,General Delay,35,25,BW,
2014/09/19,165,1:30:00 PM,Friday,York Mills Stn to Major MacKenzie,General Delay,35,25,BW,
2014/09/19,60,1:40:00 PM,Friday,Finch Stn,Mechanical,7,14,W,1574
2014/09/19,97,1:44:00 PM,Friday,York Mills Station,Late Leaving Garage,30,1,S,8348
2014/09/19,87,1:54:00 PM,Friday,Broadview Station,Late Leaving Garage,6,12,WB,7847
2014/09/19,195,1:55:00 PM,Friday,York University Commons,Mechanical,10,20,S,1254
2014/09/19,7,2:00:00 PM,Friday,BATHURST ROUTE,General Delay,7,47,BW,
2014/09/19,68,2:00:00 PM,Friday,68 Warden Route,General Delay,25,31,,
2014/09/19,72,2:00:00 PM,Friday,Route 72 Pape,General Delay,10,1,b/w,
2014/09/19,70,2:00:00 PM,Friday,St. Clair Ave. and O'Connor Drive,General Delay,10,15,0,0
2014/09/19,32,2:00:00 PM,Friday,Entire route,General Delay,25,8,b/w,
2014/09/19,12,2:00:00 PM,Friday,Route 12 Kingston rd.,General Delay,15,1,b/w,
2014/09/19,116,2:00:00 PM,Friday,Kennedy Stn - Nighstar,General Delay,5,20,BW,
2014/09/19,86,2:00:00 PM,Friday,Kennedy Stn,General Delay,5,20,BW,
2014/09/19,25,2:00:00 PM,Friday,William Morgan to Overlea Blvd,General Delay,5,12,WB,
2014/09/19,89,2:00:00 PM,Friday,Entire route,General Delay,25,50,b/w,
2014/09/19,41,2:00:00 PM,Friday,Entire route,General Delay,25,50,b/w,
2014/09/19,160,2:00:00 PM,Friday,BATHURST NORTH ROUTE,General Delay,30,50,BW,
2014/09/19,21,2:00:00 PM,Friday,Route 21 Brimley,General Delay,5,1,b/w,
2014/09/19,501,2:01:00 PM,Friday,Humber Loop,Mechanical,7,14,wb,7306
2014/09/19,780,2:17:00 PM,Friday,Eglinton Garage,Mechanical,1,1,EB,7568
2014/09/19,75,2:20:00 PM,Friday,bloor / sherbourne,Utilized Off Route,7,14,SB,8374
2014/09/19,165,2:26:00 PM,Friday,Weston/Finch,Late Leaving Garage,2,9,W,1267
2014/09/19,196,2:27:00 PM,Friday,Downsview stn,Utilized Off Route,2,4,n,9432
2014/09/19,95,2:27:00 PM,Friday,York Mills stn,Late Leaving Garage,9,17,e,1771
2014/09/19,60,2:30:00 PM,Friday,Entire 60 Steeles West Route,General Delay,12,24,B/W,
2014/09/19,191,2:30:00 PM,Friday,finch ave - hwy 27 to martingrove,General Delay,20,26,bw,
2014/09/19,63,2:30:00 PM,Friday,Ossington route,General Delay,20,25,BW,
2014/09/19,96,2:30:00 PM,Friday,wilson ave - dufferin to yonge,General Delay,20,38,bw,
2014/09/19,120,2:30:00 PM,Friday,Wilson Stn to Northover,General Delay,30,25,BW,
2014/09/19,25,2:33:00 PM,Friday,Freshmeadow and Don  Mills,Late Leaving Garage,4,8,SB,7653
2014/09/19,25,2:33:00 PM,Friday,Don Mills and Freshmeadow,Mechanical,4,8,SB,7463
2014/09/19,29,2:35:00 PM,Friday,Wilson Station,Utilized Off Route,4,8,SB,9012
2014/09/19,95,2:42:00 PM,Friday,U of T Scarborough Campus Loop,Late Leaving Garage,11,15,w,1767
2014/09/19,196,2:46:00 PM,Friday,Sheppard stn,Late Leaving Garage,6,12,w,9413
2014/09/19,116,2:47:00 PM,Friday,Morningside & lawrence,Mechanical,10,20,N,7598
2014/09/19,36,2:49:00 PM,Friday,Finch/Woodbine Downs,Diversion,71,76,W,1213
2014/09/19,88,2:50:00 PM,Friday,St.Clair stn,Late Leaving Garage,7,14,e/b,8186
2014/09/19,92,2:57:00 PM,Friday,Woodbine Stn,Utilized Off Route,7,14,s,7710
2014/09/19,168,2:57:00 PM,Friday,Dundas W. Stn,Late Leaving Garage,7,14,n/b,7979
2014/09/19,53,2:58:00 PM,Friday,Markham/Passmore,Late Leaving Garage,5,10,WB,9084
2014/09/19,86,2:59:00 PM,Friday,Meadowvale Loop,Late Leaving Garage,8,15,E,7492
2014/09/19,81,3:00:00 PM,Friday,81 Thorncliffe,General Delay,5,1,b/w,
2014/09/19,195,3:00:00 PM,Friday,Entire Jane Rocket Route,General Delay,40,50,BW,
2014/09/19,35,3:00:00 PM,Friday,Entire Jane Route,General Delay,45,50,BW,
2014/09/19,168,3:00:00 PM,Friday,Entire Symington Route,General Delay,10,20,b/w,7345
2014/09/19,79,3:00:00 PM,Friday,entire route,General Delay,6,25,b/w,
2014/09/19,6,3:00:00 PM,Friday,Bay route  6,General Delay,15,20,BW,
2014/09/19,67,3:00:00 PM,Friday,67 Pharmacy Route,General Delay,10,16,,
2014/09/19,39,3:00:00 PM,Friday,Seneca College Loop,Late Leaving Garage,0,0,West,7044
2014/09/19,87,3:00:00 PM,Friday,Cosburn route,General Delay,12,24,B/W,7698
2014/09/19,26,3:00:00 PM,Friday,Entire Dupont Route,General Delay,20,40,b/w,7325
2014/09/19,26,3:02:00 PM,Friday,St. George Stn,Late Leaving Garage,14,28,w/b,8084
2014/09/19,116,3:03:00 PM,Friday,Morningside & Lawrence,Late Leaving Garage,9,10,N,7431
2014/09/19,26,3:03:00 PM,Friday,Jane Stn,Late Leaving Garage,13,27,e/b,7321
2014/09/19,23,3:15:00 PM,Friday,Dawes rd route,General Delay,8,16,B/W,7744
2014/09/19,42,3:15:00 PM,Friday,Finch stn,Late Leaving Garage,11,22,e/b,8309
2014/09/19,49,3:15:00 PM,Friday,MARKLAND,Mechanical,8,16,E,8044
2014/09/19,85,3:18:00 PM,Friday,Don Mills Stn,Late Leaving Garage,5,9,e,9071
2014/09/19,90,3:20:00 PM,Friday,DUNCAN SHOP,Late Leaving Garage,6,12,NB,8168
2014/09/19,191,3:23:00 PM,Friday,martingrove at royal crest,Late Leaving Garage,2,8,n,7946
2014/09/19,52,3:30:00 PM,Friday,Martin Grove & Westway,Investigation,11,23,w/b,1684
2014/09/19,57,3:30:00 PM,Friday,Route 57 Midland,General Delay,5,1,b/w,
2014/09/19,37,3:32:00 PM,Friday,Steeles,Late Leaving Garage,8,16,S,1326
2014/09/19,38,3:32:00 PM,Friday,Scarbrough Town centre,Mechanical,12,25,e,1755
2014/09/19,143,3:33:00 PM,Friday,Birchmount garage,Late Leaving Garage,1,1,s/b,8148
2014/09/19,96,3:34:00 PM,Friday,wilson stn,Late Leaving Garage,18,36,w,1293
2014/09/19,59,3:37:00 PM,Friday,Lawrence West Station,Mechanical,12,24,W,
2014/09/19,60,3:37:00 PM,Friday,Finch Stn,Investigation,7,14,W,1706
2014/09/19,60,3:38:00 PM,Friday,Kipling and Steeles Ave West,Late Leaving Garage,16,36,E,
2014/09/19,116,3:39:00 PM,Friday,Morningside & Lawrence,Late Leaving Garage,12,14,N,7546
2014/09/19,165,3:39:00 PM,Friday,York Mills Stn,Late Leaving Garage,7,21,W,7241
2014/09/19,84,3:40:00 PM,Friday,Rivalda,Late Leaving Garage,10,21,W,7926
2014/09/19,87,3:40:00 PM,Friday,Broadview stn.,Utilized Off Route,6,12,s/b,7847
2014/09/19,25,3:42:00 PM,Friday,Finch and Don Mills,Mechanical,0,4,NB,7401
2014/09/19,96,3:44:00 PM,Friday,woodbine downs,Late Leaving Garage,18,36,e,
2014/09/19,196,3:48:00 PM,Friday,Willington,Mechanical,6,12,w,8302
2014/09/19,96,3:50:00 PM,Friday,yorkmills stn,Mechanical,26,60,w,1385
2014/09/19,60,3:50:00 PM,Friday,Finch Stn,Late Leaving Garage,7,14,W,
2014/09/19,54,3:50:00 PM,Friday,Lawrance Rt Station,Mechanical,10,20,EB,7425
2014/09/19,36,3:53:00 PM,Friday,Humberwood loop,Late Leaving Garage,5,10,E,7241
2014/09/19,25,3:53:00 PM,Friday,Pape Station,Mechanical,3,6,NB,7586
2014/09/19,39,3:55:00 PM,Friday,Seneca College Loop,Mechanical,10,20,West,1075
2014/09/19,116,3:59:00 PM,Friday,Kennedy Stn,Mechanical,6,12,E,7475
2014/09/19,145,4:00:00 PM,Friday,Entire Humber Express Route,General Delay,30,60,b/w,7958
2014/09/19,84,4:00:00 PM,Friday,Sheppard west route,General Delay,25,15,BW,
2014/09/19,20,4:00:00 PM,Friday,Cliffside Route,General Delay,10,20,bw,7832
2014/09/19,143,4:00:00 PM,Friday,Route 143 DT Express,General Delay,30,1,b/w,
2014/09/19,37,4:00:00 PM,Friday,Islington route,General Delay,25,15,BW,
2014/09/19,144,4:00:00 PM,Friday,144 Route,General Delay,15,40,NB,
2014/09/19,59,4:00:00 PM,Friday,Entire Maple Leaf Route,General Delay,20,32,BW,
2014/09/19,86,4:03:00 PM,Friday,Meadowvale Loop,Mechanical,8,15,S,7552
2014/09/19,130,4:05:00 PM,Friday,Middlefield and Compass Crt,Diversion,96,111,NB,1768
2014/09/19,130,4:05:00 PM,Friday,Middlefield and Compass crt,Diversion,96,111,SB,1391
2014/09/19,38,4:09:00 PM,Friday,Rouge Hill Go,Mechanical,12,24,W,1755
2014/09/19,25,4:10:00 PM,Friday,Don Mills Station,Mechanical,4,6,SB,7644
2014/09/19,36,4:12:00 PM,Friday,Finch Stn,Late Leaving Garage,5,10,E,7931
2014/09/19,134,4:13:00 PM,Friday,88 Corporate Drive,Mechanical,9,18,WB,9089
2014/09/19,141,4:25:00 PM,Friday,Entire route,General Delay,30,30,b/w,
2014/09/19,85,4:27:00 PM,Friday,Rouge Hill,Mechanical,9,18,e,1096
2014/09/19,131,4:30:00 PM,Friday,Entire Route,General Delay,10,0,BW,
2014/09/19,113,4:30:00 PM,Friday,Danforth at VP,General Delay,10,20,bw,7711
2014/09/19,32,4:32:00 PM,Friday,Eglinton station,Mechanical,8,16,e/b,1406
2014/09/19,54,4:44:00 PM,Friday,Lawrence SRT Station,Mechanical,10,20,eb,7580
2014/09/19,81,4:44:00 PM,Friday,Pape stn.,Utilized Off Route,8,16,s/b,7740
2014/09/19,60,4:50:00 PM,Friday,On Steeles Ave West East of Kipling Ave,Mechanical,7,14,E,7932
2014/09/19,38,4:50:00 PM,Friday,Scar Town Cent,Mechanical,12,24,E,1065
2014/09/19,53,4:55:00 PM,Friday,Steeles/Leslie,Mechanical,5,10,WB,7083
2014/09/19,96,4:56:00 PM,Friday,woodbine downs,Mechanical,18,36,e,7221
2014/09/19,25,4:58:00 PM,Friday,Don Mills and Freshmeadow,Mechanical,4,8,SB,7674
2014/09/19,24,5:00:00 PM,Friday,Victoria Park Route,General Delay,10,20,bw,8103
2014/09/19,24,5:09:00 PM,Friday,VP at Eglinton,Investigation,14,28,n,7826
2014/09/19,63,5:10:00 PM,Friday,Ossington & Dundas,Mechanical,7,14,S,1053
2014/09/19,38,5:15:00 PM,Friday,Rouge Hill Go,Utilized Off Route,12,24,W,1766
2014/09/19,95,5:20:00 PM,Friday,Ellesmere and Kennedy,Utilized Off Route,5,10,EB,1728
2014/09/19,190,5:22:00 PM,Friday,Scar Town,Utilized Off Route,5,9,W,1742
2014/09/19,199,5:30:00 PM,Friday,199 Finch Rocket Route,General Delay,15,20,B/Ways,
2014/09/19,39,5:30:00 PM,Friday,Finch Route,General Delay,12,18,B/Ways,
2014/09/19,71,5:34:00 PM,Friday,Glenwood and Runnymede,Mechanical,22,48,s/b,1423
2014/09/19,95,5:34:00 PM,Friday,Ellesmere and Morningside,Investigation,7,14,EB,1801
2014/09/19,84,5:40:00 PM,Friday,bathurst,Mechanical,5,11,E,7250
2014/09/19,35,5:45:00 PM,Friday,Sheppard Avenue,Mechanical,20,40,N,7205
2014/09/19,36,5:47:00 PM,Friday,Finch and Arrow road,Mechanical,5,10,W,7955
2014/09/19,161,5:54:00 PM,Friday,Ossington stn.,Mechanical,11,22,w/b,1563
2014/09/19,87,6:00:00 PM,Friday,Main Stn,Mechanical,6,12,w,8114
2014/09/19,22,6:00:00 PM,Friday,Coxwell STn,General Delay,10,20,n/s,
2014/09/19,65,6:00:00 PM,Friday,Castlefrank Stn,General Delay,10,20,n/s,
2014/09/19,64,6:00:00 PM,Friday,Main Stn,General Delay,8,16,n/s,
2014/09/19,23,6:00:00 PM,Friday,Main Stn,General Delay,7,14,n/s,
2014/09/19,87,6:00:00 PM,Friday,Main Stn,General Delay,8,16,e/w,
2014/09/19,161,6:00:00 PM,Friday,Entire Route,General Delay,20,32,B/W,
2014/09/19,88,6:09:00 PM,Friday,Thorncliff and overlea,Mechanical,7,14,w/b,8365
2014/09/19,56,6:16:00 PM,Friday,Eglinton Stn,Mechanical,23,46,E,8167
2014/09/19,24,6:16:00 PM,Friday,Victoria Park & Ellesmere,Utilized Off Route,14,28,S/b,7721
2014/09/19,116,6:17:00 PM,Friday,Kennedy Stn,Utilized Off Route,6,10,E,7576
2014/09/19,116,6:18:00 PM,Friday,Guildwood & Kinsgton,Mechanical,7,12,E,7480
2014/09/19,56,6:19:00 PM,Friday,Brentcliffe,Utilized Off Route,23,46,E,8384
2014/09/19,47,6:21:00 PM,Friday,Queen and Lansdowne,Utilized Off Route,13,26,N/B,1664
2014/09/19,198,6:23:00 PM,Friday,Kingston & Lawrence,Mechanical,10,20,N,7479
2014/09/19,47,6:30:00 PM,Friday,Lansdowne Stn,Utilized Off Route,26,44,N/B,1510
2014/09/19,54,6:30:00 PM,Friday,Orton Park and Lawrence Ave.,General Delay,10,20,bw,0
2014/09/19,85,6:30:00 PM,Friday,Don Mills To Rouge Hill,General Delay,9,14,E/W,
2014/09/19,32,6:44:00 PM,Friday,Keele and Eglinton,Mechanical,8,16,e/b,1616
2014/09/19,29,6:45:00 PM,Friday,Eglinton,Investigation,5,10,n,9057
2014/09/19,45,6:56:00 PM,Friday,Kipling and Westhumber,Investigation,3,12,S,8094
2014/09/19,25,7:00:00 PM,Friday,Pape Station to Steeles and Don Mills,General Delay,5,12,BW,
2014/09/19,71,7:15:00 PM,Friday,StClair,Mechanical,22,44,n/b,1571
2014/09/19,54,7:25:00 PM,Friday,Eglinton Station,Investigation,17,34,eb,7496
2014/09/19,45,7:29:00 PM,Friday,kipling station,Mechanical,9,11,n,8039
2014/09/19,100,7:36:00 PM,Friday,Eglinton Station,Investigation,8,16,wb,7566
2014/09/19,40,7:48:00 PM,Friday,Dundas West stn,Utilized Off Route,10,20,n,7344
2014/09/19,17,8:03:00 PM,Friday,Birchmount/Flora,Mechanical,12,24,s,8117
2014/09/19,21,8:33:00 PM,Friday,Chartland/Brimley,Mechanical,11,22,n,7708
2014/09/19,24,8:50:00 PM,Friday,Victoria Park/Van Horne,Mechanical,18,36,s,7867
2014/09/19,85,8:56:00 PM,Friday,Sheppard @ Kennedy,Mechanical,8,15,W,9076
2014/09/19,24,8:58:00 PM,Friday,Victoria Park Stn,Utilized Off Route,10,20,n,8103
2014/09/19,172,9:00:00 PM,Friday,Cherry st/Commissioners,General Delay,18,36,e/w,
2014/09/19,165,9:05:00 PM,Friday,wilson and jane,Mechanical,10,20,w/b,1267
2014/09/19,25,9:09:00 PM,Friday,Gateway and Don Mills,Investigation,5,10,SB,7419
2014/09/19,91,9:18:00 PM,Friday,Woodbine sTn,Mechanical,30,60,n,7778
2014/09/19,92,9:22:00 PM,Friday,Woodbine Stn,Utilized Off Route,10,20,s,8111
2014/09/19,89,10:00:00 PM,Friday,Entire Route,General Delay,10,22,B/W,
2014/09/19,85,10:21:00 PM,Friday,Medowvale Loop,Mechanical,15,30,WB,1758
2014/09/19,6,10:30:00 PM,Friday,Entire Route,General Delay,13,37,B/W,
2014/09/19,94,10:30:00 PM,Friday,Entire Route,General Delay,8,23,B/W,
2014/09/19,68,10:45:00 PM,Friday,Metropolitan & Warden,Mechanical,16,32,SB,7525
2014/09/19,81,11:21:00 PM,Friday,Pape Stn,Utilized Off Route,12,24,n,8104
2014/09/19,7,11:40:00 PM,Friday,Bathurst station,Emergency Services,12,24,n,9046
2014/09/19,102,11:54:00 PM,Friday,Markham/Greencrest,Investigation,20,40,n,8109
2014/09/20,60,12:00:00 AM,Saturday,commoms,Mechanical,18,36,e/b,1574
2014/09/20,7,12:21:00 AM,Saturday,Bathurst Stn,Utilized Off Route,10,20,NB,8353
2014/09/20,29,12:30:00 AM,Saturday,Cne Loop,Utilized Off Route,10,20,NB,8325
2014/09/20,161,12:50:00 AM,Saturday,Jane and Alliance,Mechanical,20,40,w/B,1599
2014/09/20,305,2:04:00 AM,Saturday,Rough Hill,Mechanical,30,60,w,7591
2014/09/20,300,3:29:00 AM,Saturday,Bloor and Brunswick,Investigation,20,40,e,1512
2014/09/20,20,4:48:00 AM,Saturday,Main Station,Late Leaving Garage,20,40,EB,7690
2014/09/20,60,5:16:00 AM,Saturday,SLPM,Late Leaving Garage,15,1,E,1261
2014/09/20,36,5:18:00 AM,Saturday,HWLP,Late Leaving Garage,20,1,E,7922
2014/09/20,52,5:20:00 AM,Saturday,Martin grove Rd and Westway,Mechanical,21,0,e,1578
2014/09/20,47,5:29:00 AM,Saturday,Yorkdale Station,Mechanical,9,17,s,1012
2014/09/20,34,5:35:00 AM,Saturday,Kennedy station,Mechanical,6,12,W,7536
2014/09/20,29,5:41:00 AM,Saturday,Princes gate,Late Leaving Garage,13,29,N,9034
2014/09/20,5,5:59:00 AM,Saturday,Avenu Rd and Bloor,Diversion,20,20,S,1825
2014/09/20,42,6:00:00 AM,Saturday,Finch Stn,Mechanical,12,24,e,1811
2014/09/20,40,6:00:00 AM,Saturday,KEELE TO ANNETTE,Diversion,999,999,B/W,8088
2014/09/20,47,6:05:00 AM,Saturday,St clair W between lansdowne ave and caledonia rd,Diversion,0,0,n,1629
2014/09/20,71,6:06:00 AM,Saturday,Runnymede Station,Mechanical,24,0,n,1509
2014/09/20,43,6:08:00 AM,Saturday,Kennedy station,Mechanical,18,36,N,7416
2014/09/20,48,6:10:00 AM,Saturday,ROYAL YROK STN,Mechanical,10,0,n/b,7310
2014/09/20,84,6:13:00 AM,Saturday,Sheppard Station,Mechanical,10,20,W,1293
2014/09/20,112,6:25:00 AM,Saturday,BELFIELD AND BROCK RD,Diversion,72,89,n/b,8095
2014/09/20,36,6:25:00 AM,Saturday,Dufferin,Mechanical,10,20,E,7912
2014/09/20,36,6:29:00 AM,Saturday,HWLP,Mechanical,9,18,E,7917
2014/09/20,11,6:39:00 AM,Saturday,Steeles loop,Late Leaving Garage,24,24,S,8343
2014/09/20,36,7:39:00 AM,Saturday,FARR,Late Leaving Garage,8,14,E,1579
2014/09/20,29,7:41:00 AM,Saturday,Wilson Strn,Late Leaving Garage,6,12,s,9032
2014/09/20,24,7:48:00 AM,Saturday,Victoria Park Station,Mechanical,15,30,SB,8130
2014/09/20,190,7:55:00 AM,Saturday,STC SRT,Mechanical,22,44,wb,1728
2014/09/20,98,8:00:00 AM,Saturday,Grantbrook to Yonge St,General Delay,30,45,b,
2014/09/20,35,8:00:00 AM,Saturday,35 Jane Route: Jane and York Gate,Diversion,1,1,B/W,
2014/09/20,195,8:00:00 AM,Saturday,Enitire 195 Jane Rocket Route,Diversion,1,1,B/W,
2014/09/20,89,8:00:00 AM,Saturday,Weston and Oak,General Delay,15,24,b/W,
2014/09/20,108,8:03:00 AM,Saturday,Stong Crt.,Diversion,30,390,B/W,1243
2014/09/20,29,8:08:00 AM,Saturday,Wilson Stn,Late Leaving Garage,5,9,s,8174
2014/09/20,60,8:08:00 AM,Saturday,FSTN,Late Leaving Garage,20,1,E,1319
2014/09/20,37,8:19:00 AM,Saturday,Steeles Loop,Mechanical,20,40,S,1277
2014/09/20,199,8:38:00 AM,Saturday,Scarborough Town Centre,Mechanical,8,16,w,1709
2014/09/20,26,8:58:00 AM,Saturday,JANE AND BABY POINT,Investigation,20,40,w/b,8017
2014/09/20,111,9:01:00 AM,Saturday,DUNDAS AT BILLINGHAM,Mechanical,20,40,e/b,7333
2014/09/20,52,9:11:00 AM,Saturday,Royal york and Dixon,Mechanical,21,21,E/B,1528
2014/09/20,32,9:23:00 AM,Saturday,Skymark blvd and Commerce Blvd,Mechanical,10,20,e,1620
2014/09/20,68,10:00:00 AM,Saturday,Warden Route,General Delay,15,0,b/w,
2014/09/20,195,10:00:00 AM,Saturday,Entire 195 Jane Rocket Rotue,General Delay,45,70,B/W,
2014/09/20,35,10:00:00 AM,Saturday,Enitre 35 Jane Route,General Delay,45,60,B/W,
2014/09/20,52,10:00:00 AM,Saturday,Entire route,General Delay,20,32,b/w,
2014/09/20,11,10:00:00 AM,Saturday,Bayview and steeles to Davisville Stn,General Delay,25,15,b/w,
2014/09/20,95,10:20:00 AM,Saturday,Scarboro Campus Loop,Mechanical,20,40,w/b,1138
2014/09/20,25,10:26:00 AM,Saturday,pape stn,Mechanical,5,10,n,7621
2014/09/20,36,10:32:00 AM,Saturday,Kipling,Mechanical,9,18,W,1232
2014/09/20,134,10:43:00 AM,Saturday,Centennial College,Investigation,8,16,w,1773
2014/09/20,32,10:55:00 AM,Saturday,ESTN,Mechanical,10,20,w,1664
2014/09/20,7,10:58:00 AM,Saturday,Bathust and St.Clair N/B,Investigation,9,17,N,8369
2014/09/20,41,11:00:00 AM,Saturday,Keele and Gulliver,General Delay,15,22,b/W,
2014/09/20,32,11:00:00 AM,Saturday,EWST,Mechanical,10,20,e,1016
2014/09/20,39,11:03:00 AM,Saturday,Finch and Victoria Park,Mechanical,8,15,w/b,1705
2014/09/20,116,11:03:00 AM,Saturday,Kennedy Station,Investigation,6,12,,7679
2014/09/20,96,11:08:00 AM,Saturday,Jane Street,Mechanical,11,22,W,1323
2014/09/20,6,11:21:00 AM,Saturday,Queens quay and docside,Mechanical,15,30,N/b,1010
2014/09/20,36,11:24:00 AM,Saturday,Bathurst,Mechanical,6,13,E,7922
2014/09/20,52,11:26:00 AM,Saturday,lawrence west station,Utilized Off Route,11,22,e,1616
2014/09/20,25,11:28:00 AM,Saturday,Pape Stn,Late Leaving Garage,6,12,N/B,7548
2014/09/20,38,11:39:00 AM,Saturday,Rouge Hill GO Station,Late Leaving Garage,9,18,WB,1108
2014/09/20,11,11:55:00 AM,Saturday,Davisivlle Station,Utilized Off Route,12,24,n,8343
2014/09/20,67,11:57:00 AM,Saturday,Midland & Steeles,Late Leaving Garage,12,24,S,8105
2014/09/20,56,12:00:00 PM,Saturday,Eglinton Station,Mechanical,24,48,s,8174
2014/09/20,39,12:01:00 PM,Saturday,Finch and Balboon,Investigation,7,14,w/b,1701
2014/09/20,81,12:08:00 PM,Saturday,Pape Station,Utilized Off Route,7,14,N,7822
2014/09/20,25,12:11:00 PM,Saturday,Pape Stn,Utilized Off Route,6,12,N/b,7511
2014/09/20,36,12:17:00 PM,Saturday,Weston Road,Investigation,6,13,W,7922
2014/09/20,100,12:18:00 PM,Saturday,Broadview Stn,Utilized Off Route,9,18,S,7615
2014/09/20,96,12:24:00 PM,Saturday,Jane Street,Mechanical,11,22,W,7950
2014/09/20,36,12:30:00 PM,Saturday,Finch Stn to Humberwood,General Delay,20,15,BW,
2014/09/20,60,12:30:00 PM,Saturday,Finch Stn to Signal Hill,General Delay,25,20,BW,
2014/09/20,54,12:39:00 PM,Saturday,eglinton station,Mechanical,14,28,e,7491
2014/09/20,11,12:40:00 PM,Saturday,Bayview and Belsize,Emergency Services,24,48,n,8198
2014/09/20,11,12:40:00 PM,Saturday,Bayview and Millwood,Diversion,45,69,n,8388
2014/09/20,116,12:41:00 PM,Saturday,Morningside and Finch,Mechanical,6,12,,7491
2014/09/20,84,12:43:00 PM,Saturday,Rivald and Sheppard Ave West,Mechanical,3,6,W,1230
2014/09/20,61,12:45:00 PM,Saturday,bombay loop,Mechanical,20,40,s,8180
2014/09/20,24,12:50:00 PM,Saturday,Victoria Park,General Delay,10,20,B/W,8119
2014/09/20,57,1:00:00 PM,Saturday,Route 57 Midland,General Delay,5,1,s/b,
2014/09/20,172,1:00:00 PM,Saturday,Route 172 Cherry,General Delay,10,1,b/w,
2014/09/20,43,1:00:00 PM,Saturday,43 Kennedy Route,General Delay,14,28,B/W,
2014/09/20,106,1:00:00 PM,Saturday,Downsview Station,Mechanical,10,20,WB,8324
2014/09/20,34,1:00:00 PM,Saturday,34 Eglinton East Route,General Delay,15,21,,
2014/09/20,77,1:00:00 PM,Saturday,77-Swansea route,General Delay,20,40,b/w,1569
2014/09/20,7,1:00:00 PM,Saturday,Bathurst / Village Gate,Diversion,7,30,SB,8310
2014/09/20,86,1:00:00 PM,Saturday,86 Scarborough Route,General Delay,20,26,,
2014/09/20,120,1:00:00 PM,Saturday,wilson and keele,Mechanical,30,60,up,1219
2014/09/20,32,1:05:00 PM,Saturday,Avenue & Eglinton,Mechanical,9,18,e/b,1688
2014/09/20,95,1:07:00 PM,Saturday,Leslie and York Mills,Investigation,15,30,w/b,1704
2014/09/20,20,1:11:00 PM,Saturday,Main Station,Mechanical,18,36,EB,7833
2014/09/20,113,1:12:00 PM,Saturday,Kennedy Station,Investigation,18,36,WB,7707
2014/09/20,96,1:12:00 PM,Saturday,wilson and keele,Utilized Off Route,16,32,down,1283
2014/09/20,129,1:15:00 PM,Saturday,Steeles/McCowan Loop,Mechanical,9,18,SB,1112
2014/09/20,100,1:15:00 PM,Saturday,!00 Flemmington Route,General Delay,9,18,B/W,
2014/09/20,52,1:20:00 PM,Saturday,lawrence west station,Utilized Off Route,8,16,w,1416
2014/09/20,29,1:21:00 PM,Saturday,Dufferin and Whitely,Mechanical,3,6,s,9022
2014/09/20,102,1:26:00 PM,Saturday,Warden Station,Utilized Off Route,10,20,N,7784
2014/09/20,86,1:32:00 PM,Saturday,Kingston and Saunders,Investigation,6,12,,7540
2014/09/20,165,1:37:00 PM,Saturday,wilson and habitant,Investigation,8,16,down,1332
2014/09/20,84,1:46:00 PM,Saturday,Sheppard Ave West and Bathurst,Emergency Services,6,12,E,1371
2014/09/20,106,2:00:00 PM,Saturday,Downsview Ststion,Utilized Off Route,10,20,WB,8324
2014/09/20,25,2:00:00 PM,Saturday,25 Don Mils Route,General Delay,6,12,B/W,
2014/09/20,32,2:05:00 PM,Saturday,Emmet & Jane,Mechanical,24,48,e/b,1630
2014/09/20,29,2:10:00 PM,Saturday,Dufferin and St Clair,Investigation,3,6,s,9009
2014/09/20,86,2:11:00 PM,Saturday,Kennedy Station,Mechanical,6,12,,7614
2014/09/20,131,2:18:00 PM,Saturday,STC,Mechanical,18,36,E,1073
2014/09/20,196,2:30:00 PM,Saturday,Downsview station,Utilized Off Route,10,20,WB,8203
2014/09/20,191,2:30:00 PM,Saturday,Kipling Stn,Mechanical,10,20,N,7904
2014/09/20,84,2:46:00 PM,Saturday,Weston Rd and Bradstock,Utilized Off Route,1,1,S,7916
2014/09/20,52,2:52:00 PM,Saturday,lawrence west station,Utilized Off Route,9,18,e,1628
2014/09/20,165,3:40:00 PM,Saturday,weston and finch,Mechanical,42,84,up,7931
2014/09/20,75,3:44:00 PM,Saturday,Jarvis and QueensQuay,Mechanical,9,18,N,8304
2014/09/20,106,3:45:00 PM,Saturday,Sentinel and Pond,Investigation,10,20,s,9416
2014/09/20,36,3:45:00 PM,Saturday,Finch Stn,Investigation,6,11,W,1334
2014/09/20,54,3:50:00 PM,Saturday,Barrymore and Lawrence Ave. East,Investigation,14,28,eb,7570
2014/09/20,9,3:50:00 PM,Saturday,Bellamy & Gracie,Diversion,1,1,N,7683
2014/09/20,100,3:52:00 PM,Saturday,Eglinton Station,Utilized Off Route,10,20,,7634
2014/09/20,113,3:53:00 PM,Saturday,Kennedy Station,Investigation,18,36,EB,7707
2014/09/20,168,3:56:00 PM,Saturday,DUNDAS WEST STATION,Mechanical,9,18,N,8038
2014/09/20,24,3:56:00 PM,Saturday,Victoria Park and O Connor,Mechanical,9,18,SB,7823
2014/09/20,91,4:00:00 PM,Saturday,Route 91 Woodbine,General Delay,5,1,b/w,
2014/09/20,54,4:00:00 PM,Saturday,Barrymore and Lawrence Ave. East.,Investigation,14,28,eb,7461
2014/09/20,95,4:01:00 PM,Saturday,Ellesmere and Kingston Loop,Mechanical,15,30,w/b,1752
2014/09/20,54,4:01:00 PM,Saturday,Fortune Gate and Lawrence Ave. East,Investigation,14,28,eb,7624
2014/09/20,11,4:33:00 PM,Saturday,Sunnybrook Hospital,Mechanical,10,20,SB,8308
2014/09/20,52,4:35:00 PM,Saturday,lawrence and Jane,Mechanical,17,34,w,1018
2014/09/20,133,4:51:00 PM,Saturday,Neilson/ Tapscott,Diversion,45,63,S,1716
2014/09/20,131,4:51:00 PM,Saturday,Neilson @ Tapscott,Diversion,97,115,E/W,1749
2014/09/20,86,5:00:00 PM,Saturday,Kennedy Stn,Mechanical,6,12,,7480
2014/09/20,53,5:06:00 PM,Saturday,Markham/Progress,Mechanical,6,12,WB,1396
2014/09/20,54,5:10:00 PM,Saturday,Carnforth and Lawrence Ave. East,Investigation,14,28,eb,7572
2014/09/20,54,5:12:00 PM,Saturday,Carnforth and Lawrence Ave. East.,Investigation,14,28,eb,7468
2014/09/20,69,5:18:00 PM,Saturday,Warden stn.,Mechanical,10,20,s/b,7765
2014/09/20,52,5:28:00 PM,Saturday,Lawrence west station,Utilized Off Route,8,16,e,1051
2014/09/20,116,5:38:00 PM,Saturday,Morningside and Old Finch,Investigation,6,12,SB,7575
2014/09/20,191,5:42:00 PM,Saturday,Martingrove/Steeles.,Mechanical,10,20,S,7942
2014/09/20,23,5:43:00 PM,Saturday,Main Station,Investigation,10,20,N,7763
2014/09/20,84,5:52:00 PM,Saturday,Weston Road and Bradstock,Utilized Off Route,6,12,E,1292
2014/09/20,22,6:35:00 PM,Saturday,Bingham Loop,Emergency Services,12,24,WB,7547
2014/09/20,85,7:03:00 PM,Saturday,Malvern Gates,Mechanical,6,13,W,1117
2014/09/20,6,7:43:00 PM,Saturday,Bay and Adelaide,Investigation,12,24,N/B,1412
2014/09/20,106,7:56:00 PM,Saturday,Sentinel Rd / Cook Rd,Mechanical,10,20,SB,8303
2014/09/20,85,7:57:00 PM,Saturday,Meadowvale,Late Leaving Garage,16,23,W,1767
2014/09/20,190,7:57:00 PM,Saturday,STC,Mechanical,10,19,W,1121
2014/09/20,63,8:00:00 PM,Saturday,Entire route,General Delay,8,16,b/w,
2014/09/20,32,8:00:00 PM,Saturday,Entire route,General Delay,10,20,b/w,
2014/09/20,7,8:10:00 PM,Saturday,RUN IN BUS,Utilized Off Route,1,1,sb,8171
2014/09/20,51,8:10:00 PM,Saturday,RUN IN BUS,Utilized Off Route,1,1,sb,8205
2014/09/20,32,8:13:00 PM,Saturday,Rogers & St Clair,Utilized Off Route,1,1,s/b,1650
2014/09/20,165,8:14:00 PM,Saturday,York Mills Stn,Utilized Off Route,12,24,up,1333
2014/09/20,41,8:15:00 PM,Saturday,Keele Station,Utilized Off Route,15,30,N/B,1406
2014/09/20,81,8:15:00 PM,Saturday,Pape stn.,Utilized Off Route,10,20,n/b,7769
2014/09/20,7,8:19:00 PM,Saturday,BATHURST STATION,Utilized Off Route,9,18,nb,8322
2014/09/20,102,8:19:00 PM,Saturday,Warden STN,Utilized Off Route,1,1,EB,7795
2014/09/20,46,8:20:00 PM,Saturday,Kipling Stn,Utilized Off Route,20,40,N,1384
2014/09/20,47,8:20:00 PM,Saturday,Queen and Lansdown,Utilized Off Route,20,40,N/B,1645
2014/09/20,709,8:20:00 PM,Saturday,Eglinton West stn,Utilized Off Route,10,20,e/b,1638
2014/09/20,709,8:20:00 PM,Saturday,Eglinton & Keele,Utilized Off Route,10,20,w/b,1048
2014/09/20,95,8:20:00 PM,Saturday,York Mills Station,Utilized Off Route,10,20,EB,1068
2014/09/20,72,8:20:00 PM,Saturday,Pape STN,Utilized Off Route,1,1,SB,7870
2014/09/20,53,8:22:00 PM,Saturday,Finch Station,Utilized Off Route,19,38,EB,1718
2014/09/20,190,8:22:00 PM,Saturday,STC,Utilized Off Route,10,20,W,1709
2014/09/20,54,8:23:00 PM,Saturday,Eglinton STN,Investigation,20,40,EB,7661
2014/09/20,709,8:24:00 PM,Saturday,Bathurst & Eglinton,Utilized Off Route,10,20,w/b,1300
2014/09/20,29,8:25:00 PM,Saturday,DUFFERIN / LAWRENCE,Utilized Off Route,1,1,NB,8179
2014/09/20,29,8:25:00 PM,Saturday,SPRINGHURST LOOP,Utilized Off Route,1,1,NB,9054
2014/09/20,53,8:32:00 PM,Saturday,Finch Station,Utilized Off Route,19,38,EB,1783
2014/09/20,63,8:33:00 PM,Saturday,King / Shaw,Investigation,10,20,n,1621
2014/09/20,83,8:36:00 PM,Saturday,Donlands STN,Utilized Off Route,1,1,SB,8155
2014/09/20,54,8:36:00 PM,Saturday,Eglinton STN,Investigation,20,40,EB,7510
2014/09/20,36,8:45:00 PM,Saturday,finch and driftwood,Investigation,6,12,w/b,1303
2014/09/20,87,9:02:00 PM,Saturday,Broadview STN,Mechanical,25,50,EB,8103
2014/09/20,37,9:10:00 PM,Saturday,Islington Station,Mechanical,6,12,N,1288
2014/09/20,45,9:22:00 PM,Saturday,Kipling and Bethridge,Investigation,10,20,s,8025
2014/09/20,65,10:28:00 PM,Saturday,Castle Frank Station,Mechanical,30,60,SB,8147
2014/09/20,54,10:35:00 PM,Saturday,Eglinton & Falcon Street,Investigation,1,1,EB,7580
2014/09/20,165,11:15:00 PM,Saturday,weston and steeles,Mechanical,13,26,w/b,7921
2014/09/21,39,12:03:00 AM,Sunday,Finch and Seneca Hill Dr,Mechanical,8,16,e/b,1771
2014/09/21,38,12:15:00 AM,Sunday,Ellesmere/Scarborough Golf Club Road,Mechanical,13,26,EB,1120
2014/09/21,47,12:18:00 AM,Sunday,Lansdowne / Queen st,Utilized Off Route,15,30,n,1532
2014/09/21,63,12:25:00 AM,Sunday,Ossington stn,Utilized Off Route,11,22,s,1036
2014/09/21,47,12:28:00 AM,Sunday,Lansdowne / Queen,Utilized Off Route,30,60,s,1629
2014/09/21,63,12:29:00 AM,Sunday,Ossington / Queen,Utilized Off Route,10,20,s,1016
2014/09/21,25,12:57:00 AM,Sunday,Millwood & Overlea,Mechanical,10,20,NB,7460
2014/09/21,43,1:31:00 AM,Sunday,Eglinton & Kennedy,Mechanical,1,1,SB,7602
2014/09/21,39,2:02:00 AM,Sunday,Finch and Dudley,Mechanical,14,24,e/b,1731
2014/09/21,320,2:45:00 AM,Sunday,yonge and wellington,Mechanical,4,8,s/b,8323
2014/09/21,41,5:32:00 AM,Sunday,Keele and Ingram,Mechanical,7,14,NB,1569
2014/09/21,86,6:10:00 AM,Sunday,Kennedy stn,Mechanical,6,6,eb,7523
2014/09/21,68,7:16:00 AM,Sunday,Warden Danforth rd,Mechanical,7,7,nb,7594
2014/09/21,63,7:24:00 AM,Sunday,Eglinton West Station,Mechanical,10,20,SB,1594
2014/09/21,63,7:33:00 AM,Sunday,Eglintonbn West Station,Utilized Off Route,10,20,SB,1681
2014/09/21,29,7:39:00 AM,Sunday,Dufferin and Bloor,Utilized Off Route,10,20,s/b,9005
2014/09/21,51,8:00:00 AM,Sunday,BRENTCLIFF& EGLINTON,Diversion,10,20,N,8318
2014/09/21,5,8:00:00 AM,Sunday,s/b avenue rd South of bloor,Diversion,20,40,s/b,1827
2014/09/21,310,8:09:00 AM,Sunday,BATHURST AND WILSON,Mechanical,13,26,down,8214
2014/09/21,199,8:15:00 AM,Sunday,Finch station,Late Leaving Garage,12,0,EB,1105
2014/09/21,50,8:15:00 AM,Sunday,Islington Stn,Late Leaving Garage,30,0,W,8018
2014/09/21,60,8:35:00 AM,Sunday,arrow garage,Mechanical,14,28,down,1370
2014/09/21,29,8:40:00 AM,Sunday,Wilson stn,Utilized Off Route,14,28,s/b,8301
2014/09/21,134,8:40:00 AM,Sunday,Finchdene Square & Finch,Late Leaving Garage,22,44,SB,1743
2014/09/21,46,8:42:00 AM,Sunday,arrow rd,Late Leaving Garage,16,32,down,1231
2014/09/21,81,8:47:00 AM,Sunday,Overlea blvd & Leaside Park Drive,Investigation,10,20,S/b,7745
2014/09/21,36,8:53:00 AM,Sunday,ARROW RD,Late Leaving Garage,19,38,down,1291
2014/09/21,32,8:54:00 AM,Sunday,Skynmark and Explorer,Late Leaving Garage,15,30,e,1520
2014/09/21,86,8:56:00 AM,Sunday,Kennedy Station,Mechanical,8,16,e,7531
2014/09/21,62,8:59:00 AM,Sunday,Broadview Stn,Mechanical,20,40,w/B,7874
2014/09/21,100,8:59:00 AM,Sunday,Eglinton Laird,Diversion,91,111,sb,7454
2014/09/21,34,9:00:00 AM,Sunday,Eglinton Laird,Diversion,90,99,eb,7464
2014/09/21,54,9:00:00 AM,Sunday,Eglinton stn,Mechanical,7,15,eb,7459
2014/09/21,320,9:03:00 AM,Sunday,yonge and bloor,Investigation,10,20,down,8364
2014/09/21,112,9:03:00 AM,Sunday,Carlingview International,Mechanical,24,0,SB,7961
2014/09/21,116,9:12:00 AM,Sunday,Kennedy Station,Mechanical,15,30,E,7497
2014/09/21,165,9:13:00 AM,Sunday,yorkmills stn,Late Leaving Garage,21,31,w,1270
2014/09/21,32,9:13:00 AM,Sunday,Eglinton Station,Late Leaving Garage,15,30,w,1526
2014/09/21,54,9:15:00 AM,Sunday,Brentcliffe Eglinton,Diversion,75,82,eb,7461
2014/09/21,60,9:16:00 AM,Sunday,arrow rd division,Late Leaving Garage,20,40,down,1285
2014/09/21,95,9:21:00 AM,Sunday,Parkwoods Village Dr - Gisburn Ave,Investigation,20,40,W,1716
2014/09/21,195,9:25:00 AM,Sunday,york u at commons,Late Leaving Garage,10,20,s,1236
2014/09/21,41,9:27:00 AM,Sunday,Keele Station,Utilized Off Route,10,20,n,1420
2014/09/21,63,9:27:00 AM,Sunday,Shaw and King,Utilized Off Route,10,20,NB,1594
2014/09/21,24,9:31:00 AM,Sunday,Victoria Park & Steeles,Utilized Off Route,9,18,S/b,7702
2014/09/21,57,9:40:00 AM,Sunday,Kennedy Stn,Mechanical,20,40,N/B,7872
2014/09/21,81,9:41:00 AM,Sunday,Overlea & Thorncliffe Park,Mechanical,10,20,S/B,7845
2014/09/21,52,9:45:00 AM,Sunday,Lawrence and Keele,Mechanical,12,24,e,1580
2014/09/21,192,9:46:00 AM,Sunday,Dixon Road.,Mechanical,10,20,W,8011
2014/09/21,53,10:00:00 AM,Sunday,Finch station to Staines & Morningside,General Delay,8,12,B/W,1712
2014/09/21,38,10:01:00 AM,Sunday,Ellesmere - Bellamy,Mechanical,12,24,E,1391
2014/09/21,85,10:07:00 AM,Sunday,Don Mills Station,Mechanical,20,40,W,1725
2014/09/21,54,10:07:00 AM,Sunday,Eglinton stn,Utilized Off Route,7,15,eb,7634
2014/09/21,131,10:36:00 AM,Sunday,Scar Town Centre Station,Mechanical,26,52,E,1067
2014/09/21,36,10:40:00 AM,Sunday,arrow rd,Mechanical,5,10,down,1265
2014/09/21,199,10:45:00 AM,Sunday,Scarborough Town Centre,Utilized Off Route,10,20,WB,1401
2014/09/21,45,11:06:00 AM,Sunday,Kipling Station,Mechanical,10,20,N,8086
2014/09/21,24,11:08:00 AM,Sunday,Victoria Park Stn,Mechanical,9,18,N/B,7833
2014/09/21,168,11:18:00 AM,Sunday,DUNDAS WEST,Mechanical,12,24,N,8083
2014/09/21,196,11:34:00 AM,Sunday,Downsview stn,Mechanical,10,20,e/b,1814
2014/09/21,106,11:42:00 AM,Sunday,Downsview stn,Mechanical,10,20,e/b,9445
2014/09/21,129,11:48:00 AM,Sunday,Scarborough Town Centre,Late Leaving Garage,8,16,NB,1139
2014/09/21,46,12:00:00 PM,Sunday,John Garland,Mechanical,30,60,S,1348
2014/09/21,35,12:04:00 PM,Sunday,Jane Station,Mechanical,10,20,N,1342
2014/09/21,84,12:10:00 PM,Sunday,sheppard stn,Late Leaving Garage,7,14,w,1290
2014/09/21,34,12:17:00 PM,Sunday,Eglinton Station,Mechanical,9,16,EB,7643
2014/09/21,76,12:18:00 PM,Sunday,ROYAL YOUR AND MANITOBA,Investigation,10,20,N/B,8026
2014/09/21,11,1:00:00 PM,Sunday,BAYVIEW & BRIDAL PATH,Investigation,7,14,S,8337
2014/09/21,29,1:14:00 PM,Sunday,Dufferin and ascot,Investigation,3,6,n,9043
2014/09/21,52,1:15:00 PM,Sunday,eglinton station,Late Leaving Garage,8,16,w/b,1001
2014/09/21,112,1:43:00 PM,Sunday,WESTMALL & BURNTHROPE,Investigation,24,48,S,8024
2014/09/21,34,1:50:00 PM,Sunday,Kennedy Station,Mechanical,9,17,WB,7464
2014/09/21,161,1:50:00 PM,Sunday,Jane and Alliance,Mechanical,15,30,e/b,1607
2014/09/21,116,2:00:00 PM,Sunday,Eglinton and Markham,Investigation,7,15,EB,7652
2014/09/21,29,2:30:00 PM,Sunday,Dufferin and   Bridgeland,Mechanical,3,6,n,9019
2014/09/21,36,2:55:00 PM,Sunday,Humber Loop,Mechanical,6,12,E,1211
2014/09/21,70,3:13:00 PM,Sunday,70 O'Connor Rd,Mechanical,10,20,E/B,7521
2014/09/21,196,3:25:00 PM,Sunday,4400 Dufferin,Investigation,10,20,n,8301
2014/09/21,60,3:30:00 PM,Sunday,Steeles Loop,Mechanical,9,18,E,1319
2014/09/21,199,3:40:00 PM,Sunday,Scarbrough Towncentre,Utilized Off Route,9,18,w,1105
2014/09/21,54,4:03:00 PM,Sunday,Bayview Aven.,Investigation,14,28,E/B,7461
2014/09/21,32,4:05:00 PM,Sunday,skymark,Mechanical,11,22,e/b,1026
2014/09/21,54,4:05:00 PM,Sunday,Starspray Loop,Mechanical,15,30,W/B,7448
2014/09/21,71,4:08:00 PM,Sunday,Gunns loop at St. Clair,Mechanical,24,48,s/b,1525
2014/09/21,79,4:10:00 PM,Sunday,Runnymede station,Utilized Off Route,15,30,s/b,1007
2014/09/21,22,4:56:00 PM,Sunday,Coxwell/Casci,Mechanical,10,20,n,8130
2014/09/21,37,5:15:00 PM,Sunday,Humberwood Loop,Mechanical,12,24,S,1331
2014/09/21,35,6:00:00 PM,Sunday,400 and Jane Ramp ways,General Delay,10,20,B,9999
2014/09/21,195,6:00:00 PM,Sunday,Jane & Hwy 400 ramp ways.,General Delay,10,20,B,9999
2014/09/21,46,6:17:00 PM,Sunday,Kipling & Tyre,Mechanical,16,32,S,1293
2014/09/21,191,6:20:00 PM,Sunday,Steeles Loop,Mechanical,22,44,S,7954
2014/09/21,191,7:48:00 PM,Sunday,Albion & Martingrove,Mechanical,22,44,S,7900
2014/09/21,38,7:53:00 PM,Sunday,Scarborough Town Center,Mechanical,12,24,EB,1707
2014/09/21,113,8:22:00 PM,Sunday,Birchmount and Danforth,Mechanical,30,60,WB,7818
2014/09/21,161,8:36:00 PM,Sunday,Jane and Alliance,Mechanical,20,40,e/b,1055
2014/09/21,53,9:06:00 PM,Sunday,Steeles/Pharmacy,Utilized Off Route,19,38,EB,1403
2014/09/21,53,9:06:00 PM,Sunday,Steeles/Pharmacy,Mechanical,19,38,EB,1131
2014/09/21,35,9:15:00 PM,Sunday,Jane Station,Mechanical,6,12,N,7929
2014/09/21,95,9:50:00 PM,Sunday,Ellesmere and Kingston Rd Loop,Mechanical,13,26,w/b,1398
2014/09/21,37,10:00:00 PM,Sunday,Elmhurst,Mechanical,30,60,S,1282
2014/09/21,54,10:56:00 PM,Sunday,Eglinton & Laird,Investigation,30,60,EB,7619
2014/09/21,25,11:26:00 PM,Sunday,Pape STN,Mechanical,12,24,NB,7548
2014/09/22,102,12:35:00 AM,Monday,Birchmount and St Clair,Mechanical,20,40,NB,7831
2014/09/22,96,12:45:00 AM,Monday,wilson stn,Mechanical,27,54,w/b,1247
2014/09/22,165,12:53:00 AM,Monday,Steeles,Mechanical,13,26,N,1314
2014/09/22,199,2:08:00 AM,Monday,BIRCHMOUNT,Mechanical,4,9,EB,1734
2014/09/22,39,2:19:00 AM,Monday,Neilson and Crow Trail,Mechanical,6,12,EB,7071
2014/09/22,305,3:12:00 AM,Monday,Kingston and Dale,Investigation,30,60,w/b,7412
2014/09/22,63,3:49:00 AM,Monday,Oakwood and Earlsdale,Diversion,61,9,B/W,1421
2014/09/22,63,4:00:00 AM,Monday,Entire Route,General Delay,20,9,B/W,
2014/09/22,24,4:45:00 AM,Monday,VP ROUTE,General Delay,10,0,BW,
2014/09/22,25,4:52:00 AM,Monday,Eglinton Garage,Mechanical,15,30,N,7512
2014/09/22,96,5:03:00 AM,Monday,wilson stn,Late Leaving Garage,15,15,w,7251
2014/09/22,29,5:06:00 AM,Monday,Wilson Stn,Late Leaving Garage,10,18,SB,9032
2014/09/22,129,5:16:00 AM,Monday,McCowan & H'Way 7,Mechanical,26,41,NB,1065
2014/09/22,95,5:20:00 AM,Monday,Kingston Road Loop,Mechanical,10,20,w,1111
2014/09/22,96,5:23:00 AM,Monday,wilson at dubray,Mechanical,10,19,e,1254
2014/09/22,7,5:25:00 AM,Monday,Bathurst stn,Late Leaving Garage,11,22,n/b,9077
2014/09/22,53,5:25:00 AM,Monday,Steeles and Mccowan,Mechanical,5,10,w,7047
2014/09/22,35,5:26:00 AM,Monday,Jane and Steeles,Late Leaving Garage,10,21,S,1344
2014/09/22,34,5:29:00 AM,Monday,eglinton station,Mechanical,14,22,w,7620
2014/09/22,53,5:36:00 AM,Monday,Passmore and Markham,Mechanical,5,10,w,7033
2014/09/22,36,5:37:00 AM,Monday,Humberwood Loop,Mechanical,10,20,E,1370
2014/09/22,96,5:40:00 AM,Monday,finch at humberline,Late Leaving Garage,10,23,e,
2014/09/22,129,5:41:00 AM,Monday,Steeles & McCowan,Utilized Off Route,5,11,SB,1745
2014/09/22,38,5:45:00 AM,Monday,Scarborough Town Ctr Stn,Mechanical,15,30,N,1067
2014/09/22,7,5:48:00 AM,Monday,Bathurst at Wilson,Late Leaving Garage,9,18,s/b,9038
2014/09/22,191,5:49:00 AM,Monday,royalcrest at 27,Late Leaving Garage,8,29,s,7928
2014/09/22,35,5:53:00 AM,Monday,Steeles,Late Leaving Garage,10,20,SB,1504
2014/09/22,30,5:54:00 AM,Monday,Dundas west of Prince Edward,Mechanical,20,40,wb,8084
2014/09/22,97,5:56:00 AM,Monday,YorkMills stn,Mechanical,30,60,s/b,1818
2014/09/22,132,5:57:00 AM,Monday,Brenyon Way and Sewells,Late Leaving Garage,12,36,E,1102
2014/09/22,43,5:57:00 AM,Monday,Eglinton yard,Mechanical,10,20,S,7525
2014/09/22,43,5:57:00 AM,Monday,Kennedy & Passmore,Mechanical,10,20,SB,7525
2014/09/22,47,5:57:00 AM,Monday,Lansdowne and Dundas,Mechanical,18,36,s,1567
2014/09/22,25,5:57:00 AM,Monday,Pape Station,Mechanical,0,0,N,7616
2014/09/22,53,5:58:00 AM,Monday,Morningside and Staines,Mechanical,1,1,w,9065
2014/09/22,84,6:01:00 AM,Monday,sheppard stn,Late Leaving Garage,23,23,w,
2014/09/22,84,6:03:00 AM,Monday,,Mechanical,0,0,E,1574
2014/09/22,84,6:03:00 AM,Monday,Arrow Rd,Late Leaving Garage,10,20,E,1574
2014/09/22,85,6:05:00 AM,Monday,Rouge Hill GO,Late Leaving Garage,3,11,W,1394
2014/09/22,122,6:05:00 AM,Monday,York mills stn,Utilized Off Route,8,16,e/b,8348
2014/09/22,139,6:07:00 AM,Monday,Baldoon and Finch Ave E,Late Leaving Garage,20,40,N,7095
2014/09/22,95,6:08:00 AM,Monday,Ellesmere R.T. Station,Mechanical,7,14,w,8203
2014/09/22,68,6:08:00 AM,Monday,Warden stn,Mechanical,4,8,nb,7492
2014/09/22,60,6:09:00 AM,Monday,steeles at martingrove,Late Leaving Garage,4,13,e,1348
2014/09/22,89,6:10:00 AM,Monday,Weston and Albion,Late Leaving Garage,10,19,S/B,1589
2014/09/22,168,6:13:00 AM,Monday,BICKNEL,Mechanical,4,9,N?B,7342
2014/09/22,90,6:15:00 AM,Monday,Law.West stn,Late Leaving Garage,34,68,s/b,8189
2014/09/22,107,6:20:00 AM,Monday,Wilson stn,Late Leaving Garage,10,20,n/b,9434
2014/09/22,32,6:24:00 AM,Monday,Keele at Eglinton,Mechanical,4,9,e,1586
2014/09/22,135,6:24:00 AM,Monday,Warden & St Clair,Mechanical,18,36,N/B,7759
2014/09/22,53,6:29:00 AM,Monday,Finch Station,Mechanical,13,24,e,9072
2014/09/22,96,6:30:00 AM,Monday,wilson - keele to wilson stn,General Delay,18,36,bw,
2014/09/22,100,6:30:00 AM,Monday,Broadview Station,Utilized Off Route,3,6,NB,7545
2014/09/22,117,6:30:00 AM,Monday,Wilson stn lower,Mechanical,10,20,n/b,9312
2014/09/22,501,6:33:00 AM,Monday,Humber loop,Mechanical,6,12,wb,8039
2014/09/22,12,6:33:00 AM,Monday,Victoria Park Stn.,Late Leaving Garage,12,24,S,7881
2014/09/22,131,6:35:00 AM,Monday,Scarborough Town Ctr Stn,Late Leaving Garage,8,16,N,1724
2014/09/22,78,6:35:00 AM,Monday,Carluke and Fifeshire,Late Leaving Garage,20,30,EB,8359
2014/09/22,54,6:36:00 AM,Monday,Eglinton stn,Mechanical,6,11,eb,7582
2014/09/22,24,6:39:00 AM,Monday,Victoria Park Station,Mechanical,5,10,N,8119
2014/09/22,60,6:40:00 AM,Monday,ARROW RD GARAGE,Mechanical,13,26,up,
2014/09/22,6,6:42:00 AM,Monday,Davenport and Yonge,Late Leaving Garage,7,13,s,1031
2014/09/22,29,6:43:00 AM,Monday,Springhurst Loop,Mechanical,3,7,NB,9023
2014/09/22,95,6:45:00 AM,Monday,York Mills Station,Mechanical,7,14,e,8203
2014/09/22,38,6:45:00 AM,Monday,Scarborough Town Ctr Stn,Mechanical,8,16,N,1758
2014/09/22,95,6:47:00 AM,Monday,Kingston Road Loop,Mechanical,7,14,w,1074
2014/09/22,125,6:49:00 AM,Monday,Bathurst and Antibies,Late Leaving Garage,6,12,e/b,8213
2014/09/22,75,6:50:00 AM,Monday,Sherbourne at Bloor,Late Leaving Garage,6,12,s/b,8344
2014/09/22,12,6:51:00 AM,Monday,Victoria Park Stn,Mechanical,12,24,S,7827
2014/09/22,161,6:55:00 AM,Monday,Davenport and Dovercourt,Mechanical,10,20,S/B,1417
2014/09/22,125,6:55:00 AM,Monday,Bathurst and Antibes,Late Leaving Garage,7,13,WB,8190
2014/09/22,53,6:56:00 AM,Monday,Morningside and Staines,Mechanical,4,14,w,9070
2014/09/22,7,6:59:00 AM,Monday,Bathurst at Wilson,Late Leaving Garage,9,18,s/b,
2014/09/22,124,7:00:00 AM,Monday,Sunnybrook Route,General Delay,15,10,BW,
2014/09/22,5,7:00:00 AM,Monday,Eglinton Station,Mechanical,12,24,s,8313
2014/09/22,75,7:02:00 AM,Monday,Sherbourne at Bloor,Late Leaving Garage,6,12,s/b,8393
2014/09/22,144,7:05:00 AM,Monday,Concord Place,Mechanical,1,1,sb,7638
2014/09/22,96,7:07:00 AM,Monday,woodbine downs,Late Leaving Garage,18,36,e,
2014/09/22,100,7:10:00 AM,Monday,Broadview Station,Mechanical,3,6,NB,7549
2014/09/22,60,7:10:00 AM,Monday,ARROW GARAGE,Mechanical,7,14,DOWN,1221
2014/09/22,6,7:15:00 AM,Monday,davenport and Yonge,Late Leaving Garage,6,13,s,1584
2014/09/22,11,7:16:00 AM,Monday,Davisville Station,Mechanical,12,24,N,8218
2014/09/22,60,7:16:00 AM,Monday,STEELES AND YONGE,Mechanical,7,14,up,1348
2014/09/22,133,7:18:00 AM,Monday,Scarborough Town Ctr Stn,Mechanical,9,18,N,1122
2014/09/22,86,7:20:00 AM,Monday,Meadowvale south of Sheppard,Mechanical,17,34,s,7657
2014/09/22,42,7:26:00 AM,Monday,Michael Dr. and McNicoll,Mechanical,5,10,WB,8330
2014/09/22,84,7:27:00 AM,Monday,Sheppard and Oakdale,Mechanical,9,17,W,1289
2014/09/22,160,7:30:00 AM,Monday,Clark to Wilson stn,General Delay,10,30,b/w,
2014/09/22,86,7:30:00 AM,Monday,Scarborough Route,General Delay,12,0,B/W,
2014/09/22,7,7:30:00 AM,Monday,Steeles to Bathurst stn,General Delay,20,29,b/w,
2014/09/22,90,7:30:00 AM,Monday,Eglinton to St.Clair west,General Delay,15,23,b/w,
2014/09/22,95,7:30:00 AM,Monday,Scarborough College,Mechanical,9,18,w,1130
2014/09/22,32,7:30:00 AM,Monday,Eglinton west route,General Delay,15,25,B/W,
2014/09/22,33,7:30:00 AM,Monday,Castlefield to St. Clair west,General Delay,10,26,b/w,
2014/09/22,36,7:30:00 AM,Monday,Honeyview/Humberwood,Investigation,5,10,W,1337
2014/09/22,109,7:30:00 AM,Monday,Neptune to Eglinton west,General Delay,20,50,b/w,
2014/09/22,195,7:43:00 AM,Monday,Jane and Steeles,Late Leaving Garage,10,20,S,1274
2014/09/22,25,7:44:00 AM,Monday,Finch and Don Mills Road,Mechanical,3,6,SB,7400
2014/09/22,199,7:45:00 AM,Monday,Finch station to Scarborough Town Centre,General Delay,8,12,B/W,1143
2014/09/22,39,7:45:00 AM,Monday,Finch station to Neilson & Crow Trail,General Delay,8,12,B/W,7013
2014/09/22,60,7:52:00 AM,Monday,steeles and islington,Mechanical,7,14,up,1257
2014/09/22,191,7:58:00 AM,Monday,martingrove at lexington,Mechanical,6,12,s,7942
2014/09/22,98,7:58:00 AM,Monday,Sheppard Station,Mechanical,15,30,WB,8175
2014/09/22,116,8:00:00 AM,Monday,Morningside Route,General Delay,10,0,B/W,
2014/09/22,102,8:00:00 AM,Monday,Markham Road,General Delay,12,1,B/W,
2014/09/22,54,8:00:00 AM,Monday,Don Mills rd to the Lawrence rt,General Delay,14,34,bw,
2014/09/22,141,8:00:00 AM,Monday,MT Pleasant Express,General Delay,15,25,N,1015
2014/09/22,145,8:00:00 AM,Monday,OVER ROUTE,General Delay,40,0,B,1
2014/09/22,17,8:00:00 AM,Monday,Birchmount Route,General Delay,10,1,B/W,
2014/09/22,143,8:00:00 AM,Monday,From Neville Loop to Simcoe,General Delay,22,15,B/W,
2014/09/22,64,8:02:00 AM,Monday,Queen & Wineva,Utilized Off Route,8,16,N,8154
2014/09/22,53,8:11:00 AM,Monday,Steeles and Fairway Heights,Mechanical,5,10,w,7058
2014/09/22,53,8:26:00 AM,Monday,Steeles and Don Mills,Mechanical,5,10,e,7048
2014/09/22,24,8:30:00 AM,Monday,Lawrence and Victoria Park,Investigation,6,12,,8119
2014/09/22,42,8:34:00 AM,Monday,Victoria Park and McNicoll,Mechanical,7,14,WB,8330
2014/09/22,106,8:38:00 AM,Monday,Downsview stn,Mechanical,7,14,e/b,9435
2014/09/22,191,8:40:00 AM,Monday,Martingrove at lexington,Mechanical,6,12,s,7942
2014/09/22,36,8:40:00 AM,Monday,Jane,Mechanical,7,14,W,7207
2014/09/22,29,8:44:00 AM,Monday,Wilson Stn,Mechanical,7,14,SB,9019
2014/09/22,36,8:45:00 AM,Monday,Jane st,Mechanical,5,10,E,1376
2014/09/22,61,8:45:00 AM,Monday,Bombay to Station,General Delay,15,19,BW,
2014/09/22,52,8:45:00 AM,Monday,Lawrence West Stn.,Utilized Off Route,12,24,W/B,1007
2014/09/22,29,8:46:00 AM,Monday,Dufferin and Castlefield,Investigation,3,7,NB,9057
2014/09/22,224,8:50:00 AM,Monday,Don Mills Station,Mechanical,10,20,SB,7423
2014/09/22,165,8:55:00 AM,Monday,Finch,Mechanical,10,20,E,7228
2014/09/22,25,8:56:00 AM,Monday,Don Mills Station,Utilized Off Route,4,8,SB,7586
2014/09/22,161,8:59:00 AM,Monday,Oakwood and Earlsdale,Mechanical,10,21,S/B,1533
2014/09/22,87,9:01:00 AM,Monday,Broadview Stn,Utilized Off Route,5,10,E,7797
2014/09/22,196,9:07:00 AM,Monday,Downsview stn,Mechanical,4,8,e/b,9418
2014/09/22,60,9:11:00 AM,Monday,yonge and steeles,Mechanical,8,16,up,1323
2014/09/22,125,9:13:00 AM,Monday,Hilda and Drewry,Mechanical,7,13,W,1820
2014/09/22,35,9:15:00 AM,Monday,Jane and Shoreham,Late Leaving Garage,1,27,N,1310
2014/09/22,196,9:15:00 AM,Monday,Downsview stn,Mechanical,4,8,e/b,9438
2014/09/22,168,9:20:00 AM,Monday,3O WESTON ROAD,Investigation,1,1,S,7340
2014/09/22,38,9:37:00 AM,Monday,Scarborough Town Ctr Stn,Mechanical,12,24,N,1112
2014/09/22,111,9:44:00 AM,Monday,East Mall and Capri,Mechanical,8,18,nb,8091
2014/09/22,52,9:55:00 AM,Monday,Atwell & Dixon,Mechanical,15,30,W/B,1506
2014/09/22,11,10:11:00 AM,Monday,Bayview Steeles Loop,Emergency Services,10,20,s,8320
2014/09/22,90,10:24:00 AM,Monday,St.Clair west stn,Mechanical,8,16,n/b,8363
2014/09/22,69,10:40:00 AM,Monday,Birchmount Rd & Mack Ave,Mechanical,11,22,S,7737
2014/09/22,95,10:40:00 AM,Monday,York Mills and Bayview,Mechanical,7,15,e,1138
2014/09/22,196,10:49:00 AM,Monday,Downsview Stn,Mechanical,2,4,w,9417
2014/09/22,60,10:51:00 AM,Monday,finch stn,Mechanical,13,26,down,1802
2014/09/22,53,11:00:00 AM,Monday,Finch Station to Morningside and Staines,General Delay,22,9,bw,
2014/09/22,36,11:22:00 AM,Monday,Kipling,Mechanical,5,10,W,7949
2014/09/22,91,11:25:00 AM,Monday,Parkview Hills  & Hackberry,General Delay,10,1,B/w,7850
2014/09/22,72,11:55:00 AM,Monday,Pape Stn,Mechanical,10,20,S,7760
2014/09/22,117,12:00:00 PM,Monday,Downsview Stn,Mechanical,20,40,n,8366
2014/09/22,196,12:01:00 PM,Monday,Downsview Stn,Mechanical,4,6,w,8374
2014/09/22,501,12:03:00 PM,Monday,Lakeshore and 22nd street,Mechanical,8,15,wb,8045
2014/09/22,501,12:13:00 PM,Monday,Lakeshore/9th,Investigation,7,14,W,7974
2014/09/22,51,12:15:00 PM,Monday,Eglinton Station,Mechanical,25,50,n,8314
2014/09/22,196,12:16:00 PM,Monday,Sheppaard Stn,Mechanical,8,16,n,9408
2014/09/22,111,12:23:00 PM,Monday,KIPLING STATION,Mechanical,20,40,N,8096
2014/09/22,92,12:25:00 PM,Monday,Woodbine Stn,Utilized Off Route,7,14,S/b,7689
2014/09/22,123,12:25:00 PM,Monday,Sherway Gardens,Mechanical,18,36,nb,8027
2014/09/22,90,12:27:00 PM,Monday,Oakwood and Jesmond,Mechanical,8,16,w/b,8391
2014/09/22,196,12:31:00 PM,Monday,Allen rd  n of Sheppard.,Investigation,2,4,n,9421
2014/09/22,7,12:53:00 PM,Monday,bathurst Stn,Mechanical,12,25,n,8170
2014/09/22,35,1:00:00 PM,Monday,Jane Station - All branches,General Delay,10,20,b/w,
2014/09/22,107,1:00:00 PM,Monday,Sheppard to Rivermede,General Delay,30,45,b,
2014/09/22,59,1:00:00 PM,Monday,Lawrence West Station - Weston/Oak,General Delay,20,40,b/w,
2014/09/22,117,1:00:00 PM,Monday,Sheppard to Steeles,General Delay,20,25,b,
2014/09/22,195,1:00:00 PM,Monday,Jane Station - Commons (York University),General Delay,10,25,b/w,
2014/09/22,105,1:00:00 PM,Monday,Sheppard to Rutherford,General Delay,20,35,b,
2014/09/22,106,1:00:00 PM,Monday,Downsview Stn to York U,General Delay,20,30,b,
2014/09/22,21,1:10:00 PM,Monday,Brimley and Finch,Investigation,14,28,N,8112
2014/09/22,44,1:15:00 PM,Monday,KIPLING STATION,Mechanical,6,12,s,8081
2014/09/22,196,1:20:00 PM,Monday,Sheppard and Bathurst,Mechanical,8,6,n,9433
2014/09/22,108,1:40:00 PM,Monday,Jane at Driftwood,Investigation,18,36,N,1248
2014/09/22,65,1:53:00 PM,Monday,Queen and Parliament,Mechanical,18,36,SB,7702
2014/09/22,79,1:55:00 PM,Monday,St.Clair and Mould,Diversion,71,88,W/B,1249
2014/09/22,109,2:00:00 PM,Monday,Eglinton W. stn to Neptune and Bathurst,General Delay,15,30,BW,
2014/09/22,160,2:00:00 PM,Monday,Wilson stn to Clark,General Delay,20,33,BW,
2014/09/22,7,2:00:00 PM,Monday,Bathurst stn to Steeles,General Delay,35,56,BW,
2014/09/22,111,2:07:00 PM,Monday,Kipling station,Investigation,10,20,S,7332
2014/09/22,165,2:10:00 PM,Monday,Jane & Wilson,Mechanical,9,18,W,1232
2014/09/22,129,2:17:00 PM,Monday,Scarborough Town Ctr Stn,Mechanical,7,14,N,1403
2014/09/22,108,2:18:00 PM,Monday,Jane and Driftwood,Diversion,237,244,N,1414
2014/09/22,65,2:20:00 PM,Monday,Princess and Front,Mechanical,18,36,SB,7702
2014/09/22,85,2:25:00 PM,Monday,Sheppard & Barebaerry,Investigation,22,44,EB,1148
2014/09/22,44,2:27:00 PM,Monday,KIPLING STATION,Mechanical,6,12,S,8081
2014/09/22,66,2:32:00 PM,Monday,marine parade,Mechanical,11,22,N,7304
2014/09/22,41,2:38:00 PM,Monday,Keele / St. Regis,Mechanical,7,14,n,1530
2014/09/22,41,2:43:00 PM,Monday,York university,Mechanical,16,32,s,1525
2014/09/22,44,2:43:00 PM,Monday,COL SMITH LOOP,Mechanical,3,7,N,8091
2014/09/22,165,2:44:00 PM,Monday,Arrwo garage,Mechanical,8,0,,1314
2014/09/22,102,2:45:00 PM,Monday,Warden Stn,Late Leaving Garage,10,20,n,7780
2014/09/22,74,2:45:00 PM,Monday,Mount Pleasant Loop,Late Leaving Garage,15,30,s,5183
2014/09/22,41,2:46:00 PM,Monday,York university,Late Leaving Garage,16,32,s,1643
2014/09/22,144,2:49:00 PM,Monday,Eglinton Garage,Late Leaving Garage,9,16,SB,7487
2014/09/22,96,2:50:00 PM,Monday,walsh/Wilson,Investigation,30,60,e,1521
2014/09/22,36,2:52:00 PM,Monday,Finch Station,Late Leaving Garage,10,20,W,1504
2014/09/22,57,2:53:00 PM,Monday,Finch and Midland,Investigation,8,16,s,8134
2014/09/22,25,2:53:00 PM,Monday,Eglinton Yard,Late Leaving Garage,0,0,SB,7543
2014/09/22,12,2:56:00 PM,Monday,Neil McNeil school,Late Leaving Garage,7,14,N,7872
2014/09/22,68,2:57:00 PM,Monday,Eglinton and Steeles,Late Leaving Garage,8,16,nb,7587
2014/09/22,67,3:00:00 PM,Monday,67 Pharmacy Route,General Delay,8,18,BW,
2014/09/22,32,3:00:00 PM,Monday,Entire route,General Delay,11,6,b/w,
2014/09/22,68,3:00:00 PM,Monday,68 Warden Route,General Delay,12,18,BW,
2014/09/22,41,3:00:00 PM,Monday,Entire route,General Delay,15,25,b/w,
2014/09/22,61,3:00:00 PM,Monday,Eglinton stn to Bombay loop,General Delay,20,40,b/w,
2014/09/22,36,3:04:00 PM,Monday,Finch Station,Late Leaving Garage,5,10,W,1329
2014/09/22,37,3:06:00 PM,Monday,Steeles,Mechanical,8,16,S,7251
2014/09/22,84,3:06:00 PM,Monday,Sheppard Station,Late Leaving Garage,11,25,W,7250
2014/09/22,96,3:06:00 PM,Monday,Woodbine downs,Late Leaving Garage,30,60,w,7210
2014/09/22,131,3:06:00 PM,Monday,Kennedy Station,Late Leaving Garage,9,18,EB,1117
2014/09/22,60,3:07:00 PM,Monday,Kipling and Steeles,Late Leaving Garage,15,30,E,1232
2014/09/22,53,3:07:00 PM,Monday,Brebuef College,Late Leaving Garage,4,6,E,9073
2014/09/22,76,3:07:00 PM,Monday,LAKESHORE MIMICOE,Mechanical,5,13,N,7315
2014/09/22,60,3:08:00 PM,Monday,Finch Station,Late Leaving Garage,7,14,W,1419
2014/09/22,36,3:11:00 PM,Monday,York Mills Station,Late Leaving Garage,7,14,W,7219
2014/09/22,87,3:11:00 PM,Monday,Broadview Station,Utilized Off Route,6,12,WB,7707
2014/09/22,95,3:13:00 PM,Monday,Ellesmere RT Stn,Late Leaving Garage,9,18,W,1115
2014/09/22,72,3:13:00 PM,Monday,Pape stn,General Delay,10,1,B/W,
2014/09/22,96,3:14:00 PM,Monday,Woodbine Downs,Late Leaving Garage,30,60,w,1211
2014/09/22,16,3:15:00 PM,Monday,Scarborough Town Centre,Late Leaving Garage,7,14,s,8132
2014/09/22,36,3:19:00 PM,Monday,Finch Station,Late Leaving Garage,5,10,W,1375
2014/09/22,60,3:21:00 PM,Monday,Finch Station,Mechanical,16,32,W,
2014/09/22,35,3:21:00 PM,Monday,Jane/Steeles,Late Leaving Garage,10,20,S,1363
2014/09/22,96,3:22:00 PM,Monday,Woodbine downs,Late Leaving Garage,30,60,W,1207
2014/09/22,60,3:22:00 PM,Monday,Finch Station,Mechanical,7,14,W,
2014/09/22,37,3:22:00 PM,Monday,Steeles,Late Leaving Garage,8,16,S,
2014/09/22,60,3:22:00 PM,Monday,Kipling and Steeles,Mechanical,16,32,E,1369
2014/09/22,191,3:23:00 PM,Monday,martin Grove,Late Leaving Garage,5,10,s,7946
2014/09/22,36,3:27:00 PM,Monday,Finch Station,Late Leaving Garage,15,30,W,1282
2014/09/22,35,3:28:00 PM,Monday,Jane/Steeles,Late Leaving Garage,10,20,S,1392
2014/09/22,124,3:30:00 PM,Monday,Sunnybrook to Lawrence stn,General Delay,4,9,B/W,
2014/09/22,161,3:30:00 PM,Monday,Entire Route,General Delay,15,27,B/W,
2014/09/22,79,3:30:00 PM,Monday,Entire Route,General Delay,7,13,B/W,
2014/09/22,95,3:31:00 PM,Monday,Ellesmere RT,Investigation,8,16,WB,1391
2014/09/22,36,3:32:00 PM,Monday,Humberwood Loop,Late Leaving Garage,5,10,E,1348
2014/09/22,60,3:34:00 PM,Monday,Finch Station,Late Leaving Garage,15,30,W,7247
2014/09/22,84,3:35:00 PM,Monday,Rivalda,Late Leaving Garage,12,25,W,1289
2014/09/22,59,3:36:00 PM,Monday,Lawrence West Station,Late Leaving Garage,12,24,W,1228
2014/09/22,49,3:39:00 PM,Monday,KIPLING STATION,Mechanical,8,16,W,7965
2014/09/22,35,3:40:00 PM,Monday,Jane Station,Late Leaving Garage,10,20,N,7928
2014/09/22,36,3:44:00 PM,Monday,Finch Station,Late Leaving Garage,5,10,W,1523
2014/09/22,81,3:44:00 PM,Monday,Thorncliff and Overlea,Mechanical,10,20,s,7735
2014/09/22,196,3:50:00 PM,Monday,Sheppard stn,Utilized Off Route,2,4,w,8305
2014/09/22,96,3:50:00 PM,Monday,Wilson station,Utilized Off Route,30,50,w,1529
2014/09/22,161,3:51:00 PM,Monday,Oakwood and Earlsdale,Diversion,57,68,B/W,1638
2014/09/22,96,3:52:00 PM,Monday,Wilson station,Utilized Off Route,30,60,w,7210
2014/09/22,59,4:00:00 PM,Monday,Lawrence West Station,Late Leaving Garage,12,24,W,1519
2014/09/22,142,4:00:00 PM,Monday,Bombay loop to chruch and Richmond,General Delay,20,40,b/w,
2014/09/22,709,4:00:00 PM,Monday,Eglinton west station,Utilized Off Route,0,0,w/b,1503
2014/09/22,96,4:00:00 PM,Monday,Wilson Route,General Delay,12,24,B/w,
2014/09/22,54,4:00:00 PM,Monday,Eglinton Garage,Late Leaving Garage,10,20,E,7653
2014/09/22,90,4:00:00 PM,Monday,Vaughan and St. Clair,Utilized Off Route,5,10,S,8202
2014/09/22,709,4:00:00 PM,Monday,Garage,Utilized Off Route,0,0,w/b,1599
2014/09/22,29,4:01:00 PM,Monday,Dufferin and Davenport,Utilized Off Route,4,8,S,9051
2014/09/22,60,4:02:00 PM,Monday,York University Commons,Mechanical,7,14,E,1297
2014/09/22,165,4:04:00 PM,Monday,Wilson Station,Utilized Off Route,8,16,W,1335
2014/09/22,96,4:10:00 PM,Monday,Wilson station,Utilized Off Route,30,60,w,7202
2014/09/22,87,4:23:00 PM,Monday,Broadview stn,Utilized Off Route,6,12,E,7700
2014/09/22,47,4:30:00 PM,Monday,Entire Route,General Delay,10,20,B/W,
2014/09/22,141,4:30:00 PM,Monday,Entire route,General Delay,20,30,b/w,
2014/09/22,41,4:35:00 PM,Monday,Petrolia / Steeles west,Diversion,120,127,s,1556
2014/09/22,45,4:37:00 PM,Monday,KIPLING STATION,Mechanical,8,16,N,8071
2014/09/22,11,4:39:00 PM,Monday,Bayview and Sheppard,Mechanical,12,24,n/b,8342
2014/09/22,95,4:46:00 PM,Monday,Ellesmere/Markham,Mechanical,9,18,WB,1747
2014/09/22,143,4:50:00 PM,Monday,Beaches express route,General Delay,41,1,B/W,
2014/09/22,46,4:55:00 PM,Monday,Kipling Station,Mechanical,10,20,N,1237
2014/09/22,53,5:00:00 PM,Monday,Finch Stn to Staines,General Delay,15,10,B/W,
2014/09/22,144,5:00:00 PM,Monday,144 Downtown Express,General Delay,30,50,BW,
2014/09/22,81,5:09:00 PM,Monday,Pape and O'connor,Mechanical,7,14,S,7823
2014/09/22,81,5:09:00 PM,Monday,Pape and O'connor,Mechanical,7,14,s,7823
2014/09/22,60,5:15:00 PM,Monday,Entire Steeles West Route,General Delay,20,28,BW,
2014/09/22,25,5:21:00 PM,Monday,@ Eglinton Ave,Investigation,4,8,SB,7411
2014/09/22,35,5:25:00 PM,Monday,Jane/Wilson,Investigation,10,20,S,1574
2014/09/22,32,5:27:00 PM,Monday,Skymark,Mechanical,8,16,w/b,1539
2014/09/22,24,5:30:00 PM,Monday,CRESCENT TOWN,Investigation,8,16,N,7793
2014/09/22,110,5:40:00 PM,Monday,Islington/Bloor,Mechanical,11,22,S,8040
2014/09/22,192,5:58:00 PM,Monday,TERMINAL # 3,Mechanical,9,18,S,8001
2014/09/22,95,6:00:00 PM,Monday,Ellesmere/Pharmacy,Mechanical,9,18,WB,1071
2014/09/22,165,6:00:00 PM,Monday,Ridge rd,Investigation,42,84,W,1347
2014/09/22,199,6:03:00 PM,Monday,Nugget and McCowan,Mechanical,4,8,WB,7101
2014/09/22,168,6:06:00 PM,Monday,Dundas W Stn,Mechanical,6,13,n,8026
2014/09/22,60,6:09:00 PM,Monday,Finch Station,Mechanical,16,32,W,1232
2014/09/22,57,6:13:00 PM,Monday,Kennedy stn,Utilized Off Route,8,16,N,7879
2014/09/22,190,6:23:00 PM,Monday,Brimley on Progress,Mechanical,5,10,NB,7081
2014/09/22,165,6:25:00 PM,Monday,Wilson Station,Mechanical,14,28,E,7948
2014/09/22,36,6:45:00 PM,Monday,Chesswood & Finch,Mechanical,4,8,E,1373
2014/09/22,26,6:55:00 PM,Monday,Jane stn,Mechanical,14,28,n,8096
2014/09/22,29,7:08:00 PM,Monday,Springhurst Loop,Mechanical,5,10,NB,9057
2014/09/22,107,7:12:00 PM,Monday,downsview station,Mechanical,14,26,n,9424
2014/09/22,76,7:21:00 PM,Monday,Royal York and Mimico,Mechanical,9,12,n,7961
2014/09/22,29,7:27:00 PM,Monday,Dufferin and S tClair,Utilized Off Route,7,14,n/b,8341
2014/09/22,84,7:27:00 PM,Monday,Laura/Sheppard,Mechanical,10,20,W,1405
2014/09/22,24,8:04:00 PM,Monday,VP STATION,Emergency Services,9,18,N,8125
2014/09/22,54,8:05:00 PM,Monday,Brentcliffe,Investigation,8,15,W,7546
2014/09/22,68,8:06:00 PM,Monday,Warden & Lawrence,Diversion,132,142,SB,
2014/09/22,144,8:06:00 PM,Monday,Warden And Lawrence,Emergency Services,1,1,SB,7403
2014/09/22,34,8:12:00 PM,Monday,Eglinton and Brentcliffe,Investigation,7,14,WB,7467
2014/09/22,95,8:14:00 PM,Monday,Ellesmere and Kingston Rd Loop,Late Leaving Garage,14,28,w/b,1795
2014/09/22,34,8:20:00 PM,Monday,Eglinton and Brentcliffe,Investigation,7,14,EB,7402
2014/09/22,7,8:37:00 PM,Monday,Bathurst and Claxton,Emergency Services,10,21,S,9005
2014/09/22,96,8:41:00 PM,Monday,Finch/Humberline,Mechanical,18,36,w,1311
2014/09/22,6,8:49:00 PM,Monday,richmond and bay,Investigation,15,30,n/b,1623
2014/09/22,86,8:54:00 PM,Monday,Eglinton  at Bellamy,Mechanical,10,20,EB,7651
2014/09/22,6,9:15:00 PM,Monday,queen quay and bedford,Mechanical,15,30,n/b,1674
2014/09/22,36,9:17:00 PM,Monday,Goldfinch,Investigation,7,15,W,1222
2014/09/22,106,9:30:00 PM,Monday,Downsview station to commons,General Delay,15,10,b/w,
2014/09/22,36,9:39:00 PM,Monday,Chesswood Dr,Emergency Services,7,14,W,7909
2014/09/22,32,10:00:00 PM,Monday,skymark and explorer,Mechanical,12,24,e/b,1630
2014/09/22,39,10:05:00 PM,Monday,Neilson and Crow Trail,Late Leaving Garage,6,12,w/b,1765
2014/09/22,168,10:08:00 PM,Monday,Bloor and Dundas,Investigation,8,16,n,8090
2014/09/22,79,10:12:00 PM,Monday,wright and pine,Mechanical,12,24,e/b,1249
2014/09/22,126,10:57:00 PM,Monday,christie stn,Investigation,30,60,n/b,1606
2014/09/22,63,11:01:00 PM,Monday,Ossington stn,Utilized Off Route,10,20,s/b,1618
2014/09/22,1,11:06:00 PM,Monday,Finch Station,Mechanical,5,10,s,7072
2014/09/22,25,11:20:00 PM,Monday,25 Don Mills Route,Mechanical,1,1,BW,7461
2014/09/23,11,12:04:00 AM,Tuesday,Bayview and Steeles Loop,Mechanical,30,60,s,8179
2014/09/23,86,12:07:00 AM,Tuesday,Meadowvale Loop,Emergency Services,10,20,NB,7429
2014/09/23,25,12:25:00 AM,Tuesday,Pape & Cosburn,Mechanical,12,24,NB,7420
2014/09/23,322,1:55:00 AM,Tuesday,Broadview and Mortimer,Mechanical,30,60,e/b,8147
2014/09/23,35,4:36:00 AM,Tuesday,hullmar at jane,Late Leaving Garage,10,25,n,1286
2014/09/23,43,5:03:00 AM,Tuesday,Eglinton garage,Mechanical,1,1,ob,7516
2014/09/23,96,5:20:00 AM,Tuesday,humberline at finch,Mechanical,9,19,e,7248
2014/09/23,9,5:34:00 AM,Tuesday,carborough Town Center,Late Leaving Garage,15,30,S/b,7851
2014/09/23,196,5:42:00 AM,Tuesday,Wilson Garage,Late Leaving Garage,4,8,,9418
2014/09/23,35,5:43:00 AM,Tuesday,jane at steeles,Late Leaving Garage,10,16,s,1344
2014/09/23,133,5:50:00 AM,Tuesday,Neilson and Finch Ave E,Mechanical,9,18,N,1105
2014/09/23,68,5:51:00 AM,Tuesday,Warden STN,Mechanical,5,9,ob,7524
2014/09/23,96,6:00:00 AM,Tuesday,wilson ave - dufferin to yonge,General Delay,18,36,bw,
2014/09/23,165,6:00:00 AM,Tuesday,Yormills Stn,Late Leaving Garage,7,14,N,7241
2014/09/23,86,6:03:00 AM,Tuesday,Manse and Lawrence,Mechanical,18,35,e,7403
2014/09/23,35,6:05:00 AM,Tuesday,Jane stn,Late Leaving Garage,10,20,N,1410
2014/09/23,79,6:08:00 AM,Tuesday,Pine & Lawrence,Mechanical,12,24,w/b,1058
2014/09/23,90,6:10:00 AM,Tuesday,Oakwwod and Vaughan,Late Leaving Garage,9,18,s/b,8174
2014/09/23,199,6:11:00 AM,Tuesday,Scarborough Town Centre,Late Leaving Garage,3,6,WB,1089
2014/09/23,39,6:13:00 AM,Tuesday,Finch & Baldoon,Late Leaving Garage,3,9,EB,7044
2014/09/23,123,6:15:00 AM,Tuesday,Kipling Station,Mechanical,18,36,sb,7961
2014/09/23,53,6:16:00 AM,Tuesday,Passmore and Markham,Mechanical,5,10,w,9065
2014/09/23,35,6:20:00 AM,Tuesday,Jane and Steeles,Mechanical,10,20,S,1346
2014/09/23,54,6:20:00 AM,Tuesday,Star Spray Loop,Mechanical,9,18,wb,7533
2014/09/23,199,6:20:00 AM,Tuesday,Scarborough Town Centre,Late Leaving Garage,2,5,WB,1727
2014/09/23,43,6:25:00 AM,Tuesday,Kennedy STN,Mechanical,10,20,SB,7463
2014/09/23,11,6:28:00 AM,Tuesday,Avenue road and The 401,Mechanical,10,20,n,8387
2014/09/23,36,6:30:00 AM,Tuesday,Arrow Rd,Late Leaving Garage,5,10,e,1362
2014/09/23,46,6:34:00 AM,Tuesday,maringrove at steeles,Late Leaving Garage,10,35,s,7931
2014/09/23,199,6:36:00 AM,Tuesday,Scarborough Town Centre,Late Leaving Garage,3,6,WB,1800
2014/09/23,96,6:37:00 AM,Tuesday,humberline,Late Leaving Garage,9,18,e,7202
2014/09/23,87,6:39:00 AM,Tuesday,Main Station,Mechanical,10,20,EB,7721
2014/09/23,98,6:40:00 AM,Tuesday,Sheppard stn,Late Leaving Garage,30,39,w/b,8347
2014/09/23,39,6:40:00 AM,Tuesday,Finch station,Mechanical,3,7,EB,1747
2014/09/23,98,6:40:00 AM,Tuesday,Sheppard stn,Late Leaving Garage,30,60,w/b,8347
2014/09/23,89,6:43:00 AM,Tuesday,Keele stn,Late Leaving Garage,5,10,n,1656
2014/09/23,36,6:45:00 AM,Tuesday,Humberwood loop,Mechanical,5,10,E,0
2014/09/23,37,6:46:00 AM,Tuesday,Islington and Steeles Loop,Late Leaving Garage,6,12,S,
2014/09/23,96,6:49:00 AM,Tuesday,woodbine downs,Late Leaving Garage,18,36,e,
2014/09/23,11,6:51:00 AM,Tuesday,Steeles and Bayview Loop,Mechanical,12,24,s,8352
2014/09/23,60,6:52:00 AM,Tuesday,Signal Hill and Steeles,Mechanical,7,14,E,
2014/09/23,46,6:54:00 AM,Tuesday,martingrove at steeles,Late Leaving Garage,11,21,s,
2014/09/23,191,6:54:00 AM,Tuesday,martingrove at royalcrest,Late Leaving Garage,5,13,n,
2014/09/23,38,6:55:00 AM,Tuesday,Markham Rd and Ellesmere RD,Mechanical,15,30,N,1795
2014/09/23,134,6:56:00 AM,Tuesday,Scarborough Town Centre,Mechanical,7,0,e,9089
2014/09/23,60,7:00:00 AM,Tuesday,Entire 60 Steeles Ave West,General Delay,7,15,B/W,
2014/09/23,60,7:00:00 AM,Tuesday,Entire 60 Steeles West Route,Utilized Off Route,1,1,B/W,1228
2014/09/23,37,7:00:00 AM,Tuesday,37 Islington Route,Utilized Off Route,1,1,B/W,7929
2014/09/23,42,7:00:00 AM,Tuesday,Mcnicoll and Vic Park,Late Leaving Garage,10,20,w/b,8349
2014/09/23,37,7:00:00 AM,Tuesday,37 Islington Route,Utilized Off Route,1,1,B/W,1393
2014/09/23,60,7:00:00 AM,Tuesday,60 Steeles West Route,Utilized Off Route,1,1,B/W,1279
2014/09/23,108,7:00:00 AM,Tuesday,Downsview Stn,Late Leaving Garage,8,16,W,
2014/09/23,124,7:00:00 AM,Tuesday,Sunnybrook route,General Delay,15,10,BW,
2014/09/23,224,7:00:00 AM,Tuesday,John and Woodbine,General Delay,10,20,BW,
2014/09/23,129,7:03:00 AM,Tuesday,McCowan Rd and Kenhatch Blvd,Mechanical,5,10,S,1072
2014/09/23,54,7:03:00 AM,Tuesday,Lawrence Warden,Mechanical,6,12,wb,7507
2014/09/23,165,7:04:00 AM,Tuesday,Yorkmills Stn,Mechanical,20,40,N,1370
2014/09/23,199,7:04:00 AM,Tuesday,Scarborough Town Centre,Late Leaving Garage,2,5,WB,1788
2014/09/23,45,7:04:00 AM,Tuesday,Steeles Loop,Mechanical,22,44,sb,8063
2014/09/23,108,7:06:00 AM,Tuesday,Jane and Driftwood,Mechanical,13,26,S,1309
2014/09/23,36,7:07:00 AM,Tuesday,Finch Stn,Mechanical,5,10,w,0
2014/09/23,96,7:07:00 AM,Tuesday,woodbine downs,Late Leaving Garage,18,36,e,
2014/09/23,36,7:09:00 AM,Tuesday,ArrowRd,Mechanical,5,10,E,0
2014/09/23,37,7:10:00 AM,Tuesday,Islington and Steeles Loop,Mechanical,6,12,S,1237
2014/09/23,34,7:11:00 AM,Tuesday,Kennedy STN,Mechanical,4,8,EB,7426
2014/09/23,36,7:13:00 AM,Tuesday,Humberwood Loop,Late Leaving Garage,5,10,E,7217
2014/09/23,25,7:19:00 AM,Tuesday,Donlands and O'Connor,Mechanical,3,6,WB,7473
2014/09/23,129,7:29:00 AM,Tuesday,Scarborough Town Ctr Stn,Mechanical,5,10,N,1791
2014/09/23,160,7:30:00 AM,Tuesday,Clark to Wilson stn,General Delay,30,60,b/w,
2014/09/23,33,7:30:00 AM,Tuesday,Castlefield to St.Clair west,General Delay,10,26,b/w,
2014/09/23,109,7:30:00 AM,Tuesday,Neptune to Eglinton west,General Delay,20,50,b/w,
2014/09/23,90,7:30:00 AM,Tuesday,NorthCliff to St.Clair west,General Delay,20,28,b/w,
2014/09/23,86,7:30:00 AM,Tuesday,Sxcarborough Route,General Delay,15,0,B/W,
2014/09/23,111,7:30:00 AM,Tuesday,Eglinton and Martin Grove,General Delay,15,13,bw,
2014/09/23,7,7:30:00 AM,Tuesday,Steeles to Bathurst stn,General Delay,40,49,b/w,
2014/09/23,60,7:32:00 AM,Tuesday,Finch Stn,Late Leaving Garage,7,14,W,1358
2014/09/23,60,7:36:00 AM,Tuesday,Kipling and Steeles Ave West,Utilized Off Route,17,36,W,1318
2014/09/23,60,7:39:00 AM,Tuesday,Finch Stn,Mechanical,7,14,W,1534
2014/09/23,129,7:39:00 AM,Tuesday,Scarborough Town Ctr Stn,Mechanical,5,10,N,1119
2014/09/23,11,7:40:00 AM,Tuesday,Davisville Station,Late Leaving Garage,12,24,n,8372
2014/09/23,44,7:40:00 AM,Tuesday,Kipling station,Mechanical,4,7,sb,8078
2014/09/23,165,7:44:00 AM,Tuesday,Noprthgate,Investigation,5,10,E,1350
2014/09/23,199,7:45:00 AM,Tuesday,Finch station to Scarborough Town Centre,General Delay,9,15,B/W,1731
2014/09/23,39,7:45:00 AM,Tuesday,Finch station to Neilson & Crow Trail,General Delay,9,15,B/W,1728
2014/09/23,60,7:47:00 AM,Tuesday,Signal Hill and Steels Ave West,Late Leaving Garage,7,14,,
2014/09/23,11,7:47:00 AM,Tuesday,Steeles and Bayview Loop,Late Leaving Garage,12,24,s,8376
2014/09/23,87,7:50:00 AM,Tuesday,Main Stn,Mechanical,10,20,W/B,7732
2014/09/23,54,7:50:00 AM,Tuesday,Lawrence rt,Mechanical,6,12,wb,7540
2014/09/23,143,7:55:00 AM,Tuesday,Neville Loop,General Delay,20,1,W/B,
2014/09/23,70,7:57:00 AM,Tuesday,Coxwell stn,Emergency Services,14,28,eb,7465
2014/09/23,129,7:59:00 AM,Tuesday,Scarborough Town Ctr Stn,Mechanical,5,10,N,1116
2014/09/23,63,8:00:00 AM,Tuesday,Eglinton and Oakwood to Eglinton west Station,General Delay,20,31,b/w,
2014/09/23,199,8:00:00 AM,Tuesday,Finch & Birchmount,Investigation,3,5,EB,7051
2014/09/23,32,8:00:00 AM,Tuesday,Eglinton ave W Route,General Delay,20,30,B/W,
2014/09/23,24,8:00:00 AM,Tuesday,VP at Eglinton,General Delay,10,20,bw,7783
2014/09/23,116,8:00:00 AM,Tuesday,Morningside Route,General Delay,10,0,B/W,
2014/09/23,61,8:00:00 AM,Tuesday,401 and Avenue road to Eglinton Station,General Delay,13,23,BW,
2014/09/23,95,8:00:00 AM,Tuesday,Entire Route,General Delay,10,0,BW,
2014/09/23,87,8:02:00 AM,Tuesday,Main Stn,Utilized Off Route,10,20,W/B,7734
2014/09/23,102,8:05:00 AM,Tuesday,Warden Stn,Utilized Off Route,10,20,N/B,7834
2014/09/23,141,8:10:00 AM,Tuesday,Mt Pleasant express,General Delay,15,20,,
2014/09/23,117,8:11:00 AM,Tuesday,Downsview Stn,Mechanical,10,20,n,8179
2014/09/23,199,8:12:00 AM,Tuesday,Scarborough Town Centre,Utilized Off Route,3,6,WB,1139
2014/09/23,199,8:14:00 AM,Tuesday,McCowan & Sheppard,Mechanical,3,5,WB,7072
2014/09/23,70,8:15:00 AM,Tuesday,Coxwell stn to Pharmacy Eglinton,General Delay,12,27,bw,
2014/09/23,104,8:18:00 AM,Tuesday,Wilson Stn Lower,Mechanical,13,26,,8301
2014/09/23,46,8:22:00 AM,Tuesday,martingrove at dixon,Mechanical,10,20,n,1288
2014/09/23,84,8:22:00 AM,Tuesday,Jane and Seeles,Mechanical,17,34,N,7949
2014/09/23,63,8:22:00 AM,Tuesday,Collage and Ossington,Investigation,11,22,s/b,1054
2014/09/23,85,8:25:00 AM,Tuesday,Don Mills station to Rouge Hill GO,General Delay,14,8,E,
2014/09/23,67,8:27:00 AM,Tuesday,Pharmacy & Reddins,Diversion,1040,1057,NB,7617
2014/09/23,45,8:33:00 AM,Tuesday,Kipling and Hinton,Mechanical,6,12,nb,7348
2014/09/23,191,8:35:00 AM,Tuesday,hwy 27 at vice regent,Mechanical,7,13,n,7955
2014/09/23,79,8:48:00 AM,Tuesday,Dundas & Runnymede,Mechanical,8,17,n/b,1637
2014/09/23,133,8:57:00 AM,Tuesday,Neilson and McClevin,Investigation,10,20,s,1736
2014/09/23,36,8:58:00 AM,Tuesday,Humberline,Mechanical,5,10,E,7902
2014/09/23,172,9:00:00 AM,Tuesday,172 Cherry Route,General Delay,17,1,B/W,
2014/09/23,122,9:13:00 AM,Tuesday,York Mills Stn,Mechanical,10,27,EB,1812
2014/09/23,35,9:15:00 AM,Tuesday,Jane and Shoreham,Late Leaving Garage,1,21,N,7918
2014/09/23,29,9:18:00 AM,Tuesday,Wilson Stn,Mechanical,4,8,SB,9056
2014/09/23,196,9:20:00 AM,Tuesday,Dufferin & Finch,Mechanical,4,6,NB,9439
2014/09/23,52,9:20:00 AM,Tuesday,Westwoodmall,Mechanical,18,36,e/b,1518
2014/09/23,7,9:25:00 AM,Tuesday,Bathurst at Ava,Investigation,9,18,s/b,9042
2014/09/23,60,9:30:00 AM,Tuesday,Finch Stn,Mechanical,7,14,W,1314
2014/09/23,196,9:46:00 AM,Tuesday,Downsview Stn,Utilized Off Route,2,6,NB,8365
2014/09/23,95,9:50:00 AM,Tuesday,York Mills and Cedarwood,Mechanical,4,8,WB,1740
2014/09/23,54,9:55:00 AM,Tuesday,Eglinton Mt Pleasant,Mechanical,6,12,eb,7575
2014/09/23,67,10:00:00 AM,Tuesday,67 Pharmacy Route,General Delay,27,34,BW,
2014/09/23,67,10:00:00 AM,Tuesday,67 Pharmacy Route,General Delay,25,34,BW,
2014/09/23,68,10:00:00 AM,Tuesday,68 Warden Route,General Delay,19,20,BW,
2014/09/23,29,10:06:00 AM,Tuesday,Wilson Stn,Mechanical,4,8,SB,9003
2014/09/23,196,10:12:00 AM,Tuesday,Downsview Stn,Mechanical,8,16,e,9406
2014/09/23,54,10:15:00 AM,Tuesday,Lawrence Mc Cowan,Emergency Services,6,11,wb,7480
2014/09/23,87,10:18:00 AM,Tuesday,Cosburn at Logon,Investigation,12,24,bw,7839
2014/09/23,25,10:27:00 AM,Tuesday,Thorncliffe Park and Overlea Blvd.,Mechanical,4,8,SB,7437
2014/09/23,53,10:45:00 AM,Tuesday,Finch Station to Morningside and Staines,General Delay,10,8,bw,
2014/09/23,32,10:46:00 AM,Tuesday,Eglinton ave. W. and Oakwood ave.,Investigation,13,26,E,1525
2014/09/23,122,10:55:00 AM,Tuesday,York Mills Stn,Emergency Services,17,34,EB,8319
2014/09/23,36,11:00:00 AM,Tuesday,Finch Av. West,Investigation,5,10,E,1291
2014/09/23,62,11:01:00 AM,Tuesday,Broadview Stn.,Mechanical,20,40,e,7745
2014/09/23,162,11:08:00 AM,Tuesday,Lawrence Station,Investigation,30,60,E,1813
2014/09/23,196,11:08:00 AM,Tuesday,Downsview Stn,Mechanical,2,4,w,9447
2014/09/23,63,11:12:00 AM,Tuesday,east Liberty,Mechanical,7,14,n/b,1635
2014/09/23,36,11:20:00 AM,Tuesday,Islington,Investigation,5,10,E,1283
2014/09/23,122,11:29:00 AM,Tuesday,York Mills Stn,Mechanical,17,34,EB,8158
2014/09/23,52,11:40:00 AM,Tuesday,American Dr & Airport Rd,Diversion,110,131,b/w,1060
2014/09/23,52,11:42:00 AM,Tuesday,Brucewood & Lawrence,Investigation,15,30,w/b,1529
2014/09/23,84,11:42:00 AM,Tuesday,Sheppard Stn,Mechanical,9,18,W,1264
2014/09/23,39,11:44:00 AM,Tuesday,Finch & Don Mills,Mechanical,6,12,WB,7128
2014/09/23,199,11:50:00 AM,Tuesday,Scarborough Town Centre,Mechanical,4,9,WB,7118
2014/09/23,39,11:53:00 AM,Tuesday,Neilson & Crow Trail,Mechanical,6,12,WB,1767
2014/09/23,129,11:59:00 AM,Tuesday,Scarborough Town Ctr Stn,Mechanical,6,12,N,1773
2014/09/23,67,12:09:00 PM,Tuesday,Pharmacy & Comstock,Mechanical,17,34,SB,7545
2014/09/23,73,12:20:00 PM,Tuesday,RYST,Mechanical,15,23,N,8098
2014/09/23,39,12:20:00 PM,Tuesday,Finch & Pharmacy,Mechanical,6,12,WB,7005
2014/09/23,60,12:30:00 PM,Tuesday,Yonge and Cummer,General Delay,28,35,BW,
2014/09/23,24,12:30:00 PM,Tuesday,VP ROUTE,General Delay,10,0,BW,
2014/09/23,29,12:30:00 PM,Tuesday,Wilson Stn,Mechanical,4,8,SB,9015
2014/09/23,5,12:30:00 PM,Tuesday,Bloor to College,Diversion,81,111,n/b,8360
2014/09/23,94,12:30:00 PM,Tuesday,Entire route,General Delay,12,24,b/w,
2014/09/23,94,12:34:00 PM,Tuesday,College and Queens park,Diversion,86,98,b/w,1604
2014/09/23,56,12:35:00 PM,Tuesday,Bayvierw and Laird,Mechanical,27,57,e/b,8326
2014/09/23,24,12:38:00 PM,Tuesday,VP/STEELES,Investigation,10,20,S,7859
2014/09/23,88,12:42:00 PM,Tuesday,St.Clair Station,Mechanical,30,60,E,8304
2014/09/23,196,12:47:00 PM,Tuesday,Downsview Stn,Mechanical,2,4,w,9418
2014/09/23,165,1:00:00 PM,Tuesday,Weston North route,General Delay,35,55,B,
2014/09/23,120,1:00:00 PM,Tuesday,Calvington route,General Delay,35,45,B,7923
2014/09/23,36,1:00:00 PM,Tuesday,Finch west route,General Delay,40,55,B,1706
2014/09/23,91,1:00:00 PM,Tuesday,Aspen and Parkview Hills cresent,General Delay,10,1,B/W,
2014/09/23,20,1:01:00 PM,Tuesday,MAIN STN,Mechanical,17,35,E,8112
2014/09/23,196,1:03:00 PM,Tuesday,Downasview Stn,Mechanical,2,4,w,9414
2014/09/23,96,1:21:00 PM,Tuesday,wilson at jane,Mechanical,10,19,e,1304
2014/09/23,39,1:30:00 PM,Tuesday,E/B  Finch @ Milliken,Mechanical,6,12,E,7005
2014/09/23,165,1:38:00 PM,Tuesday,Finch and Weston,Mechanical,9,18,E,1324
2014/09/23,196,1:41:00 PM,Tuesday,Downsview Stn,Utilized Off Route,2,4,w,1808
2014/09/23,91,1:43:00 PM,Tuesday,Woodbine and Barker,Mechanical,25,50,N,8142
2014/09/23,195,1:45:00 PM,Tuesday,York University Commons,Mechanical,10,20,S,1277
2014/09/23,133,1:48:00 PM,Tuesday,Finch Ave E and Neilson Rd,Mechanical,10,20,W,1131
2014/09/23,92,1:53:00 PM,Tuesday,Woodbine stn,Utilized Off Route,8,16,S,7760
2014/09/23,57,1:58:00 PM,Tuesday,Midland/Kilcullen Castle Gate,Diversion,11,64,n,8128
2014/09/23,79,2:00:00 PM,Tuesday,Entire Route,General Delay,8,19,B/W,
2014/09/23,53,2:00:00 PM,Tuesday,Finch Stn to Staines,General Delay,17,6,W,
2014/09/23,68,2:00:00 PM,Tuesday,68 Warden Route,General Delay,25,31,BW,
2014/09/23,57,2:00:00 PM,Tuesday,Kennedy Stn,General Delay,10,20,n/s,
2014/09/23,199,2:00:00 PM,Tuesday,Finch Stn to STC,General Delay,15,20,E/W,
2014/09/23,86,2:00:00 PM,Tuesday,Kennedy Stn - Zoo,General Delay,5,15,BW,
2014/09/23,116,2:00:00 PM,Tuesday,Kennedy Stn - Nightstar,General Delay,5,15,BW,
2014/09/23,7,2:00:00 PM,Tuesday,Bathurst stn to Steeles,General Delay,45,75,BW,
2014/09/23,109,2:00:00 PM,Tuesday,Eglinton W. stn to Neptune,General Delay,15,30,BW,
2014/09/23,45,2:00:00 PM,Tuesday,ENTIRE ROUTE,General Delay,18,1,B/W,
2014/09/23,160,2:00:00 PM,Tuesday,Wilson stn to Clark,General Delay,20,40,BW,
2014/09/23,39,2:00:00 PM,Tuesday,Finch Stn to Old Finch,General Delay,15,20,E/W,
2014/09/23,45,2:00:00 PM,Tuesday,KIPLING & PANORAMA CRT,Diversion,125,130,B/W,
2014/09/23,60,2:05:00 PM,Tuesday,Finch Station,Mechanical,7,14,W,1302
2014/09/23,7,2:06:00 PM,Tuesday,Bathurst and Wilson,Late Leaving Garage,2,9,N,9021
2014/09/23,196,2:08:00 PM,Tuesday,Bus Roadway,Mechanical,2,4,w,9449
2014/09/23,165,2:12:00 PM,Tuesday,Finch and Weston,Mechanical,50,1,N,7221
2014/09/23,89,2:15:00 PM,Tuesday,Weston and Church,Diversion,30,39,B/W,
2014/09/23,67,2:15:00 PM,Tuesday,Victoria Pk STN,Mechanical,17,34,NB,7547
2014/09/23,89,2:18:00 PM,Tuesday,keele station,Mechanical,9,18,NB,1224
2014/09/23,34,2:25:00 PM,Tuesday,Eglinton and Lebovic,Late Leaving Garage,4,8,WB,7492
2014/09/23,70,2:30:00 PM,Tuesday,70 O connor Route,General Delay,15,26,,
2014/09/23,47,2:30:00 PM,Tuesday,Entire Route,General Delay,8,16,B/W,
2014/09/23,104,2:30:00 PM,Tuesday,Downsview Stn,Late Leaving Garage,13,26,n,1819
2014/09/23,59,2:30:00 PM,Tuesday,Weston & Church,Diversion,1,1,E,9999
2014/09/23,501,2:31:00 PM,Tuesday,Longbranch loop,Mechanical,7,14,E,8045
2014/09/23,85,2:33:00 PM,Tuesday,Don Mills Station,Mechanical,5,10,EB,9076
2014/09/23,79,2:35:00 PM,Tuesday,Pine and Lawrence,Mechanical,12,30,S/B,1682
2014/09/23,107,2:38:00 PM,Tuesday,Downsview Stn,Mechanical,11,15,w,8384
2014/09/23,36,2:42:00 PM,Tuesday,Finch station,Mechanical,5,12,E,1390
2014/09/23,6,2:43:00 PM,Tuesday,bedford and Dupont,Mechanical,8,16,S/B,1613
2014/09/23,15,2:45:00 PM,Tuesday,Bishop Allen Academy,Mechanical,0,7,N,8024
2014/09/23,85,2:47:00 PM,Tuesday,Don Mills Station,Late Leaving Garage,9,18,EB,9087
2014/09/23,96,2:47:00 PM,Tuesday,Yorkmills station,Late Leaving Garage,18,36,w,7201
2014/09/23,112,2:51:00 PM,Tuesday,KIPLING STATION,Mechanical,15,30,N,8098
2014/09/23,36,2:54:00 PM,Tuesday,Finch station  36F,Mechanical,11,23,W,1344
2014/09/23,105,2:59:00 PM,Tuesday,Downsview Stn,Late Leaving Garage,20,35,n,9426
2014/09/23,172,3:00:00 PM,Tuesday,York/Wellington,General Delay,18,36,e/w,
2014/09/23,61,3:00:00 PM,Tuesday,Bombay loop to Eglinton stn,General Delay,20,40,b/w,
2014/09/23,96,3:00:00 PM,Tuesday,Woodbine Downs,Late Leaving Garage,30,60,w,7228
2014/09/23,52,3:00:00 PM,Tuesday,Entire route,General Delay,15,25,b/w,
2014/09/23,34,3:00:00 PM,Tuesday,Leslie to Bayview,General Delay,15,20,BW,
2014/09/23,12,3:00:00 PM,Tuesday,Kennedy Stn,General Delay,15,30,e/w,
2014/09/23,11,3:00:00 PM,Tuesday,Steeles to Davisville stn,General Delay,20,34,b/w,
2014/09/23,127,3:05:00 PM,Tuesday,Townsley Loop,Late Leaving Garage,19,39,E/B,1548
2014/09/23,53,3:05:00 PM,Tuesday,Passmore & Markham,Late Leaving Garage,7,14,W,9091
2014/09/23,53,3:07:00 PM,Tuesday,Yonge & Cummer/Drewey,Diversion,6,11,E,9062
2014/09/23,95,3:08:00 PM,Tuesday,York Mills C.I.,Mechanical,9,18,w/b,1071
2014/09/23,60,3:10:00 PM,Tuesday,Finch Station,Mechanical,7,14,W,
2014/09/23,35,3:10:00 PM,Tuesday,Jane Station,Late Leaving Garage,5,10,N,1237
2014/09/23,79,3:11:00 PM,Tuesday,Pine and Lawrence,Late Leaving Garage,12,24,S/B,1636
2014/09/23,35,3:14:00 PM,Tuesday,Jane & Steeles,Late Leaving Garage,13,26,S,1534
2014/09/23,59,3:14:00 PM,Tuesday,Lawrence West Station,Late Leaving Garage,12,24,W,1230
2014/09/23,96,3:16:00 PM,Tuesday,Wilson station,Utilized Off Route,30,60,w,1326
2014/09/23,112,3:16:00 PM,Tuesday,KIPLING STATION,Mechanical,15,30,N,8097
2014/09/23,34,3:18:00 PM,Tuesday,Kennedy Station,Late Leaving Garage,4,8,WB,7486
2014/09/23,60,3:19:00 PM,Tuesday,Signal Hill,Late Leaving Garage,7,14,E,7207
2014/09/23,60,3:20:00 PM,Tuesday,Kipling and Steeles,Late Leaving Garage,16,32,E,7912
2014/09/23,60,3:21:00 PM,Tuesday,Finch Station,Mechanical,16,32,W,
2014/09/23,96,3:22:00 PM,Tuesday,Wilson station,Late Leaving Garage,30,60,w,196
2014/09/23,7,3:23:00 PM,Tuesday,Bathurst and ElmRidge,Investigation,8,16,S,9016
2014/09/23,96,3:26:00 PM,Tuesday,Woodbine downs,Late Leaving Garage,30,60,w,7248
2014/09/23,51,3:30:00 PM,Tuesday,Eglinton to Freshmedow,General Delay,15,30,b/w,
2014/09/23,97,3:30:00 PM,Tuesday,Steeles to Queen Quay,General Delay,10,20,b/w,
2014/09/23,60,3:34:00 PM,Tuesday,finch Station,Late Leaving Garage,15,30,W,7250
2014/09/23,191,3:35:00 PM,Tuesday,Hyw27/RoyalCrest,Late Leaving Garage,10,20,s,7946
2014/09/23,116,3:36:00 PM,Tuesday,Kingston & Eglinton,Mechanical,12,0,W,7426
2014/09/23,32,3:36:00 PM,Tuesday,Eglinton and Ennerdale,Investigation,8,17,EB,1040
2014/09/23,37,3:36:00 PM,Tuesday,Steeles,Late Leaving Garage,8,16,S,7207
2014/09/23,59,3:37:00 PM,Tuesday,Lawrence W Station,Late Leaving Garage,12,24,W,1342
2014/09/23,125,3:40:00 PM,Tuesday,Antibes to Finch stn,General Delay,7,14,b/w,
2014/09/23,88,3:40:00 PM,Tuesday,St Clair stn to Thorncliffe,General Delay,7,14,b/w,
2014/09/23,42,3:40:00 PM,Tuesday,Finch stn to Passmore,General Delay,8,16,b/w,
2014/09/23,22,3:40:00 PM,Tuesday,Gerrard and Coxwell,General Delay,7,1,B/W,
2014/09/23,124,3:40:00 PM,Tuesday,Lawrence stn to Sunnybrook hosp.,General Delay,1,12,b/w,
2014/09/23,25,3:40:00 PM,Tuesday,Donway,Mechanical,3,6,SB,7498
2014/09/23,84,3:40:00 PM,Tuesday,Rivalda and Sheppard,Late Leaving Garage,10,21,W,1523
2014/09/23,52,3:41:00 PM,Tuesday,lawrence stn,Late Leaving Garage,5,16,w/b,1529
2014/09/23,89,3:45:00 PM,Tuesday,Junction and Keele,Investigation,9,18,s,1634
2014/09/23,95,3:45:00 PM,Tuesday,Valentine and York Mills,Mechanical,9,18,w/b,1805
2014/09/23,45,3:45:00 PM,Tuesday,KIPLING STATION,Mechanical,5,10,N,8071
2014/09/23,36,3:47:00 PM,Tuesday,Finch station,Mechanical,5,10,W,7910
2014/09/23,90,3:51:00 PM,Tuesday,St. Clair W. stn,Late Leaving Garage,5,10,N,1806
2014/09/23,36,3:53:00 PM,Tuesday,Humberwood loop,Mechanical,5,10,E,1314
2014/09/23,36,3:55:00 PM,Tuesday,Finch station 36D,Mechanical,15,25,W,1576
2014/09/23,63,3:58:00 PM,Tuesday,King and Shaw,Utilized Off Route,10,20,s/b,1638
2014/09/23,191,3:58:00 PM,Tuesday,Hyw27/RoyalCrest,Mechanical,5,10,s,7915
2014/09/23,91,4:00:00 PM,Tuesday,O'connor bridge,General Delay,15,1,B/W,
2014/09/23,10,4:00:00 PM,Tuesday,Don Mills Stn,Mechanical,15,30,e,9440
2014/09/23,25,4:00:00 PM,Tuesday,Entire Route,General Delay,15,14,BW,
2014/09/23,63,4:00:00 PM,Tuesday,Entire route,General Delay,20,10,b/w,
2014/09/23,96,4:00:00 PM,Tuesday,Wilson route,General Delay,12,24,B/w,
2014/09/23,142,4:00:00 PM,Tuesday,Bombay loop to chruch and Richmond,General Delay,30,60,b/w,
2014/09/23,84,4:00:00 PM,Tuesday,Sheppard west route,General Delay,25,20,BW,
2014/09/23,57,4:04:00 PM,Tuesday,Kennedy Stn,Utilized Off Route,8,16,n,7842
2014/09/23,47,4:05:00 PM,Tuesday,Lansdown and Queen,Utilized Off Route,13,26,n/b,1610
2014/09/23,168,4:07:00 PM,Tuesday,DUNDAS WEST STATION,Utilized Off Route,6,13,N,7347
2014/09/23,38,4:08:00 PM,Tuesday,STC Station,Mechanical,12,24,6,1111
2014/09/23,36,4:12:00 PM,Tuesday,Finch station,Mechanical,5,10,W,7926
2014/09/23,501,4:12:00 PM,Tuesday,Humber loop,Utilized Off Route,7,14,W,8028
2014/09/23,17,4:13:00 PM,Tuesday,Birchmount & Bonis,Mechanical,13,26,N,7739
2014/09/23,10,4:15:00 PM,Tuesday,Don Mills Stn,Late Leaving Garage,10,20,n,9447
2014/09/23,100,4:18:00 PM,Tuesday,Broadbview STN,Utilized Off Route,10,20,NB,7490
2014/09/23,87,4:20:00 PM,Tuesday,Broadview Stn,Utilized Off Route,6,12,e,7833
2014/09/23,29,4:25:00 PM,Tuesday,College / Dufferin,Mechanical,7,14,SB,9054
2014/09/23,127,4:25:00 PM,Tuesday,Townsley loop,Mechanical,20,40,E/B,1562
2014/09/23,25,4:25:00 PM,Tuesday,Freshmeadow,Utilized Off Route,7,14,SB,7643
2014/09/23,23,4:30:00 PM,Tuesday,Danforth and Dawes,General Delay,11,1,B/W,
2014/09/23,196,4:35:00 PM,Tuesday,Dufferin and Finch,Mechanical,2,4,n,1811
2014/09/23,6,4:43:00 PM,Tuesday,Queens quay & Dockside,Utilized Off Route,11,22,NB,1596
2014/09/23,113,4:45:00 PM,Tuesday,danforth route,General Delay,10,0,BW,
2014/09/23,29,4:52:00 PM,Tuesday,Tycos / Dufferin,Mechanical,7,14,SB,9000
2014/09/23,95,4:56:00 PM,Tuesday,Victoria Park and Ellesmere,Mechanical,9,18,w/b,1778
2014/09/23,143,5:00:00 PM,Tuesday,Adelaide/ Simcoe,General Delay,20,40,e/w,
2014/09/23,41,5:07:00 PM,Tuesday,Keele and Northpark,Investigation,8,16,S/B,1019
2014/09/23,45,5:08:00 PM,Tuesday,KIPLING STATION,Mechanical,16,24,N,7348
2014/09/23,32,5:12:00 PM,Tuesday,Eglinton and Northcliff,Mechanical,8,17,EB,1046
2014/09/23,112,5:14:00 PM,Tuesday,KIPLING STATION,Mechanical,11,22,N,8027
2014/09/23,76,5:20:00 PM,Tuesday,LAKESHOREAND MIMICOE,Mechanical,4,9,N,8031
2014/09/23,35,5:24:00 PM,Tuesday,William Cragg & Jane,Mechanical,5,10,N,1288
2014/09/23,41,5:28:00 PM,Tuesday,Keele Station,Utilized Off Route,16,32,N/B,1633
2014/09/23,65,5:31:00 PM,Tuesday,Parliament and Shutter,Investigation,10,20,S,7841
2014/09/23,92,5:32:00 PM,Tuesday,Woodbine stn,Mechanical,7,14,s,7697
2014/09/23,42,5:39:00 PM,Tuesday,Finch stn,Mechanical,6,12,e,1846
2014/09/23,169,5:40:00 PM,Tuesday,Don Mills Stn,Investigation,30,60,n,1814
2014/09/23,87,5:40:00 PM,Tuesday,Broadview Stn,Utilized Off Route,6,12,e,7772
2014/09/23,92,5:40:00 PM,Tuesday,Woodbine stn,Utilized Off Route,7,14,S,8131
2014/09/23,68,5:51:00 PM,Tuesday,Warden & Minford,Investigation,18,36,NB,7487
2014/09/23,89,5:52:00 PM,Tuesday,Keele Station,Mechanical,7,14,N/B,1580
2014/09/23,25,6:02:00 PM,Tuesday,Freshmeadow & Don Mills,Utilized Off Route,4,7,SB,7616
2014/09/23,97,6:04:00 PM,Tuesday,Belsize,Investigation,10,20,s,8156
2014/09/23,71,6:07:00 PM,Tuesday,Runnymede and Bloor,Investigation,22,44,NB,1516
2014/09/23,95,6:11:00 PM,Tuesday,York Mills Station,Mechanical,9,18,e/b,1075
2014/09/23,95,6:12:00 PM,Tuesday,Ellesmere SRT,Utilized Off Route,9,18,w/b,1794
2014/09/23,36,6:15:00 PM,Tuesday,Jane and Weston,Mechanical,2,5,E,1344
2014/09/23,54,6:22:00 PM,Tuesday,Scarborough Golf Club Road and Densgrove,Mechanical,5,10,,7620
2014/09/23,133,6:30:00 PM,Tuesday,Ellesmere and Scarborough Gulf Club Road,Investigation,7,14,w,1124
2014/09/23,172,6:36:00 PM,Tuesday,York/Wellington,Mechanical,16,32,e,7849
2014/09/23,57,6:36:00 PM,Tuesday,Kennedy Stn,Mechanical,8,16,n,7740
2014/09/23,112,6:36:00 PM,Tuesday,KIPLING STATION,Mechanical,15,30,N,8026
2014/09/23,116,6:37:00 PM,Tuesday,Eglinton & Midland,Mechanical,12,24,E,7416
2014/09/23,195,6:45:00 PM,Tuesday,Jane & Wilson,Mechanical,10,20,S,1751
2014/09/23,76,6:52:00 PM,Tuesday,Royal Yorkn stn,Mechanical,4,9,s,7965
2014/09/23,165,6:54:00 PM,Tuesday,Wilson and Finch,Investigation,7,14,E,7937
2014/09/23,45,7:05:00 PM,Tuesday,KIPLING & KINGSWAY,Mechanical,9,18,N,8062
2014/09/23,36,7:10:00 PM,Tuesday,Finch and Wilmington,Investigation,5,10,E,1706
2014/09/23,47,7:14:00 PM,Tuesday,dupont and lansdowne,Mechanical,18,36,n/b,1412
2014/09/23,54,7:37:00 PM,Tuesday,Starspray Loop,Investigation,1,1,,7555
2014/09/23,116,7:40:00 PM,Tuesday,Morningside & Lawrence,Mechanical,30,60,N,7451
2014/09/23,100,7:56:00 PM,Tuesday,Broadview Stn,Utilized Off Route,8,16,NB,7676
2014/09/23,29,8:00:00 PM,Tuesday,DUFFERIN / WILSON,Diversion,119,130,NB,
2014/09/23,100,8:03:00 PM,Tuesday,Don Mills  and Eglinton,Utilized Off Route,8,16,SB,7490
2014/09/23,501,8:41:00 PM,Tuesday,Lakeshore and 12th,Investigation,8,16,s,8075
2014/09/23,6,9:00:00 PM,Tuesday,entire route,General Delay,15,40,b/w,
2014/09/23,501,9:03:00 PM,Tuesday,Humber Loop,Mechanical,8,16,s,7962
2014/09/23,36,9:25:00 PM,Tuesday,Humberwood loop,Mechanical,7,15,E,1329
2014/09/23,112,9:44:00 PM,Tuesday,Kp stn,Mechanical,18,36,s,8095
2014/09/23,192,9:50:00 PM,Tuesday,Kipling stn,Mechanical,9,18,s,8010
2014/09/23,36,9:50:00 PM,Tuesday,Sentinel on Finch Av. W,Mechanical,8,15,E,1561
2014/09/23,198,10:45:00 PM,Tuesday,Kennedy STN,Mechanical,15,30,EB,7601
2014/09/23,29,11:12:00 PM,Tuesday,Wilson Station,Mechanical,8,16,s,9036
2014/09/23,25,11:25:00 PM,Tuesday,Don Mills STN,Investigation,8,18,NB,7440
2014/09/23,100,11:31:00 PM,Tuesday,Concorde Place,Mechanical,11,21,EB,7599
2014/09/24,55,12:25:00 AM,Wednesday,Jane / Page,Mechanical,30,60,n,1687
2014/09/24,86,12:53:00 AM,Wednesday,Falmouth & Eglinton,Mechanical,10,20,EB,7552
2014/09/24,319,3:38:00 AM,Wednesday,Wilson at Yonge,Investigation,20,50,E,1225
2014/09/24,320,3:57:00 AM,Wednesday,Yonge at Finch,Mechanical,3,7,S,1826
2014/09/24,84,4:58:00 AM,Wednesday,sheppard at arrow,Late Leaving Garage,13,25,e,1288
2014/09/24,87,4:59:00 AM,Wednesday,Broadview stn,Utilized Off Route,6,12,E,7729
2014/09/24,53,5:16:00 AM,Wednesday,Morningside and Staines,Mechanical,11,0,w,9077
2014/09/24,36,5:17:00 AM,Wednesday,Humberwood loop,Mechanical,12,24,E,1333
2014/09/24,86,5:21:00 AM,Wednesday,Eglinton Yard,Mechanical,11,22,S,7616
2014/09/24,125,5:26:00 AM,Wednesday,Wilson Gar,Mechanical,18,26,,1819
2014/09/24,60,5:30:00 AM,Wednesday,Finch Stn,Late Leaving Garage,7,14,W,1243
2014/09/24,59,5:37:00 AM,Wednesday,lawrence west stn,Late Leaving Garage,10,20,w,7931
2014/09/24,67,5:40:00 AM,Wednesday,Pharmacy and Reddins,Diversion,700,714,NB,7462
2014/09/24,30,5:40:00 AM,Wednesday,High Park Station,Mechanical,8,28,wb,8053
2014/09/24,47,5:44:00 AM,Wednesday,Lansdowne at Queen,Mechanical,9,18,N,1422
2014/09/24,54,5:45:00 AM,Wednesday,Eglinton Station,Mechanical,6,12,EB,7465
2014/09/24,29,5:57:00 AM,Wednesday,Princes Gates,Late Leaving Garage,9,18,NB,9003
2014/09/24,165,6:00:00 AM,Wednesday,York Mills station,Late Leaving Garage,7,14,W,7234
2014/09/24,34,6:00:00 AM,Wednesday,Kennedy Stn,Mechanical,8,16,WB,7568
2014/09/24,86,6:06:00 AM,Wednesday,Kennedy stn,Mechanical,17,34,e,7548
2014/09/24,86,6:06:00 AM,Wednesday,Kennedy stn,Mechanical,17,34,e,7548
2014/09/24,53,6:08:00 AM,Wednesday,Morningside and Staines,Mechanical,12,22,w,9066
2014/09/24,6,6:08:00 AM,Wednesday,Bedford & Dupont,Mechanical,7,13,s/b,1592
2014/09/24,90,6:10:00 AM,Wednesday,Oakwood and Vaughan,Late Leaving Garage,9,18,s/b,8379
2014/09/24,86,6:10:00 AM,Wednesday,,Mechanical,17,0,e,7620
2014/09/24,86,6:10:00 AM,Wednesday,kennedy station,Mechanical,17,0,e,7620
2014/09/24,54,6:14:00 AM,Wednesday,Eglinton Station,Mechanical,6,12,EB,7478
2014/09/24,35,6:15:00 AM,Wednesday,Jane stn.,Late Leaving Garage,10,20,n,
2014/09/24,86,6:15:00 AM,Wednesday,sheppard loop,Late Leaving Garage,10,15,s,7600
2014/09/24,51,6:17:00 AM,Wednesday,Wilson Garage,Late Leaving Garage,14,28,,8378
2014/09/24,88,6:19:00 AM,Wednesday,Laird and McRea,Late Leaving Garage,30,49,EB,8305
2014/09/24,25,6:19:00 AM,Wednesday,Don Mills and Duncan Mill,Mechanical,0,4,WB,7434
2014/09/24,106,6:25:00 AM,Wednesday,Downview Stn,Mechanical,7,14,Nb,9441
2014/09/24,79,6:26:00 AM,Wednesday,Pine & Lawrence,Mechanical,8,20,s/b,1548
2014/09/24,37,6:27:00 AM,Wednesday,Islington and Steele Ave West,Late Leaving Garage,6,12,S,
2014/09/24,84,6:28:00 AM,Wednesday,Arrow and Finch,Late Leaving Garage,12,31,N,
2014/09/24,96,6:30:00 AM,Wednesday,wilson ave - keele to bathurst,General Delay,18,36,bw,
2014/09/24,191,6:30:00 AM,Wednesday,finch ave  =  hwy 27 to martingrove,General Delay,18,24,bw,
2014/09/24,100,6:31:00 AM,Wednesday,Broadview Station,Mechanical,4,8,NB,7496
2014/09/24,144,6:32:00 AM,Wednesday,ASIM,Mechanical,7,14,SB,7459
2014/09/24,190,6:34:00 AM,Wednesday,Scarborough town centre,Late Leaving Garage,3,12,W,1008
2014/09/24,60,6:35:00 AM,Wednesday,Finch Station,Late Leaving Garage,17,36,W,
2014/09/24,165,6:36:00 AM,Wednesday,York Mills station  165F,Mechanical,28,44,W,7234
2014/09/24,60,6:40:00 AM,Wednesday,Finch Stn,Late Leaving Garage,6,12,W,
2014/09/24,115,6:40:00 AM,Wednesday,York Mills Stn,Late Leaving Garage,20,40,EB,8396
2014/09/24,36,6:41:00 AM,Wednesday,Humberwood loop,Mechanical,4,8,E,7954
2014/09/24,131,6:43:00 AM,Wednesday,Morningview trail and Morningside,Mechanical,8,16,e,1126
2014/09/24,36,6:45:00 AM,Wednesday,Humberwood loop,Late Leaving Garage,4,8,E,
2014/09/24,198,6:46:00 AM,Wednesday,eglinton yard,Mechanical,10,20,e,7492
2014/09/24,191,6:47:00 AM,Wednesday,martingrove at royalcrest,Late Leaving Garage,2,8,n,7901
2014/09/24,96,6:48:00 AM,Wednesday,carrier lp,Late Leaving Garage,21,42,e,1275
2014/09/24,96,6:49:00 AM,Wednesday,woodbine downs,Late Leaving Garage,18,36,e,
2014/09/24,107,6:51:00 AM,Wednesday,Basaltic & Jacob Keffer pky,Diversion,18,95,N,9430
2014/09/24,54,6:54:00 AM,Wednesday,StarSpray Blvd.,Mechanical,6,9,WB,7556
2014/09/24,191,6:54:00 AM,Wednesday,martingrove at royalcrest,Late Leaving Garage,5,10,s,
2014/09/24,46,6:54:00 AM,Wednesday,martingrove at steeles,Late Leaving Garage,11,21,s,7935
2014/09/24,108,6:55:00 AM,Wednesday,Yewtree and Driftwood,Investigation,8,16,N,1354
2014/09/24,54,6:57:00 AM,Wednesday,Star Spray Blvd,Mechanical,9,18,WB,7615
2014/09/24,89,6:57:00 AM,Wednesday,Keele stn,Late Leaving Garage,5,10,n,1631
2014/09/24,89,6:57:00 AM,Wednesday,Keele stn,Late Leaving Garage,5,10,n,1612
2014/09/24,96,6:58:00 AM,Wednesday,wilson stn,Mechanical,18,36,w,7248
2014/09/24,108,6:58:00 AM,Wednesday,Downsview Stn,Late Leaving Garage,18,36,W,
2014/09/24,36,6:59:00 AM,Wednesday,Finch station,Late Leaving Garage,4,8,W,
2014/09/24,191,6:59:00 AM,Wednesday,martingrove at royalcrest,Late Leaving Garage,6,12,s,7945
2014/09/24,60,7:00:00 AM,Wednesday,Entire 60 Steeles West Route,General Delay,7,18,B/W,
2014/09/24,42,7:00:00 AM,Wednesday,Cummer Route,General Delay,18,10,BW,
2014/09/24,43,7:00:00 AM,Wednesday,Mcnicoll and Vic Park,Late Leaving Garage,10,20,w/b,8208
2014/09/24,124,7:00:00 AM,Wednesday,sunnybrook route,General Delay,15,12,BW,
2014/09/24,108,7:00:00 AM,Wednesday,Entire 108 Downsview Route,General Delay,7,15,B/W,
2014/09/24,199,7:04:00 AM,Wednesday,Scarborough Town Centre,Mechanical,2,5,WB,1093
2014/09/24,199,7:05:00 AM,Wednesday,Finch and Midland,Diversion,145,148,B/W,1741
2014/09/24,39,7:05:00 AM,Wednesday,Finch & Midland,Diversion,145,149,WB,7063
2014/09/24,60,7:06:00 AM,Wednesday,Finch Station,Utilized Off Route,17,36,W,1704
2014/09/24,96,7:07:00 AM,Wednesday,woodbine downs,Late Leaving Garage,18,36,e,7207
2014/09/24,36,7:07:00 AM,Wednesday,Finch station,Late Leaving Garage,4,8,W,
2014/09/24,36,7:09:00 AM,Wednesday,Finch and Arrow,Mechanical,1,8,E,7219
2014/09/24,108,7:10:00 AM,Wednesday,Top Cliff and Driftwood,Diversion,30,48,B/W,1350
2014/09/24,95,7:12:00 AM,Wednesday,Scarborough College Loop,Mechanical,9,18,w,1795
2014/09/24,36,7:13:00 AM,Wednesday,Humberwood loop,Mechanical,4,8,E,
2014/09/24,39,7:15:00 AM,Wednesday,Finch station to Neilson & Crow Trail,General Delay,15,20,B/W,7117
2014/09/24,199,7:15:00 AM,Wednesday,Finch station to Scarborough Town Centre,General Delay,15,20,B/W,1090
2014/09/24,196,7:16:00 AM,Wednesday,Wilson Garage,Late Leaving Garage,2,6,,9417
2014/09/24,196,7:17:00 AM,Wednesday,Wilson Gar,Utilized Off Route,2,4,Nb,9401
2014/09/24,38,7:17:00 AM,Wednesday,McCowan and sheppard,Mechanical,8,16,e,1701
2014/09/24,139,7:26:00 AM,Wednesday,Finch Ave and Midland,Diversion,120,130,w,1781
2014/09/24,105,7:27:00 AM,Wednesday,Downsview Stn,Mechanical,28,56,,9411
2014/09/24,195,7:27:00 AM,Wednesday,Jane and Sheppard,Mechanical,10,20,S,1348
2014/09/24,33,7:30:00 AM,Wednesday,Castlefield to St.Clair west,General Delay,10,26,b/w,
2014/09/24,109,7:30:00 AM,Wednesday,Neptune to Eglinton west,General Delay,20,55,b/w,
2014/09/24,90,7:30:00 AM,Wednesday,Northcliff to St.Clair west,General Delay,20,28,b/w,
2014/09/24,160,7:30:00 AM,Wednesday,Clark to Wilson stn,General Delay,20,45,b/w,
2014/09/24,142,7:34:00 AM,Wednesday,Simcoe and Adelaide,Diversion,106,136,s/b,1824
2014/09/24,87,7:50:00 AM,Wednesday,Main Stn,Utilized Off Route,10,20,w/b,7809
2014/09/24,32,7:51:00 AM,Wednesday,Eglinton ave w at Marlee,Mechanical,5,10,W,1629
2014/09/24,108,7:55:00 AM,Wednesday,Downsview Stn,Mechanical,8,16,W,1388
2014/09/24,105,7:56:00 AM,Wednesday,Dufferin & Center st,Mechanical,23,46,,9440
2014/09/24,36,8:00:00 AM,Wednesday,Finch West route,General Delay,20,28,B,
2014/09/24,53,8:00:00 AM,Wednesday,Finch Station to Morningside and Staines,General Delay,20,14,bw,
2014/09/24,7,8:00:00 AM,Wednesday,Bathurst at Wilson,General Delay,30,39,b/w,
2014/09/24,21,8:00:00 AM,Wednesday,Brimley  Route,General Delay,12,1,B/W,
2014/09/24,35,8:00:00 AM,Wednesday,Jane and Dundas,Investigation,10,20,N,1318
2014/09/24,63,8:00:00 AM,Wednesday,Entire route,General Delay,10,21,b/w,
2014/09/24,85,8:00:00 AM,Wednesday,Sheppard station to Rouge Hill GO,General Delay,15,10,B/W,
2014/09/24,95,8:00:00 AM,Wednesday,Entire Route,General Delay,10,0,BW,
2014/09/24,32,8:00:00 AM,Wednesday,Eglinton ave w route,General Delay,15,25,B/W,
2014/09/24,38,8:05:00 AM,Wednesday,STC,Mechanical,8,15,w,1708
2014/09/24,24,8:05:00 AM,Wednesday,Don Mills Stn.,Mechanical,13,26,s,8116
2014/09/24,196,8:08:00 AM,Wednesday,Downsview Stn,Utilized Off Route,2,6,,8352
2014/09/24,92,8:14:00 AM,Wednesday,Ashbridges Bay Loop,Utilized Off Route,9,18,S/B,7717
2014/09/24,17,8:15:00 AM,Wednesday,Birchmount & Finch,Mechanical,15,30,S,7876
2014/09/24,96,8:20:00 AM,Wednesday,wilson at yonge,Mechanical,21,42,w,1246
2014/09/24,144,8:22:00 AM,Wednesday,25 Don Mills Route,Utilized Off Route,0,0,N,7533
2014/09/24,40,8:23:00 AM,Wednesday,RUNNYMEDE LOOP,Mechanical,6,13,E,8023
2014/09/24,145,8:25:00 AM,Wednesday,ADELAIDE AND JOHN,Investigation,33,66,E,7334
2014/09/24,54,8:29:00 AM,Wednesday,Eglinton stn,Mechanical,6,12,eb,7562
2014/09/24,29,8:30:00 AM,Wednesday,Wilson Stn to princes Gates,General Delay,12,15,BWS,
2014/09/24,116,8:32:00 AM,Wednesday,kennedy station,Mechanical,30,60,s,7506
2014/09/24,54,8:43:00 AM,Wednesday,Lawrence rt,Mechanical,6,12,wb,7429
2014/09/24,63,8:50:00 AM,Wednesday,"ST,Clair West and Oakwood",Utilized Off Route,3,11,s,1580
2014/09/24,168,9:00:00 AM,Wednesday,DAVENPORT AND SYMINGTON,Mechanical,4,8,E,7320
2014/09/24,35,9:15:00 AM,Wednesday,Jane and Shoreham,Late Leaving Garage,1,21,N,1221
2014/09/24,52,9:23:00 AM,Wednesday,Jane & Lawrence,Investigation,15,30,w/b,1614
2014/09/24,52,9:31:00 AM,Wednesday,Ralph & Lawrence,Mechanical,17,35,e/b,1666
2014/09/24,41,9:45:00 AM,Wednesday,Keele and Toro,Diversion,25,37,n,1563
2014/09/24,63,10:00:00 AM,Wednesday,Entire Route,General Delay,10,17,B/W,
2014/09/24,190,10:04:00 AM,Wednesday,Don Mills station,Utilized Off Route,11,21,E,1123
2014/09/24,196,10:19:00 AM,Wednesday,Downsview Stn,Mechanical,2,4,w,8302
2014/09/24,131,10:35:00 AM,Wednesday,Scarborough Town Centre,Mechanical,14,28,EB,1768
2014/09/24,102,10:40:00 AM,Wednesday,Warden stn,Utilized Off Route,13,26,"""N",7749
2014/09/24,76,10:41:00 AM,Wednesday,Lakeshore and Mimico,Mechanical,9,18,nb,8013
2014/09/24,23,10:44:00 AM,Wednesday,Dawes rd route,Diversion,10,20,B/W,7790
2014/09/24,64,10:45:00 AM,Wednesday,Main st route,Diversion,10,20,B/W,7684
2014/09/24,165,10:45:00 AM,Wednesday,Wilson station,Mechanical,9,18,E,7909
2014/09/24,96,10:47:00 AM,Wednesday,Dufferin on Wilson Av.,Mechanical,9,21,W,1229
2014/09/24,25,10:50:00 AM,Wednesday,Pape and Torrence,Investigation,6,12,N,7499
2014/09/24,87,10:54:00 AM,Wednesday,Main stn,Utilized Off Route,12,24,W,7824
2014/09/24,24,10:57:00 AM,Wednesday,Victoria Park stn,Utilized Off Route,10,20,N,7686
2014/09/24,6,11:00:00 AM,Wednesday,Entire Route,General Delay,10,20,B/W,
2014/09/24,86,11:10:00 AM,Wednesday,Kennedy station,Mechanical,10,20,E,7599
2014/09/24,60,11:27:00 AM,Wednesday,Moore Park and Yonge St,Emergency Services,6,12,S,1384
2014/09/24,54,11:30:00 AM,Wednesday,Eglinton Bayview,Mechanical,6,12,wb,7545
2014/09/24,53,11:33:00 AM,Wednesday,Steeles and Midland,Mechanical,6,11,w,7057
2014/09/24,106,12:00:00 PM,Wednesday,Downsview Stn,Mechanical,10,20,w,9442
2014/09/24,196,12:16:00 PM,Wednesday,Sheppard Stn,Mechanical,8,16,w,9415
2014/09/24,709,12:18:00 PM,Wednesday,Eglinton west station,Utilized Off Route,1,1,E,1273
2014/09/24,709,12:19:00 PM,Wednesday,Eglinton west Station,Utilized Off Route,1,1,E,1626
2014/09/24,90,12:19:00 PM,Wednesday,St.Clair west stn,Mechanical,8,16,n/b,8372
2014/09/24,57,12:35:00 PM,Wednesday,Kennedy stn,Mechanical,11,22,N,7861
2014/09/24,39,12:41:00 PM,Wednesday,Neilson & Crow Trail,Mechanical,7,13,WB,7123
2014/09/24,86,12:50:00 PM,Wednesday,Kenendy Stn,Mechanical,10,20,E,7677
2014/09/24,165,1:00:00 PM,Wednesday,Weston North route,General Delay,30,45,B,
2014/09/24,36,1:00:00 PM,Wednesday,Finch West route,General Delay,20,28,B,
2014/09/24,196,1:13:00 PM,Wednesday,Downsview Stn,Mechanical,2,4,w,9449
2014/09/24,47,1:30:00 PM,Wednesday,Entire Route,General Delay,10,18,B/W,
2014/09/24,106,1:43:00 PM,Wednesday,Sheppard and Chesswood,Mechanical,10,20,w,9438
2014/09/24,53,2:00:00 PM,Wednesday,Finch Stn to Staines,General Delay,24,15,B/W,
2014/09/24,86,2:00:00 PM,Wednesday,Kennedy Stn - Zoo,General Delay,5,15,BW,
2014/09/24,109,2:00:00 PM,Wednesday,Eglinton W. Stn to Neptune,General Delay,15,35,BW,
2014/09/24,116,2:00:00 PM,Wednesday,Kennedy Stn - Nighstar,General Delay,5,15,BW,
2014/09/24,160,2:00:00 PM,Wednesday,Wilson stn to Clark,General Delay,25,45,BW,
2014/09/24,7,2:00:00 PM,Wednesday,Bathurst stn to Steeles,General Delay,35,65,BW,
2014/09/24,116,2:07:00 PM,Wednesday,Kennedy Stn,Mechanical,10,20,E,7423
2014/09/24,106,2:10:00 PM,Wednesday,Downsview stn,Utilized Off Route,10,20,w,9420
2014/09/24,87,2:22:00 PM,Wednesday,BROADV IEW STATION,Utilized Off Route,6,12,S,8135
2014/09/24,199,2:25:00 PM,Wednesday,Mccowan and Finch,Mechanical,5,10,W/B,1721
2014/09/24,65,2:26:00 PM,Wednesday,CASTLEFRANK STATION,Mechanical,10,20,S,7834
2014/09/24,195,2:30:00 PM,Wednesday,york u commons,General Delay,14,24,bw,
2014/09/24,59,2:30:00 PM,Wednesday,weston at oak,General Delay,15,25,bw,
2014/09/24,35,2:30:00 PM,Wednesday,jane st - church to lawrence,General Delay,16,28,bw,
2014/09/24,85,2:31:00 PM,Wednesday,Rouge Hill Go,Late Leaving Garage,16,25,W,9060
2014/09/24,196,2:32:00 PM,Wednesday,York U,Mechanical,2,4,w,8377
2014/09/24,36,2:32:00 PM,Wednesday,Finch Station,Late Leaving Garage,5,10,W,1363
2014/09/24,85,2:33:00 PM,Wednesday,Don Mills Stn,Late Leaving Garage,4,9,E,9064
2014/09/24,36,2:39:00 PM,Wednesday,Finch Station,Mechanical,5,10,W,1363
2014/09/24,48,2:40:00 PM,Wednesday,M POWER HIGH SCHOOL,Mechanical,6,11,n/b,7311
2014/09/24,36,2:42:00 PM,Wednesday,Finch Station,Late Leaving Garage,7,14,W,1243
2014/09/24,96,2:45:00 PM,Wednesday,Bathurst/Wilson,Diversion,60,110,e,1802
2014/09/24,129,2:45:00 PM,Wednesday,STC,Late Leaving Garage,5,10,n,1805
2014/09/24,165,2:45:00 PM,Wednesday,Wilson Bathurst,Diversion,60,132,e,7905
2014/09/24,39,2:46:00 PM,Wednesday,Seneca Loop,Late Leaving Garage,10,20,W/B,7127
2014/09/24,84,2:49:00 PM,Wednesday,Sheppard Station,Late Leaving Garage,1,1,W,7928
2014/09/24,190,2:51:00 PM,Wednesday,STC,Late Leaving Garage,9,14,W,1776
2014/09/24,39,2:56:00 PM,Wednesday,Finch Stn,Mechanical,6,13,W/B,7073
2014/09/24,41,2:59:00 PM,Wednesday,York University,Late Leaving Garage,16,32,S/B,1595
2014/09/24,6,2:59:00 PM,Wednesday,Sherbourne and Queens Quay,Late Leaving Garage,11,30,N/B,1592
2014/09/24,11,3:00:00 PM,Wednesday,Steeles to Davisville,General Delay,25,40,NB,
2014/09/24,52,3:00:00 PM,Wednesday,Entire route,General Delay,15,25,b/w,
2014/09/24,96,3:00:00 PM,Wednesday,Wilson route,General Delay,12,24,B/w,
2014/09/24,79,3:00:00 PM,Wednesday,Entire Route,General Delay,8,18,B/W,
2014/09/24,68,3:00:00 PM,Wednesday,Eglinton Garage,Late Leaving Garage,10,20,NB,7641
2014/09/24,161,3:00:00 PM,Wednesday,Entire Route,General Delay,12,24,B/W,
2014/09/24,51,3:00:00 PM,Wednesday,Steeles to Eglinton Station,General Delay,12,27,NB,
2014/09/24,88,3:00:00 PM,Wednesday,Brentclife/ Vanderhoof,General Delay,5,9,b/w,
2014/09/24,24,3:00:00 PM,Wednesday,VP ROUTE,General Delay,10,0,BW,
2014/09/24,123,3:00:00 PM,Wednesday,SHERWAY GARDENS,General Delay,20,15,W/B,
2014/09/24,50,3:00:00 PM,Wednesday,ISLINGTON STN,Mechanical,20,33,W/B,7336
2014/09/24,61,3:00:00 PM,Wednesday,Lawrence to 401,General Delay,28,38,NB,
2014/09/24,102,3:02:00 PM,Wednesday,Markham & Steeles,Investigation,22,44,N,7699
2014/09/24,84,3:04:00 PM,Wednesday,Sheppard Station,Late Leaving Garage,1,1,E,1367
2014/09/24,36,3:04:00 PM,Wednesday,Finch Station,Late Leaving Garage,1,1,W,7942
2014/09/24,84,3:05:00 PM,Wednesday,Sheppard Station,Emergency Services,14,14,W,1251
2014/09/24,42,3:06:00 PM,Wednesday,Finch stn,Mechanical,5,11,e,8319
2014/09/24,35,3:07:00 PM,Wednesday,Jane & Steeles,Late Leaving Garage,1,1,S,7921
2014/09/24,60,3:07:00 PM,Wednesday,Kipling Loop,Late Leaving Garage,15,30,E,7932
2014/09/24,71,3:10:00 PM,Wednesday,Runnymede station,Late Leaving Garage,10,20,SB,1007
2014/09/24,116,3:11:00 PM,Wednesday,Morningsdie & Nighstar,Utilized Off Route,6,12,N',7563
2014/09/24,165,3:11:00 PM,Wednesday,York Mills Station,Late Leaving Garage,7,14,W,7221
2014/09/24,53,3:13:00 PM,Wednesday,Morningside & Staines,Late Leaving Garage,6,18,W,9093
2014/09/24,46,3:15:00 PM,Wednesday,Steeles,Mechanical,10,21,S,1521
2014/09/24,60,3:19:00 PM,Wednesday,Signal Hill,Mechanical,7,14,E,7212
2014/09/24,54,3:21:00 PM,Wednesday,Lawrence E RT,Utilized Off Route,10,20,EB,7588
2014/09/24,60,3:22:00 PM,Wednesday,Kipling and Steeles,Mechanical,16,32,E,
2014/09/24,60,3:22:00 PM,Wednesday,Finch Station,Mechanical,7,14,W,
2014/09/24,139,3:24:00 PM,Wednesday,Baldoon and Finch Ave,Late Leaving Garage,20,40,w,1126
2014/09/24,37,3:25:00 PM,Wednesday,Islington and Eglinton,Late Leaving Garage,8,15,S,7941
2014/09/24,43,3:28:00 PM,Wednesday,Kennedy and Havendale,Investigation,7,14,SB,7498
2014/09/24,105,3:28:00 PM,Wednesday,Downsview Stn,Mechanical,12,24,w,9434
2014/09/24,57,3:30:00 PM,Wednesday,Midland route,General Delay,9,1,b/W,
2014/09/24,35,3:30:00 PM,Wednesday,jane stn,Late Leaving Garage,20,40,n,1295
2014/09/24,96,3:31:00 PM,Wednesday,Woodbine downs,Late Leaving Garage,30,60,w,1331
2014/09/24,39,3:33:00 PM,Wednesday,Victoria Park,Mechanical,5,15,W/B,7030
2014/09/24,96,3:34:00 PM,Wednesday,Woodbine downs,Late Leaving Garage,30,60,w,1225
2014/09/24,196,3:34:00 PM,Wednesday,Downsview Stn,Mechanical,2,4,w,1814
2014/09/24,116,3:35:00 PM,Wednesday,Kennedy Stn,Mechanical,6,12,E,7622
2014/09/24,52,3:35:00 PM,Wednesday,Dixon rd / Scarlett,Mechanical,11,22,w,1640
2014/09/24,37,3:36:00 PM,Wednesday,Steeles,Late Leaving Garage,8,16,S,7241
2014/09/24,35,3:38:00 PM,Wednesday,jane at steeles,Mechanical,5,10,s,1281
2014/09/24,196,3:38:00 PM,Wednesday,Downsview Stn,Utilized Off Route,2,4,w,8196
2014/09/24,35,3:40:00 PM,Wednesday,jane stn,Late Leaving Garage,15,20,n,1706
2014/09/24,84,3:40:00 PM,Wednesday,Rivalda,Late Leaving Garage,10,21,W,
2014/09/24,97,3:40:00 PM,Wednesday,Steeles to Queen Quay,General Delay,10,20,b/w,
2014/09/24,42,3:40:00 PM,Wednesday,Finch stn to Maybrook,General Delay,7,14,b/w,
2014/09/24,12,3:45:00 PM,Wednesday,Kingston rd route,General Delay,11,1,B/W,
2014/09/24,95,3:45:00 PM,Wednesday,Markham and Ellesmere,Mechanical,9,18,w/v,1791
2014/09/24,29,3:45:00 PM,Wednesday,Springhurst Loop,Mechanical,7,14,NB,8347
2014/09/24,36,3:47:00 PM,Wednesday,Finch station,Mechanical,5,10,W,1370
2014/09/24,85,3:47:00 PM,Wednesday,Sheppard @ Midland,Emergency Services,9,18,E,9070
2014/09/24,60,3:49:00 PM,Wednesday,Finch Station,Late Leaving Garage,16,32,W,1334
2014/09/24,36,3:53:00 PM,Wednesday,Humberwood loop,Late Leaving Garage,5,10,E,1229
2014/09/24,165,3:53:00 PM,Wednesday,Jane and Wilson,Mechanical,7,14,W,7241
2014/09/24,34,3:54:00 PM,Wednesday,Kennedy Station,Utilized Off Route,4,8,WB,7485
2014/09/24,36,3:55:00 PM,Wednesday,Finch station 36D,Mechanical,15,25,W,1200
2014/09/24,54,3:58:00 PM,Wednesday,Starspray Loop,Mechanical,6,12,,7676
2014/09/24,39,3:59:00 PM,Wednesday,Seneca College,Mechanical,10,20,E/B,1099
2014/09/24,59,4:00:00 PM,Wednesday,lawrence west stn,Late Leaving Garage,12,24,w,
2014/09/24,32,4:00:00 PM,Wednesday,Entire route,General Delay,40,40,BW,
2014/09/24,37,4:00:00 PM,Wednesday,Islington route,General Delay,15,12,B,
2014/09/24,60,4:01:00 PM,Wednesday,Signal Hill,Mechanical,7,14,E,1281
2014/09/24,95,4:02:00 PM,Wednesday,Donmills Station,Mechanical,12,24,w/b,1081
2014/09/24,85,4:02:00 PM,Wednesday,Sheppard @ Midland,Emergency Services,5,10,E,1737
2014/09/24,84,4:05:00 PM,Wednesday,Steeles,Mechanical,25,50,S,1521
2014/09/24,32,4:06:00 PM,Wednesday,Trethewey and Todd Baylis,Investigation,5,10,WB,1562
2014/09/24,11,4:08:00 PM,Wednesday,Bayview and Eglinton,Investigation,12,24,s,8384
2014/09/24,95,4:09:00 PM,Wednesday,York Mills Station,Diversion,23,27,e/b,1144
2014/09/24,95,4:09:00 PM,Wednesday,York Mills Station,Investigation,9,18,e/b,1108
2014/09/24,78,4:10:00 PM,Wednesday,York Mills Station,Investigation,15,30,EB,8336
2014/09/24,87,4:10:00 PM,Wednesday,MAIN STATION,Mechanical,6,12,S,7740
2014/09/24,36,4:12:00 PM,Wednesday,Finch station,Mechanical,5,10,W,
2014/09/24,95,4:15:00 PM,Wednesday,Entire Route,General Delay,16,21,B/W,
2014/09/24,134,4:16:00 PM,Wednesday,STC,Mechanical,8,17,E,9076
2014/09/24,25,4:20:00 PM,Wednesday,Freshmeadow & Don Mills,Utilized Off Route,3,6,NB,7643
2014/09/24,106,4:21:00 PM,Wednesday,Downsview Stn,Mechanical,10,2,w,1827
2014/09/24,95,4:23:00 PM,Wednesday,Yorkmills Station,Utilized Off Route,9,18,e/b,1079
2014/09/24,97,4:26:00 PM,Wednesday,Yorkmills stn,Diversion,40,50,n,8189
2014/09/24,43,4:28:00 PM,Wednesday,Kennedy and Lawrence,Mechanical,9,18,SB,7424
2014/09/24,60,4:29:00 PM,Wednesday,Kipling and Steeles,Mechanical,15,30,E,7229
2014/09/24,60,4:30:00 PM,Wednesday,Keele to Yonge Both Ways on Steeles Avenue W.,General Delay,27,34,BW,
2014/09/24,51,4:30:00 PM,Wednesday,Freshmeadows and Townsend,Mechanical,15,30,NB,8215
2014/09/24,17,4:33:00 PM,Wednesday,Birchmount & Huntingwood,Investigation,7,14,S,7701
2014/09/24,32,4:34:00 PM,Wednesday,Eglinton & Caldeonia,Mechanical,8,16,EB,1042
2014/09/24,95,4:38:00 PM,Wednesday,Valley woods Dr,Mechanical,9,18,w/b,1149
2014/09/24,199,4:49:00 PM,Wednesday,STC,Mechanical,4,8,E/B,7102
2014/09/24,95,4:49:00 PM,Wednesday,Yorkmills Station,Utilized Off Route,9,18,e/b,1729
2014/09/24,53,4:52:00 PM,Wednesday,Finch Stn,Mechanical,5,10,E,7085
2014/09/24,43,4:52:00 PM,Wednesday,Kennedy Station,Utilized Off Route,1,1,NB,7557
2014/09/24,196,4:55:00 PM,Wednesday,Sheppard stn,Mechanical,2,4,w,9434
2014/09/24,34,4:57:00 PM,Wednesday,Eglinton Staton,Emergency Services,4,8,EB,7412
2014/09/24,141,5:00:00 PM,Wednesday,Adelaide and Dunacn,General Delay,50,50,EB,1631
2014/09/24,196,5:00:00 PM,Wednesday,York U,Mechanical,2,4,w,8168
2014/09/24,29,5:00:00 PM,Wednesday,Castlefield / Dufferin,Mechanical,8,16,SB,9031
2014/09/24,29,5:01:00 PM,Wednesday,Dufferin / Hallam,Diversion,4,24,SB,
2014/09/24,96,5:06:00 PM,Wednesday,Humberline loop,Mechanical,18,36,w,7915
2014/09/24,191,5:10:00 PM,Wednesday,Hyw27/Royalcrest,Mechanical,10,20,s,7906
2014/09/24,143,5:15:00 PM,Wednesday,Beaches expresse service,General Delay,30,1,B/W,
2014/09/24,11,5:27:00 PM,Wednesday,Bayview and Blythwood,Investigation,12,24,s,8397
2014/09/24,172,5:30:00 PM,Wednesday,Cherry street route,General Delay,13,1,B/W,
2014/09/24,36,5:30:00 PM,Wednesday,Finch and Goldfinch,Mechanical,5,10,E,1363
2014/09/24,60,5:36:00 PM,Wednesday,Finch Station,Mechanical,15,30,W,1334
2014/09/24,87,5:41:00 PM,Wednesday,Broadview stn,Utilized Off Route,6,12,E,7741
2014/09/24,45,5:51:00 PM,Wednesday,KIPLING & STEELES,Mechanical,11,22,S,8029
2014/09/24,135,5:55:00 PM,Wednesday,FIRVALLEY CT,Investigation,18,36,N,7828
2014/09/24,107,6:00:00 PM,Wednesday,Downsview Station,General Delay,36,25,b/w,
2014/09/24,41,6:00:00 PM,Wednesday,Keele Station,Utilized Off Route,16,32,N/B,1408
2014/09/24,196,6:00:00 PM,Wednesday,shepaprd stn. To downsview to commons,General Delay,30,10,b/w,
2014/09/24,106,6:00:00 PM,Wednesday,Downsview Station to Commons,General Delay,25,15,b/w,
2014/09/24,198,6:10:00 PM,Wednesday,Kingston & Celeste,Diversion,55,65,W,7507
2014/09/24,86,6:10:00 PM,Wednesday,Kingston & Celeste,Diversion,55,65,W,7610
2014/09/24,102,6:17:00 PM,Wednesday,WARDEN STATION,Utilized Off Route,10,20,N,7685
2014/09/24,91,6:18:00 PM,Wednesday,Woodbine Station,General Delay,24,48,N,7837
2014/09/24,23,6:19:00 PM,Wednesday,MAIN STATION,General Delay,10,20,N,7695
2014/09/24,100,6:20:00 PM,Wednesday,Concorde Place,Mechanical,18,36,SB,7538
2014/09/24,59,6:28:00 PM,Wednesday,lawrence west stn,Mechanical,15,29,w,1342
2014/09/24,59,6:32:00 PM,Wednesday,gulliver at culford,Mechanical,14,28,w,1554
2014/09/24,44,6:44:00 PM,Wednesday,Kipling and Horner,Investigation,12,24,s,8082
2014/09/24,41,6:50:00 PM,Wednesday,Keele and St. Regis,Diversion,80,88,N/B,
2014/09/24,53,7:00:00 PM,Wednesday,Passmore - Markham,Mechanical,10,15,W,7105
2014/09/24,45,7:05:00 PM,Wednesday,Kipling and Kingsway,Mechanical,9,18,s,8062
2014/09/24,116,7:10:00 PM,Wednesday,Kennedy Stn,Mechanical,10,20,E,7574
2014/09/24,34,7:20:00 PM,Wednesday,Kennedy Station,Mechanical,6,12,WB,7646
2014/09/24,96,7:30:00 PM,Wednesday,Bathurst/Wilson,Investigation,18,36,w,1368
2014/09/24,501,7:30:00 PM,Wednesday,Humber Loop,Mechanical,8,16,w,7978
2014/09/24,52,8:05:00 PM,Wednesday,Lawrence west stn / Blackcreek,Mechanical,15,30,w,1036
2014/09/24,96,8:06:00 PM,Wednesday,WilliamCragg/Wilson,Investigation,18,36,w,7939
2014/09/24,32,8:09:00 PM,Wednesday,Eglinton West station,Mechanical,7,14,EB,1253
2014/09/24,32,8:09:00 PM,Wednesday,Eglinton west stn,Mechanical,7,14,e,1253
2014/09/24,168,8:10:00 PM,Wednesday,Rogers and Scott,Investigation,10,20,s,8094
2014/09/24,5,8:25:00 PM,Wednesday,Duplex and Eglinton,Investigation,20,40,s,8364
2014/09/24,53,8:50:00 PM,Wednesday,Finch Station,Mechanical,15,20,E,1120
2014/09/24,34,9:00:00 PM,Wednesday,Kenndey STN,Utilized Off Route,6,13,WB,7627
2014/09/24,21,9:16:00 PM,Wednesday,SCARBOROUGH TOWN CENTRE,Mechanical,9,18,N,8119
2014/09/24,53,9:30:00 PM,Wednesday,Markham and Passmore,Mechanical,10,20,w,7048
2014/09/24,46,11:05:00 PM,Wednesday,Kipling at Mattice,Mechanical,20,45,N,1357
2014/09/24,89,11:50:00 PM,Wednesday,Weston rd/ Lawrence west,Mechanical,12,24,n,1681
2014/09/25,54,1:06:00 AM,Thursday,Victoria Park & Lawrence,Mechanical,20,40,EB,7457
2014/09/25,1,1:07:00 AM,Thursday,finch station,Mechanical,3,6,s,7031
2014/09/25,116,1:23:00 AM,Thursday,Kennedy STN,Utilized Off Route,10,20,EB,7458
2014/09/25,300,2:34:00 AM,Thursday,Bathurst stn,Mechanical,10,20,W,7699
2014/09/25,312,2:49:00 AM,Thursday,St Clair Stn,Mechanical,30,60,EB,1561
2014/09/25,320,3:01:00 AM,Thursday,Yonge and Steeles`,Utilized Off Route,3,6,NB,1578
2014/09/25,63,3:36:00 AM,Thursday,Ossington and Churchill,Mechanical,9,18,SB,1563
2014/09/25,191,5:02:00 AM,Thursday,martingrove at royal crest,Late Leaving Garage,26,26,n,7928
2014/09/25,309,5:11:00 AM,Thursday,Finch and Bathurst,Mechanical,11,41,W,1335
2014/09/25,87,5:23:00 AM,Thursday,Broadview Stn,Utilized Off Route,6,12,E/B,7819
2014/09/25,35,5:30:00 AM,Thursday,Jane and Lawrence,Mechanical,5,10,S,1231
2014/09/25,77,5:35:00 AM,Thursday,Runnymede Station,Mechanical,1,16,S,1614
2014/09/25,165,5:40:00 AM,Thursday,Finch,Late Leaving Garage,10,20,N,7234
2014/09/25,102,5:42:00 AM,Thursday,St Clair & Kingston Road,Mechanical,35,70,E/b,7694
2014/09/25,70,5:51:00 AM,Thursday,Coxwell stn,Late Leaving Garage,5,19,eb,7422
2014/09/25,76,5:52:00 AM,Thursday,Royal York and Melrose,Mechanical,6,13,sb,8043
2014/09/25,123,5:52:00 AM,Thursday,Sherway Gardens,Mechanical,10,0,nb,8028
2014/09/25,52,5:56:00 AM,Thursday,Martin Grove,Late Leaving Garage,12,24,e/b,1608
2014/09/25,68,5:59:00 AM,Thursday,Warden stn,Mechanical,5,9,nb,7415
2014/09/25,165,6:00:00 AM,Thursday,Yorkmills Stn,Late Leaving Garage,7,14,N,7251
2014/09/25,36,6:00:00 AM,Thursday,Humberwood Loop,Mechanical,5,10,E,1335
2014/09/25,60,6:01:00 AM,Thursday,Finch stn,Late Leaving Garage,12,24,W,1329
2014/09/25,84,6:01:00 AM,Thursday,Rivalda,Late Leaving Garage,24,48,W,1579
2014/09/25,191,6:02:00 AM,Thursday,martingrove at royalcrest,Late Leaving Garage,5,10,n,7907
2014/09/25,25,6:03:00 AM,Thursday,Pape Station,Mechanical,3,6,N,7544
2014/09/25,107,6:03:00 AM,Thursday,Downsview Stn,Late Leaving Garage,10,18,NB,9427
2014/09/25,73,6:06:00 AM,Thursday,GARAGE,Mechanical,15,30,S,7342
2014/09/25,85,6:07:00 AM,Thursday,Meadowvale loop,Late Leaving Garage,4,8,W,1091
2014/09/25,95,6:08:00 AM,Thursday,Ellesmere R.T. Station,Mechanical,9,16,w,8371
2014/09/25,43,6:10:00 AM,Thursday,Midland Ave & Steeles Ave,Mechanical,10,20,SB,7484
2014/09/25,25,6:12:00 AM,Thursday,Pape Station,Late Leaving Garage,4,8,N,7529
2014/09/25,199,6:14:00 AM,Thursday,Scarborough Town Centre,Late Leaving Garage,3,6,WB,1776
2014/09/25,97,6:16:00 AM,Thursday,Steeles and yonge,Late Leaving Garage,30,60,s/b,8314
2014/09/25,161,6:20:00 AM,Thursday,Jane and Lampton,Late Leaving Garage,12,22,e,1058
2014/09/25,34,6:21:00 AM,Thursday,Eglinton Station,Mechanical,4,8,EB,7498
2014/09/25,37,6:22:00 AM,Thursday,Steeles and Islington,Late Leaving Garage,6,12,S,
2014/09/25,169,6:22:00 AM,Thursday,Commander and Mccowan,Mechanical,27,54,e/b,8372
2014/09/25,45,6:23:00 AM,Thursday,Steeles Loop,Mechanical,6,11,sb,8068
2014/09/25,59,6:25:00 AM,Thursday,Lawrence West Stn.,Late Leaving Garage,10,20,W,7909
2014/09/25,60,6:26:00 AM,Thursday,Finch Stn,Late Leaving Garage,17,34,W,1264
2014/09/25,54,6:27:00 AM,Thursday,Eglinton Stn,Late Leaving Garage,6,12,eb,7401
2014/09/25,84,6:28:00 AM,Thursday,Arrow and Finch,Late Leaving Garage,12,31,E,
2014/09/25,96,6:30:00 AM,Thursday,wilson  - dufferin to bathurst,General Delay,18,36,bw,
2014/09/25,106,6:30:00 AM,Thursday,Downsview stn,Late Leaving Garage,7,14,s/b,9422
2014/09/25,191,6:30:00 AM,Thursday,finch - hwy 27 to martingrove,General Delay,18,24,bw,
2014/09/25,45,6:32:00 AM,Thursday,Kipling station,Mechanical,22,44,nb,8031
2014/09/25,37,6:32:00 AM,Thursday,Islington and Steeles Loop,Late Leaving Garage,6,12,S,
2014/09/25,60,6:35:00 AM,Thursday,Finch Stn,Late Leaving Garage,14,28,W,
2014/09/25,78,6:35:00 AM,Thursday,Carluke and Fifeshire,Late Leaving Garage,20,30,WB,8317
2014/09/25,35,6:35:00 AM,Thursday,Jane Stn.,Late Leaving Garage,10,20,N,7210
2014/09/25,45,6:36:00 AM,Thursday,Kipling station,Utilized Off Route,5,11,nb,7309
2014/09/25,85,6:40:00 AM,Thursday,Don Mills station,Mechanical,3,7,E,9090
2014/09/25,196,6:43:00 AM,Thursday,York U. Commons,Mechanical,8,16,w/b,8355
2014/09/25,36,6:45:00 AM,Thursday,Humberwood Loop,Late Leaving Garage,5,10,E,0
2014/09/25,86,6:45:00 AM,Thursday,Kennedy station,Utilized Off Route,17,34,E,7503
2014/09/25,53,6:47:00 AM,Thursday,Passmore and Markham,Mechanical,5,9,w,7025
2014/09/25,96,6:49:00 AM,Thursday,woodbine downs,Late Leaving Garage,18,36,e,
2014/09/25,198,6:50:00 AM,Thursday,kennedy station,Mechanical,10,20,E,7443
2014/09/25,60,6:53:00 AM,Thursday,Finch Stn,Late Leaving Garage,17,34,W,
2014/09/25,191,6:54:00 AM,Thursday,martingrove at royalcrest,Late Leaving Garage,5,13,n,
2014/09/25,196,6:58:00 AM,Thursday,York U.Commons,Late Leaving Garage,4,8,s/b,9414
2014/09/25,36,6:59:00 AM,Thursday,Finch stn,Late Leaving Garage,5,10,W,0
2014/09/25,42,7:00:00 AM,Thursday,Cummer route,General Delay,15,10,BW,
2014/09/25,124,7:00:00 AM,Thursday,Sunnybrook route,General Delay,12,10,BW,
2014/09/25,196,7:06:00 AM,Thursday,Sheppard stn,Late Leaving Garage,6,12,s/b,8165
2014/09/25,36,7:07:00 AM,Thursday,Finch Stn,Late Leaving Garage,4,8,W,0
2014/09/25,196,7:07:00 AM,Thursday,Downsview stn,Mechanical,8,16,n/b,9442
2014/09/25,36,7:13:00 AM,Thursday,Humberwood Loop,Late Leaving Garage,4,8,E,0
2014/09/25,94,7:14:00 AM,Thursday,Wellesley station,Late Leaving Garage,12,24,w,1226
2014/09/25,60,7:17:00 AM,Thursday,Kiping and Steeles Ave West,Utilized Off Route,17,34,S,
2014/09/25,108,7:18:00 AM,Thursday,Downsview Stn,Late Leaving Garage,16,36,W,
2014/09/25,198,7:20:00 AM,Thursday,kennedy stn,Mechanical,10,20,e,7677
2014/09/25,39,7:20:00 AM,Thursday,Neilson & Crow Trail,Utilized Off Route,5,10,WB,7031
2014/09/25,36,7:21:00 AM,Thursday,Driftwood,Mechanical,5,10,W,1365
2014/09/25,48,7:28:00 AM,Thursday,Mill Road Loop,Mechanical,11,22,eb,8041
2014/09/25,160,7:30:00 AM,Thursday,Clark to Wilson stn,General Delay,15,35,b/w,
2014/09/25,39,7:30:00 AM,Thursday,Finch station to Neilson & Crow Trail,General Delay,9,15,B/W,7031
2014/09/25,109,7:30:00 AM,Thursday,Neptune to Eglinton west,General Delay,20,50,b/w,
2014/09/25,199,7:30:00 AM,Thursday,Finch station to Scarborough Town Centre,General Delay,9,15,B/W,1711
2014/09/25,100,7:30:00 AM,Thursday,St. Dennis and Deauville lane,Investigation,3,6,SB,7431
2014/09/25,100,7:30:00 AM,Thursday,Eglinton Station to Leslie,General Delay,6,12,EB,
2014/09/25,7,7:30:00 AM,Thursday,Steeles to Bathurst stn,General Delay,15,24,b/w,
2014/09/25,25,7:30:00 AM,Thursday,York Mills and Don Mils,General Delay,7,14,SB,
2014/09/25,90,7:30:00 AM,Thursday,Northcliff to St.Clair west,General Delay,15,23,b/w,
2014/09/25,116,7:31:00 AM,Thursday,Kennedy Stn,Utilized Off Route,12,24,WB,7482
2014/09/25,169,7:32:00 AM,Thursday,Scarborough town center,Utilized Off Route,20,40,s/b,8372
2014/09/25,37,7:33:00 AM,Thursday,Queensplate and Rexdale,Mechanical,18,36,S,7939
2014/09/25,66,7:34:00 AM,Thursday,old mill station,Mechanical,14,28,S,7965
2014/09/25,97,7:34:00 AM,Thursday,Davisville Station,Utilized Off Route,30,60,NB,8170
2014/09/25,87,7:35:00 AM,Thursday,Broadview Station,Utilized Off Route,5,10,E,8120
2014/09/25,29,7:35:00 AM,Thursday,Dufferin and Dupont,Utilized Off Route,4,7,SB,9029
2014/09/25,87,7:35:00 AM,Thursday,Broadview Stn,Utilized Off Route,7,14,e/B,8120
2014/09/25,96,7:36:00 AM,Thursday,wilson stn,Utilized Off Route,5,10,e,7250
2014/09/25,70,7:36:00 AM,Thursday,Coxwell stn,Utilized Off Route,14,28,eb,7427
2014/09/25,42,7:37:00 AM,Thursday,Kennedy Loop,Utilized Off Route,10,20,W,8376
2014/09/25,52,7:37:00 AM,Thursday,Lawrence Station,Utilized Off Route,12,24,W/B,1678
2014/09/25,11,7:37:00 AM,Thursday,Davisville stn,Utilized Off Route,12,24,n/b,8329
2014/09/25,86,7:37:00 AM,Thursday,Kennedy Stn,Utilized Off Route,17,34,WB,7478
2014/09/25,86,7:37:00 AM,Thursday,Kennedy Stn,Utilized Off Route,17,34,WB,7478
2014/09/25,24,7:38:00 AM,Thursday,Victoria Park Stn,Utilized Off Route,6,12,N/b,7729
2014/09/25,6,7:38:00 AM,Thursday,Davenport and Yonge,Utilized Off Route,7,13,s,1558
2014/09/25,102,7:38:00 AM,Thursday,Warden Stn,Utilized Off Route,11,22,N/b,7842
2014/09/25,16,7:38:00 AM,Thursday,Warden Stn,Utilized Off Route,8,16,N/b,8140
2014/09/25,6,7:38:00 AM,Thursday,davenport and Yonge,Utilized Off Route,7,13,s,1651
2014/09/25,199,7:39:00 AM,Thursday,Scarborough Town Centre,Utilized Off Route,3,6,WB,1794
2014/09/25,85,7:39:00 AM,Thursday,Meadowvale loop,Utilized Off Route,4,8,W,1091
2014/09/25,53,7:39:00 AM,Thursday,Passmore and Markham,Utilized Off Route,12,24,w,9060
2014/09/25,90,7:40:00 AM,Thursday,St.Clair west stn,Utilized Off Route,8,16,n/b,9448
2014/09/25,6,7:40:00 AM,Thursday,Queen quay and Sherbourne,Mechanical,10,20,WB,1569
2014/09/25,96,7:40:00 AM,Thursday,wilson stn.,Utilized Off Route,21,42,w,7236
2014/09/25,36,7:40:00 AM,Thursday,Finch stn,Utilized Off Route,14,28,W,7935
2014/09/25,23,7:40:00 AM,Thursday,St.Clair & Rexleigh,Utilized Off Route,5,10,S,7798
2014/09/25,37,7:40:00 AM,Thursday,Finch Stn,Utilized Off Route,6,12,N,7916
2014/09/25,709,7:40:00 AM,Thursday,Eglinton West Station,Utilized Off Route,1,1,E,1604
2014/09/25,709,7:40:00 AM,Thursday,Eglinton Station,Utilized Off Route,1,1,W,1657
2014/09/25,100,7:40:00 AM,Thursday,Broaview Station,Utilized Off Route,4,8,N,7676
2014/09/25,89,7:40:00 AM,Thursday,Keele stn,Utilized Off Route,5,9,n,1235
2014/09/25,17,7:40:00 AM,Thursday,Warden Stn,Utilized Off Route,13,20,N/b,7783
2014/09/25,52,7:40:00 AM,Thursday,Lawrence Stn. West,Utilized Off Route,12,18,W/B,1418
2014/09/25,23,7:40:00 AM,Thursday,St Xclair & Rexliegh,Utilized Off Route,5,10,S/B,7798
2014/09/25,100,7:40:00 AM,Thursday,Broadview Station,Utilized Off Route,3,6,NB,7502
2014/09/25,34,7:41:00 AM,Thursday,Kennedy Station,Utilized Off Route,4,8,WB,7525
2014/09/25,60,7:41:00 AM,Thursday,Finch Stn,Utilized Off Route,17,36,W,7925
2014/09/25,21,7:41:00 AM,Thursday,Kennedy Stn.,Mechanical,13,26,n,7839
2014/09/25,6,7:42:00 AM,Thursday,Davenport and Yonge,Utilized Off Route,7,13,s,1650
2014/09/25,116,7:43:00 AM,Thursday,Kennedy Stn,Utilized Off Route,12,24,WB,7550
2014/09/25,131,7:43:00 AM,Thursday,Kennedy Station,Utilized Off Route,7,14,EB,1792
2014/09/25,116,7:43:00 AM,Thursday,Kennedy Stn,Utilized Off Route,12,24,WB,7550
2014/09/25,44,7:43:00 AM,Thursday,Colonel Smith Loop,Utilized Off Route,3,7,nb,8090
2014/09/25,116,7:43:00 AM,Thursday,Kennedy Stn,Utilized Off Route,12,24,WB,7550
2014/09/25,57,7:43:00 AM,Thursday,Kennedy Stn,Utilized Off Route,6,12,N/b,8142
2014/09/25,190,7:44:00 AM,Thursday,Scarborough town centre,Utilized Off Route,6,11,W,1796
2014/09/25,84,7:44:00 AM,Thursday,Sheppard Stn.,Utilized Off Route,1,1,W,1579
2014/09/25,35,7:44:00 AM,Thursday,Jane Stn.,Utilized Off Route,1,1,54407,7929
2014/09/25,95,7:45:00 AM,Thursday,York Mills Station,Utilized Off Route,4,8,EB,1088
2014/09/25,10,7:45:00 AM,Thursday,Don Mills stn,Utilized Off Route,15,30,s/b,8205
2014/09/25,709,7:45:00 AM,Thursday,Eglinton Station,Utilized Off Route,1,1,E,1583
2014/09/25,54,7:45:00 AM,Thursday,Lawrence rt,Utilized Off Route,5,14,eb,7524
2014/09/25,64,7:45:00 AM,Thursday,Danforth & Main,General Delay,10,20,B/W,
2014/09/25,56,7:46:00 AM,Thursday,Brentcliffe and Eglinton,Utilized Off Route,23,45,s/b,8175
2014/09/25,34,7:49:00 AM,Thursday,Kennedy Station,Utilized Off Route,4,8,WB,7460
2014/09/25,53,7:49:00 AM,Thursday,Finch Station,Mechanical,10,24,e,9086
2014/09/25,87,7:50:00 AM,Thursday,Main Stn,Utilized Off Route,10,20,W/b,7881
2014/09/25,75,7:50:00 AM,Thursday,Sherbourne and Bloor,Utilized Off Route,8,16,n/b,8210
2014/09/25,196,7:51:00 AM,Thursday,Downsview stn,Mechanical,4,8,n/b,9443
2014/09/25,196,7:51:00 AM,Thursday,Downsview stn,Mechanical,4,8,n/b,9443
2014/09/25,116,7:55:00 AM,Thursday,Kennedy Stn,Utilized Off Route,12,24,WB,7537
2014/09/25,116,7:55:00 AM,Thursday,Kennedy STN,Utilized Off Route,12,24,wb,7537
2014/09/25,34,7:57:00 AM,Thursday,Eglinton Ave & DVP,Mechanical,4,8,EB,7429
2014/09/25,112,7:59:00 AM,Thursday,Kipling Station,Utilized Off Route,6,13,nb,8052
2014/09/25,95,8:00:00 AM,Thursday,Entire Route,General Delay,20,0,BW,
2014/09/25,131,8:00:00 AM,Thursday,Entire Route,General Delay,15,0,BW,
2014/09/25,54,8:00:00 AM,Thursday,Eglinton stn to the Lawrence rt,General Delay,13,30,bw,
2014/09/25,57,8:00:00 AM,Thursday,Midland and Eglington,General Delay,20,1,B/W,
2014/09/25,6,8:00:00 AM,Thursday,Entire route,General Delay,12,16,B/w,
2014/09/25,12,8:00:00 AM,Thursday,Kingston Road route,General Delay,25,1,B/W,
2014/09/25,36,8:00:00 AM,Thursday,Keele,Mechanical,4,8,E,1259
2014/09/25,21,8:00:00 AM,Thursday,Brimley & Eglington,General Delay,20,1,B/W,
2014/09/25,20,8:00:00 AM,Thursday,Eglinton at Midland,General Delay,15,30,bw,7685
2014/09/25,85,8:00:00 AM,Thursday,Sheppard station to Rouge Hill GO,General Delay,30,15,B/W,
2014/09/25,190,8:05:00 AM,Thursday,Don Mills station to Scarborough town centre,General Delay,15,10,B/W,
2014/09/25,36,8:10:00 AM,Thursday,jane st,Mechanical,14,28,W,7935
2014/09/25,37,8:11:00 AM,Thursday,Islington Stn,Utilized Off Route,1,1,N,1380
2014/09/25,70,8:15:00 AM,Thursday,Cowell stn to Warden stn and Eglinto Pharmacy,General Delay,12,27,bw,
2014/09/25,94,8:15:00 AM,Thursday,Entire route,General Delay,12,16,B/w,
2014/09/25,79,8:15:00 AM,Thursday,Pritchard and Castleton Ave.,Mechanical,9,18,E/B,1676
2014/09/25,29,8:16:00 AM,Thursday,Wilson Stn,Mechanical,7,14,SB,9032
2014/09/25,172,8:20:00 AM,Thursday,Cherry Route,General Delay,15,1,B/W,
2014/09/25,21,8:24:00 AM,Thursday,STC,Mechanical,13,26,s,7740
2014/09/25,501,8:28:00 AM,Thursday,Lakeshore and Marine Parade,Utilized Off Route,15,30,nb,7305
2014/09/25,24,8:30:00 AM,Thursday,VP at Eglinton,General Delay,15,30,bw,7796
2014/09/25,53,8:30:00 AM,Thursday,Finch Station to Morningside and Staines,General Delay,36,15,bw,
2014/09/25,39,8:32:00 AM,Thursday,Finch & Bridletowne,Mechanical,15,30,EB,1798
2014/09/25,95,8:40:00 AM,Thursday,York Mills and Scarsdale,Investigation,4,8,WB,1127
2014/09/25,145,8:41:00 AM,Thursday,SDELAIDE AND DUNCAN,Diversion,1,1,E/B,7976
2014/09/25,79,8:41:00 AM,Thursday,Foxwell and Duern St.,Diversion,149,161,E/B,1409
2014/09/25,97,8:57:00 AM,Thursday,Yonge and King,Mechanical,30,60,N,8393
2014/09/25,86,9:00:00 AM,Thursday,Kennedy station,Diversion,420,430,E,7547
2014/09/25,116,9:03:00 AM,Thursday,Kennedy station,Diversion,309,398,E,7496
2014/09/25,123,9:06:00 AM,Thursday,Kipling Station,Mechanical,18,36,sb,8061
2014/09/25,198,9:15:00 AM,Thursday,Eglinton and Kennedy,Diversion,0,0,E,7508
2014/09/25,191,9:15:00 AM,Thursday,martingrove at finch,Mechanical,5,10,s,7932
2014/09/25,196,9:24:00 AM,Thursday,Downsview stn,Mechanical,6,12,n/b,8320
2014/09/25,54,9:25:00 AM,Thursday,Eglinton stn,Utilized Off Route,1,1,eb,7604
2014/09/25,196,9:27:00 AM,Thursday,Downsview stn,Mechanical,4,8,n/b,8217
2014/09/25,54,9:30:00 AM,Thursday,Eglinton Marken,Utilized Off Route,1,1,eb,7533
2014/09/25,75,9:39:00 AM,Thursday,Jarvis and Esplanade,Diversion,424,431,n/b,
2014/09/25,75,9:39:00 AM,Thursday,Jarvis and Esplanade,Emergency Services,6,12,n/b,8323
2014/09/25,172,9:46:00 AM,Thursday,Esplanade &Jarvis,Diversion,426,441,B/w,7763
2014/09/25,196,9:50:00 AM,Thursday,Dufferin and Finch,Mechanical,6,12,s/b,9435
2014/09/25,68,10:00:00 AM,Thursday,68 Warden Route,General Delay,19,20,BW,
2014/09/25,37,10:02:00 AM,Thursday,Rexdale Blvd @ Humberwood Av.,Diversion,110,140,N,1341
2014/09/25,63,10:05:00 AM,Thursday,Oakwood and Eglinton,Investigation,7,14,S/B,1224
2014/09/25,196,10:15:00 AM,Thursday,Dufferin & Finch,Mechanical,4,6,,8320
2014/09/25,39,10:16:00 AM,Thursday,Finch & Page,Mechanical,6,12,WB,7072
2014/09/25,168,10:33:00 AM,Thursday,Symington and Davenport,Mechanical,8,16,sb,7337
2014/09/25,60,10:50:00 AM,Thursday,Finch Station,Mechanical,6,12,W,1317
2014/09/25,117,10:53:00 AM,Thursday,Downsveiw Stn,Mechanical,20,40,,8364
2014/09/25,54,10:57:00 AM,Thursday,Eglinton Bayview ave,Investigation,6,12,wb,7647
2014/09/25,196,11:20:00 AM,Thursday,Downsview Stn,Utilized Off Route,2,4,,8209
2014/09/25,96,11:23:00 AM,Thursday,carrier at finch,Mechanical,18,36,e,1281
2014/09/25,106,11:25:00 AM,Thursday,Sentinel & Sheppard,Mechanical,10,20,NB,9429
2014/09/25,107,11:41:00 AM,Thursday,Downsview Stn,Mechanical,32,64,n,9413
2014/09/25,100,11:46:00 AM,Thursday,Wynford and Don Mills,Mechanical,4,8,NB,7416
2014/09/25,16,11:51:00 AM,Thursday,E/B ROGERS RD AFTER WESTON RD,Mechanical,8,16,S/B,7337
2014/09/25,35,11:51:00 AM,Thursday,Jane St @ Dundas,Investigation,8,16,N,1295
2014/09/25,196,12:18:00 PM,Thursday,Sheppard & Yonge Stn,Mechanical,8,16,S,9432
2014/09/25,29,12:18:00 PM,Thursday,Springhurst Loop,Investigation,4,8,NB,9049
2014/09/25,168,12:21:00 PM,Thursday,E/B ROGERS AFTER WESTON RD,Diversion,53,61,S/B,7327
2014/09/25,39,12:29:00 PM,Thursday,Nelson & Crow Trail,Mechanical,6,12,WB,7073
2014/09/25,60,12:35:00 PM,Thursday,Finch Station,Mechanical,13,26,W,1269
2014/09/25,196,12:39:00 PM,Thursday,Downsview Stn,Mechanical,2,4,,9431
2014/09/25,75,12:40:00 PM,Thursday,Queen Quay at Lower Jarvis,Mechanical,7,14,n/b,8331
2014/09/25,97,12:45:00 PM,Thursday,York Mills,Mechanical,30,60,S,8322
2014/09/25,20,1:00:00 PM,Thursday,CLIFFSIDE ROUTE,General Delay,20,1,BW,
2014/09/25,86,1:00:00 PM,Thursday,Kennedy Stn to Brimley,General Delay,10,20,BW,
2014/09/25,116,1:00:00 PM,Thursday,Kennedy Stn - Brimley,General Delay,10,20,BW,
2014/09/25,198,1:00:00 PM,Thursday,Kennedy Stn to Brimley,General Delay,10,20,BW,
2014/09/25,34,1:00:00 PM,Thursday,Leslie to Bayview,General Delay,15,25,BW,
2014/09/25,59,1:00:00 PM,Thursday,Lawrence West Station - Weston/Oak,General Delay,12,24,b/w,
2014/09/25,195,1:00:00 PM,Thursday,Jane Station - York University commons,General Delay,10,20,b/w,
2014/09/25,24,1:00:00 PM,Thursday,VP ROUTE,General Delay,15,0,BW,
2014/09/25,7,1:00:00 PM,Thursday,bathurst stn,Mechanical,9,18,n/b,9002
2014/09/25,35,1:00:00 PM,Thursday,Jane Station - All branches,General Delay,10,20,b/w,
2014/09/25,24,1:28:00 PM,Thursday,MEIGHAN,Mechanical,10,20,N,7801
2014/09/25,161,1:52:00 PM,Thursday,Rogers and Keele,Investigation,17,34,W/B,1016
2014/09/25,70,2:00:00 PM,Thursday,70 O Connor,General Delay,20,36,,
2014/09/25,25,2:00:00 PM,Thursday,Entire Route,General Delay,15,14,BW,
2014/09/25,47,2:00:00 PM,Thursday,Entire Route,General Delay,8,16,B/W,
2014/09/25,199,2:00:00 PM,Thursday,Finch Ave E,General Delay,16,32,b/ws,
2014/09/25,39,2:00:00 PM,Thursday,Finch Ave E,General Delay,12,24,b/ws,
2014/09/25,34,2:09:00 PM,Thursday,Eglinton and Hanna,Investigation,8,16,EB,7601
2014/09/25,92,2:10:00 PM,Thursday,Woodbine Station,Utilized Off Route,8,16,NB,7700
2014/09/25,41,2:12:00 PM,Thursday,Keele / Rustic,Investigation,8,16,s,1686
2014/09/25,53,2:12:00 PM,Thursday,Finch Stn,Mechanical,5,11,E,7025
2014/09/25,90,2:20:00 PM,Thursday,St. Clair W. stn to Northcliffe,General Delay,10,20,BW,
2014/09/25,52,2:20:00 PM,Thursday,Jane & Lawrence,Utilized Off Route,15,29,w/b,1611
2014/09/25,52,2:20:00 PM,Thursday,Jane & Lawrence,Mechanical,15,30,w/b,1406
2014/09/25,106,2:20:00 PM,Thursday,Downsview Stn,Mechanical,10,20,n,9446
2014/09/25,68,2:23:00 PM,Thursday,Warden & Candian,Investigation,10,20,NB,7669
2014/09/25,100,2:23:00 PM,Thursday,Eglinton Brentcliffe,Mechanical,8,16,eb,7424
2014/09/25,68,2:23:00 PM,Thursday,Warden & Finch,Mechanical,10,20,SB,7447
2014/09/25,36,2:30:00 PM,Thursday,Finch station  36D,Late Leaving Garage,10,1,W,7940
2014/09/25,63,2:30:00 PM,Thursday,Entire route,General Delay,18,7,b/w,
2014/09/25,6,2:30:00 PM,Thursday,Bay and Bloor,Mechanical,10,20,n/b,1570
2014/09/25,41,2:40:00 PM,Thursday,York university,Mechanical,12,24,s,1017
2014/09/25,105,2:43:00 PM,Thursday,Wilson Garage,Late Leaving Garage,15,30,,9434
2014/09/25,39,2:44:00 PM,Thursday,Finch and Markham,Mechanical,6,13,e/b,7123
2014/09/25,110,2:44:00 PM,Thursday,ISLINGTON AND EVANS,Mechanical,22,44,N/B,8075
2014/09/25,88,2:45:00 PM,Thursday,Lawrence and Avenue Rd.,Mechanical,15,30,E,8332
2014/09/25,161,2:45:00 PM,Thursday,Entire Route,General Delay,12,24,B/W,
2014/09/25,42,2:46:00 PM,Thursday,Finch Station,Late Leaving Garage,11,22,E,8313
2014/09/25,139,2:46:00 PM,Thursday,Baldoon and Finch Ave,Late Leaving Garage,10,20,w,1068
2014/09/25,85,2:49:00 PM,Thursday,Rouge Hill Go,Late Leaving Garage,9,18,WB,9065
2014/09/25,57,2:51:00 PM,Thursday,Midland & Eglington,Diversion,68,79,S/B,7779
2014/09/25,53,2:58:00 PM,Thursday,Passmore & Markham,Late Leaving Garage,7,0,W,9060
2014/09/25,105,2:59:00 PM,Thursday,Wilson Garage,Late Leaving Garage,30,61,n,9445
2014/09/25,88,3:00:00 PM,Thursday,St Clair stn/Thorncliffe,General Delay,7,12,b/w,
2014/09/25,42,3:00:00 PM,Thursday,Finch stn / Passmore,General Delay,15,25,b/w,
2014/09/25,97,3:00:00 PM,Thursday,Steeles/Queen Quay,General Delay,10,25,b/w,
2014/09/25,45,3:00:00 PM,Thursday,Kipling Station -Disco/Attwell- steeles Loop,General Delay,15,0,BW,
2014/09/25,72,3:00:00 PM,Thursday,Pape,General Delay,15,0,B/W,
2014/09/25,79,3:00:00 PM,Thursday,Entire Route,General Delay,10,22,B/W,
2014/09/25,96,3:00:00 PM,Thursday,Woodbine Downs,Late Leaving Garage,30,60,w,7228
2014/09/25,37,3:03:00 PM,Thursday,Islington And Eglinton,Late Leaving Garage,7,7,S,7925
2014/09/25,43,3:04:00 PM,Thursday,Kennedy Station,Late Leaving Garage,5,10,NB,7546
2014/09/25,68,3:04:00 PM,Thursday,Eglinton Garage,Late Leaving Garage,0,0,,7476
2014/09/25,196,3:08:00 PM,Thursday,Downsview Stn,Mechanical,8,16,n,9447
2014/09/25,89,3:10:00 PM,Thursday,Keele stn,Mechanical,7,14,n,1000
2014/09/25,96,3:14:00 PM,Thursday,Woodbine Downs,Late Leaving Garage,30,60,w,1217
2014/09/25,131,3:15:00 PM,Thursday,Morningview and Old Finch,Late Leaving Garage,8,16,e,1129
2014/09/25,46,3:15:00 PM,Thursday,Steeles,Mechanical,10,20,S,7941
2014/09/25,37,3:15:00 PM,Thursday,Steeles,Late Leaving Garage,8,16,S,7251
2014/09/25,44,3:17:00 PM,Thursday,Col Sam Smith Loop,Mechanical,4,7,N,8098
2014/09/25,34,3:18:00 PM,Thursday,Kennedy Station,Late Leaving Garage,4,8,WB,7524
2014/09/25,139,3:18:00 PM,Thursday,Baldoon and Finch,Late Leaving Garage,10,20,w,7108
2014/09/25,54,3:18:00 PM,Thursday,Lawrence E RT,Utilized Off Route,10,20,EB,7568
2014/09/25,54,3:21:00 PM,Thursday,Lawrence and Markham,Late Leaving Garage,6,12,,7443
2014/09/25,198,3:22:00 PM,Thursday,Kenendy Station,Mechanical,10,20,EB,7677
2014/09/25,60,3:22:00 PM,Thursday,Finch Station,Mechanical,7,14,W,
2014/09/25,92,3:22:00 PM,Thursday,Woodbine Station,Utilized Off Route,7,14,NB,7700
2014/09/25,60,3:22:00 PM,Thursday,Kipling and Steeles,Late Leaving Garage,16,32,E,1255
2014/09/25,46,3:25:00 PM,Thursday,Dixon road,Mechanical,10,20,N,7946
2014/09/25,90,3:25:00 PM,Thursday,St. Clar W. stn,Late Leaving Garage,5,10,N,9444
2014/09/25,144,3:29:00 PM,Thursday,Eglinton Garage,Late Leaving Garage,30,60,WB,7425
2014/09/25,131,3:30:00 PM,Thursday,Midland Ave and Eglinton Ave E,Diversion,210,218,BW,1713
2014/09/25,95,3:30:00 PM,Thursday,York Mills and Bayview,General Delay,15,1,BW,1777
2014/09/25,90,3:30:00 PM,Thursday,Hillcrest,Late Leaving Garage,5,11,N,8159
2014/09/25,501,3:31:00 PM,Thursday,LONGBRANCH LOOP,Mechanical,7,13,N/B,7312
2014/09/25,90,3:31:00 PM,Thursday,St. Clair W. stn,Utilized Off Route,5,10,N,8216
2014/09/25,54,3:31:00 PM,Thursday,Lawrence and Markham,Late Leaving Garage,6,12,,7441
2014/09/25,60,3:34:00 PM,Thursday,Finch Station,Mechanical,15,30,W,7212
2014/09/25,96,3:34:00 PM,Thursday,Woodbine downs,Late Leaving Garage,30,60,w,1373
2014/09/25,106,3:34:00 PM,Thursday,Downsview Stn,Mechanical,8,18,,9403
2014/09/25,37,3:36:00 PM,Thursday,Steeles,Late Leaving Garage,8,16,S,7946
2014/09/25,165,3:39:00 PM,Thursday,York Mills station,Late Leaving Garage,7,14,W,7212
2014/09/25,35,3:40:00 PM,Thursday,Jane Station,Mechanical,10,20,N,1219
2014/09/25,84,3:40:00 PM,Thursday,Rivalda,Late Leaving Garage,10,21,W,1297
2014/09/25,29,3:42:00 PM,Thursday,ST.CLAIR / DUFFERIN,Utilized Off Route,7,14,NB,9017
2014/09/25,88,3:43:00 PM,Thursday,St. Clair Station,Utilized Off Route,8,15,58093,1822
2014/09/25,130,3:45:00 PM,Thursday,McCowan Rd and Triton Rd,Mechanical,15,30,N,1110
2014/09/25,709,3:45:00 PM,Thursday,Eglinton west station,Utilized Off Route,1,1,w/b,1022
2014/09/25,709,3:45:00 PM,Thursday,Eglinton station,Utilized Off Route,1,1,w/b,1681
2014/09/25,36,3:47:00 PM,Thursday,Finch station,Late Leaving Garage,5,10,W,1333
2014/09/25,60,3:49:00 PM,Thursday,Finch Station,Late Leaving Garage,16,32,W,1269
2014/09/25,145,3:50:00 PM,Thursday,LAKESHORE AND WINDERMERE,Mechanical,30,60,E/B,7968
2014/09/25,97,3:51:00 PM,Thursday,Eglinton,Investigation,30,60,s,8205
2014/09/25,90,3:51:00 PM,Thursday,St. Clair W. stn,Late Leaving Garage,5,10,N,9413
2014/09/25,109,3:52:00 PM,Thursday,"Eglinton W,. Stn",Utilized Off Route,12,24,N,9414
2014/09/25,36,3:53:00 PM,Thursday,Humberwood loop,Late Leaving Garage,5,10,E,1329
2014/09/25,32,3:54:00 PM,Thursday,Eglinton station,Mechanical,8,16,w/b,1676
2014/09/25,191,3:54:00 PM,Thursday,Martin Grove loop,Mechanical,10,20,s,7946
2014/09/25,70,3:58:00 PM,Thursday,O Connor and Binnswood,Mechanical,16,32,,7534
2014/09/25,199,3:59:00 PM,Thursday,McCowan Rd and Triton Rd,Utilized Off Route,4,8,W,7037
2014/09/25,131,4:00:00 PM,Thursday,McCowan and Sheppard Ave E,General Delay,15,1,BW,1762
2014/09/25,23,4:00:00 PM,Thursday,Dawes rd route,General Delay,10,20,B/W,7826
2014/09/25,192,4:00:00 PM,Thursday,Kipling Station,Mechanical,8,17,N,8003
2014/09/25,59,4:00:00 PM,Thursday,Lawrence West Station,Late Leaving Garage,12,24,W,1219
2014/09/25,36,4:00:00 PM,Thursday,Jane route,General Delay,20,28,B,
2014/09/25,91,4:00:00 PM,Thursday,Woodbine route,General Delay,24,48,B/W,8109
2014/09/25,143,4:00:00 PM,Thursday,Adelaide & University,General Delay,25,1,B/W,
2014/09/25,37,4:00:00 PM,Thursday,Islington route,General Delay,25,15,B,
2014/09/25,165,4:00:00 PM,Thursday,Weston North route,General Delay,18,24,B,
2014/09/25,11,4:00:00 PM,Thursday,Steeles to Davisville Station,General Delay,5,15,bw,
2014/09/25,96,4:00:00 PM,Thursday,Wilson Route,General Delay,12,22,w,
2014/09/25,60,4:01:00 PM,Thursday,Signal Hill,Late Leaving Garage,7,14,E,1333
2014/09/25,112,4:04:00 PM,Thursday,Commerce at Skymark,Mechanical,15,30,S,8071
2014/09/25,196,4:04:00 PM,Thursday,Sheppard stn,Utilized Off Route,6,12,w,8343
2014/09/25,89,4:08:00 PM,Thursday,Weston rd / Clouston,Investigation,7,14,n,1557
2014/09/25,79,4:09:00 PM,Thursday,Runnymede Stn,Utilized Off Route,12,24,N/B,1030
2014/09/25,41,4:10:00 PM,Thursday,Keele / Lloyd,Investigation,7,14,s,1648
2014/09/25,17,4:11:00 PM,Thursday,Birchmount & Lawrence,Investigation,15,30,S,7725
2014/09/25,36,4:12:00 PM,Thursday,Finch station,Late Leaving Garage,5,10,W,7910
2014/09/25,24,4:13:00 PM,Thursday,LAWRENCE,Mechanical,14,28,N,7796
2014/09/25,79,4:15:00 PM,Thursday,Runnymede Stn,Utilized Off Route,12,24,N/B,1516
2014/09/25,81,4:20:00 PM,Thursday,Pape & Cosburn,General Delay,10,0,S/B,7859
2014/09/25,100,4:21:00 PM,Thursday,Broadview STN,Utilized Off Route,10,20,WB,7616
2014/09/25,47,4:24:00 PM,Thursday,Queen and Lansdowne,Utilized Off Route,13,26,N/B,1584
2014/09/25,63,4:26:00 PM,Thursday,Oakwood loop,Utilized Off Route,10,20,s/b,1556
2014/09/25,113,4:30:00 PM,Thursday,DANFORTH ROUTE,General Delay,10,0,BW,
2014/09/25,61,4:30:00 PM,Thursday,401 to Eglinton Station,General Delay,8,18,bw,
2014/09/25,51,4:30:00 PM,Thursday,Freshmeadow and Don Mills,Mechanical,15,30,S,8365
2014/09/25,144,4:36:00 PM,Thursday,Eglinton Garage,Late Leaving Garage,30,60,WB,7487
2014/09/25,53,4:39:00 PM,Thursday,Steeles & Esna Park,Investigation,5,10,W,7083
2014/09/25,41,4:40:00 PM,Thursday,Keele / Eglinton,Mechanical,16,32,s,1021
2014/09/25,29,4:43:00 PM,Thursday,TYCOS / DUFFERIN,Mechanical,7,14,SB,9011
2014/09/25,196,4:47:00 PM,Thursday,Downsview Stn,Utilized Off Route,2,6,,8209
2014/09/25,107,4:50:00 PM,Thursday,Downsview Stn,Mechanical,22,44,,9412
2014/09/25,5,4:55:00 PM,Thursday,Avenue and Davenport,Investigation,14,28,S,1817
2014/09/25,87,4:59:00 PM,Thursday,Broadview Station,Utilized Off Route,6,12,B/W,7735
2014/09/25,12,5:00:00 PM,Thursday,St Clair & Brimley,Utilized Off Route,13,26,W/b,7698
2014/09/25,46,5:11:00 PM,Thursday,Steeles,Mechanical,10,20,S,7941
2014/09/25,32,5:11:00 PM,Thursday,{Pine and Lawrence,Mechanical,8,16,e/b,1639
2014/09/25,107,5:12:00 PM,Thursday,Downsview Stn,Mechanical,22,44,,9442
2014/09/25,196,5:14:00 PM,Thursday,Downsview Stn,Utilized Off Route,4,6,,8366
2014/09/25,196,5:21:00 PM,Thursday,Downsview Stn,Utilized Off Route,4,6,n,9425
2014/09/25,29,5:23:00 PM,Thursday,CNE LOOP,Mechanical,7,14,nb,9030
2014/09/25,53,5:24:00 PM,Thursday,Steeles & Warden,Mechanical,5,10,W,7048
2014/09/25,88,5:25:00 PM,Thursday,Sutherland/Marea,Investigation,8,16,n,8178
2014/09/25,61,5:28:00 PM,Thursday,Eglinton Station,Utilized Off Route,10,20,N,8186
2014/09/25,68,5:42:00 PM,Thursday,Sheppard / Warden,Investigation,20,40,S/B,7678
2014/09/25,35,5:48:00 PM,Thursday,Jane/Steeles,Mechanical,10,20,S,1337
2014/09/25,73,5:52:00 PM,Thursday,Royal York and Chapman,Mechanical,13,26,w,8086
2014/09/25,44,5:55:00 PM,Thursday,Kipling station,Mechanical,4,8,S,8062
2014/09/25,165,5:55:00 PM,Thursday,Wilson and Dubrary,Investigation,1,1,E,7214
2014/09/25,111,5:56:00 PM,Thursday,Willowridge at Richgrove,Mechanical,11,22,S,8093
2014/09/25,46,6:05:00 PM,Thursday,Steeles,Mechanical,10,20,S,1340
2014/09/25,37,6:10:00 PM,Thursday,Finch and Milady,Mechanical,8,16,S,7251
2014/09/25,69,6:14:00 PM,Thursday,Warden & Bell Estate Dr,Mechanical,10,20,n/b,7781
2014/09/25,29,6:28:00 PM,Thursday,King / Dufferin,Diversion,5,30,SB,9042
2014/09/25,36,6:36:00 PM,Thursday,Finch and Arrow,Late Leaving Garage,5,7,E,1320
2014/09/25,41,6:46:00 PM,Thursday,Keele / Dundas,Investigation,16,32,s,1657
2014/09/25,60,6:53:00 PM,Thursday,York U,Late Leaving Garage,7,14,E/B,
2014/09/25,54,6:55:00 PM,Thursday,Lawrence and Railside,Mechanical,6,12,,7410
2014/09/25,120,6:55:00 PM,Thursday,Forthbridge and Chesham,Investigation,1,1,E,1384
2014/09/25,501,7:30:00 PM,Thursday,Humber Loop,Mechanical,8,16,w,7978
2014/09/25,37,8:03:00 PM,Thursday,The Westway,Mechanical,11,22,N,1534
2014/09/25,76,8:15:00 PM,Thursday,Mimico and Lakeshore,Utilized Off Route,30,60,n,8022
2014/09/25,15,8:40:00 PM,Thursday,Royal York stn,Mechanical,30,60,n,7319
2014/09/25,87,8:40:00 PM,Thursday,MAIN STATION,Mechanical,13,26,N,8119
2014/09/25,56,8:45:00 PM,Thursday,Eglinton station,Mechanical,15,30,S,8219
2014/09/25,196,8:45:00 PM,Thursday,sheppard stn,Utilized Off Route,9,18,W,9433
2014/09/25,111,8:54:00 PM,Thursday,Kipling stn and St Albans,Investigation,12,24,n,7958
2014/09/25,5,8:55:00 PM,Thursday,Avenue road and St. Clair,Mechanical,24,48,n,8213
2014/09/25,103,9:00:00 PM,Thursday,Eglinton station,Utilized Off Route,20,40,n,8200
2014/09/25,95,9:52:00 PM,Thursday,Scarborough campus loop,Mechanical,14,27,W/B,1089
2014/09/25,112,9:59:00 PM,Thursday,Kipling stn,Mechanical,18,36,n,8039
2014/09/25,35,10:11:00 PM,Thursday,Jane Station,Mechanical,8,16,NB,1306
2014/09/25,35,10:13:00 PM,Thursday,Jane Station,Mechanical,8,16,SB,1314
2014/09/25,85,11:04:00 PM,Thursday,Sheppard @ Meadowvale,Investigation,20,33,W/B,1145
2014/09/25,29,11:44:00 PM,Thursday,Exhibition West Loop,Mechanical,8,16,n,9001
2014/09/26,67,12:49:00 AM,Friday,Vioctoria Pk STN,Mechanical,20,40,NB,7473
2014/09/26,54,1:10:00 AM,Friday,Eglinton STN,Mechanical,20,40,EB,7486
2014/09/26,29,1:37:00 AM,Friday,Exhibition Loop,Mechanical,16,32,n,9007
2014/09/26,36,1:53:00 AM,Friday,Finch West @ Tobermory Dr,Diversion,15,30,B/W,7915
2014/09/26,116,2:16:00 AM,Friday,Kennedy Stn,Utilized Off Route,10,20,E,7516
2014/09/26,329,3:00:00 AM,Friday,Hunter Av. On Dufferin St,Investigation,30,60,S,9016
2014/09/26,316,3:07:00 AM,Friday,Strachan Av on Manitoba,Mechanical,30,60,N,1629
2014/09/26,79,5:05:00 AM,Friday,Pine & Lawrence,Late Leaving Garage,15,15,s/b,1026
2014/09/26,96,5:10:00 AM,Friday,ARROW GARAGE,Late Leaving Garage,10,20,DOWN,1268
2014/09/26,116,5:18:00 AM,Friday,staines and morningside,Mechanical,20,40,e,7424
2014/09/26,192,5:18:00 AM,Friday,Kipling station,Late Leaving Garage,10,10,nb,8006
2014/09/26,80,5:27:00 AM,Friday,Queensway and Kipling,Mechanical,5,5,eb,8060
2014/09/26,37,5:28:00 AM,Friday,arrow garage,Late Leaving Garage,11,22,down,1215
2014/09/26,53,5:30:00 AM,Friday,Finch Station,Mechanical,15,30,e,7048
2014/09/26,66,5:40:00 AM,Friday,Humber Loop,Mechanical,20,40,nb,7343
2014/09/26,25,5:41:00 AM,Friday,Pape Station,Mechanical,3,6,N,7440
2014/09/26,25,5:41:00 AM,Friday,Pape Station,Mechanical,3,6,N,7440
2014/09/26,191,5:45:00 AM,Friday,ARROW RD,Late Leaving Garage,5,10,DOWN,7925
2014/09/26,52,5:45:00 AM,Friday,Royal York & Dixon,Late Leaving Garage,4,9,s/b,1604
2014/09/26,161,5:48:00 AM,Friday,Jane at Lambton,Mechanical,20,40,E,1606
2014/09/26,116,5:50:00 AM,Friday,eglinton yard,Mechanical,6,12,e,7454
2014/09/26,97,5:56:00 AM,Friday,York Mills stn,Late Leaving Garage,30,60,s/b,1824
2014/09/26,86,5:58:00 AM,Friday,eglinton yard,Mechanical,17,34,e,7472
2014/09/26,116,6:00:00 AM,Friday,kingston rd and eglinton,Utilized Off Route,12,24,w,7451
2014/09/26,320,6:00:00 AM,Friday,Finch stn,Investigation,5,10,N,8351
2014/09/26,106,6:00:00 AM,Friday,York U. Commons,Utilized Off Route,10,20,w/b,9441
2014/09/26,108,6:00:00 AM,Friday,ARROW GARAGE,Mechanical,7,14,DOWN,7904
2014/09/26,85,6:07:00 AM,Friday,Madowvale loop,Late Leaving Garage,4,8,W,1746
2014/09/26,165,6:07:00 AM,Friday,Finch Av,Late Leaving Garage,20,40,N,1298
2014/09/26,224,6:09:00 AM,Friday,Don Mills Stn,Mechanical,0,0,NB,7427
2014/09/26,54,6:11:00 AM,Friday,Eglinton Stn,Utilized Off Route,20,26,E,7532
2014/09/26,37,6:11:00 AM,Friday,ARROW GARAGE,Late Leaving Garage,11,22,DOWN,1269
2014/09/26,68,6:12:00 AM,Friday,Warden Station,Late Leaving Garage,4,9,NB,7639
2014/09/26,85,6:13:00 AM,Friday,Rouge Hill GO,Late Leaving Garage,8,16,W,9092
2014/09/26,79,6:13:00 AM,Friday,Weston & Lawrence,Investigation,12,24,s/b,1573
2014/09/26,11,6:13:00 AM,Friday,Lawrence and Bayview,Late Leaving Garage,7,14,s/b,8195
2014/09/26,41,6:15:00 AM,Friday,Keele stn,Late Leaving Garage,15,30,n,1502
2014/09/26,95,6:16:00 AM,Friday,426 Ellesmere Road,Mechanical,3,7,w,8330
2014/09/26,17,6:19:00 AM,Friday,Birchmount & Staley Terrace,Mechanical,13,26,S/b,7748
2014/09/26,96,6:22:00 AM,Friday,arrow garage,Late Leaving Garage,21,42,DOWN,1275
2014/09/26,35,6:25:00 AM,Friday,Jane Stn,Late Leaving Garage,10,20,N,1301
2014/09/26,54,6:27:00 AM,Friday,Eglinton Stn,Mechanical,9,18,E,7490
2014/09/26,84,6:28:00 AM,Friday,Finch and Arrow,Late Leaving Garage,12,31,N,
2014/09/26,39,6:29:00 AM,Friday,Finch Station,Mechanical,7,14,EB,7030
2014/09/26,53,6:34:00 AM,Friday,Steeles and Kennedy,Mechanical,5,19,w,9087
2014/09/26,100,6:34:00 AM,Friday,Broadview Station,Utilized Off Route,4,8,N,7657
2014/09/26,37,6:34:00 AM,Friday,Islington Stn,Late Leaving Garage,6,12,N,1363
2014/09/26,25,6:35:00 AM,Friday,Pape Stn,Utilized Off Route,3,6,NB,7620
2014/09/26,96,6:37:00 AM,Friday,arrow garage,Late Leaving Garage,21,42,down,1345
2014/09/26,29,6:40:00 AM,Friday,Dufferin and tycos,Late Leaving Garage,1,8,SB,9034
2014/09/26,36,6:41:00 AM,Friday,Humberwood Loop,Late Leaving Garage,5,10,e,7234
2014/09/26,89,6:43:00 AM,Friday,Albion,Late Leaving Garage,5,10,s,1325
2014/09/26,106,6:43:00 AM,Friday,Downsview stn,Mechanical,7,14,w/b,9412
2014/09/26,75,6:44:00 AM,Friday,Sherbourne at Bloor,Late Leaving Garage,1,0,s/b,8382
2014/09/26,36,6:45:00 AM,Friday,Humberwood Loop,Late Leaving Garage,5,10,e,0
2014/09/26,37,6:46:00 AM,Friday,Islington and Steeles Loop,Late Leaving Garage,6,12,S,
2014/09/26,42,6:47:00 AM,Friday,Finch stn,Late Leaving Garage,20,40,e/b,8374
2014/09/26,36,6:49:00 AM,Friday,Finch Stn,Mechanical,14,28,W,1339
2014/09/26,36,6:49:00 AM,Friday,Finch stn,Mechanical,14,24,W,1339
2014/09/26,75,6:50:00 AM,Friday,Sherbouirne and Bloor,Late Leaving Garage,1,,s/b,8160
2014/09/26,53,6:51:00 AM,Friday,Passmore and Markham,Mechanical,13,24,w,9071
2014/09/26,60,6:53:00 AM,Friday,Finch Stn,Late Leaving Garage,16,32,W,
2014/09/26,36,6:59:00 AM,Friday,Finch Stn,Late Leaving Garage,4,8,w,0
2014/09/26,60,7:00:00 AM,Friday,Entire 60 Steeles West Route,General Delay,9,18,B/W,
2014/09/26,60,7:06:00 AM,Friday,Finch Stn,Late Leaving Garage,16,34,W,7905
2014/09/26,36,7:07:00 AM,Friday,Finch Stn,Late Leaving Garage,4,8,w,0
2014/09/26,36,7:09:00 AM,Friday,Arrow Rd,Late Leaving Garage,4,8,w,0
2014/09/26,36,7:13:00 AM,Friday,Humberwood Loop,Late Leaving Garage,4,8,e,0
2014/09/26,60,7:14:00 AM,Friday,Finch Station,Late Leaving Garage,6,12,W,
2014/09/26,39,7:14:00 AM,Friday,Finch Station,Mechanical,4,8,EB,7013
2014/09/26,84,7:15:00 AM,Friday,Sheppard Stn.,Late Leaving Garage,17,34,w,1538
2014/09/26,196,7:15:00 AM,Friday,York. U Commons,Late Leaving Garage,2,4,s/b,
2014/09/26,32,7:16:00 AM,Friday,Eglinton at Kane,Mechanical,5,9,E,1663
2014/09/26,45,7:16:00 AM,Friday,Kipling station,Mechanical,22,44,nb,7315
2014/09/26,60,7:17:00 AM,Friday,Kipling and Steeles,Utilized Off Route,16,36,W,1309
2014/09/26,79,7:17:00 AM,Friday,Pine & Lawrence,Mechanical,8,16,s/b,1038
2014/09/26,196,7:18:00 AM,Friday,Sheppard stn,Mechanical,6,12,w/b,
2014/09/26,21,7:18:00 AM,Friday,Kennedy Stn,Mechanical,14,28,N/B,8131
2014/09/26,108,7:18:00 AM,Friday,Downsview Stn,Late Leaving Garage,16,36,W,
2014/09/26,102,7:20:00 AM,Friday,Warden Stn,Utilized Off Route,10,20,N/B,8142
2014/09/26,45,7:22:00 AM,Friday,Kipling station,Utilized Off Route,6,11,nb,8004
2014/09/26,109,7:30:00 AM,Friday,Neptune to Eglinton west,General Delay,20,50,b./w,
2014/09/26,160,7:30:00 AM,Friday,Clark to Wilson stn,General Delay,15,35,b./w,
2014/09/26,90,7:30:00 AM,Friday,Northcliff to St.Clair west,General Delay,15,23,b/w,
2014/09/26,33,7:30:00 AM,Friday,Castlefield to St.Clair west,General Delay,10,26,b./w,
2014/09/26,79,7:38:00 AM,Friday,Pine & Lawrence,Mechanical,8,16,s/b,1585
2014/09/26,95,7:39:00 AM,Friday,Ellesmere RT,Mechanical,7,14,WB,1811
2014/09/26,34,7:51:00 AM,Friday,Kennedy Stn,Utilized Off Route,4,8,EB,7622
2014/09/26,100,7:51:00 AM,Friday,Broadview stn,Utilized Off Route,15,30,SB,7609
2014/09/26,97,7:57:00 AM,Friday,Davisville station,Mechanical,30,60,S,8378
2014/09/26,86,8:00:00 AM,Friday,Kennedy station to Danforth Ave.,Diversion,20,0,E,7677
2014/09/26,12,8:00:00 AM,Friday,Eglington from Mildand to Brimley,General Delay,15,1,bw,
2014/09/26,21,8:00:00 AM,Friday,Eglington and Brimley,General Delay,15,0,bw,
2014/09/26,57,8:00:00 AM,Friday,Midland Route,General Delay,15,1,bw,
2014/09/26,198,8:00:00 AM,Friday,Kennedy station to Danforth Ave.,Diversion,15,0,E,7442
2014/09/26,116,8:00:00 AM,Friday,Kennedy station to Danforth Ave.,Diversion,15,0,E,7431
2014/09/26,39,8:05:00 AM,Friday,Finch & Alamosa,Mechanical,4,8,EB,7058
2014/09/26,25,8:10:00 AM,Friday,Freshmeadow and Don Mills,Investigation,3,6,SB,7633
2014/09/26,32,8:15:00 AM,Friday,Eglinton Stn,Mechanical,5,9,W,1406
2014/09/26,51,8:37:00 AM,Friday,Eglinton Station.,Mechanical,14,28,N,8173
2014/09/26,29,8:57:00 AM,Friday,Wilson Stn,Utilized Off Route,4,8,SB,8335
2014/09/26,112,9:00:00 AM,Friday,Kipling station,Mechanical,20,33,nb,8070
2014/09/26,98,9:11:00 AM,Friday,Senlac and Sheppard,Emergency Services,30,60,S,8364
2014/09/26,196,9:24:00 AM,Friday,Sheppard/east of Beecroft,Mechanical,6,12,e/b,9401
2014/09/26,7,9:24:00 AM,Friday,Bathurst at Marquette,Investigation,9,18,s/b,9019
2014/09/26,199,9:27:00 AM,Friday,Scarborough Town Center,Mechanical,5,10,WB,7073
2014/09/26,165,9:49:00 AM,Friday,Flindon Rd,Investigation,5,10,s,1523
2014/09/26,108,10:10:00 AM,Friday,Sheppard Ave West and Arelta,Mechanical,8,16,B/W,1344
2014/09/26,111,10:15:00 AM,Friday,Dundas at Subway Crest.,Investigation,10,20,sb,7339
2014/09/26,89,10:30:00 AM,Friday,Weston and Jane,Investigation,9,18,n,1582
2014/09/26,60,10:30:00 AM,Friday,Steeles Ave West and Torresdale,Mechanical,6,12,E,1554
2014/09/26,72,10:45:00 AM,Friday,Pape Stn,Mechanical,10,20,S/B,7813
2014/09/26,168,10:55:00 AM,Friday,AVON LOOP,Mechanical,8,16,s/b,7310
2014/09/26,102,11:01:00 AM,Friday,Warden Stn,Mechanical,14,26,n,7763
2014/09/26,39,11:20:00 AM,Friday,Finch & McCowan,Mechanical,6,12,EB,7089
2014/09/26,75,11:25:00 AM,Friday,Sherbourne/Maple,Mechanical,7,14,n,8160
2014/09/26,24,11:30:00 AM,Friday,VP at O'Connor,General Delay,10,20,bw,7772
2014/09/26,53,11:30:00 AM,Friday,Finch Station to Morningside and Staines,General Delay,17,9,b/w,
2014/09/26,25,12:16:00 PM,Friday,Pape Station,Investigation,6,12,N,7680
2014/09/26,25,12:18:00 PM,Friday,Pape Station,Investigation,6,12,N,7461
2014/09/26,191,12:20:00 PM,Friday,Martin Grove and Silverstone,Mechanical,8,16,S,7909
2014/09/26,24,12:30:00 PM,Friday,VP ROUTE,General Delay,25,0,BW,
2014/09/26,29,12:58:00 PM,Friday,BLOOR / DUFFERIN,Investigation,4,8,SB,8393
2014/09/26,96,1:00:00 PM,Friday,Entire route,General Delay,25,30,B/W,
2014/09/26,86,1:00:00 PM,Friday,86 Scarborough Route,General Delay,25,28,,
2014/09/26,116,1:00:00 PM,Friday,116 Morningside,General Delay,35,28,,
2014/09/26,91,1:00:00 PM,Friday,Woodbine STn,General Delay,15,30,n/s,
2014/09/26,21,1:00:00 PM,Friday,21 A Brimley service,General Delay,11,22,B/W,
2014/09/26,70,1:03:00 PM,Friday,70 O'Connor Route,General Delay,18,36,B/W,
2014/09/26,191,1:14:00 PM,Friday,Steeles Loop,Mechanical,8,16,N,7948
2014/09/26,108,1:22:00 PM,Friday,Finch and Driftwood,Mechanical,9,18,S,7205
2014/09/26,67,1:25:00 PM,Friday,Victoria Park Station,Mechanical,12,24,sb,7402
2014/09/26,35,1:29:00 PM,Friday,Jane & Lawrence,Mechanical,10,20,S,1576
2014/09/26,85,1:30:00 PM,Friday,Don Mills to Rouge Hill,General Delay,12,18,E/W,
2014/09/26,54,1:30:00 PM,Friday,54 Lawerence Route,General Delay,6,12,B/W,
2014/09/26,86,2:00:00 PM,Friday,Kennedy Stn to Brimley,General Delay,10,20,BW,
2014/09/26,36,2:00:00 PM,Friday,Weston North route,General Delay,45,65,B,
2014/09/26,23,2:00:00 PM,Friday,Main Stn,General Delay,8,15,e/w,
2014/09/26,34,2:00:00 PM,Friday,Leslie to Bayview,General Delay,15,25,BW,
2014/09/26,89,2:00:00 PM,Friday,Weston and Oak,General Delay,12,19,N/B,
2014/09/26,53,2:00:00 PM,Friday,Steeles Ave E,General Delay,15,30,b/ws,
2014/09/26,165,2:00:00 PM,Friday,Weston North route,General Delay,45,65,B,
2014/09/26,123,2:02:00 PM,Friday,SHERWAY GARDENS,Mechanical,18,36,N/B,7302
2014/09/26,43,2:04:00 PM,Friday,Kennedy Station,Investigation,1,1,SB,7642
2014/09/26,709,2:06:00 PM,Friday,Bathurst and  Eglinton,Utilized Off Route,1,1,E,1022
2014/09/26,709,2:06:00 PM,Friday,Eglinton Station,Utilized Off Route,1,1,E,1002
2014/09/26,64,2:07:00 PM,Friday,Eastdale Ave/Goodwood Pk,Late Leaving Garage,8,16,n,8122
2014/09/26,90,2:09:00 PM,Friday,Vaughan and Oakwood,Utilized Off Route,8,15,S,9441
2014/09/26,29,2:11:00 PM,Friday,BLOOR / DUFFERIN,Utilized Off Route,4,8,SB,8191
2014/09/26,112,2:14:00 PM,Friday,Kipling station,Mechanical,15,30,N,8098
2014/09/26,116,2:20:00 PM,Friday,Morningside and Sheppard,Mechanical,6,12,,7530
2014/09/26,96,2:21:00 PM,Friday,Wilson Stn.,Mechanical,18,36,w,7207
2014/09/26,123,2:22:00 PM,Friday,SHERWAY GARDENS,Mechanical,18,36,N/B,8085
2014/09/26,97,2:26:00 PM,Friday,York Mills station,Mechanical,30,60,S,8196
2014/09/26,53,2:30:00 PM,Friday,Kennedy and Steeles,Mechanical,5,17,w/b,7053
2014/09/26,52,2:30:00 PM,Friday,lawrence stn,Late Leaving Garage,11,16,w,1511
2014/09/26,110,2:38:00 PM,Friday,LONGBRANCH LOOP,Utilized Off Route,22,44,N/B,8048
2014/09/26,53,2:38:00 PM,Friday,Bayview and Steeles,Late Leaving Garage,5,10,w/b,9065
2014/09/26,96,2:47:00 PM,Friday,York Mills Stn.,Late Leaving Garage,24,48,W,7228
2014/09/26,92,2:48:00 PM,Friday,Woodbine STn,Utilized Off Route,8,16,s,7810
2014/09/26,35,2:54:00 PM,Friday,Jane & Lawrence,Late Leaving Garage,5,10,S,7210
2014/09/26,41,2:55:00 PM,Friday,Keele and Wilson,Investigation,7,14,S/B,1598
2014/09/26,25,2:56:00 PM,Friday,Pape Stn,Mechanical,2,5,NB,7414
2014/09/26,56,3:00:00 PM,Friday,Eglinton stn to Donlands stn,General Delay,12,24,b/w,
2014/09/26,11,3:00:00 PM,Friday,Davisville stn to Steeles ave,General Delay,11,22,b/w,
2014/09/26,124,3:00:00 PM,Friday,Sunnybrook Route,General Delay,6,13,b/w,
2014/09/26,108,3:00:00 PM,Friday,Finch and Driftwood,Mechanical,19,38,S,7236
2014/09/26,42,3:00:00 PM,Friday,Kenedy loop,General Delay,23,35,b/w,
2014/09/26,41,3:00:00 PM,Friday,Keele and Gulliver,General Delay,12,20,b/w,
2014/09/26,102,3:00:00 PM,Friday,Markham & Progress,General Delay,10,20,B/W,
2014/09/26,43,3:00:00 PM,Friday,43 Kennedy Route,General Delay,15,24,BW,
2014/09/26,12,3:00:00 PM,Friday,12 Kingston route,General Delay,18,36,B/W,
2014/09/26,20,3:00:00 PM,Friday,CLIFFSIDE ROUTE,General Delay,20,0,BW,
2014/09/26,84,3:05:00 PM,Friday,Steeles and Rossdean,Late Leaving Garage,13,37,s,7251
2014/09/26,36,3:06:00 PM,Friday,1126 Finch Ave W,Investigation,5,12,W,1331
2014/09/26,54,3:10:00 PM,Friday,Lawrence SRT Station,Utilized Off Route,11,22,sb,7604
2014/09/26,35,3:10:00 PM,Friday,Jane Station,Late Leaving Garage,5,10,N,1346
2014/09/26,36,3:11:00 PM,Friday,Finch and Dufferin,Investigation,5,10,E,7926
2014/09/26,34,3:12:00 PM,Friday,Eglinton Square,Emergency Services,8,16,EB,7587
2014/09/26,49,3:12:00 PM,Friday,Kipling station,Mechanical,13,28,W,8018
2014/09/26,37,3:12:00 PM,Friday,Steeles,Late Leaving Garage,8,18,S,7214
2014/09/26,35,3:14:00 PM,Friday,Steeles,Mechanical,10,20,S,7921
2014/09/26,59,3:14:00 PM,Friday,Jane & Church,Late Leaving Garage,12,24,W,1392
2014/09/26,61,3:15:00 PM,Friday,Eglinton stn Bombay loop,General Delay,30,60,b/w,
2014/09/26,116,3:15:00 PM,Friday,Markham and Lawrence,Mechanical,6,12,,7446
2014/09/26,60,3:18:00 PM,Friday,Finch Station,Emergency Services,16,32,W,1383
2014/09/26,100,3:20:00 PM,Friday,Broadview Station,Utilized Off Route,18,36,sb,7421
2014/09/26,60,3:21:00 PM,Friday,Finch Station,Mechanical,16,32,W,
2014/09/26,15,3:23:00 PM,Friday,ETOBICOKE SCHOOL OF THE ART,Mechanical,4,9,N/B,8008
2014/09/26,60,3:23:00 PM,Friday,Kipling and Steeles,Late Leaving Garage,15,30,E,1260
2014/09/26,29,3:29:00 PM,Friday,MELBOURNE / DUFFERIN,Investigation,4,8,NB,9029
2014/09/26,111,3:30:00 PM,Friday,kipling stn,Mechanical,9,18,N/B,7958
2014/09/26,113,3:30:00 PM,Friday,danforth route,General Delay,15,0,BW,
2014/09/26,199,3:30:00 PM,Friday,Finch and Don Mills to Finch and Kennedy,General Delay,10,14,bw,
2014/09/26,39,3:30:00 PM,Friday,Finch don mills to finch and kennedy,General Delay,10,14,bw,
2014/09/26,139,3:30:00 PM,Friday,Finch and Don Mills to Finch and Midland,General Delay,8,12,bw,
2014/09/26,92,3:32:00 PM,Friday,Woodbine Stn,Utilized Off Route,7,14,s,7779
2014/09/26,96,3:34:00 PM,Friday,Wilson Stn.,Late Leaving Garage,18,36,W,
2014/09/26,48,3:34:00 PM,Friday,ROYAL YORK STN,Mechanical,12,24,n/b,8008
2014/09/26,37,3:36:00 PM,Friday,Steeles,Late Leaving Garage,8,16,s,1343
2014/09/26,41,3:36:00 PM,Friday,Keele Station,Utilized Off Route,16,32,n/B,1418
2014/09/26,60,3:36:00 PM,Friday,Finch Station,Late Leaving Garage,7,14,W,7248
2014/09/26,59,3:37:00 PM,Friday,Lawrence W. Station,Late Leaving Garage,12,24,W,1274
2014/09/26,60,3:38:00 PM,Friday,Kipling and Steeles,Late Leaving Garage,16,32,E,1803
2014/09/26,57,3:38:00 PM,Friday,Steeles and Brimley,Late Leaving Garage,12,24,N,7744
2014/09/26,196,3:40:00 PM,Friday,Downsview Stn,Mechanical,2,4,,9415
2014/09/26,84,3:40:00 PM,Friday,Rivalda,Late Leaving Garage,10,21,W,
2014/09/26,96,3:44:00 PM,Friday,Woobine Downs and Carrier Dr.,Late Leaving Garage,18,36,E,
2014/09/26,199,3:45:00 PM,Friday,McCowan and Sheppard,Mechanical,4,8,s,1748
2014/09/26,165,3:45:00 PM,Friday,Weston and STARVIEW lane,Diversion,108,128,W,1702
2014/09/26,36,3:47:00 PM,Friday,Finch station,Mechanical,5,10,W,
2014/09/26,168,3:48:00 PM,Friday,st clair and old weston rd,Investigation,6,13,S,7337
2014/09/26,60,3:50:00 PM,Friday,Finch Station,Late Leaving Garage,7,14,W,1223
2014/09/26,36,3:53:00 PM,Friday,Humberwood loop,Late Leaving Garage,5,10,E,1354
2014/09/26,36,3:55:00 PM,Friday,Finch station 36D,Late Leaving Garage,15,25,W,1309
2014/09/26,60,3:55:00 PM,Friday,Finch Station,Mechanical,7,14,W,1265
2014/09/26,51,3:57:00 PM,Friday,Leslie and 1165 ave,Investigation,15,30,n/b,8348
2014/09/26,37,4:00:00 PM,Friday,Islington route,General Delay,30,20,`BW,
2014/09/26,46,4:00:00 PM,Friday,Martin Grove,General Delay,10,15,`BW,
2014/09/26,51,4:00:00 PM,Friday,Eglinton stn to Townsend and Freshmedow,General Delay,30,60,b/w,
2014/09/26,131,4:00:00 PM,Friday,Entire Route,General Delay,9,17,B/W's,
2014/09/26,75,4:01:00 PM,Friday,Sherbourne and Bloor,Mechanical,7,14,N,8187
2014/09/26,12,4:04:00 PM,Friday,Victoria Park stn,Late Leaving Garage,13,26,E,7740
2014/09/26,41,4:05:00 PM,Friday,Steeles and Petrolia,Late Leaving Garage,8,16,s/B,1632
2014/09/26,51,4:10:00 PM,Friday,Leslie and Bond,Investigation,15,30,n/b,8376
2014/09/26,96,4:11:00 PM,Friday,Wilson Stn.,Mechanical,25,50,e,7207
2014/09/26,36,4:12:00 PM,Friday,Finch station,Mechanical,5,10,W,
2014/09/26,196,4:13:00 PM,Friday,Sheppard and Senlac,Utilized Off Route,8,16,e/b,8363
2014/09/26,106,4:13:00 PM,Friday,Downsview Stn,Mechanical,10,19,,1822
2014/09/26,35,4:25:00 PM,Friday,Jane & Lawrence,Mechanical,8,16,S,1225
2014/09/26,95,4:28:00 PM,Friday,Bellamy and Ellesmere,Mechanical,12,24,w/b,1717
2014/09/26,57,4:30:00 PM,Friday,Midland route,General Delay,15,1,b/w,
2014/09/26,72,4:30:00 PM,Friday,Pape rotue,General Delay,12,1,b/w,
2014/09/26,21,4:37:00 PM,Friday,Finch and Brimley,Mechanical,9,18,N,8122
2014/09/26,10,4:40:00 PM,Friday,Sheppard & Yonge stn,Mechanical,10,20,,9433
2014/09/26,133,4:51:00 PM,Friday,Morningside and Finch,Mechanical,7,14,w/b,1142
2014/09/26,60,5:00:00 PM,Friday,On Steeles Between Keele and Bathurst Both Ways.,General Delay,27,35,BW,
2014/09/26,68,5:00:00 PM,Friday,68 Warden Route,General Delay,15,21,,
2014/09/26,196,5:08:00 PM,Friday,Sheppard station,Mechanical,6,12,W,9438
2014/09/26,11,5:08:00 PM,Friday,Bayview and Forest hts,Investigation,12,24,n/b,8300
2014/09/26,87,5:14:00 PM,Friday,Cosburn/Coxwell,Mechanical,6,12,w,7818
2014/09/26,124,5:21:00 PM,Friday,Lawrence Stn,Mechanical,6,12,e,8316
2014/09/26,60,5:25:00 PM,Friday,Dufferin Street,Mechanical,7,14,W,7915
2014/09/26,85,5:30:00 PM,Friday,Don Mills Stn To Rouge Hill Go,General Delay,15,20,E/W,
2014/09/26,90,5:36:00 PM,Friday,Vaughan and Oakwood,Investigation,5,11,E,8165
2014/09/26,12,5:43:00 PM,Friday,Victoria Park stn,Utilized Off Route,13,26,E,7708
2014/09/26,165,5:54:00 PM,Friday,Barmac/Steeles,Investigation,14,21,E,1366
2014/09/26,72,5:55:00 PM,Friday,Commissioner and Cherry,Utilized Off Route,10,20,E,7696
2014/09/26,42,5:56:00 PM,Friday,Finch Stn,Utilized Off Route,11,23,e,8329
2014/09/26,41,5:57:00 PM,Friday,York university,Mechanical,8,16,s/B,1686
2014/09/26,34,6:16:00 PM,Friday,Eglinton and Rosemount,Investigation,4,8,EB,7601
2014/09/26,85,6:26:00 PM,Friday,Sheppard @ Markham,Mechanical,4,9,E,1092
2014/09/26,49,6:41:00 PM,Friday,Bloor/Peacock,Mechanical,15,30,W,8048
2014/09/26,54,6:48:00 PM,Friday,Pharmacy Rd on Lawerence,Investigation,9,18,E/B,7463
2014/09/26,6,7:20:00 PM,Friday,Elm and Bay,Investigation,10,20,n/b,1656
2014/09/26,87,7:43:00 PM,Friday,Broadview stn,Utilized Off Route,6,12,E,7702
2014/09/26,37,7:50:00 PM,Friday,Bergamot,Mechanical,17,33,W,1343
2014/09/26,54,7:51:00 PM,Friday,Marcos Blvd,Mechanical,9,18,E/B,7463
2014/09/26,89,8:00:00 PM,Friday,entire route,General Delay,12,35,b/w,
2014/09/26,126,8:16:00 PM,Friday,Christie and Dupont,Mechanical,30,60,N/B,1420
2014/09/26,112,8:47:00 PM,Friday,Kipling stn,Mechanical,15,30,n,8082
2014/09/26,161,9:07:00 PM,Friday,Rogers rd. and Northclife,Mechanical,12,24,e/b,1527
2014/09/26,29,9:15:00 PM,Friday,CNE,Utilized Off Route,5,10,n,8191
2014/09/26,100,9:28:00 PM,Friday,Eglinton Stn,Mechanical,8,16,SB,7478
2014/09/26,42,9:35:00 PM,Friday,McNichol and Kennedy,Diversion,95,115,W,8360
2014/09/26,43,9:37:00 PM,Friday,Kennedy STN,Mechanical,15,30,NB,7416
2014/09/26,39,9:38:00 PM,Friday,Finch and Birchmount,Mechanical,8,16,w,1110
2014/09/26,85,9:38:00 PM,Friday,Don Mills Stn,Mechanical,14,29,E/B,9085
2014/09/26,95,9:40:00 PM,Friday,W/B York Mills @ Upjohn,Mechanical,14,26,E/B,1778
2014/09/26,36,9:51:00 PM,Friday,Goldfinch @ Finch West,Investigation,7,14,W,1574
2014/09/26,73,10:09:00 PM,Friday,royal york/eglinton,Investigation,7,14,S,8082
2014/09/26,11,10:55:00 PM,Friday,Bayview and Eglinton,Mechanical,30,48,n,8194
2014/09/26,36,11:01:00 PM,Friday,Albion on Finch West,Mechanical,8,21,E,1327
2014/09/26,111,11:05:00 PM,Friday,willowridge/longbourne,Mechanical,20,40,S,7969
2014/09/26,36,11:06:00 PM,Friday,Finch Station,Mechanical,7,15,E,7928
2014/09/26,53,11:12:00 PM,Friday,Passmore and Markham,Mechanical,18,36,w,1775
2014/09/26,36,11:15:00 PM,Friday,ALL RUN AFFECTED,General Delay,7,15,B/W,1340
2014/09/26,94,11:15:00 PM,Friday,Castel Frank Station,Mechanical,15,29,w/b,1688
2014/09/26,76,11:19:00 PM,Friday,Royal York and Mimico,Investigation,15,30,n,8028
2014/09/26,161,11:20:00 PM,Friday,ossington stn,Emergency Services,20,40,n/b,1527
2014/09/26,63,11:23:00 PM,Friday,East liberty,Utilized Off Route,10,20,n/b,1510
2014/09/26,17,11:30:00 PM,Friday,WARDEN STATION,Mechanical,22,44,N,8148
2014/09/26,32,11:30:00 PM,Friday,royal york and eglinton,Diversion,110,122,w/b,1509
2014/09/26,86,11:34:00 PM,Friday,Kenendy STN,Emergency Services,10,20,EB,7430
2014/09/27,116,12:43:00 AM,Saturday,Kennedy STN,Utilized Off Route,11,22,EB,7459
2014/09/27,86,12:56:00 AM,Saturday,Meadowvale & Sheppard,Investigation,11,22,EB,7406
2014/09/27,501,1:15:00 AM,Saturday,Longbranch Loop,Mechanical,10,20,n,8016
2014/09/27,110,1:30:00 AM,Saturday,Long Branch,Utilized Off Route,30,60,n,8025
2014/09/27,300,3:15:00 AM,Saturday,Danforth @ Greenwood.,Diversion,10,0,B/W,7473
2014/09/27,106,3:17:00 AM,Saturday,Downsview station,Mechanical,10,20,WS,
2014/09/27,319,4:55:00 AM,Saturday,arrow garage,Late Leaving Garage,15,0,up,7901
2014/09/27,320,5:00:00 AM,Saturday,wilson garage,Mechanical,7,14,up,8316
2014/09/27,161,5:33:00 AM,Saturday,Jane and Lambton,Late Leaving Garage,16,32,EB,1682
2014/09/27,127,5:38:00 AM,Saturday,Spadina Station,Late Leaving Garage,7,7,WB,1406
2014/09/27,71,5:39:00 AM,Saturday,Runnymede and Bloor,Late Leaving Garage,8,8,NB,1409
2014/09/27,41,5:44:00 AM,Saturday,Keele and Rogers,Investigation,20,40,n/B,1509
2014/09/27,40,6:05:00 AM,Saturday,Dundas West Station,General Delay,10,0,BW,
2014/09/27,95,6:20:00 AM,Saturday,Scarborough College Loop,Late Leaving Garage,20,40,WB,1112
2014/09/27,95,6:20:00 AM,Saturday,York Mills Station,Late Leaving Garage,20,40,EB,1754
2014/09/27,195,7:00:00 AM,Saturday,Entire 195 Jane Rocket Route,General Delay,20,40,B/W,
2014/09/27,35,7:00:00 AM,Saturday,Entire 35 Jane Route,General Delay,20,40,B/W,
2014/09/27,96,7:00:00 AM,Saturday,Entire 96 Wilson Route,General Delay,10,30,B/W,
2014/09/27,102,7:10:00 AM,Saturday,Warden Stn.,Late Leaving Garage,20,1,n,7739
2014/09/27,96,7:23:00 AM,Saturday,Carrier Loop,Mechanical,30,60,E,7933
2014/09/27,191,7:30:00 AM,Saturday,Arrow garage,Mechanical,15,30,up,7934
2014/09/27,195,7:50:00 AM,Saturday,Shoreham and Jane St,Mechanical,10,20,S,1355
2014/09/27,195,8:00:00 AM,Saturday,Jane and Steeles Ave,Mechanical,10,20,N,7951
2014/09/27,66,8:00:00 AM,Saturday,Old Mill Station to Lakeshor to Marine Parade,General Delay,30,0,BW,
2014/09/27,68,8:40:00 AM,Saturday,sheppard and warden,Mechanical,33,66,s,7633
2014/09/27,22,8:55:00 AM,Saturday,Coxwell Stn.,Mechanical,9,18,s,7863
2014/09/27,501,9:00:00 AM,Saturday,Humber Loop to Longbranch Loop,General Delay,25,1,BW,
2014/09/27,100,9:15:00 AM,Saturday,Broadview Station,Mechanical,10,20,nb,7457
2014/09/27,37,9:20:00 AM,Saturday,arrow garage,Late Leaving Garage,20,40,down,1419
2014/09/27,96,9:32:00 AM,Saturday,carrier loop,Mechanical,27,54,E,1257
2014/09/27,34,9:53:00 AM,Saturday,Kennedy Station,Mechanical,6,12,eb,7579
2014/09/27,60,10:00:00 AM,Saturday,steeles route,General Delay,10,20,bw,
2014/09/27,89,10:00:00 AM,Saturday,Entire Route,General Delay,20,29,B/W,
2014/09/27,41,10:00:00 AM,Saturday,Entire Route,General Delay,10,19,B/W,
2014/09/27,36,10:00:00 AM,Saturday,finch route,General Delay,7,14,bw,
2014/09/27,26,10:00:00 AM,Saturday,Jane Station to St. Goerge Station,General Delay,30,0,BW,
2014/09/27,35,10:07:00 AM,Saturday,OPP 2265,Investigation,10,20,S,7927
2014/09/27,36,10:15:00 AM,Saturday,arrow garage,Mechanical,9,15,down,1380
2014/09/27,85,10:30:00 AM,Saturday,Don Mills Stn to Rouge Hill GO Stn,General Delay,10,20,BW,
2014/09/27,51,10:44:00 AM,Saturday,Eglinton & Bayview,Mechanical,24,48,E,8378
2014/09/27,160,10:55:00 AM,Saturday,Prominade mall,Mechanical,34,68,n/b,8363
2014/09/27,43,11:00:00 AM,Saturday,43- Kennedy Route,General Delay,9,16,BW,
2014/09/27,100,11:00:00 AM,Saturday,100-Flemingdon Route,General Delay,9,18,BW,
2014/09/27,76,11:00:00 AM,Saturday,Royal York Station,General Delay,20,0,BW,
2014/09/27,25,11:00:00 AM,Saturday,25-DonMills Route,General Delay,9,14,BW,
2014/09/27,80,11:00:00 AM,Saturday,Sherway Gardens to Keele Station,General Delay,20,0,BW,
2014/09/27,40,11:00:00 AM,Saturday,Dundas West Stn. To Runnymede Loop,General Delay,20,0,BW,
2014/09/27,168,11:00:00 AM,Saturday,Dundas west stn to Avon Loop,General Delay,20,0,BW,
2014/09/27,44,11:00:00 AM,Saturday,Kipling Staion to Col. Sam Smith Loop,General Delay,15,0,BW,
2014/09/27,123,11:00:00 AM,Saturday,Kipling Station to Longbranch Loop,General Delay,20,0,BW,
2014/09/27,42,11:12:00 AM,Saturday,Finch Stn,Late Leaving Garage,12,24,EB,1813
2014/09/27,129,11:15:00 AM,Saturday,McCowan - Finch,Mechanical,9,27,S,1094
2014/09/27,25,11:21:00 AM,Saturday,pape station,Late Leaving Garage,5,10,59312,7650
2014/09/27,7,11:25:00 AM,Saturday,Steeles and Bathurst,Utilized Off Route,9,18,n/b,8349
2014/09/27,116,11:42:00 AM,Saturday,Guildwood Pkwy and Galloway Road,Diversion,516,525,eb,7581
2014/09/27,95,11:44:00 AM,Saturday,York Mills Stn,Emergency Services,13,26,E/B,1778
2014/09/27,47,11:59:00 AM,Saturday,Lansdowne and Queen,Investigation,8,16,S/B,1526
2014/09/27,127,12:00:00 PM,Saturday,Entire Route,General Delay,15,38,B/W,
2014/09/27,86,12:00:00 PM,Saturday,Midland and Eglinton Ave.,General Delay,9,18,bw,
2014/09/27,116,12:00:00 PM,Saturday,Guildwood Pkwy and Galloway Road,General Delay,9,18,bw,
2014/09/27,47,12:00:00 PM,Saturday,Entire Route,General Delay,8,17,B/W,
2014/09/27,29,12:00:00 PM,Saturday,Wilson Stn to king st.,General Delay,30,13,b,
2014/09/27,25,12:09:00 PM,Saturday,DinMills and Finch,Mechanical,4,9,NB,7418
2014/09/27,116,12:26:00 PM,Saturday,Kennedy Station,Mechanical,8,16,eb,7524
2014/09/27,191,12:35:00 PM,Saturday,finch and martin grove,Mechanical,10,20,up,7914
2014/09/27,54,12:53:00 PM,Saturday,Starspray Loop,Mechanical,14,28,W,7620
2014/09/27,51,12:54:00 PM,Saturday,W/b Leslie street on Eglinton ave,Investigation,24,48,W,1820
2014/09/27,126,1:00:00 PM,Saturday,entire route,General Delay,7,12,b/w,
2014/09/27,54,1:00:00 PM,Saturday,54 Lawerence Route,General Delay,14,2,B/W,
2014/09/27,36,1:00:00 PM,Saturday,Finch West route,General Delay,20,30,B,7926
2014/09/27,32,1:00:00 PM,Saturday,Entire route,General Delay,15,25,b/w,
2014/09/27,60,1:00:00 PM,Saturday,Steeles West route,General Delay,25,35,B,7922
2014/09/27,165,1:00:00 PM,Saturday,Finch & Weston,Mechanical,31,62,N,7948
2014/09/27,7,1:07:00 PM,Saturday,Bathurst station,Utilized Off Route,7,15,N,8317
2014/09/27,709,1:11:00 PM,Saturday,Eglinton west station,Utilized Off Route,1,1,E/B,1655
2014/09/27,709,1:15:00 PM,Saturday,Eg west station,Utilized Off Route,1,1,E/b,1626
2014/09/27,54,1:18:00 PM,Saturday,Morning Dew Rd,Investigation,14,28,E,7415
2014/09/27,100,1:26:00 PM,Saturday,Concord Place,Mechanical,9,18,WB,7490
2014/09/27,100,1:28:00 PM,Saturday,Eglinton and Rumsey,Investigation,9,18,WB,7648
2014/09/27,7,1:29:00 PM,Saturday,Bathurst and Wilson,Mechanical,7,15,S,8304
2014/09/27,52,2:00:00 PM,Saturday,Entire route,General Delay,9,18,BW,1419
2014/09/27,68,2:00:00 PM,Saturday,68 Warden Route,General Delay,10,20,B/W,
2014/09/27,70,2:00:00 PM,Saturday,70 O'Connor,General Delay,22,44,B/W,
2014/09/27,50,2:05:00 PM,Saturday,ISLINGTON STN,Mechanical,20,40,w/b,7342
2014/09/27,59,2:15:00 PM,Saturday,Oak and Weston - Rail Crossing,Diversion,1,1,E,9999
2014/09/27,89,2:23:00 PM,Saturday,Weston and Sydney Belsey,Diversion,32,41,B/W,1553
2014/09/27,79,2:30:00 PM,Saturday,Entire route,General Delay,10,20,BW,1456
2014/09/27,199,3:00:00 PM,Saturday,Entire Route,General Delay,10,17,B/W's,
2014/09/27,196,3:05:00 PM,Saturday,E/B York lane on York Blvd,Investigation,10,20,E,8217
2014/09/27,95,3:06:00 PM,Saturday,McCowan and Ellesmere,Mechanical,15,30,w/b,1721
2014/09/27,85,3:08:00 PM,Saturday,Don Mills Stn,Investigation,6,11,E,1089
2014/09/27,18,3:18:00 PM,Saturday,St.Clair station,Mechanical,20,40,71342,1819
2014/09/27,86,3:30:00 PM,Saturday,Morningside and Kingston Road,Investigation,6,12,eb,7406
2014/09/27,63,3:30:00 PM,Saturday,Entire route,General Delay,10,15,b/w,
2014/09/27,63,3:40:00 PM,Saturday,Oakwood / Earlsdale,Mechanical,7,13,s,1555
2014/09/27,89,4:06:00 PM,Saturday,Weston and Knob Hill,Mechanical,9,18,N/B,1625
2014/09/27,34,4:15:00 PM,Saturday,Victoria Park and Eglinton Ave.,Mechanical,6,12,eb,7554
2014/09/27,39,4:15:00 PM,Saturday,Donmills And Finch,Mechanical,7,14,w/b,1120
2014/09/27,24,4:24:00 PM,Saturday,Victoria Park Station,Investigation,9,18,N,7852
2014/09/27,63,4:28:00 PM,Saturday,Strachan / King,Investigation,6,13,s,1678
2014/09/27,106,4:30:00 PM,Saturday,Downsview Stn,Mechanical,10,20,b,8319
2014/09/27,104,4:31:00 PM,Saturday,Wilson Stn,Mechanical,14,28,n,8179
2014/09/27,134,4:35:00 PM,Saturday,STC,Mechanical,15,30,e/b,1738
2014/09/27,35,5:00:00 PM,Saturday,Steeles,Mechanical,10,20,N,7912
2014/09/27,160,5:10:00 PM,Saturday,Wilson station,General Delay,39,75,n,8349
2014/09/27,134,5:18:00 PM,Saturday,Sheppard and Progress,Diversion,90,105,b/ws,
2014/09/27,85,5:18:00 PM,Saturday,Markham @ Progress,Diversion,44,50,E,1742
2014/09/27,54,5:24:00 PM,Saturday,Carlew Rd,Mechanical,14,28,W/b,7415
2014/09/27,87,5:29:00 PM,Saturday,Broadview Station,Utilized Off Route,6,12,W,7746
2014/09/27,199,6:21:00 PM,Saturday,McCowan & HWY404,Investigation,7,14,EB,1396
2014/09/27,161,6:40:00 PM,Saturday,Rogers and Gilbert,Mechanical,12,24,E,1031
2014/09/27,24,6:42:00 PM,Saturday,CRAIGTON,Emergency Services,7,14,S,7710
2014/09/27,36,7:16:00 PM,Saturday,Finch and York gate,Investigation,5,11,W,1236
2014/09/27,96,7:20:00 PM,Saturday,York Mills Station,Mechanical,24,48,E,1227
2014/09/27,89,7:20:00 PM,Saturday,Albion at Weston rd.,Mechanical,9,16,n/b,1609
2014/09/27,21,7:27:00 PM,Saturday,Brimley and Steeles,Investigation,11,22,S,7874
2014/09/27,32,7:29:00 PM,Saturday,Eglinton / Croham,Investigation,15,30,w,1028
2014/09/27,85,8:09:00 PM,Saturday,Meadowvale Loop,Late Leaving Garage,11,22,W,1779
2014/09/27,52,8:15:00 PM,Saturday,Lawrence and Jane,Mechanical,22,44,E,
2014/09/27,17,8:22:00 PM,Saturday,Warden Stn,Mechanical,18,36,,7699
2014/09/27,45,8:23:00 PM,Saturday,kipling/kingsview,Diversion,60,67,s,8098
2014/09/27,67,8:43:00 PM,Saturday,Pharmacy & ellesmere,Investigation,20,40,NB,7400
2014/09/27,68,8:45:00 PM,Saturday,Warden & ellesmere RD,Investigation,14,28,NB,7565
2014/09/27,100,8:58:00 PM,Saturday,Concord Pl,Utilized Off Route,10,20,WB,7514
2014/09/27,134,9:00:00 PM,Saturday,Finch/Tapscott,Diversion,280,302,WB,1135
2014/09/27,39,9:14:00 PM,Saturday,Finch/Midland,Mechanical,6,12,WB,1110
2014/09/27,62,9:18:00 PM,Saturday,MAIN STATION,Mechanical,20,40,W,8138
2014/09/27,129,9:19:00 PM,Saturday,McCowan/Finch,Investigation,15,30,UP,1783
2014/09/27,25,9:26:00 PM,Saturday,Don Mills & Mougal,Mechanical,10,20,NB,7625
2014/09/27,85,9:31:00 PM,Saturday,Sheppard @ Neilson.,Mechanical,17,34,W/B,1089
2014/09/27,86,9:31:00 PM,Saturday,Kingston Rd & Scarboroough Club Rd,Mechanical,10,20,WB,7408
2014/09/27,168,10:21:00 PM,Saturday,Dundas west stn,Investigation,12,23,N,8089
2014/09/27,22,10:29:00 PM,Saturday,Coxwell Station,Mechanical,12,24,N,7817
2014/09/27,25,10:54:00 PM,Saturday,Don Mills & esterbrook,Investigation,15,30,SB,7679
2014/09/27,72,11:02:00 PM,Saturday,Pape Stn,Mechanical,12,24,,7800
2014/09/27,63,11:12:00 PM,Saturday,Oakwood and St Clair,Mechanical,10,20,n/b,1678
2014/09/27,24,11:45:00 PM,Saturday,Victoria park and Sheppard,Mechanical,10,20,N/B,7811
2014/09/27,100,11:50:00 PM,Saturday,Concord PL,Utilized Off Route,14,28,WB,7654
2014/09/28,89,1:36:00 AM,Sunday,Weston rd. at Cardell,Investigation,15,30,n/b,1632
2014/09/28,196,1:45:00 AM,Sunday,York Common,Mechanical,15,30,s,8384
2014/09/28,322,1:57:00 AM,Sunday,Bingham loop,Mechanical,30,30,N,8137
2014/09/28,308,3:13:00 AM,Sunday,W/B Finch @ Markham,Mechanical,30,60,W,1799
2014/09/28,320,4:02:00 AM,Sunday,Yonge and Sheppard,Emergency Services,4,8,N,8387
2014/09/28,385,4:10:00 AM,Sunday,Sheppard @ Meadowvale,Mechanical,30,60,W,1784
2014/09/28,52,5:23:00 AM,Sunday,Airport Terminat T!,Late Leaving Garage,4,4,EB,1514
2014/09/28,161,5:31:00 AM,Sunday,Ossington Station,Late Leaving Garage,4,4,wb,1666
2014/09/28,85,5:38:00 AM,Sunday,Meadowvale  Loop,Late Leaving Garage,20,40,WB,1736
2014/09/28,37,5:43:00 AM,Sunday,Arrow garage,Mechanical,15,0,S,1319
2014/09/28,37,5:43:00 AM,Sunday,Arrow garage,Mechanical,15,0,S,1319
2014/09/28,320,5:50:00 AM,Sunday,Yonge and Steeles,Late Leaving Garage,4,8,s/b,8357
2014/09/28,63,6:10:00 AM,Sunday,Eglinton West Station,Utilized Off Route,10,20,SB,1566
2014/09/28,300,7:05:00 AM,Sunday,East Mall & Bloor,Late Leaving Garage,6,12,EB,8037
2014/09/28,311,7:20:00 AM,Sunday,Islington & Kingsview,Mechanical,28,56,S,7948
2014/09/28,311,7:20:00 AM,Sunday,Islington and Fingsview,Mechanical,28,56,S,7948
2014/09/28,54,7:21:00 AM,Sunday,Orton Park Lawrence,Mechanical,48,63,eb,7444
2014/09/28,46,7:58:00 AM,Sunday,Arrow garage,Mechanical,16,32,S,1379
2014/09/28,46,8:14:00 AM,Sunday,Arrow garage,Late Leaving Garage,16,32,S,1376
2014/09/28,160,8:15:00 AM,Sunday,Wilson stn,Mechanical,36,72,n/b,8187
2014/09/28,71,8:16:00 AM,Sunday,Gunns loop,Mechanical,4,4,SB,1624
2014/09/28,165,8:18:00 AM,Sunday,Go loop,Mechanical,23,0,S,1363
2014/09/28,165,8:18:00 AM,Sunday,Go loop,Late Leaving Garage,23,0,s,1363
2014/09/28,40,8:22:00 AM,Sunday,Runnymede Loop,Late Leaving Garage,13,21,E,8087
2014/09/28,84,8:26:00 AM,Sunday,Sheppard Station,Late Leaving Garage,12,24,W,1231
2014/09/28,56,8:30:00 AM,Sunday,Eglinton stn,Mechanical,33,66,n/b,8347
2014/09/28,108,8:34:00 AM,Sunday,Arrow raod garage,Late Leaving Garage,15,30,W,1554
2014/09/28,110,8:35:00 AM,Sunday,Longbranch Loop,Late Leaving Garage,20,40,N,8049
2014/09/28,40,8:40:00 AM,Sunday,Runnymede Loop to Dundas West Station,General Delay,15,0,BW,
2014/09/28,109,8:45:00 AM,Sunday,Lawrence w. stn,Mechanical,15,30,n/b,8201
2014/09/28,25,8:47:00 AM,Sunday,Pape stn,Mechanical,7,15,nb,7634
2014/09/28,79,8:49:00 AM,Sunday,castleton and Henrietta.,Mechanical,15,30,SB,1555
2014/09/28,123,8:50:00 AM,Sunday,Longbranch Loop,Late Leaving Garage,20,40,N,7958
2014/09/28,192,8:55:00 AM,Sunday,Kipling Station,Late Leaving Garage,10,20,N,8002
2014/09/28,15,9:00:00 AM,Sunday,Sherway Gardens,Mechanical,30,59,E,8098
2014/09/28,45,9:00:00 AM,Sunday,Kipling Station- Steeles- Disco/Attwell,General Delay,20,1,BWE,
2014/09/28,43,9:02:00 AM,Sunday,Midland Steeles,Mechanical,8,16,sb,7550
2014/09/28,25,9:03:00 AM,Sunday,Pape stn,Mechanical,7,15,nb,7537
2014/09/28,66,9:10:00 AM,Sunday,Old Mill Station,Late Leaving Garage,20,40,S,8088
2014/09/28,165,9:13:00 AM,Sunday,Yorkmills station,Utilized Off Route,11,21,N,1361
2014/09/28,190,9:15:00 AM,Sunday,Don Mills Station,Late Leaving Garage,16,32,EB,1788
2014/09/28,116,9:20:00 AM,Sunday,Morngside Staines,Mechanical,9,18,wb,7427
2014/09/28,116,9:23:00 AM,Sunday,Kennedy stn,Mechanical,8,15,EB,7678
2014/09/28,195,9:29:00 AM,Sunday,jane and Finch,Mechanical,10,20,N,1343
2014/09/28,40,10:00:00 AM,Sunday,ENTIRE ROUTE,General Delay,15,20,b/w,
2014/09/28,76,10:00:00 AM,Sunday,ENTIRE ROUTE,General Delay,20,25,B/W,
2014/09/28,53,10:30:00 AM,Sunday,Finch station to Morningside & Staines,General Delay,9,20,B/W,1793
2014/09/28,116,10:53:00 AM,Sunday,Kennedy station,Utilized Off Route,8,15,EB,7561
2014/09/28,168,11:00:00 AM,Sunday,ENTIRE ROUTE,General Delay,25,20,B/W,
2014/09/28,66,11:00:00 AM,Sunday,ENTIRE ROUTE,General Delay,20,25,B/W,
2014/09/28,26,11:00:00 AM,Sunday,ENTIRE ROUTE,General Delay,20,40,b/w,
2014/09/28,73,11:00:00 AM,Sunday,KIPLING TO H-27,General Delay,35,40,B/W,
2014/09/28,86,11:00:00 AM,Sunday,86-Scarborough Route,General Delay,13,20,BW,
2014/09/28,11,11:01:00 AM,Sunday,Bayview and Millwood,Mechanical,35,70,n/b,8304
2014/09/28,41,11:38:00 AM,Sunday,Keele station,Investigation,10,20,NB,1667
2014/09/28,71,11:56:00 AM,Sunday,Todd Baylis / Industry,Mechanical,20,40,s,1575
2014/09/28,42,11:57:00 AM,Sunday,Silver Springs,Investigation,20,40,e,1813
2014/09/28,29,12:00:00 PM,Sunday,Springhurst to Wilson Stn,General Delay,30,14,b,
2014/09/28,133,12:05:00 PM,Sunday,Ellesmere & McCowan,Mechanical,10,20,WB,1770
2014/09/28,63,12:06:00 PM,Sunday,Eglinton West station,Late Leaving Garage,7,14,SB,1422
2014/09/28,109,12:10:00 PM,Sunday,Rannee and varna,Investigation,17,34,s,8201
2014/09/28,96,12:18:00 PM,Sunday,Clayson,Mechanical,15,29,E,7939
2014/09/28,133,12:25:00 PM,Sunday,Morningside & Staines,Late Leaving Garage,10,20,WB,1719
2014/09/28,67,12:25:00 PM,Sunday,Victoria Park Station,Late Leaving Garage,17,34,nb,7444
2014/09/28,29,12:30:00 PM,Sunday,Lawrencee,Mechanical,9,19,n,9035
2014/09/28,7,12:33:00 PM,Sunday,Bathurst Stn,Mechanical,10,20,n,1825
2014/09/28,165,12:50:00 PM,Sunday,Wilson Station,Mechanical,11,32,S,1280
2014/09/28,32,1:00:00 PM,Sunday,Entire route,General Delay,15,30,b/w,
2014/09/28,134,1:00:00 PM,Sunday,Progress & Orchid Place,Mechanical,15,30,S,1735
2014/09/28,96,1:10:00 PM,Sunday,Jane,Mechanical,45,90,W,7934
2014/09/28,199,1:10:00 PM,Sunday,STC,Utilized Off Route,9,18,W,1713
2014/09/28,16,1:27:00 PM,Sunday,Scarborough Town Centre,Mechanical,12,24,s,8119
2014/09/28,105,1:30:00 PM,Sunday,Downsview Stn,Mechanical,30,60,n,8214
2014/09/28,195,1:35:00 PM,Sunday,Sheppard,Mechanical,10,20,N,1803
2014/09/28,47,1:57:00 PM,Sunday,Seaforth and lansdown,Mechanical,18,36,n/b,1016
2014/09/28,310,1:57:00 PM,Sunday,Exhibition loop,Late Leaving Garage,30,60,N,1811
2014/09/28,34,2:00:00 PM,Sunday,34-Eglinton Route,General Delay,11,19,BW,
2014/09/28,116,2:00:00 PM,Sunday,116-Morningside Route,General Delay,15,23,BW,
2014/09/28,106,2:00:00 PM,Sunday,Downsview Stn,Mechanical,10,20,n,9408
2014/09/28,30,2:00:00 PM,Sunday,Kipling Station to High Park Station,General Delay,40,60,BW,
2014/09/28,37,2:00:00 PM,Sunday,Islington Station,Emergency Services,20,40,N,1267
2014/09/28,85,2:11:00 PM,Sunday,Meadowvale and Sheppard,Emergency Services,6,11,E/B,1707
2014/09/28,44,2:30:00 PM,Sunday,Kipling Station to Col. Samuel Smith Loop,General Delay,15,30,BW,
2014/09/28,354,2:50:00 PM,Sunday,Scar college loop,Mechanical,30,60,W,7596
2014/09/28,60,2:58:00 PM,Sunday,Bathurst,Mechanical,12,24,E,7908
2014/09/28,52,2:59:00 PM,Sunday,Westway and Roxaline,Investigation,5,16,EB,1650
2014/09/28,7,3:22:00 PM,Sunday,Bathurst station,Utilized Off Route,7,15,N,8307
2014/09/28,25,3:30:00 PM,Sunday,DonMills Road and Eglinton Ave.,General Delay,6,12,bw,
2014/09/28,106,3:30:00 PM,Sunday,,Mechanical,10,20,n,9449
2014/09/28,6,3:40:00 PM,Sunday,Bay and Davenport,Mechanical,12,24,NB,1593
2014/09/28,199,3:41:00 PM,Sunday,STC,Utilized Off Route,9,18,W,1745
2014/09/28,172,3:54:00 PM,Sunday,York/Wellington,General Delay,24,48,e,7829
2014/09/28,60,4:00:00 PM,Sunday,Steeles and Martingrove,Mechanical,11,23,E,1574
2014/09/28,53,4:00:00 PM,Sunday,Finch Stn to Staines,General Delay,20,25,B/W,
2014/09/28,86,4:00:00 PM,Sunday,Eglinton and Danforth,Mechanical,8,16,EB,7478
2014/09/28,199,4:01:00 PM,Sunday,STC,Mechanical,9,18,W,1092
2014/09/28,165,4:03:00 PM,Sunday,Weston Finch,Mechanical,21,32,S,1361
2014/09/28,29,4:34:00 PM,Sunday,Wilson Stn,Mechanical,3,6,n,9437
2014/09/28,86,5:20:00 PM,Sunday,Kingston Rd and Miltry Trail,Mechanical,8,16,NB,7601
2014/09/28,92,5:36:00 PM,Sunday,Woodbine Stn,Utilized Off Route,7,14,s,7765
2014/09/28,39,5:44:00 PM,Sunday,Finch Station,Investigation,8,16,WB,1794
2014/09/28,190,5:44:00 PM,Sunday,STC,Mechanical,10,20,w/b,1737
2014/09/28,83,6:09:00 PM,Sunday,Commissioners/Carlaw,Emergency Services,24,32,s,7863
2014/09/28,29,6:23:00 PM,Sunday,Dundas,Investigation,4,6,n,9432
2014/09/28,79,6:23:00 PM,Sunday,Runnymede station,Investigation,15,35,n/b,1575
2014/09/28,45,6:54:00 PM,Sunday,Steeles Loop,Mechanical,10,21,S,8077
2014/09/28,36,7:22:00 PM,Sunday,Westmore,Investigation,7,16,E,7905
2014/09/28,1,7:35:00 PM,Sunday,Runnymede and St. Clair,Emergency Services,20,40,s/b,1624
2014/09/28,88,8:00:00 PM,Sunday,South leaside,Mechanical,20,40,w,8371
2014/09/28,7,8:35:00 PM,Sunday,bathurst Stn,Utilized Off Route,9,18,n,8392
2014/09/28,39,9:14:00 PM,Sunday,Finch Station,Mechanical,9,18,EB,1783
2014/09/28,73,9:26:00 PM,Sunday,Bankfield and Albion,Investigation,30,60,n/b,8015
2014/09/28,34,9:26:00 PM,Sunday,Eglinton STN,Late Leaving Garage,15,30,WB,7586
2014/09/28,129,9:28:00 PM,Sunday,McCowan/Finch,Diversion,192,207,NB,1135
2014/09/28,29,9:30:00 PM,Sunday,StClair,Investigation,10,20,n,9050
2014/09/28,96,9:32:00 PM,Sunday,Carrier loop,Mechanical,27,54,E,1257
2014/09/28,41,9:57:00 PM,Sunday,Keele stn,Utilized Off Route,1,1,n,1596
2014/09/28,37,9:57:00 PM,Sunday,Islington Station,Utilized Off Route,30,60,N,1227
2014/09/28,35,9:58:00 PM,Sunday,Jane Station,Utilized Off Route,10,19,N,7904
2014/09/28,95,9:58:00 PM,Sunday,York Mills Stn,Utilized Off Route,10,23,E,1799
2014/09/28,86,10:15:00 PM,Sunday,Kennedy STN,Utilized Off Route,10,20,EB,7458
2014/09/28,116,10:26:00 PM,Sunday,Eglinton & Midland,Diversion,40,50,EB,
2014/09/28,86,10:26:00 PM,Sunday,Eglinton & Midland,Diversion,40,57,EB,
2014/09/28,116,11:58:00 PM,Sunday,Morningside & Nightstar,Mechanical,17,34,SB,7644
2014/09/29,36,3:47:00 AM,Monday,Finch stn,Mechanical,4,8,W,1308
2014/09/29,36,3:53:00 AM,Monday,Humberwood Loop,Mechanical,4,8,E,7904
2014/09/29,37,4:15:00 AM,Monday,arrow garage,Mechanical,6,12,down,7926
2014/09/29,311,4:59:00 AM,Monday,Bloor,Mechanical,20,40,N,7926
2014/09/29,20,5:00:00 AM,Monday,Main Stn,Late Leaving Garage,20,40,,7826
2014/09/29,84,5:06:00 AM,Monday,Bradstock,Late Leaving Garage,20,40,e,1382
2014/09/29,53,5:27:00 AM,Monday,Passmore and Markham,Mechanical,4,9,w,7120
2014/09/29,34,5:29:00 AM,Monday,Eglinton station,Late Leaving Garage,13,22,E,7430
2014/09/29,65,5:30:00 AM,Monday,Castlefrank Stn,Late Leaving Garage,15,30,S,7827
2014/09/29,95,5:40:00 AM,Monday,Ellemsere SRT,Late Leaving Garage,7,14,eb,8316
2014/09/29,43,5:40:00 AM,Monday,Kennedy station,Mechanical,15,30,N,7573
2014/09/29,501,5:42:00 AM,Monday,Humber Loop,Late Leaving Garage,10,20,wb,7331
2014/09/29,100,5:45:00 AM,Monday,Eglinton stn,Mechanical,15,30,sb,7447
2014/09/29,105,5:48:00 AM,Monday,Conferation prkwy,Late Leaving Garage,17,34,s/b,8373
2014/09/29,25,5:50:00 AM,Monday,Freahmeadow,Mechanical,15,30,S,7434
2014/09/29,50,5:50:00 AM,Monday,Mill road loop,Mechanical,15,35,eb,7307
2014/09/29,61,5:52:00 AM,Monday,Bombay loop,Mechanical,10,20,n/b,8394
2014/09/29,95,5:55:00 AM,Monday,Ellesmere SRT,Late Leaving Garage,7,14,wb,8180
2014/09/29,86,5:55:00 AM,Monday,Sheppard loop,Mechanical,11,21,S,7678
2014/09/29,68,5:55:00 AM,Monday,Warden stn,Mechanical,4,8,nb,7413
2014/09/29,199,5:57:00 AM,Monday,Scarborough Town Centre,Late Leaving Garage,9,12,WB,7085
2014/09/29,199,6:00:00 AM,Monday,Scarborough Town Centre,Late Leaving Garage,3,6,WB,1777
2014/09/29,39,6:00:00 AM,Monday,Finch & Baldoon,Mechanical,4,9,WB,1717
2014/09/29,43,6:00:00 AM,Monday,Kennedy station,Mechanical,10,20,n,7561
2014/09/29,16,6:02:00 AM,Monday,Warden Stn.,Late Leaving Garage,8,16,N,7808
2014/09/29,191,6:02:00 AM,Monday,martingrove at royalcrest,Mechanical,5,10,n,7915
2014/09/29,199,6:03:00 AM,Monday,Scarborough Town Centre,Late Leaving Garage,3,6,WB,7044
2014/09/29,85,6:07:00 AM,Monday,Meaowvale loop,Late Leaving Garage,4,8,W,1772
2014/09/29,68,6:08:00 AM,Monday,Warden Station,Investigation,4,8,NB,7461
2014/09/29,68,6:08:00 AM,Monday,Warden stn,Utilized Off Route,4,18,nb,7643
2014/09/29,43,6:10:00 AM,Monday,Kennedy Station,Investigation,10,20,NB,7560
2014/09/29,29,6:10:00 AM,Monday,Wilson Garage,Late Leaving Garage,7,14,S,9026
2014/09/29,52,6:11:00 AM,Monday,Lawrence stn,Mechanical,12,18,w/b,1047
2014/09/29,53,6:16:00 AM,Monday,Passmore and Markham,Mechanical,5,10,w,9093
2014/09/29,84,6:28:00 AM,Monday,Arrow and Finch,Late Leaving Garage,12,31,w,
2014/09/29,34,6:29:00 AM,Monday,Kennedy Station,Late Leaving Garage,4,8,WB,7454
2014/09/29,126,6:30:00 AM,Monday,St.Clair West stn,Mechanical,15,30,s/b,1612
2014/09/29,191,6:30:00 AM,Monday,finch - hwy 27 to martingrove,General Delay,12,18,bw,
2014/09/29,108,6:30:00 AM,Monday,arrow garage,Late Leaving Garage,6,12,down,
2014/09/29,96,6:30:00 AM,Monday,wilson - dufferin to bathurst,General Delay,18,36,bw,
2014/09/29,96,6:31:00 AM,Monday,woodbine downs,Late Leaving Garage,18,36,e,1371
2014/09/29,165,6:32:00 AM,Monday,Yorkmills Stn,Late Leaving Garage,20,40,N,7247
2014/09/29,37,6:32:00 AM,Monday,arrow garage,Late Leaving Garage,4,8,down,
2014/09/29,195,6:33:00 AM,Monday,Steeles and Jane,Late Leaving Garage,10,20,s,1410
2014/09/29,78,6:36:00 AM,Monday,York Mills Station,Late Leaving Garage,10,20,N,8334
2014/09/29,106,6:39:00 AM,Monday,Downsview stn,Utilized Off Route,6,12,n/b,9433
2014/09/29,42,6:40:00 AM,Monday,mcnicoll abd Victoria,Late Leaving Garage,10,22,w/b,8218
2014/09/29,54,6:41:00 AM,Monday,Eglinton stn,Mechanical,6,12,eb,7517
2014/09/29,36,6:42:00 AM,Monday,Finch Stn,Mechanical,14,28,W,0
2014/09/29,60,6:44:00 AM,Monday,arrow garage,Late Leaving Garage,14,28,down,
2014/09/29,36,6:45:00 AM,Monday,Humberwood Loop,Mechanical,4,8,E,0
2014/09/29,45,6:46:00 AM,Monday,Steeles Loop,Mechanical,5,10,sb,7350
2014/09/29,96,6:49:00 AM,Monday,woodbine downs,Late Leaving Garage,36,54,e,
2014/09/29,60,6:52:00 AM,Monday,arrow garage,Late Leaving Garage,7,14,down,7246
2014/09/29,191,6:54:00 AM,Monday,martingrove at royalcrest,Late Leaving Garage,5,13,n,
2014/09/29,36,6:55:00 AM,Monday,Steeles,Late Leaving Garage,4,8,E,7251
2014/09/29,196,6:59:00 AM,Monday,York U. Commons,Mechanical,8,16,s/b,8342
2014/09/29,36,6:59:00 AM,Monday,Finch Stn,Mechanical,4,8,W,1237
2014/09/29,54,6:59:00 AM,Monday,Eglinton ave Forman,Investigation,6,12,wb,7533
2014/09/29,42,7:00:00 AM,Monday,Cummer Route,General Delay,13,9,bw,
2014/09/29,124,7:00:00 AM,Monday,Sunnybrook Route,General Delay,15,10,BW,
2014/09/29,11,7:01:00 AM,Monday,bayview and finch,Mechanical,12,24,s/b,8183
2014/09/29,108,7:03:00 AM,Monday,arrow garage,Late Leaving Garage,7,14,down,
2014/09/29,95,7:03:00 AM,Monday,Scarborough Coll loop,Late Leaving Garage,9,18,wb,1086
2014/09/29,196,7:06:00 AM,Monday,Sheppard stn,Mechanical,6,12,w/b,8354
2014/09/29,7,7:07:00 AM,Monday,bathurst and Wilson,Late Leaving Garage,9,18,s/b,9053
2014/09/29,96,7:07:00 AM,Monday,woodbine downs,Late Leaving Garage,54,72,e,
2014/09/29,6,7:09:00 AM,Monday,davenport and Yonge,Late Leaving Garage,7,13,s,1630
2014/09/29,36,7:09:00 AM,Monday,Arrow Rd,Mechanical,4,8,E,0
2014/09/29,96,7:13:00 AM,Monday,yorkmills stn,Late Leaving Garage,21,42,w,1732
2014/09/29,36,7:13:00 AM,Monday,Humberwood Loop,Mechanical,4,8,e,
2014/09/29,47,7:14:00 AM,Monday,Earlscourt Loop,Mechanical,9,18,s,1406
2014/09/29,196,7:15:00 AM,Monday,Downsview stn,Mechanical,4,8,n/b,8384
2014/09/29,52,7:17:00 AM,Monday,Westwood Mall,Mechanical,17,35,s/b,1651
2014/09/29,63,7:18:00 AM,Monday,Oakwoood and St.Clair,Investigation,11,22,s,1581
2014/09/29,68,7:19:00 AM,Monday,Warden Ave and Bridletown Circl S,Diversion,81,8,NB,7452
2014/09/29,79,7:20:00 AM,Monday,Scarlett & Lawrence,Mechanical,8,16,s/b,1059
2014/09/29,36,7:25:00 AM,Monday,Finch Stn,Mechanical,4,8,W,0
2014/09/29,60,7:27:00 AM,Monday,arrow garage,Late Leaving Garage,7,14,down,
2014/09/29,160,7:30:00 AM,Monday,Clark to Wilson stn,General Delay,15,40,b/w,
2014/09/29,90,7:30:00 AM,Monday,NorthCliff to St.Clair west,General Delay,15,23,b/w,
2014/09/29,109,7:30:00 AM,Monday,Neptune to Eglinton west,General Delay,20,50,b/w,
2014/09/29,198,7:30:00 AM,Monday,Midland to Brimley,Diversion,70,80,E,7642
2014/09/29,21,7:30:00 AM,Monday,Eglinton / Midland,General Delay,10,20,bw,7734
2014/09/29,198,7:30:00 AM,Monday,Scarborough college route,General Delay,20,0,B/W,
2014/09/29,116,7:30:00 AM,Monday,Morningside route,General Delay,20,0,B/W,
2014/09/29,86,7:30:00 AM,Monday,Scarborough Route,General Delay,25,0,B/W,
2014/09/29,116,7:35:00 AM,Monday,Midland to Brimley,Diversion,65,72,E,
2014/09/29,86,7:35:00 AM,Monday,Eglinton east at Midland,Diversion,70,75,E,7629
2014/09/29,87,7:45:00 AM,Monday,Main Stn.,Utilized Off Route,10,20,bw,7685
2014/09/29,68,7:48:00 AM,Monday,Warden Ave & Sherwood Ave,Emergency Services,5,9,SB,7623
2014/09/29,196,7:57:00 AM,Monday,Downsview stn,Utilized Off Route,4,8,n/b,8354
2014/09/29,70,8:00:00 AM,Monday,Coxwell stn to Warden stn and Eglinton Pharmacy,General Delay,20,35,bw,
2014/09/29,7,8:00:00 AM,Monday,Steeles to Bathurst stn,General Delay,15,24,b/w,
2014/09/29,199,8:00:00 AM,Monday,Finch station to Scarborough Town Centre,General Delay,8,12,B/W,7115
2014/09/29,39,8:00:00 AM,Monday,Finch station to Neilson & Crow Trail,General Delay,8,12,B/W,1707
2014/09/29,12,8:00:00 AM,Monday,Kingston Route,General Delay,10,20,bw,7721
2014/09/29,85,8:00:00 AM,Monday,Don Mills station to rRouge Hill GO,General Delay,15,10,E/B,
2014/09/29,51,8:00:00 AM,Monday,Townsend to Eglinton stn,General Delay,20,50,b/w,
2014/09/29,61,8:00:00 AM,Monday,Bombay loop to Eglinton stn,General Delay,15,30,b/w,
2014/09/29,11,8:00:00 AM,Monday,Steeles to Davisville stn,General Delay,15,30,b/w,
2014/09/29,95,8:00:00 AM,Monday,95 York Mills all branch,General Delay,10,17,BW,
2014/09/29,196,8:21:00 AM,Monday,Downsview stn,Utilized Off Route,4,8,n/b,9404
2014/09/29,39,8:22:00 AM,Monday,Finch station,Investigation,15,30,EB,7111
2014/09/29,53,8:24:00 AM,Monday,Steeles and Markham,Mechanical,3,9,w,7128
2014/09/29,195,8:25:00 AM,Monday,York University,Mechanical,10,20,S,1343
2014/09/29,51,8:30:00 AM,Monday,Eglinton station,Mechanical,15,30,n/b,1825
2014/09/29,54,8:30:00 AM,Monday,Eglinton stn to the Lawrence rt,General Delay,20,35,bw,
2014/09/29,52,8:33:00 AM,Monday,Celestine & Westway,Investigation,12,24,e/b,1609
2014/09/29,24,8:36:00 AM,Monday,Greylawn and Victoria Park,Emergency Services,10,20,N/B,7815
2014/09/29,52,8:37:00 AM,Monday,Westway at Celestine Dr.,Investigation,12,24,E,1609
2014/09/29,198,8:40:00 AM,Monday,Ellesmere and Morningside,Emergency Services,10,20,e,7645
2014/09/29,29,8:57:00 AM,Monday,Wilson station,Utilized Off Route,4,8,s/b,1825
2014/09/29,53,8:59:00 AM,Monday,Steeles and Don Mills,Mechanical,6,12,w,7033
2014/09/29,100,9:00:00 AM,Monday,Broadview Stn,Investigation,3,6,NB,7516
2014/09/29,196,9:07:00 AM,Monday,Downsview stn,Utilized Off Route,2,4,n/b,8342
2014/09/29,54,9:19:00 AM,Monday,Lawrenc RT,Mechanical,6,12,eb,7469
2014/09/29,129,9:22:00 AM,Monday,McCowan Rd-Altontower Cir S.,Investigation,6,12,sb,1104
2014/09/29,52,9:25:00 AM,Monday,Westway & MartinGrove,Mechanical,13,25,e/b,1423
2014/09/29,45,9:25:00 AM,Monday,Kipling   north of hwy 409 exit,Mechanical,15,23,nb,7963
2014/09/29,196,9:51:00 AM,Monday,Downsview stn,Mechanical,4,8,n/b,8347
2014/09/29,29,9:58:00 AM,Monday,Wilson Station,Mechanical,4,8,S,9051
2014/09/29,168,10:00:00 AM,Monday,entire route,General Delay,20,12,bw,
2014/09/29,165,10:25:00 AM,Monday,WILSON AVE @ JANE STREET,Investigation,36,72,W,7934
2014/09/29,6,10:28:00 AM,Monday,Davenport and Dupont,Mechanical,10,20,S,1587
2014/09/29,41,10:47:00 AM,Monday,Keele and Steetle,Emergency Services,7,14,n/b,1595
2014/09/29,96,11:09:00 AM,Monday,wilson at keele,Mechanical,9,18,e,1350
2014/09/29,199,11:09:00 AM,Monday,Finch station,Mechanical,5,9,EB,7085
2014/09/29,63,11:10:00 AM,Monday,Oakwood and Eglinton,Mechanical,7,14,S,1591
2014/09/29,199,11:24:00 AM,Monday,Finch & Milliken,Mechanical,5,9,WB,7117
2014/09/29,7,11:30:00 AM,Monday,Bathurst stn,Mechanical,9,18,n/b,9056
2014/09/29,102,11:34:00 AM,Monday,Warden Stn.,Utilized Off Route,14,28,bw,7777
2014/09/29,88,11:37:00 AM,Monday,St.Clair station,Mechanical,30,60,E,8309
2014/09/29,25,11:41:00 AM,Monday,@ Wynford,Mechanical,6,12,SB,7451
2014/09/29,106,11:50:00 AM,Monday,Downsview Stn,Mechanical,10,20,12.47 pm.,9433
2014/09/29,709,12:00:00 PM,Monday,Mt Dennis division,Utilized Off Route,5,10,w,1058
2014/09/29,168,12:00:00 PM,Monday,Old Weston and St Clair / Bloor and Symington,General Delay,0,0,e,
2014/09/29,29,12:05:00 PM,Monday,Dufferin and King,Utilized Off Route,4,8,S,9043
2014/09/29,6,12:05:00 PM,Monday,Wellesley Station,Utilized Off Route,10,20,NB,1512
2014/09/29,92,12:07:00 PM,Monday,Woodbine STn,Utilized Off Route,8,16,s,8133
2014/09/29,63,12:08:00 PM,Monday,Davenport & Ossington,Utilized Off Route,7,14,n/b,1056
2014/09/29,90,12:08:00 PM,Monday,St.Clair wst,Utilized Off Route,8,16,n/b,9434
2014/09/29,97,12:08:00 PM,Monday,Davisville station,Utilized Off Route,30,60,N,8315
2014/09/29,501,12:10:00 PM,Monday,Humber Loop,Utilized Off Route,7,14,W,7968
2014/09/29,501,12:10:00 PM,Monday,Lomgbranch Loop,Utilized Off Route,7,14,E,8043
2014/09/29,53,12:20:00 PM,Monday,Steeles and Shadlock,Mechanical,9,32,e,7118
2014/09/29,35,12:28:00 PM,Monday,Jane Stn.,Utilized Off Route,24,48,n,1363
2014/09/29,70,12:29:00 PM,Monday,Coxwell stn,Utilized Off Route,18,36,eb,7622
2014/09/29,100,12:29:00 PM,Monday,Broadview Stn,Utilized Off Route,8,16,NB,7638
2014/09/29,165,12:30:00 PM,Monday,Wilson Stn,Utilized Off Route,9,18,N,7934
2014/09/29,85,12:31:00 PM,Monday,Rouge Hill GO,Mechanical,26,52,W,1107
2014/09/29,96,12:31:00 PM,Monday,wilson stn,Utilized Off Route,9,18,e,1230
2014/09/29,60,12:35:00 PM,Monday,Finch Station,Utilized Off Route,6,12,W,1214
2014/09/29,25,12:36:00 PM,Monday,Pape Stn,Utilized Off Route,6,12,NB,7539
2014/09/29,106,12:40:00 PM,Monday,Downsview Stn,Mechanical,10,20,w,9415
2014/09/29,68,12:45:00 PM,Monday,Warden Station,Utilized Off Route,10,20,sb,7679
2014/09/29,11,12:45:00 PM,Monday,Sunnybrook Hosptial,Mechanical,10,20,n,1808
2014/09/29,96,12:51:00 PM,Monday,York Mill Stn.,Emergency Services,9,28,W,1284
2014/09/29,36,1:00:00 PM,Monday,Finch stn,Mechanical,5,10,W,7929
2014/09/29,52,1:03:00 PM,Monday,Lawrence stn.,Mechanical,15,30,w/b,1027
2014/09/29,129,1:14:00 PM,Monday,McCowan Rd-HY 401,Investigation,6,12,nb,1729
2014/09/29,92,1:19:00 PM,Monday,Woodbine STn,Utilized Off Route,8,16,s,7849
2014/09/29,116,1:20:00 PM,Monday,Eglinton & Markham,Mechanical,10,20,E,7411
2014/09/29,102,1:23:00 PM,Monday,Warden Station,Utilized Off Route,14,28,SB,7688
2014/09/29,6,1:24:00 PM,Monday,Davenport and Dupont,Investigation,10,20,NB,1600
2014/09/29,52,1:32:00 PM,Monday,Lawrence station,Mechanical,15,30,w/b,1631
2014/09/29,41,1:41:00 PM,Monday,York University,Mechanical,7,14,N/b,1544
2014/09/29,94,1:43:00 PM,Monday,Wellesley and Jarvis,Investigation,12,24,EB,1672
2014/09/29,196,1:50:00 PM,Monday,Downsview Stn,Mechanical,8,16,e,8374
2014/09/29,7,2:00:00 PM,Monday,Bathurst stn to Steeles,General Delay,20,40,BW,
2014/09/29,36,2:00:00 PM,Monday,Arrow Rd,Mechanical,5,10,E,1393
2014/09/29,116,2:00:00 PM,Monday,Kennedy Stn - Nighstar,General Delay,5,15,BW,
2014/09/29,86,2:00:00 PM,Monday,Kennedy Stn - Zoo,General Delay,5,15,BW,
2014/09/29,117,2:00:00 PM,Monday,Downsview Stn,Late Leaving Garage,20,40,w,1826
2014/09/29,198,2:00:00 PM,Monday,Kennedy Stn - U of T loop,General Delay,10,20,BW,
2014/09/29,54,2:02:00 PM,Monday,Warden,Mechanical,12,26,W,7562
2014/09/29,92,2:05:00 PM,Monday,Woodbine STn,Utilized Off Route,8,16,s,7785
2014/09/29,25,2:05:00 PM,Monday,Overlea and William Morgan,Mechanical,6,12,,7434
2014/09/29,70,2:10:00 PM,Monday,Coxwell station,Mechanical,18,36,E,7585
2014/09/29,165,2:29:00 PM,Monday,Arrow Garage,Late Leaving Garage,1,1,,7201
2014/09/29,43,2:30:00 PM,Monday,43 Kennedy Route,General Delay,30,48,BW,
2014/09/29,52,2:33:00 PM,Monday,Lawrence at Jane,Mechanical,5,16,e/b,1511
2014/09/29,106,2:40:00 PM,Monday,Downsview Stn,Mechanical,10,20,e,9420
2014/09/29,9,2:43:00 PM,Monday,Warden Station,Late Leaving Garage,15,30,NB,7881
2014/09/29,192,2:50:00 PM,Monday,Kipling Station,Mechanical,10,20,N,8008
2014/09/29,43,2:51:00 PM,Monday,Milliken GO Station (Steeles & Silverstar),Diversion,9,18,NB,7566
2014/09/29,54,2:53:00 PM,Monday,Pharmacy,Mechanical,12,24,E,7646
2014/09/29,84,2:54:00 PM,Monday,Finch and Arrow road,Late Leaving Garage,32,32,N,1802
2014/09/29,53,2:55:00 PM,Monday,Steeles & Miliken Go stop,Diversion,5,10,B/W,
2014/09/29,24,2:59:00 PM,Monday,VP STATION,Mechanical,14,28,N,7723
2014/09/29,195,3:00:00 PM,Monday,Jane Rocket,General Delay,20,30,B,
2014/09/29,35,3:00:00 PM,Monday,Jane route,General Delay,16,20,B,
2014/09/29,160,3:00:00 PM,Monday,Wilson stn to Clark,General Delay,20,35,BW,
2014/09/29,108,3:00:00 PM,Monday,Arrow Garage,Late Leaving Garage,1,1,,1338
2014/09/29,161,3:00:00 PM,Monday,Entire Route,General Delay,8,20,B/W,
2014/09/29,24,3:00:00 PM,Monday,VP ROUTE,General Delay,8,0,BW,
2014/09/29,60,3:03:00 PM,Monday,Finch Station,Late Leaving Garage,15,0,W,1329
2014/09/29,191,3:03:00 PM,Monday,Hyw27 @ Rexdale,Investigation,8,15,S,7944
2014/09/29,95,3:04:00 PM,Monday,York Mills Rd-Banbury Rd,Mechanical,8,16,wb,1746
2014/09/29,102,3:06:00 PM,Monday,Warden Station,Late Leaving Garage,7,14,NB,7845
2014/09/29,54,3:08:00 PM,Monday,Lawrence RT,Late Leaving Garage,12,24,W,7571
2014/09/29,54,3:09:00 PM,Monday,Eglinton Garage,Late Leaving Garage,10,20,E,7626
2014/09/29,60,3:10:00 PM,Monday,Finch Station,Late Leaving Garage,7,14,W,1326
2014/09/29,35,3:11:00 PM,Monday,Arrow Garage,Late Leaving Garage,1,1,,1213
2014/09/29,102,3:14:00 PM,Monday,Warden Station,Utilized Off Route,7,14,SB,7845
2014/09/29,36,3:15:00 PM,Monday,Arrow Garage,Late Leaving Garage,1,1,,7210
2014/09/29,46,3:15:00 PM,Monday,Steeles,Late Leaving Garage,10,21,S,1211
2014/09/29,53,3:16:00 PM,Monday,Finch Stn,Mechanical,21,31,E,9083
2014/09/29,96,3:18:00 PM,Monday,Woodvinedowns,Mechanical,7,13,E,1371
2014/09/29,96,3:18:00 PM,Monday,Elmhurst,Mechanical,6,12,E,1347
2014/09/29,61,3:19:00 PM,Monday,Eglinton Station,Mechanical,12,24,N,8168
2014/09/29,60,3:19:00 PM,Monday,Signal Hill,Late Leaving Garage,7,14,E,7248
2014/09/29,60,3:21:00 PM,Monday,Finch Station,Mechanical,16,32,W,
2014/09/29,54,3:22:00 PM,Monday,Eglinton Garage,Utilized Off Route,10,20,sb,7658
2014/09/29,60,3:22:00 PM,Monday,Finch Station,Mechanical,7,14,W,
2014/09/29,60,3:23:00 PM,Monday,Kipling and Steeles,Late Leaving Garage,15,30,E,7929
2014/09/29,87,3:24:00 PM,Monday,Main STn,Mechanical,6,12,w,7818
2014/09/29,100,3:24:00 PM,Monday,Broadview Station,Utilized Off Route,6,12,sb,7445
2014/09/29,165,3:26:00 PM,Monday,Weston & Finch,Late Leaving Garage,5,10,NB,7246
2014/09/29,6,3:27:00 PM,Monday,Bay and Gerrard,Mechanical,5,10,SB,1300
2014/09/29,35,3:28:00 PM,Monday,Jane and Steeles,Late Leaving Garage,5,10,S,
2014/09/29,133,3:31:00 PM,Monday,STC SRT,Mechanical,7,14,eb,1717
2014/09/29,105,3:31:00 PM,Monday,Dufferin and Steeles,Late Leaving Garage,20,32,s,9422
2014/09/29,501,3:31:00 PM,Monday,Long Branch loop,Mechanical,6,12,E,7311
2014/09/29,35,3:32:00 PM,Monday,Shoreham & Jane,Late Leaving Garage,7,14,N,1266
2014/09/29,191,3:32:00 PM,Monday,Martingrove and Royalcrest,Late Leaving Garage,7,15,S,7949
2014/09/29,60,3:34:00 PM,Monday,Finch Station,Late Leaving Garage,15,30,W,1579
2014/09/29,165,3:35:00 PM,Monday,Bathurts,Mechanical,5,10,E,7901
2014/09/29,60,3:36:00 PM,Monday,Finch Station,Late Leaving Garage,7,14,W,1378
2014/09/29,37,3:36:00 PM,Monday,Steeles,Late Leaving Garage,8,16,S,
2014/09/29,52,3:38:00 PM,Monday,Westwood mall,Late Leaving Garage,17,33,w/b,1541
2014/09/29,82,3:39:00 PM,Monday,Cresent and Lamport,Investigation,20,40,E,8323
2014/09/29,165,3:39:00 PM,Monday,York Mills Stn,Late Leaving Garage,5,10,NB,1261
2014/09/29,84,3:40:00 PM,Monday,Rivalda,Late Leaving Garage,10,21,W,
2014/09/29,191,3:40:00 PM,Monday,Martin grove @ Royal Crest,Mechanical,8,15,S,7927
2014/09/29,75,3:41:00 PM,Monday,Sherbourne and Bloor,Utilized Off Route,7,14,N,8190
2014/09/29,96,3:44:00 PM,Monday,Woodbine downs and Carrier drive,Late Leaving Garage,7,14,E,1392
2014/09/29,36,3:44:00 PM,Monday,Finch Station,Late Leaving Garage,4,8,WB,1232
2014/09/29,102,3:51:00 PM,Monday,Warden Station,Utilized Off Route,10,20,NB,7790
2014/09/29,102,3:51:00 PM,Monday,Centennial College,Utilized Off Route,10,20,NB,7790
2014/09/29,36,3:55:00 PM,Monday,Finch Stn,Late Leaving Garage,5,10,WB,1329
2014/09/29,112,3:59:00 PM,Monday,Ragoon Rd and Eringate Dr,Diversion,15,30,N,8041
2014/09/29,53,4:00:00 PM,Monday,Finch Stn to Staines,General Delay,15,20,B/W,
2014/09/29,113,4:00:00 PM,Monday,DANFORTH ROUTE,General Delay,7,0,BW,
2014/09/29,59,4:00:00 PM,Monday,Lawrence West station,Mechanical,12,24,W,
2014/09/29,11,4:00:00 PM,Monday,Yorkmills to 401,General Delay,10,20,N,
2014/09/29,96,4:08:00 PM,Monday,Between York mill stn and Wilson Stn,General Delay,6,12,W,7922
2014/09/29,54,4:09:00 PM,Monday,Eglinton Garage,Late Leaving Garage,10,20,E,7463
2014/09/29,16,4:10:00 PM,Monday,Linden and Danforth,Investigation,8,16,SB,7846
2014/09/29,44,4:13:00 PM,Monday,Col. Samuel Smith Loop,Investigation,4,8,N,8070
2014/09/29,6,4:16:00 PM,Monday,Queens Quay and dock side,Utilized Off Route,11,22,NB,1626
2014/09/29,85,4:30:00 PM,Monday,,General Delay,9,14,E,
2014/09/29,141,4:35:00 PM,Monday,Adelaide and Spadina,Mechanical,1,1,NB,1023
2014/09/29,41,4:35:00 PM,Monday,Keele and Calvington,Mechanical,8,16,S/b,1423
2014/09/29,165,4:35:00 PM,Monday,Bathurst,Mechanical,5,10,E,7901
2014/09/29,41,4:36:00 PM,Monday,Keele and Lawrence,Utilized Off Route,16,32,S/b,1662
2014/09/29,36,4:44:00 PM,Monday,JohnGarland,Mechanical,4,8,w,7940
2014/09/29,6,4:45:00 PM,Monday,Queen Quay and Dock side,Utilized Off Route,11,22,NB,1562
2014/09/29,36,4:50:00 PM,Monday,Arrow Rd,Mechanical,5,10,E,7927
2014/09/29,52,4:58:00 PM,Monday,Westwood mall,Mechanical,17,33,e/b,1577
2014/09/29,25,5:00:00 PM,Monday,25 Don Mills Route,General Delay,15,18,,
2014/09/29,165,5:03:00 PM,Monday,Jane,Mechanical,5,10,E,1289
2014/09/29,141,5:05:00 PM,Monday,Jarvis and Richmond,Late Leaving Garage,1,1,WB,1584
2014/09/29,89,5:16:00 PM,Monday,Weston and Lambton,Investigation,7,14,N/B,1235
2014/09/29,44,5:24:00 PM,Monday,Col Samuel Smith Loop,Investigation,4,8,N,8072
2014/09/29,47,5:27:00 PM,Monday,Caledonia and Eglinton,Investigation,26,52,S/B,1618
2014/09/29,102,5:28:00 PM,Monday,Centennial College,Mechanical,10,20,SB,7729
2014/09/29,89,5:29:00 PM,Monday,Weston and Coulter,Diversion,219,226,b/W,
2014/09/29,59,5:33:00 PM,Monday,OAK & Weston  (@COULTER),Diversion,249,24,E,1222
2014/09/29,60,5:35:00 PM,Monday,Signal Hill,Mechanical,7,14,E,1377
2014/09/29,36,5:45:00 PM,Monday,Finch stn,Mechanical,14,28,E,1281
2014/09/29,165,5:50:00 PM,Monday,Jane st,Mechanical,5,10,E,1289
2014/09/29,32,5:56:00 PM,Monday,Eglinton West station,Mechanical,5,10,EB,1527
2014/09/29,47,6:02:00 PM,Monday,Queen and Lansdowne,Utilized Off Route,13,26,N/B,1031
2014/09/29,61,6:03:00 PM,Monday,Bombay loop,Utilized Off Route,12,24,S,8322
2014/09/29,142,6:03:00 PM,Monday,Bombay Loop,Mechanical,30,60,S,8337
2014/09/29,16,6:08:00 PM,Monday,STC,Mechanical,8,16,SB,7682
2014/09/29,52,6:10:00 PM,Monday,Keele and Lawrence,Mechanical,3,6,e/b,1630
2014/09/29,90,6:10:00 PM,Monday,Vaughan and Oakwood,Mechanical,5,10,S,9429
2014/09/29,70,6:29:00 PM,Monday,Warden station,Investigation,15,30,W,7466
2014/09/29,71,6:31:00 PM,Monday,Runnymede and Dundas,Mechanical,22,44,NB,1420
2014/09/29,85,6:34:00 PM,Monday,Palmdale Drive,Mechanical,9,18,E,1796
2014/09/29,106,6:34:00 PM,Monday,Downsview Stn,Mechanical,9,19,n,8182
2014/09/29,45,6:37:00 PM,Monday,Steeles Loop,Mechanical,14,28,S,8076
2014/09/29,9,6:54:00 PM,Monday,Warden Station,Mechanical,15,30,SB,7712
2014/09/29,62,6:55:00 PM,Monday,Main Stn,Investigation,20,40,w,7724
2014/09/29,132,7:00:00 PM,Monday,Huofield Trail & Sewells,Mechanical,12,24,eb,1755
2014/09/29,84,7:00:00 PM,Monday,Sheppard Route,General Delay,20,15,BW,
2014/09/29,29,7:10:00 PM,Monday,Wilson stn,Mechanical,5,10,S,9020
2014/09/29,102,7:20:00 PM,Monday,Mcnichol and Markham,Mechanical,10,20,N,8144
2014/09/29,102,7:20:00 PM,Monday,Tuxedo Crt and Markham,Investigation,9,18,NB,7774
2014/09/29,63,7:30:00 PM,Monday,Ossington / Queen,Investigation,6,121,n,1528
2014/09/29,7,7:30:00 PM,Monday,Bathurst and Burton,Mechanical,8,16,N,9039
2014/09/29,54,7:46:00 PM,Monday,Lawrence SRT,Mechanical,14,30,E,7635
2014/09/29,501,7:50:00 PM,Monday,Longbranch Loop,Mechanical,8,16,e,7978
2014/09/29,68,7:57:00 PM,Monday,Warden STN,Investigation,10,20,SB,7565
2014/09/29,24,8:39:00 PM,Monday,Major Mackenzie and Markham,Mechanical,18,36,S,8134
2014/09/29,54,8:55:00 PM,Monday,Eglinton station,Mechanical,16,32,W,7484
2014/09/29,25,9:03:00 PM,Monday,Thorncliffe & Overlea,Utilized Off Route,7,14,SB,7522
2014/09/29,168,9:07:00 PM,Monday,Old Weston and St Clair,Investigation,10,22,e,8005
2014/09/29,196,9:15:00 PM,Monday,Bus roadway/ GO tracks,Mechanical,9,18,s,9404
2014/09/29,196,9:15:00 PM,Monday,York U Bus Roadway/ GO tracks,Mechanical,9,18,s,9404
2014/09/29,116,9:19:00 PM,Monday,Eglinton & Guildcrest,Investigation,10,22,EB,10
2014/09/29,133,9:30:00 PM,Monday,STC,Mechanical,10,20,EB,1738
2014/09/29,41,9:35:00 PM,Monday,Keele  / lawrence,Mechanical,15,30,n,1669
2014/09/29,169,10:10:00 PM,Monday,Don Mills/ Esterbrook,Mechanical,30,60,s,8181
2014/09/29,36,10:17:00 PM,Monday,Ardwick Blvd,Mechanical,7,14,E,1554
2014/09/29,131,11:07:00 PM,Monday,McCowan - Hwy 401 Overpass,Mechanical,22,44,W,1113
2014/09/29,39,11:52:00 PM,Monday,Finch - Don Mills,Mechanical,6,12,E,1071
2014/09/30,190,12:37:00 AM,Tuesday,Sheppard - Palmdale,Mechanical,15,30,W,1797
2014/09/30,39,1:37:00 AM,Tuesday,Finch - Baylawn,Investigation,6,12,E,1788
2014/09/30,85,2:26:00 AM,Tuesday,Don Mills Station,Mechanical,10,20,E,1783
2014/09/30,7,4:40:00 AM,Tuesday,Village Gate and Greenwin Village,Late Leaving Garage,10,40,s,9014
2014/09/30,300,4:49:00 AM,Tuesday,Hwy 427 and Rathburn,Mechanical,26,56,W,8009
2014/09/30,300,4:58:00 AM,Tuesday,East Mall and Bloor,Utilized Off Route,7,15,E,7707
2014/09/30,34,5:00:00 AM,Tuesday,Eglinton and Brimley,Mechanical,13,0,w,7437
2014/09/30,52,5:25:00 AM,Tuesday,Weston & Lawrence,Mechanical,10,12,e/b,1542
2014/09/30,36,5:25:00 AM,Tuesday,Arrow Rd,Investigation,10,20,E,1204
2014/09/30,53,5:27:00 AM,Tuesday,Passmore and Markham,Mechanical,4,9,w,7130
2014/09/30,116,5:33:00 AM,Tuesday,Staines and Morningside,Mechanical,7,14,w,7605
2014/09/30,29,5:43:00 AM,Tuesday,Wilson Garage,Late Leaving Garage,7,14,s,9035
2014/09/30,29,5:43:00 AM,Tuesday,Wilson Garage,Late Leaving Garage,7,14,,9053
2014/09/30,52,5:45:00 AM,Tuesday,Royal York & Dixon,Mechanical,5,10,e/b,1411
2014/09/30,168,5:58:00 AM,Tuesday,ROGERS AND BICKNELL,Mechanical,4,9,N,8041
2014/09/30,165,6:00:00 AM,Tuesday,Yorkmills Stn,Mechanical,5,10,N,7234
2014/09/30,37,6:05:00 AM,Tuesday,Finch and Islington,Late Leaving Garage,6,12,S,
2014/09/30,91,6:05:00 AM,Tuesday,Woodbine stn.,Late Leaving Garage,18,36,n/b,7721
2014/09/30,34,6:05:00 AM,Tuesday,Eglinton station,Mechanical,4,8,ew,7601
2014/09/30,95,6:08:00 AM,Tuesday,Ellesmere R.T. Station,Mechanical,3,7,w,8379
2014/09/30,12,6:10:00 AM,Tuesday,Vic Park stn.,Late Leaving Garage,11,23,n/b,7848
2014/09/30,7,6:11:00 AM,Tuesday,Bathurst stn,Mechanical,9,17,n/b,9005
2014/09/30,52,6:14:00 AM,Tuesday,Lawrence stn,Mechanical,12,24,w/b,1646
2014/09/30,12,6:16:00 AM,Tuesday,Vic Park stn.,Mechanical,11,23,s/b,8109
2014/09/30,32,6:18:00 AM,Tuesday,Eglinton and Keele,Late Leaving Garage,5,10,E,1587
2014/09/30,116,6:18:00 AM,Tuesday,Staines and Morningside,Mechanical,6,12,e,7656
2014/09/30,25,6:19:00 AM,Tuesday,Freshmeadow,Mechanical,5,10,SB,7513
2014/09/30,29,6:20:00 AM,Tuesday,Wilson Garage,Mechanical,7,13,n,8214
2014/09/30,192,6:21:00 AM,Tuesday,Kipling station,Mechanical,13,27,nb,8010
2014/09/30,84,6:23:00 AM,Tuesday,Finch and Arrow,Mechanical,12,31,BW,
2014/09/30,165,6:24:00 AM,Tuesday,Yorkmills Stn,Mechanical,5,10,N,1271
2014/09/30,39,6:25:00 AM,Tuesday,Finch station,Late Leaving Garage,4,8,EB,1399
2014/09/30,100,6:29:00 AM,Tuesday,Eglinton Stn,Mechanical,4,19,EB,7632
2014/09/30,60,6:29:00 AM,Tuesday,Signet and Steele Ave,Late Leaving Garage,2,10,E,
2014/09/30,191,6:30:00 AM,Tuesday,finch ave - hwy 27 to martingrove,General Delay,18,24,bw,
2014/09/30,96,6:30:00 AM,Tuesday,wilson ave - transit rd to bathurst,General Delay,20,38,bw,
2014/09/30,37,6:32:00 AM,Tuesday,Steeles and Islington,Late Leaving Garage,6,12,S,
2014/09/30,195,6:32:00 AM,Tuesday,Entire AM Schedule,Late Leaving Garage,10,20,BW,
2014/09/30,97,6:32:00 AM,Tuesday,Davisville Station,Utilized Off Route,30,60,N,8169
2014/09/30,50,6:33:00 AM,Tuesday,Mill road Loop,Mechanical,10,20,70725,7337
2014/09/30,46,6:34:00 AM,Tuesday,martingrove at steeles,Late Leaving Garage,10,25,s,7918
2014/09/30,37,6:34:00 AM,Tuesday,islington stn,Late Leaving Garage,6,12,n,1219
2014/09/30,84,6:35:00 AM,Tuesday,Sheppard and Bathurst,Diversion,30,36,EB,7236
2014/09/30,125,6:36:00 AM,Tuesday,Bathurst and Antibies,Late Leaving Garage,6,12,e/b,8313
2014/09/30,165,6:36:00 AM,Tuesday,Yorkmills Stn,Late Leaving Garage,20,40,N,7207
2014/09/30,54,6:36:00 AM,Tuesday,Lawrence Scarbough Golf Club rd,Mechanical,9,18,eb,7578
2014/09/30,36,6:42:00 AM,Tuesday,Weston Rd,Mechanical,14,28,W,1802
2014/09/30,36,6:45:00 AM,Tuesday,Humberwood Loop,Mechanical,5,10,E,0
2014/09/30,96,6:49:00 AM,Tuesday,woodbine downs,Late Leaving Garage,18,36,e,1289
2014/09/30,63,6:51:00 AM,Tuesday,Eglinton Staion,Late Leaving Garage,7,14,s/b,1553
2014/09/30,46,6:54:00 AM,Tuesday,martingrove at steeles,Late Leaving Garage,11,21,s,
2014/09/30,191,6:54:00 AM,Tuesday,martingrove at royalcrest,Late Leaving Garage,5,10,n,
2014/09/30,36,6:59:00 AM,Tuesday,Finch stn,Mechanical,4,8,W,0
2014/09/30,124,7:00:00 AM,Tuesday,Sunnybrook Route,General Delay,10,5,BW,
2014/09/30,102,7:03:00 AM,Tuesday,Warden Stn,Late Leaving Garage,21,30,n,7830
2014/09/30,47,7:05:00 AM,Tuesday,Bridgeland,Mechanical,9,18,n/b,1421
2014/09/30,60,7:06:00 AM,Tuesday,Finch Stn,Late Leaving Garage,14,28,W,
2014/09/30,36,7:07:00 AM,Tuesday,Finch stn,Mechanical,4,8,W,0
2014/09/30,96,7:07:00 AM,Tuesday,woodbine downs,Late Leaving Garage,18,54,e,
2014/09/30,36,7:09:00 AM,Tuesday,Weston Rd,Mechanical,4,8,W,0
2014/09/30,36,7:13:00 AM,Tuesday,Humberwood Loop,Mechanical,4,8,e,0
2014/09/30,60,7:14:00 AM,Tuesday,Finch Stn,Mechanical,6,12,W,7226
2014/09/30,38,7:17:00 AM,Tuesday,U of T Loop Closed,Diversion,15,30,WB,1099
2014/09/30,38,7:17:00 AM,Tuesday,U of T Loop on Military Trail,Investigation,15,30,WB,1799
2014/09/30,108,7:18:00 AM,Tuesday,Downsview Stn,Late Leaving Garage,18,36,W,
2014/09/30,95,7:19:00 AM,Tuesday,U of T Loop,Investigation,7,14,WB,1752
2014/09/30,198,7:20:00 AM,Tuesday,Scarbprough college loop,Investigation,10,20,e,7459
2014/09/30,36,7:20:00 AM,Tuesday,Finch Stn,Mechanical,14,28,W,1368
2014/09/30,60,7:22:00 AM,Tuesday,Kipling and Steeles Loop,Utilized Off Route,14,28,W,1383
2014/09/30,14,7:22:00 AM,Tuesday,Caledonia & Glencairn,Late Leaving Garage,15,30,e/,1235
2014/09/30,95,7:23:00 AM,Tuesday,Military and Ellesmere,Mechanical,7,14,WB,1744
2014/09/30,54,7:26:00 AM,Tuesday,Star Spray Loop,Mechanical,9,18,wb,7439
2014/09/30,90,7:30:00 AM,Tuesday,Northcliff to St.Clair west,General Delay,15,23,b/w,
2014/09/30,30,7:30:00 AM,Tuesday,Entire route,General Delay,20,28,bw,
2014/09/30,160,7:30:00 AM,Tuesday,clark to Wilson stn,General Delay,10,35,b/w,
2014/09/30,116,7:30:00 AM,Tuesday,Morningside Route,General Delay,25,0,B/W,
2014/09/30,109,7:30:00 AM,Tuesday,Neptune to Eglinton west stn,General Delay,20,50,b/w,
2014/09/30,198,7:30:00 AM,Tuesday,Scarborough Rocket,General Delay,20,0,B/W,
2014/09/30,91,7:30:00 AM,Tuesday,Route 91 Woodbine.,General Delay,5,1,b/w,
2014/09/30,143,7:30:00 AM,Tuesday,Route 143 premium express,General Delay,10,1,b/w,
2014/09/30,86,7:30:00 AM,Tuesday,Scarborough Route,General Delay,25,0,B/W,
2014/09/30,33,7:30:00 AM,Tuesday,Castlefield to St.Clair west,General Delay,15,31,b/w,
2014/09/30,190,7:36:00 AM,Tuesday,Don Mills station,Investigation,5,11,E,1074
2014/09/30,12,7:45:00 AM,Tuesday,Route 12 Kingston rd.,General Delay,5,1,b/w,
2014/09/30,87,7:45:00 AM,Tuesday,Main stn.,Utilized Off Route,10,2,s/b,8110
2014/09/30,84,7:45:00 AM,Tuesday,Oakdale and Sheppard Ave,Mechanical,17,34,EB,1311
2014/09/30,60,7:46:00 AM,Tuesday,Signal Hill and Steeles Ave West,Late Leaving Garage,7,14,E,
2014/09/30,90,7:52:00 AM,Tuesday,St.Clair west,Mechanical,8,16,n/b,9409
2014/09/30,195,7:53:00 AM,Tuesday,Jane and Steeles,Late Leaving Garage,10,20,SB,1230
2014/09/30,36,7:55:00 AM,Tuesday,Arrow Rd,Mechanical,4,8,e,7968
2014/09/30,36,7:55:00 AM,Tuesday,Arrow Rd,Mechanical,5,10,e,1258
2014/09/30,46,7:59:00 AM,Tuesday,kipling stn,Utilized Off Route,12,25,n,1281
2014/09/30,191,7:59:00 AM,Tuesday,kipling stn,Utilized Off Route,5,10,n,7928
2014/09/30,191,7:59:00 AM,Tuesday,kipling stn,Utilized Off Route,5,10,n,7954
2014/09/30,21,8:00:00 AM,Tuesday,Route 21 Brimley,General Delay,6,1,b/w,
2014/09/30,199,8:00:00 AM,Tuesday,Finch station to Scarborough Town Centre,General Delay,8,12,B/W,7105
2014/09/30,709,8:00:00 AM,Tuesday,Eglinton West Station,Utilized Off Route,1,1,E,1663
2014/09/30,88,8:00:00 AM,Tuesday,St.Clair Station,Utilized Off Route,12,24,E,8178
2014/09/30,39,8:00:00 AM,Tuesday,Finch station to Neilson & Crow Trail,General Delay,8,12,B/W,7128
2014/09/30,7,8:00:00 AM,Tuesday,Steeles to Bathurst stn,General Delay,10,19,b/w,
2014/09/30,25,8:00:00 AM,Tuesday,Entire Route,General Delay,12,10,BW,
2014/09/30,95,8:00:00 AM,Tuesday,Entire Route,General Delay,15,0,BW,
2014/09/30,29,8:01:00 AM,Tuesday,Princess Gates,Utilized Off Route,7,14,n,8214
2014/09/30,40,8:02:00 AM,Tuesday,DUNDAS WEST STATION,Utilized Off Route,7,13,E,7324
2014/09/30,6,8:02:00 AM,Tuesday,Davenport and Yonge,Utilized Off Route,6,13,S/B,1593
2014/09/30,39,8:03:00 AM,Tuesday,Finch station,Utilized Off Route,3,6,EB,1399
2014/09/30,5,8:05:00 AM,Tuesday,Avenue road and Bloor,Utilized Off Route,14,28,N,1818
2014/09/30,52,8:05:00 AM,Tuesday,Keele & Lawrence,Utilized Off Route,12,24,e/b,1634
2014/09/30,100,8:05:00 AM,Tuesday,Broadview Stn,Utilized Off Route,3,6,NB,7517
2014/09/30,41,8:05:00 AM,Tuesday,Keele stn,Utilized Off Route,8,16,n,1039
2014/09/30,47,8:05:00 AM,Tuesday,Queen and Lansdowne,Utilized Off Route,9,18,N/B,1031
2014/09/30,102,8:05:00 AM,Tuesday,Warden Stn,Utilized Off Route,11,22,n,7683
2014/09/30,39,8:07:00 AM,Tuesday,Finch station,Utilized Off Route,7,47,EB,1147
2014/09/30,89,8:07:00 AM,Tuesday,Keele stn,Utilized Off Route,5,10,n,1664
2014/09/30,199,8:08:00 AM,Tuesday,Finch station,Utilized Off Route,2,5,EB,7024
2014/09/30,90,8:08:00 AM,Tuesday,St.Clair west stn,Utilized Off Route,8,16,n/b,9401
2014/09/30,81,8:09:00 AM,Tuesday,Pape STn,Utilized Off Route,1,1,n,7769
2014/09/30,190,8:09:00 AM,Tuesday,Don Mills station,Utilized Off Route,5,11,E,1763
2014/09/30,24,8:09:00 AM,Tuesday,Victoria Park Stn,Utilized Off Route,1,1,n,8107
2014/09/30,95,8:09:00 AM,Tuesday,York mills Station,Utilized Off Route,4,8,EB,9419
2014/09/30,64,8:09:00 AM,Tuesday,Main Stn,Utilized Off Route,8,16,s,7813
2014/09/30,52,8:10:00 AM,Tuesday,Keele & Lawrence,Utilized Off Route,12,24,w/b,1612
2014/09/30,75,8:10:00 AM,Tuesday,Sherbourne and Bloor,Utilized Off Route,6,12,n/b,8173
2014/09/30,89,8:10:00 AM,Tuesday,Keele stn,Utilized Off Route,4,9,n,1513
2014/09/30,25,8:10:00 AM,Tuesday,Pape Stn,Utilized Off Route,3,6,NB,7625
2014/09/30,7,8:10:00 AM,Tuesday,Bathurst stn,Utilized Off Route,9,18,n/b,9016
2014/09/30,35,8:10:00 AM,Tuesday,Jane Stn,Utilized Off Route,10,20,NB,1366
2014/09/30,54,8:11:00 AM,Tuesday,Eglinton stn,Utilized Off Route,6,12,eb,7674
2014/09/30,6,8:12:00 AM,Tuesday,Davenport and Yonge,Utilized Off Route,6,13,S/B,1673
2014/09/30,89,8:12:00 AM,Tuesday,Keele stn,Utilized Off Route,5,9,n,1642
2014/09/30,85,8:12:00 AM,Tuesday,Don Mills station,Mechanical,3,7,E,1397
2014/09/30,100,8:12:00 AM,Tuesday,Broadview Stn,Utilized Off Route,15,30,NB,7536
2014/09/30,124,8:13:00 AM,Tuesday,Lawrence Station,Utilized Off Route,6,11,E,8369
2014/09/30,44,8:13:00 AM,Tuesday,Kipling station,Utilized Off Route,4,8,sb,8087
2014/09/30,46,8:13:00 AM,Tuesday,kipling stn,Utilized Off Route,11,21,n,1281
2014/09/30,53,8:13:00 AM,Tuesday,Finch Station,Utilized Off Route,4,9,e,1709
2014/09/30,144,8:15:00 AM,Tuesday,Bloor Broadview,Utilized Off Route,1,1,eb,7503
2014/09/30,165,8:15:00 AM,Tuesday,Wilson Stn,Utilized Off Route,5,10,Eb,1296
2014/09/30,195,8:16:00 AM,Tuesday,Jane Stn,Utilized Off Route,10,20,NB,1350
2014/09/30,37,8:16:00 AM,Tuesday,Islington Stn,Utilized Off Route,8,16,N,1387
2014/09/30,144,8:17:00 AM,Tuesday,Adelaide Simcoe,Utilized Off Route,1,1,eb,7411
2014/09/30,92,8:19:00 AM,Tuesday,Woodbine STn,Utilized Off Route,8,16,s,7738
2014/09/30,198,8:20:00 AM,Tuesday,scarborough loop,Mechanical,10,20,w,7652
2014/09/30,53,8:21:00 AM,Tuesday,Steeles and Mccowan,Utilized Off Route,5,10,w,1777
2014/09/30,199,8:23:00 AM,Tuesday,Scarborough Town Centre,Utilized Off Route,3,6,EB,7130
2014/09/30,95,8:23:00 AM,Tuesday,York Mills Station,Utilized Off Route,4,8,EB,9437
2014/09/30,112,8:25:00 AM,Tuesday,Skymark and Commerce,Utilized Off Route,12,13,sb,7340
2014/09/30,85,8:27:00 AM,Tuesday,Don Mills station,Utilized Off Route,4,8,E,1705
2014/09/30,85,8:28:00 AM,Tuesday,Sheppard and Lapsley,Mechanical,4,8,E,1129
2014/09/30,34,8:29:00 AM,Tuesday,Eglinton Station,Utilized Off Route,4,8,EB,7556
2014/09/30,53,8:29:00 AM,Tuesday,Morningside and Staines,Utilized Off Route,16,28,w,9092
2014/09/30,39,8:30:00 AM,Tuesday,Finch station,Utilized Off Route,8,16,EB,1127
2014/09/30,26,8:38:00 AM,Tuesday,JANE STATION,Utilized Off Route,16,32,E,8021
2014/09/30,35,8:40:00 AM,Tuesday,Jane and Stanley,Mechanical,5,10,SB,1375
2014/09/30,88,8:43:00 AM,Tuesday,St.Clair Station,Utilized Off Route,19,31,E,1807
2014/09/30,89,8:44:00 AM,Tuesday,Keele stn,Utilized Off Route,4,9,n,1522
2014/09/30,90,8:44:00 AM,Tuesday,St.Clair west,Utilized Off Route,6,12,n/b,9441
2014/09/30,84,8:45:00 AM,Tuesday,Sheppard Stn,Mechanical,17,34,WB,7236
2014/09/30,29,8:45:00 AM,Tuesday,Princess Gates,Utilized Off Route,7,14,n,9042
2014/09/30,84,8:45:00 AM,Tuesday,Sheppard and Oakdale,Mechanical,5,9,EB,7941
2014/09/30,59,8:46:00 AM,Tuesday,Weston Rd and Oak,Utilized Off Route,10,20,EB,7943
2014/09/30,53,8:49:00 AM,Tuesday,Finch Station,Utilized Off Route,1,1,e,9086
2014/09/30,29,8:50:00 AM,Tuesday,Bloor St & Dufferin,Utilized Off Route,7,14,n,9004
2014/09/30,41,8:50:00 AM,Tuesday,Keele stn,Utilized Off Route,0,0,n,1249
2014/09/30,191,8:50:00 AM,Tuesday,kipling stn,Utilized Off Route,12,17,n,7949
2014/09/30,41,8:50:00 AM,Tuesday,Keele and Wilson,Utilized Off Route,0,0,s,1665
2014/09/30,191,8:50:00 AM,Tuesday,kipling stn,Utilized Off Route,7,11,n,7949
2014/09/30,75,8:50:00 AM,Tuesday,Sherbourne at Bloor,Utilized Off Route,8,16,n/b,8162
2014/09/30,25,8:51:00 AM,Tuesday,Pape Stn,Utilized Off Route,3,6,NB,7417
2014/09/30,97,8:52:00 AM,Tuesday,Davisville Station,Utilized Off Route,13,30,N,8189
2014/09/30,17,8:53:00 AM,Tuesday,Warden STn,Utilized Off Route,13,26,n,7847
2014/09/30,709,8:55:00 AM,Tuesday,Eglinton West Station,Utilized Off Route,1,1,w,1007
2014/09/30,46,8:55:00 AM,Tuesday,kipling stn,Utilized Off Route,15,25,n,7210
2014/09/30,24,8:55:00 AM,Tuesday,Victoria Park Stn,Utilized Off Route,10,20,n,7780
2014/09/30,39,8:55:00 AM,Tuesday,Finch & Pharmacy,Utilized Off Route,4,8,EB,1100
2014/09/30,7,8:56:00 AM,Tuesday,Bathurst stn,Utilized Off Route,9,18,n/b,9041
2014/09/30,60,8:56:00 AM,Tuesday,York U Commons,Investigation,6,12,W,1225
2014/09/30,87,8:57:00 AM,Tuesday,Broadview Stn,Utilized Off Route,1,1,e,7690
2014/09/30,84,8:58:00 AM,Tuesday,Keele and Sheppard,Mechanical,9,17,WB,1309
2014/09/30,709,9:00:00 AM,Tuesday,Eglinton station,Utilized Off Route,1,1,w,1627
2014/09/30,165,9:00:00 AM,Tuesday,Steeles,Utilized Off Route,5,10,S,7234
2014/09/30,41,9:00:00 AM,Tuesday,Keele stn,Utilized Off Route,0,0,s,1509
2014/09/30,12,9:00:00 AM,Tuesday,Victoria Park Stn,Utilized Off Route,18,36,w,7798
2014/09/30,709,9:00:00 AM,Tuesday,Eglinton West,Utilized Off Route,1,1,E,1627
2014/09/30,29,9:00:00 AM,Tuesday,Princess Gates,Utilized Off Route,7,14,n,9032
2014/09/30,144,9:00:00 AM,Tuesday,Peter Adelaide,Utilized Off Route,1,1,wb,7461
2014/09/30,54,9:00:00 AM,Tuesday,Lawrence Warden,Utilized Off Route,1,1,wb,7421
2014/09/30,165,9:00:00 AM,Tuesday,Bathurst,Utilized Off Route,5,10,E,1378
2014/09/30,16,9:02:00 AM,Tuesday,Warden Stn,Utilized Off Route,10,20,n,8118
2014/09/30,79,9:03:00 AM,Tuesday,Runnymede stn,Utilized Off Route,0,0,n/b,1029
2014/09/30,501,9:05:00 AM,Tuesday,Long Branch Loop,Utilized Off Route,7,14,eb,7974
2014/09/30,94,9:05:00 AM,Tuesday,Wellesley Stn,Utilized Off Route,1,1,W/B,1660
2014/09/30,60,9:05:00 AM,Tuesday,Keele and Steeles Ave West,Utilized Off Route,12,24,E,1751
2014/09/30,95,9:05:00 AM,Tuesday,York Mills Station,Utilized Off Route,1,1,EB,1402
2014/09/30,60,9:06:00 AM,Tuesday,Bathurst and Steeles Ave West,Mechanical,6,12,W,7929
2014/09/30,100,9:07:00 AM,Tuesday,Broadview Stn,Utilized Off Route,4,8,NB,7531
2014/09/30,37,9:09:00 AM,Tuesday,Steeles and Islington,Utilized Off Route,1,1,S,1244
2014/09/30,32,9:10:00 AM,Tuesday,Eglinton West,Utilized Off Route,5,9,w,1637
2014/09/30,52,9:10:00 AM,Tuesday,Lawrence West stn,Utilized Off Route,6,9,e/b,1637
2014/09/30,30,9:10:00 AM,Tuesday,Mabelle and Dundas,Diversion,30,53,wb,7343
2014/09/30,89,9:11:00 AM,Tuesday,Keele stn,Utilized Off Route,0,0,s,1644
2014/09/30,79,9:12:00 AM,Tuesday,Runnymede stn,Utilized Off Route,0,0,n/b,1253
2014/09/30,25,9:12:00 AM,Tuesday,Pape Stn,Utilized Off Route,1,1,NB,7585
2014/09/30,70,9:13:00 AM,Tuesday,Coxwell Stn,Utilized Off Route,1,1,NB,7424
2014/09/30,165,9:15:00 AM,Tuesday,AuraLea,Mechanical,5,10,W,1271
2014/09/30,6,9:17:00 AM,Tuesday,Davenport and Dupont,Utilized Off Route,1,1,N/B,1262
2014/09/30,96,9:19:00 AM,Tuesday,yorkmills stn,Utilized Off Route,1,1,w,7229
2014/09/30,36,9:20:00 AM,Tuesday,Sentinel,Mechanical,14,28,W,1255
2014/09/30,24,9:24:00 AM,Tuesday,Victoria Park Stn,Utilized Off Route,1,1,n,7735
2014/09/30,37,9:26:00 AM,Tuesday,Islington Stn,Utilized Off Route,16,36,N,1219
2014/09/30,122,9:27:00 AM,Tuesday,Roywwod and Fenside,Utilized Off Route,1,1,,8171
2014/09/30,125,9:29:00 AM,Tuesday,Dufferin and Finch,Utilized Off Route,1,1,S,8196
2014/09/30,24,9:30:00 AM,Tuesday,Victoria Park Stn,Utilized Off Route,1,1,n,7833
2014/09/30,53,9:31:00 AM,Tuesday,Finch Station,Utilized Off Route,1,1,e,9085
2014/09/30,100,9:31:00 AM,Tuesday,Broadview Stn,Utilized Off Route,4,8,NB,7429
2014/09/30,34,9:34:00 AM,Tuesday,Eglinton STN,Utilized Off Route,4,8,eb,7546
2014/09/30,94,9:35:00 AM,Tuesday,Ossington Stn,Utilized Off Route,1,1,W/B,1002
2014/09/30,100,9:38:00 AM,Tuesday,Broadview Stn,Utilized Off Route,1,1,EB,7437
2014/09/30,63,9:39:00 AM,Tuesday,Ossington Stn,Utilized Off Route,1,1,N/B,1636
2014/09/30,24,9:40:00 AM,Tuesday,Victoria Park Stn,Utilized Off Route,1,1,n,7702
2014/09/30,62,9:40:00 AM,Tuesday,Broadview Stn,Utilized Off Route,1,1,e,8150
2014/09/30,63,9:50:00 AM,Tuesday,Ossington Stn,Utilized Off Route,1,1,N/B,1601
2014/09/30,52,9:50:00 AM,Tuesday,Weston & Lawrence,Utilized Off Route,0,0,s/b,1047
2014/09/30,68,9:52:00 AM,Tuesday,Warden Bamburgh Circle,Investigation,4,12,sb,7619
2014/09/30,810,9:54:00 AM,Tuesday,Eglinton Garage,Utilized Off Route,1,1,eb,7627
2014/09/30,810,9:54:00 AM,Tuesday,Eglinton Garage,Utilized Off Route,1,1,eb,7495
2014/09/30,125,9:56:00 AM,Tuesday,Finch Station,Utilized Off Route,1,1,W,8180
2014/09/30,29,10:00:00 AM,Tuesday,Bloor and Dufferin,Utilized Off Route,4,11,N,9027
2014/09/30,60,10:05:00 AM,Tuesday,York U Commons,Investigation,6,12,E,7951
2014/09/30,129,10:05:00 AM,Tuesday,Mccowan and Sheppard,Mechanical,6,12,NB,1118
2014/09/30,35,10:11:00 AM,Tuesday,Jane Stn,Utilized Off Route,1,1,NB,1702
2014/09/30,32,10:12:00 AM,Tuesday,Eglinton and 427,Mechanical,13,26,e/b,1587
2014/09/30,54,10:14:00 AM,Tuesday,Eglinton stn,Utilized Off Route,1,1,eb,7617
2014/09/30,810,10:14:00 AM,Tuesday,Eglinton Garage,Utilized Off Route,1,1,eb,7617
2014/09/30,25,10:18:00 AM,Tuesday,Pape Stn,Investigation,6,12,NB,7471
2014/09/30,12,10:19:00 AM,Tuesday,BIRCHCLIFF AVENUE AND KINGSTON RD,Investigation,16,32,W,7820
2014/09/30,810,10:19:00 AM,Tuesday,Broadview STN,Utilized Off Route,1,1,eb,7645
2014/09/30,43,10:19:00 AM,Tuesday,Kennedy Rd & Sheppard Ave,Mechanical,10,20,NB,7401
2014/09/30,47,10:22:00 AM,Tuesday,Yorkdale Stn,Utilized Off Route,1,1,N/B,1556
2014/09/30,160,10:25:00 AM,Tuesday,Wilson Stn,Utilized Off Route,1,1,N,8354
2014/09/30,29,10:44:00 AM,Tuesday,Dufferin Park & Dufferin st,Emergency Services,4,8,N,9012
2014/09/30,32,10:45:00 AM,Tuesday,Garage,Utilized Off Route,0,0,e/b,1016
2014/09/30,96,10:49:00 AM,Tuesday,Yorkmills stn,Utilized Off Route,1,1,w,7247
2014/09/30,12,10:53:00 AM,Tuesday,Kennedy stn.,Mechanical,23,46,s/b,7878
2014/09/30,709,11:00:00 AM,Tuesday,Eglinton West Station,Utilized Off Route,1,1,E,1549
2014/09/30,709,11:05:00 AM,Tuesday,Eglinton Station,Utilized Off Route,1,1,E,1580
2014/09/30,709,11:05:00 AM,Tuesday,Eglinton Station,Utilized Off Route,1,1,E,1646
2014/09/30,196,11:08:00 AM,Tuesday,Downsview Stn,Mechanical,8,16,n,8331
2014/09/30,7,11:12:00 AM,Tuesday,Bathurst stn,Utilized Off Route,9,18,n/b,9000
2014/09/30,29,11:15:00 AM,Tuesday,Wilson Garage,Mechanical,4,8,N,9031
2014/09/30,79,11:17:00 AM,Tuesday,Pine & Lawrence,Mechanical,24,48,s/b,1500
2014/09/30,196,11:17:00 AM,Tuesday,Downsview Stn,Utilized Off Route,2,4,w,8181
2014/09/30,29,11:22:00 AM,Tuesday,Dufferin st & Bloor,Utilized Off Route,4,8,S,8153
2014/09/30,35,11:32:00 AM,Tuesday,Jane & Finch,Investigation,8,16,S,1343
2014/09/30,42,11:42:00 AM,Tuesday,Kennedy loop,Mechanical,12,24,W,8208
2014/09/30,75,11:44:00 AM,Tuesday,Sherbourne at Bloor,Utilized Off Route,7,14,n/b,8395
2014/09/30,124,11:45:00 AM,Tuesday,lawrence Station,Utilized Off Route,8,16,E,1814
2014/09/30,196,11:45:00 AM,Tuesday,Downsview Stn,Utilized Off Route,2,4,w,8190
2014/09/30,100,11:49:00 AM,Tuesday,Broadview STN,Utilized Off Route,10,20,WB,7550
2014/09/30,84,11:50:00 AM,Tuesday,Sheppard & Yatescastle,Diversion,1,1,W,9999
2014/09/30,90,11:50:00 AM,Tuesday,St.Clair west stn,Utilized Off Route,8,16,n/b,8176
2014/09/30,23,11:50:00 AM,Tuesday,Main Stn,General Delay,8,16,n/s,
2014/09/30,43,11:52:00 AM,Tuesday,Kennedy Stn,Utilized Off Route,11,22,NB,7405
2014/09/30,810,11:52:00 AM,Tuesday,Eglinton Garage,Utilized Off Route,1,1,eb,7674
2014/09/30,57,11:55:00 AM,Tuesday,Kennedy Stn.,Utilized Off Route,11,22,n,7751
2014/09/30,11,11:56:00 AM,Tuesday,Sheppard and Bayview,Utilized Off Route,10,20,N,8203
2014/09/30,102,11:56:00 AM,Tuesday,Warden Stn.,Utilized Off Route,14,28,n,8117
2014/09/30,129,11:59:00 AM,Tuesday,Scarborough Town Centre,Utilized Off Route,6,12,NB,1145
2014/09/30,34,11:59:00 AM,Tuesday,Kennedy Station,Utilized Off Route,7,15,WB,7647
2014/09/30,86,12:00:00 PM,Tuesday,kennedy stn,Utilized Off Route,10,20,e,7676
2014/09/30,105,12:00:00 PM,Tuesday,Downsview Stn,Mechanical,30,60,n,8179
2014/09/30,161,12:00:00 PM,Tuesday,Entire Route,General Delay,11,22,B/W,
2014/09/30,9,12:00:00 PM,Tuesday,Warden Stn,General Delay,18,36,n/s,
2014/09/30,47,12:00:00 PM,Tuesday,Entire Route,General Delay,10,18,B/W,
2014/09/30,26,12:00:00 PM,Tuesday,Bloor and Symington,General Delay,0,0,S,
2014/09/30,168,12:00:00 PM,Tuesday,keele and St Clair and Bloor and Symington,General Delay,0,0,S,
2014/09/30,42,12:03:00 PM,Tuesday,Maybrook and McNicoll,Utilized Off Route,24,48,W,8166
2014/09/30,196,12:05:00 PM,Tuesday,Downsview Stn,Utilized Off Route,2,4,w,8190
2014/09/30,191,12:07:00 PM,Tuesday,Kipling Stn,Mechanical,8,16,N,7916
2014/09/30,92,12:07:00 PM,Tuesday,Woodbine stn.,Mechanical,10,20,s/b,7732
2014/09/30,86,12:07:00 PM,Tuesday,4301 Kingston Rd.,Emergency Services,10,20,e,7450
2014/09/30,43,12:08:00 PM,Tuesday,Kennedy Rd & Hwy 401,Investigation,10,20,NB,7480
2014/09/30,41,12:10:00 PM,Tuesday,Keele stn,Utilized Off Route,0,0,s,1667
2014/09/30,70,12:10:00 PM,Tuesday,St Clair Pharmacy,Mechanical,18,36,eb,7425
2014/09/30,810,12:13:00 PM,Tuesday,Eglinton Garage,Utilized Off Route,1,1,eb,7641
2014/09/30,100,12:15:00 PM,Tuesday,Broadview Stn,Utilized Off Route,7,14,NB,7544
2014/09/30,195,12:24:00 PM,Tuesday,Jane & Wilson,Investigation,10,20,N,1414
2014/09/30,54,12:25:00 PM,Tuesday,Lawrence RT,Mechanical,6,12,wb,7451
2014/09/30,14,12:39:00 PM,Tuesday,Davisville Stn,Mechanical,24,48,W/B,1639
2014/09/30,810,12:45:00 PM,Tuesday,Eglinton Garage,Utilized Off Route,1,1,eb,7582
2014/09/30,41,12:45:00 PM,Tuesday,Eglinton and Keele,Mechanical,8,16,s,1053
2014/09/30,32,12:46:00 PM,Tuesday,Eglinton West Stn,Utilized Off Route,13,26,W/B,1604
2014/09/30,84,12:55:00 PM,Tuesday,Sheppard Station,Mechanical,9,18,W,1263
2014/09/30,70,1:00:00 PM,Tuesday,70-O'Connor Route,General Delay,14,21,BW,
2014/09/30,68,1:00:00 PM,Tuesday,68-Warden Route,General Delay,12,18,BW,
2014/09/30,52,1:00:00 PM,Tuesday,Entire route,General Delay,15,25,b/w,
2014/09/30,543,1:00:00 PM,Tuesday,54-Lawrance Route,General Delay,9,16,BW,
2014/09/30,198,1:00:00 PM,Tuesday,Kennedy Stn - U of T loop,General Delay,10,20,BW,
2014/09/30,116,1:00:00 PM,Tuesday,Kennedy Stn - Nightstar,General Delay,10,20,BW,
2014/09/30,86,1:00:00 PM,Tuesday,Kennedy Stn - Zoo,General Delay,10,20,BW,
2014/09/30,751,1:10:00 PM,Tuesday,Wilson garage,Utilized Off Route,1,1,N,9414
2014/09/30,53,1:12:00 PM,Tuesday,Finch Station,Utilized Off Route,6,11,e,7073
2014/09/30,802,1:15:00 PM,Tuesday,Bloor St W and Dufferin St,Investigation,1,1,W,8080
2014/09/30,86,1:20:00 PM,Tuesday,Kenneyd Stn,Utilized Off Route,10,20,E,7506
2014/09/30,84,1:23:00 PM,Tuesday,Downsview Stn,Utilized Off Route,9,19,EB,1706
2014/09/30,102,1:26:00 PM,Tuesday,Warden Stn,Utilized Off Route,14,28,n,7776
2014/09/30,11,1:28:00 PM,Tuesday,Davisville station,Mechanical,10,20,N,8348
2014/09/30,41,1:30:00 PM,Tuesday,Keele and Sheppard,Mechanical,8,16,n,1526
2014/09/30,36,1:30:00 PM,Tuesday,Finch and Dufferin,Utilized Off Route,5,10,EB,1545
2014/09/30,60,1:30:00 PM,Tuesday,Weston Road,Mechanical,13,26,W,7241
2014/09/30,46,1:40:00 PM,Tuesday,Kipling Stn.,Utilized Off Route,18,36,N,1379
2014/09/30,106,1:40:00 PM,Tuesday,Downsview Stn,Utilized Off Route,10,20,n,9431
2014/09/30,32,1:48:00 PM,Tuesday,Eglinton w & Spadina,Mechanical,12,24,W,1508
2014/09/30,75,1:49:00 PM,Tuesday,Bloor and Sherbourne,Utilized Off Route,7,14,N,8356
2014/09/30,133,1:50:00 PM,Tuesday,McCowan & Triton,Mechanical,10,20,W,1762
2014/09/30,196,1:57:00 PM,Tuesday,Downsview Stn,Mechanical,2,4,n,8341
2014/09/30,89,2:00:00 PM,Tuesday,Keele Station and Keele and St. Clair,General Delay,25,32,B/W,
2014/09/30,41,2:00:00 PM,Tuesday,Keele Station and Keele and St.Clair,General Delay,25,33,B/W,
2014/09/30,7,2:00:00 PM,Tuesday,Bathurst stn to Steeles,General Delay,15,30,BW,
2014/09/30,120,2:00:00 PM,Tuesday,Calvington route,General Delay,28,48,B,1521
2014/09/30,25,2:00:00 PM,Tuesday,25 Don Mills Route,General Delay,20,23,,
2014/09/30,160,2:00:00 PM,Tuesday,Wilson stn to Clark,General Delay,20,35,BW,
2014/09/30,124,2:01:00 PM,Tuesday,lawrwence Station,Utilized Off Route,7,14,E,8326
2014/09/30,65,2:02:00 PM,Tuesday,Esplanade &Berkeley,Mechanical,18,32,N,7840
2014/09/30,108,2:05:00 PM,Tuesday,Downsview Station,Mechanical,18,36,W,1217
2014/09/30,37,2:07:00 PM,Tuesday,Islington Stn,Utilized Off Route,16,32,NB,1209
2014/09/30,780,2:07:00 PM,Tuesday,Eglinton Garage,Mechanical,1,1,,7581
2014/09/30,42,2:09:00 PM,Tuesday,Finch Station,Utilized Off Route,24,48,E,8301
2014/09/30,54,2:09:00 PM,Tuesday,Lawrance and Warden,Utilized Off Route,3,8,WB,7444
2014/09/30,88,2:09:00 PM,Tuesday,St.Clair Station,Utilized Off Route,15,30,E,8202
2014/09/30,81,2:10:00 PM,Tuesday,Pape Stn,Utilized Off Route,10,20,N,7762
2014/09/30,96,2:11:00 PM,Tuesday,Yorkmills Stn,Utilized Off Route,25,53,WB,1318
2014/09/30,60,2:13:00 PM,Tuesday,Finch Stn,Utilized Off Route,6,13,WB,1251
2014/09/30,32,2:14:00 PM,Tuesday,Eglinton w & Glenholme,Investigation,13,26,E,1623
2014/09/30,59,2:14:00 PM,Tuesday,Lawrence West Stn.,Utilized Off Route,23,46,W,1210
2014/09/30,11,2:14:00 PM,Tuesday,Davisville station,Utilized Off Route,10,20,N,8348
2014/09/30,199,2:14:00 PM,Tuesday,Finch Station,Utilized Off Route,5,10,e/b,1764
2014/09/30,97,2:16:00 PM,Tuesday,Davisville Station,Utilized Off Route,30,60,N,8201
2014/09/30,38,2:17:00 PM,Tuesday,STC,Utilized Off Route,13,25,E,1776
2014/09/30,780,2:17:00 PM,Tuesday,Eglinton Garage,Late Leaving Garage,1,1,,7532
2014/09/30,45,2:19:00 PM,Tuesday,Kipling Av and Annabelle  Av,Emergency Services,22,33,S,7967
2014/09/30,57,2:21:00 PM,Tuesday,Lawrence and Midland,Mechanical,11,22,W,7751
2014/09/30,191,2:22:00 PM,Tuesday,Arrow Garage,Late Leaving Garage,1,1,SB,7908
2014/09/30,36,2:24:00 PM,Tuesday,Arrow Garage,Late Leaving Garage,1,1,SB,1267
2014/09/30,35,2:30:00 PM,Tuesday,Jane Station,Mechanical,7,14,S,7226
2014/09/30,79,2:30:00 PM,Tuesday,Entire Route,General Delay,10,21,B/W,
2014/09/30,110,2:32:00 PM,Tuesday,Islington Station,Late Leaving Garage,11,22,S/B,7315
2014/09/30,25,2:32:00 PM,Tuesday,Don Mills and STEELES,Mechanical,6,12,,7540
2014/09/30,199,2:38:00 PM,Tuesday,Finch Station,Utilized Off Route,5,10,e/b,7075
2014/09/30,42,2:38:00 PM,Tuesday,Finch stn,Late Leaving Garage,6,12,e,8351
2014/09/30,107,2:38:00 PM,Tuesday,Downsview Stn,Mechanical,22,44,n,9422
2014/09/30,780,2:40:00 PM,Tuesday,Eglinton Garage,Late Leaving Garage,1,1,,7584
2014/09/30,68,2:41:00 PM,Tuesday,Warden and Bamburgh Ct,Investigation,6,12,NB,7571
2014/09/30,86,2:42:00 PM,Tuesday,Kennedy STN,Utilized Off Route,10,20,eb,7617
2014/09/30,81,2:42:00 PM,Tuesday,Pape Station,Late Leaving Garage,10,20,W,7845
2014/09/30,9,2:42:00 PM,Tuesday,Warden Stn,Late Leaving Garage,15,30,N,7742
2014/09/30,86,2:42:00 PM,Tuesday,Cardinal Newman H.S,Utilized Off Route,3,15,E,7437
2014/09/30,47,2:45:00 PM,Tuesday,Yorkdale Stn,Late Leaving Garage,18,44,S/B,1525
2014/09/30,85,2:46:00 PM,Tuesday,Sheppard @ McCowan,Mechanical,7,13,W,1089
2014/09/30,54,2:49:00 PM,Tuesday,Starspray Loop,Mechanical,10,18,WB,7569
2014/09/30,34,2:51:00 PM,Tuesday,Eglinton and Lebovic,Late Leaving Garage,8,16,71636,7505
2014/09/30,191,2:53:00 PM,Tuesday,Arrow Garage,Late Leaving Garage,1,1,SB,7901
2014/09/30,43,2:53:00 PM,Tuesday,Kennedy Road and  Passmore,Late Leaving Garage,9,18,nb,7645
2014/09/30,196,2:53:00 PM,Tuesday,Downsview Stn,Utilized Off Route,2,4,n,1823
2014/09/30,190,2:53:00 PM,Tuesday,Don Mills Stn,Utilized Off Route,5,10,E,1767
2014/09/30,84,2:54:00 PM,Tuesday,Finch and Arrow road,Late Leaving Garage,32,32,N,1802
2014/09/30,191,2:55:00 PM,Tuesday,Hyw 27 @ Royal crest,Late Leaving Garage,12,19,S,7929
2014/09/30,117,2:56:00 PM,Tuesday,Steelles and Alness,Mechanical,14,30,n,8174
2014/09/30,76,2:58:00 PM,Tuesday,GARAGE,Mechanical,5,10,N,8046
2014/09/30,53,2:58:00 PM,Tuesday,Steeles & Bayview,Utilized Off Route,4,9,E,9093
2014/09/30,53,2:59:00 PM,Tuesday,Steeles & Bayview,Utilized Off Route,2,4,W,9087
2014/09/30,105,2:59:00 PM,Tuesday,Dufferin and Steeles,Late Leaving Garage,20,35,s,9412
2014/09/30,97,3:00:00 PM,Tuesday,Yorkmills stn,Mechanical,10,30,s,8169
2014/09/30,36,3:00:00 PM,Tuesday,Finch West route,General Delay,20,30,B,
2014/09/30,68,3:00:00 PM,Tuesday,68 Warden Route,General Delay,14,20,BW,
2014/09/30,100,3:00:00 PM,Tuesday,100 Route,General Delay,15,24,,
2014/09/30,165,3:00:00 PM,Tuesday,Weston North route,General Delay,25,35,B,1302
2014/09/30,191,3:02:00 PM,Tuesday,Martin Grove @ Royal Cr,Mechanical,6,12,N,1
2014/09/30,109,3:04:00 PM,Tuesday,Eglinton W. stn,Utilized Off Route,12,24,N,8372
2014/09/30,53,3:05:00 PM,Tuesday,Passmore & Markham,Late Leaving Garage,7,14,W,9063
2014/09/30,60,3:07:00 PM,Tuesday,Arrow Garage,Late Leaving Garage,1,1,EB,7946
2014/09/30,133,3:07:00 PM,Tuesday,STC,Late Leaving Garage,7,14,E,1718
2014/09/30,60,3:07:00 PM,Tuesday,Kipling and Steeles,Late Leaving Garage,15,30,E,1312
2014/09/30,60,3:08:00 PM,Tuesday,Finch Station,Mechanical,7,14,W,
2014/09/30,35,3:09:00 PM,Tuesday,Arrow Garage,Late Leaving Garage,1,1,SB,1246
2014/09/30,35,3:10:00 PM,Tuesday,Jane Stn,Utilized Off Route,20,40,NB,7214
2014/09/30,35,3:10:00 PM,Tuesday,Jane Station,Late Leaving Garage,5,10,N,7207
2014/09/30,39,3:12:00 PM,Tuesday,Markham and Finch,Mechanical,7,14,e/b,7128
2014/09/30,96,3:14:00 PM,Tuesday,Woodbine Downe,Late Leaving Garage,7,15,W,1317
2014/09/30,102,3:14:00 PM,Tuesday,Warden Stn,Mechanical,3,10,N,7763
2014/09/30,59,3:14:00 PM,Tuesday,Lawrence W Station,Late Leaving Garage,12,24,W,1215
2014/09/30,132,3:14:00 PM,Tuesday,Markham/Milner,Mechanical,12,24,EB,1149
2014/09/30,35,3:14:00 PM,Tuesday,Jane & Steeles,Late Leaving Garage,5,10,S,1316
2014/09/30,46,3:15:00 PM,Tuesday,Steeles,Late Leaving Garage,10,21,S,1211
2014/09/30,95,3:16:00 PM,Tuesday,YOCI,Late Leaving Garage,8,10,W,1091
2014/09/30,29,3:20:00 PM,Tuesday,StClair,Investigation,4,8,n,9043
2014/09/30,122,3:20:00 PM,Tuesday,York Mills Stn,Late Leaving Garage,13,26,e,
2014/09/30,60,3:21:00 PM,Tuesday,Finch Station,Mechanical,16,32,W,
2014/09/30,96,3:22:00 PM,Tuesday,Woodbine Downe,Late Leaving Garage,18,36,E,7916
2014/09/30,60,3:22:00 PM,Tuesday,Kipling and Steeles,Mechanical,16,32,E,
2014/09/30,106,3:25:00 PM,Tuesday,Downsview Stn,Utilized Off Route,8,16,n,9406
2014/09/30,165,3:26:00 PM,Tuesday,finch and Weston rd,Mechanical,6,18,n/b,1364
2014/09/30,501,3:26:00 PM,Tuesday,Humber Loop,Mechanical,7,14,w/b,7974
2014/09/30,42,3:30:00 PM,Tuesday,Finch stn to Middlefield,General Delay,9,18,B/W,
2014/09/30,97,3:30:00 PM,Tuesday,Steeles to Queen Quay,General Delay,9,19,B/W,
2014/09/30,52,3:30:00 PM,Tuesday,Martingrove / Dixon rd,Late Leaving Garage,12,24,e,1562
2014/09/30,191,3:34:00 PM,Tuesday,Dundas @ The East Mall,Mechanical,7,14,N,7939
2014/09/30,60,3:34:00 PM,Tuesday,Finch Station,Late Leaving Garage,15,30,W,7212
2014/09/30,42,3:35:00 PM,Tuesday,Finch stn,Late Leaving Garage,5,11,e,1807
2014/09/30,84,3:35:00 PM,Tuesday,Entire Route,Late Leaving Garage,11,22,BW,
2014/09/30,37,3:36:00 PM,Tuesday,Steeles,Late Leaving Garage,8,16,S,
2014/09/30,59,3:37:00 PM,Tuesday,Lawrence W Station,Late Leaving Garage,12,24,W,9999
2014/09/30,165,3:39:00 PM,Tuesday,Yorkmills station,Late Leaving Garage,7,21,w/b,7247
2014/09/30,84,3:40:00 PM,Tuesday,Sheppard and Rivalda,Late Leaving Garage,10,21,W,
2014/09/30,36,3:45:00 PM,Tuesday,Finch and Arrow,Mechanical,5,10,W,7947
2014/09/30,102,3:45:00 PM,Tuesday,From Warden Stn to Sheppard,General Delay,15,9,B/W,
2014/09/30,126,3:47:00 PM,Tuesday,St. Clair / Vaughan,Investigation,15,30,s,1668
2014/09/30,36,3:47:00 PM,Tuesday,Finch station,Late Leaving Garage,5,10,W,7912
2014/09/30,96,3:50:00 PM,Tuesday,BETWEEN YORK MILL  STN - WILSON STN,General Delay,7,15,W,1221
2014/09/30,60,3:50:00 PM,Tuesday,Finch Station,Late Leaving Garage,7,14,W,1360
2014/09/30,35,3:50:00 PM,Tuesday,Lawrence and Jane,Mechanical,5,10,S,7214
2014/09/30,199,3:51:00 PM,Tuesday,STC,Late Leaving Garage,4,9,W,9075
2014/09/30,96,3:53:00 PM,Tuesday,Humberline Blvd @ Finch West,Mechanical,4,10,E,7918
2014/09/30,36,3:53:00 PM,Tuesday,Humberwood loop,Late Leaving Garage,5,10,E,1271
2014/09/30,60,3:54:00 PM,Tuesday,Signal Hill,Late Leaving Garage,7,14,E,7928
2014/09/30,36,3:55:00 PM,Tuesday,Finch station 36D,Late Leaving Garage,15,25,W,1211
2014/09/30,24,4:00:00 PM,Tuesday,VICTORIA PARK ROUTE,General Delay,10,0,BW,
2014/09/30,63,4:00:00 PM,Tuesday,Ossington stn,Utilized Off Route,7,14,s,1528
2014/09/30,9,4:00:00 PM,Tuesday,From Warden Stn To STC,General Delay,15,19,B/W,
2014/09/30,113,4:00:00 PM,Tuesday,DANFORTH ROUTE,General Delay,7,0,BW,
2014/09/30,60,4:01:00 PM,Tuesday,Signal Hill,Late Leaving Garage,7,14,E,7947
2014/09/30,52,4:09:00 PM,Tuesday,lawrence stn,Late Leaving Garage,5,10,w,1253
2014/09/30,60,4:10:00 PM,Tuesday,Jane Street,Mechanical,15,30,W,7212
2014/09/30,141,4:10:00 PM,Tuesday,Ossington stn,Investigation,15,45,S,1608
2014/09/30,501,4:11:00 PM,Tuesday,Long Branch Loop,Investigation,6,13,e/b,7979
2014/09/30,36,4:12:00 PM,Tuesday,Finch station,Late Leaving Garage,5,10,W,1803
2014/09/30,51,4:18:00 PM,Tuesday,Eglinton station.,Mechanical,25,50,N,8334
2014/09/30,90,4:22:00 PM,Tuesday,St. Clair W. stn,Utilized Off Route,5,10,N,9437
2014/09/30,32,4:23:00 PM,Tuesday,Eglinton w & Black creek,Mechanical,8,16,E,1675
2014/09/30,63,4:26:00 PM,Tuesday,Oakwood loop,Utilized Off Route,10,20,S,1556
2014/09/30,108,4:27:00 PM,Tuesday,Gambello Cr on Grandravine Drive,Investigation,14,28,E,1297
2014/09/30,42,4:27:00 PM,Tuesday,Finch stn,Mechanical,6,12,e,8304
2014/09/30,29,4:28:00 PM,Tuesday,Springhurst loop,Utilized Off Route,3,6,N,8312
2014/09/30,810,4:29:00 PM,Tuesday,Woodbine & Oconnor,Utilized Off Route,1,1,EB,7582
2014/09/30,123,4:30:00 PM,Tuesday,North Queen and  Queensway,General Delay,12,0,b/w,
2014/09/30,20,4:30:00 PM,Tuesday,CLIFFSIDE ROUTE,General Delay,10,0,BW,
2014/09/30,25,4:31:00 PM,Tuesday,Thorncliffe & Oconnor,Utilized Off Route,4,8,EB,7411
2014/09/30,100,4:32:00 PM,Tuesday,Broadview STN,Utilized Off Route,6,12,NB,7565
2014/09/30,141,4:35:00 PM,Tuesday,Mt pleasant express 141,General Delay,30,60,BW,
2014/09/30,11,4:36:00 PM,Tuesday,Belsize road at Cleveland Street,Diversion,1,0,N,8363
2014/09/30,47,4:36:00 PM,Tuesday,Earlscourt Loop,Utilized Off Route,13,26,S/B,1654
2014/09/30,709,4:40:00 PM,Tuesday,Eglinton w stn,Utilized Off Route,0,0,e,1002
2014/09/30,602,4:43:00 PM,Tuesday,Finch Station,Mechanical,7,14,W,7219
2014/09/30,47,4:45:00 PM,Tuesday,Earlscourt Loop,Diversion,195,213,n/N,1629
2014/09/30,52,4:45:00 PM,Tuesday,Lawrence / Jane,Mechanical,5,10,e,1017
2014/09/30,51,4:45:00 PM,Tuesday,Eglinton  Station,Mechanical,15,30,N,8396
2014/09/30,87,4:47:00 PM,Tuesday,Main Stn,Mechanical,6,12,w,8114
2014/09/30,100,4:49:00 PM,Tuesday,Broadview Station,Utilized Off Route,10,20,nb,7610
2014/09/30,79,4:50:00 PM,Tuesday,Scarlett and Eglinton,Diversion,40,51,N/B,1585
2014/09/30,29,4:50:00 PM,Tuesday,Duffferin and Hpoe,Investigation,7,14,n,9001
2014/09/30,86,4:59:00 PM,Tuesday,Kennedy Stn,Utilized Off Route,3,15,E,7437
2014/09/30,60,5:00:00 PM,Tuesday,Steeles West between Bathurst and Keele,General Delay,27,34,BW,
2014/09/30,17,5:01:00 PM,Tuesday,Birchmount Rd & Crouse Rd,Mechanical,15,23,N,7847
2014/09/30,95,5:02:00 PM,Tuesday,Ellesmere/Victoria Park,Mechanical,8,16,WB,1110
2014/09/30,47,5:03:00 PM,Tuesday,Queen Lansdowne,Utilized Off Route,26,52,N/B,1044
2014/09/30,84,5:03:00 PM,Tuesday,Sheppard Station,Mechanical,12,25,W,1803
2014/09/30,87,5:10:00 PM,Tuesday,BROADVIEW STATION,Utilized Off Route,6,12,B/W,7757
2014/09/30,92,5:14:00 PM,Tuesday,Woodbine Stn,Utilized Off Route,7,14,s,7738
2014/09/30,53,5:30:00 PM,Tuesday,Finch Stn to Staines,General Delay,10,15,W,
2014/09/30,110,5:31:00 PM,Tuesday,Islington Station,Mechanical,11,22,s/b,7347
2014/09/30,75,5:35:00 PM,Tuesday,Sherbourne and Bloor,Utilized Off Route,7,14,N,8173
2014/09/30,94,5:40:00 PM,Tuesday,Wellesly stn.,Mechanical,17,34,e/b,1569
2014/09/30,54,5:45:00 PM,Tuesday,Lawrance and Brichmount,Investigation,7,14,WB,7490
2014/09/30,20,5:53:00 PM,Tuesday,KENNEDY STN,Investigation,12,24,W,8148
2014/09/30,39,5:54:00 PM,Tuesday,Neilson and Crow Trail.,Mechanical,5,10,W,7115
2014/09/30,53,5:59:00 PM,Tuesday,Yonge & Connaught,Investigation,5,10,W,1769
2014/09/30,7,5:59:00 PM,Tuesday,Bathurst and Steeles,Mechanical,7,15,S,9053
2014/09/30,47,6:08:00 PM,Tuesday,Queen and Lansdowne,Utilized Off Route,26,52,N/B,1589
2014/09/30,35,6:10:00 PM,Tuesday,Jane & Wilson,Mechanical,5,10,S,1359
2014/09/30,190,6:16:00 PM,Tuesday,Don Mills Stn,Mechanical,5,10,E,1772
2014/09/30,196,6:27:00 PM,Tuesday,Downsview station,Mechanical,2,4,n,8217
2014/09/30,17,6:28:00 PM,Tuesday,Birchmount/Eglinton,Investigation,20,40,s,7809
2014/09/30,60,6:30:00 PM,Tuesday,Finch Stn,Late Leaving Garage,14,28,W,
2014/09/30,17,6:40:00 PM,Tuesday,Warden Stn,Utilized Off Route,7,14,n,8103
2014/09/30,60,6:50:00 PM,Tuesday,Cactus Avenue on Steeles,Investigation,10,20,W,1554
2014/09/30,71,6:58:00 PM,Tuesday,Gunns loop,Mechanical,19,38,S,1578
2014/09/30,161,7:01:00 PM,Tuesday,Oakwood and Earlsdale,Investigation,12,24,S/B,1584
2014/09/30,47,7:29:00 PM,Tuesday,Entire Route,Mechanical,18,36,B/W,1600
2014/09/30,125,7:30:00 PM,Tuesday,Finch Stn.,Utilized Off Route,15,30,w,1817
2014/09/30,29,7:32:00 PM,Tuesday,StClair,Investigation,5,10,n,8153
2014/09/30,97,7:33:00 PM,Tuesday,Lawrence stn,Utilized Off Route,30,60,n,8159
2014/09/30,198,7:38:00 PM,Tuesday,Kennedy Stn,Mechanical,10,20,E,7497
2014/09/30,196,7:39:00 PM,Tuesday,downsview station,Utilized Off Route,3,6,n,8364
2014/09/30,102,8:09:00 PM,Tuesday,Markanna/Markham,Investigation,20,40,s,7763
2014/09/30,192,8:10:00 PM,Tuesday,Dundas ramp onto Hwy 427,Diversion,363,363,N,8010
2014/09/30,92,8:15:00 PM,Tuesday,Norwood and Kingston Rd,Investigation,7,14,W,7735
2014/09/30,5,8:25:00 PM,Tuesday,Eglinton station,General Delay,24,48,S,8188
2014/09/30,102,8:34:00 PM,Tuesday,Kingston Rd and Midland,Mechanical,9,18,E,8136
2014/09/30,86,8:45:00 PM,Tuesday,Kennedy Stn,Investigation,10,20,E,7455
2014/09/30,29,9:05:00 PM,Tuesday,Wilson stn,Utilized Off Route,5,10,S,9430
2014/09/30,92,9:20:00 PM,Tuesday,Norway and Woodbine,Investigation,10,20,W,7735
2014/09/30,25,9:50:00 PM,Tuesday,Don Mills STN,Investigation,1,1,SB,7430
2014/09/30,126,9:58:00 PM,Tuesday,Christie at Tyrrel,Mechanical,30,60,s/b,1638
2014/09/30,54,10:00:00 PM,Tuesday,54 Lawrence Route,Mechanical,1,1,WB,7638
2014/09/30,38,10:08:00 PM,Tuesday,College Loop,Mechanical,13,31,E,1099
2014/09/30,54,10:11:00 PM,Tuesday,Law RT,Mechanical,19,35,WB,7518
2014/09/30,63,10:12:00 PM,Tuesday,Ossington station,Utilized Off Route,7,14,n/b,1594
2014/09/30,46,10:15:00 PM,Tuesday,Racine & Martingrove,Diversion,1,1,B,9999
2014/09/30,54,10:18:00 PM,Tuesday,Barrymore & Lawrence,Investigation,1,1,WB,7621
2014/09/30,109,10:22:00 PM,Tuesday,Eglinton West station,Emergency Services,17,28,n,8372
2014/09/30,30,10:25:00 PM,Tuesday,High park and Annette,Diversion,30,60,S,8060
2014/09/30,63,10:29:00 PM,Tuesday,Eglinton West station,Mechanical,6,13,s/b,1413
2014/09/30,85,11:06:00 PM,Tuesday,Don Mills STN,Mechanical,20,40,w,1765
2014/09/30,42,11:20:00 PM,Tuesday,finch Station,Mechanical,20,40,E,8218
