Report Date,Route,Time,Day,Location,Incident,Min Delay,Min Gap,Direction,Vehicle
1-Aug-19,96,12:33:00 AM,Thursday,Carrier Loop,Mechanical,20,40,E/B,3179
1-Aug-19,35,1:31:00 AM,Thursday,Jane Stn,Utilized Off Route,1,1,N/B,3566
1-Aug-19,300,2:00:00 AM,Thursday,Kenndy Station,General Delay,20,40,BW,8403
1-Aug-19,300,3:52:00 AM,Thursday,Danforth and Main,Emergency Services,20,40,WB,8007
1-Aug-19,939,5:00:00 AM,Thursday,939 Finch Express-All Branch,General Delay,12,24,B/W,3459
1-Aug-19,39,5:00:00 AM,Thursday,39 Finch Route-All Branch,General Delay,18,36,B/W,3540
1-Aug-19,607,5:10:00 AM,Thursday,STC Station,Utilized Off Route,1,1,S/B,1327
1-Aug-19,701,5:11:00 AM,Thursday,Eglinton Station,Utilized Off Route,1,1,S/B,8104
1-Aug-19,607,5:11:00 AM,Thursday,Mlavern Yard,Utilized Off Route,1,1,S/B,3421
1-Aug-19,701,5:12:00 AM,Thursday,Sheppard West Station,Utilized Off Route,1,1,S/B,1301
1-Aug-19,607,5:12:00 AM,Thursday,Malvern Yard,Utilized Off Route,1,1,S/B,3414
1-Aug-19,707,5:13:00 AM,Thursday,U-F-T University loop,Utilized Off Route,1,1,W/B,1650
1-Aug-19,600,5:13:00 AM,Thursday,Wilson Station,Utilized Off Route,1,1,S/B,8324
1-Aug-19,606,5:14:00 AM,Thursday,Birchmount Garage,Utilized Off Route,1,1,EB,3131
1-Aug-19,600,5:14:00 AM,Thursday,Wilson Garage,Utilized Off Route,1,1,S/B,1355
1-Aug-19,706,5:14:00 AM,Thursday,Main Station,Utilized Off Route,1,1,WB,8492
1-Aug-19,606,5:14:00 AM,Thursday,Birchmount Garage,Utilized Off Route,1,1,EB,8551
1-Aug-19,600,5:15:00 AM,Thursday,Eglinton Yard,Utilized Off Route,1,1,E/B,8874
1-Aug-19,600,5:15:00 AM,Thursday,Eglinton Yard,Utilized Off Route,1,1,E/B,8737
1-Aug-19,716,5:15:00 AM,Thursday,Victoria Park Station,Utilized Off Route,1,1,WB,3132
1-Aug-19,606,5:15:00 AM,Thursday,Birchmount Garage,Utilized Off Route,1,1,EB,3147
1-Aug-19,600,5:15:00 AM,Thursday,Eglinton Yard,Utilized Off Route,1,1,E/B,8839
1-Aug-19,710,5:20:00 AM,Thursday,Eglinton and Markham,Utilized Off Route,1,1,W/B,8865
1-Aug-19,52,5:20:00 AM,Thursday,Wilson and Dufferin,Utilized Off Route,22,44,E/B,8314
1-Aug-19,34,5:24:00 AM,Thursday,Kennedy Station,Utilized Off Route,6,12,W/B,8736
1-Aug-19,25,5:32:00 AM,Thursday,Pape Station,Utilized Off Route,5,10,N/B,8728
1-Aug-19,22,5:35:00 AM,Thursday,Coxwell Ave and Gerrard Street East,Diversion,1,1,NB,8471
1-Aug-19,54,5:45:00 AM,Thursday,Starspray Loop,Mechanical,15,23,E/B,8793
1-Aug-19,39,5:50:00 AM,Thursday,Warden and Finch,Utilized Off Route,15,30,W/B,3537
1-Aug-19,25,5:59:00 AM,Thursday,Freshmeadow/Don Mills,Mechanical,0,0,S/B,8802
1-Aug-19,91,6:00:00 AM,Thursday,Bermondsay and Eglinton,Diversion,999,999,B/W,
1-Aug-19,17,6:00:00 AM,Thursday,Eglinton,Diversion,999,999,B/W,
1-Aug-19,43,6:09:00 AM,Thursday,Kennedy Station,Utilized Off Route,1,1,N/B,8829
1-Aug-19,119,6:20:00 AM,Thursday,Wilson Station,Diversion,20,40,W/B,3199
1-Aug-19,68,6:30:00 AM,Thursday,Warden Station,Mechanical,24,30,N/B,8873
1-Aug-19,11,6:32:00 AM,Thursday,Davisville Ave and Belle Ayra Blvd,Mechanical,17,27,E/B,1283
1-Aug-19,939,6:40:00 AM,Thursday,McCowan and Finch,Mechanical,1,1,B/W,1745
1-Aug-19,96,6:45:00 AM,Thursday,Humberline Loop,Mechanical,18,43,E/B,3263
1-Aug-19,41,6:48:00 AM,Thursday,Keele at Wilson,Vision,12,24,N/B,9150
1-Aug-19,53,6:54:00 AM,Thursday,Finch Station,Mechanical,6,12,E/B,1707
1-Aug-19,32,7:28:00 AM,Thursday,Eglinton and Elmsthrope,Investigation,7,14,E/B,1553
1-Aug-19,32,7:34:00 AM,Thursday,Kipling and Eglinton,Mechanical,7,14,W/B,1146
1-Aug-19,960,7:40:00 AM,Thursday,Steeles and Village gate,Investigation,10,20,E/B,3203
1-Aug-19,60,7:40:00 AM,Thursday,Steeles and Village gate,Investigation,8,16,E/B,3324
1-Aug-19,36,7:41:00 AM,Thursday,Finch and Islington,Mechanical,6,12,W/B,9109
1-Aug-19,60,7:43:00 AM,Thursday,Steeles and Village gate,Diversion,199,207,E/B,3220
1-Aug-19,7,7:47:00 AM,Thursday,Steels Ave and Village Gate,Diversion,120,128,E/B,
1-Aug-19,939,7:55:00 AM,Thursday,Leslie and Finch,Mechanical,1,1,B/W,1752
1-Aug-19,996,8:09:00 AM,Thursday,Wilson Station,Mechanical,10,20,W/B,3369
1-Aug-19,25,8:10:00 AM,Thursday,pape and gowan,Investigation,5,10,S/B,8759
1-Aug-19,85,8:10:00 AM,Thursday,V.P and Sheppard,Mechanical,1,1,B/W,3422
1-Aug-19,72,8:25:00 AM,Thursday,Cherry St and Villiers St,Diversion,1,1,NB,8582
1-Aug-19,121,8:40:00 AM,Thursday,Villies/ Commisioners,Diversion,,,S/B,8469
1-Aug-19,91,8:52:00 AM,Thursday,Woodbine Station,Mechanical,12,24,N/B,3100
1-Aug-19,121,9:00:00 AM,Thursday,Lakeshore/Cherry,General Delay,20,20,bw,
1-Aug-19,6,9:04:00 AM,Thursday,Dupont and Davenport,Mechanical,5,10,S/B,1132
1-Aug-19,97,9:24:00 AM,Thursday,Yorkmills Stn,Mechanical,30,60,,1371
1-Aug-19,39,9:34:00 AM,Thursday,Sewells Rd-Littles Rd,Vision,18,36,W/B,1308
1-Aug-19,21,9:54:00 AM,Thursday,Brimley loop,Mechanical,12,24,S/B,1566
1-Aug-19,45,10:04:00 AM,Thursday,WESTWAY AND KIPLING,Mechanical,10,20,N/B,8060
1-Aug-19,29,10:15:00 AM,Thursday,NB at St.Clair,Investigation,8,16,N/B,9136
1-Aug-19,73,10:19:00 AM,Thursday,royal york stn,Mechanical,11,22,N/B,7958
1-Aug-19,11,10:24:00 AM,Thursday,Davisville Station,Mechanical,12,24,N/B,1355
1-Aug-19,160,10:25:00 AM,Thursday,Bathurst st and Cedarcroft Blvd,Mechanical,25,50,S/B,1376
1-Aug-19,35,10:30:00 AM,Thursday,Pioneer Village Station,General Delay,17,24,B/W,
1-Aug-19,935,10:30:00 AM,Thursday,Pioneer Village Station to Jane Station,General Delay,21,32,B/W,
1-Aug-19,92,10:30:00 AM,Thursday,Woodbine station to Ashbridge Loop,General Delay,15,20,B/W,
1-Aug-19,29,10:33:00 AM,Thursday,Nb On Dufferin at St. Calir,Investigation,8,16,N/B,9045
1-Aug-19,54,10:35:00 AM,Thursday,Lawrence & Don Mills,Mechanical,13,26,E/B,8734
1-Aug-19,85,10:43:00 AM,Thursday,Don Mills Station,Utilized Off Route,14,21,E/B,3454
1-Aug-19,169,11:15:00 AM,Thursday,Commander / McCowan,Investigation,30,60,B/W,8112
1-Aug-19,81,11:31:00 AM,Thursday,Pape Station,Mechanical,11,22,NB,8549
1-Aug-19,925,12:00:00 PM,Thursday,Don Mills/Eglinton,General Delay,20,30,B/W,
1-Aug-19,45,12:00:00 PM,Thursday,ENTIRE ROUTE,General Delay,10,30,B/W,
1-Aug-19,25,12:00:00 PM,Thursday,Don Mills/Eglinton,General Delay,20,29,B/W,
1-Aug-19,21,12:06:00 PM,Thursday,Sheppard and Brimley,Mechanical,11,29,N/B,1509
1-Aug-19,41,12:08:00 PM,Thursday,Old Weston at Rogers,Investigation,9,18,N/B,9054
1-Aug-19,95,12:09:00 PM,Thursday,Kingston Road Loop,Mechanical,20,40,W/B,1324
1-Aug-19,24,12:29:00 PM,Thursday,Victoria Park Ave and Dawes Road,Investigation,10,20,NB,3132
1-Aug-19,41,12:30:00 PM,Thursday,Keele Station - Pioneer Station,General Delay,20,30,B/W,
1-Aug-19,89,12:30:00 PM,Thursday,Keele Station - Weston at Albion,General Delay,20,30,B/W,
1-Aug-19,73,12:53:00 PM,Thursday,albion and clairport,Mechanical,11,22,S/B,8457
1-Aug-19,161,1:00:00 PM,Thursday,Jane at Aliance - Ossingtion Station,General Delay,15,30,B/W,
1-Aug-19,47,1:13:00 PM,Thursday,St Clair and Lansdowne,General Delay,15,30,S/B,1066
1-Aug-19,32,1:40:00 PM,Thursday,Eglinton and Black Creek,Investigation,10,19,E/B,1078
1-Aug-19,15,2:00:00 PM,Thursday,Sherway Gardens to Mill Road Loop,General Delay,15,25,B/W,
1-Aug-19,116,2:00:00 PM,Thursday,Morningside Ave (Sheppard to McLevin),General Delay,15,27,B/W,
1-Aug-19,83,2:00:00 PM,Thursday,Donlands station to lakeshore,General Delay,10,15,B/W,
1-Aug-19,80,2:00:00 PM,Thursday,Keele Station to Sherway Gardens,General Delay,30,54,B/W,
1-Aug-19,67,2:00:00 PM,Thursday,St clair and pharmacy,Investigation,10,20,N/B,8813
1-Aug-19,66,2:05:00 PM,Thursday,old mill station,General Delay,13,26,S/B,8604
1-Aug-19,22,2:11:00 PM,Thursday,Coxwell Ave and Eastwood,Investigation,8,16,NB,8558
1-Aug-19,121,2:47:00 PM,Thursday,Ontario Place,Mechanical,20,40,W/B,8559
1-Aug-19,131,2:47:00 PM,Thursday,Morningview and Morningside,Diversion,13,26,E/B,3505
1-Aug-19,85,3:00:00 PM,Thursday,Sheppard/Yonge Stn to Rouge Hill Go Stn,General Delay,16,33,B/W,
1-Aug-19,75,3:00:00 PM,Thursday,Entire Route,General Delay,20,30,B/W,
1-Aug-19,102,3:00:00 PM,Thursday,Route 102,General Delay,24,44,B/W,
1-Aug-19,22,3:00:00 PM,Thursday,Route 22``,General Delay,17,25,B/W,
1-Aug-19,31,3:00:00 PM,Thursday,Greenwood station to Queen,General Delay,10,15,W/B,
1-Aug-19,52,3:02:00 PM,Thursday,Lawrence W /Dufflaw,Mechanical,6,21,W/B,1229
1-Aug-19,47,3:05:00 PM,Thursday,Queen and Lansdowne,Utilized Off Route,5,10,N/B,1019
1-Aug-19,71,3:08:00 PM,Thursday,Gunn Road near Gunn loop,Mechanical,19,38,S/B,1034
1-Aug-19,73,3:20:00 PM,Thursday,clairport and albion.,General Delay,11,22,S/B,8457
1-Aug-19,116,3:23:00 PM,Thursday,Morningside Ave/Nightstar Rd,Vision,7,13,S/B,8789
1-Aug-19,102,3:28:00 PM,Thursday,Warden stn,Mechanical,20,32,N/B,8597
1-Aug-19,15,3:33:00 PM,Thursday,Mill Road Loop,Vision,14,28,E/B,7969
1-Aug-19,939,3:33:00 PM,Thursday,Scarborough Town center,Mechanical,6,12,W/B,3432
1-Aug-19,89,4:00:00 PM,Thursday,Entire Route,General Delay,25,35,BW,
1-Aug-19,41,4:00:00 PM,Thursday,Entire Route,General Delay,25,36,BW,
1-Aug-19,100,4:00:00 PM,Thursday,Broadview Stn to Don Mills/Wynford,General Delay,15,21,B/W,
1-Aug-19,37,4:01:00 PM,Thursday,Islington Station,Investigation,12,24,N/B,8423
1-Aug-19,37,4:01:00 PM,Thursday,Islington Station,Investigation,22,44,N/B,8065
1-Aug-19,95,4:13:00 PM,Thursday,Warden and Ellesmere,Investigation,12,24,E/B,3555
1-Aug-19,995,4:14:00 PM,Thursday,Ellesmere and Neilson,Investigation,12,24,B/W,3402
1-Aug-19,925,4:16:00 PM,Thursday,Pape station,Mechanical,8,16,N/B,8687
1-Aug-19,6,4:20:00 PM,Thursday,Queensquay and Sherbourne,Mechanical,8,15,N/B,1409
1-Aug-19,945,4:20:00 PM,Thursday,Dundas and Auckland,Investigation,8,16,S/B,8094
1-Aug-19,63,4:30:00 PM,Thursday,63 route bothways,General Delay,22,30,B/W,
1-Aug-19,65,4:40:00 PM,Thursday,Castle Frank Station,Mechanical,11,22,S/B,8941
1-Aug-19,42,4:42:00 PM,Thursday,Passmore/Dynamic,Mechanical,10,22,E/B,8319
1-Aug-19,102,4:46:00 PM,Thursday,Warden stn,Mechanical,19,39,N/B,3156
1-Aug-19,707,4:50:00 PM,Thursday,STC,Utilized Off Route,1,1,S/B,3534
1-Aug-19,129,5:12:00 PM,Thursday,Scarborough Town Center,Mechanical,10,15,N/B,3508
1-Aug-19,24,5:33:00 PM,Thursday,Southmead / Victoria Park,Investigation,9,18,N/B,3122
1-Aug-19,939,5:39:00 PM,Thursday,Victoria Park on Finch East,Mechanical,12,24,E/B,1611
1-Aug-19,57,5:40:00 PM,Thursday,Kennedy STN,Mechanical,8,16,N/B,8663
1-Aug-19,960,5:45:00 PM,Thursday,Pioneer Village Stn,Mechanical,15,30,E/B,3289
1-Aug-19,21,6:22:00 PM,Thursday,Scarborough Town Center,Mechanical,10,19,N/B,3543
1-Aug-19,168,6:25:00 PM,Thursday,St Clair and Old Weston,Investigation,9,17,S/B,1138
1-Aug-19,929,6:31:00 PM,Thursday,Dufferin and Lawrence,Investigation,10,20,N/B,9141
1-Aug-19,57,6:54:00 PM,Thursday,Kennedy STN,Mechanical,8,16,N/B,8661
1-Aug-19,53,6:58:00 PM,Thursday,Passmore and Markham,Mechanical,6,12,W/B,3420
1-Aug-19,81,7:00:00 PM,Thursday,Route 81,General Delay,14,26,B/W,
1-Aug-19,95,7:00:00 PM,Thursday,York Mills Station,General Delay,10,20,BW,3435
1-Aug-19,123,7:30:00 PM,Thursday,Kipling station,General Delay,24,59,S/B,8610
1-Aug-19,135,7:45:00 PM,Thursday,Main stn,Mechanical,28,,W/B,8443
1-Aug-19,168,7:55:00 PM,Thursday,Avon Loop,Mechanical,11,22,S/B,1325
1-Aug-19,86,8:18:00 PM,Thursday,Kingston Rd/Galloway Rd,Mechanical,10,19,W/B,8790
1-Aug-19,7,8:35:00 PM,Thursday,Finch and Bathurst,Mechanical,1,1,S/B,8380
1-Aug-19,102,8:46:00 PM,Thursday,Steeles & Markham,Mechanical,30,60,S/B,8472
1-Aug-19,89,9:10:00 PM,Thursday,Weston / Albion,Utilized Off Route,10,20,S/B,1202
1-Aug-19,29,9:13:00 PM,Thursday,Exhibition Loop,Emergency Services,8,17,N/B,9027
1-Aug-19,97,9:20:00 PM,Thursday,Yonge and Hollywood ave,Investigation,30,60,S/B,8161
1-Aug-19,89,9:30:00 PM,Thursday,Weston  / St. Clair,Mechanical,1,1,N/B,1254
1-Aug-19,39,9:44:00 PM,Thursday,Finch Route,General Delay,20,40,B/W,1318
1-Aug-19,89,10:00:00 PM,Thursday,Keele stn,Mechanical,10,20,N/B,1054
1-Aug-19,116,10:18:00 PM,Thursday,Eglinton Ave E/Mason Rd,Mechanical,10,20,E/B,8929
1-Aug-19,102,10:35:00 PM,Thursday,Warden stn,Utilized Off Route,10,20,N/B,3135
1-Aug-19,171,10:41:00 PM,Thursday,Mount Dennis Garage,Emergency Services,20,40,W/B,1603
1-Aug-19,74,11:07:00 PM,Thursday,Broadway and Mt. Pleasant,Diversion,149,169,N/B,
1-Aug-19,95,11:15:00 PM,Thursday,Kingston Road,Mechanical,10,20,WB,1377
1-Aug-19,34,11:41:00 PM,Thursday,Eglinton/DVP,Investigation,10,20,W/B,8669
2-Aug-19,45,12:20:00 AM,Friday,Steeles Loop,Mechanical,10,20,S/B,8067
2-Aug-19,94,1:12:00 AM,Friday,Ossington stn,Investigation,1,1,W/B,1131
2-Aug-19,70,1:22:00 AM,Friday,O'Connor/Wakunda Place,Mechanical,30,60,S/B,8706
2-Aug-19,32,1:25:00 AM,Friday,Eglinton / Old Park,Investigation,10,20,E/B,1142
2-Aug-19,40,1:27:00 AM,Friday,Dundas west station,General Delay,27,47,N/B,7956
2-Aug-19,34,1:35:00 AM,Friday,Kennedy Stn,Utilized Off Route,13,23,W/B,8684
2-Aug-19,34,1:40:00 AM,Friday,Eglinton and Warden,Investigation,10,20,E/B,8884
2-Aug-19,168,1:40:00 AM,Friday,On Old Weston from Davenport to St . Clair,Diversion,41,57,N/B,1147
2-Aug-19,300,2:00:00 AM,Friday,Kennedy Station,General Delay,20,40,BW,8610
2-Aug-19,52,2:15:00 AM,Friday,Lawrence at Little Ave.,Investigation,18,38,W/B,8193
2-Aug-19,320,2:59:00 AM,Friday,Yonge at Harbour St.,Mechanical,3,7,N/B,8216
2-Aug-19,395,3:40:00 AM,Friday,Ellesmere and Neilson,Mechanical,30,60,EB,1715
2-Aug-19,60,4:51:00 AM,Friday,Signal Hill,Vision,9,18,E/B,3313
2-Aug-19,123,5:03:00 AM,Friday,BROWNS LINE AND EVANS,Diversion,76,56,S/B,7979
2-Aug-19,704,5:04:00 AM,Friday,Finch station,Utilized Off Route,1,1,W/B,3359
2-Aug-19,165,5:05:00 AM,Friday,Finch and Weston,Utilized Off Route,8,16,W/B,3330
2-Aug-19,701,5:05:00 AM,Friday,Wilson Garage,Utilized Off Route,1,1,S/B,1253
2-Aug-19,600,5:05:00 AM,Friday,Arrow garage,Utilized Off Route,1,1,E/B,3305
2-Aug-19,602,5:06:00 AM,Friday,Kipling Station,Utilized Off Route,1,1,E/B,8092
2-Aug-19,600,5:06:00 AM,Friday,Arrow garage,Utilized Off Route,1,1,W/B,3347
2-Aug-19,600,5:09:00 AM,Friday,Wilson Garage,Utilized Off Route,1,1,,1276
2-Aug-19,600,5:09:00 AM,Friday,Wilson Garage,Utilized Off Route,1,1,S/B,1364
2-Aug-19,22,5:11:00 AM,Friday,Gerrard / Coxwell,Diversion,1,1,N/B,8957
2-Aug-19,935,5:16:00 AM,Friday,Jane & Finch,Mechanical,11,22,S/B,3468
2-Aug-19,79,5:30:00 AM,Friday,Scarlett and East DR,Mechanical,15,30,S/B,1124
2-Aug-19,121,6:00:00 AM,Friday,Chery and Lakeshore,Diversion,,,B/W,3146
2-Aug-19,17,6:00:00 AM,Friday,Eglinton,Diversion,999,999,B/W,
2-Aug-19,91,6:00:00 AM,Friday,Bermondsay and Eglinton,Diversion,999,999,B/W,
2-Aug-19,82,6:16:00 AM,Friday,Rosedale Station,Mechanical,24,24,E/B,8318
2-Aug-19,60,6:18:00 AM,Friday,Finch station,Mechanical,8,16,W/B,3349
2-Aug-19,937,6:29:00 AM,Friday,Islington and Steeles Loop,Mechanical,12,0,S/B,8090
2-Aug-19,35,6:32:00 AM,Friday,Jane and Eglinton,Mechanical,9,19,N/B,3161
2-Aug-19,12,6:40:00 AM,Friday,Gerrard,Mechanical,18,36,B/W,8958
2-Aug-19,86,6:40:00 AM,Friday,Kennedy Station,Mechanical,5,11,W/B,8876
2-Aug-19,35,6:51:00 AM,Friday,Jane and William Cragg,Mechanical,1,1,S/B,3496
2-Aug-19,905,6:52:00 AM,Friday,Kennedy Station,Mechanical,11,22,E/B,8827
2-Aug-19,35,7:00:00 AM,Friday,Jane Station,Mechanical,9,18,N/B,3706
2-Aug-19,35,7:09:00 AM,Friday,Pioneer Village Station,Mechanical,10,20,S/B,3530
2-Aug-19,106,7:19:00 AM,Friday,Sheppard west station,Mechanical,8,16,N/B,8303
2-Aug-19,902,7:30:00 AM,Friday,Progress / Centennial College,Diversion,10,20,B/W,8593
2-Aug-19,102,7:30:00 AM,Friday,Progress / Centennial College,Diversion,15,30,B/W,9214
2-Aug-19,43,7:38:00 AM,Friday,1355 Kennedy Road,Investigation,1,1,N/B,8759
2-Aug-19,66,7:40:00 AM,Friday,Old Mill Station,Mechanical,9,18,S/B,8096
2-Aug-19,32,7:44:00 AM,Friday,Eglinton at Caledonia,Mechanical,1,1,E/B,1143
2-Aug-19,33,7:53:00 AM,Friday,Presto,Mechanical,0,0,N/B,8182
2-Aug-19,34,7:55:00 AM,Friday,eglinton and winford,Investigation,8,16,S/B,8651
2-Aug-19,115,7:56:00 AM,Friday,York Mills and Leslie,Mechanical,24,48,W/B,8145
2-Aug-19,100,8:00:00 AM,Friday,Flemingdon park,General Delay,10,1,B/W,
2-Aug-19,34,8:00:00 AM,Friday,Eglinton route,General Delay,15,1,B/W,
2-Aug-19,110,8:17:00 AM,Friday,Long Branch Loop,Mechanical,12,24,N/B,8058
2-Aug-19,134,8:53:00 AM,Friday,Baldoon and Finch,Mechanical,18,40,E/B,9085
2-Aug-19,95,8:55:00 AM,Friday,U of T Scarborough,Mechanical,15,30,B/W,3400
2-Aug-19,68,9:00:00 AM,Friday,Eglinton Ave,Diversion,840,850,N/B,8875
2-Aug-19,35,9:17:00 AM,Friday,Jane and Finch,Mechanical,5,10,N/B,3496
2-Aug-19,7,9:29:00 AM,Friday,Bathurst St and Invermay Ave,Mechanical,9,17,S/B,1290
2-Aug-19,929,9:56:00 AM,Friday,Dufferin and Wilson,Mechanical,10,20,S/B,9034
2-Aug-19,929,10:00:00 AM,Friday,Wilson to Lawrence,General Delay,20,30,B/W,
2-Aug-19,29,10:00:00 AM,Friday,Lawrence to Wilson,General Delay,20,37,B/W,
2-Aug-19,15,10:04:00 AM,Friday,Royal York and Manitoba,Emergency Services,22,44,S/B,8406
2-Aug-19,59,10:24:00 AM,Friday,Lawrence and Dufferin,Mechanical,1,1,E/B,3306
2-Aug-19,985,10:26:00 AM,Friday,Scarborough Town Center,Mechanical,11,22,W/B,9057
2-Aug-19,63,10:29:00 AM,Friday,Presto,Mechanical,0,0,N/B,8345
2-Aug-19,52,10:30:00 AM,Friday,Lawrence and Varna,Mechanical,15,30,E/B,1315
2-Aug-19,68,10:30:00 AM,Friday,Eglinton Ave,General Delay,10,20,N/B,
2-Aug-19,83,10:30:00 AM,Friday,Donlands Station to lakeshore,General Delay,10,15,B/W,
2-Aug-19,92,10:30:00 AM,Friday,Woodbine station to Ashbridge bay Loop,General Delay,10,15,B/W,
2-Aug-19,37,10:36:00 AM,Friday,Rexdale and Kipling,Mechanical,20,40,S/B,7962
2-Aug-19,66,10:45:00 AM,Friday,Old Mill Station,Mechanical,24,48,S/B,8415
2-Aug-19,32,10:50:00 AM,Friday,East Mall,Mechanical,11,22,E/B,1075
2-Aug-19,43,11:00:00 AM,Friday,Kennedy Station,Mechanical,15,30,N/B,8799
2-Aug-19,91,11:08:00 AM,Friday,yorkmills,Mechanical,26,52,S/B,9203
2-Aug-19,939,11:11:00 AM,Friday,Finch Ave E/Victoria Park,Investigation,9,17,E/B,1679
2-Aug-19,87,11:32:00 AM,Friday,Coxwell/ Cosburn,Investigation,10,20,B/W,3105
2-Aug-19,54,11:34:00 AM,Friday,Rouge Hills Go Station,Emergency Services,13,26,N/B,8737
2-Aug-19,53,11:41:00 AM,Friday,Passmore and Markham,Mechanical,5,17,W/B,3408
2-Aug-19,129,11:50:00 AM,Friday,McCowan and Elson,Diversion,30,30,N/B,3535
2-Aug-19,86,12:00:00 PM,Friday,Kennedy Station,Vision,1,1,E/B,8861
2-Aug-19,80,12:00:00 PM,Friday,Parkside to Ellis on Lakeshore & Atomic,General Delay,20,44,B/W,
2-Aug-19,35,12:04:00 PM,Friday,Jane Station to Pioneer Village Station,General Delay,22,29,B/W,
2-Aug-19,935,12:04:00 PM,Friday,Jane Station to Pioneer Village Station,General Delay,26,33,B/W,
2-Aug-19,112,12:15:00 PM,Friday,KIPLING STN,Mechanical,20,40,N/B,7973
2-Aug-19,6,12:23:00 PM,Friday,Bay and Bloor,Mechanical,12,24,S/B,1116
2-Aug-19,905,12:36:00 PM,Friday,Eglinton & McCowan,Investigation,9,18,E/B,8893
2-Aug-19,41,1:00:00 PM,Friday,Keele Station - Pioneer Village Station,General Delay,20,30,B/W,
2-Aug-19,161,1:00:00 PM,Friday,Jane at Alliance - Ossington Station,General Delay,15,20,B/W,
2-Aug-19,89,1:00:00 PM,Friday,Keele Station - Weston at Albion,General Delay,20,30,B/W,
2-Aug-19,944,1:00:00 PM,Friday,ENTIRE ROUTE,General Delay,11,30,B/W,
2-Aug-19,44,1:00:00 PM,Friday,entire route,General Delay,8,25,B/W,
2-Aug-19,45,1:00:00 PM,Friday,ENTIRE ROUTE,General Delay,10,30,B/W,
2-Aug-19,35,1:08:00 PM,Friday,Jane and Lawrence,Investigation,7,14,S/B,3482
2-Aug-19,39,1:10:00 PM,Friday,Old Finch Ave/Baffin Ct,Mechanical,18,36,E/B,1333
2-Aug-19,94,1:15:00 PM,Friday,Church and Welsley,Diversion,14,28,S/B,1051
2-Aug-19,79,1:30:00 PM,Friday,Eglinton to Lawrence,General Delay,15,25,All runs cl,
2-Aug-19,165,1:35:00 PM,Friday,Weston/Fnch,Mechanical,1,1,S/B,3521
2-Aug-19,52,1:40:00 PM,Friday,Lawrence and Black Creek,Mechanical,15,30,E/B,1286
2-Aug-19,75,1:57:00 PM,Friday,Sherbourne and Dundas,Investigation,11,22,S/B,1253
2-Aug-19,16,2:00:00 PM,Friday,Warden Station to Scarborough Town centre,General Delay,10,15,B/W,
2-Aug-19,37,2:00:00 PM,Friday,Islington Station to Steeles and Humberwood Loop,General Delay,15,35,B/W,
2-Aug-19,116,2:00:00 PM,Friday,Morningside Ave (Sheppard to McLevin),General Delay,15,27,B/W,
2-Aug-19,91,2:00:00 PM,Friday,Woodbine station to Yorkmills,General Delay,15,20,W/B,
2-Aug-19,133,2:07:00 PM,Friday,Morningside/Finch,Mechanical,11,22,S/B,3487
2-Aug-19,29,2:07:00 PM,Friday,Wilson Station,Mechanical,1,1,S/B,9002
2-Aug-19,29,2:11:00 PM,Friday,Dufferin and Lawrence,Vision,8,15,S/B,9054
2-Aug-19,110,2:23:00 PM,Friday,"On Horner, at 30th",Mechanical,25,40,W/B,8034
2-Aug-19,57,2:28:00 PM,Friday,Kennedy STN,Investigation,8,16,N/B,8893
2-Aug-19,134,2:31:00 PM,Friday,Scarborough Town Center,Mechanical,10,19,E/B,1291
2-Aug-19,34,2:36:00 PM,Friday,Donmills and winford,Mechanical,8,16,W/B,8940
2-Aug-19,34,2:42:00 PM,Friday,Eglinton and Brentcliffe,Mechanical,9,18,E/B,8772
2-Aug-19,39,2:46:00 PM,Friday,Tapscot on Finch,Mechanical,7,11,W/B,1308
2-Aug-19,85,3:00:00 PM,Friday,Yonge/Sheppard Stn to Rouge Hill Go Stn,General Delay,16,33,B/W,
2-Aug-19,925,3:00:00 PM,Friday,925 route between Eglinton & Lawrence,General Delay,15,30,B/W,
2-Aug-19,102,3:00:00 PM,Friday,Route 102,General Delay,25,45,B/W,
2-Aug-19,25,3:00:00 PM,Friday,25 Don Mills route between Eglinton & Lawrence,General Delay,15,30,N/B,
2-Aug-19,22,3:00:00 PM,Friday,Route 22,General Delay,17,25,B/W,
2-Aug-19,72,3:00:00 PM,Friday,Route 72,General Delay,25,43,B/W,
2-Aug-19,939,3:10:00 PM,Friday,Finch and Gordon Baker,Mechanical,1,9,E/B,1318
2-Aug-19,929,3:11:00 PM,Friday,Dufferin and St. Clair,Investigation,10,20,S/B,9013
2-Aug-19,116,3:23:00 PM,Friday,Morningside Ave/Nightstar Rd,Mechanical,7,13,S/B,8924
2-Aug-19,75,3:34:00 PM,Friday,Bathurst and Eglinton,Mechanical,9,18,S/B,8107
2-Aug-19,89,3:35:00 PM,Friday,Weston and Cardell,Investigation,10,20,S/B,1002
2-Aug-19,116,3:36:00 PM,Friday,Morningside Ave/Nightstar Rd,Mechanical,7,13,S/B,8632
2-Aug-19,72,4:19:00 PM,Friday,Pape stn,Mechanical,10,20,S/B,8536
2-Aug-19,68,4:27:00 PM,Friday,Warden Station,Mechanical,24,48,N/B,8623
2-Aug-19,63,4:30:00 PM,Friday,63 ossington bothways,General Delay,18,26,B/W,
2-Aug-19,165,4:35:00 PM,Friday,Wilson and Jane,Investigation,8,16,W/B,3245
2-Aug-19,985,4:35:00 PM,Friday,Kennedy and Sheppard,Mechanical,12,24,E/B,9068
2-Aug-19,935,4:54:00 PM,Friday,Jane & Finch,Mechanical,11,22,S/B,3478
2-Aug-19,168,5:00:00 PM,Friday,Avon Loop,Mechanical,8,17,S/B,1049
2-Aug-19,126,5:14:00 PM,Friday,Christie and Dupont,Mechanical,17,34,N/B,1128
2-Aug-19,35,5:25:00 PM,Friday,Jaen & Sheppard,Mechanical,12,24,S/B,3556
2-Aug-19,984,5:35:00 PM,Friday,Sheppard West Station,Mechanical,8,16,W/B,3285
2-Aug-19,12,5:56:00 PM,Friday,Brimley / St.Clair,Diversion,40,64,N/B,
2-Aug-19,68,6:04:00 PM,Friday,Warden Station,Mechanical,16,40,N/B,8771
2-Aug-19,989,6:13:00 PM,Friday,Keele Station,Mechanical,10,20,N/B,1139
2-Aug-19,47,6:25:00 PM,Friday,Caledonia and Castlefield,Investigation,14,27,S/B,1015
2-Aug-19,44,6:30:00 PM,Friday,Kipling station,Utilized Off Route,6,12,S/B,8403
2-Aug-19,24,6:32:00 PM,Friday,Victoria park station,Investigation,9,18,N/B,8489
2-Aug-19,72,6:36:00 PM,Friday,Commisioners & Carlaw,Mechanical,9,18,E/B,3110
2-Aug-19,45,6:48:00 PM,Friday,Kipling station,Mechanical,9,18,N/B,8091
2-Aug-19,97,7:00:00 PM,Friday,97 route bothways,General Delay,18,48,B/W,
2-Aug-19,133,8:03:00 PM,Friday,Morningside and Finch,Mechanical,9,18,W/B,3486
2-Aug-19,89,8:15:00 PM,Friday,Annette and Keele,Mechanical,1,1,N/B,1088
2-Aug-19,32,8:22:00 PM,Friday,KEEG,Mechanical,1,1,E/B,1059
2-Aug-19,35,8:56:00 PM,Friday,Jane & Wilson,Mechanical,9,18,S/B,3475
2-Aug-19,32,9:04:00 PM,Friday,PINE,Mechanical,10,20,E/B,1068
2-Aug-19,92,9:50:00 PM,Friday,Woodbine and Kingston,Diversion,1,1,B/W,9223
2-Aug-19,22,9:50:00 PM,Friday,Woodbine / Kingston,Diversion,85,95,B/W,
2-Aug-19,92,9:50:00 PM,Friday,Woodbine and Kingston,Diversion,12,24,S/B,8946
2-Aug-19,102,10:01:00 PM,Friday,Centennial College,Utilized Off Route,15,33,S/B,8542
2-Aug-19,935,10:06:00 PM,Friday,Pioneer Village Stn,Investigation,10,20,S/B,3489
2-Aug-19,131,10:32:00 PM,Friday,Scarborough Town Center,General Delay,10,20,NB,3457
2-Aug-19,37,10:40:00 PM,Friday,"On Islington, at Beaumonde Heights",Diversion,238,264,B/W,
2-Aug-19,45,10:45:00 PM,Friday,Kipling station,Utilized Off Route,10,20,N/B,8424
2-Aug-19,79,10:47:00 PM,Friday,Pine and Lawrence,Mechanical,30,58,S/B,1030
2-Aug-19,32,10:50:00 PM,Friday,The East Mall on Eglinton,Mechanical,11,22,E/B,1047
2-Aug-19,900,10:55:00 PM,Friday,Kipling station,Mechanical,8,16,N/B,8001
2-Aug-19,63,11:01:00 PM,Friday,Ossington station,Utilized Off Route,10,20,S/B,8151
2-Aug-19,89,11:21:00 PM,Friday,Keele station,Mechanical,10,20,N/B,1146
2-Aug-19,33,11:22:00 PM,Friday,St Clair West station,Mechanical,20,40,N/B,8204
2-Aug-19,92,11:28:00 PM,Friday,Woodbine Station,Mechanical,18,36,S/B,9223
2-Aug-19,24,11:34:00 PM,Friday,Victoria Park and Curlew,Investigation,9,18,S/B,3150
2-Aug-19,116,11:40:00 PM,Friday,Kennedy STN,Mechanical,10,20,E/B,8743
3-Aug-19,32,12:22:00 AM,Saturday,Eglinton and Trethewey,Investigation,10,20,EB,1131
3-Aug-19,60,1:21:00 AM,Saturday,Pioneer Village,Utilized Off Route,17,34,W/B,3208
3-Aug-19,300,2:00:00 AM,Saturday,Kennedy Station,General Delay,20,40,EB,8945
3-Aug-19,337,2:04:00 AM,Saturday,Islington at Beaumonde Heights,Diversion,15,30,B/W,0
3-Aug-19,300,2:58:00 AM,Saturday,Bloor and Montrose avenue,Investigation,20,40,WB,8609
3-Aug-19,307,3:05:00 AM,Saturday,Bathurst at Steeles,Mechanical,30,60,S/B,8167
3-Aug-19,341,3:56:00 AM,Saturday,Keele and Sheppard,Investigation,30,60,S/B,9006
3-Aug-19,307,4:41:00 AM,Saturday,Bathurst and Wellington,Investigation,30,60,N/B,3161
3-Aug-19,72,5:14:00 AM,Saturday,Cherry/ Lakeshore,Diversion,999,999,B/W,
3-Aug-19,17,5:18:00 AM,Saturday,Eglinton,Diversion,999,999,B/W,3151
3-Aug-19,302,5:45:00 AM,Saturday,Kingston and Victoria Park,Emergency Services,30,60,EB,3449
3-Aug-19,22,5:49:00 AM,Saturday,Upper Gerrard,Diversion,999,999,B/W,8491
3-Aug-19,121,6:00:00 AM,Saturday,Cherry/ Lakeshore,Diversion,999,999,B/W,8583
3-Aug-19,121,6:00:00 AM,Saturday,Spadina/ Fort york,Diversion,999,999,W/B,8583
3-Aug-19,91,6:20:00 AM,Saturday,Eglinton,Diversion,999,999,B/W,3127
3-Aug-19,108,6:24:00 AM,Saturday,Sheppard station,Investigation,8,16,N/B,3160
3-Aug-19,57,6:51:00 AM,Saturday,Lawrence Ave,Mechanical,22,44,N/B,8810
3-Aug-19,63,7:00:00 AM,Saturday,Atlantic and King,Diversion,5,11,Bw,
3-Aug-19,74,7:00:00 AM,Saturday,Mt.Pleasant and Merton,Diversion,1,1,N/B,
3-Aug-19,42,7:00:00 AM,Saturday,Finch Station,Mechanical,20,40,E/B,8110
3-Aug-19,83,7:00:00 AM,Saturday,lakeshore garage,Diversion,,,N/B,8513
3-Aug-19,34,7:23:00 AM,Saturday,Don Mills & Wynford Drive,Mechanical,17,34,E/B,8690
3-Aug-19,7,7:35:00 AM,Saturday,Bathurst and Lawrence,Mechanical,9,18,N/B,8189
3-Aug-19,52,7:49:00 AM,Saturday,Wilson and Jane,Mechanical,20,40,W/B,1215
3-Aug-19,54,8:04:00 AM,Saturday,Starspray Blvd,Mechanical,20,40,N/B,8726
3-Aug-19,14,8:16:00 AM,Saturday,Davisville Station,Mechanical,20,40,W/B,1147
3-Aug-19,32,8:24:00 AM,Saturday,Jane and Eglinton,Investigation,5,10,W/B,1009
3-Aug-19,35,8:42:00 AM,Saturday,Jane/Finch,Mechanical,1,1,N/B,3556
3-Aug-19,606,8:59:00 AM,Saturday,Main station,Utilized Off Route,0,0,B/W,8561
3-Aug-19,121,9:00:00 AM,Saturday,"Spadina, Fort York",General Delay,10,10,B/W,8547
3-Aug-19,706,9:01:00 AM,Saturday,Main stn,Utilized Off Route,0,0,B/W,3155
3-Aug-19,606,9:01:00 AM,Saturday,Pape station,Utilized Off Route,0,0,B/W,8446
3-Aug-19,130,9:19:00 AM,Saturday,Mccown and Middlefield,Diversion,186,216,B/W,3412
3-Aug-19,62,9:33:00 AM,Saturday,Marlow,Investigation,22,44,W/B,8546
3-Aug-19,126,9:49:00 AM,Saturday,St. Clair West Station,Investigation,30,60,S/B,1066
3-Aug-19,65,10:00:00 AM,Saturday,Castlefrank Station to Front and Berkeley,General Delay,10,15,B/W,
3-Aug-19,89,10:30:00 AM,Saturday,Jane and Weston,General Delay,15,27,B/W,
3-Aug-19,60,10:32:00 AM,Saturday,Pioneer station,Vision,11,22,E/B,3216
3-Aug-19,48,10:36:00 AM,Saturday,Islington and Rathburn,Mechanical,1,1,E/B,8042
3-Aug-19,6,10:37:00 AM,Saturday,Bay at Wellington,Investigation,16,32,S/B,1379
3-Aug-19,76,10:40:00 AM,Saturday,Eglinton and Royal York,Mechanical,1,1,N/B,7978
3-Aug-19,37,10:47:00 AM,Saturday,Islington and Dixon,Emergency Services,30,60,N/B,8013
3-Aug-19,86,10:54:00 AM,Saturday,Kingston Rd & Amiens Rd,Investigation,8,16,W/B,8775
3-Aug-19,68,10:57:00 AM,Saturday,Sylla Ave and Ellesmere Road,Diversion,187,209,B/W,
3-Aug-19,68,11:00:00 AM,Saturday,Egliton ave and Ellesmere Road,General Delay,20,31,B/W,
3-Aug-19,61,11:05:00 AM,Saturday,Bombay loop,Mechanical,20,40,SB,8139
3-Aug-19,43,11:14:00 AM,Saturday,Radnor Ave,Investigation,15,30,B/W,8645
3-Aug-19,37,11:24:00 AM,Saturday,Steele and Islington,Investigation,16,32,S/B,8058
3-Aug-19,72,11:30:00 AM,Saturday,PAPE / Pape Station,General Delay,18,36,B/W,
3-Aug-19,104,11:30:00 AM,Saturday,Wilson Stn lower,Mechanical,15,30,,8180
3-Aug-19,52,11:36:00 AM,Saturday,Lawrence Station,Mechanical,20,40,W/B,1236
3-Aug-19,43,11:39:00 AM,Saturday,Kennedy Station,Emergency Services,10,20,B/W,8883
3-Aug-19,29,11:44:00 AM,Saturday,Dufferin Station,Mechanical,0,0,S/B,9113
3-Aug-19,29,11:45:00 AM,Saturday,Sylvan and Dufferin,Diversion,75,84,B/W,
3-Aug-19,129,11:48:00 AM,Saturday,STC,Mechanical,7,14,N/B,3460
3-Aug-19,109,12:16:00 PM,Saturday,L;awrence W Stn,Mechanical,20,40,SB,1381
3-Aug-19,96,12:42:00 PM,Saturday,Carrier Loop,Mechanical,1,1,W/B,3281
3-Aug-19,6,12:47:00 PM,Saturday,Queens Quay at Sherbourne,Mechanical,16,32,N/B,1378
3-Aug-19,127,12:50:00 PM,Saturday,Townsley Loop,Mechanical,22,44,S/B,1603
3-Aug-19,34,12:54:00 PM,Saturday,Concorde Place,Investigation,14,30,S/B,8749
3-Aug-19,65,1:10:00 PM,Saturday,Front and Bay,Mechanical,153,30,N/B,8952
3-Aug-19,80,1:30:00 PM,Saturday,Queensway from Roncesvalles to Parklawn,General Delay,30,54,B/W,
3-Aug-19,86,1:31:00 PM,Saturday,Morningside & Kingston Rd,Investigation,8,16,W/B,8879
3-Aug-19,53,1:43:00 PM,Saturday,Don Mills and Steeles,Mechanical,6,15,W/B,3411
3-Aug-19,85,1:44:00 PM,Saturday,Sheppard/Markham,Mechanical,22,44,W/B,1299
3-Aug-19,40,2:00:00 PM,Saturday,Dundas West to Runnymede Loop,General Delay,5,13,B/W,
3-Aug-19,96,2:00:00 PM,Saturday,Yotkmills station,General Delay,28,16,B/W,
3-Aug-19,35,2:00:00 PM,Saturday,Pioneer village station,General Delay,28,16,B/W,
3-Aug-19,108,2:00:00 PM,Saturday,pioneer village station,General Delay,28,16,B/W,
3-Aug-19,29,2:45:00 PM,Saturday,Dufferin & Bloor,General Delay,18,28,B/W,
3-Aug-19,52,3:08:00 PM,Saturday,Victory/McNaughton,Mechanical,17,34,E/B,1236
3-Aug-19,36,3:32:00 PM,Saturday,Finch and Woodbine Downs,Emergency Services,7,14,E/B,3244
3-Aug-19,35,4:00:00 PM,Saturday,Pioneer village staion,General Delay,8,16,B/W,
3-Aug-19,108,4:12:00 PM,Saturday,Grandravine dr and keele st,Investigation,8,16,W/B,3362
3-Aug-19,106,4:30:00 PM,Saturday,Entire 106 route bothways,General Delay,24,32,B/W,
3-Aug-19,165,4:45:00 PM,Saturday,Finch and western,Diversion,7,14,B/W,
3-Aug-19,111,5:11:00 PM,Saturday,Willowridge and Richgrove,Mechanical,11,22,S/B,7973
3-Aug-19,37,5:33:00 PM,Saturday,Queens Plate Dr. and Rexdale,Mechanical,14,28,E/B,8038
3-Aug-19,89,6:05:00 PM,Saturday,Keele and Annett,Mechanical,12,24,S/B,1128
3-Aug-19,97,6:33:00 PM,Saturday,York Mill station,Mechanical,30,60,W/B,8125
3-Aug-19,52,6:40:00 PM,Saturday,Lawrence W /Caledonia,Mechanical,21,38,W/B,1252
3-Aug-19,50,7:13:00 PM,Saturday,Kipling and Burnhamthorpe,Diversion,23,53,W/B,8407
3-Aug-19,29,7:15:00 PM,Saturday,Bloor and Dufferin,Mechanical,6,12,S/B,9037
3-Aug-19,21,7:15:00 PM,Saturday,Kennedy Station,Mechanical,15,30,N/B,1394
3-Aug-19,133,7:45:00 PM,Saturday,Neilson/Mclevin,Investigation,10,20,N/B,1316
3-Aug-19,85,8:00:00 PM,Saturday,Don Mills Station,General Delay,12,24,BW,1320
3-Aug-19,111,8:00:00 PM,Saturday,Kipling Station to Willowridge and Richgrove,General Delay,6,26,B/W,
3-Aug-19,939,8:01:00 PM,Saturday,STC,Mechanical,10,20,W/B,1401
3-Aug-19,63,8:23:00 PM,Saturday,Rogers and oakwood,Mechanical,1,1,N/B,8343
3-Aug-19,80,9:04:00 PM,Saturday,Queensway and Windermere,Diversion,49,79,B/W,8018
3-Aug-19,77,9:20:00 PM,Saturday,Queensway and Windermere,Diversion,45,49,N/B,
3-Aug-19,985,9:22:00 PM,Saturday,Scarborough Town Center,Mechanical,12,24,WB,9070
3-Aug-19,29,9:35:00 PM,Saturday,Queen and Dufferin,Diversion,105,113,S/B,
3-Aug-19,34,9:50:00 PM,Saturday,Eglinton and Sloane,Emergency Services,10,21,W/B,8783
3-Aug-19,166,9:51:00 PM,Saturday,Oakwood south of St. Clair,Investigation,15,30,S/B,1134
3-Aug-19,29,9:52:00 PM,Saturday,Springhurst Loop,Investigation,9,18,S/B,9024
3-Aug-19,52,10:09:00 PM,Saturday,Lawrence W stn,Mechanical,10,20,W/B,1201
3-Aug-19,84,10:15:00 PM,Saturday,Sheppard - Sentinel Rd. to Wiilmington,General Delay,35,45,B/W,
3-Aug-19,84,10:45:00 PM,Saturday,Sheppard at Keele,Diversion,120,130,B/W,
3-Aug-19,900,10:50:00 PM,Saturday,Terminal 1,Mechanical,10,20,N/B,8614
3-Aug-19,106,11:05:00 PM,Saturday,Keele and Sheppard,Diversion,81,93,E/B,8131
3-Aug-19,20,11:33:00 PM,Saturday,Kennedy Station,Mechanical,30,60,W/B,8501
4-Aug-19,52,12:04:00 AM,Sunday,Martingrove and tolington,Investigation,20,40,B/W,8340
4-Aug-19,24,12:55:00 AM,Sunday,Denton and Victoria Park,Investigation,10,20,S/B,3146
4-Aug-19,63,1:05:00 AM,Sunday,Atlantic and king,Utilized Off Route,8,16,N/B,8188
4-Aug-19,63,1:05:00 AM,Sunday,College and Ossington,Mechanical,8,16,S/B,8112
4-Aug-19,43,1:28:00 AM,Sunday,2770 Kennedy Road,Investigation,15,30,B/W,8925
4-Aug-19,900,1:29:00 AM,Sunday,Jetliner and Airport Road,Mechanical,10,20,S/B,7960
4-Aug-19,320,2:31:00 AM,Sunday,Yonge at Churchill,Emergency Services,4,7,N/B,8390
4-Aug-19,29,5:42:00 AM,Sunday,Finch West Station,Mechanical,7,15,S/B,9143
4-Aug-19,72,6:01:00 AM,Sunday,Cherry / Villiers,Diversion,18,36,B/W,3158
4-Aug-19,54,6:31:00 AM,Sunday,Lawrence & Markham,Utilized Off Route,17,17,E/B,8798
4-Aug-19,300,6:51:00 AM,Sunday,Kennedy Station to Terminal 3,General Delay,20,50,B/W,
4-Aug-19,22,7:00:00 AM,Sunday,Upper Gerrard,Diversion,999,999,B/W,8517
4-Aug-19,29,7:20:00 AM,Sunday,Wilson stn,Mechanical,8,16,S/B,9137
4-Aug-19,68,7:25:00 AM,Sunday,Warden & Eglinton,Diversion,999,999,B/W,8767
4-Aug-19,91,7:26:00 AM,Sunday,Eglinton,Diversion,999,999,B/W,8519
4-Aug-19,48,7:40:00 AM,Sunday,Mill Rd Loop,Mechanical,1,30,E/B,8018
4-Aug-19,17,7:48:00 AM,Sunday,Eglinton,Diversion,999,999,B/W,8558
4-Aug-19,54,7:54:00 AM,Sunday,Starspray Loop,Utilized Off Route,30,54,E/B,8829
4-Aug-19,47,7:55:00 AM,Sunday,Yorkdale,Diversion,60,80,S/B,1149
4-Aug-19,121,8:00:00 AM,Sunday,Cherry / Villiers,Diversion,15,30,B/W,8561
4-Aug-19,121,8:00:00 AM,Sunday,Ontario Place,Diversion,20,40,B/W,8561
4-Aug-19,25,8:24:00 AM,Sunday,Pape Station,Utilized Off Route,9,16,N/B,8690
4-Aug-19,52,8:30:00 AM,Sunday,Lawrence West Station,Mechanical,20,40,W/B,8176
4-Aug-19,925,8:36:00 AM,Sunday,Don Mills & Freshmeadow,Utilized Off Route,10,19,S/B,8927
4-Aug-19,110,8:50:00 AM,Sunday,Islington Station,Mechanical,20,40,S/B,7956
4-Aug-19,7,9:24:00 AM,Sunday,lawrence,Mechanical,8,16,N/B,8130
4-Aug-19,100,10:00:00 AM,Sunday,Flemington route,General Delay,10,1,B/W,
4-Aug-19,78,10:15:00 AM,Sunday,Carluke and Fifeshire,Mechanical,30,60,S/B,1214
4-Aug-19,40,10:30:00 AM,Sunday,Dundas St W at Quebec,General Delay,15,1,S/B,
4-Aug-19,52,10:44:00 AM,Sunday,Lawrence Station,Utilized Off Route,20,40,W/B,1315
4-Aug-19,51,10:50:00 AM,Sunday,Leslie and Eglinton,Mechanical,20,40,N/B,8159
4-Aug-19,84,11:00:00 AM,Sunday,Sheppard west station,General Delay,11,22,B/W,
4-Aug-19,46,11:08:00 AM,Sunday,Porter Field,Investigation,16,32,S/B,3166
4-Aug-19,600,11:15:00 AM,Sunday,Tretheway and Millennium Drive,Investigation,1,1,E/B,1139
4-Aug-19,165,11:30:00 AM,Sunday,CLYDE AND WILSON,Investigation,10,20,E/B,3327
4-Aug-19,54,12:27:00 PM,Sunday,Eglinton & Petman,Mechanical,12,24,W/B,8798
4-Aug-19,54,12:55:00 PM,Sunday,Lawrence Station - LINE 3,Mechanical,12,24,E/B,8659
4-Aug-19,710,12:56:00 PM,Sunday,Warden Station,Investigation,1,1,S/B,8936
4-Aug-19,54,12:59:00 PM,Sunday,2216 Lawrence,Investigation,17,33,W/B,8694
4-Aug-19,17,1:00:00 PM,Sunday,Birchmount,General Delay,11,11,S/B,9157
4-Aug-19,60,1:22:00 PM,Sunday,Steeles Loop @ Martin Grove,Mechanical,140,20,E/B,3281
4-Aug-19,65,1:30:00 PM,Sunday,parliament,General Delay,10,10,S/B,
4-Aug-19,72,2:00:00 PM,Sunday,PAPE / Pape Station,General Delay,18,36,B/W,
4-Aug-19,29,2:31:00 PM,Sunday,Dufferin and Lawrence,Investigation,4,8,N/B,9048
4-Aug-19,108,3:00:00 PM,Sunday,Sheppard West Station to Pioneer Village Station,General Delay,20,29,B/W,
4-Aug-19,40,3:09:00 PM,Sunday,Dundas St West Station,Mechanical,10,20,W/B,8026
4-Aug-19,116,4:00:00 PM,Sunday,Entire route,General Delay,10,17,B/W,
4-Aug-19,86,4:00:00 PM,Sunday,Entire route,General Delay,10,18,B/W,
4-Aug-19,23,4:34:00 PM,Sunday,195 Rexleigh,Mechanical,10,20,S/B,8527
4-Aug-19,63,4:35:00 PM,Sunday,Straun and east liberty,Diversion,379,389,B/W,
4-Aug-19,89,5:11:00 PM,Sunday,Weston and Northland Ave.,Investigation,10,20,S/B,1031
4-Aug-19,106,5:15:00 PM,Sunday,Keele to chesswood,General Delay,15,25,B/W,
4-Aug-19,121,6:00:00 PM,Sunday,Cherry Street and Commissioners,Diversion,435,450,E/B,
4-Aug-19,72,6:00:00 PM,Sunday,Commissioners and Don Roadway,Diversion,481,498,W/B,
4-Aug-19,43,6:05:00 PM,Sunday,Kennedy & McNicoll,Diversion,12,22,N/B,
4-Aug-19,102,6:07:00 PM,Sunday,MARKHAM AND FINCH,Diversion,58,68,N/B,
4-Aug-19,39,6:20:00 PM,Sunday,Markham,Diversion,35,50,E/B,
4-Aug-19,29,6:48:00 PM,Sunday,Exhibition West Loop,Investigation,4,8,N/B,9034
4-Aug-19,600,7:03:00 PM,Sunday,Stayner and Dufferin,Mechanical,1,1,S/B,1532
4-Aug-19,52,7:38:00 PM,Sunday,Lawrence and Ralph,Investigation,20,40,W/B,8309
4-Aug-19,116,7:47:00 PM,Sunday,Jon Stoner,Investigation,1,1,B/W,8843
4-Aug-19,54,8:33:00 PM,Sunday,Lawrence & Kennedy,Investigation,20,40,E/B,8822
4-Aug-19,21,8:38:00 PM,Sunday,BRST,Mechanical,10,20,E/B,8467
4-Aug-19,92,8:45:00 PM,Sunday,Woodbine Loop at Lakeshore,Diversion,140,147,S/B,
4-Aug-19,32,8:50:00 PM,Sunday,Keele and Eglinton,Investigation,20,43,E/B,1359
4-Aug-19,20,9:07:00 PM,Sunday,Kennedy Station,Investigation,30,60,W/B,3109
4-Aug-19,121,9:27:00 PM,Sunday,CHERRY AND COMMISSIONERS,Diversion,81,99,E/B,3122
4-Aug-19,127,9:30:00 PM,Sunday,Townsley Loop,Mechanical,20,40,E/B,1132
4-Aug-19,84,10:00:00 PM,Sunday,Keele,General Delay,30,60,B/W,1
4-Aug-19,39,10:00:00 PM,Sunday,Finch Station to Neilson to Old Finch,General Delay,20,40,B/W,
4-Aug-19,45,10:21:00 PM,Sunday,Kipling and Steeles,Emergency Services,10,20,S/B,8410
4-Aug-19,75,10:30:00 PM,Sunday,bloor / sherbourne,Mechanical,30,60,S/B,8169
4-Aug-19,63,10:40:00 PM,Sunday,Atlantic and king,Utilized Off Route,10,20,B/W,8384
4-Aug-19,84,10:42:00 PM,Sunday,Keele,Diversion,138,148,E/B,
4-Aug-19,108,10:52:00 PM,Sunday,Keele,Diversion,138,168,E/B,
4-Aug-19,68,11:16:00 PM,Sunday,Warden Station,Mechanical,22,44,N/B,8771
4-Aug-19,96,11:23:00 PM,Sunday,Muncey Ave,Emergency Services,20,40,W/B,3245
4-Aug-19,68,11:36:00 PM,Sunday,Warden & Comstock,Investigation,22,44,N/B,8935
5-Aug-19,52,12:12:00 AM,Monday,Lawrence station,Mechanical,20,40,W/B,8194
5-Aug-19,47,1:12:00 AM,Monday,Lansdowne at Wallace ave,Diversion,42,57,B/W,
5-Aug-19,65,1:30:00 AM,Monday,Parliament and Shuter,Diversion,45,60,B/W,
5-Aug-19,365,2:14:00 AM,Monday,Parliament and Shuter,Diversion,1,1,B/W,9203
5-Aug-19,352,2:32:00 AM,Monday,Kipling and Dixion,Emergency Services,30,60,W/B,1390
5-Aug-19,329,3:32:00 AM,Monday,Castlefield,Diversion,153,183,B/W,
5-Aug-19,29,5:00:00 AM,Monday,"S/B Dufferin and Glencairn,N/B Dufferin and Rogers",Diversion,30,40,B/W,9151
5-Aug-19,72,5:44:00 AM,Monday,.Cherry and lakeshore,Diversion,999,999,BW,8478
5-Aug-19,22,5:45:00 AM,Monday,Gerrard,Diversion,999,999,N/B,8576
5-Aug-19,17,5:48:00 AM,Monday,Eglinton,Diversion,999,999,B/W,
5-Aug-19,121,6:00:00 AM,Monday,Cherry and Lakeshore,Diversion,999,999,B/W,
5-Aug-19,91,6:14:00 AM,Monday,Bermondsay,Diversion,999,999,B/W,
5-Aug-19,87,6:22:00 AM,Monday,Wallington and Westlake,Mechanical,11,22,W/B,9222
5-Aug-19,7,6:22:00 AM,Monday,lawrence,Mechanical,1,1,S/B,1371
5-Aug-19,7,6:30:00 AM,Monday,GREENWIN VILLAGE AT BATHURST ST.,Mechanical,10,20,S/B,1257
5-Aug-19,86,6:50:00 AM,Monday,Kennedy Station,Investigation,10,20,E/B,8723
5-Aug-19,63,7:03:00 AM,Monday,liberty,Utilized Off Route,3,6,N/B,1204
5-Aug-19,131,7:08:00 AM,Monday,Morningview and Old Finch,Mechanical,24,46,S/B,3418
5-Aug-19,87,7:31:00 AM,Monday,Eastdale and Goodwood,Mechanical,10,20,N/B,8501
5-Aug-19,11,7:42:00 AM,Monday,sunnybrook hospital,Mechanical,15,30,S/B,8126
5-Aug-19,84,7:50:00 AM,Monday,Sheppard stn,Utilized Off Route,10,20,W/B,3171
5-Aug-19,57,7:59:00 AM,Monday,Steeles and Midland,Mechanical,1,1,S/B,8660
5-Aug-19,133,8:12:00 AM,Monday,Scarborough Town Center,Mechanical,12,24,N/B,1338
5-Aug-19,20,9:00:00 AM,Monday,Danforth,Diversion,900,924,B/W,
5-Aug-19,113,9:00:00 AM,Monday,Danforth,Diversion,90,920,B/W,
5-Aug-19,25,9:05:00 AM,Monday,Don mills and Eglinton,Mechanical,9,18,N/B,8650
5-Aug-19,53,9:34:00 AM,Monday,Finch Station,Mechanical,9,18,E/B,1393
5-Aug-19,89,9:56:00 AM,Monday,Weston and St.Clair,Investigation,1,1,S/B,1062
5-Aug-19,60,10:00:00 AM,Monday,Reoute 60,General Delay,20,30,B/W,
5-Aug-19,17,10:00:00 AM,Monday,Birchmount route,General Delay,15,1,B/W,
5-Aug-19,41,10:25:00 AM,Monday,Keele Station,Utilized Off Route,11,23,N/B,1014
5-Aug-19,127,10:35:00 AM,Monday,Townsley Loop,Mechanical,23,45,E/B,1008
5-Aug-19,175,11:00:00 AM,Monday,Bluffer's Park Route,General Delay,15,30,BW,0
5-Aug-19,116,11:04:00 AM,Monday,Kennedy Station,Mechanical,8,16,B/W,8804
5-Aug-19,89,11:08:00 AM,Monday,Weston at Humber Blvd N,Investigation,10,20,S/B,1260
5-Aug-19,95,11:17:00 AM,Monday,Valleywoods and York Mills,Mechanical,1,1,E/B,1326
5-Aug-19,52,11:20:00 AM,Monday,Dixon and Kipling,Mechanical,20,40,E/B,8144
5-Aug-19,16,11:23:00 AM,Monday,scar town ctr,Investigation,10,20,S/B,8454
5-Aug-19,70,11:30:00 AM,Monday,Coxwell Station,Mechanical,30,60,W/B,8666
5-Aug-19,900,11:58:00 AM,Monday,k8ipling Stn,Mechanical,4,7,N/B,8008
5-Aug-19,72,12:00:00 PM,Monday,Pape Route,General Delay,15,33,BW,0
5-Aug-19,29,12:06:00 PM,Monday,Wilson Station,Mechanical,4,9,S/B,9006
5-Aug-19,900,12:57:00 PM,Monday,kipling Stn,Mechanical,6,11,N/B,8413
5-Aug-19,53,1:10:00 PM,Monday,Midland and Steeles,Mechanical,1,1,E/B,1312
5-Aug-19,104,1:45:00 PM,Monday,Wilson Station to Shepard west station,General Delay,16,36,B/W,
5-Aug-19,29,1:51:00 PM,Monday,Exhibition Loop,Mechanical,4,8,N/B,9033
5-Aug-19,131,1:52:00 PM,Monday,Empringham and McLevin,Mechanical,26,52,W/B,1721
5-Aug-19,29,2:20:00 PM,Monday,Dufferine and Lawrence,Mechanical,4,9,N/B,9038
5-Aug-19,29,2:35:00 PM,Monday,Wilson Station,Mechanical,5,9,S/B,9142
5-Aug-19,92,2:45:00 PM,Monday,Woodbine route,General Delay,10,1,B/W,
5-Aug-19,37,2:50:00 PM,Monday,Humberwood Loop,Mechanical,12,24,SB,7973
5-Aug-19,86,3:00:00 PM,Monday,Toronto Zoo,General Delay,8,16,B/W,
5-Aug-19,116,3:00:00 PM,Monday,Entire Route,General Delay,8,16,B/W,
5-Aug-19,60,3:23:00 PM,Monday,Bathurst and steeles,Mechanical,0,0,B/W,3308
5-Aug-19,935,3:39:00 PM,Monday,Pioneer Village Station,Mechanical,8,16,S/B,3184
5-Aug-19,36,3:46:00 PM,Monday,Humbre wood loop,Investigation,5,10,B/W,3211
5-Aug-19,84,4:02:00 PM,Monday,Weston and Bradstock,Mechanical,7,14,E/B,3341
5-Aug-19,900,4:04:00 PM,Monday,Terminal 3,Mechanical,6,11,S/B,8408
5-Aug-19,109,5:00:00 PM,Monday,Ranee/Flemington Rd,Diversion,1,1,B/W,
5-Aug-19,53,5:05:00 PM,Monday,Leslie and Steeles,Diversion,1,1,B/W,3454
5-Aug-19,54,6:00:00 PM,Monday,ESTN - STSP,General Delay,20,25,N/B,8620
5-Aug-19,72,6:10:00 PM,Monday,Pape station,Vision,18,36,S/B,8543
5-Aug-19,44,6:20:00 PM,Monday,Evans and Kipling,Mechanical,10,20,N/B,8099
5-Aug-19,165,6:24:00 PM,Monday,York Mills Station,Mechanical,10,20,W/B,3361
5-Aug-19,40,6:30:00 PM,Monday,Entire Route,General Delay,3,12,B/W,
5-Aug-19,53,6:37:00 PM,Monday,Finch and Bayview,Mechanical,6,12,B/W,1398
5-Aug-19,29,6:40:00 PM,Monday,Springhurst Loop,Mechanical,4,8,N/B,9147
5-Aug-19,121,7:25:00 PM,Monday,Parliament and Front,Investigation,18,36,N/B,8449
5-Aug-19,54,7:35:00 PM,Monday,Markham & Lawerence,Investigation,20,40,W/B,8865
5-Aug-19,96,7:50:00 PM,Monday,York Mills Station,Mechanical,20,40,E/B,3202
5-Aug-19,25,8:00:00 PM,Monday,Fresh Meadow to Pape Station,General Delay,12,12,W/B,8681
5-Aug-19,46,8:38:00 PM,Monday,Steeles loop at martine grove,Mechanical,20,40,S/B,3367
5-Aug-19,45,10:08:00 PM,Monday,Kipling south of Albion,Investigation,10,20,S/B,8055
5-Aug-19,45,10:17:00 PM,Monday,Kipling and Steeles,Emergency Services,10,20,S/B,8401
5-Aug-19,24,10:20:00 PM,Monday,Victoria Park and Bassett,Mechanical,10,20,N/B,9226
5-Aug-19,70,10:30:00 PM,Monday,St Clair & O'Connor,Emergency Services,30,60,S/B,8740
5-Aug-19,100,10:44:00 PM,Monday,Don Mills Wynford,Utilized Off Route,10,20,S/B,8937
6-Aug-19,72,12:21:00 AM,Tuesday,Harcourt and Pape,Mechanical,18,36,S/B,8513
6-Aug-19,29,12:26:00 AM,Tuesday,Spring Hurst Loop,Mechanical,9,17,N/B,9035
6-Aug-19,87,12:38:00 AM,Tuesday,MSTN,Mechanical,10,20,W/B,8558
6-Aug-19,300,2:24:00 AM,Tuesday,Patricia Dr and Danforth Ave,Emergency Services,15,15,W/B,8761
6-Aug-19,989,4:30:00 AM,Tuesday,Keele Station - Steeles at Signet,General Delay,15,20,B/W,
6-Aug-19,39,5:00:00 AM,Tuesday,39 Finch Route-All Branch,General Delay,18,36,B/W,1531
6-Aug-19,939,5:00:00 AM,Tuesday,939 Finch Express-All Branch,General Delay,12,24,B/W,1414
6-Aug-19,72,5:08:00 AM,Tuesday,Cherry St and Lake Shore Blvd East,Diversion,1,1,SB,3142
6-Aug-19,22,5:35:00 AM,Tuesday,Coxwell Ave and Gerrard Ave East,Diversion,1,1,NB,9203
6-Aug-19,129,5:48:00 AM,Tuesday,Scarborough Town Centre,Mechanical,13,13,N/B,1649
6-Aug-19,121,6:00:00 AM,Tuesday,cherry and lake shore,Diversion,13,26,,
6-Aug-19,34,6:00:00 AM,Tuesday,Eglinton Station to Kennedy Station,General Delay,16,22,B/W,
6-Aug-19,925,6:07:00 AM,Tuesday,Freshmeadow/Don Mills,Mechanical,8,16,S/B,8752
6-Aug-19,929,6:12:00 AM,Tuesday,Springhurst Loop,Mechanical,9,17,N/B,9147
6-Aug-19,5,6:13:00 AM,Tuesday,Museum Stn,Investigation,19,19,S/B,8122
6-Aug-19,24,6:16:00 AM,Tuesday,Consumers  and victoria park,Diversion,10,20,,8436
6-Aug-19,54,6:30:00 AM,Tuesday,Starspary loop,Utilized Off Route,9,18,S/B,8806
6-Aug-19,124,6:38:00 AM,Tuesday,Lawrence and Yonge,Mechanical,9,14,S/B,8163
6-Aug-19,46,6:39:00 AM,Tuesday,Martin Grove and Jeffcoat,Mechanical,15,30,N/B,3339
6-Aug-19,60,6:52:00 AM,Tuesday,Signal Hill Drive,Emergency Services,8,16,E/B,3284
6-Aug-19,945,6:52:00 AM,Tuesday,Steeles and Kipling Ave,Mechanical,6,13,S/B,8076
6-Aug-19,86,6:57:00 AM,Tuesday,Kingston and Morningside,Investigation,18,36,W/B,8933
6-Aug-19,39,7:03:00 AM,Tuesday,Bayview and Finch,Emergency Services,5,10,W/B,3419
6-Aug-19,924,7:05:00 AM,Tuesday,Victorai park and Biscayne,Investigation,10,20,,
6-Aug-19,85,7:06:00 AM,Tuesday,Rouge Go Station to Don Mills Station,Mechanical,1,1,bw,3433
6-Aug-19,939,7:10:00 AM,Tuesday,Morningside and Finch,Mechanical,8,16,W/B,1244
6-Aug-19,55,7:36:00 AM,Tuesday,Old Mill Station,Mechanical,16,31,N/B,1149
6-Aug-19,84,7:39:00 AM,Tuesday,Sheppard and Senlac,Investigation,9,19,W/B,3262
6-Aug-19,31,7:45:00 AM,Tuesday,Greenwood Station,Investigation,12,24,S/B,3130
6-Aug-19,121,8:00:00 AM,Tuesday,lake shore and cherry,General Delay,13,26,,
6-Aug-19,15,8:03:00 AM,Tuesday,Royal York Station,Emergency Services,13,26,SB,8088
6-Aug-19,41,8:10:00 AM,Tuesday,Keele and Sir William Heart Avenue.,Mechanical,10,24,S/B,9031
6-Aug-19,939,8:25:00 AM,Tuesday,Birchmount and Finch,Mechanical,9,18,W/B,3515
6-Aug-19,985,8:46:00 AM,Tuesday,Birchmount and Sheppard,Mechanical,8,16,W/B,9091
6-Aug-19,29,8:57:00 AM,Tuesday,Dufferin & King,Investigation,8,17,N/B,1348
6-Aug-19,47,9:10:00 AM,Tuesday,Lansdowne and Seaforth,Investigation,12,24,N/B,1030
6-Aug-19,89,9:13:00 AM,Tuesday,Weston and Albion,Investigation,9,18,S/B,1109
6-Aug-19,17,9:15:00 AM,Tuesday,Eglinton / Birchmount,General Delay,1,1,B/W,8470
6-Aug-19,929,9:23:00 AM,Tuesday,Dufferin & Orfus,Investigation,10,20,S/B,9056
6-Aug-19,91,9:28:00 AM,Tuesday,Woodbine Station,Mechanical,26,52,N/B,8443
6-Aug-19,944,9:44:00 AM,Tuesday,Kipling Station,Utilized Off Route,11,22,S/B,7965
6-Aug-19,89,10:02:00 AM,Tuesday,Keele Station,Investigation,10,20,N/B,1076
6-Aug-19,35,10:10:00 AM,Tuesday,Jane Station,Mechanical,7,14,N/B,3369
6-Aug-19,35,10:30:00 AM,Tuesday,Entire Route,General Delay,20,27,B/W,
6-Aug-19,96,10:43:00 AM,Tuesday,Humberline Loop,Mechanical,20,40,E/B,3286
6-Aug-19,36,10:49:00 AM,Tuesday,Humber Wood Loop,Mechanical,5,10,N/B,9129
6-Aug-19,85,11:00:00 AM,Tuesday,Don Mills to Sheppard Yonge Station,General Delay,22,44,bw,
6-Aug-19,25,11:00:00 AM,Tuesday,Don Mills/Eglinton,General Delay,20,29,B/W,
6-Aug-19,925,11:00:00 AM,Tuesday,Don Mills/Eglinton,General Delay,20,30,B/W,
6-Aug-19,939,11:12:00 AM,Tuesday,McCowan and Finch,Mechanical,8,16,W/B,1414
6-Aug-19,706,11:14:00 AM,Tuesday,Pape Station,Utilized Off Route,1,1,EB,8516
6-Aug-19,59,11:15:00 AM,Tuesday,L.W Station,Mechanical,23,45,W/B,3161
6-Aug-19,100,11:20:00 AM,Tuesday,Broadview station,Utilized Off Route,6,12,N/B,8841
6-Aug-19,116,11:32:00 AM,Tuesday,Guildwood and Livingston,Emergency Services,6,13,E/B,8939
6-Aug-19,61,12:05:00 PM,Tuesday,Eglinton and Lascelles ave,Mechanical,20,40,N/B,1283
6-Aug-19,47,12:05:00 PM,Tuesday,Yorkdale,Mechanical,15,30,S/B,1529
6-Aug-19,102,12:22:00 PM,Tuesday,Markham Road and Lawrence Ave East,Mechanical,30,60,NB,8490
6-Aug-19,704,12:30:00 PM,Tuesday,Arrow garage,Utilized Off Route,1,1,B/W,3164
6-Aug-19,29,12:30:00 PM,Tuesday,Entire route,General Delay,10,30,N/B,
6-Aug-19,704,12:30:00 PM,Tuesday,Arrow garage,Utilized Off Route,0,0,W/B,3271
6-Aug-19,929,12:30:00 PM,Tuesday,Entire route,General Delay,8,38,B/W,
6-Aug-19,701,12:31:00 PM,Tuesday,Ossington Station,Utilized Off Route,1,1,S/B,8163
6-Aug-19,63,12:32:00 PM,Tuesday,Ossington Station,Utilized Off Route,10,20,S/B,8171
6-Aug-19,935,12:33:00 PM,Tuesday,Jane station,Utilized Off Route,11,22,B/W,3265
6-Aug-19,704,12:33:00 PM,Tuesday,Sheppard west station,Utilized Off Route,0,0,B/W,3251
6-Aug-19,84,12:33:00 PM,Tuesday,Sheppard and western rd,Utilized Off Route,7,14,B/W,3216
6-Aug-19,168,12:33:00 PM,Tuesday,Dundas W Stn,Utilized Off Route,13,25,N/B,1118
6-Aug-19,50,12:33:00 PM,Tuesday,Bothways between Marting Grove and Shaver,Diversion,1,1,S/B,7956
6-Aug-19,79,12:34:00 PM,Tuesday,Runnymede Station,Utilized Off Route,17,39,N/B,1000
6-Aug-19,706,12:34:00 PM,Tuesday,Main Station,Utilized Off Route,1,1,WB,8514
6-Aug-19,701,12:35:00 PM,Tuesday,Lawrence West Station,Utilized Off Route,1,1,S/B,8139
6-Aug-19,704,12:35:00 PM,Tuesday,Keele station,Utilized Off Route,0,0,B/W,3502
6-Aug-19,26,12:35:00 PM,Tuesday,Old Mill Stn,Utilized Off Route,22,44,E/B,1060
6-Aug-19,40,12:35:00 PM,Tuesday,Dundas West Stn,Utilized Off Route,10,20,S/B,8406
6-Aug-19,711,12:35:00 PM,Tuesday,Wilson Station,Utilized Off Route,1,1,S/B,1302
6-Aug-19,35,12:35:00 PM,Tuesday,Jane sattion,Utilized Off Route,7,14,B/W,3364
6-Aug-19,701,12:35:00 PM,Tuesday,Wilson Division,Utilized Off Route,1,1,S/B,8131
6-Aug-19,706,12:35:00 PM,Tuesday,Birchmount Garage,Utilized Off Route,1,1,WB,9205
6-Aug-19,710,12:35:00 PM,Tuesday,Don Mills Station,Utilized Off Route,1,1,N/B,8884
6-Aug-19,37,12:35:00 PM,Tuesday,Islington Station,Utilized Off Route,20,40,NB,8025
6-Aug-19,716,12:35:00 PM,Tuesday,Victoria Park Station,Utilized Off Route,1,1,WB,8946
6-Aug-19,716,12:35:00 PM,Tuesday,Victoria Park Station,Utilized Off Route,1,1,WB,3133
6-Aug-19,53,12:36:00 PM,Tuesday,Finch Stn,Utilized Off Route,6,12,E/B,3473
6-Aug-19,600,12:36:00 PM,Tuesday,Kipling Station,Utilized Off Route,1,1,B/W,7962
6-Aug-19,706,12:36:00 PM,Tuesday,Pape Station,Utilized Off Route,1,1,WB,8516
6-Aug-19,601,12:36:00 PM,Tuesday,Kipling Station,Utilized Off Route,1,1,E/B,7962
6-Aug-19,706,12:38:00 PM,Tuesday,Main Station,Utilized Off Route,1,1,WB,3117
6-Aug-19,720,12:39:00 PM,Tuesday,Broadview Station,Utilized Off Route,1,1,B/W,8627
6-Aug-19,63,12:39:00 PM,Tuesday,Ossington Station,Utilized Off Route,10,20,S/B,1301
6-Aug-19,76,12:39:00 PM,Tuesday,Royal York Stn,Utilized Off Route,10,20,S/B,8036
6-Aug-19,720,12:40:00 PM,Tuesday,Eglinton Station,Utilized Off Route,1,1,E/B,8793
6-Aug-19,29,12:40:00 PM,Tuesday,Springhurst Loop,Utilized Off Route,8,15,N/B,9019
6-Aug-19,711,12:40:00 PM,Tuesday,York Mills Stn,Utilized Off Route,1,1,S/B,8121
6-Aug-19,600,12:40:00 PM,Tuesday,Wilson Stn,Utilized Off Route,1,1,S/B,8335
6-Aug-19,90,12:40:00 PM,Tuesday,st clair wstn,Utilized Off Route,10,20,S/B,8334
6-Aug-19,720,12:40:00 PM,Tuesday,Eglinton Garage,Utilized Off Route,1,1,B/W,8774
6-Aug-19,925,12:40:00 PM,Tuesday,Pape Station,Utilized Off Route,10,20,N/B,8927
6-Aug-19,89,12:41:00 PM,Tuesday,Keele Station,Utilized Off Route,10,30,N/B,1081
6-Aug-19,996,12:42:00 PM,Tuesday,Wilson Station,Utilized Off Route,11,22,E/B,3294
6-Aug-19,600,12:43:00 PM,Tuesday,Kipling Station,Utilized Off Route,1,1,NB,7973
6-Aug-19,75,12:43:00 PM,Tuesday,bloor / sherbourne,Utilized Off Route,9,18,S/B,1276
6-Aug-19,52,12:44:00 PM,Tuesday,Kipling & Dixon,Mechanical,15,30,W/B,1372
6-Aug-19,100,12:44:00 PM,Tuesday,Broadview Station,Utilized Off Route,6,12,E/B,8799
6-Aug-19,55,12:45:00 PM,Tuesday,Old Mill Station,Utilized Off Route,20,40,N/B,1149
6-Aug-19,121,12:45:00 PM,Tuesday,Ontario Place,Utilized Off Route,20,40,EB,3127
6-Aug-19,719,12:45:00 PM,Tuesday,Keele Station,Utilized Off Route,1,1,B/W,1416
6-Aug-19,52,12:48:00 PM,Tuesday,Lawrence West Station,Utilized Off Route,15,30,W/B,8168
6-Aug-19,89,12:50:00 PM,Tuesday,Keele Station,Utilized Off Route,10,20,N/B,1031
6-Aug-19,41,12:50:00 PM,Tuesday,Keele station,Utilized Off Route,9,18,N/B,9009
6-Aug-19,939,12:50:00 PM,Tuesday,Finch Station,Utilized Off Route,8,16,B/W,1366
6-Aug-19,996,12:50:00 PM,Tuesday,Jane and Wilson,Investigation,11,22,E/B,3342
6-Aug-19,65,12:51:00 PM,Tuesday,CastleFrank Station,Utilized Off Route,13,20,SB,8590
6-Aug-19,21,12:52:00 PM,Tuesday,Kennedy Station,Utilized Off Route,25,50,B/W,1326
6-Aug-19,94,12:52:00 PM,Tuesday,Oss Stn,Utilized Off Route,15,30,E/B,1078
6-Aug-19,53,12:53:00 PM,Tuesday,Finch Stn,Utilized Off Route,6,12,E/B,1748
6-Aug-19,25,12:55:00 PM,Tuesday,Pape Station,Utilized Off Route,9,18,N/B,8777
6-Aug-19,54,12:55:00 PM,Tuesday,Eglinton and Redpath,Investigation,12,24,E/B,8708
6-Aug-19,54,12:55:00 PM,Tuesday,Lawrence and Don Mills,Utilized Off Route,10,20,E/B,8822
6-Aug-19,709,12:57:00 PM,Tuesday,Lansdowne and Bloor,Utilized Off Route,5,10,S/B,1009
6-Aug-19,600,1:00:00 PM,Tuesday,Arrow Garage,Utilized Off Route,1,1,E/B,3334
6-Aug-19,85,1:00:00 PM,Tuesday,Don Mills Stn,Utilized Off Route,7,14,E/B,3465
6-Aug-19,96,1:00:00 PM,Tuesday,Jane and Wilson,Utilized Off Route,20,40,E/B,3267
6-Aug-19,610,1:00:00 PM,Tuesday,Eglinton Garage,Utilized Off Route,1,1,N/B,8649
6-Aug-19,600,1:00:00 PM,Tuesday,Malvern Garage,Utilized Off Route,1,1,B/W,3462
6-Aug-19,600,1:00:00 PM,Tuesday,Malvern,Utilized Off Route,1,1,B/W,3542
6-Aug-19,38,1:07:00 PM,Tuesday,Scarborough Town Center,Utilized Off Route,9,18,B/W,3402
6-Aug-19,36,1:20:00 PM,Tuesday,Finch and Dufferin,Mechanical,5,10,E/B,3522
6-Aug-19,84,1:23:00 PM,Tuesday,Sheppard and bartor rd,Mechanical,7,14,E/B,3262
6-Aug-19,89,1:44:00 PM,Tuesday,Keele Station,Mechanical,10,20,N/B,1091
6-Aug-19,165,1:47:00 PM,Tuesday,Wilson Station,Utilized Off Route,10,20,E/B,3297
6-Aug-19,7,1:49:00 PM,Tuesday,cedarcroft,Mechanical,8,16,s/b,8348
6-Aug-19,36,1:50:00 PM,Tuesday,Weston rd and Finch,Mechanical,5,10,E/B,9106
6-Aug-19,41,1:52:00 PM,Tuesday,N/B Keele and Ingram Drive,Mechanical,9,18,N/B,9053
6-Aug-19,600,2:00:00 PM,Tuesday,Jane Station,Utilized Off Route,1,1,N/B,3566
6-Aug-19,85,2:00:00 PM,Tuesday,Don Mills to Sheppard Yonge,General Delay,22,44,E/B,
6-Aug-19,32,2:05:00 PM,Tuesday,Pine and Lawrence,Mechanical,11,22,E/B,1018
6-Aug-19,927,2:06:00 PM,Tuesday,Kipling Station,Mechanical,9,18,N/B,3335
6-Aug-19,111,2:10:00 PM,Tuesday,Kipling Station,Mechanical,15,30,N/B,7960
6-Aug-19,20,2:13:00 PM,Tuesday,Midland and Aylesworth Ave,Emergency Services,15,30,E/B,9228
6-Aug-19,45,2:14:00 PM,Tuesday,West Humber Blvd and Kipling Ave,Investigation,10,200,S/B,8617
6-Aug-19,88,2:53:00 PM,Tuesday,St. Clair Station,Mechanical,15,30,N/B,8196
6-Aug-19,927,2:59:00 PM,Tuesday,Kipling Station,Mechanical,9,18,N/B,3254
6-Aug-19,116,3:00:00 PM,Tuesday,Milner Ave/ Morningside ave and John Stoner/Morn/Side,General Delay,15,21,B/W,
6-Aug-19,952,3:00:00 PM,Tuesday,Weston to Lawrence station,General Delay,12,24,B/W,
6-Aug-19,52,3:00:00 PM,Tuesday,Weston to Lawrence station,General Delay,10,20,B/W,
6-Aug-19,120,3:18:00 PM,Tuesday,Wilson Station,Investigation,26,52,E/B,3250
6-Aug-19,25,3:33:00 PM,Tuesday,Don Mills STN,Mechanical,5,10,N/B,8826
6-Aug-19,144,3:51:00 PM,Tuesday,Jarvis/Richmond to Victoria Park/Parkwoods Village,General Delay,20,40,B/W,
6-Aug-19,91,4:00:00 PM,Tuesday,O'Connor and St Clair,Mechanical,13,26,N/B,8500
6-Aug-19,34,4:00:00 PM,Tuesday,Eglinton Station to Kennedy Station,General Delay,10,10,B/W,8695
6-Aug-19,142,4:00:00 PM,Tuesday,Bombay loop to Richmond and Jarvis,General Delay,10,40,B/W,
6-Aug-19,116,4:03:00 PM,Tuesday,Kennedy Station,Investigation,10,20,B/W,8656
6-Aug-19,79,4:07:00 PM,Tuesday,Lawrence and Ralph,Mechanical,15,30,S/B,1102
6-Aug-19,7,4:24:00 PM,Tuesday,BATHURST STATION,Investigation,7,14,S/B,1251
6-Aug-19,68,4:29:00 PM,Tuesday,Warden and Enterprise BLVD,Diversion,22,77,NB,8724
6-Aug-19,41,4:30:00 PM,Tuesday,Keele Station to Pioneer Village Station,General Delay,15,20,B/W,
6-Aug-19,60,4:32:00 PM,Tuesday,Artrow garage,Mechanical,6,12,E/B,9105
6-Aug-19,20,4:37:00 PM,Tuesday,Main Station,Mechanical,14,28,E/B,9228
6-Aug-19,52,4:50:00 PM,Tuesday,Lawrence and Scarlet,Mechanical,16,32,E/B,8127
6-Aug-19,37,5:09:00 PM,Tuesday,Islington Station,Mechanical,22,44,N/B,8414
6-Aug-19,41,5:25:00 PM,Tuesday,Keele Station,Utilized Off Route,12,24,N/B,9037
6-Aug-19,116,5:27:00 PM,Tuesday,Kennedy Station,Mechanical,7,14,B/W,8923
6-Aug-19,100,5:30:00 PM,Tuesday,Broadview Station to Don Mills Wynford,General Delay,15,10,B/W,8908
6-Aug-19,66,5:47:00 PM,Tuesday,Old Mills Stn,Investigation,1,1,N/B,8083
6-Aug-19,39,6:05:00 PM,Tuesday,Sewells Rd/Little Rd,Investigation,14,28,E/B,1530
6-Aug-19,935,6:05:00 PM,Tuesday,Jane/Wilson Ave.,Investigation,11,22,N/B,3326
6-Aug-19,996,6:08:00 PM,Tuesday,Armel and Albion,Investigation,11,22,W/B,3243
6-Aug-19,32,6:09:00 PM,Tuesday,Eglinton West Station,Mechanical,10,20,E/B,1079
6-Aug-19,945,6:13:00 PM,Tuesday,Kipling station,Utilized Off Route,6,12,N/B,8045
6-Aug-19,84,6:18:00 PM,Tuesday,Norfinch and Steeles,Diversion,37,63,B/W,
6-Aug-19,984,6:33:00 PM,Tuesday,Weston and Bradstock,Mechanical,13,26,W/B,3174
6-Aug-19,23,6:33:00 PM,Tuesday,DAWES - Dawes and Dentonia,Mechanical,10,20,N/B,8549
6-Aug-19,929,6:35:00 PM,Tuesday,Wilson Station,Mechanical,10,20,S/B,9005
6-Aug-19,985,6:45:00 PM,Tuesday,Don Mills Station,Mechanical,12,24,E/B,9075
6-Aug-19,169,7:57:00 PM,Tuesday,Scraborough town centre,Mechanical,30,60,W/B,8169
6-Aug-19,100,8:00:00 PM,Tuesday,Wynford & Eglinton,Investigation,9,18,S/B,8908
6-Aug-19,53,8:00:00 PM,Tuesday,Birchmount,Mechanical,5,14,W/B,3420
6-Aug-19,985,8:00:00 PM,Tuesday,STC- Don Mills-STC,General Delay,12,24,B/W,
6-Aug-19,23,8:03:00 PM,Tuesday,DAWES - Dawes and Dentonia,Mechanical,10,20,N/B,8549
6-Aug-19,89,8:10:00 PM,Tuesday,Keele at Junction,Investigation,8,16,N/B,1004
6-Aug-19,52,8:35:00 PM,Tuesday,Lawrence west station,Mechanical,1,1,W/B,8345
6-Aug-19,53,8:51:00 PM,Tuesday,Ferrier Street,Mechanical,5,15,E/B,3420
6-Aug-19,161,9:12:00 PM,Tuesday,Weston at Humber Blvd N,Investigation,17,34,E/B,1120
6-Aug-19,54,10:07:00 PM,Tuesday,Starspray Loop,Vision,2,16,W/B,8888
6-Aug-19,66,11:17:00 PM,Tuesday,Old Mill Station,Investigation,30,60,S/B,8044
6-Aug-19,45,11:46:00 PM,Tuesday,Kipling Station,Utilized Off Route,10,20,N/B,8023
7-Aug-19,329,2:30:00 AM,Wednesday,Strachan,Mechanical,30,60,N/B,9028
7-Aug-19,325,3:21:00 AM,Wednesday,Pape Station,Investigation,30,60,N/B,8770
7-Aug-19,47,4:52:00 AM,Wednesday,Yorkdale,Mechanical,42,42,S/B,1144
7-Aug-19,39,5:00:00 AM,Wednesday,39 Finch Route-All Branch,General Delay,18,36,B/W,3518
7-Aug-19,939,5:00:00 AM,Wednesday,939 Finch Express-All Branch,General Delay,12,24,B/W,1386
7-Aug-19,72,5:08:00 AM,Wednesday,Cherry St and LakeShore Blvd East,Diversion,1,1,SB,8495
7-Aug-19,85,5:30:00 AM,Wednesday,Malvern Garage,Mechanical,,,W/B,3409
7-Aug-19,43,5:34:00 AM,Wednesday,Eglinton garage,Investigation,17,34,S/B,8830
7-Aug-19,22,5:35:00 AM,Wednesday,Coxwell Ave and Gerrard Ave East,Diversion,1,1,NB,3124
7-Aug-19,168,5:40:00 AM,Wednesday,Avon loop,Mechanical,10,20,S/B,1254
7-Aug-19,91,6:00:00 AM,Wednesday,Bermondsay and Eglinton,Diversion,999,999,B/W,
7-Aug-19,17,6:00:00 AM,Wednesday,Eglinton,Diversion,999,999,B/W,
7-Aug-19,121,6:00:00 AM,Wednesday,cherry stree and lake shore,Diversion,11,22,,
7-Aug-19,32,6:10:00 AM,Wednesday,Jane and Wright,Investigation,4,11,E/B,1044
7-Aug-19,902,6:20:00 AM,Wednesday,Warden Station,Investigation,10,20,EB,9211
7-Aug-19,995,6:22:00 AM,Wednesday,Ellesmere and Warden,Investigation,12,24,EB,3508
7-Aug-19,127,6:23:00 AM,Wednesday,Lansdowne at Davenport,Mechanical,1,1,S/B,1054
7-Aug-19,20,6:30:00 AM,Wednesday,park st,Mechanical,11,22,,9204
7-Aug-19,126,6:35:00 AM,Wednesday,St Clair West Sttaion,Mechanical,17,34,S/B,1146
7-Aug-19,85,6:48:00 AM,Wednesday,Kennedy and Sheppard,Mechanical,,,W/B,3519
7-Aug-19,21,6:55:00 AM,Wednesday,Strobe and Brimley,Emergency Services,9,18,N/B,3466
7-Aug-19,131,7:04:00 AM,Wednesday,Fawcett and McLevin,Diversion,1,1,B/W,1703
7-Aug-19,34,7:23:00 AM,Wednesday,Kennedy Station,Mechanical,6,12,E/B,8782
7-Aug-19,80,7:24:00 AM,Wednesday,Lakeshore and Parkside,Mechanical,30,60,WB,8061
7-Aug-19,41,7:46:00 AM,Wednesday,Keele Station,Mechanical,11,22,N/B,9047
7-Aug-19,112,8:00:00 AM,Wednesday,ENTIRE ROUTE,General Delay,15,45,B/W,
7-Aug-19,72,8:00:00 AM,Wednesday,Pape Route,General Delay,15,34,BW,0
7-Aug-19,91,8:01:00 AM,Wednesday,Yorkmills,Investigation,11,22,S/B,8547
7-Aug-19,984,8:22:00 AM,Wednesday,Sheppard West Station,Emergency Services,9,18,W/B,3189
7-Aug-19,141,8:26:00 AM,Wednesday,Adelaide and University,Investigation,1,1,N/B,1423
7-Aug-19,32,8:40:00 AM,Wednesday,Eglinton and Jane,Mechanical,7,14,E/B,1141
7-Aug-19,37,9:06:00 AM,Wednesday,Islington and Rathburn,Mechanical,20,36,NB,8464
7-Aug-19,35,9:31:00 AM,Wednesday,Jane & Sheppard,Mechanical,7,14,S/B,3556
7-Aug-19,53,9:55:00 AM,Wednesday,McCowan and Steeles,Mechanical,6,11,W/B,9059
7-Aug-19,35,9:57:00 AM,Wednesday,Jane & Wilson,Investigation,7,14,S/B,3569
7-Aug-19,161,10:00:00 AM,Wednesday,Rogers Road Route,General Delay,20,37,B/W,
7-Aug-19,92,10:30:00 AM,Wednesday,Woodbine Station to Ashbridge bay,General Delay,10,15,B/W,
7-Aug-19,985,10:31:00 AM,Wednesday,Consumer road and Sheppard,Mechanical,11,22,E/B,9078
7-Aug-19,84,10:38:00 AM,Wednesday,Sheppard Station,Emergency Services,7,14,W/B,3302
7-Aug-19,130,10:41:00 AM,Wednesday,Middlefield and Steeles,Mechanical,21,42,B/W,1721
7-Aug-19,37,10:56:00 AM,Wednesday,Islington and Rathburn,Emergency Services,20,40,NB,8052
7-Aug-19,89,11:00:00 AM,Wednesday,Weston Route,General Delay,20,30,B/W,
7-Aug-19,41,11:00:00 AM,Wednesday,Keele Route,General Delay,20,29,B/W,
7-Aug-19,43,11:00:00 AM,Wednesday,Kennedy station,General Delay,20,1,B/W,
7-Aug-19,85,11:00:00 AM,Wednesday,Don Mills to Sheppard/Yonge Station,General Delay,22,44,B/W,
7-Aug-19,102,11:00:00 AM,Wednesday,Markham Road Route,General Delay,10,20,BW,0
7-Aug-19,23,11:16:00 AM,Wednesday,Ferris Road and Plaxton Drive,Diversion,1,1,WB,8448
7-Aug-19,129,11:46:00 AM,Wednesday,Scarborough Town Centre,Mechanical,14,21,N/B,1245
7-Aug-19,165,11:57:00 AM,Wednesday,Weston & Vero Beach,Mechanical,10,20,S/B,3328
7-Aug-19,95,12:02:00 PM,Wednesday,Ellesmere and Kingston Rd,Mechanical,10,20,B/W,1404
7-Aug-19,929,12:30:00 PM,Wednesday,Bridgeland and Dufferin,General Delay,20,30,B/W,
7-Aug-19,29,12:30:00 PM,Wednesday,Bridgeland and Dufferin,General Delay,20,30,B/W,
7-Aug-19,87,12:40:00 PM,Wednesday,Cusburn and Logan,Investigation,10,20,,9233
7-Aug-19,36,12:46:00 PM,Wednesday,Humber wood Loop,Mechanical,5,10,E/B,9113
7-Aug-19,939,12:50:00 PM,Wednesday,STC Station,Mechanical,8,16,N/B,1391
7-Aug-19,75,1:04:00 PM,Wednesday,Isabella,Mechanical,11,22,S/B,8127
7-Aug-19,165,1:15:00 PM,Wednesday,Wilson & Jane,Mechanical,10,20,W/B,3187
7-Aug-19,65,1:30:00 PM,Wednesday,Castlefrank Station to Front and Berkely,General Delay,10,15,B/W,
7-Aug-19,16,1:30:00 PM,Wednesday,Warden Station to Scarborough Town centre,General Delay,10,15,B/W,
7-Aug-19,41,1:35:00 PM,Wednesday,Keele Station,Vision,9,18,N/B,9016
7-Aug-19,925,1:36:00 PM,Wednesday,Don Mills/Lawrence,Investigation,10,20,S/B,8837
7-Aug-19,53,1:49:00 PM,Wednesday,Passmore and Markham,Mechanical,6,11,W/B,9081
7-Aug-19,53,1:49:00 PM,Wednesday,Passmore and Markham,Mechanical,6,11,W/B,9081
7-Aug-19,94,1:50:00 PM,Wednesday,Castlefrank Station,Mechanical,15,30,W/B,1562
7-Aug-19,36,1:57:00 PM,Wednesday,Finch Station,Mechanical,5,10,W/B,3194
7-Aug-19,996,2:04:00 PM,Wednesday,Jane and Wilson,Emergency Services,11,22,W/B,3338
7-Aug-19,996,2:10:00 PM,Wednesday,Humber College,Mechanical,11,22,E/B,3203
7-Aug-19,96,2:10:00 PM,Wednesday,Jane and Wilson,Emergency Services,20,40,W/B,3208
7-Aug-19,85,2:25:00 PM,Wednesday,Midland and Sheppard,Mechanical,7,14,E/B,3464
7-Aug-19,53,2:30:00 PM,Wednesday,Finch Station,Mechanical,6,11,E/B,9065
7-Aug-19,29,2:30:00 PM,Wednesday,Dufferin and Wilson,Investigation,15,30,S/B,9015
7-Aug-19,35,2:56:00 PM,Wednesday,Lawrence & Jane,Mechanical,6,17,S/B,3357
7-Aug-19,109,3:00:00 PM,Wednesday,Allen and Eglinton,General Delay,12,24,S/B,
7-Aug-19,31,3:00:00 PM,Wednesday,Greenwood station to Queen,General Delay,10,15,B/W,
7-Aug-19,116,3:00:00 PM,Wednesday,Sheppard Ave and Mclevin Ave,General Delay,15,21,B/W,
7-Aug-19,75,3:00:00 PM,Wednesday,Lower jarvis and Queensquay,General Delay,13,20,N/B,
7-Aug-19,133,3:15:00 PM,Wednesday,Malvern Exit Gate - South Yard,Vision,16,,N/B,1577
7-Aug-19,944,3:15:00 PM,Wednesday,Kipling Stn,Utilized Off Route,11,22,S/B,8416
7-Aug-19,65,3:18:00 PM,Wednesday,Queen and Parliament,Diversion,16,27,B/W,8517
7-Aug-19,100,3:22:00 PM,Wednesday,Pape & O'Connor,Diversion,5,10,S/B,8777
7-Aug-19,8,3:25:00 PM,Wednesday,Pape and O Connor,Diversion,1,1,W/B,3131
7-Aug-19,11,3:31:00 PM,Wednesday,Sunnybrooke Hospital,Mechanical,7,14,W/B,8204
7-Aug-19,168,3:38:00 PM,Wednesday,Dundas West Station,Utilized Off Route,8,16,N/B,1416
7-Aug-19,75,3:41:00 PM,Wednesday,Sherbourne and King,Investigation,7,15,N/B,8165
7-Aug-19,131,3:52:00 PM,Wednesday,Morningview Trail and Sewells,Mechanical,10,20,B/W,1324
7-Aug-19,37,3:53:00 PM,Wednesday,"On Highway 427, at Burnamthorpe",Mechanical,12,24,N/B,8030
7-Aug-19,953,3:55:00 PM,Wednesday,Markham and McNicoll,Mechanical,12,22,N/B,9082
7-Aug-19,32,3:56:00 PM,Wednesday,Pine and Lawrence,Mechanical,10,20,E/B,1014
7-Aug-19,54,3:58:00 PM,Wednesday,Lawrence and Scarborough Golf,Emergency Services,7,14,W/B,8776
7-Aug-19,954,4:02:00 PM,Wednesday,STSP,Mechanical,11,22,W/B,8831
7-Aug-19,42,4:12:00 PM,Wednesday,Finch station,Investigation,16,32,N/B,8335
7-Aug-19,100,4:28:00 PM,Wednesday,Pape & O'Connor,Investigation,6,12,N/B,8839
7-Aug-19,941,4:30:00 PM,Wednesday,Keele Station - Finch West Staiton,General Delay,20,30,B/W,
7-Aug-19,989,4:30:00 PM,Wednesday,Keele Station - Steeles at Signet,General Delay,20,30,B/W,
7-Aug-19,51,4:36:00 PM,Wednesday,Leslie and eglinton,Mechanical,20,40,N/B,1214
7-Aug-19,43,4:48:00 PM,Wednesday,Kennedy Station,Diversion,24,33,S/B,8796
7-Aug-19,941,4:51:00 PM,Wednesday,Keele AT Sheppard,Mechanical,15,30,N/B,1603
7-Aug-19,100,5:00:00 PM,Wednesday,Pape & O'Connor,Investigation,6,12,N/B,8680
7-Aug-19,96,5:00:00 PM,Wednesday,Albion and Weston,Investigation,22,44,W/B,3208
7-Aug-19,34,5:00:00 PM,Wednesday,Kennedy Station,Diversion,10,15,E/B,8658
7-Aug-19,89,5:05:00 PM,Wednesday,Keele Station,Mechanical,10,20,N/B,1409
7-Aug-19,57,5:09:00 PM,Wednesday,Kennedy Station,Mechanical,8,16,N/B,8669
7-Aug-19,39,5:17:00 PM,Wednesday,Finch Station,Mechanical,15,29,E/B,1224
7-Aug-19,937,5:43:00 PM,Wednesday,Islington Station,Mechanical,12,24,N/B,8078
7-Aug-19,90,5:50:00 PM,Wednesday,St clair west station.,Diversion,57,63,B/W,
7-Aug-19,33,5:58:00 PM,Wednesday,St.Clair west station,Diversion,62,92,N/B,8306
7-Aug-19,63,5:58:00 PM,Wednesday,Oakwood loop,Utilized Off Route,13,27,N/B,8166
7-Aug-19,55,5:59:00 PM,Wednesday,Branlome Cres and Varsity Road,Investigation,15,30,E/B,1521
7-Aug-19,90,6:00:00 PM,Wednesday,St clair west station,General Delay,20,27,B/W,
7-Aug-19,704,6:02:00 PM,Wednesday,Finch Stn,Utilized Off Route,1,1,W/B,3165
7-Aug-19,701,6:04:00 PM,Wednesday,Lawrence W stn,Utilized Off Route,1,1,S/B,8135
7-Aug-19,989,6:09:00 PM,Wednesday,Steeles at Signet,Mechanical,10,20,S/B,1131
7-Aug-19,126,6:10:00 PM,Wednesday,ST. Clair west Station Ramp,Diversion,35,42,B/W,
7-Aug-19,939,6:10:00 PM,Wednesday,Finch West Station,Mechanical,12,24,E/B,1386
7-Aug-19,110,6:11:00 PM,Wednesday,"On Islington, at Birmingham",Mechanical,12,24,N/B,8404
7-Aug-19,32,6:15:00 PM,Wednesday,Jane and St. Clair,Utilized Off Route,8,16,S/B,3267
7-Aug-19,47,6:20:00 PM,Wednesday,Earlscourt Loop,Utilized Off Route,7,14,S/B,1626
7-Aug-19,39,6:32:00 PM,Wednesday,Finch Ave and Ravel Rd,Investigation,14,29,E/B,3474
7-Aug-19,34,6:39:00 PM,Wednesday,Bermondsy,Mechanical,6,12,E/B,8897
7-Aug-19,144,6:40:00 PM,Wednesday,Richmond & Yonge,Mechanical,20,40,N/B,8847
7-Aug-19,66,6:41:00 PM,Wednesday,SB on Prince Edward at Fairmar,Mechanical,8,16,S/B,8600
7-Aug-19,939,6:57:00 PM,Wednesday,Don Mills Rd and Finch Ave,Mechanical,15,27,W/B,1331
7-Aug-19,47,7:30:00 PM,Wednesday,Earlscourt Loop,Utilized Off Route,10,20,S/B,1380
7-Aug-19,165,7:35:00 PM,Wednesday,Sheppard and Weston,Mechanical,10,20,E/B,3521
7-Aug-19,905,7:51:00 PM,Wednesday,Kennedy Station,Emergency Services,13,26,B/W,8668
7-Aug-19,118,7:54:00 PM,Wednesday,Wilson Station,Investigation,22,44,W/B,3355
7-Aug-19,161,8:00:00 PM,Wednesday,Rosethorn Ave - Silverthorn Ave,Diversion,20,40,B/W,
7-Aug-19,54,8:10:00 PM,Wednesday,Lawrence RT,Mechanical,7,13,W/B,8933
7-Aug-19,905,8:15:00 PM,Wednesday,McCowan Road,Mechanical,13,26,B/W,8711
7-Aug-19,929,8:19:00 PM,Wednesday,Dufferin and Wilson,Investigation,10,20,N/B,9031
7-Aug-19,110,8:25:00 PM,Wednesday,"On Twelfth, at Thirteenth",Diversion,65,83,N/B,
7-Aug-19,52,8:25:00 PM,Wednesday,Lawrence W /Weston rd,Mechanical,12,23,E/B,8128
7-Aug-19,109,9:00:00 PM,Wednesday,Allen and Eglinton,General Delay,15,40,B/W,
7-Aug-19,45,9:06:00 PM,Wednesday,Kipling station,Utilized Off Route,9,18,N/B,8426
7-Aug-19,102,9:12:00 PM,Wednesday,Major Mackenzie drive East /Markham Road,Mechanical,30,60,S/B,3103
7-Aug-19,39,9:13:00 PM,Wednesday,Finch Station,Mechanical,8,20,E/B,1714
7-Aug-19,34,9:28:00 PM,Wednesday,Eglinton & Dunfield,Diversion,15,15,B/W,8658
7-Aug-19,56,9:30:00 PM,Wednesday,Eglinton E/Dunfield,Diversion,20,40,E/B,8385
7-Aug-19,32,9:32:00 PM,Wednesday,Glenholme and Eglinton,Investigation,10,20,E/B,1044
7-Aug-19,54,9:42:00 PM,Wednesday,Eglinton and Dunfield,Diversion,43,57,B/W,8877
7-Aug-19,60,9:49:00 PM,Wednesday,"Yonge, North of Bishop",Investigation,15,30,N/B,3322
7-Aug-19,109,10:13:00 PM,Wednesday,Flemington betwwen Blossomfield and Replin.,Diversion,180,180,B/W,
7-Aug-19,7,10:21:00 PM,Wednesday,Bathrust and Laurelcrest,Investigation,4,8,N/B,8153
7-Aug-19,36,11:17:00 PM,Wednesday,Finch at Martin Grove,Emergency Services,10,20,E/B,3238
7-Aug-19,29,11:30:00 PM,Wednesday,Dufferin and Glencairn,Mechanical,9,17,S/B,9055
7-Aug-19,63,11:41:00 PM,Wednesday,Atlantic and king,Utilized Off Route,10,20,S/B,8102
7-Aug-19,37,11:53:00 PM,Wednesday,Islington Station,Utilized Off Route,26,52,N/B,8461
7-Aug-19,7,11:55:00 PM,Wednesday,Bathurst stn,Utilized Off Route,9,17,N/B,8332
8-Aug-19,60,12:06:00 AM,Thursday,Bathurst,Utilized Off Route,17,34,E/B,9117
8-Aug-19,116,12:36:00 AM,Thursday,Eglinton & Kingston,Investigation,10,20,E/B,8803
8-Aug-19,312,3:45:00 AM,Thursday,Dundas west stn,Mechanical,30,60,E/B,1345
8-Aug-19,307,4:34:00 AM,Thursday,Exhibition loop,Mechanical,30,60,N/B,8337
8-Aug-19,39,5:00:00 AM,Thursday,39 Finch Rout All Branch,General Delay,18,36,B/W,3480
8-Aug-19,939,5:00:00 AM,Thursday,939 Finch Express-All Branch,General Delay,12,24,B/W,1534
8-Aug-19,72,5:08:00 AM,Thursday,Cherry St and Lake Shore Blvd East,Diversion,1,1,SB,8539
8-Aug-19,68,5:26:00 AM,Thursday,Warden & Danforth,Vision,1,1,N/B,8738
8-Aug-19,22,5:35:00 AM,Thursday,Coxwell Ave and Gerrard St East,Diversion,1,1,NB,8543
8-Aug-19,43,5:39:00 AM,Thursday,Kennedy Station,Utilized Off Route,1,1,N/B,8749
8-Aug-19,600,5:43:00 AM,Thursday,Bathurst & Dupont,Utilized Off Route,0,0,E/B,1045
8-Aug-19,600,5:44:00 AM,Thursday,Pine and Lawrence,Utilized Off Route,1,1,S/B,1348
8-Aug-19,54,5:59:00 AM,Thursday,Starspray Loop,Mechanical,14,26,W/B,8685
8-Aug-19,17,6:00:00 AM,Thursday,Eglinton,Diversion,999,999,B/W,
8-Aug-19,91,6:00:00 AM,Thursday,Bermondsay and Eglinton,Diversion,999,999,B/W,
8-Aug-19,121,6:00:00 AM,Thursday,Cherry/ Laleshore,Diversion,999,999,S/B,
8-Aug-19,927,6:04:00 AM,Thursday,"Finch &  Weston, POD Martin Grove & Royal Crest",Mechanical,10,16,W/B,3161
8-Aug-19,68,6:08:00 AM,Thursday,Warden Station,Investigation,6,12,S/B,8884
8-Aug-19,43,6:09:00 AM,Thursday,Kennedy Station,Utilized Off Route,10,20,N/B,8769
8-Aug-19,53,6:47:00 AM,Thursday,Steeles and Warden,Diversion,287,307,W/B,3428
8-Aug-19,123,7:00:00 AM,Thursday,ENTIRE ROUTE,General Delay,20,45,B/W,
8-Aug-19,68,7:00:00 AM,Thursday,Warden & Steeles,Diversion,15,25,S/B,8722
8-Aug-19,131,7:05:00 AM,Thursday,McLevin and Tapscott,Mechanical,10,20,W/B,1343
8-Aug-19,68,7:30:00 AM,Thursday,Warden & Gibson,Diversion,194,204,S/B,8739
8-Aug-19,35,8:00:00 AM,Thursday,Eglintion and Westen,General Delay,5,10,S/B,
8-Aug-19,935,8:00:00 AM,Thursday,eglintion and westen,General Delay,9,18,S/B,
8-Aug-19,33,8:00:00 AM,Thursday,Chaplin and Eglinton Ave W/ Roselawn and Bathurst,General Delay,15,1,B/W,
8-Aug-19,121,8:00:00 AM,Thursday,Cherry/ Lakeshore,General Delay,13,13,B/W,8583
8-Aug-19,50,8:01:00 AM,Thursday,Mill Road Loop,Mechanical,18,36,EB,8077
8-Aug-19,7,8:01:00 AM,Thursday,Bathurst station,Mechanical,8,16,N/B,1214
8-Aug-19,96,8:10:00 AM,Thursday,York Mills Station,Mechanical,18,36,W/B,3291
8-Aug-19,25,8:15:00 AM,Thursday,Don Mills/Wynford,Mechanical,6,12,S/B,8900
8-Aug-19,72,8:30:00 AM,Thursday,Pape Route,General Delay,15,34,BW,0
8-Aug-19,35,8:40:00 AM,Thursday,peter kasier and hillmar,Investigation,6,12,S/B,3494
8-Aug-19,34,8:50:00 AM,Thursday,Kennedy Station,General Delay,16,24,B/W,
8-Aug-19,49,9:00:00 AM,Thursday,ENTIRE ROUTE,General Delay,12,35,B/W,
8-Aug-19,900,9:11:00 AM,Thursday,KIPLING STN,Mechanical,7,14,N/B,8010
8-Aug-19,41,9:15:00 AM,Thursday,Keele Route,General Delay,20,37,B/W,
8-Aug-19,60,9:16:00 AM,Thursday,Yonge and Steeles,Investigation,9,18,W/B,3333
8-Aug-19,72,9:31:00 AM,Thursday,Front and Bay,Mechanical,19,38,EB,8478
8-Aug-19,96,9:36:00 AM,Thursday,Jane and Wilson,Mechanical,18,36,E/B,3491
8-Aug-19,54,9:45:00 AM,Thursday,Lawrence at Warden,Mechanical,9,20,W/B,8661
8-Aug-19,54,9:50:00 AM,Thursday,Lawrence & Warden,Investigation,10,20,W/B,8799
8-Aug-19,17,9:50:00 AM,Thursday,Warden Loop,Diversion,105,118,N/B,
8-Aug-19,68,9:55:00 AM,Thursday,Warden Station,Mechanical,1,1,N/B,8751
8-Aug-19,131,10:41:00 AM,Thursday,Morningside and Finch,Mechanical,13,26,B/W,1733
8-Aug-19,97,10:45:00 AM,Thursday,Hilda and Steeles,Mechanical,30,30,S/B,
8-Aug-19,85,11:00:00 AM,Thursday,Don Mills Station to Sheppard/Yonge Station,General Delay,22,44,B/W,
8-Aug-19,165,11:26:00 AM,Thursday,Weston and Coronado,Investigation,10,20,N/B,3285
8-Aug-19,927,12:16:00 PM,Thursday,Hwy 27 and Dixon,Mechanical,10,20,S/B,3216
8-Aug-19,41,12:30:00 PM,Thursday,Pioneer Village Station,Mechanical,9,18,S/B,9103
8-Aug-19,89,1:00:00 PM,Thursday,Weston RD Route,General Delay,15,24,B/W,
8-Aug-19,165,1:09:00 PM,Thursday,Weston and Lanyard,Mechanical,10,20,N/B,3294
8-Aug-19,129,1:10:00 PM,Thursday,Scarborough Town Centre,Mechanical,14,21,N/B,1402
8-Aug-19,125,1:22:00 PM,Thursday,Drewry and Grantbrook,Investigation,30,60,E/B,8324
8-Aug-19,53,1:39:00 PM,Thursday,Steeles and McCowan,Investigation,6,17,EB,1320
8-Aug-19,121,1:50:00 PM,Thursday,Front / Bay,Investigation,20,40,E/B,8583
8-Aug-19,165,1:59:00 PM,Thursday,Jane and Wilson,Mechanical,10,20,E/B,3294
8-Aug-19,80,2:00:00 PM,Thursday,Keele Station to Sherway Gardens,General Delay,15,39,B/W,
8-Aug-19,40,2:00:00 PM,Thursday,Dundas West Station to Runnymede Loop,General Delay,15,25,B/W,
8-Aug-19,66,2:00:00 PM,Thursday,Old Mill Station to Humber Loop and Marine Parade,General Delay,15,39,B/W,
8-Aug-19,31,2:00:00 PM,Thursday,Greenwood station to Queen,General Delay,10,15,B/W,
8-Aug-19,900,2:00:00 PM,Thursday,ENTIRE ROUTE,General Delay,7,30,B/W,
8-Aug-19,45,2:00:00 PM,Thursday,ENTIRE ROUTE,General Delay,10,30,B/W,
8-Aug-19,16,2:00:00 PM,Thursday,Warden Station to Scarborough Town Centre,General Delay,15,20,B/W,
8-Aug-19,29,2:05:00 PM,Thursday,Dufferin & Bloor,Mechanical,7,15,S/B,9020
8-Aug-19,6,2:10:00 PM,Thursday,Bay and Bloor,Mechanical,12,24,S/B,1269
8-Aug-19,50,2:15:00 PM,Thursday,WB on Burnhamthrope at kipling,Mechanical,20,40,W/B,8098
8-Aug-19,88,2:20:00 PM,Thursday,Wicksteed and Neilson,Diversion,30,50,B/W,
8-Aug-19,6,2:35:00 PM,Thursday,Dupont and Davenport,Mechanical,12,24,S/B,1016
8-Aug-19,110,2:43:00 PM,Thursday,"On Islington, at The Queensway",General Delay,117,139,N/B,
8-Aug-19,70,3:00:00 PM,Thursday,O'Connor Dr/St. Clair Ave E,General Delay,20,40,B/W,
8-Aug-19,75,3:00:00 PM,Thursday,Lower Jarvis and Queens quay,General Delay,12,19,B/W,
8-Aug-19,116,3:00:00 PM,Thursday,Morningside Ave/Sheppard Ave E,General Delay,15,22,B/W,
8-Aug-19,109,3:00:00 PM,Thursday,Lawrence and Allen,General Delay,13,26,B/W,
8-Aug-19,12,3:08:00 PM,Thursday,Bhingham loop,Mechanical,11,22,W/B,8516
8-Aug-19,52,3:08:00 PM,Thursday,Lawrence W stn,Mechanical,16,22,W/B,1241
8-Aug-19,57,3:10:00 PM,Thursday,Midland Ave/Dorcot Ave,Investigation,8,16,N/B,8620
8-Aug-19,52,3:17:00 PM,Thursday,Lawrence W/Riverstone,Investigation,15,30,E/B,1302
8-Aug-19,53,3:31:00 PM,Thursday,Passmore and Markham,Mechanical,6,12,W/B,1320
8-Aug-19,35,3:33:00 PM,Thursday,Jane and Raymond,Investigation,13,26,S/B,3547
8-Aug-19,144,3:51:00 PM,Thursday,Jarvis/Richmond to Victoria Park/Parkwoods Village,General Delay,20,40,B/W,
8-Aug-19,60,3:55:00 PM,Thursday,Signal Hill to Pioneer Village Station,General Delay,8,16,W/B,3288
8-Aug-19,47,4:00:00 PM,Thursday,Entire Route,General Delay,25,35,B/W,
8-Aug-19,945,4:00:00 PM,Thursday,Albion and Hwy 27,Mechanical,9,18,S/B,8067
8-Aug-19,7,4:00:00 PM,Thursday,Lawrence and Bathrust,General Delay,10,17,B/W,
8-Aug-19,929,4:00:00 PM,Thursday,Dufferin and Lawrence to 401.,General Delay,20,30,N/B,
8-Aug-19,29,4:00:00 PM,Thursday,Dufferin and Lawrence to 401,General Delay,20,28,N/B,
8-Aug-19,52,4:00:00 PM,Thursday,Bathurst to Keele,General Delay,31,47,B/W,
8-Aug-19,945,4:00:00 PM,Thursday,ENTIRE ROUTE,General Delay,9,30,B/W,
8-Aug-19,952,4:00:00 PM,Thursday,Lawrence Ave W to Keele,General Delay,56,68,B/W,
8-Aug-19,45,4:05:00 PM,Thursday,Kipling and Frost,Investigation,16,32,N/B,8416
8-Aug-19,111,4:06:00 PM,Thursday,Kipling station,Mechanical,10,20,N/B,7978
8-Aug-19,60,4:28:00 PM,Thursday,PVST,Vision,8,16,E/B,3510
8-Aug-19,989,4:30:00 PM,Thursday,Keele Station - Steeles at Signet,General Delay,20,37,B/W,
8-Aug-19,941,4:30:00 PM,Thursday,Keele Station - Finch West Station,General Delay,20,37,B/W,
8-Aug-19,32,4:35:00 PM,Thursday,Eglinton Station,Mechanical,1,1,W/B,1378
8-Aug-19,939,4:40:00 PM,Thursday,Finch and Baldoon,Mechanical,12,24,E/B,3417
8-Aug-19,10,4:40:00 PM,Thursday,Don mills station,Mechanical,10,20,E/B,1351
8-Aug-19,54,4:44:00 PM,Thursday,Lawrence East Station,Mechanical,13,26,W/B,8897
8-Aug-19,927,4:45:00 PM,Thursday,Belfirend and Hwy 27,Investigation,9,18,E/B,3242
8-Aug-19,47,4:47:00 PM,Thursday,Queen and Lansdowne,Investigation,27,54,N/B,1087
8-Aug-19,29,4:55:00 PM,Thursday,Dufferin and Glen Bell Cres,Investigation,8,17,N/B,9104
8-Aug-19,52,5:00:00 PM,Thursday,Lawrence W /Chetta Place,Investigation,16,32,W/B,8374
8-Aug-19,63,5:14:00 PM,Thursday,Davenport and Ossington,Mechanical,1,1,S/B,8177
8-Aug-19,937,5:21:00 PM,Thursday,"On Islington, at Highway 401",Investigation,12,24,N/B,8421
8-Aug-19,165,5:29:00 PM,Thursday,Wilson and Clayson,Mechanical,8,16,W/B,3366
8-Aug-19,94,5:30:00 PM,Thursday,Parliament and Howard,Mechanical,17,34,W/B,1350
8-Aug-19,46,5:30:00 PM,Thursday,Steeles and Martin Grove,Mechanical,12,24,E/B,3211
8-Aug-19,26,6:00:00 PM,Thursday,Dupont and Christie,Mechanical,17,34,W/B,1418
8-Aug-19,102,6:00:00 PM,Thursday,Bellamy and Kingston,Mechanical,20,40,W/B,8517
8-Aug-19,62,6:00:00 PM,Thursday,Entire Route,General Delay,20,40,B/W,
8-Aug-19,49,6:00:00 PM,Thursday,Queen and Lansdowne,Utilized Off Route,5,10,N/B,1099
8-Aug-19,74,6:40:00 PM,Thursday,SSTN- ST. CLAIR STN,Mechanical,17,17,N/B,1214
8-Aug-19,133,7:05:00 PM,Thursday,Scarborough Town Center,Mechanical,9,18,E/B,3424
8-Aug-19,63,7:23:00 PM,Thursday,Dupent and Ossington,Mechanical,3,7,N/B,8215
8-Aug-19,104,7:35:00 PM,Thursday,Goodwill and Faywood ave,Diversion,131,149,N/B,8318
8-Aug-19,165,7:37:00 PM,Thursday,Weston and Finch,Investigation,10,20,W/B,3226
8-Aug-19,25,8:25:00 PM,Thursday,Cosburn,Investigation,9,18,S/B,8773
8-Aug-19,111,8:34:00 PM,Thursday,Kipling station,Investigation,17,34,N/B,8616
8-Aug-19,68,8:52:00 PM,Thursday,Warden and Steeles Loop,Vision,10,20,S/B,8739
8-Aug-19,38,9:23:00 PM,Thursday,Scraborough Town Center,Mechanical,9,18,E/B,1651
8-Aug-19,51,9:26:00 PM,Thursday,Finch and Leslie,Mechanical,1,1,N/B,8119
8-Aug-19,133,9:39:00 PM,Thursday,Neilson and Tapscott,Investigation,9,18,S/B,3414
8-Aug-19,84,9:45:00 PM,Thursday,Weston at Bradstock,Mechanical,10,20,E/B,3235
8-Aug-19,32,10:12:00 PM,Thursday,Eglinton Station,Mechanical,18,29,W/B,1045
8-Aug-19,927,10:43:00 PM,Thursday,Martin Grove and Finch,Diversion,10,20,N/B,3475
8-Aug-19,46,10:56:00 PM,Thursday,Martin Grove and Finch,Diversion,30,60,N/B,3337
8-Aug-19,133,10:58:00 PM,Thursday,McCowan and Town Center Court,Mechanical,13,26,E/B,1714
8-Aug-19,63,11:02:00 PM,Thursday,Atlantic and king,Utilized Off Route,10,20,S/B,8142
9-Aug-19,35,12:40:00 AM,Friday,Pioneer Village Station,Mechanical,15,27,S/B,3232
9-Aug-19,86,1:13:00 AM,Friday,Eglitnon and Midland,Utilized Off Route,10,20,W/B,8811
9-Aug-19,300,1:30:00 AM,Friday,Kennedy Station,Diversion,20,40,EB,8028
9-Aug-19,36,1:33:00 AM,Friday,Finch at Jane,Emergency Services,10,20,W/B,9126
9-Aug-19,63,2:17:00 AM,Friday,St.Clair and Oak wood,Mechanical,5,10,N/B,8342
9-Aug-19,320,3:28:00 AM,Friday,Yonge at Steeles,Mechanical,4,7,S/B,8119
9-Aug-19,320,4:16:00 AM,Friday,Yonge & Richmond,Investigation,3,7,S/B,1220
9-Aug-19,85,4:46:00 AM,Friday,Malvern Gate,Mechanical,30,45,W/B,3472
9-Aug-19,39,5:00:00 AM,Friday,39 Finch Route-All Branch,General Delay,18,36,B/W,1207
9-Aug-19,939,5:00:00 AM,Friday,939 Finch Express-All Branch,General Delay,12,24,B/W,1331
9-Aug-19,17,5:04:00 AM,Friday,Eglinton,Diversion,999,999,N/B,8587
9-Aug-19,91,5:06:00 AM,Friday,Eglinton,Diversion,999,999,N/B,8961
9-Aug-19,22,5:21:00 AM,Friday,Coxwell/ Upper Gerrard,Diversion,999,999,N/B,8537
9-Aug-19,953,5:32:00 AM,Friday,Morningside and Nightstar,Mechanical,15,30,W/B,9064
9-Aug-19,300,5:33:00 AM,Friday,Broadview Station,Mechanical,12,24,W/B,8005
9-Aug-19,91,6:00:00 AM,Friday,Bermondsay,Diversion,999,999,B/W,
9-Aug-19,17,6:00:00 AM,Friday,Eglinton,Diversion,999,999,B/W,
9-Aug-19,121,6:00:00 AM,Friday,Cheery/ Lakeshore,Diversion,999,999,B/W,3108
9-Aug-19,98,6:10:00 AM,Friday,Sheppard Station,Mechanical,30,60,,1227
9-Aug-19,41,6:19:00 AM,Friday,Keele at Cameron,Mechanical,10,20,N/B,9144
9-Aug-19,86,6:24:00 AM,Friday,Lawrence & Manse,Vision,20,26,E/B,8738
9-Aug-19,954,6:29:00 AM,Friday,Eglinton and Midland,Investigation,9,18,E/B,8828
9-Aug-19,20,6:32:00 AM,Friday,Midland/ Eglinton,Diversion,31,44,N/B,8953
9-Aug-19,51,6:35:00 AM,Friday,Presto,Mechanical,0,0,N/B,8358
9-Aug-19,85,6:37:00 AM,Friday,Crescent Road between Cluny Drive and Mount Pleasant Road,Diversion,780,800,B/W,8331
9-Aug-19,6,6:38:00 AM,Friday,Davenport and Dupont,Mechanical,5,10,S/B,1139
9-Aug-19,39,6:45:00 AM,Friday,Finch Ave E/Seneca Hill,Mechanical,10,15,E/B,1707
9-Aug-19,929,6:57:00 AM,Friday,St. Clair and Dufferin,Mechanical,10,20,N/B,9039
9-Aug-19,131,6:58:00 AM,Friday,Morningside on McLevin to Fawcett Trail,Diversion,10,20,B/W,3400
9-Aug-19,37,7:01:00 AM,Friday,Islington and Bergamot,Diversion,24,44,S/B,8460
9-Aug-19,63,7:28:00 AM,Friday,Ossington and Dupont,Mechanical,11,22,N/B,8320
9-Aug-19,121,8:00:00 AM,Friday,Chery/ Lakeshore,General Delay,20,20,B/W,3146
9-Aug-19,941,8:06:00 AM,Friday,Keele at St Clair,Investigation,12,24,S/B,1269
9-Aug-19,939,8:10:00 AM,Friday,Finch Ave E/Don Mills Rd,Mechanical,8,16,W/B,3486
9-Aug-19,15,8:42:00 AM,Friday,Sherway Gardens,Mechanical,13,26,E/B,8617
9-Aug-19,34,8:45:00 AM,Friday,ESTN and Kennedy Station,General Delay,12,20,B/W,
9-Aug-19,63,8:56:00 AM,Friday,Ossington station,Investigation,5,10,N/B,1344
9-Aug-19,84,8:56:00 AM,Friday,Keele and Sheppard,Mechanical,1,1,E/B,3491
9-Aug-19,939,8:56:00 AM,Friday,Finch Ave W/Dufferin,Investigation,8,16,W/B,3447
9-Aug-19,76,8:57:00 AM,Friday,Royal York Station,Mechanical,6,12,S/B,8410
9-Aug-19,94,8:57:00 AM,Friday,Ossington Stn,Investigation,8,16,E/B,1022
9-Aug-19,937,9:20:00 AM,Friday,Islington and Millwick,Diversion,29,49,N/B,8421
9-Aug-19,56,9:29:00 AM,Friday,Eglinton station,Emergency Services,1,1,W/B,1373
9-Aug-19,89,9:30:00 AM,Friday,Weston Road Route//Weston Express Route,General Delay,20,29,B/W,
9-Aug-19,29,9:30:00 AM,Friday,Bridgeland to Lawrence,General Delay,15,25,B/W,
9-Aug-19,929,9:30:00 AM,Friday,Bridgeland to Lawrence,General Delay,20,30,B/W,
9-Aug-19,939,9:56:00 AM,Friday,McCowan Rd/Sheppard Ave E,Diversion,226,234,S/B,3483
9-Aug-19,41,10:00:00 AM,Friday,Keele Route/Keele Express Route,General Delay,25,34,B/W,
9-Aug-19,92,10:00:00 AM,Friday,Woodbine Station to Ashbrideg bay,General Delay,15,20,B/W,
9-Aug-19,66,10:06:00 AM,Friday,Berry and Ballacaine Dr,Mechanical,24,48,N/B,8061
9-Aug-19,39,10:11:00 AM,Friday,Finch Ave E/ Kenneth Ave,Diversion,16,32,B/W,3421
9-Aug-19,939,10:12:00 AM,Friday,Finch Ave E/Kenneth Ave,Diversion,11,22,B/W,3441
9-Aug-19,45,10:51:00 AM,Friday,STEELES AND KIPLING,Mechanical,10,20,S/B,8419
9-Aug-19,935,10:58:00 AM,Friday,Jane and Gordon Mckay,Investigation,11,22,S/B,3287
9-Aug-19,76,11:02:00 AM,Friday,Royal York and Norsemen,Mechanical,10,20,N/B,7957
9-Aug-19,944,11:07:00 AM,Friday,COL SAM SMITH LOOP,Mechanical,11,22,N/B,8014
9-Aug-19,54,11:08:00 AM,Friday,Eglinton Station,Mechanical,10,20,E/B,8630
9-Aug-19,48,11:27:00 AM,Friday,Rathburn and Pheasant Ln,Investigation,22,44,W/B,8072
9-Aug-19,41,11:32:00 AM,Friday,Pioneer Village Station,Investigation,9,18,S/B,9007
9-Aug-19,41,11:33:00 AM,Friday,Keele Station,Mechanical,9,18,N/B,9031
9-Aug-19,165,11:37:00 AM,Friday,Barmac/Steeles,Investigation,10,20,S/B,3296
9-Aug-19,944,12:02:00 PM,Friday,COL SAM SMITH LOOP,Mechanical,11,22,N/B,8602
9-Aug-19,52,12:14:00 PM,Friday,Lawrence and Dufferin,Investigation,15,30,E/B,8109
9-Aug-19,116,12:20:00 PM,Friday,Eglitnon Go,Emergency Services,10,20,W/B,8912
9-Aug-19,16,12:30:00 PM,Friday,Warden station to Scarborough Town centre,General Delay,15,20,B/W,
9-Aug-19,98,12:30:00 PM,Friday,Sheppard and yonge st,General Delay,30,60,,8170
9-Aug-19,161,12:44:00 PM,Friday,Dovercourt at Hallam,Diversion,18,36,N/B,1266
9-Aug-19,108,12:58:00 PM,Friday,Sheppard West Station,Mechanical,15,30,W/B,3248
9-Aug-19,720,1:12:00 PM,Friday,Don Mills STN,Investigation,1,1,N/B,8666
9-Aug-19,35,1:28:00 PM,Friday,Jane and Sheppard,Investigation,1,1,S/B,3317
9-Aug-19,702,1:40:00 PM,Friday,EGLINTON AND ISLINGTON,Investigation,1,1,N/B,8600
9-Aug-19,165,1:41:00 PM,Friday,YKMS,Emergency Services,10,20,E/B,3288
9-Aug-19,35,1:42:00 PM,Friday,Jane and Wilson,Mechanical,7,14,S/B,3317
9-Aug-19,995,1:49:00 PM,Friday,Ellesmere and Brimley,Investigation,16,32,E/B,3404
9-Aug-19,37,2:00:00 PM,Friday,"On Rexdale, at Bergamot",Diversion,240,260,S/B,
9-Aug-19,37,2:00:00 PM,Friday,Islington Station to Steeles and Humberwood Loop,General Delay,40,60,B/W,
9-Aug-19,30,2:00:00 PM,Friday,ENTIRE ROUTE,General Delay,30,60,B/W,
9-Aug-19,31,2:00:00 PM,Friday,Greenwood station to Queen,General Delay,10,15,B/W,
9-Aug-19,935,2:00:00 PM,Friday,Jane Station to Pioneer Village Station,General Delay,26,37,B/W,
9-Aug-19,35,2:00:00 PM,Friday,Jane Station to Pioneer Village Station,General Delay,22,29,B/W,
9-Aug-19,112,2:00:00 PM,Friday,entire route,General Delay,20,50,B/W,
9-Aug-19,83,2:00:00 PM,Friday,Donlands to Lakeshore garage,General Delay,10,15,B/W,
9-Aug-19,45,2:00:00 PM,Friday,ENTIRE ROUTE,General Delay,10,30,B/W,
9-Aug-19,36,2:00:00 PM,Friday,Route 36,General Delay,20,25,B/W,
9-Aug-19,113,2:02:00 PM,Friday,Kennedy / St.Clair,Investigation,23,46,E/B,9219
9-Aug-19,312,2:05:00 PM,Friday,Victoria park station,Investigation,22,44,E/B,3129
9-Aug-19,9,2:17:00 PM,Friday,St.clair and Janette,Investigation,26,52,S/B,3126
9-Aug-19,6,2:20:00 PM,Friday,Bay and Wellesley,Mechanical,12,24,N/B,1113
9-Aug-19,38,2:45:00 PM,Friday,Morrish and old Kingston Rd,Investigation,11,22,E/B,1565
9-Aug-19,9,2:55:00 PM,Friday,St.Clair and Brimley,Mechanical,26,52,S/B,3128
9-Aug-19,47,3:00:00 PM,Friday,Entire Route,General Delay,20,25,B/W,
9-Aug-19,85,3:00:00 PM,Friday,Sheppard/Yonge Stn to RougeHill Go Stn,General Delay,16,33,B/W,
9-Aug-19,84,3:14:00 PM,Friday,Sheppard West Station,Investigation,7,14,E/B,3365
9-Aug-19,24,3:18:00 PM,Friday,Victoria Park / York Mills,Investigation,19,38,N/B,3138
9-Aug-19,116,3:30:00 PM,Friday,Morningside Ave (Milner to McLevin),General Delay,20,27,B/W,
9-Aug-19,47,3:35:00 PM,Friday,Queen and Lansdowne,Utilized Off Route,5,10,N/B,1625
9-Aug-19,995,3:36:00 PM,Friday,Birchmount and Ellesmere,Mechanical,12,24,E/B,1401
9-Aug-19,116,3:38:00 PM,Friday,Eglinton Ave E/Torrance Rd,Investigation,7,13,E/B,8873
9-Aug-19,52,3:43:00 PM,Friday,T3 Airport,Mechanical,16,32,W/B,8213
9-Aug-19,47,3:45:00 PM,Friday,St Clair and Lansdowne,Utilized Off Route,5,10,S/B,1417
9-Aug-19,995,3:50:00 PM,Friday,York Mills and Old Yonge Street,Diversion,10,20,E/B,1656
9-Aug-19,32,3:54:00 PM,Friday,Renforth Station,Mechanical,10,19,E/B,1139
9-Aug-19,12,3:55:00 PM,Friday,kennedy Station,Mechanical,11,22,W/B,8953
9-Aug-19,75,4:00:00 PM,Friday,entire route,General Delay,9,17,B/W,
9-Aug-19,32,4:00:00 PM,Friday,Caledonia and Eglinton,Mechanical,10,19,W/B,1273
9-Aug-19,79,4:06:00 PM,Friday,Lawrence and Weston rd,Investigation,15,30,E/B,1101
9-Aug-19,116,4:09:00 PM,Friday,Morningside Ave/Nightstar Rd,Vision,7,13,S/B,8641
9-Aug-19,32,4:18:00 PM,Friday,Verona and Emmitt,Mechanical,8,16,E/B,1082
9-Aug-19,90,4:20:00 PM,Friday,St Clair West station,Mechanical,6,13,E/B,8200
9-Aug-19,924,4:37:00 PM,Friday,Lawrence / Victoria Park,Mechanical,9,18,W/B,8525
9-Aug-19,34,5:29:00 PM,Friday,Eglinton and credit Union Drive,Emergency Services,6,13,E/B,8893
9-Aug-19,66,5:29:00 PM,Friday,Humber Loop,Mechanical,20,40,N/B,8027
9-Aug-19,35,6:00:00 PM,Friday,Jane St. Both Directions,General Delay,15,20,B/W,
9-Aug-19,29,6:39:00 PM,Friday,Dufferin and Eglinton,Investigation,8,17,N/B,9021
9-Aug-19,925,6:55:00 PM,Friday,OVERLEA/ THORNCLIFF,Investigation,8,16,N/B,8860
9-Aug-19,34,7:10:00 PM,Friday,Eglitnon and Mt Pleasant,Mechanical,10,20,E/B,8871
9-Aug-19,53,7:39:00 PM,Friday,Morningside and Finch,Mechanical,17,37,W/B,3549
9-Aug-19,32,7:47:00 PM,Friday,Renforth Gateway,Mechanical,10,20,E/B,1606
9-Aug-19,133,8:09:00 PM,Friday,Neilson and Tapscott,Investigation,9,18,E/B,1602
9-Aug-19,32,8:14:00 PM,Friday,Royal York and Eglinton,Mechanical,1,1,E/B,1502
9-Aug-19,63,8:43:00 PM,Friday,Oakwood loop,General Delay,7,14,S/B,8372
9-Aug-19,63,8:50:00 PM,Friday,Oakwood loop,General Delay,7,14,S/B,8302
9-Aug-19,102,8:56:00 PM,Friday,Markham and Lawrence,Investigation,20,40,S/B,9239
9-Aug-19,45,8:58:00 PM,Friday,Kipling station,Utilized Off Route,9,18,N/B,7968
9-Aug-19,54,9:03:00 PM,Friday,Lawrence and Markham Road,Investigation,13,27,E/B,8838
9-Aug-19,25,9:30:00 PM,Friday,Don Mills and York Mills,Mechanical,9,18,S/B,8934
9-Aug-19,168,9:35:00 PM,Friday,Symington and Davenport,Investigation,11,22,N/B,1085
9-Aug-19,710,9:38:00 PM,Friday,Kennedy STN,Utilized Off Route,1,1,,8720
9-Aug-19,929,9:40:00 PM,Friday,Dufferin and Eglinton,Utilized Off Route,10,20,N/B,9025
9-Aug-19,34,9:40:00 PM,Friday,Eglinton Station,Utilized Off Route,10,20,E/B,8743
9-Aug-19,94,9:40:00 PM,Friday,Wellesley stn,Utilized Off Route,10,20,W/B,1022
9-Aug-19,939,9:41:00 PM,Friday,Finch Station,Utilized Off Route,9,18,EB,3498
9-Aug-19,89,9:41:00 PM,Friday,Albion and Weston,Mechanical,9,18,S/B,1261
9-Aug-19,54,9:42:00 PM,Friday,Eglinton Station,Utilized Off Route,12,24,W/B,8775
9-Aug-19,32,9:42:00 PM,Friday,Eglinton Station,Utilized Off Route,10,17,W/B,1262
9-Aug-19,95,9:47:00 PM,Friday,York Mills Station,Utilized Off Route,9,18,EB,1377
9-Aug-19,32,9:47:00 PM,Friday,Eglinton Station,Utilized Off Route,11,22,W/B,1030
9-Aug-19,53,9:47:00 PM,Friday,Bayview and Steeles,Utilized Off Route,20,40,WB,3452
9-Aug-19,6,10:35:00 PM,Friday,Bay and Queen,Mechanical,30,60,S/B,1123
9-Aug-19,6,11:04:00 PM,Friday,Bay and College,Emergency Services,30,60,S/B,1202
9-Aug-19,79,11:05:00 PM,Friday,St. Clair and Scarlett,Emergency Services,24,48,S/B,1097
9-Aug-19,89,11:20:00 PM,Friday,Keele Station,Utilized Off Route,10,20,N/B,1261
10-Aug-19,72,12:35:00 AM,Saturday,Carlaw and Lake Shore,Emergency Services,18,36,S/B,3112
10-Aug-19,54,1:01:00 AM,Saturday,Leslie and Sheppard ave,Mechanical,24,48,S/B,8358
10-Aug-19,85,1:24:00 AM,Saturday,Rouge Hill GO,Mechanical,30,60,EB,1565
10-Aug-19,300,1:30:00 AM,Saturday,Bloor and Donlands to Braodview,Diversion,20,40,B/W,8557
10-Aug-19,312,1:54:00 AM,Saturday,Dundas at Mavety,Investigation,30,60,W/B,1097
10-Aug-19,324,2:02:00 AM,Saturday,VP and Dawes,Emergency Services,20,40,NB,8520
10-Aug-19,300,4:00:00 AM,Saturday,300 Danforth Ave/Bloor- All Branch,General Delay,30,60,B/W,8438
10-Aug-19,63,4:00:00 AM,Saturday,Queen and Shaw,Diversion,10,20,B/W,
10-Aug-19,320,4:20:00 AM,Saturday,Yonge & Drewry,Investigation,3,6,N/B,1205
10-Aug-19,363,5:08:00 AM,Saturday,King and Shaw,Diversion,10,40,S/B,8334
10-Aug-19,72,5:17:00 AM,Saturday,Cherry and Commisioners,Diversion,999,999,B/W,
10-Aug-19,72,5:17:00 AM,Saturday,Pape station,Diversion,999,999,B/W,
10-Aug-19,17,5:18:00 AM,Saturday,Eglinton,Diversion,999,999,B/W,
10-Aug-19,22,5:31:00 AM,Saturday,Gerrard,Diversion,999,999,N/B,9235
10-Aug-19,121,6:00:00 AM,Saturday,Lower Jarvis,Diversion,999,999,N/B,8493
10-Aug-19,121,6:05:00 AM,Saturday,Cherry/ Lakeshore,Diversion,999,999,N/B,8493
10-Aug-19,91,6:14:00 AM,Saturday,Bermondsay,Diversion,999,999,B/W,
10-Aug-19,54,6:40:00 AM,Saturday,EGLINTON STATION,Mechanical,10,20,E/B,8813
10-Aug-19,96,6:42:00 AM,Saturday,Albion/Shendale,Emergency Services,15,20,E/B,3221
10-Aug-19,95,6:53:00 AM,Saturday,Scarborough College Loop,Diversion,1,1,E/B,3437
10-Aug-19,38,6:58:00 AM,Saturday,Scarborough College Loop,Diversion,1,1,W/B,3508
10-Aug-19,102,7:01:00 AM,Saturday,progress,Mechanical,10,20,N/B,8479
10-Aug-19,89,7:10:00 AM,Saturday,Weston at Albion,Mechanical,10,20,S/B,1603
10-Aug-19,6,7:30:00 AM,Saturday,Bay Route,General Delay,20,25,B/W,
10-Aug-19,6,7:30:00 AM,Saturday,Bay Route,Diversion,20,30,B/W,
10-Aug-19,40,7:30:00 AM,Saturday,Keele and Dundas St W,General Delay,15,1,B/W,
10-Aug-19,29,7:46:00 AM,Saturday,Dufferin/Lawrence,Mechanical,8,16,S/B,9147
10-Aug-19,73,8:18:00 AM,Saturday,Albion and Humberline,Mechanical,15,30,W/B,7973
10-Aug-19,71,8:48:00 AM,Saturday,Runnymede and St Clair,Mechanical,12,24,N/B,1349
10-Aug-19,29,8:50:00 AM,Saturday,Wilson at Transit Rd,Investigation,5,10,S/B,9018
10-Aug-19,160,9:00:00 AM,Saturday,BATHURST AND WILSON,Diversion,1,1,B/W,
10-Aug-19,89,9:00:00 AM,Saturday,Weston Road Route,General Delay,25,30,B/W,
10-Aug-19,41,9:00:00 AM,Saturday,Keele Route,General Delay,25,29,B/W,
10-Aug-19,7,9:00:00 AM,Saturday,BATHURST AND WILSON,Diversion,1,1,B/W,
10-Aug-19,41,9:27:00 AM,Saturday,Keele at Junction,Investigation,10,20,N/B,1149
10-Aug-19,110,9:39:00 AM,Saturday,Islington Ave and Judson,Investigation,18,36,N/B,8600
10-Aug-19,97,9:53:00 AM,Saturday,HILDA AND STEELES AVE. WEST,Mechanical,30,60,S/B,8340
10-Aug-19,9,10:00:00 AM,Saturday,warden station to Scarborough Town centre,General Delay,10,15,B/W,
10-Aug-19,60,10:00:00 AM,Saturday,Route 60,General Delay,13,24,B/W,
10-Aug-19,92,10:00:00 AM,Saturday,Woodbine Station to Ashbridge Bay Loop,General Delay,8,10,B/W,
10-Aug-19,65,10:00:00 AM,Saturday,Castlefrank station to Berkeley and front,General Delay,10,15,B/W,
10-Aug-19,83,10:00:00 AM,Saturday,Donlands Station to Lakeshore,General Delay,10,15,B/W,
10-Aug-19,79,10:11:00 AM,Saturday,Lawrence at Pine,Mechanical,12,24,S/B,1062
10-Aug-19,134,10:25:00 AM,Saturday,Finch and Finchdene,Mechanical,15,30,S/B,3420
10-Aug-19,7,10:33:00 AM,Saturday,Greenwin village,Mechanical,10,19,,8155
10-Aug-19,76,10:49:00 AM,Saturday,Knob Hill and Weston Rd,Mechanical,15,30,N/B,8034
10-Aug-19,45,11:11:00 AM,Saturday,"On Kipling, at Albion",Emergency Services,10,20,N/B,7978
10-Aug-19,50,11:20:00 AM,Saturday,Islington Station,Mechanical,20,40,N/B,7958
10-Aug-19,32,11:27:00 AM,Saturday,Eglinton and Keele,Investigation,16,32,W/B,1146
10-Aug-19,53,11:29:00 AM,Saturday,Finch Station,Mechanical,17,25,E/B,1715
10-Aug-19,96,11:30:00 AM,Saturday,York Mills Station,General Delay,45,60,B/W,
10-Aug-19,121,11:30:00 AM,Saturday,Cherry/ Lakeshore,General Delay,14,14,N/B,3130
10-Aug-19,165,11:30:00 AM,Saturday,York Mills Station to Barmac and Steeles,General Delay,39,48,B/W,
10-Aug-19,29,11:44:00 AM,Saturday,Wilson Station,Mechanical,4,8,S/B,9040
10-Aug-19,100,12:02:00 PM,Saturday,Dufresne & Vendome,Investigation,9,18,S/B,8714
10-Aug-19,68,12:10:00 PM,Saturday,Angus Glen,Mechanical,40,80,S/B,8888
10-Aug-19,123,12:32:00 PM,Saturday,EVANS AND SHERWAY,Investigation,20,40,S/B,8093
10-Aug-19,29,12:38:00 PM,Saturday,Dufferin at Lawrence,Mechanical,4,8,N/B,9032
10-Aug-19,935,12:40:00 PM,Saturday,Jane Station to Pioneer Village Station,General Delay,24,33,B/W,
10-Aug-19,35,12:40:00 PM,Saturday,Jane Station to Pioneer Village Station,General Delay,23,31,B/W,
10-Aug-19,6,12:41:00 PM,Saturday,Spadina at St Clair,Investigation,16,32,S/B,1090
10-Aug-19,11,12:54:00 PM,Saturday,Bayview and Eglinton,Emergency Services,30,60,,8361
10-Aug-19,92,12:56:00 PM,Saturday,Ashbridge Bay Loop,Mechanical,5,10,N/B,8599
10-Aug-19,113,1:34:00 PM,Saturday,Danforth / Warden,Investigation,16,32,N/B,3149
10-Aug-19,32,1:35:00 PM,Saturday,Eglinton and Black crreek,Mechanical,9,18,W/B,1305
10-Aug-19,9,1:43:00 PM,Saturday,Bellamy and  Grace,Investigation,24,48,S/B,3106
10-Aug-19,47,1:47:00 PM,Saturday,Yorkdale Mall,Mechanical,18,36,S/B,138
10-Aug-19,40,2:00:00 PM,Saturday,Dundas and Keele,General Delay,8,16,B/W,
10-Aug-19,37,2:06:00 PM,Saturday,Islington and Steeles Loop,Mechanical,14,28,S/B,8076
10-Aug-19,32,2:20:00 PM,Saturday,Eg West Station,Mechanical,6,16,W/B,1016
10-Aug-19,12,2:25:00 PM,Saturday,Victoria Park and Kingston Road,Mechanical,15,30,S/B,8649
10-Aug-19,52,2:43:00 PM,Saturday,Lawrence and Pine,Diversion,1,1,W/B,
10-Aug-19,29,2:53:00 PM,Saturday,Dufferin Loop,Mechanical,3,6,N/B,9035
10-Aug-19,94,3:00:00 PM,Saturday,Wellesly Station,Utilized Off Route,6,12,E/B,1107
10-Aug-19,29,3:18:00 PM,Saturday,Dufferin Loop,Mechanical,3,6,N/B,9023
10-Aug-19,168,3:30:00 PM,Saturday,Davenport/St.Clair,Mechanical,9,17,N/B,1120
10-Aug-19,24,3:48:00 PM,Saturday,St Clair and Victoria Park,Diversion,20,28,N/B,
10-Aug-19,88,4:05:00 PM,Saturday,Avoca and StClair,Investigation,15,30,N/B,8184
10-Aug-19,79,4:18:00 PM,Saturday,Pine and Lawrence,Mechanical,24,48,S/B,1415
10-Aug-19,63,5:00:00 PM,Saturday,Bothways entire route 63,General Delay,27,32,B/W,
10-Aug-19,134,5:03:00 PM,Saturday,Scarborough Town Center,Mechanical,15,30,EB,1403
10-Aug-19,41,5:03:00 PM,Saturday,Pioneer Village Station,Mechanical,8,17,N/B,1263
10-Aug-19,61,5:10:00 PM,Saturday,Dunblaine ave and Avenue rd north,Investigation,20,40,S/B,1346
10-Aug-19,32,5:12:00 PM,Saturday,Pine and Lawrence,Utilized Off Route,8,16,E/B,1077
10-Aug-19,111,5:39:00 PM,Saturday,"On Willowridge, at Ridgegrove",Investigation,11,22,S/B,8617
10-Aug-19,32,5:48:00 PM,Saturday,Pine and Lawrence,Utilized Off Route,8,16,E/B,1070
10-Aug-19,21,6:27:00 PM,Saturday,STC,Mechanical,13,26,N/B,1588
10-Aug-19,73,6:48:00 PM,Saturday,Albion and Shendale,Diversion,11,21,S/B,8044
10-Aug-19,131,7:40:00 PM,Saturday,Sewells and Morningview,Vision,14,28,SB,1530
10-Aug-19,55,7:52:00 PM,Saturday,Old Mill Station,Mechanical,20,40,N/B,1143
10-Aug-19,54,8:02:00 PM,Saturday,LAWRENCE/SCARBOROUGH GOLF CLUB,Mechanical,20,40,E/B,8780
10-Aug-19,86,8:24:00 PM,Saturday,Kennedy Station,Mechanical,10,19,E/B,8628
10-Aug-19,602,8:30:00 PM,Saturday,Royal York Station,Utilized Off Route,1,1,S/B,8044
10-Aug-19,702,8:30:00 PM,Saturday,Kipling Station,Utilized Off Route,1,1,S/B,8021
10-Aug-19,89,9:00:00 PM,Saturday,Keele Station,Mechanical,10,20,N/B,1083
10-Aug-19,66,9:00:00 PM,Saturday,Humber Loop,Mechanical,30,60,N/B,8045
10-Aug-19,32,9:00:00 PM,Saturday,Eglinton Station,Mechanical,10,20,W/B,1532
10-Aug-19,47,9:10:00 PM,Saturday,Yorkdale Road and Dufferin,Diversion,260,280,S/B,
10-Aug-19,29,9:25:00 PM,Saturday,Dufferin and Bridgeland,Diversion,300,309,B/W,
10-Aug-19,65,9:30:00 PM,Saturday,Berkeley and Front,Investigation,15,30,N/B,8588
10-Aug-19,39,10:00:00 PM,Saturday,Finch route,General Delay,17,34,B/W,
10-Aug-19,86,10:18:00 PM,Saturday,Kennedy,Mechanical,10,19,E/B,8881
10-Aug-19,39,10:26:00 PM,Saturday,Don Mills and Finch,Mechanical,17,34,E/B,1714
10-Aug-19,602,10:29:00 PM,Saturday,Kipling Station,Utilized Off Route,1,1,S/B,8044
10-Aug-19,602,10:29:00 PM,Saturday,Kipling Station,Utilized Off Route,1,1,S/B,8435
10-Aug-19,29,10:29:00 PM,Saturday,Eglinton and Dufferin,Mechanical,10,20,N/B,9103
10-Aug-19,24,11:38:00 PM,Saturday,Terraview and Victoria Park,Investigation,10,20,N/B,9227
11-Aug-19,106,12:27:00 AM,Sunday,Poineer villege,Mechanical,13,25,S/B,8360
11-Aug-19,602,12:37:00 AM,Sunday,Kipling Station,Utilized Off Route,1,2,E/B,8435
11-Aug-19,126,1:00:00 AM,Sunday,St.Clair West Station,Mechanical,30,30,S/B,1068
11-Aug-19,320,3:29:00 AM,Sunday,Yonge at Queens Quay,Mechanical,4,8,N/B,8190
11-Aug-19,320,3:45:00 AM,Sunday,Yonge at Steeles,Mechanical,4,8,S/B,8387
11-Aug-19,329,3:57:00 AM,Sunday,Dufferin at Queen,Mechanical,30,60,N/B,9007
11-Aug-19,329,4:15:00 AM,Sunday,Dufferin at Queen,Mechanical,30,60,N/B,9139
11-Aug-19,320,5:13:00 AM,Sunday,Yonge and Bloor,Investigation,15,30,N/B,8324
11-Aug-19,47,5:48:00 AM,Sunday,Yorkdale at Dufferin,Diversion,260,280,S/B,1002
11-Aug-19,72,6:00:00 AM,Sunday,cherry and lakeshore,Diversion,24,48,N/B,
11-Aug-19,29,6:00:00 AM,Sunday,Dufferin and Orfus,Diversion,1,1,B/W,9020
11-Aug-19,72,6:01:00 AM,Sunday,Cherry/ Lakeshore,Diversion,999,999,B/W,8598
11-Aug-19,72,6:01:00 AM,Sunday,Pape and Danforth,Diversion,999,999,B/W,8598
11-Aug-19,32,6:09:00 AM,Sunday,Eglinton Station,Mechanical,30,60,W/B,1345
11-Aug-19,711,6:10:00 AM,Sunday,Oakwood loop,Utilized Off Route,1,1,W/B,8145
11-Aug-19,320,6:11:00 AM,Sunday,Yonge and Steeles,Mechanical,3,6,E/B,8208
11-Aug-19,29,6:21:00 AM,Sunday,Yonge and Steeles,Mechanical,9,18,S/B,9039
11-Aug-19,320,6:39:00 AM,Sunday,Steeles and Yonge,Mechanical,3,6,S/B,8835
11-Aug-19,22,7:00:00 AM,Sunday,Upper Gerrard and Coxwell,Diversion,999,999,B/W,8499
11-Aug-19,102,7:13:00 AM,Sunday,Warden  stn,Investigation,10,20,,
11-Aug-19,300,7:30:00 AM,Sunday,Terminal 3 to Kennedy Station,General Delay,20,50,B/W,
11-Aug-19,32,7:47:00 AM,Sunday,Eglinton Station,Mechanical,17,34,W/B,1030
11-Aug-19,17,7:48:00 AM,Sunday,Eglinton/ Birchmount,Diversion,999,999,B/W,8955
11-Aug-19,91,7:56:00 AM,Sunday,Eglinton/ bermundsey,Diversion,999,999,B/W,8486
11-Aug-19,121,8:00:00 AM,Sunday,lakeashore and cherry,Diversion,22,44,N/B,
11-Aug-19,32,8:07:00 AM,Sunday,Eglinton Station,Utilized Off Route,5,10,W/B,1053
11-Aug-19,52,8:48:00 AM,Sunday,Lawrence Stn,Mechanical,20,40,W/B,1283
11-Aug-19,100,9:00:00 AM,Sunday,Flemington park,General Delay,10,1,B/W,
11-Aug-19,45,9:20:00 AM,Sunday,Kipling Station,Mechanical,15,23,S/B,8613
11-Aug-19,111,9:42:00 AM,Sunday,Dundas St W and Poplar,Mechanical,15,30,W/B,8076
11-Aug-19,102,9:45:00 AM,Sunday,Warden station,Mechanical,20,30,B/W,8529
11-Aug-19,90,9:54:00 AM,Sunday,St.Clair Stn,Mechanical,12,24,N/B,8170
11-Aug-19,25,10:00:00 AM,Sunday,Donmills North Route,General Delay,10,1,B/W,
11-Aug-19,925,10:00:00 AM,Sunday,Donmills express,General Delay,10,1,B/W,
11-Aug-19,72,10:07:00 AM,Sunday,Carlaw and Eastern,Investigation,18,36,B/W,3121
11-Aug-19,72,10:07:00 AM,Sunday,Pape and Danforth,General Delay,18,36,B/W,3121
11-Aug-19,32,10:15:00 AM,Sunday,Eglinton Station,Mechanical,20,40,W/B,1011
11-Aug-19,111,10:32:00 AM,Sunday,Willowridge and Richgrove,Mechanical,15,30,S/B,8410
11-Aug-19,165,10:59:00 AM,Sunday,Wilson/Jane,Investigation,4,13,W/B,3186
11-Aug-19,63,11:00:00 AM,Sunday,eglinton wstn / liberty,General Delay,1,1,B/W,
11-Aug-19,35,11:59:00 AM,Sunday,Weston and Jane,Investigation,0,0,N/B,3297
11-Aug-19,32,12:00:00 PM,Sunday,Eglinton at Keele,Mechanical,10,20,E/B,1116
11-Aug-19,23,12:06:00 PM,Sunday,DAWES / Danforth and Victoria Park,Investigation,10,20,N/B,8558
11-Aug-19,9,12:29:00 PM,Sunday,Bellamy/ Pandora,Diversion,,,B/W,8443
11-Aug-19,9,12:30:00 PM,Sunday,Bellamy/ Pandora,General Delay,18,18,B/W,8443
11-Aug-19,165,12:30:00 PM,Sunday,Between Jane to York Mills Station,General Delay,15,25,B/W,
11-Aug-19,96,12:30:00 PM,Sunday,Between Jane to York Mills Station,General Delay,15,25,B/W,
11-Aug-19,927,12:39:00 PM,Sunday,Steeles Loop at Martin Grove,Mechanical,10,20,S/B,3345
11-Aug-19,29,12:50:00 PM,Sunday,Dufferin and Lawrence,General Delay,4,8,B/W,9142
11-Aug-19,87,12:56:00 PM,Sunday,broadview stn,Mechanical,10,20,N/B,8452
11-Aug-19,41,12:59:00 PM,Sunday,S/B Keele and Gunns Rd.,Investigation,12,23,S/B,1272
11-Aug-19,133,1:00:00 PM,Sunday,Scarborough Town Center,Mechanical,10,20,N/B,1741
11-Aug-19,131,1:00:00 PM,Sunday,Scarborough Town Center - Morningside and Old Finch,General Delay,26,52,B/W,3433
11-Aug-19,83,1:00:00 PM,Sunday,Jones,General Delay,20,20,B/W,
11-Aug-19,53,1:35:00 PM,Sunday,Middlefield/Steeles,Mechanical,6,18,W/B,1733
11-Aug-19,935,1:43:00 PM,Sunday,Falstaff and Jane,Mechanical,9,17,S/B,3208
11-Aug-19,129,2:00:00 PM,Sunday,STC- Steeles to Maj Macenzie,General Delay,45,90,B/W,
11-Aug-19,39,2:00:00 PM,Sunday,Finch Station,Mechanical,16,32,W/B,1386
11-Aug-19,95,2:00:00 PM,Sunday,Kingston Rd to York Mills Station,General Delay,17,34,B/W,
11-Aug-19,30,2:16:00 PM,Sunday,West Rd (inside High Park; south of Bloor),Mechanical,23,46,S/B,7955
11-Aug-19,53,2:24:00 PM,Sunday,Finch Station,Mechanical,24,48,E/B,1715
11-Aug-19,44,2:33:00 PM,Sunday,Kipling Station,Utilized Off Route,10,20,S/B,8024
11-Aug-19,43,2:41:00 PM,Sunday,Kennedy Station,Investigation,12,27,N/B,8748
11-Aug-19,175,2:50:00 PM,Sunday,Brimley and St.Clair,Diversion,53,68,N/B,
11-Aug-19,35,3:00:00 PM,Sunday,Downsview,General Delay,10,20,B/W,3220
11-Aug-19,120,3:00:00 PM,Sunday,Calvington,General Delay,30,60,B/W,
11-Aug-19,161,3:01:00 PM,Sunday,S/B Davenport and Dovercourt,Investigation,15,30,S/B,1273
11-Aug-19,97,3:12:00 PM,Sunday,Kempford,Diversion,140,170,S/B,8333
11-Aug-19,72,3:13:00 PM,Sunday,Villers and Don Roadway,Investigation,18,36,E/B,3121
11-Aug-19,36,3:15:00 PM,Sunday,Finch and Jane,Emergency Services,5,10,W/B,3234
11-Aug-19,35,3:45:00 PM,Sunday,Downsview and Jane,Diversion,10,20,N/B,3297
11-Aug-19,935,3:45:00 PM,Sunday,Downsview and Jane,Diversion,10,20,N/B,
11-Aug-19,42,4:00:00 PM,Sunday,On route,General Delay,36,36,B/W,
11-Aug-19,935,4:30:00 PM,Sunday,Jane Station,Mechanical,9,18,N/B,3284
11-Aug-19,16,4:30:00 PM,Sunday,WAST,Mechanical,12,24,N/B,9230
11-Aug-19,68,4:34:00 PM,Sunday,Warden Station,Utilized Off Route,1,1,N/B,8665
11-Aug-19,29,4:39:00 PM,Sunday,Dufferin and Yorkdale,Mechanical,5,10,N/B,9140
11-Aug-19,41,4:53:00 PM,Sunday,S/B Keele and Calvington,Diversion,11,16,S/B,1059
11-Aug-19,939,5:05:00 PM,Sunday,Scarborough Town Center,Utilized Off Route,16,32,B/W,3526
11-Aug-19,42,5:35:00 PM,Sunday,Finch and Conacher,Diversion,1,1,B/W,8122
11-Aug-19,36,6:11:00 PM,Sunday,Finch and Dufferin,Mechanical,6,12,E/B,3700
11-Aug-19,66,6:20:00 PM,Sunday,Old Mill Station,Mechanical,20,40,S/B,8401
11-Aug-19,40,6:30:00 PM,Sunday,Entire Route,General Delay,3,12,B/W,
11-Aug-19,29,6:34:00 PM,Sunday,St.Clair and Dufferin,Investigation,4,8,N/B,9051
11-Aug-19,95,6:38:00 PM,Sunday,Scarborough Golf Club/Ellesmere,Mechanical,17,34,W/B,1323
11-Aug-19,52,6:38:00 PM,Sunday,Lawrence Station,Mechanical,19,38,W/B,8125
11-Aug-19,110,7:02:00 PM,Sunday,Islington and Lakeshore,Mechanical,20,40,N/B,8403
11-Aug-19,34,7:06:00 PM,Sunday,Lebovic and Eglinton,Investigation,9,18,B/W,8945
11-Aug-19,53,7:13:00 PM,Sunday,Passmore/Markham,Investigation,15,25,W/B,3480
11-Aug-19,52,7:13:00 PM,Sunday,Keele and Lawrence,Investigation,11,22,E/B,8126
11-Aug-19,72,7:15:00 PM,Sunday,PAPE / Pape Station,Mechanical,18,36,S/B,3111
11-Aug-19,939,7:50:00 PM,Sunday,Don Mills Road,Mechanical,10,20,W/B,1303
11-Aug-19,25,8:00:00 PM,Sunday,Pape Station - Freshmeadow,General Delay,10,19,BW,0
11-Aug-19,54,8:00:00 PM,Sunday,Starspray Loop - Eglinton Station,General Delay,10,27,BW,
11-Aug-19,169,8:15:00 PM,Sunday,Van horne and Axsmith,Investigation,30,60,E/B,1249
11-Aug-19,43,8:18:00 PM,Sunday,Kennedy Station,Mechanical,10,20,N/B,8721
11-Aug-19,116,8:19:00 PM,Sunday,Morningside and Staines,Investigation,1,1,B/W,8626
11-Aug-19,116,8:19:00 PM,Sunday,Morningside and Staines,General Delay,1,1,B/W,8626
11-Aug-19,22,8:20:00 PM,Sunday,Coxwell Station,Investigation,10,20,S/B,8500
11-Aug-19,133,8:35:00 PM,Sunday,"Staines and Mantis, Mantis and Nightstar",Diversion,75,88,N/B,
11-Aug-19,131,9:00:00 PM,Sunday,Nugget route,General Delay,22,44,B/W,
11-Aug-19,32,9:13:00 PM,Sunday,Renforth Station,Mechanical,10,20,E/B,1345
11-Aug-19,43,9:28:00 PM,Sunday,Kennedy Station,Mechanical,10,20,N/B,8939
11-Aug-19,29,10:00:00 PM,Sunday,Jane Oster Blvd and Dufferin,Diversion,240,250,B/W,
11-Aug-19,47,10:00:00 PM,Sunday,Bridgeland/Dufferin,Diversion,240,260,E/B,
11-Aug-19,82,10:34:00 PM,Sunday,Bloor and sherbourne,Investigation,30,60,N/B,8189
11-Aug-19,25,10:35:00 PM,Sunday,Don Mills at Lawrence,Diversion,35,44,N/B,8750
11-Aug-19,25,10:35:00 PM,Sunday,Don Mills Station,Utilized Off Route,8,17,S/B,8648
11-Aug-19,54,10:37:00 PM,Sunday,Lwrence & Don Mills,Diversion,33,53,W/B,8749
11-Aug-19,51,10:43:00 PM,Sunday,DonMIlls and Lawrence,Diversion,6,31,E/B,8340
11-Aug-19,63,10:47:00 PM,Sunday,ossington station,Utilized Off Route,10,20,S/B,1352
11-Aug-19,7,11:30:00 PM,Sunday,Bathurst and finch,Investigation,9,18,S/B,8357
11-Aug-19,21,11:44:00 PM,Sunday,Eglinton and Brimley,Mechanical,30,60,S/B,1593
12-Aug-19,20,12:01:00 AM,Monday,Danforth and Eldon,Diversion,30,60,W/B,
12-Aug-19,113,12:01:00 AM,Monday,Danforth and Eldon,Diversion,30,60,W/B,
12-Aug-19,54,12:32:00 AM,Monday,Lawrence & Scarborough Golf,Mechanical,20,40,E/B,8903
12-Aug-19,34,1:21:00 AM,Monday,Eglinton Station,Utilized Off Route,10,21,E/B,8681
12-Aug-19,300,1:53:00 AM,Monday,Victoria Park and Danforth Ave,Diversion,103,133,B/W,8960
12-Aug-19,300,1:53:00 AM,Monday,Donlands to Broadview Ave on Bloor Street,Diversion,68,98,B/W,8960
12-Aug-19,335,4:26:00 AM,Monday,Jane and York gate,Mechanical,30,60,S/B,3207
12-Aug-19,47,4:30:00 AM,Monday,Dufferin at Bridgeland Ave,Diversion,65,89,S/B,
12-Aug-19,91,5:00:00 AM,Monday,Eglinton / Bermondsey - Sloane,Diversion,1,1,B/W,3130
12-Aug-19,72,5:08:00 AM,Monday,Cherry St and Lake Shore Blvd East,Diversion,1,1,SB,9204
12-Aug-19,300,5:08:00 AM,Monday,Kennedy Stn,Mechanical,25,25,W/B,7973
12-Aug-19,29,5:26:00 AM,Monday,Dufferin & Dundas,Vision,8,17,S/B,9024
12-Aug-19,24,5:29:00 AM,Monday,innismorecrescent and victoria park,Mechanical,7,14,07,8531
12-Aug-19,22,5:35:00 AM,Monday,Coxwell Ave and Gerrard St East,Diversion,1,1,NB,8591
12-Aug-19,52,5:41:00 AM,Monday,Wilson garage,Mechanical,7,28,W/B,8219
12-Aug-19,63,5:56:00 AM,Monday,Wilson garage,Mechanical,4,8,W/B,8137
12-Aug-19,121,6:00:00 AM,Monday,cherry and lakeshore,Diversion,20,40,,
12-Aug-19,120,6:10:00 AM,Monday,Wilson and Murray Rd,Mechanical,24,48,E/B,3560
12-Aug-19,986,6:17:00 AM,Monday,Kennedy station,Mechanical,5,10,E/B,8753
12-Aug-19,56,6:22:00 AM,Monday,Eglinton station,Mechanical,10,20,W/B,8336
12-Aug-19,6,6:24:00 AM,Monday,Davenport at Dupont,Mechanical,5,10,S/B,1305
12-Aug-19,36,6:30:00 AM,Monday,Finch west Station,Vision,8,16,W/B,9131
12-Aug-19,6,6:37:00 AM,Monday,Bay at Dundas,Investigation,5,10,N/B,1034
12-Aug-19,39,6:46:00 AM,Monday,Neilson and Crowtrail,Vision,10,15,W/B,3427
12-Aug-19,34,7:00:00 AM,Monday,Eglinton Station to Kennedy Station,General Delay,16,22,B/W,
12-Aug-19,129,7:03:00 AM,Monday,Scarborough Town Centre,Mechanical,16,31,N/B,1394
12-Aug-19,110,7:18:00 AM,Monday,Islington and Norseman,Mechanical,24,48,NB,8416
12-Aug-19,96,7:44:00 AM,Monday,Wilson and Dufferin,Mechanical,1,1,W/B,3202
12-Aug-19,960,7:50:00 AM,Monday,Yonge and Finch,Investigation,10,20,N/B,3350
12-Aug-19,37,7:52:00 AM,Monday,Islington Station,Mechanical,10,10,NB,8458
12-Aug-19,720,8:30:00 AM,Monday,Eglinton & Ionview,Investigation,1,1,E/B,8749
12-Aug-19,25,8:35:00 AM,Monday,Don Mills/Van Horne,Investigation,6,12,S/B,8861
12-Aug-19,73,8:35:00 AM,Monday,Islington and Bloor St West,Utilized Off Route,1,1,S/B,8002
12-Aug-19,60,8:55:00 AM,Monday,Futrity gate,Investigation,5,10,S/B,3162
12-Aug-19,68,9:00:00 AM,Monday,Warden route,General Delay,10,1,B/W,
12-Aug-19,937,9:00:00 AM,Monday,Islington and Dundas,Diversion,54,66,SB,7976
12-Aug-19,37,9:00:00 AM,Monday,Islington and Dundas,Diversion,54,64,SB,8099
12-Aug-19,939,9:10:00 AM,Monday,Yonge and Finch,Diversion,12,17,W/B,3437
12-Aug-19,100,9:14:00 AM,Monday,St Dennis & Deauville,Investigation,6,12,W/B,8731
12-Aug-19,924,9:18:00 AM,Monday,st clair and victoria park,Mechanical,10,20,07,9239
12-Aug-19,52,9:40:00 AM,Monday,Lawrence west station,Mechanical,15,30,W/B,1221
12-Aug-19,43,10:00:00 AM,Monday,Kennedy road,General Delay,10,1,B/W,
12-Aug-19,129,10:03:00 AM,Monday,Scarborough Town Centre,Mechanical,9,14,N/B,3432
12-Aug-19,701,10:28:00 AM,Monday,eglinton stn,Utilized Off Route,1,1,S/B,1216
12-Aug-19,35,10:31:00 AM,Monday,Jane station,Utilized Off Route,7,14,S/B,3243
12-Aug-19,63,10:31:00 AM,Monday,Ossington Station,Utilized Off Route,10,20,S/B,1227
12-Aug-19,600,10:31:00 AM,Monday,lawrance west station,Utilized Off Route,1,1,W/B,1376
12-Aug-19,54,10:32:00 AM,Monday,Eglinton stn,Utilized Off Route,10,20,W/B,8735
12-Aug-19,94,10:33:00 AM,Monday,Ossington Station,Utilized Off Route,15,30,S/B,1521
12-Aug-19,44,10:33:00 AM,Monday,Col Sam Smith Loop,Utilized Off Route,8,16,N/B,7978
12-Aug-19,600,10:33:00 AM,Monday,Keele Station,Utilized Off Route,1,1,B/W,1019
12-Aug-19,89,10:33:00 AM,Monday,Keele Station,Utilized Off Route,10,20,N/B,1097
12-Aug-19,63,10:33:00 AM,Monday,Ossington Station,Utilized Off Route,10,20,N/B,8107
12-Aug-19,72,10:34:00 AM,Monday,Pape Station,Utilized Off Route,19,38,SB,8485
12-Aug-19,600,10:34:00 AM,Monday,Sheppard station,Utilized Off Route,1,1,S/B,3236
12-Aug-19,600,10:34:00 AM,Monday,Sheppard station,Utilized Off Route,1,1,S/B,3236
12-Aug-19,704,10:34:00 AM,Monday,Wilson Ave,Utilized Off Route,1,1,S/B,3567
12-Aug-19,606,10:35:00 AM,Monday,Main Station,Utilized Off Route,1,1,WB,9225
12-Aug-19,720,10:35:00 AM,Monday,Broadview Station,Utilized Off Route,1,1,W/B,8731
12-Aug-19,600,10:35:00 AM,Monday,St.Clair Stn,Utilized Off Route,1,1,W/B,1375
12-Aug-19,73,10:35:00 AM,Monday,Royal York Station,Utilized Off Route,10,20,NB,8018
12-Aug-19,606,10:36:00 AM,Monday,Main Station,Utilized Off Route,1,1,WB,8494
12-Aug-19,65,10:36:00 AM,Monday,CastleFrank Station,Utilized Off Route,13,26,SB,3109
12-Aug-19,40,10:38:00 AM,Monday,Dundas West Stn,Utilized Off Route,10,20,N/B,8025
12-Aug-19,123,10:41:00 AM,Monday,Kipling Station,Mechanical,21,42,S/B,8093
12-Aug-19,35,10:47:00 AM,Monday,Jane Station,Emergency Services,7,17,,3243
12-Aug-19,6,10:50:00 AM,Monday,Bay at Dundas,Mechanical,1,1,N/B,1254
12-Aug-19,35,10:56:00 AM,Monday,Jane/Eglinton,Mechanical,9,18,S/B,3567
12-Aug-19,7,10:58:00 AM,Monday,finch,Mechanical,8,16,N/B,8195
12-Aug-19,96,11:13:00 AM,Monday,Bathurst and Wilson,Mechanical,1,1,E/B,3226
12-Aug-19,36,11:16:00 AM,Monday,Kipling,Mechanical,5,10,W/B,9124
12-Aug-19,95,11:44:00 AM,Monday,McCowan and Finch,Mechanical,20,40,W/B,1712
12-Aug-19,96,11:54:00 AM,Monday,Carrier Loop,Mechanical,20,40,E/B,3275
12-Aug-19,102,11:56:00 AM,Monday,Markham Road and Highway 7,Investigation,30,60,SB,8489
12-Aug-19,36,12:04:00 PM,Monday,Finch and Arrow,Mechanical,5,10,E/B,9124
12-Aug-19,33,12:12:00 PM,Monday,Spadina and Old Forest Hill Rd and Ava Rd,Diversion,30,90,S/B,
12-Aug-19,54,12:21:00 PM,Monday,Brimorton and Orton park,Mechanical,13,26,E/B,8776
12-Aug-19,944,12:32:00 PM,Monday,Kipling Station,Mechanical,11,22,S/B,7966
12-Aug-19,995,12:36:00 PM,Monday,Birchmoount and Ellesmere,Investigation,15,30,W/B,3473
12-Aug-19,36,12:42:00 PM,Monday,Finch and Albion,Emergency Services,5,10,W/B,9128
12-Aug-19,16,12:45:00 PM,Monday,Scarborough Town Centre,Mechanical,12,24,S/B,3117
12-Aug-19,52,1:01:00 PM,Monday,Lawrence west station,Mechanical,15,30,W/B,8161
12-Aug-19,925,1:10:00 PM,Monday,Overlea/Thorncliffe Park,Emergency Services,10,20,S/B,8761
12-Aug-19,95,1:23:00 PM,Monday,Kingston Road and Ellesmere loop,Mechanical,20,40,W/B,1526
12-Aug-19,52,1:30:00 PM,Monday,Lawrence west station,Mechanical,11,22,W/B,1236
12-Aug-19,130,1:45:00 PM,Monday,Middlefield and Steeles,Emergency Services,21,42,W/B,3480
12-Aug-19,134,2:12:00 PM,Monday,Washburn and Tapscott,Diversion,15,30,S/B,1400
12-Aug-19,67,2:15:00 PM,Monday,Reddins Rd/Crosland Dr,Mechanical,10,22,S/B,8918
12-Aug-19,32,2:20:00 PM,Monday,Eglinton West Station,Mechanical,9,18,E/B,1123
12-Aug-19,134,2:25:00 PM,Monday,Washburn way between Tapscott and Sheppard,Diversion,15,30,B/W,
12-Aug-19,24,2:35:00 PM,Monday,Victoria park / Ellesmere,Investigation,18,36,S/B,8467
12-Aug-19,124,2:40:00 PM,Monday,Ardrossan Pl and Lawrence ave West,Vision,7,16,W/B,8351
12-Aug-19,79,2:47:00 PM,Monday,PINE,Mechanical,24,38,S/B,1141
12-Aug-19,112,2:47:00 PM,Monday,Kipling Station,Mechanical,20,40,N/B,8046
12-Aug-19,39,2:55:00 PM,Monday,McCowan Rd/Finch Ave E,Mechanical,14,28,W/B,3469
12-Aug-19,37,2:58:00 PM,Monday,Islington Station,Mechanical,16,32,S/B,7960
12-Aug-19,52,3:00:00 PM,Monday,Wetwood mall to Lawrence station,General Delay,10,20,B/W,
12-Aug-19,73,3:00:00 PM,Monday,"On St.Philips road , Between Royal York and Weston",General Delay,15,30,S/B,
12-Aug-19,925,3:00:00 PM,Monday,Pape STN to Don Mills/Lawrence,General Delay,20,28,B/W,
12-Aug-19,142,3:00:00 PM,Monday,Bombay loop to Richmond/Jarvis,General Delay,15,45,B/W,
12-Aug-19,25,3:00:00 PM,Monday,Pape STN to Don Mills Lawrence,General Delay,20,25,B/W,
12-Aug-19,168,3:10:00 PM,Monday,Avon Loop,Mechanical,8,17,S/B,1033
12-Aug-19,39,3:28:00 PM,Monday,Finch Ave E/Pineway Buld,Mechanical,14,27,E/B,3487
12-Aug-19,36,3:29:00 PM,Monday,Finch West Station,Investigation,7,14,W/B,9114
12-Aug-19,129,3:29:00 PM,Monday,Mccowan/Steeles,Investigation,7,12,N/B,3498
12-Aug-19,952,3:30:00 PM,Monday,Airport to Lawrence station,General Delay,12,24,B/W,
12-Aug-19,944,3:33:00 PM,Monday,Kipling Station,Utilized Off Route,11,22,S/B,7957
12-Aug-19,985,3:40:00 PM,Monday,Markham Road,Investigation,9,18,E/B,3414
12-Aug-19,600,3:44:00 PM,Monday,Pape STN,Mechanical,0,0,,8821
12-Aug-19,941,3:45:00 PM,Monday,Keele stn,Mechanical,10,20,N/B,1133
12-Aug-19,941,3:45:00 PM,Monday,Keele and Eglinton,Mechanical,15,28,N/B,1408
12-Aug-19,600,3:58:00 PM,Monday,Sheppard Ave E/Midland Ave,Utilized Off Route,1,1,E/B,3455
12-Aug-19,43,3:59:00 PM,Monday,Kennedy  Station,Utilized Off Route,6,88,N/B,8671
12-Aug-19,606,4:00:00 PM,Monday,WARDEN STATION,Utilized Off Route,1,1,,8450
12-Aug-19,300,4:00:00 PM,Monday,Between Boardview and Donland,General Delay,12,32,B/W,
12-Aug-19,33,4:00:00 PM,Monday,St clair west station,Investigation,30,60,N/B,8159
12-Aug-19,34,4:04:00 PM,Monday,Kennedy Stn,Utilized Off Route,7,13,W/B,8868
12-Aug-19,63,4:04:00 PM,Monday,Eglitnon west station,Utilized Off Route,10,19,S/B,1227
12-Aug-19,42,4:05:00 PM,Monday,Middlefield and McCowan Rd,Utilized Off Route,16,32,E/B,8160
12-Aug-19,707,4:05:00 PM,Monday,Finch Ave E/kennedy Rd,Utilized Off Route,1,1,E/B,1308
12-Aug-19,986,4:05:00 PM,Monday,Kennedy Station,Utilized Off Route,10,20,E/B,8695
12-Aug-19,11,4:05:00 PM,Monday,Bayview and Finch,Utilized Off Route,15,30,N/B,1347
12-Aug-19,16,4:07:00 PM,Monday,MCCOWAN - STC,Utilized Off Route,10,20,S/B,8493
12-Aug-19,710,4:07:00 PM,Monday,Pape STN,Utilized Off Route,0,0,,8738
12-Aug-19,43,4:07:00 PM,Monday,Kennedy Station,Utilized Off Route,10,90,N/B,8906
12-Aug-19,113,4:08:00 PM,Monday,GERRARD - Kennedy Station,Utilized Off Route,11,22,W/B,8584
12-Aug-19,56,4:10:00 PM,Monday,Donlands station,Utilized Off Route,16,32,N/B,1252
12-Aug-19,54,4:11:00 PM,Monday,Lawrence East Station,Utilized Off Route,13,90,W/B,8895
12-Aug-19,20,4:11:00 PM,Monday,CLIFFESIDE - Kennedy Station,Utilized Off Route,13,26,W/B,3107
12-Aug-19,57,4:12:00 PM,Monday,Kennedy Station,Utilized Off Route,8,16,N/B,8689
12-Aug-19,92,4:12:00 PM,Monday,Kingston Road and Woodbine,Investigation,9,18,S/B,8963
12-Aug-19,134,4:12:00 PM,Monday,STC,Utilized Off Route,15,30,E/B,1320
12-Aug-19,113,4:12:00 PM,Monday,Danforth Road / Mack ave,Mechanical,11,22,W/B,8959
12-Aug-19,716,4:13:00 PM,Monday,WARDEN STATIOB,Utilized Off Route,1,1,,9210
12-Aug-19,600,4:15:00 PM,Monday,Sheppard and Yonge,Utilized Off Route,1,1,N/B,1371
12-Aug-19,169,4:16:00 PM,Monday,Scarbourough town centre,Utilized Off Route,30,60,W/B,1369
12-Aug-19,985,4:16:00 PM,Monday,Meadowvale loop,Utilized Off Route,9,18,E/B,3416
12-Aug-19,9,4:16:00 PM,Monday,BELLAMY - STC,Utilized Off Route,19,38,S/B,8955
12-Aug-19,11,4:17:00 PM,Monday,Davisville Station,Utilized Off Route,15,30,N/B,8210
12-Aug-19,600,4:18:00 PM,Monday,Scarborough Town Centre,Utilized Off Route,1,1,E/B,1327
12-Aug-19,939,4:21:00 PM,Monday,Scarborough Town Centre,Utilized Off Route,12,24,W/B,1240
12-Aug-19,129,4:25:00 PM,Monday,Scarborough Town Center,Utilized Off Route,5,10,W/B,3559
12-Aug-19,47,4:30:00 PM,Monday,Lansdowne and Wallace,Emergency Services,5,10,S/B,1021
12-Aug-19,55,4:35:00 PM,Monday,Van Stassen Blvd at Varsity Rd,Diversion,15,96,S/B,
12-Aug-19,937,4:43:00 PM,Monday,Islington Station,Mechanical,12,24,N/B,8419
12-Aug-19,39,5:14:00 PM,Monday,Crow Trail/ Wingarden Ct,Diversion,75,89,W/B,3435
12-Aug-19,99,5:20:00 PM,Monday,Arrow garage,Mechanical,20,40,N/B,3510
12-Aug-19,46,5:20:00 PM,Monday,Rathburn and Kipling,Emergency Services,12,24,N/B,3346
12-Aug-19,52,5:20:00 PM,Monday,Dixon and Westona,Investigation,14,28,W/B,8383
12-Aug-19,115,5:31:00 PM,Monday,Yorkmills and Banbury,Investigation,24,48,W/B,8121
12-Aug-19,89,5:35:00 PM,Monday,Weston / lambton,Investigation,10,20,N/B,1124
12-Aug-19,38,5:45:00 PM,Monday,Rouge Hill GO Station,Mechanical,11,22,W/B,3486
12-Aug-19,126,5:50:00 PM,Monday,Christie Station,Mechanical,1,1,N/B,1064
12-Aug-19,939,6:06:00 PM,Monday,Finch Station,Mechanical,12,24,E/B,3500
12-Aug-19,92,6:15:00 PM,Monday,Woodbine Loop,Investigation,9,18,N/B,8949
12-Aug-19,111,6:25:00 PM,Monday,Willowridge and Richgrove,Mechanical,12,24,S/B,7969
12-Aug-19,56,6:25:00 PM,Monday,Eglinton station,Investigation,10,22,E/B,8355
12-Aug-19,29,6:40:00 PM,Monday,Lawrence and Dufferin,Mechanical,8,15,S/B,9140
12-Aug-19,92,6:45:00 PM,Monday,Woodbine Station,Mechanical,9,18,S/B,8963
12-Aug-19,91,6:56:00 PM,Monday,Woodbine Station,Investigation,1,1,N/B,8497
12-Aug-19,707,7:01:00 PM,Monday,Neilson/Crow Trail,Investigation,1,1,E/B,1559
12-Aug-19,925,7:18:00 PM,Monday,Pape Ave/Torrens Ave,Investigation,10,20,N/B,8891
12-Aug-19,36,7:58:00 PM,Monday,Humberwood Loop,Mechanical,8,16,E/B,9110
12-Aug-19,123,8:27:00 PM,Monday,Browns Line and Evans,Diversion,69,81,S/B,8420
12-Aug-19,122,8:30:00 PM,Monday,Yorkmills and Scarsdale,Mechanical,30,60,W/B,8319
12-Aug-19,63,8:41:00 PM,Monday,East liberty,Investigation,10,20,W/B,8340
12-Aug-19,11,8:55:00 PM,Monday,Bayview and Eglinton,Investigation,28,56,S/B,8342
12-Aug-19,32,9:02:00 PM,Monday,Black Creek and Eglinton,Mechanical,10,20,W/B,1549
12-Aug-19,63,9:30:00 PM,Monday,Eglinton west station,Mechanical,10,20,N/B,8158
12-Aug-19,32,9:45:00 PM,Monday,Islington and Eglinton,Mechanical,10,20,W/B,1005
12-Aug-19,63,9:51:00 PM,Monday,Ossington and harbord st,Investigation,10,20,S/B,8189
12-Aug-19,89,10:08:00 PM,Monday,Weston / Eglinton,Mechanical,10,20,N/B,1380
12-Aug-19,929,10:14:00 PM,Monday,Bloor and Dufferin,Investigation,10,20,N/B,9041
12-Aug-19,52,10:25:00 PM,Monday,Dixon and Kelfield,Mechanical,7,14,E/B,8161
12-Aug-19,44,10:29:00 PM,Monday,Kipling and Queensway,Investigation,10,20,N/B,8022
12-Aug-19,120,10:52:00 PM,Monday,Jane and Gilspur,Mechanical,30,60,E/B,3282
12-Aug-19,105,11:12:00 PM,Monday,Dufferin and steeles,Mechanical,30,60,S/B,8328
12-Aug-19,104,11:30:00 PM,Monday,Sheppard west station,Utilized Off Route,23,46,S/B,8382
13-Aug-19,112,12:00:00 AM,Tuesday,Dundas St. E and Neilson rd,Mechanical,16,32,E/B,8459
13-Aug-19,312,1:59:00 AM,Tuesday,Islington Stn,Investigation,30,60,E/B,3269
13-Aug-19,41,2:07:00 AM,Tuesday,S/B Keele and Ingram,Investigation,9,18,S/B,9026
13-Aug-19,320,2:21:00 AM,Tuesday,Shepperd,Utilized Off Route,3,6,N/B,1062
13-Aug-19,39,5:00:00 AM,Tuesday,39 Finch Route-All Branch,General Delay,18,36,B/W,3408
13-Aug-19,91,5:00:00 AM,Tuesday,Eglinton / Bermondsey - Sloane,Diversion,1,1,B/W,8560
13-Aug-19,939,5:00:00 AM,Tuesday,939 Finch Express-All Branch,General Delay,12,24,B/W,1343
13-Aug-19,47,5:08:00 AM,Tuesday,Queen at Lansdowne,Vision,8,16,N/B,1016
13-Aug-19,72,5:08:00 AM,Tuesday,Cherry St and Lake Shore Blvd East,Diversion,1,1,SB,8436
13-Aug-19,29,5:15:00 AM,Tuesday,Dufferin at Lawrence,Mechanical,10,20,N/B,9035
13-Aug-19,86,5:27:00 AM,Tuesday,sheppard loop,Mechanical,28,56,S/B,8700
13-Aug-19,22,5:35:00 AM,Tuesday,Coxwell Ave and Gerrard Ave East,Diversion,1,1,NB,8584
13-Aug-19,34,6:00:00 AM,Tuesday,Eglinton Station to Kennedy Station,General Delay,12,18,B/W,
13-Aug-19,121,6:00:00 AM,Tuesday,cherry and  lakeshore,Diversion,8,16,,
13-Aug-19,116,6:09:00 AM,Tuesday,Kennedy STN,Mechanical,7,13,E/B,8744
13-Aug-19,85,6:11:00 AM,Tuesday,Don Mills Station,Mechanical,11,29,E/B,3473
13-Aug-19,131,6:12:00 AM,Tuesday,Sewell and McLevin,Mechanical,9,19,W/B,1394
13-Aug-19,85,6:21:00 AM,Tuesday,Don Mills Station,Utilized Off Route,23,39,E/B,3435
13-Aug-19,985,6:48:00 AM,Tuesday,Sheppard and Morningside,Investigation,8,8,W/B,9089
13-Aug-19,63,6:59:00 AM,Tuesday,Ossington Station,Utilized Off Route,4,11,N/B,8156
13-Aug-19,941,7:00:00 AM,Tuesday,S/B Keele and Denbish Crescent,Investigation,12,24,S/B,1050
13-Aug-19,72,7:03:00 AM,Tuesday,Pape Station,Utilized Off Route,8,17,SB,3100
13-Aug-19,6,7:04:00 AM,Tuesday,Davenport at Dupont,Mechanical,5,10,S/B,1576
13-Aug-19,44,7:05:00 AM,Tuesday,Col Sam Smith Loop,Utilized Off Route,7,13,N/B,8463
13-Aug-19,944,7:10:00 AM,Tuesday,Kipling Station,Mechanical,10,20,S/B,8072
13-Aug-19,706,7:13:00 AM,Tuesday,Warden Station,Utilized Off Route,1,1,EB,8563
13-Aug-19,720,7:13:00 AM,Tuesday,warden station,Utilized Off Route,1,1,S/B,8844
13-Aug-19,54,7:13:00 AM,Tuesday,Lawrence and Birchmount,Utilized Off Route,8,16,S/B,8667
13-Aug-19,600,7:14:00 AM,Tuesday,Rogers at Old Weston,Utilized Off Route,1,1,W/B,1044
13-Aug-19,610,7:15:00 AM,Tuesday,Kennedy STN,Utilized Off Route,1,1,E/B,8866
13-Aug-19,719,7:15:00 AM,Tuesday,Yonge and Eglinton,Utilized Off Route,1,1,W/B,1264
13-Aug-19,601,7:15:00 AM,Tuesday,STC Station,Utilized Off Route,1,1,S/B,3404
13-Aug-19,600,7:15:00 AM,Tuesday,York Mills Station,Utilized Off Route,1,1,E/B,3254
13-Aug-19,704,7:15:00 AM,Tuesday,Sheppard station,Utilized Off Route,0,0,N/B,3199
13-Aug-19,720,7:15:00 AM,Tuesday,Pape Station,Utilized Off Route,1,1,N/B,8875
13-Aug-19,704,7:15:00 AM,Tuesday,Jane staiton,Utilized Off Route,0,0,N/B,3343
13-Aug-19,610,7:15:00 AM,Tuesday,Pape Station,Utilized Off Route,1,1,N/B,8872
13-Aug-19,606,7:15:00 AM,Tuesday,Pape Station,Utilized Off Route,1,1,EB,8599
13-Aug-19,606,7:15:00 AM,Tuesday,Pape Station,Utilized Off Route,1,1,EB,8520
13-Aug-19,716,7:16:00 AM,Tuesday,Victoria Park Station,Utilized Off Route,1,1,EB,3143
13-Aug-19,706,7:16:00 AM,Tuesday,Woodbine Station,Utilized Off Route,1,1,EB,3136
13-Aug-19,601,7:16:00 AM,Tuesday,STC Station,Utilized Off Route,1,1,S/B,3422
13-Aug-19,701,7:17:00 AM,Tuesday,Lawrence Station,Utilized Off Route,1,1,N/B,8322
13-Aug-19,600,7:17:00 AM,Tuesday,Weston and Rogers,Utilized Off Route,1,1,B/W,1094
13-Aug-19,96,7:18:00 AM,Tuesday,York Mills Station,Utilized Off Route,18,38,W/B,3334
13-Aug-19,94,7:18:00 AM,Tuesday,Castle Frank Station,Utilized Off Route,8,16,W/B,1049
13-Aug-19,601,7:19:00 AM,Tuesday,Bathurst Station,Utilized Off Route,1,1,N/B,8134
13-Aug-19,73,7:20:00 AM,Tuesday,Royal York Station,Utilized Off Route,17,34,N/B,8412
13-Aug-19,79,7:20:00 AM,Tuesday,Scarlett & Eglinton,Utilized Off Route,10,20,S/B,1124
13-Aug-19,116,7:20:00 AM,Tuesday,Kennedy STN,Utilized Off Route,7,13,E/B,8808
13-Aug-19,600,7:21:00 AM,Tuesday,Eglinton Station,Utilized Off Route,1,1,N/B,1351
13-Aug-19,60,7:22:00 AM,Tuesday,Pioneer Village Station,Mechanical,4,16,E/B,3323
13-Aug-19,100,7:22:00 AM,Tuesday,Broadview Station,Utilized Off Route,3,7,E/B,8678
13-Aug-19,600,7:22:00 AM,Tuesday,Finch West Station,Utilized Off Route,1,1,W/B,3165
13-Aug-19,60,7:22:00 AM,Tuesday,Milvan,Mechanical,8,17,E/B,3323
13-Aug-19,600,7:23:00 AM,Tuesday,Dufferin & St Clair,Utilized Off Route,1,1,S/B,1590
13-Aug-19,56,7:24:00 AM,Tuesday,Donland Station,Utilized Off Route,19,38,N/B,8372
13-Aug-19,42,7:25:00 AM,Tuesday,Dynamic and McNicol Ave,Utilized Off Route,12,24,W/B,8363
13-Aug-19,102,7:25:00 AM,Tuesday,Warden Station,Utilized Off Route,20,40,EB,3104
13-Aug-19,14,7:26:00 AM,Tuesday,Bayview and Brickwork,Utilized Off Route,18,34,W/B,1020
13-Aug-19,75,7:27:00 AM,Tuesday,BLOOR ST. E. AT SHERBOURNE ST.,Utilized Off Route,7,14,N/B,1390
13-Aug-19,94,7:27:00 AM,Tuesday,Castle Frank Station,Utilized Off Route,8,16,W/B,1417
13-Aug-19,44,7:28:00 AM,Tuesday,Col Sam Smith Loop,Utilized Off Route,7,13,N/B,7964
13-Aug-19,37,7:30:00 AM,Tuesday,Islington Station,Utilized Off Route,24,48,N/B,8402
13-Aug-19,601,7:30:00 AM,Tuesday,Don Mills Station,Utilized Off Route,1,1,S/B,3437
13-Aug-19,36,7:30:00 AM,Tuesday,Finch Station,Utilized Off Route,5,10,W/B,3547
13-Aug-19,131,7:32:00 AM,Tuesday,Kennedy Stn,Utilized Off Route,10,20,N/B,3542
13-Aug-19,95,7:34:00 AM,Tuesday,Ellesmere RT Station,Utilized Off Route,10,20,W/B,1240
13-Aug-19,939,7:35:00 AM,Tuesday,STC Station,Diversion,8,16,S/B,1732
13-Aug-19,38,7:35:00 AM,Tuesday,STC Station,Utilized Off Route,10,20,S/B,3457
13-Aug-19,35,7:43:00 AM,Tuesday,Jane and Finch,Mechanical,3,6,N/B,3302
13-Aug-19,945,7:43:00 AM,Tuesday,Kipling Station,Utilized Off Route,6,13,N/B,7957
13-Aug-19,47,7:49:00 AM,Tuesday,Queen at Lansdowne,Utilized Off Route,12,24,N/B,1348
13-Aug-19,600,7:53:00 AM,Tuesday,Broadview & Danforth,Utilized Off Route,1,1,W/B,1590
13-Aug-19,63,7:53:00 AM,Tuesday,Atlantic / King,Utilized Off Route,3,8,N/B,1276
13-Aug-19,44,7:53:00 AM,Tuesday,Islington and Bloor St W,Utilized Off Route,7,13,N/B,7964
13-Aug-19,600,7:55:00 AM,Tuesday,Bloor and Woodbine,Utilized Off Route,1,1,B/W,1094
13-Aug-19,945,7:55:00 AM,Tuesday,Kipling Station,Utilized Off Route,6,13,N/B,7957
13-Aug-19,63,8:00:00 AM,Tuesday,Atlantic / King,Utilized Off Route,12,24,N/B,1315
13-Aug-19,939,8:10:00 AM,Tuesday,Yonge St to Willowdale,Diversion,735,747,B/W,1366
13-Aug-19,900,8:27:00 AM,Tuesday,Kipling Station,Emergency Services,7,14,N/B,8011
13-Aug-19,72,8:30:00 AM,Tuesday,Pape Route,General Delay,15,34,BW,0
13-Aug-19,123,8:45:00 AM,Tuesday,Evans and Browns Line,Diversion,35,45,B/W,
13-Aug-19,15,8:50:00 AM,Tuesday,Browns Line and Evans,Diversion,30,43,W/B,8600
13-Aug-19,17,9:09:00 AM,Tuesday,Birchmount / Silversprings,Investigation,34,68,N/B,8561
13-Aug-19,33,9:13:00 AM,Tuesday,Spadina and Old Forest Hill Rd and Ava Rd,Diversion,575,605,S/B,
13-Aug-19,72,10:00:00 AM,Tuesday,Pape Route,General Delay,15,34,BW,0
13-Aug-19,52,10:06:00 AM,Tuesday,Lawrence West Station,Investigation,14,28,E/B,1378
13-Aug-19,130,10:08:00 AM,Tuesday,Scareborough Town Center,Mechanical,21,42,SB,1716
13-Aug-19,52,10:19:00 AM,Tuesday,Lawrence West Station,Mechanical,15,30,E/B,8215
13-Aug-19,995,10:19:00 AM,Tuesday,Markham Road and Ellesmere,Mechanical,15,30,W/B,1398
13-Aug-19,21,10:49:00 AM,Tuesday,Heather and Brimley,Investigation,12,24,N/B,1548
13-Aug-19,53,11:10:00 AM,Tuesday,Passmore and Markham,Utilized Off Route,12,18,W/B,3458
13-Aug-19,52,11:13:00 AM,Tuesday,Dufferin and Lawrence,Mechanical,15,30,E/B,8311
13-Aug-19,939,11:18:00 AM,Tuesday,STC Station,Mechanical,9,18,S/B,1566
13-Aug-19,116,11:20:00 AM,Tuesday,Eglinton Ave E at Brimley,Emergency Services,7,13,E/B,8888
13-Aug-19,17,11:55:00 AM,Tuesday,Birchmount / Silversprings,Investigation,13,26,S/B,8955
13-Aug-19,102,12:00:00 PM,Tuesday,Markham Road Route,General Delay,0,0,BW,0
13-Aug-19,129,12:06:00 PM,Tuesday,Major Mackenzie,Mechanical,28,56,S/B,1404
13-Aug-19,60,12:11:00 PM,Tuesday,Finch Station,Mechanical,9,18,W/B,3247
13-Aug-19,95,12:45:00 PM,Tuesday,Bayview and York Mills,Investigation,20,40,E/B,3507
13-Aug-19,42,12:52:00 PM,Tuesday,Cummer and Willowdale ave,Investigation,11,23,E/B,8345
13-Aug-19,52,12:55:00 PM,Tuesday,Jetliner,Investigation,15,30,E/B,8144
13-Aug-19,8,1:02:00 PM,Tuesday,broadview stn,Emergency Services,15,30,,9238
13-Aug-19,87,1:10:00 PM,Tuesday,broadview stn,Utilized Off Route,5,10,,3118
13-Aug-19,53,1:36:00 PM,Tuesday,McCowan and Steeles,Diversion,282,305,E/B,
13-Aug-19,129,1:40:00 PM,Tuesday,McCowan and Steeles,Diversion,277,305,bw,
13-Aug-19,925,1:53:00 PM,Tuesday,Don Mills STN,Investigation,10,20,N/B,8742
13-Aug-19,80,2:00:00 PM,Tuesday,Keele Station to Sherway Gardens,General Delay,15,39,B/W,
13-Aug-19,37,2:00:00 PM,Tuesday,Islington Station to Steeles and Humberwood Loop,General Delay,15,35,B/W,
13-Aug-19,995,2:00:00 PM,Tuesday,York Mills Station -> Scarborough Campus Loop,General Delay,8,16,B/W,1733
13-Aug-19,95,2:00:00 PM,Tuesday,York Mills Station -> Kingston Road Loop,General Delay,10,20,B/W,1680
13-Aug-19,121,2:00:00 PM,Tuesday,front  Eastern,Diversion,14,28,,
13-Aug-19,39,2:08:00 PM,Tuesday,Finch Station,Mechanical,6,11,E/B,3408
13-Aug-19,35,2:13:00 PM,Tuesday,Jane/Woolner,Mechanical,6,12,N/B,3302
13-Aug-19,25,3:00:00 PM,Tuesday,Pape STN to Lawrence/Don Mills,General Delay,15,20,B/W,
13-Aug-19,115,3:00:00 PM,Tuesday,Yorkmills and Bayview,General Delay,10,34,B/W,
13-Aug-19,86,3:00:00 PM,Tuesday,Morningside Ave and Beechgrove Dr,General Delay,15,23,B/W,
13-Aug-19,952,3:00:00 PM,Tuesday,Airport to Lawrence station,General Delay,12,24,B/W,
13-Aug-19,52,3:00:00 PM,Tuesday,Westwood mall to Lawrence station,General Delay,10,20,B/W,
13-Aug-19,925,3:00:00 PM,Tuesday,Pape STN to Lawrence/Don Mills,General Delay,20,28,B/W,
13-Aug-19,85,3:00:00 PM,Tuesday,Sheppard/Yonge STN to Rouge Hill GO STN,General Delay,16,33,B/W,
13-Aug-19,905,3:00:00 PM,Tuesday,Morningside Ave and Kingston Road,General Delay,15,25,B/W,
13-Aug-19,72,3:00:00 PM,Tuesday,PAPE / Pape Station,General Delay,18,36,B/W,
13-Aug-19,102,3:00:00 PM,Tuesday,MARKHAM / Warden Station,General Delay,10,20,B/W,
13-Aug-19,953,3:00:00 PM,Tuesday,McCowan and Steeles,Diversion,178,186,B/W,
13-Aug-19,701,3:01:00 PM,Tuesday,Lawrence and Yonge,Utilized Off Route,1,1,W/B,8332
13-Aug-19,34,3:05:00 PM,Tuesday,Kennedy Station,Mechanical,6,13,W/B,8762
13-Aug-19,71,3:08:00 PM,Tuesday,Gunns Loop,Mechanical,19,38,E/B,1208
13-Aug-19,52,3:10:00 PM,Tuesday,Lawrence and Jane,Mechanical,11,22,W/B,8160
13-Aug-19,996,3:13:00 PM,Tuesday,Wilson Station,Utilized Off Route,11,22,W/B,3567
13-Aug-19,60,3:27:00 PM,Tuesday,Pioneer Village Station,Mechanical,10,20,W/B,3285
13-Aug-19,75,4:00:00 PM,Tuesday,queens quay,General Delay,8,16,B/W,
13-Aug-19,142,4:00:00 PM,Tuesday,Bombay loop to Richmond/Jarvis,General Delay,15,45,B/W,
13-Aug-19,11,4:00:00 PM,Tuesday,entire route,General Delay,15,30,B/W,
13-Aug-19,5,4:07:00 PM,Tuesday,Queens Park Circle.,Mechanical,20,40,N/B,8306
13-Aug-19,905,4:14:00 PM,Tuesday,Ignatius Lane,Mechanical,10,20,B/W,8685
13-Aug-19,924,4:21:00 PM,Tuesday,Steeles Loop,Mechanical,9,18,S/B,8486
13-Aug-19,36,4:22:00 PM,Tuesday,Arrow Rd and Finch Ave,Mechanical,7,14,E/B,9106
13-Aug-19,600,4:28:00 PM,Tuesday,sheppard west station,Utilized Off Route,1,1,W/B,8152
13-Aug-19,945,4:31:00 PM,Tuesday,Kipling station,Utilized Off Route,8,16,N/B,8603
13-Aug-19,35,4:31:00 PM,Tuesday,Jane station,Utilized Off Route,12,24,S/B,3350
13-Aug-19,52,4:31:00 PM,Tuesday,Lawrence and Scarlet,Utilized Off Route,14,28,W/B,8336
13-Aug-19,26,4:33:00 PM,Tuesday,Old Mill stn,Utilized Off Route,17,34,E/B,1124
13-Aug-19,39,4:35:00 PM,Tuesday,Gorden Baker/Victoria Park,Investigation,1,1,W/B,1299
13-Aug-19,989,4:35:00 PM,Tuesday,Keele stn,Utilized Off Route,10,20,N/B,1036
13-Aug-19,37,4:39:00 PM,Tuesday,Islington Station,Utilized Off Route,12,24,N/B,8438
13-Aug-19,63,4:40:00 PM,Tuesday,St.Clair and oakwood,Utilized Off Route,9,18,S/B,8383
13-Aug-19,944,4:40:00 PM,Tuesday,Kipling station,Utilized Off Route,12,24,S/B,8437
13-Aug-19,89,4:40:00 PM,Tuesday,Keele stn,Utilized Off Route,10,20,N/B,1003
13-Aug-19,927,4:40:00 PM,Tuesday,Kipling Station,Utilized Off Route,9,18,E/B,3270
13-Aug-19,46,4:41:00 PM,Tuesday,Kipling Station,Utilized Off Route,12,24,N/B,3230
13-Aug-19,55,4:42:00 PM,Tuesday,Old Dundas and Dundas,Utilized Off Route,15,30,S/B,1575
13-Aug-19,7,4:54:00 PM,Tuesday,bathurst station,Utilized Off Route,8,16,S/B,8360
13-Aug-19,144,5:00:00 PM,Tuesday,Jarvis/Richmond to Victoria Park/Parkwoods Village,General Delay,20,40,B/W,
13-Aug-19,600,5:00:00 PM,Tuesday,Lawrence and Avenue,Utilized Off Route,1,1,W/B,8210
13-Aug-19,130,5:00:00 PM,Tuesday,Scarborough Town Center -> Middlefile and Steeles,General Delay,10,20,B/W,1341
13-Aug-19,600,5:01:00 PM,Tuesday,Hwy 27 and Dixon,Utilized Off Route,1,1,N/B,8419
13-Aug-19,937,5:01:00 PM,Tuesday,Islington Station,Utilized Off Route,12,24,N/B,8612
13-Aug-19,42,5:01:00 PM,Tuesday,Cummer and Yonge,Utilized Off Route,8,16,S/B,8122
13-Aug-19,607,5:02:00 PM,Tuesday,York Mills Station,Utilized Off Route,1,1,W/B,3424
13-Aug-19,939,5:02:00 PM,Tuesday,Finch Station,Utilized Off Route,12,24,E/B,3555
13-Aug-19,600,5:02:00 PM,Tuesday,Steeles/Dufferin,Utilized Off Route,1,1,E/B,3202
13-Aug-19,117,5:04:00 PM,Tuesday,Sheppard West Station,Utilized Off Route,13,26,N/B,1252
13-Aug-19,25,5:04:00 PM,Tuesday,Don Mills  Station,Utilized Off Route,5,10,N/B,8753
13-Aug-19,39,5:04:00 PM,Tuesday,Finch Station,Utilized Off Route,15,29,E/B,3429
13-Aug-19,53,5:04:00 PM,Tuesday,Finch Station,Utilized Off Route,6,11,E/B,1284
13-Aug-19,34,5:05:00 PM,Tuesday,Eglinton Station,Utilized Off Route,7,13,E/B,8863
13-Aug-19,165,5:05:00 PM,Tuesday,Yorkmills Station,Utilized Off Route,8,16,W/B,3177
13-Aug-19,600,5:05:00 PM,Tuesday,Don Mills/Eglinton,Utilized Off Route,1,1,W/B,8859
13-Aug-19,34,5:05:00 PM,Tuesday,Eglinton Station,Utilized Off Route,9,18,E/B,8876
13-Aug-19,719,5:05:00 PM,Tuesday,Avenue and Eglinton,Utilized Off Route,1,1,W/B,1329
13-Aug-19,704,5:05:00 PM,Tuesday,Finch/Dufferin,Utilized Off Route,1,1,E/B,3325
13-Aug-19,600,5:05:00 PM,Tuesday,Yorkmills Station,Utilized Off Route,1,1,W/B,3193
13-Aug-19,709,5:10:00 PM,Tuesday,Pioneer Village stn,Utilized Off Route,1,1,S/B,9056
13-Aug-19,941,5:10:00 PM,Tuesday,Finch West stn,Utilized Off Route,10,20,S/B,1051
13-Aug-19,95,5:11:00 PM,Tuesday,York Mills Station,Utilized Off Route,11,23,E/B,3516
13-Aug-19,29,5:11:00 PM,Tuesday,Wilson and Dufferin,Utilized Off Route,8,15,N/B,9008
13-Aug-19,925,5:11:00 PM,Tuesday,Don Mills Station,Utilized Off Route,8,16,N/B,8898
13-Aug-19,25,5:12:00 PM,Tuesday,Don Mills Station,Utilized Off Route,5,10,S/B,8821
13-Aug-19,984,5:13:00 PM,Tuesday,Sheppard Yonge Station,Mechanical,7,15,W/B,3248
13-Aug-19,54,5:13:00 PM,Tuesday,Eglinton Station,Utilized Off Route,9,18,W/B,8822
13-Aug-19,945,5:30:00 PM,Tuesday,Kipling south of steeles,Mechanical,8,16,S/B,8423
13-Aug-19,937,5:37:00 PM,Tuesday,Islington Station,Mechanical,12,24,N/B,8615
13-Aug-19,29,5:45:00 PM,Tuesday,Wilson Station,Mechanical,8,15,S/B,9016
13-Aug-19,34,5:46:00 PM,Tuesday,Lebovic/Eglinton,Mechanical,7,13,W/B,8656
13-Aug-19,945,5:56:00 PM,Tuesday,Kipling Stn.,Utilized Off Route,8,16,N/B,8603
13-Aug-19,29,6:00:00 PM,Tuesday,Wilson Station,Mechanical,8,15,S/B,9138
13-Aug-19,32,6:04:00 PM,Tuesday,Eglinton Station,Mechanical,11,24,W/B,1090
13-Aug-19,47,6:31:00 PM,Tuesday,Lansdowne and College,Investigation,13,40,N/B,1068
13-Aug-19,80,6:34:00 PM,Tuesday,"On Parkside, at Howard Park",Investigation,30,60,N/B,8056
13-Aug-19,34,6:46:00 PM,Tuesday,Kennedy Stn,Mechanical,7,13,W/B,8762
13-Aug-19,995,6:56:00 PM,Tuesday,Harrison and York Mills Rd,Mechanical,12,24,E/B,3486
13-Aug-19,102,7:07:00 PM,Tuesday,MARKHAM / Warden Station,Investigation,30,60,N/B,8554
13-Aug-19,102,7:10:00 PM,Tuesday,MARKHAM / Warden Station,Utilized Off Route,10,20,N/B,8553
13-Aug-19,7,7:12:00 PM,Tuesday,Bathurst and lawrence,Investigation,7,15,N/B,8310
13-Aug-19,45,7:38:00 PM,Tuesday,Kipling Stn.,Utilized Off Route,9,18,N/B,7967
13-Aug-19,53,7:53:00 PM,Tuesday,Staines and Steeping Stone,Diversion,32,51,E/B,
13-Aug-19,52,8:10:00 PM,Tuesday,Terminal 3,Emergency Services,11,22,E/B,8151
13-Aug-19,46,8:18:00 PM,Tuesday,Steeles Loop,Mechanical,11,22,S/B,3361
13-Aug-19,60,8:30:00 PM,Tuesday,Islington,Diversion,394,403,B/W,
13-Aug-19,91,8:34:00 PM,Tuesday,Woodbine Station,Investigation,24,48,N/B,3152
13-Aug-19,37,8:35:00 PM,Tuesday,"On Islington, at Steeles",Diversion,363,383,B/W,
13-Aug-19,97,8:50:00 PM,Tuesday,Davisville station,Investigation,26,56,N/B,8120
13-Aug-19,45,9:26:00 PM,Tuesday,Kipling Stn.,Utilized Off Route,10,20,N/B,8084
13-Aug-19,54,9:47:00 PM,Tuesday,Eglinton Station,Investigation,10,20,E/B,8938
13-Aug-19,9,10:00:00 PM,Tuesday,McCowan and Oakridge dr,Mechanical,18,36,S/B,8482
13-Aug-19,100,10:09:00 PM,Tuesday,Thorncliffe Park/Overlea,Mechanical,10,20,W/B,8865
13-Aug-19,34,10:15:00 PM,Tuesday,Kennedy Stn,Mechanical,10,20,W/B,8635
13-Aug-19,52,10:18:00 PM,Tuesday,Lawrence and Ledbury,Mechanical,11,22,W/B,8336
13-Aug-19,22,10:20:00 PM,Tuesday,COXWELL / Coxwell Station,Mechanical,10,20,S/B,8584
13-Aug-19,32,10:30:00 PM,Tuesday,E.W Station,Mechanical,21,51,W/B,1536
13-Aug-19,45,10:51:00 PM,Tuesday,Kipling and Steeles,Mechanical,10,20,S/B,8429
13-Aug-19,32,10:51:00 PM,Tuesday,E.W Station,Mechanical,1,1,W/B,1536
13-Aug-19,87,11:04:00 PM,Tuesday,Verginia Ave / Cosburn,Mechanical,10,20,E/B,8475
13-Aug-19,86,11:16:00 PM,Tuesday,Sheppard Ave,Emergency Services,9,18,B/W,8676
13-Aug-19,45,11:17:00 PM,Tuesday,Brookmere and Kipling,Investigation,10,20,N/B,8074
13-Aug-19,41,11:36:00 PM,Tuesday,Keele stn,Mechanical,20,40,N/B,9019
14-Aug-19,40,12:35:00 AM,Wednesday,Annette and Dundas,Investigation,10,20,E/B,8067
14-Aug-19,325,1:59:00 AM,Wednesday,Don Mills Rd and Finch Ave,Diversion,87,117,S/B,8712
14-Aug-19,112,2:00:00 AM,Wednesday,Dundas and the westmall,Mechanical,21,42,S/B,8402
14-Aug-19,39,2:05:00 AM,Wednesday,Don Mills Rd and Finch Ave,Diversion,81,111,W/B,3425
14-Aug-19,300,2:13:00 AM,Wednesday,Kipling Station,Mechanical,20,30,W/B,8440
14-Aug-19,325,3:17:00 AM,Wednesday,DoN Mills and Steeles,Emergency Services,30,60,SB,8723
14-Aug-19,300,3:22:00 AM,Wednesday,Kennedy Station,Emergency Services,1,1,W/B,8425
14-Aug-19,320,4:00:00 AM,Wednesday,Queens Quay and Yonge,Utilized Off Route,15,30,NB,8184
14-Aug-19,57,4:48:00 AM,Wednesday,Midland and Steeles,Mechanical,20,20,S/B,8767
14-Aug-19,60,4:55:00 AM,Wednesday,Steeles and Islington,Diversion,19,19,E/B,3242
14-Aug-19,939,5:00:00 AM,Wednesday,939 Finch Express-All Branch,General Delay,12,24,B/W,1245
14-Aug-19,704,5:00:00 AM,Wednesday,Alexdon,Investigation,1,1,E/B,3311
14-Aug-19,39,5:00:00 AM,Wednesday,39 Finch Route-All Branch,General Delay,18,36,B/W,1341
14-Aug-19,72,5:08:00 AM,Wednesday,Cherry St and Lake Shore Blvd East,Diversion,1,1,SB,8547
14-Aug-19,129,5:09:00 AM,Wednesday,McCowan and Sheppard,Vision,13,13,N/B,1663
14-Aug-19,22,5:35:00 AM,Wednesday,Coxwell Ave and Gerrard Ave East,Diversion,1,1,NB,8587
14-Aug-19,121,6:00:00 AM,Wednesday,cherry and lake shore,Diversion,13,26,,
14-Aug-19,131,6:00:00 AM,Wednesday,Morningside and Morningview Trail,Vision,7,7,W/B,1504
14-Aug-19,91,6:00:00 AM,Wednesday,Bermondsay and Eglinton,Diversion,999,999,B/W,
14-Aug-19,86,6:18:00 AM,Wednesday,Kingston Rd and Galloway,Mechanical,18,36,W/B,8792
14-Aug-19,929,6:52:00 AM,Wednesday,Wilson Station,Vision,9,18,S/B,9024
14-Aug-19,716,6:59:00 AM,Wednesday,victoria park station,Investigation,1,1,,8516
14-Aug-19,24,6:59:00 AM,Wednesday,victoria park stn,Investigation,10,20,,3157
14-Aug-19,80,7:00:00 AM,Wednesday,Sherway Gardens,Mechanical,30,60,EB,8017
14-Aug-19,939,7:00:00 AM,Wednesday,Yonge St and Finch Ave,Diversion,,,W/B,1292
14-Aug-19,49,7:00:00 AM,Wednesday,ENTIRE ROUTE,General Delay,9,30,B/W,
14-Aug-19,72,7:01:00 AM,Wednesday,Front and Bay,Mechanical,19,38,EB,3144
14-Aug-19,79,7:03:00 AM,Wednesday,Lawrence & Weston,Investigation,10,20,N/B,1054
14-Aug-19,97,7:30:00 AM,Wednesday,Lawrence and Yonge,Mechanical,30,60,S/B,1214
14-Aug-19,900,7:30:00 AM,Wednesday,ENTIRE ROUTE,General Delay,7,30,B/W,
14-Aug-19,111,7:30:00 AM,Wednesday,ENTIRE ROUTE,General Delay,11,35,B/W,
14-Aug-19,123,7:30:00 AM,Wednesday,ENTIRE ROUTE,General Delay,20,45,B/W,
14-Aug-19,112,7:30:00 AM,Wednesday,ENTIRE ROUTE,General Delay,16,45,B/W,
14-Aug-19,937,7:39:00 AM,Wednesday,Islington and Elmhurst,Investigation,12,24,SB,8044
14-Aug-19,73,7:44:00 AM,Wednesday,Royal York Station,Mechanical,17,34,NB,8044
14-Aug-19,72,8:00:00 AM,Wednesday,Pape Route,General Delay,15,34,BW,0
14-Aug-19,985,8:04:00 AM,Wednesday,Meadowvale Loop,Mechanical,12,24,W/B,9000
14-Aug-19,38,8:05:00 AM,Wednesday,Scarborough Town Centre,Mechanical,12,25,E/B,1547
14-Aug-19,47,8:06:00 AM,Wednesday,Lansdowne at Wallace,Investigation,12,24,S/B,1128
14-Aug-19,94,8:13:00 AM,Wednesday,Wellesley at Ontario st,Mechanical,15,30,E/B,1113
14-Aug-19,54,8:25:00 AM,Wednesday,Birchmount and Lawrence,Investigation,9,18,E/B,8817
14-Aug-19,41,8:39:00 AM,Wednesday,Keele Station,Mechanical,9,18,N/B,9048
14-Aug-19,134,8:49:00 AM,Wednesday,Washburn way and Tapscott,Diversion,191,211,N/B,1402
14-Aug-19,165,9:18:00 AM,Wednesday,Weston Road and Ormont,Investigation,6,12,W/B,3569
14-Aug-19,939,9:23:00 AM,Wednesday,STC Station,Mechanical,9,18,E/B,3420
14-Aug-19,34,9:30:00 AM,Wednesday,Eglinton Station to Kennedy Station,General Delay,13,22,B/W,
14-Aug-19,704,9:39:00 AM,Wednesday,Finch west station,Utilized Off Route,1,1,W/B,3168
14-Aug-19,606,9:40:00 AM,Wednesday,Main Station,Utilized Off Route,1,1,B/W,3104
14-Aug-19,945,9:41:00 AM,Wednesday,KIPLING STN,Utilized Off Route,1,1,S/B,8611
14-Aug-19,601,9:42:00 AM,Wednesday,Scarborough Town Centre,Utilized Off Route,1,1,N/B,1726
14-Aug-19,601,9:42:00 AM,Wednesday,Scarbourough Town Centre,Utilized Off Route,1,1,N/B,3431
14-Aug-19,601,9:42:00 AM,Wednesday,Scarborough Town Centre,Utilized Off Route,1,1,N/B,1337
14-Aug-19,606,9:43:00 AM,Wednesday,pape Station,Utilized Off Route,1,1,B/W,3108
14-Aug-19,122,9:46:00 AM,Wednesday,york mills station,Investigation,17,27,E/B,8215
14-Aug-19,701,9:46:00 AM,Wednesday,Eglinton station,Utilized Off Route,0,0,S/B,8112
14-Aug-19,706,9:46:00 AM,Wednesday,Victoria Park Station,Utilized Off Route,1,1,B/W,3137
14-Aug-19,115,9:46:00 AM,Wednesday,York mills station,Investigation,20,40,E/B,8317
14-Aug-19,600,9:46:00 AM,Wednesday,Eglinton station,Utilized Off Route,0,0,S/B,1211
14-Aug-19,600,9:48:00 AM,Wednesday,Sheppard station,Utilized Off Route,0,0,S/B,8379
14-Aug-19,719,9:48:00 AM,Wednesday,Eglinton Station,Utilized Off Route,1,1,B/W,1423
14-Aug-19,600,9:48:00 AM,Wednesday,Springhurst Loop,Utilized Off Route,1,1,N/B,9021
14-Aug-19,600,9:48:00 AM,Wednesday,Queens and Lansdowne,Utilized Off Route,1,1,N/B,1062
14-Aug-19,720,9:48:00 AM,Wednesday,ESTN,Utilized Off Route,1,1,W/B,8827
14-Aug-19,709,9:48:00 AM,Wednesday,Keele Station,Utilized Off Route,1,1,B/W,1020
14-Aug-19,29,9:48:00 AM,Wednesday,Dufferin & Lawrence,Utilized Off Route,8,15,N/B,9032
14-Aug-19,600,9:49:00 AM,Wednesday,Wilson station,Utilized Off Route,1,1,E/B,3189
14-Aug-19,706,9:49:00 AM,Wednesday,Warden Station,Utilized Off Route,1,1,B/W,8564
14-Aug-19,720,9:49:00 AM,Wednesday,Coxwell Station,Utilized Off Route,1,1,N/B,8858
14-Aug-19,35,9:49:00 AM,Wednesday,Jane Station,Utilized Off Route,7,11,sb,3303
14-Aug-19,95,9:50:00 AM,Wednesday,York Mills Station,Utilized Off Route,20,40,EB,1397
14-Aug-19,716,9:50:00 AM,Wednesday,Victoria park station,Utilized Off Route,1,1,B/W,9209
14-Aug-19,600,9:50:00 AM,Wednesday,SHERWAY GARDENS,Utilized Off Route,1,1,N/B,8071
14-Aug-19,34,9:51:00 AM,Wednesday,ESTn,Utilized Off Route,8,16,B/W,8882
14-Aug-19,94,9:52:00 AM,Wednesday,Castle Frank Station,Utilized Off Route,23,46,W/B,1113
14-Aug-19,995,9:52:00 AM,Wednesday,York Mills Station,Utilized Off Route,15,30,W/B,3456
14-Aug-19,87,9:52:00 AM,Wednesday,Broadview station,Utilized Off Route,10,20,S/B,3145
14-Aug-19,36,9:53:00 AM,Wednesday,Finch Station,Utilized Off Route,6,12,W/B,3271
14-Aug-19,702,9:54:00 AM,Wednesday,KIPLING STN,Utilized Off Route,1,1,N/B,8606
14-Aug-19,925,9:55:00 AM,Wednesday,Pape Station,Utilized Off Route,10,20,N/B,8796
14-Aug-19,96,9:55:00 AM,Wednesday,Yorkmills station,Utilized Off Route,10,20,W/B,3198
14-Aug-19,600,9:56:00 AM,Wednesday,Keele at Finch,Utilized Off Route,1,1,N/B,1006
14-Aug-19,11,9:56:00 AM,Wednesday,Davis Ville station,Utilized Off Route,13,26,S/B,1371
14-Aug-19,54,9:56:00 AM,Wednesday,ESTN,Utilized Off Route,10,20,W/B,8881
14-Aug-19,60,9:56:00 AM,Wednesday,Finch Station,Utilized Off Route,9,18,W/B,3220
14-Aug-19,36,9:57:00 AM,Wednesday,Finch West Station,Utilized Off Route,5,10,W/B,9135
14-Aug-19,600,9:57:00 AM,Wednesday,ROYAL YORK STN,Utilized Off Route,1,1,N/B,8069
14-Aug-19,65,9:58:00 AM,Wednesday,Castlefrank station,Utilized Off Route,13,26,S/B,8545
14-Aug-19,704,9:58:00 AM,Wednesday,Jane and Wilson,Utilized Off Route,1,1,sb,3321
14-Aug-19,710,10:00:00 AM,Wednesday,Eglinton and Lebovic,Utilized Off Route,1,1,E/B,8641
14-Aug-19,92,10:00:00 AM,Wednesday,Woodbine Station to Ashbridge Bay,General Delay,10,15,B/W,
14-Aug-19,131,10:00:00 AM,Wednesday,Scarborough Town Centre,Utilized Off Route,1,1,E/B,3526
14-Aug-19,25,10:00:00 AM,Wednesday,Pape Station,Utilized Off Route,8,16,N/B,8887
14-Aug-19,72,10:00:00 AM,Wednesday,Front and Bay,Utilized Off Route,18,36,N/B,3133
14-Aug-19,63,10:01:00 AM,Wednesday,Ossington Stn,Utilized Off Route,10,20,,8146
14-Aug-19,996,10:02:00 AM,Wednesday,Yorkmills station,Utilized Off Route,11,22,W/B,3334
14-Aug-19,935,10:02:00 AM,Wednesday,Jane Station,Utilized Off Route,11,22,N/B,3175
14-Aug-19,610,10:04:00 AM,Wednesday,Pape/O'Connor,Utilized Off Route,1,1,S/B,8661
14-Aug-19,63,10:04:00 AM,Wednesday,Ossington Stn,Utilized Off Route,10,20,,8111
14-Aug-19,600,10:04:00 AM,Wednesday,WSTN,Utilized Off Route,1,1,W/B,8841
14-Aug-19,89,10:04:00 AM,Wednesday,Keele Station,Utilized Off Route,10,20,N/B,1633
14-Aug-19,34,10:05:00 AM,Wednesday,ESTN,Utilized Off Route,8,16,B/W,8844
14-Aug-19,600,10:05:00 AM,Wednesday,KENN,Utilized Off Route,1,1,W/B,8936
14-Aug-19,52,10:05:00 AM,Wednesday,Lawrance west station,Utilized Off Route,15,30,W/B,8192
14-Aug-19,29,10:05:00 AM,Wednesday,Dufferin & Queen,Utilized Off Route,7,15,S/B,9151
14-Aug-19,75,10:05:00 AM,Wednesday,Jarvis and Queens Quay,Utilized Off Route,7,13,N/B,8378
14-Aug-19,100,10:06:00 AM,Wednesday,BSTN,Utilized Off Route,6,12,B/W,8800
14-Aug-19,6,10:07:00 AM,Wednesday,Bay at College,Utilized Off Route,8,16,N/B,1560
14-Aug-19,606,10:07:00 AM,Wednesday,Birchmount Garage,Utilized Off Route,1,1,B/W,9211
14-Aug-19,95,10:10:00 AM,Wednesday,York Mills Station,Utilized Off Route,20,40,E/B,3448
14-Aug-19,6,10:10:00 AM,Wednesday,Queens Quay at Sherbourn,Utilized Off Route,12,24,N/B,1502
14-Aug-19,60,10:11:00 AM,Wednesday,Finch Station,Utilized Off Route,8,16,W/B,3273
14-Aug-19,121,10:12:00 AM,Wednesday,Front and Bay,Utilized Off Route,20,40,E/B,9235
14-Aug-19,32,10:12:00 AM,Wednesday,Eglinton Station,Utilized Off Route,5,11,W/B,1412
14-Aug-19,54,10:13:00 AM,Wednesday,ESTN,Utilized Off Route,10,20,W/B,8753
14-Aug-19,32,10:15:00 AM,Wednesday,Eglinton Station,Utilized Off Route,5,13,W/B,1041
14-Aug-19,34,10:15:00 AM,Wednesday,ESTN,Utilized Off Route,8,16,B/W,8846
14-Aug-19,73,10:16:00 AM,Wednesday,ROYAL YORK STN,Utilized Off Route,17,36,N/B,8013
14-Aug-19,7,10:16:00 AM,Wednesday,Bathurst station,Utilized Off Route,4,8,N/B,1365
14-Aug-19,7,10:16:00 AM,Wednesday,Bathirst station,Utilized Off Route,8,16,S/B,1365
14-Aug-19,53,10:18:00 AM,Wednesday,Finch Stn,Utilized Off Route,6,12,E/B,3424
14-Aug-19,984,10:18:00 AM,Wednesday,Sheppard Station,Utilized Off Route,9,18,W/B,3177
14-Aug-19,600,10:20:00 AM,Wednesday,Lawrance west station,Utilized Off Route,0,0,S/B,8376
14-Aug-19,37,10:21:00 AM,Wednesday,ISLINGTON AND DUNDAS,Utilized Off Route,20,40,N/B,8462
14-Aug-19,129,10:22:00 AM,Wednesday,Scarborough Town Centre,Utilized Off Route,7,21,N/B,1284
14-Aug-19,91,10:22:00 AM,Wednesday,Woodbine Station,Utilized Off Route,26,53,N/B,9202
14-Aug-19,14,10:26:00 AM,Wednesday,Chaplin at Duplex,Mechanical,1,1,W/B,1532
14-Aug-19,133,10:29:00 AM,Wednesday,Scarbough Town Centre,Utilized Off Route,11,22,E/B,3432
14-Aug-19,707,10:30:00 AM,Wednesday,Victoria Pk and Finch,Utilized Off Route,1,1,E/B,3483
14-Aug-19,97,10:30:00 AM,Wednesday,Queens Quay and Yonge,Utilized Off Route,1,1,N/B,1307
14-Aug-19,87,10:30:00 AM,Wednesday,Main station,Mechanical,10,20,,8544
14-Aug-19,63,10:32:00 AM,Wednesday,Atlantic and King,Utilized Off Route,10,20,,1374
14-Aug-19,939,10:33:00 AM,Wednesday,Finch Station,Utilized Off Route,9,18,E/B,1339
14-Aug-19,22,10:35:00 AM,Wednesday,Coxwell Station,Utilized Off Route,8,16,S/B,3101
14-Aug-19,944,10:39:00 AM,Wednesday,KIPLING STN,Utilized Off Route,11,22,S/B,7970
14-Aug-19,40,10:40:00 AM,Wednesday,RUNNYMEDE LOOP,Utilized Off Route,12,24,E/B,8035
14-Aug-19,996,10:40:00 AM,Wednesday,Yorkmills station,Utilized Off Route,11,22,W/B,3320
14-Aug-19,53,10:41:00 AM,Wednesday,Finch Stn,Utilized Off Route,6,12,E/B,1652
14-Aug-19,929,10:44:00 AM,Wednesday,Dufferin & Livingston,Investigation,10,20,N/B,9056
14-Aug-19,75,10:46:00 AM,Wednesday,Sherbourne and Bloor,Utilized Off Route,7,14,,1389
14-Aug-19,711,10:48:00 AM,Wednesday,Wilson station,Utilized Off Route,0,0,S/B,8184
14-Aug-19,711,10:48:00 AM,Wednesday,Wilson stattion,Utilized Off Route,0,0,S/B,8184
14-Aug-19,925,11:00:00 AM,Wednesday,Don Mills/Eglinton,General Delay,20,30,W/B,1
14-Aug-19,25,11:00:00 AM,Wednesday,Don Mills/Eglinton,General Delay,20,28,W/B,1
14-Aug-19,89,11:00:00 AM,Wednesday,Weston Road/Weston Road Express,General Delay,20,29,B/W,
14-Aug-19,35,11:00:00 AM,Wednesday,Entire Route,General Delay,20,1,B/W,
14-Aug-19,85,11:00:00 AM,Wednesday,Don Mills Station to Sheppard/Yonge Station,General Delay,22,44,B/W,
14-Aug-19,41,11:00:00 AM,Wednesday,Keele Route/Keele Express Route,General Delay,20,30,B/W,
14-Aug-19,56,11:10:00 AM,Wednesday,Eglinton and Henna rd,Mechanical,24,48,E/B,1288
14-Aug-19,89,11:12:00 AM,Wednesday,Weston at Albion,Mechanical,10,20,S/B,1077
14-Aug-19,169,11:19:00 AM,Wednesday,Donmills stn,Mechanical,30,60,E/B,8351
14-Aug-19,86,11:51:00 AM,Wednesday,Metro Toronto Zoo,Mechanical,10,20,W/B,8853
14-Aug-19,29,11:55:00 AM,Wednesday,Tycos & Dufferin,Diversion,65,73,BW,9039
14-Aug-19,929,11:55:00 AM,Wednesday,Tycos & Dufferin,Diversion,65,75,B/W,9002
14-Aug-19,23,12:00:00 PM,Wednesday,Dawes Route,General Delay,10,20,BW,0
14-Aug-19,100,12:09:00 PM,Wednesday,Broadview Station,Mechanical,6,12,B/W,8855
14-Aug-19,77,12:20:00 PM,Wednesday,S/B Runnymede and MorningSide,Mechanical,13,26,S/B,1124
14-Aug-19,985,12:42:00 PM,Wednesday,Don Mills Station,Mechanical,6,12,E/B,9069
14-Aug-19,939,1:15:00 PM,Wednesday,Kennedy and Finch,Mechanical,9,18,W/B,1714
14-Aug-19,79,1:24:00 PM,Wednesday,Runnymede & Bloor,Investigation,24,48,N/B,1136
14-Aug-19,21,1:47:00 PM,Wednesday,Kennedy Station,Mechanical,25,30,B/W,1679
14-Aug-19,36,1:57:00 PM,Wednesday,Finch at Kipling,Mechanical,5,10,E/B,9106
14-Aug-19,16,2:00:00 PM,Wednesday,Scarborough Town Centre to Warden Station,General Delay,15,20,B/W,
14-Aug-19,121,2:00:00 PM,Wednesday,Front Street between Spadina and Yonge,General Delay,20,40,B/W,8548
14-Aug-19,98,2:20:00 PM,Wednesday,Sheppard Yonge station,Mechanical,23,53,W/B,8369
14-Aug-19,75,2:30:00 PM,Wednesday,Lower Jarvis and Queens quay,General Delay,13,20,B/W,
14-Aug-19,54,2:48:00 PM,Wednesday,Leslie and Eginton,Mechanical,6,13,E/B,8834
14-Aug-19,84,2:50:00 PM,Wednesday,Sheppard and Rivalida,Mechanical,8,16,E/B,3502
14-Aug-19,37,2:50:00 PM,Wednesday,Queensway Garage,Investigation,12,24,N/B,8099
14-Aug-19,66,2:55:00 PM,Wednesday,Queensway Division,Investigation,9,25,S/B,8029
14-Aug-19,97,2:59:00 PM,Wednesday,Finch and Yonge,Investigation,30,60,S/B,8138
14-Aug-19,32,3:10:00 PM,Wednesday,Jane and Eglinton,Mechanical,10,20,E/B,1012
14-Aug-19,986,3:30:00 PM,Wednesday,Kennedy Station,Mechanical,1,1,E/B,8798
14-Aug-19,937,3:31:00 PM,Wednesday,Islington Station,Mechanical,12,24,N/B,8612
14-Aug-19,32,3:45:00 PM,Wednesday,Keele and Eglinton,Utilized Off Route,10,20,E/B,1047
14-Aug-19,600,3:47:00 PM,Wednesday,St Clair stn,Utilized Off Route,1,1,N/B,1278
14-Aug-19,90,3:48:00 PM,Wednesday,St Clair W stn,Utilized Off Route,6,12,N/B,8142
14-Aug-19,95,3:50:00 PM,Wednesday,Ellesmere and Midland,Mechanical,8,19,E/B,1654
14-Aug-19,47,3:55:00 PM,Wednesday,Earlscourt Loop,Utilized Off Route,7,14,S/B,1129
14-Aug-19,112,3:56:00 PM,Wednesday,Dundas and shorncliffe,Mechanical,18,36,N/B,8098
14-Aug-19,41,4:00:00 PM,Wednesday,Entire Route,General Delay,25,37,B/W,
14-Aug-19,85,4:00:00 PM,Wednesday,Don Mills STN to Rouge Hill GO,General Delay,16,32,E/B,
14-Aug-19,89,4:00:00 PM,Wednesday,Entire Route,General Delay,25,35,B/W,
14-Aug-19,168,4:10:00 PM,Wednesday,Dundas West Station,Mechanical,9,17,N/B,1002
14-Aug-19,939,4:17:00 PM,Wednesday,McCowan Rd and Finch Ave,Mechanical,12,24,W/B,3420
14-Aug-19,129,4:27:00 PM,Wednesday,Scarborough Town Center,Mechanical,10,15,N/B,1398
14-Aug-19,131,4:30:00 PM,Wednesday,Brimley and Ellesmere,Mechanical,10,20,S/B,3486
14-Aug-19,985,4:37:00 PM,Wednesday,Don mills station,Mechanical,7,17,E/B,9068
14-Aug-19,41,4:50:00 PM,Wednesday,Pioneer Village stn,Utilized Off Route,1,1,S/B,9037
14-Aug-19,35,5:00:00 PM,Wednesday,Jane and Eglinton,General Delay,30,42,B/W,
14-Aug-19,905,5:00:00 PM,Wednesday,Morningside Ave and Kingston Road,General Delay,15,20,E/B,
14-Aug-19,86,5:00:00 PM,Wednesday,Morningside Ave and Kingston Road,General Delay,15,25,E/B,
14-Aug-19,952,5:20:00 PM,Wednesday,Lawrence W and Duckworth,Mechanical,12,24,E/B,1213
14-Aug-19,25,5:20:00 PM,Wednesday,Steels & Don Mills,Investigation,4,8,N/B,8708
14-Aug-19,89,5:43:00 PM,Wednesday,Keele / West Tornto,Investigation,10,20,S/B,1100
14-Aug-19,985,6:00:00 PM,Wednesday,Scarborough Town Center,General Delay,12,24,BW,9076
14-Aug-19,54,6:01:00 PM,Wednesday,Eglinton and Yonge,Investigation,9,18,E/B,8662
14-Aug-19,119,6:01:00 PM,Wednesday,Wilson Station,Investigation,25,50,W/B,3353
14-Aug-19,11,6:10:00 PM,Wednesday,Sunnybrooke hospital,Mechanical,8,16,N/B,1376
14-Aug-19,8,6:22:00 PM,Wednesday,Pape and O Connor,Investigation,30,30,B/W,8489
14-Aug-19,32,6:24:00 PM,Wednesday,Eglinton Station,Mechanical,10,20,W/B,1018
14-Aug-19,134,6:33:00 PM,Wednesday,Scarborough Town Center,General Delay,18,36,EB,3419
14-Aug-19,34,7:20:00 PM,Wednesday,Grenoble/Spanbridge,Mechanical,10,20,W/B,8784
14-Aug-19,600,7:20:00 PM,Wednesday,Lawrence west station,Utilized Off Route,1,1,W,1278
14-Aug-19,927,7:23:00 PM,Wednesday,Kipling station,Utilized Off Route,1,1,S/B,3234
14-Aug-19,937,7:27:00 PM,Wednesday,Islington Station,Utilized Off Route,12,24,N/B,8412
14-Aug-19,89,7:27:00 PM,Wednesday,Keele Station,Utilized Off Route,9,18,N/B,1105
14-Aug-19,168,7:32:00 PM,Wednesday,Avon Loop,Utilized Off Route,11,22,S/B,1103
14-Aug-19,945,7:35:00 PM,Wednesday,Kipling Station,Utilized Off Route,8,17,N/B,8075
14-Aug-19,160,8:10:00 PM,Wednesday,Bathrust and Clark,Diversion,50,74,S/B,8178
14-Aug-19,81,8:22:00 PM,Wednesday,Pape & Cosburn,Investigation,12,23,N/B,3140
14-Aug-19,100,8:33:00 PM,Wednesday,St. Dennis/Deauville,Diversion,62,72,W/B,8826
14-Aug-19,29,8:34:00 PM,Wednesday,Dufferin and Bloor,Mechanical,10,20,N/B,9104
14-Aug-19,89,8:45:00 PM,Wednesday,Weston  / Ray,Utilized Off Route,1,1,S/B,1100
14-Aug-19,929,8:50:00 PM,Wednesday,Dufferin and Glencairn,Utilized Off Route,10,20,N/B,1085
14-Aug-19,34,9:00:00 PM,Wednesday,St. Dennis/Deauville,Diversion,35,45,W/B,8809
14-Aug-19,100,9:38:00 PM,Wednesday,St. Dennis /Deauville,Investigation,10,20,W/B,8826
14-Aug-19,36,10:06:00 PM,Wednesday,Finch at Talbot,Mechanical,10,20,W/B,3310
14-Aug-19,45,10:09:00 PM,Wednesday,Kipling station,Utilized Off Route,10,20,N/B,8067
14-Aug-19,53,10:32:00 PM,Wednesday,Passmore and Markham road,Mechanical,18,36,WB,1341
14-Aug-19,121,10:44:00 PM,Wednesday,Cherry Beach,Mechanical,22,45,W/B,8548
14-Aug-19,133,10:51:00 PM,Wednesday,Morningside and Finch,Investigation,13,26,W/B,3437
14-Aug-19,37,11:12:00 PM,Wednesday,Islington Station,Investigation,26,52,S/B,8464
14-Aug-19,22,11:20:00 PM,Wednesday,Coxwell Station,Utilized Off Route,10,20,S/B,9209
14-Aug-19,100,11:26:00 PM,Wednesday,Broadview Stn,Utilized Off Route,10,20,N/B,8828
14-Aug-19,87,11:30:00 PM,Wednesday,Broadview Station,Utilized Off Route,10,20,E/B,9216
14-Aug-19,73,11:35:00 PM,Wednesday,Royal York Station,Investigation,20,40,N/B,8407
14-Aug-19,25,11:40:00 PM,Wednesday,Pape Station,Utilized Off Route,9,18,N/B,8909
15-Aug-19,52,12:32:00 AM,Thursday,Dixon rd/Martin Grove,Investigation,18,36,E/B,8395
15-Aug-19,84,1:39:00 AM,Thursday,Bangor,Mechanical,14,28,E/B,3194
15-Aug-19,939,1:41:00 AM,Thursday,Finch and Midland,Emergency Services,7,14,NB,3500
15-Aug-19,34,1:59:00 AM,Thursday,Kennedy Stn,Mechanical,1,1,W/B,8715
15-Aug-19,307,2:06:00 AM,Thursday,Harbord,Diversion,76,106,B/W,
15-Aug-19,341,3:17:00 AM,Thursday,Pioneer Village Stn,Investigation,27,54,S/B,9038
15-Aug-19,320,3:46:00 AM,Thursday,Queensquay and yonge,Utilized Off Route,4,8,N/B,1096
15-Aug-19,600,4:30:00 AM,Thursday,Mt. Dennis,Utilized Off Route,1,1,W/B,1091
15-Aug-19,600,4:30:00 AM,Thursday,Mt. Dennis Garage,Utilized Off Route,1,1,W/B,1097
15-Aug-19,704,4:32:00 AM,Thursday,Arrow Garage,Utilized Off Route,1,1,E/B,3224
15-Aug-19,701,4:34:00 AM,Thursday,Wilson Garage,Utilized Off Route,1,1,S/B,8154
15-Aug-19,39,5:00:00 AM,Thursday,39 Finch Route-All Branch,General Delay,18,36,B/W,3515
15-Aug-19,939,5:00:00 AM,Thursday,939 Finch Express-All Branch,General Delay,12,24,B/W,1209
15-Aug-19,76,5:02:00 AM,Thursday,Evans and Royal York,Mechanical,20,20,SB,8049
15-Aug-19,72,5:08:00 AM,Thursday,Cherry St and LakeShore Blvd East,Diversion,1,1,SB,
15-Aug-19,22,5:35:00 AM,Thursday,Coxwell Ave and Gerrard Ave East,Diversion,1,1,NB,9215
15-Aug-19,52,5:44:00 AM,Thursday,Lawrence Station,Mechanical,29,36,W/B,1250
15-Aug-19,77,5:50:00 AM,Thursday,Runnymede station,Mechanical,16,29,N/B,1273
15-Aug-19,91,6:00:00 AM,Thursday,Bermondsay,Diversion,999,999,B/W,
15-Aug-19,68,6:06:00 AM,Thursday,Warden Station,Vision,20,27,N/B,8738
15-Aug-19,16,6:11:00 AM,Thursday,Warden station,Mechanical,9,18,N/B,8513
15-Aug-19,600,6:14:00 AM,Thursday,Sheppard west station,Utilized Off Route,1,1,S/B,8311
15-Aug-19,600,6:15:00 AM,Thursday,Arrow Garage,Utilized Off Route,1,1,E/B,3218
15-Aug-19,610,6:18:00 AM,Thursday,Pape STN,Utilized Off Route,1,1,N/B,8864
15-Aug-19,600,6:30:00 AM,Thursday,HIGH PARK STN,Utilized Off Route,1,1,S/B,8462
15-Aug-19,102,6:32:00 AM,Thursday,Warden station,Mechanical,6,12,N/B,8513
15-Aug-19,937,6:33:00 AM,Thursday,Islington and Eglinton,Mechanical,12,24,NB,7979
15-Aug-19,35,6:33:00 AM,Thursday,N/B Ormont and Signet,Mechanical,6,9,S/B,3506
15-Aug-19,108,6:39:00 AM,Thursday,Sheppard West Station,Mechanical,12,24,W/B,3704
15-Aug-19,929,6:43:00 AM,Thursday,Wilson Station Upper,Mechanical,8,17,S/B,9049
15-Aug-19,900,6:43:00 AM,Thursday,KIPLING STN,Mechanical,7,14,N/B,8007
15-Aug-19,32,6:45:00 AM,Thursday,Keele and Eglinton,Mechanical,11,23,W/B,1423
15-Aug-19,953,6:46:00 AM,Thursday,Passmore and Markham,Mechanical,15,30,W/B,9058
15-Aug-19,953,6:54:00 AM,Thursday,Finch Stn,Mechanical,15,30,E/B,9072
15-Aug-19,4,6:54:00 AM,Thursday,Pioneer Village Station,Mechanical,9,18,S/B,9019
15-Aug-19,12,6:57:00 AM,Thursday,Vicotoria Park station,Investigation,18,36,W/B,3110
15-Aug-19,69,6:58:00 AM,Thursday,Warden station,Mechanical,12,25,W/B,9233
15-Aug-19,939,7:00:00 AM,Thursday,B/W on Finch-Willowdale to Yonge St,Diversion,1,1,B/W,1602
15-Aug-19,123,7:00:00 AM,Thursday,ENTIRE ROUTE,General Delay,20,45,B/W,
15-Aug-19,924,7:00:00 AM,Thursday,Victoria Park station,Investigation,10,19,W/B,8943
15-Aug-19,95,7:38:00 AM,Thursday,Victoria Park and Ellesmere,Investigation,10,20,W/B,3518
15-Aug-19,94,7:40:00 AM,Thursday,Bathurst and Harbour,Diversion,5,10,B/W,1105
15-Aug-19,131,7:41:00 AM,Thursday,Nugget and Shorting,Mechanical,10,20,E/B,1566
15-Aug-19,96,7:48:00 AM,Thursday,Wilson Station,Investigation,1,1,W/B,3360
15-Aug-19,45,8:00:00 AM,Thursday,ENTIRE ROUTE,General Delay,10,30,B/W,
15-Aug-19,44,8:00:00 AM,Thursday,ENTIRE ROUTE,General Delay,7,35,B/W,
15-Aug-19,111,8:00:00 AM,Thursday,ENTIRE ROUTE,General Delay,11,30,B/W,
15-Aug-19,94,8:00:00 AM,Thursday,Welsely stn,General Delay,15,30,B/W,1345
15-Aug-19,944,8:00:00 AM,Thursday,ENTIRE ROUTE,General Delay,10,35,B/W,
15-Aug-19,105,8:25:00 AM,Thursday,Sheppard West Station,Mechanical,9,18,N/B,8386
15-Aug-19,53,8:30:00 AM,Thursday,Between Warden and Steeles,General Delay,15,25,B/W,
15-Aug-19,939,8:34:00 AM,Thursday,Brimley and Finch,Mechanical,8,16,W/B,1284
15-Aug-19,110,8:43:00 AM,Thursday,Longbranch Loop,Mechanical,20,40,NB,8605
15-Aug-19,79,8:45:00 AM,Thursday,Lawrence & Weston,Investigation,10,20,N/B,1416
15-Aug-19,72,8:50:00 AM,Thursday,Carlaw and LakeShore,General Delay,9,18,NB,3112
15-Aug-19,63,8:55:00 AM,Thursday,ATLANTIC AVE & KING ST W,Utilized Off Route,9,20,N/B,8305
15-Aug-19,600,8:57:00 AM,Thursday,Welsely and Hoskin,Utilized Off Route,1,1,W/B,1091
15-Aug-19,22,8:58:00 AM,Thursday,Queen and Coxwell,Utilized Off Route,7,14,N/B,9215
15-Aug-19,63,9:00:00 AM,Thursday,ATLANTIC AVE & KING ST W,Utilized Off Route,10,16,N/B,8216
15-Aug-19,72,9:00:00 AM,Thursday,Carlaw and LakeShore,Diversion,109,128,NB,3152
15-Aug-19,600,9:00:00 AM,Thursday,Ossington Station,Utilized Off Route,1,1,W/B,1140
15-Aug-19,20,9:14:00 AM,Thursday,Kennedy station,Investigation,11,21,W/B,3133
15-Aug-19,63,9:17:00 AM,Thursday,Oakwood / Vaughan,Mechanical,4,8,N/B,8314
15-Aug-19,40,9:20:00 AM,Thursday,Dundas West Station,Utilized Off Route,10,22,WB,7976
15-Aug-19,29,9:25:00 AM,Thursday,Dufferin & St Clair,Investigation,7,15,S/B,9001
15-Aug-19,900,9:26:00 AM,Thursday,RATHBURN AND EASTMALL,Mechanical,7,14,N/B,8009
15-Aug-19,102,9:27:00 AM,Thursday,warden station,Mechanical,20,40,N/B,8989
15-Aug-19,36,9:30:00 AM,Thursday,Finch and Islington,Mechanical,4,10,E/B,9106
15-Aug-19,95,9:44:00 AM,Thursday,Ellesmere RT Station,Mechanical,20,40,W/B,3453
15-Aug-19,89,9:45:00 AM,Thursday,Weston Road/Weston Express,General Delay,25,35,B/W,
15-Aug-19,41,9:45:00 AM,Thursday,Keele / Keele Express,General Delay,25,34,B/W,
15-Aug-19,72,9:58:00 AM,Thursday,Pape Station,Investigation,19,38,SB,3112
15-Aug-19,121,10:00:00 AM,Thursday,Fort York,General Delay,12,12,W/B,
15-Aug-19,35,10:08:00 AM,Thursday,N/B Jane and Sheppard,Investigation,7,14,N/B,3173
15-Aug-19,52,10:16:00 AM,Thursday,Lawrence West Station,Mechanical,15,30,E/B,8201
15-Aug-19,927,10:20:00 AM,Thursday,Steeles and Martin Grove,Mechanical,7,14,S/B,3354
15-Aug-19,24,10:21:00 AM,Thursday,Finch,Mechanical,10,20,N/B,8495
15-Aug-19,110,10:22:00 AM,Thursday,Islington Station,Vision,18,36,SB,8019
15-Aug-19,63,10:23:00 AM,Thursday,Ossington / Queen,Investigation,6,12,N/B,1381
15-Aug-19,29,10:38:00 AM,Thursday,Springhurst Loop,Mechanical,7,15,N/B,9037
15-Aug-19,165,10:43:00 AM,Thursday,Keele and Wilson,Investigation,1,1,W/B,3296
15-Aug-19,167,10:51:00 AM,Thursday,Consumers/ Sheppard,Investigation,30,60,N/B,8488
15-Aug-19,67,11:18:00 AM,Thursday,Victoria park Station,Mechanical,15,30,B/W,8696
15-Aug-19,711,11:35:00 AM,Thursday,Line 1 - Summerhill,Utilized Off Route,1,1,B/W,8151
15-Aug-19,63,11:35:00 AM,Thursday,Line 1 - Summerhill,Utilized Off Route,10,20,B/W,1346
15-Aug-19,711,11:35:00 AM,Thursday,Line 1 - Summerhill,Utilized Off Route,1,1,B/W,8336
15-Aug-19,701,11:35:00 AM,Thursday,Line 1 Summerhill,Utilized Off Route,1,1,B/W,8180
15-Aug-19,701,11:35:00 AM,Thursday,Line 1 - Summerhill,Utilized Off Route,1,1,B/W,8154
15-Aug-19,720,11:36:00 AM,Thursday,Pape /Cosburn,Utilized Off Route,1,1,N/B,8891
15-Aug-19,165,11:37:00 AM,Thursday,Wilson Station,Utilized Off Route,10,20,E/B,3191
15-Aug-19,706,11:38:00 AM,Thursday,Pape station,Utilized Off Route,1,1,B/W,8568
15-Aug-19,34,11:38:00 AM,Thursday,ESTN,Utilized Off Route,8,16,E/B,8815
15-Aug-19,716,11:38:00 AM,Thursday,Victoria park station,Utilized Off Route,1,1,B/W,3102
15-Aug-19,716,11:39:00 AM,Thursday,Warden Station,Utilized Off Route,1,1,B/W,9215
15-Aug-19,984,11:39:00 AM,Thursday,Sheppard Station,Utilized Off Route,9,18,W/B,3162
15-Aug-19,14,11:40:00 AM,Thursday,Chaplin at Yonge,Utilized Off Route,43,63,E/B,1549
15-Aug-19,32,11:40:00 AM,Thursday,Eglinton Station,Utilized Off Route,7,14,W/B,1065
15-Aug-19,35,11:41:00 AM,Thursday,Jane Station,Utilized Off Route,7,14,S/B,3248
15-Aug-19,34,11:41:00 AM,Thursday,ESTN,Utilized Off Route,8,16,E/B,8910
15-Aug-19,54,11:41:00 AM,Thursday,Eglinton Station,Utilized Off Route,10,20,E/B,8749
15-Aug-19,36,11:42:00 AM,Thursday,Finch station,Utilized Off Route,5,10,W/B,3365
15-Aug-19,944,11:42:00 AM,Thursday,KIPLING STN,Utilized Off Route,10,20,S/B,8012
15-Aug-19,29,11:43:00 AM,Thursday,Bloor & Dufferin,Utilized Off Route,32,39,S/B,9001
15-Aug-19,94,11:44:00 AM,Thursday,Spadina and Harbour,Utilized Off Route,7,14,E/B,1087
15-Aug-19,53,11:45:00 AM,Thursday,Cummer and Yonge St,Utilized Off Route,6,12,E/B,3537
15-Aug-19,65,11:45:00 AM,Thursday,Castlefrank station,Utilized Off Route,13,26,S/B,8584
15-Aug-19,600,11:50:00 AM,Thursday,KIPLING STN,Utilized Off Route,1,1,S/B,8045
15-Aug-19,925,11:50:00 AM,Thursday,PSTN,Utilized Off Route,10,20,N/B,8822
15-Aug-19,939,11:52:00 AM,Thursday,Finch Station,Utilized Off Route,9,18,E/B,1602
15-Aug-19,16,12:00:00 PM,Thursday,Warden station to Scarborough Town centre,General Delay,15,20,B/W,
15-Aug-19,92,12:00:00 PM,Thursday,Woodbine station to Ashbridge Bay,General Delay,15,20,B/W,
15-Aug-19,75,12:00:00 PM,Thursday,JARVIS ST. AT QUEENS QUAY to SOUTH DR. AT GLEN RD.,General Delay,12,21,B/W,
15-Aug-19,54,12:19:00 PM,Thursday,Lawrence Station - LINE 3,Mechanical,1,1,W,8742
15-Aug-19,24,12:50:00 PM,Thursday,Eglinton,Investigation,10,20,W/B,8548
15-Aug-19,709,1:15:00 PM,Thursday,Lawrence & Weston,Investigation,1,1,S/B,1420
15-Aug-19,165,1:25:00 PM,Thursday,Finch and Weston,Mechanical,10,20,S/B,3364
15-Aug-19,600,1:25:00 PM,Thursday,Arga,Utilized Off Route,1,1,W/B,3242
15-Aug-19,53,1:27:00 PM,Thursday,Morningside and Finch,Mechanical,23,46,W/B,1654
15-Aug-19,133,1:36:00 PM,Thursday,Neilson and Tapscott,Investigation,11,22,W/B,3447
15-Aug-19,41,1:42:00 PM,Thursday,Keele Station,Vision,10,20,N/B,9006
15-Aug-19,36,1:49:00 PM,Thursday,Humberwood Loop,Mechanical,5,10,E/B,9126
15-Aug-19,98,2:00:00 PM,Thursday,Willowdale,General Delay,1,1,B/W,
15-Aug-19,83,2:00:00 PM,Thursday,Donlands Station to Lakeshore Garage,General Delay,12,15,B/W,
15-Aug-19,41,2:19:00 PM,Thursday,Keele at Eglinton,Mechanical,1,1,N/B,9019
15-Aug-19,63,2:22:00 PM,Thursday,Queen / Ossington,Investigation,14,28,B/W,1381
15-Aug-19,17,2:37:00 PM,Thursday,Ashtonbee,Mechanical,13,26,N/B,8500
15-Aug-19,34,2:40:00 PM,Thursday,Kennedy Station,Mechanical,8,15,W/B,8926
15-Aug-19,86,2:44:00 PM,Thursday,Old Kingston and HWY 27,Vision,1,1,E/B,8791
15-Aug-19,168,2:45:00 PM,Thursday,Avon Loop,Mechanical,12,25,S/B,1057
15-Aug-19,116,2:45:00 PM,Thursday,MSNS,Vision,5,10,W/B,8851
15-Aug-19,6,2:50:00 PM,Thursday,Dupont and Davenport,Utilized Off Route,7,19,S/B,1626
15-Aug-19,39,3:00:00 PM,Thursday,Yonge St and Willowdale,General Delay,15,29,W/B,
15-Aug-19,929,3:00:00 PM,Thursday,Yonge St and Willowdale Ave,General Delay,15,28,B/W,
15-Aug-19,25,3:00:00 PM,Thursday,Don Mills Eglinton to Don Mills Overlea Blvd,General Delay,25,20,B/W,8826
15-Aug-19,925,3:00:00 PM,Thursday,Don Mills Eglinton to Don Mills Overlea Blvd,General Delay,25,20,B/W,8881
15-Aug-19,160,3:00:00 PM,Thursday,Wilson Station to Carluke,General Delay,10,34,B/W,
15-Aug-19,11,3:00:00 PM,Thursday,Sunnybrooke hospital,General Delay,14,28,B/W,
15-Aug-19,52,3:00:00 PM,Thursday,Bathurst to Keele,General Delay,43,50,B/W,
15-Aug-19,952,3:00:00 PM,Thursday,Bathurst to Keele,General Delay,30,42,B/W,
15-Aug-19,85,3:00:00 PM,Thursday,Sheppard/Yonge STN to Rouge Hill GO STN,General Delay,16,33,B/W,
15-Aug-19,86,3:00:00 PM,Thursday,Toronto Zoo,General Delay,15,25,B/W,
15-Aug-19,123,3:00:00 PM,Thursday,Dundas and Auckland,Mechanical,15,30,S/B,7978
15-Aug-19,45,3:06:00 PM,Thursday,KIPLING STN,Mechanical,16,32,N/B,8422
15-Aug-19,924,3:10:00 PM,Thursday,Birchmount / St.Clair,Investigation,9,18,N/B,8499
15-Aug-19,37,3:15:00 PM,Thursday,Islington station,General Delay,36,42,B/W,
15-Aug-19,55,3:16:00 PM,Thursday,Dundas at Scarlett,Investigation,15,30,W/B,1605
15-Aug-19,25,3:18:00 PM,Thursday,Don Mills Station,Mechanical,5,10,N/B,8764
15-Aug-19,61,3:20:00 PM,Thursday,Bombay Loop,Investigation,13,26,S/B,1243
15-Aug-19,61,3:20:00 PM,Thursday,Bombay Loop,Diversion,0,0,N/B,0
15-Aug-19,43,3:28:00 PM,Thursday,Kennedy Station,Mechanical,9,19,N/B,8679
15-Aug-19,129,3:30:00 PM,Thursday,Scarborough Town Center to Major MacKenzie,General Delay,18,33,B/W,
15-Aug-19,79,3:30:00 PM,Thursday,Scarlett and Eglinton,Mechanical,10,20,N/B,1088
15-Aug-19,97,3:30:00 PM,Thursday,Entire Route,General Delay,1,1,B/W,
15-Aug-19,88,3:38:00 PM,Thursday,St Clair Station,Mechanical,15,30,E/B,1210
15-Aug-19,123,3:47:00 PM,Thursday,Kipling station,Utilized Off Route,6,12,N/B,7968
15-Aug-19,41,4:00:00 PM,Thursday,Entire Route,General Delay,25,32,BW,
15-Aug-19,116,4:00:00 PM,Thursday,Morningside/Sewells,General Delay,15,25,B/W,0
15-Aug-19,41,4:00:00 PM,Thursday,Entire Route,General Delay,25,32,BW,
15-Aug-19,100,4:00:00 PM,Thursday,Broadview Stn to Don Mills/Wynford,General Delay,10,16,B/W,0
15-Aug-19,70,4:00:00 PM,Thursday,Woodbine Coxwell,General Delay,20,15,B/W,8858
15-Aug-19,89,4:00:00 PM,Thursday,Entire Route,General Delay,25,35,BW,
15-Aug-19,102,4:00:00 PM,Thursday,Entire route,General Delay,20,30,B/W,
15-Aug-19,122,4:00:00 PM,Thursday,York Mills rd/ Bayview ave,General Delay,25,39,B/W,
15-Aug-19,35,4:00:00 PM,Thursday,Weston Rd.,General Delay,12,25,B/W,
15-Aug-19,100,4:11:00 PM,Thursday,O'Connor/Pape,Mechanical,6,12,S/B,8853
15-Aug-19,25,4:15:00 PM,Thursday,FreshMeadow and Don Mills,Investigation,5,10,N/B,8893
15-Aug-19,49,4:21:00 PM,Thursday,Bloor and Mill rd.,Mechanical,12,24,W/B,8428
15-Aug-19,995,4:26:00 PM,Thursday,Ellesmere and Millitary Trail,Mechanical,1,1,W/B,3402
15-Aug-19,142,4:30:00 PM,Thursday,Downtown core/ Wilson/Avenue rd,General Delay,21,51,N/B,
15-Aug-19,131,4:30:00 PM,Thursday,Scarborough Town Center to Morningview and Finch,General Delay,20,30,B/W,
15-Aug-19,142,4:30:00 PM,Thursday,Wilson/ Avenue rd,Diversion,1,1,N/B,
15-Aug-19,115,4:30:00 PM,Thursday,York Mills rd/ Bayview ave,General Delay,31,51,B/W,
15-Aug-19,84,4:45:00 PM,Thursday,Shepaard and Arrow,General Delay,30,39,B/W,
15-Aug-19,41,4:45:00 PM,Thursday,Pioneer Village stn,Utilized Off Route,1,1,S/B,9103
15-Aug-19,44,4:47:00 PM,Thursday,Col. Sam Smith Loop,Mechanical,7,14,S/B,7972
15-Aug-19,95,4:50:00 PM,Thursday,York Mills Station to Kingston Road Looop,General Delay,25,43,B/W,
15-Aug-19,995,4:50:00 PM,Thursday,York Mills to Scarbough Loop,General Delay,20,32,B/W,
15-Aug-19,985,5:00:00 PM,Thursday,Don Mills Station to Scarborough Town Center/ Scarborough Loop,General Delay,30,41,B/W,
15-Aug-19,41,5:00:00 PM,Thursday,Pioneer Village stn,Utilized Off Route,1,1,S/B,9037
15-Aug-19,63,5:13:00 PM,Thursday,Atlantic and king,Mechanical,9,19,N/B,8356
15-Aug-19,109,5:14:00 PM,Thursday,Marlee and Roselawn,Emergency Services,16,32,N/B,8147
15-Aug-19,54,5:16:00 PM,Thursday,Starspray Loop,Vision,26,36,W/B,8737
15-Aug-19,116,5:20:00 PM,Thursday,Kennedy Stn,Utilized Off Route,7,13,N/B,8747
15-Aug-19,141,5:21:00 PM,Thursday,Jarvis and Richmond,Vision,1,1,N/B,1069
15-Aug-19,945,5:45:00 PM,Thursday,Kipling and Rathburn,Utilized Off Route,8,16,S/B,8092
15-Aug-19,56,6:01:00 PM,Thursday,Donlands/Memorial Pk,Investigation,19,37,N/B,8202
15-Aug-19,112,6:02:00 PM,Thursday,Kipling station,Mechanical,18,36,S/B,8058
15-Aug-19,104,6:05:00 PM,Thursday,Wilson station,Investigation,18,36,N/B,8386
15-Aug-19,29,6:10:00 PM,Thursday,Duffern and Queen,Investigation,9,17,S/B,9001
15-Aug-19,14,6:15:00 PM,Thursday,Glancairn Station,Investigation,16,32,E/B,1411
15-Aug-19,112,6:17:00 PM,Thursday,West mall and Bloor,Mechanical,15,30,S/B,8032
15-Aug-19,108,6:20:00 PM,Thursday,Driftwood Ave. at Driftwood Crt.,Emergency Services,17,34,W/B,3283
15-Aug-19,73,6:52:00 PM,Thursday,Oak and western rd,Diversion,17,34,S/B,8085
15-Aug-19,89,6:53:00 PM,Thursday,Weston / Oak,Diversion,15,25,N/B,1132
15-Aug-19,73,6:53:00 PM,Thursday,From Elmhurst to Dixon Road,Diversion,15,30,B/W,
15-Aug-19,26,6:54:00 PM,Thursday,Dupont abd Bathurst,Investigation,17,34,E/B,1022
15-Aug-19,42,7:20:00 PM,Thursday,VP and Tempo,Mechanical,16,32,N/B,8178
15-Aug-19,87,7:44:00 PM,Thursday,Gledhill Ave / Cosburn,Emergency Services,10,20,W/B,3130
15-Aug-19,53,7:50:00 PM,Thursday,Steeles and Brimley,Investigation,6,12,W/B,3437
15-Aug-19,73,7:59:00 PM,Thursday,Western and knob hills dr,Investigation,17,34,B/W,8404
15-Aug-19,54,8:26:00 PM,Thursday,Lawrecne and Scarborough Golf Club,Mechanical,14,27,W/B,8627
15-Aug-19,34,8:35:00 PM,Thursday,Kennedy Stn,Mechanical,6,12,W/B,8898
15-Aug-19,22,8:35:00 PM,Thursday,Coxwell Station,Investigation,10,20,S/B,8493
15-Aug-19,900,8:37:00 PM,Thursday,Dundas and East Mall Cres.,Mechanical,8,16,E/B,8462
15-Aug-19,47,8:38:00 PM,Thursday,Wade on Lansdowne,Investigation,20,40,S/B,1067
15-Aug-19,131,8:41:00 PM,Thursday,Neilson and Sheppard,Investigation,13,26,S/B,3511
15-Aug-19,71,9:05:00 PM,Thursday,St. Clair and Cobalt Ave,Mechanical,22,44,N/B,1203
15-Aug-19,32,9:14:00 PM,Thursday,PINE,Utilized Off Route,10,20,E/B,1521
15-Aug-19,995,9:21:00 PM,Thursday,York Mills Station,General Delay,14,28,WB,3514
15-Aug-19,95,9:27:00 PM,Thursday,York Mills Station,Vision,14,28,E/B,3449
15-Aug-19,89,9:40:00 PM,Thursday,Weston / Albion,Vision,10,20,S/B,1095
15-Aug-19,129,9:45:00 PM,Thursday,McCowan and Sheppard,Mechanical,6,12,N/B,1724
15-Aug-19,42,9:55:00 PM,Thursday,Cummer and Pineway Blvd,Mechanical,12,24,W/B,1355
15-Aug-19,85,10:26:00 PM,Thursday,Sheppard and McCowan,Mechanical,8,16,E/B,3473
15-Aug-19,129,10:30:00 PM,Thursday,Scarborough Town Center,Investigation,6,12,N/B,3524
15-Aug-19,95,11:03:00 PM,Thursday,York Mills station,Mechanical,10,20,EB,1688
15-Aug-19,112,11:56:00 PM,Thursday,Renforth dr. bridge on 401,General Delay,30,46,N/B,7974
15-Aug-19,21,11:58:00 PM,Thursday,Brimley and Finch,Mechanical,30,60,NB,3480
16-Aug-19,29,12:20:00 AM,Friday,Dufferin / Wilson,Mechanical,9,17,S/B,9023
16-Aug-19,45,1:01:00 AM,Friday,Kipling and Gracey,Mechanical,10,20,N/B,7956
16-Aug-19,36,1:09:00 AM,Friday,Finch at Martin Grove,Investigation,10,22,E/B,3566
16-Aug-19,89,1:34:00 AM,Friday,Jane and Weston,Investigation,10,20,N/B,1056
16-Aug-19,300,2:00:00 AM,Friday,Danforth and Danforth,General Delay,20,40,BW,8440
16-Aug-19,300,2:35:00 AM,Friday,Bloor and Bathurst,Investigation,20,40,EB,1409
16-Aug-19,300,2:35:00 AM,Friday,Bloor and Bathurst,General Delay,20,40,EB,1409
16-Aug-19,363,3:54:00 AM,Friday,Ossington and Queen,Investigation,30,60,S/B,8393
16-Aug-19,29,4:39:00 AM,Friday,Dufferin and Lawrewence,Investigation,11,22,N/B,9024
16-Aug-19,300,4:54:00 AM,Friday,Terminal 3 Toronto Airport,Mechanical,20,40,E/B,8943
16-Aug-19,39,5:00:00 AM,Friday,,General Delay,18,36,B/W,3447
16-Aug-19,113,5:25:00 AM,Friday,Victoria Park and Danforth,Investigation,0,0,B/W,8567
16-Aug-19,929,6:00:00 AM,Friday,Dufferin and Eglinton,Mechanical,8,16,S/B,9051
16-Aug-19,91,6:00:00 AM,Friday,Bermondsay,Diversion,999,999,B/W,
16-Aug-19,116,6:02:00 AM,Friday,Morningside & Staines,Mechanical,9,13,N/B,8743
16-Aug-19,939,6:04:00 AM,Friday,Finch Ave E/Don Mills Rd,Mechanical,8,16,W/B,1238
16-Aug-19,168,6:07:00 AM,Friday,Avon Loop,Mechanical,5,10,SB,1069
16-Aug-19,84,6:14:00 AM,Friday,Finch and Arrow,Diversion,36,46,S/B,3224
16-Aug-19,88,6:15:00 AM,Friday,Wilson And Avenue Rd,Mechanical,9,12,,8199
16-Aug-19,97,6:15:00 AM,Friday,Yorkmills stn,Mechanical,30,60,,1384
16-Aug-19,89,6:32:00 AM,Friday,Keele Station,Mechanical,6,12,N/B,1055
16-Aug-19,48,6:32:00 AM,Friday,Anglesey and Pinehurst,Mechanical,13,26,W/B,8612
16-Aug-19,7,6:35:00 AM,Friday,Bathurst St and Briar Hill Ave,Investigation,9,19,N/B,8189
16-Aug-19,6,6:35:00 AM,Friday,Davenport and Dupont,Mechanical,5,10,S/B,1048
16-Aug-19,986,6:37:00 AM,Friday,Kennedy Station,Mechanical,1,1,E/B,8765
16-Aug-19,61,6:38:00 AM,Friday,Bombay Loop,Mechanical,12,24,,8386
16-Aug-19,23,6:45:00 AM,Friday,Main Station,Mechanical,7,14,B/W,8596
16-Aug-19,89,6:49:00 AM,Friday,Keele Station,Mechanical,1,1,N/B,1350
16-Aug-19,82,6:55:00 AM,Friday,Cresent and South Dr,Investigation,20,40,N/B,8326
16-Aug-19,86,6:57:00 AM,Friday,Kennedy Station,Mechanical,6,18,E/B,8653
16-Aug-19,24,7:01:00 AM,Friday,Vicoria Park station,Mechanical,9,19,B/W,8527
16-Aug-19,57,7:03:00 AM,Friday,Kennedy Station,Mechanical,8,15,N/B,8712
16-Aug-19,996,7:05:00 AM,Friday,Arrow/Finch,Emergency Services,10,19,E/B,3340
16-Aug-19,89,7:10:00 AM,Friday,Keele Station,Mechanical,1,1,N/B,1079
16-Aug-19,131,7:17:00 AM,Friday,Morningside and Morningview Tr,Diversion,10,20,W/B,1674
16-Aug-19,47,7:19:00 AM,Friday,Kitchener Ave and Caledonia,Mechanical,6,12,N/B,1037
16-Aug-19,937,7:22:00 AM,Friday,Islington Station,Mechanical,12,24,N/B,8072
16-Aug-19,32,7:25:00 AM,Friday,Eglinton Station,Mechanical,5,12,W/B,1094
16-Aug-19,75,7:30:00 AM,Friday,JARVIS ST. AT QUEENS QUAY to SOUTH DR. AT GLEN RD.,General Delay,22,28,B/W,
16-Aug-19,143,7:30:00 AM,Friday,Neville loop to Adelaide and peter,General Delay,15,30,B/W,
16-Aug-19,35,7:38:00 AM,Friday,Jane and Beverly Hills,Mechanical,10,20,S/B,3174
16-Aug-19,143,7:45:00 AM,Friday,Neville Loop,Utilized Off Route,15,30,W/B,8479
16-Aug-19,30,8:00:00 AM,Friday,ENTIRE ROUTE,General Delay,21,50,B/W,
16-Aug-19,111,8:00:00 AM,Friday,entire route,General Delay,11,30,B/W,
16-Aug-19,49,8:00:00 AM,Friday,ENTIRE ROUTE,General Delay,9,30,B/W,
16-Aug-19,112,8:00:00 AM,Friday,ENTIRE ROUTE,General Delay,16,45,B/W,
16-Aug-19,131,8:00:00 AM,Friday,Scarborough Town Center -> Morningview and Old Finch,General Delay,10,20,B/W,1306
16-Aug-19,123,8:00:00 AM,Friday,ENTIRE ROUTE,General Delay,20,45,B/W,
16-Aug-19,86,8:02:00 AM,Friday,Eglinton & McCowan,Investigation,6,12,W/B,8935
16-Aug-19,939,8:04:00 AM,Friday,Scarborough Town Centre,Mechanical,8,16,W/B,3514
16-Aug-19,121,8:04:00 AM,Friday,Yonge/ Esplanade,Investigation,13,26,B/W,3145
16-Aug-19,24,8:04:00 AM,Friday,Steeles/ Loop @ Victoria Park,Mechanical,10,20,B/W,8481
16-Aug-19,121,8:16:00 AM,Friday,Yonge/ Esplanade,Diversion,84,104,B/W,9145
16-Aug-19,21,8:20:00 AM,Friday,Brimley/McNicoll,Investigation,8,17,S/B,1239
16-Aug-19,121,8:30:00 AM,Friday,Yonge/Esplanade,General Delay,16,16,B/W,
16-Aug-19,65,8:30:00 AM,Friday,Castlefrank station to Berkeley and Front,General Delay,15,20,B/W,
16-Aug-19,95,8:35:00 AM,Friday,Highland Cresent and York Mills,Mechanical,9,18,E/B,3420
16-Aug-19,64,8:36:00 AM,Friday,Queen,Utilized Off Route,8,16,N/B,9211
16-Aug-19,75,9:21:00 AM,Friday,Sherbourne Ave and Wellesley St E,Mechanical,7,14,N/B,8176
16-Aug-19,165,9:35:00 AM,Friday,Weston/Betty Nagle,Mechanical,6,13,S/B,3365
16-Aug-19,169,9:47:00 AM,Friday,Don Mills Station,Mechanical,30,60,W/B,8134
16-Aug-19,35,9:53:00 AM,Friday,Pioneer Village Station,Mechanical,7,14,S/B,3234
16-Aug-19,35,9:55:00 AM,Friday,Jane/Wilson,Investigation,5,12,N/B,3351
16-Aug-19,953,9:59:00 AM,Friday,Finch Av West of Don Mills,Investigation,1,1,E/B,9059
16-Aug-19,62,10:04:00 AM,Friday,Broadview Station,Mechanical,22,44,W/B,8541
16-Aug-19,952,10:20:00 AM,Friday,Lawrence Station,Investigation,1,1,W/B,8142
16-Aug-19,52,10:20:00 AM,Friday,Lawrence Station,Investigation,15,30,W/B,8151
16-Aug-19,7,10:20:00 AM,Friday,bathurst station,Utilized Off Route,8,16,S/B,8320
16-Aug-19,92,10:30:00 AM,Friday,Woodbine station to Ashbridge Bay loop,General Delay,10,15,B/W,
16-Aug-19,39,10:32:00 AM,Friday,Finch Ave E/Midland Ave,Mechanical,16,32,W/B,3424
16-Aug-19,111,10:36:00 AM,Friday,Kipling Station,Mechanical,15,30,N/B,8015
16-Aug-19,35,10:43:00 AM,Friday,Jane and East Dr.,Mechanical,7,14,S/B,3219
16-Aug-19,944,11:00:00 AM,Friday,ENTIRE ROUTE,General Delay,10,30,B/W,
16-Aug-19,44,11:00:00 AM,Friday,ENTIRE ROUTE,General Delay,7,30,B/W,
16-Aug-19,45,11:00:00 AM,Friday,ENTIRE ROUTE,General Delay,10,35,B/W,
16-Aug-19,86,11:20:00 AM,Friday,Kennedy Station,Mechanical,10,20,E/B,8878
16-Aug-19,100,11:26:00 AM,Friday,BSTN,Mechanical,6,12,B/W,8649
16-Aug-19,91,11:37:00 AM,Friday,Woodbine station,Mechanical,26,42,N/B,3109
16-Aug-19,925,12:09:00 PM,Friday,Don Mills and St Dennis,Investigation,10,20,N/B,8640
16-Aug-19,985,12:20:00 PM,Friday,Victoria Park and Sheppard,Mechanical,11,22,W/B,9091
16-Aug-19,32,12:24:00 PM,Friday,Emmett at Jane,Mechanical,13,26,E/B,1107
16-Aug-19,16,12:30:00 PM,Friday,Warden Station to Scarborough Town centre,General Delay,15,20,B/W,
16-Aug-19,46,12:35:00 PM,Friday,Martin Grove and Joh Garland,Investigation,19,38,S/B,3197
16-Aug-19,46,12:35:00 PM,Friday,Martin Grove and John Garland,Diversion,19,38,S/B,
16-Aug-19,86,12:40:00 PM,Friday,Kennedy Station,Investigation,10,20,E/B,8653
16-Aug-19,34,1:00:00 PM,Friday,ESTN and KENN,General Delay,14,22,B/W,
16-Aug-19,35,1:00:00 PM,Friday,Jane Station to Pioneer Village Station,General Delay,29,32,B/W,
16-Aug-19,935,1:00:00 PM,Friday,Jane Station to Pioneer Village Station,General Delay,33,40,B/W,
16-Aug-19,6,1:12:00 PM,Friday,Bay and Lombard,Investigation,12,24,S/B,1101
16-Aug-19,51,1:45:00 PM,Friday,Leslie Station,Mechanical,20,40,S/B,1253
16-Aug-19,94,1:54:00 PM,Friday,Wellesley and Jarvis,Investigation,8,15,E/B,1633
16-Aug-19,80,2:00:00 PM,Friday,Keele Station to Sherway Gardens,General Delay,15,39,B/W,
16-Aug-19,89,2:00:00 PM,Friday,Weston Road/Weston Express Route,General Delay,15,24,B/W,
16-Aug-19,97,2:00:00 PM,Friday,Entire Route,General Delay,1,1,B/W,
16-Aug-19,37,2:00:00 PM,Friday,Islington Station to Humberwood Loop and Steeles,General Delay,15,35,B/W,
16-Aug-19,41,2:00:00 PM,Friday,Keele/Keele Express Route,General Delay,15,25,B/W,
16-Aug-19,45,2:14:00 PM,Friday,DISCO AND ATTWELL,Mechanical,20,40,S/B,8040
16-Aug-19,169,2:14:00 PM,Friday,Commander Blvd. and Mccowan,Investigation,25,50,W/B,8347
16-Aug-19,168,2:25:00 PM,Friday,Avon Loop,Mechanical,12,25,S/B,1108
16-Aug-19,9,2:30:00 PM,Friday,Warden station to Scarborough Town centre,General Delay,10,15,W/B,
16-Aug-19,41,2:32:00 PM,Friday,Keele Station,Mechanical,1,1,N/B,9145
16-Aug-19,89,2:35:00 PM,Friday,Weston at King,Investigation,10,20,N/B,1056
16-Aug-19,67,2:44:00 PM,Friday,Pharmacy Lawerence,Mechanical,10,20,N/B,8713
16-Aug-19,63,2:44:00 PM,Friday,Ossington St,Mechanical,1,1,N/B,8166
16-Aug-19,94,3:00:00 PM,Friday,Entire Route,General Delay,20,30,B/W,
16-Aug-19,85,3:00:00 PM,Friday,Don Mills STN to Sheppard/Yonge STN,General Delay,12,28,B/W,
16-Aug-19,925,3:00:00 PM,Friday,Don Mills Eglinton to Don Mills Overlea Blvd,General Delay,25,20,B/W,8793
16-Aug-19,25,3:00:00 PM,Friday,Don Mills Eglinton to Don Mills Overlea Blvd,General Delay,25,20,B/W,8762
16-Aug-19,121,3:00:00 PM,Friday,Fort York to Cherry Beach,General Delay,15,30,B/W,
16-Aug-19,97,3:26:00 PM,Friday,Young and Cummer,Mechanical,30,60,N/B,8137
16-Aug-19,945,3:30:00 PM,Friday,ENTIRE ROUTE,General Delay,9,30,B/W,
16-Aug-19,85,3:30:00 PM,Friday,Don Mills STN to Rouge Hill Go STN,General Delay,14,30,B/W,
16-Aug-19,995,3:32:00 PM,Friday,York Mills Station,Mechanical,12,24,E/B,3420
16-Aug-19,29,3:42:00 PM,Friday,Dufferin and Davenport,Mechanical,9,17,N/B,9147
16-Aug-19,12,3:48:00 PM,Friday,Kennedy Station,Mechanical,17,34,W/B,8595
16-Aug-19,168,3:51:00 PM,Friday,Bloor and Perth ave,Emergency Services,9,17,N/B,1108
16-Aug-19,133,3:56:00 PM,Friday,Scarborough Town Center,Mechanical,9,18,S/B,1206
16-Aug-19,11,4:00:00 PM,Friday,entire route,General Delay,15,30,B/W,
16-Aug-19,168,4:00:00 PM,Friday,Entire Route,General Delay,20,30,B/W,
16-Aug-19,75,4:00:00 PM,Friday,queens quay,General Delay,8,16,S/B,
16-Aug-19,50,4:00:00 PM,Friday,Entire Route,General Delay,15,20,B/W,
16-Aug-19,984,4:04:00 PM,Friday,Weston and Bradstock,Mechanical,7,14,E/B,3479
16-Aug-19,94,4:10:00 PM,Friday,Wellesley stn,Utilized Off Route,8,15,E/B,1413
16-Aug-19,35,4:14:00 PM,Friday,Jane and Church,Investigation,7,14,N/B,3244
16-Aug-19,36,4:24:00 PM,Friday,Finch and Signet,Investigation,7,14,W/B,9135
16-Aug-19,709,4:32:00 PM,Friday,Caledonia and Eglinton,Utilized Off Route,1,1,E/B,1553
16-Aug-19,944,4:33:00 PM,Friday,Col Sam Smith Loop,Utilized Off Route,12,24,N/B,8411
16-Aug-19,89,4:37:00 PM,Friday,Keele Station,Utilized Off Route,10,20,N/B,1350
16-Aug-19,989,4:40:00 PM,Friday,Keele station,Utilized Off Route,10,20,N/B,1048
16-Aug-19,63,4:42:00 PM,Friday,Eglinton west station,Utilized Off Route,10,19,S/B,8148
16-Aug-19,701,4:45:00 PM,Friday,Dundas West Station,Utilized Off Route,1,1,B/W,8073
16-Aug-19,700,4:45:00 PM,Friday,Marine Parade Dr.,Utilized Off Route,1,1,N/B,8073
16-Aug-19,7,4:45:00 PM,Friday,bathurst station,Utilized Off Route,7,15,S/B,8391
16-Aug-19,45,4:52:00 PM,Friday,Queensway Division,Utilized Off Route,16,32,N/B,8045
16-Aug-19,125,5:00:00 PM,Friday,Drewry and Hilda,General Delay,1,1,B/W,
16-Aug-19,111,5:01:00 PM,Friday,Kipling Station,Mechanical,10,20,N/B,8437
16-Aug-19,79,5:03:00 PM,Friday,Foxwell and Scarlett,Investigation,12,24,N/B,1058
16-Aug-19,125,5:10:00 PM,Friday,Drewry ave and Hilda Ave,Diversion,1,1,B/W,
16-Aug-19,125,5:10:00 PM,Friday,Cummer and Young,Investigation,10,20,N/B,8183
16-Aug-19,23,5:12:00 PM,Friday,Dawes and Gowen,Investigation,7,14,N/B,8516
16-Aug-19,32,5:18:00 PM,Friday,Marlee and Eglinton,Mechanical,9,22,E/B,1380
16-Aug-19,45,5:18:00 PM,Friday,Westhumber and Kipling,Investigation,16,32,S/B,8056
16-Aug-19,168,5:20:00 PM,Friday,Avon Loop,Mechanical,8,17,S/B,1091
16-Aug-19,929,5:28:00 PM,Friday,Dufferin and Queen,Investigation,9,17,S/B,9039
16-Aug-19,42,5:32:00 PM,Friday,Cummer and Bayview,Investigation,16,32,E/B,8198
16-Aug-19,35,5:40:00 PM,Friday,Jane @ Steels,Mechanical,6,12,N/B,3479
16-Aug-19,113,5:59:00 PM,Friday,Kennedy Station,Mechanical,11,22,W/B,8491
16-Aug-19,600,6:06:00 PM,Friday,Mt. Dennis Division,Utilized Off Route,1,1,E/B,1555
16-Aug-19,701,6:10:00 PM,Friday,Wilson station,Utilized Off Route,1,1,S/B,8147
16-Aug-19,70,6:24:00 PM,Friday,Coxwell Station,Investigation,20,40,N/B,8916
16-Aug-19,925,6:34:00 PM,Friday,Freshmeadow & Townsend,Investigation,10,20,S/B,8780
16-Aug-19,600,6:35:00 PM,Friday,St Clair stn,Utilized Off Route,1,1,S/B,1381
16-Aug-19,113,6:38:00 PM,Friday,Victoria Park / Danforth Ave.,Investigation,20,40,W/B,8442
16-Aug-19,37,6:49:00 PM,Friday,Islington Station,Utilized Off Route,1,2,S/B,8065
16-Aug-19,88,7:23:00 PM,Friday,St Clair St,Mechanical,35,70,E/B,1317
16-Aug-19,25,7:53:00 PM,Friday,Don Mills Station,Investigation,9,18,S/B,8844
16-Aug-19,41,8:06:00 PM,Friday,Keele station,Utilized Off Route,1,1,N/B,1067
16-Aug-19,47,8:25:00 PM,Friday,Lansdowne and Lappin ave,Mechanical,20,40,N/B,1266
16-Aug-19,45,8:28:00 PM,Friday,Kipling and Rexdale,Investigation,9,18,N/B,8023
16-Aug-19,47,8:40:00 PM,Friday,Lansdowne and St Clair,Utilized Off Route,10,20,N/B,1047
16-Aug-19,168,8:45:00 PM,Friday,Avon Loop,Mechanical,11,22,S/B,1108
16-Aug-19,63,8:56:00 PM,Friday,Ossington Station,Utilized Off Route,10,20,N/B,8365
16-Aug-19,60,9:01:00 PM,Friday,Steeles at Yonge St.,Investigation,9,20,W/B,3262
16-Aug-19,70,9:10:00 PM,Friday,Coxwell Station,Mechanical,12,24,N/B,8661
16-Aug-19,939,9:17:00 PM,Friday,Finch Ave East at Yonge St.,Investigation,13,26,W/B,3442
16-Aug-19,32,9:26:00 PM,Friday,Marlee and Eglinton,Mechanical,10,20,W/B,1129
16-Aug-19,34,9:48:00 PM,Friday,Eglinton stn,Utilized Off Route,10,20,E/B,8651
16-Aug-19,37,9:53:00 PM,Friday,Islington Station,Utilized Off Route,24,44,N/B,8601
16-Aug-19,59,10:01:00 PM,Friday,Culford at Lawrence,Mechanical,31,57,W/B,3199
16-Aug-19,47,10:20:00 PM,Friday,Earlscourt Loop,Mechanical,10,20,S/B,1503
16-Aug-19,41,11:23:00 PM,Friday,Pioneer Village Station,Vision,10,30,S/B,9029
16-Aug-19,29,11:35:00 PM,Friday,Wilson Station,Mechanical,8,17,S/B,9031
16-Aug-19,97,11:41:00 PM,Friday,Yorkmill St,Mechanical,30,60,S/B,8390
16-Aug-19,123,11:45:00 PM,Friday,Brownsline north of Lakeshore,Mechanical,24,48,N/B,8044
17-Aug-19,116,12:00:00 AM,Saturday,Kennedy Station,Investigation,10,20,E/B,8863
17-Aug-19,54,12:15:00 AM,Saturday,Lawrence / Scarborough Golf Club,Mechanical,20,40,W/B,8664
17-Aug-19,34,12:33:00 AM,Saturday,Eglinton stn,Mechanical,10,20,W/B,8841
17-Aug-19,108,1:17:00 AM,Saturday,Sheppard at Yukon Ln,Emergency Services,30,30,E/B,3310
17-Aug-19,339,2:30:00 AM,Saturday,Finch and McCowan,Diversion,20,40,WB,3402
17-Aug-19,307,3:00:00 AM,Saturday,Bathurst,General Delay,25,55,B/W,
17-Aug-19,300,3:09:00 AM,Saturday,,General Delay,16,32,WB,8066
17-Aug-19,7,4:00:00 AM,Saturday,Bathurst and Wilson,Diversion,10,20,,
17-Aug-19,160,5:15:00 AM,Saturday,Bathurst and Wilson,Diversion,36,36,,
17-Aug-19,52,5:45:00 AM,Saturday,Lawrence Station,Mechanical,20,40,W/B,8199
17-Aug-19,116,6:00:00 AM,Saturday,Morningside and Sheppard,General Delay,18,28,B/W,
17-Aug-19,47,6:02:00 AM,Saturday,Caledonia and Eglinton,Mechanical,9,18,S/B,1379
17-Aug-19,91,6:14:00 AM,Saturday,Bermondsay,Diversion,999,999,B/W,
17-Aug-19,41,6:32:00 AM,Saturday,Keele at Wilson,Mechanical,16,32,S/B,1004
17-Aug-19,26,6:50:00 AM,Saturday,Old Mill stn,Mechanical,30,60,E/B,1103
17-Aug-19,20,7:00:00 AM,Saturday,Victoria Park and Danforth,Diversion,999,999,B/W,
17-Aug-19,113,7:00:00 AM,Saturday,Victoria Park and Danforth,Diversion,999,999,B/W,8955
17-Aug-19,69,7:11:00 AM,Saturday,Warden/ Danforth ave,Mechanical,20,40,N/B,9204
17-Aug-19,29,7:21:00 AM,Saturday,Dufferin Loop,Utilized Off Route,8,16,N/B,9009
17-Aug-19,66,7:40:00 AM,Saturday,Old Mill Station,Mechanical,19,42,S/B,8462
17-Aug-19,76,8:14:00 AM,Saturday,Lakeshore Blvd W and Mimico,Utilized Off Route,10,20,N/B,8065
17-Aug-19,96,8:25:00 AM,Saturday,Albion/Armel,Investigation,20,40,W/B,3259
17-Aug-19,32,8:25:00 AM,Saturday,Renforth stn,Mechanical,23,46,W/B,1109
17-Aug-19,53,8:26:00 AM,Saturday,Markham and Steeles,Diversion,18,35,E/B,3469
17-Aug-19,85,8:38:00 AM,Saturday,Don Mills Station,Mechanical,20,40,W/B,1327
17-Aug-19,7,8:49:00 AM,Saturday,Bathurst Station,Diversion,10,20,,1381
17-Aug-19,36,8:55:00 AM,Saturday,Finch/Ardwick,Investigation,7,14,E/B,3326
17-Aug-19,7,9:00:00 AM,Saturday,entire route,General Delay,8,16,B/W,
17-Aug-19,37,9:07:00 AM,Saturday,Islington Station,Mechanical,16,32,N/B,8013
17-Aug-19,6,9:11:00 AM,Saturday,Davenport at Dupont,Mechanical,1,1,S/B,1030
17-Aug-19,66,9:11:00 AM,Saturday,Prince Edward and Sunnylea,Mechanical,20,40,S/B,8462
17-Aug-19,121,9:30:00 AM,Saturday,Fleet and Fort York,Diversion,999,999,B/W,9231
17-Aug-19,46,9:50:00 AM,Saturday,Martin Grove/Finch,Investigation,15,30,S/B,3251
17-Aug-19,85,9:52:00 AM,Saturday,2025 Sheppard Ave E,Mechanical,15,23,E/B,1631
17-Aug-19,79,10:00:00 AM,Saturday,Runnymede at Annette,Mechanical,25,50,S/B,1417
17-Aug-19,65,10:00:00 AM,Saturday,Castlefrank Station to Berkeley and Front,General Delay,15,20,B/W,
17-Aug-19,7,10:06:00 AM,Saturday,Bathurst and Dewbourne,Investigation,10,19,N/B,8111
17-Aug-19,56,10:10:00 AM,Saturday,Mt.Pleasant and Eglinton,Diversion,1,1,B/W,
17-Aug-19,74,10:10:00 AM,Saturday,Eglinton and Mt.Pleasant,Diversion,1,1,B/W,
17-Aug-19,70,10:30:00 AM,Saturday,Pharmacy & Eglinton,Diversion,50,72,W/B,8627
17-Aug-19,161,10:35:00 AM,Saturday,Humber at Weston,Diversion,20,20,B/W,
17-Aug-19,161,10:38:00 AM,Saturday,Humber at Weston,Emergency Services,15,30,W/B,1586
17-Aug-19,161,10:38:00 AM,Saturday,Humber at Weston,Emergency Services,15,30,E/B,1029
17-Aug-19,130,10:39:00 AM,Saturday,Middlefield and Steeles,Mechanical,30,60,S/B,1541
17-Aug-19,171,10:49:00 AM,Saturday,Eglinton at Black Creek,Mechanical,10,20,W/B,1536
17-Aug-19,26,10:50:00 AM,Saturday,Dupont at Dufferin,Diversion,75,97,W/B,
17-Aug-19,53,10:54:00 AM,Saturday,Passmore and Markham,Utilized Off Route,8,25,W/B,1318
17-Aug-19,32,11:00:00 AM,Saturday,Black creek and Eglinton,Utilized Off Route,10,20,W/B,1096
17-Aug-19,17,11:00:00 AM,Saturday,Warden station to Warden Loop,General Delay,15,20,B/W,
17-Aug-19,24,11:12:00 AM,Saturday,Curlew,Mechanical,10,19,B/W,3123
17-Aug-19,25,11:14:00 AM,Saturday,Pape Station,Mechanical,8,17,N/B,8842
17-Aug-19,54,11:35:00 AM,Saturday,Lawrence and Birchmount,Mechanical,6,12,W/B,8845
17-Aug-19,102,11:50:00 AM,Saturday,MARKHAM /  Warden Station,General Delay,10,20,B/W,
17-Aug-19,16,12:00:00 PM,Saturday,warden station to Scarborough Town centre,General Delay,10,15,B/W,
17-Aug-19,134,12:00:00 PM,Saturday,Scarborough Town Center-> Finch and Finchdene,General Delay,15,30,B/W,1526
17-Aug-19,134,12:11:00 PM,Saturday,Markham and Progress,Diversion,44,66,W/B,1718
17-Aug-19,8,12:30:00 PM,Saturday,Broadview station,Mechanical,30,38,B/W,8454
17-Aug-19,51,12:35:00 PM,Saturday,Don Valley pwy/ Lawrence,Diversion,1,1,E/B,8158
17-Aug-19,87,12:40:00 PM,Saturday,Broadview station,Utilized Off Route,10,20,B/W,8562
17-Aug-19,35,12:45:00 PM,Saturday,Jane stn,Investigation,8,15,S/B,3502
17-Aug-19,37,1:04:00 PM,Saturday,Islington Station,Mechanical,14,28,S/B,8094
17-Aug-19,42,1:18:00 PM,Saturday,Finch Station,Mechanical,13,26,E/B,8173
17-Aug-19,32,1:36:00 PM,Saturday,Renforth Loop,Mechanical,9,118,E/B,1113
17-Aug-19,84,1:52:00 PM,Saturday,Sheppard stn,Emergency Services,6,12,E/B,3214
17-Aug-19,25,2:30:00 PM,Saturday,Don Mills Station,Mechanical,8,17,S/B,8642
17-Aug-19,41,2:30:00 PM,Saturday,Keele at Lawrence,Mechanical,9,17,S/B,1088
17-Aug-19,63,2:39:00 PM,Saturday,King and shaw,Investigation,6,12,E/B,8395
17-Aug-19,85,2:42:00 PM,Saturday,Sheppard/Kennedy,Investigation,11,16,W/B,3487
17-Aug-19,72,3:00:00 PM,Saturday,PAPE / Pape Station,General Delay,18,36,B/W,
17-Aug-19,129,3:06:00 PM,Saturday,Steeles/Mccowan,Mechanical,30,60,S/B,1713
17-Aug-19,25,3:07:00 PM,Saturday,Don Mills & Moatfield,Investigation,9,17,S/B,8874
17-Aug-19,20,3:16:00 PM,Saturday,CLIFFESIDE / Kennedy Station,Mechanical,0,0,W/B,8946
17-Aug-19,29,3:34:00 PM,Saturday,Dufferin at Gordon,Mechanical,3,6,N/B,9012
17-Aug-19,35,3:50:00 PM,Saturday,Jane and Wilson,Mechanical,8,16,S/B,3552
17-Aug-19,7,4:15:00 PM,Saturday,Greenwin village and bathurst,Mechanical,8,16,S/B,8354
17-Aug-19,57,4:16:00 PM,Saturday,Midland & Steels,Investigation,14,28,S/B,8774
17-Aug-19,35,4:20:00 PM,Saturday,PVST,Mechanical,8,16,S/B,3199
17-Aug-19,14,4:20:00 PM,Saturday,Glencairn and Dufferin,Diversion,60,80,B/W,
17-Aug-19,63,4:30:00 PM,Saturday,Entire route 63 bothways,General Delay,25,31,B/W,
17-Aug-19,6,4:30:00 PM,Saturday,Entire Route,General Delay,20,35,B/W,
17-Aug-19,25,4:35:00 PM,Saturday,Don Mills Station,Mechanical,9,17,N/B,8725
17-Aug-19,129,4:40:00 PM,Saturday,Steeles/Mccowan,Mechanical,6,12,S/B,3540
17-Aug-19,35,4:55:00 PM,Saturday,PVST,Mechanical,8,16,S/B,3284
17-Aug-19,939,5:04:00 PM,Saturday,STC,Utilized Off Route,12,24,W/B,1339
17-Aug-19,63,5:10:00 PM,Saturday,Dupont and Ossington,Mechanical,1,1,N/B,8305
17-Aug-19,927,5:12:00 PM,Saturday,Martin Grove and Silverstone,Mechanical,10,20,S/B,3341
17-Aug-19,939,5:21:00 PM,Saturday,Warden,Mechanical,12,24,E/B,1701
17-Aug-19,133,5:24:00 PM,Saturday,Morningside/Finch,Mechanical,9,18,S/B,1566
17-Aug-19,925,5:25:00 PM,Saturday,Don Mills Station,Investigation,10,20,S/B,8744
17-Aug-19,54,5:48:00 PM,Saturday,Starspray Loop,Mechanical,20,40,W/B,8898
17-Aug-19,45,6:01:00 PM,Saturday,Kipling Station,Investigation,10,20,N/B,8612
17-Aug-19,63,6:05:00 PM,Saturday,Ossington station,Mechanical,1,1,S/B,8131
17-Aug-19,600,6:12:00 PM,Saturday,Kennedy Station,Mechanical,4,8,N/B,8538
17-Aug-19,25,6:20:00 PM,Saturday,Don Mills Station,Mechanical,9,17,S/B,8792
17-Aug-19,100,7:20:00 PM,Saturday,Don Mills & Wynford,Mechanical,9,18,we,8628
17-Aug-19,999,7:30:00 PM,Saturday,Springhurst Loop,Mechanical,5,10,N/B,3249
17-Aug-19,96,7:38:00 PM,Saturday,Humber College,Emergency Services,20,40,W/B,3219
17-Aug-19,49,7:52:00 PM,Saturday,Mill Road and Markland Dr,Diversion,368,398,E/B,8066
17-Aug-19,54,8:00:00 PM,Saturday,Lawerence & Birchmount,General Delay,15,10,N/B,8899
17-Aug-19,35,8:00:00 PM,Saturday,Jane Stn to Pioneer Village Stn,General Delay,25,32,B/W,
17-Aug-19,89,8:30:00 PM,Saturday,Albion and Weston,Mechanical,10,20,S/B,1054
17-Aug-19,84,8:30:00 PM,Saturday,Weston and Bradstock,Mechanical,10,20,E/B,3479
17-Aug-19,25,9:00:00 PM,Saturday,Entire Route,General Delay,15,10,N/B,8811
17-Aug-19,134,10:30:00 PM,Saturday,Progress route,General Delay,22,44,B/W,
17-Aug-19,39,10:30:00 PM,Saturday,Finch station to Sewells to Neilson,General Delay,15,30,B/W,
17-Aug-19,39,11:15:00 PM,Saturday,McCowan and Finch,Diversion,15,30,B/W,
17-Aug-19,21,11:25:00 PM,Saturday,Brimley and Eglinton,Investigation,20,40,WB,1649
17-Aug-19,86,11:33:00 PM,Saturday,Eglinton and Mason Rd,Investigation,9,19,E/B,8854
18-Aug-19,32,12:45:00 AM,Sunday,Eglinton and Chaplin,Investigation,10,20,E/B,1136
18-Aug-19,106,1:11:00 AM,Sunday,Sheppard W/ Bakersfield,Mechanical,16,32,W/B,8168
18-Aug-19,307,1:11:00 AM,Sunday,Bathurst North of Wilson,Diversion,340,340,B/W,
18-Aug-19,300,2:00:00 AM,Sunday,Kennedy Station,General Delay,20,40,WB,
18-Aug-19,339,2:30:00 AM,Sunday,Finch and McCowan,Diversion,20,40,WB,3402
18-Aug-19,320,3:35:00 AM,Sunday,Yonge at Steeles,Mechanical,4,8,S/B,8359
18-Aug-19,67,5:50:00 AM,Sunday,Victoria Park station,Mechanical,10,19,B/W,8707
18-Aug-19,39,6:30:00 AM,Sunday,malvern garage,Vision,10,20,E/B,1401
18-Aug-19,49,7:36:00 AM,Sunday,Markland and Mill St.,Diversion,1084,1094,E/B,8413
18-Aug-19,17,7:48:00 AM,Sunday,Birchmount/ Eglinton,Diversion,2,2,N/B,3104
18-Aug-19,32,7:56:00 AM,Sunday,Renforth Station,Mechanical,10,20,E/B,1263
18-Aug-19,40,8:00:00 AM,Sunday,Entire route,General Delay,1,1,B/W,
18-Aug-19,25,8:05:00 AM,Sunday,Pape Station,Mechanical,7,18,N/B,8895
18-Aug-19,90,8:30:00 AM,Sunday,St Clair West Station,Mechanical,12,24,N/B,1252
18-Aug-19,320,8:45:00 AM,Sunday,Bloor to Queen,Diversion,45,60,B/W,
18-Aug-19,29,9:07:00 AM,Sunday,SB on Dufferine at Briar Hill,Investigation,8,16,S/B,9010
18-Aug-19,701,9:11:00 AM,Sunday,SHEPPARD WEST STN,Mechanical,1,1,N/B,8394
18-Aug-19,60,10:00:00 AM,Sunday,Steeles West Route,General Delay,15,25,BW,0
18-Aug-19,35,10:20:00 AM,Sunday,Jane Station,Mechanical,10,20,N/B,3468
18-Aug-19,92,11:09:00 AM,Sunday,Woodbine station,Investigation,5,10,S/B,8514
18-Aug-19,85,11:15:00 AM,Sunday,Don Mills Stn,Mechanical,40,60,W/B,1338
18-Aug-19,44,11:42:00 AM,Sunday,Kipling Station,Investigation,10,20,S/B,8018
18-Aug-19,927,11:44:00 AM,Sunday,Kippling Station,Investigation,10,20,S/B,3189
18-Aug-19,86,11:58:00 AM,Sunday,Bellamy and eglinton,Mechanical,8,16,W/B,8963
18-Aug-19,16,12:00:00 PM,Sunday,Scarborough Town Center to Warden STN,General Delay,11,23,B/W,
18-Aug-19,7,12:00:00 PM,Sunday,Entire Route,General Delay,20,25,B/W,
18-Aug-19,68,12:00:00 PM,Sunday,Warden stn to Angus Glenn Community Center,General Delay,21,51,B/W,
18-Aug-19,25,12:08:00 PM,Sunday,Pape Station,Mechanical,9,18,B/W,8895
18-Aug-19,9,12:10:00 PM,Sunday,Scarborough Town center to Warden STN,General Delay,17,39,B/W,
18-Aug-19,135,12:30:00 PM,Sunday,Warden STN to Main STN,General Delay,10,40,B/W,
18-Aug-19,17,12:30:00 PM,Sunday,Warden STN to Warden Loop/Steeles,General Delay,14,29,B/W,
18-Aug-19,63,12:39:00 PM,Sunday,Oakwood at Eglinton,Mechanical,7,14,S/B,8364
18-Aug-19,85,12:39:00 PM,Sunday,Sheppard/Yonge,Mechanical,20,40,E/B,1338
18-Aug-19,801,12:45:00 PM,Sunday,Springhurst Loop,Utilized Off Route,1,1,N/B,3333
18-Aug-19,7,12:47:00 PM,Sunday,Bathurst and Wilson,Investigation,7,15,S/B,8306
18-Aug-19,29,12:47:00 PM,Sunday,Springhurst Loop,Utilized Off Route,7,14,N/B,9050
18-Aug-19,45,12:55:00 PM,Sunday,Steeles and Kipling,Investigation,10,19,S/B,8464
18-Aug-19,600,12:55:00 PM,Sunday,Woodbine station,Utilized Off Route,1,1,S/B,3112
18-Aug-19,47,1:21:00 PM,Sunday,Lansdowne & Dundas West,Mechanical,19,39,S/B,1120
18-Aug-19,85,1:23:00 PM,Sunday,Don Mills Stn,Mechanical,6,11,E/B,3434
18-Aug-19,85,1:30:00 PM,Sunday,Toronto Zoo,Mechanical,6,11,W/B,3412
18-Aug-19,65,2:00:00 PM,Sunday,Entire route,General Delay,10,25,B/W,
18-Aug-19,6,2:00:00 PM,Sunday,Entire Route,General Delay,15,29,B/W,
18-Aug-19,94,2:00:00 PM,Sunday,Entire Route,General Delay,15,27,B/W,
18-Aug-19,129,2:10:00 PM,Sunday,McCowan and Sheppard,Investigation,45,90,S/B,1299
18-Aug-19,54,2:17:00 PM,Sunday,LESLIE/EGLINTON,Mechanical,16,32,E/B,8766
18-Aug-19,9,2:45:00 PM,Sunday,Bellamy and Lynnbrook,Diversion,15,37,S/B,8493
18-Aug-19,52,2:55:00 PM,Sunday,Hwy 27 / Lawrence,Mechanical,14,28,E/B,1387
18-Aug-19,36,2:59:00 PM,Sunday,Finch West Station,Mechanical,6,12,E/B,3164
18-Aug-19,72,3:00:00 PM,Sunday,Entire Route,General Delay,17,23,B/W,
18-Aug-19,29,3:00:00 PM,Sunday,Wilson Stn,Emergency Services,4,8,S/B,9055
18-Aug-19,94,3:26:00 PM,Sunday,Wellesley St East of Chruch St,Investigation,12,12,B/W,1549
18-Aug-19,121,4:00:00 PM,Sunday,Entire route,General Delay,15,30,B/W,
18-Aug-19,63,4:00:00 PM,Sunday,Eglinton West station to  ATLANTIC AVE & KING ST W,General Delay,28,34,B/W,
18-Aug-19,86,4:00:00 PM,Sunday,Scarborough route,General Delay,10,1,B/W,
18-Aug-19,116,4:00:00 PM,Sunday,Morningside,General Delay,10,1,B/W,
18-Aug-19,175,4:00:00 PM,Sunday,Bluffers park route,General Delay,10,1,B/W,
18-Aug-19,165,4:00:00 PM,Sunday,BARMAC DR. AT STEELES AVE. W. to YORK MILLS STATION,General Delay,63,73,B/W,
18-Aug-19,96,4:00:00 PM,Sunday,YORK MILLS STATION to  HUMBERLINE LOOP,General Delay,63,75,B/W,
18-Aug-19,36,4:40:00 PM,Sunday,Humberwood Loop,Mechanical,5,10,E/B,3248
18-Aug-19,53,4:50:00 PM,Sunday,Finch Station,Mechanical,12,24,E/B,1504
18-Aug-19,84,5:21:00 PM,Sunday,SHEPPARD/CHESSWOOD,Investigation,8,15,W/B,3334
18-Aug-19,5,5:40:00 PM,Sunday,QUEENS PARK BETWEEN BLOOR/WELLESLEY,Diversion,78,96,B/W,1346
18-Aug-19,41,6:00:00 PM,Sunday,KEELE STATION to PIONEER VILLAGE STATION,General Delay,19,29,B/W,
18-Aug-19,68,6:18:00 PM,Sunday,Warden at Denison,Diversion,72,102,N/B,8806
18-Aug-19,94,6:20:00 PM,Sunday,Queen Park,Diversion,80,93,B/W,1090
18-Aug-19,12,6:42:00 PM,Sunday,Brimley and Eglinton,Investigation,17,34,W/B,8445
18-Aug-19,29,6:51:00 PM,Sunday,Duffrin and Rowan Ave,Investigation,6,11,S/B,1033
18-Aug-19,60,6:59:00 PM,Sunday,Steeles/ Martin Grove,Investigation,14,28,E/B,3329
18-Aug-19,87,7:29:00 PM,Sunday,Cosburn and pape,Investigation,10,20,B/W,8528
18-Aug-19,5,7:39:00 PM,Sunday,DUPONT/AVENUE,Diversion,99,119,S/B,1346
18-Aug-19,12,8:12:00 PM,Sunday,Kennedy Station,Mechanical,17,34,B/W,3101
18-Aug-19,86,8:50:00 PM,Sunday,Eglinton and Bellamy,Diversion,10,26,W/B,
18-Aug-19,116,8:50:00 PM,Sunday,Bellamy and Eglinton,Diversion,10,26,W/B,
18-Aug-19,9,8:50:00 PM,Sunday,Bellamy and Eglinton,Diversion,30,45,W/B,
18-Aug-19,53,9:34:00 PM,Sunday,Finch Station,Mechanical,20,40,E/B,3450
18-Aug-19,60,9:43:00 PM,Sunday,Pioneer Village Station,Mechanical,14,28,E/B,3252
18-Aug-19,25,9:59:00 PM,Sunday,Pape Station,Investigation,8,17,S/B,8843
18-Aug-19,165,10:07:00 PM,Sunday,BARMAC DR. AT STEELES AVE. W.,Mechanical,10,20,S/B,3495
18-Aug-19,64,10:17:00 PM,Sunday,Main Station,Mechanical,20,40,S/B,9226
18-Aug-19,74,11:14:00 PM,Sunday,ST. CLAIR/AVOCA,Mechanical,25,50,N/B,8194
18-Aug-19,53,11:24:00 PM,Sunday,Finch Station,Investigation,20,40,E/B,1404
18-Aug-19,32,11:39:00 PM,Sunday,RENFORTH STATION,Mechanical,10,20,E/B,1423
19-Aug-19,35,12:22:00 AM,Monday,Jane and Weston,Mechanical,9,18,S/B,3569
19-Aug-19,86,1:09:00 AM,Monday,Sheppard and Medowvale,Emergency Services,10,20,S/B,8801
19-Aug-19,320,1:47:00 AM,Monday,Queensquay and Yonge,Utilized Off Route,7,14,N/B,8141
19-Aug-19,353,2:20:00 AM,Monday,Ian Macdonald & Chimneystack,Investigation,30,60,S/B,3558
19-Aug-19,300,2:23:00 AM,Monday,T3 at Pearson Airport,Mechanical,30,30,E/B,8005
19-Aug-19,336,3:32:00 AM,Monday,Finch/Yonge,Mechanical,60,120,W/B,3415
19-Aug-19,332,3:42:00 AM,Monday,Industry st and todd baylis,Mechanical,1,1,N/B,1004
19-Aug-19,34,5:58:00 AM,Monday,Eglinton Station,Mechanical,6,8,E/B,8761
19-Aug-19,49,6:00:00 AM,Monday,Markland and Mill Rd,Diversion,9,18,E/B,
19-Aug-19,22,6:02:00 AM,Monday,woodbine and Danforth,Investigation,20,40,,8947
19-Aug-19,165,6:26:00 AM,Monday,Wilson & Weston,Mechanical,8,16,S/B,3304
19-Aug-19,32,6:35:00 AM,Monday,Eglinton W Stn,Mechanical,7,14,,1027
19-Aug-19,79,6:47:00 AM,Monday,Runnymede Stn,Mechanical,10,23,N/B,1118
19-Aug-19,36,7:06:00 AM,Monday,Humberwood loop,Mechanical,6,12,E/B,9122
19-Aug-19,111,7:08:00 AM,Monday,Eastmall and Rathburn,Mechanical,11,22,N/B,8610
19-Aug-19,600,7:18:00 AM,Monday,Eglinton and Lebovic,Mechanical,1,1,E/B,8663
19-Aug-19,111,7:30:00 AM,Monday,Kipling Station to Willowridge,General Delay,22,33,B/W,
19-Aug-19,49,7:30:00 AM,Monday,Kipling Station to Markland,General Delay,18,27,B/W,
19-Aug-19,123,7:30:00 AM,Monday,Kipling Station to Sherway,General Delay,40,60,B/W,
19-Aug-19,989,7:30:00 AM,Monday,Keele Station,Mechanical,12,24,S/B,1108
19-Aug-19,60,7:35:00 AM,Monday,Pioneer Village Station,Investigation,8,16,SB,3339
19-Aug-19,55,7:48:00 AM,Monday,Old Mill Station,Mechanical,15,30,N/B,1261
19-Aug-19,960,7:50:00 AM,Monday,Finch Station,Mechanical,10,20,NB,3229
19-Aug-19,935,7:54:00 AM,Monday,Jane and Eglinton,Mechanical,8,16,S/B,3564
19-Aug-19,989,8:15:00 AM,Monday,Weston/St.Clair,Diversion,25,37,S/B,1136
19-Aug-19,89,8:15:00 AM,Monday,Keele/St.Clair,Diversion,25,31,N/B,1044
19-Aug-19,941,8:20:00 AM,Monday,Keele and St Clair,Diversion,14,28,B/W,1121
19-Aug-19,41,8:20:00 AM,Monday,St Clair and Keele,Diversion,9,18,B/W,9144
19-Aug-19,954,8:23:00 AM,Monday,Lawrence East RT station,Mechanical,9,9,E/B,8683
19-Aug-19,127,8:30:00 AM,Monday,Bathurst & Davenport,Investigation,12,24,W/B,1054
19-Aug-19,95,8:37:00 AM,Monday,Kington Rd and Ellesmere Rd,Mechanical,22,34,ew,3457
19-Aug-19,96,8:39:00 AM,Monday,Humberline Loop,Emergency Services,20,42,E/B,3291
19-Aug-19,90,8:42:00 AM,Monday,Vaughn and Jesmond,Investigation,5,10,,1231
19-Aug-19,29,9:05:00 AM,Monday,Exhibition Loop,Mechanical,8,16,N/B,9027
19-Aug-19,63,9:08:00 AM,Monday,Oakwood Loop,Utilized Off Route,3,13,S/B,8348
19-Aug-19,133,9:24:00 AM,Monday,Tapscott and Neilson,Mechanical,12,24,B/W,3505
19-Aug-19,71,9:28:00 AM,Monday,Runnymede and Colbeck,Mechanical,18,36,N/B,1023
19-Aug-19,24,10:50:00 AM,Monday,Victoria Park station,Mechanical,10,20,S/B,8510
19-Aug-19,64,10:54:00 AM,Monday,Williams & Southwood,Mechanical,10,20,N/B,8500
19-Aug-19,97,11:04:00 AM,Monday,Yonge St and Chaplin,Mechanical,30,60,S/B,8115
19-Aug-19,985,11:06:00 AM,Monday,Sheppard and Birchmount,Investigation,11,21,E/B,9090
19-Aug-19,14,11:07:00 AM,Monday,Caledonia and Glencairn,Mechanical,20,40,E/B,1139
19-Aug-19,102,12:00:00 PM,Monday,Markham Road route,General Delay,30,60,B/W,
19-Aug-19,17,12:00:00 PM,Monday,Birchmount Route,General Delay,30,60,B/W,
19-Aug-19,90,12:10:00 PM,Monday,Oakwood/Vaughan,Mechanical,10,20,S/B,1253
19-Aug-19,54,12:42:00 PM,Monday,Leslie and Eglinton,Investigation,13,26,E/B,8873
19-Aug-19,116,12:42:00 PM,Monday,Eglinton and Brimley,Emergency Services,10,20,E/B,8690
19-Aug-19,121,12:52:00 PM,Monday,Lakeshore and Carlaw,Mechanical,20,40,W/B,8547
19-Aug-19,131,1:00:00 PM,Monday,Scarborough Town Centre to Old Finch,General Delay,15,20,B/W,
19-Aug-19,68,1:00:00 PM,Monday,Warden Route,General Delay,40,80,B/W,
19-Aug-19,7,1:28:00 PM,Monday,Bathurst and Lawrence,Emergency Services,8,16,SB,8369
19-Aug-19,34,1:33:00 PM,Monday,Kennedy Stn,Mechanical,7,13,W/B,8920
19-Aug-19,67,1:40:00 PM,Monday,Victoria Park station,Mechanical,15,30,S/B,8627
19-Aug-19,32,1:54:00 PM,Monday,Eglinton Ave W at Caledonia Rd,Mechanical,13,26,W/B,1412
19-Aug-19,70,2:00:00 PM,Monday,70 O'Connor- All Branch,General Delay,10,20,B/W,8772
19-Aug-19,925,2:00:00 PM,Monday,925 Don Mills Express- All Branch,General Delay,10,20,B/W,8788
19-Aug-19,92,2:00:00 PM,Monday,92 Woodbine South Route,General Delay,9,19,B/W,9223
19-Aug-19,92,2:00:00 PM,Monday,Woodbine Ave/Burgess Ave,General Delay,11,23,N/B,9223
19-Aug-19,25,2:00:00 PM,Monday,25 Don Mills- All Branches,General Delay,10,18,B/W,8771
19-Aug-19,704,2:28:00 PM,Monday,Jane and Finch,Investigation,1,1,N/B,3263
19-Aug-19,60,2:32:00 PM,Monday,Finch Station,Emergency Services,9,18,E/B,3244
19-Aug-19,52,2:45:00 PM,Monday,Bresler Dr and Campus Rd,Diversion,1,1,W/B,8358
19-Aug-19,7,2:47:00 PM,Monday,Bathurst Station,Mechanical,7,14,NB,8136
19-Aug-19,41,3:00:00 PM,Monday,Keele and Eglinton,General Delay,9,18,BW,9047
19-Aug-19,66,3:00:00 PM,Monday,Entire Route,General Delay,25,33,B/W,
19-Aug-19,68,3:03:00 PM,Monday,Sheppard,Emergency Services,40,80,S/B,8824
19-Aug-19,94,3:07:00 PM,Monday,Church and Welsley,Mechanical,15,30,E/B,1009
19-Aug-19,34,3:09:00 PM,Monday,Eglinton Station,Mechanical,6,13,E/B,8673
19-Aug-19,79,3:09:00 PM,Monday,Pine and Lawrence,Mechanical,7,15,S/B,1134
19-Aug-19,929,3:15:00 PM,Monday,Wilson Station,Mechanical,10,20,S/B,9050
19-Aug-19,65,3:23:00 PM,Monday,Castle Frank Station,Mechanical,11,22,S/B,3115
19-Aug-19,29,3:25:00 PM,Monday,Bayview/ Sheppard,Mechanical,1,1,N/B,9064
19-Aug-19,90,3:28:00 PM,Monday,St. Clair West Stn,Utilized Off Route,10,17,W/B,1236
19-Aug-19,100,3:31:00 PM,Monday,Broadview Stn,Utilized Off Route,6,12,E/B,8694
19-Aug-19,117,3:36:00 PM,Monday,Sheppard West station,Mechanical,13,26,N/B,1235
19-Aug-19,6,3:49:00 PM,Monday,Bay and Queensquay,Investigation,8,15,W/B,1073
19-Aug-19,34,3:50:00 PM,Monday,Eglinton and Don Mills,Investigation,6,13,W/B,8880
19-Aug-19,9,4:00:00 PM,Monday,Bellamy route,General Delay,30,60,B/W,
19-Aug-19,105,4:03:00 PM,Monday,Sheppard west station,Mechanical,11,23,N/B,1279
19-Aug-19,76,4:15:00 PM,Monday,Royal York stn,Mechanical,6,12,S/B,8098
19-Aug-19,929,4:27:00 PM,Monday,Dufferin/ Orfus,Emergency Services,10,20,S/B,9049
19-Aug-19,115,4:42:00 PM,Monday,Yorkmills station,Mechanical,24,48,E/B,8313
19-Aug-19,73,4:50:00 PM,Monday,Albion and Finch,Mechanical,24,49,W/B,8147
19-Aug-19,11,4:50:00 PM,Monday,Islington stn,Mechanical,12,24,S/B,7968
19-Aug-19,53,4:54:00 PM,Monday,Kennedy and Steeles,Mechanical,6,12,E/B,1724
19-Aug-19,126,5:00:00 PM,Monday,Christie Station,Investigation,30,60,N/B,1136
19-Aug-19,16,5:00:00 PM,Monday,McCowan South Route,General Delay,8,16,B/W,
19-Aug-19,169,5:01:00 PM,Monday,Don Mills Station,Mechanical,25,50,E/B,1347
19-Aug-19,52,5:03:00 PM,Monday,TERMINAL 3- PEARSON,Investigation,16,32,E/B,8357
19-Aug-19,937,5:15:00 PM,Monday,Islington and Barkwin,Investigation,12,24,N/B,8617
19-Aug-19,90,5:16:00 PM,Monday,St Clair West Station,Utilized Off Route,6,12,S/B,1236
19-Aug-19,133,5:39:00 PM,Monday,Wickson and Neilson,Mechanical,11,22,B/W,3503
19-Aug-19,21,5:50:00 PM,Monday,Scarborough Town centre,Utilized Off Route,11,22,N/B,3428
19-Aug-19,42,6:04:00 PM,Monday,Finch Station,Mechanical,16,32,E/B,8139
19-Aug-19,21,6:07:00 PM,Monday,Steeles Loop,Mechanical,9,18,S/B,3448
19-Aug-19,41,6:13:00 PM,Monday,Keele and Humberside,Diversion,14,28,SB,9150
19-Aug-19,24,6:39:00 PM,Monday,Surrey @ Vict-Pk,Mechanical,13,26,N/B,8591
19-Aug-19,72,7:00:00 PM,Monday,Between Front/Bay and Pape Stn,General Delay,20,40,B/W,
19-Aug-19,79,7:53:00 PM,Monday,Scarlett and Mould,Investigation,15,30,E/B,1259
19-Aug-19,54,8:45:00 PM,Monday,Eglinton Stn.,Utilized Off Route,10,20,E/B,8806
19-Aug-19,48,10:22:00 PM,Monday,Royal York Station,Mechanical,30,60,EB,8014
20-Aug-19,36,12:40:00 AM,Tuesday,Humberline,Mechanical,10,20,E/B,3363
20-Aug-19,89,1:05:00 AM,Tuesday,Dundas West and Keele,Mechanical,10,20,N/B,1119
20-Aug-19,383,1:38:00 AM,Tuesday,Lakeshore Garage,Vision,1,1,E/B,8476
20-Aug-19,53,2:07:00 AM,Tuesday,Finch Station,Investigation,24,34,N/B,1703
20-Aug-19,302,2:50:00 AM,Tuesday,Danforth & Eglinton,Investigation,30,60,N/B,3112
20-Aug-19,384,4:41:00 AM,Tuesday,Shepperd on Yonge,Mechanical,30,60,W/B,3170
20-Aug-19,49,4:49:00 AM,Tuesday,Kipling Station,Mechanical,12,24,W/B,8089
20-Aug-19,39,5:22:00 AM,Tuesday,Markham & Mclevin,Mechanical,10,20,E/B,3514
20-Aug-19,6,5:25:00 AM,Tuesday,Dupont / Davenport,Mechanical,5,10,B/W,1070
20-Aug-19,14,6:00:00 AM,Tuesday,Glencairn and Caledonia,Utilized Off Route,23,39,E/B,1005
20-Aug-19,111,6:15:00 AM,Tuesday,Willoridge and Richgrove,Emergency Services,15,30,S/B,8004
20-Aug-19,905,6:20:00 AM,Tuesday,Kennedy Station,Mechanical,11,11,E/B,8793
20-Aug-19,24,6:25:00 AM,Tuesday,Amsterdam and Victoria Park,Mechanical,10,20,N/B,8558
20-Aug-19,36,6:30:00 AM,Tuesday,Finch West Station,Vision,6,12,W/B,9115
20-Aug-19,75,6:37:00 AM,Tuesday,Lower Jarvis / Queens Quay,Mechanical,6,12,S/B,1355
20-Aug-19,95,6:42:00 AM,Tuesday,York Mills Station,Mechanical,9,22,E/B,3429
20-Aug-19,106,7:06:00 AM,Tuesday,Pioneer Village Station,Mechanical,8,16,S/B,8799
20-Aug-19,127,7:15:00 AM,Tuesday,Townsley Loop,Mechanical,16,32,E/B,1254
20-Aug-19,34,7:20:00 AM,Tuesday,Eglinton Station,Mechanical,1,1,W/B,8769
20-Aug-19,34,7:33:00 AM,Tuesday,Mt. Pleasant and Eglinton,Mechanical,1,1,W/B,8693
20-Aug-19,924,8:20:00 AM,Tuesday,St.Clair and Victoria Park,Investigation,10,20,S/B,3109
20-Aug-19,160,8:30:00 AM,Tuesday,Wilson Station,Mechanical,20,40,N/B,1347
20-Aug-19,10,9:00:00 AM,Tuesday,Don Mills Statiom,Mechanical,15,30,W/B,8111
20-Aug-19,53,9:23:00 AM,Tuesday,Staines and Quietbrook,Investigation,6,12,S/B,1239
20-Aug-19,30,9:35:00 AM,Tuesday,KPSN,Investigation,26,42,E/B,7979
20-Aug-19,35,9:50:00 AM,Tuesday,Jane Stn,Diversion,84,91,S/B,
20-Aug-19,168,9:56:00 AM,Tuesday,Dundas West Station,Investigation,18,20,E/B,1560
20-Aug-19,929,10:03:00 AM,Tuesday,St Clair and Dufferin,Investigation,10,20,N/B,9038
20-Aug-19,24,10:15:00 AM,Tuesday,Huntingwood and Victoria Park,Mechanical,11,22,S/B,8483
20-Aug-19,110,10:23:00 AM,Tuesday,Long Branch,Mechanical,30,60,E/B,8062
20-Aug-19,24,11:30:00 AM,Tuesday,donmills station,Mechanical,9,18,,8661
20-Aug-19,89,11:45:00 AM,Tuesday,Albion/Weston,Mechanical,10,20,N/B,1114
20-Aug-19,52,11:45:00 AM,Tuesday,Lawrence W Stn,Mechanical,15,30,W/B,1299
20-Aug-19,900,11:48:00 AM,Tuesday,Kipling Station,Utilized Off Route,7,14,W/B,8003
20-Aug-19,52,11:49:00 AM,Tuesday,Dixon and Royal York,Diversion,15,30,W/B,8131
20-Aug-19,72,11:55:00 AM,Tuesday,Cherry and Villiers,Diversion,1,1,W/B,3106
20-Aug-19,12,11:58:00 AM,Tuesday,Kennedy Station - Kingston Road,Mechanical,22,44,W/B,8544
20-Aug-19,39,12:16:00 PM,Tuesday,Finch Station,Mechanical,16,32,E/B,3449
20-Aug-19,30,12:25:00 PM,Tuesday,Montgomery and Dundas,Mechanical,27,60,S/B,8030
20-Aug-19,34,12:40:00 PM,Tuesday,Eglinton and Banff,Mechanical,8,16,E/B,8658
20-Aug-19,12,12:45:00 PM,Tuesday,Danforth and Birchmount,Investigation,22,44,E/B,8540
20-Aug-19,102,1:00:00 PM,Tuesday,Markham Route,General Delay,30,60,B/W,
20-Aug-19,131,1:00:00 PM,Tuesday,Scarborough Town Centre to Old Finch,General Delay,15,20,B/W,
20-Aug-19,68,1:00:00 PM,Tuesday,Warden route,General Delay,40,80,B/W,
20-Aug-19,32,1:17:00 PM,Tuesday,Eglinton Stn,Mechanical,11,22,W/B,1626
20-Aug-19,79,1:20:00 PM,Tuesday,Runnymede Station,Mechanical,24,48,N/B,1133
20-Aug-19,925,1:26:00 PM,Tuesday,925- Don Mills Express- All branch,General Delay,10,20,B/W,8900
20-Aug-19,927,1:30:00 PM,Tuesday,Humber College,Mechanical,7,13,NB,3325
20-Aug-19,25,1:46:00 PM,Tuesday,25 Don Mills-All Branch,General Delay,10,18,B/W,8710
20-Aug-19,132,1:50:00 PM,Tuesday,Mclevin and Sewells,Diversion,277,301,N/B,1663
20-Aug-19,95,1:52:00 PM,Tuesday,Ellesmere RT Station,Mechanical,20,40,sb,3414
20-Aug-19,70,1:55:00 PM,Tuesday,70- O'Connor -All Branch,General Delay,10,20,B/W,8796
20-Aug-19,17,2:00:00 PM,Tuesday,Birchmount Route,General Delay,40,80,B/W,
20-Aug-19,91,2:00:00 PM,Tuesday,91 Woodbine Route.,General Delay,11,23,B/W,8941
20-Aug-19,89,2:00:00 PM,Tuesday,Keele Station,General Delay,8,16,BW,1106
20-Aug-19,41,2:00:00 PM,Tuesday,Entire 41 Keele Route Bothways,General Delay,14,23,B/W,
20-Aug-19,80,2:00:00 PM,Tuesday,Keele Station,General Delay,20,40,BW,8065
20-Aug-19,83,2:00:00 PM,Tuesday,83 jones route,General Delay,12,25,B/W,8959
20-Aug-19,89,2:10:00 PM,Tuesday,Weston and Oak,Investigation,10,20,SB,1018
20-Aug-19,52,2:10:00 PM,Tuesday,Lawrence W stn,Mechanical,15,30,W/B,8391
20-Aug-19,927,2:21:00 PM,Tuesday,Steeles Loop,Mechanical,7,14,SB,3322
20-Aug-19,25,2:26:00 PM,Tuesday,Don Mills Station,Mechanical,8,16,N/B,8906
20-Aug-19,32,2:31:00 PM,Tuesday,Emmett/Verona,Mechanical,9,17,E/B,1008
20-Aug-19,35,3:00:00 PM,Tuesday,Jane Station to Pioneer Village Station,General Delay,27,39,b,
20-Aug-19,7,3:00:00 PM,Tuesday,Entire 7 Bathurst Route Bothways,General Delay,10,16,B/W,
20-Aug-19,66,3:00:00 PM,Tuesday,Entire Route,General Delay,25,30,B/W,
20-Aug-19,935,3:00:00 PM,Tuesday,Jane Station to Pioneer Village Station,General Delay,26,37,B/W,
20-Aug-19,94,3:00:00 PM,Tuesday,Between Wellsley Stn  and Castle Frank Stn.,General Delay,25,35,B/W,
20-Aug-19,129,3:00:00 PM,Tuesday,Scarborough Town Centre to Major Mac,General Delay,15,20,B/W,
20-Aug-19,16,3:00:00 PM,Tuesday,McCowan South route,General Delay,8,16,B/W,
20-Aug-19,9,3:00:00 PM,Tuesday,Bellamy route,General Delay,30,60,B/W,
20-Aug-19,40,3:00:00 PM,Tuesday,Dundas West Station,General Delay,10,20,BW,7963
20-Aug-19,25,3:06:00 PM,Tuesday,Don Mills Station,Mechanical,7,12,S/B,8678
20-Aug-19,6,3:17:00 PM,Tuesday,Bay and Bloor,Investigation,12,24,N/B,1090
20-Aug-19,49,3:29:00 PM,Tuesday,Markland and Mill Road,Mechanical,12,24,EB,8073
20-Aug-19,7,3:30:00 PM,Tuesday,Dupont & Bathurst,Diversion,38,46,S/B,8335
20-Aug-19,102,3:35:00 PM,Tuesday,Markham and Sheppard,Diversion,200,221,N/B,
20-Aug-19,902,3:35:00 PM,Tuesday,Markham and Sheppard,Diversion,160,175,N/B,
20-Aug-19,941,3:45:00 PM,Tuesday,Entire 941 Keele Express Bothways,General Delay,12,20,B/W,
20-Aug-19,941,3:49:00 PM,Tuesday,Gulliver & Keele,Investigation,13,26,S/B,1041
20-Aug-19,989,3:50:00 PM,Tuesday,Keele Station,General Delay,10,20,BW,1329
20-Aug-19,131,4:00:00 PM,Tuesday,Nugget,General Delay,10,1,S/B,
20-Aug-19,100,4:00:00 PM,Tuesday,Between Broadview Stn and Don Mills /Eglinton,General Delay,35,45,B/W,
20-Aug-19,130,4:00:00 PM,Tuesday,Scarborough Town Centre to Steeles,General Delay,10,15,B/W,
20-Aug-19,43,4:00:00 PM,Tuesday,Kennedy stn,General Delay,15,1,B/W,
20-Aug-19,116,4:00:00 PM,Tuesday,Morningside route,General Delay,10,1,B/W,
20-Aug-19,132,4:00:00 PM,Tuesday,Scarborouigh Town Centre to Hupfield Trail,General Delay,12,15,B/W,
20-Aug-19,986,4:01:00 PM,Tuesday,Meadowvale Loop,Vision,5,10,W/B,8742
20-Aug-19,75,4:02:00 PM,Tuesday,Between Jarvis/Queensquay and South /Glen,General Delay,35,46,B/W,
20-Aug-19,939,4:10:00 PM,Tuesday,Kennedy,Mechanical,12,24,W/B,3480
20-Aug-19,996,4:26:00 PM,Tuesday,Wilson/Dufferin,Investigation,11,22,W/B,3200
20-Aug-19,95,4:30:00 PM,Tuesday,Ellesmere station,Mechanical,11,23,E/B,3401
20-Aug-19,66,4:30:00 PM,Tuesday,Prince Edward and Glenaden,Mechanical,8,13,N/B,8027
20-Aug-19,7,4:42:00 PM,Tuesday,Greenwin Village & Bathurst,Mechanical,8,16,S/B,1236
20-Aug-19,97,4:54:00 PM,Tuesday,Yorkmills to QueensQuay,General Delay,15,40,B/W,
20-Aug-19,59,4:55:00 PM,Tuesday,Lawrence west station,Mechanical,14,28,W/B,3530
20-Aug-19,85,5:00:00 PM,Tuesday,Bothways on entire route 85,General Delay,32,40,B/W,
20-Aug-19,953,5:00:00 PM,Tuesday,Finch station,Mechanical,15,30,E/B,9093
20-Aug-19,34,5:26:00 PM,Tuesday,Grenoble and Span Bridge,Mechanical,10,20,W/B,8859
20-Aug-19,95,5:40:00 PM,Tuesday,Warden and Ellesmere,Mechanical,19,35,E/B,1748
20-Aug-19,79,5:45:00 PM,Tuesday,Pine and Lawrence to Runnymede Station,General Delay,33,48,B/W,
20-Aug-19,106,5:50:00 PM,Tuesday,Pond Rd and Passy Crescent,Mechanical,12,24,N/B,1376
20-Aug-19,54,5:50:00 PM,Tuesday,Leslie just north of Eglinton,Investigation,14,28,N/B,8901
20-Aug-19,986,6:00:00 PM,Tuesday,Eglinton and Markham,Mechanical,8,16,S/B,8784
20-Aug-19,989,6:00:00 PM,Tuesday,Keele Station,Mechanical,10,20,NB,1329
20-Aug-19,60,6:09:00 PM,Tuesday,Steeles and Yonge,Investigation,9,18,W/B,3189
20-Aug-19,902,6:10:00 PM,Tuesday,Warden Station,Vision,10,20,N/B,9229
20-Aug-19,121,6:12:00 PM,Tuesday,Yonge and Front,Investigation,18,36,W/B,8546
20-Aug-19,905,6:17:00 PM,Tuesday,Morningside and Kingston Rd,Investigation,10,20,W/B,8793
20-Aug-19,39,6:30:00 PM,Tuesday,Gordan Baker,Mechanical,15,30,E/B,1394
20-Aug-19,60,6:47:00 PM,Tuesday,Finch Station,Mechanical,9,18,W/B,3348
20-Aug-19,54,6:49:00 PM,Tuesday,Leslie north of Eglinton,Investigation,7,14,E/B,8902
20-Aug-19,47,6:55:00 PM,Tuesday,Earls Court Loop,Mechanical,13,27,S/B,1272
20-Aug-19,110,7:05:00 PM,Tuesday,Long Branch Loop,Mechanical,18,36,N/B,8073
20-Aug-19,171,7:08:00 PM,Tuesday,Weston rd and jane st,Mechanical,20,40,N/B,1128
20-Aug-19,12,7:15:00 PM,Tuesday,Vict-Pk Station,Investigation,18,36,S/B,9226
20-Aug-19,32,7:38:00 PM,Tuesday,Eglinton West Stn,Mechanical,10,20,E/B,1503
20-Aug-19,104,7:39:00 PM,Tuesday,Sheppard west station,Mechanical,18,32,N/B,8311
20-Aug-19,6,8:19:00 PM,Tuesday,QueenQuay /Bay,Utilized Off Route,7,15,N/B,1092
20-Aug-19,79,8:26:00 PM,Tuesday,Runnymede Station,Investigation,24,48,N/B,1105
20-Aug-19,60,8:27:00 PM,Tuesday,Pioneer village station,Mechanical,9,18,W/B,3217
20-Aug-19,7,8:31:00 PM,Tuesday,Bathurst Station,Utilized Off Route,8,16,N/B,8374
20-Aug-19,44,8:32:00 PM,Tuesday,Kipling and Evans,Investigation,10,20,SB,8405
20-Aug-19,43,8:41:00 PM,Tuesday,kennedy and ellesmere,Mechanical,10,20,S/B,8624
20-Aug-19,21,8:43:00 PM,Tuesday,Steeles,Diversion,27,38,N/B,
20-Aug-19,53,9:25:00 PM,Tuesday,Laureleaf and Steeles,Diversion,244,254,W/B,3555
20-Aug-19,25,9:28:00 PM,Tuesday,Don Mills Station,Mechanical,8,16,S/B,8862
20-Aug-19,102,9:33:00 PM,Tuesday,Finch and Markham,Diversion,288,298,B/W,
20-Aug-19,100,9:53:00 PM,Tuesday,Thorncliff PK,Emergency Services,9,18,E/B,8675
20-Aug-19,167,11:03:00 PM,Tuesday,Don Mill station,Mechanical,30,60,E/B,8468
20-Aug-19,123,11:24:00 PM,Tuesday,Kipling Station,Mechanical,24,48,SB,7947
21-Aug-19,60,12:30:00 AM,Wednesday,Pioneer Village,Mechanical,17,34,E/B,9122
21-Aug-19,7,12:45:00 AM,Wednesday,Bathurst and Finch,Diversion,17,26,S/B,1371
21-Aug-19,36,1:00:00 AM,Wednesday,Bathurst,Diversion,35,45,W/B,9127
21-Aug-19,300,1:23:00 AM,Wednesday,Kipling Station,Mechanical,10,10,W/B,8053
21-Aug-19,86,2:50:00 AM,Wednesday,Eglinton Yard,Utilized Off Route,1,1,E/B,8908
21-Aug-19,96,5:55:00 AM,Wednesday,Wilson Station,Mechanical,19,37,W/B,3343
21-Aug-19,29,5:59:00 AM,Wednesday,Wilson Station,Mechanical,9,18,S/B,9103
21-Aug-19,90,6:10:00 AM,Wednesday,Okwood and Vaughn,Mechanical,5,10,,1245
21-Aug-19,7,6:24:00 AM,Wednesday,Bathurst Station,Mechanical,9,18,N/B,1364
21-Aug-19,939,6:38:00 AM,Wednesday,STC SRT Station,Mechanical,8,16,W/B,3549
21-Aug-19,900,6:50:00 AM,Wednesday,Kipling Station,Mechanical,1,1,E/B,8008
21-Aug-19,30,7:00:00 AM,Wednesday,ENTIRE ROUTE,General Delay,21,45,B/W,
21-Aug-19,44,7:00:00 AM,Wednesday,ENTIRE ROUTE,General Delay,6,30,B/W,
21-Aug-19,45,7:00:00 AM,Wednesday,ENTIRE ROUTE,General Delay,17,45,B/W,
21-Aug-19,944,7:00:00 AM,Wednesday,ENTIRE ROUTE,General Delay,10,30,B/W,
21-Aug-19,112,7:00:00 AM,Wednesday,ENTIRE ROUTE,General Delay,16,40,B/W,
21-Aug-19,49,7:00:00 AM,Wednesday,ENTIRE ROUTE,General Delay,9,30,B/W,
21-Aug-19,51,7:00:00 AM,Wednesday,entire route,General Delay,20,40,B/W,
21-Aug-19,111,7:00:00 AM,Wednesday,ENTIRE ROUTE,General Delay,11,35,B/W,
21-Aug-19,54,7:00:00 AM,Wednesday,entire route,General Delay,10,20,B/W,
21-Aug-19,123,7:00:00 AM,Wednesday,ENTIRE ROUTE,General Delay,20,50,B/W,
21-Aug-19,945,7:00:00 AM,Wednesday,ENTIRE ROUTE,General Delay,6,30,B/W,
21-Aug-19,63,7:05:00 AM,Wednesday,Eglinton West Station,Mechanical,4,7,S/B,8138
21-Aug-19,939,7:08:00 AM,Wednesday,Finch and Bridletown Cir,Mechanical,8,16,W/B,3519
21-Aug-19,132,7:16:00 AM,Wednesday,McLevin and Sewells,Diversion,104,24,B/W,3538
21-Aug-19,939,7:52:00 AM,Wednesday,Bayview and Finch,Mechanical,8,16,W/B,3473
21-Aug-19,42,7:54:00 AM,Wednesday,Markham / McNicoll,Mechanical,12,24,W/B,8351
21-Aug-19,927,8:00:00 AM,Wednesday,Kipling Station,General Delay,10,20,B/W,
21-Aug-19,900,8:00:00 AM,Wednesday,Kipling Station,General Delay,10,17,B/W,
21-Aug-19,72,8:20:00 AM,Wednesday,Carlaw / Queen,Mechanical,9,18,N/B,8538
21-Aug-19,130,8:21:00 AM,Wednesday,Nugget and Sheppard,Investigation,16,32,B/W,3422
21-Aug-19,63,8:43:00 AM,Wednesday,Oakwood Loop,Mechanical,4,11,S/B,8365
21-Aug-19,995,8:50:00 AM,Wednesday,York Mills Station,Mechanical,15,28,E/B,1745
21-Aug-19,102,8:55:00 AM,Wednesday,Markham and Beech St,Investigation,18,36,S/B,9217
21-Aug-19,17,9:05:00 AM,Wednesday,Birchmount and Ellesmere Rd,Investigation,8,16,S/B,8526
21-Aug-19,47,9:07:00 AM,Wednesday,Caledonia and Lawrence,Mechanical,11,22,S/B,1549
21-Aug-19,29,10:08:00 AM,Wednesday,Springhurst Loop,Mechanical,8,16,S/B,9142
21-Aug-19,52,10:17:00 AM,Wednesday,Martingrove and Westway,Investigation,15,30,E/B,8354
21-Aug-19,70,10:18:00 AM,Wednesday,St  Clair and Maybourne,Investigation,18,36,,8738
21-Aug-19,902,11:01:00 AM,Wednesday,Markham and Scranton Rd,Investigation,15,30,S/B,8465
21-Aug-19,100,11:10:00 AM,Wednesday,Linkwood and St.Dennis,Mechanical,6,12,S/B,8931
21-Aug-19,57,11:11:00 AM,Wednesday,Midland and McNicoll,Diversion,14,28,S/B,8850
21-Aug-19,29,11:20:00 AM,Wednesday,Dufferin & Queen,Investigation,7,14,S/B,9012
21-Aug-19,7,11:32:00 AM,Wednesday,,Mechanical,0,0,E/B,8333
21-Aug-19,985,12:00:00 PM,Wednesday,Midland and Sheppard ave,Diversion,11,22,W/B,9071
21-Aug-19,41,12:00:00 PM,Wednesday,Entire 41 Keele Route Bothways,General Delay,13,20,B/W,
21-Aug-19,985,12:00:00 PM,Wednesday,Entire 985 route bothways,General Delay,60,68,B/W,
21-Aug-19,85,12:00:00 PM,Wednesday,Bothways on entire 85 route,General Delay,60,68,B/W,
21-Aug-19,985,12:00:00 PM,Wednesday,Midland and Sheppard,Diversion,11,22,W/B,9081
21-Aug-19,54,12:00:00 PM,Wednesday,Lawrence and Brimley,General Delay,14,28,BW,8662
21-Aug-19,51,12:00:00 PM,Wednesday,Fresh Meadow and Don Mills,General Delay,20,40,BW,7985
21-Aug-19,168,12:05:00 PM,Wednesday,Symington/Dupont,Mechanical,12,25,N/B,1144
21-Aug-19,89,12:05:00 PM,Wednesday,Weston/Walsh,Mechanical,10,20,N/B,1133
21-Aug-19,75,12:18:00 PM,Wednesday,Shebourn Stn,Investigation,11,22,N/B,1249
21-Aug-19,57,12:20:00 PM,Wednesday,Sheppard and Midland,Diversion,14,28,S/B,8923
21-Aug-19,47,12:32:00 PM,Wednesday,Lansdowne and Bloor,Investigation,15,30,N/B,1101
21-Aug-19,29,12:34:00 PM,Wednesday,Wilson Station,Mechanical,8,16,S/B,9013
21-Aug-19,85,12:35:00 PM,Wednesday,Bothways diversion,Diversion,62,70,B/W,
21-Aug-19,89,12:54:00 PM,Wednesday,Weston/Walsh,Mechanical,10,20,N/B,1553
21-Aug-19,89,1:00:00 PM,Wednesday,Jane/Lawrence/Annette,General Delay,59,69,N/B,
21-Aug-19,131,1:00:00 PM,Wednesday,Scarborough Town Centre to Old Finch,General Delay,15,20,B/W,
21-Aug-19,25,1:06:00 PM,Wednesday,25 Don Mills-All Branch,General Delay,9,18,B/W,8651
21-Aug-19,925,1:06:00 PM,Wednesday,925 Don Mills Express Route,General Delay,10,20,B/W,8832
21-Aug-19,92,1:06:00 PM,Wednesday,92 Woodbine South Route,General Delay,12,23,B/W,3148
21-Aug-19,91,1:06:00 PM,Wednesday,91 Woodbine Route,General Delay,13,26,B/W,
21-Aug-19,81,1:06:00 PM,Wednesday,81 Thorncliff Park Route.,General Delay,11,22,B/W,8596
21-Aug-19,70,1:06:00 PM,Wednesday,70 O'Connor- All Branch,General Delay,18,36,B/W,8924
21-Aug-19,60,1:14:00 PM,Wednesday,Bishop and Yonge,Investigation,4,9,W/B,3249
21-Aug-19,17,1:23:00 PM,Wednesday,Lawrence,Investigation,13,26,N/B,8571
21-Aug-19,68,1:26:00 PM,Wednesday,Warden and Bamburg Circle South,Investigation,10,20,N/B,8668
21-Aug-19,7,1:35:00 PM,Wednesday,Bathurst & Finch,Mechanical,8,16,S/B,8333
21-Aug-19,83,1:38:00 PM,Wednesday,Donland Station,Diversion,22,40,N/B,8589
21-Aug-19,600,1:40:00 PM,Wednesday,STC,Utilized Off Route,1,1,S/B,3403
21-Aug-19,600,1:41:00 PM,Wednesday,Pape Stn,Utilized Off Route,1,1,E/B,8503
21-Aug-19,56,1:41:00 PM,Wednesday,Donlands Station,Diversion,18,36,WB,8177
21-Aug-19,709,1:41:00 PM,Wednesday,Jane & Alliance,Utilized Off Route,1,1,E/B,1137
21-Aug-19,600,1:45:00 PM,Wednesday,Lawrence and Warden,Utilized Off Route,1,1,EB,8732
21-Aug-19,601,1:45:00 PM,Wednesday,Brichmount Division,Utilized Off Route,1,1,S/B,9214
21-Aug-19,600,1:47:00 PM,Wednesday,Castle Frank Stn,Utilized Off Route,1,1,W/B,8349
21-Aug-19,87,1:47:00 PM,Wednesday,Broadview Stn,Utilized Off Route,7,14,E/B,8490
21-Aug-19,32,1:48:00 PM,Wednesday,Eglinton Stn,Utilized Off Route,11,22,W/B,1417
21-Aug-19,609,1:49:00 PM,Wednesday,Coxwell Stn,Utilized Off Route,1,1,W/B,8746
21-Aug-19,707,1:49:00 PM,Wednesday,Lawrence Station,Utilized Off Route,1,1,EB,8732
21-Aug-19,719,1:50:00 PM,Wednesday,Eglinton West Stn,Utilized Off Route,1,1,E/B,1562
21-Aug-19,68,1:50:00 PM,Wednesday,Warden Station,Utilized Off Route,10,20,N/B,8927
21-Aug-19,720,1:50:00 PM,Wednesday,Warden Station,Utilized Off Route,1,1,N/B,
21-Aug-19,902,1:50:00 PM,Wednesday,Warden Station,Utilized Off Route,10,20,N/B,3113
21-Aug-19,29,1:51:00 PM,Wednesday,Dufferin Station,Utilized Off Route,0,0,S/B,8170
21-Aug-19,29,1:51:00 PM,Wednesday,Dufferin Station,Utilized Off Route,0,0,S/B,8191
21-Aug-19,110,1:55:00 PM,Wednesday,Islington stn,Utilized Off Route,23,38,S/B,8031
21-Aug-19,701,1:56:00 PM,Wednesday,Lawrence Station,Utilized Off Route,1,1,WB,8101
21-Aug-19,600,1:57:00 PM,Wednesday,Old Mill Station,Utilized Off Route,1,1,E/B,1047
21-Aug-19,95,1:58:00 PM,Wednesday,York mills Station,Utilized Off Route,20,40,E/B,3466
21-Aug-19,68,2:00:00 PM,Wednesday,Warden Route,General Delay,40,80,B/W,
21-Aug-19,102,2:00:00 PM,Wednesday,Markham Route,General Delay,30,60,B/W,
21-Aug-19,17,2:00:00 PM,Wednesday,Birchmount route,General Delay,40,80,B/W,
21-Aug-19,335,2:19:00 PM,Wednesday,Ian Mcdonald and Chimney stock,Mechanical,30,60,S/B,3319
21-Aug-19,43,2:35:00 PM,Wednesday,Kennedy and Lawrence,Investigation,9,19,N/B,
21-Aug-19,39,2:46:00 PM,Wednesday,Bridle Town Circle,Investigation,12,26,W/B,1225
21-Aug-19,102,2:50:00 PM,Wednesday,HWY 7 and Markham,Investigation,30,60,S/B,8592
21-Aug-19,118,2:51:00 PM,Wednesday,Jane and Wilson,Mechanical,25,50,E/B,3339
21-Aug-19,68,2:53:00 PM,Wednesday,Warden south of highway 401,Mechanical,10,20,N/B,8634
21-Aug-19,98,2:59:00 PM,Wednesday,Sheppard Station,Mechanical,1,1,N/B,1285
21-Aug-19,121,3:00:00 PM,Wednesday,Between Bathurst and Cherrybeach,General Delay,25,35,B/W,
21-Aug-19,9,3:00:00 PM,Wednesday,Bellamy,General Delay,20,40,B/W,
21-Aug-19,6,3:00:00 PM,Wednesday,Between Lakeshore and Bloor,General Delay,15,25,B/W,
21-Aug-19,73,3:00:00 PM,Wednesday,Entire Route,General Delay,20,30,B/W,
21-Aug-19,87,3:00:00 PM,Wednesday,Between Main Stn and Broadview Stn,General Delay,15,25,B/W,
21-Aug-19,75,3:00:00 PM,Wednesday,Between Sherboune Stn and Lakeshore,General Delay,10,21,B/W,
21-Aug-19,989,3:00:00 PM,Wednesday,Jane/Lawrence/Annette,General Delay,24,34,N/B,
21-Aug-19,16,3:00:00 PM,Wednesday,McCowan Route,General Delay,9,18,B/W,
21-Aug-19,94,3:00:00 PM,Wednesday,Between Ossington and Castle Frank.,General Delay,15,25,B/W,
21-Aug-19,322,3:05:00 PM,Wednesday,Bingam Loop,Mechanical,30,60,W/B,8524
21-Aug-19,129,3:20:00 PM,Wednesday,Milner,Mechanical,10,20,S/B,1748
21-Aug-19,985,3:20:00 PM,Wednesday,Scarbrough Town Centre,Diversion,12,24,E/B,3544
21-Aug-19,130,3:30:00 PM,Wednesday,Scarborough Town centre to steeles,General Delay,15,20,B/W,
21-Aug-19,21,3:30:00 PM,Wednesday,Scarborough Town Centre to Steeles,General Delay,10,15,B/W,
21-Aug-19,47,3:34:00 PM,Wednesday,Queen and Lansdowne,Mechanical,13,27,N/B,1055
21-Aug-19,24,3:57:00 PM,Wednesday,Don Mills Station,Mechanical,18,36,S/B,8556
21-Aug-19,111,4:00:00 PM,Wednesday,Kipling Station -> Willowdale and Richgrove,General Delay,50,1,20,
21-Aug-19,129,4:00:00 PM,Wednesday,Scarborough Town Centre to Major Mac,General Delay,15,20,B/W,
21-Aug-19,123,4:00:00 PM,Wednesday,Kipling Station -> Long Branch,General Delay,18,30,B/W,
21-Aug-19,112,4:00:00 PM,Wednesday,Kipling Station -> Carlingview and Disco Road,General Delay,20,49,B/W,
21-Aug-19,72,4:00:00 PM,Wednesday,Between Union and Pape Stn,General Delay,20,35,B/W,
21-Aug-19,66,4:00:00 PM,Wednesday,Entire Route,General Delay,25,35,B/W,
21-Aug-19,100,4:00:00 PM,Wednesday,Between Broadview and Don Mill/ Eglinton,General Delay,25,35,B/W,
21-Aug-19,91,4:03:00 PM,Wednesday,YorkMills/ValleyWoods,Mechanical,17,30,S/B,8445
21-Aug-19,39,4:10:00 PM,Wednesday,Finch Station,Mechanical,9,18,E/B,1654
21-Aug-19,73,4:15:00 PM,Wednesday,Dixon and Royal York,Diversion,20,30,N/B,
21-Aug-19,83,4:16:00 PM,Wednesday,83 Jones,General Delay,12,25,B/W,3127
21-Aug-19,941,4:30:00 PM,Wednesday,Entire 941 Keele Express Route Bothways,General Delay,13,19,B/W,
21-Aug-19,600,4:31:00 PM,Wednesday,Eglitnon Station,Utilized Off Route,0,0,E/B,8101
21-Aug-19,73,4:40:00 PM,Wednesday,Weston and Knob Hill,Utilized Off Route,10,20,N/B,8036
21-Aug-19,35,5:00:00 PM,Wednesday,Jane and Finch,Mechanical,12,24,N/B,3530
21-Aug-19,109,5:05:00 PM,Wednesday,Lawrence West station,Mechanical,26,52,S/B,8207
21-Aug-19,129,5:10:00 PM,Wednesday,Scarborough Town centre,Mechanical,5,10,N/B,1200
21-Aug-19,63,5:27:00 PM,Wednesday,Oakwood Loop,Mechanical,9,18,S/B,1314
21-Aug-19,129,5:28:00 PM,Wednesday,Scarborough Town Centre,Mechanical,5,10,N/B,1547
21-Aug-19,953,5:30:00 PM,Wednesday,Markham and Steeles,Mechanical,15,20,E/B,9086
21-Aug-19,116,5:40:00 PM,Wednesday,Kennedy STN,Utilized Off Route,7,13,E/B,8707
21-Aug-19,14,5:44:00 PM,Wednesday,Chaplain and Avenue Rd,Investigation,10,20,E/B,1059
21-Aug-19,80,5:51:00 PM,Wednesday,Sherway garden,Utilized Off Route,30,60,E/B,8023
21-Aug-19,168,6:00:00 PM,Wednesday,Old Weston rd/Kane,Mechanical,8,17,N/B,1134
21-Aug-19,63,6:01:00 PM,Wednesday,Atlantic and King,Mechanical,10,20,N/B,8165
21-Aug-19,39,6:04:00 PM,Wednesday,Victoria Park & Hare Gate Court,Mechanical,15,30,N/B,1306
21-Aug-19,6,6:11:00 PM,Wednesday,Bay and Harbor,Investigation,7,15,N/B,1003
21-Aug-19,42,6:28:00 PM,Wednesday,Pharmacy on Cummer,Investigation,13,26,E/B,1302
21-Aug-19,68,6:58:00 PM,Wednesday,Catchet Parkway,Mechanical,30,60,S/B,8635
21-Aug-19,121,7:14:00 PM,Wednesday,Spadina and Front,Investigation,20,38,W/B,3143
21-Aug-19,34,7:43:00 PM,Wednesday,Kennedy Station,Utilized Off Route,7,14,W/B,8903
21-Aug-19,45,8:23:00 PM,Wednesday,Kipling stn,Utilized Off Route,9,18,N/B,8457
21-Aug-19,133,8:27:00 PM,Wednesday,Ellesmere and Neilson,Diversion,9,18,S/B,3559
21-Aug-19,6,8:30:00 PM,Wednesday,Bay,Utilized Off Route,15,30,,1092
21-Aug-19,94,8:30:00 PM,Wednesday,Castlefrank Stn.,Utilized Off Route,10,20,W/B,1532
21-Aug-19,86,8:52:00 PM,Wednesday,Eglinton and Cedar,Emergency Services,10,20,W/B,8909
21-Aug-19,89,9:00:00 PM,Wednesday,Jane/Weston rd,Diversion,1,1,B/W,
21-Aug-19,11,9:05:00 PM,Wednesday,Davisville Stn,Mechanical,19,38,,8313
21-Aug-19,23,9:09:00 PM,Wednesday,Main Station,Utilized Off Route,10,20,N/B,8469
21-Aug-19,37,9:25:00 PM,Wednesday,Islington/Monterrey,Investigation,20,40,N/B,7975
21-Aug-19,37,9:25:00 PM,Wednesday,Humberwood/Hullrick dr,Investigation,20,40,N/B,8435
21-Aug-19,78,10:35:00 PM,Wednesday,Tournement Drive,Investigation,30,60,N/B,8122
21-Aug-19,122,10:57:00 PM,Wednesday,Yorkmills station,Utilized Off Route,30,60,E/B,8308
21-Aug-19,24,11:35:00 PM,Wednesday,Victoria Pk Stn.,Investigation,9,18,N/B,8516
22-Aug-19,60,12:15:00 AM,Thursday,Pioneer Village,Mechanical,17,34,E/B,9131
22-Aug-19,133,12:15:00 AM,Thursday,Neilson Rd and McLevin Ave,Diversion,17,32,N/B,1710
22-Aug-19,63,1:26:00 AM,Thursday,Oakwood and Vaughan,Emergency Services,10,20,N/B,8339
22-Aug-19,985,1:29:00 AM,Thursday,Scarbrough town centre,Mechanical,11,22,W/B,9002
22-Aug-19,129,1:37:00 AM,Thursday,Scarborough Town Centre,Emergency Services,6,12,N/B,1238
22-Aug-19,32,1:45:00 AM,Thursday,Eglinton West Station,Utilized Off Route,10,20,N/B,1054
22-Aug-19,85,1:49:00 AM,Thursday,Don Mill station,Mechanical,1,1,E/B,3544
22-Aug-19,334,3:16:00 AM,Thursday,Finchdene & Finch,Investigation,30,60,S/B,8928
22-Aug-19,89,4:25:00 AM,Thursday,JANE AND WESTON,Diversion,345,355,B/W,
22-Aug-19,300,4:45:00 AM,Thursday,Bloor & Spadina,Mechanical,13,16,E/B,8746
22-Aug-19,73,4:49:00 AM,Thursday,CLAIRPORT,Investigation,25,50,S/B,8601
22-Aug-19,300,5:16:00 AM,Thursday,Broadview Station,Investigation,13,30,W/B,8054
22-Aug-19,106,5:50:00 AM,Thursday,Pioneer Village Station,Mechanical,5,1,S/B,1351
22-Aug-19,76,5:55:00 AM,Thursday,EVANS AND ROYAL YORK,Investigation,5,10,S/B,7963
22-Aug-19,902,5:57:00 AM,Thursday,WARDEN STATION,Investigation,10,20,E/B,3129
22-Aug-19,9,6:03:00 AM,Thursday,warden and st. clair,Mechanical,18,36,E/B,9227
22-Aug-19,104,6:06:00 AM,Thursday,Wilson Station,Mechanical,18,32,N/B,8154
22-Aug-19,6,6:15:00 AM,Thursday,Davenport / Dupont,Mechanical,5,10,N/B,1125
22-Aug-19,96,6:19:00 AM,Thursday,Yorkmills Station,Mechanical,18,36,W/B,3706
22-Aug-19,66,6:20:00 AM,Thursday,PRINCE EDWARD AND GLENROY,Mechanical,9,18,S/B,8013
22-Aug-19,100,6:20:00 AM,Thursday,Wynford / Don Mills,Mechanical,3,6,W/B,8664
22-Aug-19,132,6:27:00 AM,Thursday,Hupfield and McLevin,Diversion,14,28,B/W,3481
22-Aug-19,52,6:44:00 AM,Thursday,Royal York and Westway,Diversion,1,1,E/B,8137
22-Aug-19,46,6:45:00 AM,Thursday,Weston/Oak,Mechanical,12,24,S/B,3274
22-Aug-19,32,6:58:00 AM,Thursday,Eglinton W Stn,Mechanical,7,15,,1121
22-Aug-19,939,7:00:00 AM,Thursday,Mc Cowan and Finch,Mechanical,8,16,S/B,1284
22-Aug-19,54,7:00:00 AM,Thursday,entire route,General Delay,10,20,B/W,
22-Aug-19,161,7:47:00 AM,Thursday,Rogers & Bronco,Diversion,77,90,W/B,1265
22-Aug-19,42,7:53:00 AM,Thursday,Finch  stn,Mechanical,12,24,E/B,1271
22-Aug-19,56,8:04:00 AM,Thursday,Donlands station,Mechanical,19,38,N/B,8217
22-Aug-19,41,8:07:00 AM,Thursday,Eglinton and Keele,Mechanical,9,18,N/B,9014
22-Aug-19,129,8:18:00 AM,Thursday,Scarborough Town Center,Mechanical,6,12,B/W,9001
22-Aug-19,37,8:20:00 AM,Thursday,ANGLESEY AND ISLINGTON,Diversion,130,115,B/W,
22-Aug-19,62,8:20:00 AM,Thursday,MORTIMER - Lumsden Cedarvale and King Edward,Diversion,1051,1069,E/B,
22-Aug-19,48,8:35:00 AM,Thursday,Islington and Rathburn,Diversion,110,122,B/W,8051
22-Aug-19,953,9:25:00 AM,Thursday,Morningside and Finch,Mechanical,0,0,W/B,9078
22-Aug-19,89,9:25:00 AM,Thursday,Weston/Junction,Investigation,8,17,S/B,1268
22-Aug-19,939,9:30:00 AM,Thursday,Finch Station,Emergency Services,8,16,S/B,1401
22-Aug-19,132,9:32:00 AM,Thursday,Hupfield and Sewells,General Delay,13,26,B/W,3452
22-Aug-19,22,9:40:00 AM,Thursday,Coxwell and Gerrard,Investigation,8,16,S/B,8529
22-Aug-19,96,9:41:00 AM,Thursday,Keele & Wilson,Mechanical,22,43,E/B,3263
22-Aug-19,67,9:47:00 AM,Thursday,PHARMACY / Victoria Park Station,Investigation,25,50,N/B,8685
22-Aug-19,88,10:05:00 AM,Thursday,Mt. Pleasant and St. Clair,Diversion,20,85,W/B,
22-Aug-19,95,10:09:00 AM,Thursday,Ellesmere Rd and Neilson,Mechanical,20,37,E/B,3539
22-Aug-19,32,10:15:00 AM,Thursday,Eglinton and Bathurst St,Mechanical,11,22,,1137
22-Aug-19,110,10:20:00 AM,Thursday,Col. Sam Smith Loop,Utilized Off Route,10,20,N/B,8064
22-Aug-19,35,10:20:00 AM,Thursday,Jane and Lawrence,Diversion,60,65,B/W,
22-Aug-19,54,11:09:00 AM,Thursday,leslie and eglinton,Investigation,9,18,W/B,8805
22-Aug-19,102,11:11:00 AM,Thursday,Warden Station,Investigation,10,20,N/B,8515
22-Aug-19,54,11:29:00 AM,Thursday,Go Rouge hill station,Mechanical,11,22,E/B,8823
22-Aug-19,70,12:02:00 PM,Thursday,coxwell station,Investigation,8,16,S/B,8883
22-Aug-19,7,12:08:00 PM,Thursday,Bathurst & Greenwin Village,Mechanical,8,16,S/B,8381
22-Aug-19,77,12:19:00 PM,Thursday,Runnymede Station,Mechanical,20,40,S/B,1077
22-Aug-19,71,12:40:00 PM,Thursday,Runnymede Station,Utilized Off Route,21,41,N/B,1614
22-Aug-19,63,12:42:00 PM,Thursday,Steeles / Islington,Investigation,10,20,E/B,3303
22-Aug-19,995,12:42:00 PM,Thursday,Ellesmere and Gladeside,Investigation,15,30,47,1322
22-Aug-19,118,12:53:00 PM,Thursday,Jane / Wilson,Mechanical,25,50,E/B,3355
22-Aug-19,53,1:00:00 PM,Thursday,Townsend and Steeles,Mechanical,8,14,E/B,3507
22-Aug-19,60,1:00:00 PM,Thursday,Steeles West Route,General Delay,15,25,BW,0
22-Aug-19,42,1:22:00 PM,Thursday,McNicoll Ave and Silver Springs,Mechanical,12,23,EB,8127
22-Aug-19,29,1:46:00 PM,Thursday,Springhurst Loop,Mechanical,7,15,N/B,9026
22-Aug-19,996,1:53:00 PM,Thursday,Humber College,Mechanical,11,221,E/B,3502
22-Aug-19,939,1:53:00 PM,Thursday,Birchmount,Investigation,1,1,E/B,1209
22-Aug-19,9,1:59:00 PM,Thursday,Warden Station,Investigation,12,24,N/B,8597
22-Aug-19,25,2:00:00 PM,Thursday,Eglinton Ave and Don Mills Road,General Delay,15,21,N/B,
22-Aug-19,17,2:00:00 PM,Thursday,Birchmount Route,General Delay,40,80,B/W,
22-Aug-19,996,2:08:00 PM,Thursday,Humber College,Mechanical,11,22,W/B,3202
22-Aug-19,984,2:08:00 PM,Thursday,Bathurst and Sheppard,Investigation,11,22,W/B,3293
22-Aug-19,26,2:20:00 PM,Thursday,Dupont & Christie,Mechanical,17,38,W/B,1120
22-Aug-19,63,2:36:00 PM,Thursday,Oakwood & St Clair,Mechanical,5,10,N/B,8325
22-Aug-19,116,2:44:00 PM,Thursday,Eglinton and Beachell,Investigation,8,18,E/B,8725
22-Aug-19,108,3:00:00 PM,Thursday,Entire 108 A&B Driftwood Route Bothways,General Delay,12,18,B/W,
22-Aug-19,902,3:00:00 PM,Thursday,Warden Station,Utilized Off Route,10,20,N/B,3129
22-Aug-19,102,3:00:00 PM,Thursday,Markham Route,General Delay,30,60,B/W,
22-Aug-19,68,3:00:00 PM,Thursday,Warden Route,General Delay,40,80,B/W,
22-Aug-19,9,3:00:00 PM,Thursday,Bellamy,General Delay,15,30,B/W,
22-Aug-19,16,3:00:00 PM,Thursday,McCowan Route,General Delay,8,16,B/W,
22-Aug-19,75,3:00:00 PM,Thursday,Between Bloor and Lower Jarvis.,General Delay,20,30,B/W,
22-Aug-19,72,3:00:00 PM,Thursday,Between Union and Pape,General Delay,25,35,B/W,
22-Aug-19,92,3:00:00 PM,Thursday,Entire Route,General Delay,10,19,B/W,
22-Aug-19,94,3:00:00 PM,Thursday,Between Ossington stn and Welsley Stn,General Delay,25,35,B/W,
22-Aug-19,40,3:00:00 PM,Thursday,Dundas west Station,General Delay,26,50,B/W,
22-Aug-19,22,3:00:00 PM,Thursday,Entire Route,General Delay,10,18,B/W,
22-Aug-19,12,3:02:00 PM,Thursday,Kingston & Sandown,Mechanical,25,40,E/B,8577
22-Aug-19,87,3:04:00 PM,Thursday,Broadview Stn,Vision,6,13,E/B,3144
22-Aug-19,6,3:22:00 PM,Thursday,Bay / College,Diversion,1,1,B/W,
22-Aug-19,95,3:27:00 PM,Thursday,Victoria Park and Ellesmere Rd,Investigation,20,40,W/B,3524
22-Aug-19,7,3:35:00 PM,Thursday,Bathurst Stn,Utilized Off Route,8,16,N/B,8146
22-Aug-19,709,3:35:00 PM,Thursday,St Clair West Station,Utilized Off Route,1,1,S/B,1560
22-Aug-19,75,3:36:00 PM,Thursday,Queensquay and Lower Sherboroune,Mechanical,9,18,W/B,8219
22-Aug-19,34,3:37:00 PM,Thursday,Kennedy Station,Utilized Off Route,6,13,W/B,8726
22-Aug-19,63,3:38:00 PM,Thursday,Atlantic & King,Utilized Off Route,10,19,N/B,8207
22-Aug-19,7,3:42:00 PM,Thursday,Bathurst Stn,Utilized Off Route,8,16,N/B,1242
22-Aug-19,39,3:44:00 PM,Thursday,Finch Station,Utilized Off Route,10,20,E/B,3443
22-Aug-19,924,3:44:00 PM,Thursday,STEELS LOOP,Investigation,9,18,S/B,3153
22-Aug-19,7,3:45:00 PM,Thursday,Bathurst Stn,Mechanical,8,16,N/B,8381
22-Aug-19,80,3:45:00 PM,Thursday,Lakeshore & Parkside,General Delay,28,58,B/W,
22-Aug-19,953,3:46:00 PM,Thursday,Esna Park and Steeles,Mechanical,15,30,W/B,9072
22-Aug-19,39,3:59:00 PM,Thursday,Finch Station,Utilized Off Route,10,20,E/B,3529
22-Aug-19,83,4:00:00 PM,Thursday,Entire Route,General Delay,10,22,B/W,
22-Aug-19,952,4:05:00 PM,Thursday,Lawrence W Stn,Mechanical,10,20,,8163
22-Aug-19,34,4:23:00 PM,Thursday,Kennedy Station,Utilized Off Route,7,13,W/B,8843
22-Aug-19,63,4:30:00 PM,Thursday,Oakwood Loop,Mechanical,9,18,S/B,1383
22-Aug-19,30,4:36:00 PM,Thursday,Dundas West and Dunbloor Road,Mechanical,22,44,E/B,8403
22-Aug-19,97,4:45:00 PM,Thursday,Yorkmills to Queens quay,General Delay,20,50,B/W,
22-Aug-19,984,4:59:00 PM,Thursday,Sheppard Stn,Investigation,10,20,,3342
22-Aug-19,129,5:00:00 PM,Thursday,Scarborough Town Center,General Delay,15,30,SB,9007
22-Aug-19,14,5:08:00 PM,Thursday,Davisville Station,Investigation,16,32,E/B,1549
22-Aug-19,953,5:22:00 PM,Thursday,Passmore,Mechanical,15,30,E/B,9068
22-Aug-19,85,5:30:00 PM,Thursday,Entire 85 route bothways,General Delay,30,38,B/W,
22-Aug-19,52,5:34:00 PM,Thursday,Bathurst and Lawrence,Mechanical,5,10,,8139
22-Aug-19,79,5:46:00 PM,Thursday,Runnymede Station,Emergency Services,15,30,N/B,1007
22-Aug-19,106,6:07:00 PM,Thursday,Sheppard West station,Mechanical,12,24,N/B,8318
22-Aug-19,21,6:12:00 PM,Thursday,Brimley and Steeles,Mechanical,11,22,SB,1721
22-Aug-19,47,6:13:00 PM,Thursday,Lansdowne & Davenport,Investigation,13,27,N/B,1147
22-Aug-19,87,6:31:00 PM,Thursday,Main Street Stn,Mechanical,7,14,W/B,8511
22-Aug-19,41,6:47:00 PM,Thursday,Whitburn Cres & Keele,Mechanical,13,26,S/B,9035
22-Aug-19,71,7:00:00 PM,Thursday,Runnymede Station -> Industry and Mt. Dennis Garage,General Delay,15,30,B/W,1146
22-Aug-19,110,7:15:00 PM,Thursday,Long Branch Loop,Utilized Off Route,18,37,N/B,8045
22-Aug-19,80,7:16:00 PM,Thursday,Sherway Gardens,Investigation,30,60,W/B,8022
22-Aug-19,24,7:30:00 PM,Thursday,Ellesmere,Investigation,12,24,S/B,3122
22-Aug-19,118,7:40:00 PM,Thursday,Thistledown / Albion,Mechanical,22,44,E/B,3366
22-Aug-19,60,7:48:00 PM,Thursday,Yonge and Steeles,Investigation,9,18,WB,9117
22-Aug-19,53,7:54:00 PM,Thursday,Middlefield and Steeles,Investigation,5,15,W/B,1727
22-Aug-19,12,8:01:00 PM,Thursday,VICT. PK STN,Emergency Services,9,18,S/B,3104
22-Aug-19,79,8:20:00 PM,Thursday,Scarlett & Edenbridge Dr,Investigation,24,489,N/B,1419
22-Aug-19,39,8:45:00 PM,Thursday,Tappscot and Finch,General Delay,10,18,E/B,
22-Aug-19,16,9:11:00 PM,Thursday,Warden STN,Investigation,11,22,E/B,8948
22-Aug-19,133,10:47:00 PM,Thursday,Neilson at Keeler,Investigation,13,26,E/B,3516
22-Aug-19,51,10:47:00 PM,Thursday,Eglinton & Banff,Utilized Off Route,10,20,W/B,8393
22-Aug-19,165,11:22:00 PM,Thursday,Imogene and Weston Rd,Emergency Services,10,20,N/B,3296
22-Aug-19,47,11:38:00 PM,Thursday,St.Clair and lansdowne,Investigation,20,40,S/B,1103
23-Aug-19,59,12:01:00 AM,Friday,WESTON/OAK,Diversion,59,89,B/W,
23-Aug-19,38,12:06:00 AM,Friday,Rouge Hill Go,Mechanical,13,26,W/B,3554
23-Aug-19,41,12:10:00 AM,Friday,Keels St and Hirons St,Mechanical,17,34,N/B,9140
23-Aug-19,24,12:10:00 AM,Friday,Rowena & Vict Pk,Investigation,9,20,S/B,3151
23-Aug-19,91,12:34:00 AM,Friday,Valleywoods,Mechanical,24,48,N/B,3137
23-Aug-19,126,12:36:00 AM,Friday,St Clair West Station,Investigation,15,30,S/B,1041
23-Aug-19,81,12:40:00 AM,Friday,Pape Station,Mechanical,20,20,N/B,3107
23-Aug-19,165,1:55:00 AM,Friday,Yorkmills station,Utilized Off Route,20,26,W/B,3330
23-Aug-19,65,1:59:00 AM,Friday,Parliament & Shuter,Emergency Services,25,25,S/B,8542
23-Aug-19,365,2:15:00 AM,Friday,Castlefrank Station,Emergency Services,6,6,S/B,8542
23-Aug-19,300,2:24:00 AM,Friday,Bloor & Bathurst,Utilized Off Route,10,20,E/B,8441
23-Aug-19,334,2:30:00 AM,Friday,Kennedy Station,Mechanical,30,30,E/B,8916
23-Aug-19,7,3:11:00 AM,Friday,Greenwin and Bathrust,Mechanical,30,60,S/B,1250
23-Aug-19,110,5:30:00 AM,Friday,ISLINGTON STATION,Diversion,10,25,B/W,
23-Aug-19,937,5:30:00 AM,Friday,ISLINGTON STATION,Diversion,11,,B/W,
23-Aug-19,37,5:30:00 AM,Friday,ISLINGTON STATION,Diversion,7,25,B/W,
23-Aug-19,62,5:33:00 AM,Friday,MORTIMER - Lumsden /Cedarvale and King Edward,Diversion,498,516,B/W,
23-Aug-19,86,5:56:00 AM,Friday,Kennedy Station,Mechanical,18,36,E/B,8847
23-Aug-19,7,5:57:00 AM,Friday,Bathurst Station,Mechanical,9,18,N/B,1226
23-Aug-19,127,6:00:00 AM,Friday,Davenport,Diversion,210,226,B/W,
23-Aug-19,67,6:18:00 AM,Friday,PHARMACY - Pharmacy and Eglinton,Mechanical,9,18,N/B,8637
23-Aug-19,34,6:18:00 AM,Friday,Eglinton,Mechanical,1,1,W/B,8939
23-Aug-19,90,6:23:00 AM,Friday,St Clair W Stn,Mechanical,5,10,,8347
23-Aug-19,14,6:27:00 AM,Friday,Glencairn,Mechanical,1,1,W/B,1030
23-Aug-19,85,6:37:00 AM,Friday,Meadowvale Loop,Mechanical,10,20,W/B,3515
23-Aug-19,953,6:40:00 AM,Friday,Markham/ Steeles,Diversion,10,16,E/B,
23-Aug-19,119,6:40:00 AM,Friday,Arrow Garage,Mechanical,20,40,,3203
23-Aug-19,131,6:42:00 AM,Friday,Morningside and McLevin,Diversion,10,20,N/B,1579
23-Aug-19,996,6:50:00 AM,Friday,Wilson and Jane,Mechanical,11,20,,3361
23-Aug-19,960,6:50:00 AM,Friday,Finch stn,Mechanical,10,20,W/B,3165
23-Aug-19,129,6:51:00 AM,Friday,Scarborough Town Center,Mechanical,15,30,N/B,9082
23-Aug-19,54,7:00:00 AM,Friday,entire route,General Delay,10,20,B/W,
23-Aug-19,51,7:00:00 AM,Friday,entire route,General Delay,19,36,B/W,
23-Aug-19,17,7:02:00 AM,Friday,warden station,Mechanical,9,18,E/B,8592
23-Aug-19,939,7:03:00 AM,Friday,STC SRT,Mechanical,8,16,W/B,3487
23-Aug-19,29,7:04:00 AM,Friday,Dufferin and Orfus,Mechanical,1,1,S/B,9104
23-Aug-19,35,7:04:00 AM,Friday,Pioneer Village Stn,Mechanical,9,18,S/B,3495
23-Aug-19,127,7:43:00 AM,Friday,Davenport at Bathurst,Investigation,16,32,W/B,1037
23-Aug-19,43,7:47:00 AM,Friday,Midland and Steeles,Mechanical,10,20,S/B,8688
23-Aug-19,985,7:49:00 AM,Friday,Sheppard and Brimley,Mechanical,12,24,W/B,9081
23-Aug-19,52,7:51:00 AM,Friday,Avenue and Lawrence,Mechanical,1,1,W/B,8215
23-Aug-19,985,7:56:00 AM,Friday,Sheppard and Malvern St.,Mechanical,12,24,W/B,9072
23-Aug-19,30,8:00:00 AM,Friday,Mabelle Ave & Cordova Ave,Diversion,21,42,B/W,
23-Aug-19,32,8:00:00 AM,Friday,Eglinton and Keele,Mechanical,6,13,,1109
23-Aug-19,996,8:33:00 AM,Friday,Humber College,Mechanical,10,19,,3192
23-Aug-19,6,8:44:00 AM,Friday,Bedford & Davenport,Mechanical,5,10,S/B,1325
23-Aug-19,952,8:45:00 AM,Friday,L.W Station,Mechanical,1,1,E/B,8160
23-Aug-19,90,9:31:00 AM,Friday,St Clair Stn,Mechanical,10,20,,1384
23-Aug-19,79,9:41:00 AM,Friday,Runnymede Stn,Investigation,22,37,N/B,1258
23-Aug-19,939,10:02:00 AM,Friday,Finch Station,Mechanical,9,18,E/B,1547
23-Aug-19,95,10:04:00 AM,Friday,Ellesmere RT Station,Mechanical,20,40,E/B,3557
23-Aug-19,78,10:30:00 AM,Friday,York Mills Station,Investigation,30,60,E/B,1230
23-Aug-19,54,10:34:00 AM,Friday,Eglinton station,Mechanical,10,20,W/B,8791
23-Aug-19,97,10:50:00 AM,Friday,York Mills Station,Utilized Off Route,30,60,S/B,1219
23-Aug-19,45,10:52:00 AM,Friday,Kipling & Steeles,Mechanical,10,20,S/B,5414
23-Aug-19,34,10:53:00 AM,Friday,Swift and Eglinton,Mechanical,8,16,W/B,8780
23-Aug-19,109,11:00:00 AM,Friday,Neptune and Bathurst,Mechanical,1,1,E/B,8360
23-Aug-19,60,11:10:00 AM,Friday,Pioneer Village stn,Mechanical,9,18,W/B,3243
23-Aug-19,116,11:19:00 AM,Friday,Brimley and Eglinton,Mechanical,10,20,E/B,8922
23-Aug-19,6,11:31:00 AM,Friday,Davenport & Dupont,Mechanical,12,24,E/B,1125
23-Aug-19,100,11:50:00 AM,Friday,Broadview station,Utilized Off Route,6,12,N/B,8833
23-Aug-19,34,11:51:00 AM,Friday,Eglinton and Sloane,Investigation,8,16,W/B,8784
23-Aug-19,37,12:00:00 PM,Friday,Entire Route,General Delay,30,40,B/W,
23-Aug-19,110,12:00:00 PM,Friday,Entire Route,General Delay,25,35,B/W,
23-Aug-19,102,12:00:00 PM,Friday,Markham Route,General Delay,30,60,B/W,
23-Aug-19,6,12:22:00 PM,Friday,Hagerman/Bay,Investigation,12,24,S/B,1093
23-Aug-19,24,12:29:00 PM,Friday,VICTORIA PARK and St.Clair,Investigation,30,60,N/B,9226
23-Aug-19,109,12:50:00 PM,Friday,Eglinton West Station,Investigation,20,40,N/B,1290
23-Aug-19,104,12:59:00 PM,Friday,South of Finch and Dufferin,Investigation,1,1,S/B,8343
23-Aug-19,985,1:00:00 PM,Friday,Don Mills station,Investigation,11,22,N/B,9007
23-Aug-19,68,1:00:00 PM,Friday,Warden Route,General Delay,30,60,B/W,
23-Aug-19,720,1:00:00 PM,Friday,Coxwell,Utilized Off Route,0,0,N/B,8900
23-Aug-19,17,1:00:00 PM,Friday,Birchmount route,General Delay,40,80,B/W,
23-Aug-19,73,1:00:00 PM,Friday,Entire route,General Delay,20,40,B/W,
23-Aug-19,900,1:20:00 PM,Friday,Terminal 3 Airport,Mechanical,7,14,N/B,8007
23-Aug-19,44,1:25:00 PM,Friday,Kipling Stn,Mechanical,8,16,S/B,8412
23-Aug-19,32,1:30:00 PM,Friday,Eglinton west Station,Mechanical,11,22,E/B,1050
23-Aug-19,129,1:31:00 PM,Friday,McCowan and Sheppard,Mechanical,28,56,SB,9069
23-Aug-19,25,1:36:00 PM,Friday,Eglinton Ave,Diversion,24,33,S/B,8737
23-Aug-19,995,1:40:00 PM,Friday,York Mills Station,Mechanical,15,30,E/B,3455
23-Aug-19,925,1:43:00 PM,Friday,42 Freshmeadow Dr,Investigation,10,20,S/B,8762
23-Aug-19,25,2:00:00 PM,Friday,Eglinton Ave,General Delay,15,21,S/B,
23-Aug-19,85,2:00:00 PM,Friday,Bothways on route 85,General Delay,25,33,B/W,
23-Aug-19,60,2:00:00 PM,Friday,Steeles West Route,General Delay,15,10,BW,0
23-Aug-19,95,2:12:00 PM,Friday,Ellesmere and Birchmount,Investigation,20,40,W/B,3422
23-Aug-19,26,2:18:00 PM,Friday,Eglinton and McCowan,Mechanical,10,20,E/B,8847
23-Aug-19,40,2:30:00 PM,Friday,Dundas West Station,General Delay,20,44,B/W,
23-Aug-19,41,2:30:00 PM,Friday,Entire 41 Keele Route Bothways,General Delay,11,17,B/W,
23-Aug-19,108,2:30:00 PM,Friday,Entire 108 Driftwood Route Bothways,General Delay,8,13,B/W,
23-Aug-19,80,2:35:00 PM,Friday,Lakeshore & Parkside,General Delay,28,58,B/W,
23-Aug-19,24,2:43:00 PM,Friday,Bingham loop,Investigation,30,60,N/B,8559
23-Aug-19,59,2:43:00 PM,Friday,Lawrence West Station,Mechanical,20,48,W/B,3337
23-Aug-19,48,2:48:00 PM,Friday,Rathburn & Kipling,Mechanical,22,44,W/B,8031
23-Aug-19,92,3:00:00 PM,Friday,Entire route,General Delay,10,19,S/B,
23-Aug-19,6,3:00:00 PM,Friday,Between Bloor and George Brown College,General Delay,15,25,B/W,
23-Aug-19,63,3:00:00 PM,Friday,Eglinton at Oakwood,Investigation,10,20,S/B,1213
23-Aug-19,320,3:00:00 PM,Friday,Queens quay and Yonge,Utilized Off Route,4,7,S/B,8522
23-Aug-19,69,3:00:00 PM,Friday,McCowan route,General Delay,8,16,B/W,
23-Aug-19,83,3:00:00 PM,Friday,Entire Route,General Delay,10,22,S/B,
23-Aug-19,70,3:00:00 PM,Friday,Entire Route,General Delay,10,20,S/B,
23-Aug-19,16,3:00:00 PM,Friday,McCowan S Route,General Delay,10,20,B/W,
23-Aug-19,9,3:00:00 PM,Friday,Bellmay Route,General Delay,15,30,B/W,
23-Aug-19,985,3:00:00 PM,Friday,bothways on route 985,General Delay,25,35,B/W,
23-Aug-19,36,3:30:00 PM,Friday,Finch and Toroyrok,Mechanical,17,34,E/B,3340
23-Aug-19,36,3:30:00 PM,Friday,Humberwood Loop,Mechanical,7,14,E/B,9111
23-Aug-19,117,3:36:00 PM,Friday,Alness and Steeles,Diversion,28,42,N/B,1218
23-Aug-19,996,4:00:00 PM,Friday,Dufferin / Wilson,Investigation,12,24,E/B,3294
23-Aug-19,22,4:00:00 PM,Friday,Entire route,General Delay,10,18,S/B,
23-Aug-19,121,4:00:00 PM,Friday,Between Ontario Place and Cherry beach,General Delay,25,35,B/W,
23-Aug-19,941,4:00:00 PM,Friday,Entire 941 Keele Express Route Bothways,General Delay,12,20,B/W,
23-Aug-19,929,4:09:00 PM,Friday,Dufferin and St. Clair,Mechanical,10,20,SB,9025
23-Aug-19,87,4:15:00 PM,Friday,Donlands and Cosburn,Investigation,7,14,S/B,3157
23-Aug-19,67,4:35:00 PM,Friday,Surrey and Pharmacy,Investigation,10,20,N/B,8620
23-Aug-19,67,4:40:00 PM,Friday,Both ways Surrey and Pharmacy,Diversion,85,95,N/B,
23-Aug-19,45,4:40:00 PM,Friday,Kipling Station -> Steeles and Kipling,General Delay,15,30,B/W,8088
23-Aug-19,34,4:42:00 PM,Friday,Kennedy Station,Utilized Off Route,6,13,W/B,8784
23-Aug-19,32,4:50:00 PM,Friday,Renforth Station,Mechanical,10,20,E/B,1380
23-Aug-19,115,4:52:00 PM,Friday,BANNATYME/LESLIE,Mechanical,20,40,E/B,8173
23-Aug-19,66,5:00:00 PM,Friday,Entire Route,General Delay,20,30,B/W,
23-Aug-19,937,5:20:00 PM,Friday,Islington stn,Utilized Off Route,12,24,N/B,8077
23-Aug-19,48,5:35:00 PM,Friday,Royal York Station,Mechanical,17,34,W/B,8034
23-Aug-19,36,5:55:00 PM,Friday,Sentinel/ Finch,Mechanical,13,26,E/B,3533
23-Aug-19,63,6:01:00 PM,Friday,Wglinton West Station,Emergency Services,10,19,S/B,1382
23-Aug-19,79,6:02:00 PM,Friday,Runnymede & St Clair,Investigation,14,29,S/B,1026
23-Aug-19,65,6:20:00 PM,Friday,Berkeley St and Front St,Mechanical,10,20,S/B,8488
23-Aug-19,133,6:30:00 PM,Friday,Neilson and Finch,General Delay,13,26,NB,3471
23-Aug-19,85,6:35:00 PM,Friday,Neilson and Sheppard,Diversion,80,90,E/B,3514
23-Aug-19,53,6:40:00 PM,Friday,Steeles/ Markham,Diversion,10,16,E/B,
23-Aug-19,5,6:40:00 PM,Friday,Eglinton and Duplex,Investigation,20,40,W/B,8311
23-Aug-19,96,6:47:00 PM,Friday,Jane St and Wilson Ave,Mechanical,22,44,W/B,3354
23-Aug-19,36,6:53:00 PM,Friday,Finch West Station,Mechanical,8,16,W/B,9108
23-Aug-19,54,7:18:00 PM,Friday,Kennedy and Lawrence,Mechanical,10,20,W/B,8915
23-Aug-19,132,7:44:00 PM,Friday,Scarborough Town Center,Mechanical,15,30,E/B,1541
23-Aug-19,7,7:54:00 PM,Friday,Bathurst station,Mechanical,7,15,N/B,8156
23-Aug-19,115,8:00:00 PM,Friday,YORK MILLS STATION,Vision,20,40,E/B,8110
23-Aug-19,108,8:00:00 PM,Friday,PIONEER VILLAGE STATION to Sheppard west station,General Delay,20,34,B/W,
23-Aug-19,41,8:00:00 PM,Friday,Keele Station to PIONEER VILLAGE STATION,General Delay,29,45,B/W,
23-Aug-19,63,8:00:00 PM,Friday,ATLANTIC AVE & KING ST W to Eglinton West Station,General Delay,20,30,B/W,
23-Aug-19,36,8:25:00 PM,Friday,Jane/ Finch,Mechanical,8,16,E/B,9113
23-Aug-19,53,8:56:00 PM,Friday,Morningside/ Finch,Mechanical,10,20,W/B,1724
23-Aug-19,35,9:00:00 PM,Friday,ROUTE 35- JANE,General Delay,20,29,B/W,
23-Aug-19,130,10:13:00 PM,Friday,McCowan and Sheppard,Mechanical,22,44,N/B,1414
23-Aug-19,20,10:36:00 PM,Friday,Claremore ave & Park St ansd Kennedy & Park St,Diversion,1,1,B/W,
23-Aug-19,86,10:57:00 PM,Friday,Meadowvale and Ellesmere,Mechanical,10,20,N/B,8866
23-Aug-19,36,11:10:00 PM,Friday,Finch/ Albion,Investigation,10,20,E/B,3178
23-Aug-19,41,11:41:00 PM,Friday,Keele and Lawrence,Mechanical,20,40,N/B,9042
23-Aug-19,89,11:57:00 PM,Friday,Fern and Weston Road,Diversion,154,164,B/W,1134
23-Aug-19,73,11:57:00 PM,Friday,Oak and Weston Road,Diversion,47,67,B/W,8601
24-Aug-19,939,12:03:00 AM,Saturday,Finch and Sandhurst,Mechanical,9,18,E/B,3410
24-Aug-19,92,12:16:00 AM,Saturday,Woodbine Station,Mechanical,10,20,S/B,9214
24-Aug-19,336,1:35:00 AM,Saturday,Finch West station,Emergency Services,15,30,W/B,3206
24-Aug-19,7,2:00:00 AM,Saturday,Exhibition loop to Steeles,General Delay,10,40,B/W,
24-Aug-19,320,3:08:00 AM,Saturday,Steeles and Yonge,Mechanical,4,8,S/B,1359
24-Aug-19,300,5:24:00 AM,Saturday,Bloor St. West & Jane St.,Investigation,30,60,E/B,8742
24-Aug-19,168,5:52:00 AM,Saturday,Dundas West Station,Mechanical,10,20,N/B,1258
24-Aug-19,14,5:58:00 AM,Saturday,Marlee and Glencairn,Diversion,172,195,B/W,
24-Aug-19,123,6:40:00 AM,Saturday,Evans Ave & Brown's Line,Diversion,15,30,S/B,8064
24-Aug-19,72,7:16:00 AM,Saturday,Carlaw and Eastern,Mechanical,18,36,W/B,8110
24-Aug-19,85,7:27:00 AM,Saturday,Don Mills Stn,Mechanical,7,30,E/B,1654
24-Aug-19,52,7:36:00 AM,Saturday,L.W Station,Mechanical,20,40,E/B,1372
24-Aug-19,87,8:15:00 AM,Saturday,Broadview Station,Vision,10,20,W/B,3104
24-Aug-19,32,8:51:00 AM,Saturday,Eglinton at Scott,Mechanical,10,20,E/B,1416
24-Aug-19,32,8:53:00 AM,Saturday,Renforth,Mechanical,10,20,E/B,1062
24-Aug-19,102,9:05:00 AM,Saturday,Markham and Finch,Investigation,10,20,N/B,8541
24-Aug-19,100,9:13:00 AM,Saturday,Wynford Dr and DVP,Investigation,9,18,W/B,8911
24-Aug-19,129,9:16:00 AM,Saturday,McCowan and Steeles,Mechanical,6,12,S/B,3487
24-Aug-19,34,9:18:00 AM,Saturday,WYNFORD DRIVE/ DON MILLS,Mechanical,15,30,E/B,8769
24-Aug-19,701,9:20:00 AM,Saturday,Eglinton West Stn,Mechanical,1,1,W/B,1220
24-Aug-19,79,9:25:00 AM,Saturday,Runnymede Station,Mechanical,25,50,N/B,1031
24-Aug-19,129,9:30:00 AM,Saturday,STC,Utilized Off Route,6,12,N/B,1674
24-Aug-19,102,9:31:00 AM,Saturday,Warden Station,Mechanical,20,33,E/B,8443
24-Aug-19,94,9:42:00 AM,Saturday,Castle Frank Station,Mechanical,6,12,W/B,1586
24-Aug-19,35,10:00:00 AM,Saturday,Jane Station to Pioneer Village Station,General Delay,30,37,B/W,
24-Aug-19,935,10:00:00 AM,Saturday,Jane Station to Pioneer Village Station,General Delay,30,39,B/W,
24-Aug-19,41,10:00:00 AM,Saturday,PIONEER VILLAGE STATION to Keele Station,General Delay,62,72,B/W,
24-Aug-19,51,10:00:00 AM,Saturday,Leslie and Eglinton,General Delay,45,55,B/W,
24-Aug-19,129,10:03:00 AM,Saturday,STC,Mechanical,6,12,N/B,1732
24-Aug-19,95,10:21:00 AM,Saturday,McCowan and Ellesmere,Mechanical,14,28,W/B,3460
24-Aug-19,52,10:25:00 AM,Saturday,Tollington and Martingrove,Mechanical,10,20,E/B,1211
24-Aug-19,162,10:44:00 AM,Saturday,Donlands,Mechanical,20,40,S/B,8119
24-Aug-19,709,10:58:00 AM,Saturday,St. Clair Stn,Utilized Off Route,1,1,N/B,1415
24-Aug-19,29,10:58:00 AM,Saturday,Dufferine Gate,Vision,5,10,N/B,9100
24-Aug-19,60,11:00:00 AM,Saturday,Steeles West Route,General Delay,10,20,BW,0
24-Aug-19,95,11:13:00 AM,Saturday,York Mills Station,Utilized Off Route,14,28,E/B,3437
24-Aug-19,95,11:17:00 AM,Saturday,1200 York Mills Rd,Mechanical,1,1,W/B,1298
24-Aug-19,25,11:24:00 AM,Saturday,Don Mills & Seneca Hill Dr.,Mechanical,8,17,S/B,8783
24-Aug-19,92,11:27:00 AM,Saturday,Woodbine station,Mechanical,5,10,S/B,3137
24-Aug-19,32,11:37:00 AM,Saturday,Pine street  / Lawrence,Mechanical,10,20,E/B,1068
24-Aug-19,65,12:00:00 PM,Saturday,Front St and Carlton St,General Delay,10,26,B/W,
24-Aug-19,9,12:00:00 PM,Saturday,Entire Route,General Delay,1,1,B/W,
24-Aug-19,69,12:00:00 PM,Saturday,Entire Route,General Delay,1,1,B/W,
24-Aug-19,17,12:00:00 PM,Saturday,Entire Route,General Delay,1,1,B/W,
24-Aug-19,100,12:00:00 PM,Saturday,Entire route,General Delay,9,19,B/W,
24-Aug-19,68,12:00:00 PM,Saturday,Entire Route,General Delay,1,1,B/W,
24-Aug-19,102,12:00:00 PM,Saturday,Entire Route,General Delay,1,1,B/W,
24-Aug-19,96,12:00:00 PM,Saturday,Wilson Route,General Delay,35,46,B/W,
24-Aug-19,87,12:00:00 PM,Saturday,Entire route,General Delay,10,20,B/W,
24-Aug-19,165,12:00:00 PM,Saturday,Weston RD North Route,General Delay,30,39,B/W,
24-Aug-19,72,12:00:00 PM,Saturday,Queens Quay and Wellington St,General Delay,20,29,B/W,
24-Aug-19,97,12:13:00 PM,Saturday,Davisville Station,Mechanical,20,40,N/B,1235
24-Aug-19,53,12:35:00 PM,Saturday,Markham and Passmore,Mechanical,5,10,W/B,1533
24-Aug-19,165,12:37:00 PM,Saturday,Weston at Clyde,Investigation,8,16,W/B,3215
24-Aug-19,63,12:51:00 PM,Saturday,Ossington at St Clair,Utilized Off Route,5,10,S/B,1250
24-Aug-19,11,1:00:00 PM,Saturday,Bayview and Post RD,Mechanical,25,50,S/B,1251
24-Aug-19,97,1:00:00 PM,Saturday,Hilda to Davisville Station,General Delay,20,35,B/W,
24-Aug-19,22,1:00:00 PM,Saturday,22A Coxwell route,General Delay,15,30,B/W,
24-Aug-19,92,1:00:00 PM,Saturday,92 Woodbine South route,General Delay,15,30,B/W,
24-Aug-19,38,1:27:00 PM,Saturday,Kingston Road and Highland Overpass,Mechanical,9,18,W/B,1718
24-Aug-19,53,1:32:00 PM,Saturday,Yonge and Cummer,Investigation,5,10,N/B,3508
24-Aug-19,42,1:36:00 PM,Saturday,Cummer at 285 Cummer,Investigation,13,26,E/B,207
24-Aug-19,32,1:41:00 PM,Saturday,Emmet Ave. Verma Ave.,Investigation,24,48,W/B,1576
24-Aug-19,32,1:45:00 PM,Saturday,Trethewey Drive,Emergency Services,9,18,E/B,1003
24-Aug-19,89,1:50:00 PM,Saturday,Keel & Dundas,Diversion,180,200,S/B,
24-Aug-19,41,1:50:00 PM,Saturday,Keele at Dundas,Diversion,70,79,S/B,
24-Aug-19,84,1:55:00 PM,Saturday,Arrow and Sheppard,Mechanical,6,12,W/B,3706
24-Aug-19,600,1:58:00 PM,Saturday,St. Clair Stn,Mechanical,1,1,N/B,1359
24-Aug-19,6,2:00:00 PM,Saturday,Entire route,General Delay,10,24,B/W,
24-Aug-19,54,2:15:00 PM,Saturday,Trailside and Lawrence,Mechanical,10,20,E/B,8062
24-Aug-19,52,2:20:00 PM,Saturday,Jane and Lawrence,Mechanical,1,1,E/B,8143
24-Aug-19,56,2:20:00 PM,Saturday,Yonge and Eglinton,Investigation,15,30,W/B,8217
24-Aug-19,29,2:21:00 PM,Saturday,Dufferin at Cork,Investigation,3,6,N/B,9022
24-Aug-19,34,2:24:00 PM,Saturday,Yonge and Eglinton,Investigation,10,20,E/B,8863
24-Aug-19,60,2:27:00 PM,Saturday,Finch Station,Mechanical,9,18,NB,3316
24-Aug-19,89,2:30:00 PM,Saturday,Keel and Dundas,General Delay,46,56,B/W,
24-Aug-19,54,2:45:00 PM,Saturday,Mt. Pleasant and Eglinton,Mechanical,1,1,E/B,8897
24-Aug-19,32,2:50:00 PM,Saturday,EMMETT AVE & VERONA,Investigation,24,48,E/B,1576
24-Aug-19,40,3:15:00 PM,Saturday,Dundas & Keel,Diversion,285,295,E/B,
24-Aug-19,40,3:15:00 PM,Saturday,Dundas & Keel,General Delay,20,30,B/W,
24-Aug-19,23,3:23:00 PM,Saturday,Dawes Road and Danforth Ave,Diversion,35,45,B/W,8540
24-Aug-19,20,3:25:00 PM,Saturday,Dawes Road and Danforth Ave,Diversion,35,55,B/W,8563
24-Aug-19,52,3:26:00 PM,Saturday,L.W Station,Mechanical,1,1,W/B,1285
24-Aug-19,102,4:00:00 PM,Saturday,warden station to Steeles,General Delay,20,25,B/W,
24-Aug-19,129,4:00:00 PM,Saturday,warden station to major mac,General Delay,10,15,B/W,
24-Aug-19,120,4:00:00 PM,Saturday,SHEPPARD at NORTHOVER/ARLETA to Wilson Station,General Delay,40,70,B/W,
24-Aug-19,96,4:00:00 PM,Saturday,York Mills Station to HUMBERLINE LOOP,General Delay,47,55,B/W,
24-Aug-19,68,4:00:00 PM,Saturday,warden station to warden loop,General Delay,20,25,B/W,
24-Aug-19,17,4:00:00 PM,Saturday,warden stration to warden loop,General Delay,15,20,B/W,
24-Aug-19,16,4:00:00 PM,Saturday,warden station to scarborough Town centre,General Delay,10,15,B/W,
24-Aug-19,9,4:00:00 PM,Saturday,warden Station to Scarborough Town centre,General Delay,15,20,B/W,
24-Aug-19,165,4:00:00 PM,Saturday,York Mills Station to BARMAC DR. AT STEELES AVE. W.,General Delay,38,45,B/W,
24-Aug-19,54,4:00:00 PM,Saturday,LESLIE/EGLINTON,General Delay,35,48,B/W,
24-Aug-19,63,4:00:00 PM,Saturday,ATLANTIC AVE & KING ST W to Eglinton West station,General Delay,24,30,B/W,
24-Aug-19,26,4:21:00 PM,Saturday,Old Mill Station,Investigation,22,44,E/B,1120
24-Aug-19,102,4:30:00 PM,Saturday,Passmore to McNicoll,Diversion,570,580,B/W,
24-Aug-19,30,4:40:00 PM,Saturday,Dundas and High Park,Diversion,210,225,BW,8055
24-Aug-19,122,5:00:00 PM,Saturday,York Mills Station,Utilized Off Route,30,60,E/B,1375
24-Aug-19,17,5:04:00 PM,Saturday,Steeles Loop,Mechanical,15,30,S/B,8964
24-Aug-19,63,5:10:00 PM,Saturday,Eglinton West station,Mechanical,5,11,S/B,8178
24-Aug-19,36,5:13:00 PM,Saturday,Finch West Station,Mechanical,5,10,E/B,3344
24-Aug-19,41,5:17:00 PM,Saturday,Jane and Lawrence Ave,Mechanical,8,16,S/B,1419
24-Aug-19,84,5:23:00 PM,Saturday,SHEPPARD WEST STATION,Investigation,6,12,W/B,3230
24-Aug-19,113,5:51:00 PM,Saturday,Main Station,Investigation,1,1,B/W,3143
24-Aug-19,43,5:57:00 PM,Saturday,lawrence,Mechanical,10,20,N/B,8485
24-Aug-19,5,6:02:00 PM,Saturday,QUEENS PARK CIRCLE,Mechanical,22,44,N/B,1388
24-Aug-19,53,6:15:00 PM,Saturday,Finch Station,Mechanical,6,12,E/B,3545
24-Aug-19,94,6:20:00 PM,Saturday,Wellesley Station,Investigation,13,26,B/W,1077
24-Aug-19,165,6:54:00 PM,Saturday,Wilson and Murray Rd,Emergency Services,7,14,W/B,3270
24-Aug-19,32,6:56:00 PM,Saturday,RENFORTH GATEWAY,Mechanical,10,23,E/B,1125
24-Aug-19,38,7:02:00 PM,Saturday,Port Union and Lawrence,Investigation,10,20,W/B,3465
24-Aug-19,63,7:08:00 PM,Saturday,Davenport and Ossington Ave,Diversion,22,27,S/B,
24-Aug-19,36,7:56:00 PM,Saturday,Finch/ Arrow,Mechanical,8,16,E/B,3318
24-Aug-19,32,8:00:00 PM,Saturday,Eglinton Station to  RENFORTH GATEWAY,General Delay,21,31,B/W,
24-Aug-19,60,8:42:00 PM,Saturday,Steeles/ Islington,Investigation,13,26,W/B,3233
24-Aug-19,41,8:51:00 PM,Saturday,Keele Station,Diversion,14,30,B/W,
24-Aug-19,118,9:00:00 PM,Saturday,THISTLE DOWN BLVD. & ALBION RD. to Wilson Station,General Delay,49,79,B/W,
24-Aug-19,24,9:16:00 PM,Saturday,Vic park Station,Mechanical,9,18,N/B,8527
24-Aug-19,85,9:28:00 PM,Saturday,Bayview and Sheppard,Diversion,55,75,W/B,1322
24-Aug-19,90,9:30:00 PM,Saturday,ST Clair west station to  OAKWOOD AVE. & VAUGHAN RD.,General Delay,10,20,B/W,
24-Aug-19,12,10:39:00 PM,Saturday,Midland and Kingston Rd,Mechanical,22,44,E/B,8571
24-Aug-19,39,11:00:00 PM,Saturday,Finch station to Old Finch,General Delay,10,19,W/B,
24-Aug-19,116,11:20:00 PM,Saturday,DANFORTH/EGLINTON,Diversion,58,67,W/B,
24-Aug-19,86,11:20:00 PM,Saturday,DANFORTH/EGLINTON,Diversion,58,67,W/B,
24-Aug-19,129,11:20:00 PM,Saturday,Scarbrough town centre to Steeles,General Delay,10,20,B/W,
24-Aug-19,21,11:24:00 PM,Saturday,Eglinton and Brimley,Diversion,53,75,B/W,
24-Aug-19,12,11:55:00 PM,Saturday,Brnley and Eglinton,Diversion,23,45,W/B,9217
25-Aug-19,32,12:32:00 AM,Sunday,Eglinton and Jane St to Weston Rd,Diversion,80,80,B/W,
25-Aug-19,51,1:34:00 AM,Sunday,Eglinton station,Mechanical,30,60,N/B,8354
25-Aug-19,85,1:43:00 AM,Sunday,Don Mills stn,Mechanical,24,44,W/B,1206
25-Aug-19,39,5:15:00 AM,Sunday,malvern garage.,Mechanical,5,17,E/B,1718
25-Aug-19,63,6:36:00 AM,Sunday,Eglinton at Marlee,Mechanical,10,20,S/B,1375
25-Aug-19,165,7:44:00 AM,Sunday,Weston at Finch,Mechanical,18,36,N/B,3295
25-Aug-19,51,8:00:00 AM,Sunday,Whole route,General Delay,1,1,B/W,
25-Aug-19,94,8:17:00 AM,Sunday,Ossington Station,Investigation,12,25,E/B,1044
25-Aug-19,54,8:30:00 AM,Sunday,Eglinton Station,Utilized Off Route,15,30,E/B,8908
25-Aug-19,15,8:37:00 AM,Sunday,Royal york Station,Mechanical,30,60,E/B,8093
25-Aug-19,42,9:00:00 AM,Sunday,Cummer Route,General Delay,15,31,BW,0
25-Aug-19,54,10:00:00 AM,Sunday,Entire 54B and 54A route,General Delay,20,30,B/W,
25-Aug-19,935,10:00:00 AM,Sunday,Jane Station to Pioneer Village Station,General Delay,15,24,S/B,
25-Aug-19,35,10:00:00 AM,Sunday,Jane Station to Pioneer Village Station,General Delay,15,24,B/W,
25-Aug-19,600,10:15:00 AM,Sunday,St. Clair Stn,Mechanical,1,1,N/B,9117
25-Aug-19,86,10:28:00 AM,Sunday,Eglinton and Brimley,Mechanical,8,16,E/B,8882
25-Aug-19,21,10:34:00 AM,Sunday,Brimley and Sheppard,Mechanical,22,44,S/B,3418
25-Aug-19,68,10:57:00 AM,Sunday,Finch,Investigation,22,44,N/B,8766
25-Aug-19,21,10:59:00 AM,Sunday,Progress and Brimley,Investigation,22,44,S/B,3532
25-Aug-19,60,11:00:00 AM,Sunday,Steeles West Route,General Delay,15,10,BW,0
25-Aug-19,32,11:04:00 AM,Sunday,Wincotty Drive and Eglinton,Mechanical,10,20,W/B,1111
25-Aug-19,79,11:05:00 AM,Sunday,Pine & Lawrence,Mechanical,24,48,S/B,1134
25-Aug-19,116,11:16:00 AM,Sunday,Eglinton and Markham,Mechanical,8,16,E/B,8871
25-Aug-19,165,11:19:00 AM,Sunday,Wilson at Finch,Mechanical,9,18,W/B,3295
25-Aug-19,25,11:36:00 AM,Sunday,Overlea & Thorncliff Park East,Investigation,9,18,E/B,8883
25-Aug-19,96,12:00:00 PM,Sunday,Wilson Route,General Delay,25,34,B/W,
25-Aug-19,165,12:00:00 PM,Sunday,Weston Road North Route,General Delay,25,35,B/W,
25-Aug-19,68,12:00:00 PM,Sunday,Entire Route,General Delay,1,1,B/W,
25-Aug-19,102,12:00:00 PM,Sunday,Entire Route,General Delay,1,1,B/W,
25-Aug-19,69,12:00:00 PM,Sunday,Entire Route,General Delay,1,1,B/W,
25-Aug-19,135,12:00:00 PM,Sunday,Entire Route,General Delay,1,1,B/W,8567
25-Aug-19,935,12:15:00 PM,Sunday,Pioneer Village Station,Mechanical,8,17,S/B,3476
25-Aug-19,52,12:16:00 PM,Sunday,Weston and Lawrence,Investigation,16,29,W/B,8103
25-Aug-19,79,12:24:00 PM,Sunday,Scarlett & Mountbatten Rd,Investigation,24,48,S/B,1023
25-Aug-19,105,12:30:00 PM,Sunday,Sheppard West Station,Mechanical,15,30,N/B,8353
25-Aug-19,9,1:00:00 PM,Sunday,Entire Route,General Delay,1,1,B/W,
25-Aug-19,7,2:00:00 PM,Sunday,EXHIBITION LOOP TO STEELES,General Delay,10,30,B/W,
25-Aug-19,43,2:03:00 PM,Sunday,Huntingwood and Kennedy,Mechanical,10,20,S/B,8858
25-Aug-19,36,2:50:00 PM,Sunday,Finch station,Mechanical,6,12,W/B,3290
25-Aug-19,63,3:09:00 PM,Sunday,Ossington at Queen,Utilized Off Route,6,12,S/B,8171
25-Aug-19,63,3:11:00 PM,Sunday,Ossington at Queen,Utilized Off Route,6,12,S/B,8325
25-Aug-19,81,3:14:00 PM,Sunday,Thorncliffe Park,Mechanical,8,17,S/B,9231
25-Aug-19,102,3:34:00 PM,Sunday,Mason and Kingston Road,Mechanical,10,20,E/B,8530
25-Aug-19,32,3:46:00 PM,Sunday,Eglinton West Station,Mechanical,10,20,W/B,1035
25-Aug-19,165,4:00:00 PM,Sunday,BARMAC DR. AT STEELES AVE. W. to York Mills Station,General Delay,27,36,B/W,
25-Aug-19,96,4:00:00 PM,Sunday,York Mills Station to HUMBERLINE LOOP,General Delay,49,59,B/W,
25-Aug-19,112,4:05:00 PM,Sunday,Renforth Station,Mechanical,20,40,N/B,8013
25-Aug-19,51,4:15:00 PM,Sunday,Don Mills and Fresh Meadows,Mechanical,30,60,S/B,8338
25-Aug-19,52,5:08:00 PM,Sunday,LAWRENCE/PINE,Investigation,14,28,W/B,8330
25-Aug-19,123,5:30:00 PM,Sunday,Kipling Station,Mechanical,20,40,SB,7968
25-Aug-19,60,5:35:00 PM,Sunday,Steeles Loop at Martin Grove,Mechanical,10,20,EB,3208
25-Aug-19,52,5:45:00 PM,Sunday,LAWRENCE/PINE,Investigation,14,28,W/B,1249
25-Aug-19,16,6:00:00 PM,Sunday,Warden and St. Clair,Diversion,40,52,W/B,8471
25-Aug-19,9,6:00:00 PM,Sunday,Warden and St. Clair,Diversion,51,63,W/B,9220
25-Aug-19,68,6:00:00 PM,Sunday,Warden and St. Clair,Diversion,38,48,W/B,8816
25-Aug-19,69,6:00:00 PM,Sunday,Warden and St. Clair,Diversion,48,68,W/B,3138
25-Aug-19,135,6:00:00 PM,Sunday,Warden and St. Clair.,Diversion,38,58,W/B,8567
25-Aug-19,102,6:00:00 PM,Sunday,St. Clair and Warden,Diversion,38,48,W/B,3122
25-Aug-19,108,6:00:00 PM,Sunday,PIONEER VILLAGE STATION to Sheppard west station,General Delay,19,28,B/W,
25-Aug-19,17,6:00:00 PM,Sunday,St. Clair and Warden,Diversion,46,64,W/B,3114
25-Aug-19,63,6:01:00 PM,Sunday,Ossington Station,Mechanical,7,13,S/B,8132
25-Aug-19,60,6:21:00 PM,Sunday,Steeles Loop,Mechanical,10,20,E/B,3280
25-Aug-19,102,6:30:00 PM,Sunday,Warden station,General Delay,38,48,N/B,3122
25-Aug-19,51,6:57:00 PM,Sunday,LESLIE/OLD CUMMER,Mechanical,20,40,N/B,8161
25-Aug-19,84,7:00:00 PM,Sunday,ROUTE 84- SHEPPARD WEST,General Delay,15,25,B/W,
25-Aug-19,133,7:26:00 PM,Sunday,Morningside and Oasis,Diversion,57,67,N/B,3459
25-Aug-19,53,7:30:00 PM,Sunday,Morningside/ Oasis,Diversion,10,30,W/B,
25-Aug-19,63,8:00:00 PM,Sunday,ATLANTIC AVE & KING ST W to Eglinton West station,General Delay,17,27,B/W,
25-Aug-19,939,8:25:00 PM,Sunday,Finch/ Pharmacy,Investigation,10,20,E/B,1308
25-Aug-19,86,8:52:00 PM,Sunday,Moiningside and Kingston,Diversion,245,255,E/B,8672
25-Aug-19,71,8:54:00 PM,Sunday,Runnymede and St. Johns Road,Investigation,20,40,NB,1140
25-Aug-19,45,9:00:00 PM,Sunday,Kipling Station,Investigation,10,20,NB,8435
25-Aug-19,39,9:00:00 PM,Sunday,Neilson/ Crow Trail,Diversion,10,30,W/B,
25-Aug-19,89,9:10:00 PM,Sunday,Keele Station,Utilized Off Route,10,20,NB,1345
25-Aug-19,35,9:14:00 PM,Sunday,Jane Firgrove,Investigation,7,14,S/B,3482
25-Aug-19,102,9:50:00 PM,Sunday,Markham and Select,Diversion,10,20,N/B,3121
25-Aug-19,32,9:59:00 PM,Sunday,PINE ST. AT LAWRENCE AVE. W.,Mechanical,20,40,E/B,1263
25-Aug-19,53,10:00:00 PM,Sunday,Markham/ Passmore,Diversion,15,35,W/B,
25-Aug-19,32,10:36:00 PM,Sunday,PINE ST. AT LAWRENCE AVE. W.,Mechanical,19,38,E/B,1521
25-Aug-19,108,10:38:00 PM,Sunday,Sheappard west station,Investigation,30,60,N/B,3259
25-Aug-19,41,11:13:00 PM,Sunday,Keele Street and Sheppard Ave W,Mechanical,24,48,N/B,1268
26-Aug-19,329,1:36:00 AM,Monday,Steeles and Dufferin,Mechanical,30,60,S/B,1045
26-Aug-19,320,2:25:00 AM,Monday,Eglinton Station,Utilized Off Route,7,15,S/B,8793
26-Aug-19,300,2:38:00 AM,Monday,Bloor & Spadina,Mechanical,30,60,W/B,8421
26-Aug-19,339,3:14:00 AM,Monday,Finch Station,Mechanical,30,60,E/B,3181
26-Aug-19,322,3:40:00 AM,Monday,Coxwell & Hanson,Diversion,115,145,S/B,8949
26-Aug-19,300,3:48:00 AM,Monday,Bloor & Windermere,Mechanical,30,60,E/B,8951
26-Aug-19,336,4:30:00 AM,Monday,Finch Station,Mechanical,30,42,W/B,3181
26-Aug-19,39,5:00:00 AM,Monday,39 Finch Route-All Branch,General Delay,18,36,B/W,3483
26-Aug-19,939,5:00:00 AM,Monday,939 Finch Express-All branch,General Delay,20,29,B/W,1392
26-Aug-19,100,5:15:00 AM,Monday,Eglinton / Don Mills / Wynford,Investigation,8,16,B/W,8629
26-Aug-19,54,5:36:00 AM,Monday,Warden and eglinton,Mechanical,10,20,W/B,8665
26-Aug-19,701,5:47:00 AM,Monday,Sunnybroke Hospital,Utilized Off Route,1,1,S/B,1351
26-Aug-19,133,5:54:00 AM,Monday,SCARBOROUGH TOWN CENTRE,Mechanical,15,30,B/W,3548
26-Aug-19,600,5:59:00 AM,Monday,Eglinton Station,Mechanical,1,1,W/B,8705
26-Aug-19,34,6:00:00 AM,Monday,Eglinton Station,Utilized Off Route,8,14,E/B,8809
26-Aug-19,706,6:00:00 AM,Monday,Warden STN,Utilized Off Route,1,1,,8474
26-Aug-19,63,6:09:00 AM,Monday,Eglinton West Station,Utilized Off Route,1,4,S/B,1365
26-Aug-19,600,6:09:00 AM,Monday,Keele Station,Utilized Off Route,1,1,E/B,1108
26-Aug-19,600,6:10:00 AM,Monday,Kipling Station,Utilized Off Route,1,1,E/B,8876
26-Aug-19,709,6:10:00 AM,Monday,Keele Station,Utilized Off Route,1,1,E/B,1021
26-Aug-19,600,6:10:00 AM,Monday,Keele Station,Utilized Off Route,1,1,E/B,1122
26-Aug-19,710,6:12:00 AM,Monday,Broadview Station,Utilized Off Route,1,1,W/B,8876
26-Aug-19,601,6:12:00 AM,Monday,Bathurst and King St.,Utilized Off Route,1,1,E/B,8380
26-Aug-19,36,6:22:00 AM,Monday,Finch station,Investigation,5,10,W/B,3334
26-Aug-19,32,6:39:00 AM,Monday,Eglinton and Bathurst,Mechanical,7,14,E/B,1269
26-Aug-19,939,6:57:00 AM,Monday,Finch West Station,Emergency Services,8,16,E/B,1668
26-Aug-19,54,7:00:00 AM,Monday,entire route,General Delay,10,20,B/W,
26-Aug-19,51,7:00:00 AM,Monday,entire route,General Delay,18,36,E/B,
26-Aug-19,39,7:14:00 AM,Monday,Sewels and Littles Rd,Mechanical,15,30,W/B,3483
26-Aug-19,953,7:15:00 AM,Monday,Finch and Morningside,Mechanical,15,30,W/B,9097
26-Aug-19,48,7:30:00 AM,Monday,Rathburn and Mill,Mechanical,12,24,W/B,8427
26-Aug-19,706,7:45:00 AM,Monday,Pape Station,Utilized Off Route,1,1,S/B,3111
26-Aug-19,168,7:45:00 AM,Monday,Rogers/Weston,Mechanical,7,13,E/B,1618
26-Aug-19,929,7:49:00 AM,Monday,Dupont / Lawrence,Mechanical,9,18,N/B,9038
26-Aug-19,47,7:55:00 AM,Monday,Caledonia and Norman Ave,Investigation,24,48,S/B,1380
26-Aug-19,52,7:55:00 AM,Monday,Royal York and Braecrest,Diversion,1,1,W/B,8382
26-Aug-19,122,8:00:00 AM,Monday,York mill and Bayview,General Delay,15,1,E/B,
26-Aug-19,900,8:00:00 AM,Monday,427/Dixon,Mechanical,7,13,N/B,8002
26-Aug-19,95,8:00:00 AM,Monday,York Mills and Bayview,General Delay,12,1,E/B,
26-Aug-19,995,8:17:00 AM,Monday,Scarb College loop,Mechanical,12,24,E/B,3469
26-Aug-19,116,8:23:00 AM,Monday,Kennedy Station,Investigation,7,13,W/B,8883
26-Aug-19,123,8:30:00 AM,Monday,SHGD - Sherway Gardens,Mechanical,5,10,N/B,8020
26-Aug-19,953,8:33:00 AM,Monday,Morningside and Finch,Mechanical,15,30,W/B,9090
26-Aug-19,939,8:38:00 AM,Monday,STC Station,Investigation,8,16,W/B,3425
26-Aug-19,165,8:42:00 AM,Monday,Weston & Steeles,Mechanical,7,13,N/B,3280
26-Aug-19,46,8:45:00 AM,Monday,Martin Grove/Belfield,Diversion,80,86,N/B,3325
26-Aug-19,939,8:48:00 AM,Monday,Willowdale and Finch Av,Diversion,1,1,W/B,3527
26-Aug-19,92,8:52:00 AM,Monday,woodbin stn,Investigation,12,24,S/B,8547
26-Aug-19,76,8:56:00 AM,Monday,ROYAL YORK AND CAVELLE,Emergency Services,10,20,N/B,8600
26-Aug-19,34,8:57:00 AM,Monday,Grenoble and Spanbridge,Mechanical,8,17,W/B,8784
26-Aug-19,76,9:00:00 AM,Monday,ENTIRE ROUTE,General Delay,10,35,B/W,
26-Aug-19,76,9:05:00 AM,Monday,ROYAL YORK AND CAVELLE,Emergency Services,10,20,N/B,7964
26-Aug-19,76,9:05:00 AM,Monday,ROYAL YORK AND CAVELLE,Diversion,30,20,N/B,
26-Aug-19,123,9:10:00 AM,Monday,KPSN - Kipling Stn,Emergency Services,17,37,S/B,8096
26-Aug-19,76,9:15:00 AM,Monday,LAKESHORE AND MIMICO,Mechanical,10,20,N/B,8023
26-Aug-19,63,9:17:00 AM,Monday,Atlantic & King,Mechanical,10,20,N/B,1270
26-Aug-19,939,9:37:00 AM,Monday,Don Mills and Finch Av,Investigation,10,20,W/B,3508
26-Aug-19,89,9:45:00 AM,Monday,Weston/Lawrence,Mechanical,10,20,S/B,1003
26-Aug-19,939,10:00:00 AM,Monday,Finch Station,Mechanical,8,16,W/B,1400
26-Aug-19,52,10:09:00 AM,Monday,Lawrence W Stn,Mechanical,15,30,E/B,8195
26-Aug-19,36,10:09:00 AM,Monday,Finch and Welmington,Mechanical,6,12,E/B,3172
26-Aug-19,32,10:10:00 AM,Monday,Weston Road and Eglinton,Investigation,11,22,E/B,1521
26-Aug-19,39,10:25:00 AM,Monday,Finch an Victoria PK,Mechanical,16,32,E/B,3483
26-Aug-19,7,10:32:00 AM,Monday,Finch,Mechanical,8,16,N/B,8140
26-Aug-19,134,10:49:00 AM,Monday,Progress and Markham,Mechanical,15,30,B/W,1735
26-Aug-19,14,10:55:00 AM,Monday,Glencairn,Mechanical,1,1,W/B,1120
26-Aug-19,35,10:59:00 AM,Monday,Jane Station,Investigation,7,14,N/B,3203
26-Aug-19,939,11:05:00 AM,Monday,Sheppard and McCowan,Diversion,9,18,S/B,1541
26-Aug-19,53,11:15:00 AM,Monday,Steeles and Warden,Mechanical,6,12,W/B,3467
26-Aug-19,53,11:30:00 AM,Monday,Steeles and Bayview,Mechanical,6,12,E/B,1244
26-Aug-19,117,12:05:00 PM,Monday,Sheppard West Station,Mechanical,20,40,W/B,1277
26-Aug-19,40,12:10:00 PM,Monday,Dundas/Keele,Diversion,248,258,E/B,8420
26-Aug-19,32,12:30:00 PM,Monday,Eglinton West Station,Mechanical,11,22,E/B,1415
26-Aug-19,131,1:00:00 PM,Monday,Scarborough Town centre to Steeles,General Delay,15,20,B/W,
26-Aug-19,130,1:00:00 PM,Monday,Scarborough Town Centre to Steeles,General Delay,15,20,B/W,
26-Aug-19,169,1:00:00 PM,Monday,Huntingwood between Midland and Brimley,Diversion,360,380,W/B,
26-Aug-19,129,1:00:00 PM,Monday,Scarborough Town centre to Steeles,General Delay,20,25,B/W,
26-Aug-19,68,1:00:00 PM,Monday,Warden route,General Delay,30,60,B/W,
26-Aug-19,92,1:00:00 PM,Monday,92 Woodbine South,General Delay,12,23,B/W,3148
26-Aug-19,70,1:00:00 PM,Monday,70 O'Connor Route- All Branches,General Delay,18,36,B/W,8796
26-Aug-19,25,1:00:00 PM,Monday,25 Don Mills- All Branch,General Delay,9,18,B/W,8721
26-Aug-19,925,1:00:00 PM,Monday,925 Don Mills Express Route,General Delay,10,20,B/W,8820
26-Aug-19,17,1:00:00 PM,Monday,Bichmount Route,General Delay,40,80,B/W,
26-Aug-19,72,1:08:00 PM,Monday,Pape station,Investigation,19,38,S/B,3113
26-Aug-19,32,1:16:00 PM,Monday,Westover Hill Rd,Investigation,9,18,E/B,1027
26-Aug-19,16,1:20:00 PM,Monday,Danforth and Brimley,Investigation,10,20,N/B,8543
26-Aug-19,133,1:21:00 PM,Monday,Sheppard,Mechanical,11,22,N/B,3453
26-Aug-19,102,1:30:00 PM,Monday,Markham route,General Delay,30,60,B/W,
26-Aug-19,75,1:30:00 PM,Monday,Sherbourne and Bloor ST E,Emergency Services,11,22,N/B,8160
26-Aug-19,54,1:35:00 PM,Monday,Lawrence and Donmills,General Delay,45,55,E/B,8907
26-Aug-19,89,1:47:00 PM,Monday,Weston rd /Lawrence,Mechanical,10,20,S/B,1003
26-Aug-19,121,1:50:00 PM,Monday,CHERRY ST. AT COMMISSIONERS ST.,Investigation,20,40,N/B,8959
26-Aug-19,6,1:53:00 PM,Monday,DAVENPORT RD. AT DUPONT ST.,Mechanical,12,24,S/B,1035
26-Aug-19,80,2:19:00 PM,Monday,Keele stn,Mechanical,24,48,W/B,8053
26-Aug-19,927,2:35:00 PM,Monday,Steeles loop/ Martin gr,Mechanical,5,12,S/B,3324
26-Aug-19,939,2:38:00 PM,Monday,Finch and Brimley,Emergency Services,8,16,WB,3536
26-Aug-19,7,2:42:00 PM,Monday,Bathurst & Caribou,Investigation,7,14,N/B,8365
26-Aug-19,54,2:43:00 PM,Monday,Manse and Lawrence,Investigation,10,20,E/B,8677
26-Aug-19,52,2:53:00 PM,Monday,Bathurst and Lawrence,Investigation,16,32,W/B,7137
26-Aug-19,41,2:55:00 PM,Monday,Keele & Eglinton,Mechanical,8,16,N/B,9031
26-Aug-19,9,3:00:00 PM,Monday,Bellmay route,General Delay,15,30,B/W,
26-Aug-19,72,3:00:00 PM,Monday,FRONT ST. AT BAY ST. to PAPE STATION,General Delay,28,38,B/W,
26-Aug-19,69,3:00:00 PM,Monday,Warden South route,General Delay,9,18,B/W,
26-Aug-19,121,3:00:00 PM,Monday,CHERRY BEACH (CLARKE BEACH) PARK to ONTARIO PLACE,General Delay,16,33,B/W,
26-Aug-19,16,3:00:00 PM,Monday,McCowan S route,General Delay,15,30,B/W,
26-Aug-19,944,3:04:00 PM,Monday,Kipling Station,Mechanical,12,24,SB,8610
26-Aug-19,55,3:10:00 PM,Monday,Gooch and Magwood,Investigation,10,20,SB,1094
26-Aug-19,939,3:24:00 PM,Monday,Neilson and Finch,Vision,15,30,NB,1548
26-Aug-19,120,3:30:00 PM,Monday,Gilley Rd and Ancaster Blvd,Diversion,150,170,S/B,
26-Aug-19,929,3:40:00 PM,Monday,Dufferin & Rowan,Investigation,10,20,S/B,9143
26-Aug-19,129,3:46:00 PM,Monday,Steeles,Mechanical,10,20,S/B,1240
26-Aug-19,54,3:58:00 PM,Monday,Orton park and Lawrence,Mechanical,13,26,W/B,8742
26-Aug-19,66,4:00:00 PM,Monday,Entire Route,General Delay,20,25,B/W,
26-Aug-19,44,4:00:00 PM,Monday,Colonel Samuel Smith Loop,Mechanical,6,13,NB,8082
26-Aug-19,75,4:00:00 PM,Monday,JARVIS ST. AT QUEENS QUAY to SOUTH DR. AT GLEN RD.,General Delay,12,21,B/W,
26-Aug-19,108,4:00:00 PM,Monday,Entire 108 Driftwood Route Bothways,General Delay,9,16,B/W,
26-Aug-19,985,4:10:00 PM,Monday,Morningside,Investigation,12,24,E/B,9081
26-Aug-19,985,4:22:00 PM,Monday,Sheppard & Midland,Mechanical,12,24,W/B,9078
26-Aug-19,46,4:22:00 PM,Monday,Steeles loop,Mechanical,12,24,S/B,3232
26-Aug-19,5,4:32:00 PM,Monday,Avenue and Dupont,Investigation,20,40,N/B,8323
26-Aug-19,16,4:48:00 PM,Monday,Danforth and Thickwood,Mechanical,10,20,S/B,3134
26-Aug-19,100,4:54:00 PM,Monday,Broadview Station,Utilized Off Route,6,12,N/B,8709
26-Aug-19,70,4:54:00 PM,Monday,Coxwell Station,Utilized Off Route,10,20,N/B,8621
26-Aug-19,72,4:59:00 PM,Monday,Pape Station,Utilized Off Route,10,19,S/B,8532
26-Aug-19,902,5:00:00 PM,Monday,Warden Station,Utilized Off Route,10,20,N/B,8545
26-Aug-19,100,5:00:00 PM,Monday,DON MILLS RD. AT WYNFORD DR. to Broadview Station,General Delay,20,26,B/W,
26-Aug-19,87,5:02:00 PM,Monday,Broadview Station,Utilized Off Route,7,14,N/B,8453
26-Aug-19,34,5:05:00 PM,Monday,Eglinton Station,Mechanical,9,18,E/B,8710
26-Aug-19,23,5:13:00 PM,Monday,DAWS RD & PARK VISTA,Investigation,7,14,N/B,3101
26-Aug-19,601,5:16:00 PM,Monday,Scarborough Town Centre,Utilized Off Route,1,1,B/W,1244
26-Aug-19,34,5:21:00 PM,Monday,Kennedy Station,Utilized Off Route,7,13,W/B,8806
26-Aug-19,600,5:29:00 PM,Monday,Coxwell Station,Utilized Off Route,1,1,N/B,8698
26-Aug-19,707,5:30:00 PM,Monday,Finch Station,Utilized Off Route,1,1,S/B,1322
26-Aug-19,600,5:30:00 PM,Monday,Lawrence RT Stn.,Utilized Off Route,1,1,W/B,8935
26-Aug-19,52,5:48:00 PM,Monday,LAWRENCE/RIVERLEA,Investigation,15,30,W/B,1373
26-Aug-19,34,5:49:00 PM,Monday,Kennedy Station,Utilized Off Route,6,13,W/B,8819
26-Aug-19,29,5:56:00 PM,Monday,Dufferin/ Eglinton,Mechanical,7,14,S/B,9016
26-Aug-19,97,6:01:00 PM,Monday,Yonge and bloor,Diversion,60,90,N/B,
26-Aug-19,32,6:04:00 PM,Monday,Eglinton Stn,Mechanical,1,1,W/B,1024
26-Aug-19,935,6:06:00 PM,Monday,Jane and Finch,Mechanical,11,22,S/B,3228
26-Aug-19,47,6:11:00 PM,Monday,Earls Court Loop,Mechanical,14,28,S/B,1254
26-Aug-19,14,6:16:00 PM,Monday,Dufferin and Glencairn,Diversion,70,90,W/B,1348
26-Aug-19,47,6:20:00 PM,Monday,Earls Court Loop,Diversion,63,77,S/B,1502
26-Aug-19,29,6:25:00 PM,Monday,Dufferin/ Ascott,Mechanical,7,14,N/B,9047
26-Aug-19,129,6:35:00 PM,Monday,Scarborough Town centre,Mechanical,22,44,N/B,3405
26-Aug-19,41,6:37:00 PM,Monday,Keele Stn,Utilized Off Route,8,16,N/B,9042
26-Aug-19,701,6:41:00 PM,Monday,Kipling Station,Utilized Off Route,1,1,SB,7962
26-Aug-19,110,6:45:00 PM,Monday,Long Branch Loop,Utilized Off Route,12,24,N/B,7975
26-Aug-19,21,6:46:00 PM,Monday,Scarborough Town Centre,Mechanical,13,26,N/B,3412
26-Aug-19,76,6:50:00 PM,Monday,Islington and Evans,Utilized Off Route,1,1,S/B,8076
26-Aug-19,945,7:00:00 PM,Monday,Kipling Station,Utilized Off Route,1,1,SB,8042
26-Aug-19,35,7:01:00 PM,Monday,Jane and East Drive,Mechanical,5,9,S/B,3703
26-Aug-19,16,7:10:00 PM,Monday,Warden Station,Mechanical,10,20,N/B,9224
26-Aug-19,63,7:17:00 PM,Monday,Oakwood Loop,Mechanical,10,20,S/B,1367
26-Aug-19,89,7:31:00 PM,Monday,Keele stn,Mechanical,8,17,N/B,1021
26-Aug-19,939,7:37:00 PM,Monday,Finch and 404,Investigation,7,14,WB,3454
26-Aug-19,47,7:40:00 PM,Monday,Earls Court Loop,Mechanical,20,39,S/B,1140
26-Aug-19,47,7:41:00 PM,Monday,Earls Court Loop,Mechanical,20,39,S/B,1007
26-Aug-19,601,7:59:00 PM,Monday,Finch Station,Utilized Off Route,1,1,S/B,3296
26-Aug-19,112,8:10:00 PM,Monday,Kipling stn,Mechanical,15,30,N/B,8460
26-Aug-19,720,8:20:00 PM,Monday,Warden Stn.,Utilized Off Route,1,1,N/B,8867
26-Aug-19,47,8:25:00 PM,Monday,Earls Court Loop,Diversion,335,358,S/B,1007
26-Aug-19,25,8:26:00 PM,Monday,Pape Station,Utilized Off Route,8,17,N/B,8667
26-Aug-19,41,8:27:00 PM,Monday,Pioneer Village Stn,Mechanical,17,34,S/B,9139
26-Aug-19,929,8:46:00 PM,Monday,Dufferin/ Wilson,Mechanical,10,20,S/B,9137
26-Aug-19,42,8:49:00 PM,Monday,McNIcoll and Midland,Investigation,12,24,W/B,8156
26-Aug-19,43,9:02:00 PM,Monday,stc,Mechanical,15,30,S/B,8873
26-Aug-19,7,9:23:00 PM,Monday,Bathurst and Wilson,Mechanical,7,14,S/B,8139
26-Aug-19,32,9:28:00 PM,Monday,Emmett and Verona,Mechanical,31,62,E/B,1132
26-Aug-19,34,9:32:00 PM,Monday,Eglinton & Mt Pleasant,Investigation,10,20,E/B,8748
26-Aug-19,52,9:34:00 PM,Monday,LAWRENCE STATION,Mechanical,15,30,E/B,8371
26-Aug-19,32,10:03:00 PM,Monday,Mt Dennis Yard,Utilized Off Route,1,1,E/B,1137
26-Aug-19,84,10:06:00 PM,Monday,SHEPPARD YONGE STATION,Utilized Off Route,10,20,W/B,3205
26-Aug-19,984,10:06:00 PM,Monday,SHEPPARD WEST STATION,Mechanical,13,26,E/B,3274
26-Aug-19,85,10:15:00 PM,Monday,Malvern gate,Mechanical,16,32,E/B,3450
26-Aug-19,129,10:17:00 PM,Monday,Steeles & McCowan,Utilized Off Route,1,1,W/B,3525
26-Aug-19,935,10:28:00 PM,Monday,Pioneer Village Station,Utilized Off Route,1,1,E/B,3367
26-Aug-19,505,10:34:00 PM,Monday,Mt Dennis Yard,Utilized Off Route,1,1,E/B,1415
26-Aug-19,929,10:34:00 PM,Monday,Wilson Station,Utilized Off Route,1,1,E/B,1287
26-Aug-19,53,10:39:00 PM,Monday,Passnore & Markham,Utilized Off Route,1,1,E/B,3543
26-Aug-19,161,11:01:00 PM,Monday,Jane and Alliance,Mechanical,20,40,E/B,1082
26-Aug-19,85,11:15:00 PM,Monday,Progress and sheppard,Utilized Off Route,20,40,E/B,9480
26-Aug-19,29,11:35:00 PM,Monday,Exhibition West Loop,Mechanical,8,16,N/B,9034
26-Aug-19,109,11:45:00 PM,Monday,Eglinton west station,Investigation,25,50,S/B,8367
26-Aug-19,96,11:51:00 PM,Monday,Bathurst and Wilson,Mechanical,20,40,E/B,3171
26-Aug-19,89,11:56:00 PM,Monday,Weston and Craydon,Investigation,10,20,NB,1536
27-Aug-19,31,12:55:00 AM,Tuesday,POST OFFICE,Mechanical,1,1,N/B,8524
27-Aug-19,320,2:32:00 AM,Tuesday,Finch,Mechanical,3,6,N/B,1143
27-Aug-19,320,3:43:00 AM,Tuesday,Queensquay And Yonge,Mechanical,4,8,S/B,1378
27-Aug-19,29,4:40:00 AM,Tuesday,Stauner and Dufferin,Mechanical,7,15,N/B,9053
27-Aug-19,39,5:00:00 AM,Tuesday,39 Finch Route-All Branch,General Delay,18,36,B/W,1650
27-Aug-19,939,5:00:00 AM,Tuesday,939 Finch Express-All Branch,General Delay,20,29,B/W,3553
27-Aug-19,41,5:00:00 AM,Tuesday,Toro / Keele,Investigation,12,24,N/B,9031
27-Aug-19,47,5:04:00 AM,Tuesday,Queen and Lansdown,Mechanical,8,16,W/B,1107
27-Aug-19,35,5:50:00 AM,Tuesday,Peter Kaiser and Steeles.,Mechanical,8,18,S/B,3239
27-Aug-19,96,5:52:00 AM,Tuesday,Dufferin & Wilson,Investigation,15,25,E/B,3364
27-Aug-19,165,6:23:00 AM,Tuesday,Wilson Station,Mechanical,6,13,N/B,3491
27-Aug-19,929,6:29:00 AM,Tuesday,Mt Dennis garage,Mechanical,6,12,N/B,1043
27-Aug-19,60,6:59:00 AM,Tuesday,Finch stn,Mechanical,10,20,E/B,3522
27-Aug-19,54,7:00:00 AM,Tuesday,entire route,General Delay,10,20,B/W,
27-Aug-19,51,7:00:00 AM,Tuesday,entire route,General Delay,18,36,B/W,
27-Aug-19,939,7:08:00 AM,Tuesday,Finch Station,Mechanical,8,16,E/B,3542
27-Aug-19,11,7:28:00 AM,Tuesday,Velley on Bayview,Mechanical,16,32,N/B,8155
27-Aug-19,935,7:34:00 AM,Tuesday,Pioneer Village Station,Emergency Services,8,17,S/B,3484
27-Aug-19,54,8:00:00 AM,Tuesday,lawrence rt station,Mechanical,10,20,W/B,8675
27-Aug-19,87,8:05:00 AM,Tuesday,Broadview Station,Mechanical,6,12,N/B,8538
27-Aug-19,12,8:07:00 AM,Tuesday,KINGSTON - Gerrard and Victoria Park,Investigation,18,36,S/B,8471
27-Aug-19,995,8:13:00 AM,Tuesday,Victoria Park and Ellesmere rd,Mechanical,12,24,W/B,3400
27-Aug-19,7,8:16:00 AM,Tuesday,St Clair / Bathurst,Mechanical,8,16,S/B,8102
27-Aug-19,168,8:20:00 AM,Tuesday,Symington/Bloor,Mechanical,7,13,N/B,1003
27-Aug-19,939,8:35:00 AM,Tuesday,McCowan and Sheppard,Diversion,58,76,S/B,3488
27-Aug-19,927,8:44:00 AM,Tuesday,427/Burnhamthorpe,Investigation,10,20,N/B,3330
27-Aug-19,79,8:51:00 AM,Tuesday,Pine St and Lawrence Ave W,Emergency Services,5,10,N/B,1203
27-Aug-19,96,9:00:00 AM,Tuesday,Westmore & Humber College,Mechanical,17,37,E/B,3230
27-Aug-19,989,9:20:00 AM,Tuesday,Keele Station,Mechanical,1,1,E/B,1000
27-Aug-19,94,9:35:00 AM,Tuesday,Ossington Station,Investigation,16,32,N/B,1108
27-Aug-19,87,9:44:00 AM,Tuesday,East York Acres,Diversion,6,12,B/W,8530
27-Aug-19,953,9:48:00 AM,Tuesday,Birchmount,Mechanical,7,14,W/B,9079
27-Aug-19,720,11:15:00 AM,Tuesday,Eglinton Garage,Mechanical,1,1,W/B,8694
27-Aug-19,85,11:18:00 AM,Tuesday,Sheppard and Morningside,Mechanical,14,21,E/B,3503
27-Aug-19,26,11:20:00 AM,Tuesday,St. George Station,Mechanical,22,44,E/B,1061
27-Aug-19,32,11:40:00 AM,Tuesday,Eglinton and Bathurst,Investigation,11,22,E/B,1106
27-Aug-19,80,11:43:00 AM,Tuesday,Queensway/Tueman Ave.,Investigation,24,48,E/B,8408
27-Aug-19,134,11:55:00 AM,Tuesday,Washburn Way and Mammoth Hall,Investigation,15,30,B/W,3442
27-Aug-19,116,12:12:00 PM,Tuesday,Eglinton and Torrance,Investigation,10,20,E/B,8866
27-Aug-19,92,12:49:00 PM,Tuesday,Woodbine Ave/Queen Street,Investigation,12,23,S/B,8535
27-Aug-19,169,1:00:00 PM,Tuesday,Huntingwood between Midland toBrimley,Diversion,360,380,W/B,
27-Aug-19,68,1:00:00 PM,Tuesday,Warden route,General Delay,30,60,B/W,
27-Aug-19,70,1:00:00 PM,Tuesday,70 O'Connor Route- All Branch,General Delay,9,18,B/W,8893
27-Aug-19,91,1:00:00 PM,Tuesday,91 Woodbine Route,General Delay,13,26,B/W,8469
27-Aug-19,102,1:00:00 PM,Tuesday,Markham Route,General Delay,30,60,B/W,
27-Aug-19,92,1:00:00 PM,Tuesday,92 Woodbine South Route,General Delay,12,23,B/W,8941
27-Aug-19,25,1:00:00 PM,Tuesday,25 Don Mills Route- All Branch,General Delay,9,18,B/W,8738
27-Aug-19,925,1:00:00 PM,Tuesday,925 Don Mills Express Route,General Delay,10,20,B/W,8821
27-Aug-19,54,1:18:00 PM,Tuesday,Morningside and Lawrence,Mechanical,14,28,W/B,8813
27-Aug-19,939,1:29:00 PM,Tuesday,Finch Station,Mechanical,9,18,EB,1323
27-Aug-19,92,1:43:00 PM,Tuesday,Woodbine Station,Investigation,11,23,S/B,8535
27-Aug-19,130,2:00:00 PM,Tuesday,Scarborough Town centre to steeles,General Delay,10,15,B/W,
27-Aug-19,69,2:00:00 PM,Tuesday,Warden south route,General Delay,8,16,B/W,
27-Aug-19,131,2:00:00 PM,Tuesday,Scarborough Town Centre to Old Finch Ave,General Delay,15,20,B/W,
27-Aug-19,905,2:17:00 PM,Tuesday,Morningside and Kingston,Investigation,10,20,S/B,8818
27-Aug-19,75,2:30:00 PM,Tuesday,Lower Jarvis/Sherbourne; Shebourne to Adelaide,General Delay,20,34,B/W,
27-Aug-19,121,2:30:00 PM,Tuesday,Various locations along route,General Delay,32,50,B/W,
27-Aug-19,44,2:38:00 PM,Tuesday,CSSL,Mechanical,7,14,N/B,7972
27-Aug-19,25,2:46:00 PM,Tuesday,Papa Ave/O'Connor,Investigation,9,17,S/B,8643
27-Aug-19,41,2:55:00 PM,Tuesday,Entire 41 Keele Route Both Ways,General Delay,12,16,B/W,
27-Aug-19,24,2:59:00 PM,Tuesday,VICTORIA PARK / Victoria Park Station,Mechanical,9,18,N/B,3135
27-Aug-19,16,3:00:00 PM,Tuesday,McCowan South,General Delay,15,30,B/W,
27-Aug-19,17,3:00:00 PM,Tuesday,Birchmount route,General Delay,40,80,B/W,
27-Aug-19,84,3:09:00 PM,Tuesday,Jane and Sheppard,Mechanical,5,10,W/B,3182
27-Aug-19,64,3:17:00 PM,Tuesday,MAIN / Main Station,Mechanical,8,16,S/B,8957
27-Aug-19,129,3:30:00 PM,Tuesday,Scarborough Town Centre to major mac,General Delay,15,20,B/W,
27-Aug-19,32,3:45:00 PM,Tuesday,Kipling/Eglinton,Mechanical,10,20,W/B,1576
27-Aug-19,945,3:55:00 PM,Tuesday,"On Kipling, at Eglinton",Mechanical,9,18,S/B,8433
27-Aug-19,939,4:00:00 PM,Tuesday,Finch Station,General Delay,6,12,BW,1607
27-Aug-19,145,4:00:00 PM,Tuesday,Entire Route,General Delay,30,60,B/W,
27-Aug-19,44,4:00:00 PM,Tuesday,Kipling Station to Humber Loop,General Delay,15,20,B/W,
27-Aug-19,16,4:03:00 PM,Tuesday,Warden Station,Mechanical,9,18,N/B,8538
27-Aug-19,129,4:22:00 PM,Tuesday,Nugget,Mechanical,10,20,N/B,1703
27-Aug-19,169,4:30:00 PM,Tuesday,Don Mills station to Scarborough Town Centre,General Delay,15,20,B/W,
27-Aug-19,113,4:35:00 PM,Tuesday,Moving Onboard,Investigation,11,22,W/B,8580
27-Aug-19,12,4:45:00 PM,Tuesday,VICTORIA PK & DENTON,Mechanical,12,24,N/B,8566
27-Aug-19,989,4:45:00 PM,Tuesday,Keele Station,Mechanical,10,20,N/B,1149
27-Aug-19,97,4:50:00 PM,Tuesday,Yorkmills station to queens quay,General Delay,32,62,B/W,
27-Aug-19,10,5:00:00 PM,Tuesday,Don  Mills station to Brian Dr and Van Horne Ave,General Delay,15,20,B/W,
27-Aug-19,23,5:00:00 PM,Tuesday,DENTON PK,Investigation,7,14,N/B,9203
27-Aug-19,985,5:30:00 PM,Tuesday,Entire Line,General Delay,20,15,E/B,9069
27-Aug-19,54,5:30:00 PM,Tuesday,Starspray and Lawrence,Vision,10,20,E/B,8653
27-Aug-19,17,5:30:00 PM,Tuesday,Rougeside Promenade,Mechanical,30,60,S/B,8489
27-Aug-19,46,5:33:00 PM,Tuesday,Steeles Loop,Mechanical,12,24,S/B,3288
27-Aug-19,86,5:42:00 PM,Tuesday,K9ingston Rd and Galloway,Emergency Services,16,32,E/B,8869
27-Aug-19,39,5:58:00 PM,Tuesday,Sewells and Little,Mechanical,15,30,WB,1738
27-Aug-19,85,6:00:00 PM,Tuesday,Entire Line,General Delay,20,15,E/B,3469
27-Aug-19,98,6:00:00 PM,Tuesday,Senlac & Finch,Mechanical,15,30,S/B,8126
27-Aug-19,939,6:42:00 PM,Tuesday,Scarborough Town Canter,Mechanical,6,12,W/B,3525
27-Aug-19,924,6:45:00 PM,Tuesday,VICTORIA PK & Oconnor,Investigation,10,19,N/B,8546
27-Aug-19,941,7:01:00 PM,Tuesday,Keele Stn,Mechanical,10,20,N/B,1349
27-Aug-19,24,7:13:00 PM,Tuesday,Lawrence &Vict Pk,Mechanical,9,18,N/B,9236
27-Aug-19,21,7:22:00 PM,Tuesday,Ellesmere,Mechanical,11,22,N/B,1333
27-Aug-19,939,7:30:00 PM,Tuesday,Finch and Midland,Mechanical,7,14,W/B,1209
27-Aug-19,939,8:00:00 PM,Tuesday,Trion rd and Mccowan,Diversion,1,1,B/W,1607
27-Aug-19,70,8:00:00 PM,Tuesday,Coxwell/Cosburn Ave,Mechanical,22,44,S/B,8709
27-Aug-19,51,9:25:00 PM,Tuesday,Leslie & Eglinton,General Delay,17,17,BW,
27-Aug-19,100,9:26:00 PM,Tuesday,Millwood & Overlea,Investigation,9,18,N/B,8844
27-Aug-19,939,9:51:00 PM,Tuesday,Finch station,Investigation,9,17,E/B,3429
27-Aug-19,89,10:12:00 PM,Tuesday,Keele Station,Mechanical,8,14,N/B,1575
27-Aug-19,34,11:10:00 PM,Tuesday,Eglinton Station,Investigation,10,20,E/B,8740
27-Aug-19,63,11:48:00 PM,Tuesday,Eglinton West Station,Mechanical,10,20,S/B,8308
28-Aug-19,95,12:25:00 AM,Wednesday,Markham and ellesmere,Mechanical,10,20,W/B,1719
28-Aug-19,325,2:56:00 AM,Wednesday,Freshmeadow & Don Mills,Investigation,30,43,W/B,8647
28-Aug-19,320,2:59:00 AM,Wednesday,Steeles 7 Yonge,Utilized Off Route,3,6,S/B,8840
28-Aug-19,300,3:05:00 AM,Wednesday,Pearson Airport - T3,Emergency Services,20,29,E/B,8470
28-Aug-19,332,4:00:00 AM,Wednesday,Eglinton / Caledonia,Investigation,1,1,E/B,1417
28-Aug-19,39,5:00:00 AM,Wednesday,39 Finch Route-All Branch,General Delay,18,36,B/W,3480
28-Aug-19,939,5:00:00 AM,Wednesday,939 Finch Express-All Branch,General Delay,20,28,B/W,1274
28-Aug-19,118,5:13:00 AM,Wednesday,Presot,Mechanical,0,0,W/B,8150
28-Aug-19,704,5:15:00 AM,Wednesday,Arrow Division,Utilized Off Route,1,1,E/B,3331
28-Aug-19,600,5:15:00 AM,Wednesday,Arrow Division,Utilized Off Route,1,1,E/B,3258
28-Aug-19,600,5:15:00 AM,Wednesday,Arrow Division,Utilized Off Route,1,1,E/B,3167
28-Aug-19,704,5:15:00 AM,Wednesday,Arrow Division,Utilized Off Route,1,1,E/B,3290
28-Aug-19,601,5:15:00 AM,Wednesday,Malvern Garage,Utilized Off Route,1,1,B/W,3471
28-Aug-19,2,5:15:00 AM,Wednesday,Malvern Garage,Utilized Off Route,1,1,B/W,3452
28-Aug-19,601,5:15:00 AM,Wednesday,Malvern Gate,Utilized Off Route,1,1,B/W,3451
28-Aug-19,704,5:15:00 AM,Wednesday,Arrow Division,Utilized Off Route,1,1,E/B,3290
28-Aug-19,706,5:17:00 AM,Wednesday,Line 2 - Late Opening,Utilized Off Route,1,1,B/W,9238
28-Aug-19,706,5:17:00 AM,Wednesday,Line 2 - Late Opening,Utilized Off Route,1,1,B/W,8942
28-Aug-19,600,5:17:00 AM,Wednesday,Wilson Garage,Utilized Off Route,1,1,E/B,1374
28-Aug-19,600,5:17:00 AM,Wednesday,Line 2 - Late Opening,Utilized Off Route,1,1,B/W,9212
28-Aug-19,600,5:17:00 AM,Wednesday,Line 2 - Late Opening,Utilized Off Route,1,1,B/W,9211
28-Aug-19,719,5:20:00 AM,Wednesday,Wilson stn,Utilized Off Route,0,0,S/B,1140
28-Aug-19,709,5:20:00 AM,Wednesday,Eglinton stn,Utilized Off Route,0,0,S/B,1005
28-Aug-19,600,5:20:00 AM,Wednesday,Highpark,Utilized Off Route,0,0,S/B,1358
28-Aug-19,600,5:20:00 AM,Wednesday,KIPLING STN,Utilized Off Route,1,1,W/B,8460
28-Aug-19,702,5:20:00 AM,Wednesday,KIPLING STN,Utilized Off Route,1,1,W/B,8462
28-Aug-19,168,5:20:00 AM,Wednesday,Weston/Rogers,Utilized Off Route,10,19,E/B,1273
28-Aug-19,716,5:22:00 AM,Wednesday,Birchmount yard,Utilized Off Route,1,1,,8444
28-Aug-19,32,5:23:00 AM,Wednesday,Islington and Eglinton,Mechanical,7,14,W/B,1009
28-Aug-19,701,5:24:00 AM,Wednesday,St. George Station,Utilized Off Route,1,1,,8383
28-Aug-19,600,5:24:00 AM,Wednesday,pape stn,Utilized Off Route,1,1,,8908
28-Aug-19,701,5:24:00 AM,Wednesday,St. George station,Utilized Off Route,1,1,,1375
28-Aug-19,939,5:26:00 AM,Wednesday,McCowan and Sheppard,Mechanical,8,16,E/B,1707
28-Aug-19,600,5:30:00 AM,Wednesday,Eglinton and Yonge,Utilized Off Route,1,1,E/B,8915
28-Aug-19,601,5:30:00 AM,Wednesday,St. George station,Utilized Off Route,1,1,,1344
28-Aug-19,600,5:30:00 AM,Wednesday,Highpark,Utilized Off Route,0,0,S/B,1060
28-Aug-19,46,5:30:00 AM,Wednesday,Kipling/Rathburn,Utilized Off Route,15,30,S/B,3709
28-Aug-19,600,5:35:00 AM,Wednesday,Keele Stn,Utilized Off Route,0,0,S/B,1287
28-Aug-19,32,5:35:00 AM,Wednesday,Eglinton and keele,Utilized Off Route,3,6,W/B,1131
28-Aug-19,102,5:42:00 AM,Wednesday,Warden STN,Utilized Off Route,20,40,E/B,3110
28-Aug-19,600,5:42:00 AM,Wednesday,Bathurst and Lawrence,Utilized Off Route,1,1,E/B,8315
28-Aug-19,60,5:42:00 AM,Wednesday,Finch stn,Utilized Off Route,9,19,W/B,3330
28-Aug-19,54,5:47:00 AM,Wednesday,eglinton station,Utilized Off Route,54,12,E/B,8694
28-Aug-19,104,5:48:00 AM,Wednesday,Wilson station,Mechanical,18,1,N/B,8144
28-Aug-19,39,5:50:00 AM,Wednesday,Finch stn,Utilized Off Route,10,20,E/B,3429
28-Aug-19,86,5:55:00 AM,Wednesday,Meadowvale Loop (S LP),Mechanical,20,31,S/B,8732
28-Aug-19,600,6:00:00 AM,Wednesday,Finchdane,Utilized Off Route,1,1,E/B,8753
28-Aug-19,986,6:02:00 AM,Wednesday,Kennedy Station,Utilized Off Route,5,10,E/B,8781
28-Aug-19,66,6:05:00 AM,Wednesday,OLD MILL STN,Mechanical,11,22,S/B,8440
28-Aug-19,131,6:07:00 AM,Wednesday,Scarborough Town Center,Mechanical,10,20,B/W,3407
28-Aug-19,161,6:10:00 AM,Wednesday,Jane & Alliance,Mechanical,13,26,W/B,1555
28-Aug-19,34,6:15:00 AM,Wednesday,EG. STN,Mechanical,1,1,E/B,8803
28-Aug-19,939,6:20:00 AM,Wednesday,Brimley and Sheppard,Mechanical,8,16,W/B,3525
28-Aug-19,63,6:52:00 AM,Wednesday,Atlantic & king,Mechanical,4,8,N/B,8143
28-Aug-19,112,6:53:00 AM,Wednesday,Renforth Stn,Mechanical,9,18,S/B,8029
28-Aug-19,89,6:55:00 AM,Wednesday,Keele Stan.,Utilized Off Route,10,16,E/B,1114
28-Aug-19,51,7:00:00 AM,Wednesday,entire route,General Delay,18,36,B/W,
28-Aug-19,168,7:10:00 AM,Wednesday,Avon Loop,Mechanical,7,13,E/B,1081
28-Aug-19,57,7:17:00 AM,Wednesday,Midland and Eglinton,Diversion,21,40,S/B,8863
28-Aug-19,23,7:19:00 AM,Wednesday,DAWES / 195 Rexeigh Drive,Mechanical,7,14,S/B,8443
28-Aug-19,42,7:26:00 AM,Wednesday,Finch stn,Mechanical,12,24,E/B,8365
28-Aug-19,41,7:31:00 AM,Wednesday,Keele Stn,Vision,11,22,N/B,9013
28-Aug-19,124,7:45:00 AM,Wednesday,roe loop,Mechanical,9,18,S/B,1248
28-Aug-19,124,7:50:00 AM,Wednesday,roe loop,Diversion,9,18,S/B,
28-Aug-19,124,7:50:00 AM,Wednesday,roe loop,General Delay,9,18,S/B,
28-Aug-19,162,7:50:00 AM,Wednesday,roe loop,General Delay,30,60,S/B,
28-Aug-19,162,7:50:00 AM,Wednesday,roe loop,Diversion,30,60,S/B,
28-Aug-19,36,7:50:00 AM,Wednesday,Fenmar,Diversion,60,94,W/B,9114
28-Aug-19,104,8:00:00 AM,Wednesday,Wilson station,Mechanical,18,32,N/B,1382
28-Aug-19,63,8:03:00 AM,Wednesday,Atlantic & King,Mechanical,4,8,N/B,1342
28-Aug-19,168,8:05:00 AM,Wednesday,Dundas West Station,Mechanical,7,13,S/B,1411
28-Aug-19,34,8:10:00 AM,Wednesday,Eglinton,Mechanical,1,1,E/B,8662
28-Aug-19,41,8:23:00 AM,Wednesday,Eglinton,Mechanical,13,26,N/B,9012
28-Aug-19,939,8:25:00 AM,Wednesday,Maxome to Yonge Street,Diversion,1,1,B/W,1531
28-Aug-19,36,8:29:00 AM,Wednesday,Sentinel,Mechanical,5,10,E/B,9113
28-Aug-19,112,8:30:00 AM,Wednesday,Entire Route,General Delay,6,30,B/W,8076
28-Aug-19,111,8:30:00 AM,Wednesday,Entire Route,General Delay,8,24,B/W,7977
28-Aug-19,984,8:32:00 AM,Wednesday,Sheppard Stn,Mechanical,10,20,W/B,3243
28-Aug-19,87,8:32:00 AM,Wednesday,Main Station,Mechanical,10,20,W/B,3108
28-Aug-19,929,8:33:00 AM,Wednesday,Lawrence,Mechanical,9,18,N/B,9023
28-Aug-19,927,8:44:00 AM,Wednesday,Dundas/Poplar,Investigation,5,9,E/B,3386
28-Aug-19,985,8:55:00 AM,Wednesday,Sheppard and Brenyong way,Mechanical,12,24,W/B,9075
28-Aug-19,66,8:56:00 AM,Wednesday,OLDMILL SNT,Mechanical,27,54,S/B,8435
28-Aug-19,102,9:03:00 AM,Wednesday,Markham Rd/Lawrence Ave E,Investigation,18,38,N/B,8483
28-Aug-19,21,9:12:00 AM,Wednesday,Scarborough Town Center,Mechanical,10,20,B/W,3535
28-Aug-19,54,9:17:00 AM,Wednesday,brimorton and scarborough golf club,Diversion,10,20,B/W,
28-Aug-19,63,9:20:00 AM,Wednesday,Ossington Station,Vision,5,9,N/B,1381
28-Aug-19,905,9:36:00 AM,Wednesday,Kingston and Galloway,Investigation,9,18,S/B,8903
28-Aug-19,939,10:00:00 AM,Wednesday,Don Mills and Finch,Mechanical,8,16,E/B,1715
28-Aug-19,63,10:00:00 AM,Wednesday,Eglinton West Station,Investigation,10,20,S/B,8350
28-Aug-19,11,10:31:00 AM,Wednesday,Steels Loop at Bayview,Mechanical,13,26,S/B,8150
28-Aug-19,600,11:25:00 AM,Wednesday,Davisville Station,Mechanical,1,1,S/B,8139
28-Aug-19,939,11:50:00 AM,Wednesday,Finch West Station,Mechanical,8,6,E/B,1738
28-Aug-19,59,12:00:00 PM,Wednesday,Caledonia and Lawrence,General Delay,20,1,B/W,
28-Aug-19,75,12:00:00 PM,Wednesday,Sherbourne Route,General Delay,15,25,BW,0
28-Aug-19,35,12:03:00 PM,Wednesday,Jane and Church,Investigation,7,14,N/B,3361
28-Aug-19,53,12:22:00 PM,Wednesday,Willowdale,Mechanical,5,10,W/B,1298
28-Aug-19,69,1:00:00 PM,Wednesday,Warden South,General Delay,8,16,B/W,
28-Aug-19,169,1:00:00 PM,Wednesday,Huntingwood between Midland and Brimley,Diversion,600,620,E/B,
28-Aug-19,131,1:00:00 PM,Wednesday,Old Finch to Kennedy station,General Delay,15,20,B/W,
28-Aug-19,102,1:00:00 PM,Wednesday,Markham Road route,General Delay,30,60,B/W,
28-Aug-19,925,1:00:00 PM,Wednesday,925 Don Mills Express Route.,General Delay,10,20,B/W,8861
28-Aug-19,68,1:00:00 PM,Wednesday,Warden route,General Delay,30,60,B/W,
28-Aug-19,17,1:00:00 PM,Wednesday,Birchmount route,General Delay,30,60,B/W,
28-Aug-19,9,1:00:00 PM,Wednesday,Bellamy Route,General Delay,20,40,B/W,
28-Aug-19,16,1:00:00 PM,Wednesday,McCowan S Route,General Delay,12,24,B/W,
28-Aug-19,25,1:00:00 PM,Wednesday,25 Don Mills Route- All Branch,General Delay,9,18,B/W,8665
28-Aug-19,83,1:00:00 PM,Wednesday,83 Jones Route,General Delay,18,36,B/W,3155
28-Aug-19,92,1:00:00 PM,Wednesday,92 - Woodbine South,General Delay,12,23,B/W,8491
28-Aug-19,927,1:02:00 PM,Wednesday,Kipling stn,Investigation,7,13,N/B,3351
28-Aug-19,38,1:35:00 PM,Wednesday,Bellamy,Mechanical,12,24,W/B,1400
28-Aug-19,52,1:38:00 PM,Wednesday,Keele and Lawrence,General Delay,10,20,W/B,1210
28-Aug-19,41,1:45:00 PM,Wednesday,Keele Stn,Investigation,8,16,N/B,9031
28-Aug-19,996,1:50:00 PM,Wednesday,Humber College Loop,Mechanical,10,20,W/B,3168
28-Aug-19,70,2:00:00 PM,Wednesday,70 O'Connor -m All Branch,General Delay,18,36,B/W,8633
28-Aug-19,51,2:00:00 PM,Wednesday,Leslie and Eglinton,General Delay,10,20,BW,1217
28-Aug-19,122,2:02:00 PM,Wednesday,York mills Station,Mechanical,17,34,E/B,8358
28-Aug-19,41,2:30:00 PM,Wednesday,41 Keele Route Bothways,General Delay,12,18,B/W,
28-Aug-19,941,2:30:00 PM,Wednesday,Entire 941 Keele Express Route Bothways,General Delay,11,16,B/W,
28-Aug-19,51,2:32:00 PM,Wednesday,Laird and Eglinton,Investigation,10,20,E/B,8380
28-Aug-19,63,2:44:00 PM,Wednesday,Ossington Station,Mechanical,13,25,S/B,1334
28-Aug-19,16,2:45:00 PM,Wednesday,Wetherby and Danforth,Investigation,16,32,S/B,3143
28-Aug-19,80,2:45:00 PM,Wednesday,Stephen dr to windermere/ parklawn,General Delay,38,24,B/W,
28-Aug-19,165,2:46:00 PM,Wednesday,Barmac & Steeles,Mechanical,10,20,S/B,3193
28-Aug-19,37,2:52:00 PM,Wednesday,Islington and Rexdale,Emergency Services,11,27,S/B,8079
28-Aug-19,85,2:55:00 PM,Wednesday,Victoria park,Mechanical,17,35,W/B,3487
28-Aug-19,109,3:08:00 PM,Wednesday,Lawrence west Station,Mechanical,26,64,S/B,8396
28-Aug-19,129,3:30:00 PM,Wednesday,Scarborough Town Centre,General Delay,15,20,W/B,
28-Aug-19,108,3:30:00 PM,Wednesday,Entire 108 Driftwood Route Bothways,General Delay,12,17,B/W,
28-Aug-19,51,3:35:00 PM,Wednesday,Eglinton and Bayview,Investigation,20,40,EB,8380
28-Aug-19,52,3:36:00 PM,Wednesday,Terminal 3,Mechanical,15,30,E/B,8340
28-Aug-19,87,3:37:00 PM,Wednesday,Main Station,Mechanical,7,14,NB,8472
28-Aug-19,85,3:40:00 PM,Wednesday,Rougte Hill Go Station,Mechanical,16,32,W/B,3433
28-Aug-19,54,3:43:00 PM,Wednesday,Lawrence and Warden,Investigation,14,28,E/B,8855
28-Aug-19,24,3:58:00 PM,Wednesday,VICTORIA PARK / Victoria Park Station,Mechanical,9,18,N/B,3138
28-Aug-19,100,3:59:00 PM,Wednesday,100 Wynford Drive (Wynford and DVP,Investigation,6,12,EB,8669
28-Aug-19,953,4:00:00 PM,Wednesday,Leslie and Steeles,General Delay,15,30,B/W,
28-Aug-19,145,4:00:00 PM,Wednesday,Entire Route,General Delay,30,60,B/W,
28-Aug-19,21,4:00:00 PM,Wednesday,Scarborough Town centre to Kennedy,General Delay,12,15,B/W,
28-Aug-19,53,4:00:00 PM,Wednesday,Leslie and Steeles,General Delay,15,25,B/W,
28-Aug-19,39,4:14:00 PM,Wednesday,Sewells and Little,Mechanical,15,30,WB,3501
28-Aug-19,32,4:17:00 PM,Wednesday,Eglinton West Stn,Mechanical,9,18,W/B,1007
28-Aug-19,50,4:23:00 PM,Wednesday,Kipling and Rathburn,Investigation,1,1,E/B,8420
28-Aug-19,36,4:50:00 PM,Wednesday,Weston and Finch,Mechanical,7,14,E/B,9129
28-Aug-19,52,4:50:00 PM,Wednesday,Dufferin and Lawrence,Investigation,5,10,,1250
28-Aug-19,52,4:57:00 PM,Wednesday,Keele and Lawrence,Investigation,16,32,,8146
28-Aug-19,63,5:00:00 PM,Wednesday,Entire Route,General Delay,15,20,B/W,
28-Aug-19,12,5:17:00 PM,Wednesday,KENNEDY STATION,Investigation,24,48,S/B,7858
28-Aug-19,953,5:18:00 PM,Wednesday,Steeles and Leslie,Diversion,25,1,E/B,9004
28-Aug-19,59,5:33:00 PM,Wednesday,Dufferin and Lawrence,General Delay,20,35,W/B,
28-Aug-19,14,5:38:00 PM,Wednesday,Chaplain and Lascelles,Investigation,20,40,W/B,1042
28-Aug-19,95,5:40:00 PM,Wednesday,Crocus Dr and Ellesmere,Investigation,12,24,E/B,1701
28-Aug-19,953,5:55:00 PM,Wednesday,Morningside anf Steeles,Mechanical,15,30,W/B,9097
28-Aug-19,57,6:00:00 PM,Wednesday,Midland at Hevendale,Diversion,8,16,B/W,
28-Aug-19,985,6:00:00 PM,Wednesday,Entire Line,General Delay,20,15,B/W,9006
28-Aug-19,39,6:24:00 PM,Wednesday,Finch and Birchmount,Mechanical,25,50,WB,1728
28-Aug-19,167,6:35:00 PM,Wednesday,Huntingdale Blvd,Diversion,10,15,N/B,3150
28-Aug-19,81,6:42:00 PM,Wednesday,Thorncliff Park Dr/Overlea Buld,Mechanical,9,18,S/B,8596
28-Aug-19,111,6:45:00 PM,Wednesday,"On The East Mall, at Burnamthorpe",Emergency Services,10,20,S/B,8409
28-Aug-19,952,6:45:00 PM,Wednesday,Dufferin and Lawrence,Investigation,10,20,,8355
28-Aug-19,129,6:50:00 PM,Wednesday,Sheppard,Investigation,5,10,N/B,1232
28-Aug-19,77,6:57:00 PM,Wednesday,Runnymede stn,Mechanical,11,21,S/B,1044
28-Aug-19,6,7:03:00 PM,Wednesday,Bay Station (Bay St and Cumberland),Mechanical,7,15,SB,1420
28-Aug-19,56,7:23:00 PM,Wednesday,Laird and Southvale,Mechanical,20,40,S/B,7309
28-Aug-19,106,7:30:00 PM,Wednesday,Delabo Dr,Diversion,86,98,S/B,1354
28-Aug-19,97,7:30:00 PM,Wednesday,Yorkmills station,Mechanical,30,60,N/B,8302
28-Aug-19,939,7:58:00 PM,Wednesday,McCowan and Sheppard,Mechanical,13,26,N/B,3511
28-Aug-19,130,8:13:00 PM,Wednesday,Hwy 401,Mechanical,22,44,S/B,1339
28-Aug-19,39,8:54:00 PM,Wednesday,Finch and Seneca Hill,Investigation,3,11,W/B,1566
28-Aug-19,35,9:08:00 PM,Wednesday,Jane station,Investigation,9,18,S/B,3210
28-Aug-19,51,9:25:00 PM,Wednesday,Leslie & Eglinton,General Delay,17,17,BW,
28-Aug-19,21,9:30:00 PM,Wednesday,Scarborough Town Centre,Mechanical,10,20,N/B,1313
28-Aug-19,102,10:10:00 PM,Wednesday,Warden STN,Mechanical,10,20,E/B,8556
28-Aug-19,29,10:10:00 PM,Wednesday,Dufferin and Lawrence,Mechanical,8,16,N/B,9042
28-Aug-19,37,10:31:00 PM,Wednesday,Humberwood Loop,Investigation,26,52,S/B,8022
28-Aug-19,161,10:53:00 PM,Wednesday,Dupont and Dovercourt,Diversion,53,71,S/B,1536
28-Aug-19,35,11:15:00 PM,Wednesday,Goldwin Ave and Jane,Investigation,9,18,S/B,3475
28-Aug-19,73,11:23:00 PM,Wednesday,Claireport and Albion,Mechanical,20,40,S/B,7964
28-Aug-19,53,11:26:00 PM,Wednesday,Passmore,Mechanical,18,26,E/B,3503
29-Aug-19,84,12:23:00 AM,Thursday,Bradstock and Weston,Mechanical,14,28,,3246
29-Aug-19,16,12:39:00 AM,Thursday,Warden STN,Mechanical,10,20,E/B,3100
29-Aug-19,11,1:11:00 AM,Thursday,Davisville Station,Mechanical,1,1,E/B,8379
29-Aug-19,300,3:26:00 AM,Thursday,Bloor & Martin Grove,Investigation,20,40,W/B,8782
29-Aug-19,39,5:00:00 AM,Thursday,39 Finch Route-All Branch,General Delay,18,36,B/W,3541
29-Aug-19,939,5:00:00 AM,Thursday,939 Finch Express-All Branch,General Delay,20,28,B/W,1313
29-Aug-19,939,5:41:00 AM,Thursday,McCowan and Sheppard,Mechanical,8,16,E/B,1313
29-Aug-19,6,5:45:00 AM,Thursday,Bay / College,Diversion,1,1,B/W,1032
29-Aug-19,600,5:50:00 AM,Thursday,Keele Stn,Utilized Off Route,0,0,S/B,1109
29-Aug-19,600,5:59:00 AM,Thursday,Highpark,Utilized Off Route,0,0,S/B,1502
29-Aug-19,600,6:02:00 AM,Thursday,Warden STN,Utilized Off Route,0,0,,8504
29-Aug-19,61,6:06:00 AM,Thursday,Eglinton Station,Mechanical,14,28,N/B,8179
29-Aug-19,104,6:06:00 AM,Thursday,Wilson station,Mechanical,18,32,N/B,8356
29-Aug-19,32,6:08:00 AM,Thursday,Jane and goldwin,Mechanical,12,24,E/B,1260
29-Aug-19,600,6:10:00 AM,Thursday,Kennedy Station,Utilized Off Route,1,1,W/B,1216
29-Aug-19,600,6:10:00 AM,Thursday,Kipling stn,Utilized Off Route,1,1,N/B,3278
29-Aug-19,704,6:15:00 AM,Thursday,Finch  Stn,Utilized Off Route,1,1,N/B,3202
29-Aug-19,952,6:17:00 AM,Thursday,Terminal 1,Mechanical,11,22,E/B,1250
29-Aug-19,105,6:20:00 AM,Thursday,Sheppard West Station,Mechanical,12,23,N/B,8130
29-Aug-19,52,6:31:00 AM,Thursday,Terminal 1,Mechanical,14,28,E/B,8177
29-Aug-19,97,6:31:00 AM,Thursday,College and Yonge,Diversion,96,126,S/B,8320
29-Aug-19,39,6:42:00 AM,Thursday,Birchmount and Finch,Mechanical,5,10,E/B,1655
29-Aug-19,985,6:52:00 AM,Thursday,Meadowvale loop,Mechanical,12,24,W/B,9062
29-Aug-19,51,7:00:00 AM,Thursday,entire route,General Delay,18,36,B/W,
29-Aug-19,54,7:00:00 AM,Thursday,eglinton station,Mechanical,10,20,E/B,8720
29-Aug-19,54,7:00:00 AM,Thursday,entire route,General Delay,10,20,B/W,
29-Aug-19,935,7:18:00 AM,Thursday,PVST,Mechanical,8,16,S/B,3359
29-Aug-19,939,7:37:00 AM,Thursday,Maxome to Finch Station,Diversion,10,20,W/B,1255
29-Aug-19,935,8:00:00 AM,Thursday,Entire Route,General Delay,1,1,B/W,
29-Aug-19,35,8:00:00 AM,Thursday,Entire route,General Delay,1,1,BW,
29-Aug-19,939,8:09:00 AM,Thursday,McCowan and Finch,Mechanical,8,16,W/B,1245
29-Aug-19,92,8:39:00 AM,Thursday,Queen and woodbine,Investigation,15,30,,9238
29-Aug-19,122,8:47:00 AM,Thursday,Lesmill and Duncan Mill,Investigation,11,22,E/B,8190
29-Aug-19,169,8:49:00 AM,Thursday,Commander and McCowan,Investigation,30,60,B/W,1277
29-Aug-19,90,8:50:00 AM,Thursday,Vaughan rd. and Kenwood ave,Mechanical,5,10,N/B,1301
29-Aug-19,89,9:10:00 AM,Thursday,Weston/Knob Hill Dr.,Mechanical,9,19,N/B,1618
29-Aug-19,79,9:14:00 AM,Thursday,Scarlett and Edenbridge,Mechanical,10,20,S/B,1145
29-Aug-19,41,9:22:00 AM,Thursday,Eglinton / Keele,Mechanical,9,18,N/B,9053
29-Aug-19,96,9:28:00 AM,Thursday,Wilson & Bathurst,Mechanical,18,37,E/B,3190
29-Aug-19,52,9:42:00 AM,Thursday,Lawrence West stn,General Delay,15,30,B/W,8161
29-Aug-19,29,9:43:00 AM,Thursday,Dufferin and Shanly,Diversion,1,1,N/B,
29-Aug-19,929,9:43:00 AM,Thursday,Dufferin and Shanly,Diversion,1,1,N/B,
29-Aug-19,85,9:45:00 AM,Thursday,Sheppard and Brimley,Investigation,17,34,W/B,3457
29-Aug-19,985,9:45:00 AM,Thursday,Sheppard and Brimley,Investigation,12,24,W/B,9074
29-Aug-19,47,9:55:00 AM,Thursday,Caledonia and Orfus Rd,Mechanical,15,30,S/B,1412
29-Aug-19,63,9:59:00 AM,Thursday,Ossington Station,Mechanical,10,20,S/B,8154
29-Aug-19,85,10:34:00 AM,Thursday,Sheppard and Morningside,Emergency Services,7,14,E/B,3465
29-Aug-19,94,10:40:00 AM,Thursday,Castlefrank Stations,Mechanical,15,30,B/W,1058
29-Aug-19,7,10:47:00 AM,Thursday,Bathurst / Covington,Investigation,9,18,S/B,1276
29-Aug-19,54,10:56:00 AM,Thursday,?,Investigation,10,20,,8848
29-Aug-19,59,11:00:00 AM,Thursday,Caledonia to Dufferin at Lawrence Ave W,General Delay,20,1,B/W,
29-Aug-19,35,11:14:00 AM,Thursday,Jane and Wilson,Investigation,7,14,S/B,3326
29-Aug-19,25,11:27:00 AM,Thursday,Don mills and Sheppard,Mechanical,10,20,,8876
29-Aug-19,87,11:35:00 AM,Thursday,Main Station,Utilized Off Route,10,20,W/B,8583
29-Aug-19,39,11:40:00 AM,Thursday,Finch and Pharmacy,Mechanical,20,40,W/B,1316
29-Aug-19,52,11:48:00 AM,Thursday,Lawrence West Stn,Utilized Off Route,15,30,E/B,8112
29-Aug-19,96,11:55:00 AM,Thursday,York Mills Station,Mechanical,20,40,W/B,3484
29-Aug-19,29,11:56:00 AM,Thursday,Dufferin and Ascot,Mechanical,7,14,N/B,9054
29-Aug-19,939,12:10:00 PM,Thursday,Finch and Midland,Investigation,20,40,EB,3435
29-Aug-19,25,12:12:00 PM,Thursday,Thorcliff and overlea,Investigation,10,20,,8660
29-Aug-19,34,12:15:00 PM,Thursday,Eglinton and Warden,Mechanical,8,16,W/B,8843
29-Aug-19,32,12:23:00 PM,Thursday,Eglinton and Glenholme,Investigation,13,26,N/B,1205
29-Aug-19,134,12:55:00 PM,Thursday,Scarborough Town Center,Mechanical,15,30,E/B,1735
29-Aug-19,935,1:00:00 PM,Thursday,Jane Station to Pioneer Village Station,General Delay,30,40,B/W,
29-Aug-19,35,1:00:00 PM,Thursday,Jane Station to Pioneer Village Station,General Delay,30,37,B/W,
29-Aug-19,102,1:00:00 PM,Thursday,Markham Road route,General Delay,30,60,B/W,
29-Aug-19,60,1:00:00 PM,Thursday,Steeles West Route,General Delay,15,10,BW,0
29-Aug-19,131,1:00:00 PM,Thursday,Scarborough Town Center to Sewells/Morningview,General Delay,17,31,B/W,
29-Aug-19,165,1:07:00 PM,Thursday,Weston & Starview,Investigation,10,20,N/B,3362
29-Aug-19,7,1:11:00 PM,Thursday,Bathurst & Glengrove,Investigation,8,16,N/B,9040
29-Aug-19,52,1:24:00 PM,Thursday,Lawrence West stn,Utilized Off Route,15,30,E/B,8375
29-Aug-19,929,1:25:00 PM,Thursday,wilson Station,Mechanical,10,20,S/B,9040
29-Aug-19,41,1:30:00 PM,Thursday,Keele & Eglinton,Mechanical,8,16,S/B,9145
29-Aug-19,41,1:45:00 PM,Thursday,Pioneer Village Stn,Mechanical,8,16,S/B,9104
29-Aug-19,925,1:46:00 PM,Thursday,Pape/Mortimer,Mechanical,10,20,N/B,8662
29-Aug-19,96,1:59:00 PM,Thursday,Wilson Station,Investigation,10,20,E/B,3328
29-Aug-19,100,1:59:00 PM,Thursday,Broadview Station,Mechanical,6,12,N/B,8892
29-Aug-19,17,2:00:00 PM,Thursday,Birchmount route,General Delay,30,60,B/W,
29-Aug-19,16,2:00:00 PM,Thursday,McCowan S Route,General Delay,10,20,B/W,
29-Aug-19,9,2:00:00 PM,Thursday,Bellamy route,General Delay,20,40,N/B,
29-Aug-19,68,2:00:00 PM,Thursday,Warden Route,General Delay,30,60,B/W,
29-Aug-19,129,2:00:00 PM,Thursday,Scarborough Town Center to Major MacKenzie,General Delay,14,29,B/W,
29-Aug-19,75,2:32:00 PM,Thursday,Sherbourne Station,Emergency Services,9,18,N/B,8145
29-Aug-19,73,3:00:00 PM,Thursday,Entire Route,General Delay,25,30,B/W,
29-Aug-19,85,3:00:00 PM,Thursday,Brimiley,General Delay,20,15,B/W,3526
29-Aug-19,134,3:00:00 PM,Thursday,Scarborough Town Center to Finchdene Square,General Delay,15,33,B/W,
29-Aug-19,75,3:00:00 PM,Thursday,Jarvis and Queens Quay Loop,General Delay,11,22,W/B,1
29-Aug-19,35,3:10:00 PM,Thursday,Jane & Sheppard,Mechanical,11,22,S/B,3556
29-Aug-19,100,3:39:00 PM,Thursday,Don Mills and Overlea,Investigation,6,12,W/B,8831
29-Aug-19,32,3:53:00 PM,Thursday,Eglinton West Station,Mechanical,9,18,W/B,1103
29-Aug-19,54,3:57:00 PM,Thursday,Brentcliff and Eglinton,Mechanical,10,20,E/B,8673
29-Aug-19,32,3:57:00 PM,Thursday,Caledonia / Eglinton,Investigation,10,20,E/B,1005
29-Aug-19,88,4:00:00 PM,Thursday,St Clair Station,Mechanical,7,15,E/B,1275
29-Aug-19,90,4:05:00 PM,Thursday,St.Clair west station,Mechanical,6,12,N/B,8143
29-Aug-19,12,4:10:00 PM,Thursday,Military Trail and Ellesmere,Diversion,24,48,N/B,9227
29-Aug-19,939,4:18:00 PM,Thursday,Finch and McCowan,Mechanical,12,24,EB,3535
29-Aug-19,34,4:20:00 PM,Thursday,Eglinton and Petman,Emergency Services,6,13,E/B,8928
29-Aug-19,116,4:30:00 PM,Thursday,Eglinton and Brimley,Investigation,20,38,W/B,8704
29-Aug-19,143,4:30:00 PM,Thursday,Adellaide and Simcoe,General Delay,32,57,B/W,8539
29-Aug-19,144,4:30:00 PM,Thursday,Victoria Park and Adelaid and Simco,General Delay,20,40,B/W,8621
29-Aug-19,32,4:30:00 PM,Thursday,Glenholme / Eglinton,Investigation,9,18,W/B,1089
29-Aug-19,54,4:32:00 PM,Thursday,Leslie and Eglinton,Mechanical,10,20,E/B,8675
29-Aug-19,36,4:36:00 PM,Thursday,Finch station,Investigation,7,13,W/B,3255
29-Aug-19,86,4:38:00 PM,Thursday,Kennedy STN,Mechanical,16,32,E/B,8665
29-Aug-19,17,4:43:00 PM,Thursday,McNabb and Birchmount,Mechanical,30,60,S/B,8483
29-Aug-19,39,4:53:00 PM,Thursday,Finch and Hayes,Investigation,14,28,EB,1531
29-Aug-19,97,4:54:00 PM,Thursday,Yorkmills station to queensquay,General Delay,25,55,B/W,
29-Aug-19,89,5:00:00 PM,Thursday,Weston & St.Clair,General Delay,33,43,B/W,
29-Aug-19,38,5:05:00 PM,Thursday,Ellesmere and Military Trail,Diversion,78,89,B/W,3413
29-Aug-19,995,5:20:00 PM,Thursday,Military trail and ellesmere,Diversion,63,75,E/B,
29-Aug-19,95,5:20:00 PM,Thursday,Military trail and ellesmere,Diversion,63,75,E/B,
29-Aug-19,29,5:23:00 PM,Thursday,Dufferin & Glencairn,Investigation,4,8,S/B,9017
29-Aug-19,63,5:24:00 PM,Thursday,Atlantic and King,Mechanical,5,10,NB,8169
29-Aug-19,985,5:30:00 PM,Thursday,Entire Line,General Delay,12,24,E/B,9085
29-Aug-19,167,5:37:00 PM,Thursday,Don Mills Station,Mechanical,30,60,N/B,8488
29-Aug-19,127,5:45:00 PM,Thursday,Townsley Loop,Mechanical,23,46,EB,1254
29-Aug-19,34,5:50:00 PM,Thursday,Concord Place,Utilized Off Route,6,13,E/B,8923
29-Aug-19,73,5:50:00 PM,Thursday,Royal York stn,Utilized Off Route,5,10,N/B,8083
29-Aug-19,32,5:55:00 PM,Thursday,Renforth station,Mechanical,9,18,E/B,1022
29-Aug-19,31,5:58:00 PM,Thursday,Greenwood Station,Investigation,9,19,S/B,8530
29-Aug-19,63,6:00:00 PM,Thursday,Eglinton West to Liberty Village,General Delay,36,46,BW,8345
29-Aug-19,121,6:00:00 PM,Thursday,Spadina and Fort York,General Delay,1,1,W/B,8504
29-Aug-19,939,6:11:00 PM,Thursday,Finch Station,Mechanical,12,24,EB,1607
29-Aug-19,37,6:12:00 PM,Thursday,Islington stn,Investigation,23,45,N/B,8079
29-Aug-19,85,6:15:00 PM,Thursday,Breckon Gate,Diversion,1,1,E/B,1
29-Aug-19,989,6:26:00 PM,Thursday,Weston & Walsh,Investigation,10,20,N/B,1419
29-Aug-19,67,6:32:00 PM,Thursday,Pharmacy and Sundrige Drive.,Mechanical,10,20,S/B,8825
29-Aug-19,87,6:54:00 PM,Thursday,Broadview Station,Investigation,7,14,N/B,8583
29-Aug-19,110,7:10:00 PM,Thursday,Birmingham and Eight st,Diversion,60,75,N/B,
29-Aug-19,75,7:25:00 PM,Thursday,Gerrard and Sherbourne,Diversion,1,1,N/B,8322
29-Aug-19,121,7:30:00 PM,Thursday,The Esplanade and Berkeley,Diversion,20,40,N/B,3132
29-Aug-19,985,7:41:00 PM,Thursday,Birchmount,Investigation,12,24,N/B,9085
29-Aug-19,89,7:49:00 PM,Thursday,Weston & Ray,Mechanical,6,12,S/B,1057
29-Aug-19,935,7:56:00 PM,Thursday,Jane & Hanley,Investigation,10,20,N/B,3510
29-Aug-19,53,7:58:00 PM,Thursday,Passmore,Mechanical,5,14,W/B,1404
29-Aug-19,39,8:00:00 PM,Thursday,Finch station to Staines.,General Delay,10,18,B/W,
29-Aug-19,68,8:37:00 PM,Thursday,Warden and Major McKenzie,Investigation,41,63,S/B,8631
29-Aug-19,929,8:42:00 PM,Thursday,Dufferin and College,Investigation,10,20,NB,9032
29-Aug-19,12,9:03:00 PM,Thursday,Kingston Road and Victoria Park,Investigation,9,18,E/B,8570
29-Aug-19,72,9:20:00 PM,Thursday,Pape Station,Mechanical,18,36,S/B,9232
29-Aug-19,12,9:23:00 PM,Thursday,Victoria Park Station,Mechanical,18,36,E/B,8598
29-Aug-19,88,9:55:00 PM,Thursday,Sutherland & Millwood,Investigation,19,33,E/B,8358
29-Aug-19,116,10:06:00 PM,Thursday,Morningside and Sheppard,Investigation,10,20,N/B,8723
29-Aug-19,39,10:13:00 PM,Thursday,Finch and Tapscot,Mechanical,17,34,N/B,1298
29-Aug-19,37,10:14:00 PM,Thursday,"Steeles Loop, at Islington",Mechanical,22,40,S/B,8458
29-Aug-19,108,10:30:00 PM,Thursday,Sheppard West Station,Mechanical,30,60,NB,3198
29-Aug-19,107,10:35:00 PM,Thursday,Sheppard West Station,Mechanical,30,60,NB,3186
29-Aug-19,36,10:35:00 PM,Thursday,Tangeers and Finch,Diversion,20,28,W/B,3255
29-Aug-19,92,11:12:00 PM,Thursday,Woodbine Station,Mechanical,18,18,S/B,3144
29-Aug-19,68,11:19:00 PM,Thursday,Warden and Eglinton,Mechanical,15,30,N/B,8828
30-Aug-19,83,12:00:00 AM,Friday,Eastern and Leslie,Emergency Services,15,30,S/B,8485
30-Aug-19,87,12:20:00 AM,Friday,Broadview Station,Utilized Off Route,10,20,N/B,3131
30-Aug-19,72,12:23:00 AM,Friday,Bay Street and Lakeshore Blvd,Investigation,9,18,S/B,8562
30-Aug-19,32,12:59:00 AM,Friday,PINE ST. AT LAWRENCE AVE. W.,Emergency Services,11,22,S/B,1012
30-Aug-19,7,1:30:00 AM,Friday,Exibition loop to Bloor,General Delay,10,40,B/W,
30-Aug-19,320,2:20:00 AM,Friday,Yonge and Finch,Mechanical,3,6,N/B,8116
30-Aug-19,352,2:26:00 AM,Friday,Lawrence West Stn,Mechanical,30,60,W/B,1374
30-Aug-19,334,3:05:00 AM,Friday,Kingston & Morningside,Mechanical,30,60,E/B,8835
30-Aug-19,320,3:10:00 AM,Friday,Yonge and Richmond Street,Emergency Services,3,7,S/B,1005
30-Aug-19,320,3:14:00 AM,Friday,Yonge and Richmond Street,Investigation,3,7,N/B,8335
30-Aug-19,320,3:20:00 AM,Friday,Yonge and Bloor,Utilized Off Route,3,6,S/B,1203
30-Aug-19,334,3:25:00 AM,Friday,Duplex and Eglinton,Mechanical,30,60,E/B,8877
30-Aug-19,334,3:25:00 AM,Friday,Duplex and Eglinton,Investigation,30,60,E/B,8877
30-Aug-19,39,5:00:00 AM,Friday,39 Finch Route-All Branch,General Delay,18,36,B/W,1649
30-Aug-19,939,5:00:00 AM,Friday,939 Finch Express-All Branch,General Delay,20,28,B/W,3527
30-Aug-19,52,5:13:00 AM,Friday,Lawrence and Weston Road,Mechanical,10,10,E/B,1257
30-Aug-19,161,5:30:00 AM,Friday,Eglinton,Mechanical,20,40,N/B,1595
30-Aug-19,116,5:51:00 AM,Friday,Kennedy Station,Vision,6,12,B/W,8720
30-Aug-19,48,5:59:00 AM,Friday,Islington and Anglesey blvd,Investigation,13,26,E/B,7967
30-Aug-19,36,6:12:00 AM,Friday,Finch and Driftwood,Mechanical,8,16,W/B,3504
30-Aug-19,54,6:14:00 AM,Friday,lawrence and scarborough golf club,Investigation,12,24,N/B,
30-Aug-19,111,6:24:00 AM,Friday,KPSN - Kipling Stn,Mechanical,11,22,N/B,8435
30-Aug-19,34,6:26:00 AM,Friday,Eglinton Station,Mechanical,8,17,E/B,8843
30-Aug-19,63,6:40:00 AM,Friday,Eginton West Station,Mechanical,4,8,S/B,8179
30-Aug-19,90,6:40:00 AM,Friday,St. Liar West station,Mechanical,5,10,E/B,8383
30-Aug-19,941,6:49:00 AM,Friday,Finch Wstn,Mechanical,12,22,S/B,1272
30-Aug-19,51,7:00:00 AM,Friday,entire route,General Delay,18,36,B/W,
30-Aug-19,63,7:09:00 AM,Friday,Oakwood Loop,Mechanical,4,8,S/B,8120
30-Aug-19,48,7:30:00 AM,Friday,Entire Route,General Delay,1,1,B/W,
30-Aug-19,144,7:35:00 AM,Friday,Adelaide and University,Investigation,14,28,E/B,8696
30-Aug-19,600,7:42:00 AM,Friday,Rathburn and Islington,Mechanical,1,1,E/B,8342
30-Aug-19,95,7:47:00 AM,Friday,Markham and Ellesmere,Mechanical,10,19,W/B,3511
30-Aug-19,72,7:47:00 AM,Friday,Pape Station,Mechanical,19,38,B/W,8444
30-Aug-19,32,7:48:00 AM,Friday,Eglinton west station,Investigation,7,14,E/B,1138
30-Aug-19,720,7:50:00 AM,Friday,Eglinton Station,Mechanical,1,1,E/B,8843
30-Aug-19,985,7:55:00 AM,Friday,Meadowvale Loop,Mechanical,12,24,W/B,9091
30-Aug-19,87,8:17:00 AM,Friday,Main Station,Mechanical,6,12,W/B,3134
30-Aug-19,144,8:19:00 AM,Friday,Richmond and Lower Simcoe,Mechanical,9,18,W/B,8750
30-Aug-19,84,8:30:00 AM,Friday,Sheppard West Station,Mechanical,19,38,E/B,3356
30-Aug-19,110,8:36:00 AM,Friday,ISLINGTON STN,Mechanical,26,52,S/B,7969
30-Aug-19,123,8:50:00 AM,Friday,KPSN - Kipling stn,Mechanical,15,25,S/B,8055
30-Aug-19,937,8:54:00 AM,Friday,ISLINGTON STN,Mechanical,9,18,N/B,8090
30-Aug-19,925,8:57:00 AM,Friday,Lawrance and Donmills,Investigation,10,20,,8851
30-Aug-19,143,9:00:00 AM,Friday,Neville Loop,Utilized Off Route,10,15,W/B,3155
30-Aug-19,79,9:00:00 AM,Friday,Entire Route,General Delay,1,1,All,
30-Aug-19,29,9:16:00 AM,Friday,Wilson station,Mechanical,7,14,S/B,9044
30-Aug-19,32,9:24:00 AM,Friday,Eglinton and HWY 427,Mechanical,11,22,E/B,1008
30-Aug-19,939,9:28:00 AM,Friday,Finch Station,Mechanical,8,16,W/B,1398
30-Aug-19,35,10:00:00 AM,Friday,Entire Route,General Delay,1,1,B/W,
30-Aug-19,935,10:00:00 AM,Friday,Entire Route,General Delay,1,1,B/W,
30-Aug-19,47,10:00:00 AM,Friday,Entire Route,General Delay,1,1,B/W,
30-Aug-19,39,10:10:00 AM,Friday,Finch Station,Mechanical,10,20,E/B,1607
30-Aug-19,40,10:25:00 AM,Friday,Dundas/Pacific,Mechanical,10,20,E/B,8038
30-Aug-19,54,10:30:00 AM,Friday,Don Mills,Mechanical,10,20,W/B,8827
30-Aug-19,52,10:38:00 AM,Friday,L.W Station,Mechanical,15,30,E/B,8145
30-Aug-19,131,10:44:00 AM,Friday,Washburn and Tapscott,Diversion,348,372,B/W,3408
30-Aug-19,134,10:44:00 AM,Friday,Washburn and Nahanni Terrace,Diversion,348,382,B/W,3408
30-Aug-19,34,10:50:00 AM,Friday,Lebovic and Eglinton,Utilized Off Route,8,16,W/B,8920
30-Aug-19,46,10:55:00 AM,Friday,Eglinton/Martin Grove,Utilized Off Route,19,38,S/B,3211
30-Aug-19,600,10:58:00 AM,Friday,Islington stn,Utilized Off Route,1,1,S/B,8046
30-Aug-19,110,11:00:00 AM,Friday,Long Branch Loop,Utilized Off Route,18,30,N/B,8463
30-Aug-19,501,11:00:00 AM,Friday,Kipling Station,Utilized Off Route,7,13,E/B,3243
30-Aug-19,719,11:04:00 AM,Friday,Eglinton / Spadina,Utilized Off Route,0,0,S/B,1378
30-Aug-19,76,11:05:00 AM,Friday,Lakeshore and Mimico,Utilized Off Route,10,20,N/B,8603
30-Aug-19,123,11:18:00 AM,Friday,Long Branch,Utilized Off Route,21,42,N/B,8605
30-Aug-19,40,11:20:00 AM,Friday,Queensway Div.,Utilized Off Route,1,1,E/B,8059
30-Aug-19,112,11:37:00 AM,Friday,KPSN - Kipling Stn,Mechanical,10,20,S/B,8613
30-Aug-19,84,11:44:00 AM,Friday,Weston and Bradstock,Mechanical,7,14,E/B,3209
30-Aug-19,29,11:47:00 AM,Friday,Dufferin and Alma,Investigation,7,14,s/b,9015
30-Aug-19,35,11:58:00 AM,Friday,Jane and Weston Rd,Mechanical,7,14,B/W,3497
30-Aug-19,929,12:00:00 PM,Friday,St clair and Dufferin,General Delay,20,30,B/W,
30-Aug-19,161,12:00:00 PM,Friday,Rogers Rd Route,General Delay,15,33,B/W,
30-Aug-19,939,12:30:00 PM,Friday,Finch and Station,Diversion,9,18,WB,1244
30-Aug-19,129,12:46:00 PM,Friday,Innvergordan and McCowan,Mechanical,28,56,B/W,3447
30-Aug-19,68,1:00:00 PM,Friday,Warden route,General Delay,30,60,B/W,
30-Aug-19,60,1:00:00 PM,Friday,Steeles West Route,General Delay,15,25,BW,0
30-Aug-19,35,1:00:00 PM,Friday,Jane & Downsview,Investigation,7,14,N/B,3492
30-Aug-19,102,1:00:00 PM,Friday,Markham Route,General Delay,30,60,B/W,
30-Aug-19,131,1:00:00 PM,Friday,Scarborough Town Center to Morningview Trail,General Delay,18,32,B/W,
30-Aug-19,64,1:00:00 PM,Friday,Main Station to Queen,General Delay,10,15,B/W,
30-Aug-19,23,1:00:00 PM,Friday,Main Station to Rexleigh,General Delay,10,15,B/W,
30-Aug-19,21,1:06:00 PM,Friday,Scarborough Town Center,Investigation,12,24,N/B,3466
30-Aug-19,36,1:26:00 PM,Friday,Finch west station,Mechanical,5,10,W/B,3237
30-Aug-19,17,1:30:00 PM,Friday,Birchmount Route,General Delay,30,60,B/W,
30-Aug-19,36,1:45:00 PM,Friday,Humberwood Loop,Mechanical,5,10,E/B,9124
30-Aug-19,929,1:45:00 PM,Friday,Dufferin and Sylvan,Investigation,10,20,N/B,9049
30-Aug-19,9,2:00:00 PM,Friday,Bellamy route,General Delay,20,40,B/W,
30-Aug-19,129,2:00:00 PM,Friday,Scarborough Town Center to Major Mackenzie,General Delay,14,29,B/W,
30-Aug-19,37,2:00:00 PM,Friday,Entire Route,General Delay,25,35,B/W,
30-Aug-19,16,2:00:00 PM,Friday,McCowan S route,General Delay,10,20,B/W,
30-Aug-19,73,2:15:00 PM,Friday,Royal York stn,Utilized Off Route,5,10,N/B,8085
30-Aug-19,29,2:31:00 PM,Friday,Dufferin and Gordon,Mechanical,8,16,N/B,9054
30-Aug-19,12,2:35:00 PM,Friday,Birchmount and Kingston,Investigation,20,40,W/B,8951
30-Aug-19,24,2:37:00 PM,Friday,Victoria park station,Investigation,10,20,N/B,9236
30-Aug-19,36,2:40:00 PM,Friday,Finch station,Mechanical,7,14,W/B,3236
30-Aug-19,75,3:00:00 PM,Friday,Jarvis and Queens Quay,General Delay,11,22,S/B,1
30-Aug-19,95,3:13:00 PM,Friday,Bellamy and Ellesmere,Mechanical,20,40,W/B,3414
30-Aug-19,95,3:13:00 PM,Friday,Bellamy and Ellesmere,Mechanical,20,40,W/B,3414
30-Aug-19,105,3:18:00 PM,Friday,Sheppard west Station,Mechanical,11,22,N/B,8331
30-Aug-19,161,4:00:00 PM,Friday,JANE ST AT ALLIANCE AVE to Osssington Station,General Delay,59,73,B/W,
30-Aug-19,165,4:00:00 PM,Friday,BARMAC DR. AT STEELES AVE. W. to York Mills Station,General Delay,32,40,B/W,
30-Aug-19,96,4:00:00 PM,Friday,HUMBERLINE LOOP to York Mills Station,General Delay,36,46,B/W,
30-Aug-19,117,4:05:00 PM,Friday,Sheppard West Station,Mechanical,13,26,E/B,1376
30-Aug-19,116,4:16:00 PM,Friday,Kennedy STN,Utilized Off Route,7,13,E/B,8662
30-Aug-19,63,4:25:00 PM,Friday,OAKWOOD LOOP (N. OF ST. CLAIR),Investigation,9,19,S/B,8392
30-Aug-19,97,4:25:00 PM,Friday,York Mills Stn,Mechanical,30,60,W/B,1219
30-Aug-19,941,4:55:00 PM,Friday,Keele & Annette,Investigation,10,20,N/B,1142
30-Aug-19,15,5:00:00 PM,Friday,Royal York stn,Mechanical,14,28,W/B,8080
30-Aug-19,985,5:00:00 PM,Friday,Entire Line,General Delay,1,1,B/W,1
30-Aug-19,85,5:00:00 PM,Friday,Entire Line,General Delay,1,1,E/B,1
30-Aug-19,40,5:05:00 PM,Friday,Dundas west station,Investigation,10,20,S/B,8041
30-Aug-19,900,5:08:00 PM,Friday,Kipling Station,Mechanical,9,18,S/B,8001
30-Aug-19,84,5:10:00 PM,Friday,Faywood and Sheppard,Diversion,68,78,,3331
30-Aug-19,104,5:15:00 PM,Friday,Sheppard & Faywood,Diversion,10,10,B/W,8301
30-Aug-19,29,5:20:00 PM,Friday,Wilson Station,Mechanical,10,20,S/B,9040
30-Aug-19,52,5:22:00 PM,Friday,Kipling and Dixon,Investigation,5,10,,8148
30-Aug-19,924,5:55:00 PM,Friday,Vic park Station,Mechanical,10,19,N/B,8488
30-Aug-19,116,6:04:00 PM,Friday,Guildwood at Prince Phillip,Emergency Services,20,40,E/B,8689
30-Aug-19,76,7:00:00 PM,Friday,Royal York stn,Mechanical,10,26,S/B,8075
30-Aug-19,63,7:00:00 PM,Friday,ATLANTIC AVE & KING ST W to Eglinton West station,General Delay,20,26,B/W,
30-Aug-19,929,7:02:00 PM,Friday,Wilson Station,Mechanical,10,20,S/B,9050
30-Aug-19,130,7:22:00 PM,Friday,Middlefield and Orator Gate,Investigation,22,44,W/B,1323
30-Aug-19,42,7:30:00 PM,Friday,Finch Station,Utilized Off Route,14,28,NB,8352
30-Aug-19,70,7:35:00 PM,Friday,O'Connor/St Clair,Investigation,24,49,W/B,8625
30-Aug-19,133,7:45:00 PM,Friday,Morningside and Finch,Mechanical,9,18,W/B,3542
30-Aug-19,95,8:05:00 PM,Friday,Kingston Cul De Sac,Mechanical,14,28,W/B,1366
30-Aug-19,95,8:22:00 PM,Friday,York Mills Stn,Mechanical,14,28,E/B,1398
30-Aug-19,94,8:45:00 PM,Friday,Ossington Station,Mechanical,10,20,E/B,1034
30-Aug-19,32,9:11:00 PM,Friday,Eglinton Ave W and Blackthorn Ave,Diversion,114,126,B/W,
30-Aug-19,52,10:00:00 PM,Friday,,General Delay,15,25,,
30-Aug-19,85,10:24:00 PM,Friday,Sheppard and Bridlewood Ave,Investigation,16,32,W/B,3426
30-Aug-19,85,10:41:00 PM,Friday,Sheppard and Bridlwood,Diversion,204,224,B/W,
30-Aug-19,985,10:41:00 PM,Friday,Sheppard and Bridlewood,Diversion,204,224,B/W,
30-Aug-19,41,10:47:00 PM,Friday,ST Clair ave w and Old Weston Road,Investigation,17,36,N/B,9028
30-Aug-19,96,10:59:00 PM,Friday,CARRIER LOOP,Mechanical,20,40,E/B,3354
30-Aug-19,52,11:05:00 PM,Friday,Jane and Lawrence,Investigation,17,34,,8162
30-Aug-19,42,11:20:00 PM,Friday,Finch sttaion,Utilized Off Route,16,32,E/B,8188
30-Aug-19,102,11:30:00 PM,Friday,Warden STN,Mechanical,10,20,E/B,8488
30-Aug-19,939,11:31:00 PM,Friday,Finch and Mccowan,Mechanical,9,17,E/B,3413
31-Aug-19,32,12:05:00 AM,Saturday,Eglinton Station,Investigation,10,20,W/B,1549
31-Aug-19,20,12:16:00 AM,Saturday,Kennedy Station,Emergency Services,30,60,W/B,3106
31-Aug-19,29,12:29:00 AM,Saturday,Dufferin and Bloor Station,Investigation,10,20,N/B,9040
31-Aug-19,25,12:59:00 AM,Saturday,Pape Station,Mechanical,10,20,N/B,8923
31-Aug-19,89,1:12:00 AM,Saturday,Weston and St. Clair,Mechanical,10,20,SB,1039
31-Aug-19,7,2:00:00 AM,Saturday,Exhibition loop to Steeles,General Delay,10,40,B/W,
31-Aug-19,320,2:24:00 AM,Saturday,Yonge and Adelaide,Utilized Off Route,3,7,S/B,8337
31-Aug-19,352,2:26:00 AM,Saturday,Lawrence West Stn,Mechanical,30,60,W/B,1374
31-Aug-19,85,2:32:00 AM,Saturday,Idagrove Gate and Sheppard Ave,Diversion,39,59,E/B,3544
31-Aug-19,39,2:45:00 AM,Saturday,Finch and Pharmacy,Emergency Services,20,40,E/B,3418
31-Aug-19,385,3:05:00 AM,Saturday,Idagrove Gate and Sheppard Ave,Diversion,125,155,E/B,3442
31-Aug-19,334,3:25:00 AM,Saturday,Duplex and eglinton,Investigation,30,60,E/B,8877
31-Aug-19,354,3:52:00 AM,Saturday,Lawrence and Arton Park,Investigation,30,60,W/B,8888
31-Aug-19,363,4:20:00 AM,Saturday,Shaw and King,Mechanical,20,40,N/B,8339
31-Aug-19,29,4:52:00 AM,Saturday,Dufferine and Lawrence,Mechanical,10,26,N/B,9035
31-Aug-19,32,5:45:00 AM,Saturday,Eglinton Stn,Investigation,10,10,W/B,1575
31-Aug-19,89,5:51:00 AM,Saturday,St Philips and Weston Rd,Mechanical,1,1,S/B,1002
31-Aug-19,34,5:59:00 AM,Saturday,Eglinton Station,Vision,9,18,E/B,8720
31-Aug-19,85,6:10:00 AM,Saturday,Washburn and Sheppard Ave,Mechanical,29,48,E/B,1400
31-Aug-19,85,6:20:00 AM,Saturday,Meadowvale and Sheppard,Utilized Off Route,8,20,E/B,1284
31-Aug-19,7,6:39:00 AM,Saturday,Bathrust Stn,Mechanical,10,20,N/B,8342
31-Aug-19,29,6:40:00 AM,Saturday,Wilson Stn,Investigation,10,20,S/B,9104
31-Aug-19,118,6:40:00 AM,Saturday,Wilson Stn,Investigation,30,60,N/B,3178
31-Aug-19,96,6:56:00 AM,Saturday,Humber College Blvd at Slane,Investigation,45,90,E/B,3331
31-Aug-19,35,7:00:00 AM,Saturday,Jane Stn,Investigation,8,17,N/B,3133
31-Aug-19,35,7:12:00 AM,Saturday,Jane Stn,Investigation,9,17,N/B,3319
31-Aug-19,76,7:26:00 AM,Saturday,Eglinton and Scarlett,Mechanical,1,1,S/B,7958
31-Aug-19,63,8:05:00 AM,Saturday,Oakwood at St Clair,Investigation,10,20,S/B,1235
31-Aug-19,939,8:20:00 AM,Saturday,malvern garage,Vision,14,28,E/B,1732
31-Aug-19,85,8:29:00 AM,Saturday,Toronto Zoo,Mechanical,8,23,S/B,1207
31-Aug-19,106,8:35:00 AM,Saturday,Sheppard West Stn,Mechanical,11,22,N/B,1372
31-Aug-19,939,8:35:00 AM,Saturday,malvern garage,Vision,14,28,E/B,1533
31-Aug-19,29,9:31:00 AM,Saturday,Larenwce and Dufferin,Mechanical,9,18,S/B,9140
31-Aug-19,32,9:44:00 AM,Saturday,Eglinton at Renforth,Mechanical,10,20,E/B,1562
31-Aug-19,122,10:10:00 AM,Saturday,Yorkmills Station,Mechanical,30,60,E/B,8145
31-Aug-19,801,10:13:00 AM,Saturday,Springhurst Loop,Utilized Off Route,1,1,N/B,1315
31-Aug-19,29,10:15:00 AM,Saturday,Springhurst Loop,Utilized Off Route,5,10,N/B,9026
31-Aug-19,35,10:20:00 AM,Saturday,Jane Stn,Utilized Off Route,10,20,N/B,3352
31-Aug-19,801,10:20:00 AM,Saturday,Springhurst Loop,Utilized Off Route,1,1,N/B,1214
31-Aug-19,52,10:26:00 AM,Saturday,L.W Station,Mechanical,21,41,E/B,1285
31-Aug-19,96,10:26:00 AM,Saturday,Carrier at Albion,Mechanical,9,18,N/B,3236
31-Aug-19,30,10:30:00 AM,Saturday,HPST - High Park stn,Mechanical,25,50,W/B,8034
31-Aug-19,85,10:50:00 AM,Saturday,McCowan and Sheppard Ave,Mechanical,30,60,E/B,3486
31-Aug-19,79,10:59:00 AM,Saturday,Pine & Lawrence,Mechanical,24,48,S/B,1110
31-Aug-19,112,11:05:00 AM,Saturday,CANL - Carlingview & International,Mechanical,17,34,S/B,8427
31-Aug-19,925,11:15:00 AM,Saturday,PSTN,Investigation,10,20,N/B,8920
31-Aug-19,165,11:15:00 AM,Saturday,Wilson at Dufferin,Investigation,19,38,E/B,3328
31-Aug-19,606,11:20:00 AM,Saturday,Warden station,Utilized Off Route,19,19,B/W,8584
31-Aug-19,54,11:20:00 AM,Saturday,Markham and Lawrence,Utilized Off Route,18,36,W/B,8793
31-Aug-19,54,11:20:00 AM,Saturday,Lawrence East Station (SRT),Utilized Off Route,18,36,E/B,8794
31-Aug-19,42,11:21:00 AM,Saturday,Finch Station,Utilized Off Route,17,34,NB,8114
31-Aug-19,600,11:22:00 AM,Saturday,Steeles and McCowan,Utilized Off Route,1,1,W/B,3405
31-Aug-19,54,11:22:00 AM,Saturday,Midland and Lawrence,Utilized Off Route,18,36,E/B,8635
31-Aug-19,606,11:23:00 AM,Saturday,Warden station,Utilized Off Route,20,20,B/W,8560
31-Aug-19,607,11:23:00 AM,Saturday,Scarborough Town Centre,Diversion,1,1,N/B,8549
31-Aug-19,63,11:24:00 AM,Saturday,Oakwood at Rogers,Investigation,5,10,S/B,1250
31-Aug-19,54,11:25:00 AM,Saturday,Warden and Lawennce,Utilized Off Route,18,36,W/B,8753
31-Aug-19,710,11:27:00 AM,Saturday,Warden station,Utilized Off Route,16,16,B/W,8737
31-Aug-19,32,11:29:00 AM,Saturday,Eglinton West Station,Mechanical,10,20,E/B,1272
31-Aug-19,42,11:30:00 AM,Saturday,McNicoll and Dynamic,Utilized Off Route,17,34,EB,8384
31-Aug-19,54,11:45:00 AM,Saturday,Orton Park,Mechanical,10,20,W/B,8934
31-Aug-19,165,12:00:00 PM,Saturday,Weston Rd North Route,General Delay,20,30,B/W,
31-Aug-19,134,12:00:00 PM,Saturday,Scarborough Town Center to Finchdene Square,General Delay,8,23,B/W,
31-Aug-19,96,12:00:00 PM,Saturday,Wilson Route,General Delay,20,27,B/W,
31-Aug-19,102,12:00:00 PM,Saturday,Warden Stn to Major Mackenzie,General Delay,15,45,B/W,
31-Aug-19,9,12:00:00 PM,Saturday,Warden Stn to Scarborough Town Center,General Delay,17,39,B/W,
31-Aug-19,16,12:00:00 PM,Saturday,Scarborough Town Center to warden STN,General Delay,11,23,B/W,
31-Aug-19,129,12:00:00 PM,Saturday,Scarborough Town Center to Major Mackenzie,General Delay,10,36,B/W,
31-Aug-19,68,12:00:00 PM,Saturday,Warden STN to Angus Glenn Community Center,General Delay,21,51,B/W,
31-Aug-19,17,12:00:00 PM,Saturday,Warden STN to Warden loop/Steeles,General Delay,14,29,B/W,
31-Aug-19,42,12:20:00 PM,Saturday,Maybrook and McNicoll,Investigation,17,34,NB,8347
31-Aug-19,24,12:23:00 PM,Saturday,Victoria Park & Finch,Emergency Services,7,14,S/B,8548
31-Aug-19,63,12:34:00 PM,Saturday,Eglinton West Station,Mechanical,5,10,S/B,8139
31-Aug-19,29,1:30:00 PM,Saturday,Geary Ave/Dufferin,Diversion,10,13,S/B,9023
31-Aug-19,134,1:49:00 PM,Saturday,Progress and Centenial College.,Mechanical,30,60,W/B,1663
31-Aug-19,75,1:51:00 PM,Saturday,South Dr/Glen Rd.,Mechanical,10,20,N/B,1236
31-Aug-19,52,2:13:00 PM,Saturday,Lawrence Station,Investigation,10,20,E/B,1223
31-Aug-19,102,2:17:00 PM,Saturday,Warden STN,Investigation,10,29,N/B,8445
31-Aug-19,63,2:20:00 PM,Saturday,Ossington at Dupont,Utilized Off Route,5,10,N/B,8372
31-Aug-19,161,2:30:00 PM,Saturday,Jane and Alliance,Mechanical,15,30,E/B,1361
31-Aug-19,25,2:30:00 PM,Saturday,Pape Stn,Mechanical,9,17,N/B,8921
31-Aug-19,36,2:58:00 PM,Saturday,Finch west station,Mechanical,6,12,E/B,3288
31-Aug-19,41,2:59:00 PM,Saturday,Keele Station,Mechanical,8,16,N/B,1380
31-Aug-19,7,3:16:00 PM,Saturday,Sheppard / Bathurst,Mechanical,7,14,N/B,1351
31-Aug-19,89,3:30:00 PM,Saturday,St. Clair & Weston Rd,General Delay,23,33,B/W,
31-Aug-19,73,3:36:00 PM,Saturday,Bloor & Kipling,General Delay,39,54,B/W,
31-Aug-19,125,3:51:00 PM,Saturday,Drewry and Grant Brook,Investigation,15,30,EB,8142
31-Aug-19,63,4:00:00 PM,Saturday,ATLANTIC AVE & KING ST W to Eglinton West station,General Delay,34,44,B/W,
31-Aug-19,133,4:00:00 PM,Saturday,Neilson Route,General Delay,10,1,B/W,
31-Aug-19,86,4:00:00 PM,Saturday,Scarborough Route,General Delay,10,1,B/W,
31-Aug-19,116,4:00:00 PM,Saturday,Morningside,General Delay,15,1,B/W,
31-Aug-19,165,4:00:00 PM,Saturday,BARMAC DR. AT STEELES AVE. W. to York Mills Station,General Delay,37,47,B/W,
31-Aug-19,118,4:00:00 PM,Saturday,THISTLE DOWN BLVD. & ALBION RD. to Wilson Station,General Delay,25,55,B/W,
31-Aug-19,96,4:00:00 PM,Saturday,HUMBERLINE LOOP to York Mills Station,General Delay,30,40,B/W,
31-Aug-19,127,4:00:00 PM,Saturday,TOWNSLEY LOOP (N. OF ST. CLAIR) to Spadina Station,General Delay,25,47,B/W,
31-Aug-19,25,4:10:00 PM,Saturday,Finch/Don Mills,Investigation,9,17,N/B,8848
31-Aug-19,7,4:12:00 PM,Saturday,Lawrence / Bathurst,Mechanical,7,14,S/B,8208
31-Aug-19,85,4:20:00 PM,Saturday,Sheppard at Shorting,Mechanical,6,9,W/B,3403
31-Aug-19,985,4:35:00 PM,Saturday,Don Mills Station,Mechanical,10,20,E/B,9001
31-Aug-19,116,4:38:00 PM,Saturday,Bellamy and Eglinton,Investigation,7,14,E/B,8671
31-Aug-19,79,4:54:00 PM,Saturday,Runnymede Station,Mechanical,24,48,N/B,1562
31-Aug-19,94,8:00:00 PM,Saturday,Harbord and Ossington,Emergency Services,9,18,B/W,1043
31-Aug-19,54,8:18:00 PM,Saturday,Eglinton Station,Mechanical,20,40,E/B,8793
31-Aug-19,43,8:41:00 PM,Saturday,Finch and kennedy,Investigation,10,20,N/B,8900
31-Aug-19,91,8:41:00 PM,Saturday,Woodbine station,Investigation,22,44,B/W,8510
31-Aug-19,66,8:45:00 PM,Saturday,Humber Loop,Mechanical,30,60,NB,8071
31-Aug-19,124,9:12:00 PM,Saturday,Roe Loop,Mechanical,20,40,S/B,8116
31-Aug-19,34,9:19:00 PM,Saturday,Eglinton and Jonesville Cresc,Investigation,10,20,W/B,8685
31-Aug-19,123,10:00:00 PM,Saturday,Longbranch Loop,Mechanical,20,40,NB,8049
31-Aug-19,39,10:00:00 PM,Saturday,Finch station to Statines,General Delay,10,18,B/W,
31-Aug-19,22,11:03:00 PM,Saturday,Bingham Ave and Kingston Rd,Investigation,10,20,B/W,8583
31-Aug-19,29,11:45:00 PM,Saturday,EXHIBITION WEST LOOP to Wilson Station,General Delay,36,46,B/W,
