Report Date,Route,Time,Day,Location,Incident,Min Delay,Min Gap,Direction,Vehicle
1-Dec-17,510,12:57:00 AM,Friday,Spadina and College,Diversion,12,17,N/B,4455
1-Dec-17,510,4:35:00 AM,Friday,Leslie Barns,Mechanical,20,35,N/B,4429
1-Dec-17,512,5:21:00 AM,Friday,Bathurst at St Clair,Mechanical,3,6,W/B,
1-Dec-17,506,5:22:00 AM,Friday,Roncesvalles at Howard Park,Mechanical,5,10,E/B,
1-Dec-17,505,5:25:00 AM,Friday,Russell Yard,Late Leaving Garage,5,10,E/B,4147
1-Dec-17,505,5:31:00 AM,Friday,Russell Yard,Late Leaving Garage,5,15,E/B,4246
1-Dec-17,512,5:31:00 AM,Friday,Bathurst at St Clair,Mechanical,3,6,W/B,
1-Dec-17,512,5:31:00 AM,Friday,Bathurst at St Clair,Mechanical,3,6,E/B,
1-Dec-17,505,5:42:00 AM,Friday,Russell Yard,Late Leaving Garage,5,20,E/B,4132
1-Dec-17,512,5:42:00 AM,Friday,Bathurst at St Clair,Mechanical,3,6,W/B,
1-Dec-17,514,5:44:00 AM,Friday,Leslie Barns,General Delay,12,28,N/B,4424
1-Dec-17,509,5:44:00 AM,Friday,Leslie Barns,Mechanical,12,30,N/B,4406
1-Dec-17,514,5:46:00 AM,Friday,Leslie Barns,Mechanical,10,22,N/B,4433
1-Dec-17,501,5:53:00 AM,Friday,Connaught and Queen,Mechanical,6,12,W/B,4228
1-Dec-17,501,5:59:00 AM,Friday,Queensway and roncesvalles,Mechanical,6,12,W/B,8077
1-Dec-17,501,6:07:00 AM,Friday,Roncy Yard,Mechanical,4,8,W/B,
1-Dec-17,506,6:09:00 AM,Friday,Roncesvalles at Howard Park,Mechanical,5,10,E/B,
1-Dec-17,506,6:21:00 AM,Friday,Coxwell at Gerrard,Mechanical,5,10,E/B,
1-Dec-17,505,6:23:00 AM,Friday,Russell Yard,Late Leaving Garage,5,25,E/B,4141
1-Dec-17,506,6:26:00 AM,Friday,Roncesvalles at Howard Park,Mechanical,5,10,E/B,
1-Dec-17,504,6:29:00 AM,Friday,Russell Yard,Late Leaving Garage,4,8,E/B,4020
1-Dec-17,501,6:36:00 AM,Friday,Russell Yard,Mechanical,5,10,E/B,
1-Dec-17,501,6:36:00 AM,Friday,Russell Yard,Mechanical,5,10,E/B,
1-Dec-17,506,6:37:00 AM,Friday,Coxwell at Gerrard,Mechanical,5,10,E/B,
1-Dec-17,506,6:37:00 AM,Friday,Ruseell Yard,Late Leaving Garage,5,10,E/B,4125
1-Dec-17,506,7:00:00 AM,Friday,Russell Yard,Late Leaving Garage,5,10,E/B,
1-Dec-17,502,7:09:00 AM,Friday,Duncan and Queen,Mechanical,12,24,E/B,7767
1-Dec-17,506,7:11:00 AM,Friday,Coxwell at Gerrard,Mechanical,5,10,E/B,
1-Dec-17,512,8:13:00 AM,Friday,St Clair At Bathurst,Investigation,4,8,W/B,4160
1-Dec-17,511,8:49:00 AM,Friday,Bathurst/King,Mechanical,5,10,N/B,1382
1-Dec-17,501,9:06:00 AM,Friday,Lansdowne and Queen,General Delay,10,15,E/B,4210
1-Dec-17,505,9:10:00 AM,Friday,Sherborne and Dundas,Investigation,6,12,E/B,4068
1-Dec-17,510,9:43:00 AM,Friday,Stadina STN,Mechanical,3,6,S/B,4446
1-Dec-17,504,10:00:00 AM,Friday,Roncesvalles/Galley,Held By,8,13,E/B,4056
1-Dec-17,505,10:56:00 AM,Friday,Dundas/Bathurst,Mechanical,12,18,W/B,4141
1-Dec-17,505,11:02:00 AM,Friday,Bathurst/king,Mechanical,6,12,W/B,4078
1-Dec-17,512,11:20:00 AM,Friday,St Clair at Lansdowne,Mechanical,4,8,E/B,4182
1-Dec-17,501,11:28:00 AM,Friday,Kingston road and queen,Mechanical,5,10,W/B,4226
1-Dec-17,501,12:12:00 PM,Friday,Queen and Unniverstity,Held By,10,16,B/W,4103
1-Dec-17,504,12:25:00 PM,Friday,King/York,Held By,5,11,B/W,4012
1-Dec-17,501,12:28:00 PM,Friday,Queen and Roncesvalles,Emergency Services,6,12,E/B,4222
1-Dec-17,504,12:29:00 PM,Friday,Dundas West Stn,Investigation,3,8,S/B,4077
1-Dec-17,37,12:32:00 PM,Friday,queens plate drive / woodbine RT,Mechanical,7,14,S/B,8044
1-Dec-17,501,12:47:00 PM,Friday,Lakeshore and Norris,Emergency Services,6,12,E/B,1023
1-Dec-17,505,12:59:00 PM,Friday,Dundas and Dufferin,Mechanical,6,12,E/B,4071
1-Dec-17,502,2:22:00 PM,Friday,Queen and Carroll st,Mechanical,8,16,E/B,8122
1-Dec-17,504,2:29:00 PM,Friday,Broadview stn,Investigation,7,12,W/B,4052
1-Dec-17,504,2:29:00 PM,Friday,Russell Yard,Late Leaving Garage,5,10,E/B,4133
1-Dec-17,501,2:35:00 PM,Friday,Queen and Connaught,Mechanical,6,12,W/B,4228
1-Dec-17,501,3:12:00 PM,Friday,Russell Yard,Mechanical,6,12,B/W,
1-Dec-17,501,3:14:00 PM,Friday,Russel Yard,Mechanical,6,12,B/W,
1-Dec-17,506,3:38:00 PM,Friday,Roncesvalles Yard,Mechanical,6,12,E/B,
1-Dec-17,501,3:55:00 PM,Friday,Queen and Roncesvalles,Mechanical,6,12,E/B,4210
1-Dec-17,509,4:22:00 PM,Friday,Exhibition Loop,Held By,17,23,E/B,4441
1-Dec-17,502,4:24:00 PM,Friday,Queen and Logan,Mechanical,8,16,W/B,8124
1-Dec-17,501,5:10:00 PM,Friday,Queen and Connaught,Mechanical,6,12,E/B,4210
1-Dec-17,501,5:37:00 PM,Friday,Lansdown to Kipling,General Delay,22,28,W/B,1379
1-Dec-17,503,5:53:00 PM,Friday,Bingham loop,Mechanical,12,24,W/B,7719
1-Dec-17,502,6:08:00 PM,Friday,Queen and Jarvis,Mechanical,8,16,W/B,8134
1-Dec-17,506,11:16:00 PM,Friday,De Grassi and Gerrard,Mechanical,9,18,W/B,4127
2-Dec-17,301,2:42:00 AM,Saturday,Queen and Dovercourt,Investigation,9,18,W/B,4081
2-Dec-17,301,2:52:00 AM,Saturday,Ossington and Queen,Diversion,158,168,E/B,4226
2-Dec-17,304,2:57:00 AM,Saturday,Bathurst and king,Investigation,30,60,E/B,4077
2-Dec-17,301,3:01:00 AM,Saturday,Dufferin loop,Mechanical,7,22,S/B,1233
2-Dec-17,301,4:53:00 AM,Saturday,Neville Loop,Emergency Services,8,16,W/B,4242
2-Dec-17,504,4:57:00 AM,Saturday,Queen at Broadview,Late Leaving Garage,10,20,E/B,4041
2-Dec-17,512,5:05:00 AM,Saturday,Gunns Loop,Held By,35,45,W/B,4433
2-Dec-17,512,5:26:00 AM,Saturday,Earlscourt Loop (Lansdowne),Mechanical,18,28,W/B,4419
2-Dec-17,501,5:30:00 AM,Saturday,Queen and Ossington,Diversion,75,85,B/W,
2-Dec-17,506,6:00:00 AM,Saturday,Roncy yard,Late Leaving Garage,10,20,W/B,4037
2-Dec-17,506,6:11:00 AM,Saturday,Roncy yard,Late Leaving Garage,7,17,E/B,4153
2-Dec-17,512,6:58:00 AM,Saturday,St Clair west station,Mechanical,1,1,W/B,4448
2-Dec-17,506,8:53:00 AM,Saturday,Gerrard and Pape,Mechanical,5,10,W/B,4011
2-Dec-17,501,9:19:00 AM,Saturday,Dufferin and Springhurst,Investigation,6,12,W/B,1059
2-Dec-17,501,9:30:00 AM,Saturday,Lakeshore - Browns Line to Royal York,Diversion,1,1,B/W,
2-Dec-17,501,10:02:00 AM,Saturday,Russell Yard,Mechanical,6,12,E/B,501
2-Dec-17,501,10:18:00 AM,Saturday,Queen and Ossington,Emergency Services,6,12,E/B,4210
2-Dec-17,506,11:20:00 AM,Saturday,Roncy yard,Late Leaving Garage,6,12,E/B,4185
2-Dec-17,501,12:43:00 PM,Saturday,Queensway and Windermire,Mechanical,6,12,W/B,1059
2-Dec-17,512,1:33:00 PM,Saturday,Lansdowne loop on St Clair,Investigation,5,10,W/B,4400
2-Dec-17,506,2:44:00 PM,Saturday,College and University,Held By,5,10,B/W,4021
2-Dec-17,511,2:46:00 PM,Saturday,Bathurst  and Dundas,Utilized Off Route,6,12,B/W,8365
2-Dec-17,501,3:13:00 PM,Saturday,Queen and Unniversity,Held By,10,16,B/W,4226
2-Dec-17,506,3:14:00 PM,Saturday,Howard park and Roncesvalles,Investigation,37,43,E/B,4084
2-Dec-17,504,3:19:00 PM,Saturday,Roncesvalles and Howard Park,Emergency Services,18,24,E/B,4010
2-Dec-17,506,4:17:00 PM,Saturday,Spadina and College,Held By,41,47,B/W,4171
2-Dec-17,501,5:16:00 PM,Saturday,Queen and Bay,Mechanical,6,12,W/B,4210
2-Dec-17,501,5:23:00 PM,Saturday,Queen and Connaught,Mechanical,6,12,W/B,4229
2-Dec-17,501,5:58:00 PM,Saturday,Springhurst ave,Investigation,6,12,W/B,1528
2-Dec-17,510,6:40:00 PM,Saturday,Spadina Station,Emergency Services,29,33,S/B,4447
2-Dec-17,501,6:41:00 PM,Saturday,Queen and Shaw,Mechanical,6,12,E/B,4103
2-Dec-17,501,7:50:00 PM,Saturday,Queen and Dufferin,Mechanical,19,25,E/B,4238
2-Dec-17,504,9:31:00 PM,Saturday,Broadview and Danforth,Mechanical,25,33,S/B,4096
2-Dec-17,504,9:34:00 PM,Saturday,Broadview and danforth,Held By,25,33,S/B,4045
2-Dec-17,504,11:35:00 PM,Saturday,Broadview and Danforth,Held By,22,30,S/B,4045
2-Dec-17,511,11:46:00 PM,Saturday,CNE,Mechanical,7,14,N/B,1382
3-Dec-17,501,12:46:00 AM,Sunday,Queen and Roncy,Mechanical,10,20,W/B,4165
3-Dec-17,501,1:13:00 AM,Sunday,Nivelle loop,Mechanical,10,20,W/B,4200
3-Dec-17,301,2:05:00 AM,Sunday,Neville loop,Mechanical,10,20,W/B,4210
3-Dec-17,301,2:11:00 AM,Sunday,Queen and Dufferin,Utilized Off Route,15,30,W/B,7925
3-Dec-17,301,2:42:00 AM,Sunday,Queen and Dufferin,Mechanical,15,30,W/B,1059
3-Dec-17,501,5:41:00 AM,Sunday,Connaught South of Queen,Mechanical,5,13,E/B,4242
3-Dec-17,512,5:56:00 AM,Sunday,Leslie Barns Yard,Late Leaving Garage,10,21,W/B,4411
3-Dec-17,504,5:58:00 AM,Sunday,Leslie Barns Yard,Late Leaving Garage,14,21,W/B,4404
3-Dec-17,506,8:04:00 AM,Sunday,Main Station,Mechanical,10,20,W/B,4011
3-Dec-17,514,8:21:00 AM,Sunday,Leslie Barns Yard,Late Leaving Garage,20,34,W/B,4408
3-Dec-17,504,8:29:00 AM,Sunday,Russell Yard,Late Leaving Garage,7,14,S/B,4020
3-Dec-17,505,8:33:00 AM,Sunday,Broadview and Withrow,Mechanical,6,12,S/B,4199
3-Dec-17,510,8:35:00 AM,Sunday,Leslie Barns Yard,Late Leaving Garage,48,52,W/B,4412
3-Dec-17,510,8:35:00 AM,Sunday,Leslie Barns Yard,General Delay,48,52,W/B,4412
3-Dec-17,510,9:48:00 AM,Sunday,Leslie Barns,Late Leaving Garage,7,14,W/B,4412
3-Dec-17,512,10:06:00 AM,Sunday,Bathurst and St clair,Late Leaving Garage,5,10,E5,4422
3-Dec-17,504,10:29:00 AM,Sunday,King / Dufferin,Held By,9,16,E/B,4449
3-Dec-17,501,11:20:00 AM,Sunday,Waverly,Held By,7,12,W/B,4210
3-Dec-17,506,11:23:00 AM,Sunday,Lansdown and Cxollege,Mechanical,7,14,E/B,4185
3-Dec-17,506,3:15:00 PM,Sunday,Gerrerd and Brodview,Mechanical,7,14,E/B,4057
3-Dec-17,505,4:45:00 PM,Sunday,Dundas/Jarvis,Mechanical,6,12,E/B,4068
3-Dec-17,505,5:03:00 PM,Sunday,dundas and Sterling,Mechanical,6,12,E/B,4071
3-Dec-17,504,7:14:00 PM,Sunday,Queen and King,Held By,32,40,E/B,4425
3-Dec-17,501,7:19:00 PM,Sunday,Queen and River,Held By,19,28,E/B,4236
3-Dec-17,504,9:24:00 PM,Sunday,king and queen,Mechanical,10,20,W/B,4100
3-Dec-17,511,10:00:00 PM,Sunday,Bathurst and Wolseley Loop,Mechanical,7,14,N/B,1073
3-Dec-17,505,10:22:00 PM,Sunday,Bay Street,Held By,15,22,W/B,4099
3-Dec-17,505,11:23:00 PM,Sunday,Danforth Ave,Mechanical,30,40,S/B,4195
4-Dec-17,510,1:27:00 AM,Monday,Spadina Station,Mechanical,9,15,N/B,4403
4-Dec-17,505,4:50:00 AM,Monday,Russell Yard,Late Leaving Garage,6,12,W/B,4152
4-Dec-17,512,5:21:00 AM,Monday,Russell,Late Leaving Garage,6,12,E/B,
4-Dec-17,506,5:22:00 AM,Monday,Roncy Yard,Mechanical,5,10,E/B,
4-Dec-17,512,5:27:00 AM,Monday,Russel,Late Leaving Garage,6,12,E/B,
4-Dec-17,512,5:42:00 AM,Monday,Russell,Late Leaving Garage,5,10,E/B,
4-Dec-17,504,5:54:00 AM,Monday,Roncy Yard,Late Leaving Garage,5,7,W/B,4190
4-Dec-17,506,6:09:00 AM,Monday,Roncesvalles Yard,Mechanical,5,10,E/B,
4-Dec-17,505,6:23:00 AM,Monday,russell yard,Mechanical,6,12,W/B,4073
4-Dec-17,505,6:23:00 AM,Monday,Broadview and Dundas,Mechanical,7,14,W/B,4073
4-Dec-17,510,6:38:00 AM,Monday,Spadina and King,Late Leaving Garage,5,9,N/B,4430
4-Dec-17,805,6:54:00 AM,Monday,Bay Street,Utilized Off Route,6,12,E/B,8642
4-Dec-17,501,7:05:00 AM,Monday,Roncesvalles Yard,Mechanical,6,12,B/W,0
4-Dec-17,505,7:33:00 AM,Monday,Dundas and Broadview,Mechanical,6,12,W/B,0
4-Dec-17,501,7:34:00 AM,Monday,Queen and Spadina,Mechanical,6,12,W/B,4011
4-Dec-17,501,7:49:00 AM,Monday,N/B on Grant st,Held By,6,12,N/B,7789
4-Dec-17,505,7:50:00 AM,Monday,Dundas & Sumach,Mechanical,10,16,W/B,4195
4-Dec-17,501,9:14:00 AM,Monday,Lakeshore and Windermire,Diversion,1,1,W/B,1625
4-Dec-17,512,9:24:00 AM,Monday,St Clair W. St.,Investigation,5,10,EB,4441
4-Dec-17,505,9:43:00 AM,Monday,Dundas & Lansdowne,Investigation,2,8,W/B,4106
4-Dec-17,506,10:17:00 AM,Monday,Gerrard and River,Mechanical,19,25,EB,4148
4-Dec-17,510,10:19:00 AM,Monday,Queens Quay,Mechanical,7,10,N/B,4434
4-Dec-17,506,10:22:00 AM,Monday,Gerrard and River,Mechanical,19,25,EB,4110
4-Dec-17,502,11:16:00 AM,Monday,Bingham Loop,Mechanical,8,16,W/B,7760
4-Dec-17,512,11:45:00 AM,Monday,Vaughan & St Clair W.,Mechanical,4,8,EB,4071
4-Dec-17,510,12:05:00 PM,Monday,Harbord,General Delay,12,15,S/B,4403
4-Dec-17,512,12:29:00 PM,Monday,St Clair W Station,Investigation,5,9,EB,4409
4-Dec-17,501,1:02:00 PM,Monday,Queen and Tecumseth,Investigation,14,20,E/B,4247
4-Dec-17,506,1:10:00 PM,Monday,Howard park rd and Roncesvalles,Utilized Off Route,6,12,W/B,4079
4-Dec-17,501,1:19:00 PM,Monday,Neville loop,Mechanical,15,20,W/B,4161
4-Dec-17,501,1:23:00 PM,Monday,Neville loop,Utilized Off Route,20,25,W/B,4246
4-Dec-17,512,1:44:00 PM,Monday,Russell CH,Mechanical,3,6,W/B,
4-Dec-17,512,1:51:00 PM,Monday,Russell CH,Mechanical,3,6,E/B,
4-Dec-17,501,2:11:00 PM,Monday,Russell yard,Late Leaving Garage,6,12,B/W,
4-Dec-17,501,2:12:00 PM,Monday,Russell yard,Late Leaving Garage,6,12,B/W,
4-Dec-17,504,2:14:00 PM,Monday,King/Church,Held By,5,10,W/B,4057
4-Dec-17,506,2:18:00 PM,Monday,Gerrard and Greenwood,Held By,33,38,W/B,4022
4-Dec-17,514,2:19:00 PM,Monday,King/Church,Investigation,5,17,W/B,4440
4-Dec-17,503,3:44:00 PM,Monday,Bingham Loop,Mechanical,12,24,W/B,7825
4-Dec-17,506,3:58:00 PM,Monday,Main Station,Mechanical,11,16,W/B,4037
4-Dec-17,512,4:06:00 PM,Monday,Gunns Loop,Mechanical,4,8,E/B,4071
4-Dec-17,504,4:10:00 PM,Monday,Dundads W. Stn,Mechanical,2,4,S/B,4077
4-Dec-17,501,5:44:00 PM,Monday,Queen and Spadina,Mechanical,6,12,W/B,4210
4-Dec-17,805,6:01:00 PM,Monday,Broadview and Dundas,Utilized Off Route,1,1,S/B,4071
4-Dec-17,512,6:04:00 PM,Monday,St. Clair and Old Weston Road,Mechanical,5,9,W/B,4035
4-Dec-17,501,6:21:00 PM,Monday,Kingston rd and Queen,Mechanical,6,12,W/B,4208
4-Dec-17,505,8:03:00 PM,Monday,Russell Yard,Late Leaving Garage,6,12,W/B,4051
4-Dec-17,509,8:13:00 PM,Monday,Queens Quay and Bay,Held By,17,25,N/B,4427
4-Dec-17,505,9:22:00 PM,Monday,Dundas and Chestnut,Investigation,6,12,E/B,4139
5-Dec-17,501,12:07:00 AM,Tuesday,Queen and Spadina,Utilized Off Route,7,14,E/B,1057
5-Dec-17,501,12:07:00 AM,Tuesday,Queen and Dufferin,Utilized Off Route,7,14,E/B,7956
5-Dec-17,501,12:07:00 AM,Tuesday,Queen and Spadina,Mechanical,28,37,E/B,4148
5-Dec-17,501,12:07:00 AM,Tuesday,Queen and Spadina,Utilized Off Route,28,37,E/B,4030
5-Dec-17,512,5:21:00 AM,Tuesday,Russell Yard,Mechanical,4,8,W/B,
5-Dec-17,506,5:22:00 AM,Tuesday,Roncesvalles Yard,Mechanical,4,8,E/B,
5-Dec-17,505,5:25:00 AM,Tuesday,Roncesvalles Yard,Late Leaving Garage,7,12,W/B,4165
5-Dec-17,505,5:25:00 AM,Tuesday,Russell Yard,Utilized Off Route,6,12,W/B,
5-Dec-17,512,5:27:00 AM,Tuesday,Russell Yard,Mechanical,4,8,W/B,
5-Dec-17,505,5:31:00 AM,Tuesday,Rusell Yard,Utilized Off Route,6,12,W/B,
5-Dec-17,512,5:31:00 AM,Tuesday,Russell Yard,Mechanical,4,8,W/B,
5-Dec-17,505,5:37:00 AM,Tuesday,Russell Yard,Utilized Off Route,6,12,W/B,
5-Dec-17,512,5:42:00 AM,Tuesday,Russell Yard,Mechanical,4,8,W/B,
5-Dec-17,505,5:42:00 AM,Tuesday,Russell Yard,Utilized Off Route,6,12,W/B,
5-Dec-17,501,5:42:00 AM,Tuesday,Roncesvales Yard,Late Leaving Garage,5,10,E/B,4225
5-Dec-17,506,5:53:00 AM,Tuesday,Roncesvalles Yard,Late Leaving Garage,8,6,E/B,4154
5-Dec-17,506,6:02:00 AM,Tuesday,Dufferin and College,Held By,48,54,B/W,4190
5-Dec-17,506,6:09:00 AM,Tuesday,Roncesvalles Yard,Mechanical,4,8,E/B,
5-Dec-17,501,6:12:00 AM,Tuesday,Russell Yard,Late Leaving Garage,6,12,W/B,
5-Dec-17,501,6:15:00 AM,Tuesday,Roncesvalles yard,Mechanical,6,12,E/B,4023
5-Dec-17,501,6:15:00 AM,Tuesday,Roncesvalles Yard,Late Leaving Garage,19,12,E/B,4023
5-Dec-17,506,6:21:00 AM,Tuesday,Russell Yard,Mechanical,5,10,E/B,
5-Dec-17,501,6:22:00 AM,Tuesday,Roncesvalles yard,Mechanical,6,12,E/B,4216
5-Dec-17,501,6:25:00 AM,Tuesday,Roncesvalles Yard,Late Leaving Garage,10,12,E/B,4216
5-Dec-17,501,6:25:00 AM,Tuesday,Queen and Broadview,Mechanical,6,12,E/B,4242
5-Dec-17,506,6:26:00 AM,Tuesday,Roncesvalles Yard,Mechanical,5,10,E/B,
5-Dec-17,505,6:27:00 AM,Tuesday,Roncesvalles Yard,Utilized Off Route,6,12,W/B,
5-Dec-17,501,6:30:00 AM,Tuesday,Roncesvalles yard,Mechanical,6,12,E/B,4232
5-Dec-17,504,6:32:00 AM,Tuesday,Roncesvalles Yard,Late Leaving Garage,7,6,W/B,4074
5-Dec-17,501,6:34:00 AM,Tuesday,Russell Yard,Mechanical,6,12,B/W,0
5-Dec-17,501,6:34:00 AM,Tuesday,Russell yard,Mechanical,6,12,B/W,4222
5-Dec-17,506,7:11:00 AM,Tuesday,Russell Yard,Mechanical,5,10,E/B,
5-Dec-17,503,7:14:00 AM,Tuesday,Kingston and Queen,Late Leaving Garage,8,16,E/B,7878
5-Dec-17,501,7:20:00 AM,Tuesday,Roncesvalles yard,Mechanical,6,12,B/W,0
5-Dec-17,501,7:20:00 AM,Tuesday,Roncesvalles Yard,Late Leaving Garage,17,12,E/B,4200
5-Dec-17,501,8:30:00 AM,Tuesday,Queen and Power st,Emergency Services,10,16,E/B,4225
5-Dec-17,501,9:14:00 AM,Tuesday,Spadina to Yonge st,General Delay,6,12,B/W,4023
5-Dec-17,501,9:21:00 AM,Tuesday,Lakeshore and Kipling,Mechanical,6,12,E/B,1601
5-Dec-17,506,9:33:00 AM,Tuesday,Bowmore and upper gerrard,Investigation,14,20,W/B,4170
5-Dec-17,506,10:03:00 AM,Tuesday,Majory and Gerrard,Mechanical,6,12,W/B,4195
5-Dec-17,501,10:17:00 AM,Tuesday,Queen and Roncesvalles,Mechanical,6,12,E/B,4200
5-Dec-17,501,10:37:00 AM,Tuesday,Queen and Bathurst,Investigation,1,1,W/B,4143
5-Dec-17,512,11:37:00 AM,Tuesday,Gunns Loop & St. Clair,Mechanical,4,8,E/B,4412
5-Dec-17,506,11:58:00 AM,Tuesday,Landsdown and College,Mechanical,6,12,E/B,4028
5-Dec-17,512,1:18:00 PM,Tuesday,Lansdowne Loop,Mechanical,4,8,W/B,4035
5-Dec-17,512,1:44:00 PM,Tuesday,Russell yard,Late Leaving Garage,3,6,B/W,
5-Dec-17,512,1:51:00 PM,Tuesday,Russell yard,Late Leaving Garage,3,6,B/W,
5-Dec-17,505,2:29:00 PM,Tuesday,Russell Yard,Utilized Off Route,6,12,W/B,
5-Dec-17,501,3:10:00 PM,Tuesday,Russell Division,Late Leaving Garage,6,12,W/B,
5-Dec-17,501,3:12:00 PM,Tuesday,Russell Yard,Late Leaving Garage,6,12,W/B,
5-Dec-17,511,4:04:00 PM,Tuesday,CNE Loop,Mechanical,5,10,E/B,8347
5-Dec-17,504,4:20:00 PM,Tuesday,Dundas W. Stn,Mechanical,2,4,S/B,4093
5-Dec-17,511,4:58:00 PM,Tuesday,Bathurst and Ulster,Mechanical,5,10,N/B,1551
5-Dec-17,501,5:02:00 PM,Tuesday,42nd St (Longbranch Diversionary Routing),Diversion,1,1,W/B,
5-Dec-17,501,5:28:00 PM,Tuesday,Queen and Simcoe,Investigation,32,38,E/B,4074
5-Dec-17,511,6:34:00 PM,Tuesday,Bathurst and Niagara,Emergency Services,5,10,S/B,8368
5-Dec-17,514,6:35:00 PM,Tuesday,Cherry Loop,Mechanical,9,18,W/B,4426
5-Dec-17,506,7:33:00 PM,Tuesday,Howard Park and Parkside dr,Held By,7,17,E/B,4125
5-Dec-17,505,7:59:00 PM,Tuesday,Dundas W Stn,Investigation,16,23,E/B,4042
5-Dec-17,510,9:29:00 PM,Tuesday,Spadina STN,Mechanical,7,14,S/B,4443
5-Dec-17,506,11:41:00 PM,Tuesday,Howard Park and Parkside,Emergency Services,14,23,E/B,4105
6-Dec-17,510,1:00:00 AM,Wednesday,Queens Quay Spadina,Held By,6,12,N/B,4406
6-Dec-17,501,1:03:00 AM,Wednesday,Parklawn and Lakeshore,Diversion,8,16,E/B,8091
6-Dec-17,509,1:14:00 AM,Wednesday,CNE Loop,Mechanical,6,12,E/B,4419
6-Dec-17,512,5:21:00 AM,Wednesday,Russell Yard,Mechanical,3,6,W/B,
6-Dec-17,505,5:25:00 AM,Wednesday,Russell Yard,Utilized Off Route,6,12,W/B,
6-Dec-17,512,5:27:00 AM,Wednesday,Russell Yard,Mechanical,3,6,W/B,
6-Dec-17,505,5:31:00 AM,Wednesday,Russell Yard,Utilized Off Route,6,12,W/B,
6-Dec-17,512,5:31:00 AM,Wednesday,Russell Yard,Mechanical,3,6,W/B,
6-Dec-17,505,5:37:00 AM,Wednesday,Russell Yard,Utilized Off Route,6,12,W/B,
6-Dec-17,505,5:42:00 AM,Wednesday,Russell Yard,Utilized Off Route,6,12,W/B,
6-Dec-17,512,5:42:00 AM,Wednesday,Russell Yard,Mechanical,3,6,W/B,
6-Dec-17,504,5:45:00 AM,Wednesday,Roncesvalles Yard,Mechanical,6,10,W/B,4115
6-Dec-17,505,6:01:00 AM,Wednesday,Dundas and Parliament,Investigation,28,34,W/B,4089
6-Dec-17,502,6:21:00 AM,Wednesday,Birchmount Garage,Mechanical,8,16,W/B,8128
6-Dec-17,506,6:21:00 AM,Wednesday,Russell Yard,Mechanical,4,8,E/B,
6-Dec-17,501,6:34:00 AM,Wednesday,Russell yard,Mechanical,6,12,B/W,0
6-Dec-17,501,6:42:00 AM,Wednesday,Russel Yard,Mechanical,6,12,B/W,0
6-Dec-17,501,6:46:00 AM,Wednesday,Queen and Dunn ave,Mechanical,6,12,E/B,4225
6-Dec-17,506,6:58:00 AM,Wednesday,Carlton and Church,Mechanical,23,29,E/B,4157
6-Dec-17,506,7:11:00 AM,Wednesday,Russell Yard,Mechanical,4,8,E/B,
6-Dec-17,501,9:49:00 AM,Wednesday,Queen and Lansdown,Investigation,1,1,E/B,4246
6-Dec-17,511,9:59:00 AM,Wednesday,Lakeshore and Fleet,Held By,8,16,W/B,8369
6-Dec-17,501,10:39:00 AM,Wednesday,Queen and John,Held By,12,18,E/B,4086
6-Dec-17,504,10:45:00 AM,Wednesday,Broadview and Danforth,General Delay,6,10,W/B,4057
6-Dec-17,506,12:26:00 PM,Wednesday,College and University,Mechanical,5,10,W/B,4047
6-Dec-17,512,1:33:00 PM,Wednesday,Russell yard,Late Leaving Garage,3,6,B/W,
6-Dec-17,512,1:44:00 PM,Wednesday,Russell yard,Late Leaving Garage,3,6,B/W,
6-Dec-17,512,1:51:00 PM,Wednesday,Russell yard,Late Leaving Garage,3,6,B/W,
6-Dec-17,506,2:00:00 PM,Wednesday,High Park,Mechanical,5,10,E/B,4170
6-Dec-17,535,2:04:00 PM,Wednesday,Roncy yard,Mechanical,3,6,W/B,
6-Dec-17,501,2:28:00 PM,Wednesday,Queen and Connaught,Mechanical,5,10,W/B,
6-Dec-17,505,2:52:00 PM,Wednesday,,Mechanical,6,12,N/B,
6-Dec-17,504,3:10:00 PM,Wednesday,Queen Street and Connaught Avenue,Mechanical,5,10,W/B,
6-Dec-17,501,3:12:00 PM,Wednesday,Queen Street and Connaught Avenue,Mechanical,5,10,W/B,
6-Dec-17,504,4:24:00 PM,Wednesday,King/Parliament,Mechanical,4,8,E/B,4115
6-Dec-17,501,4:34:00 PM,Wednesday,Queen Street and Kingston Road,Investigation,4,10,W/B,4134
6-Dec-17,504,4:43:00 PM,Wednesday,Roncesvalles/Fermanagh,Held By,15,19,W/B,4099
6-Dec-17,504,5:02:00 PM,Wednesday,King/peter,Held By,4,8,E/B,4434
6-Dec-17,501,5:28:00 PM,Wednesday,Queen Street and Connaught Avenue,Mechanical,5,10,W/B,4232
6-Dec-17,504,5:45:00 PM,Wednesday,Ronc and High Park Blvd,Investigation,25,29,E/B,4104
6-Dec-17,506,6:56:00 PM,Wednesday,Main and Gerrard,Investigation,16,25,W/B,4022
6-Dec-17,501,9:36:00 PM,Wednesday,Dufferin ands Queen,Utilized Off Route,6,12,E/B,1578
7-Dec-17,512,5:21:00 AM,Thursday,Russell Yard,Mechanical,3,6,W/B,
7-Dec-17,512,5:27:00 AM,Thursday,Russell Yard,Mechanical,3,6,W/B,
7-Dec-17,505,5:31:00 AM,Thursday,Russell Yard,Late Leaving Garage,6,12,W/B,4093
7-Dec-17,506,6:21:00 AM,Thursday,Russell Yard,Mechanical,4,8,E/B,
7-Dec-17,510,6:33:00 AM,Thursday,Leslie Barns,Late Leaving Garage,5,112,S/B,4439
7-Dec-17,504,6:36:00 AM,Thursday,Broadview Station,Mechanical,8,12,W/B,4197
7-Dec-17,505,7:00:00 AM,Thursday,Dundas West to Broadview,Utilized Off Route,6,12,E/B,9999
7-Dec-17,501,7:02:00 AM,Thursday,Russell Yard,Mechanical,6,12,B/W,0
7-Dec-17,505,7:05:00 AM,Thursday,Broadview to Dundas West Stn,Late Leaving Garage,6,12,W/B,4048
7-Dec-17,506,7:11:00 AM,Thursday,Russell Yard,Mechanical,4,8,E/B,
7-Dec-17,501,7:20:00 AM,Thursday,Roncesvalles Yard,Late Leaving Garage,6,12,E/B,4223
7-Dec-17,514,7:26:00 AM,Thursday,King& Ontario,Held By,6,14,E/B,4411
7-Dec-17,504,7:26:00 AM,Thursday,King & Ontario,Held By,6,10,E/B,4440
7-Dec-17,506,7:34:00 AM,Thursday,Dufferin & College,Mechanical,6,12,E/B,4192
7-Dec-17,505,7:40:00 AM,Thursday,Roncesvalles to Broadview,Late Leaving Garage,6,12,E/B,4141
7-Dec-17,512,8:02:00 AM,Thursday,St. Clair Station,Investigation,8,12,W/B,4199
7-Dec-17,501,8:42:00 AM,Thursday,Longbranch Loop,Mechanical,6,12,E/B,1541
7-Dec-17,501,8:43:00 AM,Thursday,Queen and Roncesvales,Investigation,6,12,W/B,4068
7-Dec-17,501,9:30:00 AM,Thursday,Yonge st to Spadina,General Delay,9,15,E/B,4055
7-Dec-17,505,9:41:00 AM,Thursday,Broadview to Dundas West Station,Mechanical,6,12,B/W,4104
7-Dec-17,506,9:42:00 AM,Thursday,Rusholme & College,Held By,8,14,E/B,4178
7-Dec-17,505,10:25:00 AM,Thursday,Ontario Street,Held By,9,15,E/B,4032
7-Dec-17,505,12:08:00 PM,Thursday,Dundas & Munro,Mechanical,6,12,E/B,4132
7-Dec-17,502,1:06:00 PM,Thursday,Simcoe Street and Richmond Street,Mechanical,10,20,E/B,8157
7-Dec-17,501,2:23:00 PM,Thursday,Queen Street and Connaught Avenue,Mechanical,5,10,W/B,4152
7-Dec-17,504,2:35:00 PM,Thursday,King @ Fraser,Emergency Services,3,8,E/B,4149
7-Dec-17,506,2:40:00 PM,Thursday,Broadview and Gerrard,Mechanical,5,10,E/B,4108
7-Dec-17,504,3:11:00 PM,Thursday,Roncesvalles/Queen,Held By,5,9,W/B,4055
7-Dec-17,505,3:50:00 PM,Thursday,broadview/dundas,Late Leaving Garage,5,10,W/B,4157
7-Dec-17,501,4:25:00 PM,Thursday,Neville Loop,Mechanical,5,10,W/B,4215
7-Dec-17,504,4:27:00 PM,Thursday,King/Jameson,Held By,5,9,E/B,4402
7-Dec-17,504,4:31:00 PM,Thursday,Roncesvalles/Howard Park,Mechanical,2,4,W/B,4041
7-Dec-17,505,5:40:00 PM,Thursday,dundas/victoria,Held By,55,60,E/B,4121
7-Dec-17,510,6:26:00 PM,Thursday,Spadina/Dundas,Investigation,21,26,S/B,4451
7-Dec-17,504,6:33:00 PM,Thursday,King @ Sumach,Mechanical,9,18,E/B,4441
7-Dec-17,501,6:34:00 PM,Thursday,Lakeshore and 30th Street,Investigation,5,11,E/B,1071
7-Dec-17,504,6:35:00 PM,Thursday,Broadview Stn,Utilized Off Route,5,10,W/B,4180
7-Dec-17,504,7:00:00 PM,Thursday,Broadview/Gerrard,Mechanical,5,10,E/B,4073
7-Dec-17,502,7:20:00 PM,Thursday,Kingston Road and Queen Street,Investigation,10,20,W/B,8132
7-Dec-17,511,8:06:00 PM,Thursday,Bathurst/King,Investigation,7,14,N/B,1538
7-Dec-17,514,10:40:00 PM,Thursday,King Strachan,Mechanical,6,12,E/B,
7-Dec-17,505,11:20:00 PM,Thursday,dundas/lansdonwe,Investigation,10,20,E/B,4157
7-Dec-17,501,11:21:00 PM,Thursday,Dufferin and Queen,Mechanical,9,18,W/B,4246
8-Dec-17,306,2:05:00 AM,Friday,Dundas West Station,Mechanical,9,18,W/B,4154
8-Dec-17,505,5:09:00 AM,Friday,Russell Yard,Mechanical,6,12,W/B,4032
8-Dec-17,505,5:13:00 AM,Friday,Roncy Yard,Late Leaving Garage,5,10,E/B,4134
8-Dec-17,505,5:17:00 AM,Friday,Roncy Yard,Late Leaving Garage,8,16,E/B,4144
8-Dec-17,512,5:21:00 AM,Friday,Russell Yard,Mechanical,3,6,W/B,
8-Dec-17,506,5:22:00 AM,Friday,Roncy Yard,Mechanical,5,10,E/B,
8-Dec-17,506,5:22:00 AM,Friday,Roncy Yard,Mechanical,4,8,E/B,
8-Dec-17,505,5:23:00 AM,Friday,Broadview Stn,Mechanical,0,0,W/B,0
8-Dec-17,505,5:25:00 AM,Friday,Roncy Yard,Late Leaving Garage,7,23,E/B,4153
8-Dec-17,509,5:32:00 AM,Friday,Bathurst,Mechanical,6,12,W/B,4414
8-Dec-17,509,5:52:00 AM,Friday,Bathurst and Fleet,Mechanical,6,12,W/B,4448
8-Dec-17,504,5:56:00 AM,Friday,Broadview & Dundas,Mechanical,8,16,W/B,4447
8-Dec-17,506,6:09:00 AM,Friday,Roncy Yard,Mechanical,5,10,E/B,
8-Dec-17,506,6:26:00 AM,Friday,Roncy Yard,Late Leaving Garage,5,10,E/B,4014
8-Dec-17,510,6:28:00 AM,Friday,Spadina and King,Mechanical,0,0,N/B,4416
8-Dec-17,501,6:57:00 AM,Friday,Queen and Connaught,Mechanical,6,12,E/B,4251
8-Dec-17,504,7:00:00 AM,Friday,Broadview Stn,Investigation,4,8,W/B,4111
8-Dec-17,501,7:09:00 AM,Friday,Queen and Roncesvalles,Mechanical,6,12,E/B,4108
8-Dec-17,510,7:22:00 AM,Friday,King and Spadina,Late Leaving Garage,4,8,N/B,4412
8-Dec-17,510,7:32:00 AM,Friday,King and Spadina,Late Leaving Garage,4,8,N/B,4410
8-Dec-17,501,8:05:00 AM,Friday,Longbranch Loop,Mechanical,6,12,E/B,1200
8-Dec-17,511,8:05:00 AM,Friday,Bathurst Station,Mechanical,6,12,S/B,1809
8-Dec-17,506,9:02:00 AM,Friday,Upper Gerrard & Coxwell,Mechanical,22,28,E/B,4071
8-Dec-17,502,10:14:00 AM,Friday,Queen and Carlaw,Mechanical,8,16,W/B,8130
8-Dec-17,505,10:22:00 AM,Friday,Dundas & Bay,Mechanical,6,12,E/B,4085
8-Dec-17,512,1:33:00 PM,Friday,Russell Yard,Mechanical,4,8,W/B,
8-Dec-17,512,1:44:00 PM,Friday,Russell Yard,Mechanical,4,8,W/B,
8-Dec-17,501,1:53:00 PM,Friday,Roncesvalles and Queen,Mechanical,5,10,E/B,4160
8-Dec-17,501,2:53:00 PM,Friday,Long Branch,Mechanical,6,11,W/B,7961
8-Dec-17,504,3:15:00 PM,Friday,Kingston Rd/Queen,Late Leaving Garage,0,12,E/B,7825
8-Dec-17,501,4:08:00 PM,Friday,Queen Street and Shaw Street,Mechanical,5,10,W/B,4225
8-Dec-17,505,5:15:00 PM,Friday,Broadview and Dundas,Investigation,6,12,S/B,4127
8-Dec-17,501,5:17:00 PM,Friday,The Queensway and Colbourne Lodge Drive,Mechanical,5,11,W/B,1379
8-Dec-17,505,5:18:00 PM,Friday,broadview/dundas,Investigation,13,18,W/B,4127
8-Dec-17,504,5:20:00 PM,Friday,Broadview and Dundas,Held By,10,14,W/B,4146
8-Dec-17,504,6:20:00 PM,Friday,King/Bathurst,Held By,6,10,E/B,4185
8-Dec-17,501,6:30:00 PM,Friday,Lakeshore Boulevard and 40th Street,Investigation,5,11,W/B,1038
8-Dec-17,501,8:54:00 PM,Friday,Queen and Connaught,Mechanical,6,12,W/B,4204
8-Dec-17,501,10:41:00 PM,Friday,Queen and Pape,Investigation,10,16,E/B,4190
8-Dec-17,501,11:21:00 PM,Friday,,Mechanical,9,18,W/B,4050
8-Dec-17,501,11:41:00 PM,Friday,Dufferin/dufferin loop,Mechanical,7,14,S/B,1043
9-Dec-17,501,12:10:00 AM,Saturday,Queen and Peter,Held By,54,63,B/W,4043
9-Dec-17,501,1:03:00 AM,Saturday,Queen and Connaught,Mechanical,10,20,E/B,4180
9-Dec-17,306,1:55:00 AM,Saturday,College and Clinton,Investigation,25,35,W/B,4023
9-Dec-17,511,6:08:00 AM,Saturday,Wilson Garage,Mechanical,6,12,S/B,1675
9-Dec-17,505,6:28:00 AM,Saturday,Broadview Station,Mechanical,10,20,W/B,4141
9-Dec-17,514,7:07:00 AM,Saturday,University / King,Held By,32,46,W/B,4402
9-Dec-17,504,7:10:00 AM,Saturday,King / University,Held By,32,42,W/B,4093
9-Dec-17,510,7:39:00 AM,Saturday,Queens Quay,Emergency Services,9,18,W/B,4435
9-Dec-17,501,7:49:00 AM,Saturday,Roncesvalles Yard,Mechanical,6,12,W/B,4247
9-Dec-17,506,7:52:00 AM,Saturday,Ronce,Mechanical,7,14,E/B,4089
9-Dec-17,501,8:04:00 AM,Saturday,RONCESVALLES,Mechanical,6,12,W/B,4236
9-Dec-17,501,8:26:00 AM,Saturday,RONCESVALLES,Mechanical,7,13,W/B,4208
9-Dec-17,504,11:43:00 AM,Saturday,Broadview/Queen,Mechanical,7,11,W/B,4448
9-Dec-17,501,11:46:00 AM,Saturday,Lakeshore Boulevard and Mimico Avenue,Mechanical,5,12,W/B,1643
9-Dec-17,505,11:54:00 AM,Saturday,DWS,Mechanical,17,22,E/B,4133
9-Dec-17,506,11:55:00 AM,Saturday,College and University,Mechanical,32,37,EB,4178
9-Dec-17,501,12:37:00 PM,Saturday,Roncesvalles and Queen,Mechanical,5,10,E/B,4043
9-Dec-17,501,1:16:00 PM,Saturday,Neville Loop,Mechanical,5,10,W/B,4200
9-Dec-17,506,1:43:00 PM,Saturday,Ciololege and University,Mechanical,32,37,EB,4048
9-Dec-17,501,3:30:00 PM,Saturday,Springhurst Loop,Mechanical,6,12,W/B,7911
9-Dec-17,504,3:43:00 PM,Saturday,King/charlotte,Mechanical,11,17,W/B,4064
9-Dec-17,514,3:43:00 PM,Saturday,King/Charlotte,Held By,11,23,W/B,4400
9-Dec-17,504,3:49:00 PM,Saturday,King/Charlotte,Mechanical,6,12,W/B,4198
9-Dec-17,505,4:00:00 PM,Saturday,Dundas & Broadview,Mechanical,5,10,E/B,4185
9-Dec-17,504,4:10:00 PM,Saturday,Broadview/Dundas,Held By,6,11,W/B,4199
9-Dec-17,504,4:10:00 PM,Saturday,Broadview/Dundas,Mechanical,6,12,W/B,4098
9-Dec-17,501,4:11:00 PM,Saturday,Lakeshore and Islington,Investigation,6,12,E/B,1601
9-Dec-17,514,4:34:00 PM,Saturday,King/Church,Held By,13,25,W/B,4437
9-Dec-17,504,4:34:00 PM,Saturday,King/Church,Mechanical,13,19,W/B,4098
9-Dec-17,505,4:36:00 PM,Saturday,Dundas w stn,Utilized Off Route,5,10,W/B,4154
9-Dec-17,504,4:40:00 PM,Saturday,King/Church,Mechanical,7,13,W/B,4093
9-Dec-17,505,5:22:00 PM,Saturday,Dundas/Sherbourne,Mechanical,5,10,W/B,4075
9-Dec-17,506,6:15:00 PM,Saturday,College and Jarvis,Mechanical,6,12,E/B,4032
9-Dec-17,509,6:25:00 PM,Saturday,fleet/bathurst,Mechanical,1,1,E/B,4406
9-Dec-17,512,7:03:00 PM,Saturday,"St, Clair Station",Held By,11,18,B/W,4431
9-Dec-17,505,7:30:00 PM,Saturday,broadview station,Investigation,25,30,E/B,4029
9-Dec-17,501,8:48:00 PM,Saturday,Dufferin loop,Mechanical,7,14,W/B,1253
9-Dec-17,501,10:03:00 PM,Saturday,Queen and Duncan,Mechanical,30,39,E/B,4217
9-Dec-17,501,10:37:00 PM,Saturday,Beverly and Queen,Held By,21,30,W/B,4226
9-Dec-17,511,10:45:00 PM,Saturday,CNE loop,Mechanical,5,10,N/B,8387
10-Dec-17,301,5:04:00 AM,Sunday,Roncesvales Yard - South Gate,Investigation,21,51,W/B,4021
10-Dec-17,504,5:57:00 AM,Sunday,Roncesvalles Yard,Mechanical,9,18,N/B,4115
10-Dec-17,505,6:47:00 AM,Sunday,Bathurst,Investigation,13,23,W/B,4182
10-Dec-17,501,8:10:00 AM,Sunday,Greenwood,Mechanical,8,16,E/B,4225
10-Dec-17,504,9:02:00 AM,Sunday,Roncesvalles Garage,Mechanical,7,13,N/B,4123
10-Dec-17,504,9:21:00 AM,Sunday,Broadview / dundas,Mechanical,5,11,S/B,4428
10-Dec-17,501,9:53:00 AM,Sunday,LongBranch,Mechanical,7,14,W/B,7969
10-Dec-17,501,11:26:00 AM,Sunday,Windemere,Investigation,6,12,E/B,1076
10-Dec-17,504,11:26:00 AM,Sunday,King Niagara,Mechanical,6,12,E/B,4176
10-Dec-17,501,11:41:00 AM,Sunday,Long Branch Avenue,Investigation,7,14,W/B,1416
10-Dec-17,512,2:02:00 PM,Sunday,St Clair and Yonge,Investigation,5,11,W/B,4434
10-Dec-17,506,2:04:00 PM,Sunday,Carlton and Sherbourne,Investigation,72,78,W/B,4027
10-Dec-17,501,2:48:00 PM,Sunday,Springhurst Loop,Mechanical,6,11,W/B,1602
10-Dec-17,501,2:51:00 PM,Sunday,Queen Street and Woodbine Avenue,Investigation,5,11,W/B,4202
10-Dec-17,501,3:18:00 PM,Sunday,Springhurst Loop,Mechanical,6,11,W/B,8024
10-Dec-17,506,3:30:00 PM,Sunday,Gerrard and Broadview,Mechanical,6,12,E/B,4157
10-Dec-17,501,4:44:00 PM,Sunday,Dufferin Loop,Mechanical,6,11,W/B,1406
10-Dec-17,506,8:47:00 PM,Sunday,High Park Loop,Mechanical,10,20,E/B,4100
10-Dec-17,504,9:59:00 PM,Sunday,Broadview station,Mechanical,10,20,N/B,4407
10-Dec-17,506,11:17:00 PM,Sunday,Main Station,Mechanical,10,20,W/B,4001
10-Dec-17,501,11:44:00 PM,Sunday,Queen and Spadina,Held By,10,20,E/B,4035
11-Dec-17,504,12:58:00 AM,Monday,King and Church,Mechanical,8,16,E/B,4176
11-Dec-17,511,5:16:00 AM,Monday,Bathurst Station,Utilized Off Route,9,18,B/W,0
11-Dec-17,506,5:22:00 AM,Monday,Roncesvalles,Late Leaving Garage,4,8,E/B,
11-Dec-17,505,5:25:00 AM,Monday,Broadview Stn,Mechanical,5,10,B/W,0
11-Dec-17,512,5:25:00 AM,Monday,Russell,Late Leaving Garage,4,8,E/B,
11-Dec-17,505,5:31:00 AM,Monday,Dundas,Mechanical,5,10,E/B,0
11-Dec-17,505,5:33:00 AM,Monday,Roncy Yard,Late Leaving Garage,6,12,E/B,4115
11-Dec-17,512,5:42:00 AM,Monday,Russell,Late Leaving Garage,4,8,E/B,
11-Dec-17,505,5:42:00 AM,Monday,Dundas,Mechanical,5,10,B/W,0
11-Dec-17,506,6:09:00 AM,Monday,Roncesvalles,Late Leaving Garage,4,8,E/B,
11-Dec-17,510,6:15:00 AM,Monday,Spadina and King,Late Leaving Garage,8,16,N/B,4411
11-Dec-17,501,6:24:00 AM,Monday,Neville Park loop,Utilized Off Route,6,12,W/B,4243
11-Dec-17,501,6:24:00 AM,Monday,Neville park loop,Mechanical,6,12,W/B,4242
11-Dec-17,505,6:26:00 AM,Monday,Dundas West Station,Mechanical,5,10,B/W,0
11-Dec-17,514,6:53:00 AM,Monday,King and Parliament,Late Leaving Garage,8,16,W/B,4436
11-Dec-17,501,6:54:00 AM,Monday,Lakeshore and 5th street,Mechanical,6,12,E/B,1611
11-Dec-17,510,7:00:00 AM,Monday,King and Spadina,Late Leaving Garage,4,8,N/B,4423
11-Dec-17,501,7:05:00 AM,Monday,Roncesvalles Yard,Mechanical,6,12,B/W,
11-Dec-17,510,7:06:00 AM,Monday,King and Spadina,Late Leaving Garage,4,8,N/B,4431
11-Dec-17,506,7:06:00 AM,Monday,Roncesvalles,Late Leaving Garage,4,8,E/B,
11-Dec-17,506,7:11:00 AM,Monday,Russell,Late Leaving Garage,6,12,E/B,
11-Dec-17,501,7:20:00 AM,Monday,Roncy Yard,Late Leaving Garage,5,10,E/B,4051
11-Dec-17,512,7:21:00 AM,Monday,Russel,Late Leaving Garage,4,8,E/B,
11-Dec-17,510,7:25:00 AM,Monday,King and Spadina,Late Leaving Garage,4,8,N/B,4407
11-Dec-17,501,8:02:00 AM,Monday,Queen and Roncesvalles,Mechanical,6,12,E/B,4226
11-Dec-17,506,9:05:00 AM,Monday,College and Ossington,Investigation,6,12,E/B,4066
11-Dec-17,504,12:05:00 PM,Monday,King & Bay,Held By,18,23,B/W,4176
11-Dec-17,514,12:10:00 PM,Monday,King & Bay,Held By,14,29,B/W,4453
11-Dec-17,501,12:20:00 PM,Monday,Queen and Bay,Diversion,22,28,B/W,4215
11-Dec-17,501,12:30:00 PM,Monday,Queen and Yonge,General Delay,12,18,B/W,
11-Dec-17,512,1:51:00 PM,Monday,Russell,Late Leaving Garage,4,8,E/B,
11-Dec-17,512,1:51:00 PM,Monday,Russell,Late Leaving Garage,4,8,E/B,
11-Dec-17,501,2:10:00 PM,Monday,Neville Park Loop,Mechanical,8,14,W/B,4215
11-Dec-17,501,3:06:00 PM,Monday,Russell Yard,Late Leaving Garage,6,12,W/B,
11-Dec-17,506,3:08:00 PM,Monday,Main Station,Mechanical,5,11,W/B,4066
11-Dec-17,501,3:12:00 PM,Monday,Russell Yard,Late Leaving Garage,6,12,W/B,
11-Dec-17,504,3:18:00 PM,Monday,Dundas West Stn,Mechanical,5,10,S/B,4093
11-Dec-17,501,3:20:00 PM,Monday,Wilson Garage,Late Leaving Garage,6,12,E/B,
11-Dec-17,501,4:00:00 PM,Monday,Queen St - Route,General Delay,20,26,B/W,
11-Dec-17,502,4:00:00 PM,Monday,502 - Downtowner - Route,General Delay,10,20,B/W,
11-Dec-17,504,4:25:00 PM,Monday,Roncesvalles Yard,Late Leaving Garage,4,9,E/B,4140
11-Dec-17,501,5:09:00 PM,Monday,Dufferin and Queen,Mechanical,6,12,E/B,1529
11-Dec-17,511,5:44:00 PM,Monday,Bathurst Stn,Investigation,5,10,S/B,1362
11-Dec-17,504,6:02:00 PM,Monday,Dundas / Broadview,Mechanical,12,16,S/B,4146
11-Dec-17,501,10:04:00 PM,Monday,Queen and Cannought,Mechanical,6,12,E/B,4165
11-Dec-17,511,10:50:00 PM,Monday,Bathurst and Richmond,Mechanical,5,10,N/B,1639
11-Dec-17,505,11:16:00 PM,Monday,Dundas West STN,Held By,11,20,E/B,4028
11-Dec-17,504,11:48:00 PM,Monday,Jeffersion and King,Mechanical,8,16,W/B,4098
12-Dec-17,512,1:00:00 AM,Tuesday,Gunns Loop,Investigation,8,16,W/B,4144
12-Dec-17,301,3:31:00 AM,Tuesday,Queen and Woodbine,Emergency Services,1,1,W/B,4251
12-Dec-17,505,5:05:00 AM,Tuesday,Russell yard,Mechanical,6,12,E/B,4149
12-Dec-17,506,5:07:00 AM,Tuesday,Roncy Yard,Late Leaving Garage,15,0,E/B,4075
12-Dec-17,506,5:22:00 AM,Tuesday,Roncy Yard,Mechanical,4,8,E/B,
12-Dec-17,512,5:27:00 AM,Tuesday,Russell Yard,Mechanical,3,6,W/B,
12-Dec-17,512,5:28:00 AM,Tuesday,Robina & St. Clair,Investigation,4,8,W/B,4407
12-Dec-17,512,5:31:00 AM,Tuesday,Russell Yard,Mechanical,3,6,W/B,
12-Dec-17,512,5:42:00 AM,Tuesday,Russell Yard,Mechanical,3,6,W/B,
12-Dec-17,501,6:05:00 AM,Tuesday,Roncy Yard,Mechanical,6,12,E/B,4237
12-Dec-17,504,6:08:00 AM,Tuesday,Dundas & Bloor,Investigation,9,14,S/B,4139
12-Dec-17,506,6:09:00 AM,Tuesday,Roncy Yard,Mechanical,4,8,E/B,
12-Dec-17,505,6:10:00 AM,Tuesday,Dundas & Bloor,Held By,7,15,E/B,4001
12-Dec-17,506,6:21:00 AM,Tuesday,Russell Yard,Mechanical,4,8,E/B,
12-Dec-17,505,6:27:00 AM,Tuesday,Roncy Yard,Mechanical,5,10,W/B,4141
12-Dec-17,506,6:34:00 AM,Tuesday,Russell yard,Mechanical,6,12,E/B,4154
12-Dec-17,514,6:58:00 AM,Tuesday,Bathurst & Queen,Investigation,8,16,S/B,4434
12-Dec-17,506,7:11:00 AM,Tuesday,Russell Yard,Mechanical,4,8,E/B,
12-Dec-17,511,8:09:00 AM,Tuesday,Bathurst station,Mechanical,3,6,S/B,1609
12-Dec-17,504,8:22:00 AM,Tuesday,Broadview & Dundas,Held By,16,21,E/B,4135
12-Dec-17,505,8:22:00 AM,Tuesday,Broadview & Dundas,Investigation,18,24,E/B,4131
12-Dec-17,501,8:32:00 AM,Tuesday,Yonge st to Bathurst,General Delay,7,11,W/B,4225
12-Dec-17,506,8:42:00 AM,Tuesday,Bowmore & Gerrard,Mechanical,23,29,E/B,4082
12-Dec-17,510,9:55:00 AM,Tuesday,Spadina and Queensquay,General Delay,4,8,S/B,4432
12-Dec-17,511,10:57:00 AM,Tuesday,Bathurst at King,Emergency Services,10,14,S/B,1053
12-Dec-17,505,1:15:00 PM,Tuesday,dundas/parlament,Mechanical,5,10,E/B,4047
12-Dec-17,506,1:29:00 PM,Tuesday,Logan & Gerrard,Held By,43,49,W/B,4126
12-Dec-17,512,1:30:00 PM,Tuesday,st.clair / oakwood,Mechanical,5,10,E/B,4179
12-Dec-17,501,1:40:00 PM,Tuesday,Neville Loop,Mechanical,6,12,W/B,4251
12-Dec-17,510,2:24:00 PM,Tuesday,Spadina and Front,Mechanical,3,6,N/B,4450
12-Dec-17,511,2:46:00 PM,Tuesday,fleet/starchan,Investigation,25,30,N/B,1058
12-Dec-17,506,3:38:00 PM,Tuesday,College and Bay,Mechanical,5,10,W/B,4039
12-Dec-17,512,4:11:00 PM,Tuesday,Gunns Loop,Mechanical,3,6,E/B,4021
12-Dec-17,501,4:15:00 PM,Tuesday,Roncesvalles Yard,Mechanical,6,12,E/B,4190
12-Dec-17,514,4:19:00 PM,Tuesday,Springhurst loop,Mechanical,9,18,W/B,4439
12-Dec-17,504,4:25:00 PM,Tuesday,dundas west station,Mechanical,4,8,E/B,4077
12-Dec-17,501,4:26:00 PM,Tuesday,Sunnyside Loop,Mechanical,6,12,E/B,4204
12-Dec-17,501,4:30:00 PM,Tuesday,McCaul and Queen,Mechanical,6,12,E/B,4069
12-Dec-17,501,4:43:00 PM,Tuesday,Queen and Empire,Mechanical,6,12,E/B,4223
12-Dec-17,501,5:15:00 PM,Tuesday,Neville Loop,Mechanical,6,12,W/B,4225
12-Dec-17,501,6:18:00 PM,Tuesday,Roncesvalles yard,Mechanical,6,12,E/B,4226
12-Dec-17,514,6:22:00 PM,Tuesday,Springhurst Loopp,Held By,9,18,E/B,4420
12-Dec-17,501,7:20:00 PM,Tuesday,Queen and Neville,Mechanical,6,12,E/B,4120
12-Dec-17,501,7:30:00 PM,Tuesday,Queen and Niagara,Mechanical,60,12,E/B,4232
12-Dec-17,504,7:44:00 PM,Tuesday,King / Atlantic,Held By,18,22,W/B,4177
12-Dec-17,501,7:45:00 PM,Tuesday,Queen and Bathurst,Mechanical,6,12,E/B,4148
12-Dec-17,501,7:48:00 PM,Tuesday,Queen and Church,Mechanical,6,12,E/B,4190
12-Dec-17,501,7:50:00 PM,Tuesday,Eastbound Queen and Connaught,Mechanical,18,24,E/B,
12-Dec-17,512,9:34:00 PM,Tuesday,St Clair and Oakwood,Mechanical,6,12,E/B,4143
12-Dec-17,506,9:53:00 PM,Tuesday,Main Station,Mechanical,8,16,W/B,4089
12-Dec-17,501,10:13:00 PM,Tuesday,Queen and Gladstone,Mechanical,5,10,W/B,4236
12-Dec-17,504,10:27:00 PM,Tuesday,Roncesvalles/Howard Park,Mechanical,8,16,S/B,4167
12-Dec-17,504,11:14:00 PM,Tuesday,Dundas/Bloor,Emergency Services,15,23,S/B,4411
12-Dec-17,511,11:22:00 PM,Tuesday,Bathurst STN,Mechanical,5,10,N/B,8302
12-Dec-17,501,11:26:00 PM,Tuesday,Queen and Dufferin,Utilized Off Route,8,15,W/B,1520
12-Dec-17,512,11:40:00 PM,Tuesday,St. Clair and Keele,Mechanical,30,37,W/B,4003
13-Dec-17,505,12:27:00 AM,Wednesday,Dundas West Stn.,Mechanical,10,20,E/B,4192
13-Dec-17,301,1:27:00 AM,Wednesday,Queen,Investigation,8,15,B/W,1565
13-Dec-17,301,2:50:00 AM,Wednesday,Queen and Victoria,Mechanical,9,26,W/B,4222
13-Dec-17,511,4:57:00 AM,Wednesday,Exhibition Loop,Mechanical,9,18,N/B,1357
13-Dec-17,504,5:06:00 AM,Wednesday,Roncy Yard,Mechanical,4,8,W/B,4077
13-Dec-17,512,5:21:00 AM,Wednesday,Russell Yard,Mechanical,3,6,W/B,
13-Dec-17,506,5:22:00 AM,Wednesday,Roncy Yard,Mechanical,4,8,E/B,
13-Dec-17,505,5:25:00 AM,Wednesday,Dundas at Broadview,Mechanical,8,15,E/B,
13-Dec-17,512,5:27:00 AM,Wednesday,Russell Yard,Mechanical,3,6,W/B,
13-Dec-17,501,5:30:00 AM,Wednesday,Roncy Yard,Mechanical,6,9,E/B,4229
13-Dec-17,512,5:31:00 AM,Wednesday,Russell Yard,Mechanical,3,6,W/B,
13-Dec-17,512,5:42:00 AM,Wednesday,Russell Yard,Mechanical,3,6,W/B,
13-Dec-17,505,5:42:00 AM,Wednesday,Dundas at Broadview,Mechanical,15,21,E/B,
13-Dec-17,506,5:47:00 AM,Wednesday,High Park  Loop,Mechanical,15,30,W/B,4145
13-Dec-17,505,5:48:00 AM,Wednesday,Broadview at Dundas,Mechanical,21,27,E/B,
13-Dec-17,505,5:49:00 AM,Wednesday,Roncy Yard,Mechanical,5,10,W/B,4047
13-Dec-17,501,5:49:00 AM,Wednesday,Queen and Parliament,Held By,8,14,E/B,4237
13-Dec-17,506,5:53:00 AM,Wednesday,Roncy Yard,Mechanical,5,10,E/B,4082
13-Dec-17,505,5:53:00 AM,Wednesday,Dundas at Broadview,Mechanical,27,33,E/B,
13-Dec-17,506,6:07:00 AM,Wednesday,russell yard,Mechanical,6,12,E/B,4169
13-Dec-17,506,6:09:00 AM,Wednesday,Roncy Yard,Mechanical,4,8,E/B,
13-Dec-17,504,6:17:00 AM,Wednesday,Roncy Yard,Mechanical,4,8,W/B,4057
13-Dec-17,506,6:21:00 AM,Wednesday,Russell Yard,Mechanical,4,8,E/B,
13-Dec-17,501,6:30:00 AM,Wednesday,Roncy Yard,Mechanical,6,12,E/B,4161
13-Dec-17,504,6:32:00 AM,Wednesday,Roncy Yard,Mechanical,4,8,W/B,4111
13-Dec-17,506,6:36:00 AM,Wednesday,Roncy Yard,Mechanical,5,10,E/B,4074
13-Dec-17,505,6:38:00 AM,Wednesday,Dundas west station,Mechanical,6,11,E/B,
13-Dec-17,501,6:40:00 AM,Wednesday,Roncy Yard,Mechanical,5,11,E/B,4170
13-Dec-17,501,7:02:00 AM,Wednesday,Russell yard,Mechanical,6,12,B/W,4106
13-Dec-17,506,7:11:00 AM,Wednesday,Russell Yard,Mechanical,4,8,E/B,
13-Dec-17,501,7:18:00 AM,Wednesday,Queen and Connaught,Mechanical,6,12,W/B,4236
13-Dec-17,501,7:20:00 AM,Wednesday,Roncesvalles yard,Mechanical,6,12,B/W,4182
13-Dec-17,501,7:22:00 AM,Wednesday,Queen and Roncesvalles,Mechanical,6,12,W/B,1064
13-Dec-17,504,7:26:00 AM,Wednesday,Roncy & Queen,Mechanical,4,8,E/B,4123
13-Dec-17,501,7:29:00 AM,Wednesday,russell yard,Mechanical,6,12,E/B,4106
13-Dec-17,506,7:30:00 AM,Wednesday,High Park to Main Stn,General Delay,14,20,B/W,4029
13-Dec-17,504,7:52:00 AM,Wednesday,King & University,Mechanical,22,26,W/B,4199
13-Dec-17,514,7:56:00 AM,Wednesday,King & University,Held By,20,28,W/B,4408
13-Dec-17,501,7:58:00 AM,Wednesday,Queen and Victoria,Held By,19,25,W/B,4204
13-Dec-17,501,8:50:00 AM,Wednesday,Queen and Roncesvalles,Mechanical,10,16,E/B,4161
13-Dec-17,501,9:00:00 AM,Wednesday,Queen and Claremount,Mechanical,6,12,W/B,4237
13-Dec-17,501,9:17:00 AM,Wednesday,Queen and Unniversity,Emergency Services,10,16,B/W,4202
13-Dec-17,505,9:24:00 AM,Wednesday,Broadview Station,Mechanical,6,12,W/B,4035
13-Dec-17,504,9:28:00 AM,Wednesday,King & Bathurst,Investigation,5,9,E/B,4139
13-Dec-17,504,9:39:00 AM,Wednesday,Roncesvalles & Garden,Held By,4,8,N/B,4149
13-Dec-17,502,10:31:00 AM,Wednesday,Queen and Unniversity,Mechanical,8,16,E/B,7710
13-Dec-17,506,11:07:00 AM,Wednesday,Main Station,Mechanical,38,44,W/B,4050
13-Dec-17,511,11:20:00 AM,Wednesday,Bathurst Station,Mechanical,4,8,S/B,1544
13-Dec-17,506,12:52:00 PM,Wednesday,Jones & Gerrard,Mechanical,20,26,E/B,4120
13-Dec-17,504,12:58:00 PM,Wednesday,king/ trinty,Investigation,37,41,E/B,4099
13-Dec-17,501,1:00:00 PM,Wednesday,dufferin to parlament,General Delay,15,20,E/B,4229
13-Dec-17,501,1:04:00 PM,Wednesday,nevillepark,Mechanical,5,10,W/B,4200
13-Dec-17,506,1:45:00 PM,Wednesday,carlton/sherborne,Investigation,67,72,E/B,4125
13-Dec-17,504,2:45:00 PM,Wednesday,dundas west station,Mechanical,4,8,E/B,4149
13-Dec-17,501,3:14:00 PM,Wednesday,russell yard,Mechanical,5,10,W/B,4035
13-Dec-17,501,3:32:00 PM,Wednesday,queen/parlament,Mechanical,5,10,W/B,4204
13-Dec-17,506,3:49:00 PM,Wednesday,Main station,Mechanical,5,10,W/B,4155
13-Dec-17,506,3:50:00 PM,Wednesday,Roncy yard,Mechanical,15,20,E/B,4087
13-Dec-17,503,4:38:00 PM,Wednesday,king/tirnty,Investigation,10,20,W/B,7721
13-Dec-17,506,4:46:00 PM,Wednesday,Main station,Mechanical,5,10,W/B,4117
13-Dec-17,506,5:12:00 PM,Wednesday,highpark loop,Mechanical,5,10,E/B,4029
13-Dec-17,501,5:29:00 PM,Wednesday,queen/borden,Mechanical,5,10,E/B,4229
13-Dec-17,505,5:55:00 PM,Wednesday,dundas west /bloor,Investigation,1,1,W/B,8847
13-Dec-17,506,6:37:00 PM,Wednesday,Main station,Mechanical,8,16,W/B,4068
13-Dec-17,501,6:41:00 PM,Wednesday,queen/sumach,Mechanical,5,10,W/B,4212
13-Dec-17,506,6:42:00 PM,Wednesday,Gerrard and Coxwell,Mechanical,8,16,E/B,4050
13-Dec-17,510,7:05:00 PM,Wednesday,Spadina and Lakeshore,Held By,17,22,N/B,4425
13-Dec-17,506,7:21:00 PM,Wednesday,High Park Loop,Mechanical,8,16,E/B,4051
13-Dec-17,505,7:47:00 PM,Wednesday,Dundas West STN,Mechanical,6,12,E/B,4085
13-Dec-17,506,8:54:00 PM,Wednesday,Broadview and Gerrard,Mechanical,77,87,W/B,4190
13-Dec-17,501,9:05:00 PM,Wednesday,Lakeshore and Royal York,Mechanical,6,12,W/B,1556
13-Dec-17,501,9:24:00 PM,Wednesday,Queen,Mechanical,6,12,W/B,1596
14-Dec-17,501,12:34:00 AM,Thursday,Queen and Lansdowne,Mechanical,9,18,W/B,4242
14-Dec-17,505,1:15:00 AM,Thursday,Broadview/Langley,Investigation,10,20,N/B,4039
14-Dec-17,301,2:50:00 AM,Thursday,Queen and Dufferin loop,Mechanical,8,15,W/B,1201
14-Dec-17,512,4:44:00 AM,Thursday,Leslie Barn,Late Leaving Garage,6,12,W/B,4412
14-Dec-17,511,4:57:00 AM,Thursday,Bathurst Station,Mechanical,6,9,S/B,8356
14-Dec-17,512,5:21:00 AM,Thursday,Russel yard.,Mechanical,4,8,E/B,
14-Dec-17,506,5:22:00 AM,Thursday,Russel yard.,Mechanical,6,12,E/B,
14-Dec-17,512,5:27:00 AM,Thursday,Russel yard.,Mechanical,4,8,E/B,
14-Dec-17,512,5:39:00 AM,Thursday,Leslie Barn,Late Leaving Garage,6,12,W/B,4441
14-Dec-17,512,5:42:00 AM,Thursday,Russel Yard.,Mechanical,4,8,E/B,
14-Dec-17,505,5:42:00 AM,Thursday,Dundas at Broadview,Mechanical,27,31,E/B,
14-Dec-17,504,5:49:00 AM,Thursday,Roncy Yard,Mechanical,4,8,E/B,4104
14-Dec-17,509,5:51:00 AM,Thursday,Leslie Barn,Late Leaving Garage,6,12,W/B,
14-Dec-17,504,5:52:00 AM,Thursday,Roncy Yard,Mechanical,4,8,E/B,4176
14-Dec-17,506,5:53:00 AM,Thursday,Roncy Yard,Mechanical,5,10,E/B,4170
14-Dec-17,514,5:55:00 AM,Thursday,Leslie Barn,Late Leaving Garage,8,16,W/B,
14-Dec-17,514,5:57:00 AM,Thursday,,Late Leaving Garage,8,16,W/B,
14-Dec-17,510,5:59:00 AM,Thursday,Leslie Barn,Late Leaving Garage,5,9,W/B,
14-Dec-17,501,6:03:00 AM,Thursday,russell yard,Mechanical,6,12,E/B,4032
14-Dec-17,501,6:07:00 AM,Thursday,Queen and Dufferin,Mechanical,5,10,E/B,1675
14-Dec-17,506,6:09:00 AM,Thursday,Russel yard,Mechanical,6,12,E/B,
14-Dec-17,506,6:21:00 AM,Thursday,Roncy Yard,Mechanical,5,10,E/B,4191
14-Dec-17,506,6:21:00 AM,Thursday,Russel yard,Mechanical,6,12,E/B,
14-Dec-17,506,6:26:00 AM,Thursday,Russel yard,Mechanical,6,12,E/B,
14-Dec-17,501,6:29:00 AM,Thursday,Lakeshore and legion Road,Mechanical,5,10,W/B,1028
14-Dec-17,501,6:30:00 AM,Thursday,Roncy Yard,Mechanical,6,12,E/B,4143
14-Dec-17,504,6:32:00 AM,Thursday,Roncy Yard,Mechanical,4,8,E/B,4189
14-Dec-17,506,6:35:00 AM,Thursday,Mc Caul and College,Mechanical,6,12,E/B,4086
14-Dec-17,505,6:38:00 AM,Thursday,Dundas West Station,Mechanical,6,11,E/B,
14-Dec-17,506,6:49:00 AM,Thursday,Russel yard,Mechanical,6,12,E/B,
14-Dec-17,501,6:50:00 AM,Thursday,Roncy Yard,Mechanical,6,12,E/B,4103
14-Dec-17,511,6:57:00 AM,Thursday,Bathurst at King,Mechanical,3,6,N/B,1681
14-Dec-17,506,7:11:00 AM,Thursday,Russel yard,Mechanical,6,12,E/B,
14-Dec-17,506,7:15:00 AM,Thursday,Roncy Yard,Mechanical,5,10,E/B,4048
14-Dec-17,510,7:41:00 AM,Thursday,Leslie Barn,Late Leaving Garage,4,9,W/B,4438
14-Dec-17,501,8:01:00 AM,Thursday,Long branch Loop,Mechanical,5,10,E/B,1305
14-Dec-17,501,8:08:00 AM,Thursday,Neville Loop,Mechanical,12,24,W/B,4236
14-Dec-17,505,8:28:00 AM,Thursday,Dundas West Station,Mechanical,5,11,E/B,4117
14-Dec-17,504,8:45:00 AM,Thursday,Broadview & Queen,Mechanical,4,8,E/B,4002
14-Dec-17,504,8:47:00 AM,Thursday,Lakeshores and Kipling,Mechanical,5,10,E/B,8075
14-Dec-17,506,8:59:00 AM,Thursday,Bathurst and College,Mechanical,6,12,E/B,4085
14-Dec-17,501,9:01:00 AM,Thursday,Queen and Gladstone,Mechanical,6,12,W/B,4200
14-Dec-17,504,9:35:00 AM,Thursday,Dundas West Stn,Mechanical,2,4,E/B,4073
14-Dec-17,501,9:46:00 AM,Thursday,Kipling and Lakeshore,Mechanical,5,10,E/B,1036
14-Dec-17,501,9:55:00 AM,Thursday,Queen and Caroline,Mechanical,6,12,E/B,4226
14-Dec-17,509,10:27:00 AM,Thursday,Queens Quay at Dan Leckie Way,Mechanical,6,12,W/B,4414
14-Dec-17,505,11:06:00 AM,Thursday,Broadview & Wolfrey,Mechanical,5,11,N/B,4148
14-Dec-17,504,11:06:00 AM,Thursday,Broadview & Wolfrey,Held By,5,9,N/B,4176
14-Dec-17,502,11:10:00 AM,Thursday,Bingham loop,Mechanical,10,20,E/B,7038
14-Dec-17,501,11:22:00 AM,Thursday,Laheshore and Kipling,Investigation,5,10,E/B,1007
14-Dec-17,512,11:26:00 AM,Thursday,Landsdown and St Clair,Investigation,17,21,E/B,4071
14-Dec-17,506,11:31:00 AM,Thursday,Main stn,Mechanical,6,12,W/B,4153
14-Dec-17,501,11:38:00 AM,Thursday,Marine parade drive,Mechanical,5,10,W/B,8047
14-Dec-17,512,11:39:00 AM,Thursday,Deer pk.,Mechanical,6,12,E/B,4101
14-Dec-17,504,12:30:00 PM,Thursday,504 King Route,General Delay,8,12,B/W,
14-Dec-17,501,1:00:00 PM,Thursday,Queen,Mechanical,5,10,B/W,0
14-Dec-17,501,1:00:00 PM,Thursday,Connaught,Mechanical,5,10,B/W,0
14-Dec-17,506,1:10:00 PM,Thursday,Main stn,Mechanical,6,12,W/B,4051
14-Dec-17,512,1:24:00 PM,Thursday,Russell yard,Late Leaving Garage,3,6,E/B,4079
14-Dec-17,512,1:33:00 PM,Thursday,Russell yard,Late Leaving Garage,3,6,E/B,
14-Dec-17,506,1:36:00 PM,Thursday,Main station,Mechanical,6,12,W/B,4153
14-Dec-17,505,1:38:00 PM,Thursday,Broadview at Dundas,Mechanical,6,13,W/B,4148
14-Dec-17,512,1:44:00 PM,Thursday,Russell yard,Late Leaving Garage,3,6,E/B,4100
14-Dec-17,512,1:51:00 PM,Thursday,Russell yard,Late Leaving Garage,3,6,E/B,
14-Dec-17,504,1:55:00 PM,Thursday,Dundas West stn,Mechanical,4,8,E/B,4179
14-Dec-17,501,2:15:00 PM,Thursday,Queen,Mechanical,5,5,E/B,0
14-Dec-17,501,2:47:00 PM,Thursday,Agusta,Investigation,10,15,E/B,4204
14-Dec-17,50,2:48:00 PM,Thursday,Roncesvalles/Queen,Late Leaving Garage,2,5,W/B,
14-Dec-17,501,2:58:00 PM,Thursday,Jarvis,General Delay,18,23,E/B,4126
14-Dec-17,504,3:11:00 PM,Thursday,Roncesvalles/Queen,Late Leaving Garage,5,9,W/B,
14-Dec-17,512,3:14:00 PM,Thursday,Gunns Loop,Mechanical,3,6,E/B,4101
14-Dec-17,506,3:23:00 PM,Thursday,Gerrard and Sackville,Mechanical,6,12,E/B,4051
14-Dec-17,504,3:26:00 PM,Thursday,Roncesvalles/Queen,Late Leaving Garage,4,8,W/B,
14-Dec-17,506,4:02:00 PM,Thursday,Coxwell and Gerrard,Mechanical,6,12,E/B,4140
14-Dec-17,505,4:16:00 PM,Thursday,Broadview/Withrow,Mechanical,6,12,E/B,4050
14-Dec-17,501,4:18:00 PM,Thursday,River,Emergency Services,50,55,B/W,4152
14-Dec-17,505,4:28:00 PM,Thursday,Roncy Yard,Mechanical,6,12,E/B,
14-Dec-17,501,4:40:00 PM,Thursday,Connaught,Mechanical,5,10,B/W,0
14-Dec-17,505,5:21:00 PM,Thursday,Broadview Station,Mechanical,6,12,S/B,4085
14-Dec-17,504,5:42:00 PM,Thursday,Dundas w stn,Utilized Off Route,5,9,E/B,4133
14-Dec-17,511,5:58:00 PM,Thursday,King and bathurst,Mechanical,5,10,S/B,1002
14-Dec-17,511,6:04:00 PM,Thursday,King and Bathurst,Investigation,43,47,N/B,8305
14-Dec-17,505,6:28:00 PM,Thursday,Russell Yard,Mechanical,6,12,W/B,
14-Dec-17,505,6:41:00 PM,Thursday,Russell Yard,Mechanical,6,12,W/B,
14-Dec-17,506,7:05:00 PM,Thursday,Coxwell and Gerrard,Investigation,8,16,E/B,4160
14-Dec-17,504,7:18:00 PM,Thursday,Queen/King,Investigation,3,5,W/B,4111
14-Dec-17,501,7:20:00 PM,Thursday,Neville Park,Mechanical,5,10,W/B,4106
14-Dec-17,512,7:30:00 PM,Thursday,St Clair and Christie,Held By,10,13,B/W,4144
14-Dec-17,504,8:20:00 PM,Thursday,King/Spadina,Held By,10,15,W/B,4073
14-Dec-17,501,9:41:00 PM,Thursday,Queen and Neville Park,Mechanical,6,11,E/B,4246
14-Dec-17,504,11:16:00 PM,Thursday,King/Bathurst,Mechanical,8,15,E/B,4403
14-Dec-17,514,11:20:00 PM,Thursday,Dufferin Loop,Mechanical,15,30,S/B,4444
14-Dec-17,504,11:39:00 PM,Thursday,Dundas West Station.,Emergency Services,7,14,N/B,4065
14-Dec-17,504,11:43:00 PM,Thursday,Wolseley Loop,Emergency Services,7,14,N/B,4195
15-Dec-17,512,12:30:00 AM,Friday,Gunns Loop,Mechanical,7,14,E/B,4144
15-Dec-17,504,12:59:00 AM,Friday,King/Bathurst,General Delay,6,13,E/B,4181
15-Dec-17,301,1:52:00 AM,Friday,Queen and Jones,Held By,52,61,B/W,4251
15-Dec-17,301,1:58:00 AM,Friday,Queen and Jones,Diversion,9,160,B/W,4121
15-Dec-17,512,5:21:00 AM,Friday,Russel yard,Mechanical,4,8,W/B,
15-Dec-17,512,5:23:00 AM,Friday,Harbord and Bathurst.,Mechanical,4,8,N/B,4413
15-Dec-17,512,5:27:00 AM,Friday,Russel yard,Mechanical,4,8,W/B,
15-Dec-17,512,5:31:00 AM,Friday,Russel yard,Mechanical,4,8,W/B,
15-Dec-17,512,5:31:00 AM,Friday,Russel yard,Mechanical,4,8,W/B,
15-Dec-17,505,5:36:00 AM,Friday,Dundas at Broadview,Mechanical,8,15,E/B,
15-Dec-17,505,5:37:00 AM,Friday,Roncy Yard,Mechanical,5,10,E/B,4145
15-Dec-17,505,5:40:00 AM,Friday,russell yard,Mechanical,6,12,W/B,4185
15-Dec-17,512,5:42:00 AM,Friday,Russel yard.,Mechanical,4,8,W/B,
15-Dec-17,504,6:05:00 AM,Friday,Dundas West Stn,Investigation,5,10,E/B,4003
15-Dec-17,506,6:21:00 AM,Friday,Russel yard,Mechanical,6,12,W/B,
15-Dec-17,505,6:23:00 AM,Friday,russell yard,Mechanical,6,12,W/B,4191
15-Dec-17,506,6:26:00 AM,Friday,Roncy Yard,Mechanical,5,10,E/B,4125
15-Dec-17,506,6:29:00 AM,Friday,St. Mathews and Gerrard,Mechanical,17,23,W/B,4184
15-Dec-17,501,6:30:00 AM,Friday,Roncy Yard,Mechanical,6,12,E/B,4178
15-Dec-17,506,6:36:00 AM,Friday,Roncy Yard,Mechanical,5,10,E/B,4132
15-Dec-17,506,6:45:00 AM,Friday,Russell yard.,Mechanical,6,12,W/B,
15-Dec-17,501,7:05:00 AM,Friday,Russell Yard,Mechanical,6,12,E/B,4126
15-Dec-17,506,7:11:00 AM,Friday,Russel yard.,Mechanical,6,12,W/B,
15-Dec-17,506,7:13:00 AM,Friday,Bathurst  and College,Mechanical,6,12,W/B,4085
15-Dec-17,510,7:30:00 AM,Friday,Spadina and King,Late Leaving Garage,4,8,N/B,4446
15-Dec-17,505,7:44:00 AM,Friday,Dundas at Sherbourne,Investigation,3,6,W/B,8882
15-Dec-17,512,8:32:00 AM,Friday,Robina and St Clair,Mechanical,4,8,W/B,4117
15-Dec-17,504,9:05:00 AM,Friday,King & Queen/Queensway,Investigation,4,8,W/B,4197
15-Dec-17,501,9:49:00 AM,Friday,Queen and Carroll,Mechanical,6,12,W/B,4204
15-Dec-17,512,10:12:00 AM,Friday,St. Clair and Robina,Mechanical,4,8,W/B,4157
15-Dec-17,501,11:32:00 AM,Friday,Queen and Church st,Held By,5,11,W/B,4089
15-Dec-17,504,12:16:00 PM,Friday,Broadview & Queen,Investigation,4,8,W/B,4051
15-Dec-17,501,12:22:00 PM,Friday,Queen and Bay,Investigation,10,16,W/B,4246
15-Dec-17,501,12:35:00 PM,Friday,Kingston road and Queen,Mechanical,6,12,W/B,4074
15-Dec-17,505,12:41:00 PM,Friday,Broadview Station,Held By,14,20,W/B,4147
15-Dec-17,502,1:28:00 PM,Friday,Kingston rd and Scarborough rd,Mechanical,10,20,W/B,7754
15-Dec-17,512,1:33:00 PM,Friday,Russell Equipment,Mechanical,4,8,2,
15-Dec-17,512,1:51:00 PM,Friday,Russell Equipment,Mechanical,4,8,E/B,
15-Dec-17,501,2:27:00 PM,Friday,LongBranch Loop,Mechanical,6,12,E/B,8021
15-Dec-17,501,2:28:00 PM,Friday,Russell yard,Late Leaving Garage,6,12,W/B,
15-Dec-17,505,2:29:00 PM,Friday,Russell Yard,Mechanical,6,12,W/B,
15-Dec-17,504,2:38:00 PM,Friday,King and Jarvis,Investigation,28,33,W/B,4123
15-Dec-17,514,2:38:00 PM,Friday,King and Jarvis,Held By,28,36,W/B,4419
15-Dec-17,504,3:09:00 PM,Friday,Roncesvalles/Queen,Late Leaving Garage,5,9,W/B,4187
15-Dec-17,501,3:10:00 PM,Friday,Russell yard,Late Leaving Garage,6,12,W/B,
15-Dec-17,501,3:12:00 PM,Friday,Russell yard,Late Leaving Garage,6,12,E/B,
15-Dec-17,504,3:26:00 PM,Friday,Roncesvalles/Queen,Late Leaving Garage,4,8,W/B,
15-Dec-17,502,3:39:00 PM,Friday,Queen and Bay,Investigation,10,20,E/B,8152
15-Dec-17,503,3:45:00 PM,Friday,Church-York,Emergency Services,0,48,W/B,7746
15-Dec-17,504,3:46:00 PM,Friday,King and Niagara,Mechanical,4,8,W/B,4021
15-Dec-17,510,3:56:00 PM,Friday,Spadina Station,Investigation,27,31,S/B,4444
15-Dec-17,506,4:00:00 PM,Friday,High park to Main Station,General Delay,12,30,B/W,
15-Dec-17,504,4:48:00 PM,Friday,Roncesvalles/Queen,Late Leaving Garage,2,5,W/B,4176
15-Dec-17,501,5:41:00 PM,Friday,Queen and York,General Delay,15,25,B/W,4225
15-Dec-17,506,6:11:00 PM,Friday,Upper Gerrard and Main St.,Mechanical,9,15,E/B,4125
15-Dec-17,504,8:31:00 PM,Friday,King/Yonge,Emergency Services,4,9,E/B,4406
15-Dec-17,501,9:24:00 PM,Friday,Palmerston and Queen,Mechanical,5,10,W/B,4148
15-Dec-17,501,10:55:00 PM,Friday,Longbranch loop,Held By,6,12,W/B,1594
16-Dec-17,306,1:39:00 AM,Saturday,Carlton/Church,Mechanical,9,17,W/B,4077
16-Dec-17,505,5:28:00 AM,Saturday,Russell yard,Mechanical,10,20,W/B,4037
16-Dec-17,506,5:45:00 AM,Saturday,Roncesvalles Yard,Mechanical,8,15,W/B,4149
16-Dec-17,506,5:54:00 AM,Saturday,Russell Yard,Late Leaving Garage,8,15,N/B,4191
16-Dec-17,511,5:56:00 AM,Saturday,CNE LOOP,Mechanical,7,14,N/B,1530
16-Dec-17,506,6:14:00 AM,Saturday,Roncesvalles,Mechanical,9,18,E/B,4068
16-Dec-17,505,6:15:00 AM,Saturday,Broadview Station,Mechanical,11,22,E/B,4001
16-Dec-17,506,6:50:00 AM,Saturday,Main Station,Mechanical,0,0,E/B,4089
16-Dec-17,506,7:53:00 AM,Saturday,Roncesvalles,Mechanical,7,11,E/B,4105
16-Dec-17,506,8:08:00 AM,Saturday,Dundas and Roncesvalles,Investigation,6,12,W/B,4184
16-Dec-17,501,8:17:00 AM,Saturday,Louisa Ave,Mechanical,7,14,W/B,1558
16-Dec-17,510,9:37:00 AM,Saturday,Queens Quay,Mechanical,4,8,N/B,4454
16-Dec-17,501,10:00:00 AM,Saturday,Russell Yard,Late Leaving Garage,6,12,W/B,4222
16-Dec-17,501,10:14:00 AM,Saturday,Roncesvalles,Mechanical,6,12,E/B,4238
16-Dec-17,512,10:50:00 AM,Saturday,Lansdown Loop,Mechanical,5,10,E/B,4416
16-Dec-17,505,12:30:00 PM,Saturday,Broadview and Dundas,Mechanical,5,10,W/B,0
16-Dec-17,505,1:31:00 PM,Saturday,Parliament,Mechanical,5,10,W/B,505
16-Dec-17,506,2:00:00 PM,Saturday,,Held By,6,12,E/B,4161
16-Dec-17,505,2:05:00 PM,Saturday,Howard Park Ave,Held By,15,22,W/B,4066
16-Dec-17,505,2:26:00 PM,Saturday,DWS,Mechanical,5,10,E/B,4171
16-Dec-17,506,2:56:00 PM,Saturday,Howard Park and Roncesvalles,Mechanical,6,12,E/B,4199
16-Dec-17,505,3:50:00 PM,Saturday,bay north of dundas,Emergency Services,5,10,W/B,4171
16-Dec-17,511,5:40:00 PM,Saturday,CNE loop,Mechanical,4,8,N/B,1008
16-Dec-17,501,7:09:00 PM,Saturday,Lakeshore and 40th,Emergency Services,5,10,W/B,7951
16-Dec-17,501,7:15:00 PM,Saturday,Roncesvalles Yard,Mechanical,5,10,W/B,4237
16-Dec-17,504,7:41:00 PM,Saturday,King/Bay,General Delay,11,17,W/B,4135
16-Dec-17,504,7:43:00 PM,Saturday,Roncesvalles/Dundas,Held By,9,16,S/B,4197
16-Dec-17,501,7:45:00 PM,Saturday,Queen and Roncesvalles,Mechanical,5,10,W/B,4229
16-Dec-17,501,7:51:00 PM,Saturday,Queen and Gwyanne Ave,Investigation,40,45,E/B,4246
16-Dec-17,501,8:57:00 PM,Saturday,Queen and Connaught,Mechanical,6,12,E/B,4228
16-Dec-17,504,9:00:00 PM,Saturday,King/Yonge,General Delay,12,17,E/B,4034
16-Dec-17,511,9:44:00 PM,Saturday,front/bathurst,Investigation,6,12,S/B,1024
16-Dec-17,501,11:06:00 PM,Saturday,Queen and York,Investigation,15,22,W/B,4147
16-Dec-17,509,11:17:00 PM,Saturday,queens quay/danleckie way,Investigation,9,16,W/B,4417
17-Dec-17,504,7:35:00 AM,Sunday,Roncesvalles / Queen,Mechanical,8,16,W/B,4423
17-Dec-17,512,11:20:00 AM,Sunday,St Clair W Station,Investigation,7,13,wb,4429
17-Dec-17,505,11:29:00 AM,Sunday,DWS,Mechanical,31,37,E/B,4148
17-Dec-17,501,12:04:00 PM,Sunday,Long Branch Loop,Mechanical,6,12,E/B,1394
17-Dec-17,504,12:30:00 PM,Sunday,504 King Route,General Delay,6,14,B/W,
17-Dec-17,506,2:50:00 PM,Sunday,University and College,Held By,169,176,E/B,4191
17-Dec-17,505,3:32:00 PM,Sunday,Howard Pk Ave,Mechanical,6,12,W/B,4043
17-Dec-17,501,5:02:00 PM,Sunday,Queen and Greenwood,Diversion,4,8,E/B,4022
17-Dec-17,501,5:32:00 PM,Sunday,Longbranch Loop,Held By,4,8,W/B,1605
17-Dec-17,505,6:45:00 PM,Sunday,Dundas west of Shaw,Investigation,97,103,W/B,4106
17-Dec-17,510,8:32:00 PM,Sunday,Spadina STN,Mechanical,3,6,S/B,4448
17-Dec-17,501,8:49:00 PM,Sunday,Queen and Gladstone,Investigation,9,18,E/B,4202
17-Dec-17,505,9:15:00 PM,Sunday,Dundas and Markham,Held By,17,25,E/B,4085
17-Dec-17,505,9:29:00 PM,Sunday,Dundas and Lansdown,Emergency Services,10,20,W/B,4160
17-Dec-17,506,10:24:00 PM,Sunday,College and Ossington,Held By,19,29,B/W,4131
18-Dec-17,501,12:06:00 AM,Monday,Queen and Dufferin,Mechanical,7,15,E/B,1045
18-Dec-17,501,12:59:00 AM,Monday,Queen and Lee ave.,Emergency Services,11,21,W/B,4216
18-Dec-17,504,1:26:00 AM,Monday,Roncesvillies and Fern,Held By,12,22,S/B,4127
18-Dec-17,504,1:56:00 AM,Monday,Howard Park and Roncesvallies,Held By,39,44,N/B,4045
18-Dec-17,512,5:21:00 AM,Monday,Russell,Late Leaving Garage,4,8,E/B,
18-Dec-17,505,5:25:00 AM,Monday,Broadview Stn,Mechanical,7,14,B/W,0
18-Dec-17,512,5:27:00 AM,Monday,Russell,Late Leaving Garage,4,8,E/B,
18-Dec-17,512,5:31:00 AM,Monday,Russell,Late Leaving Garage,4,8,E/B,
18-Dec-17,505,5:31:00 AM,Monday,Broadview Stn,Mechanical,7,14,B/W,1059
18-Dec-17,505,5:37:00 AM,Monday,Broadview Stn,Mechanical,7,14,B/W,0
18-Dec-17,505,5:42:00 AM,Monday,Bathurst Stn,Mechanical,7,14,B/W,0
18-Dec-17,506,6:09:00 AM,Monday,Roncessvalles,Late Leaving Garage,6,12,E/B,
18-Dec-17,505,6:11:00 AM,Monday,DWS,Mechanical,7,14,E/B,4141
18-Dec-17,506,6:21:00 AM,Monday,Russell,Late Leaving Garage,6,12,E/B,
18-Dec-17,506,6:26:00 AM,Monday,Roncy Yard,Mechanical,5,10,E/B,4075
18-Dec-17,504,6:30:00 AM,Monday,Portland and King,Investigation,4,8,W/B,4198
18-Dec-17,505,6:31:00 AM,Monday,Dundas & Bathurst,Held By,29,35,E/B,4082
18-Dec-17,501,6:34:00 AM,Monday,Russell yard,Mechanical,6,12,B/W,0
18-Dec-17,514,6:57:00 AM,Monday,King and Pariliament,Late Leaving Garage,8,16,W/B,4431
18-Dec-17,510,7:00:00 AM,Monday,King and Spadina,Late Leaving Garage,4,8,N/B,4420
18-Dec-17,501,7:02:00 AM,Monday,Russell Yard,Mechanical,6,12,B/W,0
18-Dec-17,506,7:06:00 AM,Monday,Roncy Yard,Mechanical,5,10,E/B,4127
18-Dec-17,510,7:06:00 AM,Monday,King and Spadina,Late Leaving Garage,4,8,N/B,4411
18-Dec-17,506,7:11:00 AM,Monday,Russell,Late Leaving Garage,6,12,E/B,
18-Dec-17,510,7:12:00 AM,Monday,King and Spadina,Late Leaving Garage,4,8,N/B,4426
18-Dec-17,512,7:18:00 AM,Monday,St Clair & Christie,Mechanical,8,13,W/B,4412
18-Dec-17,505,7:40:00 AM,Monday,DWS,Mechanical,7,14,B/W,0
18-Dec-17,510,7:55:00 AM,Monday,King and Spadina,Late Leaving Garage,4,8,N/B,4402
18-Dec-17,501,8:16:00 AM,Monday,Yonge to Bathurst along Queen st,General Delay,7,13,W/B,4131
18-Dec-17,505,8:46:00 AM,Monday,Dundas West Stn,Mechanical,6,12,E/B,4155
18-Dec-17,506,10:16:00 AM,Monday,College and Dundas,Investigation,10,16,E/B,4096
18-Dec-17,501,11:13:00 AM,Monday,Queen and Tecumseth,Held By,5,11,B/W,4144
18-Dec-17,502,12:10:00 PM,Monday,Queen and Victoria,Investigation,8,16,E/B,7717
18-Dec-17,504,12:12:00 PM,Monday,Dundas West Stn,Mechanical,4,8,E/B,4139
18-Dec-17,501,1:07:00 PM,Monday,Roncesvalles Yard,Mechanical,6,12,E/B,4148
18-Dec-17,512,1:24:00 PM,Monday,Russell Equipment,Mechanical,4,8,E/B,
18-Dec-17,512,1:33:00 PM,Monday,Russell Equipment,Mechanical,4,8,E/B,
18-Dec-17,512,1:44:00 PM,Monday,Russell Equipment,Mechanical,4,8,E/B,
18-Dec-17,512,1:51:00 PM,Monday,Russell Equipment,Mechanical,4,8,E/B,
18-Dec-17,501,3:00:00 PM,Monday,Neville Loop,Utilized Off Route,6,12,W/B,4133
18-Dec-17,501,3:00:00 PM,Monday,Parklawn and Queen,Mechanical,6,12,E/B,8402
18-Dec-17,501,3:10:00 PM,Monday,Russell Division,Utilized Off Route,6,12,W/B,
18-Dec-17,501,3:11:00 PM,Monday,Queen and Gladstone,Mechanical,6,12,W/B,4126
18-Dec-17,501,3:15:00 PM,Monday,Russell Yard,Late Leaving Garage,6,12,E/B,
18-Dec-17,501,3:17:00 PM,Monday,Roncesvalles Yard,Mechanical,6,12,E/B,4215
18-Dec-17,504,3:33:00 PM,Monday,Roncesvalles Yard,Mechanical,4,8,N/B,4135
18-Dec-17,506,3:46:00 PM,Monday,Roncesvalles & Howard Park,Late Leaving Garage,5,10,E/B,
18-Dec-17,501,4:00:00 PM,Monday,Queen St - Route,General Delay,12,18,B/W,
18-Dec-17,506,5:22:00 PM,Monday,Roncesvalless,Late Leaving Garage,6,12,E/B,
18-Dec-17,504,9:28:00 PM,Monday,Broadview station,Mechanical,5,10,S/B,4139
18-Dec-17,512,10:23:00 PM,Monday,St. Clair and Caledonia,Investigation,26,34,E/B,4453
18-Dec-17,501,10:41:00 PM,Monday,Queena and Dufferin,Utilized Off Route,7,15,W/B,8056
18-Dec-17,506,10:58:00 PM,Monday,Gerrard and Parliament,Investigation,20,28,E/B,4089
19-Dec-17,511,1:13:00 AM,Tuesday,Bathurst and Dundas,Investigation,10,23,N/B,1050
19-Dec-17,301,2:10:00 AM,Tuesday,Queen and Dufferin,Utilized Off Route,9,18,W/B,1249
19-Dec-17,301,2:30:00 AM,Tuesday,Queen and Dufferin,Utilized Off Route,9,18,W/B,1647
19-Dec-17,501,5:02:00 AM,Tuesday,Coxwell to Neville park loop,Diversion,18,27,E/B,4202
19-Dec-17,504,5:06:00 AM,Tuesday,Roncy Yard,Mechanical,4,8,W/B,4024
19-Dec-17,510,5:15:00 AM,Tuesday,Spadina Station,Diversion,25,1,N/B,4448
19-Dec-17,504,5:16:00 AM,Tuesday,Broadview Station,Diversion,16,0,S/B,4429
19-Dec-17,505,5:17:00 AM,Tuesday,Roncy Yard,Mechanical,8,16,W/B,4153
19-Dec-17,512,5:21:00 AM,Tuesday,Russel div.,Mechanical,4,8,E/B,
19-Dec-17,512,5:27:00 AM,Tuesday,Russel yard.,Mechanical,4,8,E/B,
19-Dec-17,512,5:31:00 AM,Tuesday,Russel yard,Mechanical,4,8,E/B,
19-Dec-17,505,5:33:00 AM,Tuesday,Roncy Yard,Mechanical,8,16,W/B,4022
19-Dec-17,506,5:35:00 AM,Tuesday,Roncy Yard,Mechanical,5,10,E/B,4089
19-Dec-17,505,5:36:00 AM,Tuesday,Broadview at Dundas,Mechanical,8,15,W/B,
19-Dec-17,505,5:42:00 AM,Tuesday,Broadview at Dundas,Mechanical,15,21,E/B,
19-Dec-17,512,5:42:00 AM,Tuesday,Russel div.,Mechanical,4,8,E/B,
19-Dec-17,505,5:48:00 AM,Tuesday,Broadview at Dundas,Mechanical,21,27,E/B,
19-Dec-17,509,5:48:00 AM,Tuesday,Exhibition Loop,Diversion,6,1,E/B,4430
19-Dec-17,505,5:53:00 AM,Tuesday,Dundas at Broadview,Mechanical,27,33,E/B,
19-Dec-17,501,6:08:00 AM,Tuesday,Queen and Coxwell,Emergency Services,21,27,B/W,4096
19-Dec-17,505,6:09:00 AM,Tuesday,Roncy Yard,Mechanical,6,12,W/B,4153
19-Dec-17,506,6:21:00 AM,Tuesday,Russell yard,Mechanical,6,12,E/B,
19-Dec-17,504,6:32:00 AM,Tuesday,Roncy Yard,Mechanical,4,8,W/B,4073
19-Dec-17,501,6:34:00 AM,Tuesday,Russell yard,Mechanical,6,12,B/W,0
19-Dec-17,506,6:36:00 AM,Tuesday,Roncy Yard,Mechanical,5,10,E/B,4143
19-Dec-17,506,6:37:00 AM,Tuesday,Sorauren and Dundas,Investigation,14,20,E/B,4144
19-Dec-17,505,6:38:00 AM,Tuesday,Dundas West Station,Mechanical,6,11,E/B,
19-Dec-17,512,6:54:00 AM,Tuesday,St Clair west stn. Entering,Mechanical,37,41,E/B,4190
19-Dec-17,501,7:02:00 AM,Tuesday,Russell Yard,Mechanical,6,12,B/W,0
19-Dec-17,505,7:04:00 AM,Tuesday,Dundas at River,Held By,13,19,W/B,4121
19-Dec-17,506,7:11:00 AM,Tuesday,Russell Yard.,Mechanical,6,12,E/B,
19-Dec-17,506,7:18:00 AM,Tuesday,Main Stn.,Mechanical,6,12,W/B,4152
19-Dec-17,501,7:20:00 AM,Tuesday,Roncesvalles yard,Mechanical,6,12,B/W,0
19-Dec-17,504,7:22:00 AM,Tuesday,Roncy Yard,Mechanical,4,8,W/B,4185
19-Dec-17,501,7:48:00 AM,Tuesday,Queen and Kingston rd,Investigation,6,12,W/B,4184
19-Dec-17,501,8:53:00 AM,Tuesday,Queen and Jones,Investigation,6,12,W/B,8797
19-Dec-17,501,9:09:00 AM,Tuesday,Queen and Connaught,Emergency Services,6,12,E/B,4202
19-Dec-17,505,9:32:00 AM,Tuesday,Broadview Station,Mechanical,27,33,W/B,7637
19-Dec-17,506,9:34:00 AM,Tuesday,Huron and College,Investigation,60,69,W/B,4149
19-Dec-17,502,10:10:00 AM,Tuesday,Kingston rd and Main,Mechanical,8,16,W/B,8168
19-Dec-17,501,11:06:00 AM,Tuesday,Bingham loop,Mechanical,8,16,W/B,8114
19-Dec-17,501,11:49:00 AM,Tuesday,Spadina to Yonge st,General Delay,14,20,E/B,4229
19-Dec-17,504,12:01:00 PM,Tuesday,King & Berkeley,Held By,9,13,W/B,4420
19-Dec-17,514,12:01:00 PM,Tuesday,King & Berkeley,Held By,7,22,W/B,4407
19-Dec-17,512,1:23:00 PM,Tuesday,Vaughn and St Clair,Mechanical,4,8,E/B,4410
19-Dec-17,502,1:35:00 PM,Tuesday,Bingham Loop,Mechanical,10,20,W/B,8107
19-Dec-17,512,2:12:00 PM,Tuesday,St Clair west station,Investigation,6,9,E/B,4446
19-Dec-17,501,2:28:00 PM,Tuesday,Russell Yard,Late Leaving Garage,6,12,W/B,
19-Dec-17,506,2:59:00 PM,Tuesday,Dundas and College,Mechanical,5,10,E/B,4050
19-Dec-17,501,3:12:00 PM,Tuesday,Russell Yard,Late Leaving Garage,6,12,W/B,
19-Dec-17,506,3:19:00 PM,Tuesday,College and Major,Investigation,24,30,W/B,4192
19-Dec-17,506,3:30:00 PM,Tuesday,Upper Gerrard and GlenMount,Investigation,36,41,E/B,4178
19-Dec-17,501,4:25:00 PM,Tuesday,Roncesvalles Division,Mechanical,6,12,W/B,4213
19-Dec-17,506,4:41:00 PM,Tuesday,Upper Gerrard and Woodbine,Held By,14,20,E/B,4003
19-Dec-17,506,5:56:00 PM,Tuesday,College and Spadina,Mechanical,5,10,E/B,4167
19-Dec-17,504,7:28:00 PM,Tuesday,Jameson and King,Investigation,32,36,E/B,4093
19-Dec-17,501,7:30:00 PM,Tuesday,Roncesvalles,Mechanical,6,12,E/B,4216
19-Dec-17,501,8:13:00 PM,Tuesday,Roncesvalles Division,Mechanical,6,12,E/B,4228
19-Dec-17,501,8:46:00 PM,Tuesday,Lakeshore and Longbranch Loop,Mechanical,6,12,E/B,1412
19-Dec-17,504,10:58:00 PM,Tuesday,Roncesvalles/Queen,Mechanical,7,14,W/B,4139
20-Dec-17,501,12:36:00 AM,Wednesday,Queen and Church,Held By,57,66,B/W,4068
20-Dec-17,501,12:59:00 AM,Wednesday,Queen and Dufferin,Utilized Off Route,9,18,W/B,1384
20-Dec-17,506,1:35:00 AM,Wednesday,Gerrard/Woodfield,Investigation,8,17,E/B,4192
20-Dec-17,504,1:43:00 AM,Wednesday,King/Jarvis,Emergency Services,7,14,W/B,4140
20-Dec-17,504,5:06:00 AM,Wednesday,Roncesvalles Yard,Mechanical,6,12,W/B,4077
20-Dec-17,506,5:07:00 AM,Wednesday,Roncesvalles Yard,Mechanical,5,10,E/B,4148
20-Dec-17,506,5:22:00 AM,Wednesday,Russell yard.,Mechanical,6,12,E/B,
20-Dec-17,512,5:27:00 AM,Wednesday,Russell yard,Mechanical,4,8,E/B,
20-Dec-17,512,5:31:00 AM,Wednesday,Russell yard,Mechanical,4,8,E/B,
20-Dec-17,505,5:42:00 AM,Wednesday,Broadview at Dundas,Mechanical,6,11,E/B,
20-Dec-17,506,5:53:00 AM,Wednesday,Roncesvalles Yard,Mechanical,5,10,E/B,4050
20-Dec-17,504,6:02:00 AM,Wednesday,Roncesvalles Yard,Mechanical,6,12,W/B,4193
20-Dec-17,505,6:09:00 AM,Wednesday,Dundas West Station,Mechanical,4,10,E/B,
20-Dec-17,506,6:09:00 AM,Wednesday,Russell yard.,Mechanical,6,12,E/B,
20-Dec-17,506,6:21:00 AM,Wednesday,Russell yard,Mechanical,6,12,E/B,
20-Dec-17,505,6:38:00 AM,Wednesday,Dundas West station,Mechanical,6,11,E/B,
20-Dec-17,510,6:39:00 AM,Wednesday,King and Spadina,Late Leaving Garage,4,8,N/B,4411
20-Dec-17,514,6:40:00 AM,Wednesday,King and Parliament,Late Leaving Garage,8,16,W/B,4430
20-Dec-17,514,6:49:00 AM,Wednesday,King and Parliament,Late Leaving Garage,8,16,W/B,4429
20-Dec-17,510,6:59:00 AM,Wednesday,King and Spadina,Late Leaving Garage,4,8,N/B,4412
20-Dec-17,501,7:05:00 AM,Wednesday,Roncesvalles Yard,Mechanical,6,12,B/W,0
20-Dec-17,506,7:06:00 AM,Wednesday,Roncesvalles Yard,Mechanical,5,10,E/B,4177
20-Dec-17,506,7:11:00 AM,Wednesday,Russell yard.,Mechanical,6,12,E/B,
20-Dec-17,501,7:20:00 AM,Wednesday,Roncesvalles Yard,Mechanical,6,12,B/W,0
20-Dec-17,504,7:24:00 AM,Wednesday,Broadview and Queen,Mechanical,3,6,E/B,4012
20-Dec-17,506,8:34:00 AM,Wednesday,Golfview and Gerrard,Investigation,22,28,E/B,4074
20-Dec-17,512,9:00:00 AM,Wednesday,Russell yard,Mechanical,4,8,E/B,
20-Dec-17,510,9:10:00 AM,Wednesday,Spadina at King,Mechanical,4,7,N/B,
20-Dec-17,510,9:12:00 AM,Wednesday,Spadina at King,Mechanical,7,12,N/B,
20-Dec-17,511,10:08:00 AM,Wednesday,Bathurst at College,Investigation,5,9,N/B,1390
20-Dec-17,501,10:15:00 AM,Wednesday,Queen and Roncesvalles,Mechanical,6,12,W/B,8015
20-Dec-17,511,10:24:00 AM,Wednesday,Bathurst Station,Mechanical,4,8,S/B,8213
20-Dec-17,505,10:43:00 AM,Wednesday,Dundas at Yonge,Held By,5,11,W/B,4096
20-Dec-17,509,10:58:00 AM,Wednesday,Queens Quay at Spadina,Mechanical,7,14,W/B,4440
20-Dec-17,511,11:07:00 AM,Wednesday,Bathurst at College,Investigation,4,8,S/B,8355
20-Dec-17,514,11:20:00 AM,Wednesday,King St at Church,Utilized Off Route,36,43,W/B,4439
20-Dec-17,504,11:20:00 AM,Wednesday,King St E at Church St,Mechanical,39,43,W/B,4195
20-Dec-17,506,11:44:00 AM,Wednesday,Ossington and College,Held By,243,249,B/W,4177
20-Dec-17,501,1:29:00 PM,Wednesday,Russell yard,Mechanical,6,12,EB,
20-Dec-17,512,2:14:00 PM,Wednesday,St Clair and Christie,Investigation,47,50,W/B,4415
20-Dec-17,506,2:29:00 PM,Wednesday,Dundas and Manning,Investigation,17,22,W/B,4153
20-Dec-17,505,2:30:00 PM,Wednesday,Dundas and Manning,Held By,13,19,W/B,4126
20-Dec-17,506,2:35:00 PM,Wednesday,Broadview and Gerrard,Investigation,5,10,W/B,4004
20-Dec-17,505,3:09:00 PM,Wednesday,Lansdown/Dundas loop,Held By,6,12,W/B,4184
20-Dec-17,510,3:26:00 PM,Wednesday,Spadina and College,Mechanical,5,8,S/B,4452
20-Dec-17,505,4:12:00 PM,Wednesday,Dundas West STN,Mechanical,12,18,E/B,4132
20-Dec-17,501,4:29:00 PM,Wednesday,Roncesvalles and Queen,Mechanical,6,12,E/B,4051
20-Dec-17,501,4:32:00 PM,Wednesday,Glendale and Queensway,Investigation,6,12,W/B,1616
20-Dec-17,501,4:57:00 PM,Wednesday,Queen and John,Mechanical,6,12,E/B,4048
20-Dec-17,501,4:57:00 PM,Wednesday,Queen and John,Mechanical,6,12,E/B,4048
20-Dec-17,501,5:05:00 PM,Wednesday,Broadview and Queen,General Delay,6,12,W/B,4108
20-Dec-17,510,5:12:00 PM,Wednesday,Charlotte Loop,Investigation,4,8,N/B,4412
20-Dec-17,506,5:12:00 PM,Wednesday,Dundas and College,Mechanical,5,10,E/B,4004
20-Dec-17,504,8:30:00 PM,Wednesday,King/Bathurst,General Delay,13,18,E/B,4012
20-Dec-17,511,8:50:00 PM,Wednesday,Bathurst STN,Mechanical,5,10,S/B,8349
20-Dec-17,512,11:35:00 PM,Wednesday,St Clair and Lansdowne,Mechanical,6,12,E/B,4199
21-Dec-17,505,12:10:00 AM,Thursday,broadview/dundas,Mechanical,10,20,W/B,4148
21-Dec-17,512,12:36:00 AM,Thursday,Lansdowne Loop,Utilized Off Route,6,12,E/B,4082
21-Dec-17,506,5:22:00 AM,Thursday,Roncesvalles Yard,Mechanical,6,12,E/B,
21-Dec-17,501,5:45:00 AM,Thursday,Mnt Dennis,Mechanical,6,12,W/B,1535
21-Dec-17,511,6:02:00 AM,Thursday,Bathurst Station,Mechanical,6,12,S/B,1543
21-Dec-17,506,6:09:00 AM,Thursday,Roncesvalles,Mechanical,6,12,E/B,
21-Dec-17,504,6:32:00 AM,Thursday,Roncy Yard,Mechanical,4,8,W/B,4104
21-Dec-17,506,6:36:00 AM,Thursday,Roncy Yard,Mechanical,5,10,E/B,4067
21-Dec-17,505,6:38:00 AM,Thursday,Dundas West station,Mechanical,6,11,E/B,
21-Dec-17,504,6:40:00 AM,Thursday,Roncy Yard,Mechanical,4,8,W/B,4024
21-Dec-17,506,6:53:00 AM,Thursday,Yonge and College,Mechanical,6,12,E/B,4167
21-Dec-17,501,7:20:00 AM,Thursday,Roncesvalles Yard,Mechanical,6,12,B/W,0
21-Dec-17,502,7:29:00 AM,Thursday,Queen and Unniversity,Mechanical,8,16,E/B,8143
21-Dec-17,501,7:30:00 AM,Thursday,Queen and Roncesvalles,Mechanical,6,12,E/B,4039
21-Dec-17,504,8:00:00 AM,Thursday,Dundas West Stn,General Delay,8,12,B/W,
21-Dec-17,505,8:25:00 AM,Thursday,Dundas at Bloor,Investigation,9,15,E/B,4084
21-Dec-17,504,8:29:00 AM,Thursday,Dundas & Bloor,Held By,9,12,E/B,4187
21-Dec-17,512,9:00:00 AM,Thursday,St. Clair and Bathurst,Mechanical,4,8,E/B,
21-Dec-17,512,9:00:00 AM,Thursday,St Clair and Bathurst.,Mechanical,4,8,E/B,
21-Dec-17,510,9:10:00 AM,Thursday,Spadina at King,Mechanical,4,7,N/B,
21-Dec-17,510,9:12:00 AM,Thursday,Bthurst at King,Mechanical,7,12,N/B,
21-Dec-17,506,10:37:00 AM,Thursday,Bay and College,Mechanical,6,12,W/B,4143
21-Dec-17,501,11:01:00 AM,Thursday,Queen and Brock st,Investigation,6,12,E/B,1629
21-Dec-17,502,11:43:00 AM,Thursday,Queen and Carlaw,Mechanical,8,16,W/B,8158
21-Dec-17,501,11:53:00 AM,Thursday,Spadina to Yonge st,General Delay,17,33,E/B,4200
21-Dec-17,505,12:18:00 PM,Thursday,Broadview Stn,Mechanical,11,17,W/B,4147
21-Dec-17,512,12:39:00 PM,Thursday,Oakwood and St Clair,Mechanical,4,8,E/B,4043
21-Dec-17,511,1:00:00 PM,Thursday,Bathurst Station,Mechanical,4,8,S/B,1790
21-Dec-17,512,1:51:00 PM,Thursday,Russell yard,Late Leaving Garage,3,6,E/B,
21-Dec-17,512,2:24:00 PM,Thursday,Russell yard,Late Leaving Garage,3,6,E/B,
21-Dec-17,505,2:45:00 PM,Thursday,Victoria and Dundas,Held By,40,45,B/W,4176
21-Dec-17,501,3:12:00 PM,Thursday,Russel Yard,Late Leaving Garage,6,12,E/B,4237
21-Dec-17,506,3:19:00 PM,Thursday,College and Church to Main station,General Delay,10,15,E/B,4155
21-Dec-17,514,3:22:00 PM,Thursday,Queen and Carlaw,Held By,9,18,W/B,4437
21-Dec-17,505,3:30:00 PM,Thursday,maccaul/lansdowne,Mechanical,5,10,W/B,4154
21-Dec-17,506,3:46:00 PM,Thursday,College and Bay,Investigation,10,15,E/B,4144
21-Dec-17,506,3:48:00 PM,Thursday,Roncy yard,Late Leaving Garage,5,10,E/B,
21-Dec-17,501,4:06:00 PM,Thursday,Queen and John,Mechanical,6,12,E/B,4244
21-Dec-17,501,4:11:00 PM,Thursday,Dufferin and Queen,Mechanical,5,10,W/B,4101
21-Dec-17,501,4:47:00 PM,Thursday,Lakeshore and Burlington,Utilized Off Route,6,12,E/B,1642
21-Dec-17,512,4:58:00 PM,Thursday,Gunns Loop,Mechanical,3,6,E/B,4119
21-Dec-17,501,5:00:00 PM,Thursday,Queen and Bathurst to Queen and Jarvis,General Delay,6,12,E/B,4051
21-Dec-17,505,6:40:00 PM,Thursday,broadview/danforth,Emergency Services,10,15,W/B,4066
21-Dec-17,505,7:20:00 PM,Thursday,Spadina to bathust on dundas,Held By,35,42,B/W,4004
21-Dec-17,512,8:23:00 PM,Thursday,St Clair station,Emergency Services,8,14,E/B,4181
21-Dec-17,501,8:30:00 PM,Thursday,Queen and Roncy,General Delay,0,0,E/B,4182
21-Dec-17,501,8:38:00 PM,Thursday,Queen and Roncy,Investigation,6,11,W/B,8301
21-Dec-17,504,8:43:00 PM,Thursday,King/Church,General Delay,18,23,E/B,4403
21-Dec-17,511,8:55:00 PM,Thursday,cne loop,Mechanical,5,10,N/B,1557
21-Dec-17,501,11:18:00 PM,Thursday,Queen and Kington,Investigation,9,18,W/B,4039
21-Dec-17,501,11:53:00 PM,Thursday,Queen and Roncy,Utilized Off Route,7,15,E/B,8409
22-Dec-17,501,12:01:00 AM,Friday,Queen and Dufferin,Utilized Off Route,8,15,E/B,7930
22-Dec-17,512,12:29:00 AM,Friday,St Clair and Robina,Mechanical,5,10,E/B,4165
22-Dec-17,501,12:38:00 AM,Friday,Queen and Neville park loop,Mechanical,9,18,W/B,4011
22-Dec-17,301,1:56:00 AM,Friday,Queen and Dufferin,Mechanical,8,15,W/B,1353
22-Dec-17,511,5:19:00 AM,Friday,Bathurst Station,Mechanical,4,9,N/B,8351
22-Dec-17,512,5:21:00 AM,Friday,Bathurst and St.Clair,Late Leaving Garage,3,6,E/B,4412
22-Dec-17,506,5:22:00 AM,Friday,Roncesvalles yard,Mechanical,6,12,E/B,
22-Dec-17,512,5:31:00 AM,Friday,Bathurst and St.Clair,Late Leaving Garage,3,6,E/B,4413
22-Dec-17,509,5:35:00 AM,Friday,Bathurst and Fleet,Late Leaving Garage,6,12,W/B,4451
22-Dec-17,504,5:39:00 AM,Friday,Broadview and Queen,Late Leaving Garage,7,14,E/B,4434
22-Dec-17,509,5:40:00 AM,Friday,Bathurst and Fleet,Late Leaving Garage,6,12,W/B,4409
22-Dec-17,509,5:46:00 AM,Friday,Bathurst and Fleet,Late Leaving Garage,6,12,W/B,4442
22-Dec-17,509,5:52:00 AM,Friday,Bathurst and Fleet,Late Leaving Garage,6,12,W/B,4438
22-Dec-17,504,5:57:00 AM,Friday,Broadview and Queen,Late Leaving Garage,7,14,W/B,4410
22-Dec-17,501,6:02:00 AM,Friday,Lawrence and Sage st,Mechanical,6,12,W/B,8392
22-Dec-17,509,6:06:00 AM,Friday,Bathurst and Fleet,Late Leaving Garage,6,12,W/B,4426
22-Dec-17,506,6:09:00 AM,Friday,Roncesvalles Yard.,Mechanical,6,12,E/B,12
22-Dec-17,510,6:14:00 AM,Friday,King and Spadina,Late Leaving Garage,8,18,N/B,4417
22-Dec-17,510,6:48:00 AM,Friday,King and Spadina,Late Leaving Garage,4,8,N/B,4430
22-Dec-17,501,6:50:00 AM,Friday,Roncy Yard,Late Leaving Garage,6,12,E/B,4225
22-Dec-17,514,6:52:00 AM,Friday,King and Parliament,Late Leaving Garage,8,16,W/B,4422
22-Dec-17,501,6:54:00 AM,Friday,Queen and Jarvis,Emergency Services,20,26,W/B,4167
22-Dec-17,510,6:57:00 AM,Friday,King and Spadina,Late Leaving Garage,4,8,N/B,4450
22-Dec-17,506,7:06:00 AM,Friday,Roncy Yard,Mechanical,5,10,E/B,4161
22-Dec-17,506,7:11:00 AM,Friday,Russell Yard,Mechanical,5,10,E/B,
22-Dec-17,506,7:11:00 AM,Friday,Russell yard,Mechanical,6,12,E/B,
22-Dec-17,504,7:22:00 AM,Friday,Roncy Yard,Late Leaving Garage,4,8,W/B,4029
22-Dec-17,510,7:27:00 AM,Friday,King and Spadina,Late Leaving Garage,4,8,N/B,4427
22-Dec-17,510,7:45:00 AM,Friday,King and Spadina,Late Leaving Garage,4,8,N/B,4445
22-Dec-17,501,8:07:00 AM,Friday,Queen and Roncesvalles,Mechanical,6,12,E/B,4237
22-Dec-17,505,8:15:00 AM,Friday,Dundas at Mount Stephen,Investigation,18,24,S/B,4169
22-Dec-17,504,8:15:00 AM,Friday,Broadview & Mount Stephens,Investigation,21,25,W/B,4021
22-Dec-17,506,8:20:00 AM,Friday,Beaton and Gerrard,Mechanical,14,20,E/B,4011
22-Dec-17,501,9:05:00 AM,Friday,Bathurst to Yonge along Queen,General Delay,11,17,B/W,4042
22-Dec-17,505,9:09:00 AM,Friday,Dundas West Stn,Investigation,11,17,E/B,4067
22-Dec-17,510,9:10:00 AM,Friday,Spadina at King,Mechanical,4,7,N/B,
22-Dec-17,505,9:12:00 AM,Friday,Dundas at Broadview,Mechanical,6,12,E/B,4191
22-Dec-17,510,9:12:00 AM,Friday,Spadina at King,Mechanical,7,12,N/B,
22-Dec-17,505,10:20:00 AM,Friday,Dundas at River,Investigation,24,30,E/B,4120
22-Dec-17,501,10:31:00 AM,Friday,Queen and Connaught,Mechanical,6,12,E/B,4167
22-Dec-17,512,10:38:00 AM,Friday,Oakwood and St Clair,Mechanical,4,8,W/B,4412
22-Dec-17,501,10:44:00 AM,Friday,Neville park Loop,Mechanical,6,12,W/B,4050
22-Dec-17,501,10:54:00 AM,Friday,Queen and Roncesvalles,Mechanical,6,12,E/B,4246
22-Dec-17,504,11:50:00 AM,Friday,Roncy & Queen,Mechanical,4,8,E/B,4099
22-Dec-17,501,11:59:00 AM,Friday,Lakeshore and Parklawn,Mechanical,6,12,W/B,1054
22-Dec-17,505,12:46:00 PM,Friday,Dundas at Yonge,Mechanical,6,12,E/B,4178
22-Dec-17,501,12:54:00 PM,Friday,Queen and Connaught,Mechanical,6,12,W/B,4216
22-Dec-17,501,2:47:00 PM,Friday,Queen and Augusta,Mechanical,32,37,E/B,
22-Dec-17,510,2:59:00 PM,Friday,harbord/spadina,Investigation,8,12,N/B,4430
22-Dec-17,501,3:23:00 PM,Friday,Islington and Lakeshore,Mechanical,6,12,S/B,1548
22-Dec-17,506,3:37:00 PM,Friday,Gerrard and Sackville,Investigation,19,25,W/B,4004
22-Dec-17,502,3:40:00 PM,Friday,Yonge and Queen,Mechanical,6,12,EB,7881
22-Dec-17,505,3:55:00 PM,Friday,Broadview and dundas,Mechanical,20,25,E/B,4154
22-Dec-17,504,4:32:00 PM,Friday,Crawford and queen,Investigation,17,21,E/B,4034
22-Dec-17,504,5:58:00 PM,Friday,Bathurst and King,Mechanical,7,11,W/B,4187
22-Dec-17,502,6:05:00 PM,Friday,Queen and Duncan,Mechanical,6,12,EB,8180
22-Dec-17,511,6:15:00 PM,Friday,bathurst/fleet,Mechanical,5,10,N/B,1528
22-Dec-17,501,6:50:00 PM,Friday,Roncesvalles and Queen,Held By,6,12,E/B,4242
22-Dec-17,501,8:23:00 PM,Friday,Kipling and Lakeshore,Investigation,6,12,E/B,8075
22-Dec-17,504,9:00:00 PM,Friday,King/Victoria,General Delay,10,15,W/B,4189
22-Dec-17,504,9:44:00 PM,Friday,King/Brant,Held By,5,10,W/B,4184
22-Dec-17,501,9:48:00 PM,Friday,Simcoe and Queen,Mechanical,6,12,W/B,4182
22-Dec-17,501,10:54:00 PM,Friday,Dufferin and king,Utilized Off Route,8,16,S/B,1644
22-Dec-17,511,11:15:00 PM,Friday,bathurst station,General Delay,29,35,N/B,1573
22-Dec-17,504,11:44:00 PM,Friday,King/Victoria,Diversion,34,41,E/B,4189
22-Dec-17,514,11:44:00 PM,Friday,King/Victoria,Investigation,34,49,E/B,4433
23-Dec-17,510,2:02:00 AM,Saturday,Lakeshore and Leslie,Emergency Services,1,1,S/B,4427
23-Dec-17,512,2:24:00 AM,Saturday,St.Clair/Caledonia,Mechanical,26,33,E/B,4160
23-Dec-17,505,4:59:00 AM,Saturday,Russell Yard,Late Leaving Garage,17,0,W/B,4022
23-Dec-17,511,5:19:00 AM,Saturday,Bathurst Stn,Utilized Off Route,6,12,S/B,0
23-Dec-17,504,5:24:00 AM,Saturday,Roncesvalles Yard,Late Leaving Garage,10,19,N/B,4189
23-Dec-17,506,5:33:00 AM,Saturday,Russell,Mechanical,8,16,W/B,4078
23-Dec-17,506,5:56:00 AM,Saturday,Roncsvalles,Mechanical,8,16,W/B,4037
23-Dec-17,511,6:05:00 AM,Saturday,Bathurst Stn,Mechanical,21,27,S/B,8357
23-Dec-17,501,6:23:00 AM,Saturday,Roncsvalles,Mechanical,8,16,W/B,4068
23-Dec-17,506,8:01:00 AM,Saturday,Howard Park and Dundas,Investigation,21,29,E/B,4037
23-Dec-17,501,10:03:00 AM,Saturday,Queen and Rainsford,Held By,19,25,W/B,4030
23-Dec-17,505,10:20:00 AM,Saturday,Dufferin,Emergency Services,13,19,E/B,4002
23-Dec-17,511,10:21:00 AM,Saturday,Davenport,Investigation,6,12,S/B,8377
23-Dec-17,510,10:26:00 AM,Saturday,Breamner,Mechanical,4,8,N/B,4428
23-Dec-17,505,10:37:00 AM,Saturday,Bay Street,Mechanical,6,12,W/B,4108
23-Dec-17,512,10:42:00 AM,Saturday,Bathurst and Davenport,Held By,78,83,N/B,4074
23-Dec-17,504,11:33:00 AM,Saturday,Roncesvalles Yard,Mechanical,7,13,N/B,4021
23-Dec-17,501,11:35:00 AM,Saturday,Parliament to Sunnyside Loop,General Delay,11,17,W/B,4208
23-Dec-17,504,11:37:00 AM,Saturday,Dundas West Stn to Broadview Stn,General Delay,9,16,W/B,4093
23-Dec-17,501,12:01:00 PM,Saturday,NEVILLE,Mechanical,8,16,W/B,4247
23-Dec-17,506,1:17:00 PM,Saturday,Marjory and Gerrard,Mechanical,34,40,W/B,4132
23-Dec-17,805,1:31:00 PM,Saturday,Roncesvalles and Galley,Held By,27,32,W/B,4089
23-Dec-17,501,1:54:00 PM,Saturday,Queen and Scarborough Beech rd,Mechanical,6,12,E/B,4225
23-Dec-17,505,2:30:00 PM,Saturday,Howard Pk Ave,Mechanical,5,10,W/B,4103
23-Dec-17,501,2:58:00 PM,Saturday,Queen and Spadina,Mechanical,6,12,W/B,4119
23-Dec-17,506,3:59:00 PM,Saturday,Main Station,Investigation,19,25,W/B,4051
23-Dec-17,501,4:00:00 PM,Saturday,Roncesvalles and Queen,Mechanical,6,12,E/B,4246
23-Dec-17,506,6:39:00 PM,Saturday,Gerrard and Coxwell,Mechanical,6,11,W/B,4125
23-Dec-17,506,7:00:00 PM,Saturday,College and Sheridan,Held By,47,53,B/W,4133
23-Dec-17,501,7:30:00 PM,Saturday,spadina station,Mechanical,5,10,S/B,4434
23-Dec-17,509,10:10:00 PM,Saturday,cne loop,Mechanical,10,20,E/B,4453
23-Dec-17,511,11:55:00 PM,Saturday,cne loop,Mechanical,5,10,N/B,1373
24-Dec-17,506,12:48:00 AM,Sunday,College and Crawford,Emergency Services,14,24,B/W,4039
24-Dec-17,501,1:10:00 AM,Sunday,Queen and Ontario,Investigation,107,117,E/B,4029
24-Dec-17,506,1:33:00 AM,Sunday,Gerrard/Sackville,Investigation,54,61,E/B,4134
24-Dec-17,504,5:12:00 AM,Sunday,Russell Yard,Mechanical,10,0,W/B,4124
24-Dec-17,504,5:27:00 AM,Sunday,Russell Yard,Mechanical,10,20,W/B,4003
24-Dec-17,504,5:40:00 AM,Sunday,Roncesvalles Yard,Mechanical,9,18,N/B,4177
24-Dec-17,504,5:58:00 AM,Sunday,Roncesvalles Yard,Mechanical,9,18,N/B,4024
24-Dec-17,504,7:52:00 AM,Sunday,Dundas W. Stn,General Delay,10,18,W/B,4403
24-Dec-17,510,8:49:00 AM,Sunday,Leslie Barns,Late Leaving Garage,6,12,N/B,4426
24-Dec-17,510,9:00:00 AM,Sunday,Leslie barns Yard,Late Leaving Garage,10,16,N/B,4424
24-Dec-17,501,9:54:00 AM,Sunday,St. Patrick,Mechanical,24,30,E/B,4242
24-Dec-17,501,12:23:00 PM,Sunday,Russell Garage,Mechanical,5,10,E/B,4002
24-Dec-17,501,12:28:00 PM,Sunday,Sunnyside Loop,Mechanical,8,16,W/B,4237
24-Dec-17,512,12:33:00 PM,Sunday,Gunns Loop,Investigation,7,13,E/B,4432
24-Dec-17,505,1:09:00 PM,Sunday,Dundas and Lansdowne,Mechanical,6,12,W/B,4030
24-Dec-17,506,2:01:00 PM,Sunday,Gerrard and Greenwood,Mechanical,8,16,W/B,4144
24-Dec-17,501,3:27:00 PM,Sunday,Sunnyside Loop,Mechanical,6,12,W/B,4065
24-Dec-17,501,3:56:00 PM,Sunday,Roncesvalles South Gate,Mechanical,5,10,E/B,4065
24-Dec-17,501,4:09:00 PM,Sunday,Queen and Woodvine,Held By,24,30,E/B,4032
24-Dec-17,510,6:20:00 PM,Sunday,Spadina South of College,Mechanical,5,10,S/B,4424
24-Dec-17,501,11:41:00 PM,Sunday,Queen and Cannought,Mechanical,10,20,W/B,4065
25-Dec-17,301,2:23:00 AM,Monday,Queen and Dufferin,Utilized Off Route,9,18,E/B,8418
25-Dec-17,301,2:38:00 AM,Monday,Queen and Dufferin,Utilized Off Route,9,18,E/B,1638
25-Dec-17,301,2:46:00 AM,Monday,Queen and Bay,Mechanical,34,44,E/B,4204
25-Dec-17,301,2:55:00 AM,Monday,Queen and Dufferin,Utilized Off Route,9,18,E/B,1060
25-Dec-17,512,5:24:00 AM,Monday,St. Clair and Glenholme,Held By,20,45,E/B,4432
25-Dec-17,501,6:11:00 AM,Monday,Russell Yard,Mechanical,8,16,E/B,4096
25-Dec-17,501,6:31:00 AM,Monday,Roncesvalles and Queen,Mechanical,8,16,W/B,4216
25-Dec-17,510,8:49:00 AM,Monday,Leslie Barns,Late Leaving Garage,4,8,W/B,4437
25-Dec-17,510,8:53:00 AM,Monday,Leslie Barns,Late Leaving Garage,4,8,W/B,4417
25-Dec-17,509,8:57:00 AM,Monday,Leslie Barns,Late Leaving Garage,7,14,W/B,4425
25-Dec-17,510,9:00:00 AM,Monday,Leslie Barns,Late Leaving Garage,4,8,W/B,4416
25-Dec-17,504,10:15:00 AM,Monday,King and Spadina,Mechanical,6,12,W/B,4086
25-Dec-17,501,10:36:00 AM,Monday,Queen and Cannaught,Mechanical,8,16,W/B,4002
25-Dec-17,505,10:59:00 AM,Monday,Withrow,Held By,19,26,W/B,4157
25-Dec-17,501,11:00:00 AM,Monday,Roncesvalles and Queen,Mechanical,5,10,W/B,1055
25-Dec-17,512,11:16:00 AM,Monday,Walmer Avenue and st clair,Held By,23,29,W/B,4431
25-Dec-17,504,11:20:00 AM,Monday,Broadview and Withrow,Investigation,23,30,S/B,4140
25-Dec-17,501,11:56:00 AM,Monday,Lakeshore and Second,Mechanical,5,10,E/B,1646
25-Dec-17,506,12:24:00 PM,Monday,Coxwell and gerrard,Mechanical,8,15,E/B,4148
25-Dec-17,504,1:44:00 PM,Monday,Broadview Station,Mechanical,7,14,W/B,4187
25-Dec-17,512,1:51:00 PM,Monday,Vaughan road,Mechanical,6,12,W/B,4412
25-Dec-17,512,1:52:00 PM,Monday,Winona Dr. and St Clair,General Delay,7,13,W/B,4443
25-Dec-17,514,2:02:00 PM,Monday,Distillery Loop,Mechanical,15,30,W/B,4411
25-Dec-17,505,3:54:00 PM,Monday,Church south of Dufferin,Mechanical,6,12,S/B,4093
25-Dec-17,505,5:04:00 PM,Monday,Broadview and Danforth,Mechanical,36,42,S/B,4104
25-Dec-17,505,5:23:00 PM,Monday,Parliament and Dundas,Mechanical,6,12,E/B,4042
25-Dec-17,504,5:56:00 PM,Monday,Southbound Broadview South of Gerrard,Held By,26,34,W/B,4187
25-Dec-17,505,5:56:00 PM,Monday,Broadview south of Gerrard,Held By,117,123,E/B,4078
25-Dec-17,510,5:56:00 PM,Monday,Spadina STN,Investigation,5,10,S/B,4407
25-Dec-17,504,5:56:00 PM,Monday,Broadview Station,Utilized Off Route,6,12,W/B,4099
25-Dec-17,506,6:00:00 PM,Monday,Broadview and Gerrard,Diversion,18,23,B/W,4143
25-Dec-17,505,6:47:00 PM,Monday,McCaul north of Dundas,Held By,6,12,N/B,4103
25-Dec-17,506,11:10:00 PM,Monday,Gerrard and Highfield,Held By,6,16,W/B,4170
25-Dec-17,504,11:21:00 PM,Monday,King and Portland,Mechanical,10,20,E/B,4455
25-Dec-17,501,11:33:00 PM,Monday,Queen and Neville Park,Investigation,9,18,W/B,4246
25-Dec-17,501,11:57:00 PM,Monday,Queen and Neville Loop,Mechanical,10,20,W/B,4039
26-Dec-17,501,12:48:00 AM,Tuesday,Queen and Parliament,Mechanical,10,20,W/B,4246
26-Dec-17,501,1:11:00 AM,Tuesday,Queen and Roncy,Mechanical,10,20,W/B,4047
26-Dec-17,301,1:40:00 AM,Tuesday,Queen and Roncesvalles,Investigation,30,40,E/B,4228
26-Dec-17,301,1:45:00 AM,Tuesday,Queen and Roncesvalles,Utilized Off Route,8,16,E/B,1564
26-Dec-17,511,5:01:00 AM,Tuesday,Exhibition Loop,Utilized Off Route,10,18,N/B,8321
26-Dec-17,501,5:43:00 AM,Tuesday,Queen and Ossington,Mechanical,89,95,E/B,4217
26-Dec-17,509,5:46:00 AM,Tuesday,Leslie Barns,Late Leaving Garage,9,18,W/B,4436
26-Dec-17,514,5:59:00 AM,Tuesday,Leslie Barns,Late Leaving Garage,6,20,W/B,4439
26-Dec-17,501,6:00:00 AM,Tuesday,Queen and Ossington,Utilized Off Route,6,12,E/B,4202
26-Dec-17,501,6:08:00 AM,Tuesday,Roncesvalles Yard,Mechanical,6,12,E/B,4134
26-Dec-17,501,6:25:00 AM,Tuesday,Roncesvalles Yard,Mechanical,6,12,E/B,4182
26-Dec-17,501,6:35:00 AM,Tuesday,Russell Yard,Mechanical,6,12,E/B,4247
26-Dec-17,501,6:58:00 AM,Tuesday,Queen and Connaught,Mechanical,6,12,E/B,4134
26-Dec-17,506,7:03:00 AM,Tuesday,Bay and College,Mechanical,10,20,W/B,4103
26-Dec-17,501,7:25:00 AM,Tuesday,Queen and roncesvalles,Mechanical,6,12,E/B,4247
26-Dec-17,504,8:01:00 AM,Tuesday,Dundas West Station,Mechanical,8,16,E/B,4002
26-Dec-17,505,8:22:00 AM,Tuesday,Dundas West station,Mechanical,16,24,E/B,4032
26-Dec-17,501,8:26:00 AM,Tuesday,Queen and Roncesvalles,Mechanical,6,12,E/B,4240
26-Dec-17,506,8:35:00 AM,Tuesday,Main and danforth,Mechanical,10,20,W/B,4184
26-Dec-17,501,8:41:00 AM,Tuesday,Queen and Church,Mechanical,6,12,E/B,4244
26-Dec-17,506,8:43:00 AM,Tuesday,Howard park and Roncesvalles,Mechanical,10,20,E/B,4069
26-Dec-17,506,8:45:00 AM,Tuesday,Highpark Loop,Mechanical,10,20,W/B,4155
26-Dec-17,505,8:48:00 AM,Tuesday,Dundas West Station,Mechanical,6,12,E/B,4190
26-Dec-17,510,8:53:00 AM,Tuesday,Leslie Barns,Late Leaving Garage,5,10,W/B,4413
26-Dec-17,509,8:57:00 AM,Tuesday,Leslie Barns,Late Leaving Garage,7,14,W/B,4403
26-Dec-17,510,8:57:00 AM,Tuesday,Leslie Barns,Late Leaving Garage,5,10,W/B,4413
26-Dec-17,510,9:00:00 AM,Tuesday,Leslie barns,Late Leaving Garage,5,10,W/B,4422
26-Dec-17,504,9:01:00 AM,Tuesday,Roncesvalles and Queen,Mechanical,6,12,W/B,4111
26-Dec-17,504,9:17:00 AM,Tuesday,Leslie Barns,Late Leaving Garage,4,8,E/B,4430
26-Dec-17,505,9:25:00 AM,Tuesday,Dundas West station,Mechanical,5,10,E/B,4154
26-Dec-17,505,9:38:00 AM,Tuesday,Dundas At Broadview,Mechanical,6,13,E/B,4181
26-Dec-17,505,9:46:00 AM,Tuesday,Dundas at Broadview,Mechanical,8,23,E/B,4085
26-Dec-17,505,9:51:00 AM,Tuesday,Dundas West Station,Mechanical,7,30,E/B,4160
26-Dec-17,512,10:09:00 AM,Tuesday,Lansdowne and st. clair avenue,Mechanical,6,12,W/B,4433
26-Dec-17,504,10:25:00 AM,Tuesday,Dundas and Parliament,Mechanical,6,12,W/B,4418
26-Dec-17,501,10:28:00 AM,Tuesday,Roncesvalles yard,Mechanical,6,12,E/B,4243
26-Dec-17,505,11:30:00 AM,Tuesday,Dundas at Broadview,Mechanical,6,12,E/B,4180
26-Dec-17,501,11:41:00 AM,Tuesday,Roncesvalles Yard,Mechanical,6,12,E/B,4229
26-Dec-17,506,11:47:00 AM,Tuesday,,Mechanical,0,0,E/B,4199
26-Dec-17,501,12:08:00 PM,Tuesday,Russell Yard,Mechanical,6,112,E/B,4047
26-Dec-17,501,12:24:00 PM,Tuesday,Russell yard,Mechanical,6,12,E/B,4047
26-Dec-17,501,12:36:00 PM,Tuesday,Queen and John st,Mechanical,6,12,W/B,4120
26-Dec-17,501,12:59:00 PM,Tuesday,Queen at Roncesvalles,Mechanical,8,16,W/B,4165
26-Dec-17,505,1:06:00 PM,Tuesday,Dundas At Yonge,Mechanical,3,6,E/B,4074
26-Dec-17,510,1:39:00 PM,Tuesday,Spadina at lakeshore,Investigation,4,8,N/B,4422
26-Dec-17,506,4:21:00 PM,Tuesday,High Park,Mechanical,5,10,E/B,4167
26-Dec-17,505,4:27:00 PM,Tuesday,Dundas and University,Mechanical,12,18,E/B,4078
26-Dec-17,504,4:39:00 PM,Tuesday,King at Duncan,Investigation,18,24,W/B,504
26-Dec-17,501,6:05:00 PM,Tuesday,Queen at Connaught,Mechanical,8,16,W/B,4246
26-Dec-17,506,7:40:00 PM,Tuesday,Roncy and Howard Park,Overhead - Pantograph,196,202,B/W,4069
26-Dec-17,504,7:47:00 PM,Tuesday,Howard Park and Roncesvalles,Overhead - Pantograph,7,203,B/W,4418
26-Dec-17,505,8:20:00 PM,Tuesday,Dundas and Parliament,Mechanical,8,16,E/B,4181
26-Dec-17,506,9:08:00 PM,Tuesday,Gerrard and Coxwell,Mechanical,8,16,E/B,4003
26-Dec-17,501,9:21:00 PM,Tuesday,Queen and Dufferin,Utilized Off Route,7,14,W/B,1558
26-Dec-17,501,9:29:00 PM,Tuesday,Lakeshore and 3rd street,Mechanical,7,14,W/B,1350
26-Dec-17,511,9:41:00 PM,Tuesday,CNE Loop,Mechanical,8,16,N/B,1619
26-Dec-17,505,9:49:00 PM,Tuesday,Dundas and Dovercourt,Held By,6,12,W/B,4065
26-Dec-17,501,10:23:00 PM,Tuesday,Queen and Roncy,Mechanical,9,18,W/B,4133
27-Dec-17,501,12:27:00 AM,Wednesday,Queen and Parliament,Mechanical,9,18,W/B,4208
27-Dec-17,506,12:43:00 AM,Wednesday,Main station,Mechanical,10,20,W/B,4199
27-Dec-17,511,1:15:00 AM,Wednesday,CNE Loop,Investigation,6,12,N/B,1367
27-Dec-17,501,1:19:00 AM,Wednesday,Queen and Dufferin,Mechanical,29,39,W/B,4011
27-Dec-17,501,1:45:00 AM,Wednesday,Queen and Dufferin,Utilized Off Route,10,20,W/B,4105
27-Dec-17,301,3:22:00 AM,Wednesday,Queen and Lang street.,Mechanical,10,30,E/B,4084
27-Dec-17,512,5:11:00 AM,Wednesday,Russell yard,Mechanical,4,8,W/B,
27-Dec-17,512,5:21:00 AM,Wednesday,Lesle Barns,Late Leaving Garage,4,8,W/B,4402
27-Dec-17,512,5:21:00 AM,Wednesday,Leslie Barns,Late Leaving Garage,4,8,W/B,4436
27-Dec-17,506,5:22:00 AM,Wednesday,Roncesvalles yard,Mechanical,6,12,E/B,
27-Dec-17,509,5:25:00 AM,Wednesday,Bathurst and Fleet,Late Leaving Garage,6,12,W/B,4411
27-Dec-17,509,5:26:00 AM,Wednesday,Leslie Barns,Late Leaving Garage,6,12,W/B,4442
27-Dec-17,512,5:27:00 AM,Wednesday,Leslie Barns,Late Leaving Garage,6,12,W/B,4427
27-Dec-17,504,5:30:00 AM,Wednesday,Leslie Barns,Late Leaving Garage,5,10,W/B,4427
27-Dec-17,512,5:31:00 AM,Wednesday,Russell yard.,Mechanical,4,8,W/B,
27-Dec-17,512,5:31:00 AM,Wednesday,Russell yard,Mechanical,4,8,W/B,
27-Dec-17,509,5:32:00 AM,Wednesday,Leslie Barns,Late Leaving Garage,6,12,W/B,4453
27-Dec-17,506,5:36:00 AM,Wednesday,Coxwell and Gerrard,Mechanical,6,12,E/B,4145
27-Dec-17,505,5:36:00 AM,Wednesday,Broadview at Dundas,Mechanical,8,15,E/B,
27-Dec-17,505,5:37:00 AM,Wednesday,Roncy Yard,Mechanical,5,27,W/B,4124
27-Dec-17,510,5:37:00 AM,Wednesday,Leslie Barns,Late Leaving Garage,4,8,W/B,4433
27-Dec-17,509,5:38:00 AM,Wednesday,Leslie Barns,Late Leaving Garage,6,12,W/B,4419
27-Dec-17,512,5:39:00 AM,Wednesday,Leslie Barns,Late Leaving Garage,3,6,W/B,4403
27-Dec-17,512,5:42:00 AM,Wednesday,Russell yard.,Mechanical,4,8,W/B,
27-Dec-17,505,5:42:00 AM,Wednesday,Broadview at Dundas,Mechanical,15,21,E/B,
27-Dec-17,514,5:44:00 AM,Wednesday,Leslie Barns,Late Leaving Garage,8,16,W/B,4425
27-Dec-17,509,5:44:00 AM,Wednesday,Leslie Barns,Late Leaving Garage,6,12,W/B,4410
27-Dec-17,514,5:46:00 AM,Wednesday,Leslie Barns,Late Leaving Garage,8,16,W/B,4446
27-Dec-17,506,5:47:00 AM,Wednesday,Roncesvalles yard.,Mechanical,6,12,E/B,
27-Dec-17,504,5:47:00 AM,Wednesday,Leslie Barns,Late Leaving Garage,4,8,W/B,4432
27-Dec-17,505,5:48:00 AM,Wednesday,Broadview at Dundas,Mechanical,21,27,E/B,
27-Dec-17,504,5:49:00 AM,Wednesday,Roncy Yard,Mechanical,4,8,W/B,4091
27-Dec-17,505,5:49:00 AM,Wednesday,Roncy Yard,Mechanical,8,16,W/B,4001
27-Dec-17,506,5:53:00 AM,Wednesday,Roncy Yard,Mechanical,5,10,E/B,4182
27-Dec-17,505,5:53:00 AM,Wednesday,Dundas at Broadview,Mechanical,27,33,E/B,
27-Dec-17,510,5:54:00 AM,Wednesday,Leslie Barns,Late Leaving Garage,4,8,W/B,4442
27-Dec-17,509,5:56:00 AM,Wednesday,Leslie Barns,Late Leaving Garage,6,12,W/B,4413
27-Dec-17,514,5:58:00 AM,Wednesday,Leslie Barns,Late Leaving Garage,8,16,W/B,4438
27-Dec-17,506,5:58:00 AM,Wednesday,Coxwell and Gerrard,Mechanical,5,10,E/B,4195
27-Dec-17,514,6:00:00 AM,Wednesday,Leslie Barns,Late Leaving Garage,8,16,W/B,4408
27-Dec-17,501,6:01:00 AM,Wednesday,Queen and Shaw,Mechanical,6,12,E/B,4244
27-Dec-17,504,6:03:00 AM,Wednesday,Leslie Barns,Late Leaving Garage,4,8,W/B,4430
27-Dec-17,514,6:04:00 AM,Wednesday,Leslie Barns,Late Leaving Garage,8,16,W/B,4414
27-Dec-17,506,6:04:00 AM,Wednesday,Roncy Yard,Mechanical,5,10,E/B,4179
27-Dec-17,510,6:07:00 AM,Wednesday,Leslie Barns,Late Leaving Garage,4,8,W/B,4449
27-Dec-17,506,6:09:00 AM,Wednesday,Roncesvalles Yard,Mechanical,6,12,E/B,
27-Dec-17,501,6:15:00 AM,Wednesday,Roncy Yard,Mechanical,6,12,E/B,4251
27-Dec-17,514,6:16:00 AM,Wednesday,Leslie Barns,Late Leaving Garage,8,16,W/B,4409
27-Dec-17,504,6:17:00 AM,Wednesday,Roncy Yard,Mechanical,4,8,W/B,4185
27-Dec-17,501,6:19:00 AM,Wednesday,Russell Yard,Mechanical,6,12,B/W,0
27-Dec-17,514,6:19:00 AM,Wednesday,Leslie Barns,Late Leaving Garage,8,16,W/B,4407
27-Dec-17,506,6:21:00 AM,Wednesday,Russell yard.,Mechanical,6,12,E/B,
27-Dec-17,501,6:23:00 AM,Wednesday,Broadview and Dundas,Mechanical,5,10,W/B,4066
27-Dec-17,505,6:24:00 AM,Wednesday,Dundas West Station,Mechanical,4,8,E/B,
27-Dec-17,501,6:24:00 AM,Wednesday,Russell Yard,Mechanical,6,12,B/W,
27-Dec-17,504,6:25:00 AM,Wednesday,Roncy Yard,Mechanical,4,8,W/B,4139
27-Dec-17,506,6:26:00 AM,Wednesday,Roncesvalles Yard.,Mechanical,6,12,E/B,
27-Dec-17,505,6:27:00 AM,Wednesday,Roncy Yard,Mechanical,0,0,W/B,4191
27-Dec-17,504,6:27:00 AM,Wednesday,Leslie Barns,Late Leaving Garage,4,8,W/B,4417
27-Dec-17,504,6:30:00 AM,Wednesday,Roncy Yard,Mechanical,0,0,E/B,
27-Dec-17,501,6:30:00 AM,Wednesday,Roncesvalles Yard,Mechanical,6,12,B/W,
27-Dec-17,504,6:32:00 AM,Wednesday,Roncy Yard,Mechanical,4,8,W/B,4164
27-Dec-17,514,6:32:00 AM,Wednesday,Leslie Barns,Late Leaving Garage,8,16,W/B,4441
27-Dec-17,501,6:34:00 AM,Wednesday,Russell Yard,Mechanical,6,12,B/W,
27-Dec-17,514,6:35:00 AM,Wednesday,Leslie Barns,Late Leaving Garage,8,16,W/B,4400
27-Dec-17,506,6:37:00 AM,Wednesday,Russell yard,Mechanical,6,12,E/B,
27-Dec-17,510,6:39:00 AM,Wednesday,Leslie Barns,Late Leaving Garage,4,8,W/B,4450
27-Dec-17,514,6:40:00 AM,Wednesday,Leslie Barns,Late Leaving Garage,8,16,W/B,4424
27-Dec-17,504,6:40:00 AM,Wednesday,Roncy Yard,Mechanical,0,0,E/B,
27-Dec-17,501,6:44:00 AM,Wednesday,Russell Yard,Mechanical,6,12,B/W,
27-Dec-17,506,6:45:00 AM,Wednesday,Russell yard.,Mechanical,6,12,E/B,
27-Dec-17,510,6:48:00 AM,Wednesday,Leslie Barns,Late Leaving Garage,4,8,W/B,4418
27-Dec-17,506,6:49:00 AM,Wednesday,Roncesvalles Yard.,Mechanical,6,12,E/B,
27-Dec-17,504,6:50:00 AM,Wednesday,Roncy Yard,Mechanical,0,0,E/B,
27-Dec-17,510,6:57:00 AM,Wednesday,Leslie Barns,Late Leaving Garage,4,8,W/B,4428
27-Dec-17,506,7:00:00 AM,Wednesday,Coxwell and Gerrard,Mechanical,4,8,B/W,4180
27-Dec-17,501,7:02:00 AM,Wednesday,Russell Yard,Mechanical,6,12,B/W,0
27-Dec-17,506,7:04:00 AM,Wednesday,Russell yard,Mechanical,6,12,E/B,
27-Dec-17,504,7:04:00 AM,Wednesday,Dundas West Stn,Mechanical,4,8,E/B,4181
27-Dec-17,501,7:05:00 AM,Wednesday,Roncesvales Yard,Mechanical,6,12,B/W,
27-Dec-17,510,7:06:00 AM,Wednesday,Leslie Barns,Late Leaving Garage,4,8,W/B,4426
27-Dec-17,506,7:11:00 AM,Wednesday,Russell yard.,Mechanical,6,12,E/B,
27-Dec-17,504,7:15:00 AM,Wednesday,Roncy Yard,Mechanical,0,0,E/B,
27-Dec-17,510,7:15:00 AM,Wednesday,Leslie Barns,Late Leaving Garage,4,8,W/B,4431
27-Dec-17,505,7:16:00 AM,Wednesday,Broadview Stn,Investigation,6,12,N/B,8754
27-Dec-17,505,7:46:00 AM,Wednesday,Dundas & Dufferin,Mechanical,6,12,E/B,4066
27-Dec-17,501,8:02:00 AM,Wednesday,Queen and Connaught,Mechanical,6,12,E/B,4134
27-Dec-17,501,8:05:00 AM,Wednesday,Queen and Roncesvalles Yard,Mechanical,6,12,E/B,4208
27-Dec-17,506,8:18:00 AM,Wednesday,Main stn.,Mechanical,6,12,W/B,4167
27-Dec-17,501,8:32:00 AM,Wednesday,Queen and Connaught,Mechanical,6,12,W/B,4229
27-Dec-17,501,8:36:00 AM,Wednesday,Queen and Roncesvalles,Mechanical,6,12,E/B,4165
27-Dec-17,501,8:49:00 AM,Wednesday,Queen and Roncesvalles,Mechanical,6,12,E/B,4186
27-Dec-17,510,9:10:00 AM,Wednesday,Spadina at King,Mechanical,4,7,N/B,
27-Dec-17,510,9:12:00 AM,Wednesday,Spadina at King,Mechanical,7,12,N/B,
27-Dec-17,501,10:46:00 AM,Wednesday,Queen and Connaught,Mechanical,6,12,E/B,4134
27-Dec-17,501,11:41:00 AM,Wednesday,Queen and Waverly,Held By,4,10,E/B,4208
27-Dec-17,509,1:18:00 PM,Wednesday,Exhibition Loop,Mechanical,6,13,E/B,4453
27-Dec-17,512,1:44:00 PM,Wednesday,Russell Yard,Mechanical,4,8,E/B,
27-Dec-17,512,1:51:00 PM,Wednesday,Russell Yard,Mechanical,4,8,E/B,
27-Dec-17,504,1:56:00 PM,Wednesday,Howard park and Roncesvalles,Held By,11,15,E/B,4430
27-Dec-17,512,2:18:00 PM,Wednesday,Russell yard,Late Leaving Garage,3,6,E/B,
27-Dec-17,501,2:22:00 PM,Wednesday,Russell Yard,Mechanical,6,12,E/B,4078
27-Dec-17,505,2:27:00 PM,Wednesday,Russell Yard,Mechanical,6,12,W/B,4089
27-Dec-17,512,2:29:00 PM,Wednesday,St Clair and Yonge,Utilized Off Route,4,8,W/B,4081
27-Dec-17,505,2:29:00 PM,Wednesday,Dundas west station,Mechanical,6,12,W/B,4189
27-Dec-17,504,3:00:00 PM,Wednesday,Roncesvalles Yard,Mechanical,0,0,E/B,
27-Dec-17,504,3:00:00 PM,Wednesday,Roncesvalles yard,Mechanical,0,0,E/B,
27-Dec-17,506,3:00:00 PM,Wednesday,Gerrard and Highfield,Mechanical,6,12,W/B,4180
27-Dec-17,504,3:00:00 PM,Wednesday,Roncesvalles Yard,Mechanical,0,0,E/B,
27-Dec-17,504,3:25:00 PM,Wednesday,Charlotte Loop,Mechanical,4,8,W/B,4437
27-Dec-17,512,3:28:00 PM,Wednesday,St Clair and Keele,Investigation,38,41,E/B,4434
27-Dec-17,506,3:32:00 PM,Wednesday,Roncy yard,Late Leaving Garage,6,12,E/B,
27-Dec-17,501,3:41:00 PM,Wednesday,Queen and Connaught,Mechanical,21,27,E/B,4263
27-Dec-17,505,4:07:00 PM,Wednesday,Dundas and Huron,Mechanical,6,10,W/B,4074
27-Dec-17,501,4:24:00 PM,Wednesday,Queen at McCaul,Mechanical,6,12,W/B,4152
27-Dec-17,506,4:46:00 PM,Wednesday,Main station,Mechanical,6,12,W/B,4073
27-Dec-17,511,5:01:00 PM,Wednesday,Bathurst and Dundas,Mechanical,5,10,S/B,1360
27-Dec-17,504,5:20:00 PM,Wednesday,Rocesvalles and Queen,Mechanical,4,8,W/B,4185
27-Dec-17,506,5:42:00 PM,Wednesday,Gerrard and Logan,Investigation,21,26,W/B,4081
27-Dec-17,501,5:54:00 PM,Wednesday,RONCESVALLES AND Queen,Mechanical,6,12,W/B,4202
27-Dec-17,511,6:23:00 PM,Wednesday,CNE Loop,Mechanical,5,10,E/B,1634
27-Dec-17,506,7:09:00 PM,Wednesday,Main station,Mechanical,6,12,W/B,4065
27-Dec-17,512,7:43:00 PM,Wednesday,St Clair station,Mechanical,40,45,W/B,4034
27-Dec-17,512,8:08:00 PM,Wednesday,St Clair station,Utilized Off Route,40,45,W/B,4099
27-Dec-17,501,8:13:00 PM,Wednesday,Queen and Roncy,Mechanical,5,10,W/B,4216
27-Dec-17,501,9:00:00 PM,Wednesday,Queen,General Delay,0,0,B/W,
27-Dec-17,510,9:11:00 PM,Wednesday,Spadina and Dundas,Mechanical,12,17,S/B,4418
27-Dec-17,511,9:12:00 PM,Wednesday,Bathurst and Niagara,Emergency Services,5,10,N/B,8369
27-Dec-17,504,10:05:00 PM,Wednesday,Dundas West Stn,Mechanical,20,24,E/B,4149
27-Dec-17,501,11:05:00 PM,Wednesday,Queen and B'view,Mechanical,9,18,W/B,4067
27-Dec-17,512,11:30:00 PM,Wednesday,St Clair and Deer Park,Mechanical,26,31,E/B,4053
27-Dec-17,512,11:42:00 PM,Wednesday,St Clair and Robina,Mechanical,1,1,E/B,4435
27-Dec-17,512,11:44:00 PM,Wednesday,St Clair and Deer Park,Utilized Off Route,26,31,E/B,4161
27-Dec-17,511,11:49:00 PM,Wednesday,CNE Loop,Mechanical,6,12,E/B,1558
27-Dec-17,501,11:50:00 PM,Wednesday,Queen and Carroll st.,Mechanical,9,18,W/B,4208
28-Dec-17,505,12:10:00 AM,Thursday,broadview station,Mechanical,10,20,W/B,4140
28-Dec-17,301,1:45:00 AM,Thursday,Queen and Roncy,Mechanical,9,18,W/B,4096
28-Dec-17,501,1:55:00 AM,Thursday,Queen and Neville loop,Overhead - Pantograph,102,124,B/W,
28-Dec-17,301,3:01:00 AM,Thursday,Lakeshore/Parklawn,Investigation,8,16,W/B,7962
28-Dec-17,512,4:44:00 AM,Thursday,Leslie Yard,Mechanical,5,10,W/B,4408
28-Dec-17,510,4:50:00 AM,Thursday,Leslie Yard,Late Leaving Garage,5,10,W/B,4405
28-Dec-17,512,4:53:00 AM,Thursday,Leslie Yard,Late Leaving Garage,4,8,W/B,4430
28-Dec-17,512,4:54:00 AM,Thursday,Leslie Yard,Late Leaving Garage,4,8,W/B,4455
28-Dec-17,512,4:57:00 AM,Thursday,Leslie Yard,Late Leaving Garage,4,8,W/B,4423
28-Dec-17,504,4:59:00 AM,Thursday,Leslie Yard,Late Leaving Garage,5,10,W/B,4450
28-Dec-17,512,5:01:00 AM,Thursday,Leslie Yard,Late Leaving Garage,4,8,W/B,4448
28-Dec-17,512,5:01:00 AM,Thursday,Leslie Yard,Late Leaving Garage,4,8,W/B,4425
28-Dec-17,501,5:04:00 AM,Thursday,Queen at Connaught,Late Leaving Garage,10,18,E/B,4125
28-Dec-17,510,5:05:00 AM,Thursday,Leslie Yard,Late Leaving Garage,5,10,W/B,4438
28-Dec-17,512,5:11:00 AM,Thursday,Russell yard.,Mechanical,4,8,W/B,
28-Dec-17,509,5:14:00 AM,Thursday,Leslie Yard,Late Leaving Garage,20,40,W/B,4409
28-Dec-17,504,5:14:00 AM,Thursday,Leslie Yard,Late Leaving Garage,4,8,W/B,4444
28-Dec-17,512,5:15:00 AM,Thursday,Leslie Yard,Late Leaving Garage,4,8,W/B,4427
28-Dec-17,509,5:20:00 AM,Thursday,Leslie Yard,Late Leaving Garage,5,10,W/B,4446
28-Dec-17,512,5:21:00 AM,Thursday,Leslie Yard,Late Leaving Garage,4,8,W/B,4431
28-Dec-17,512,5:21:00 AM,Thursday,Leslie Yard,Late Leaving Garage,4,8,W/B,4426
28-Dec-17,509,5:21:00 AM,Thursday,Leslie Yard,Late Leaving Garage,5,10,W/B,4410
28-Dec-17,506,5:22:00 AM,Thursday,Roncesvalles Yard.,Mechanical,6,12,W/B,
28-Dec-17,509,5:26:00 AM,Thursday,Leslie Yard,Late Leaving Garage,5,10,W/B,4442
28-Dec-17,512,5:27:00 AM,Thursday,Leslie Yard,Late Leaving Garage,4,8,W/B,4400
28-Dec-17,504,5:30:00 AM,Thursday,Leslie Yard,Late Leaving Garage,4,8,W/B,4424
28-Dec-17,512,5:31:00 AM,Thursday,Russell yard.,Mechanical,4,8,W/B,
28-Dec-17,512,5:31:00 AM,Thursday,Russell yard.,Mechanical,4,8,W/B,
28-Dec-17,505,5:33:00 AM,Thursday,Dundas at Broadview,Mechanical,27,33,N/B,1577
28-Dec-17,501,5:34:00 AM,Thursday,Queen and Roncesvalles,Mechanical,6,12,W/B,4237
28-Dec-17,505,5:36:00 AM,Thursday,Broadview at Dundas,Mechanical,8,15,N/B,8900
28-Dec-17,505,5:36:00 AM,Thursday,Dundas West station,Mechanical,8,16,E/B,1769
28-Dec-17,510,5:37:00 AM,Thursday,Leslie yard,Late Leaving Garage,5,10,W/B,4439
28-Dec-17,509,5:38:00 AM,Thursday,Leslie Yard,Late Leaving Garage,5,10,W/B,4411
28-Dec-17,512,5:39:00 AM,Thursday,Leslie Yard,Late Leaving Garage,5,10,W/B,4436
28-Dec-17,505,5:42:00 AM,Thursday,Broadview at Dundas,Mechanical,15,21,N/B,1015
28-Dec-17,512,5:42:00 AM,Thursday,Russell yard.,Mechanical,4,8,W/B,
28-Dec-17,512,5:42:00 AM,Thursday,Yonge and St Clair,Mechanical,4,8,W/B,4069
28-Dec-17,509,5:44:00 AM,Thursday,Leslie Yard,Late Leaving Garage,5,10,W/B,4451
28-Dec-17,514,5:44:00 AM,Thursday,Leslie Yard,Late Leaving Garage,39,1,E/B,4449
28-Dec-17,501,5:44:00 AM,Thursday,Queen at Connaught,Late Leaving Garage,8,16,E/B,4117
28-Dec-17,505,5:44:00 AM,Thursday,Dundas West Station,Mechanical,16,24,E/B,8581
28-Dec-17,514,5:46:00 AM,Thursday,Leslie Yard,Late Leaving Garage,8,16,W/B,4452
28-Dec-17,504,5:47:00 AM,Thursday,Leslie Yard,Late Leaving Garage,4,8,W/B,4443
28-Dec-17,505,5:48:00 AM,Thursday,Broadview at Dundas,Mechanical,21,27,N/B,1758
28-Dec-17,504,5:52:00 AM,Thursday,Roncy Yard,Mechanical,4,8,W/B,4189
28-Dec-17,510,5:54:00 AM,Thursday,Leslie Yard,Late Leaving Garage,4,8,W/B,4420
28-Dec-17,510,5:56:00 AM,Thursday,Leslie Yard,Late Leaving Garage,5,10,W/B,4413
28-Dec-17,514,5:58:00 AM,Thursday,Leslie Yard,Late Leaving Garage,8,16,E/B,4422
28-Dec-17,506,5:58:00 AM,Thursday,Coxwell and Gerrard,Late Leaving Garage,7,14,E/B,4120
28-Dec-17,514,6:00:00 AM,Thursday,Leslie Yard,Late Leaving Garage,8,16,E/B,4422
28-Dec-17,504,6:00:00 AM,Thursday,Leslie Yard,Late Leaving Garage,4,8,E/B,4441
28-Dec-17,512,6:01:00 AM,Thursday,River and Queen,Investigation,4,8,W/B,4400
28-Dec-17,501,6:03:00 AM,Thursday,Queen and River,Investigation,17,23,W/B,4132
28-Dec-17,505,6:03:00 AM,Thursday,Dundas West station,Mechanical,6,12,E/B,7903
28-Dec-17,514,6:04:00 AM,Thursday,Leslie Yard,Late Leaving Garage,8,16,E/B,4402
28-Dec-17,506,6:04:00 AM,Thursday,Roncy Yard,Mechanical,5,10,E/B,4182
28-Dec-17,501,6:05:00 AM,Thursday,Queen at Connaught,Late Leaving Garage,5,13,E/B,4161
28-Dec-17,510,6:07:00 AM,Thursday,Leslie Yard,Late Leaving Garage,5,10,E/B,4403
28-Dec-17,504,6:09:00 AM,Thursday,Roncy Yard,Mechanical,4,8,W/B,4187
28-Dec-17,506,6:09:00 AM,Thursday,Roncesvalles Yard.,Mechanical,6,12,W/B,
28-Dec-17,506,6:12:00 AM,Thursday,Russell yard.,Mechanical,6,12,E/B,
28-Dec-17,501,6:15:00 AM,Thursday,Roncesvalles yard,Mechanical,6,12,E/B,0
28-Dec-17,501,6:15:00 AM,Thursday,Roncy Yard,Mechanical,6,12,E/B,4047
28-Dec-17,514,6:16:00 AM,Thursday,Leslie Yard,Late Leaving Garage,8,16,E/B,4418
28-Dec-17,504,6:17:00 AM,Thursday,Roncy Yard,Mechanical,4,12,W/B,4111
28-Dec-17,514,6:19:00 AM,Thursday,Leslie Yard,Late Leaving Garage,8,16,E/B,4412
28-Dec-17,501,6:19:00 AM,Thursday,Russell Yard,Mechanical,6,12,E/B,0
28-Dec-17,512,6:19:00 AM,Thursday,Avenue rd. and St Clair,Mechanical,4,8,E/B,4157
28-Dec-17,512,6:19:00 AM,Thursday,Avenue rd. and St clair,Mechanical,4,8,E/B,4157
28-Dec-17,505,6:20:00 AM,Thursday,Dundas west station,Mechanical,4,8,E/B,1631
28-Dec-17,506,6:21:00 AM,Thursday,Russell yard.,Mechanical,6,12,E/B,
28-Dec-17,501,6:25:00 AM,Thursday,Queen and Roncesvalles,Mechanical,6,12,E/B,0
28-Dec-17,506,6:26:00 AM,Thursday,Roncesvalles Yard.,Mechanical,6,12,W/B,
28-Dec-17,504,6:27:00 AM,Thursday,Leslie Yard,Late Leaving Garage,4,8,W/B,4437
28-Dec-17,501,6:28:00 AM,Thursday,Queen and Greenwood,Mechanical,6,12,E/B,4228
28-Dec-17,504,6:30:00 AM,Thursday,Roncy Yard,Mechanical,0,0,E/B,
28-Dec-17,501,6:30:00 AM,Thursday,Roncy Yard,Mechanical,6,12,E/B,4127
28-Dec-17,501,6:30:00 AM,Thursday,Roncesvalles Yard,Mechanical,6,12,E/B,4127
28-Dec-17,514,6:32:00 AM,Thursday,Leslie Yard,Late Leaving Garage,8,16,W/B,4433
28-Dec-17,501,6:34:00 AM,Thursday,Russell Yard,Mechanical,6,12,E/B,
28-Dec-17,514,6:35:00 AM,Thursday,Leslie Yard,Late Leaving Garage,8,16,W/B,4414
28-Dec-17,506,6:36:00 AM,Thursday,Roncy Yard,Mechanical,5,10,E/B,4154
28-Dec-17,506,6:37:00 AM,Thursday,Russell yard.,Mechanical,6,12,E/B,
28-Dec-17,502,6:37:00 AM,Thursday,Queen and Yonge,Mechanical,8,16,E/B,8134
28-Dec-17,504,6:38:00 AM,Thursday,Queen and Broadview,Late Leaving Garage,14,18,W/B,4176
28-Dec-17,505,6:38:00 AM,Thursday,Dundas West station,Mechanical,4,8,E/B,
28-Dec-17,510,6:39:00 AM,Thursday,Leslie Yard,Late Leaving Garage,4,8,W/B,4453
28-Dec-17,514,6:40:00 AM,Thursday,Leslie Yard,Late Leaving Garage,8,16,W/B,4454
28-Dec-17,501,6:41:00 AM,Thursday,Queen and Mc Caul,Mechanical,6,12,W/B,4214
28-Dec-17,501,6:44:00 AM,Thursday,Russell Yard,Mechanical,6,12,E/B,0
28-Dec-17,501,6:44:00 AM,Thursday,Queen at Connaught,Late Leaving Garage,15,22,E/B,4180
28-Dec-17,506,6:45:00 AM,Thursday,Russell yard,Mechanical,6,12,E/B,
28-Dec-17,510,6:48:00 AM,Thursday,Leslie Yard,Late Leaving Garage,4,8,W/B,4440
28-Dec-17,506,6:49:00 AM,Thursday,Roncesvalles Yard.,Mechanical,6,12,W/B,
28-Dec-17,504,6:50:00 AM,Thursday,Roncy Yard,Mechanical,0,0,E/B,
28-Dec-17,510,6:57:00 AM,Thursday,Leslie Yard,Late Leaving Garage,4,8,W/B,4429
28-Dec-17,504,7:00:00 AM,Thursday,Roncy Yard,Mechanical,0,0,E/B,
28-Dec-17,501,7:02:00 AM,Thursday,Russell Yard,Mechanical,6,12,E/B,0
28-Dec-17,506,7:04:00 AM,Thursday,Russell yard.,Mechanical,6,12,E/B,
28-Dec-17,501,7:05:00 AM,Thursday,Roncesvalles Yard,Mechanical,6,12,E/B,0
28-Dec-17,510,7:06:00 AM,Thursday,Leslie Yard,Late Leaving Garage,4,8,W/B,4434
28-Dec-17,506,7:10:00 AM,Thursday,Parliament and college,Mechanical,6,12,W/B,4146
28-Dec-17,506,7:11:00 AM,Thursday,Russell Yard.,Mechanical,6,12,E/B,
28-Dec-17,510,7:15:00 AM,Thursday,Leslie Yard,Late Leaving Garage,4,8,W/B,4412
28-Dec-17,506,7:15:00 AM,Thursday,Roncesvalles Yard,Mechanical,6,12,W/B,
28-Dec-17,501,7:20:00 AM,Thursday,Queen and Logan,Mechanical,6,12,E/B,4119
28-Dec-17,505,7:20:00 AM,Thursday,Broadview Station,Mechanical,6,12,W/B,4190
28-Dec-17,501,7:20:00 AM,Thursday,Roncesvalles Yard,Mechanical,6,12,E/B,0
28-Dec-17,511,7:33:00 AM,Thursday,Bathurst at King,Mechanical,3,6,N/B,1591
28-Dec-17,506,7:58:00 AM,Thursday,High park loop,Mechanical,6,12,E/B,4153
28-Dec-17,504,8:09:00 AM,Thursday,King & Church,Mechanical,6,10,W/B,4086
28-Dec-17,506,8:15:00 AM,Thursday,High park loop.,Mechanical,6,12,E/B,4091
28-Dec-17,504,8:31:00 AM,Thursday,Broadview Station,Mechanical,5,10,N/B,4104
28-Dec-17,501,8:41:00 AM,Thursday,Queen and Lansdown,Investigation,6,12,W/B,8403
28-Dec-17,501,8:42:00 AM,Thursday,Queen and River,Mechanical,25,31,W/B,4208
28-Dec-17,502,8:45:00 AM,Thursday,Queen and Unniversity,Mechanical,8,16,W/B,8156
28-Dec-17,501,8:50:00 AM,Thursday,Queen and River st,Utilized Off Route,31,37,W/B,4018
28-Dec-17,501,8:52:00 AM,Thursday,Queen and Roncesvalles,Mechanical,6,12,E/B,4042
28-Dec-17,510,9:10:00 AM,Thursday,Spadina at King,Mechanical,4,7,N/B,
28-Dec-17,510,9:12:00 AM,Thursday,Spadina at King,Mechanical,7,12,N/B,
28-Dec-17,504,9:31:00 AM,Thursday,Roncesvalles & Howard Prk,Mechanical,4,8,W/B,4171
28-Dec-17,504,10:30:00 AM,Thursday,Broadview Station,Mechanical,5,10,N/B,4135
28-Dec-17,504,10:45:00 AM,Thursday,Dundas West Station,Mechanical,5,10,S/B,4199
28-Dec-17,504,11:00:00 AM,Thursday,Broadview Stn,Mechanical,1,1,S/B,4139
28-Dec-17,505,11:16:00 AM,Thursday,Broadview Station,Mechanical,6,12,W/B,4030
28-Dec-17,504,12:09:00 PM,Thursday,Church and King,Overhead - Pantograph,141,148,E/B,4153
28-Dec-17,506,12:19:00 PM,Thursday,Landsdowne and St Clair,Diversion,51,57,W/B,4178
28-Dec-17,506,12:25:00 PM,Thursday,Landsdown and St Clair,Investigation,4,8,W/B,4447
28-Dec-17,504,12:49:00 PM,Thursday,Dundas West Stn,Mechanical,5,10,E/B,4103
28-Dec-17,501,2:20:00 PM,Thursday,Russel yard,Mechanical,5,10,W/B,4228
28-Dec-17,506,2:35:00 PM,Thursday,Carlton and Church,Mechanical,6,12,E/B,4074
28-Dec-17,501,3:10:00 PM,Thursday,Queen and University,Mechanical,6,12,E/B,1399
28-Dec-17,506,3:11:00 PM,Thursday,Main station,Mechanical,6,12,W/B,4004
28-Dec-17,501,3:12:00 PM,Thursday,Queen and McCaul,Diversion,76,86,E/B,4161
28-Dec-17,506,3:25:00 PM,Thursday,College and Lansdowne,Mechanical,6,12,E/B,4078
28-Dec-17,505,3:40:00 PM,Thursday,Spadina and Dundas,Mechanical,6,12,W/B,4094
28-Dec-17,506,4:10:00 PM,Thursday,Coxwell and Gerrard,Mechanical,6,12,E/B,4178
28-Dec-17,501,4:44:00 PM,Thursday,Lakeshore and Kipling,Mechanical,6,12,W/B,1410
28-Dec-17,505,5:35:00 PM,Thursday,Dundas West Station,Mechanical,6,12,W/B,4165
28-Dec-17,501,6:16:00 PM,Thursday,Queen and Dunn,Mechanical,6,12,E/B,4048
28-Dec-17,514,6:30:00 PM,Thursday,Destillery Loop,Investigation,9,18,W/B,4452
28-Dec-17,501,6:35:00 PM,Thursday,Queen and Roncy,Mechanical,6,12,W/B,4228
28-Dec-17,501,6:38:00 PM,Thursday,Lakeshore and 5th,Mechanical,6,12,E/B,1075
28-Dec-17,501,6:43:00 PM,Thursday,neville park,Mechanical,6,12,W/B,4202
28-Dec-17,509,7:07:00 PM,Thursday,fleet loop,Mechanical,5,10,W/B,4410
28-Dec-17,805,7:25:00 PM,Thursday,Queen and Broadview,Mechanical,6,12,W/B,8359
28-Dec-17,506,8:37:00 PM,Thursday,Gerrard and Marjory,Held By,8,16,E/B,4082
28-Dec-17,506,10:31:00 PM,Thursday,College and Spadina,Mechanical,6,12,W/B,4042
28-Dec-17,504,11:05:00 PM,Thursday,High Park & Roncesvalles,Held By,5,13,W/B,4143
28-Dec-17,506,11:21:00 PM,Thursday,Main station,Mechanical,8,16,W/B,4120
28-Dec-17,512,11:46:00 PM,Thursday,Gunns Loop,Mechanical,6,12,E/B,4003
28-Dec-17,511,11:50:00 PM,Thursday,bathurst station,Mechanical,5,10,S/B,8328
29-Dec-17,501,12:05:00 AM,Friday,Queen and Dufferin,Mechanical,7,15,E/B,1279
29-Dec-17,306,1:37:00 AM,Friday,College/Grace,Held By,27,36,W/B,4082
29-Dec-17,301,2:06:00 AM,Friday,Queen and Roncy,Utilized Off Route,8,15,E/B,1413
29-Dec-17,504,4:48:00 AM,Friday,Roncesvalles and Queen,Mechanical,4,10,E/B,4014
29-Dec-17,505,5:01:00 AM,Friday,Russel Yard,Late Leaving Garage,5,10,E/B,4119
29-Dec-17,506,5:07:00 AM,Friday,Howard Park and Roncesvalles,Mechanical,15,15,E/B,4147
29-Dec-17,512,5:08:00 AM,Friday,Russel Yard,Mechanical,3,6,W/B,4068
29-Dec-17,505,5:09:00 AM,Friday,Rtussel Yard,Late Leaving Garage,5,10,E/B,4121
29-Dec-17,505,5:09:00 AM,Friday,Dundas West Station,Mechanical,0,0,E/B,
29-Dec-17,505,5:13:00 AM,Friday,Dundas West Stn,Mechanical,0,0,E/B,
29-Dec-17,501,5:14:00 AM,Friday,Russell Yard,Late Leaving Garage,6,12,E/B,4133
29-Dec-17,505,5:17:00 AM,Friday,Dundas West Stn,Mechanical,0,0,E/B,
29-Dec-17,505,5:17:00 AM,Friday,Russel Yard,Late Leaving Garage,5,10,E/B,4117
29-Dec-17,506,5:22:00 AM,Friday,Howard Park and Roncesvalles,Mechanical,15,28,E/B,
29-Dec-17,505,5:25:00 AM,Friday,Dundas West Stn,Mechanical,0,0,E/B,
29-Dec-17,505,5:33:00 AM,Friday,Dundas west Stn,Mechanical,6,12,E/B,4186
29-Dec-17,506,5:35:00 AM,Friday,Howard Park and Roncy,Mechanical,13,23,E/B,
29-Dec-17,505,5:37:00 AM,Friday,Dundas West Stn,Mechanical,6,13,E/B,
29-Dec-17,501,5:44:00 AM,Friday,Russel Yard,Late Leaving Garage,6,12,E/B,4027
29-Dec-17,506,5:45:00 AM,Friday,Howard Park and Roncesvalles,Mechanical,10,12,E/B,
29-Dec-17,506,5:47:00 AM,Friday,Howard Park and Roncesvalles,Mechanical,2,8,E/B,4155
29-Dec-17,505,5:49:00 AM,Friday,Dundas West Stn,Mechanical,6,12,E/B,
29-Dec-17,506,5:53:00 AM,Friday,Howard Park and Roncesvalles,Mechanical,6,10,E/B,
29-Dec-17,504,5:54:00 AM,Friday,Roncesvalles and Queen,Mechanical,4,8,E/B,4079
29-Dec-17,510,5:54:00 AM,Friday,Spadina and King,Late Leaving Garage,8,16,N/B,4418
29-Dec-17,509,5:56:00 AM,Friday,Bathurst and Fleet,Late Leaving Garage,6,12,W/B,4410
29-Dec-17,501,5:56:00 AM,Friday,Mnt dennis garage,Mechanical,6,12,W/B,1529
29-Dec-17,514,5:58:00 AM,Friday,King and Parliament,Late Leaving Garage,8,16,W/B,4425
29-Dec-17,514,6:00:00 AM,Friday,King and Parliament,Late Leaving Garage,8,16,W/B,4419
29-Dec-17,504,6:03:00 AM,Friday,Broadview and Queen,Late Leaving Garage,3,6,E/B,4409
29-Dec-17,514,6:04:00 AM,Friday,king and Parliament,Late Leaving Garage,8,16,W/B,4441
29-Dec-17,506,6:04:00 AM,Friday,Howard Park and Roncesvalles,Mechanical,11,16,E/B,
29-Dec-17,501,6:05:00 AM,Friday,Queen and Coxwell,Mechanical,6,12,E/B,4222
29-Dec-17,510,6:07:00 AM,Friday,King and Spadina,Late Leaving Garage,8,16,N/B,4430
29-Dec-17,506,6:09:00 AM,Friday,Howard Park and Roncesvalles,Mechanical,5,13,E/B,
29-Dec-17,505,6:09:00 AM,Friday,Dundas West Stn,Mechanical,4,8,E/B,
29-Dec-17,501,6:14:00 AM,Friday,Queen and Roncesvalles,Mechanical,6,12,E/B,4191
29-Dec-17,514,6:16:00 AM,Friday,King and Parliament,Late Leaving Garage,8,16,W/B,4423
29-Dec-17,514,6:19:00 AM,Friday,King and Parliament,Late Leaving Garage,8,16,W/B,4450
29-Dec-17,506,6:21:00 AM,Friday,Howard Park and Roncesvalles,Mechanical,4,9,E/B,
29-Dec-17,506,6:26:00 AM,Friday,Howard Park and Roncesvalles,Mechanical,5,11,E/B,4160
29-Dec-17,504,6:27:00 AM,Friday,Broadview and Queen,Late Leaving Garage,3,6,E/B,4400
29-Dec-17,512,6:27:00 AM,Friday,Tweedsmere and St Clair,Mechanical,4,8,E/B,4443
29-Dec-17,505,6:27:00 AM,Friday,Dundas West Stn,Mechanical,6,11,E/B,
29-Dec-17,514,6:32:00 AM,Friday,King and Parliament,Late Leaving Garage,8,16,W/B,4451
29-Dec-17,514,6:35:00 AM,Friday,King and Parliament,Late Leaving Garage,8,16,W/B,4406
29-Dec-17,506,6:36:00 AM,Friday,Howard Park and Roncesvalles.,Mechanical,4,8,E/B,
29-Dec-17,510,6:39:00 AM,Friday,Spadina and King,Late Leaving Garage,4,8,N/B,4415
29-Dec-17,506,6:40:00 AM,Friday,Howard Park and Roncesvalles,Mechanical,4,8,E/B,
29-Dec-17,514,6:40:00 AM,Friday,King and Parliament,Late Leaving Garage,8,16,W/B,4404
29-Dec-17,510,6:48:00 AM,Friday,King and Spadina,Late Leaving Garage,4,8,N/B,4414
29-Dec-17,506,6:49:00 AM,Friday,Howard Park and Roncesvalles,Mechanical,4,9,E/B,
29-Dec-17,510,6:57:00 AM,Friday,King and Parliament,Late Leaving Garage,4,8,N/B,4455
29-Dec-17,501,7:00:00 AM,Friday,Neville park Loop,Mechanical,6,12,W/B,4251
29-Dec-17,506,7:06:00 AM,Friday,Howard Park and Roncesvalles,Mechanical,3,8,E/B,
29-Dec-17,510,7:06:00 AM,Friday,King and Spadina,Late Leaving Garage,4,8,N/B,4457
29-Dec-17,506,7:15:00 AM,Friday,Howard Park and Roncesvalles,Mechanical,4,8,E/B,
29-Dec-17,510,7:15:00 AM,Friday,King and Spadina,Late Leaving Garage,4,8,N/B,4439
29-Dec-17,506,7:28:00 AM,Friday,Howard Park and Roncy,Mechanical,4,8,E/B,
29-Dec-17,506,7:29:00 AM,Friday,Yonge and St Clair,Mechanical,4,8,W/B,4443
29-Dec-17,501,8:14:00 AM,Friday,Queen and Connaught,Mechanical,6,12,W/B,4237
29-Dec-17,514,9:23:00 AM,Friday,King and Dufferin,Diversion,30,45,W/B,4404
29-Dec-17,502,11:10:00 AM,Friday,Queen and Parliament,Mechanical,6,12,B/W,8112
29-Dec-17,510,11:26:00 AM,Friday,Charlotte Loop,Mechanical,4,8,S/B,4430
29-Dec-17,504,12:01:00 PM,Friday,Spadina and King,Mechanical,5,10,W/B,4400
29-Dec-17,501,1:02:00 PM,Friday,Roncesvalles and Queen,Mechanical,5,10,W/B,4228
29-Dec-17,504,2:03:00 PM,Friday,Roncy yard,Mechanical,4,8,W/B,4185
29-Dec-17,501,2:03:00 PM,Friday,Neville Loop,Mechanical,5,10,W/B,4164
29-Dec-17,511,2:05:00 PM,Friday,Bathurst Stn,Mechanical,5,10,S/B,7028
29-Dec-17,501,3:42:00 PM,Friday,Ossington and Queen,Investigation,5,10,W/B,4143
29-Dec-17,504,4:37:00 PM,Friday,Ronc and High Park,Investigation,4,8,E/B,4180
29-Dec-17,501,4:41:00 PM,Friday,Roncesvalles and Queen,Mechanical,5,10,W/B,4181
29-Dec-17,504,5:00:00 PM,Friday,Both ways King,General Delay,12,16,E/B,
29-Dec-17,501,5:03:00 PM,Friday,Roncesvales Yard.,Mechanical,5,10,W/B,4208
29-Dec-17,501,5:17:00 PM,Friday,Roncesvalles and Queen,Mechanical,5,10,W/B,4034
29-Dec-17,501,5:39:00 PM,Friday,Connaught and Queen,Mechanical,5,10,E/B,4117
29-Dec-17,512,5:44:00 PM,Friday,St. Clair/ Christie,Mechanical,38,38,E/B,4167
29-Dec-17,504,5:50:00 PM,Friday,King at Sherbourne,Mechanical,4,8,E/B,4065
29-Dec-17,501,6:28:00 PM,Friday,Bathurst and Queen,Mechanical,5,10,W/B,4071
29-Dec-17,512,7:39:00 PM,Friday,SC.W,Held By,12,8,W/B,4422
29-Dec-17,501,8:00:00 PM,Friday,Sunnyside Loop,Mechanical,5,10,W/B,4021
29-Dec-17,504,8:30:00 PM,Friday,king/John,General Delay,8,13,W/B,4199
29-Dec-17,501,9:05:00 PM,Friday,Parliament & Queen,Investigation,147,153,E/B,4021
29-Dec-17,511,10:15:00 PM,Friday,bathurst/college,Mechanical,6,12,N/B,1201
29-Dec-17,506,10:44:00 PM,Friday,Gerrard/ Pape,Mechanical,7,14,W/B,4163
29-Dec-17,509,11:25:00 PM,Friday,queens quay/reese,Investigation,23,30,N/B,4445
29-Dec-17,510,11:25:00 PM,Friday,queens quay / reese,Held By,23,30,N/B,4435
30-Dec-17,506,12:57:00 AM,Saturday,Main Stn.,Mechanical,8,17,N/B,4004
30-Dec-17,501,4:45:00 AM,Saturday,Russell Garage,Mechanical,6,26,W/B,4222
30-Dec-17,501,4:55:00 AM,Saturday,Russell Yard,Mechanical,8,16,E/B,4202
30-Dec-17,506,5:33:00 AM,Saturday,Russell Yard,Mechanical,8,15,N/B,4135
30-Dec-17,506,6:51:00 AM,Saturday,Coxwell and Gerrard,Mechanical,16,18,W/B,4123
30-Dec-17,501,7:00:00 AM,Saturday,Shaw to Roncesvalles,Diversion,6,12,W/B,4143
30-Dec-17,512,8:13:00 AM,Saturday,St. Clair west Station,Mechanical,5,10,W/B,4101
30-Dec-17,506,8:17:00 AM,Saturday,Roncesvalles Garage,Mechanical,7,14,E/B,4030
30-Dec-17,506,9:16:00 AM,Saturday,Roncesvalles Garage,Mechanical,8,16,E/B,4081
30-Dec-17,501,9:22:00 AM,Saturday,Long Branch - Dufferin Loop,Utilized Off Route,6,12,B/W,
30-Dec-17,504,9:22:00 AM,Saturday,Roncesvalles Yard,Mechanical,7,14,N/B,4180
30-Dec-17,504,9:27:00 AM,Saturday,Roncesvalles Yard,Mechanical,7,14,N/B,4079
30-Dec-17,506,9:29:00 AM,Saturday,Russell Garage,Mechanical,7,14,E/B,4047
30-Dec-17,501,9:32:00 AM,Saturday,Roncesvalles Yard,Mechanical,7,13,E/B,4066
30-Dec-17,506,9:45:00 AM,Saturday,Roncesvalles Garage,Mechanical,8,16,E/B,4147
30-Dec-17,501,10:00:00 AM,Saturday,Russell Garage,Mechanical,6,12,W/B,4069
30-Dec-17,501,10:03:00 AM,Saturday,islington,Mechanical,6,12,W/B,1003
30-Dec-17,505,10:08:00 AM,Saturday,Queens Quay atr Ferry Docks,Mechanical,0,0,E/B,4441
30-Dec-17,512,10:15:00 AM,Saturday,Russell Garage,Mechanical,5,10,E/B,4004
30-Dec-17,504,11:02:00 AM,Saturday,Spadina / King,Mechanical,7,14,W/B,4180
30-Dec-17,501,11:08:00 AM,Saturday,Neville,Mechanical,6,12,W/B,4039
30-Dec-17,504,11:33:00 AM,Saturday,Langley / Broadview,Mechanical,23,30,N/B,4133
30-Dec-17,512,1:07:00 PM,Saturday,Keele and St. Clair,Emergency Services,5,10,E/B,4430
30-Dec-17,504,1:44:00 PM,Saturday,Dundas West Stn,Mechanical,6,12,E/B,4176
30-Dec-17,501,2:15:00 PM,Saturday,Queen at University,Mechanical,5,11,E/B,4024
30-Dec-17,506,2:26:00 PM,Saturday,High Park Loop,Mechanical,7,14,W/B,4149
30-Dec-17,512,2:37:00 PM,Saturday,St. Clair West Station,Investigation,5,10,E/B,4405
30-Dec-17,510,2:47:00 PM,Saturday,York and Queensquay,Investigation,17,25,W/B,4443
30-Dec-17,501,2:51:00 PM,Saturday,Roncy Yard,Mechanical,5,11,B/W,4145
30-Dec-17,511,3:01:00 PM,Saturday,Fleet Bathurst,Emergency Services,43,8,W/B,
30-Dec-17,501,3:21:00 PM,Saturday,Mccaul and Queen,Utilized Off Route,5,11,W/B,4229
30-Dec-17,506,3:24:00 PM,Saturday,Summach and Gerrard,Mechanical,5,10,E/B,4115
30-Dec-17,506,3:29:00 PM,Saturday,Sumach abd Gerrard,Mechanical,6,12,E/B,4115
30-Dec-17,511,4:29:00 PM,Saturday,cne loop,Investigation,4,8,N/B,8365
30-Dec-17,506,5:06:00 PM,Saturday,Coxwell and Fairfont,Held By,9,14,W/B,4198
30-Dec-17,501,5:50:00 PM,Saturday,Long branch Loop,Investigation,8,16,E/B,1598
30-Dec-17,501,8:46:00 PM,Saturday,Queen and Cannought,Mechanical,8,16,W/B,4170
30-Dec-17,506,8:48:00 PM,Saturday,Dundas and Sterling,Mechanical,7,14,W/B,4030
30-Dec-17,501,8:49:00 PM,Saturday,Queen and B'view,Mechanical,6,12,w/B,4228
30-Dec-17,505,8:50:00 PM,Saturday,dundas west station,Mechanical,10,20,E/B,4004
30-Dec-17,501,9:05:00 PM,Saturday,Parliament & Queen,Investigation,147,153,E/B,4021
30-Dec-17,501,9:30:00 PM,Saturday,Queen and B'view,Utilized Off Route,6,12,W/B,4228
30-Dec-17,512,10:35:00 PM,Saturday,St. Clair and Old Weston Rd,Held By,9,16,E/B,4410
30-Dec-17,505,10:43:00 PM,Saturday,dundas/howard park,Mechanical,16,26,E/B,4085
30-Dec-17,512,11:59:00 PM,Saturday,St. Clair STN,Mechanical,10,20,W/B,4427
31-Dec-17,501,12:03:00 AM,Sunday,Queen and Parliament,Mechanical,10,20,E/B,4202
31-Dec-17,501,12:19:00 AM,Sunday,Queen and Dufferin,Mechanical,8,16,W/B,8016
31-Dec-17,501,12:59:00 AM,Sunday,Queen and Cannought,Mechanical,10,20,E/B,4052
31-Dec-17,506,1:45:00 AM,Sunday,Gerrard and Broadview,Investigation,10,20,E/B,4135
31-Dec-17,301,2:24:00 AM,Sunday,King and River,Mechanical,10,20,E/B,4228
31-Dec-17,510,4:03:00 AM,Sunday,Union / Queens Quay tunnell - platform,Held By,51,76,W/B,4446
31-Dec-17,505,5:18:00 AM,Sunday,Roncesvalles Yard,Mechanical,11,0,N/B,4077
31-Dec-17,501,5:32:00 AM,Sunday,Long Branch,Mechanical,6,12,W/B,7904
31-Dec-17,501,5:42:00 AM,Sunday,Russell Yard,Mechanical,7,14,E/B,4134
31-Dec-17,506,6:05:00 AM,Sunday,Russell Yard,Mechanical,10,20,N/B,4105
31-Dec-17,501,6:20:00 AM,Sunday,Roncesvalles Yard,Mechanical,7,14,B/W,4153
31-Dec-17,506,7:10:00 AM,Sunday,Roncesvalle Yard,Mechanical,10,20,E/B,4179
31-Dec-17,504,7:12:00 AM,Sunday,Dufferin / King,General Delay,8,16,W/B,4417
31-Dec-17,510,7:17:00 AM,Sunday,Queens Quay,General Delay,340,340,B/W,0
31-Dec-17,512,7:56:00 AM,Sunday,Leslie Barns Yard,Mechanical,7,13,W/B,4445
31-Dec-17,504,8:16:00 AM,Sunday,Broadview/ Queen,Mechanical,7,14,E/B,4448
31-Dec-17,510,8:35:00 AM,Sunday,Leslie Barns Yard,Mechanical,12,24,S/B,4421
31-Dec-17,504,8:41:00 AM,Sunday,Roncesvalles Yard,Mechanical,6,13,N/B,4146
31-Dec-17,504,9:17:00 AM,Sunday,Leslie Barns Yard,Mechanical,17,25,W/B,4443
31-Dec-17,501,10:04:00 AM,Sunday,University / Queen,Emergency Services,14,20,B/W,1361
31-Dec-17,504,10:32:00 AM,Sunday,University / King,Mechanical,7,13,W/B,4171
31-Dec-17,504,11:02:00 AM,Sunday,Queen / Broadview,Mechanical,6,13,E/B,4437
31-Dec-17,501,11:55:00 AM,Sunday,Queen and Kipling,Mechanical,5,10,E/B,1051
31-Dec-17,504,1:00:00 PM,Sunday,504 King Line,General Delay,5,8,B/W,
31-Dec-17,501,1:06:00 PM,Sunday,Neville Loop,Mechanical,15,20,W/B,4110
31-Dec-17,504,1:06:00 PM,Sunday,Dundas West Stn,Mechanical,8,16,E/B,4177
31-Dec-17,501,1:06:00 PM,Sunday,Neville Loop,Mechanical,20,25,W/B,4029
31-Dec-17,506,1:21:00 PM,Sunday,Gerrard Sumach,Mechanical,37,43,E/B,4069
31-Dec-17,505,1:35:00 PM,Sunday,Broadview Stn,Held By,15,22,N/B,4067
31-Dec-17,512,1:38:00 PM,Sunday,St Clair West Station,Overhead - Pantograph,7,45,E/B,4422
31-Dec-17,505,2:00:00 PM,Sunday,Broadview Stn,Mechanical,6,12,S/B,4001
31-Dec-17,510,2:00:00 PM,Sunday,Queens Quay,Mechanical,4,8,S/B,4456
31-Dec-17,501,2:44:00 PM,Sunday,Roncesvalles and Queen,Mechanical,5,10,E/B,4191
31-Dec-17,504,2:50:00 PM,Sunday,Broadview Stn,Mechanical,8,16,W/B,4407
31-Dec-17,505,2:52:00 PM,Sunday,Broadview,Mechanical,6,12,S/B,4120
31-Dec-17,505,3:36:00 PM,Sunday,Sterling St,Mechanical,14,6,E/B,4160
31-Dec-17,501,3:56:00 PM,Sunday,Lakeshore and 22nd Street,Mechanical,5,10,E/B,1418
31-Dec-17,501,3:59:00 PM,Sunday,Queen Street and Simcoe Street,Mechanical,19,24,W/B,4035
31-Dec-17,506,4:47:00 PM,Sunday,Ossington and College,Mechanical,8,16,W/B,4127
31-Dec-17,505,5:05:00 PM,Sunday,Dundas West STN,Mechanical,8,16,E/B,4176
31-Dec-17,506,5:27:00 PM,Sunday,Main Station,Mechanical,8,16,E/B,4163
31-Dec-17,505,5:42:00 PM,Sunday,Dundas and Sherborne,Held By,8,16,E/B,4164
31-Dec-17,501,7:58:00 PM,Sunday,Queen,General Delay,7,15,B/W,
31-Dec-17,501,9:15:00 PM,Sunday,Queen and Neville park,Mechanical,12,24,W/B,4110
31-Dec-17,501,9:44:00 PM,Sunday,Queen and Dufferin,Mechanical,12,24,W/B,1419
31-Dec-17,510,10:15:00 PM,Sunday,Spadina and King,Mechanical,5,10,S/B,4447
31-Dec-17,505,10:30:00 PM,Sunday,Broadview and Gerrard,Mechanical,8,16,N/B,4167
