Report Date,Route,Time,Day,Location,Incident,Min Delay,Min Gap,Direction,Vehicle
1-Oct-18,52,12:50:00 AM,Monday,Mcnaughton and Airport,Mechanical,20,20,E/B,1243
1-Oct-18,53,1:15:00 AM,Monday,Kennedy and steeles,Utilized Off Route,10,20,W/B,1523
1-Oct-18,39,1:15:00 AM,Monday,Kennedy and finch,Utilized Off Route,10,20,W/B,1651
1-Oct-18,706,1:17:00 AM,Monday,WAST,Utilized Off Route,1,1,E/B,8439
1-Oct-18,60,1:51:00 AM,Monday,Village Gate and Steeles,Emergency Services,17,34,EB,8499
1-Oct-18,302,4:11:00 AM,Monday,Birchmount and Kingston,Emergency Services,30,60,N/B,8489
1-Oct-18,57,4:24:00 AM,Monday,Midland and Steeles,Late Leaving Garage,1,20,S/B,8646
1-Oct-18,72,4:34:00 AM,Monday,Front / Bay,Late Leaving Garage,30,60,S/B,7869
1-Oct-18,20,4:50:00 AM,Monday,Main Station,Late Leaving Garage,20,40,E/B,8936
1-Oct-18,96,4:54:00 AM,Monday,Arow garage POD Finch & Humberline,Late Leaving Garage,13,18,E/B,3161
1-Oct-18,67,5:05:00 AM,Monday,Danforth and Victoria Park,Late Leaving Garage,1,24,N/B,8728
1-Oct-18,86,5:10:00 AM,Monday,Sheppard Loop,Late Leaving Garage,16,27,S/B,8639
1-Oct-18,112,5:12:00 AM,Monday,REGW,Late Leaving Garage,15,30,S/B,7975
1-Oct-18,84,5:16:00 AM,Monday,Sheppard Station,Late Leaving Garage,9,19,W/B,3245
1-Oct-18,84,5:16:00 AM,Monday,PVST,Late Leaving Garage,20,40,E/B,
1-Oct-18,67,5:16:00 AM,Monday,Danforth & Victoria Park,Mechanical,1,24,N/B,8631
1-Oct-18,87,5:17:00 AM,Monday,MAIN STATION,Late Leaving Garage,5,10,W/B,8963
1-Oct-18,84,5:20:00 AM,Monday,RISH,Late Leaving Garage,24,55,E/B,3166
1-Oct-18,30,5:22:00 AM,Monday,HPSTN,Late Leaving Garage,20,40,W/B,8049
1-Oct-18,40,5:23:00 AM,Monday,Dundas w stn,Late Leaving Garage,6,12,N/B,8006
1-Oct-18,72,5:33:00 AM,Monday,pape station,Mechanical,17,34,S/B,7789
1-Oct-18,300,5:33:00 AM,Monday,Danforth and Danforth,Mechanical,10,35,W/B,8684
1-Oct-18,16,5:35:00 AM,Monday,warden station,Mechanical,18,36,S/B,7872
1-Oct-18,165,5:39:00 AM,Monday,Jane & Wilson,Mechanical,5,15,E/B,1336
1-Oct-18,171,5:40:00 AM,Monday,Mount Dennis Division,Mechanical,20,20,S/B,1005
1-Oct-18,52,5:41:00 AM,Monday,Martin Grove & Westway,Late Leaving Garage,12,24,E/B,1406
1-Oct-18,17,5:42:00 AM,Monday,warden station,Mechanical,1,1,S/B,8108
1-Oct-18,77,5:50:00 AM,Monday,RUST,Late Leaving Garage,10,25,S/B,1250
1-Oct-18,34,5:50:00 AM,Monday,Kennedy station,Late Leaving Garage,4,8,W/B,8756
1-Oct-18,66,5:50:00 AM,Monday,OLDMILL STN,Mechanical,20,40,N/B,8058
1-Oct-18,84,5:51:00 AM,Monday,SARR,Late Leaving Garage,5,11,E/B,3141
1-Oct-18,90,5:56:00 AM,Monday,wilson garage,Late Leaving Garage,5,10,S/B,1283
1-Oct-18,168,5:58:00 AM,Monday,AVLP,Late Leaving Garage,5,14,S/B,1037
1-Oct-18,69,5:58:00 AM,Monday,DF and Birchmount,Late Leaving Garage,1,1,S/B,8419
1-Oct-18,35,6:00:00 AM,Monday,PVST,Mechanical,9,18,S/B,3277
1-Oct-18,54,6:06:00 AM,Monday,Eglinton STN,Late Leaving Garage,9,18,E/B,8741
1-Oct-18,16,6:10:00 AM,Monday,warden station,Utilized Off Route,18,36,S/B,8941
1-Oct-18,79,6:10:00 AM,Monday,Pine & Lawrence,Mechanical,20,28,S/B,1068
1-Oct-18,7,6:12:00 AM,Monday,wilson garage,Late Leaving Garage,9,18,S/B,9015
1-Oct-18,133,6:14:00 AM,Monday,Morningside - Finch,Late Leaving Garage,11,22,S/B,1567
1-Oct-18,32,6:14:00 AM,Monday,PINE,Late Leaving Garage,6,12,E/B,1560
1-Oct-18,79,6:15:00 AM,Monday,Pine & Lawrence,Late Leaving Garage,8,17,S/B,1069
1-Oct-18,54,6:16:00 AM,Monday,Lawrence and Scarborough Golf,Late Leaving Garage,9,18,E/B,8694
1-Oct-18,100,6:22:00 AM,Monday,DonMills and Wynford,Late Leaving Garage,3,6,S/B,8736
1-Oct-18,39,6:25:00 AM,Monday,SELI,Late Leaving Garage,15,30,W/B,1559
1-Oct-18,45,6:35:00 AM,Monday,KPSN,Utilized Off Route,5,10,N/B,8023
1-Oct-18,47,6:37:00 AM,Monday,QLAN,Utilized Off Route,9,18,N/B,1062
1-Oct-18,935,6:39:00 AM,Monday,PVST,Late Leaving Garage,7,15,S/B,3128
1-Oct-18,79,6:39:00 AM,Monday,Scarlett & Lawrence,Utilized Off Route,21,30,S/B,1068
1-Oct-18,78,6:40:00 AM,Monday,York Mills Station,Late Leaving Garage,10,20,E/B,1369
1-Oct-18,188,6:40:00 AM,Monday,QNSY,Utilized Off Route,10,20,S/B,8042
1-Oct-18,66,6:40:00 AM,Monday,Parklawn and Lorine ave,Mechanical,12,24,S/B,8058
1-Oct-18,188,6:40:00 AM,Monday,CSSL,Utilized Off Route,10,20,N/B,8429
1-Oct-18,939,6:41:00 AM,Monday,MSNS,Late Leaving Garage,8,15,W/B,1769
1-Oct-18,12,6:41:00 AM,Monday,Bathurst and Antibes,Mechanical,7,18,E/B,1384
1-Oct-18,63,6:42:00 AM,Monday,Atlantic and King,Utilized Off Route,9,19,N/B,1392
1-Oct-18,41,6:44:00 AM,Monday,KSTN,Utilized Off Route,12,24,N/B,1079
1-Oct-18,95,6:45:00 AM,Monday,Uof T Loop,Late Leaving Garage,9,18,W/B,1651
1-Oct-18,315,6:46:00 AM,Monday,PVST,Late Leaving Garage,8,15,S/B,3159
1-Oct-18,91,6:48:00 AM,Monday,Woodbine Station,Late Leaving Garage,12,24,N/B,7819
1-Oct-18,91,6:48:00 AM,Monday,Woodbine STN,Late Leaving Garage,12,24,W/B,7819
1-Oct-18,45,6:50:00 AM,Monday,KPSN,Utilized Off Route,5,10,N/B,7929
1-Oct-18,134,6:53:00 AM,Monday,STC,Mechanical,18,36,E/B,9057
1-Oct-18,63,6:53:00 AM,Monday,Ossington Stn,Utilized Off Route,6,10,S/B,8374
1-Oct-18,63,6:55:00 AM,Monday,Atlantic and King,Utilized Off Route,3,10,N/B,8212
1-Oct-18,97,6:56:00 AM,Monday,York Mills Station,Mechanical,30,60,S/B,8304
1-Oct-18,985,7:00:00 AM,Monday,985 Sheppard Express Rout-All Brabnch,General Delay,12,21,B/W,9068
1-Oct-18,85,7:00:00 AM,Monday,85 Sheppard Route-All Branch,General Delay,10,19,B/W,1707
1-Oct-18,34,7:00:00 AM,Monday,34 Eglinton Route,General Delay,5,10,B/W,
1-Oct-18,100,7:00:00 AM,Monday,100 Flemingdon Park route,General Delay,3,6,B/W,
1-Oct-18,45,7:00:00 AM,Monday,ENTIRE ROUTE,General Delay,5,25,B/W,
1-Oct-18,95,7:00:00 AM,Monday,Between YKMS and KNRD,General Delay,20,40,B/W,
1-Oct-18,935,7:01:00 AM,Monday,JNST,Late Leaving Garage,85,15,S/B,3133
1-Oct-18,7,7:02:00 AM,Monday,wilson garage,Late Leaving Garage,17,34,S/B,9004
1-Oct-18,42,7:11:00 AM,Monday,Finch Station,Utilized Off Route,12,24,E/B,8375
1-Oct-18,939,7:13:00 AM,Monday,STC,Late Leaving Garage,7,15,W/B,1683
1-Oct-18,902,7:17:00 AM,Monday,Warden station,Late Leaving Garage,10,20,S/B,8457
1-Oct-18,122,7:18:00 AM,Monday,York Mills Station,Utilized Off Route,9,18,E/B,
1-Oct-18,102,7:22:00 AM,Monday,warden station,Utilized Off Route,20,40,S/B,8115
1-Oct-18,123,7:22:00 AM,Monday,Sherway gardens,Mechanical,18,36,N/B,7956
1-Oct-18,6,7:26:00 AM,Monday,SHQQ,Mechanical,5,10,N/B,1044
1-Oct-18,6,7:28:00 AM,Monday,DDUP,Late Leaving Garage,5,10,S/B,1081
1-Oct-18,70,7:30:00 AM,Monday,Warden STN + Coxwell STN + Craigton/Pharmacy,General Delay,25,30,B/W,
1-Oct-18,69,7:33:00 AM,Monday,Warden Station,Mechanical,12,24,B/W,8952
1-Oct-18,24,7:48:00 AM,Monday,Victoria Park Station,Mechanical,9,18,N/B,8403
1-Oct-18,53,7:55:00 AM,Monday,Kennedy and Steeles,Mechanical,13,26,E/B,9077
1-Oct-18,937,7:58:00 AM,Monday,Islington and Finch,Mechanical,10,20,S/B,7975
1-Oct-18,32,7:59:00 AM,Monday,ESTN,Mechanical,6,11,W/B,1204
1-Oct-18,16,8:00:00 AM,Monday,S.T.C to WAST,General Delay,10,19,B/W,
1-Oct-18,9,8:00:00 AM,Monday,WAST-S.T.C,General Delay,10,25,B/W,
1-Oct-18,17,8:00:00 AM,Monday,Finch and Birchmount,General Delay,10,17,S/B,
1-Oct-18,90,8:15:00 AM,Monday,st clair wstn / oakwood,General Delay,6,12,B/W,
1-Oct-18,32,8:20:00 AM,Monday,JAEG,Mechanical,10,20,E/B,1358
1-Oct-18,86,8:30:00 AM,Monday,Kinsgton between Highland Creek Bridge to Eglinton,General Delay,10,26,W/B,
1-Oct-18,63,8:30:00 AM,Monday,Eglinton West Stn to Atlantic and King,General Delay,120,9,B/W,
1-Oct-18,52,8:34:00 AM,Monday,Lawrence Station,Mechanical,6,18,W/B,1030
1-Oct-18,92,8:35:00 AM,Monday,Kingston & Woodbine,Diversion,9,30,S/B,7762
1-Oct-18,69,8:36:00 AM,Monday,Danforth & Warden,Investigation,12,24,B/W,8411
1-Oct-18,87,8:42:00 AM,Monday,MSTN,Utilized Off Route,5,10,W/B,8424
1-Oct-18,902,8:45:00 AM,Monday,warden station,Mechanical,10,20,S/B,8457
1-Oct-18,143,8:45:00 AM,Monday,Neville Loop,General Delay,5,35,W/B,
1-Oct-18,47,8:52:00 AM,Monday,Queen & Lansdowne,Utilized Off Route,9,18,N/B,1088
1-Oct-18,65,9:00:00 AM,Monday,CAST-BKFR,General Delay,9,21,B/W,
1-Oct-18,141,9:14:00 AM,Monday,Richmond/Jarvis,Investigation,25,25,S/B,1057
1-Oct-18,6,9:25:00 AM,Monday,Adelaide,Utilized Off Route,5,10,N/B,1126
1-Oct-18,52,9:27:00 AM,Monday,Braecrest & Westway,Mechanical,12,27,E/B,1014
1-Oct-18,135,9:30:00 AM,Monday,MSTN,Mechanical,1,1,E/B,7809
1-Oct-18,111,9:33:00 AM,Monday,kipling stn,Mechanical,14,28,N/B,7960
1-Oct-18,83,9:45:00 AM,Monday,DSTN -LSGA,General Delay,9,25,B/W,
1-Oct-18,85,9:47:00 AM,Monday,Kenneth and Sheppard,Mechanical,22,44,E/B,1501
1-Oct-18,53,10:15:00 AM,Monday,FSTN,Mechanical,10,15,E/B,1715
1-Oct-18,85,10:20:00 AM,Monday,Don Mills Station,Utilized Off Route,7,14,E/B,1680
1-Oct-18,165,10:21:00 AM,Monday,Weston and Flindon,Investigation,10,20,S/B,8536
1-Oct-18,935,10:24:00 AM,Monday,Trethewey Dr.,Emergency Services,9,18,N/B,3117
1-Oct-18,46,10:48:00 AM,Monday,Kip[ling stn,Mechanical,5,10,N/B,8593
1-Oct-18,32,11:00:00 AM,Monday,EVER,Mechanical,13,26,E/B,1207
1-Oct-18,56,11:27:00 AM,Monday,Eglinton Station,Utilized Off Route,18,36,E/B,8146
1-Oct-18,927,11:30:00 AM,Monday,SLPM,Mechanical,5,11,S/B,8597
1-Oct-18,124,11:42:00 AM,Monday,Lawrence Station,Mechanical,9,18,E/B,1334
1-Oct-18,132,11:51:00 AM,Monday,STC SRT,Late Leaving Garage,12,24,E/B,1710
1-Oct-18,52,12:10:00 PM,Monday,Lawrence & Avenue,Mechanical,13,26,W/B,1360
1-Oct-18,36,12:15:00 PM,Monday,Duncanwoods,Diversion,30,35,W/B,9128
1-Oct-18,53,12:54:00 PM,Monday,Steeles & Ferrier,Investigation,10,15,E/B,1544
1-Oct-18,53,2:07:00 PM,Monday,Yonge & Bishop,Mechanical,25,50,E/B,1708
1-Oct-18,927,2:14:00 PM,Monday,Kipling Station,Mechanical,12,24,N/B,8578
1-Oct-18,52,2:15:00 PM,Monday,Lawrence & Jane,Mechanical,13,26,W/B,1265
1-Oct-18,35,2:16:00 PM,Monday,PVST,Investigation,7,14,S/B,3119
1-Oct-18,51,2:17:00 PM,Monday,Freshmeadow and Don Mills Rd,Mechanical,26,52,S/B,8172
1-Oct-18,95,2:26:00 PM,Monday,PJPS,Late Leaving Garage,1,1,W/B,1668
1-Oct-18,925,2:27:00 PM,Monday,PSTN,Mechanical,10,20,N/B,8897
1-Oct-18,939,2:41:00 PM,Monday,FSTN,Late Leaving Garage,0,8,E/B,1770
1-Oct-18,131,2:47:00 PM,Monday,MORN,Late Leaving Garage,25,25,E/B,1703
1-Oct-18,53,2:50:00 PM,Monday,Steeles & Bayview,Late Leaving Garage,9,9,W/B,1732
1-Oct-18,95,2:52:00 PM,Monday,YKMS,Late Leaving Garage,9,9,E/B,1636
1-Oct-18,53,2:54:00 PM,Monday,Brebuef College,Late Leaving Garage,2,2,E/B,1813
1-Oct-18,53,2:58:00 PM,Monday,Brebeuf College,Late Leaving Garage,2,4,E/B,1531
1-Oct-18,53,2:59:00 PM,Monday,Steeles & Bayview,Late Leaving Garage,4,15,W/B,9093
1-Oct-18,61,3:00:00 PM,Monday,Bombay Loop to Eglinton Station,General Delay,5,20,B/W,
1-Oct-18,22,3:00:00 PM,Monday,Coxwell Route,General Delay,10,1,B/W,
1-Oct-18,102,3:00:00 PM,Monday,Markham Route,General Delay,15,1,B/W,
1-Oct-18,39,3:01:00 PM,Monday,MCVP,Late Leaving Garage,14,28,N/B,1786
1-Oct-18,53,3:03:00 PM,Monday,Brebuef College,Late Leaving Garage,3,9,E/B,9074
1-Oct-18,53,3:03:00 PM,Monday,Steeles & Bayview,Late Leaving Garage,4,15,W/B,9070
1-Oct-18,52,3:06:00 PM,Monday,Lawrence & Jane,Mechanical,13,26,E/B,1220
1-Oct-18,95,3:06:00 PM,Monday,YOCE,Late Leaving Garage,5,5,E/B,1527
1-Oct-18,11,3:08:00 PM,Monday,Davisville Stn,Late Leaving Garage,18,49,N/B,8188
1-Oct-18,53,3:10:00 PM,Monday,Morningside & Finch,Late Leaving Garage,15,30,W/B,1602
1-Oct-18,116,3:10:00 PM,Monday,Morningside and Ellesmere,Mechanical,5,10,S/B,8863
1-Oct-18,95,3:11:00 PM,Monday,YKMS,Late Leaving Garage,10,20,E/B,1541
1-Oct-18,57,3:12:00 PM,Monday,MIDLAND AND STEELES,Mechanical,6,12,S/B,8858
1-Oct-18,939,3:15:00 PM,Monday,STC,Mechanical,12,22,N/B,1683
1-Oct-18,113,3:16:00 PM,Monday,Kennedy Station,Late Leaving Garage,9,18,S/B,7775
1-Oct-18,24,3:18:00 PM,Monday,STLV,Late Leaving Garage,9,18,S/B,8107
1-Oct-18,87,3:18:00 PM,Monday,brga,Late Leaving Garage,15,30,,7772
1-Oct-18,37,3:18:00 PM,Monday,Steeles and Islingotn,Emergency Services,16,34,S/B,8093
1-Oct-18,63,3:24:00 PM,Monday,Strachan and Canniff St,Investigation,4,8,S/B,8305
1-Oct-18,45,3:24:00 PM,Monday,Kipling stn,Mechanical,12,24,S/B,8029
1-Oct-18,54,3:25:00 PM,Monday,Eglinton Station,Late Leaving Garage,10,20,E/B,8854
1-Oct-18,90,3:30:00 PM,Monday,St Clair W station,Diversion,150,158,B/W,
1-Oct-18,79,3:30:00 PM,Monday,Jane and Wright,Diversion,80,14,SB,
1-Oct-18,24,3:36:00 PM,Monday,Victoria Park Station,Late Leaving Garage,9,18,S/B,9206
1-Oct-18,553,3:40:00 PM,Monday,Wilson Station,Utilized Off Route,1,1,SB,8169
1-Oct-18,601,3:40:00 PM,Monday,Wilson Garage,Utilized Off Route,1,1,SB,8323
1-Oct-18,66,3:40:00 PM,Monday,Humberwood Loop,Utilized Off Route,15,30,S/B,7956
1-Oct-18,192,3:41:00 PM,Monday,Kipling stn,Utilized Off Route,10,20,N/B,8001
1-Oct-18,609,3:41:00 PM,Monday,Bedford and Davenport,Utilized Off Route,1,1,N/B,1096
1-Oct-18,40,3:44:00 PM,Monday,Dundas West Stn,Utilized Off Route,10,20,W/B,7959
1-Oct-18,609,3:45:00 PM,Monday,St Clair and lansdowne,Utilized Off Route,1,1,SB,1081
1-Oct-18,701,3:48:00 PM,Monday,St Clair Station at Yonge,Utilized Off Route,1,1,W/B,1414
1-Oct-18,39,3:50:00 PM,Monday,Warden ave on Finch,Mechanical,14,28,E/B,1721
1-Oct-18,134,3:50:00 PM,Monday,STC,Mechanical,5,10,W/B,9071
1-Oct-18,35,3:54:00 PM,Monday,Jane and Dundas,Investigation,10,20,N/B,320
1-Oct-18,603,3:55:00 PM,Monday,Signal Hill at,Utilized Off Route,1,1,,8527
1-Oct-18,704,3:55:00 PM,Monday,Humber College,Utilized Off Route,1,1,B/W,8520
1-Oct-18,6,4:00:00 PM,Monday,DAVN,Mechanical,13,26,S/B,1079
1-Oct-18,719,4:00:00 PM,Monday,Weston and Eglinton,Utilized Off Route,1,1,S/B,1052
1-Oct-18,29,4:00:00 PM,Monday,On Dufferin between Dundas and Bloor,General Delay,15,25,B/W,9052
1-Oct-18,188,4:05:00 PM,Monday,Kipling stn,Utilized Off Route,10,20,S/B,8429
1-Oct-18,606,4:05:00 PM,Monday,Woodbine Station,Utilized Off Route,1,1,N/B,7808
1-Oct-18,38,4:06:00 PM,Monday,STC,Mechanical,12,24,E/B,1659
1-Oct-18,12,4:08:00 PM,Monday,Victoria Park Station,Emergency Services,14,28,S/B,7845
1-Oct-18,35,4:10:00 PM,Monday,Jane Station,Late Leaving Garage,10,20,N/B,3193
1-Oct-18,610,4:20:00 PM,Monday,Kennedy STN,Utilized Off Route,1,1,W/B,8740
1-Oct-18,707,4:20:00 PM,Monday,Don Mills Station,Utilized Off Route,1,1,,1820
1-Oct-18,5,4:30:00 PM,Monday,Eglinton station to Queen's Park,General Delay,15,35,B/W,
1-Oct-18,41,4:31:00 PM,Monday,KSTN,Investigation,14,27,N/B,1133
1-Oct-18,52,4:31:00 PM,Monday,Lawrence West Station,Mechanical,12,24,E/B,1005
1-Oct-18,36,4:58:00 PM,Monday,Finch West Station,Emergency Services,6,12,W/B,9118
1-Oct-18,607,5:00:00 PM,Monday,YKMS,Utilized Off Route,1,1,,1663
1-Oct-18,125,5:10:00 PM,Monday,Bathurst and Antibes,Investigation,10,20,W/B,1390
1-Oct-18,29,5:10:00 PM,Monday,King and Dufferin,Investigation,10,20,N/B,9036
1-Oct-18,12,5:12:00 PM,Monday,Ridgemore Ave,Emergency Services,14,28,S/B,7857
1-Oct-18,45,5:12:00 PM,Monday,Kipling at Rexdale,Mechanical,12,24,N/B,7942
1-Oct-18,102,5:25:00 PM,Monday,WSTN,Utilized Off Route,20,40,N/B,7820
1-Oct-18,42,5:26:00 PM,Monday,Finch Stn,Utilized Off Route,13,26,E/B,8123
1-Oct-18,25,5:28:00 PM,Monday,PSTN,Mechanical,5,11,N/B,8838
1-Oct-18,32,5:30:00 PM,Monday,Eglinton and Chaplin,Investigation,9,17,W/B,1011
1-Oct-18,927,5:52:00 PM,Monday,ARGA,Late Leaving Garage,6,12,N/B,8533
1-Oct-18,37,5:56:00 PM,Monday,SB at Eglinton,Investigation,11,22,S/B,7930
1-Oct-18,38,5:58:00 PM,Monday,Lawrence and Port Union,Mechanical,12,24,W/B,1659
1-Oct-18,985,6:10:00 PM,Monday,DON Mills Station,Mechanical,9,18,E/B,9095
1-Oct-18,68,6:10:00 PM,Monday,Angus Glen,Mechanical,26,52,S/B,8909
1-Oct-18,711,6:12:00 PM,Monday,Eglinton Station,Utilized Off Route,1,1,W/B,8187
1-Oct-18,711,6:12:00 PM,Monday,Eglinton Station,Utilized Off Route,1,1,WB,8187
1-Oct-18,601,6:21:00 PM,Monday,St Clair Station at Yonge,Utilized Off Route,1,1,E/B,8323
1-Oct-18,188,6:22:00 PM,Monday,Kipling at Lakeshore,Utilized Off Route,10,20,N/B,7936
1-Oct-18,44,6:22:00 PM,Monday,Kipling at Lakeshore,Utilized Off Route,10,20,N/B,7921
1-Oct-18,52,6:22:00 PM,Monday,Martin Grove and Tollington,Mechanical,11,22,E/B,1576
1-Oct-18,41,6:25:00 PM,Monday,KSTN,Utilized Off Route,17,34,N/B,1076
1-Oct-18,168,6:34:00 PM,Monday,Dundas West station,Utilized Off Route,7,14,NB,1107
1-Oct-18,927,6:50:00 PM,Monday,Queensplate drive and Hwy. 27,Mechanical,6,12,N/B,8600
1-Oct-18,935,6:50:00 PM,Monday,Pioneer Village Station,Mechanical,9,18,N/B,3186
1-Oct-18,32,7:00:00 PM,Monday,Eglinton and Caledonia,Investigation,14,28,E/B,1575
1-Oct-18,56,7:00:00 PM,Monday,Eglinton Stn,Investigation,20,40,E/B,8203
1-Oct-18,6,7:10:00 PM,Monday,Gerrad and Bay,Mechanical,15,30,S/B,1147
1-Oct-18,90,7:12:00 PM,Monday,St Clair W stn,Mechanical,8,16,N/B,1219
1-Oct-18,36,7:23:00 PM,Monday,Finch Ave West at Albion Rd,Diversion,70,77,B/W,
1-Oct-18,94,7:30:00 PM,Monday,Wellesley and Bay,Utilized Off Route,9,25,E/B,1118
1-Oct-18,45,7:45:00 PM,Monday,Kipling stn,Utilized Off Route,9,18,N/B,8081
1-Oct-18,73,7:45:00 PM,Monday,Kilping and Albion,Diversion,56,66,B/W,
1-Oct-18,89,8:06:00 PM,Monday,Weson and ray av.,Mechanical,10,20,N/B,1006
1-Oct-18,939,8:31:00 PM,Monday,STC,Mechanical,7,14,N/B,1829
1-Oct-18,76,10:08:00 PM,Monday,SB at Manitoba,Mechanical,10,20,S/B,8033
1-Oct-18,52,10:22:00 PM,Monday,Lawrence West Station,Utilized Off Route,11,22,E/B,1021
1-Oct-18,123,10:54:00 PM,Monday,Kipling stn,Mechanical,24,48,W/B,8032
1-Oct-18,65,11:37:00 PM,Monday,Dundas and Parliament,Investigation,15,30,N/B,8964
1-Oct-18,16,11:50:00 PM,Monday,WAST,Emergency Services,15,30,N/B,8463
1-Oct-18,129,11:51:00 PM,Monday,Finch and McCowan,Mechanical,10,20,N/B,1736
2-Oct-18,89,12:29:00 AM,Tuesday,weston and Albion,Mechanical,10,20,N/B,1006
2-Oct-18,32,12:30:00 AM,Tuesday,Pine and Lawrence,Utilized Off Route,10,20,E/B,1560
2-Oct-18,39,12:44:00 AM,Tuesday,Finch Station,Mechanical,9,18,E/B,1506
2-Oct-18,939,1:04:00 AM,Tuesday,Finch Stn,Mechanical,9,18,E/B,1702
2-Oct-18,63,1:07:00 AM,Tuesday,Ossington station,Mechanical,10,20,NB,1392
2-Oct-18,300,1:10:00 AM,Tuesday,Kennedy Station,Utilized Off Route,25,50,W/B,8450
2-Oct-18,300,1:24:00 AM,Tuesday,Kennedy Stn,Utilized Off Route,20,40,E/B,8450
2-Oct-18,102,4:45:00 AM,Tuesday,St clair and warden,Diversion,30,45,E/B,
2-Oct-18,9,4:45:00 AM,Tuesday,Warden / St. Clair,Diversion,15,30,E/B,8103
2-Oct-18,54,4:50:00 AM,Tuesday,Lawrence and Scarborough Golf,Late Leaving Garage,1,30,E/B,8781
2-Oct-18,35,4:56:00 AM,Tuesday,Arrow garage POD Jane stn,Late Leaving Garage,5,11,N/B,3112
2-Oct-18,41,5:08:00 AM,Tuesday,Pioneer Village Station,Late Leaving Garage,11,25,S/B,1072
2-Oct-18,505,5:14:00 AM,Tuesday,BRGA,Late Leaving Garage,1,1,S/B,9206
2-Oct-18,17,5:30:00 AM,Tuesday,warden station,Late Leaving Garage,1,1,N/B,7800
2-Oct-18,34,5:34:00 AM,Tuesday,Eglinton STN,Late Leaving Garage,11,22,E/B,8687
2-Oct-18,61,5:38:00 AM,Tuesday,Bombay Loop,Late Leaving Garage,12,24,N/B,8330
2-Oct-18,96,5:41:00 AM,Tuesday,Elmhurst and Islington,Investigation,13,28,B/W,3182
2-Oct-18,17,5:41:00 AM,Tuesday,birchmount and steels,Late Leaving Garage,13,26,S/B,8437
2-Oct-18,83,5:41:00 AM,Tuesday,Donlands Station,Late Leaving Garage,12,24,S/B,7808
2-Oct-18,12,5:48:00 AM,Tuesday,Kennedy Station,Late Leaving Garage,17,34,W/B,7808
2-Oct-18,165,5:49:00 AM,Tuesday,Ormont & Weston,Mechanical,10,28,E/B,1366
2-Oct-18,72,5:53:00 AM,Tuesday,pape station,Late Leaving Garage,15,30,S/B,9222
2-Oct-18,110,5:58:00 AM,Tuesday,Longbranch,Late Leaving Garage,12,24,N/B,
2-Oct-18,505,5:59:00 AM,Tuesday,BRGA,Late Leaving Garage,1,1,S/B,8422
2-Oct-18,74,6:00:00 AM,Tuesday,St. Clair Station,Late Leaving Garage,15,30,N/B,1414
2-Oct-18,96,6:00:00 AM,Tuesday,Route 96,General Delay,22,31,B/W,
2-Oct-18,36,6:00:00 AM,Tuesday,Humberwood loop,Late Leaving Garage,5,10,E/B,9118
2-Oct-18,100,6:00:00 AM,Tuesday,Eglinton Yard,Late Leaving Garage,1,1,E/B,8685
2-Oct-18,86,6:02:00 AM,Tuesday,Coronation at Wallsend,Late Leaving Garage,20,38,S/B,8658
2-Oct-18,954,6:06:00 AM,Tuesday,Lawrence and Starspray,Late Leaving Garage,9,18,W/B,8638
2-Oct-18,117,6:07:00 AM,Tuesday,Steeles and Dufferin,Late Leaving Garage,10,30,S/B,1297
2-Oct-18,86,6:12:00 AM,Tuesday,Eglinton & Midland,Utilized Off Route,10,18,E/B,8747
2-Oct-18,56,6:13:00 AM,Tuesday,Eglinton Station,Late Leaving Garage,19,44,S/B,1285
2-Oct-18,24,6:15:00 AM,Tuesday,Victoria Park Station,Late Leaving Garage,9,18,N/B,7767
2-Oct-18,53,6:16:00 AM,Tuesday,Finch Stn,Mechanical,13,26,E/B,9075
2-Oct-18,104,6:19:00 AM,Tuesday,Sheppard West Stn,Late Leaving Garage,13,24,N/B,8136
2-Oct-18,905,6:20:00 AM,Tuesday,Kennedy STN,Late Leaving Garage,1,10,E/B,8863
2-Oct-18,46,6:22:00 AM,Tuesday,Steeles,Mechanical,2,10,E/B,8465
2-Oct-18,939,6:26:00 AM,Tuesday,MSNS,Late Leaving Garage,8,15,W/B,1573
2-Oct-18,116,6:27:00 AM,Tuesday,Kennedy Station,Utilized Off Route,12,24,E/B,8918
2-Oct-18,117,6:30:00 AM,Tuesday,Sheppard West Stn,Late Leaving Garage,10,20,N/B,1351
2-Oct-18,939,6:34:00 AM,Tuesday,York U Busway/Alness,Investigation,8,18,E/B,1667
2-Oct-18,39,6:34:00 AM,Tuesday,Finch Route,General Delay,15,30,B/W,1707
2-Oct-18,32,6:40:00 AM,Tuesday,REGW,Mechanical,6,11,E/B,1026
2-Oct-18,960,6:41:00 AM,Tuesday,FSTN,Late Leaving Garage,8,16,W/B,8603
2-Oct-18,122,6:42:00 AM,Tuesday,York Mills Station,Late Leaving Garage,9,18,S/B,1217
2-Oct-18,985,6:43:00 AM,Tuesday,Scar Town Centre Station,Late Leaving Garage,10,19,W/B,9067
2-Oct-18,36,6:50:00 AM,Tuesday,Champagne,Diversion,60,70,E/B,8584
2-Oct-18,63,6:52:00 AM,Tuesday,Eglinton West Stn,Late Leaving Garage,3,6,S/B,8147
2-Oct-18,985,7:00:00 AM,Tuesday,985 Sheppard Express Route-All Branch,General Delay,12,21,B/W,9093
2-Oct-18,132,7:00:00 AM,Tuesday,132 Milner Route,General Delay,12,24,B/W,1777
2-Oct-18,34,7:00:00 AM,Tuesday,34 Eglinton east route,General Delay,5,10,B/W,
2-Oct-18,100,7:00:00 AM,Tuesday,100 Flemingdon Park route,General Delay,3,6,B/W,
2-Oct-18,85,7:00:00 AM,Tuesday,85 Sheppard Route-All Branch,General Delay,10,19,B/W,1748
2-Oct-18,39,7:00:00 AM,Tuesday,39 Route- All Branches,General Delay,9,17,B/W,
2-Oct-18,130,7:00:00 AM,Tuesday,130Middlefield Route-All Branch,General Delay,15,21,B/W,1733
2-Oct-18,939,7:00:00 AM,Tuesday,939 Route- All Express buses,General Delay,9,17,B/W,
2-Oct-18,45,7:00:00 AM,Tuesday,Kipling Nth Rte,General Delay,15,25,B/W,
2-Oct-18,37,7:00:00 AM,Tuesday,Rexdale and Islington,General Delay,15,30,B/W,
2-Oct-18,935,7:01:00 AM,Tuesday,JNST,Late Leaving Garage,8,17,N/B,3197
2-Oct-18,88,7:02:00 AM,Tuesday,St. Clair Station,Late Leaving Garage,6,11,N/B,8338
2-Oct-18,165,7:06:00 AM,Tuesday,Ormoont at Weston,Mechanical,5,11,E/B,597
2-Oct-18,129,7:20:00 AM,Tuesday,STC to Major Mac/McCowan,General Delay,8,25,B/W,
2-Oct-18,939,7:21:00 AM,Tuesday,McCowan/Nugget,Diversion,19,23,N/B,1680
2-Oct-18,131,7:21:00 AM,Tuesday,McCowan and Nugget,Diversion,21,29,N/B,
2-Oct-18,125,7:22:00 AM,Tuesday,Finch Station,Late Leaving Garage,7,13,W/B,8382
2-Oct-18,129,7:22:00 AM,Tuesday,McCowan - Sheppard,Diversion,1,1,N/B,
2-Oct-18,168,7:30:00 AM,Tuesday,168-Symington route,General Delay,15,20,B/W,
2-Oct-18,70,7:30:00 AM,Tuesday,Coxwell & Warden STN's + Craigton and Pharmacy,General Delay,25,30,B/W,
2-Oct-18,74,7:30:00 AM,Tuesday,Merton and Mt. Pleasant,Diversion,27,38,S/B,1414
2-Oct-18,143,7:30:00 AM,Tuesday,NEVL,Mechanical,1,1,S/B,9203
2-Oct-18,142,7:30:00 AM,Tuesday,Bomb Bay Loop to Eglinton stn,General Delay,20,50,B/W,
2-Oct-18,11,7:30:00 AM,Tuesday,Steeles to Davisville stn,General Delay,20,37,B/W,
2-Oct-18,51,7:30:00 AM,Tuesday,Steeles to Eglinton stn,General Delay,20,37,B/W,
2-Oct-18,5,7:30:00 AM,Tuesday,Eglinmton stn to Elm,General Delay,25,38,B/W,
2-Oct-18,165,7:30:00 AM,Tuesday,Route 165,General Delay,15,20,B/W,
2-Oct-18,7,7:42:00 AM,Tuesday,wilson bathurst,Mechanical,9,18,S/B,9000
2-Oct-18,95,7:47:00 AM,Tuesday,Neilson and Ellesmere,Mechanical,7,14,W/B,1558
2-Oct-18,168,7:52:00 AM,Tuesday,St.Clair & Old Weston rd,Mechanical,5,11,S/B,1070
2-Oct-18,9,8:00:00 AM,Tuesday,WAST-S.T.C,General Delay,10,25,B/W,
2-Oct-18,102,8:00:00 AM,Tuesday,Markham Route,General Delay,15,1,B/W,
2-Oct-18,90,8:00:00 AM,Tuesday,st clair wstn to oakwood,General Delay,4,7,B/W,
2-Oct-18,95,8:00:00 AM,Tuesday,Between YKMS and KNRD,General Delay,25,45,B/W,
2-Oct-18,83,8:00:00 AM,Tuesday,DSTN-LSGA,General Delay,10,22,B/W,
2-Oct-18,16,8:20:00 AM,Tuesday,S.T.C - WAST,General Delay,8,17,B/W,
2-Oct-18,44,8:24:00 AM,Tuesday,CSSL,Investigation,5,10,N/B,8095
2-Oct-18,75,8:29:00 AM,Tuesday,queen to maple,General Delay,6,12,B/W,
2-Oct-18,64,8:30:00 AM,Tuesday,MSTN TO UWI,General Delay,8,16,B/W,
2-Oct-18,73,8:30:00 AM,Tuesday,Entire route,General Delay,20,25,B/W,
2-Oct-18,17,8:30:00 AM,Tuesday,WAST TO SMCG,General Delay,9,16,B/W,
2-Oct-18,54,8:41:00 AM,Tuesday,Leslie and Eglinton,Investigation,9,18,E/B,8790
2-Oct-18,50,8:41:00 AM,Tuesday,Burnhamthorpe and saturn,Investigation,10,20,eb,8071
2-Oct-18,87,8:42:00 AM,Tuesday,Broadview Station,Utilized Off Route,5,10,W/B,8932
2-Oct-18,44,8:45:00 AM,Tuesday,CSSL,Mechanical,5,10,N/B,7913
2-Oct-18,102,8:52:00 AM,Tuesday,warden station,Utilized Off Route,20,40,S/B,9207
2-Oct-18,143,9:00:00 AM,Tuesday,NEVL,General Delay,9,24,B/W,
2-Oct-18,50,9:00:00 AM,Tuesday,Entire route,General Delay,15,20,B/W,
2-Oct-18,6,9:06:00 AM,Tuesday,Davenport and Bedford,Utilized Off Route,5,10,S/B,1071
2-Oct-18,35,9:18:00 AM,Tuesday,FINCH,Mechanical,7,16,N/B,3203
2-Oct-18,925,9:30:00 AM,Tuesday,Don Mills and Eglinton,Mechanical,10,19,N/B,8836
2-Oct-18,32,9:52:00 AM,Tuesday,Eglinton/Nairn,Investigation,13,26,E/B,1023
2-Oct-18,6,10:05:00 AM,Tuesday,Ossingtion/Davenport,Utilized Off Route,1,1,W/B,1129
2-Oct-18,48,10:07:00 AM,Tuesday,Rathburn and Kipling,Mechanical,22,44,E/B,7922
2-Oct-18,48,10:07:00 AM,Tuesday,Rathburn and Kipling stn,General Delay,22,30,E/B,7922
2-Oct-18,192,10:08:00 AM,Tuesday,T3,Mechanical,10,20,S/B,8009
2-Oct-18,135,10:08:00 AM,Tuesday,WAST,Mechanical,1,1,W/B,7735
2-Oct-18,609,10:10:00 AM,Tuesday,Dundas west stn,Utilized Off Route,1,1,N/B,1088
2-Oct-18,29,10:21:00 AM,Tuesday,Exhibition Loop,Utilized Off Route,5,10,N/B,9026
2-Oct-18,16,10:30:00 AM,Tuesday,DANFORTH RD AND BRIMLEY RD,Investigation,1,1,S/B,7713
2-Oct-18,45,10:33:00 AM,Tuesday,The Westway,Mechanical,10,20,N/B,8045
2-Oct-18,63,10:35:00 AM,Tuesday,Ossington Stn,Mechanical,9,17,S/B,8187
2-Oct-18,85,10:45:00 AM,Tuesday,Meadowvale loop at Sheppard,Mechanical,7,22,W/B,1602
2-Oct-18,94,10:54:00 AM,Tuesday,St. George and Hoskin,Investigation,9,18,E/B,1077
2-Oct-18,32,11:10:00 AM,Tuesday,Royal York/Eglinton,Mechanical,10,20,W/B,1407
2-Oct-18,95,11:13:00 AM,Tuesday,Orton Park and Ellesmere,Mechanical,10,20,W/B,1552
2-Oct-18,41,11:20:00 AM,Tuesday,Murray Ross,Diversion,510,527,N/B,
2-Oct-18,17,12:29:00 PM,Tuesday,WLAS,Mechanical,13,26,S/B,9208
2-Oct-18,393,12:53:00 PM,Tuesday,Finch Station,Mechanical,9,18,E/B,1770
2-Oct-18,87,1:05:00 PM,Tuesday,MSTN,Utilized Off Route,10,20,W/B,8422
2-Oct-18,53,1:15:00 PM,Tuesday,Steeles & Middlefield,Investigation,5,10,W/B,1774
2-Oct-18,73,1:24:00 PM,Tuesday,Royal york station,Emergency Services,10,20,S/B,8064
2-Oct-18,927,1:52:00 PM,Tuesday,Kipling Station,Mechanical,12,25,N/B,8510
2-Oct-18,12,1:56:00 PM,Tuesday,KENNEDY STN,Mechanical,1,1,S/B,8412
2-Oct-18,24,2:00:00 PM,Tuesday,24 Victoria Park Ave,General Delay,14,1,B/W,
2-Oct-18,66,2:00:00 PM,Tuesday,66 Route,General Delay,15,30,B/W,8083
2-Oct-18,935,2:02:00 PM,Tuesday,Sheppard,Mechanical,9,19,N/B,3122
2-Oct-18,73,2:07:00 PM,Tuesday,Albion and rexdale,Investigation,10,20,W/B,7977
2-Oct-18,45,2:28:00 PM,Tuesday,Kipling Loop,Investigation,10,20,S/B,8035
2-Oct-18,7,2:33:00 PM,Tuesday,Greenwin village,Mechanical,11,20,S/B,9039
2-Oct-18,6,2:41:00 PM,Tuesday,DAVN,Late Leaving Garage,7,7,S/B,1148
2-Oct-18,925,2:46:00 PM,Tuesday,Garage,Late Leaving Garage,7,15,N/B,8832
2-Oct-18,939,2:55:00 PM,Tuesday,STC,Mechanical,8,16,N/B,1542
2-Oct-18,34,2:55:00 PM,Tuesday,Eglinton/DM,Investigation,7,15,E/B,8789
2-Oct-18,53,2:55:00 PM,Tuesday,Steeles & Bayview,Emergency Services,5,10,W/B,1548
2-Oct-18,72,3:00:00 PM,Tuesday,Pape Route,General Delay,15,1,B/W,
2-Oct-18,122,3:00:00 PM,Tuesday,Yorkmills Station to Leslie,General Delay,20,32,B/W,
2-Oct-18,102,3:00:00 PM,Tuesday,Markham Route,General Delay,15,1,B/W,
2-Oct-18,37,3:00:00 PM,Tuesday,Islington route,General Delay,20,30,B/W,7906
2-Oct-18,29,3:00:00 PM,Tuesday,Dufferin and Dundas,General Delay,15,25,B/W,8380
2-Oct-18,95,3:00:00 PM,Tuesday,Between YKMS and KNRD,General Delay,22,42,B/W,
2-Oct-18,9,3:00:00 PM,Tuesday,Ellesmere and Bellamy,General Delay,10,20,S/B,
2-Oct-18,12,3:00:00 PM,Tuesday,12 Kingston Road,General Delay,10,1,B/W,
2-Oct-18,81,3:00:00 PM,Tuesday,Thorncliffe Route,General Delay,10,1,B/W,
2-Oct-18,102,3:07:00 PM,Tuesday,Warden Station,Diversion,5,10,E/B,
2-Oct-18,902,3:07:00 PM,Tuesday,Warden Station,Diversion,10,20,E/B,
2-Oct-18,41,3:18:00 PM,Tuesday,Scott and Rogers,Investigation,9,18,N/B,9055
2-Oct-18,37,3:20:00 PM,Tuesday,Steeles,Mechanical,11,22,S/B,8021
2-Oct-18,75,3:27:00 PM,Tuesday,Sherbourne station,Mechanical,6,12,S/B,8369
2-Oct-18,15,3:30:00 PM,Tuesday,15 route,General Delay,30,45,B/W,7945
2-Oct-18,48,3:30:00 PM,Tuesday,Martingrove at  Rathburn,General Delay,15,30,E/B,7945
2-Oct-18,35,3:30:00 PM,Tuesday,Entire Jane 35 Route,General Delay,15,20,B/W,
2-Oct-18,53,3:35:00 PM,Tuesday,Steeles & Birchmount,Mechanical,5,11,W/B,1688
2-Oct-18,43,3:40:00 PM,Tuesday,Kennedy Rd and Ranstone Gdns,Investigation,15,30,N/B,8842
2-Oct-18,53,3:45:00 PM,Tuesday,Steeles & Bayview,Investigation,5,13,W/B,1245
2-Oct-18,80,3:50:00 PM,Tuesday,Ellis at Queensway,General Delay,20,35,B/W,8051
2-Oct-18,602,3:50:00 PM,Tuesday,Islington stn,Utilized Off Route,1,1,B/W,8048
2-Oct-18,602,3:50:00 PM,Tuesday,Kipling stn,Utilized Off Route,1,1,B/W,8061
2-Oct-18,130,3:54:00 PM,Tuesday,Sheppard and McCowan,Mechanical,16,32,S/B,1656
2-Oct-18,711,3:55:00 PM,Tuesday,Eglinton West Station,Utilized Off Route,1,1,sb,8217
2-Oct-18,601,3:57:00 PM,Tuesday,Davisville Station,Utilized Off Route,1,1,SB,1403
2-Oct-18,33,3:58:00 PM,Tuesday,St Clair West Station,Diversion,30,60,NB,1370
2-Oct-18,22,4:00:00 PM,Tuesday,Coxwell Route,General Delay,10,1,W/B,
2-Oct-18,16,4:00:00 PM,Tuesday,WAST to STC,General Delay,24,32,B/W,
2-Oct-18,9,4:00:00 PM,Tuesday,Bellamy from WAST to STC,General Delay,48,64,B/W,
2-Oct-18,935,4:00:00 PM,Tuesday,Entire 935 Jane Express Route,General Delay,15,24,B/W,
2-Oct-18,17,4:00:00 PM,Tuesday,WAST to SMCG,General Delay,32,40,B/W,
2-Oct-18,8,4:00:00 PM,Tuesday,8 Boradviw,General Delay,10,1,B/W,
2-Oct-18,937,4:00:00 PM,Tuesday,Islinton route,General Delay,20,30,B/W,8056
2-Oct-18,45,4:00:00 PM,Tuesday,Kipling Station to Steeles and Disco and Attwell,General Delay,15,21,B/W,
2-Oct-18,109,4:02:00 PM,Tuesday,Lawrence west station,Mechanical,14,28,S/B,1270
2-Oct-18,34,4:30:00 PM,Tuesday,Route 34,General Delay,20,24,B/W,
2-Oct-18,36,4:30:00 PM,Tuesday,Finch West Station to Finch Station,General Delay,19,26,B/W,
2-Oct-18,7,4:32:00 PM,Tuesday,Bathurst Station,Diversion,1,1,NB,
2-Oct-18,63,4:33:00 PM,Tuesday,Adelaide and Shaw,Investigation,13,26,SB,8161
2-Oct-18,35,4:36:00 PM,Tuesday,Jane and Exbury,Mechanical,10,20,N/B,3164
2-Oct-18,10,4:40:00 PM,Tuesday,Don Mills Station,Late Leaving Garage,10,20,EB,1382
2-Oct-18,36,4:48:00 PM,Tuesday,Finch Ave west at Norfinch Dr,Emergency Services,25,52,W/B,8574
2-Oct-18,9,4:50:00 PM,Tuesday,WAST,Mechanical,16,32,E/B,7866
2-Oct-18,606,4:50:00 PM,Tuesday,WAST,Utilized Off Route,1,1,E/B,8450
2-Oct-18,38,4:56:00 PM,Tuesday,STC,Mechanical,12,24,E/B,1822
2-Oct-18,79,5:00:00 PM,Tuesday,Entire route,General Delay,20,20,BW,
2-Oct-18,17,5:00:00 PM,Tuesday,WAST,General Delay,24,32,N/B,
2-Oct-18,75,5:09:00 PM,Tuesday,Carlton,Investigation,6,12,N/B,8181
2-Oct-18,709,5:15:00 PM,Tuesday,DDUP,Mechanical,1,1,S/B,1129
2-Oct-18,72,5:20:00 PM,Tuesday,PSTN,Mechanical,8,16,S/B,7786
2-Oct-18,72,5:20:00 PM,Tuesday,PSTN,Mechanical,18,36,S/B,7786
2-Oct-18,12,5:20:00 PM,Tuesday,Victoria Park Station,Investigation,14,28,S/B,8438
2-Oct-18,67,5:21:00 PM,Tuesday,VICT,Investigation,10,20,N/B,8930
2-Oct-18,37,5:25:00 PM,Tuesday,Islington at Dixon,Mechanical,10,20,N/B,7922
2-Oct-18,111,5:25:00 PM,Tuesday,Dundas at Billingham,Emergency Services,10,20,E/B,8023
2-Oct-18,50,5:30:00 PM,Tuesday,entire route,General Delay,13,26,B/W,
2-Oct-18,24,5:34:00 PM,Tuesday,Finch Ave,Investigation,1,1,N/B,8485
2-Oct-18,97,5:39:00 PM,Tuesday,Yonge and Wilson,Mechanical,30,60,S/B,8219
2-Oct-18,34,5:41:00 PM,Tuesday,ESTN,Mechanical,11,22,W/B,8673
2-Oct-18,121,5:45:00 PM,Tuesday,Cherry Beach,Utilized Off Route,15,30,W/B,9210
2-Oct-18,32,5:45:00 PM,Tuesday,Eglinton stn,Mechanical,8,17,W/B,1233
2-Oct-18,86,5:59:00 PM,Tuesday,Meadowvale and Kingston Rd,Investigation,14,28,S/B,8852
2-Oct-18,984,6:00:00 PM,Tuesday,Sheppard and Bryant Street,Mechanical,7,14,W/B,3236
2-Oct-18,63,6:00:00 PM,Tuesday,Dewson and Ossington station,Mechanical,3,6,SB,8373
2-Oct-18,142,6:00:00 PM,Tuesday,Simcoe and Adelaide to Richmond and University,General Delay,19,22,B/W,
2-Oct-18,115,6:00:00 PM,Tuesday,York Mills Station to Leslie,General Delay,20,40,B/W,
2-Oct-18,29,6:03:00 PM,Tuesday,Dufferin and Eglinton,Mechanical,5,10,S/B,9051
2-Oct-18,26,6:05:00 PM,Tuesday,Howland and Dupont,Diversion,85,102,B/W,
2-Oct-18,45,6:06:00 PM,Tuesday,"On Kipling, at Finch",Investigation,8,16,S/B,7947
2-Oct-18,52,6:22:00 PM,Tuesday,Martin Grove and Tollington,Mechanical,11,22,E/B,1349
2-Oct-18,939,6:28:00 PM,Tuesday,Finch route,General Delay,15,30,B/W,1744
2-Oct-18,925,6:30:00 PM,Tuesday,PSTN to FMDM,General Delay,20,25,B/W,
2-Oct-18,63,6:54:00 PM,Tuesday,Oakwood and Clovelly,Investigation,8,16,SB,8321
2-Oct-18,96,6:58:00 PM,Tuesday,York Mills Station,Mechanical,22,44,W/B,3204
2-Oct-18,925,7:21:00 PM,Tuesday,Don Mills and York Mills,Investigation,8,16,S/B,8622
2-Oct-18,32,7:30:00 PM,Tuesday,Eglinton west stn,Utilized Off Route,14,28,W/B,1409
2-Oct-18,63,7:32:00 PM,Tuesday,Ossington Station,Mechanical,10,20,SB,8212
2-Oct-18,905,7:33:00 PM,Tuesday,Midland and Eglinton,Mechanical,13,26,E/B,8920
2-Oct-18,85,7:35:00 PM,Tuesday,MGAT,Mechanical,15,31,W/B,1291
2-Oct-18,130,8:26:00 PM,Tuesday,STC SRT,Investigation,22,44,N/B,1597
2-Oct-18,26,8:35:00 PM,Tuesday,Bathurst and Dupont,Mechanical,24,48,E/B,1059
2-Oct-18,94,8:40:00 PM,Tuesday,Bathurst and Harbord,Utilized Off Route,9,18,W/B,1149
2-Oct-18,73,8:45:00 PM,Tuesday,Albion & Clairport,Mechanical,10,20,S/B,8430
2-Oct-18,72,9:12:00 PM,Tuesday,Danforth and Pape,Investigation,18,36,S/B,8414
2-Oct-18,63,9:21:00 PM,Tuesday,Eglinton West Station,Mechanical,10,20,SB,1386
2-Oct-18,72,9:25:00 PM,Tuesday,Pape and Riverdale,Diversion,73,91,B/W,
2-Oct-18,66,9:35:00 PM,Tuesday,Lakeshore & Parklawn,Investigation,21,21,S/B,8043
2-Oct-18,32,10:00:00 PM,Tuesday,Renforth stn,Mechanical,10,20,E/B,1325
2-Oct-18,82,10:20:00 PM,Tuesday,Rosdale station,Mechanical,20,40,EB,1289
2-Oct-18,75,10:40:00 PM,Tuesday,Shebrourne station at Bloor,Utilized Off Route,17,34,NB,8384
2-Oct-18,601,10:45:00 PM,Tuesday,Queen and Dufferin,Utilized Off Route,1,1,NB,8200
2-Oct-18,63,10:48:00 PM,Tuesday,Queen and Ossington,Utilized Off Route,9,18,SB,8389
2-Oct-18,41,10:51:00 PM,Tuesday,KSTN,Mechanical,19,36,N/B,9150
2-Oct-18,47,10:57:00 PM,Tuesday,QNLA,Utilized Off Route,20,40,S/B,1115
2-Oct-18,192,11:02:00 PM,Tuesday,Kipling Station,Utilized Off Route,9,18,N/B,8004
2-Oct-18,44,11:05:00 PM,Tuesday,Kipling Station,Utilized Off Route,10,20,S/B,8014
2-Oct-18,94,11:05:00 PM,Tuesday,OSTN,Utilized Off Route,9,18,E/B,1131
2-Oct-18,20,11:41:00 PM,Tuesday,Middland Ave and Park St,Investigation,30,60,E/B,8931
2-Oct-18,133,11:49:00 PM,Tuesday,MKEL,Mechanical,13,26,W/B,1561
3-Oct-18,22,12:32:00 AM,Wednesday,Eastwood,Investigation,10,20,N/B,9218
3-Oct-18,89,1:20:00 AM,Wednesday,KSTN,Emergency Services,10,20,N/B,1258
3-Oct-18,320,3:55:00 AM,Wednesday,Bloor,Diversion,20,26,sn,320
3-Oct-18,320,4:40:00 AM,Wednesday,wilson garage,Late Leaving Garage,5,7,S/B,8156
3-Oct-18,9,5:01:00 AM,Wednesday,Warden station,Late Leaving Garage,15,30,S/B,7748
3-Oct-18,7,5:06:00 AM,Wednesday,wilson garage,Mechanical,23,0,S/B,9039
3-Oct-18,134,5:13:00 AM,Wednesday,Tapscott and Crowtrail,Late Leaving Garage,18,36,W/B,9086
3-Oct-18,70,5:13:00 AM,Wednesday,Coxwell STN,Late Leaving Garage,1,17,N/B,8747
3-Oct-18,505,5:14:00 AM,Wednesday,warden station,Late Leaving Garage,1,1,S/B,9208
3-Oct-18,47,5:15:00 AM,Wednesday,EARL,Mechanical,17,32,N/B,1130
3-Oct-18,52,5:17:00 AM,Wednesday,Lawrence & Yonge,Mechanical,12,18,W/B,1214
3-Oct-18,21,5:25:00 AM,Wednesday,Scar Town Centre Station,Late Leaving Garage,20,40,S/B,1738
3-Oct-18,108,5:37:00 AM,Wednesday,Wilson & Transir rd,Mechanical,20,,N/B,3226
3-Oct-18,60,5:37:00 AM,Wednesday,FSTN,Late Leaving Garage,9,23,W/B,9135
3-Oct-18,86,5:37:00 AM,Wednesday,Sheppard Loop,Late Leaving Garage,5,10,W/B,8762
3-Oct-18,167,5:38:00 AM,Wednesday,Steels and pharmacy,Late Leaving Garage,24,48,S/B,7776
3-Oct-18,35,5:38:00 AM,Wednesday,Hull,Late Leaving Garage,10,15,N/B,3121
3-Oct-18,121,5:43:00 AM,Wednesday,Cherry loop,Late Leaving Garage,13,26,S/B,8947
3-Oct-18,11,5:44:00 AM,Wednesday,wilson garage,Late Leaving Garage,15,30,S/B,8217
3-Oct-18,34,5:45:00 AM,Wednesday,Kennedy STN,Late Leaving Garage,4,8,W/B,8794
3-Oct-18,6,5:50:00 AM,Wednesday,DDUP,Late Leaving Garage,11,22,S/B,1079
3-Oct-18,86,5:53:00 AM,Wednesday,Kennedy STN,Late Leaving Garage,1,24,E/B,8778
3-Oct-18,122,5:56:00 AM,Wednesday,Fenelon Dr,Late Leaving Garage,11,18,S/B,8143
3-Oct-18,935,6:00:00 AM,Wednesday,JSTE,Late Leaving Garage,10,1,S/B,3167
3-Oct-18,939,6:00:00 AM,Wednesday,FSTN,Late Leaving Garage,7,14,E/B,1739
3-Oct-18,60,6:00:00 AM,Wednesday,SGHL,Late Leaving Garage,7,12,W/B,1322
3-Oct-18,116,6:03:00 AM,Wednesday,Kennedy Station,Utilized Off Route,12,24,E/B,8778
3-Oct-18,68,6:05:00 AM,Wednesday,Warden STN,Late Leaving Garage,5,15,N/B,8702
3-Oct-18,47,6:09:00 AM,Wednesday,YRKDL,Late Leaving Garage,18,36,S/B,1077
3-Oct-18,16,6:12:00 AM,Wednesday,McCowan Road / WAST,Late Leaving Garage,0,0,N/B,8963
3-Oct-18,36,6:16:00 AM,Wednesday,Finch west stn,Late Leaving Garage,5,10,E/B,8556
3-Oct-18,186,6:18:00 AM,Wednesday,Arrow garage POD Humber College bus loop,Late Leaving Garage,10,19,E/B,3308
3-Oct-18,54,6:24:00 AM,Wednesday,Eglinton STN,Late Leaving Garage,9,18,E/B,8712
3-Oct-18,12,6:25:00 AM,Wednesday,Victoria Park Station,Late Leaving Garage,12,24,E/B,8417
3-Oct-18,69,6:27:00 AM,Wednesday,kingston and eastwood,Investigation,12,24,S/B,8419
3-Oct-18,53,6:28:00 AM,Wednesday,MOFI,Mechanical,13,26,W/B,9088
3-Oct-18,63,6:36:00 AM,Wednesday,Eglinton West Station,Late Leaving Garage,3,6,S/B,8179
3-Oct-18,607,6:36:00 AM,Wednesday,Don Mills Station,Utilized Off Route,1,1,E/B,1685
3-Oct-18,985,6:36:00 AM,Wednesday,Don Mills Station,Late Leaving Garage,9,9,E/B,9067
3-Oct-18,108,6:38:00 AM,Wednesday,Arrow garage POD Sheppard west stn,Late Leaving Garage,5,12,W/B,3201
3-Oct-18,84,6:40:00 AM,Wednesday,sheppard,Late Leaving Garage,19,38,W/B,3228
3-Oct-18,63,6:46:00 AM,Wednesday,Canniff and Strachan,Late Leaving Garage,2,5,S/B,8317
3-Oct-18,939,6:49:00 AM,Wednesday,MSNS,Late Leaving Garage,7,15,W/B,1715
3-Oct-18,108,6:51:00 AM,Wednesday,Arrow garage POD Sheppard W stn,Late Leaving Garage,5,12,W/B,3252
3-Oct-18,43,6:54:00 AM,Wednesday,Kennedy STN,Late Leaving Garage,10,20,N/B,8790
3-Oct-18,111,7:00:00 AM,Wednesday,Martin Grove to Dundas,General Delay,1,1,B/W,7971
3-Oct-18,37,7:00:00 AM,Wednesday,REXDALE AND KIPLING,General Delay,1,1,B/W,7924
3-Oct-18,41,7:00:00 AM,Wednesday,Entire Route,General Delay,20,40,BW,
3-Oct-18,45,7:00:00 AM,Wednesday,Kipling Nth Rte,General Delay,15,20,B/W,
3-Oct-18,905,7:00:00 AM,Wednesday,Kennedy Station,Mechanical,0,0,E/B,8774
3-Oct-18,96,7:00:00 AM,Wednesday,Route 96,General Delay,12,21,B/W,
3-Oct-18,116,7:03:00 AM,Wednesday,Kennedy Station,Utilized Off Route,12,24,E/B,8905
3-Oct-18,53,7:07:00 AM,Wednesday,MOFI,Late Leaving Garage,13,26,W/B,
3-Oct-18,52,7:08:00 AM,Wednesday,Lawrence West Station,Mechanical,12,18,E/B,1201
3-Oct-18,131,7:20:00 AM,Wednesday,Morningview Trail and Morningside,Late Leaving Garage,8,16,W/B,1793
3-Oct-18,12,7:28:00 AM,Wednesday,Kingston / Courcellette,Mechanical,12,24,E/B,7731
3-Oct-18,985,7:30:00 AM,Wednesday,SLP to DONS to STC,General Delay,15,27,B/W,
3-Oct-18,70,7:30:00 AM,Wednesday,Coxwell & Warden STN'S + Craigton and Pharmacy,General Delay,25,30,B/W,
3-Oct-18,45,7:31:00 AM,Wednesday,Kipling and Burnhamthorpe,Mechanical,22,43,N/B,7973
3-Oct-18,927,7:38:00 AM,Wednesday,KPSN,Mechanical,6,13,N/B,8503
3-Oct-18,23,7:43:00 AM,Wednesday,Ferris & Rexliegh,Diversion,7,14,N/B,7763
3-Oct-18,79,7:45:00 AM,Wednesday,Runnymede stn,Mechanical,8,16,N/B,1104
3-Oct-18,95,7:51:00 AM,Wednesday,Markham and Ellesmere,Mechanical,9,18,W/B,1814
3-Oct-18,110,7:58:00 AM,Wednesday,Islington stn,Investigation,12,24,S/B,8088
3-Oct-18,43,8:00:00 AM,Wednesday,Kennedy and McNicoll + Midland and Steeles,General Delay,20,25,B/W,
3-Oct-18,34,8:00:00 AM,Wednesday,34-Eglinton Route,General Delay,15,23,B/W,
3-Oct-18,90,8:00:00 AM,Wednesday,st clair wstn to oakwood,General Delay,3,7,B/W,
3-Oct-18,100,8:00:00 AM,Wednesday,100-Flemingdon Route,General Delay,11,14,B/W,
3-Oct-18,29,8:05:00 AM,Wednesday,Apex and Dufferin,Mechanical,9,18,S/B,9037
3-Oct-18,95,8:15:00 AM,Wednesday,York Mills Station,Mechanical,9,18,B/W,1558
3-Oct-18,29,8:18:00 AM,Wednesday,Bloor and Dufferin,Investigation,9,18,N/B,9052
3-Oct-18,120,8:30:00 AM,Wednesday,Jane and Sheppard,Mechanical,30,60,E/B,1313
3-Oct-18,112,8:35:00 AM,Wednesday,Dundas and East Mall,Mechanical,7,14,N/B,7918
3-Oct-18,165,8:45:00 AM,Wednesday,Route 165,General Delay,15,20,N/B,8518
3-Oct-18,33,8:50:00 AM,Wednesday,Spadina and Eglinton,Mechanical,29,59,N/B,1307
3-Oct-18,37,8:52:00 AM,Wednesday,Islington and Aviemore,Investigation,10,20,S/B,7924
3-Oct-18,52,8:54:00 AM,Wednesday,Lawrence & Keele,Mechanical,12,18,E/B,1406
3-Oct-18,29,8:55:00 AM,Wednesday,Huner ave and Dufferin,Mechanical,11,20,S/B,9035
3-Oct-18,90,8:57:00 AM,Wednesday,st clair wstn,Utilized Off Route,4,8,N/B,8137
3-Oct-18,29,9:15:00 AM,Wednesday,Wilson Stn,Mechanical,5,11,S/B,9037
3-Oct-18,22,9:19:00 AM,Wednesday,Coxwell station,Emergency Services,8,16,S/B,7758
3-Oct-18,111,9:21:00 AM,Wednesday,Woodbine race track,Investigation,14,28,S/B,8096
3-Oct-18,52,9:29:00 AM,Wednesday,Lawrence & Jane,Mechanical,18,30,W/B,1215
3-Oct-18,79,9:30:00 AM,Wednesday,Pine & Lawrence,Mechanical,8,16,S/B,1078
3-Oct-18,97,9:30:00 AM,Wednesday,Yonge St Lawrence to Qieens Quay,General Delay,1,1,B/W,
3-Oct-18,37,9:32:00 AM,Wednesday,Woodbine race track,Investigation,20,40,S/B,7910
3-Oct-18,7,9:39:00 AM,Wednesday,wilson avenue,Mechanical,10,20,N/B,9000
3-Oct-18,24,10:00:00 AM,Wednesday,Victoria Park / Eglinton,Mechanical,10,20,N/B,7709
3-Oct-18,36,10:10:00 AM,Wednesday,Arrow Rd,Mechanical,5,10,E/B,9129
3-Oct-18,42,10:24:00 AM,Wednesday,McNicol and Silver Springs,Investigation,12,24,E/B,8303
3-Oct-18,52,10:36:00 AM,Wednesday,Westwood Mall,Mechanical,13,26,E/B,1028
3-Oct-18,161,10:50:00 AM,Wednesday,Rogers / Dufferin,Mechanical,19,36,E/B,1626
3-Oct-18,905,11:00:00 AM,Wednesday,Militar Trail & Ellesmere,General Delay,12,22,W/B,
3-Oct-18,902,11:20:00 AM,Wednesday,warden station,Mechanical,1,1,S/B,8412
3-Oct-18,95,11:28:00 AM,Wednesday,U of T Scarborough,Mechanical,8,16,B/W,1656
3-Oct-18,89,11:28:00 AM,Wednesday,Keele / Dundas,Investigation,10,20,S/B,1348
3-Oct-18,97,11:33:00 AM,Wednesday,Eglionton Station,Investigation,20,40,S/B,8201
3-Oct-18,39,12:00:00 PM,Wednesday,FSTN,Investigation,6,18,E/B,1787
3-Oct-18,53,12:08:00 PM,Wednesday,PAMK,Mechanical,5,10,W/B,1765
3-Oct-18,39,12:16:00 PM,Wednesday,SELI,Mechanical,18,36,W/B,1796
3-Oct-18,86,12:30:00 PM,Wednesday,Kennedy Station,Mechanical,1,1,E/B,8858
3-Oct-18,168,12:30:00 PM,Wednesday,Bloor @ Dundas,General Delay,20,30,B/W,1097
3-Oct-18,75,12:39:00 PM,Wednesday,bloor,Investigation,7,14,N/B,8330
3-Oct-18,609,1:10:00 PM,Wednesday,KSTN,Utilized Off Route,1,1,S/B,1102
3-Oct-18,709,1:11:00 PM,Wednesday,DDUP,Utilized Off Route,1,1,S/B,1058
3-Oct-18,34,1:16:00 PM,Wednesday,Eglinton and warden,Investigation,1,1,W/B,8709
3-Oct-18,17,1:50:00 PM,Wednesday,Exford and Birchmount,Mechanical,13,26,S/B,7819
3-Oct-18,17,1:53:00 PM,Wednesday,Birchmount and Sheppard,Diversion,254,262,B/W,
3-Oct-18,35,1:59:00 PM,Wednesday,Heathrow drive,Investigation,7,14,N/B,3292
3-Oct-18,17,2:00:00 PM,Wednesday,Birchmount from Sheppard to Huntingwood,General Delay,254,262,B/W,
3-Oct-18,168,2:00:00 PM,Wednesday,Dundas West Station,General Delay,12,22,B/W,1071
3-Oct-18,7,2:00:00 PM,Wednesday,Lawrence and Bathurst,Investigation,9,18,S/B,9018
3-Oct-18,939,2:00:00 PM,Wednesday,939 Finch Express-All Branch,General Delay,16,24,B/W,1627
3-Oct-18,39,2:00:00 PM,Wednesday,39 Finch Rotue-All Branch,General Delay,10,24,B/W,1528
3-Oct-18,41,2:00:00 PM,Wednesday,Pioneer Village,Mechanical,11,22,S/B,9142
3-Oct-18,88,2:05:00 PM,Wednesday,thornecliffe and overlea,Late Leaving Garage,12,24,E/B,8377
3-Oct-18,37,2:06:00 PM,Wednesday,Islington at Lakeshore,Emergency Services,10,20,B/W,8096
3-Oct-18,124,2:22:00 PM,Wednesday,lawrence station,Late Leaving Garage,8,16,E/B,1374
3-Oct-18,129,2:32:00 PM,Wednesday,McCowan - Triton Rd,Mechanical,4,14,N/B,1736
3-Oct-18,109,2:44:00 PM,Wednesday,Eglinton West Station,Mechanical,40,120,N/B,1276
3-Oct-18,129,2:45:00 PM,Wednesday,Alton Towers,Investigation,14,21,S/B,1764
3-Oct-18,52,2:45:00 PM,Wednesday,Lawrence & Jane,Mechanical,13,26,E/B,1254
3-Oct-18,125,2:49:00 PM,Wednesday,bathurst and antibes,Late Leaving Garage,10,20,E/B,1293
3-Oct-18,96,2:50:00 PM,Wednesday,Madonna School at Dubray,Late Leaving Garage,5,10,W/B,1404
3-Oct-18,29,2:56:00 PM,Wednesday,Dufferin St and Bentworth Ave,Investigation,5,9,S/B,9023
3-Oct-18,11,2:56:00 PM,Wednesday,Millwood and Bayview,Mechanical,18,36,S/B,8327
3-Oct-18,24,2:58:00 PM,Wednesday,STLV,Mechanical,9,18,S/B,8440
3-Oct-18,905,3:00:00 PM,Wednesday,Eglinton Express Route,General Delay,10,1,B/W,
3-Oct-18,6,3:00:00 PM,Wednesday,Queen to Queens Quay.,General Delay,12,25,B/W,1047
3-Oct-18,86,3:00:00 PM,Wednesday,Scarborough Route,General Delay,15,1,B/W,
3-Oct-18,29,3:00:00 PM,Wednesday,Wilson Station o Prince Gates,General Delay,33,40,B/W,
3-Oct-18,116,3:00:00 PM,Wednesday,Morningside Route,General Delay,15,1,B/W,
3-Oct-18,67,3:00:00 PM,Wednesday,VICT to CROS,General Delay,20,30,B/W,
3-Oct-18,116,3:03:00 PM,Wednesday,Guilwood Parkway,Late Leaving Garage,7,14,W/B,8690
3-Oct-18,36,3:05:00 PM,Wednesday,FSTN,Mechanical,6,12,E/B,8545
3-Oct-18,42,3:05:00 PM,Wednesday,finch station,Late Leaving Garage,13,26,E/B,8379
3-Oct-18,168,3:07:00 PM,Wednesday,Avon Loop,Late Leaving Garage,7,14,S/B,1060
3-Oct-18,32,3:10:00 PM,Wednesday,Eglinton Station,Mechanical,8,16,W/B,1265
3-Oct-18,14,3:17:00 PM,Wednesday,Caledonia and Glencarin,Late Leaving Garage,16,32,B/W,1090
3-Oct-18,32,3:21:00 PM,Wednesday,Eglinton Avenue West of Old Park,Mechanical,8,16,W/B,1606
3-Oct-18,939,3:23:00 PM,Wednesday,Morningside and Nightstar,Late Leaving Garage,12,24,E/B,1636
3-Oct-18,32,3:25:00 PM,Wednesday,Eglinton West Station,Mechanical,9,18,E/B,1220
3-Oct-18,168,3:28:00 PM,Wednesday,Avon loop,Late Leaving Garage,6,12,SB,
3-Oct-18,22,3:30:00 PM,Wednesday,Coxwell ave,General Delay,10,10,S/B,
3-Oct-18,59,3:42:00 PM,Wednesday,150 Culford,Investigation,14,26,E/B,8521
3-Oct-18,161,3:43:00 PM,Wednesday,Allaince and Jane,Late Leaving Garage,13,26,E/B,
3-Oct-18,7,3:45:00 PM,Wednesday,Bathurst Station,Diversion,81,90,S/B,9000
3-Oct-18,7,3:45:00 PM,Wednesday,Bathurst Station,Emergency Services,6,12,S/B,9001
3-Oct-18,7,3:45:00 PM,Wednesday,Bathurst Station,Mechanical,9,15,S/B,9000
3-Oct-18,36,3:45:00 PM,Wednesday,Duncanwoods on Finch,Mechanical,7,14,W/B,9134
3-Oct-18,78,3:45:00 PM,Wednesday,York Mills Station,Late Leaving Garage,15,30,N/B,1390
3-Oct-18,89,3:45:00 PM,Wednesday,Weston and Dundas,Emergency Services,7,14,N/B,1359
3-Oct-18,7,3:45:00 PM,Wednesday,Eglinton to Bathurst Station,General Delay,25,34,B/W,
3-Oct-18,79,3:45:00 PM,Wednesday,Scarlett and Eglinton,Mechanical,14,28,SB,1063
3-Oct-18,121,3:45:00 PM,Wednesday,Fort York - Esplanade,General Delay,15,30,B/W,8490
3-Oct-18,32,3:48:00 PM,Wednesday,Renforth Station,Late Leaving Garage,8,16,E/B,
3-Oct-18,36,3:49:00 PM,Wednesday,Ormont on Toryork,Investigation,13,26,N/B,8532
3-Oct-18,188,4:00:00 PM,Wednesday,Kipling Station to Colonel Samuel Smith Loop,General Delay,15,24,B/W,
3-Oct-18,72,4:00:00 PM,Wednesday,Pape ave,General Delay,12,12,B/W,
3-Oct-18,100,4:00:00 PM,Wednesday,Route 100,General Delay,15,21,B/W,
3-Oct-18,34,4:00:00 PM,Wednesday,Route 34,General Delay,20,25,B/W,
3-Oct-18,44,4:00:00 PM,Wednesday,Kipling Station to Colonel Samuel Smith Loop,General Delay,15,20,B/W,
3-Oct-18,65,4:00:00 PM,Wednesday,Parliament from CAST to BKFR,General Delay,30,40,B/W,
3-Oct-18,122,4:00:00 PM,Wednesday,York Mills Station,General Delay,20,32,B/W,
3-Oct-18,52,4:00:00 PM,Wednesday,Scarlett and Allen on Larwrence,General Delay,30,43,bw,
3-Oct-18,12,4:00:00 PM,Wednesday,Kennedy Station,General Delay,10,1,,
3-Oct-18,25,4:00:00 PM,Wednesday,PSTN to DONS,General Delay,15,21,B/W,
3-Oct-18,115,4:00:00 PM,Wednesday,York Mills Station to Bannatyne Dr,General Delay,25,45,B/W,
3-Oct-18,102,4:00:00 PM,Wednesday,Elelsmere to 401,General Delay,12,12,B/W,
3-Oct-18,24,4:00:00 PM,Wednesday,Victoria Park,General Delay,15,1,B/W,
3-Oct-18,925,4:00:00 PM,Wednesday,PSTN to FMDM,General Delay,20,28,B/W,
3-Oct-18,143,4:08:00 PM,Wednesday,Garage,Late Leaving Garage,25,50,W/B,8463
3-Oct-18,61,4:15:00 PM,Wednesday,61 Avenue Rd North Route.,General Delay,20,32,W/B,
3-Oct-18,927,4:19:00 PM,Wednesday,Lexington and M.Grove,Investigation,6,12,S/B,8537
3-Oct-18,95,4:23:00 PM,Wednesday,York Mills Station,General Delay,1,1,B/W,1124
3-Oct-18,86,4:24:00 PM,Wednesday,Kennedy Station,Mechanical,16,32,E/B,8800
3-Oct-18,985,4:28:00 PM,Wednesday,Don Mills Stn,Utilized Off Route,8,17,E/B,9100
3-Oct-18,709,4:30:00 PM,Wednesday,Wellinton and Bay,Investigation,1,1,N/B,1049
3-Oct-18,80,4:33:00 PM,Wednesday,Queensway at Parklawn,Emergency Services,30,30,W/B,8083
3-Oct-18,32,4:39:00 PM,Wednesday,Glenholme Avenue,Investigation,9,18,W/B,1503
3-Oct-18,165,4:45:00 PM,Wednesday,Keele and Wilson,Mechanical,8,16,E/B,8516
3-Oct-18,65,4:49:00 PM,Wednesday,Dundas and Parliament,Mechanical,9,18,S/B,7815
3-Oct-18,902,4:51:00 PM,Wednesday,Warden stn,Mechanical,10,20,N/B,8931
3-Oct-18,23,4:59:00 PM,Wednesday,Main,Emergency Services,7,14,S/B,9215
3-Oct-18,81,5:00:00 PM,Wednesday,Thorncliffe,General Delay,8,8,B/W,
3-Oct-18,24,5:10:00 PM,Wednesday,Victoria Park Station,Mechanical,9,18,N/B,7731
3-Oct-18,34,5:41:00 PM,Wednesday,Kennedy/Eglinton,Investigation,4,9,W/B,8673
3-Oct-18,37,5:45:00 PM,Wednesday,Islinton at Dixon,Mechanical,10,20,S/B,8099
3-Oct-18,87,5:48:00 PM,Wednesday,Barrington,Mechanical,5,10,N/B,8940
3-Oct-18,68,6:00:00 PM,Wednesday,Warden,General Delay,28,34,B/W,
3-Oct-18,73,6:01:00 PM,Wednesday,ALCP,Mechanical,14,28,W/B,8091
3-Oct-18,85,6:10:00 PM,Wednesday,DONS,Utilized Off Route,15,31,E/B,1622
3-Oct-18,704,6:16:00 PM,Wednesday,RC27,Mechanical,1,1,E/B,8577
3-Oct-18,71,6:33:00 PM,Wednesday,Gunns Loop,Mechanical,19,38,E/B,1357
3-Oct-18,26,6:52:00 PM,Wednesday,St George Station,Investigation,17,24,EB,1146
3-Oct-18,939,6:54:00 PM,Wednesday,Tollerton and Finch,Mechanical,12,24,W/B,1239
3-Oct-18,129,6:54:00 PM,Wednesday,STC,Mechanical,19,34,N/B,1822
3-Oct-18,59,7:45:00 PM,Wednesday,Oak and Weston,Mechanical,14,28,EB,1313
3-Oct-18,77,7:50:00 PM,Wednesday,Runnymede and Morningside Avenue,Mechanical,22,,S/B,1236
3-Oct-18,41,8:00:00 PM,Wednesday,Rogers Keele to rogers/ Bicknell,Diversion,458,488,S/B,
3-Oct-18,161,8:00:00 PM,Wednesday,Rogers/ Keele to Rogers/Bicknell,Diversion,360,377,W/B,
3-Oct-18,168,8:05:00 PM,Wednesday,Rogers and keele,Diversion,377,392,WB,1097
3-Oct-18,902,8:20:00 PM,Wednesday,Kingston/ St.Clair,Mechanical,10,20,S/B,7792
3-Oct-18,95,8:50:00 PM,Wednesday,Pharmacy Ave and Ellesmere Rd,Mechanical,14,28,E/B,1769
3-Oct-18,65,8:52:00 PM,Wednesday,OAK and Parliament,Investigation,16,32,N/B,7863
3-Oct-18,168,9:00:00 PM,Wednesday,Rogers and Keele,General Delay,10,25,W/B,
3-Oct-18,165,9:20:00 PM,Wednesday,Wilson Station,Mechanical,10,20,E/B,8611
3-Oct-18,41,9:23:00 PM,Wednesday,Keele and Finch,Emergency Services,17,34,N/B,9055
3-Oct-18,94,9:54:00 PM,Wednesday,OSTN,Mechanical,9,18,E/B,1045
3-Oct-18,34,9:55:00 PM,Wednesday,DM/Eglinton,Mechanical,13,26,W/B,8773
3-Oct-18,165,10:56:00 PM,Wednesday,Barmac and Steeles,Mechanical,10,20,E/B,8581
3-Oct-18,38,11:25:00 PM,Wednesday,Scarborough Town Centre,Utilized Off Route,13,26,E/B,1767
3-Oct-18,46,11:36:00 PM,Wednesday,Lexington/Martingrove,Mechanical,30,60,N/B,8479
3-Oct-18,76,11:59:00 PM,Wednesday,"On Mimico, at Lakeshore",Investigation,10,20,N/B,8067
3-Oct-18,52,12:00:00 AM,Wednesday,Lawrence & Jane,Mechanical,18,36,E/B,1006
4-Oct-18,41,12:00:00 AM,Thursday,Keele and Lawrence,Mechanical,20,40,N/B,9151
4-Oct-18,36,12:58:00 AM,Thursday,Islington,Mechanical,9,18,E/B,8480
4-Oct-18,100,1:12:00 AM,Thursday,BSTN,Emergency Services,10,20,N/B,8910
4-Oct-18,939,1:55:00 AM,Thursday,Finch Station,Late Leaving Garage,12,24,E/B,1660
4-Oct-18,300,2:46:00 AM,Thursday,Burnhamthorpe &427,Diversion,179,179,W/B,8450
4-Oct-18,341,3:00:00 AM,Thursday,Keele and Rogers,Diversion,134,164,SB,
4-Oct-18,320,3:04:00 AM,Thursday,Yonge at Charles,Mechanical,4,8,S/B,1296
4-Oct-18,502,4:50:00 AM,Thursday,Bingam loop,Late Leaving Garage,1,1,N/B,7853
4-Oct-18,102,4:54:00 AM,Thursday,warden station,Late Leaving Garage,1,1,N/B,8111
4-Oct-18,45,4:59:00 AM,Thursday,SLPK,Late Leaving Garage,11,22,S/B,7969
4-Oct-18,502,5:02:00 AM,Thursday,bingam loop,Late Leaving Garage,1,1,N/B,7860
4-Oct-18,24,5:07:00 AM,Thursday,victoria park and consumers,Late Leaving Garage,1,1,N/B,7841
4-Oct-18,36,5:13:00 AM,Thursday,Finch and Arrow,Late Leaving Garage,19,29,E/B,1337
4-Oct-18,17,5:27:00 AM,Thursday,warden station,Late Leaving Garage,30,60,N/B,9237
4-Oct-18,9,5:32:00 AM,Thursday,stc,Mechanical,15,30,N/B,7815
4-Oct-18,60,5:40:00 AM,Thursday,SLPM,Late Leaving Garage,10,20,E,9106
4-Oct-18,131,5:43:00 AM,Thursday,Morningside and Morningview,Late Leaving Garage,7,14,E/B,
4-Oct-18,935,6:00:00 AM,Thursday,Sheppard Avenue West,General Delay,9,39,BW,
4-Oct-18,165,6:03:00 AM,Thursday,Weston and Kenhar,Mechanical,5,11,N/B,1336
4-Oct-18,160,6:03:00 AM,Thursday,Wilson Stn,Late Leaving Garage,20,40,N/B,1321
4-Oct-18,36,6:05:00 AM,Thursday,Humberwood Loop,Mechanical,5,10,E/B,9121
4-Oct-18,36,6:07:00 AM,Thursday,Finch West Station,Late Leaving Garage,5,9,E/B,8580
4-Oct-18,64,6:08:00 AM,Thursday,Main Street / MSTN,Mechanical,11,22,S/B,8418
4-Oct-18,52,6:11:00 AM,Thursday,WMAL,Mechanical,18,36,E/B,1035
4-Oct-18,84,6:13:00 AM,Thursday,WEBR,Late Leaving Garage,23,47,E/B,3293
4-Oct-18,36,6:15:00 AM,Thursday,Finch West Station,Late Leaving Garage,5,10,W/B,9124
4-Oct-18,108,6:19:00 AM,Thursday,Arrow garage POD  Sheppard West stn,Mechanical,5,12,W/B,3208
4-Oct-18,12,6:20:00 AM,Thursday,Danfoth and Brimley,Investigation,12,24,B/W,8106
4-Oct-18,702,6:21:00 AM,Thursday,ISTN,Utilized Off Route,1,1,S/B,7922
4-Oct-18,168,6:22:00 AM,Thursday,Mt Dennis,Utilized Off Route,5,10,S/B,1052
4-Oct-18,63,6:22:00 AM,Thursday,Dufferin and Wingold,Utilized Off Route,5,10,S/B,1396
4-Oct-18,53,6:23:00 AM,Thursday,FSTN,Late Leaving Garage,7,21,E/B,9096
4-Oct-18,24,6:24:00 AM,Thursday,victoria park station,Utilized Off Route,10,20,N/B,8452
4-Oct-18,90,6:24:00 AM,Thursday,St.Clair West Stn,Utilized Off Route,4,8,N/B,1370
4-Oct-18,100,6:27:00 AM,Thursday,Don mills Rd/Wynford Dr,Late Leaving Garage,3,6,S/B,8679
4-Oct-18,902,6:27:00 AM,Thursday,warden station,Late Leaving Garage,10,20,N/B,8105
4-Oct-18,188,6:30:00 AM,Thursday,KPSN,Utilized Off Route,10,20,S/B,8029
4-Oct-18,79,6:30:00 AM,Thursday,RUST,Utilized Off Route,8,17,N/B,1111
4-Oct-18,709,6:30:00 AM,Thursday,Townsley loop,Utilized Off Route,5,10,S/B,1053
4-Oct-18,44,6:34:00 AM,Thursday,CSSL,Utilized Off Route,7,14,N/B,8428
4-Oct-18,939,6:35:00 AM,Thursday,STC,Mechanical,8,15,W/B,1657
4-Oct-18,53,6:36:00 AM,Thursday,FSTN,Investigation,6,11,E/B,1678
4-Oct-18,45,6:36:00 AM,Thursday,Kipling Stn,Mechanical,6,11,N/B,8040
4-Oct-18,106,6:38:00 AM,Thursday,Pioneer Village Stn,Late Leaving Garage,7,15,S/B,8150
4-Oct-18,86,6:39:00 AM,Thursday,Kennedy Station,Utilized Off Route,6,18,E/B,8919
4-Oct-18,113,6:39:00 AM,Thursday,main stn,Mechanical,22,44,B/W,7805
4-Oct-18,939,6:46:00 AM,Thursday,Finch/Goldfinch court,Investigation,7,15,E/B,1771
4-Oct-18,29,6:47:00 AM,Thursday,Princes Gate Blv,Utilized Off Route,6,12,N/B,9049
4-Oct-18,84,6:47:00 AM,Thursday,PVST,Late Leaving Garage,19,39,E/B,3186
4-Oct-18,52,6:50:00 AM,Thursday,Olympia and Lawrence,Mechanical,12,24,W/B,1213
4-Oct-18,124,6:52:00 AM,Thursday,Larence Station,Late Leaving Garage,6,12,E/B,1309
4-Oct-18,124,6:55:00 AM,Thursday,Lawrence Station,Investigation,6,12,E/B,1282
4-Oct-18,51,6:56:00 AM,Thursday,Eglinton Stn,Mechanical,17,34,S/B,8340
4-Oct-18,45,7:00:00 AM,Thursday,Kipling Rte,General Delay,15,20,B/W,
4-Oct-18,63,7:00:00 AM,Thursday,Liberty and Jefferson,Diversion,5,10,S/B,8720
4-Oct-18,37,7:00:00 AM,Thursday,ENTIRE ROUTE,General Delay,15,35,B/W,
4-Oct-18,79,7:01:00 AM,Thursday,Pine,Late Leaving Garage,8,16,S/B,1142
4-Oct-18,39,7:05:00 AM,Thursday,FSTN,Utilized Off Route,10,20,E/B,1583
4-Oct-18,6,7:07:00 AM,Thursday,Queens Quay and Dockside,Late Leaving Garage,5,11,N/B,1136
4-Oct-18,96,7:07:00 AM,Thursday,Arrow garage POD YKMS stn,Mechanical,9,18,W/B,3186
4-Oct-18,14,7:08:00 AM,Thursday,Davisville stn,Investigation,16,31,W/B,1059
4-Oct-18,985,7:11:00 AM,Thursday,Sheppard East - Consumers Rd,Mechanical,9,17,E/B,9089
4-Oct-18,12,7:14:00 AM,Thursday,Victroai park and Danforth,Investigation,12,24,B/W,9226
4-Oct-18,52,7:25:00 AM,Thursday,WMAL,Mechanical,18,36,E/B,1215
4-Oct-18,70,7:30:00 AM,Thursday,Coxwell & Warden STN's + Craigton and Pharmacy,General Delay,20,25,B/W,
4-Oct-18,985,7:30:00 AM,Thursday,STC to DONS to SCLP,General Delay,12,27,bw,
4-Oct-18,53,7:34:00 AM,Thursday,FSTN,Utilized Off Route,5,10,E/B,1767
4-Oct-18,53,7:35:00 AM,Thursday,FSTN,Mechanical,13,26,E/B,9071
4-Oct-18,984,7:41:00 AM,Thursday,WEBR,Mechanical,9,19,E/B,3143
4-Oct-18,16,7:59:00 AM,Thursday,McCowan Road / WAST,Mechanical,9,18,N/B,7882
4-Oct-18,90,8:00:00 AM,Thursday,Oakwood and Vaughan Rd,General Delay,120,124,B/W,
4-Oct-18,17,8:00:00 AM,Thursday,Birchmount Road / WAST,General Delay,8,16,B/W,
4-Oct-18,16,8:00:00 AM,Thursday,McCowan Road / WAST,General Delay,9,18,B/W,
4-Oct-18,100,8:00:00 AM,Thursday,Broadview STN to Don Mills Rd/Wynford Dr,General Delay,15,21,B/W,
4-Oct-18,39,8:00:00 AM,Thursday,39 Route- All Branches,General Delay,15,30,B/W,
4-Oct-18,160,8:00:00 AM,Thursday,Clark and Bathurst to Wilson Stn,General Delay,120,140,B/W,
4-Oct-18,143,8:00:00 AM,Thursday,Downtown Beach Express,General Delay,15,30,W/B,
4-Oct-18,35,8:00:00 AM,Thursday,Jane Street,General Delay,5,35,BW,
4-Oct-18,68,8:00:00 AM,Thursday,Warden at Eglinton,General Delay,1,1,S/B,
4-Oct-18,935,8:00:00 AM,Thursday,jane and Dundas,General Delay,9,39,BW,
4-Oct-18,23,8:00:00 AM,Thursday,Ferrris & Rexleigh,Diversion,7,14,N/B,8104
4-Oct-18,102,8:00:00 AM,Thursday,Markham route,General Delay,15,1,B/W,
4-Oct-18,68,8:00:00 AM,Thursday,Warden & Eglinton,General Delay,25,30,B/W,
4-Oct-18,54,8:00:00 AM,Thursday,Eglinton Station to Starspray,General Delay,30,35,B/W,
4-Oct-18,34,8:00:00 AM,Thursday,Kennedy STN to Eglinton STN,General Delay,20,28,B/W,
4-Oct-18,43,8:00:00 AM,Thursday,Kennedy STN + Midland and Steeles,General Delay,20,25,B/W,
4-Oct-18,24,8:00:00 AM,Thursday,Eglintion /to Ellesmere,General Delay,7,14,B/W,
4-Oct-18,7,8:00:00 AM,Thursday,Greenwin Village and Bathurst to Bathurst Stn,General Delay,120,129,B/W,
4-Oct-18,86,8:00:00 AM,Thursday,Eglinton & Midland,General Delay,15,33,W/B,
4-Oct-18,905,8:00:00 AM,Thursday,Eglinton & Midland,General Delay,15,23,W/B,
4-Oct-18,939,8:00:00 AM,Thursday,939 Route- All Express bus,General Delay,9,17,B/W,
4-Oct-18,116,8:00:00 AM,Thursday,Eglinton & Midland,General Delay,15,23,W/B,
4-Oct-18,6,8:00:00 AM,Thursday,Bay stn,Mechanical,10,19,S/B,1146
4-Oct-18,109,8:05:00 AM,Thursday,Lawrence West Stn,Investigation,20,40,N/B,8026
4-Oct-18,107,8:05:00 AM,Thursday,Keele and Canarctic,Diversion,,,BW,3128
4-Oct-18,927,8:10:00 AM,Thursday,KPSN,Investigation,7,13,N/B,8578
4-Oct-18,168,8:10:00 AM,Thursday,Dundas West stn,Mechanical,5,10,N/B,1138
4-Oct-18,95,8:22:00 AM,Thursday,Leslie and York Mills,General Delay,1,1,B/W,1631
4-Oct-18,57,8:30:00 AM,Thursday,Kennedy STN + Midland and Steeles,General Delay,20,25,B/W,
4-Oct-18,939,8:43:00 AM,Thursday,STC,Mechanical,9,17,W/B,1564
4-Oct-18,84,8:46:00 AM,Thursday,Signet,Mechanical,19,38,N/B,3196
4-Oct-18,73,8:47:00 AM,Thursday,Portland at Ryal York,Mechanical,27,54,E/B,7927
4-Oct-18,84,8:55:00 AM,Thursday,Sheppard West Station,Investigation,19,38,E/B,3228
4-Oct-18,45,9:04:00 AM,Thursday,Kipling and Rowntree,Mechanical,22,44,N/B,8070
4-Oct-18,69,9:07:00 AM,Thursday,Warden Station,Mechanical,11,22,B/W,7735
4-Oct-18,105,9:18:00 AM,Thursday,Dufferin st and Martin Ross,Investigation,11,22,N/B,1257
4-Oct-18,47,9:22:00 AM,Thursday,Lansdowne and Dupont,Mechanical,4,9,S/B,1002
4-Oct-18,9,9:58:00 AM,Thursday,Bellamy Road / WAST,Mechanical,23,46,N/B,7724
4-Oct-18,113,10:00:00 AM,Thursday,main stn /Danforth /Danforth,General Delay,23,46,B/W,
4-Oct-18,939,10:01:00 AM,Thursday,Finch/Brimley,Mechanical,9,17,W/B,1627
4-Oct-18,63,10:05:00 AM,Thursday,Davenport Rd and Ossington,Investigation,7,15,N/B,8365
4-Oct-18,54,10:12:00 AM,Thursday,Orton Park & Brimorton,Mechanical,11,23,E/B,8857
4-Oct-18,84,10:43:00 AM,Thursday,Bakersfield,Emergency Services,8,16,E/B,3279
4-Oct-18,939,10:48:00 AM,Thursday,FSTN,Mechanical,8,17,E/B,1755
4-Oct-18,112,10:50:00 AM,Thursday,Dundas and West Mall,Investigation,24,48,N/B,8016
4-Oct-18,60,10:52:00 AM,Thursday,PVST,Mechanical,6,9,W/B,8567
4-Oct-18,32,11:15:00 AM,Thursday,EWST,Mechanical,10,20,W/B,1236
4-Oct-18,129,11:18:00 AM,Thursday,Scar Town Centre Station,Investigation,7,21,S/B,1770
4-Oct-18,35,11:20:00 AM,Thursday,PVST,Mechanical,5,10,E/B,3231
4-Oct-18,97,12:10:00 PM,Thursday,Eglinton and Yonge,General Delay,1,1,B/W,
4-Oct-18,70,12:10:00 PM,Thursday,Plains and Coxwell,Investigation,18,36,N/B,8660
4-Oct-18,719,12:41:00 PM,Thursday,RUST,Utilized Off Route,1,1,N/B,1134
4-Oct-18,702,12:42:00 PM,Thursday,Kipling Stn,Utilized Off Route,1,1,S/B,8095
4-Oct-18,602,12:42:00 PM,Thursday,Kipling Stn,Utilized Off Route,1,1,S/B,8091
4-Oct-18,709,12:44:00 PM,Thursday,Caledonia/Lawrence,Utilized Off Route,1,1,E/B,1125
4-Oct-18,47,12:48:00 PM,Thursday,QNLA,Mechanical,17,17,N/B,1137
4-Oct-18,609,12:50:00 PM,Thursday,KSTN,Utilized Off Route,1,1,S/B,1052
4-Oct-18,603,12:59:00 PM,Thursday,Jane Station,Utilized Off Route,1,1,BW,8550
4-Oct-18,60,1:00:00 PM,Thursday,LWJA,Utilized Off Route,1,1,S/B,4
4-Oct-18,44,1:05:00 PM,Thursday,CSSL,Utilized Off Route,6,13,N/B,8060
4-Oct-18,22,1:06:00 PM,Thursday,coxwell route,General Delay,10,1,B/W,
4-Oct-18,39,1:12:00 PM,Thursday,FSTN,Mechanical,6,18,E/B,1544
4-Oct-18,11,1:15:00 PM,Thursday,Sheppard and Bayview,Investigation,12,24,S/B,8167
4-Oct-18,29,1:20:00 PM,Thursday,celt Ave./ Dufferin,Investigation,5,10,S/B,9024
4-Oct-18,36,1:21:00 PM,Thursday,Finch Station,Mechanical,5,11,W/B,8477
4-Oct-18,45,1:30:00 PM,Thursday,Kiplig Stn,Mechanical,10,20,N/B,8087
4-Oct-18,106,1:50:00 PM,Thursday,Sheppard W Stn,Mechanical,12,24,N/B,1304
4-Oct-18,36,1:51:00 PM,Thursday,Finch and Westmore,Investigation,6,12,E/B,9118
4-Oct-18,939,2:00:00 PM,Thursday,939 Finch Express-All Branch,General Delay,15,27,B/W,1752
4-Oct-18,39,2:00:00 PM,Thursday,39 Finch Route-All Branch,General Delay,10,22,B/W,1782
4-Oct-18,31,2:00:00 PM,Thursday,Greenwood / GSTN,Investigation,12,24,S/B,8459
4-Oct-18,24,2:00:00 PM,Thursday,24 Victoria Park Ave,General Delay,20,1,B/W,
4-Oct-18,84,2:14:00 PM,Thursday,PVST,Late Leaving Garage,27,27,E/B,3164
4-Oct-18,167,2:17:00 PM,Thursday,settlers and sheppard,Investigation,24,48,,7874
4-Oct-18,53,2:20:00 PM,Thursday,Finch station,Late Leaving Garage,4,5,W/B,9063
4-Oct-18,53,2:25:00 PM,Thursday,PAMK,Late Leaving Garage,5,9,W/B,1710
4-Oct-18,42,2:26:00 PM,Thursday,Finch Stn,Mechanical,11,22,E/B,8317
4-Oct-18,36,2:27:00 PM,Thursday,FSTN,Late Leaving Garage,5,10,W/B,
4-Oct-18,36,2:27:00 PM,Thursday,FSTN,Late Leaving Garage,5,10,W/B,
4-Oct-18,102,2:30:00 PM,Thursday,warden station,Mechanical,20,40,N/B,8437
4-Oct-18,97,2:31:00 PM,Thursday,Yonge and Soudan,General Delay,20,40,N/B,1386
4-Oct-18,102,2:39:00 PM,Thursday,warden station,Utilized Off Route,6,12,N/B,8460
4-Oct-18,102,2:46:00 PM,Thursday,warden staiton,Mechanical,6,12,N/B,8460
4-Oct-18,79,2:56:00 PM,Thursday,Dundas and Runnymede,Mechanical,9,18,S/B,1066
4-Oct-18,985,2:58:00 PM,Thursday,Meadowvale loop,Late Leaving Garage,9,18,W/B,9092
4-Oct-18,39,2:58:00 PM,Thursday,McNicoll and VP,Late Leaving Garage,14,28,N/B,1763
4-Oct-18,26,3:00:00 PM,Thursday,Entire Route,General Delay,20,35,B/W,
4-Oct-18,47,3:00:00 PM,Thursday,Entire Route,General Delay,15,25,B/W,
4-Oct-18,122,3:00:00 PM,Thursday,York Mills Station to Roywood Dr,General Delay,29,40,B/W,
4-Oct-18,29,3:00:00 PM,Thursday,Wilson Station to Princes Gates,General Delay,47,52,B/W,
4-Oct-18,67,3:00:00 PM,Thursday,VICT to CROS,General Delay,15,25,B/W,
4-Oct-18,925,3:00:00 PM,Thursday,PSTN to FMDM,General Delay,30,38,B/W,
4-Oct-18,25,3:00:00 PM,Thursday,PSTN to FMDM,General Delay,20,25,B/W,
4-Oct-18,52,3:00:00 PM,Thursday,Entire route,General Delay,60,73,E/B,
4-Oct-18,115,3:00:00 PM,Thursday,York Mills Station to Bannatyne Dr,General Delay,36,56,B/W,
4-Oct-18,985,3:00:00 PM,Thursday,Don Mills to Meadowvale loop,General Delay,15,20,B/W,
4-Oct-18,12,3:00:00 PM,Thursday,12 Kingston Road,General Delay,15,1,B/W,
4-Oct-18,17,3:00:00 PM,Thursday,Birchmount Road,General Delay,15,30,B/W,
4-Oct-18,16,3:00:00 PM,Thursday,Bellamy Road,General Delay,12,24,B/W,
4-Oct-18,927,3:02:00 PM,Thursday,Kipling Station,Late Leaving Garage,12,24,N/B,8595
4-Oct-18,26,3:05:00 PM,Thursday,JNST,Late Leaving Garage,15,30,E/B,1065
4-Oct-18,23,3:06:00 PM,Thursday,Gower,Investigation,10,20,S/B,7842
4-Oct-18,45,3:07:00 PM,Thursday,Disco,Mechanical,14,28,S/B,7914
4-Oct-18,12,3:08:00 PM,Thursday,Barkdene Hills,Mechanical,21,42,W/B,7709
4-Oct-18,46,3:12:00 PM,Thursday,Nottinghill Gate and Winterton Dr,Late Leaving Garage,1,1,N/B,1327
4-Oct-18,102,3:15:00 PM,Thursday,Centennial college,Utilized Off Route,4,10,S/B,9238
4-Oct-18,116,3:15:00 PM,Thursday,Garage,Late Leaving Garage,8,16,N/B,8635
4-Oct-18,14,3:17:00 PM,Thursday,Glencairn and Caledonia,Late Leaving Garage,16,36,EB,1056
4-Oct-18,122,3:19:00 PM,Thursday,York Mills Station,Mechanical,12,23,E/B,8140
4-Oct-18,132,3:21:00 PM,Thursday,Sewells and Hupfield,Late Leaving Garage,15,30,W/B,1501
4-Oct-18,102,3:30:00 PM,Thursday,Ellesmere to Sheppard,General Delay,13,13,N/B,
4-Oct-18,29,3:30:00 PM,Thursday,Duffeirn and Lawrence,Mechanical,10,19,N/B,9035
4-Oct-18,72,3:30:00 PM,Thursday,"Queensquay, Front, Bay",General Delay,20,20,N/B,
4-Oct-18,39,3:30:00 PM,Thursday,Gordon Baker and Harold Evens,Mechanical,14,28,N/B,1743
4-Oct-18,63,3:32:00 PM,Thursday,East Liberty and Atlantic,Diversion,127,136,N/B,
4-Oct-18,902,3:38:00 PM,Thursday,Sheppard,Late Leaving Garage,0,0,S/B,8463
4-Oct-18,937,3:40:00 PM,Thursday,The Westway on Islington Ave.,Mechanical,11,22,N/B,7913
4-Oct-18,52,3:52:00 PM,Thursday,Lawrence Station,Late Leaving Garage,11,22,W/B,1204
4-Oct-18,86,3:52:00 PM,Thursday,KENN,Mechanical,10,20,E/B,8874
4-Oct-18,51,4:00:00 PM,Thursday,51 Leslie Route,General Delay,25,43,N/B,
4-Oct-18,22,4:00:00 PM,Thursday,Coxwell ave,General Delay,10,10,B/W,
4-Oct-18,51,4:00:00 PM,Thursday,Leslie Station,Mechanical,18,36,S/B,8302
4-Oct-18,9,4:00:00 PM,Thursday,Warden Station,General Delay,13,1,B/W,
4-Oct-18,36,4:00:00 PM,Thursday,FWSN to FSTN,General Delay,1,1,B/W,
4-Oct-18,16,4:00:00 PM,Thursday,Warden Station,General Delay,13,1,B/W,
4-Oct-18,17,4:00:00 PM,Thursday,Warden Station,General Delay,20,1,B/W,
4-Oct-18,65,4:00:00 PM,Thursday,Castle Frank Station,General Delay,8,1,B/W,
4-Oct-18,30,4:00:00 PM,Thursday,High Park Station to Kipling Station,General Delay,15,37,B/W,
4-Oct-18,169,4:00:00 PM,Thursday,Birchmount and Huntingwood,General Delay,30,60,B/W,
4-Oct-18,78,4:00:00 PM,Thursday,York Mills Station to Carluke Cres,General Delay,20,35,B/W,
4-Oct-18,42,4:00:00 PM,Thursday,42 Cummer Route,General Delay,25,38,B/W,
4-Oct-18,167,4:00:00 PM,Thursday,167 Pharmacy North,General Delay,15,1,B/W,
4-Oct-18,11,4:00:00 PM,Thursday,11 Bayview route,General Delay,30,40,N/B,
4-Oct-18,143,4:00:00 PM,Thursday,Sherbourn and Richmond,General Delay,10,1,B/W,
4-Oct-18,165,4:09:00 PM,Thursday,Wilson Station,General Delay,1,1,W/B,8504
4-Oct-18,41,4:12:00 PM,Thursday,Keele @ Rogers,Investigation,15,30,N/B,9145
4-Oct-18,61,4:15:00 PM,Thursday,61 Avenue Rd North Route,General Delay,25,37,B/W,
4-Oct-18,24,4:20:00 PM,Thursday,McNicolle Ave,Investigation,1,1,N/B,8443
4-Oct-18,39,4:40:00 PM,Thursday,Markham Rd-Finch Av,Diversion,50,64,E/B,1535
4-Oct-18,939,4:40:00 PM,Thursday,Finch and Markham Rd,Diversion,50,62,E/B,1660
4-Oct-18,63,4:44:00 PM,Thursday,Marlee and Eglinton,Investigation,8,16,N/B,8329
4-Oct-18,17,4:46:00 PM,Thursday,Birchmount and Ellesmere,Investigation,16,24,N/B,7776
4-Oct-18,102,4:52:00 PM,Thursday,Markham and Finch,Diversion,37,57,N/B,
4-Oct-18,56,4:54:00 PM,Thursday,Larid and Vanderhoof,Investigation,9,18,S/B,1368
4-Oct-18,50,4:55:00 PM,Thursday,From Mill Road Loop To ISTN,General Delay,13,26,W/B,7945
4-Oct-18,53,5:00:00 PM,Thursday,Finch Station to Morningside/Finch,General Delay,15,30,B/W,
4-Oct-18,63,5:00:00 PM,Thursday,Allen and Eglinton,General Delay,13,23,N/B,
4-Oct-18,121,5:30:00 PM,Thursday,Fort York -Esplanade,General Delay,15,30,B/W,8404
4-Oct-18,41,5:36:00 PM,Thursday,Ian Macdonald @ Ottawa Rd ( York University),Investigation,11,22,S/B,9136
4-Oct-18,65,5:50:00 PM,Thursday,CAST,Utilized Off Route,10,19,B/W,7825
4-Oct-18,112,5:53:00 PM,Thursday,Kipling Station,Mechanical,16,32,N/B,7926
4-Oct-18,92,6:08:00 PM,Thursday,Merrill Ave,Emergency Services,9,18,N/B,8450
4-Oct-18,60,6:15:00 PM,Thursday,PVST,Mechanical,7,14,W/B,1326
4-Oct-18,985,6:20:00 PM,Thursday,Sheppard Ave and Midland,Mechanical,9,18,W/B,9066
4-Oct-18,39,6:24:00 PM,Thursday,Leslie and Finch,Mechanical,14,28,W/B,1708
4-Oct-18,91,6:30:00 PM,Thursday,Sloane and Eglinton,Mechanical,14,28,S/B,7789
4-Oct-18,17,6:55:00 PM,Thursday,Moden on Birchmount,Investigation,12,24,S/B,8455
4-Oct-18,17,7:00:00 PM,Thursday,Warden Station,Utilized Off Route,36,36,N/B,7876
4-Oct-18,95,7:00:00 PM,Thursday,YKMS to KNRD,General Delay,20,30,B/W,1744
4-Oct-18,39,7:23:00 PM,Thursday,Finch Station,Mechanical,8,16,W/B,1335
4-Oct-18,52,7:30:00 PM,Thursday,T3,Mechanical,12,23,E/B,1015
4-Oct-18,85,7:48:00 PM,Thursday,Meadowvale Loop,Mechanical,19,38,W/B,1561
4-Oct-18,39,8:00:00 PM,Thursday,Leslie and Finch,Mechanical,14,28,W/B,1708
4-Oct-18,29,8:16:00 PM,Thursday,Duferin and Queen,Investigation,6,12,S/B,9034
4-Oct-18,168,10:00:00 PM,Thursday,Entire Route,General Delay,10,20,B/W,
4-Oct-18,129,10:20:00 PM,Thursday,STC,Mechanical,10,20,N/B,1681
4-Oct-18,113,10:27:00 PM,Thursday,Summer Driver,Emergency Services,30,40,W/B,8948
4-Oct-18,72,11:03:00 PM,Thursday,Front and Bay,Diversion,38,56,S/B,7824
4-Oct-18,6,11:15:00 PM,Thursday,Front and Bay,Diversion,25,50,S/B,
4-Oct-18,38,11:25:00 PM,Thursday,STC SRT,Utilized Off Route,13,26,E/B,1701
4-Oct-18,116,11:40:00 PM,Thursday,MSNS,Emergency Services,10,20,E/B,8861
4-Oct-18,54,11:42:00 PM,Thursday,Lawrence & Kingston,Diversion,68,88,E/B,
5-Oct-18,34,12:07:00 AM,Friday,Kennedy Station,Mechanical,10,20,W/B,8885
5-Oct-18,81,12:48:00 AM,Friday,Thorncliff Park at Overlee Blvd.,Investigation,20,40,S/B,7811
5-Oct-18,52,12:50:00 AM,Friday,Brookview and Lawrence,Mechanical,19,36,E/B,1378
5-Oct-18,36,12:58:00 AM,Friday,Islington,Mechanical,9,18,E/B,8480
5-Oct-18,63,1:28:00 AM,Friday,eglinton west stn,Mechanical,10,20,S/B,1391
5-Oct-18,320,3:04:00 AM,Friday,Charles/Yonge,Mechanical,4,8,S/B,1296
5-Oct-18,320,3:28:00 AM,Friday,SYON,Mechanical,3,6,N/B,8307
5-Oct-18,91,4:52:00 AM,Friday,woodbine station,Late Leaving Garage,30,60,N/B,9235
5-Oct-18,95,5:00:00 AM,Friday,KNRD,Late Leaving Garage,10,10,W/B,1563
5-Oct-18,91,5:06:00 AM,Friday,Woodbine Station,Late Leaving Garage,10,10,N/B,9235
5-Oct-18,6,5:07:00 AM,Friday,Davenport and Dupont,Mechanical,20,20,S/B,1108
5-Oct-18,43,5:13:00 AM,Friday,Scarborough Town Centre,Late Leaving Garage,1,20,S/B,8692
5-Oct-18,113,5:19:00 AM,Friday,main station,Late Leaving Garage,12,24,N/B,8101
5-Oct-18,53,5:22:00 AM,Friday,PAMK,Late Leaving Garage,3,8,W/B,1756
5-Oct-18,160,5:23:00 AM,Friday,Wilson Stn,Late Leaving Garage,20,20,N/B,1288
5-Oct-18,85,5:26:00 AM,Friday,RHGO,Mechanical,13,13,W/B,1659
5-Oct-18,36,5:32:00 AM,Friday,Finch and Arrow,Late Leaving Garage,4,23,E/B,9114
5-Oct-18,39,5:32:00 AM,Friday,BDFI,Late Leaving Garage,7,17,E/B,1810
5-Oct-18,300,5:34:00 AM,Friday,KPSN,Late Leaving Garage,8,16,E/B,
5-Oct-18,46,5:35:00 AM,Friday,Steeles Loop,Mechanical,16,32,S/B,8465
5-Oct-18,7,5:37:00 AM,Friday,Bathurst and Greenwin Village,Late Leaving Garage,24,50,S/B,8130
5-Oct-18,161,5:39:00 AM,Friday,JAAL,Late Leaving Garage,8,16,E/B,
5-Oct-18,300,5:42:00 AM,Friday,KENN,Late Leaving Garage,1,1,W/B,8117
5-Oct-18,108,5:43:00 AM,Friday,Stong Court  and Driftwood,Late Leaving Garage,24,48,N/B,3190
5-Oct-18,11,5:47:00 AM,Friday,Sunnybrook Hospital,Late Leaving Garage,15,15,E/B,8201
5-Oct-18,935,5:49:00 AM,Friday,Jane and Steeles,Mechanical,10,20,,3153
5-Oct-18,46,5:55:00 AM,Friday,Kipling Station,Late Leaving Garage,15,30,N/B,8530
5-Oct-18,32,5:55:00 AM,Friday,REGW,Mechanical,8,13,E/B,1018
5-Oct-18,939,5:59:00 AM,Friday,STC,Late Leaving Garage,4,8,W/B,1745
5-Oct-18,52,6:01:00 AM,Friday,LSTA,Late Leaving Garage,10,20,W/B,
5-Oct-18,60,6:07:00 AM,Friday,Steeles and Signet,Late Leaving Garage,7,15,E/B,8565
5-Oct-18,32,6:08:00 AM,Friday,PINE,Late Leaving Garage,7,13,E/B,1269
5-Oct-18,44,6:10:00 AM,Friday,Kipling Stn,Late Leaving Garage,9,16,S/B,7909
5-Oct-18,44,6:10:00 AM,Friday,CSSL,Late Leaving Garage,9,17,N/B,7922
5-Oct-18,36,6:15:00 AM,Friday,Humberwood Loop,Late Leaving Garage,5,10,E/B,9102
5-Oct-18,34,6:15:00 AM,Friday,Kennedy Station,Mechanical,4,8,W/B,8821
5-Oct-18,165,6:20:00 AM,Friday,Finch and Weston Road,Late Leaving Garage,6,12,N/B,1327
5-Oct-18,89,6:26:00 AM,Friday,Weston / Ray,Mechanical,5,10,N/B,1252
5-Oct-18,117,6:30:00 AM,Friday,Sheppard W Stn,Mechanical,10,20,,1297
5-Oct-18,54,6:30:00 AM,Friday,Lawrence RT Station,Mechanical,9,18,W/B,8852
5-Oct-18,45,6:35:00 AM,Friday,Kipling Loop,Late Leaving Garage,6,13,S/B,8053
5-Oct-18,124,6:35:00 AM,Friday,Sunnybrook Hospital,Mechanical,12,24,W/B,1304
5-Oct-18,95,6:36:00 AM,Friday,SCLP,Late Leaving Garage,9,18,W/B,1786
5-Oct-18,36,6:38:00 AM,Friday,Humberwood Loop,Late Leaving Garage,5,10,E/B,9125
5-Oct-18,81,6:40:00 AM,Friday,pape station,Utilized Off Route,4,8,N/B,8454
5-Oct-18,124,6:40:00 AM,Friday,Lawrence Station,Late Leaving Garage,6,12,W/B,8144
5-Oct-18,72,6:41:00 AM,Friday,pape station,Mechanical,15,30,N/B,7776
5-Oct-18,939,6:41:00 AM,Friday,MSNS,Late Leaving Garage,8,16,E/B,1513
5-Oct-18,63,6:41:00 AM,Friday,Canniff and Strachan,Late Leaving Garage,14,20,,8371
5-Oct-18,122,6:42:00 AM,Friday,York mills stn,Mechanical,9,18,E/B,1283
5-Oct-18,36,6:48:00 AM,Friday,Humberwood Loop,Late Leaving Garage,5,10,E/B,9110
5-Oct-18,68,6:51:00 AM,Friday,Warden Station,Mechanical,5,10,N/B,8643
5-Oct-18,36,6:51:00 AM,Friday,Finch and Weston,Investigation,11,16,E/B,9124
5-Oct-18,985,6:51:00 AM,Friday,Meadowvale Loop,Late Leaving Garage,11,22,W/B,
5-Oct-18,42,6:54:00 AM,Friday,Dynamic and McNicoll,Mechanical,12,24,W/B,8155
5-Oct-18,108,6:58:00 AM,Friday,Sheppard West Station,Late Leaving Garage,12,24,N/B,3189
5-Oct-18,125,7:04:00 AM,Friday,Finch Station,Late Leaving Garage,7,14,W/B,8136
5-Oct-18,122,7:18:00 AM,Friday,York Mills stn,Late Leaving Garage,9,18,E/B,8150
5-Oct-18,29,7:23:00 AM,Friday,Sylvan/Duferin,Investigation,9,18,S/B,9045
5-Oct-18,78,7:25:00 AM,Friday,Montressor and Upper Canada,Mechanical,10,20,B/W,1340
5-Oct-18,85,7:35:00 AM,Friday,Don Mills station,Mechanical,15,30,E/B,1731
5-Oct-18,25,7:40:00 AM,Friday,PSTN,Mechanical,6,11,NB,8631
5-Oct-18,21,7:47:00 AM,Friday,2278 Brimley Road,Diversion,27,36,S/B,1619
5-Oct-18,54,8:00:00 AM,Friday,Eglinton Station to Starspray,General Delay,30,35,B/W,
5-Oct-18,45,8:00:00 AM,Friday,Kipling Rte,General Delay,15,20,B/W,
5-Oct-18,45,8:18:00 AM,Friday,Kipling Loop,Mechanical,5,11,S/B,8029
5-Oct-18,12,8:19:00 AM,Friday,Clairmount and kingstion,Mechanical,12,24,N/B,9219
5-Oct-18,54,8:22:00 AM,Friday,Tremont & Lawrence,Investigation,9,18,W/B,8723
5-Oct-18,39,8:24:00 AM,Friday,NECR,Mechanical,10,15,W/B,9087
5-Oct-18,106,8:30:00 AM,Friday,PVSTN,Mechanical,8,15,,1376
5-Oct-18,63,8:39:00 AM,Friday,Eglinton W Stn,Mechanical,9,18,N/B,8368
5-Oct-18,53,8:51:00 AM,Friday,MOFI,Late Leaving Garage,25,35,W/B,1542
5-Oct-18,602,9:08:00 AM,Friday,Islington Stn,Utilized Off Route,1,1,S/B,7977
5-Oct-18,609,9:10:00 AM,Friday,Mt. Dennis Garage,Utilized Off Route,1,1,S/B,1060
5-Oct-18,602,9:15:00 AM,Friday,Queensway gaage,Utilized Off Route,1,1,S/B,7919
5-Oct-18,25,9:16:00 AM,Friday,PSTN,Utilized Off Route,9,18,NB,8681
5-Oct-18,719,9:20:00 AM,Friday,Jane and Alliance,Utilized Off Route,1,1,E/B,1098
5-Oct-18,63,9:25:00 AM,Friday,Atlantic and King`,Utilized Off Route,4,9,N/B,8160
5-Oct-18,100,9:25:00 AM,Friday,Broadview Stn,Utilized Off Route,6,11,N/B,8795
5-Oct-18,935,9:50:00 AM,Friday,Gordan McKay and Jane,Investigation,10,20,,3192
5-Oct-18,63,10:00:00 AM,Friday,Ossington and College St,Mechanical,4,9,S/B,8210
5-Oct-18,43,10:08:00 AM,Friday,Kennedy STN by the exit,Mechanical,10,20,N/B,8889
5-Oct-18,37,10:23:00 AM,Friday,WOODBINE,Investigation,19,38,N/B,8074
5-Oct-18,52,10:23:00 AM,Friday,Jane and Lawrence,Mechanical,17,33,E/B,1201
5-Oct-18,29,10:39:00 AM,Friday,Wilson stn,Mechanical,5,10,S/B,9044
5-Oct-18,12,10:54:00 AM,Friday,victoria park station,Mechanical,12,24,N/B,7853
5-Oct-18,50,10:56:00 AM,Friday,Entire Burnhamthorpe Route,General Delay,12,42,B/W,8012
5-Oct-18,102,11:00:00 AM,Friday,Markham route,General Delay,10,1,B/W,
5-Oct-18,34,11:00:00 AM,Friday,Entire Eglinton East Route,General Delay,30,60,B/W,8724
5-Oct-18,100,11:00:00 AM,Friday,Entire Flemindon Park Route,General Delay,20,40,B/W,8676
5-Oct-18,30,11:10:00 AM,Friday,Dundas and Humbercrest,Diversion,45,75,W/B,
5-Oct-18,54,11:12:00 AM,Friday,Carnforth & Lawrence,Investigation,12,24,W/B,8842
5-Oct-18,22,12:00:00 PM,Friday,Coxwell route,General Delay,8,1,B/W,
5-Oct-18,72,12:00:00 PM,Friday,pape route,General Delay,10,1,B/W,
5-Oct-18,29,12:02:00 PM,Friday,Duferin/Wilson,Mechanical,5,10,S/B,9050
5-Oct-18,54,12:48:00 PM,Friday,Lawrence RT station,Mechanical,12,24,E/B,8732
5-Oct-18,102,1:00:00 PM,Friday,sheppard and markham,Mechanical,10,20,N/B,8464
5-Oct-18,29,1:00:00 PM,Friday,College st to Bloor st/ Lawrence to 401,General Delay,20,25,N/B,
5-Oct-18,91,1:11:00 PM,Friday,Valley Woods and York Mills,Mechanical,25,50,N/B,7833
5-Oct-18,6,1:20:00 PM,Friday,Bay and Wellesley,Diversion,45,56,B/W,1068
5-Oct-18,161,1:30:00 PM,Friday,On Dovercourt from Hallam to Bloor,Diversion,110,129,S/B,1098
5-Oct-18,29,1:40:00 PM,Friday,Dufferin and Lawrence,Mechanical,4,9,N/B,9031
5-Oct-18,939,2:00:00 PM,Friday,939 Finch Express-All Branch,General Delay,15,27,B/W,1788
5-Oct-18,39,2:00:00 PM,Friday,39 Finch Route-All Runs,General Delay,10,22,B/W,1705
5-Oct-18,704,2:20:00 PM,Friday,Lawrence Avenue West at Shermount,Investigation,0,0,W/B,1341
5-Oct-18,121,2:20:00 PM,Friday,Scott and Front,Diversion,680,695,E/B,7755
5-Oct-18,939,2:24:00 PM,Friday,Kenneth and Finch Av,Investigation,9,18,E/B,1788
5-Oct-18,110,2:30:00 PM,Friday,Horner and Brows Line,Mechanical,24,48,N/B,8094
5-Oct-18,77,2:31:00 PM,Friday,Runnymede Station,Mechanical,13,26,S/B,1420
5-Oct-18,17,2:35:00 PM,Friday,Bircmount Road / WAST,Late Leaving Garage,8,9,N/B,7841
5-Oct-18,97,2:47:00 PM,Friday,Lawrence to Wilson,General Delay,20,40,N/B,8365
5-Oct-18,52,2:57:00 PM,Friday,Lawrence station,Late Leaving Garage,11,16,W/B,1575
5-Oct-18,88,2:57:00 PM,Friday,Vanderhoof and Brentcliffe,General Delay,12,24,N/B,8125
5-Oct-18,167,3:00:00 PM,Friday,167 Pharmacy Ave Noth,General Delay,14,1,B/W,
5-Oct-18,60,3:00:00 PM,Friday,Throughout route,General Delay,1,1,B/W,
5-Oct-18,130,3:00:00 PM,Friday,STC to Steeles and Middlefield,General Delay,10,15,B/W,
5-Oct-18,75,3:00:00 PM,Friday,Sherbourn and Bloor,General Delay,5,10,NB,
5-Oct-18,25,3:00:00 PM,Friday,PSTN to DONS,General Delay,10,15,B/W,
5-Oct-18,925,3:00:00 PM,Friday,PSTN to FMDM,General Delay,20,28,B/W,
5-Oct-18,52,3:00:00 PM,Friday,Entire route,General Delay,60,43,B/W,
5-Oct-18,90,3:01:00 PM,Friday,Duncan Shops,Late Leaving Garage,5,10,SB,8150
5-Oct-18,39,3:12:00 PM,Friday,McNichol and VP,Late Leaving Garage,14,28,N/B,1705
5-Oct-18,26,3:30:00 PM,Friday,Entire Route,General Delay,15,30,B/W,
5-Oct-18,92,3:30:00 PM,Friday,Woodbine,Mechanical,9,18,,8963
5-Oct-18,102,3:34:00 PM,Friday,Blakemanor,Diversion,187,127,W/B,8943
5-Oct-18,25,3:36:00 PM,Friday,PSTN,Utilized Off Route,5,10,N/B,8647
5-Oct-18,39,3:38:00 PM,Friday,Neilson Rd-Crow Trail,Mechanical,14,28,E/B,1779
5-Oct-18,24,3:40:00 PM,Friday,STLV,Utilized Off Route,9,18,S/B,7575
5-Oct-18,716,3:40:00 PM,Friday,Victoria park stn,Utilized Off Route,0,0,S/B,8116
5-Oct-18,87,3:44:00 PM,Friday,Main stn,Utilized Off Route,6,11,W/B,8956
5-Oct-18,939,3:45:00 PM,Friday,Morningside and Nightstar,Late Leaving Garage,12,24,N/B,1580
5-Oct-18,129,3:45:00 PM,Friday,Mccowan/ Sheppard,Investigation,8,12,N/B,1557
5-Oct-18,36,3:56:00 PM,Friday,FWSN,Mechanical,6,12,W/B,9135
5-Oct-18,111,3:57:00 PM,Friday,Dundas and Eastmall Crescent,Investigation,5,15,N/B,8040
5-Oct-18,9,4:00:00 PM,Friday,Warden Station,General Delay,10,1,B/W,
5-Oct-18,24,4:00:00 PM,Friday,24 Victoria Park Ave,General Delay,15,1,B/W,
5-Oct-18,30,4:00:00 PM,Friday,High Park Station to Kipling Station,General Delay,15,37,B/W,
5-Oct-18,16,4:00:00 PM,Friday,Warden Station,General Delay,10,1,B/W,
5-Oct-18,143,4:00:00 PM,Friday,NevilleLoop,General Delay,10,1,W/B,
5-Oct-18,17,4:00:00 PM,Friday,Warden Station,General Delay,15,1,B/W,
5-Oct-18,23,4:25:00 PM,Friday,Curran and Ferris,Mechanical,7,14,N/B,7842
5-Oct-18,25,4:26:00 PM,Friday,PSTN,Utilized Off Route,5,10,N/B,8760
5-Oct-18,95,4:27:00 PM,Friday,Warden and Ellesmere,General Delay,1,1,B/W,1663
5-Oct-18,96,4:29:00 PM,Friday,Wilson Station,Mechanical,22,44,W/B,3209
5-Oct-18,115,4:30:00 PM,Friday,York Mills Station to Bannatyne Dr,General Delay,18,38,B/W,
5-Oct-18,65,4:30:00 PM,Friday,Castle Frank Station,General Delay,10,1,B/W,
5-Oct-18,905,4:39:00 PM,Friday,KENN,Emergency Services,9,18,E/B,8656
5-Oct-18,94,4:45:00 PM,Friday,Bay and Wellesley,Diversion,70,79,B/W,
5-Oct-18,192,4:45:00 PM,Friday,"On Dundas, at The East Mall",Mechanical,9,17,E/B,8003
5-Oct-18,43,4:55:00 PM,Friday,Kennedy Rd and Dancy Ave,Emergency Services,8,16,S/B,8771
5-Oct-18,53,5:00:00 PM,Friday,Finch station to Morningside/Finch,General Delay,15,30,B/W,
5-Oct-18,143,5:14:00 PM,Friday,Richmond and Power,Mechanical,25,50,W/B,7763
5-Oct-18,95,5:16:00 PM,Friday,Victoria Park and Ellesmere,Mechanical,10,20,B/W,1561
5-Oct-18,54,5:17:00 PM,Friday,Starspray,Mechanical,11,21,W/B,8708
5-Oct-18,65,5:18:00 PM,Friday,Castle Frank Station,Utilized Off Route,10,19,B/W,7745
5-Oct-18,38,5:26:00 PM,Friday,STC,Utilized Off Route,12,24,E/B,1794
5-Oct-18,98,5:32:00 PM,Friday,Sheppard Stn,Mechanical,30,60,E/B,8145
5-Oct-18,86,5:38:00 PM,Friday,Kingston  and Morningside,Mechanical,4,10,E/B,8893
5-Oct-18,60,5:38:00 PM,Friday,FWSN,Mechanical,8,16,W/B,9107
5-Oct-18,44,5:39:00 PM,Friday,"On Kipling, at Evans",Mechanical,5,10,S/B,8429
5-Oct-18,16,5:46:00 PM,Friday,Barrymore and Danforth,Investigation,8,16,S/B,7793
5-Oct-18,34,5:50:00 PM,Friday,Eglinton Avenue,General Delay,51,55,B/W,
5-Oct-18,29,5:59:00 PM,Friday,Tycos Dr at Lansdown Ave,Mechanical,10,19,S/B,9034
5-Oct-18,984,6:13:00 PM,Friday,Kodiak & Sheppard,Investigation,10,20,W/B,3138
5-Oct-18,6,6:20:00 PM,Friday,Bay and Wellesley,Diversion,125,90,BW,
5-Oct-18,72,6:30:00 PM,Friday,Pape stn,Utilized Off Route,16,32,S/B,9215
5-Oct-18,116,6:35:00 PM,Friday,McCowan and Eglinton,Mechanical,7,17,E/B,8697
5-Oct-18,32,6:44:00 PM,Friday,Eglinton West Station,Mechanical,8,16,E/B,1586
5-Oct-18,45,6:51:00 PM,Friday,Kipling Station,Investigation,14,21,N/B,8012
5-Oct-18,79,6:56:00 PM,Friday,Scarlett and Hill Garden,Diversion,395,405,BW,
5-Oct-18,52,7:06:00 PM,Friday,LSTA,Mechanical,11,14,W/B,1202
5-Oct-18,96,7:30:00 PM,Friday,Jane and Wilson,Mechanical,22,44,W/B,3117
5-Oct-18,100,7:35:00 PM,Friday,DMWF,Mechanical,8,16,E/B,8776
5-Oct-18,165,7:35:00 PM,Friday,Haymarket and Wilson,Investigation,8,16,W/B,8578
5-Oct-18,935,7:52:00 PM,Friday,Jane & Finch,Investigation,10,20,N/B,3106
5-Oct-18,57,7:55:00 PM,Friday,Midland Rd and Lawrence,Diversion,75,85,S/B,8837
5-Oct-18,85,8:00:00 PM,Friday,Don Mills station,Utilized Off Route,8,16,E/B,1720
5-Oct-18,54,8:01:00 PM,Friday,Lawrence & Midland,Diversion,38,45,E/B,
5-Oct-18,85,8:22:00 PM,Friday,Don Mills Stn,Emergency Services,15,30,W/B,1731
5-Oct-18,63,8:34:00 PM,Friday,eglinton west stn,Mechanical,10,20,S/B,8217
5-Oct-18,116,8:36:00 PM,Friday,Kingston and Eglinton,Investigation,7,14,E/B,8722
5-Oct-18,102,9:16:00 PM,Friday,Warden stn,Mechanical,0,0,N/B,8950
5-Oct-18,42,9:24:00 PM,Friday,Finch Station,Utilized Off Route,11,22,E/B,8370
5-Oct-18,7,9:24:00 PM,Friday,Bathurst and Finch,Mechanical,10,20,S/B,8130
5-Oct-18,45,9:28:00 PM,Friday,"On Kipling, at Albion",Mechanical,9,18,N/B,8431
5-Oct-18,130,9:32:00 PM,Friday,STC,Investigation,22,44,N/B,1505
5-Oct-18,95,10:01:00 PM,Friday,Don Mills and York Mills,Diversion,54,64,W/B,
5-Oct-18,6,10:01:00 PM,Friday,Sherbourne and Queens Quay,Mechanical,15,30,N/B,1147
5-Oct-18,134,10:09:00 PM,Friday,STC,Mechanical,9,24,B/W,9066
5-Oct-18,86,10:20:00 PM,Friday,KENN,Mechanical,12,25,E/B,8764
5-Oct-18,110,11:12:00 PM,Friday,Garenett Janes Road,Diversion,228,258,N/B,8066
6-Oct-18,54,12:00:00 AM,Saturday,Eglinton Station,Mechanical,20,40,E/B,8888
6-Oct-18,165,12:17:00 AM,Saturday,Yonge/Wilson,Mechanical,10,20,W/B,8574
6-Oct-18,302,1:04:00 AM,Saturday,BING,Mechanical,30,30,N/B,8960
6-Oct-18,38,1:20:00 AM,Saturday,RHGO,Emergency Services,11,22,W/B,1224
6-Oct-18,39,1:51:00 AM,Saturday,Markham/Finch,Mechanical,9,18,E/B,1793
6-Oct-18,354,2:11:00 AM,Saturday,RHGO,Diversion,30,30,W/B,8633
6-Oct-18,35,2:24:00 AM,Saturday,Jane/Eglington,Emergency Services,1,1,N/B,3230
6-Oct-18,354,2:30:00 AM,Saturday,ESTN,Emergency Services,30,3,W/B,8823
6-Oct-18,85,2:30:00 AM,Saturday,Kingston/Sheppard,Emergency Services,20,40,E/B,1731
6-Oct-18,85,2:31:00 AM,Saturday,East and Lawrence,Diversion,40,60,B/W,
6-Oct-18,96,4:38:00 AM,Saturday,Wilson Station,Late Leaving Garage,26,0,W/B,3281
6-Oct-18,38,5:30:00 AM,Saturday,Lewrence & Port Union,Diversion,200,212,S/B,1683
6-Oct-18,168,5:35:00 AM,Saturday,Avon loop,Late Leaving Garage,11,25,S/B,1056
6-Oct-18,31,5:38:00 AM,Saturday,greenwood stn,Late Leaving Garage,20,40,B/W,9228
6-Oct-18,14,5:40:00 AM,Saturday,Caledonia and Glencairn,Late Leaving Garage,20,20,E/B,1058
6-Oct-18,26,5:40:00 AM,Saturday,Jane Stn,Late Leaving Garage,30,30,E/B,1088
6-Oct-18,79,5:40:00 AM,Saturday,Runnymede Stn,Late Leaving Garage,25,25,N/B,1063
6-Oct-18,47,5:49:00 AM,Saturday,Queen and Lansdowne,Late Leaving Garage,14,14,N/B,1089
6-Oct-18,32,5:55:00 AM,Saturday,Eglinton Stn,Late Leaving Garage,10,20,W/B,1015
6-Oct-18,40,6:00:00 AM,Saturday,Dundas West Station,General Delay,10,20,B/W,
6-Oct-18,36,6:00:00 AM,Saturday,Humberwood Loop,Late Leaving Garage,10,20,E/B,9118
6-Oct-18,77,6:00:00 AM,Saturday,Windermere Place,Late Leaving Garage,24,24,N/B,1048
6-Oct-18,60,6:00:00 AM,Saturday,Signal Hill,Late Leaving Garage,14,,E/B,1320
6-Oct-18,56,6:00:00 AM,Saturday,Eglinton stn,Mechanical,30,30,E/B,8379
6-Oct-18,123,6:05:00 AM,Saturday,Longbaranch Loop,Late Leaving Garage,25,51,N/B,7977
6-Oct-18,36,6:10:00 AM,Saturday,Humberwood Loop,Late Leaving Garage,10,30,E/B,9127
6-Oct-18,95,6:15:00 AM,Saturday,U of T loop,Mechanical,17,25,EW,1629
6-Oct-18,85,6:20:00 AM,Saturday,East & Lawrence,Diversion,133,156,S/B,1652
6-Oct-18,87,6:20:00 AM,Saturday,Cosburn Avenue / BSTN,Late Leaving Garage,10,20,E/B,8400
6-Oct-18,29,6:24:00 AM,Saturday,Wilson stn,Mechanical,8,16,S/B,9042
6-Oct-18,97,6:28:00 AM,Saturday,Yorkmills and Yonge,Mechanical,321,62,,8344
6-Oct-18,24,6:35:00 AM,Saturday,cresenttown and  victoria park,Investigation,10,20,B/W,7864
6-Oct-18,36,7:28:00 AM,Saturday,Finch West Station,Mechanical,10,20,E/B,8499
6-Oct-18,38,7:30:00 AM,Saturday,Port Union & Lawrence,Mechanical,1,1,S/B,7683
6-Oct-18,24,7:40:00 AM,Saturday,cresent town and victoria park,Diversion,80,90,B/W,
6-Oct-18,37,7:45:00 AM,Saturday,Islington Station,Mechanical,17,37,N/B,8099
6-Oct-18,90,8:10:00 AM,Saturday,St Clair W Station,Emergency Services,12,24,N/B,1399
6-Oct-18,47,8:12:00 AM,Saturday,Queen and Lansdowne,Utilized Off Route,10,20,N/B,1120
6-Oct-18,925,8:38:00 AM,Saturday,Pape Station,Mechanical,10,19,N/B,8740
6-Oct-18,37,8:42:00 AM,Saturday,Islington at Bergamot,Mechanical,20,40,S/B,8033
6-Oct-18,25,8:58:00 AM,Saturday,Pape Station,Mechanical,8,17,N/B,8732
6-Oct-18,94,8:59:00 AM,Saturday,Castlefrank station,Late Leaving Garage,6,12,W/B,1092
6-Oct-18,32,9:14:00 AM,Saturday,Emmett and Eglinton,Late Leaving Garage,24,48,E/B,1039
6-Oct-18,97,9:21:00 AM,Saturday,Yorkmills & Yonge,Mechanical,30,60,S/B,8157
6-Oct-18,75,9:29:00 AM,Saturday,Wilson Divison,Late Leaving Garage,12,21,,1500
6-Oct-18,125,9:44:00 AM,Saturday,Antibies,Mechanical,15,30,E/B,8325
6-Oct-18,43,9:55:00 AM,Saturday,Kennedy station,Late Leaving Garage,7,14,N/B,8896
6-Oct-18,60,10:06:00 AM,Saturday,Kipling and Steeles,Investigation,11,22,W/B,8568
6-Oct-18,95,10:07:00 AM,Saturday,Warden and Ellesmere,Mechanical,17,34,E/B,1810
6-Oct-18,45,10:09:00 AM,Saturday,Steeles loop,Diversion,10,20,N/B,7979
6-Oct-18,32,10:14:00 AM,Saturday,Renforth Stn,Late Leaving Garage,10,20,E/B,1000
6-Oct-18,38,10:50:00 AM,Saturday,Rogue Hill Go Station,Mechanical,0,0,W/B,1238
6-Oct-18,702,10:58:00 AM,Saturday,Islington stn,Utilized Off Route,1,1,N/B,7963
6-Oct-18,702,11:00:00 AM,Saturday,Kipling stn,Utilized Off Route,1,1,B/W,7963
6-Oct-18,939,11:02:00 AM,Saturday,Leslie and Finch,Mechanical,7,14,B/W,1572
6-Oct-18,108,11:17:00 AM,Saturday,Keele and Sheppard,Mechanical,10,20,W/B,3227
6-Oct-18,29,11:36:00 AM,Saturday,Wilson stn,Mechanical,5,11,S/B,9044
6-Oct-18,47,11:44:00 AM,Saturday,earlscourt loop,Late Leaving Garage,17,34,S/B,1065
6-Oct-18,53,11:47:00 AM,Saturday,Season Dr-Mornignside,Mechanical,20,40,W/B,1688
6-Oct-18,192,11:51:00 AM,Saturday,Kipling stn,Late Leaving Garage,7,14,N/B,7925
6-Oct-18,939,11:57:00 AM,Saturday,Linus and Finch,Emergency Services,6,12,B/W,1727
6-Oct-18,37,12:01:00 PM,Saturday,Ioslington staiton,Mechanical,11,24,N/B,8040
6-Oct-18,96,12:06:00 PM,Saturday,Allard and Wilson,Investigation,18,36,E/B,1281
6-Oct-18,86,12:14:00 PM,Saturday,Beech Grove and Kingston Road,Mechanical,7,15,W/B,8683
6-Oct-18,121,12:22:00 PM,Saturday,CHERRY BEACH,Late Leaving Garage,16,32,W/B,7771
6-Oct-18,121,12:22:00 PM,Saturday,CHERRY BEACH,Late Leaving Garage,16,32,W/B,7771
6-Oct-18,984,12:27:00 PM,Saturday,Sheppard and Bathurst.,Investigation,13,26,E/B,7619
6-Oct-18,89,12:30:00 PM,Saturday,Entire Route,General Delay,25,35,B/W,
6-Oct-18,43,12:30:00 PM,Saturday,Midland & Steeles,Utilized Off Route,10,20,N/B,8771
6-Oct-18,60,12:38:00 PM,Saturday,Signal Hill and Steeles Ave West,Late Leaving Garage,10,20,E/B,8579
6-Oct-18,80,12:51:00 PM,Saturday,Sherway Gardens,Mechanical,24,48,E/B,8044
6-Oct-18,24,12:58:00 PM,Saturday,Victoria park,Late Leaving Garage,7,14,B/W,7845
6-Oct-18,97,1:00:00 PM,Saturday,Yonge and Avondale,Mechanical,30,60,N/B,8371
6-Oct-18,29,1:00:00 PM,Saturday,Wilson Station to Princes Gates,General Delay,60,65,B/W,
6-Oct-18,122,1:10:00 PM,Saturday,Leslie/Farmstead,Mechanical,15,30,S/B,8153
6-Oct-18,29,1:44:00 PM,Saturday,Wilson stn,Utilized Off Route,3,7,S/B,8305
6-Oct-18,87,1:55:00 PM,Saturday,MAIN STATION,Mechanical,10,20,W/B,8416
6-Oct-18,32,2:00:00 PM,Saturday,"Weston to Black Creek, Eglinton Crosstown",General Delay,40,49,B/W,
6-Oct-18,52,2:00:00 PM,Saturday,Entire Route,General Delay,15,30,BW,
6-Oct-18,32,2:22:00 PM,Saturday,ESTN,Mechanical,9,18,E/B,1415
6-Oct-18,39,2:24:00 PM,Saturday,Highway 404 and Finch,Investigation,12,24,B/W,1737
6-Oct-18,53,2:29:00 PM,Saturday,Passmore and Markham,Mechanical,11,21,W/B,1789
6-Oct-18,52,2:56:00 PM,Saturday,lawrence / Caledonia,Investigation,17,34,W/B,1258
6-Oct-18,87,3:00:00 PM,Saturday,COSBURN ROUTE,General Delay,10,,B/W,
6-Oct-18,104,3:00:00 PM,Saturday,wilson staion,Mechanical,15,30,N/B,1276
6-Oct-18,14,3:15:00 PM,Saturday,chaplin rd by roslawn,Investigation,30,60,W/B,1058
6-Oct-18,116,3:27:00 PM,Saturday,Ellesmere and Morningside,Diversion,57,64,N/B,8915
6-Oct-18,95,3:32:00 PM,Saturday,Ellesmere and Morningside,Diversion,15,69,W/B,1792
6-Oct-18,38,3:34:00 PM,Saturday,Morningside and Ellesmere,Diversion,49,59,W/B,1710
6-Oct-18,41,3:50:00 PM,Saturday,KSTN,Mechanical,9,17,N/B,1419
6-Oct-18,29,4:00:00 PM,Saturday,Exhibition West Loop To Princes Gates,Diversion,208,215,B/W,
6-Oct-18,41,4:30:00 PM,Saturday,Lawrence and Keele,Mechanical,9,17,S/B,1356
6-Oct-18,939,4:34:00 PM,Saturday,STC SRT,Mechanical,6,12,W/B,1541
6-Oct-18,25,4:48:00 PM,Saturday,Don Mills STN,Mechanical,9,17,S/B,8621
6-Oct-18,16,5:10:00 PM,Saturday,WSTN,Mechanical,10,20,N/B,8485
6-Oct-18,53,5:13:00 PM,Saturday,Finch Station,Mechanical,6,11,E/B,1826
6-Oct-18,17,5:18:00 PM,Saturday,Ellesmere and Birchmount,Diversion,40,70,B/W,7841
6-Oct-18,66,5:25:00 PM,Saturday,Lakeshore Blvd/Parklawn Rd,Investigation,20,40,S/B,8053
6-Oct-18,60,5:37:00 PM,Saturday,Bathurst Street and Steeles Ave West,Investigation,8,16,W/B,8465
6-Oct-18,63,5:45:00 PM,Saturday,HALLAM AND OSSINGTON.,Investigation,5,10,N/B,1246
6-Oct-18,709,6:35:00 PM,Saturday,PVST,Mechanical,1,1,S/B,1073
6-Oct-18,63,6:45:00 PM,Saturday,ossington station,Mechanical,5,10,S/B,1217
6-Oct-18,86,7:00:00 PM,Saturday,Lawrence and Gallowway,Diversion,81,90,B/W,
6-Oct-18,905,7:00:00 PM,Saturday,Lawrence and Galloway,Diversion,27,37,W/B,
6-Oct-18,7,7:31:00 PM,Saturday,Bathurst Station,Utilized Off Route,9,18,N/B,9005
6-Oct-18,85,7:31:00 PM,Saturday,Clairtrell Rd and Sheppard,Investigation,22,44,W/B,1239
6-Oct-18,9,8:11:00 PM,Saturday,Consilium place on Corporate Dr.,Investigation,22,44,S/B,9225
6-Oct-18,54,8:23:00 PM,Saturday,Lawrence/Victoria Park.,Diversion,80,99,E/B,
6-Oct-18,60,8:31:00 PM,Saturday,Pioneer Village Station,Investigation,13,26,W/B,1331
6-Oct-18,24,8:36:00 PM,Saturday,Victoria Park and Lawrence,Diversion,69,78,N/B,7717
6-Oct-18,67,8:37:00 PM,Saturday,Comstock,Diversion,31,55,N/B,
6-Oct-18,7,8:40:00 PM,Saturday,Sheppard,Mechanical,9,18,N/B,8146
6-Oct-18,36,8:49:00 PM,Saturday,Ardwick and Finch,Diversion,8,16,E/B,8597
6-Oct-18,36,8:49:00 PM,Saturday,Ardwick and Finch,Investigation,8,16,E/B,9110
6-Oct-18,927,8:55:00 PM,Saturday,Steeles Loop,Mechanical,10,20,E/B,8520
6-Oct-18,706,9:02:00 PM,Saturday,Warden stn,Utilized Off Route,1,1,B/W,9225
6-Oct-18,706,9:02:00 PM,Saturday,Victoria Park stn,Utilized Off Route,1,1,B/W,8103
6-Oct-18,710,9:02:00 PM,Saturday,St. Clair station,Utilized Off Route,1,1,,8874
6-Oct-18,35,9:05:00 PM,Saturday,Jane Stn,Utilized Off Route,7,14,N/B,3193
6-Oct-18,86,9:09:00 PM,Saturday,Eglinton and Falmouth,Mechanical,9,10,E/B,8859
6-Oct-18,709,9:10:00 PM,Saturday,Weston and St. Clair,Utilized Off Route,1,1,S/B,1096
6-Oct-18,161,9:13:00 PM,Saturday,Ostn,Utilized Off Route,15,30,N/B,1081
6-Oct-18,85,9:25:00 PM,Saturday,MGAT,Mechanical,16,32,W/B,1561
6-Oct-18,24,9:44:00 PM,Saturday,Victoria Park Station,Investigation,9,19,N/B,7717
6-Oct-18,165,10:35:00 PM,Saturday,Yorkmills Station,Utilized Off Route,10,20,W/B,8602
6-Oct-18,47,11:30:00 PM,Saturday,Lansdowne and St. Clair,Diversion,30,20,N/B,
7-Oct-18,73,12:02:00 AM,Sunday,Albion at Elhurst,Diversion,15,30,N/B,7938
7-Oct-18,61,12:30:00 AM,Sunday,Bombay Loop,Mechanical,18,36,SB,8330
7-Oct-18,45,12:59:00 AM,Sunday,Kipling stn,Utilized Off Route,9,18,N/B,8095
7-Oct-18,89,1:10:00 AM,Sunday,Keele stn,Emergency Services,10,20,N/B,1354
7-Oct-18,110,1:23:00 AM,Sunday,Islington / The Queensway,Utilized Off Route,15,30,S/B,8029
7-Oct-18,36,2:19:00 AM,Sunday,FSTN,Investigation,1,1,W/B,8607
7-Oct-18,385,3:13:00 AM,Sunday,Meadowvale and Sheppard,Investigation,30,60,W/B,1804
7-Oct-18,116,3:24:00 AM,Sunday,Lawrence and Morningside,Investigation,1,1,S/B,8791
7-Oct-18,300,3:26:00 AM,Sunday,Kennedy Stn,Investigation,45,75,W/B,8061
7-Oct-18,7,5:00:00 AM,Sunday,Bathurst Route,General Delay,15,23,B/W,
7-Oct-18,384,5:24:00 AM,Sunday,RISH,Late Leaving Garage,30,60,E/B,3257
7-Oct-18,320,5:36:00 AM,Sunday,Shutter,Mechanical,5,7,S/B,9031
7-Oct-18,704,5:43:00 AM,Sunday,Weston and Oak,Utilized Off Route,1,1,E/B,8569
7-Oct-18,354,6:00:00 AM,Sunday,Lawrence Night Bus Route,General Delay,30,60,B/W,
7-Oct-18,334,6:00:00 AM,Sunday,Night Bus schedule on 334,General Delay,30,60,B/W,
7-Oct-18,300,6:00:00 AM,Sunday,"BD NIGHT BUS ROUTE, T3 TO KENNEDY",General Delay,30,60,B/W,
7-Oct-18,320,6:09:00 AM,Sunday,Steeles,Late Leaving Garage,5,7,S/B,8186
7-Oct-18,320,6:23:00 AM,Sunday,Queens Quay and Yonge St,Late Leaving Garage,3,6,N/B,8632
7-Oct-18,192,6:24:00 AM,Sunday,T3,Late Leaving Garage,8,16,S/B,8008
7-Oct-18,44,6:39:00 AM,Sunday,300 NIGHT BUS,Late Leaving Garage,10,20,,8036
7-Oct-18,300,6:44:00 AM,Sunday,EMBL,Mechanical,9,15,E/B,7880
7-Oct-18,300,7:00:00 AM,Sunday,EMBL,Mechanical,5,10,E/B,7717
7-Oct-18,102,7:13:00 AM,Sunday,Select / Markham,Late Leaving Garage,10,20,S/B,8461
7-Oct-18,12,7:14:00 AM,Sunday,Victoria Park Station,Late Leaving Garage,15,30,E/B,7841
7-Oct-18,162,7:20:00 AM,Sunday,wilson garage,Late Leaving Garage,30,0,E/B,1289
7-Oct-18,106,7:21:00 AM,Sunday,wilson garage,Late Leaving Garage,15,30,N/B,1368
7-Oct-18,38,7:24:00 AM,Sunday,RHGO,Late Leaving Garage,20,40,E/B,
7-Oct-18,87,7:25:00 AM,Sunday,Main stn,Late Leaving Garage,10,20,W/B,9239
7-Oct-18,52,7:25:00 AM,Sunday,lawrence wstn,Late Leaving Garage,8,16,W/B,1315
7-Oct-18,701,7:33:00 AM,Sunday,Wilson yard,Utilized Off Route,1,1,E/B,8344
7-Oct-18,709,7:35:00 AM,Sunday,LANS / CAL,Utilized Off Route,1,1,S/B,1125
7-Oct-18,69,7:43:00 AM,Sunday,Danforth / Birchmount,Late Leaving Garage,10,20,W/B,8416
7-Oct-18,72,7:45:00 AM,Sunday,pape stn,Late Leaving Garage,1,36,W/B,7771
7-Oct-18,109,7:47:00 AM,Sunday,Lawrence W Station,Mechanical,30,,E/B,1270
7-Oct-18,55,7:47:00 AM,Sunday,VARSITY,Late Leaving Garage,34,68,S/B,1412
7-Oct-18,44,7:52:00 AM,Sunday,CSSL,Late Leaving Garage,,14,N/B,8432
7-Oct-18,24,7:53:00 AM,Sunday,Danforth / Victoria Park,Late Leaving Garage,8,16,N/B,8964
7-Oct-18,300,7:55:00 AM,Sunday,Islington on Bloor,Mechanical,20,40,W/B,8082
7-Oct-18,118,8:00:00 AM,Sunday,Tandridge Crescent,Diversion,128,148,E/B,
7-Oct-18,69,8:00:00 AM,Sunday,Warden Station,Mechanical,10,20,B/W,8416
7-Oct-18,77,8:05:00 AM,Sunday,S Kingsway  ( Queens way to Ormskirk),Diversion,445,469,N/B,1269
7-Oct-18,192,8:05:00 AM,Sunday,Kipling stn,Mechanical,8,12,N/B,8008
7-Oct-18,98,8:07:00 AM,Sunday,wilson garage,Late Leaving Garage,2,30,E/B,1222
7-Oct-18,38,8:12:00 AM,Sunday,RHGO,Late Leaving Garage,12,24,W/B,1238
7-Oct-18,939,8:13:00 AM,Sunday,STC,Late Leaving Garage,8,16,W/B,1548
7-Oct-18,69,8:20:00 AM,Sunday,Warden Station,Mechanical,10,20,B/W,8416
7-Oct-18,37,8:21:00 AM,Sunday,Islington stn,Mechanical,20,40,N/B,7951
7-Oct-18,60,8:23:00 AM,Sunday,Dufferin St and Steeles Ave West,Mechanical,13,26,W/B,8473
7-Oct-18,47,8:26:00 AM,Sunday,EARL,Late Leaving Garage,20,40,S/B,1134
7-Oct-18,106,9:02:00 AM,Sunday,PVST,Mechanical,15,30,S/B,1369
7-Oct-18,32,9:02:00 AM,Sunday,Pine,Mechanical,9,18,S/B,1590
7-Oct-18,36,9:14:00 AM,Sunday,Humberwood,Late Leaving Garage,5,10,,8523
7-Oct-18,90,9:15:00 AM,Sunday,wilson garage,Late Leaving Garage,12,24,N/B,1275
7-Oct-18,32,9:16:00 AM,Sunday,EGSTN,Late Leaving Garage,9,18,W/B,1026
7-Oct-18,29,9:30:00 AM,Sunday,Wilson Stn,Mechanical,7,14,S/B,9031
7-Oct-18,46,9:36:00 AM,Sunday,Steeles loop,Mechanical,5,10,S/B,1308
7-Oct-18,132,9:50:00 AM,Sunday,Markham and Milner,Mechanical,30,60,B/W,1239
7-Oct-18,91,10:20:00 AM,Sunday,WOODBINE/OCONNOR,General Delay,10,,S/B,
7-Oct-18,93,10:20:00 AM,Sunday,WOODBINE/OCONNOR,General Delay,15,0,S/B,8947
7-Oct-18,129,10:27:00 AM,Sunday,Pitfield on McCowan,Mechanical,10,20,S/B,1750
7-Oct-18,96,10:59:00 AM,Sunday,York Mills Station,Mechanical,18,36,E/B,3254
7-Oct-18,68,11:08:00 AM,Sunday,Warden and Steeles Loop,Mechanical,32,72,S/B,8870
7-Oct-18,7,11:11:00 AM,Sunday,Bathurst Station,Mechanical,10,19,N/B,8142
7-Oct-18,40,11:23:00 AM,Sunday,Runnymede loop,Mechanical,12,24,S/B,8025
7-Oct-18,32,11:33:00 AM,Sunday,Eg w Stn,Mechanical,30,60,W/B,1045
7-Oct-18,24,11:50:00 AM,Sunday,Victoria Park Station,Late Leaving Garage,8,16,N/B,8408
7-Oct-18,600,12:00:00 PM,Sunday,,Late Leaving Garage,1,1,N/B,8045
7-Oct-18,34,12:01:00 PM,Sunday,Eglinton and Rumsey,Investigation,7,14,E/B,8924
7-Oct-18,37,12:10:00 PM,Sunday,STEELES AND ISLINGTON,Diversion,11,22,N/B,8050
7-Oct-18,985,12:25:00 PM,Sunday,Don Mills Station,Late Leaving Garage,9,18,B/W,9091
7-Oct-18,112,12:30:00 PM,Sunday,Carlingview at Dixon rd`,Mechanical,20,40,S/B,7942
7-Oct-18,6,12:30:00 PM,Sunday,Davenport and Dupont,Late Leaving Garage,14,29,S/B,1406
7-Oct-18,40,12:34:00 PM,Sunday,Runnymede loop,General Delay,20,30,W/B,8041
7-Oct-18,96,12:54:00 PM,Sunday,York Mills Station,Late Leaving Garage,18,35,E/B,3153
7-Oct-18,109,1:00:00 PM,Sunday,Lawrence W Station,Mechanical,20,40,S/B,8026
7-Oct-18,32,1:00:00 PM,Sunday,Black Creek to Weston Road on Eglinton,General Delay,10,25,B/W,
7-Oct-18,29,1:00:00 PM,Sunday,Lawrence to Wilson,General Delay,15,20,B/W,
7-Oct-18,41,1:14:00 PM,Sunday,KSTN,Late Leaving Garage,11,21,N/B,1005
7-Oct-18,45,1:22:00 PM,Sunday,Kipling at Genthorn,Mechanical,9,19,N/B,7914
7-Oct-18,75,1:24:00 PM,Sunday,Sherbourne & Bloor,Mechanical,20,40,N/B,1391
7-Oct-18,32,1:30:00 PM,Sunday,Pine,Mechanical,9,18,E/B,1560
7-Oct-18,41,1:34:00 PM,Sunday,Lawrence and Keele,Investigation,11,23,N/B,1281
7-Oct-18,12,1:35:00 PM,Sunday,Gerrard / Victoria Park,Diversion,15,30,E/B,7862
7-Oct-18,85,2:14:00 PM,Sunday,Dean Park and Sheppard,Mechanical,8,16,B/W,1655
7-Oct-18,54,2:17:00 PM,Sunday,Brimley and Lawrence,Mechanical,16,32,E/B,8841
7-Oct-18,41,2:17:00 PM,Sunday,KSTN,Mechanical,11,21,N/B,1262
7-Oct-18,165,2:19:00 PM,Sunday,York Mills Station to Barmac and Steeles,General Delay,27,36,B/W,
7-Oct-18,96,2:19:00 PM,Sunday,York Mills Station to all branches,General Delay,35,42,B/W,
7-Oct-18,74,2:23:00 PM,Sunday,St. Clair Station,Investigation,18,36,N/B,8178
7-Oct-18,63,2:52:00 PM,Sunday,dundas,Investigation,7,14,S/B,1364
7-Oct-18,9,3:35:00 PM,Sunday,Nelson/Bellamy,Investigation,22,44,S/B,7795
7-Oct-18,168,3:38:00 PM,Sunday,Rogers Road and Bicknell,Investigation,9,18,S/B,1031
7-Oct-18,52,3:40:00 PM,Sunday,Th Westway/Trio,Mechanical,7,14,S/B,1251
7-Oct-18,701,3:47:00 PM,Sunday,Wilson Division,Utilized Off Route,1,1,SB,1403
7-Oct-18,86,3:47:00 PM,Sunday,Kennedy STN,Investigation,7,15,E/B,8628
7-Oct-18,40,3:50:00 PM,Sunday,Dundas West Station,Utilized Off Route,10,20,W/B,8041
7-Oct-18,63,3:52:00 PM,Sunday,Ossington Station,Utilized Off Route,7,14,SB,1241
7-Oct-18,116,4:00:00 PM,Sunday,Kennedy STN,Investigation,8,15,E/B,8629
7-Oct-18,87,4:20:00 PM,Sunday,BSTN,Utilized Off Route,10,20,E/B,9239
7-Oct-18,121,4:20:00 PM,Sunday,Spadina,Utilized Off Route,15,30,E/B,8484
7-Oct-18,47,4:25:00 PM,Sunday,Queen and Dufferin,Utilized Off Route,18,36,S/B,1134
7-Oct-18,100,4:30:00 PM,Sunday,Broadview station,Utilized Off Route,10,20,N/B,8620
7-Oct-18,100,4:40:00 PM,Sunday,St Dennis and Deauville Lane,Mechanical,10,20,W/B,8763
7-Oct-18,29,5:00:00 PM,Sunday,Princess gate Loop,Investigation,4,9,S/B,
7-Oct-18,84,5:09:00 PM,Sunday,Tuscan Gate and Sheppard,Emergency Services,10,20,,3278
7-Oct-18,9,5:19:00 PM,Sunday,Birchmount and ST Clair,Mechanical,22,44,E/B,8451
7-Oct-18,127,5:20:00 PM,Sunday,Townsley Loop,Investigation,23,45,S/B,1013
7-Oct-18,84,5:30:00 PM,Sunday,Arrow and Sheppard,Mechanical,10,20,,3133
7-Oct-18,719,5:40:00 PM,Sunday,Eglinton stn,Utilized Off Route,1,1,W/B,1075
7-Oct-18,702,5:42:00 PM,Sunday,Evans at Division,Utilized Off Route,1,1,N/B,8029
7-Oct-18,73,5:45:00 PM,Sunday,Royal York station,Utilized Off Route,20,40,N/B,7973
7-Oct-18,25,5:45:00 PM,Sunday,Pape STN,Utilized Off Route,8,17,N/B,8765
7-Oct-18,165,5:48:00 PM,Sunday,Wilson Stn,Utilized Off Route,9,18,E/B,8557
7-Oct-18,29,5:56:00 PM,Sunday,Dufferin and Dufferin Pk,Investigation,4,9,S/B,9033
7-Oct-18,320,5:58:00 PM,Sunday,Yonge and Steeles Loop,Late Leaving Garage,4,8,S/B,8334
7-Oct-18,100,6:14:00 PM,Sunday,broadview stn,Utilized Off Route,10,20,N/B,8886
7-Oct-18,43,6:19:00 PM,Sunday,Kennedy STN,Mechanical,10,20,N/B,8874
7-Oct-18,47,6:25:00 PM,Sunday,Queen and Lansdowne,Utilized Off Route,5,10,N/B,1095
7-Oct-18,112,6:29:00 PM,Sunday,Attwell @ Farnmoore Dr,Investigation,20,40,S/B,8079
7-Oct-18,29,6:40:00 PM,Sunday,Dufferin and Dufferin Pk,Investigation,4,9,S/B,9104
7-Oct-18,32,7:14:00 PM,Sunday,Marlee on Eglinton,Investigation,10,30,W/B,1000
7-Oct-18,63,7:14:00 PM,Sunday,Eglinton West Station,Mechanical,8,16,SB,1210
7-Oct-18,11,7:50:00 PM,Sunday,Bayview loop,Mechanical,24,48,S/B,8308
7-Oct-18,53,8:30:00 PM,Sunday,Select Ave and Tapscott Rd,Mechanical,20,39,W/B,1284
7-Oct-18,701,9:00:00 PM,Sunday,wilson station,Utilized Off Route,1,1,S/B,8325
7-Oct-18,602,9:00:00 PM,Sunday,The East Mall,Utilized Off Route,1,1,N/B,7926
7-Oct-18,701,9:00:00 PM,Sunday,wilson stn,Utilized Off Route,1,1,S/B,8338
7-Oct-18,52,9:24:00 PM,Sunday,Lawrence Station,Late Leaving Garage,20,40,SB,1382
7-Oct-18,63,9:42:00 PM,Sunday,ossington and bloor,Mechanical,8,16,N/B,1283
7-Oct-18,46,9:43:00 PM,Sunday,SLPM,Late Leaving Garage,25,50,S/B,1337
7-Oct-18,60,10:35:00 PM,Sunday,Steeles Loop,Mechanical,20,40,E/B,8541
7-Oct-18,25,10:48:00 PM,Sunday,Don Mills and Lawrence,Emergency Services,8,17,S/B,8850
7-Oct-18,87,11:04:00 PM,Sunday,BRST,Investigation,10,20,E/B,9239
7-Oct-18,8,11:04:00 PM,Sunday,BRST,Investigation,30,60,E/B,8940
7-Oct-18,36,11:05:00 PM,Sunday,Finch West Station,Utilized Off Route,9,18,E/B,9118
7-Oct-18,24,11:21:00 PM,Sunday,VPST,Utilized Off Route,10,20,N/B,7858
7-Oct-18,30,11:55:00 PM,Sunday,High park station,Mechanical,25,50,W/B,7952
8-Oct-18,96,12:30:00 AM,Monday,Beverly Hills and Wilson,Mechanical,20,40,EB,3119
8-Oct-18,85,1:20:00 AM,Monday,Doris and Sheppard Ave,Diversion,103,123,B/W,1602
8-Oct-18,85,1:20:00 AM,Monday,Doris and Sheppard Ave,Emergency Services,20,40,W/B,1602
8-Oct-18,320,1:37:00 AM,Monday,Yonge and Adelaide,Utilized Off Route,15,30,SB,8207
8-Oct-18,315,1:55:00 AM,Monday,Longbranch Loop,Utilized Off Route,30,60,NB,8029
8-Oct-18,385,2:10:00 AM,Monday,Doris and Sheppard Ave,Diversion,210,240,B/W,1791
8-Oct-18,300,3:38:00 AM,Monday,Danforth Rd and Danforth Ave,Mechanical,30,60,W/B,7946
8-Oct-18,320,5:28:00 AM,Monday,Yonge & Shuter,Mechanical,15,30,N/B,8026
8-Oct-18,86,5:33:00 AM,Monday,Sheppard Loop,Late Leaving Garage,1,1,N/B,8710
8-Oct-18,52,5:40:00 AM,Monday,Terminal 3,Late Leaving Garage,14,28,W/B,1275
8-Oct-18,26,5:40:00 AM,Monday,JNST,Late Leaving Garage,30,30,E/B,1028
8-Oct-18,161,5:50:00 AM,Monday,OSTN,Late Leaving Garage,20,20,N/B,1059
8-Oct-18,106,6:00:00 AM,Monday,Sheppard West Stn,Late Leaving Garage,15,30,N/B,8178
8-Oct-18,85,6:10:00 AM,Monday,Sheppard/Kenneth Ave,Diversion,17,37,B/W,
8-Oct-18,43,6:17:00 AM,Monday,Kennedy Station,Utilized Off Route,15,30,N/B,8664
8-Oct-18,16,6:22:00 AM,Monday,Midland / Danforth,Diversion,1,1,W/B,7755
8-Oct-18,29,6:23:00 AM,Monday,DLAW,Late Leaving Garage,10,20,N/B,9049
8-Oct-18,39,6:35:00 AM,Monday,Finch/Willowdale,Mechanical,17,17,W/B,1622
8-Oct-18,47,6:35:00 AM,Monday,Yorkdale,Mechanical,20,40,S/B,1145
8-Oct-18,24,6:39:00 AM,Monday,Victoria Park Station,Mechanical,20,40,N/B,7777
8-Oct-18,97,6:50:00 AM,Monday,Hilda and Steeles,Late Leaving Garage,30,60,S/B,8122
8-Oct-18,98,6:51:00 AM,Monday,yonge / shooter,Mechanical,2,30,N/B,8026
8-Oct-18,36,7:12:00 AM,Monday,Finch and Norfinch,Investigation,11,22,W/B,9127
8-Oct-18,52,7:14:00 AM,Monday,Lawrence Station,Late Leaving Garage,20,40,W/B,8143
8-Oct-18,985,7:20:00 AM,Monday,DON,Late Leaving Garage,20,40,E/B,9074
8-Oct-18,52,7:21:00 AM,Monday,Lawrence Wet Station,Mechanical,20,20,W/B,1275
8-Oct-18,53,7:23:00 AM,Monday,Steeles/Willowdale,Mechanical,17,44,W/B,1708
8-Oct-18,925,8:25:00 AM,Monday,Don Mills & Freshmeadow,Mechanical,10,20,S/B,8682
8-Oct-18,28,8:25:00 AM,Monday,Bayview north of Moore Av,Mechanical,30,60,N/B,8309
8-Oct-18,5,8:35:00 AM,Monday,Eglinton stn,Utilized Off Route,20,40,S/B,8184
8-Oct-18,939,8:39:00 AM,Monday,STC,Late Leaving Garage,8,16,W/B,1519
8-Oct-18,29,9:03:00 AM,Monday,Dufferin and Lawrence,Late Leaving Garage,6,13,N/B,9142
8-Oct-18,927,9:05:00 AM,Monday,Arrow garage POD Steeles W loop,Mechanical,8,18,S/B,8498
8-Oct-18,36,9:09:00 AM,Monday,Finch & Ardwick,Mechanical,6,17,E/B,9122
8-Oct-18,168,9:11:00 AM,Monday,Avon loop,Late Leaving Garage,10,24,S/B,1359
8-Oct-18,60,9:29:00 AM,Monday,Steeles and Martin Grove,Mechanical,13,26,E/B,3256
8-Oct-18,113,9:34:00 AM,Monday,main staiton,Late Leaving Garage,20,40,S/B,7872
8-Oct-18,63,10:30:00 AM,Monday,Ossington Stn,Investigation,1,1,S/B,1387
8-Oct-18,133,10:39:00 AM,Monday,Centenary Hospital Loop,Mechanical,12,24,W/B,1592
8-Oct-18,85,11:34:00 AM,Monday,DONS,Late Leaving Garage,6,17,E/B,1535
8-Oct-18,52,11:51:00 AM,Monday,.Lawrence Station,Late Leaving Garage,15,30,W/B,1252
8-Oct-18,7,11:55:00 AM,Monday,wilson garage,Late Leaving Garage,8,16,S/B,9009
8-Oct-18,29,11:59:00 AM,Monday,Dufferin and Lawrence,Late Leaving Garage,3,6,N/B,9042
8-Oct-18,62,12:08:00 PM,Monday,main street,Late Leaving Garage,15,30,S/B,9210
8-Oct-18,53,12:12:00 PM,Monday,Finch Station,Mechanical,6,18,E/B,1298
8-Oct-18,70,12:20:00 PM,Monday,Coxwell STN,Late Leaving Garage,20,40,N/B,8883
8-Oct-18,16,12:30:00 PM,Monday,Warden Station,Mechanical,12,24,N/B,7805
8-Oct-18,939,12:40:00 PM,Monday,Finch Station,Mechanical,1,1,E/B,1298
8-Oct-18,36,12:53:00 PM,Monday,Finch W & Martin Grove,Investigation,5,10,W/B,9127
8-Oct-18,29,12:59:00 PM,Monday,Dufferin and Lawrence,Late Leaving Garage,4,8,N/B,9052
8-Oct-18,47,1:00:00 PM,Monday,Lansdowne and St.Clair,Mechanical,9,18,N/B,1082
8-Oct-18,51,1:16:00 PM,Monday,Leslie Stn,Mechanical,24,48,S/B,8193
8-Oct-18,44,1:20:00 PM,Monday,Kipling stn,Utilized Off Route,10,20,S/B,8060
8-Oct-18,135,1:25:00 PM,Monday,Warden Station,Mechanical,15,38,W/B,8105
8-Oct-18,52,1:33:00 PM,Monday,Lawrence/Duplex,Mechanical,13,26,W/B,1374
8-Oct-18,74,1:35:00 PM,Monday,Doncliffe loop,Utilized Off Route,20,46,S/B,8194
8-Oct-18,165,1:36:00 PM,Monday,Steeles & Barmac,Utilized Off Route,9,8,S/B,1313
8-Oct-18,97,1:45:00 PM,Monday,Davisville Stn,Utilized Off Route,30,60,N/B,8317
8-Oct-18,38,1:55:00 PM,Monday,RHGO,Mechanical,10,20,W/B,1713
8-Oct-18,41,1:55:00 PM,Monday,KSTN,Utilized Off Route,11,21,N/B,1144
8-Oct-18,55,3:15:00 PM,Monday,Brookside and Dundas,Diversion,155,185,B/W,
8-Oct-18,90,3:45:00 PM,Monday,Vaughn/Louise,Mechanical,8,16,N/B,1210
8-Oct-18,25,4:25:00 PM,Monday,Don Mills at Parkway Forrest,Investigation,9,17,N/B,8706
8-Oct-18,52,4:30:00 PM,Monday,Law W Stn,Mechanical,7,14,E/B,8139
8-Oct-18,29,4:32:00 PM,Monday,Rogers and Dufferin,Mechanical,5,10,N/B,9053
8-Oct-18,7,4:44:00 PM,Monday,Bathurst/Wilson,Mechanical,7,15,N/B,9008
8-Oct-18,65,4:45:00 PM,Monday,CAST,Mechanical,15,30,S/B,7824
8-Oct-18,29,5:14:00 PM,Monday,Dufferin and Lawrence,Mechanical,5,10,S/B,9024
8-Oct-18,30,5:15:00 PM,Monday,Dundas at Brookside,Diversion,165,195,B/W,8056
8-Oct-18,192,5:19:00 PM,Monday,Kipling stn,Late Leaving Garage,8,16,N/B,7920
8-Oct-18,109,5:33:00 PM,Monday,Eglinton W stn,Mechanical,40,80,N/B,1213
8-Oct-18,927,5:40:00 PM,Monday,Humber College and Hwy 27,Mechanical,10,20,,8468
8-Oct-18,135,5:55:00 PM,Monday,Warden Station,Mechanical,15,30,W/B,7846
8-Oct-18,16,6:00:00 PM,Monday,Warden Station,Utilized Off Route,12,24,N/B,7771
8-Oct-18,121,6:02:00 PM,Monday,Sherbourne Ave,Investigation,1,1,W/B,7763
8-Oct-18,100,6:12:00 PM,Monday,Don Mills Rd and Gateway Blvd,Emergency Services,8,16,S/B,8694
8-Oct-18,54,6:24:00 PM,Monday,Lawrence RT Station,Mechanical,19,38,E/B,8882
8-Oct-18,87,6:35:00 PM,Monday,Main Station,Utilized Off Route,10,20,W/B,8935
8-Oct-18,95,7:05:00 PM,Monday,Combermere on Parkwood Village,Diversion,123,131,B/W,
8-Oct-18,25,7:11:00 PM,Monday,Don Mills at Gateway Blvd,Emergency Services,8,17,N/B,8676
8-Oct-18,32,7:33:00 PM,Monday,Verona and Emmett,Mechanical,32,64,E/B,1633
8-Oct-18,39,7:39:00 PM,Monday,NECR,Investigation,20,40,W/B,1514
8-Oct-18,35,7:42:00 PM,Monday,Jane and Outlook Avenue,Mechanical,7,14,N/B,3125
8-Oct-18,32,8:03:00 PM,Monday,E.W STN,Utilized Off Route,10,20,E/B,1415
8-Oct-18,44,8:10:00 PM,Monday,Kipling stn,Utilized Off Route,15,30,N/B,8085
8-Oct-18,192,8:10:00 PM,Monday,Kipling stn,Utilized Off Route,10,20,N/B,8038
8-Oct-18,47,8:10:00 PM,Monday,College and Dufferin,Utilized Off Route,20,40,N/B,1128
8-Oct-18,165,8:12:00 PM,Monday,Weston and Steeles,Utilized Off Route,10,20,S/B,8600
8-Oct-18,29,8:19:00 PM,Monday,Exhibition Loop,Utilized Off Route,10,20,N/B,9040
8-Oct-18,36,8:22:00 PM,Monday,Humberline and Holyoake Crescent,Utilized Off Route,7,14,EB,1318
8-Oct-18,116,8:27:00 PM,Monday,Morningside and Old Finch,Diversion,9,17,S/B,
8-Oct-18,74,8:30:00 PM,Monday,St Clair Station,Utilized Off Route,25,50,EB,8167
8-Oct-18,95,8:35:00 PM,Monday,MKRL,Utilized Off Route,10,20,E/B,1792
8-Oct-18,24,8:36:00 PM,Monday,Victoria Park Station,Utilized Off Route,10,20,N/B,8109
8-Oct-18,84,8:38:00 PM,Monday,Sheppard West Station,Mechanical,10,2,W/B,3147
8-Oct-18,39,8:40:00 PM,Monday,NECR,Utilized Off Route,20,40,W/B,1745
8-Oct-18,100,8:40:00 PM,Monday,BSTN,Utilized Off Route,8,16,S/B,8686
8-Oct-18,11,8:41:00 PM,Monday,Davisville Station,Utilized Off Route,22,44,WB,8304
8-Oct-18,133,8:44:00 PM,Monday,STC,Utilized Off Route,13,26,E/B,1569
8-Oct-18,25,8:46:00 PM,Monday,Pape Station,Utilized Off Route,9,17,N/B,8918
8-Oct-18,34,8:53:00 PM,Monday,ESTN,Utilized Off Route,15,30,E/B,8643
8-Oct-18,72,8:55:00 PM,Monday,PSTN,Mechanical,18,36,S/B,7821
8-Oct-18,54,9:10:00 PM,Monday,Eglinton Station,Mechanical,19,38,E/B,8671
8-Oct-18,72,10:03:00 PM,Monday,Queen and Carlaw,Diversion,64,82,N/B,8460
8-Oct-18,52,10:10:00 PM,Monday,Lawrece West Station,Mechanical,20,40,W/B,8026
8-Oct-18,29,10:10:00 PM,Monday,Wilson Station,Mechanical,10,20,S/B,9049
8-Oct-18,64,10:30:00 PM,Monday,Queen and Hambly,Mechanical,20,40,N/B,8417
8-Oct-18,168,10:42:00 PM,Monday,Dundas West Station,Mechanical,12,24,N/B,1532
8-Oct-18,87,10:45:00 PM,Monday,MSTN,Utilized Off Route,10,20,W/B,8423
8-Oct-18,36,10:50:00 PM,Monday,Humberwood Loop,Mechanical,10,20,EB,8574
8-Oct-18,112,11:30:00 PM,Monday,Kipling stn,Mechanical,30,60,N/B,7656
8-Oct-18,89,11:30:00 PM,Monday,Keele stn,Emergency Services,10,20,N/B,1042
9-Oct-18,192,1:30:00 AM,Tuesday,Kipling stn,Mechanical,10,20,N/B,7920
9-Oct-18,76,4:37:00 AM,Tuesday,Royal York and Evans,Mechanical,25,1,N/B,7922
9-Oct-18,396,4:39:00 AM,Tuesday,York mills,Late Leaving Garage,10,5,5,8498
9-Oct-18,91,4:52:00 AM,Tuesday,Woodbine Station,Late Leaving Garage,30,60,N/B,7805
9-Oct-18,68,4:58:00 AM,Tuesday,Warden and Steeles Loop,Mechanical,1,20,S/B,8899
9-Oct-18,81,4:59:00 AM,Tuesday,Thorncliffe Park,Late Leaving Garage,14,28,S/B,8451
9-Oct-18,165,5:04:00 AM,Tuesday,Arrow garage POD  Signet & Steeles,Late Leaving Garage,15,,N/B,1308
9-Oct-18,48,5:06:00 AM,Tuesday,Mill rd loop,Late Leaving Garage,10,1,E/B,8070
9-Oct-18,17,5:09:00 AM,Tuesday,Warden Station,Late Leaving Garage,9,18,N/B,7791
9-Oct-18,113,5:19:00 AM,Tuesday,Main Station,Late Leaving Garage,12,24,E/B,8102
9-Oct-18,20,5:20:00 AM,Tuesday,Main Station,Late Leaving Garage,20,40,E/B,9224
9-Oct-18,41,5:22:00 AM,Tuesday,PVSTN,Late Leaving Garage,11,25,S/B,
9-Oct-18,30,5:22:00 AM,Tuesday,HPST,Late Leaving Garage,20,40,W/B,8078
9-Oct-18,36,5:23:00 AM,Tuesday,Humberwood loop,Late Leaving Garage,5,10,W/B,9125
9-Oct-18,87,5:25:00 AM,Tuesday,Broadview Station,Late Leaving Garage,5,10,E/B,8952
9-Oct-18,87,5:27:00 AM,Tuesday,Main Station,Late Leaving Garage,5,10,W/B,9232
9-Oct-18,12,5:38:00 AM,Tuesday,Kingston and Brimley,Late Leaving Garage,18,35,N/B,7748
9-Oct-18,70,5:39:00 AM,Tuesday,Coxwell STN,Late Leaving Garage,15,32,N/B,8804
9-Oct-18,17,5:40:00 AM,Tuesday,Steeles and Mount Castle,Late Leaving Garage,13,33,S/B,7815
9-Oct-18,95,5:40:00 AM,Tuesday,SCLP,Late Leaving Garage,20,40,W/B,1643
9-Oct-18,80,5:40:00 AM,Tuesday,ELLIS AND LAKESHORE,Mechanical,11,22,E/B,8053
9-Oct-18,38,5:42:00 AM,Tuesday,Rouge Hill GO Station,Late Leaving Garage,15,30,W/B,1777
9-Oct-18,95,5:44:00 AM,Tuesday,KNRD,Late Leaving Garage,7,14,W/B,1583
9-Oct-18,84,5:45:00 AM,Tuesday,SARR,Late Leaving Garage,6,23,E/B,3215
9-Oct-18,64,5:47:00 AM,Tuesday,Main Station,Late Leaving Garage,11,22,S/B,8486
9-Oct-18,95,5:51:00 AM,Tuesday,KNRD,Late Leaving Garage,7,14,W/B,1731
9-Oct-18,25,5:53:00 AM,Tuesday,York Mills nad Don mIlls,Mechanical,5,11,S/B,8869
9-Oct-18,34,5:56:00 AM,Tuesday,Kennedy Station,Mechanical,4,8,B/W,8901
9-Oct-18,102,6:00:00 AM,Tuesday,lawrance to ellemere,General Delay,7,14,,
9-Oct-18,53,6:02:00 AM,Tuesday,MOFI,Late Leaving Garage,13,20,W/B,9060
9-Oct-18,45,6:03:00 AM,Tuesday,Steeles loop,Late Leaving Garage,6,12,S/B,8098
9-Oct-18,102,6:07:00 AM,Tuesday,Andrew and St.Clair,Mechanical,20,40,N/B,7741
9-Oct-18,24,6:08:00 AM,Tuesday,Consumers Rd and Victoria Park,Mechanical,14,27,N/B,7823
9-Oct-18,85,6:13:00 AM,Tuesday,Don Mills Station,Late Leaving Garage,16,32,E/B,1519
9-Oct-18,102,6:13:00 AM,Tuesday,WAST,Utilized Off Route,19,19,N/B,8933
9-Oct-18,116,6:15:00 AM,Tuesday,Kennedy Station,Emergency Services,6,13,E/B,8626
9-Oct-18,52,6:19:00 AM,Tuesday,Lawrence Station,Late Leaving Garage,15,30,W/B,1289
9-Oct-18,905,6:20:00 AM,Tuesday,Kennedy STN,Late Leaving Garage,1,10,E/B,8754
9-Oct-18,41,6:21:00 AM,Tuesday,KSTN,Mechanical,15,30,N/B,9046
9-Oct-18,71,6:22:00 AM,Tuesday,GUNN,Investigation,18,35,E/B,1263
9-Oct-18,52,6:23:00 AM,Tuesday,Lawrence Station,Late Leaving Garage,7,15,W/B,1367
9-Oct-18,34,6:25:00 AM,Tuesday,Kennedy STN,Late Leaving Garage,4,8,W/B,8756
9-Oct-18,12,6:27:00 AM,Tuesday,KINGSTON RD AND BRIMELEY,Mechanical,15,28,E/B,7748
9-Oct-18,64,6:31:00 AM,Tuesday,Queen and Wineva,Investigation,5,16,N/B,8424
9-Oct-18,97,6:31:00 AM,Tuesday,Irwin & Yonge,Investigation,20,40,N/B,8320
9-Oct-18,89,6:32:00 AM,Tuesday,KSTN,Late Leaving Garage,15,30,N/B,
9-Oct-18,706,6:37:00 AM,Tuesday,Upper Gerrard / Beaton,Utilized Off Route,1,1,B/W,8419
9-Oct-18,87,6:37:00 AM,Tuesday,Upper Gerrard / Beaton,Utilized Off Route,5,10,W/B,9235
9-Oct-18,39,6:38:00 AM,Tuesday,MCVP,Utilized Off Route,10,20,W/B,1274
9-Oct-18,45,6:38:00 AM,Tuesday,Steeles loop,Late Leaving Garage,5,10,S/B,8023
9-Oct-18,36,6:38:00 AM,Tuesday,Jane,Mechanical,5,10,W/B,9133
9-Oct-18,116,6:39:00 AM,Tuesday,Kennedy Station,Utilized Off Route,12,24,E/B,8842
9-Oct-18,52,6:39:00 AM,Tuesday,Lawrence West Station,Mechanical,15,30,W/B,1249
9-Oct-18,25,6:40:00 AM,Tuesday,PSTN,Utilized Off Route,5,10,N/B,8865
9-Oct-18,45,6:42:00 AM,Tuesday,Kipling Loop,Mechanical,11,22,S/B,7951
9-Oct-18,100,6:43:00 AM,Tuesday,Broadview Station,Utilized Off Route,3,6,B/W,8905
9-Oct-18,41,6:44:00 AM,Tuesday,KSTN,Late Leaving Garage,15,30,N/B,
9-Oct-18,89,6:44:00 AM,Tuesday,KSTN,Late Leaving Garage,15,30,N/B,
9-Oct-18,75,6:48:00 AM,Tuesday,wilson garage,Late Leaving Garage,5,10,S/B,8126
9-Oct-18,11,6:50:00 AM,Tuesday,wilson garage,Late Leaving Garage,16,32,N/B,1339
9-Oct-18,11,6:50:00 AM,Tuesday,Davisville stn,Late Leaving Garage,17,34,E/B,8365
9-Oct-18,939,6:50:00 AM,Tuesday,STC,Late Leaving Garage,8,15,W/B,1744
9-Oct-18,39,6:53:00 AM,Tuesday,OFIN,Late Leaving Garage,15,30,W/B,1651
9-Oct-18,85,6:53:00 AM,Tuesday,Don Mills Station,Late Leaving Garage,16,32,E/B,1557
9-Oct-18,11,6:55:00 AM,Tuesday,wilson garage,Late Leaving Garage,8,16,N/B,8190
9-Oct-18,45,7:00:00 AM,Tuesday,Kipling Rte,General Delay,15,20,B/W,
9-Oct-18,70,7:05:00 AM,Tuesday,O'Connor and Amsterdam,Mechanical,17,34,S/B,8837
9-Oct-18,29,7:11:00 AM,Tuesday,Dufferin & Lawrence,Mechanical,9,15,N/B,9104
9-Oct-18,984,7:16:00 AM,Tuesday,RISH,Late Leaving Garage,8,18,W/B,3270
9-Oct-18,70,7:30:00 AM,Tuesday,Coxwell & Wardn STN's + Craigton and Pharmacy,General Delay,25,30,B/W,
9-Oct-18,39,7:34:00 AM,Tuesday,NERC,Mechanical,5,15,W/B,1561
9-Oct-18,17,7:35:00 AM,Tuesday,Birchmount and Lawrence,Emergency Services,12,15,S/B,7791
9-Oct-18,36,7:45:00 AM,Tuesday,Finch west stn,Mechanical,5,10,W/B,9126
9-Oct-18,131,7:45:00 AM,Tuesday,Brimley and Gully,Investigation,8,16,E/B,1572
9-Oct-18,106,7:50:00 AM,Tuesday,Sheppard ave and Sentinel Rd,Investigation,7,15,N/B,1373
9-Oct-18,125,7:53:00 AM,Tuesday,Finch Station,Mechanical,7,14,W/B,1666
9-Oct-18,53,7:58:00 AM,Tuesday,Leslie and Steeles,Mechanical,5,10,W/B,1824
9-Oct-18,9,8:00:00 AM,Tuesday,Warden STN to S.T.C,General Delay,10,25,B/W,
9-Oct-18,90,8:00:00 AM,Tuesday,st clair wstn / oakwood,General Delay,5,9,B/W,
9-Oct-18,17,8:00:00 AM,Tuesday,Sheppard and Birchmount to Warden STN,General Delay,10,17,B/W,
9-Oct-18,75,8:00:00 AM,Tuesday,queen / maple ave.,General Delay,6,10,B/W,
9-Oct-18,118,8:04:00 AM,Tuesday,west Arcot at Albion,Diversion,0,0,E/B,
9-Oct-18,95,8:10:00 AM,Tuesday,Kennedy and Ellesmere,Mechanical,9,18,E/B,1805
9-Oct-18,34,8:14:00 AM,Tuesday,Kennedy,General Delay,4,8,B/W,8877
9-Oct-18,121,8:15:00 AM,Tuesday,ESPLANADE ROUTE,General Delay,10,0,B/W,
9-Oct-18,89,8:15:00 AM,Tuesday,Keele and Vine,Investigation,15,30,S/B,1015
9-Oct-18,7,8:17:00 AM,Tuesday,nina,Mechanical,9,18,N/B,9003
9-Oct-18,985,8:20:00 AM,Tuesday,Don Mills Stn to Meadowvale Don Mills Stn to STC,General Delay,9,25,B/W,
9-Oct-18,143,8:30:00 AM,Tuesday,NEVL,General Delay,7,22,W/B,
9-Oct-18,42,8:41:00 AM,Tuesday,Finch stn,Mechanical,12,24,E/B,1550
9-Oct-18,141,8:42:00 AM,Tuesday,Adelaide/York,Investigation,1,1,E/B,1013
9-Oct-18,100,8:44:00 AM,Tuesday,Broadview Station,General Delay,3,6,B/W,8823
9-Oct-18,22,8:56:00 AM,Tuesday,Queen and Eastern Ave,Diversion,,,S/B,8106
9-Oct-18,14,9:10:00 AM,Tuesday,Glencairn stn,Mechanical,16,32,E/B,1112
9-Oct-18,141,9:20:00 AM,Tuesday,Peter/Richmond,Investigation,1,1,S/B,1357
9-Oct-18,84,9:57:00 AM,Tuesday,WEBR,Mechanical,9,19,E/B,3293
9-Oct-18,38,10:20:00 AM,Tuesday,Scar Town Centre Station,Mechanical,12,24,E/B,1713
9-Oct-18,116,10:21:00 AM,Tuesday,Morningside & Lawrence,Investigation,10,20,S/B,8709
9-Oct-18,87,10:25:00 AM,Tuesday,Main Station,Mechanical,10,20,W/B,8485
9-Oct-18,935,10:25:00 AM,Tuesday,Finch,Mechanical,9,19,S/B,3157
9-Oct-18,43,10:26:00 AM,Tuesday,Kennedy STN,Emergency Services,10,20,S/B,8687
9-Oct-18,937,10:37:00 AM,Tuesday,Don Mills on Finch,Mechanical,6,14,E/B,1687
9-Oct-18,63,10:55:00 AM,Tuesday,Ossington Stn,Mechanical,8,17,N/B,1257
9-Oct-18,36,11:11:00 AM,Tuesday,Humberwood loop,Mechanical,5,10,E/B,9124
9-Oct-18,54,11:21:00 AM,Tuesday,Orton Park and Brimorton,Mechanical,12,24,W/B,8662
9-Oct-18,719,11:37:00 AM,Tuesday,BLTR,Utilized Off Route,1,1,S/B,1145
9-Oct-18,35,11:37:00 AM,Tuesday,Eglinton,Utilized Off Route,10,20,S/B,3156
9-Oct-18,609,11:39:00 AM,Tuesday,ALWS,Utilized Off Route,1,1,S/B,1139
9-Oct-18,600,11:46:00 AM,Tuesday,Islington stn,Utilized Off Route,1,1,E/B,8058
9-Oct-18,600,11:46:00 AM,Tuesday,Islington stn,Utilized Off Route,1,1,E/B,8058
9-Oct-18,111,11:47:00 AM,Tuesday,East Mall and Red Car,Mechanical,14,28,N/B,7948
9-Oct-18,85,11:54:00 AM,Tuesday,MGAT,Mechanical,7,40,W/B,1644
9-Oct-18,186,11:57:00 AM,Tuesday,Elmhurst & Albion,Mechanical,10,20,E/B,3126
9-Oct-18,161,11:58:00 AM,Tuesday,OSTN,Mechanical,9,18,W/B,1144
9-Oct-18,60,12:08:00 PM,Tuesday,Finch Stn,Investigation,5,10,,3256
9-Oct-18,89,12:12:00 PM,Tuesday,ALWS,Mechanical,10,20,S/B,1041
9-Oct-18,79,12:35:00 PM,Tuesday,Pine & Lawrence,Mechanical,24,48,S/B,1126
9-Oct-18,53,12:37:00 PM,Tuesday,Kennedy and Steeles,Mechanical,25,50,W/B,1535
9-Oct-18,160,12:45:00 PM,Tuesday,wilson stn lower,Mechanical,25,50,N/B,1376
9-Oct-18,100,12:46:00 PM,Tuesday,Don Mills and Wynford,Mechanical,5,10,B/W,8860
9-Oct-18,85,1:00:00 PM,Tuesday,85- Sheppard East Route,General Delay,15,23,B/W,
9-Oct-18,985,1:00:00 PM,Tuesday,985-Sheppard Express Route,General Delay,15,23,B/W,
9-Oct-18,32,1:00:00 PM,Tuesday,Lloyd Manor/Eglinton,Investigation,10,20,E/B,1287
9-Oct-18,38,1:18:00 PM,Tuesday,Scar Town Centre Station,Mechanical,12,25,E/B,1777
9-Oct-18,96,1:35:00 PM,Tuesday,Wilson & Yonge,Mechanical,10,20,W/B,3207
9-Oct-18,38,1:36:00 PM,Tuesday,Scar Town Centre Station,Mechanical,12,24,E/B,1630
9-Oct-18,186,1:42:00 PM,Tuesday,Jane and Wilson,Mechanical,1,1,W/B,3100
9-Oct-18,929,1:50:00 PM,Tuesday,Dufferin & St Clair,Mechanical,10,20,N/B,9056
9-Oct-18,39,1:50:00 PM,Tuesday,Finch/Birchmount,Mechanical,18,36,W/B,1632
9-Oct-18,169,1:55:00 PM,Tuesday,Don Mills Stn,Mechanical,30,60,N/B,8150
9-Oct-18,36,2:14:00 PM,Tuesday,Finch Ave West at Kipling Ave,Mechanical,6,12,W/B,9134
9-Oct-18,939,2:29:00 PM,Tuesday,FSTN,Mechanical,5,9,E/B,1684
9-Oct-18,913,2:30:00 PM,Tuesday,Express Route on Progress,General Delay,6,13,W/B,
9-Oct-18,98,2:31:00 PM,Tuesday,Sheppard and Senlac,Diversion,30,60,W/B,8143
9-Oct-18,116,2:41:00 PM,Tuesday,Morningside and Lawrence,Mechanical,10,20,N/B,8650
9-Oct-18,84,2:50:00 PM,Tuesday,Sheppard Avenue W. and Fennell,Diversion,30,37,WB,3151
9-Oct-18,984,2:50:00 PM,Tuesday,Sheppard Avenue W and Fennell,Diversion,30,39,W/B,3193
9-Oct-18,41,2:51:00 PM,Tuesday,FWSTN,Late Leaving Garage,9,18,S/B,
9-Oct-18,63,2:55:00 PM,Tuesday,Ossington Stn,Mechanical,9,17,N/B,1314
9-Oct-18,6,2:56:00 PM,Tuesday,DDUP,Late Leaving Garage,6,13,S/B,1263
9-Oct-18,52,3:00:00 PM,Tuesday,Westwood Mall to LSTN,General Delay,20,40,B/W,1280
9-Oct-18,122,3:00:00 PM,Tuesday,YKMS to ROYW,General Delay,15,25,B/W,1236
9-Oct-18,53,3:00:00 PM,Tuesday,Steeles route-MOFI-PAMK-FSTN,General Delay,16,32,B/W,
9-Oct-18,12,3:00:00 PM,Tuesday,12 Kingston Road,General Delay,12,1,B/W,
9-Oct-18,32,3:00:00 PM,Tuesday,Entire Route,General Delay,20,25,B/W,
9-Oct-18,134,3:00:00 PM,Tuesday,PROGRESS ROUTE,General Delay,15,30,B/W,
9-Oct-18,952,3:00:00 PM,Tuesday,T3 to LSTN,General Delay,20,32,B/W,
9-Oct-18,929,3:20:00 PM,Tuesday,Wilson Station,Mechanical,10,20,S/B,9053
9-Oct-18,105,3:23:00 PM,Tuesday,Sheppard West Stn,Mechanical,8,15,N/B,1220
9-Oct-18,53,3:25:00 PM,Tuesday,MOFI,Late Leaving Garage,15,30,W/B,9081
9-Oct-18,36,3:26:00 PM,Tuesday,Finch Ave West at Weston Rd,Investigation,6,12,W/B,9115
9-Oct-18,95,3:27:00 PM,Tuesday,KNRD,Mechanical,10,20,W/B,1646
9-Oct-18,40,3:28:00 PM,Tuesday,DWST,Mechanical,7,14,W/B,8078
9-Oct-18,95,3:28:00 PM,Tuesday,ELRT,Late Leaving Garage,10,20,W/B,1561
9-Oct-18,6,3:30:00 PM,Tuesday,Entire Route,General Delay,20,30,B/W,
9-Oct-18,24,3:33:00 PM,Tuesday,STLV,Mechanical,9,18,S/B,7820
9-Oct-18,29,3:39:00 PM,Tuesday,Mount Dennis to Dufferin/Lawrence,Late Leaving Garage,7,14,N/B,9042
9-Oct-18,35,3:40:00 PM,Tuesday,Jane Station,Late Leaving Garage,10,20,N/B,3119
9-Oct-18,129,3:41:00 PM,Tuesday,SLMC,Mechanical,8,12,S,1585
9-Oct-18,902,3:45:00 PM,Tuesday,Progress and Markham,Mechanical,10,20,S/B,8427
9-Oct-18,59,3:50:00 PM,Tuesday,Lawrence W Stn,Mechanical,28,56,,1313
9-Oct-18,186,3:51:00 PM,Tuesday,Kipling and Brookmere,Mechanical,12,24,E/B,3126
9-Oct-18,36,3:55:00 PM,Tuesday,Finch West Station,Mechanical,6,12,E/B,9117
9-Oct-18,115,4:00:00 PM,Tuesday,YKMS to BASV,General Delay,20,40,B/W,
9-Oct-18,7,4:00:00 PM,Tuesday,Eglinton,General Delay,40,60,B/W,
9-Oct-18,78,4:00:00 PM,Tuesday,YKMS to Carluke,General Delay,15,30,B/W,
9-Oct-18,24,4:00:00 PM,Tuesday,Lawrence Ave,General Delay,15,1,N/B,
9-Oct-18,95,4:00:00 PM,Tuesday,Between York Mills Station and Kingston Road Loop,General Delay,20,30,B/W,
9-Oct-18,11,4:00:00 PM,Tuesday,11 Bayview Route,General Delay,20,35,B/W,
9-Oct-18,37,4:00:00 PM,Tuesday,Islington route,General Delay,20,30,B/W,7972
9-Oct-18,26,4:00:00 PM,Tuesday,Entire Route,General Delay,15,30,B/W,
9-Oct-18,49,4:00:00 PM,Tuesday,Kipling Station to Markland and Bloor,General Delay,15,25,B/W,
9-Oct-18,134,4:03:00 PM,Tuesday,STC,Mechanical,15,30,N/B,9061
9-Oct-18,41,4:06:00 PM,Tuesday,Keele and Wilson,Investigation,12,23,N/B,9038
9-Oct-18,47,4:30:00 PM,Tuesday,Entire route,General Delay,30,30,BW,
9-Oct-18,144,4:30:00 PM,Tuesday,ASIM to VicPArk and Valley Woods,General Delay,25,30,B/W,
9-Oct-18,925,4:30:00 PM,Tuesday,PSTN to FMDM,General Delay,15,20,B/W,
9-Oct-18,25,4:30:00 PM,Tuesday,PSTN to DONS,General Delay,15,20,B/W,
9-Oct-18,67,4:30:00 PM,Tuesday,VICT to CROSS,General Delay,15,20,B/W,
9-Oct-18,68,4:30:00 PM,Tuesday,Warden steeles to ellesmere,General Delay,15,25,B/W,
9-Oct-18,50,4:30:00 PM,Tuesday,From ISTN To MBLP,General Delay,1,2,B/W,7964
9-Oct-18,83,4:40:00 PM,Tuesday,Jones and Dundas,Mechanical,12,24,S/B,7842
9-Oct-18,110,4:45:00 PM,Tuesday,Islington at Vandussen,Diversion,30,40,B/W,8024
9-Oct-18,80,4:45:00 PM,Tuesday,Lakeshore at Parkside,Emergency Services,30,60,W/B,8024
9-Oct-18,985,4:46:00 PM,Tuesday,Midland and Goodland GT,Mechanical,8,16,N/B,9073
9-Oct-18,37,4:47:00 PM,Tuesday,Islington stn,Investigation,20,40,N/B,8039
9-Oct-18,25,4:50:00 PM,Tuesday,PSTN,Mechanical,6,11,S/B,8766
9-Oct-18,60,4:50:00 PM,Tuesday,Carpenter and Bathurst,Emergency Services,5,10,,3155
9-Oct-18,985,4:55:00 PM,Tuesday,Midland and Sheppard,Diversion,1,1,B/W,
9-Oct-18,75,5:00:00 PM,Tuesday,Sherbourne route,General Delay,30,30,B/W,
9-Oct-18,937,5:00:00 PM,Tuesday,Islinton route,General Delay,20,30,B/W,7975
9-Oct-18,65,5:00:00 PM,Tuesday,CAST to BKFR,General Delay,27,36,B/W,
9-Oct-18,72,5:00:00 PM,Tuesday,wellington and Bay,General Delay,7,14,S/B,
9-Oct-18,142,5:00:00 PM,Tuesday,142 Downtown Avenue Rd Express Route,General Delay,30,60,B/W,
9-Oct-18,37,5:05:00 PM,Tuesday,Islinton stn,Utilized Off Route,10,20,B/W,8088
9-Oct-18,38,5:07:00 PM,Tuesday,SCLP,Mechanical,12,24,W/B,1783
9-Oct-18,939,5:12:00 PM,Tuesday,FSTN,Mechanical,6,12,E/B,1807
9-Oct-18,939,5:15:00 PM,Tuesday,STC,Mechanical,12,24,W/B,1780
9-Oct-18,929,5:17:00 PM,Tuesday,Davenport and Dufferin,Mechanical,10,20,N/B,9025
9-Oct-18,121,5:24:00 PM,Tuesday,Jarvis and Esplanade,Utilized Off Route,15,30,W/B,7838
9-Oct-18,84,5:38:00 PM,Tuesday,Sheppard West Station,Mechanical,13,26,W/B,3221
9-Oct-18,129,5:39:00 PM,Tuesday,Steeles/Mccowan,Investigation,16,33,S/B,1678
9-Oct-18,90,5:40:00 PM,Tuesday,Oakwood and Vaughan,Utilized Off Route,5,10,S/B,1389
9-Oct-18,36,5:41:00 PM,Tuesday,Finch Ave West at Sentinel RD,Mechanical,6,12,W/B,9109
9-Oct-18,143,5:46:00 PM,Tuesday,Woodbine and Queen,General Delay,50,75,E/B,9237
9-Oct-18,142,5:50:00 PM,Tuesday,Bombay Loop,Mechanical,30,60,S/B,8348
9-Oct-18,927,5:53:00 PM,Tuesday,Kipling Station,Late Leaving Garage,6,12,N/B,8475
9-Oct-18,37,6:00:00 PM,Tuesday,Woodbine race track,Investigation,20,40,B/W,8048
9-Oct-18,939,6:02:00 PM,Tuesday,Finch and Gordon baker,Diversion,56,66,W/B,1284
9-Oct-18,186,6:02:00 PM,Tuesday,Elmhurst and Islington,Investigation,1,1,W/B,3100
9-Oct-18,39,6:04:00 PM,Tuesday,Finch and Gordon Baker,Diversion,56,63,W/B,1703
9-Oct-18,22,6:30:00 PM,Tuesday,coxwell stn    queen,General Delay,10,20,S/B,
9-Oct-18,35,6:45:00 PM,Tuesday,Jane Station,Mechanical,10,20,N/B,3234
9-Oct-18,952,6:50:00 PM,Tuesday,T3,Mechanical,12,24,E/B,1207
9-Oct-18,169,6:52:00 PM,Tuesday,Don Mills Station,Mechanical,30,60,eb,8200
9-Oct-18,165,7:00:00 PM,Tuesday,Barmac and Steeles,Mechanical,10,20,S/B,1366
9-Oct-18,34,7:00:00 PM,Tuesday,Wynford WB west of Garamond Court,Investigation,5,10,W/B,8637
9-Oct-18,90,7:08:00 PM,Tuesday,Arlinton,Mechanical,5,10,N/B,8368
9-Oct-18,41,7:23:00 PM,Tuesday,Chimneystack and Keele,Mechanical,17,34,N/B,9054
9-Oct-18,100,7:24:00 PM,Tuesday,Wynford WB west of Garamond Court,Diversion,5,10,W/B,
9-Oct-18,34,7:24:00 PM,Tuesday,Wynford WB west of Garamond Court,Diversion,5,10,W/B,
9-Oct-18,929,7:27:00 PM,Tuesday,Glen Belle and Dufferin,Investigation,10,20,N/B,9030
9-Oct-18,939,7:28:00 PM,Tuesday,Finch Subway station entrance,Investigation,9,18,E/B,1649
9-Oct-18,53,7:30:00 PM,Tuesday,Brimley on Steeles,Investigation,18,36,E/B,9088
9-Oct-18,7,7:37:00 PM,Tuesday,Shelbourne,Diversion,10,20,N/B,9009
9-Oct-18,135,7:39:00 PM,Tuesday,Warden and Danforth Road,Mechanical,18,36,W/B,8103
9-Oct-18,186,7:40:00 PM,Tuesday,Clayson and Wilson,Investigation,12,24,W/B,3214
9-Oct-18,165,7:45:00 PM,Tuesday,Keele and Wilson,Investigation,9,18,W/B,1331
9-Oct-18,35,7:50:00 PM,Tuesday,Jane and Courage,Mechanical,8,16,S/B,3206
9-Oct-18,63,8:00:00 PM,Tuesday,Ossington Station,Mechanical,8,16,SB,1276
9-Oct-18,12,8:15:00 PM,Tuesday,Victoria Park Ave and Kingston Road,Emergency Services,18,36,W/B,7771
9-Oct-18,63,8:51:00 PM,Tuesday,Oakwood and Vaughan,Mechanical,10,20,SB,1390
9-Oct-18,97,8:57:00 PM,Tuesday,Yonge and Yonge Blvd,Diversion,232,247,NB,8317
9-Oct-18,985,9:00:00 PM,Tuesday,Express route STC to DonMills,General Delay,12,24,B/W,
9-Oct-18,89,9:06:00 PM,Tuesday,Keele station,Mechanical,9,17,S/B,1413
9-Oct-18,36,9:24:00 PM,Tuesday,Humberwood Loop,Mechanical,8,16,E/B,9130
9-Oct-18,24,9:58:00 PM,Tuesday,Victoria Park Station,Mechanical,7,14,N/B,9229
9-Oct-18,16,10:28:00 PM,Tuesday,Danforth and St Clair,Investigation,15,30,N/B,7732
9-Oct-18,36,11:18:00 PM,Tuesday,Finch Station,Mechanical,9,18,W/B,8603
9-Oct-18,36,11:55:00 PM,Tuesday,Finch West Station,Mechanical,9,18,W/B,9119
10-Oct-18,50,12:15:00 AM,Wednesday,Islington Station,Investigation,30,60,W/B,7934
10-Oct-18,42,12:17:00 AM,Wednesday,Dynamic and Mc Nicoll,Utilized Off Route,20,40,WB,8191
10-Oct-18,927,12:43:00 AM,Wednesday,Humber College and Hwy 27,Emergency Services,10,10,SB,8600
10-Oct-18,36,1:15:00 AM,Wednesday,Finch Station,Mechanical,8,16,WB,9125
10-Oct-18,35,1:19:00 AM,Wednesday,Jane Station,Emergency Services,15,25,NB,3295
10-Oct-18,74,1:28:00 AM,Wednesday,Wilson Station,Utilized Off Route,1,1,SB,1401
10-Oct-18,73,1:30:00 AM,Wednesday,Claireport,Mechanical,20,40,S/B,8045
10-Oct-18,332,1:49:00 AM,Wednesday,Avenue and Eglinton,Mechanical,,,W/B,1536
10-Oct-18,85,4:16:00 AM,Wednesday,SLP,Late Leaving Garage,30,30,W/B,1652
10-Oct-18,395,4:35:00 AM,Wednesday,Yonge and York Mills,Mechanical,30,30,E/B,1604
10-Oct-18,45,4:56:00 AM,Wednesday,Steeles Loop,Late Leaving Garage,11,22,S/B,7959
10-Oct-18,63,5:06:00 AM,Wednesday,wilson garage,Late Leaving Garage,13,,S/B,1328
10-Oct-18,17,5:06:00 AM,Wednesday,WAST,Mechanical,29,29,N/B,8418
10-Oct-18,22,5:11:00 AM,Wednesday,Queen and Kingston road,Diversion,999,999,S/B,
10-Oct-18,363,5:12:00 AM,Wednesday,CNE loop,Mechanical,5,10,E/B,24
10-Oct-18,105,5:16:00 AM,Wednesday,wilson garage,Late Leaving Garage,20,0,S/B,1248
10-Oct-18,7,5:16:00 AM,Wednesday,wilson garage,Late Leaving Garage,9,18,N/B,9010
10-Oct-18,395,5:20:00 AM,Wednesday,Morningside and Ellesmere,Mechanical,30,30,E/B,1604
10-Oct-18,102,5:22:00 AM,Wednesday,WAST,Late Leaving Garage,20,40,N/B,8115
10-Oct-18,79,5:30:00 AM,Wednesday,PINE,Mechanical,10,25,S/B,1114
10-Oct-18,94,5:33:00 AM,Wednesday,OSS STN,Late Leaving Garage,13,26,E/B,1606
10-Oct-18,29,5:48:00 AM,Wednesday,Wilson Station,Mechanical,8,15,S/B,9035
10-Oct-18,54,5:49:00 AM,Wednesday,Lawrence and Scarborough Golf,Late Leaving Garage,9,18,E/B,8917
10-Oct-18,90,5:51:00 AM,Wednesday,wilson garage,Late Leaving Garage,7,14,S/B,1227
10-Oct-18,52,5:52:00 AM,Wednesday,Lawrence Station,Late Leaving Garage,12,24,W/B,1362
10-Oct-18,35,5:52:00 AM,Wednesday,JNST,Late Leaving Garage,5,10,N/B,3295
10-Oct-18,14,6:00:00 AM,Wednesday,GLEN,Late Leaving Garage,23,46,E/B,1149
10-Oct-18,939,6:05:00 AM,Wednesday,STC,Late Leaving Garage,8,16,W/B,1627
10-Oct-18,90,6:09:00 AM,Wednesday,wilson garage,Late Leaving Garage,4,8,S/B,1363
10-Oct-18,939,6:09:00 AM,Wednesday,STC,Late Leaving Garage,7,14,W/B,1630
10-Oct-18,37,6:13:00 AM,Wednesday,ISLINGTON STN,Late Leaving Garage,10,20,N/B,7967
10-Oct-18,41,6:15:00 AM,Wednesday,Keele / Rogers,Investigation,12,24,N/B,9145
10-Oct-18,929,6:17:00 AM,Wednesday,Wilson Station,Mechanical,9,18,N/B,9031
10-Oct-18,11,6:17:00 AM,Wednesday,wilson garage,Mechanical,8,16,S/B,8193
10-Oct-18,29,6:19:00 AM,Wednesday,Wilson Station,Mechanical,8,15,S/B,9053
10-Oct-18,52,6:23:00 AM,Wednesday,Lawrence Station,Late Leaving Garage,7,15,W/B,1217
10-Oct-18,84,6:29:00 AM,Wednesday,WEBR,Mechanical,10,20,E/B,3100
10-Oct-18,25,6:30:00 AM,Wednesday,Don Mills & Eglinton,General Delay,15,21,BW,
10-Oct-18,925,6:30:00 AM,Wednesday,Don Mills & Eglinton,General Delay,15,22,BW,
10-Oct-18,102,6:32:00 AM,Wednesday,WAST,Mechanical,20,40,E/B,7882
10-Oct-18,60,6:35:00 AM,Wednesday,HWY 27,Diversion,32,39,E/B,3197
10-Oct-18,117,6:36:00 AM,Wednesday,Steeles and Dufferin,Mechanical,10,20,S/B,1214
10-Oct-18,29,6:37:00 AM,Wednesday,Dufferin & Lawrence,Mechanical,8,15,N/B,9045
10-Oct-18,7,6:37:00 AM,Wednesday,wilson garage,Late Leaving Garage,9,18,S/B,1346
10-Oct-18,125,6:38:00 AM,Wednesday,Bathurst & Antibees,Late Leaving Garage,4,8,W/B,
10-Oct-18,98,6:38:00 AM,Wednesday,Wilson & Transit Rd,Mechanical,30,60,W/B,8142
10-Oct-18,44,6:38:00 AM,Wednesday,Kipling Station,Mechanical,9,18,S/B,7962
10-Oct-18,130,6:40:00 AM,Wednesday,MDSL,Mechanical,16,36,S/B,1748
10-Oct-18,63,6:43:00 AM,Wednesday,Eglinton W Station,Late Leaving Garage,5,10,S/B,1392
10-Oct-18,96,6:45:00 AM,Wednesday,Route  96,General Delay,10,19,B/W,
10-Oct-18,186,6:45:00 AM,Wednesday,Route 186,General Delay,13,22,B/W,
10-Oct-18,165,6:45:00 AM,Wednesday,Route 165,General Delay,12,17,B/W,
10-Oct-18,952,6:47:00 AM,Wednesday,Lawrence Station,Late Leaving Garage,11,22,E/B,8140
10-Oct-18,902,6:50:00 AM,Wednesday,WSTN,Late Leaving Garage,10,20,E/B,9846
10-Oct-18,7,6:57:00 AM,Wednesday,wilson garage,Late Leaving Garage,8,16,N/B,9022
10-Oct-18,60,6:59:00 AM,Wednesday,FSTN,Mechanical,7,14,W/B,3273
10-Oct-18,70,7:00:00 AM,Wednesday,Coxwell & Warden STN'S + Cragton and Pharmacy,General Delay,25,30,B/W,
10-Oct-18,85,7:00:00 AM,Wednesday,Rouge Hill GO Station,Mechanical,16,32,W/B,1565
10-Oct-18,118,7:00:00 AM,Wednesday,Route 118,General Delay,17,37,B/W,
10-Oct-18,34,7:00:00 AM,Wednesday,Eglinton Station to Kennedy Station,General Delay,25,30,B/W,
10-Oct-18,39,7:15:00 AM,Wednesday,FSTN,Utilized Off Route,10,20,E/B,1744
10-Oct-18,7,7:16:00 AM,Wednesday,wilson garage,Late Leaving Garage,11,22,S/B,9021
10-Oct-18,84,7:17:00 AM,Wednesday,Fenmar and Signet,Mechanical,15,30,N/B,3305
10-Oct-18,6,7:28:00 AM,Wednesday,DDUP,Late Leaving Garage,5,10,S/B,1416
10-Oct-18,63,7:30:00 AM,Wednesday,Liberty and Atlantic,Diversion,0,0,N/B,
10-Oct-18,32,7:30:00 AM,Wednesday,PINE,Mechanical,6,12,E/B,1268
10-Oct-18,704,7:40:00 AM,Wednesday,Wilson and Jethro,Investigation,1,1,E/B,1318
10-Oct-18,84,7:41:00 AM,Wednesday,Tuscan Gate,Mechanical,10,19,W/B,3124
10-Oct-18,34,7:43:00 AM,Wednesday,Eglinton & Dunfield,Investigation,4,8,E/B,8774
10-Oct-18,186,7:44:00 AM,Wednesday,Wilson stn lower,Mechanical,9,19,E/B,3204
10-Oct-18,32,7:46:00 AM,Wednesday,EWST,Mechanical,10,20,W/B,1555
10-Oct-18,110,8:00:00 AM,Wednesday,Queensway to Lakeshore,General Delay,15,25,S/B,8617
10-Oct-18,924,8:00:00 AM,Wednesday,victoria park express,General Delay,15,1,B/W,
10-Oct-18,35,8:00:00 AM,Wednesday,Jane,General Delay,5,35,BW,
10-Oct-18,24,8:00:00 AM,Wednesday,victoria park route,General Delay,15,1,B/W,
10-Oct-18,935,8:00:00 AM,Wednesday,Jane Street,General Delay,9,39,BW,
10-Oct-18,143,8:00:00 AM,Wednesday,Downtown Beach Express,General Delay,15,30,W/B,
10-Oct-18,73,8:00:00 AM,Wednesday,Albion Rd,General Delay,20,15,S/B,
10-Oct-18,52,8:20:00 AM,Wednesday,Lawrence station,Mechanical,8,15,W/B,8158
10-Oct-18,24,8:28:00 AM,Wednesday,victoria park station,Utilized Off Route,13,26,S/B,8100
10-Oct-18,17,8:30:00 AM,Wednesday,Birchmount Road / WAST,General Delay,7,14,B/W,
10-Oct-18,9,8:30:00 AM,Wednesday,Bellamy Road / WAST,General Delay,15,30,B/W,
10-Oct-18,165,8:35:00 AM,Wednesday,Wilson & Lady York,Investigation,5,11,E/B,8578
10-Oct-18,73,8:44:00 AM,Wednesday,Clairport cres,Mechanical,13,26,S/B,7939
10-Oct-18,26,8:48:00 AM,Wednesday,JSTN,Investigation,13,26,E/B,1272
10-Oct-18,75,8:50:00 AM,Wednesday,queen / maple,General Delay,6,10,B/W,
10-Oct-18,41,9:00:00 AM,Wednesday,Keele  / Eglinton,Mechanical,8,16,N/B,9136
10-Oct-18,79,9:02:00 AM,Wednesday,RUN STN,Utilized Off Route,9,18,E/B,1080
10-Oct-18,41,9:10:00 AM,Wednesday,Keele / Densley,Mechanical,8,16,N/B,9150
10-Oct-18,165,9:22:00 AM,Wednesday,Weston & Steeles,Investigation,7,14,N/B,8477
10-Oct-18,87,9:27:00 AM,Wednesday,Main Station,Utilized Off Route,5,10,W/B,9237
10-Oct-18,63,9:40:00 AM,Wednesday,College and Ossington,Diversion,226,231,B/W,
10-Oct-18,90,9:40:00 AM,Wednesday,st clair wstn,Mechanical,8,16,N/B,1369
10-Oct-18,609,9:50:00 AM,Wednesday,QNLA,Utilized Off Route,1,1,N/B,1090
10-Oct-18,701,9:52:00 AM,Wednesday,Wilson Station,Utilized Off Route,1,1,S/B,1667
10-Oct-18,601,9:52:00 AM,Wednesday,Lawrence West Station,Utilized Off Route,0,0,S/B,1386
10-Oct-18,925,9:55:00 AM,Wednesday,Don Mills & Duncan Mill,Utilized Off Route,7,17,S/B,8648
10-Oct-18,79,9:55:00 AM,Wednesday,STGE,Utilized Off Route,9,18,S/B,1080
10-Oct-18,100,10:00:00 AM,Wednesday,Broadview Station,Utilized Off Route,5,11,N/B,8640
10-Oct-18,25,10:00:00 AM,Wednesday,Pape Station,Utilized Off Route,9,18,N/B,8729
10-Oct-18,106,10:13:00 AM,Wednesday,Pioneer Village Station,Mechanical,22,44,S/B,1348
10-Oct-18,25,10:15:00 AM,Wednesday,Don Mills Station,Utilized Off Route,8,16,N/B,8754
10-Oct-18,36,10:21:00 AM,Wednesday,Humberwood loop,Mechanical,5,10,E/B,9130
10-Oct-18,116,10:23:00 AM,Wednesday,KENN STN,Mechanical,10,20,E/B,8882
10-Oct-18,53,10:25:00 AM,Wednesday,McCowan and Steeles,Mechanical,25,50,W/B,1771
10-Oct-18,39,10:36:00 AM,Wednesday,FSTN,Mechanical,12,18,E/B,1533
10-Oct-18,34,10:41:00 AM,Wednesday,Eglinton Station,Mechanical,8,15,E/B,8903
10-Oct-18,53,10:50:00 AM,Wednesday,FSTN,Mechanical,5,10,E/B,1719
10-Oct-18,84,11:03:00 AM,Wednesday,Weston,Mechanical,7,14,W/B,3121
10-Oct-18,84,11:03:00 AM,Wednesday,Weston,Mechanical,7,14,W/B,3121
10-Oct-18,135,11:08:00 AM,Wednesday,Gerrard Street / WAST / MSTN,Mechanical,0,0,W/B,7833
10-Oct-18,85,11:14:00 AM,Wednesday,Meadowvale Loop,Utilized Off Route,14,21,W/B,1798
10-Oct-18,29,11:23:00 AM,Wednesday,Dupont & Dufferin,Investigation,7,15,N/B,9043
10-Oct-18,96,11:41:00 AM,Wednesday,Humberline loop,Mechanical,10,20,W/B,3180
10-Oct-18,985,12:00:00 PM,Wednesday,DonMills Stn to STC,General Delay,15,25,B/W,
10-Oct-18,113,12:30:00 PM,Wednesday,kennedy station,Mechanical,23,46,S/B,7717
10-Oct-18,95,12:31:00 PM,Wednesday,Kingston Rd and Ellesmere,Mechanical,15,30,B/W,1803
10-Oct-18,110,12:46:00 PM,Wednesday,LONGBRANCH LOOP,Mechanical,18,36,N/B,8617
10-Oct-18,89,12:57:00 PM,Wednesday,Weston / Church,Investigation,10,20,S/B,1361
10-Oct-18,711,1:06:00 PM,Wednesday,Eglinton Station,Utilized Off Route,1,1,S/B,1397
10-Oct-18,609,1:20:00 PM,Wednesday,MDGA,Utilized Off Route,1,1,S/B,1066
10-Oct-18,54,1:21:00 PM,Wednesday,Midland on Lawrence,Emergency Services,12,24,W/B,8886
10-Oct-18,67,1:30:00 PM,Wednesday,Phramacy between Lawrence & Ellesmere,General Delay,15,23,BW,
10-Oct-18,719,1:40:00 PM,Wednesday,MDGA,Utilized Off Route,1,1,S/B,1087
10-Oct-18,94,1:40:00 PM,Wednesday,Castlefrank STN,Mechanical,13,26,W/B,1417
10-Oct-18,88,1:50:00 PM,Wednesday,st clair stn,Late Leaving Garage,12,24,E/B,8200
10-Oct-18,939,2:00:00 PM,Wednesday,939 Finch Express-All Branch,General Delay,10,19,B/W,1805
10-Oct-18,80,2:00:00 PM,Wednesday,Queensway,General Delay,20,40,B/W,8042
10-Oct-18,76,2:00:00 PM,Wednesday,Royal york,General Delay,20,30,B/W,8616
10-Oct-18,73,2:00:00 PM,Wednesday,Royal york,General Delay,20,30,B/W,7936
10-Oct-18,39,2:00:00 PM,Wednesday,39 Finch Route all Branch,General Delay,10,24,B/W,1774
10-Oct-18,25,2:00:00 PM,Wednesday,Pape Station,Utilized Off Route,9,18,N/B,8685
10-Oct-18,29,2:10:00 PM,Wednesday,Duferin & Bloor,Mechanical,7,15,S/B,9047
10-Oct-18,41,2:13:00 PM,Wednesday,Finch West stn,Investigation,9,18,S/B,1269
10-Oct-18,41,2:13:00 PM,Wednesday,Toro and Keele,Investigation,9,18,N/B,1269
10-Oct-18,79,2:14:00 PM,Wednesday,Scarlett & St Clair,Mechanical,14,28,N/B,1143
10-Oct-18,929,2:17:00 PM,Wednesday,Dufferin & Bloor,Investigation,10,20,N/B,9142
10-Oct-18,29,2:22:00 PM,Wednesday,Dufferin & Lawrence,Mechanical,7,15,N/B,9140
10-Oct-18,913,2:30:00 PM,Wednesday,EXPRESS ROUTE STC TO CECO ON PROGRESS,General Delay,6,13,W/B,
10-Oct-18,52,2:35:00 PM,Wednesday,Lawrence Station,Mechanical,14,28,W/B,1209
10-Oct-18,6,2:43:00 PM,Wednesday,Dockside dr,Mechanical,8,16,N/B,1502
10-Oct-18,129,2:47:00 PM,Wednesday,MCSH,Mechanical,7,14,N/B,1808
10-Oct-18,39,2:48:00 PM,Wednesday,Sewells and Littles Rd,Mechanical,14,24,W/B,1292
10-Oct-18,902,2:49:00 PM,Wednesday,Eglinton/ Markham,Investigation,15,30,N/B,8422
10-Oct-18,39,2:58:00 PM,Wednesday,McNichol and Victoria Pk,Late Leaving Garage,14,28,N/B,1725
10-Oct-18,925,2:59:00 PM,Wednesday,Pape Station,Mechanical,8,16,N/B,8820
10-Oct-18,48,3:00:00 PM,Wednesday,Rathburn,General Delay,20,30,B/W,7919
10-Oct-18,15,3:00:00 PM,Wednesday,Evans route,General Delay,20,40,B/W,7915
10-Oct-18,32,3:00:00 PM,Wednesday,Marshal Mcluhjan school,Investigation,8,20,W/B,1046
10-Oct-18,123,3:00:00 PM,Wednesday,123 Shorncliffe,General Delay,20,30,B/W,8023
10-Oct-18,110,3:00:00 PM,Wednesday,Islington south,General Delay,20,35,B/W,7916
10-Oct-18,29,3:00:00 PM,Wednesday,Dundas and Bloor.,General Delay,20,26,N/B,
10-Oct-18,37,3:00:00 PM,Wednesday,Islington stn,General Delay,20,30,B/W,7967
10-Oct-18,929,3:00:00 PM,Wednesday,Dundas and Dufferin,General Delay,20,29,N/B,
10-Oct-18,952,3:00:00 PM,Wednesday,Lawrence Station to Terminal 3,General Delay,-54,66,B/W,
10-Oct-18,52,3:00:00 PM,Wednesday,Lawrence Station to Westwood Mall,General Delay,62,73,B/W,
10-Oct-18,134,3:00:00 PM,Wednesday,PROGRESS ROUTE,General Delay,15,30,B/W,
10-Oct-18,106,3:00:00 PM,Wednesday,Sheppard West Station,Mechanical,10,20,N/B,1275
10-Oct-18,53,3:00:00 PM,Wednesday,FSTN -MOFI to PAMK Steeles route,General Delay,15,30,B/W,
10-Oct-18,924,3:01:00 PM,Wednesday,Victoria Park Station,Late Leaving Garage,9,9,N/B,8460
10-Oct-18,38,3:04:00 PM,Wednesday,RHGO,Mechanical,12,22,W/B,1544
10-Oct-18,53,3:13:00 PM,Wednesday,PAMK,Late Leaving Garage,15,30,W/B,9097
10-Oct-18,165,3:15:00 PM,Wednesday,Finch and Weston,Late Leaving Garage,8,16,N/B,8549
10-Oct-18,89,3:20:00 PM,Wednesday,Weston / Oak,Investigation,10,20,S/B,1562
10-Oct-18,102,3:23:00 PM,Wednesday,"Kingston, St.Clair, Markham & 401",General Delay,12,12,S/B,
10-Oct-18,72,3:23:00 PM,Wednesday,Pape stn,Late Leaving Garage,22,36,S/B,7719
10-Oct-18,124,3:24:00 PM,Wednesday,yonge and lawrence,Investigation,8,16,N/B,8219
10-Oct-18,53,3:25:00 PM,Wednesday,MOFI,Late Leaving Garage,15,30,W/B,
10-Oct-18,90,3:26:00 PM,Wednesday,St.Clair west station,Mechanical,5,10,N/B,1376
10-Oct-18,36,3:26:00 PM,Wednesday,FWSN,Late Leaving Garage,13,1,W/B,8471
10-Oct-18,924,3:27:00 PM,Wednesday,Victoria Park Station,Mechanical,9,18,N/B,7727
10-Oct-18,70,3:30:00 PM,Wednesday,Woodbine Ave to St.Cliar,General Delay,25,30,B/W,
10-Oct-18,144,3:30:00 PM,Wednesday,Along Richmond & Adelaide,General Delay,15,23,E/B,
10-Oct-18,6,3:30:00 PM,Wednesday,Queen / Front and Queens quay,General Delay,270,275,B/W,
10-Oct-18,9,3:30:00 PM,Wednesday,Bellamy Road / WAST,General Delay,16,32,B/W,
10-Oct-18,16,3:30:00 PM,Wednesday,McCowan Road / WAST,General Delay,12,24,B/W,
10-Oct-18,47,3:30:00 PM,Wednesday,Entire route,General Delay,40,40,B/W,
10-Oct-18,122,3:30:00 PM,Wednesday,York Mills Station to Roywood Dr,General Delay,12,23,B/W,
10-Oct-18,165,3:31:00 PM,Wednesday,Finchand Weston,Late Leaving Garage,2,10,N/B,8493
10-Oct-18,11,3:32:00 PM,Wednesday,Sunnybrook hospital,Mechanical,7,14,N/B,8190
10-Oct-18,56,3:32:00 PM,Wednesday,Donland Station,Mechanical,18,35,N/B,1398
10-Oct-18,168,3:35:00 PM,Wednesday,Dundas West Station,Mechanical,8,16,N/B,1039
10-Oct-18,25,3:35:00 PM,Wednesday,Don Mills Station,Mechanical,9,16,S/B,8888
10-Oct-18,17,3:38:00 PM,Wednesday,Birchmount Road / WAST,Late Leaving Garage,0,0,B/W,
10-Oct-18,63,3:38:00 PM,Wednesday,Eglinton West Station,Mechanical,8,16,SB,1369
10-Oct-18,23,3:40:00 PM,Wednesday,Danforth ave - Dawes to Main St Station,General Delay,7,14,B/W,8464
10-Oct-18,96,3:43:00 PM,Wednesday,York Mills Station to all branches,General Delay,38,58,B/W,
10-Oct-18,186,3:43:00 PM,Wednesday,York Mills Station to Humber College,General Delay,29,40,B/W,
10-Oct-18,110,3:45:00 PM,Wednesday,Horner at Tuppin,Emergency Services,120,10,N/B,7914
10-Oct-18,925,3:57:00 PM,Wednesday,Don Mills & Cliffewood,Investigation,8,16,N/B,8630
10-Oct-18,49,4:00:00 PM,Wednesday,Kipling Station to Markland,General Delay,15,25,B/W,
10-Oct-18,85,4:00:00 PM,Wednesday,SONS to SHEP,General Delay,15,30,B/W,
10-Oct-18,24,4:00:00 PM,Wednesday,Victora Park Station,General Delay,18,1,B/W,
10-Oct-18,89,4:00:00 PM,Wednesday,entire route,General Delay,30,38,B/W,
10-Oct-18,9,4:00:00 PM,Wednesday,WAST to STC,General Delay,32,48,B/W,
10-Oct-18,63,4:00:00 PM,Wednesday,Entirety of Ossington Route,General Delay,40,56,BW,
10-Oct-18,30,4:00:00 PM,Wednesday,High Park Station to Kipling Station,General Delay,15,37,B/W,
10-Oct-18,72,4:00:00 PM,Wednesday,"Queensquay, Front and Bay",General Delay,11,11,S/B,
10-Oct-18,924,4:00:00 PM,Wednesday,Victoria Park Station,General Delay,15,1,,
10-Oct-18,17,4:00:00 PM,Wednesday,WAST to SMCG,General Delay,24,32,B/W,
10-Oct-18,81,4:00:00 PM,Wednesday,"Thorncliffe Park, Pape ve.",General Delay,10,10,S/B,
10-Oct-18,12,4:00:00 PM,Wednesday,Victoria Park Station,General Delay,10,1,N/B,
10-Oct-18,65,4:00:00 PM,Wednesday,CAST to BKFR,General Delay,27,36,B/W,
10-Oct-18,41,4:00:00 PM,Wednesday,"Rogers to Eglinton on Keele, KSTN to Dundas",General Delay,30,40,N/B,
10-Oct-18,32,4:00:00 PM,Wednesday,Entire Route,General Delay,25,30,B/W,
10-Oct-18,165,4:00:00 PM,Wednesday,York Mills Station to Barmac and Steeles,General Delay,26,34,B/W,
10-Oct-18,61,4:00:00 PM,Wednesday,Avenue Rd and Wilson,General Delay,30,42,B/W,
10-Oct-18,11,4:00:00 PM,Wednesday,Bayview and Eglinton,General Delay,30,40,B/W,
10-Oct-18,109,4:00:00 PM,Wednesday,Rainee route,General Delay,20,20,B/W,
10-Oct-18,56,4:00:00 PM,Wednesday,Eglinton and Laird,General Delay,30,40,B/W,
10-Oct-18,985,4:00:00 PM,Wednesday,STC - DONS- SLP,General Delay,20,29,B/W,
10-Oct-18,45,4:00:00 PM,Wednesday,Kipling Station to Steeles and Disco and Attwell,General Delay,15,21,B/W,
10-Oct-18,165,4:04:00 PM,Wednesday,York Mills Station,Late Leaving Garage,8,16,W/B,1318
10-Oct-18,54,4:06:00 PM,Wednesday,Lawrence Ave East,General Delay,33,43,B/W,
10-Oct-18,102,4:10:00 PM,Wednesday,Warden stn,Utilized Off Route,20,41,N/B,8948
10-Oct-18,29,4:24:00 PM,Wednesday,Dufferin and Hope St,Mechanical,9,18,S/B,9151
10-Oct-18,9,4:44:00 PM,Wednesday,STC,Mechanical,16,32,S/B,8427
10-Oct-18,91,4:48:00 PM,Wednesday,O'Connor bridge,General Delay,14,28,S/B,9231
10-Oct-18,117,4:55:00 PM,Wednesday,Chesswood and Champagne drive,Diversion,132,144,BW,1286
10-Oct-18,937,5:00:00 PM,Wednesday,Islinton route,General Delay,20,30,B/W,8094
10-Oct-18,142,5:00:00 PM,Wednesday,University and College,General Delay,30,60,B/W,
10-Oct-18,7,5:00:00 PM,Wednesday,Bathurst route,General Delay,30,25,B/W,
10-Oct-18,123,5:00:00 PM,Wednesday,Kipling stn,Mechanical,15,30,N/B,8087
10-Oct-18,9,5:05:00 PM,Wednesday,Lawerence and Bellamy,Diversion,16,32,N/B,8942
10-Oct-18,37,5:05:00 PM,Wednesday,Islington stn,Utilized Off Route,10,20,N/B,7973
10-Oct-18,75,5:06:00 PM,Wednesday,Queens Quay and Lower Jarvis,Utilized Off Route,6,12,NB,8386
10-Oct-18,39,5:07:00 PM,Wednesday,Old Finch and Morningview Trail,Late Leaving Garage,14,28,W/B,1786
10-Oct-18,75,5:07:00 PM,Wednesday,Queens Quay,Utilized Off Route,7,14,N/B,8386
10-Oct-18,954,5:09:00 PM,Wednesday,Lawrence East station (RT),Investigation,11,22,E/B,8792
10-Oct-18,609,5:10:00 PM,Wednesday,Weston and Eglinton,Utilized Off Route,1,1,E/B,1077
10-Oct-18,711,5:11:00 PM,Wednesday,Wilson Station,Utilized Off Route,1,1,SB,1397
10-Oct-18,719,5:15:00 PM,Wednesday,Oakwood and Vaughan,Utilized Off Route,1,1,N/B,1087
10-Oct-18,34,5:15:00 PM,Wednesday,Don Mills & Wynford,Mechanical,4,9,E/B,8702
10-Oct-18,121,5:40:00 PM,Wednesday,PRGT,Utilized Off Route,15,30,E/B,8931
10-Oct-18,17,5:55:00 PM,Wednesday,WAST,Utilized Off Route,8,16,N/B,8417
10-Oct-18,927,6:02:00 PM,Wednesday,Humber College Blvd and Hwy 27,Investigation,6,12,N/B,6838
10-Oct-18,66,6:04:00 PM,Wednesday,OLDM,Mechanical,10,20,S/B,8074
10-Oct-18,24,6:10:00 PM,Wednesday,Yorklands Blvd. and Yorklands Rd.,Diversion,110,142,B/W,
10-Oct-18,36,6:12:00 PM,Wednesday,Humberwood Loop,Emergency Services,5,10,E/B,9110
10-Oct-18,939,6:15:00 PM,Wednesday,Birchmount and Finch,Mechanical,12,24,E/B,1232
10-Oct-18,102,6:18:00 PM,Wednesday,Mingay and Hammersly,Diversion,16,36,N/B,
10-Oct-18,68,6:19:00 PM,Wednesday,Warden and Steeles,Investigation,7,14,S/B,8838
10-Oct-18,5,6:20:00 PM,Wednesday,Avenue rd and Heath st.,Mechanical,20,40,N/B,8309
10-Oct-18,927,6:29:00 PM,Wednesday,Kipling Station,Late Leaving Garage,6,12,N/B,8570
10-Oct-18,79,6:34:00 PM,Wednesday,Scarlett and East Dr,Mechanical,15,30,NB,1142
10-Oct-18,117,6:44:00 PM,Wednesday,Chesswood and Finch,Mechanical,12,24,SB,1395
10-Oct-18,39,6:59:00 PM,Wednesday,Finch and Birchmount,Mechanical,14,28,E/B,1676
10-Oct-18,12,7:09:00 PM,Wednesday,St. Claire on Brimley,Mechanical,18,36,N/B,8953
10-Oct-18,985,7:18:00 PM,Wednesday,DONs,Mechanical,12,24,W/B,1615
10-Oct-18,36,7:20:00 PM,Wednesday,Arrow/Finch,Mechanical,6,12,E/B,9109
10-Oct-18,129,7:47:00 PM,Wednesday,Mccowan/Sandhurst Cir,Diversion,,24,S/B,1754
10-Oct-18,985,9:00:00 PM,Wednesday,Express route on 985 STC to Don Mills Stn,General Delay,12,24,B/W,
10-Oct-18,52,9:15:00 PM,Wednesday,Weswood Mall,Mechanical,12,23,E/B,8150
10-Oct-18,46,9:21:00 PM,Wednesday,Martingrove/Steeles,Mechanical,17,34,S/B,1330
10-Oct-18,63,9:33:00 PM,Wednesday,Atlantic and King,Mechanical,10,20,NB,1293
10-Oct-18,51,9:40:00 PM,Wednesday,Eglinton Station,Mechanical,24,48,N/B,8169
10-Oct-18,36,9:51:00 PM,Wednesday,FWSN,Late Leaving Garage,12,24,W/B,8596
10-Oct-18,80,9:59:00 PM,Wednesday,Lakeshore at Parkside,Diversion,90,120,S/B,8025
10-Oct-18,52,10:16:00 PM,Wednesday,Lawrence and Marianfeld Av,Investigation,12,23,E/B,1297
10-Oct-18,71,10:45:00 PM,Wednesday,Rockcliffe and Woolner,Mechanical,20,40,S/B,1633
10-Oct-18,69,11:27:00 PM,Wednesday,Burn hill,Investigation,10,20,S/B,8413
10-Oct-18,102,11:35:00 PM,Wednesday,Warden stn,Mechanical,30,60,S/B,7859
11-Oct-18,95,12:00:00 AM,Thursday,Don Mills and York Mills,Investigation,10,20,W/B,1746
11-Oct-18,22,1:08:00 AM,Thursday,Kingston and Baily,Diversion,10,30,B/W,7709
11-Oct-18,34,1:28:00 AM,Thursday,Bathurst station,Utilized Off Route,10,20,W/B,8904
11-Oct-18,108,1:37:00 AM,Thursday,Sheppard West Station,Utilized Off Route,1,1,EB,8539
11-Oct-18,63,1:42:00 AM,Thursday,ST CLAIR AND OAKWOOD,Utilized Off Route,10,20,S/B,1319
11-Oct-18,39,2:01:00 AM,Thursday,Finch Station,Mechanical,9,18,E/B,1745
11-Oct-18,300,2:04:00 AM,Thursday,Bathurst Station,Utilized Off Route,10,20,E/B,8904
11-Oct-18,320,2:40:00 AM,Thursday,Yonge and Orchardview,Mechanical,3,7,NB,8683
11-Oct-18,45,4:45:00 AM,Thursday,HWY 27 AND BELFIELD,Investigation,11,22,N/B,7910
11-Oct-18,87,5:08:00 AM,Thursday,broadview station,Late Leaving Garage,5,10,S/B,9233
11-Oct-18,73,5:08:00 AM,Thursday,HMLP,Late Leaving Garage,1,1,N/B,8613
11-Oct-18,46,5:15:00 AM,Thursday,Kipling Station,Late Leaving Garage,25,49,N/B,8552
11-Oct-18,160,5:43:00 AM,Thursday,Wilson Stn,Late Leaving Garage,20,40,N/B,1221
11-Oct-18,52,5:46:00 AM,Thursday,Beacrest/West Way,Late Leaving Garage,8,16,E/B,8122
11-Oct-18,35,5:53:00 AM,Thursday,PVST,Late Leaving Garage,9,1,S/B,3166
11-Oct-18,29,5:59:00 AM,Thursday,Dufferin & Lawrence,Mechanical,8,16,N/B,9052
11-Oct-18,7,6:01:00 AM,Thursday,Greenwin Village and Bathurst,Late Leaving Garage,9,33,S/B,9019
11-Oct-18,69,6:03:00 AM,Thursday,Birchmount and Danforth,Late Leaving Garage,1,1,S/B,8483
11-Oct-18,952,6:03:00 AM,Thursday,Lawrence Station,Late Leaving Garage,11,22,W/B,1278
11-Oct-18,100,6:10:00 AM,Thursday,Don Mills & Wynford Drive,Mechanical,6,15,S/B,8882
11-Oct-18,109,6:15:00 AM,Thursday,Lawrence West Stn,Late Leaving Garage,6,20,N/B,1344
11-Oct-18,927,6:15:00 AM,Thursday,Royalcrest and Martin Grove,Late Leaving Garage,7,15,N/B,8533
11-Oct-18,161,6:15:00 AM,Thursday,Jane / Alliance,Late Leaving Garage,12,23,E/B,1117
11-Oct-18,115,6:20:00 AM,Thursday,York Mills Station,Late Leaving Garage,20,40,E/B,1231
11-Oct-18,51,6:22:00 AM,Thursday,Eglinton stn,Mechanical,17,34,N/B,8382
11-Oct-18,32,6:24:00 AM,Thursday,REGW,Late Leaving Garage,6,12,E/B,1000
11-Oct-18,98,6:28:00 AM,Thursday,Sheppard Yonge Station,Late Leaving Garage,15,30,W/B,8312
11-Oct-18,48,6:30:00 AM,Thursday,MLLP,Late Leaving Garage,12,24,W/B,7906
11-Oct-18,162,6:30:00 AM,Thursday,Lawrence and The Donway,Late Leaving Garage,30,60,W/B,8345
11-Oct-18,32,6:31:00 AM,Thursday,EVER,Late Leaving Garage,10,20,E/B,1281
11-Oct-18,937,6:35:00 AM,Thursday,On Islington at Prince George,Investigation,11,22,N/B,8041
11-Oct-18,927,6:35:00 AM,Thursday,Kipling Station,Late Leaving Garage,3,13,N/B,8586
11-Oct-18,952,6:36:00 AM,Thursday,Lawrence Station,Late Leaving Garage,11,22,W/B,8154
11-Oct-18,106,6:38:00 AM,Thursday,Sheppard West Stn,Late Leaving Garage,8,15,,1221
11-Oct-18,116,6:39:00 AM,Thursday,Kennedy STN,Utilized Off Route,12,24,E/B,8780
11-Oct-18,32,6:40:00 AM,Thursday,Montcalm/Eglinton,Mechanical,5,11,E/B,1054
11-Oct-18,905,6:40:00 AM,Thursday,Kennedy STN,Late Leaving Garage,1,1,E/B,8852
11-Oct-18,122,6:42:00 AM,Thursday,York Mills Station,Late Leaving Garage,9,18,E/B,8192
11-Oct-18,41,6:44:00 AM,Thursday,Keele stn,Late Leaving Garage,12,24,N/B,9148
11-Oct-18,52,6:45:00 AM,Thursday,Lawrence Station,Late Leaving Garage,8,23,W/B,8180
11-Oct-18,952,6:47:00 AM,Thursday,Lawrence Station,Late Leaving Garage,10,22,W/B,8338
11-Oct-18,54,6:47:00 AM,Thursday,ESTN,Late Leaving Garage,9,18,E/B,8798
11-Oct-18,75,6:48:00 AM,Thursday,Bloor and Sherbourne,Mechanical,4,9,N/B,1382
11-Oct-18,124,6:52:00 AM,Thursday,Lawrence Station,Late Leaving Garage,6,12,E/B,8211
11-Oct-18,144,6:55:00 AM,Thursday,Valleywoods and York Mills,Investigation,1,20,W/B,8716
11-Oct-18,952,6:58:00 AM,Thursday,Lawrence Station,Late Leaving Garage,11,22,W/B,8384
11-Oct-18,63,6:59:00 AM,Thursday,Eglinton W Stn,Late Leaving Garage,4,7,,8181
11-Oct-18,89,7:00:00 AM,Thursday,Keele stn,Mechanical,6,12,N/B,1422
11-Oct-18,25,7:05:00 AM,Thursday,DSTN,Mechanical,6,12,S/B,8653
11-Oct-18,116,7:08:00 AM,Thursday,Kennedy STN,Emergency Services,6,13,E/B,8710
11-Oct-18,75,7:13:00 AM,Thursday,Bloor and Sherbourne,Late Leaving Garage,2,10,S/B,1211
11-Oct-18,7,7:18:00 AM,Thursday,Bathurst and Ranee,Diversion,34,44,S/B,
11-Oct-18,7,7:18:00 AM,Thursday,Greenwin Village/Bathurst to Bathurst Stn,General Delay,102,112,B/W,
11-Oct-18,21,7:19:00 AM,Thursday,Brimley - Steeles,Emergency Services,8,16,S/B,1780
11-Oct-18,107,7:25:00 AM,Thursday,Keele and Canartic,Diversion,70,93,BW,8478
11-Oct-18,95,7:28:00 AM,Thursday,York Mills and Fenside,Investigation,7,14,E/B,1766
11-Oct-18,43,7:30:00 AM,Thursday,Kennedy STN + Midland and Steeles,General Delay,20,25,B/W,
11-Oct-18,57,7:30:00 AM,Thursday,Kennedy STN + Midland and Steeles,General Delay,20,25,B/W,
11-Oct-18,34,7:30:00 AM,Thursday,Eglinton Station to Kennedy Station,General Delay,30,35,B/W,
11-Oct-18,70,7:30:00 AM,Thursday,Coxwell & Warden STN + Craigton and Pharmacy,General Delay,25,30,B/W,
11-Oct-18,53,7:30:00 AM,Thursday,FSTN to MOFI,General Delay,5,15,B/W,
11-Oct-18,61,7:32:00 AM,Thursday,Eglinton stn,Utilized Off Route,10,20,S/B,8324
11-Oct-18,36,7:44:00 AM,Thursday,Finch and Senlac,Mechanical,4,9,W/B,8501
11-Oct-18,985,7:45:00 AM,Thursday,Sheppard & Allanford,Mechanical,9,18,E/B,9058
11-Oct-18,710,7:50:00 AM,Thursday,Don Mills and gateway,Investigation,1,1,N/B,8862
11-Oct-18,129,7:55:00 AM,Thursday,Scar Town Centre Station,Mechanical,5,15,N/B,1635
11-Oct-18,161,8:00:00 AM,Thursday,Ossington stn,Late Leaving Garage,12,24,N/B,1044
11-Oct-18,113,8:00:00 AM,Thursday,Daws /Main  and the danforth,General Delay,18,36,B/W,
11-Oct-18,89,8:00:00 AM,Thursday,Keele / Annette,Mechanical,6,12,S/B,1359
11-Oct-18,939,8:00:00 AM,Thursday,939 Finch Express -All Branches,General Delay,10,18,B/W,
11-Oct-18,35,8:00:00 AM,Thursday,Jane Street,General Delay,5,35,S/B,
11-Oct-18,935,8:00:00 AM,Thursday,Jane,General Delay,9,39,S/B,
11-Oct-18,24,8:00:00 AM,Thursday,Eglintion / Ellemere,General Delay,7,14,B/W,
11-Oct-18,39,8:00:00 AM,Thursday,39 Route- All Branches,General Delay,10,25,B/W,1664
11-Oct-18,95,8:04:00 AM,Thursday,Fenside and York Mills,General Delay,1,1,B/W,1567
11-Oct-18,985,8:15:00 AM,Thursday,Don Mills Stn to STC Don Mills STn to SLP,General Delay,9,15,B/W,
11-Oct-18,939,8:15:00 AM,Thursday,Finch,Utilized Off Route,5,5,E/B,1643
11-Oct-18,939,8:15:00 AM,Thursday,Finch/Brimley,Mechanical,8,15,E/B,1773
11-Oct-18,85,8:15:00 AM,Thursday,Don Mills Stn to RHGO,General Delay,15,30,B/W,
11-Oct-18,100,8:28:00 AM,Thursday,Concorde Place,Utilized Off Route,3,6,S/B,8637
11-Oct-18,47,8:30:00 AM,Thursday,Dundas/ College/ Dufferin / Queen,General Delay,480,489,S/B,
11-Oct-18,17,8:30:00 AM,Thursday,Birchmount Road / WAST,General Delay,8,16,B/W,
11-Oct-18,143,8:30:00 AM,Thursday,Downtown Beach Express,General Delay,10,20,W/B,
11-Oct-18,90,8:30:00 AM,Thursday,Oakwood/Vaughan to St.Clair West,General Delay,120,124,B/W,
11-Oct-18,95,8:31:00 AM,Thursday,Gailong Dr and Parkwoods Village,Investigation,7,14,B/W,1244
11-Oct-18,45,8:40:00 AM,Thursday,Eglinton and Kipling,Mechanical,5,10,N/B,7961
11-Oct-18,95,8:55:00 AM,Thursday,Old York Mills Rd and York Mills Rd,Mechanical,16,32,B/W,1630
11-Oct-18,45,9:00:00 AM,Thursday,Entire Route,General Delay,20,25,B/W,
11-Oct-18,75,9:00:00 AM,Thursday,South Drive and Glen to Jarvis and Queens Quay,General Delay,1,1,B/W,
11-Oct-18,54,9:21:00 AM,Thursday,Rouge Hill Go,Mechanical,9,18,E/B,8660
11-Oct-18,94,9:53:00 AM,Thursday,CastleFrank Stn,Mechanical,6,13,W/B,1032
11-Oct-18,134,10:16:00 AM,Thursday,STC,Mechanical,17,34,E/B,9065
11-Oct-18,52,10:46:00 AM,Thursday,West Wood Mall,Mechanical,14,28,E/B,8139
11-Oct-18,32,10:53:00 AM,Thursday,Northcliffe/Eglinton,Investigation,1,1,E/B,1038
11-Oct-18,85,11:35:00 AM,Thursday,Don Mills Stn,Mechanical,22,44,W/B,1721
11-Oct-18,606,11:40:00 AM,Thursday,main station,Utilized Off Route,1,1,S/B,8458
11-Oct-18,606,11:40:00 AM,Thursday,Warden station,Utilized Off Route,1,1,S/B,9212
11-Oct-18,610,11:45:00 AM,Thursday,Kennedy STN,Utilized Off Route,1,1,,8628
11-Oct-18,68,11:48:00 AM,Thursday,WAST,Utilized Off Route,10,20,N/B,8874
11-Oct-18,21,11:53:00 AM,Thursday,Scar Town Centre Station,Mechanical,14,28,N/B,1723
11-Oct-18,64,12:19:00 PM,Thursday,Benlamond and Main,Mechanical,0,0,S/B,8488
11-Oct-18,12,12:31:00 PM,Thursday,Birchmount and kingstion,Mechanical,11,22,B/W,8408
11-Oct-18,34,12:35:00 PM,Thursday,Wynford & Gervais,Mechanical,11,22,W/B,8901
11-Oct-18,39,12:52:00 PM,Thursday,SELI,Investigation,18,36,E/B,1788
11-Oct-18,985,1:00:00 PM,Thursday,985- Sheppard East,General Delay,15,27,B/W,
11-Oct-18,105,1:20:00 PM,Thursday,Sheppard W Stn,Mechanical,17,34,N/B,1213
11-Oct-18,21,1:40:00 PM,Thursday,Scar Town Centre Station,Mechanical,25,50,S/B,1731
11-Oct-18,36,1:51:00 PM,Thursday,Finch West station,Mechanical,6,12,W/B,9116
11-Oct-18,39,2:00:00 PM,Thursday,39 Finch Route-All Brach,General Delay,10,24,E/B,1597
11-Oct-18,939,2:00:00 PM,Thursday,939 Finch Express Route-All branch,General Delay,10,19,B/W,1737
11-Oct-18,167,2:00:00 PM,Thursday,167 Pharmacy North,General Delay,14,1,B/W,
11-Oct-18,32,2:10:00 PM,Thursday,Royal York and Eglinton,Mechanical,10,20,W/B,1019
11-Oct-18,26,2:12:00 PM,Thursday,Dufferin and Dupont,Mechanical,14,34,E/B,1423
11-Oct-18,24,2:24:00 PM,Thursday,Yorkland Blvd and Yorkland Road,Diversion,297,312,B/W,7767
11-Oct-18,939,2:30:00 PM,Thursday,Senlac and Finch,Investigation,9,18,W/B,1737
11-Oct-18,88,2:38:00 PM,Thursday,St Clair stn,Mechanical,22,44,E/B,1414
11-Oct-18,144,2:46:00 PM,Thursday,Comstock and Warden,Investigation,20,40,N/B,8632
11-Oct-18,985,2:50:00 PM,Thursday,Sheppard Loop,Late Leaving Garage,1,8,W/B,9079
11-Oct-18,77,2:55:00 PM,Thursday,Windermere and The Queensway,Mechanical,10,20,N/B,1030
11-Oct-18,925,2:59:00 PM,Thursday,Pape station,Late Leaving Garage,8,16,N/B,8772
11-Oct-18,36,2:59:00 PM,Thursday,Finch West Station,Late Leaving Garage,27,1,W/B,1385
11-Oct-18,29,3:00:00 PM,Thursday,entire route,General Delay,50,59,B/W,
11-Oct-18,60,3:00:00 PM,Thursday,FSTN,Mechanical,8,16,W/B,3112
11-Oct-18,929,3:00:00 PM,Thursday,entire route,General Delay,50,60,B/W,
11-Oct-18,11,3:09:00 PM,Thursday,Steeles,Mechanical,10,22,S/B,8367
11-Oct-18,711,3:09:00 PM,Thursday,Wilson Station,Utilized Off Route,1,1,SB,8204
11-Oct-18,711,3:09:00 PM,Thursday,Wilson Station,Utilized Off Route,1,1,SB,8204
11-Oct-18,601,3:10:00 PM,Thursday,Bathurst station,Utilized Off Route,1,1,N/B,8330
11-Oct-18,89,3:10:00 PM,Thursday,Keele stn,Utilized Off Route,6,12,N/B,1113
11-Oct-18,36,3:13:00 PM,Thursday,Finch West Station,Late Leaving Garage,26,1,W/B,
11-Oct-18,23,3:16:00 PM,Thursday,St Clair,General Delay,7,14,,8405
11-Oct-18,24,3:26:00 PM,Thursday,Sheppard Ave,Mechanical,9,18,N/B,8455
11-Oct-18,32,3:27:00 PM,Thursday,Eglinton West Station,Mechanical,9,18,E/B,1415
11-Oct-18,168,3:28:00 PM,Thursday,AVLP,Late Leaving Garage,7,14,S/B,1022
11-Oct-18,72,3:30:00 PM,Thursday,"Pape/Danforth. Front/Bay, Bay/Wellington",General Delay,15,15,B/W,
11-Oct-18,95,3:35:00 PM,Thursday,Birchmount and Ellesmere,Mechanical,10,20,B/W,1773
11-Oct-18,989,3:40:00 PM,Thursday,Weston and Black Creek,Mechanical,10,20,S/B,1096
11-Oct-18,53,3:43:00 PM,Thursday,FSTN,Late Leaving Garage,17,32,E/B,9073
11-Oct-18,52,3:44:00 PM,Thursday,Tollingon nd Martin Grove,Mechanical,13,26,WB,1219
11-Oct-18,43,3:45:00 PM,Thursday,Kennedy Rd and McNicolle Ave,Investigation,8,16,S/B,8757
11-Oct-18,60,3:47:00 PM,Thursday,FSTN,Mechanical,8,16,N/B,8601
11-Oct-18,32,3:50:00 PM,Thursday,Keele and Eglinton,Diversion,25,35,E/B,
11-Oct-18,939,3:51:00 PM,Thursday,Finch Station,Late Leaving Garage,12,24,E/B,1509
11-Oct-18,65,4:00:00 PM,Thursday,Castle Frank Station,General Delay,10,1,B/W,
11-Oct-18,143,4:00:00 PM,Thursday,Adelaid and Simcoe,General Delay,10,1,N/B,
11-Oct-18,32,4:00:00 PM,Thursday,Eglinton West route,General Delay,1,1,B/W,
11-Oct-18,30,4:00:00 PM,Thursday,High Park Station to Kipling Station,General Delay,15,37,B/W,
11-Oct-18,68,4:00:00 PM,Thursday,Warden route,General Delay,12,22,B/W,
11-Oct-18,83,4:00:00 PM,Thursday,Donlands Station,General Delay,10,1,B/W,
11-Oct-18,47,4:00:00 PM,Thursday,Entire Route,General Delay,15,30,B/W,
11-Oct-18,49,4:00:00 PM,Thursday,Kipling Station to Markland,General Delay,15,25,B/W,
11-Oct-18,102,4:00:00 PM,Thursday,"Kingston, St.Clair, 401",General Delay,12,12,B/W,
11-Oct-18,56,4:00:00 PM,Thursday,Eglinton and Laird,General Delay,25,35,B/W,
11-Oct-18,52,4:00:00 PM,Thursday,Lawrence avenue,General Delay,103,116,BW,1248
11-Oct-18,109,4:00:00 PM,Thursday,Rainee route,General Delay,25,30,B/W,
11-Oct-18,95,4:04:00 PM,Thursday,Gisburn Rd and Parkwoods Village,Investigation,10,20,B/W,1782
11-Oct-18,95,4:12:00 PM,Thursday,VP and Parkwoods Village,Investigation,9,18,B/W,1683
11-Oct-18,9,4:30:00 PM,Thursday,Warden Station,General Delay,10,1,B/W,
11-Oct-18,16,4:30:00 PM,Thursday,Warden Station,General Delay,10,1,B/W,
11-Oct-18,17,4:30:00 PM,Thursday,Warden Station,General Delay,15,1,B/W,
11-Oct-18,87,4:36:00 PM,Thursday,Broadview Ave,General Delay,5,10,bw,9214
11-Oct-18,32,4:41:00 PM,Thursday,Hilltop and Eglinton,Mechanical,9,18,W/B,1360
11-Oct-18,36,4:44:00 PM,Thursday,Humberwood loop,Mechanical,6,12,E/B,9112
11-Oct-18,924,4:50:00 PM,Thursday,Gordon Baker,Mechanical,9,18,S/B,7860
11-Oct-18,24,4:57:00 PM,Thursday,Gordon Baker,Utilized Off Route,9,18,S/B,8931
11-Oct-18,53,4:58:00 PM,Thursday,PAMK,Mechanical,5,10,W/B,1619
11-Oct-18,22,5:00:00 PM,Thursday,Cowell,General Delay,10,10,B/W,
11-Oct-18,22,5:00:00 PM,Thursday,Kingston and queen,Diversion,999,999,S/B,
11-Oct-18,65,5:06:00 PM,Thursday,berkley and front,Utilized Off Route,10,19,N/B,7792
11-Oct-18,702,5:10:00 PM,Thursday,Kipling Station,Utilized Off Route,1,2,N/B,7944
11-Oct-18,29,5:10:00 PM,Thursday,Ascot and Dufferin,Investigation,8,15,N/B,9033
11-Oct-18,711,5:12:00 PM,Thursday,eglinton station,Utilized Off Route,1,1,S/B,8204
11-Oct-18,709,5:16:00 PM,Thursday,QNLA,Utilized Off Route,1,1,N/B,1139
11-Oct-18,134,5:17:00 PM,Thursday,STC,Mechanical,5,10,E/B,9089
11-Oct-18,601,5:17:00 PM,Thursday,Bathurst station,Utilized Off Route,1,1,N/B,8330
11-Oct-18,927,5:19:00 PM,Thursday,Highway 427 at Evard Rd,Diversion,46,52,S/B,
11-Oct-18,132,5:41:00 PM,Thursday,Scarbrough Town Centre,Mechanical,13,25,N/B,1780
11-Oct-18,927,5:53:00 PM,Thursday,Kipling Station,Late Leaving Garage,6,12,N/B,8570
11-Oct-18,32,5:58:00 PM,Thursday,Weston and Eglinton,Investigation,8,16,E/B,1614
11-Oct-18,74,5:58:00 PM,Thursday,Mt. Pleasant and St. Clair,Investigation,17,34,N/B,8303
11-Oct-18,79,6:00:00 PM,Thursday,Dundas and runnymede,Mechanical,15,29,S/B,1094
11-Oct-18,32,6:00:00 PM,Thursday,Weston and Eglinton,Diversion,40,50,E/B,
11-Oct-18,32,6:00:00 PM,Thursday,Weston and Eglinton,Investigation,9,18,E/B,1034
11-Oct-18,927,6:17:00 PM,Thursday,Kipling Station,Late Leaving Garage,6,12,N/B,8469
11-Oct-18,165,6:32:00 PM,Thursday,Wilson and Yonge,Investigation,8,16,W/B,8465
11-Oct-18,53,6:37:00 PM,Thursday,Steeles and Markham Rd,Mechanical,11,16,W/B,1609
11-Oct-18,34,7:00:00 PM,Thursday,Eglinton E & Swift,Investigation,5,9,W/B,8729
11-Oct-18,167,7:00:00 PM,Thursday,Yorkland Road and Yorkland BLVD,Diversion,60,94,B/W,8948
11-Oct-18,95,7:03:00 PM,Thursday,KNRD,Mechanical,8,16,W/B,1632
11-Oct-18,72,7:22:00 PM,Thursday,Pape stn,Utilized Off Route,17,35,S/B,8939
11-Oct-18,53,7:27:00 PM,Thursday,Morningside and Finch,Emergency Services,1,1,W/B,9097
11-Oct-18,72,7:29:00 PM,Thursday,Queen,Mechanical,18,36,S/B,8963
11-Oct-18,54,7:44:00 PM,Thursday,Lawrence SRT service Road,Investigation,9,18,E/B,8690
11-Oct-18,709,7:52:00 PM,Thursday,EARL,Mechanical,1,1,S/B,1139
11-Oct-18,6,8:00:00 PM,Thursday,Entire Route,General Delay,15,25,B/W,
11-Oct-18,32,8:08:00 PM,Thursday,Jane and Eglinton,Mechanical,10,20,W/B,1502
11-Oct-18,77,8:10:00 PM,Thursday,Bloor and Runnymede,Diversion,50,72,S/B,1553
11-Oct-18,30,9:05:00 PM,Thursday,Kipling Station,Mechanical,30,60,E/B,7967
11-Oct-18,46,9:09:00 PM,Thursday,Steele Loop at Martin Grove,Mechanical,17,34,S/B,1310
11-Oct-18,935,9:14:00 PM,Thursday,Jane & Foxwell,Investigation,10,20,S/B,3226
11-Oct-18,46,9:40:00 PM,Thursday,Kipling Station,Late Leaving Garage,20,40,N/B,8601
11-Oct-18,11,9:42:00 PM,Thursday,Bayview and Manor,Investigation,28,58,S/B,8309
11-Oct-18,63,9:46:00 PM,Thursday,OSSINGTON STN,Utilized Off Route,10,20,S/B,8142
11-Oct-18,102,9:56:00 PM,Thursday,Warden stn,Late Leaving Garage,10,16,N/B,9220
11-Oct-18,168,10:00:00 PM,Thursday,Entire Route,General Delay,10,20,B/W,
11-Oct-18,39,10:05:00 PM,Thursday,Don Mills and Finch,Investigation,9,18,W/B,1680
11-Oct-18,39,10:05:00 PM,Thursday,Don Mills and Finch,Investigation,9,18,W/B,1680
11-Oct-18,53,10:09:00 PM,Thursday,FSTN,Mechanical,6,9,E/B,1756
11-Oct-18,905,11:04:00 PM,Thursday,Eglinton yard,Investigation,1,1,E/B,8623
11-Oct-18,32,11:18:00 PM,Thursday,Eglinton West Station,Mechanical,10,20,W/B,1358
11-Oct-18,11,11:35:00 PM,Thursday,Bayview and Finch,Investigation,15,30,S/B,8209
11-Oct-18,52,11:41:00 PM,Thursday,Jane and Lawrence,Investigation,16,26,EB,1352
12-Oct-18,54,12:04:00 AM,Friday,Lawrence East SRT station,Emergency Services,20,40,E/B,8859
12-Oct-18,47,12:40:00 AM,Friday,Lansdown and St. Clair,Mechanical,15,30,S/B,1109
12-Oct-18,22,12:40:00 AM,Friday,Bingham Loop,Mechanical,10,20,B/W,7862
12-Oct-18,22,12:50:00 AM,Friday,Binghamloop,Mechanical,10,20,B/W,7787
12-Oct-18,25,1:05:00 AM,Friday,PAPE AND FLOYD AVE,Mechanical,9,18,N/B,8851
12-Oct-18,89,1:10:00 AM,Friday,KSTN,Utilized Off Route,10,20,N/B,1113
12-Oct-18,49,1:30:00 AM,Friday,"On Markland, at Bloor",Investigation,30,60,S/B,8074
12-Oct-18,34,1:32:00 AM,Friday,Eglinton station,Utilized Off Route,20,40,E/B,8925
12-Oct-18,63,1:42:00 AM,Friday,st clair and oakwood,Utilized Off Route,10,20,S/B,1319
12-Oct-18,43,2:15:00 AM,Friday,Midland and Steeles,Investigation,30,30,S/B,8625
12-Oct-18,192,2:24:00 AM,Friday,22 metres after Eglinton exit on the 427,Mechanical,1,1,N/B,8006
12-Oct-18,192,2:32:00 AM,Friday,Terminal 3,Mechanical,20,40,E/B,8006
12-Oct-18,343,2:33:00 AM,Friday,MIDS,Investigation,30,60,S/B,8625
12-Oct-18,300,2:39:00 AM,Friday,Kipling Station,Mechanical,10,20,E/B,8074
12-Oct-18,324,2:53:00 AM,Friday,Wooddale and Victoria Park,Mechanical,30,60,S/B,7815
12-Oct-18,322,2:53:00 AM,Friday,BING,Mechanical,30,60,S/B,7838
12-Oct-18,320,3:24:00 AM,Friday,SYON,Mechanical,3,6,S/B,8821
12-Oct-18,334,4:42:00 AM,Friday,Finchdene Sq,Investigation,1,1,W/B,8891
12-Oct-18,79,5:05:00 AM,Friday,PINE,Late Leaving Garage,12,12,S/B,1086
12-Oct-18,60,5:12:00 AM,Friday,Signet and Steeles,Late Leaving Garage,14,28,E/B,3218
12-Oct-18,320,5:18:00 AM,Friday,Steeles Loop @ Yonge,Investigation,15,,S/B,8163
12-Oct-18,62,5:19:00 AM,Friday,Broadview sn,Late Leaving Garage,15,30,S/B,7865
12-Oct-18,29,5:24:00 AM,Friday,Wilson Station,Mechanical,8,17,S/B,9151
12-Oct-18,133,5:41:00 AM,Friday,MOFI,Late Leaving Garage,11,22,S/B,1765
12-Oct-18,102,5:46:00 AM,Friday,WSTN,Late Leaving Garage,20,40,N/B,8447
12-Oct-18,23,5:46:00 AM,Friday,MSTN,Late Leaving Garage,12,34,N/B,9203
12-Oct-18,39,5:47:00 AM,Friday,FSTN,Late Leaving Garage,5,10,E/B,1512
12-Oct-18,41,5:50:00 AM,Friday,Keele stn,Mechanical,9,18,N/B,9047
12-Oct-18,24,5:50:00 AM,Friday,danfoth and victoria park,Late Leaving Garage,5,10,S/B,9208
12-Oct-18,108,5:50:00 AM,Friday,Pioneer Village Station,Late Leaving Garage,12,24,S/B,8598
12-Oct-18,26,5:50:00 AM,Friday,Jane Stn,Late Leaving Garage,20,40,E/B,1325
12-Oct-18,72,5:53:00 AM,Friday,PSTN,Late Leaving Garage,8,16,S/B,7724
12-Oct-18,34,5:53:00 AM,Friday,EGGA,Late Leaving Garage,1,1,,8711
12-Oct-18,29,5:55:00 AM,Friday,PRGT,Mechanical,9,18,S/B,9038
12-Oct-18,96,5:57:00 AM,Friday,Finch and Humberline,Late Leaving Garage,20,40,E/B,3197
12-Oct-18,29,5:59:00 AM,Friday,DLAW,Mechanical,8,16,S/B,9053
12-Oct-18,37,6:00:00 AM,Friday,HWLP,Emergency Services,1,1,S/B,8090
12-Oct-18,192,6:00:00 AM,Friday,Airport Rocket Rte,General Delay,20,30,B/W,
12-Oct-18,112,6:00:00 AM,Friday,West Mall,General Delay,10,17,B/W,
12-Oct-18,45,6:00:00 AM,Friday,Kipling Nth Rte,General Delay,15,25,B/W,
12-Oct-18,39,6:06:00 AM,Friday,NECR,Mechanical,5,10,W/B,1687
12-Oct-18,63,6:15:00 AM,Friday,Canniffe and Ossington,Mechanical,3,5,,1217
12-Oct-18,168,6:18:00 AM,Friday,Dundas W Stn,Late Leaving Garage,5,10,N/B,1606
12-Oct-18,85,6:19:00 AM,Friday,SLP,Late Leaving Garage,16,32,W/B,1704
12-Oct-18,36,6:23:00 AM,Friday,Finch West Station,Late Leaving Garage,18,36,W/B,1385
12-Oct-18,939,6:24:00 AM,Friday,STC,Late Leaving Garage,7,15,W/B,1662
12-Oct-18,924,6:26:00 AM,Friday,Victoria Park Express,Late Leaving Garage,0,0,N/B,9237
12-Oct-18,62,6:30:00 AM,Friday,Main Station,Mechanical,15,25,W/B,8961
12-Oct-18,108,6:37:00 AM,Friday,Sheppard West Station,Mechanical,12,24,E/B,1404
12-Oct-18,188,6:40:00 AM,Friday,KPSN,Utilized Off Route,10,20,S/B,7952
12-Oct-18,106,6:40:00 AM,Friday,Sheppard W Stn,Mechanical,8,15,,1219
12-Oct-18,952,6:42:00 AM,Friday,Terminal 3,Mechanical,10,20,E/B,1388
12-Oct-18,119,6:45:00 AM,Friday,Wilson Station,Mechanical,20,40,W/B,8601
12-Oct-18,54,6:48:00 AM,Friday,Lawrence/Kennedy,Investigation,9,18,W/B,8750
12-Oct-18,939,6:53:00 AM,Friday,Brimley,Mechanical,7,14,W/B,1680
12-Oct-18,41,6:55:00 AM,Friday,Keele stn,Mechanical,8,20,N/B,9052
12-Oct-18,36,6:58:00 AM,Friday,Humberwood Loop,Late Leaving Garage,5,10,W/B,9132
12-Oct-18,924,6:59:00 AM,Friday,steeles and victoria park,Mechanical,7,14,S/B,9237
12-Oct-18,111,7:00:00 AM,Friday,ENTIRE ROUTE,General Delay,12,30,B/W,
12-Oct-18,46,7:00:00 AM,Friday,Kipling Station,Mechanical,11,22,N/B,8604
12-Oct-18,985,7:07:00 AM,Friday,DONS,Late Leaving Garage,9,18,E/B,9087
12-Oct-18,29,7:09:00 AM,Friday,DLAW,Mechanical,8,16,N/B,9051
12-Oct-18,81,7:21:00 AM,Friday,PSTN,Mechanical,5,10,N/B,7844
12-Oct-18,6,7:21:00 AM,Friday,Queens Quay and Dockside,Late Leaving Garage,5,9,N/B,1021
12-Oct-18,165,7:27:00 AM,Friday,Ormont and Weston Road,Utilized Off Route,5,10,S/B,1303
12-Oct-18,34,7:30:00 AM,Friday,Eglinton Station to Kennedy Station,General Delay,25,30,B/W,
12-Oct-18,53,7:32:00 AM,Friday,Stains and Steeles,Mechanical,13,26,E/B,9066
12-Oct-18,36,7:47:00 AM,Friday,Finch West Station,Mechanical,5,10,W/B,9116
12-Oct-18,86,7:56:00 AM,Friday,Kingston Rd/Celeste Dr,Investigation,5,10,W/B,8720
12-Oct-18,44,8:00:00 AM,Friday,Kipling South Rte,General Delay,15,20,B/W,
12-Oct-18,188,8:00:00 AM,Friday,Kipling South Express,General Delay,15,23,;30 pm,
12-Oct-18,123,8:00:00 AM,Friday,SHERWAY GATE AND EVANS,General Delay,19,45,B/W,
12-Oct-18,53,8:01:00 AM,Friday,Vic Park and Steeles,Mechanical,5,10,E/B,1681
12-Oct-18,83,8:03:00 AM,Friday,Wheel-trans Garage,Mechanical,12,24,N/B,8109
12-Oct-18,63,8:04:00 AM,Friday,Oakwood loop,Mechanical,6,10,,1285
12-Oct-18,85,8:08:00 AM,Friday,DONS,Mechanical,16,32,E/B,1820
12-Oct-18,123,8:11:00 AM,Friday,EVANS COURT AND EVANS,Emergency Services,18,36,S/B,8615
12-Oct-18,83,8:15:00 AM,Friday,Jones Avenue / DSTN,General Delay,12,24,B/W,
12-Oct-18,985,8:15:00 AM,Friday,Don Mills Stn to STC Don Mills to SLP,General Delay,9,18,B/W,
12-Oct-18,34,8:25:00 AM,Friday,Eglinton & Warden,Mechanical,4,8,W/B,8871
12-Oct-18,52,8:25:00 AM,Friday,Bathurst and Lawrence,Utilized Off Route,22,45,W/B,8158
12-Oct-18,9,8:30:00 AM,Friday,Bellamy Road / WAST / STC,General Delay,18,36,B/W,
12-Oct-18,90,8:30:00 AM,Friday,Oakwood Loop to St. Clair West Stn,General Delay,240,244,B/W,
12-Oct-18,43,8:39:00 AM,Friday,KENN,Mechanical,10,20,N/B,8634
12-Oct-18,9,8:53:00 AM,Friday,Bellamy and Lawrence,Mechanical,18,36,S/B,8440
12-Oct-18,53,8:59:00 AM,Friday,PAMK,Mechanical,13,13,W/B,9061
12-Oct-18,17,9:00:00 AM,Friday,Ellesmere,General Delay,10,1,S/B,9219
12-Oct-18,95,9:03:00 AM,Friday,Birchmount and Ellesmere,Diversion,1,1,B/W,1753
12-Oct-18,952,9:05:00 AM,Friday,Bathurst and Lawrence,Mechanical,10,20,W/B,8157
12-Oct-18,32,9:09:00 AM,Friday,Jane and Eglinton,Mechanical,6,11,E/B,1023
12-Oct-18,33,9:20:00 AM,Friday,St.Clair West Stn,Mechanical,15,30,N/B,8149
12-Oct-18,86,9:27:00 AM,Friday,Kennedy STN,Investigation,1,1,W/B,8677
12-Oct-18,87,9:32:00 AM,Friday,Main Station,Mechanical,1,1,B/W,9239
12-Oct-18,37,9:49:00 AM,Friday,REXDALE AND QUEENSPLATE,Investigation,18,36,S/B,8065
12-Oct-18,52,9:50:00 AM,Friday,Weston Rd and Lawrence,Mechanical,17,29,E/B,1340
12-Oct-18,39,9:52:00 AM,Friday,SELI,Mechanical,14,28,W/B,1687
12-Oct-18,23,10:00:00 AM,Friday,Danforth Ave - Between Dawes & Main,General Delay,10,20,B/W,
12-Oct-18,124,10:06:00 AM,Friday,Sunnybrooke Hospital,Investigation,9,18,N/B,8375
12-Oct-18,167,10:10:00 AM,Friday,shappard and pharmancy,Investigation,22,44,S/B,8467
12-Oct-18,68,10:18:00 AM,Friday,Bamburgh/Warden,Investigation,10,20,S/B,8872
12-Oct-18,105,10:20:00 AM,Friday,Sheppard West Stn,Mechanical,16,28,N/B,1334
12-Oct-18,105,10:20:00 AM,Friday,Sheppard West Stn,Mechanical,16,28,N/B,1334
12-Oct-18,96,10:20:00 AM,Friday,WILS,Mechanical,21,42,E/B,3152
12-Oct-18,118,10:45:00 AM,Friday,Albion and Arcot,Diversion,,0,B/W,8582
12-Oct-18,60,11:14:00 AM,Friday,SGHL,Mechanical,13,26,E/B,3122
12-Oct-18,82,11:28:00 AM,Friday,Rosedale Stn,Mechanical,10,20,N/B,1381
12-Oct-18,29,11:30:00 AM,Friday,Lawrence / brdigeland,General Delay,270,278,N/B,
12-Oct-18,34,11:35:00 AM,Friday,Eglinton & Bessborough,Investigation,7,15,W/B,8769
12-Oct-18,169,11:45:00 AM,Friday,Commander and Huntingwood,Diversion,1,1,W/B,8159
12-Oct-18,25,11:54:00 AM,Friday,Don Mills at Gateway,Mechanical,9,18,NB,8620
12-Oct-18,165,11:57:00 AM,Friday,Flindon and Weston,Investigation,10,20,S/B,8497
12-Oct-18,97,12:09:00 PM,Friday,Yonge and Sheppard,Investigation,30,60,N/B,1204
12-Oct-18,43,12:39:00 PM,Friday,Kennedy/Jade,Investigation,10,20,S/B,8732
12-Oct-18,38,12:58:00 PM,Friday,Bellamy and Ellesmere,Mechanical,12,24,E/B,1766
12-Oct-18,925,1:04:00 PM,Friday,PSTN,Investigation,10,20,NB,8734
12-Oct-18,7,1:05:00 PM,Friday,Bathurst Stn,Mechanical,9,19,N/B,9017
12-Oct-18,96,1:41:00 PM,Friday,HUML,Late Leaving Garage,21,42,E/B,3115
12-Oct-18,39,2:00:00 PM,Friday,39 Finch Route-All Branch,General Delay,10,24,E/B,1824
12-Oct-18,12,2:00:00 PM,Friday,12 Kingston Road,General Delay,14,1,B/W,
12-Oct-18,939,2:00:00 PM,Friday,939 Finch Express- All Branch,General Delay,10,19,B/W,1535
12-Oct-18,7,2:00:00 PM,Friday,Bathurst Station and Greenwin Village,General Delay,1,1,B/W,
12-Oct-18,47,2:00:00 PM,Friday,Entire Route,General Delay,15,30,B/W,
12-Oct-18,135,2:00:00 PM,Friday,Gerrard and Lawlor,Diversion,,,B/W,
12-Oct-18,42,2:31:00 PM,Friday,Finch Stn,Mechanical,11,22,E/B,8214
12-Oct-18,24,2:31:00 PM,Friday,Yorkland Rd and Yorkland BLVD,Diversion,290,305,B/W,7868
12-Oct-18,32,2:33:00 PM,Friday,Bathurst and Eglinton,Investigation,10,20,W/B,1044
12-Oct-18,36,2:42:00 PM,Friday,Humberline Dr at Humberwood Blvd,Diversion,22,28,E/B,
12-Oct-18,90,2:42:00 PM,Friday,St. Clair West Station and Oakwood and Vaughan,General Delay,7,14,B/W,
12-Oct-18,34,2:47:00 PM,Friday,Eglinton Station,Late Leaving Garage,4,9,E/B,8627
12-Oct-18,75,2:50:00 PM,Friday,Queen's Quay; South Drive and Glen,General Delay,7,14,B/W,
12-Oct-18,87,2:54:00 PM,Friday,Lumsden,Mechanical,10,20,W/B,8461
12-Oct-18,54,2:54:00 PM,Friday,Lawrance and Warden,Mechanical,11,21,W/B,8897
12-Oct-18,24,3:00:00 PM,Friday,Lawrence Ave and Eglinton Ave,General Delay,15,1,B/W,
12-Oct-18,167,3:00:00 PM,Friday,167 Pharmacy North,General Delay,14,1,B/W,
12-Oct-18,29,3:00:00 PM,Friday,29 Dufferin route,General Delay,20,40,B/W,
12-Oct-18,937,3:00:00 PM,Friday,Queensway Garage,Investigation,10,20,S/B,8096
12-Oct-18,929,3:00:00 PM,Friday,929 Dufferin Express route,General Delay,20,40,B/W,
12-Oct-18,39,3:00:00 PM,Friday,Gaspe Rd-Finch Av,Investigation,14,28,W/B,1824
12-Oct-18,32,3:01:00 PM,Friday,Eglinton Station,Mechanical,9,18,W/B,1048
12-Oct-18,165,3:01:00 PM,Friday,Weston and Ormont,Investigation,8,16,W/B,8557
12-Oct-18,42,3:05:00 PM,Friday,Midland and Mcnicol,Investigation,12,24,E/B,8362
12-Oct-18,107,3:10:00 PM,Friday,SWST,Late Leaving Garage,21,42,W/B,3271
12-Oct-18,53,3:10:00 PM,Friday,FSTN to MOFI,General Delay,20,40,B/W,
12-Oct-18,102,3:10:00 PM,Friday,Eglinton,Mechanical,3,7,N/B,7833
12-Oct-18,56,3:20:00 PM,Friday,Wilson Garage,Investigation,18,36,SB,8391
12-Oct-18,102,3:23:00 PM,Friday,Kingston/St.Clair,Utilized Off Route,20,34,N/B,8933
12-Oct-18,102,3:23:00 PM,Friday,Kingston/ St.Clair,Investigation,20,32,N/B,8941
12-Oct-18,142,3:23:00 PM,Friday,Bathurst station,Mechanical,30,60,SB,8374
12-Oct-18,40,3:28:00 PM,Friday,DWST,Mechanical,7,14,W/B,8014
12-Oct-18,16,3:29:00 PM,Friday,Midland and Danforth,Investigation,8,16,N/B,8490
12-Oct-18,17,3:30:00 PM,Friday,Birchmount Road / WAST,General Delay,8,16,B/W,
12-Oct-18,9,3:30:00 PM,Friday,Bellamy Road,General Delay,17,28,B/W,
12-Oct-18,16,3:30:00 PM,Friday,Bellamy Road / WAST / STC,General Delay,8,16,B/W,
12-Oct-18,925,3:31:00 PM,Friday,DSTN,Investigation,8,16,S/B,8912
12-Oct-18,25,3:33:00 PM,Friday,DSTN,Investigation,6,11,S/B,8781
12-Oct-18,34,3:50:00 PM,Friday,Eglinton Statioin,Late Leaving Garage,5,9,E/B,8728
12-Oct-18,989,3:53:00 PM,Friday,Finch / HWY 400,Mechanical,10,20,S/B,1423
12-Oct-18,32,3:58:00 PM,Friday,Eglinton West Station,Mechanical,3,6,W/B,1345
12-Oct-18,111,3:59:00 PM,Friday,Martin Gorve and Rich Gorve,Investigation,10,20,S/B,8035
12-Oct-18,83,4:00:00 PM,Friday,Donlands Station,General Delay,10,1,B/W,
12-Oct-18,65,4:00:00 PM,Friday,Castl Frank Station,General Delay,10,1,B/W,
12-Oct-18,16,4:00:00 PM,Friday,Warden Station,General Delay,10,1,B/W,
12-Oct-18,30,4:00:00 PM,Friday,High Park Station to Kipling Station,General Delay,15,37,B/W,
12-Oct-18,17,4:00:00 PM,Friday,Warden Station,General Delay,15,1,B/W,
12-Oct-18,52,4:00:00 PM,Friday,Lawrence avenue,General Delay,218,226,BW,1302
12-Oct-18,9,4:00:00 PM,Friday,Warden Station,General Delay,10,1,B/W,
12-Oct-18,135,4:00:00 PM,Friday,Warden Station,General Delay,10,1,B/W,
12-Oct-18,143,4:00:00 PM,Friday,Peter and Adelaid,General Delay,10,1,B/W,
12-Oct-18,49,4:00:00 PM,Friday,Kipling Station to Markland,General Delay,15,25,B/W,
12-Oct-18,102,4:00:00 PM,Friday,"Markham and 401, Kingston/St.Clair",General Delay,15,15,B/W,
12-Oct-18,68,4:20:00 PM,Friday,Warden and Sherry,Investigation,13,19,N/B,8845
12-Oct-18,76,4:24:00 PM,Friday,Royal York and Judson,Investigation,14,28,N/B,7918
12-Oct-18,102,4:30:00 PM,Friday,Birchmount,Mechanical,20,40,E/B,7748
12-Oct-18,81,4:30:00 PM,Friday,"thorncliffe, Pape ave",General Delay,8,8,B/W,
12-Oct-18,65,4:35:00 PM,Friday,Berkly and Front,Utilized Off Route,9,19,B/W,7811
12-Oct-18,50,4:44:00 PM,Friday,Burnhamthorpe and TheWest Mall E/b only,Diversion,13,26,E/B,7965
12-Oct-18,6,4:47:00 PM,Friday,Sherbourne and Queens Quay,Utilized Off Route,13,26,N/B,1614
12-Oct-18,36,4:50:00 PM,Friday,Finch Station,Investigation,7,14,W/B,8612
12-Oct-18,79,5:00:00 PM,Friday,Entire Route,General Delay,15,30,BW,
12-Oct-18,68,5:00:00 PM,Friday,warden route,General Delay,12,0,B/W,
12-Oct-18,72,5:00:00 PM,Friday,"Front and bay, wellington and bay",General Delay,12,12,B/W,
12-Oct-18,50,5:00:00 PM,Friday,From MBLP To ISTN,General Delay,13,26,B/W,8021
12-Oct-18,161,5:00:00 PM,Friday,Entire Route,General Delay,20,40,BW,
12-Oct-18,6,5:00:00 PM,Friday,Entire Route,General Delay,15,25,B/W,
12-Oct-18,36,5:00:00 PM,Friday,Finch West Station to Finch Station,General Delay,15,22,B/W,
12-Oct-18,133,5:01:00 PM,Friday,Neilson/Sheppard,Investigation,7,15,E/B,1765
12-Oct-18,129,5:15:00 PM,Friday,SLMC,Mechanical,5,13,N/B,1512
12-Oct-18,95,5:19:00 PM,Friday,Kennedy and Ellesmere,General Delay,1,1,B/W,1741
12-Oct-18,112,5:24:00 PM,Friday,"On The West Mall, at Holiday Drive",Investigation,8,16,S/B,8434
12-Oct-18,145,5:26:00 PM,Friday,Adelaide and Simcoe E/b,Mechanical,30,60,E/B,8093
12-Oct-18,76,5:27:00 PM,Friday,Lakeshore and Lake Crescent,Investigation,14,28,E/B,7974
12-Oct-18,22,5:30:00 PM,Friday,Coxwell ave,General Delay,7,7,B/W,
12-Oct-18,85,5:30:00 PM,Friday,Victoria Park to Don Mills Station,General Delay,16,41,W/B,
12-Oct-18,985,5:30:00 PM,Friday,on Sheppard between Victoria Park to Don Mills Station,General Delay,9,29,W/B,
12-Oct-18,925,5:35:00 PM,Friday,DSTN,Emergency Services,8,16,S/B,8729
12-Oct-18,12,5:37:00 PM,Friday,Glen Everest,Investigation,1,1,W/B,9211
12-Oct-18,165,5:37:00 PM,Friday,Finch and Weston,Late Leaving Garage,12,24,N/B,1336
12-Oct-18,929,5:47:00 PM,Friday,Dufferin & Dundas,Investigation,10,20,B/W,9050
12-Oct-18,42,5:49:00 PM,Friday,Finch Stn,Mechanical,13,26,E/B,8165
12-Oct-18,63,5:49:00 PM,Friday,OSSINGTON STN,Investigation,10,20,N/B,8136
12-Oct-18,34,5:57:00 PM,Friday,Eglinton Ave East,General Delay,35,39,B/W,
12-Oct-18,94,5:59:00 PM,Friday,CAST,Utilized Off Route,16,32,W/B,1350
12-Oct-18,54,6:17:00 PM,Friday,LAWRT,Emergency Services,10,20,E/B,8792
12-Oct-18,12,6:40:00 PM,Friday,Winston Ave,Investigation,1,1,S/B,9211
12-Oct-18,65,6:50:00 PM,Friday,Parliament and Front,Utilized Off Route,9,19,B/W,7825
12-Oct-18,116,6:55:00 PM,Friday,Brimley and Eglinton,Investigation,7,13,W/B,8856
12-Oct-18,939,7:00:00 PM,Friday,Pharmacy and Finch,Investigation,15,30,W/B,1535
12-Oct-18,121,7:05:00 PM,Friday,Front and Blue Jays Way,Utilized Off Route,20,40,,7876
12-Oct-18,902,7:05:00 PM,Friday,Lawrence,Investigation,10,20,S/B,8448
12-Oct-18,36,7:10:00 PM,Friday,Finch West Station,Mechanical,8,16,W/B,8500
12-Oct-18,168,7:30:00 PM,Friday,Entire Route,General Delay,10,20,B/W,
12-Oct-18,90,7:37:00 PM,Friday,St. Clair West Station,Diversion,44,52,N/B,8131
12-Oct-18,74,7:43:00 PM,Friday,Doncliffe Loop,Utilized Off Route,18,36,SB,8303
12-Oct-18,40,7:45:00 PM,Friday,DWST,Utilized Off Route,10,20,E/B,8435
12-Oct-18,165,8:01:00 PM,Friday,Wilson and Dallner,Investigation,6,16,E/B,8591
12-Oct-18,36,8:18:00 PM,Friday,Humberwood Loop,Mechanical,8,16,E/B,9113
12-Oct-18,68,9:00:00 PM,Friday,Warden and Ellesmere,Diversion,20,30,S/B,8872
12-Oct-18,985,9:03:00 PM,Friday,Midland and Steeles,Diversion,258,270,B/W,
12-Oct-18,167,9:38:00 PM,Friday,Arnall Ave,Investigation,30,60,N/B,8464
12-Oct-18,46,9:43:00 PM,Friday,Steele Loop at Marrtin Grove,Late Leaving Garage,7,34,S/B,1397
12-Oct-18,602,10:03:00 PM,Friday,Islington Stn,Utilized Off Route,1,1,S/B,8012
12-Oct-18,929,10:07:00 PM,Friday,Springhurst loop (Dufferin Gate),Utilized Off Route,10,20,N/B,9024
12-Oct-18,90,10:15:00 PM,Friday,Oakwood and Vaughan,Utilized Off Route,10,20,SB,8152
12-Oct-18,29,10:15:00 PM,Friday,Springhurst loop (Dufferin Gate),Utilized Off Route,8,17,N/B,9038
12-Oct-18,37,10:24:00 PM,Friday,Islington Station,Utilized Off Route,22,42,N/B,8065
12-Oct-18,63,10:25:00 PM,Friday,37th st and lakeshore,Utilized Off Route,10,20,S/B,8345
12-Oct-18,68,10:26:00 PM,Friday,Warden and Lawrence,Mechanical,15,30,N/B,8686
12-Oct-18,36,10:28:00 PM,Friday,Humberwood Loop,Late Leaving Garage,9,18,E/B,1320
12-Oct-18,71,11:02:00 PM,Friday,Runnymede Station,Mechanical,20,40,N/B,1019
12-Oct-18,89,11:10:00 PM,Friday,Keele Station,Utilized Off Route,10,20,N/B,1029
12-Oct-18,29,11:35:00 PM,Friday,Springhurst loop,Investigation,8,17,N/B,9055
12-Oct-18,161,11:45:00 PM,Friday,Dovercourt & Geary,Diversion,40,60,S/B,7660
13-Oct-18,97,12:00:00 AM,Saturday,Davisville Station,Mechanical,30,60,S/B,8119
13-Oct-18,34,12:32:00 AM,Saturday,Eglinton and Lebovic,Investigation,9,18,W/B,8915
13-Oct-18,320,1:45:00 AM,Saturday,Queens Quay/ Yonge,Utilized Off Route,5,10,N/B,8185
13-Oct-18,302,2:01:00 AM,Saturday,Yonge/Eglinton,Utilized Off Route,7,14,S/B,1394
13-Oct-18,320,2:12:00 AM,Saturday,Charles/Yuonge,Mechanical,5,10,N/B,8200
13-Oct-18,329,2:56:00 AM,Saturday,eglinton/dufferin,Diversion,30,60,N/B,1085
13-Oct-18,332,3:00:00 AM,Saturday,Dufferin/Eglinton,Diversion,30,60,W/B,1357
13-Oct-18,329,3:07:00 AM,Saturday,Dufferin and Eglinton,Investigation,30,60,S/B,9056
13-Oct-18,320,3:23:00 AM,Saturday,QQYU,Mechanical,4,7,N/B,9013
13-Oct-18,320,3:38:00 AM,Saturday,SYON,Mechanical,4,8,S/B,1083
13-Oct-18,320,3:40:00 AM,Saturday,King/Yonge,Mechanical,4,8,S/B,8180
13-Oct-18,325,4:05:00 AM,Saturday,Queen and Carlaw,Diversion,30,60,S/B,8707
13-Oct-18,7,4:16:00 AM,Saturday,Wilson Traffic Office,Mechanical,1,1,S/B,9001
13-Oct-18,32,5:05:00 AM,Saturday,Eg Stn,Late Leaving Garage,20,43,W/B,1041
13-Oct-18,320,5:26:00 AM,Saturday,Eglinton and Dufferin,Investigation,30,60,N/B,1085
13-Oct-18,72,5:36:00 AM,Saturday,queen and carlaw,Diversion,37,54,N/B,
13-Oct-18,118,5:40:00 AM,Saturday,WILS,Late Leaving Garage,4,4,W/B,8606
13-Oct-18,16,5:40:00 AM,Saturday,warden stn,Mechanical,15,30,N/B,8452
13-Oct-18,53,5:51:00 AM,Saturday,Yonge and Steeles,Late Leaving Garage,19,38,B/W,1679
13-Oct-18,5,6:00:00 AM,Saturday,Queens Park and College,Diversion,20,161,S/B,8310
13-Oct-18,88,6:10:00 AM,Saturday,Thorncliffe PK/ Overlea,Mechanical,20,40,W/B,8172
13-Oct-18,54,6:15:00 AM,Saturday,ESTN,Late Leaving Garage,8,28,E/B,8836
13-Oct-18,102,6:17:00 AM,Saturday,Markham and Steeles,Investigation,10,20,S/B,8950
13-Oct-18,22,6:18:00 AM,Saturday,Kingston Rd. and Bingham,Mechanical,10,20,E/B,8451
13-Oct-18,108,6:23:00 AM,Saturday,SWST,Late Leaving Garage,30,60,W/B,3194
13-Oct-18,57,6:27:00 AM,Saturday,Midland & Sheppard,Diversion,197,219,B/W,
13-Oct-18,37,6:30:00 AM,Saturday,Islington Station,Mechanical,24,48,N/B,8038
13-Oct-18,89,6:40:00 AM,Saturday,ALWS,Mechanical,10,20,N/B,1258
13-Oct-18,102,6:40:00 AM,Saturday,warden stn,Mechanical,10,20,N/B,8425
13-Oct-18,91,6:51:00 AM,Saturday,Underhill and Broadlands,Mechanical,24,48,S/B,8439
13-Oct-18,116,6:54:00 AM,Saturday,Guildwood Pkwy & Navarre,Investigation,10,20,E/B,8701
13-Oct-18,29,7:00:00 AM,Saturday,Nunavut and Princes,Diversion,10,20,N/B,
13-Oct-18,32,7:41:00 AM,Saturday,Eglinton and Bicknell,Investigation,5,10,E/B,1259
13-Oct-18,133,8:06:00 AM,Saturday,STC,Mechanical,12,24,N/B,1763
13-Oct-18,33,8:07:00 AM,Saturday,Heath and Eglinton,Diversion,30,0,B/W,1351
13-Oct-18,131,8:16:00 AM,Saturday,STC,Mechanical,18,36,N/B,1567
13-Oct-18,25,8:17:00 AM,Saturday,PAPE,Mechanical,9,17,N/B,8685
13-Oct-18,85,9:00:00 AM,Saturday,Yonge/Sheppard to Rouge Hill GO Stn,General Delay,8,16,B/W,
13-Oct-18,30,9:00:00 AM,Saturday,Kipling stn,Mechanical,30,60,E/B,7942
13-Oct-18,69,9:09:00 AM,Saturday,KINGSTON RD/BIRCHMOUNT,Investigation,20,40,N/B,8948
13-Oct-18,600,10:00:00 AM,Saturday,ARGA,Late Leaving Garage,1,1,E/B,8514
13-Oct-18,68,10:15:00 AM,Saturday,Warden/Ellesmere,General Delay,17,28,B/W,
13-Oct-18,96,10:30:00 AM,Saturday,York Mills Station to all branches,General Delay,35,50,W/B,
13-Oct-18,87,10:30:00 AM,Saturday,COSBURN ROUTE,General Delay,10,1,B/W,
13-Oct-18,63,10:42:00 AM,Saturday,Ossington and Bloor,Investigation,5,10,N/B,1365
13-Oct-18,32,10:50:00 AM,Saturday,Eglinton W Stn,Mechanical,5,10,E/B,1032
13-Oct-18,121,11:20:00 AM,Saturday,FRONT/YONGE,Mechanical,10,29,W/B,8402
13-Oct-18,51,11:23:00 AM,Saturday,Freashmeadow and Donmills,Mechanical,24,48,S/B,8205
13-Oct-18,91,11:30:00 AM,Saturday,OCONNOR/GLENWOOD,General Delay,10,1,B/W,
13-Oct-18,52,11:48:00 AM,Saturday,Bathurst/Lawrence,Investigation,20,40,W/B,1340
13-Oct-18,165,12:00:00 PM,Saturday,Entire 165 Weston North Route,General Delay,20,30,B/W,
13-Oct-18,26,12:00:00 PM,Saturday,Entire route,General Delay,24,40,B/W,
13-Oct-18,89,12:00:00 PM,Saturday,Entire route,General Delay,10,25,B/W,
13-Oct-18,100,12:00:00 PM,Saturday,Entire Flemingdon Park Route,General Delay,15,30,B/W,8922
13-Oct-18,34,12:00:00 PM,Saturday,Entire Eglinton East Route,General Delay,20,40,B/W,8688
13-Oct-18,118,12:00:00 PM,Saturday,Entire 118 Thistledown Route,General Delay,20,30,B/W,
13-Oct-18,22,12:00:00 PM,Saturday,Coxwell Route,General Delay,10,1,B/W,
13-Oct-18,45,12:00:00 PM,Saturday,Kipling route,General Delay,30,45,B/W,8432
13-Oct-18,29,12:00:00 PM,Saturday,"construction areas wilson to 401, bloor to college, major congestion between lawrence and 401",General Delay,90,100,B/W,
13-Oct-18,120,12:00:00 PM,Saturday,Entire 120 Calvington Route,General Delay,30,50,B/W,
13-Oct-18,93,12:00:00 PM,Saturday,WOODBINE STATION,Mechanical,24,48,S/B,8940
13-Oct-18,935,12:05:00 PM,Saturday,JNST,Mechanical,9,18,N/B,3200
13-Oct-18,168,12:07:00 PM,Saturday,St. Clair on Old Weston Road,Investigation,9,17,N/B,1040
13-Oct-18,63,12:11:00 PM,Saturday,Ossington and Queen,Investigation,6,12,S/B,1230
13-Oct-18,133,12:15:00 PM,Saturday,MOFI,Mechanical,10,20,S/B,1760
13-Oct-18,47,12:16:00 PM,Saturday,Lawrence and Caledonia,Mechanical,20,40,N/B,1139
13-Oct-18,24,12:24:00 PM,Saturday,victoria park,Mechanical,7,14,N/B,7808
13-Oct-18,121,12:30:00 PM,Saturday,FORT YORK ROUTE,General Delay,15,1,B/W,
13-Oct-18,53,12:36:00 PM,Saturday,Finch Station,Mechanical,23,48,E/B,1284
13-Oct-18,97,12:39:00 PM,Saturday,Yonge and Fairlawn,Investigation,30,60,S/B,8119
13-Oct-18,6,12:45:00 PM,Saturday,Bay and Hagerman,Mechanical,14,28,S/B,1019
13-Oct-18,133,12:50:00 PM,Saturday,STC,Mechanical,10,20,S/B,1550
13-Oct-18,41,1:05:00 PM,Saturday,KSTN,Late Leaving Garage,9,17,N/B,1423
13-Oct-18,57,1:22:00 PM,Saturday,Kennedy STN,Mechanical,9,23,S/B,8829
13-Oct-18,24,1:30:00 PM,Saturday,st  Clair  /  lawrance  on Victoria park,General Delay,7,14,S/B,
13-Oct-18,95,1:31:00 PM,Saturday,Ellesmere and McCowan,Mechanical,6,12,W/B,1596
13-Oct-18,5,1:44:00 PM,Saturday,Baylawn and Finch,Investigation,12,24,B/W,1527
13-Oct-18,165,1:49:00 PM,Saturday,Weston and Sheppard Ave West,Diversion,98,106,W/B,8600
13-Oct-18,85,1:55:00 PM,Saturday,Sheppard - McCowan,Mechanical,5,15,E/B,1632
13-Oct-18,169,2:00:00 PM,Saturday,Cimmander Blvd and McCowan,Diversion,30,60,B/W,1363
13-Oct-18,100,2:11:00 PM,Saturday,Don Mills/Wynford,Mechanical,9,18,S/B,8723
13-Oct-18,54,2:34:00 PM,Saturday,McCowan/Lawrence,Investigation,13,27,W/B,8909
13-Oct-18,939,2:38:00 PM,Saturday,Bathurst and Finch,Mechanical,12,24,B/W,1776
13-Oct-18,73,2:40:00 PM,Saturday,Humberline & Albion,Mechanical,10,20,S/B,8024
13-Oct-18,52,2:47:00 PM,Saturday,Keele and Colville,Investigation,17,34,W/B,1344
13-Oct-18,68,2:58:00 PM,Saturday,Ellington/Warden,Emergency Services,10,20,N/B,8805
13-Oct-18,53,3:00:00 PM,Saturday,53 Steeles Route-All Branch,General Delay,10,16,B/W,1577
13-Oct-18,939,3:00:00 PM,Saturday,939 Finch Express route-All Branch,General Delay,12,24,B/W,1776
13-Oct-18,39,3:00:00 PM,Saturday,39 Finch Route-All Branch,General Delay,10,22,B/W,1815
13-Oct-18,52,3:00:00 PM,Saturday,Lawrence Station to Mnauhon/ Victory Cres,General Delay,63,73,B/W,
13-Oct-18,24,3:00:00 PM,Saturday,"Lawrence, Ellesmere",General Delay,8,8,B/W,
13-Oct-18,76,3:00:00 PM,Saturday,Lakeshore & Mimico,General Delay,10,20,B/W,8024
13-Oct-18,161,3:02:00 PM,Saturday,Rockcliff and Alliance,Emergency Services,15,30,EB,1079
13-Oct-18,7,3:05:00 PM,Saturday,Lawrence,Mechanical,9,18,S/B,9013
13-Oct-18,161,3:15:00 PM,Saturday,Rockcliff and Alliance,Diversion,15,100,B/W,
13-Oct-18,7,3:21:00 PM,Saturday,Sheppard,Mechanical,7,15,N/B,9017
13-Oct-18,16,3:24:00 PM,Saturday,McCowan and Hurley,Diversion,40,48,S/B,8947
13-Oct-18,89,3:30:00 PM,Saturday,KSTN,Mechanical,10,20,N/B,1020
13-Oct-18,96,3:45:00 PM,Saturday,Humber College,Mechanical,15,30,W/B,3268
13-Oct-18,40,3:52:00 PM,Saturday,Runnymede Loop,Investigation,10,20,W/B,7974
13-Oct-18,17,4:00:00 PM,Saturday,Warden Station,General Delay,10,1,B/W,
13-Oct-18,65,4:00:00 PM,Saturday,Castle Franbk Station,General Delay,10,1,B/W,
13-Oct-18,133,4:08:00 PM,Saturday,STC,Mechanical,9,18,E/B,1759
13-Oct-18,29,4:10:00 PM,Saturday,Dufferin/Lawrence,Investigation,4,8,S/B,9144
13-Oct-18,60,4:38:00 PM,Saturday,STKL,Mechanical,9,18,E/B,3158
13-Oct-18,16,6:00:00 PM,Saturday,Warden Station,General Delay,10,1,B/W,
13-Oct-18,71,6:00:00 PM,Saturday,Balck and Eglinton,Diversion,40,56,B/W,
13-Oct-18,905,6:03:00 PM,Saturday,UFT Scarborough loop,Investigation,11,22,,8629
13-Oct-18,38,6:04:00 PM,Saturday,SCLP,Investigation,9,18,S/B,1715
13-Oct-18,927,6:07:00 PM,Saturday,Hwy 427 and Eglinton,Mechanical,10,20,S/B,8560
13-Oct-18,939,6:07:00 PM,Saturday,Baylawn and Finch Av,Mechanical,12,24,B/W,1245
13-Oct-18,63,6:30:00 PM,Saturday,Vaughn and Oakwood,Diversion,39,44,N/B,1375
13-Oct-18,35,6:31:00 PM,Saturday,Jane Station,Investigation,8,15,N/B,3159
13-Oct-18,32,6:35:00 PM,Saturday,Eglinton West Station,Mechanical,9,18,W/B,1032
13-Oct-18,32,6:35:00 PM,Saturday,Jane and Eglinton,Mechanical,9,18,W/B,1421
13-Oct-18,113,6:53:00 PM,Saturday,Kennedy stn,Mechanical,16,32,B/W,7825
13-Oct-18,939,7:04:00 PM,Saturday,Maxome and Finch,Mechanical,1,1,B/W,1827
13-Oct-18,161,7:28:00 PM,Saturday,Ossington Stn.,Investigation,16,32,W/B,1109
13-Oct-18,9,7:33:00 PM,Saturday,McCowan/Eglinton,Mechanical,22,44,S/B,9238
13-Oct-18,65,7:35:00 PM,Saturday,Gerrard and Parliament,Diversion,15,30,N/B,7823
13-Oct-18,12,9:28:00 PM,Saturday,Eastwood,Diversion,22,156,B/W,8954
13-Oct-18,69,9:28:00 PM,Saturday,Eastwood and Kingston,Diversion,10,134,B/W,
13-Oct-18,86,10:09:00 PM,Saturday,Kennedy Station,Mechanical,9,19,E/B,8757
13-Oct-18,985,10:12:00 PM,Saturday,STC,Mechanical,19,34,W/B,9083
13-Oct-18,36,10:28:00 PM,Saturday,FWSN,Mechanical,9,18,W/B,8596
13-Oct-18,60,10:49:00 PM,Saturday,Steeles and Keele,Mechanical,20,40,E/B,3270
13-Oct-18,85,11:33:00 PM,Saturday,Birchmount/Sheppard,Mechanical,15,30,W/B,1621
13-Oct-18,12,11:35:00 PM,Saturday,Kennedy stn,Mechanical,22,44,B/W,8954
13-Oct-18,36,11:46:00 PM,Saturday,FSTN,Emergency Services,9,18,W/B,8537
14-Oct-18,32,12:00:00 AM,Sunday,ESTN,Mechanical,10,20,W/B,1420
14-Oct-18,320,1:25:00 AM,Sunday,Queens Quay / Yonge,Utilized Off Route,3,7,N/B,1640
14-Oct-18,300,2:46:00 AM,Sunday,Dundas/Aukland,Investigation,30,60,E/B,9233
14-Oct-18,320,3:34:00 AM,Sunday,avenport on Yonge,Investigation,4,8,N/B,1212
14-Oct-18,343,4:25:00 AM,Sunday,Kennedy Stn,Emergency Services,30,60,N/B,8678
14-Oct-18,324,5:13:00 AM,Sunday,Bingham Loop,Late Leaving Garage,30,60,N/B,7874
14-Oct-18,47,5:30:00 AM,Sunday,Earlscourt loop,Late Leaving Garage,20,20,S/B,1140
14-Oct-18,63,5:30:00 AM,Sunday,Glenhurst and Oakwood,Investigation,12,20,S/B,1249
14-Oct-18,52,5:44:00 AM,Sunday,T3,Late Leaving Garage,14,29,S/B,1211
14-Oct-18,52,5:58:00 AM,Sunday,T3,Late Leaving Garage,15,29,S/B,8148
14-Oct-18,22,6:45:00 AM,Sunday,CSTN,Late Leaving Garage,6,1,S/B,7795
14-Oct-18,70,6:51:00 AM,Sunday,St.Clair and Selwyn,Mechanical,45,46,W/B,8738
14-Oct-18,102,7:12:00 AM,Sunday,WSTN,Late Leaving Garage,6,40,N/B,9230
14-Oct-18,85,7:18:00 AM,Sunday,Brimley Sheppard,Mechanical,20,40,E/B,1716
14-Oct-18,91,7:20:00 AM,Sunday,YVAL,Late Leaving Garage,24,48,S/B,7839
14-Oct-18,169,7:40:00 AM,Sunday,Commander and N.Wind Pl,Diversion,1,1,B/W,
14-Oct-18,89,7:41:00 AM,Sunday,Woodbine Station,Late Leaving Garage,16,32,S/B,9216
14-Oct-18,33,7:45:00 AM,Sunday,wilson garage,Late Leaving Garage,30,60,S/B,1236
14-Oct-18,98,7:52:00 AM,Sunday,wilson garage,Late Leaving Garage,30,60,N/B,8163
14-Oct-18,92,7:57:00 AM,Sunday,Woodbine Station,Late Leaving Garage,16,32,S/B,8936
14-Oct-18,94,8:08:00 AM,Sunday,Oss Stn,Late Leaving Garage,12,25,E/B,1415
14-Oct-18,89,8:20:00 AM,Sunday,KSTN,Mechanical,10,20,N/B,1033
14-Oct-18,74,8:22:00 AM,Sunday,wilson garage,Late Leaving Garage,18,36,S/B,8379
14-Oct-18,106,8:28:00 AM,Sunday,wilson garage,Mechanical,20,40,N/B,1251
14-Oct-18,81,8:50:00 AM,Sunday,PSTN,Mechanical,10,20,N/B,7748
14-Oct-18,25,9:23:00 AM,Sunday,PAPE,Mechanical,8,17,N/B,8753
14-Oct-18,79,9:30:00 AM,Sunday,Runnymede Stn,Mechanical,15,30,N/B,1143
14-Oct-18,90,9:30:00 AM,Sunday,St.Clair West Stn,Late Leaving Garage,12,24,N/B,9011
14-Oct-18,97,9:40:00 AM,Sunday,yorkmills stn,Mechanical,30,60,S/B,1301
14-Oct-18,985,9:44:00 AM,Sunday,Don Mills STN,Investigation,16,32,E/B,9088
14-Oct-18,7,10:00:00 AM,Sunday,Greenwin Village and bathurst,Mechanical,9,19,S/B,9014
14-Oct-18,116,10:50:00 AM,Sunday,Morningside Park,Diversion,32,42,BW,8921
14-Oct-18,118,11:20:00 AM,Sunday,Thistledown and Bondhead Pl.,Diversion,85,115,W/B,8533
14-Oct-18,80,11:27:00 AM,Sunday,Lakeshore at Parkside,Diversion,39,59,N/B,7952
14-Oct-18,100,11:50:00 AM,Sunday,Pape & O'Connor,Utilized Off Route,10,20,S/B,8857
14-Oct-18,34,11:50:00 AM,Sunday,Kennedy Station,Utilized Off Route,10,20,W/B,8842
14-Oct-18,56,11:57:00 AM,Sunday,South drive / Liard,Investigation,30,60,S/B,8317
14-Oct-18,22,12:00:00 PM,Sunday,Coxwell Station,General Delay,12,1,B/W,
14-Oct-18,65,12:00:00 PM,Sunday,Parliament route,General Delay,10,1,B/W,
14-Oct-18,67,12:00:00 PM,Sunday,Victoria Park STN + Crossland and Penworth,General Delay,20,25,B/W,
14-Oct-18,34,12:00:00 PM,Sunday,Kennedy STN + Eglinton and Don Mills,General Delay,20,25,B/W,
14-Oct-18,100,12:00:00 PM,Sunday,Broadview STN + Don Mills and Wynford,General Delay,20,25,B/W,
14-Oct-18,17,12:00:00 PM,Sunday,Birchmount route,General Delay,10,1,B/W,
14-Oct-18,32,12:01:00 PM,Sunday,Pine and Lawrence,Mechanical,10,20,E/B,1038
14-Oct-18,126,12:35:00 PM,Sunday,SC STN,Investigation,30,60,S/B,1147
14-Oct-18,73,12:38:00 PM,Sunday,Clairport,Mechanical,10,20,S/B,7961
14-Oct-18,85,12:59:00 PM,Sunday,Sheppard/Leslie,Mechanical,20,40,W/B,1659
14-Oct-18,702,1:00:00 PM,Sunday,Kipling stn,Utilized Off Route,1,1,B/W,8616
14-Oct-18,17,1:04:00 PM,Sunday,warden station,Investigation,18,36,S/B,8473
14-Oct-18,106,1:18:00 PM,Sunday,sheppard west stn,Investigation,10,20,N/B,1251
14-Oct-18,709,1:28:00 PM,Sunday,Keele Station,Utilized Off Route,1,1,B/W,1144
14-Oct-18,602,1:30:00 PM,Sunday,Kipling stn,Utilized Off Route,1,1,B/W,7958
14-Oct-18,702,1:30:00 PM,Sunday,Islinton stn,Utilized Off Route,1,1,B/W,7946
14-Oct-18,711,1:32:00 PM,Sunday,eglinton stn,Utilized Off Route,1,1,E/B,8208
14-Oct-18,701,1:33:00 PM,Sunday,eglinton stn,Utilized Off Route,1,1,E/B,8177
14-Oct-18,41,1:35:00 PM,Sunday,Keele Station,Utilized Off Route,10,20,N/B,1102
14-Oct-18,132,1:37:00 PM,Sunday,Milner/OPPO 44,Mechanical,30,60,E/B,1627
14-Oct-18,600,1:40:00 PM,Sunday,Bloor and Dovercourt,Utilized Off Route,1,1,E/B,8097
14-Oct-18,85,1:48:00 PM,Sunday,Sheppard/ Pharmacy,Mechanical,8,24,W/B,1791
14-Oct-18,134,1:58:00 PM,Sunday,STC,Mechanical,15,30,N/B,1615
14-Oct-18,85,2:17:00 PM,Sunday,85J branch,General Delay,20,40,B/W,1526
14-Oct-18,102,2:20:00 PM,Sunday,Steeles,Investigation,60,120,N/B,7876
14-Oct-18,35,2:30:00 PM,Sunday,Pioneer Village Station to Jane Station,General Delay,14,24,B/W,
14-Oct-18,935,2:30:00 PM,Sunday,Pioneer Village Station,General Delay,14,24,B/W,
14-Oct-18,51,2:40:00 PM,Sunday,Lesile north of Lawrence,Mechanical,23,46,S/B,8215
14-Oct-18,7,2:55:00 PM,Sunday,bathurst stn,Mechanical,8,16,N/B,9017
14-Oct-18,116,2:57:00 PM,Sunday,Kennedy STN,Mechanical,1,1,E/B,8822
14-Oct-18,6,3:18:00 PM,Sunday,Davenport and Dupont,Mechanical,14,28,S/B,1378
14-Oct-18,29,3:30:00 PM,Sunday,Samor,Mechanical,6,12,N/B,9053
14-Oct-18,100,3:42:00 PM,Sunday,Thorncliffe and Overlea,Emergency Services,9,18,S/B,8661
14-Oct-18,21,3:55:00 PM,Sunday,,Diversion,18,36,S/B,1816
14-Oct-18,29,4:00:00 PM,Sunday,Dufferin/Bridgeland,General Delay,20,24,B/W,
14-Oct-18,161,4:17:00 PM,Sunday,Davenport and Dovercourt,Investigation,15,30,E/B,1099
14-Oct-18,134,4:20:00 PM,Sunday,Finchdene & Finch,Mechanical,15,30,S/B,1705
14-Oct-18,32,4:39:00 PM,Sunday,Renforth Station,Investigation,10,20,E/B,1423
14-Oct-18,23,4:54:00 PM,Sunday,st clair and victoria park,Mechanical,10,20,S/B,7738
14-Oct-18,63,5:35:00 PM,Sunday,Ossingtion Stn,Investigation,6,12,S/B,1243
14-Oct-18,96,5:36:00 PM,Sunday,Humber College bus loop,Mechanical,9,18,E/B,3165
14-Oct-18,96,5:36:00 PM,Sunday,Wilson stn,Mechanical,8,18,W/B,3158
14-Oct-18,35,5:42:00 PM,Sunday,Jane St at Annette St,Investigation,7,14,S/B,3156
14-Oct-18,21,5:45:00 PM,Sunday,STC,Mechanical,18,36,N/B,1663
14-Oct-18,602,6:15:00 PM,Sunday,Humberwood Loop,Utilized Off Route,1,1,S/B,7945
14-Oct-18,7,6:28:00 PM,Sunday,Bathurst and Barton,Investigation,8,16,N/B,9014
14-Oct-18,38,6:30:00 PM,Sunday,Neilson/Ellesmere,Mechanical,10,20,E/B,1512
14-Oct-18,12,6:35:00 PM,Sunday,kennedy station,Mechanical,15,30,S/B,7865
14-Oct-18,36,6:35:00 PM,Sunday,Finch W & Madeline,Diversion,113,118,E/B,
14-Oct-18,54,6:36:00 PM,Sunday,Lawrence & Underhill,Mechanical,19,38,E/B,8665
14-Oct-18,100,6:38:00 PM,Sunday,Broadview STN,Mechanical,8,17,N/B,8763
14-Oct-18,36,6:41:00 PM,Sunday,Finch & Weston,Investigation,5,10,E/B,8504
14-Oct-18,939,6:48:00 PM,Sunday,Finch and Talbot,Diversion,82,105,E/B,1768
14-Oct-18,56,6:50:00 PM,Sunday,Forman Ave. / Eglointon,Investigation,30,60,S/B,8317
14-Oct-18,192,6:52:00 PM,Sunday,KPSN,Late Leaving Garage,7,14,N/B,8004
14-Oct-18,25,6:54:00 PM,Sunday,PSTN,Mechanical,9,18,N/B,8726
14-Oct-18,192,7:15:00 PM,Sunday,KPSN,Late Leaving Garage,9,17,N/B,8008
14-Oct-18,29,7:25:00 PM,Sunday,Bloor/Dufferin,Mechanical,3,6,N/B,9044
14-Oct-18,29,7:35:00 PM,Sunday,Rogers/Dufferin,Mechanical,4,8,N/B,9032
14-Oct-18,118,7:54:00 PM,Sunday,Thisledown & Albion,Investigation,30,60,E/B,8533
14-Oct-18,165,7:58:00 PM,Sunday,YKMS stn,Utilized Off Route,10,20,W/B,8527
14-Oct-18,96,9:20:00 PM,Sunday,Wilson Stn,Mechanical,20,40,N/B,3133
14-Oct-18,46,9:25:00 PM,Sunday,Arrow garage  POD Steeles W loop,Mechanical,17,47,E/B,1404
14-Oct-18,85,9:57:00 PM,Sunday,Don Mills Station,Mechanical,20,42,W/B,1658
14-Oct-18,85,10:07:00 PM,Sunday,Don Mills Station,Utilized Off Route,8,18,E/B,1813
14-Oct-18,24,10:41:00 PM,Sunday,Birchmount Garage,Utilized Off Route,10,20,N/B,7820
14-Oct-18,7,10:55:00 PM,Sunday,Bathurst stn,Utilized Off Route,10,20,N/B,9000
14-Oct-18,95,10:55:00 PM,Sunday,York Mills Station,Utilized Off Route,10,20,E/B,1533
14-Oct-18,602,10:55:00 PM,Sunday,KPSN,Utilized Off Route,1,1,W/B,8022
14-Oct-18,100,11:00:00 PM,Sunday,Brodview Station,Utilized Off Route,10,20,N/B,8857
14-Oct-18,29,11:00:00 PM,Sunday,EXWL,Utilized Off Route,10,20,N/B,9038
14-Oct-18,47,11:03:00 PM,Sunday,LSTN,Utilized Off Route,20,40,N/B,1065
14-Oct-18,6,11:15:00 PM,Sunday,BLBA,Utilized Off Route,24,48,N/B,1410
14-Oct-18,32,11:20:00 PM,Sunday,PINE,Mechanical,20,40,E/B,1026
14-Oct-18,95,11:50:00 PM,Sunday,Victoria Park and Parkwoods Dr,Utilized Off Route,10,20,W/B,1533
14-Oct-18,85,11:57:00 PM,Sunday,Don Mills Station,Utilized Off Route,20,40,E/B,1600
14-Oct-18,129,11:57:00 PM,Sunday,Scarborough Town Centre,Utilized Off Route,10,20,N/B,1255
14-Oct-18,24,11:59:00 PM,Sunday,Victoria Park Station,Utilized Off Route,10,20,N/B,8480
14-Oct-18,102,11:59:00 PM,Sunday,Warden Station,Utilized Off Route,10,20,N/B,8453
14-Oct-18,102,11:59:00 PM,Sunday,Warden Station,Utilized Off Route,10,20,N/B,9214
14-Oct-18,133,11:59:00 PM,Sunday,Scarborough Town Centre,Utilized Off Route,13,26,E/B,1793
14-Oct-18,11,11:59:00 PM,Sunday,Bayview and Steeles,Utilized Off Route,12,24,W/B,8214
14-Oct-18,43,11:59:00 PM,Sunday,Kennedy Station,Utilized Off Route,10,20,N/B,8667
14-Oct-18,116,11:59:00 PM,Sunday,Kennedy Station,Utilized Off Route,10,20,E/B,8669
15-Oct-18,165,12:04:00 AM,Monday,Old Weston Road/Weston,Mechanical,10,20,N/B,8555
15-Oct-18,25,12:24:00 AM,Monday,Pape & Rivercourt,Investigation,10,20,N/B,8656
15-Oct-18,123,12:40:00 AM,Monday,KPSN,Mechanical,15,30,S/B,7919
15-Oct-18,85,12:45:00 AM,Monday,RHGO,Emergency Services,20,40,W/B,1804
15-Oct-18,329,1:00:00 AM,Monday,Dufferin/Dufferin park,Diversion,1,1,B/W,1
15-Oct-18,52,1:38:00 AM,Monday,Lawrence W Stn,Mechanical,20,40,W/B,8128
15-Oct-18,34,3:50:00 AM,Monday,ESTN,Mechanical,4,9,E/B,8734
15-Oct-18,84,4:39:00 AM,Monday,RISH,Late Leaving Garage,1,31,E/B,3240
15-Oct-18,20,4:50:00 AM,Monday,Main Station,Late Leaving Garage,1,1,E/B,8492
15-Oct-18,65,5:02:00 AM,Monday,CAST,Late Leaving Garage,12,24,S/B,8931
15-Oct-18,53,5:11:00 AM,Monday,MOFI,Late Leaving Garage,5,5,W/B,1676
15-Oct-18,96,5:15:00 AM,Monday,FIHU,Late Leaving Garage,10,15,E/B,3228
15-Oct-18,169,5:19:00 AM,Monday,Commander Blvd,Diversion,1,1,B/W,
15-Oct-18,75,5:22:00 AM,Monday,wilson garage,Late Leaving Garage,15,30,N/B,8309
15-Oct-18,129,5:24:00 AM,Monday,SLMC,Late Leaving Garage,13,0,S/B,1725
15-Oct-18,87,5:27:00 AM,Monday,Main Station,Late Leaving Garage,5,10,B/W,8953
15-Oct-18,94,5:33:00 AM,Monday,OSS STN,Late Leaving Garage,13,26,E/B,1408
15-Oct-18,84,5:34:00 AM,Monday,Sheppard Station,Mechanical,20,39,W/B,3142
15-Oct-18,5,5:35:00 AM,Monday,Wilson Garage,Late Leaving Garage,14,14,,8319
15-Oct-18,12,5:35:00 AM,Monday,VP STN,Late Leaving Garage,14,28,E/B,8460
15-Oct-18,34,5:37:00 AM,Monday,Eglinton Yard,Late Leaving Garage,4,8,O/B,8639
15-Oct-18,97,5:39:00 AM,Monday,Wilson Stn,Late Leaving Garage,15,30,,1375
15-Oct-18,52,5:40:00 AM,Monday,Lawrence Station,Late Leaving Garage,31,62,E/B,1390
15-Oct-18,95,5:40:00 AM,Monday,SCLP,Late Leaving Garage,20,40,W/B,1809
15-Oct-18,126,5:45:00 AM,Monday,St. Clair west stn,Late Leaving Garage,1,30,S/B,1147
15-Oct-18,53,5:46:00 AM,Monday,PAMK,Late Leaving Garage,4,9,W/B,1579
15-Oct-18,26,5:50:00 AM,Monday,JSTN,Late Leaving Garage,20,40,E/B,1410
15-Oct-18,32,5:52:00 AM,Monday,Eglinton stn,Utilized Off Route,7,15,S/B,1305
15-Oct-18,95,5:54:00 AM,Monday,Victoria park and Ellesmere,Mechanical,20,50,W/B,1597
15-Oct-18,47,5:55:00 AM,Monday,Dundas,Utilized Off Route,9,18,N/B,1142
15-Oct-18,90,5:55:00 AM,Monday,wilson garage,Late Leaving Garage,7,15,N/B,1226
15-Oct-18,90,5:57:00 AM,Monday,wilson garage,Late Leaving Garage,4,8,S/B,1230
15-Oct-18,87,5:57:00 AM,Monday,Main Station,Utilized Off Route,5,10,B/W,9207
15-Oct-18,95,5:58:00 AM,Monday,KNRD,Late Leaving Garage,7,14,W/B,1682
15-Oct-18,30,6:00:00 AM,Monday,30 ROUTE,General Delay,20,40,B/W,7912
15-Oct-18,45,6:00:00 AM,Monday,Kipling Route,General Delay,30,35,B/W,8014
15-Oct-18,39,6:00:00 AM,Monday,39 Finch Route-All Branch,General Delay,10,25,B/W,1541
15-Oct-18,112,6:00:00 AM,Monday,West mall,General Delay,30,40,B/W,8051
15-Oct-18,44,6:00:00 AM,Monday,Kipling south,General Delay,20,30,B/W,7950
15-Oct-18,939,6:00:00 AM,Monday,939 Finch Express-All Branch,General Delay,10,19,B/W,1660
15-Oct-18,188,6:00:00 AM,Monday,188 route,General Delay,20,30,B/W,8072
15-Oct-18,192,6:00:00 AM,Monday,192 route,General Delay,20,20,B/W,8072
15-Oct-18,117,6:00:00 AM,Monday,Sheppard W Stn,Mechanical,12,24,,1357
15-Oct-18,95,6:00:00 AM,Monday,SCLP,Late Leaving Garage,8,8,W/B,1580
15-Oct-18,902,6:02:00 AM,Monday,WSTN,Late Leaving Garage,7,0,N/B,8415
15-Oct-18,59,6:02:00 AM,Monday,Jane and Church,Late Leaving Garage,0,0,W/B,1313
15-Oct-18,168,6:03:00 AM,Monday,AVLP,Mechanical,5,10,S/B,1063
15-Oct-18,924,6:06:00 AM,Monday,Victoria Park Station,Late Leaving Garage,1,1,N/B,9211
15-Oct-18,52,6:10:00 AM,Monday,Baycret and Westway,Mechanical,20,40,E/B,1282
15-Oct-18,17,6:12:00 AM,Monday,Woodbine stn,Late Leaving Garage,0,0,N/B,8410
15-Oct-18,116,6:15:00 AM,Monday,Conlins Rd/Ellesmere Rd,Late Leaving Garage,25,50,S/B,8744
15-Oct-18,34,6:19:00 AM,Monday,KENN,Mechanical,4,8,W/B,8880
15-Oct-18,939,6:19:00 AM,Monday,Morningside and Nightstar,Late Leaving Garage,9,18,W/B,1660
15-Oct-18,24,6:22:00 AM,Monday,Consumers & Vic Prk,Late Leaving Garage,14,28,S/B,8438
15-Oct-18,116,6:30:00 AM,Monday,Morningside Ave/Ellesmere Rd,Utilized Off Route,1,1,S/B,8883
15-Oct-18,35,6:39:00 AM,Monday,Jane Station,Late Leaving Garage,10,20,N/B,3297
15-Oct-18,905,6:40:00 AM,Monday,Kennedy STN,Late Leaving Garage,10,20,E/B,8648
15-Oct-18,98,6:40:00 AM,Monday,Wilson Div,Late Leaving Garage,30,30,,8125
15-Oct-18,29,6:50:00 AM,Monday,Wilson stn,Mechanical,8,15,S/B,9035
15-Oct-18,41,6:51:00 AM,Monday,Dundas and Keele,Investigation,11,23,N/B,1259
15-Oct-18,32,6:51:00 AM,Monday,Eglinton West Stn.,Mechanical,6,12,E/B,1037
15-Oct-18,85,6:53:00 AM,Monday,DONS,Late Leaving Garage,16,32,E/B,1559
15-Oct-18,939,6:56:00 AM,Monday,Morningside and Nightstar,Late Leaving Garage,9,18,W/B,1708
15-Oct-18,63,6:59:00 AM,Monday,Egliton West Station,Late Leaving Garage,3,6,S/B,8184
15-Oct-18,927,7:00:00 AM,Monday,KIPLING STN,General Delay,9,18,N/B,
15-Oct-18,133,7:00:00 AM,Monday,STC,Mechanical,11,22,N/B,1657
15-Oct-18,46,7:00:00 AM,Monday,KIPLING STN,General Delay,9,18,N/B,
15-Oct-18,937,7:00:00 AM,Monday,Elmhurst & Islington,Investigation,10,20,N/B,8069
15-Oct-18,935,7:01:00 AM,Monday,Pioneer Village Station,Late Leaving Garage,8,16,S/B,8532
15-Oct-18,36,7:01:00 AM,Monday,Humberwood Loop,Mechanical,5,10,,9126
15-Oct-18,63,7:02:00 AM,Monday,Eglinton West Station,Late Leaving Garage,16,19,S/B,8104
15-Oct-18,53,7:08:00 AM,Monday,Steeles and Townsend,Mechanical,13,26,E/B,9082
15-Oct-18,935,7:09:00 AM,Monday,Pioneer Village Station,Late Leaving Garage,7,15,S/B,3167
15-Oct-18,929,7:20:00 AM,Monday,EXWL,Mechanical,7,15,N/B,9117
15-Oct-18,32,7:22:00 AM,Monday,Eglinton and Kane,Mechanical,5,11,W/B,1062
15-Oct-18,935,7:24:00 AM,Monday,Pioneer Village Station,Late Leaving Garage,7,14,S/B,3298
15-Oct-18,95,7:30:00 AM,Monday,sclp,Late Leaving Garage,9,18,W/B,1707
15-Oct-18,939,7:35:00 AM,Monday,STC SRT,Mechanical,9,18,W/B,1656
15-Oct-18,34,7:45:00 AM,Monday,Eglinton East,General Delay,20,24,B/W,
15-Oct-18,144,7:47:00 AM,Monday,St-Dennis at Deauville lane,Mechanical,20,40,NB,8906
15-Oct-18,39,7:50:00 AM,Monday,Sewells and Little Rd,Mechanical,15,30,W/B,1541
15-Oct-18,60,7:55:00 AM,Monday,Kipling and Steeles,Mechanical,7,14,W/B,3238
15-Oct-18,129,8:00:00 AM,Monday,STC to SLMC to MMRC,General Delay,20,48,B/W,
15-Oct-18,76,8:00:00 AM,Monday,Royal York @ Bloor St,General Delay,7,20,B/W,
15-Oct-18,51,8:00:00 AM,Monday,Eglinton Stn to Freshmeadows at Don Mills,General Delay,15,21,B/W,
15-Oct-18,5,8:00:00 AM,Monday,Eglinton SNt ot Queen park Circle,General Delay,14,27,B/W,
15-Oct-18,61,8:00:00 AM,Monday,EglintoN Snt to Boombay Loop,General Delay,12,22,B/W,
15-Oct-18,134,8:00:00 AM,Monday,Between STC and CECO,General Delay,15,21,B/W,
15-Oct-18,73,8:00:00 AM,Monday,Albion / ClairPort,General Delay,13,26,B/W,
15-Oct-18,100,8:00:00 AM,Monday,Route 100,General Delay,12,16,B/W,
15-Oct-18,95,8:00:00 AM,Monday,YKMS to KNRD,General Delay,20,40,W/B,
15-Oct-18,63,8:00:00 AM,Monday,Eglinton West Station to Atlantic/ King,General Delay,17,27,B/W,
15-Oct-18,90,8:10:00 AM,Monday,st clair wstn to oakwood,General Delay,4,9,B/W,
15-Oct-18,102,8:12:00 AM,Monday,Eglinton,Investigation,10,20,S/B,8962
15-Oct-18,72,8:30:00 AM,Monday,Pape Route,General Delay,10,1,B/W,
15-Oct-18,102,8:30:00 AM,Monday,Markham Route,General Delay,15,1,B/W,
15-Oct-18,17,8:30:00 AM,Monday,Birchmount,General Delay,14,14,B/W,
15-Oct-18,87,8:30:00 AM,Monday,COSBURN ROUTE,General Delay,10,,B/W,
15-Oct-18,902,8:30:00 AM,Monday,Markham Express Route,General Delay,15,1,B/W,
15-Oct-18,82,8:30:00 AM,Monday,rosedale stn to cresent rd,General Delay,4,9,B/W,
15-Oct-18,169,8:30:00 AM,Monday,Don Mills Station to Scarborough Centre Station,General Delay,36,56,B/W,
15-Oct-18,121,8:45:00 AM,Monday,SPADINA TO YONGE,General Delay,10,,B/W,
15-Oct-18,939,8:45:00 AM,Monday,Consilium Place and McCowan,Investigation,9,18,S/B,1557
15-Oct-18,902,8:46:00 AM,Monday,Centennial college,Mechanical,10,20,S/B,8400
15-Oct-18,63,8:47:00 AM,Monday,Oakwood Loop,Mechanical,6,10,S/B,1328
15-Oct-18,87,8:49:00 AM,Monday,Main stn,Utilized Off Route,5,10,B/W,8453
15-Oct-18,925,8:50:00 AM,Monday,PSTN,Mechanical,8,18,NB,8698
15-Oct-18,63,8:55:00 AM,Monday,Eglinton Station,Emergency Services,10,19,S/B,1384
15-Oct-18,14,9:00:00 AM,Monday,Englemount and Glencairn,Diversion,40,56,B/W,
15-Oct-18,92,9:08:00 AM,Monday,WOODBINE STATION,Mechanical,9,18,S/B,7777
15-Oct-18,75,9:14:00 AM,Monday,queen to maple,General Delay,4,9,B/W,
15-Oct-18,52,9:14:00 AM,Monday,Lawrence and Bathurst,Emergency Services,8,16,W/B,1371
15-Oct-18,929,9:15:00 AM,Monday,Dufferin / Bloor,Mechanical,8,15,S/B,9041
15-Oct-18,23,9:30:00 AM,Monday,DAWES RD TO MAIN STN,General Delay,10,1,B/W,
15-Oct-18,131,9:30:00 AM,Monday,MVOF to KENN,General Delay,12,20,S/B,
15-Oct-18,72,9:42:00 AM,Monday,Dundas/ pape stn,Utilized Off Route,16,24,B/W,8437
15-Oct-18,87,9:46:00 AM,Monday,Broadview stn,Utilized Off Route,10,20,B/W,9205
15-Oct-18,100,9:46:00 AM,Monday,BSTN,Utilized Off Route,5,11,N/B,8868
15-Oct-18,925,9:50:00 AM,Monday,PSTN,Utilized Off Route,10,20,NB,8865
15-Oct-18,102,9:51:00 AM,Monday,WSTN,Investigation,20,40,N/B,8477
15-Oct-18,63,9:55:00 AM,Monday,Ossington/ Queen St W.,Utilized Off Route,8,19,S/B,8335
15-Oct-18,21,9:59:00 AM,Monday,STC,Mechanical,14,28,N/B,1768
15-Oct-18,25,10:00:00 AM,Monday,Don Mills route,General Delay,10,20,B/W,
15-Oct-18,925,10:00:00 AM,Monday,Don Mills Express route,General Delay,10,20,B/W,
15-Oct-18,75,10:06:00 AM,Monday,queen st,Utilized Off Route,5,10,S/B,8368
15-Oct-18,39,10:10:00 AM,Monday,McCowan and Finch,Mechanical,6,12,W/B,1825
15-Oct-18,94,10:24:00 AM,Monday,QSPRK,Emergency Services,13,26,E/B,1263
15-Oct-18,133,10:25:00 AM,Monday,Morningside & Finch,Mechanical,9,18,S/B,1825
15-Oct-18,70,10:27:00 AM,Monday,St. Clair and Glenburn,Investigation,3,21,W/B,8663
15-Oct-18,39,10:35:00 AM,Monday,Finch Station,Mechanical,18,36,E/B,1597
15-Oct-18,50,10:44:00 AM,Monday,Islington Station,Emergency Services,20,40,B/W,7920
15-Oct-18,53,10:45:00 AM,Monday,Finch Station,Utilized Off Route,5,10,E/B,1704
15-Oct-18,67,10:55:00 AM,Monday,Pharmacy at Lawrence,Mechanical,15,30,NB,8686
15-Oct-18,929,11:03:00 AM,Monday,Dufferin / Davenport,Investigation,10,20,S/B,9025
15-Oct-18,85,11:13:00 AM,Monday,Sheppard - Gateforth,Mechanical,14,21,W/B,1592
15-Oct-18,57,11:17:00 AM,Monday,Kennedy Stn,Mechanical,23,46,N/B,8859
15-Oct-18,100,11:22:00 AM,Monday,DMWF,Mechanical,5,11,S/B,8777
15-Oct-18,7,11:25:00 AM,Monday,bathurst stn,Mechanical,10,20,N/B,9010
15-Oct-18,130,11:28:00 AM,Monday,Middlefield north of Passmore,Mechanical,21,42,S/B,1663
15-Oct-18,929,11:30:00 AM,Monday,Dufferin / Bloor,Investigation,10,20,S/B,9036
15-Oct-18,21,11:35:00 AM,Monday,stc,Mechanical,25,50,S/B,1748
15-Oct-18,67,12:00:00 PM,Monday,Victoria Park Station,Diversion,48,72,N/B,8863
15-Oct-18,52,12:04:00 PM,Monday,Weston and Lawrence,Investigation,12,24,E/B,1204
15-Oct-18,710,12:13:00 PM,Monday,Morningside Ave/Beath St,Investigation,1,1,S/B,8781
15-Oct-18,96,12:27:00 PM,Monday,Wilson and Yonge Blvd,Investigation,20,40,W/B,3230
15-Oct-18,95,12:39:00 PM,Monday,Pollard and Ellesmere,Investigation,16,32,W/B,1255
15-Oct-18,21,1:03:00 PM,Monday,STC,Mechanical,14,28,S/B,1774
15-Oct-18,63,1:04:00 PM,Monday,Oakwood Loop,Mechanical,8,17,S/B,1206
15-Oct-18,75,1:05:00 PM,Monday,Esplanade,Investigation,7,14,S/B,8201
15-Oct-18,161,1:16:00 PM,Monday,Bicknell and Rogers,Mechanical,18,35,E/B,1130
15-Oct-18,96,2:00:00 PM,Monday,Route 96,General Delay,13,22,B/W,
15-Oct-18,24,2:01:00 PM,Monday,Curlew Drive,Investigation,1,1,S/B,8481
15-Oct-18,161,2:20:00 PM,Monday,Caledonia and Rogers,Diversion,52,70,E/B,
15-Oct-18,75,2:20:00 PM,Monday,Linden/Sherbourne,Investigation,7,14,S/B,8338
15-Oct-18,161,2:20:00 PM,Monday,Caledonia and Rogers,Investigation,17,35,E/B,
15-Oct-18,106,2:22:00 PM,Monday,Sheppard west Ave and Keele St,Mechanical,12,24,W/B,8160
15-Oct-18,17,2:41:00 PM,Monday,WAST,Late Leaving Garage,8,14,B/W,7717
15-Oct-18,54,2:46:00 PM,Monday,Eglinton and Dunfield,Investigation,10,20,E/B,8737
15-Oct-18,935,2:50:00 PM,Monday,Jane & York Gate,Investigation,9,18,S/B,3198
15-Oct-18,35,2:56:00 PM,Monday,Jane & York Gate,Investigation,7,15,S/B,3309
15-Oct-18,77,2:57:00 PM,Monday,RUST,Mechanical,13,26,S/B,1521
15-Oct-18,118,3:00:00 PM,Monday,Route 118,General Delay,16,41,B/W,
15-Oct-18,45,3:00:00 PM,Monday,ENTIRE ROUTE,General Delay,4,20,B/W,
15-Oct-18,54,3:00:00 PM,Monday,GARAGE,Late Leaving Garage,10,20,E/B,8839
15-Oct-18,47,3:00:00 PM,Monday,YRKDL,Late Leaving Garage,8,16,N/B,
15-Oct-18,52,3:01:00 PM,Monday,LSTN,Late Leaving Garage,15,26,W/B,8140
15-Oct-18,34,3:03:00 PM,Monday,KENN,Investigation,5,9,e,7237
15-Oct-18,108,3:04:00 PM,Monday,Sheppard West Station,Late Leaving Garage,15,30,N/B,3156
15-Oct-18,63,3:10:00 PM,Monday,Eglinton Station,Late Leaving Garage,4,8,S/B,
15-Oct-18,952,3:12:00 PM,Monday,LSTN,Late Leaving Garage,12,24,W/B,1394
15-Oct-18,131,3:14:00 PM,Monday,KENN,Late Leaving Garage,9,9,N/B,1240
15-Oct-18,47,3:15:00 PM,Monday,College / Dundas / Dufferin,General Delay,320,328,B/W,
15-Oct-18,95,3:18:00 PM,Monday,ELRT,Mechanical,10,10,W/B,1720
15-Oct-18,68,3:18:00 PM,Monday,Warden stn,Late Leaving Garage,6,12,N/B,8664
15-Oct-18,102,3:28:00 PM,Monday,warden staiton,Utilized Off Route,21,42,N/B,8444
15-Oct-18,39,3:30:00 PM,Monday,Seneca Hill and Finch,Mechanical,14,28,B/W,1669
15-Oct-18,88,3:32:00 PM,Monday,St. Clair and Mt. Pleasant,Investigation,12,24,N/B,8320
15-Oct-18,53,3:36:00 PM,Monday,FSTN,Mechanical,5,6,E/B,1673
15-Oct-18,39,3:39:00 PM,Monday,Finch Station,Mechanical,14,28,B/W,1792
15-Oct-18,70,3:50:00 PM,Monday,Woodbine/O'Connor bridge,General Delay,23,37,N/B,
15-Oct-18,96,3:54:00 PM,Monday,12   Humberline loop,Mechanical,22,44,W/B,3264
15-Oct-18,108,3:57:00 PM,Monday,Route 108,General Delay,14,,S/B,3231
15-Oct-18,35,3:58:00 PM,Monday,PVST,Late Leaving Garage,10,20,S/B,3226
15-Oct-18,929,4:00:00 PM,Monday,Entire Route,General Delay,25,30,B/W,
15-Oct-18,29,4:00:00 PM,Monday,Entire Route,General Delay,25,30,B/W,
15-Oct-18,8,4:00:00 PM,Monday,Coxwell Ave and O'Connor Drive,General Delay,15,1,E/B,
15-Oct-18,87,4:00:00 PM,Monday,MSTN - BSTN,General Delay,10,15,B/W,
15-Oct-18,91,4:00:00 PM,Monday,Woodbine and O'connor,General Delay,10,26,B/W,
15-Oct-18,937,4:10:00 PM,Monday,Islington Station,Late Leaving Garage,11,22,N/B,8018
15-Oct-18,902,4:13:00 PM,Monday,Sheppard and markham,Mechanical,10,20,S/B,7875
15-Oct-18,43,4:25:00 PM,Monday,Kenn. Stn,Mechanical,5,10,N/B,8757
15-Oct-18,29,4:30:00 PM,Monday,Dufferin and Dufferin Park,Diversion,620,625,B/W,
15-Oct-18,929,4:30:00 PM,Monday,Dufferin and Dufferin Park,Diversion,410,420,B/W,
15-Oct-18,25,4:34:00 PM,Monday,Don Mills and Freshmeadow,Mechanical,5,10,S/B,8705
15-Oct-18,989,4:50:00 PM,Monday,Weston and Ray av.,Mechanical,10,20,S/B,1059
15-Oct-18,902,5:27:00 PM,Monday,warden staiton,Mechanical,1,1,N/B,8414
15-Oct-18,100,5:30:00 PM,Monday,Broadview STN + Don Mills and Wynford,General Delay,20,25,B/W,
15-Oct-18,34,5:30:00 PM,Monday,Eglinton & Kennedy STNs + Grenoble and Spanbridge,General Delay,15,20,B/W,
15-Oct-18,85,5:35:00 PM,Monday,Sheppard at Kennedy,Emergency Services,15,30,W/B,1531
15-Oct-18,95,5:41:00 PM,Monday,Birchmount and Ellesmere Rd,Mechanical,10,19,E/B,1597
15-Oct-18,108,5:51:00 PM,Monday,Sheppard W stn,Mechanical,8,16,W/B,8537
15-Oct-18,97,5:55:00 PM,Monday,Yonge St and Blythwood,Investigation,30,60,N/B,1251
15-Oct-18,30,6:10:00 PM,Monday,DUNDAS AND ST JOHN,Investigation,20,40,E/B,7968
15-Oct-18,939,6:19:00 PM,Monday,Scarborough Town Center,Mechanical,15,30,B/W,1787
15-Oct-18,47,6:45:00 PM,Monday,Dupont and Lansdowne,Investigation,10,20,S/B,1106
15-Oct-18,935,6:50:00 PM,Monday,JNST,Investigation,10,20,N/B,3134
15-Oct-18,35,6:50:00 PM,Monday,JNST,Investigation,10,20,N/B,3124
15-Oct-18,91,7:00:00 PM,Monday,Woodbine stn,Mechanical,12,24,N/B,8458
15-Oct-18,81,7:06:00 PM,Monday,pape station,Mechanical,10,20,N/B,7813
15-Oct-18,86,7:14:00 PM,Monday,Kingston & Livingston,Mechanical,14,23,E/B,8903
15-Oct-18,16,7:38:00 PM,Monday,Scarborough Town Centre Station,Mechanical,11,22,S/B,9208
15-Oct-18,71,8:18:00 PM,Monday,RUST,Investigation,22,44,N/B,1357
15-Oct-18,70,8:56:00 PM,Monday,O'Connor and sunrise,Investigation,30,60,N/B,8749
15-Oct-18,7,9:05:00 PM,Monday,Bathurst Station,Emergency Services,10,20,N/B,9001
15-Oct-18,35,9:05:00 PM,Monday,2901 Jane St,Mechanical,8,15,N/B,3264
15-Oct-18,46,9:09:00 PM,Monday,Steeles Loop,Late Leaving Garage,7,14,S/B,8544
15-Oct-18,46,9:09:00 PM,Monday,Steeles Loop,Late Leaving Garage,7,14,S/B,8544
15-Oct-18,20,9:27:00 PM,Monday,Kennedy Station,Mechanical,23,46,W/B,8407
15-Oct-18,36,9:30:00 PM,Monday,Finch and Tobormory,Mechanical,9,18,E/B,9123
15-Oct-18,22,9:55:00 PM,Monday,bingam loop,Mechanical,10,20,S/B,9231
15-Oct-18,60,10:15:00 PM,Monday,PVST,Mechanical,9,18,W/B,3220
15-Oct-18,16,11:05:00 PM,Monday,McCowan & Brimorton,Mechanical,15,30,N/B,8488
15-Oct-18,134,11:22:00 PM,Monday,STC,Mechanical,22,44,S/B,9083
16-Oct-18,28,12:05:00 AM,Tuesday,Bayview and Moore,Diversion,1,1,N/B,8367
16-Oct-18,88,12:10:00 AM,Tuesday,Moore and Bayview,Diversion,1,1,B/W,8320
16-Oct-18,52,1:03:00 AM,Tuesday,lawrence west stn,Investigation,19,38,E/B,8308
16-Oct-18,63,1:03:00 AM,Tuesday,ossington station,Utilized Off Route,10,20,N/B,1205
16-Oct-18,334,3:00:00 AM,Tuesday,Eglinton Ave and Mount Pleasant Rd,Diversion,168,198,B/W,8814
16-Oct-18,354,3:05:00 AM,Tuesday,Eglinton Ave and Mount Pleasant Rd,Diversion,180,210,B/W,8795
16-Oct-18,98,4:18:00 AM,Tuesday,Steeles and Yonge,Late Leaving Garage,15,25,S/B,8026
16-Oct-18,89,4:45:00 AM,Tuesday,Keele Stn,Late Leaving Garage,30,60,N/B,1266
16-Oct-18,41,4:45:00 AM,Tuesday,KSTN,Mechanical,5,5,N/B,9139
16-Oct-18,300,4:55:00 AM,Tuesday,Parliament and Bloor,Mechanical,27,27,E/B,8859
16-Oct-18,88,4:56:00 AM,Tuesday,Thorncliffe Park and Overlea,Mechanical,12,22,E/B,8103
16-Oct-18,29,5:00:00 AM,Tuesday,On Dufferin from Bloor to College,Diversion,323,333,BW,
16-Oct-18,54,5:00:00 AM,Tuesday,Eglinton and Mt Pleasant,Diversion,0,0,E/B,8899
16-Oct-18,34,5:00:00 AM,Tuesday,Eglinton Ave E/Mount Pleasant Rd,Diversion,1,1,B/W,
16-Oct-18,65,5:02:00 AM,Tuesday,CAST,Late Leaving Garage,12,24,S/B,8477
16-Oct-18,300,5:02:00 AM,Tuesday,Queesway Division,Investigation,0,0,,7924
16-Oct-18,91,5:06:00 AM,Tuesday,Woodbine Station,Late Leaving Garage,1,1,N/B,9228
16-Oct-18,20,5:10:00 AM,Tuesday,Main Station,Mechanical,1,1,E/B,8454
16-Oct-18,51,5:10:00 AM,Tuesday,Mt Pleasant Rd & Eglinton Ave,Diversion,1200,1210,B/W,
16-Oct-18,169,5:19:00 AM,Tuesday,Commander Blvd,Diversion,1,1,B/W,
16-Oct-18,165,5:20:00 AM,Tuesday,YKMS,Late Leaving Garage,1,10,W/B,8569
16-Oct-18,17,5:20:00 AM,Tuesday,Steeles & Mount Castle Gate,Late Leaving Garage,1,1,S/B,8468
16-Oct-18,353,5:21:00 AM,Tuesday,Steels and Northwest Gate,Investigation,27,55,W/B,1783
16-Oct-18,71,5:23:00 AM,Tuesday,RBLR,Late Leaving Garage,6,6,N/B,1415
16-Oct-18,43,5:25:00 AM,Tuesday,Kennedy Stn,Mechanical,5,,S/B,8787
16-Oct-18,61,5:26:00 AM,Tuesday,Bombay Loop,Late Leaving Garage,12,12,S/B,8370
16-Oct-18,47,5:32:00 AM,Tuesday,Yorkdale,Late Leaving Garage,18,36,S/B,1124
16-Oct-18,35,5:33:00 AM,Tuesday,Jane and Hullmar,Mechanical,5,10,N/B,3264
16-Oct-18,925,5:42:00 AM,Tuesday,eglinton yard,Late Leaving Garage,1,1,S/B,8723
16-Oct-18,56,5:43:00 AM,Tuesday,Mt Pleasant Rd & Eglinton Ave,Diversion,1140,1160,B/W,
16-Oct-18,47,5:48:00 AM,Tuesday,Queen and Lansdowne,Late Leaving Garage,4,9,N/B,1086
16-Oct-18,17,5:58:00 AM,Tuesday,Warden stn,Mechanical,0,0,N/B,7862
16-Oct-18,74,6:00:00 AM,Tuesday,Eglinton/Mt.Pleasant,Diversion,35,50,B/W,
16-Oct-18,34,6:00:00 AM,Tuesday,Eglinton 34 route,General Delay,25,29,B/W,
16-Oct-18,39,6:00:00 AM,Tuesday,39 Finch Route-All Branch,General Delay,10,16,B/W,1802
16-Oct-18,939,6:00:00 AM,Tuesday,939 Finch Express-All Branch,General Delay,9,18,B/W,1274
16-Oct-18,52,6:12:00 AM,Tuesday,ollington & Martin grove,Mechanical,15,30,E/B,8149
16-Oct-18,95,6:15:00 AM,Tuesday,ELRT,Late Leaving Garage,7,14,W/B,1284
16-Oct-18,168,6:18:00 AM,Tuesday,Dundas W Stn,Late Leaving Garage,5,10,N/B,1014
16-Oct-18,925,6:18:00 AM,Tuesday,freshmeadow and townsend,Late Leaving Garage,8,16,S/B,8827
16-Oct-18,127,6:19:00 AM,Tuesday,Spadina Station,Late Leaving Garage,17,34,W/B,1419
16-Oct-18,937,6:20:00 AM,Tuesday,Islington Express / ISTN,Late Leaving Garage,0,0,N/B,7971
16-Oct-18,160,6:20:00 AM,Tuesday,wilson garage,Late Leaving Garage,20,40,N/B,1302
16-Oct-18,23,6:21:00 AM,Tuesday,MSTN,Late Leaving Garage,6,12,N/B,7813
16-Oct-18,63,6:24:00 AM,Tuesday,Eglinton West Station,Late Leaving Garage,3,7,S/B,1283
16-Oct-18,925,6:25:00 AM,Tuesday,eglinton yard,Late Leaving Garage,1,1,o/b,8776
16-Oct-18,160,6:30:00 AM,Tuesday,wilson stn lower,Investigation,20,40,N/B,1214
16-Oct-18,53,6:30:00 AM,Tuesday,Yonge and Steels,Mechanical,13,30,S/B,9088
16-Oct-18,89,6:32:00 AM,Tuesday,Albion and Weston,Mechanical,6,12,S/B,1011
16-Oct-18,68,6:33:00 AM,Tuesday,WLAS,Mechanical,5,10,S/B,8913
16-Oct-18,63,6:33:00 AM,Tuesday,Eglinton West Station,Late Leaving Garage,3,6,S/B,1297
16-Oct-18,89,6:36:00 AM,Tuesday,Dundas and Keele,Mechanical,6,12,N/B,1260
16-Oct-18,34,6:46:00 AM,Tuesday,GRSP,Mechanical,11,22,W/B,8880
16-Oct-18,17,6:48:00 AM,Tuesday,Warden stn,Late Leaving Garage,0,0,N/B,7821
16-Oct-18,924,6:52:00 AM,Tuesday,Steeles & Victoria Park Loop,Mechanical,1,1,S/B,8474
16-Oct-18,960,6:52:00 AM,Tuesday,Pioneer Village,Late Leaving Garage,8,16,E/B,1343
16-Oct-18,89,6:52:00 AM,Tuesday,WEEG,Mechanical,6,12,S/B,1407
16-Oct-18,939,6:58:00 AM,Tuesday,STC SRT,Late Leaving Garage,7,14,B/W,1274
16-Oct-18,108,6:58:00 AM,Tuesday,SWST,Late Leaving Garage,12,12,W/B,8494
16-Oct-18,54,7:00:00 AM,Tuesday,ESTN,Mechanical,9,18,E/B,8832
16-Oct-18,63,7:02:00 AM,Tuesday,Eglinton West Station,Late Leaving Garage,16,19,S/B,1368
16-Oct-18,77,7:10:00 AM,Tuesday,Cohill and Windermere,Diversion,9,309,S/B,1035
16-Oct-18,935,7:24:00 AM,Tuesday,Pioneer Village Station,Late Leaving Garage,7,14,S/B,3100
16-Oct-18,65,7:30:00 AM,Tuesday,Palliament and Carlton,General Delay,24,24,B/W,
16-Oct-18,63,7:30:00 AM,Tuesday,King St W and Shaw St,Mechanical,6,9,S/B,1381
16-Oct-18,135,7:30:00 AM,Tuesday,Main/Gerrard-Victoria Park and Gerrard,General Delay,12,12,B/W,
16-Oct-18,65,7:43:00 AM,Tuesday,Castle Frank stn,Mechanical,12,24,B/W,7715
16-Oct-18,63,7:45:00 AM,Tuesday,Eglinton Station to Atlantic and King.,General Delay,29,33,B/W,
16-Oct-18,11,7:54:00 AM,Tuesday,bayview and Blythwood Rd,Investigation,12,24,S/B,8101
16-Oct-18,45,8:00:00 AM,Tuesday,BEACON HILL,General Delay,1,1,S/B,
16-Oct-18,984,8:00:00 AM,Tuesday,On Sheppard Avenue West of Sentinel,Investigation,9,18,W/B,3198
16-Oct-18,11,8:00:00 AM,Tuesday,Sleeles Loop to Davisville Stn,General Delay,17,15,B/W,
16-Oct-18,51,8:00:00 AM,Tuesday,Egliton Sn to Freshmeadows,General Delay,12,29,B/W,
16-Oct-18,5,8:00:00 AM,Tuesday,Eglinton Stn to Quuensparks Circle.,General Delay,12,25,B/W,
16-Oct-18,100,8:00:00 AM,Tuesday,Route 100,General Delay,12,16,B/W,
16-Oct-18,37,8:00:00 AM,Tuesday,Islington Avenue / ISTN,General Delay,10,20,B/W,
16-Oct-18,61,8:00:00 AM,Tuesday,Eglinton Stn to Boombay Loop,General Delay,15,25,B/W,
16-Oct-18,111,8:00:00 AM,Tuesday,East Mall / KSTN,General Delay,12,24,B/W,
16-Oct-18,90,8:15:00 AM,Tuesday,st clair wstn to oakwood,General Delay,4,8,B/W,
16-Oct-18,42,8:18:00 AM,Tuesday,Dynamic and McNicoll Dr,Utilized Off Route,12,24,W/B,8203
16-Oct-18,162,8:30:00 AM,Tuesday,Lawrence Stn to Donway East and Lawrence,General Delay,120,1,B/W,
16-Oct-18,95,8:30:00 AM,Tuesday,YKMS to KNRD,General Delay,10,20,B/W,
16-Oct-18,75,8:40:00 AM,Tuesday,queen to maple,General Delay,5,10,B/W,
16-Oct-18,102,8:52:00 AM,Tuesday,WSTN,Mechanical,20,40,N/B,8469
16-Oct-18,11,8:55:00 AM,Tuesday,sUNNYbROOK Hospital,Investigation,12,24,N/B,8112
16-Oct-18,186,9:00:00 AM,Tuesday,Wilson and Weston,Mechanical,11,22,W/B,3131
16-Oct-18,43,9:04:00 AM,Tuesday,kennedy stn,Mechanical,10,21,N/B,8748
16-Oct-18,95,9:14:00 AM,Tuesday,ELRT,Investigation,7,14,W/B,1639
16-Oct-18,49,9:15:00 AM,Tuesday,Markland to Kipling,General Delay,1,1,B/W,7950
16-Oct-18,89,9:43:00 AM,Tuesday,Weston and Albion,Mechanical,10,20,N/B,1064
16-Oct-18,89,10:00:00 AM,Tuesday,Keele and West Toronto,Mechanical,10,20,S/B,1266
16-Oct-18,76,10:01:00 AM,Tuesday,Lakeshore & Mimico,Mechanical,11,21,N/B,7433
16-Oct-18,95,10:12:00 AM,Tuesday,Kennedy and Ellesmere,Investigation,1,1,E/B,1631
16-Oct-18,44,10:26:00 AM,Tuesday,Kipling stn,Investigation,7,14,S/B,7922
16-Oct-18,79,10:34:00 AM,Tuesday,Mount Dennis Division,Investigation,1,1,S/B,1078
16-Oct-18,70,11:16:00 AM,Tuesday,St . Clair to Coxwell on O'Connor Dr.,General Delay,10,15,W/B,
16-Oct-18,71,11:44:00 AM,Tuesday,INMD,Mechanical,23,45,S/B,1025
16-Oct-18,56,11:45:00 AM,Tuesday,Eglinton & Bayview,Mechanical,18,36,W/B,8368
16-Oct-18,59,12:14:00 PM,Tuesday,Imgram Drive at Kincourt Street,Diversion,1,1,B/W,
16-Oct-18,186,12:20:00 PM,Tuesday,Jane and Wilson,Emergency Services,11,22,W/B,3142
16-Oct-18,165,12:26:00 PM,Tuesday,JWIL,Mechanical,10,20,W/B,8564
16-Oct-18,75,12:27:00 PM,Tuesday,bloor,Mechanical,7,14,S/B,8334
16-Oct-18,89,1:04:00 PM,Tuesday,KSTN,Mechanical,10,20,N/B,1606
16-Oct-18,52,1:09:00 PM,Tuesday,Pearon Airport T3,Mechanical,14,28,W/B,1203
16-Oct-18,80,1:22:00 PM,Tuesday,Zorra and The Queensway,Investigation,24,48,E/B,8072
16-Oct-18,53,1:25:00 PM,Tuesday,Finch Station,Mechanical,5,10,E/B,1765
16-Oct-18,127,1:25:00 PM,Tuesday,Spadina and Davenport,Diversion,84,106,W/B,
16-Oct-18,95,1:30:00 PM,Tuesday,KNRD,Mechanical,16,32,W/B,1768
16-Oct-18,89,2:00:00 PM,Tuesday,between lawrence and st clair,General Delay,25,35,B/W,
16-Oct-18,6,2:30:00 PM,Tuesday,Grosvenor and  Bay,Investigation,10,20,S/B,1009
16-Oct-18,83,2:30:00 PM,Tuesday,Lakeshore and Carlaw,General Delay,10,10,B/W,
16-Oct-18,24,2:40:00 PM,Tuesday,Steeles Loop,Mechanical,8,16,S/B,7833
16-Oct-18,53,2:48:00 PM,Tuesday,PAMK,Mechanical,10,15,W/B,1726
16-Oct-18,47,2:49:00 PM,Tuesday,College and Lansdowne,Investigation,9,18,S/B,1072
16-Oct-18,47,2:49:00 PM,Tuesday,Lansdowne and College,Utilized Off Route,9,18,S/B,1072
16-Oct-18,42,2:59:00 PM,Tuesday,VP and McNicoll,Late Leaving Garage,13,1,W/B,8205
16-Oct-18,122,3:00:00 PM,Tuesday,Yonge to Bayview,General Delay,20,32,B/W,1319
16-Oct-18,83,3:00:00 PM,Tuesday,Castle Frank Station to Front & Berkeley,General Delay,12,22,B/W,
16-Oct-18,186,3:00:00 PM,Tuesday,Route 186,General Delay,13,24,B/W,
16-Oct-18,96,3:00:00 PM,Tuesday,Route 96,General Delay,12,21,B/W,
16-Oct-18,165,3:00:00 PM,Tuesday,Route 165,General Delay,8,16,B/W,
16-Oct-18,952,3:00:00 PM,Tuesday,Terminal 3 and Lawrence Station,General Delay,20,32,B/W,1243
16-Oct-18,52,3:00:00 PM,Tuesday,Terminal 3 to LSTN,General Delay,20,30,B/W,1215
16-Oct-18,81,3:03:00 PM,Tuesday,TH65,Mechanical,10,20,S/B,8952
16-Oct-18,68,3:08:00 PM,Tuesday,Warden and Huntingwood,Emergency Services,10,15,N/B,8689
16-Oct-18,7,3:09:00 PM,Tuesday,Bathurst and Wilson,Investigation,9,18,S/B,9011
16-Oct-18,134,3:10:00 PM,Tuesday,Finchdene and Finch,Mechanical,18,36,S/B,9065
16-Oct-18,102,3:10:00 PM,Tuesday,sheppard and makrham,Investigation,20,40,S/B,8480
16-Oct-18,131,3:12:00 PM,Tuesday,MORN,Late Leaving Garage,10,14,W/B,1784
16-Oct-18,63,3:14:00 PM,Tuesday,Eglinton Station,Late Leaving Garage,8,12,S/B,1369
16-Oct-18,53,3:15:00 PM,Tuesday,Bayview and Steeles,Mechanical,4,13,W/B,9071
16-Oct-18,102,3:15:00 PM,Tuesday,warden station,Utilized Off Route,15,30,S/B,8448
16-Oct-18,87,3:21:00 PM,Tuesday,COXWELL AND COSBURN,Late Leaving Garage,13,13,W/B,8465
16-Oct-18,106,3:24:00 PM,Tuesday,Sheppard West Station/ Station Exit.,Mechanical,10,20,W/B,1283
16-Oct-18,939,3:26:00 PM,Tuesday,Scarborough Town Center,Mechanical,6,12,B/W,1796
16-Oct-18,79,3:30:00 PM,Tuesday,Lawrence to eglinton,General Delay,20,35,S/B,
16-Oct-18,52,3:42:00 PM,Tuesday,Lawrence and Duplex.,Investigation,7,21,E/B,8308
16-Oct-18,21,3:45:00 PM,Tuesday,KEN,Late Leaving Garage,11,22,W/B,1782
16-Oct-18,52,3:45:00 PM,Tuesday,Jane and Lawrence,Mechanical,7,20,E/B,1309
16-Oct-18,952,3:48:00 PM,Tuesday,LSTN,Late Leaving Garage,12,24,W/B,8150
16-Oct-18,32,3:55:00 PM,Tuesday,Widdicombe/Eglinton,Mechanical,9,17,W/B,1409
16-Oct-18,115,4:00:00 PM,Tuesday,Yonge to Bayview,General Delay,20,40,40,
16-Oct-18,45,4:00:00 PM,Tuesday,Kipling and Rexdale,General Delay,25,,B/W,
16-Oct-18,24,4:00:00 PM,Tuesday,Yorkland Road and Yorkland Blvd,General Delay,15,1,B/W,
16-Oct-18,54,4:00:00 PM,Tuesday,ESTN to LSGR and STSP,General Delay,18,25,B/W,
16-Oct-18,95,4:00:00 PM,Tuesday,KNRD to YKMS,General Delay,10,20,B/W,
16-Oct-18,95,4:06:00 PM,Tuesday,Markham and Ellesmere,Investigation,10,20,W/B,1739
16-Oct-18,924,4:27:00 PM,Tuesday,Steeles Loop,Mechanical,9,18,S/B,7717
16-Oct-18,24,4:28:00 PM,Tuesday,Hare Gate Ct,Investigation,1,1,S/B,8471
16-Oct-18,121,4:30:00 PM,Tuesday,MLCH -PRGT,General Delay,12,27,B/W,
16-Oct-18,68,4:30:00 PM,Tuesday,WAST to WLAS,General Delay,15,20,B/W,
16-Oct-18,98,4:32:00 PM,Tuesday,Sheppard and Yonge Station,Mechanical,30,60,N/B,1368
16-Oct-18,12,4:41:00 PM,Tuesday,Brimley Road,Investigation,17,34,W/B,8493
16-Oct-18,47,4:43:00 PM,Tuesday,Ohara and Lansdowne,Investigation,1,1,N/B,1082
16-Oct-18,102,4:46:00 PM,Tuesday,warden station,Mechanical,20,40,S/B,8467
16-Oct-18,984,4:57:00 PM,Tuesday,SHEP,Mechanical,7,15,W/B,3259
16-Oct-18,97,4:57:00 PM,Tuesday,Davisville Station,Mechanical,30,60,N/B,8348
16-Oct-18,924,4:58:00 PM,Tuesday,Victoria Park Station,Mechanical,9,18,N/B,7716
16-Oct-18,86,4:58:00 PM,Tuesday,Kennedy Station,Mechanical,10,19,E/B,8682
16-Oct-18,44,5:00:00 PM,Tuesday,Dundas St W and Aukland,General Delay,15,,B/W,
16-Oct-18,985,5:00:00 PM,Tuesday,DONS - SLP,General Delay,8,16,B/W,
16-Oct-18,86,5:13:00 PM,Tuesday,Kennedy Station,Utilized Off Route,10,19,E/B,8682
16-Oct-18,95,5:23:00 PM,Tuesday,Brimley and Ellesmere,Mechanical,10,20,W/B,1702
16-Oct-18,32,5:26:00 PM,Tuesday,PINE,Mechanical,9,17,E/B,1059
16-Oct-18,95,5:33:00 PM,Tuesday,Upper Highland and York Mills,Mechanical,10,20,W/B,1582
16-Oct-18,53,5:34:00 PM,Tuesday,404 and Steeles,Investigation,15,30,W/B,9066
16-Oct-18,6,5:35:00 PM,Tuesday,DuPont and Davenport,Mechanical,1,1,N/B,1072
16-Oct-18,39,5:46:00 PM,Tuesday,Finch Station,Mechanical,14,28,B/W,1723
16-Oct-18,985,5:57:00 PM,Tuesday,Sheppard Avenue and 404,Investigation,8,16,W/B,9074
16-Oct-18,36,6:20:00 PM,Tuesday,Humberwood loop,Mechanical,6,12,W/B,9121
16-Oct-18,31,6:33:00 PM,Tuesday,Greenwood Station,Mechanical,10,18,S/B,8407
16-Oct-18,32,6:45:00 PM,Tuesday,PINE,Mechanical,8,17,E/B,1052
16-Oct-18,902,6:48:00 PM,Tuesday,warden staiton,Mechanical,1,1,S/B,8469
16-Oct-18,116,7:08:00 PM,Tuesday,Kennedy Station,Utilized Off Route,10,20,E/B,8813
16-Oct-18,16,7:10:00 PM,Tuesday,Warden Station,Mechanical,11,22,N/B,8423
16-Oct-18,188,7:15:00 PM,Tuesday,Kipling Station,Mechanical,9,18,S/B,8077
16-Oct-18,86,7:45:00 PM,Tuesday,Kingston & Celeste,Diversion,40,50,E/B,8721
16-Oct-18,905,7:45:00 PM,Tuesday,Kingston & Celeste,Diversion,40,50,E/B,8648
16-Oct-18,85,7:51:00 PM,Tuesday,MGAT,Mechanical,15,30,W/B,1706
16-Oct-18,73,8:05:00 PM,Tuesday,Mimico and lakeshore,Investigation,10,20,N/B,7925
16-Oct-18,81,8:07:00 PM,Tuesday,pape station,Mechanical,1,1,S/B,9205
16-Oct-18,53,8:17:00 PM,Tuesday,McCowna and Steeles,Investigation,9,13,W/B,1684
16-Oct-18,72,8:26:00 PM,Tuesday,pape station,Mechanical,1,1,S/B,7868
16-Oct-18,42,8:31:00 PM,Tuesday,Finch Station,Utilized Off Route,11,21,E/B,8341
16-Oct-18,52,9:18:00 PM,Tuesday,Lawrence and Bathrust,Mechanical,12,24,W/B,1384
16-Oct-18,984,9:22:00 PM,Tuesday,SWST,Mechanical,13,26,E/B,3264
16-Oct-18,46,9:25:00 PM,Tuesday,Steeles loop,Late Leaving Garage,17,34,S/B,8530
16-Oct-18,7,9:30:00 PM,Tuesday,Hillcrest,Investigation,9,18,N/B,9004
16-Oct-18,21,9:37:00 PM,Tuesday,Deerfield/Brimley,Investigation,12,24,S/B,1787
16-Oct-18,95,9:41:00 PM,Tuesday,Yorkmills and Combermere,Investigation,16,32,E/B,1688
16-Oct-18,65,9:44:00 PM,Tuesday,Castle Frank Station,Mechanical,1,1,S/B,8466
16-Oct-18,36,10:24:00 PM,Tuesday,Finch Stn,Late Leaving Garage,9,18,W/B,8526
16-Oct-18,36,10:35:00 PM,Tuesday,Finch and hwy 27,Mechanical,9,18,W/B,9134
16-Oct-18,927,10:40:00 PM,Tuesday,Kipling Stn,Mechanical,10,20,N/B,8555
16-Oct-18,7,11:37:00 PM,Tuesday,greenwin village,Mechanical,10,20,S/B,9014
16-Oct-18,32,11:45:00 PM,Tuesday,Trethewey and Jane,Utilized Off Route,10,20,E/B,1595
16-Oct-18,609,11:47:00 PM,Tuesday,Lansdown and Bloor,Utilized Off Route,1,1,N/B,1082
16-Oct-18,75,11:48:00 PM,Tuesday,Bloor and Sherbourne,Utilized Off Route,17,34,S/B,8327
16-Oct-18,165,11:50:00 PM,Tuesday,Steeles and Barmac,Utilized Off Route,10,20,S/B,8545
16-Oct-18,45,11:50:00 PM,Tuesday,Kipling Station,Utilized Off Route,10,20,N/B,8431
16-Oct-18,37,11:53:00 PM,Tuesday,ISTN,Utilized Off Route,26,52,N/B,7944
16-Oct-18,35,11:55:00 PM,Tuesday,Jane Stn,Utilized Off Route,9,18,N/B,3171
16-Oct-18,63,11:58:00 PM,Tuesday,eglinton west stn,Utilized Off Route,10,20,S/B,1221
17-Oct-18,89,12:20:00 AM,Wednesday,KSTN,Utilized Off Route,10,0,N/B,1057
17-Oct-18,63,12:27:00 AM,Wednesday,eglinton and oakwood,Investigation,10,20,E/B,8124
17-Oct-18,41,12:38:00 AM,Wednesday,P. Village,Mechanical,30,52,S/B,9047
17-Oct-18,29,12:50:00 AM,Wednesday,Dufferin and Wilson,Utilized Off Route,9,17,N/B,9023
17-Oct-18,166,1:25:00 AM,Wednesday,Humber Blvd and weston rd,Utilized Off Route,1,1,E/B,1144
17-Oct-18,365,2:31:00 AM,Wednesday,Front and Parliament Bothways,Diversion,164,194,B/W,9219
17-Oct-18,116,2:39:00 AM,Wednesday,Morningisde and Sheppard,Emergency Services,1,1,S/B,8928
17-Oct-18,41,4:45:00 AM,Wednesday,Keele / Rustic,Diversion,30,50,N/B,9144
17-Oct-18,60,4:59:00 AM,Wednesday,FSTM,Late Leaving Garage,1,9,W/B,3194
17-Oct-18,34,5:00:00 AM,Wednesday,Eglinton Ave E/Mt.Pleasant Rd,Diversion,5,10,B/W,
17-Oct-18,54,5:00:00 AM,Wednesday,Eglinton Ave E/Mt. Pleasant Rd,Diversion,60,70,B/W,
17-Oct-18,102,5:02:00 AM,Wednesday,Warden Station,Late Leaving Garage,3,3,N/B,8403
17-Oct-18,65,5:17:00 AM,Wednesday,King & Parliament,Diversion,1,1,B/W,7865
17-Oct-18,20,5:20:00 AM,Wednesday,Main Station,Mechanical,20,23,E/B,8462
17-Oct-18,17,5:20:00 AM,Wednesday,Steeles & Moutn Castle Gate,Late Leaving Garage,1,1,S/B,8475
17-Oct-18,100,5:21:00 AM,Wednesday,DMWF,Late Leaving Garage,15,27,S/B,8742
17-Oct-18,133,5:30:00 AM,Wednesday,MOFI,Late Leaving Garage,11,22,S/B,1557
17-Oct-18,24,5:34:00 AM,Wednesday,Danforth & Victoria Park,Late Leaving Garage,1,1,N/B,8451
17-Oct-18,60,5:40:00 AM,Wednesday,Steeles Loop W of Martin Grove,Late Leaving Garage,0,0,E/B,9106
17-Oct-18,67,5:40:00 AM,Wednesday,DAVP,Late Leaving Garage,24,36,N/B,8922
17-Oct-18,25,5:44:00 AM,Wednesday,danforth and vp,Late Leaving Garage,18,36,N/B,8757
17-Oct-18,94,5:46:00 AM,Wednesday,CastleFrank Stn,Late Leaving Garage,3,16,W/B,1503
17-Oct-18,35,5:48:00 AM,Wednesday,Jane Station,Late Leaving Garage,10,20,N/B,3165
17-Oct-18,36,5:50:00 AM,Wednesday,Humberwood Loop,Mechanical,5,10,,8536
17-Oct-18,50,5:56:00 AM,Wednesday,Burnhamthrope at east mall,Mechanical,15,30,E/B,8083
17-Oct-18,85,5:57:00 AM,Wednesday,DONS,Late Leaving Garage,22,38,E/B,1779
17-Oct-18,104,5:57:00 AM,Wednesday,Wilson Stn,Late Leaving Garage,11,11,,1280
17-Oct-18,167,5:58:00 AM,Wednesday,Steeles & Pharmacy Loop,Mechanical,24,48,S/B,7869
17-Oct-18,165,6:00:00 AM,Wednesday,YKMS,Late Leaving Garage,10,15,W/B,8560
17-Oct-18,939,6:00:00 AM,Wednesday,939 Finch Express Route-All Branch,General Delay,8,16,B/W,1232
17-Oct-18,39,6:00:00 AM,Wednesday,39 Finch Route-All Branch,General Delay,5,10,B/W,1567
17-Oct-18,95,6:01:00 AM,Wednesday,ELRT,Late Leaving Garage,8,16,W/B,1714
17-Oct-18,924,6:06:00 AM,Wednesday,Victoria Park Station,Late Leaving Garage,1,1,N/B,8443
17-Oct-18,57,6:08:00 AM,Wednesday,Eglinton Yard,Late Leaving Garage,1,1,OB,8848
17-Oct-18,41,6:08:00 AM,Wednesday,Keele Station,Mechanical,13,13,N/B,1105
17-Oct-18,121,6:10:00 AM,Wednesday,MILL & CHERRY,Diversion,1,1,W/B,8936
17-Oct-18,24,6:13:00 AM,Wednesday,Victoria Park Station,Utilized Off Route,14,28,N/B,8491
17-Oct-18,17,6:14:00 AM,Wednesday,Bitchmount - Warden & St. Clair,Mechanical,7,14,N/B,7875
17-Oct-18,116,6:14:00 AM,Wednesday,Morningside Ave/Morningview Tr,Mechanical,6,13,N/B,8800
17-Oct-18,42,6:18:00 AM,Wednesday,Dynamic and McNicoll ave,Late Leaving Garage,12,28,E/B,1369
17-Oct-18,104,6:22:00 AM,Wednesday,Wilson Div,Late Leaving Garage,11,24,,1221
17-Oct-18,939,6:28:00 AM,Wednesday,STC SRT,Late Leaving Garage,8,16,W/B,1232
17-Oct-18,116,6:29:00 AM,Wednesday,kennedy stn,Late Leaving Garage,5,11,E/B,8714
17-Oct-18,92,6:32:00 AM,Wednesday,Woodbine South / WOOD,Late Leaving Garage,9,18,S/B,7717
17-Oct-18,902,6:32:00 AM,Wednesday,WSTN,Late Leaving Garage,10,20,N/B,8487
17-Oct-18,29,6:37:00 AM,Wednesday,Lawrence / Dufferin,Late Leaving Garage,8,15,N/B,9051
17-Oct-18,84,6:37:00 AM,Wednesday,Rivalda and Sheppard,Late Leaving Garage,9,18,W/B,3257
17-Oct-18,35,6:39:00 AM,Wednesday,Jane Station,Late Leaving Garage,0,0,N/B,3119
17-Oct-18,161,6:39:00 AM,Wednesday,Jane and Alliance,Late Leaving Garage,12,24,E/B,1126
17-Oct-18,116,6:40:00 AM,Wednesday,conlins and ellesemere,Late Leaving Garage,5,29,E/B,8655
17-Oct-18,35,6:40:00 AM,Wednesday,Pioneer Village Station,Mechanical,10,20,S/B,3188
17-Oct-18,42,6:41:00 AM,Wednesday,Finch Stn,Late Leaving Garage,12,23,N/B,8138
17-Oct-18,102,6:42:00 AM,Wednesday,WSTN,Utilized Off Route,20,40,N/B,8947
17-Oct-18,905,6:50:00 AM,Wednesday,Kennedy STN,Late Leaving Garage,1,1,E/B,8909
17-Oct-18,116,6:51:00 AM,Wednesday,Kennedy STN,Utilized Off Route,12,24,E/B,8790
17-Oct-18,924,6:52:00 AM,Wednesday,Steeles Loop,Mechanical,1,1,S/B,8457
17-Oct-18,935,6:54:00 AM,Wednesday,Pioneer Village Station,Late Leaving Garage,7,14,S/B,3264
17-Oct-18,44,7:00:00 AM,Wednesday,Kipling stn,General Delay,1,1,B/W,7929
17-Oct-18,939,7:03:00 AM,Wednesday,STC SRT,Late Leaving Garage,8,16,W/B,1803
17-Oct-18,6,7:07:00 AM,Wednesday,Queens Quay and Dockside,Late Leaving Garage,5,11,N/B,1022
17-Oct-18,102,7:12:00 AM,Wednesday,WSTN,Mechanical,20,40,N/B,9203
17-Oct-18,51,7:13:00 AM,Wednesday,Eglinton Stn,Late Leaving Garage,17,29,N/B,8109
17-Oct-18,23,7:25:00 AM,Wednesday,MAIN STATION,Mechanical,6,10,N/B,8454
17-Oct-18,49,7:30:00 AM,Wednesday,Auxland to Kipling stn,General Delay,,11,B/W,8068
17-Oct-18,134,7:50:00 AM,Wednesday,STC,Mechanical,5,10,E/B,9075
17-Oct-18,60,8:00:00 AM,Wednesday,Steeles/Yonge,General Delay,5,10,N/B,3215
17-Oct-18,90,8:00:00 AM,Wednesday,st clair wstn to oakwood,General Delay,4,8,B/W,
17-Oct-18,82,8:00:00 AM,Wednesday,rosedale stn to cresent,General Delay,6,11,B/W,
17-Oct-18,17,8:00:00 AM,Wednesday,Birchmount Road / WAST,General Delay,7,14,B/W,
17-Oct-18,51,8:00:00 AM,Wednesday,Eglinton Stn to York Mills and Leslie,General Delay,16,34,B/W,
17-Oct-18,5,8:00:00 AM,Wednesday,Eglinton SNt to Queen Park Circle,General Delay,11,24,B/W,
17-Oct-18,94,8:02:00 AM,Wednesday,Castlefrank Stn,Mechanical,13,26,W/B,1055
17-Oct-18,72,8:02:00 AM,Wednesday,Victor and Carlaw,Emergency Services,8,16,N/B,8499
17-Oct-18,924,8:06:00 AM,Wednesday,Victoria Park Station,Mechanical,1,1,N/B,8455
17-Oct-18,168,8:15:00 AM,Wednesday,Avon loop,Mechanical,5,10,S/B,1264
17-Oct-18,102,8:22:00 AM,Wednesday,WSTN,Utilized Off Route,20,40,N/B,8433
17-Oct-18,123,8:30:00 AM,Wednesday,Entire route,General Delay,20,40,B/W,
17-Oct-18,30,8:30:00 AM,Wednesday,Runnymede loop,General Delay,1,1,B/W,7948
17-Oct-18,902,8:30:00 AM,Wednesday,WSTN,Mechanical,10,20,N/B,8502
17-Oct-18,100,9:00:00 AM,Wednesday,100 Flemingdon Pk route,General Delay,15,30,B/W,
17-Oct-18,50,9:00:00 AM,Wednesday,Islington Stn,Mechanical,10,20,W/B,7968
17-Oct-18,75,9:00:00 AM,Wednesday,maple to queen st,General Delay,5,10,B/W,
17-Oct-18,87,9:02:00 AM,Wednesday,MAIN STATION,Mechanical,5,10,W/B,8466
17-Oct-18,34,9:15:00 AM,Wednesday,34 Eglinton East route,General Delay,20,40,B/W,
17-Oct-18,48,9:16:00 AM,Wednesday,Rathburn at Kipling,Mechanical,12,32,E/B,7974
17-Oct-18,32,9:19:00 AM,Wednesday,EVER,Mechanical,10,22,E/B,1258
17-Oct-18,75,9:40:00 AM,Wednesday,bloor,Utilized Off Route,5,10,S/B,8372
17-Oct-18,38,9:43:00 AM,Wednesday,STC - SCLP - STC,Mechanical,12,24,E/B,1597
17-Oct-18,129,10:18:00 AM,Wednesday,STC,Mechanical,28,56,N/B,1804
17-Oct-18,81,10:20:00 AM,Wednesday,WSTN,Mechanical,10,20,N/B,8414
17-Oct-18,9,10:25:00 AM,Wednesday,Bellamy Road - St.Clair and Andrew,Diversion,23,46,B/W,
17-Oct-18,902,10:25:00 AM,Wednesday,St.clair and Brimley,Diversion,80,90,B/W,
17-Oct-18,102,10:25:00 AM,Wednesday,St.clair and Brimley,Diversion,80,90,B/W,
17-Oct-18,102,10:40:00 AM,Wednesday,WSTN,Utilized Off Route,30,60,N/B,9232
17-Oct-18,52,10:45:00 AM,Wednesday,Bathurt & Wilson,Mechanical,9,18,W/B,1352
17-Oct-18,40,10:51:00 AM,Wednesday,Runnymede Loop & Dundas St W,Mechanical,10,20,E/B,8615
17-Oct-18,935,11:06:00 AM,Wednesday,Pioneer Village Station,Mechanical,0,0,S/B,3286
17-Oct-18,95,11:25:00 AM,Wednesday,Scarborough ave on Ellesmere,Mechanical,8,16,W/B,1544
17-Oct-18,129,11:39:00 AM,Wednesday,stc,Mechanical,28,56,N/B,1705
17-Oct-18,34,11:45:00 AM,Wednesday,KENN,Mechanical,1,1,W/B,8707
17-Oct-18,6,11:48:00 AM,Wednesday,Queens Quay and Dockside,Mechanical,11,22,N/B,1000
17-Oct-18,95,11:58:00 AM,Wednesday,Dollyvarden,Mechanical,8,16,W/B,1828
17-Oct-18,999,12:07:00 PM,Wednesday,Windermere / Coehill,Investigation,1,1,S/B,1633
17-Oct-18,63,12:19:00 PM,Wednesday,Oakwood Loop,Mechanical,9,18,S/B,8026
17-Oct-18,24,12:41:00 PM,Wednesday,Don Mills Station,Mechanical,30,60,S/B,8473
17-Oct-18,52,1:04:00 PM,Wednesday,Lawrence west Station,Mechanical,14,28,W/B,1231
17-Oct-18,52,1:04:00 PM,Wednesday,Lawrence West Station,Mechanical,14,28,W/B,1231
17-Oct-18,704,1:15:00 PM,Wednesday,PVST,Mechanical,1,1,W/B,1305
17-Oct-18,85,1:19:00 PM,Wednesday,Don Mills to RHGO,Diversion,56,70,B/W,1559
17-Oct-18,75,1:27:00 PM,Wednesday,gerrard,Investigation,7,14,S/B,8309
17-Oct-18,54,1:58:00 PM,Wednesday,Lawrence & Warden,Mechanical,12,24,E/B,8691
17-Oct-18,985,2:18:00 PM,Wednesday,Don Mils Stn,Mechanical,12,25,E/B,9060
17-Oct-18,7,2:19:00 PM,Wednesday,Greenwin Village,Mechanical,9,18,S/B,9006
17-Oct-18,29,2:20:00 PM,Wednesday,Dufferin Gate/ Springhurst Loop,Investigation,10,20,N/B,9144
17-Oct-18,985,2:21:00 PM,Wednesday,Don Mills Stn,Investigation,12,25,E/B,9099
17-Oct-18,927,2:26:00 PM,Wednesday,Kipling stn,Late Leaving Garage,5,10,N/B,8530
17-Oct-18,129,2:30:00 PM,Wednesday,stc,Late Leaving Garage,10,14,E/B,1650
17-Oct-18,924,2:34:00 PM,Wednesday,Steeks and Victoria Park,Late Leaving Garage,10,19,S/B,7876
17-Oct-18,12,2:53:00 PM,Wednesday,VICT,Late Leaving Garage,18,35,N/B,7771
17-Oct-18,24,2:54:00 PM,Wednesday,Victoria Park Station,Mechanical,30,46,N/B,8954
17-Oct-18,36,2:55:00 PM,Wednesday,Finch & Jayzel,Investigation,7,15,E/B,9109
17-Oct-18,42,2:59:00 PM,Wednesday,Mc Nicoll and Victoria Park,Late Leaving Garage,13,26,EB,8103
17-Oct-18,12,3:00:00 PM,Wednesday,Victoria Park,General Delay,10,1,N/B,
17-Oct-18,96,3:00:00 PM,Wednesday,Route 96,General Delay,21,30,W/B,3138
17-Oct-18,29,3:00:00 PM,Wednesday,Bloor and Dufferin,General Delay,15,25,B/W,9051
17-Oct-18,165,3:00:00 PM,Wednesday,Steeles & Barmac,General Delay,23,31,B/W,8557
17-Oct-18,952,3:00:00 PM,Wednesday,Bloor and Dufferin,General Delay,12,22,B/W,9025
17-Oct-18,24,3:00:00 PM,Wednesday,Victoria Park,General Delay,10,1,N/B,
17-Oct-18,984,3:04:00 PM,Wednesday,Arrow Garage,Late Leaving Garage,8,17,E/B,3262
17-Oct-18,89,3:04:00 PM,Wednesday,Keele Station,Utilized Off Route,11,22,N/B,1532
17-Oct-18,41,3:05:00 PM,Wednesday,Finch West Station,Mechanical,14,28,S/B,1264
17-Oct-18,168,3:06:00 PM,Wednesday,DWST,Late Leaving Garage,7,14,N/B,1012
17-Oct-18,989,3:10:00 PM,Wednesday,Keele Station,Mechanical,10,10,N/B,1065
17-Oct-18,113,3:16:00 PM,Wednesday,BRGA,Late Leaving Garage,9,20,N/B,7860
17-Oct-18,63,3:20:00 PM,Wednesday,Eglinton W Station,Late Leaving Garage,8,16,S/B,8142
17-Oct-18,70,3:30:00 PM,Wednesday,O'Connor,General Delay,20,34,B/W,
17-Oct-18,121,3:30:00 PM,Wednesday,Front and Berkley to PRGT,General Delay,13,28,B/W,
17-Oct-18,126,3:34:00 PM,Wednesday,SC W STN,Late Leaving Garage,15,30,N/B,1095
17-Oct-18,72,3:46:00 PM,Wednesday,Danfirth and pape,General Delay,7,14,N/B,
17-Oct-18,102,3:46:00 PM,Wednesday,lawrance /finch on markham,General Delay,10,20,N/B,
17-Oct-18,20,3:53:00 PM,Wednesday,Main Station,Mechanical,14,28,N/B,8955
17-Oct-18,186,4:00:00 PM,Wednesday,Route 186,General Delay,19,30,B/W,
17-Oct-18,100,4:00:00 PM,Wednesday,BSTN to DMWF,General Delay,15,21,B/W,
17-Oct-18,34,4:00:00 PM,Wednesday,KENN to ESTN,General Delay,15,19,B/W,
17-Oct-18,118,4:00:00 PM,Wednesday,Route 118,General Delay,20,45,B/W,
17-Oct-18,45,4:00:00 PM,Wednesday,Rexdale And Kipling Ave,General Delay,25,0,B/W,
17-Oct-18,79,4:00:00 PM,Wednesday,Weston and Lawrence.,General Delay,20,35,N/B,
17-Oct-18,44,4:00:00 PM,Wednesday,Entire Route,General Delay,20,,B/W,
17-Oct-18,55,4:00:00 PM,Wednesday,JNST to VARS,General Delay,15,30,S/B,1263
17-Oct-18,85,4:08:00 PM,Wednesday,MGAT,Mechanical,15,30,W/B,1504
17-Oct-18,952,4:10:00 PM,Wednesday,Lawrence W/ Hickory Tree Rd,General Delay,72,83,B/W,
17-Oct-18,79,4:10:00 PM,Wednesday,Lawrence between Weston and Hictory Tree,Diversion,125,135,N/B,1136
17-Oct-18,952,4:10:00 PM,Wednesday,Lawrence Ave W/Hickory Tree rd,Diversion,72,83,B/W,
17-Oct-18,52,4:10:00 PM,Wednesday,Lawrence Ave W/ Hickory ree Rd,General Delay,72,83,B/W,
17-Oct-18,52,4:10:00 PM,Wednesday,Hickory Tree Rd/ Lawrenceave W,Diversion,72,83,B/W,
17-Oct-18,939,4:11:00 PM,Wednesday,WAFI,Mechanical,12,24,W/B,1738
17-Oct-18,935,4:24:00 PM,Wednesday,Jane and Finch Ave.,Mechanical,9,19,N/B,3243
17-Oct-18,57,4:27:00 PM,Wednesday,kennedy station,Utilized Off Route,7,14,B/W,8708
17-Oct-18,30,4:30:00 PM,Wednesday,Humberhill to Scarlett and Dundas St,General Delay,20,,B/W,
17-Oct-18,32,4:38:00 PM,Wednesday,Dufferin/Eglinton,Investigation,1,1,W/B,1064
17-Oct-18,35,4:39:00 PM,Wednesday,Peter Kaiser and Steeles Ave.,Investigation,10,20,S/B,3131
17-Oct-18,53,4:39:00 PM,Wednesday,FSTN,Mechanical,5,11,E/B,1535
17-Oct-18,32,4:40:00 PM,Wednesday,REGW,Mechanical,8,17,E/B,1360
17-Oct-18,989,4:45:00 PM,Wednesday,Weston and Ray av.,Mechanical,10,20,S/B,1268
17-Oct-18,985,5:00:00 PM,Wednesday,DONS - STC,General Delay,8,16,B/W,
17-Oct-18,939,5:03:00 PM,Wednesday,STC,Mechanical,12,24,W/B,1746
17-Oct-18,939,5:03:00 PM,Wednesday,FSTN,Mechanical,12,24,E/B,1765
17-Oct-18,86,5:07:00 PM,Wednesday,Kennedy Station,Mechanical,10,20,E/B,8734
17-Oct-18,960,5:23:00 PM,Wednesday,Yonge & Steeles,Investigation,10,20,WB,1311
17-Oct-18,985,5:24:00 PM,Wednesday,DONS,Mechanical,8,16,E/B,9074
17-Oct-18,17,5:50:00 PM,Wednesday,Birchmount & Steeles,General Delay,32,64,S/B,7874
17-Oct-18,87,5:56:00 PM,Wednesday,Main STN,Mechanical,5,10,W/B,8944
17-Oct-18,54,5:59:00 PM,Wednesday,Lawrence RT Station,Mechanical,10,21,W/B,8670
17-Oct-18,121,6:04:00 PM,Wednesday,Mill and Cherry,Utilized Off Route,15,30,W/B,8936
17-Oct-18,12,6:07:00 PM,Wednesday,Kingston and Brimley,Mechanical,17,34,S/B,8420
17-Oct-18,95,6:22:00 PM,Wednesday,McCowan and Ellesmere Rd,Diversion,71,85,W/B,1523
17-Oct-18,76,7:00:00 PM,Wednesday,Royal York/Tenby,Investigation,10,20,S/B,7909
17-Oct-18,94,7:21:00 PM,Wednesday,OSTN,Mechanical,9,25,E/B,1048
17-Oct-18,108,7:26:00 PM,Wednesday,Finch & Driftwood,Investigation,11,21,S/B,8513
17-Oct-18,53,7:29:00 PM,Wednesday,Willowdale Loop,Investigation,4,9,E/B,1509
17-Oct-18,89,7:35:00 PM,Wednesday,Weston and Albion,Utilized Off Route,7,14,S/B,1281
17-Oct-18,68,7:47:00 PM,Wednesday,Warden Station,Mechanical,40,80,N/B,8766
17-Oct-18,609,7:52:00 PM,Wednesday,Keele and Sheppard,Investigation,1,1,N/B,9042
17-Oct-18,41,8:05:00 PM,Wednesday,Keele and Broadoaks,Investigation,16,33,N/B,9139
17-Oct-18,43,8:09:00 PM,Wednesday,Kennedy stn,Mechanical,10,20,S/B,8791
17-Oct-18,39,8:44:00 PM,Wednesday,NERC,Mechanical,16,32,E/B,1635
17-Oct-18,52,8:59:00 PM,Wednesday,Keele/ Lawrence,Investigation,12,23,W/B,8153
17-Oct-18,53,9:17:00 PM,Wednesday,FSTN,Mechanical,15,28,E/B,1245
17-Oct-18,63,9:36:00 PM,Wednesday,eglinton west stn.,Mechanical,10,20,S/B,1208
17-Oct-18,168,10:00:00 PM,Wednesday,Entire Route,General Delay,10,25,B/W,
17-Oct-18,39,10:07:00 PM,Wednesday,FSTN,Investigation,9,10,E/B,1730
17-Oct-18,29,10:07:00 PM,Wednesday,Dufferin and Bloor,Mechanical,8,14,S/B,9051
17-Oct-18,112,11:04:00 PM,Wednesday,451 the West Mall,Investigation,16,32,N/B,8092
17-Oct-18,29,11:18:00 PM,Wednesday,Springhurst Loop,Mechanical,9,19,N/B,9142
17-Oct-18,35,11:55:00 PM,Wednesday,Jane Stn,Utilized Off Route,9,18,N/B,3171
17-Oct-18,35,11:55:00 PM,Wednesday,JNST,Utilized Off Route,9,18,N/B,3171
18-Oct-18,21,12:24:00 AM,Thursday,Kennedy Stn,Mechanical,30,66,NB,1611
18-Oct-18,302,1:18:00 AM,Thursday,Bingham Loop,Mechanical,1,1,N/B,8425
18-Oct-18,300,3:24:00 AM,Thursday,Birchmount Garage,Mechanical,20,40,E/B,8038
18-Oct-18,76,4:45:00 AM,Thursday,Royal York and Evans,Late Leaving Garage,1,29,N/B,8056
18-Oct-18,73,4:50:00 AM,Thursday,Claire Port,Late Leaving Garage,1,23,S/B,8056
18-Oct-18,17,4:58:00 AM,Thursday,WSTN,Late Leaving Garage,29,38,N/B,7766
18-Oct-18,95,5:10:00 AM,Thursday,KNRD,Late Leaving Garage,10,20,W/B,1619
18-Oct-18,7,5:12:00 AM,Thursday,Bathurst/ Wilson,Late Leaving Garage,17,36,S/B,9017
18-Oct-18,62,5:14:00 AM,Thursday,Coxwell /. Mortimer,Late Leaving Garage,20,40,S/B,8960
18-Oct-18,62,5:14:00 AM,Thursday,MSTN,Late Leaving Garage,20,40,W/B,8960
18-Oct-18,52,5:15:00 AM,Thursday,Pearson Airport T1,Mechanical,13,26,E/B,1374
18-Oct-18,65,5:17:00 AM,Thursday,King / Parliament,Diversion,12,24,S/B,7748
18-Oct-18,110,5:18:00 AM,Thursday,Long Branch Loop,Late Leaving Garage,1,19,N/B,8023
18-Oct-18,11,5:25:00 AM,Thursday,MEGE,Late Leaving Garage,20,34,N/B,7970
18-Oct-18,121,5:30:00 AM,Thursday,King / Parliament,Diversion,16,32,B/W,8445
18-Oct-18,34,5:33:00 AM,Thursday,KENN,Late Leaving Garage,4,8,W/B,8840
18-Oct-18,116,5:36:00 AM,Thursday,Kingston Rd/Eglinton Ave E,Late Leaving Garage,1,1,W/B,8858
18-Oct-18,95,5:37:00 AM,Thursday,KNRD,Late Leaving Garage,7,14,W/B,1657
18-Oct-18,83,5:41:00 AM,Thursday,DSTN,Late Leaving Garage,12,24,S/B,7857
18-Oct-18,88,5:42:00 AM,Thursday,Laird and McCrea,Late Leaving Garage,13,26,W/B,8342
18-Oct-18,123,5:47:00 AM,Thursday,Long Branch Loop,Late Leaving Garage,1,17,N/B,8016
18-Oct-18,52,5:50:00 AM,Thursday,Bracreast& westway,Mechanical,15,30,E/B,1368
18-Oct-18,39,5:53:00 AM,Thursday,Old Finch and Morningview Trail,Late Leaving Garage,15,15,W/B,1563
18-Oct-18,73,5:55:00 AM,Thursday,Clair Port,Late Leaving Garage,19,32,S/B,7951
18-Oct-18,117,5:56:00 AM,Thursday,Sheppard West Station,Mechanical,10,20,N/B,8141
18-Oct-18,939,5:57:00 AM,Thursday,Massie St. and Sheppard Av,Mechanical,7,7,W/B,1814
18-Oct-18,88,5:58:00 AM,Thursday,Thorncliffe Park,Late Leaving Garage,5,10,W/B,8103
18-Oct-18,939,6:00:00 AM,Thursday,939 Finch Express-All Branch,General Delay,10,18,B/W,1814
18-Oct-18,121,6:00:00 AM,Thursday,PRGT,Late Leaving Garage,14,28,E/B,9206
18-Oct-18,39,6:00:00 AM,Thursday,39 Finch Route-All Branch,General Delay,10,20,B/W,1563
18-Oct-18,902,6:02:00 AM,Thursday,WSTN,Late Leaving Garage,10,20,N/B,8933
18-Oct-18,160,6:03:00 AM,Thursday,Wilson Station,Late Leaving Garage,20,40,N/B,1207
18-Oct-18,34,6:04:00 AM,Thursday,Eglinton station,Late Leaving Garage,11,21,E/B,8757
18-Oct-18,36,6:05:00 AM,Thursday,Finch route,Late Leaving Garage,14,28,B/W,
18-Oct-18,37,6:05:00 AM,Thursday,ISTN,Late Leaving Garage,6,16,N/B,8069
18-Oct-18,51,6:08:00 AM,Thursday,Eglinton Stn,Late Leaving Garage,17,17,,8331
18-Oct-18,112,6:10:00 AM,Thursday,KPSN,Late Leaving Garage,7,14,N/B,8066
18-Oct-18,35,6:11:00 AM,Thursday,Jane Station,Mechanical,10,20,N/B,3245
18-Oct-18,102,6:13:00 AM,Thursday,WSTN,Utilized Off Route,19,38,N/B,9237
18-Oct-18,82,6:15:00 AM,Thursday,Rosedale Station,Late Leaving Garage,25,25,E/B,1277
18-Oct-18,924,6:17:00 AM,Thursday,Victoria Park Station,Late Leaving Garage,10,20,S/B,8450
18-Oct-18,70,6:21:00 AM,Thursday,Coxwell STN,Late Leaving Garage,17,34,N/B,8740
18-Oct-18,160,6:23:00 AM,Thursday,Wilson Station,Late Leaving Garage,20,40,N/B,816
18-Oct-18,53,6:28:00 AM,Thursday,MOFI,Late Leaving Garage,13,26,W/B,1659
18-Oct-18,989,6:36:00 AM,Thursday,Signet & Steeles,Mechanical,12,24,S/B,1149
18-Oct-18,111,6:36:00 AM,Thursday,Eastmall and Eglinton,Diversion,12,24,S/B,7912
18-Oct-18,84,6:37:00 AM,Thursday,Rivalda and Sheppard,Late Leaving Garage,9,18,W/B,3262
18-Oct-18,119,6:37:00 AM,Thursday,Wilson Station,Late Leaving Garage,20,40,W/B,3121
18-Oct-18,32,6:37:00 AM,Thursday,PINE,Mechanical,6,11,E/B,1025
18-Oct-18,30,6:46:00 AM,Thursday,Kipling stn,Investigation,20,40,E/B,8045
18-Oct-18,92,6:50:00 AM,Thursday,Woodbine South  / WOOD,Late Leaving Garage,9,18,S/B,7768
18-Oct-18,33,6:53:00 AM,Thursday,Wilson Garage,Late Leaving Garage,30,30,,1283
18-Oct-18,44,6:54:00 AM,Thursday,Kipling stn,Utilized Off Route,5,15,S/B,8072
18-Oct-18,53,6:56:00 AM,Thursday,Finch Station,Late Leaving Garage,13,26,E/B,1640
18-Oct-18,71,6:59:00 AM,Thursday,RUST,Mechanical,18,36,N/B,1418
18-Oct-18,7,6:59:00 AM,Thursday,Greenwin Village at Bathurst St,Late Leaving Garage,8,17,S/B,9015
18-Oct-18,42,6:59:00 AM,Thursday,Finch Station,Mechanical,12,24,E/B,1315
18-Oct-18,142,7:00:00 AM,Thursday,Bombay loop,Late Leaving Garage,30,60,S/B,8320
18-Oct-18,73,7:00:00 AM,Thursday,Knob Hill & Albion,General Delay,13,30,B/W,
18-Oct-18,63,7:00:00 AM,Thursday,Eglinton w stn,Late Leaving Garage,4,7,,8164
18-Oct-18,63,7:02:00 AM,Thursday,Eglinton W Stn,Late Leaving Garage,3,13,,1229
18-Oct-18,902,7:09:00 AM,Thursday,Ellesmere,Investigation,10,20,S/B,9202
18-Oct-18,38,7:14:00 AM,Thursday,STC,Mechanical,9,19,E/B,1820
18-Oct-18,73,7:18:00 AM,Thursday,Knob Hill & Albion,Mechanical,13,26,E/B,8027
18-Oct-18,160,7:20:00 AM,Thursday,Bathurst St and Drewry Ave,Mechanical,20,40,S/B,8169
18-Oct-18,102,7:30:00 AM,Thursday,Markham Route,General Delay,15,1,S/B,
18-Oct-18,902,7:30:00 AM,Thursday,Markham Express,General Delay,15,1,S/B,
18-Oct-18,11,7:31:00 AM,Thursday,Bayview Ave and Glenvale Blvd,Investigation,15,30,S/B,8197
18-Oct-18,95,7:33:00 AM,Thursday,KNRD Loop,Mechanical,7,14,W/B,1506
18-Oct-18,939,7:35:00 AM,Thursday,Bathurst and Finch,Investigation,7,14,E/B,1507
18-Oct-18,52,7:40:00 AM,Thursday,Dixson & Islington,Mechanical,8,16,W/B,8157
18-Oct-18,73,7:51:00 AM,Thursday,Royal York & Bloor St (Lawrence),Mechanical,13,26,S/B,8044
18-Oct-18,17,7:57:00 AM,Thursday,Birchmount Division,Mechanical,0,0,N/B,7754
18-Oct-18,76,8:00:00 AM,Thursday,Royal York at Bloor St (Lawrence),General Delay,13,30,B/W,
18-Oct-18,49,8:00:00 AM,Thursday,Auxland to Markland,General Delay,1,1,B/W,8614
18-Oct-18,75,8:00:00 AM,Thursday,Queens Quay to South Dr/ Glen Rd,General Delay,16,21,B/W,
18-Oct-18,51,8:00:00 AM,Thursday,Eglinton Stn to Freshmeadows and Don Mills,General Delay,13,30,B/W,
18-Oct-18,90,8:00:00 AM,Thursday,St Clair West Station to Oakwood/ Vaughan Rd,General Delay,18,22,B/W,
18-Oct-18,106,8:08:00 AM,Thursday,Sheppard west Station,Utilized Off Route,7,15,W/B,1223
18-Oct-18,39,8:12:00 AM,Thursday,Brimley and Finch,Investigation,15,30,W/B,1501
18-Oct-18,165,8:26:00 AM,Thursday,Weston and Starview,Investigation,5,10,E/B,8517
18-Oct-18,23,8:30:00 AM,Thursday,DANFORTH//DAWES TO MAIN,General Delay,10,0,B/W,
18-Oct-18,53,8:33:00 AM,Thursday,Finch station,Mechanical,13,26,E/B,9096
18-Oct-18,47,8:42:00 AM,Thursday,Norman and Caledonia,Mechanical,9,18,S/B,1107
18-Oct-18,104,8:55:00 AM,Thursday,Wilson Stn,Mechanical,15,32,,8155
18-Oct-18,61,9:00:00 AM,Thursday,Eglinton Stn,Utilized Off Route,10,20,N/B,8312
18-Oct-18,95,9:00:00 AM,Thursday,York Mills/Ellesmere,General Delay,20,40,B/W,1714
18-Oct-18,100,9:00:00 AM,Thursday,100 Flemingdon Pk route,General Delay,15,30,B/W,
18-Oct-18,34,9:00:00 AM,Thursday,34 Eglinton East route,General Delay,20,40,B/W,
18-Oct-18,42,9:03:00 AM,Thursday,Silverstar and NcNicol,Mechanical,12,24,W/B,8124
18-Oct-18,121,9:20:00 AM,Thursday,BERKLEY/ESPLANADE,Investigation,20,40,N/B,8902
18-Oct-18,129,9:35:00 AM,Thursday,McCowan and Finch,Mechanical,14,21,N/B,1774
18-Oct-18,60,9:48:00 AM,Thursday,Pioneer Village Stn,Investigation,8,15,E/B,3293
18-Oct-18,68,9:53:00 AM,Thursday,Lawrence/Warden,Utilized Off Route,10,20,N/B,8682
18-Oct-18,54,9:59:00 AM,Thursday,Howden/Lawrence,Investigation,12,24,W/B,8756
18-Oct-18,63,10:00:00 AM,Thursday,Atlantic and King,Investigation,3,9,,1229
18-Oct-18,53,10:04:00 AM,Thursday,Steeles and Miliken,Diversion,140,160,B/W,1632
18-Oct-18,43,10:08:00 AM,Thursday,Steeles and Milliken Railroad tracks,Diversion,142,152,N/B,
18-Oct-18,60,10:25:00 AM,Thursday,Signal Hill,Mechanical,8,15,W/B,3293
18-Oct-18,75,10:25:00 AM,Thursday,Sherbourne Ave Shuter St,Mechanical,5,9,S/B,8105
18-Oct-18,32,10:26:00 AM,Thursday,KEEG,Mechanical,10,20,W/B,1264
18-Oct-18,39,10:45:00 AM,Thursday,Markham Rd-Finch,Mechanical,6,12,W/B,1661
18-Oct-18,52,10:49:00 AM,Thursday,Lawrence West Station,Mechanical,14,28,E/B,1340
18-Oct-18,63,10:59:00 AM,Thursday,Ossington Stn,Mechanical,9,17,,1370
18-Oct-18,17,11:07:00 AM,Thursday,Birchmount Road / WAST,Mechanical,0,0,N/B,8943
18-Oct-18,81,11:10:00 AM,Thursday,PSTN,Mechanical,10,20,N/B,8489
18-Oct-18,84,11:30:00 AM,Thursday,Sheppard West Station,Mechanical,8,16,W/B,3170
18-Oct-18,984,11:44:00 AM,Thursday,Sheppard Station,Mechanical,0,0,W/B,3100
18-Oct-18,719,11:58:00 AM,Thursday,ESTN,Utilized Off Route,1,1,W/B,1091
18-Oct-18,30,12:00:00 PM,Thursday,KIPLING STN,General Delay,1,1,B/W,7914
18-Oct-18,29,12:00:00 PM,Thursday,Entire Route,General Delay,15,30,BW,
18-Oct-18,711,12:03:00 PM,Thursday,Eglinton Station,Utilized Off Route,1,1,E/B,1339
18-Oct-18,47,12:06:00 PM,Thursday,EARL,Utilized Off Route,1,1,S/B,1144
18-Oct-18,63,12:21:00 PM,Thursday,Oakwood loop,Mechanical,8,17,,8026
18-Oct-18,12,12:26:00 PM,Thursday,Brimley / Danforth,Mechanical,22,44,N/B,7789
18-Oct-18,63,12:30:00 PM,Thursday,Ossington and North humberland,Diversion,8,131,,1234
18-Oct-18,985,2:00:00 PM,Thursday,EXPRESS ROUTE ON SHEPPARD DONMILLS TO STC,General Delay,12,24,B/W,
18-Oct-18,601,2:10:00 PM,Thursday,Wilson garage,Utilized Off Route,1,1,S/B,8312
18-Oct-18,601,2:10:00 PM,Thursday,Wilson station,Utilized Off Route,1,1,S/B,8103
18-Oct-18,711,2:10:00 PM,Thursday,Eglinton Station,Utilized Off Route,1,1,S/B,1339
18-Oct-18,719,2:15:00 PM,Thursday,Pine and Lawrence,Utilized Off Route,1,1,E/B,1093
18-Oct-18,607,2:15:00 PM,Thursday,STC,Utilized Off Route,1,1,W/B,1781
18-Oct-18,108,2:16:00 PM,Thursday,Sheppard W Stn,Utilized Off Route,8,16,W/B,1500
18-Oct-18,720,2:16:00 PM,Thursday,Broadview station,Utilized Off Route,1,1,N/B,8852
18-Oct-18,95,2:17:00 PM,Thursday,YKMS,Late Leaving Garage,9,21,E/B,1535
18-Oct-18,602,2:17:00 PM,Thursday,Sherway Gardens,Utilized Off Route,1,1,E/B,7977
18-Oct-18,607,2:17:00 PM,Thursday,Malvern Division,Utilized Off Route,1,1,W/B,1754
18-Oct-18,165,2:20:00 PM,Thursday,Wilson Station,Utilized Off Route,10,20,E/B,8591
18-Oct-18,606,2:20:00 PM,Thursday,Pape Station,Utilized Off Route,1,1,W/B,7800
18-Oct-18,606,2:20:00 PM,Thursday,Woodbine Station,Utilized Off Route,1,1,W/B,9213
18-Oct-18,779,2:20:00 PM,Thursday,Wilson stn,Utilized Off Route,1,1,S/B,1118
18-Oct-18,602,2:21:00 PM,Thursday,Islintgton stn,Utilized Off Route,1,1,N/B,8070
18-Oct-18,610,2:25:00 PM,Thursday,Kennedy STN,Utilized Off Route,1,1,E/B,8793
18-Oct-18,15,2:30:00 PM,Thursday,Sherway Gardens to Mill Road Loop,General Delay,15,37,B/W,
18-Oct-18,37,2:30:00 PM,Thursday,Islington Station to Steeles and Humberwood Loop,General Delay,15,25,B/W,
18-Oct-18,95,2:30:00 PM,Thursday,YOCE,Late Leaving Garage,10,20,W/B,1783
18-Oct-18,73,2:30:00 PM,Thursday,Lakeshore and Mimico to Claireport,General Delay,20,30,B/W,
18-Oct-18,88,2:32:00 PM,Thursday,Thorncliffe Park and Overlea,Late Leaving Garage,6,10,W/B,8206
18-Oct-18,24,2:35:00 PM,Thursday,Don Mills Station,Mechanical,30,60,S/B,7767
18-Oct-18,85,2:41:00 PM,Thursday,Brimley on Sheppard,Mechanical,7,14,W/B,1815
18-Oct-18,144,2:44:00 PM,Thursday,Jarvis and Richmond st,Late Leaving Garage,1,1,S/B,8924
18-Oct-18,913,2:45:00 PM,Thursday,EXPRESS ROUTE ON PROGRESS,General Delay,6,13,B/W,
18-Oct-18,95,2:46:00 PM,Thursday,YOCI,Late Leaving Garage,10,20,W/B,1661
18-Oct-18,17,2:58:00 PM,Thursday,Birchmount Road / WAST,Late Leaving Garage,8,16,N/B,8475
18-Oct-18,42,2:59:00 PM,Thursday,McNicoll and Victoria Park,Late Leaving Garage,13,1,W/B,8142
18-Oct-18,85,3:00:00 PM,Thursday,SHEP - DONS,General Delay,16,32,B/W,
18-Oct-18,161,3:00:00 PM,Thursday,Old Weston & Rogers,Investigation,13,24,E/B,1112
18-Oct-18,110,3:00:00 PM,Thursday,Islington Station to Lakeshore and Long Branch Loop,General Delay,15,21,B/W,
18-Oct-18,985,3:00:00 PM,Thursday,DONS - SLP,General Delay,8,16,B/W,
18-Oct-18,32,3:00:00 PM,Thursday,Entire Route,General Delay,20,25,B/W,
18-Oct-18,121,3:00:00 PM,Thursday,Front Street btw Spadina to Church,General Delay,15,30,B/W,
18-Oct-18,32,3:00:00 PM,Thursday,Eglinton and Chaplin,Investigation,8,16,W/B,1269
18-Oct-18,75,3:00:00 PM,Thursday,Sherbourne route,General Delay,30,30,B/W,
18-Oct-18,134,3:00:00 PM,Thursday,PROGRESS ROUTE,General Delay,15,30,B/W,
18-Oct-18,129,3:01:00 PM,Thursday,Progress and McCowan,Mechanical,17,29,N/B,1798
18-Oct-18,98,3:02:00 PM,Thursday,Sheppard and Yonge Station,Late Leaving Garage,30,0,N/B,1297
18-Oct-18,924,3:03:00 PM,Thursday,Steeles Loop,Late Leaving Garage,9,18,S/B,7848
18-Oct-18,53,3:04:00 PM,Thursday,FSTN,Mechanical,5,11,W/B,1683
18-Oct-18,95,3:11:00 PM,Thursday,ELRT,Late Leaving Garage,10,20,W/B,1506
18-Oct-18,14,3:12:00 PM,Thursday,Caledonia & Eglinton,Late Leaving Garage,16,32,E/B,1122
18-Oct-18,92,3:14:00 PM,Thursday,WOOD,Late Leaving Garage,1,1,S/B,9212
18-Oct-18,939,3:15:00 PM,Thursday,FSTN,Late Leaving Garage,12,24,E/B,1255
18-Oct-18,41,3:17:00 PM,Thursday,Keele & Lawrence,Mechanical,9,19,S/B,1006
18-Oct-18,989,3:20:00 PM,Thursday,Keele Station,Mechanical,10,20,N/B,1261
18-Oct-18,23,3:25:00 PM,Thursday,MSTN,Late Leaving Garage,7,14,N/B,8918
18-Oct-18,6,3:30:00 PM,Thursday,Queens Quay and Dockside,General Delay,420,430,N/B,
18-Oct-18,53,3:30:00 PM,Thursday,Steeles route-MOFI -PAMK -FSTN,General Delay,15,30,B/W,
18-Oct-18,56,3:32:00 PM,Thursday,Donlands Station,Late Leaving Garage,18,35,N/B,8105
18-Oct-18,952,3:32:00 PM,Thursday,Lawrence and Avenue,Mechanical,12,24,W/B,8169
18-Oct-18,165,3:34:00 PM,Thursday,Wilson Station,Mechanical,8,16,E/B,1311
18-Oct-18,25,3:35:00 PM,Thursday,Gateway Blvd and Don Mills,Investigation,6,11,N/B,8713
18-Oct-18,924,3:36:00 PM,Thursday,Victoria Park Station,Late Leaving Garage,9,17,N/B,8501
18-Oct-18,929,3:37:00 PM,Thursday,DLAW,Late Leaving Garage,10,20,N/B,9139
18-Oct-18,36,3:37:00 PM,Thursday,Finch and Weston,Mechanical,6,12,W/B,9134
18-Oct-18,29,3:39:00 PM,Thursday,DALW,Late Leaving Garage,7,15,N/B,9102
18-Oct-18,116,3:40:00 PM,Thursday,Eglinton at Cedar,Mechanical,6,13,E/B,8671
18-Oct-18,36,3:45:00 PM,Thursday,Finch and Dufferin,Mechanical,6,12,E/B,8611
18-Oct-18,985,3:52:00 PM,Thursday,Sheppard and Victoria Park,Investigation,8,16,E/B,9092
18-Oct-18,989,3:55:00 PM,Thursday,Keele & Vine,Investigation,10,20,S/B,1379
18-Oct-18,65,4:00:00 PM,Thursday,Castle Frank Station,General Delay,10,1,B/W,
18-Oct-18,52,4:00:00 PM,Thursday,Weston to Allen,General Delay,22,36,B/W,
18-Oct-18,952,4:00:00 PM,Thursday,Weston to Allen,General Delay,24,36,B/W,
18-Oct-18,17,4:00:00 PM,Thursday,Warden Station,General Delay,15,1,B/W,
18-Oct-18,24,4:00:00 PM,Thursday,24 Victoria Park Ave,General Delay,18,1,B/W,
18-Oct-18,100,4:00:00 PM,Thursday,BSTN to DMWF,General Delay,25,31,B/W,
18-Oct-18,83,4:00:00 PM,Thursday,Donlands Station,General Delay,10,1,B/W,
18-Oct-18,905,4:00:00 PM,Thursday,Kingston Rd and Morningside,General Delay,1,1,B/W,
18-Oct-18,116,4:00:00 PM,Thursday,Kingston Rd and Morningside,General Delay,1,1,B/W,
18-Oct-18,165,4:00:00 PM,Thursday,York Mills Station to Barmac and Steeles,General Delay,28,36,B/W,
18-Oct-18,118,4:00:00 PM,Thursday,Wilson Station to Thistledown and Albion,General Delay,45,75,B/W,
18-Oct-18,96,4:00:00 PM,Thursday,York Mills Station to all branches,General Delay,42,64,B/W,
18-Oct-18,86,4:00:00 PM,Thursday,Kingston rd and Morningside,General Delay,1,1,B/W,
18-Oct-18,34,4:00:00 PM,Thursday,KENN to ESTN,General Delay,30,34,B/W,
18-Oct-18,143,4:00:00 PM,Thursday,Sherbourn and Richmond,General Delay,10,41,B/W,
18-Oct-18,16,4:00:00 PM,Thursday,Warden Station,General Delay,13,1,B/W,
18-Oct-18,115,4:00:00 PM,Thursday,YKMS to BASV,General Delay,20,40,B/W,
18-Oct-18,78,4:00:00 PM,Thursday,YKMS to CRLK,General Delay,15,30,B/W,
18-Oct-18,12,4:00:00 PM,Thursday,12 Kingston Road,General Delay,10,1,B/W,
18-Oct-18,45,4:00:00 PM,Thursday,Rexdale and Kipling Ave,General Delay,25,,B/W,
18-Oct-18,122,4:00:00 PM,Thursday,YKMS to ROYW,General Delay,12,24,B/W,
18-Oct-18,46,4:00:00 PM,Thursday,Entire 46 Martin Grove Route,General Delay,18,30,B/W,
18-Oct-18,63,4:00:00 PM,Thursday,Ossington,General Delay,8,16,BW,1216
18-Oct-18,44,4:00:00 PM,Thursday,The Queensway to Gardiner at Kipling Ave,General Delay,15,,B/W,
18-Oct-18,9,4:00:00 PM,Thursday,Warden Station,General Delay,10,1,B/W,
18-Oct-18,75,4:09:00 PM,Thursday,Queen Street,Investigation,7,14,N/B,8345
18-Oct-18,52,4:10:00 PM,Thursday,Dixon and Scarlett,Mechanical,12,24,E/B,8124
18-Oct-18,119,4:15:00 PM,Thursday,Wilson Station to Bartor and Arrow,General Delay,45,70,B/W,
18-Oct-18,53,4:20:00 PM,Thursday,FSTN,Mechanical,15,30,E/B,1612
18-Oct-18,186,4:20:00 PM,Thursday,York Mills Station to Humber College,General Delay,29,38,W/B,
18-Oct-18,7,4:30:00 PM,Thursday,Wilson ave,Mechanical,9,18,N/B,9005
18-Oct-18,141,4:50:00 PM,Thursday,Entire Route,General Delay,30,30,W/B,
18-Oct-18,927,4:52:00 PM,Thursday,Kipling Station,Utilized Off Route,6,12,N/B,8576
18-Oct-18,132,4:54:00 PM,Thursday,Milner and Markham,Mechanical,13,26,W/B,1660
18-Oct-18,939,5:00:00 PM,Thursday,939 route-All Express Buses,General Delay,12,24,B/W,
18-Oct-18,69,5:00:00 PM,Thursday,Warden STN,General Delay,15,30,B/W,
18-Oct-18,30,5:00:00 PM,Thursday,Dundas and Cordova and Humberhill to Jane,General Delay,20,0,B/W,
18-Oct-18,39,5:00:00 PM,Thursday,39 Route- All Branches,General Delay,14,28,B/W,
18-Oct-18,54,5:00:00 PM,Thursday,Laird & Eglinton,General Delay,1,1,E/B,
18-Oct-18,46,5:16:00 PM,Thursday,Martin Grove and Belfield,Diversion,44,57,N/B,8599
18-Oct-18,51,5:18:00 PM,Thursday,Leslie and Steeles,Diversion,52,70,S/B,
18-Oct-18,142,5:28:00 PM,Thursday,Wellesley and Queens Park,Investigation,30,60,N/B,8300
18-Oct-18,95,5:30:00 PM,Thursday,York Mills/Ellesmere,General Delay,15,30,B/W,1665
18-Oct-18,87,5:30:00 PM,Thursday,BSTN,General Delay,8,113,B/W,
18-Oct-18,927,5:39:00 PM,Thursday,Kipling Station,Late Leaving Garage,6,12,N/B,8562
18-Oct-18,72,5:42:00 PM,Thursday,cherry and commissioner,Mechanical,16,32,B/W,8400
18-Oct-18,36,5:47:00 PM,Thursday,Finch and Avenue,Mechanical,6,12,W/B,9116
18-Oct-18,60,5:55:00 PM,Thursday,PVST,Investigation,12,24,E/B,3128
18-Oct-18,88,5:55:00 PM,Thursday,St. Clair Station to Thorncliffe Park and Overlea,General Delay,15,27,B/W,8205
18-Oct-18,102,6:06:00 PM,Thursday,warden stn,Mechanical,29,58,B/W,8414
18-Oct-18,85,6:07:00 PM,Thursday,Sheppard and Bassarion,Investigation,16,32,E/B,1796
18-Oct-18,61,6:10:00 PM,Thursday,Davisville Station,Utilized Off Route,13,27,S/B,8198
18-Oct-18,14,6:13:00 PM,Thursday,Caledonia and Glencairn,Mechanical,14,29,E/B,1039
18-Oct-18,23,6:16:00 PM,Thursday,RXDR,Mechanical,7,14,S/B,7813
18-Oct-18,72,6:21:00 PM,Thursday,young and front,General Delay,17,34,B/W,
18-Oct-18,100,6:32:00 PM,Thursday,Broadview/Mortimer,Investigation,6,11,S/B,8625
18-Oct-18,87,6:36:00 PM,Thursday,Mortimer and Broadview,Investigation,5,10,E/B,9231
18-Oct-18,937,6:36:00 PM,Thursday,Islington Station,Mechanical,11,22,N/B,8077
18-Oct-18,36,7:00:00 PM,Thursday,Finch West stn,Mechanical,8,10,W/B,1333
18-Oct-18,902,7:13:00 PM,Thursday,steeles and  Markham rd,Mechanical,10,20,B/W,7821
18-Oct-18,120,7:18:00 PM,Thursday,Victory and Keele,Investigation,12,24,W/B,8568
18-Oct-18,39,7:37:00 PM,Thursday,MCFI,Mechanical,14,28,E/B,1765
18-Oct-18,22,7:40:00 PM,Thursday,coxwell stn,Mechanical,10,20,B/W,9207
18-Oct-18,73,7:40:00 PM,Thursday,Kipling at Albion rd,Investigation,15,30,S/B,8094
18-Oct-18,90,7:47:00 PM,Thursday,St Clair West Station,Mechanical,8,16,W/B,8165
18-Oct-18,54,7:47:00 PM,Thursday,The Donway & Lawrence,Mechanical,12,24,W/B,8843
18-Oct-18,63,7:47:00 PM,Thursday,Oakwood Loop,Utilized Off Route,8,16,SB,1230
18-Oct-18,43,8:00:00 PM,Thursday,KENNEDY STN,Utilized Off Route,10,20,N/B,8795
18-Oct-18,51,8:04:00 PM,Thursday,Eglinton Station,Investigation,24,48,N/B,8308
18-Oct-18,56,8:05:00 PM,Thursday,Forman and Eglinton,Investigation,20,40,W/B,8374
18-Oct-18,31,8:19:00 PM,Thursday,Greenwod Station,Mechanical,10,20,S/B,9205
18-Oct-18,90,8:24:00 PM,Thursday,St.Clair West station,Mechanical,8,16,N/B,8165
18-Oct-18,41,8:37:00 PM,Thursday,Keele and Ypres rd,Investigation,17,34,N/B,1287
18-Oct-18,98,8:45:00 PM,Thursday,Sheppard and Yonge Station,Mechanical,30,60,E/B,8120
18-Oct-18,85,8:50:00 PM,Thursday,Sheppard and Markham,Mechanical,15,30,E/B,1597
18-Oct-18,54,9:00:00 PM,Thursday,Morningside & Lawrence,Diversion,330,343,W/B,
18-Oct-18,123,9:12:00 PM,Thursday,Kipling Station,Mechanical,24,48,S/B,7949
18-Oct-18,52,9:45:00 PM,Thursday,Bathrust and Lawrence,Investigation,11,22,W/B,8138
18-Oct-18,85,10:23:00 PM,Thursday,MGAT,Mechanical,15,30,E/B,1597
18-Oct-18,36,10:57:00 PM,Thursday,Norfinch and Finch,Mechanical,9,18,W/B,8517
18-Oct-18,76,11:23:00 PM,Thursday,Mimico and Lakeshore Blvd W,Investigation,10,20,N/B,7917
19-Oct-18,95,12:55:00 AM,Friday,Ellesmere Cul- De-Sac Kingston Loop,Utilized Off Route,10,20,W/B,1239
19-Oct-18,300,2:28:00 AM,Friday,Church and Bloor Street,Mechanical,10,20,W/B,1064
19-Oct-18,320,3:33:00 AM,Friday,SYON,Mechanical,4,7,S/B,1089
19-Oct-18,95,4:20:00 AM,Friday,SCLP,Late Leaving Garage,30,30,W/B,1542
19-Oct-18,353,4:28:00 AM,Friday,NWGT,Late Leaving Garage,30,60,W/B,1661
19-Oct-18,86,4:44:00 AM,Friday,Eglinton Division,Late Leaving Garage,1,1,W/B,8662
19-Oct-18,100,4:51:00 AM,Friday,Don Milsl and wynford,Late Leaving Garage,1,1,S/B,8752
19-Oct-18,320,4:53:00 AM,Friday,Yorkmills,Investigation,7,14,S/B,8327
19-Oct-18,34,4:55:00 AM,Friday,Eglinton Stn,Late Leaving Garage,8,16,W/B,8790
19-Oct-18,72,4:57:00 AM,Friday,Cherry/Villiers,Diversion,25,41,B/W,7792
19-Oct-18,81,4:59:00 AM,Friday,TP 65,Late Leaving Garage,24,48,S/B,7823
19-Oct-18,34,5:03:00 AM,Friday,Brimley and Eglinton,Late Leaving Garage,5,1,E/B,8919
19-Oct-18,7,5:12:00 AM,Friday,Bathurst St and Wilson Ave,Late Leaving Garage,19,36,S/B,9018
19-Oct-18,60,5:12:00 AM,Friday,Steeles and Martin Grove,Late Leaving Garage,6,16,E/B,3203
19-Oct-18,65,5:17:00 AM,Friday,King / Parliament,Diversion,999,999,B/W,7795
19-Oct-18,25,5:18:00 AM,Friday,Freshmeadow and Don Mills,Late Leaving Garage,10,21,S/B,8905
19-Oct-18,87,5:20:00 AM,Friday,Broadview stn,Late Leaving Garage,5,10,B/W,8499
19-Oct-18,125,5:21:00 AM,Friday,Bathurst and Antibes,Late Leaving Garage,17,24,E/B,1230
19-Oct-18,60,5:23:00 AM,Friday,FSTN,Late Leaving Garage,14,26,W/B,3243
19-Oct-18,29,5:24:00 AM,Friday,WILS,Late Leaving Garage,9,17,S/B,9037
19-Oct-18,702,5:30:00 AM,Friday,Kipling stn,Utilized Off Route,1,1,N/B,7974
19-Oct-18,602,5:30:00 AM,Friday,Islington,Utilized Off Route,1,1,N/B,8046
19-Oct-18,34,5:33:00 AM,Friday,kennedy stn,Late Leaving Garage,3,7,W/B,8695
19-Oct-18,100,5:33:00 AM,Friday,Don Mills & Wynford,Utilized Off Route,12,24,E/B,8873
19-Oct-18,7,5:35:00 AM,Friday,Bathurst st and Wilson Ave,Late Leaving Garage,9,20,S/B,9005
19-Oct-18,10,5:43:00 AM,Friday,Van Horne Ave and Bickerton Cr.,Late Leaving Garage,15,30,E/B,8131
19-Oct-18,51,5:43:00 AM,Friday,Eglinton Station,Late Leaving Garage,17,34,N/B,8345
19-Oct-18,41,5:53:00 AM,Friday,KSTN,Late Leaving Garage,10,22,N/B,9151
19-Oct-18,53,5:55:00 AM,Friday,MOFI,Late Leaving Garage,14,21,W/B,9066
19-Oct-18,25,5:56:00 AM,Friday,PSTN,Utilized Off Route,5,10,N/B,8713
19-Oct-18,113,5:57:00 AM,Friday,Kennedy Station,Mechanical,12,24,W/B,7844
19-Oct-18,86,6:02:00 AM,Friday,Eglinton Garage,Late Leaving Garage,1,1,,8832
19-Oct-18,90,6:03:00 AM,Friday,St Clair West Station,Late Leaving Garage,7,15,N/B,8157
19-Oct-18,53,6:09:00 AM,Friday,FSTN,Late Leaving Garage,14,14,E/B,9071
19-Oct-18,121,6:10:00 AM,Friday,King / Parliament,Diversion,999,999,B/W,8403
19-Oct-18,78,6:15:00 AM,Friday,Carluke And Fifehire,Late Leaving Garage,20,40,W/B,1228
19-Oct-18,69,6:15:00 AM,Friday,DNSA,Late Leaving Garage,7,14,B/W,7865
19-Oct-18,68,6:21:00 AM,Friday,Warden Station,Utilized Off Route,5,10,N/B,8874
19-Oct-18,106,6:23:00 AM,Friday,Sheppard W Stn,Late Leaving Garage,8,15,,1387
19-Oct-18,75,6:23:00 AM,Friday,Bloor ST E and Sherbourne St,Late Leaving Garage,10,20,S/B,8204
19-Oct-18,90,6:24:00 AM,Friday,St Clair West Station,Late Leaving Garage,4,8,N/B,1253
19-Oct-18,165,6:26:00 AM,Friday,YKMS,Mechanical,5,10,W/B,1324
19-Oct-18,98,6:28:00 AM,Friday,Shjeppard Yonge Station,Late Leaving Garage,15,30,E/B,8131
19-Oct-18,186,6:29:00 AM,Friday,HLDG,Late Leaving Garage,10,20,W/B,3235
19-Oct-18,168,6:29:00 AM,Friday,AVLP,Late Leaving Garage,6,12,S/B,1413
19-Oct-18,118,6:30:00 AM,Friday,WILS,Late Leaving Garage,20,40,W/B,1337
19-Oct-18,48,6:30:00 AM,Friday,Mill rd loop,Mechanical,12,24,N/B,7957
19-Oct-18,35,6:31:00 AM,Friday,PVST,Late Leaving Garage,3,6,S/B,3271
19-Oct-18,929,6:33:00 AM,Friday,DLAW,Late Leaving Garage,9,17,N/B,9047
19-Oct-18,97,6:35:00 AM,Friday,Queens Quay and Bay,Mechanical,30,60,N/B,8109
19-Oct-18,97,6:35:00 AM,Friday,Queens Quay and Bay,Mechanical,30,60,N/B,8109
19-Oct-18,927,6:35:00 AM,Friday,Royal crest,Late Leaving Garage,5,10,S/B,8547
19-Oct-18,7,6:35:00 AM,Friday,Bathurst St and Briar Hill Ave,Diversion,260,270,B/W,
19-Oct-18,14,6:36:00 AM,Friday,Bathurst & Briar Hill,Diversion,259,275,B/W,1030
19-Oct-18,36,6:38:00 AM,Friday,Humberwood loop,Mechanical,5,10,S/B,9135
19-Oct-18,937,6:40:00 AM,Friday,Islington stn,Mechanical,10,20,N/B,8093
19-Oct-18,78,6:40:00 AM,Friday,York Mills Station,Late Leaving Garage,10,20,E/B,1307
19-Oct-18,63,6:41:00 AM,Friday,Wilson Ave and Dufferin,Mechanical,3,5,,8169
19-Oct-18,122,6:42:00 AM,Friday,York Mills Station,Late Leaving Garage,9,18,E/B,8199
19-Oct-18,108,6:43:00 AM,Friday,SWST,Late Leaving Garage,12,24,N/B,1398
19-Oct-18,32,6:50:00 AM,Friday,Emmett and Verona,Mechanical,11,22,W/B,1052
19-Oct-18,960,6:53:00 AM,Friday,FSTN,Late Leaving Garage,8,15,W/B,3197
19-Oct-18,939,6:54:00 AM,Friday,FSTN,Investigation,12,24,E/B,1655
19-Oct-18,63,6:54:00 AM,Friday,Eglinton W Stn,Mechanical,4,7,,8304
19-Oct-18,143,6:55:00 AM,Friday,Downtown Beach Express,Late Leaving Garage,0,0,W/B,9219
19-Oct-18,937,7:00:00 AM,Friday,Islington route,General Delay,20,30,B/W,8086
19-Oct-18,37,7:00:00 AM,Friday,Islington Route,General Delay,20,25,B/W,8056
19-Oct-18,162,7:00:00 AM,Friday,Larence Station,Mechanical,20,40,E/B,8147
19-Oct-18,7,7:00:00 AM,Friday,Bathurst Station to Steeles,General Delay,30,40,B/W,
19-Oct-18,35,7:00:00 AM,Friday,Jane Rouute,General Delay,6,15,B/W,
19-Oct-18,952,7:09:00 AM,Friday,Lawrence Station,Late Leaving Garage,11,22,W/B,8103
19-Oct-18,53,7:13:00 AM,Friday,Midland and Steeles,Mechanical,6,13,W/B,9071
19-Oct-18,34,7:18:00 AM,Friday,Kennedy station,Mechanical,4,8,W/B,8667
19-Oct-18,56,7:26:00 AM,Friday,Eglinton Station,Late Leaving Garage,3,9,S/B,8173
19-Oct-18,84,7:30:00 AM,Friday,84 Sheppard West,General Delay,8,20,B/W,
19-Oct-18,52,7:38:00 AM,Friday,Lawrence Station,Utilized Off Route,19,38,W/B,8344
19-Oct-18,96,7:50:00 AM,Friday,WILS,Mechanical,9,18,E/B,3239
19-Oct-18,939,7:52:00 AM,Friday,Don Mills and Finch,Mechanical,7,14,B/W,1702
19-Oct-18,168,7:57:00 AM,Friday,Rogers Rd,Investigation,6,12,S/B,1005
19-Oct-18,89,8:15:00 AM,Friday,Keele Station,Investigation,6,12,N/B,1265
19-Oct-18,116,8:18:00 AM,Friday,Eglinton and Kingston,Investigation,35,60,E/B,8898
19-Oct-18,63,9:02:00 AM,Friday,Oakwood Ave and St Clair,Mechanical,4,9,,8205
19-Oct-18,95,9:11:00 AM,Friday,UFT LOOP,Mechanical,8,16,W/B,1822
19-Oct-18,75,9:30:00 AM,Friday,Queens Quay to South Dr,General Delay,27,35,B/W,
19-Oct-18,52,9:30:00 AM,Friday,Lawerence West Ave and jane St,Mechanical,21,29,E/B,8189
19-Oct-18,21,10:01:00 AM,Friday,STC,Mechanical,14,28,N/B,1567
19-Oct-18,43,10:01:00 AM,Friday,Sacrborough Town Ctr.,Mechanical,15,30,S/B,8852
19-Oct-18,110,10:06:00 AM,Friday,Islington stn,Mechanical,10,20,N/B,8431
19-Oct-18,34,10:15:00 AM,Friday,34 Eglinton East route,General Delay,20,40,B/W,
19-Oct-18,6,10:17:00 AM,Friday,Charles St,Investigation,6,12,N/B,1050
19-Oct-18,63,10:27:00 AM,Friday,Oakwood loop,Utilized Off Route,9,17,,8117
19-Oct-18,719,10:30:00 AM,Friday,Yonge and St.Clair,Utilized Off Route,1,1,B/W,1107
19-Oct-18,47,10:30:00 AM,Friday,Yonge and St.Clair,Utilized Off Route,1,1,B/W,1109
19-Oct-18,133,11:26:00 AM,Friday,Morningside and Staines,Mechanical,10,20,B/W,1636
19-Oct-18,95,11:39:00 AM,Friday,KNRD,Mechanical,14,30,W/B,1641
19-Oct-18,29,11:45:00 AM,Friday,Dufferin and Briar Hill,Investigation,7,15,N/B,9150
19-Oct-18,89,11:47:00 AM,Friday,Keele Station,Mechanical,10,20,N/B,1023
19-Oct-18,56,11:55:00 AM,Friday,Eglinton Station,Investigation,18,36,s/b,1362
19-Oct-18,32,11:56:00 AM,Friday,Eglinton Station,Investigation,10,20,W/B,1036
19-Oct-18,123,12:00:00 PM,Friday,Longbranch,Investigation,20,40,B/W,7934
19-Oct-18,100,12:00:00 PM,Friday,100 Flemingdon Pk route,General Delay,15,30,B/W,
19-Oct-18,69,12:19:00 PM,Friday,warden station,Mechanical,11,22,S/B,9205
19-Oct-18,133,12:20:00 PM,Friday,Scarborough Town Center,Late Leaving Garage,9,18,B/W,1636
19-Oct-18,123,12:30:00 PM,Friday,North Queen and Index,General Delay,1,1,N/B,7934
19-Oct-18,121,12:30:00 PM,Friday,Front and Blue Jays Way,General Delay,10,25,B/W,
19-Oct-18,123,12:30:00 PM,Friday,North Queen and Index,Investigation,21,42,N/B,7934
19-Oct-18,609,12:56:00 PM,Friday,Queen and Augusta,Utilized Off Route,1,1,B/W,1113
19-Oct-18,709,12:56:00 PM,Friday,Queen and Augusta,Utilized Off Route,1,1,B/W,1104
19-Oct-18,36,12:58:00 PM,Friday,Bathurst,Investigation,5,10,S/B,8601
19-Oct-18,35,1:14:00 PM,Friday,PVST,Mechanical,7,14,N/B,3155
19-Oct-18,110,1:25:00 PM,Friday,Islington and Birmingham,Investigation,1,36,N/B,8034
19-Oct-18,133,1:35:00 PM,Friday,STC,Mechanical,11,22,E/B,1680
19-Oct-18,52,1:48:00 PM,Friday,Kiplin/Dixon Rd.,Investigation,14,28,E/B,8389
19-Oct-18,29,2:00:00 PM,Friday,Lawrence to Wilson construction,General Delay,20,28,B/W,
19-Oct-18,985,2:00:00 PM,Friday,Express Route on Sheppard Don Mills to STC,General Delay,9,18,B/W,
19-Oct-18,12,2:11:00 PM,Friday,Manderly  Drive,Mechanical,25,50,W/B,8599
19-Oct-18,41,2:37:00 PM,Friday,Finch West Station,Mechanical,14,14,S/B,1272
19-Oct-18,905,2:42:00 PM,Friday,Eglinton at Brimley,Mechanical,7,16,W/B,8638
19-Oct-18,67,2:46:00 PM,Friday,Pharmacy/Penworth,Diversion,636,660,S/B,
19-Oct-18,35,2:47:00 PM,Friday,Alliance and Jane,Investigation,10,20,S/B,3197
19-Oct-18,17,2:47:00 PM,Friday,Birchmount and Sheppard,Mechanical,13,26,N/B,7842
19-Oct-18,11,2:51:00 PM,Friday,Davisville Station,Investigation,7,14,N/B,8154
19-Oct-18,89,2:53:00 PM,Friday,Keele Station,Mechanical,11,22,N/B,1408
19-Oct-18,49,2:55:00 PM,Friday,Kipling stn,Late Leaving Garage,18,36,E/B,8055
19-Oct-18,47,3:00:00 PM,Friday,YRKDL,Late Leaving Garage,8,18,S/B,
19-Oct-18,116,3:00:00 PM,Friday,Kennedy STN,Utilized Off Route,8,18,E/B,8726
19-Oct-18,80,3:00:00 PM,Friday,Keele Station to Sherway Gardens,General Delay,15,39,B/W,
19-Oct-18,37,3:00:00 PM,Friday,Islington Station to Steeles and Humberwood Loop,General Delay,15,25,B/W,
19-Oct-18,17,3:00:00 PM,Friday,Birchmount Road / WAST,General Delay,8,16,B/W,
19-Oct-18,913,3:00:00 PM,Friday,Express Route on Progress,General Delay,6,13,B/W,
19-Oct-18,134,3:00:00 PM,Friday,Progress Route,General Delay,15,30,B/W,
19-Oct-18,70,3:00:00 PM,Friday,woodbine/O'connor,General Delay,23,37,B/W,
19-Oct-18,72,3:02:00 PM,Friday,lawrance /shappard /markham rd,General Delay,12,24,B/W,
19-Oct-18,72,3:02:00 PM,Friday,sherbourne / young,General Delay,16,32,B/W,
19-Oct-18,98,3:02:00 PM,Friday,Sheppard and Yonge Station,Late Leaving Garage,30,60,S/B,1218
19-Oct-18,53,3:03:00 PM,Friday,BSTL,Late Leaving Garage,4,15,W/B,9070
19-Oct-18,937,3:04:00 PM,Friday,Islington Station to Steeles,General Delay,15,26,B/W,
19-Oct-18,59,3:05:00 PM,Friday,Oak & Weston Rd,Mechanical,0,0,W/B,3253
19-Oct-18,11,3:06:00 PM,Friday,Davisville station,Mechanical,14,28,N/B,8169
19-Oct-18,92,3:14:00 PM,Friday,WOOD,Mechanical,7,18,S/B,8946
19-Oct-18,25,3:15:00 PM,Friday,Pape stn,Utilized Off Route,6,12,B/W,8736
19-Oct-18,41,3:19:00 PM,Friday,Finch West Station,Mechanical,14,28,S/B,1034
19-Oct-18,952,3:20:00 PM,Friday,Terminal 3,Mechanical,12,24,W/B,8119
19-Oct-18,39,3:26:00 PM,Friday,MCVP,Late Leaving Garage,14,28,W/B,1829
19-Oct-18,57,3:30:00 PM,Friday,Mildand,General Delay,19,25,B/W,
19-Oct-18,989,3:40:00 PM,Friday,Signet & Steeles,Mechanical,10,20,S/B,1258
19-Oct-18,109,3:40:00 PM,Friday,Neptune,Mechanical,14,28,S/B,1283
19-Oct-18,40,3:41:00 PM,Friday,Dundas at Glenlake,Investigation,8,15,E/B,7945
19-Oct-18,952,3:45:00 PM,Friday,Bathurst to Keele,General Delay,25,37,B/W,
19-Oct-18,52,3:45:00 PM,Friday,Bathurst to Keele,General Delay,25,45,B/W,
19-Oct-18,78,3:45:00 PM,Friday,York Mills stn,Mechanical,15,30,E/B,8130
19-Oct-18,52,3:50:00 PM,Friday,Lawrence W stn,Mechanical,13,20,W/B,8183
19-Oct-18,65,3:50:00 PM,Friday,Parliament,Utilized Off Route,10,20,N/B,9200
19-Oct-18,95,3:57:00 PM,Friday,ELRT,Mechanical,9,18,W/B,1668
19-Oct-18,143,3:58:00 PM,Friday,Downtown Beach Express,Late Leaving Garage,0,0,E/B,7767
19-Oct-18,143,4:00:00 PM,Friday,Sherbourne and Richmond,General Delay,10,1,B/W,
19-Oct-18,167,4:00:00 PM,Friday,167 Pharmacy North,General Delay,15,1,B/W,
19-Oct-18,89,4:00:00 PM,Friday,Entire Route,General Delay,15,25,B/W,
19-Oct-18,41,4:00:00 PM,Friday,Entire Route,General Delay,20,30,B/W,
19-Oct-18,989,4:00:00 PM,Friday,Entire Route,General Delay,15,25,B/W,
19-Oct-18,65,4:00:00 PM,Friday,Castle Frank Station,General Delay,12,1,B/W,
19-Oct-18,16,4:00:00 PM,Friday,Warden Station,General Delay,10,1,B/W,
19-Oct-18,17,4:00:00 PM,Friday,Warden Station,General Delay,20,1,B/W,
19-Oct-18,9,4:00:00 PM,Friday,Warden Station,General Delay,10,1,B/W,
19-Oct-18,122,4:00:00 PM,Friday,Bayview / York Mills and Lesmill/ Duncan Mills,General Delay,25,37,B/W,
19-Oct-18,83,4:00:00 PM,Friday,Donlands Station,General Delay,12,1,B/W,
19-Oct-18,51,4:00:00 PM,Friday,Route 51,General Delay,9,27,B/W,
19-Oct-18,23,4:00:00 PM,Friday,Main STN,General Delay,6,12,B/W,
19-Oct-18,24,4:00:00 PM,Friday,24 Victoria Park Ave,General Delay,15,1,B/W,
19-Oct-18,91,4:00:00 PM,Friday,O'connor and Woodbine,General Delay,10,25,N/B,
19-Oct-18,53,4:00:00 PM,Friday,Steeles route FSTN-PAMK-MOFI,General Delay,15,30,B/W,
19-Oct-18,87,4:00:00 PM,Friday,On Cosburn btw Woodbine and Coxwell,General Delay,10,15,B/W,
19-Oct-18,88,4:00:00 PM,Friday,Route 88,General Delay,16,22,B/W,
19-Oct-18,75,4:00:00 PM,Friday,Route 75,General Delay,15,21,B/W,
19-Oct-18,45,4:00:00 PM,Friday,Rexdale to Alkbion at Kipling,General Delay,25,,B/W,
19-Oct-18,46,4:00:00 PM,Friday,KPSN TO SLPM,General Delay,11,22,B/W,
19-Oct-18,30,4:00:00 PM,Friday,Cordova and Dundas St and Jane to Islington,General Delay,20,0,,
19-Oct-18,161,4:14:00 PM,Friday,Oakwood and Rosemount,Diversion,26,39,B/W,
19-Oct-18,161,4:15:00 PM,Friday,Entire Route,General Delay,20,33,B/W,
19-Oct-18,24,4:26:00 PM,Friday,Victoria Park Station,Mechanical,9,18,N/B,8445
19-Oct-18,54,4:27:00 PM,Friday,Leslie & Lawrence,Mechanical,10,21,E/B,8651
19-Oct-18,29,4:33:00 PM,Friday,Dufferin and Lawrence,General Delay,7,14,N/B,9144
19-Oct-18,74,4:36:00 PM,Friday,Doncliffe Loop to St. Clair Station,General Delay,24,41,B/W,1226
19-Oct-18,984,4:50:00 PM,Friday,Rivalda and Sheppard.,Mechanical,8,16,E/B,7878
19-Oct-18,21,4:54:00 PM,Friday,STC,Mechanical,9,18,N/B,1768
19-Oct-18,102,4:55:00 PM,Friday,danforth  and  st clair,Mechanical,29,58,B/W,9229
19-Oct-18,44,5:00:00 PM,Friday,Dundas St W And Aukland,General Delay,15,,N/B,
19-Oct-18,985,5:00:00 PM,Friday,DONS - SLP,General Delay,8,16,B/W,
19-Oct-18,35,5:10:00 PM,Friday,Entire route,General Delay,15,25,N/S,
19-Oct-18,102,5:10:00 PM,Friday,warden stn,Utilized Off Route,10,20,B/W,9237
19-Oct-18,935,5:15:00 PM,Friday,Entire route,General Delay,15,25,N/S,
19-Oct-18,87,5:21:00 PM,Friday,Logan and Cosburn,Investigation,5,10,E/B,8747
19-Oct-18,65,5:25:00 PM,Friday,Castle Frank Station,Utilized Off Route,10,19,S/B,7845
19-Oct-18,92,5:30:00 PM,Friday,Gerrard and Woodbine,General Delay,10,17,B/W,
19-Oct-18,95,5:37:00 PM,Friday,York Mills/Ellesmere,General Delay,20,40,B/W,1528
19-Oct-18,989,5:37:00 PM,Friday,Church and Weston,Mechanical,10,20,S/B,1010
19-Oct-18,902,5:52:00 PM,Friday,Midland  and St Clair,Mechanical,10,20,B/W,9202
19-Oct-18,165,6:04:00 PM,Friday,York Mills Station to Barmac and Steeles,General Delay,22,30,B/W,
19-Oct-18,32,6:15:00 PM,Friday,Eglinton stn,Investigation,8,17,W/B,1410
19-Oct-18,43,6:30:00 PM,Friday,kennedy and eglinton,Investigation,8,16,S/B,8896
19-Oct-18,925,6:37:00 PM,Friday,PSTN,Mechanical,8,16,N/B,8700
19-Oct-18,168,6:57:00 PM,Friday,Davenport and Symington,Investigation,1,1,N/B,1264
19-Oct-18,81,7:00:00 PM,Friday,pape  /Oconnor,General Delay,10,20,B/W,
19-Oct-18,36,7:10:00 PM,Friday,Humberline and View Cres.,Investigation,6,13,W/B,9119
19-Oct-18,95,7:14:00 PM,Friday,Midland Ave and Ellesmere Rd,Diversion,243,257,E/B,1712
19-Oct-18,35,7:15:00 PM,Friday,Chulkfarm / Exbury drive,Investigation,10,20,S/B,3104
19-Oct-18,92,7:16:00 PM,Friday,QUEEN AND WOODBINE,Diversion,39,51,S/B,7813
19-Oct-18,98,7:59:00 PM,Friday,Finch and Senlac,Mechanical,30,60,S/B,8187
19-Oct-18,85,8:06:00 PM,Friday,Dean Park/Sheppard,Mechanical,15,29,W/B,1580
19-Oct-18,68,8:20:00 PM,Friday,WSTN,Mechanical,20,30,N/B,8848
19-Oct-18,162,8:25:00 PM,Friday,Bayview and Post Rd,Mechanical,30,60,N/B,8138
19-Oct-18,80,8:45:00 PM,Friday,"On Lakeshore, at Parkside",Diversion,312,336,B/W,7938
19-Oct-18,41,8:51:00 PM,Friday,Sentinel and Pond,Mechanical,17,34,S/B,1272
19-Oct-18,69,8:52:00 PM,Friday,Warden Ave and Danforth Road,Mechanical,20,40,S/B,7841
19-Oct-18,100,8:54:00 PM,Friday,Broadview Station,Investigation,8,16,N/B,8910
19-Oct-18,59,9:24:00 PM,Friday,Uphill and Church,Emergency Services,30,60,W/B,3147
19-Oct-18,57,9:25:00 PM,Friday,MILLBRIDGE AND MIDLAND,Diversion,45,55,N/B,8792
19-Oct-18,701,9:26:00 PM,Friday,Bloor and Sherbourne,Utilized Off Route,1,1,N/B,1319
19-Oct-18,602,9:30:00 PM,Friday,Kipling Station,Utilized Off Route,1,2,E/B,8027
19-Oct-18,600,9:34:00 PM,Friday,Wilson Garage,Utilized Off Route,1,1,SB,8207
19-Oct-18,192,9:38:00 PM,Friday,Kipling Station,Utilized Off Route,9,18,N/B,8004
19-Oct-18,474,9:40:00 PM,Friday,Bridgeland / Yorkdale rd,Diversion,280,290,B/W,
19-Oct-18,53,10:12:00 PM,Friday,FSTN,Mechanical,3,22,E/B,1680
19-Oct-18,36,10:24:00 PM,Friday,FSTN,Late Leaving Garage,9,18,W/B,8611
19-Oct-18,34,10:30:00 PM,Friday,Eglinton Station,Mechanical,10,20,E/B,8869
19-Oct-18,39,10:30:00 PM,Friday,NECR,Emergency Services,9,18,W/B,1759
19-Oct-18,74,10:34:00 PM,Friday,St. Clair Station,Mechanical,18,36,N/B,8127
19-Oct-18,40,11:17:00 PM,Friday,"On Dundas, at Indian Rd.",Investigation,10,20,E/B,8018
19-Oct-18,60,11:36:00 PM,Friday,Finch Station,Mechanical,17,34,W/B,3159
20-Oct-18,12,12:11:00 AM,Saturday,victoria park,Mechanical,22,44,N/B,8462
20-Oct-18,41,1:12:00 AM,Saturday,PVST,Investigation,38,46,S/B,9145
20-Oct-18,320,1:28:00 AM,Saturday,Bloor,Utilized Off Route,6,7,N/B,8868
20-Oct-18,32,1:31:00 AM,Saturday,Glenhome and Eglinton,Utilized Off Route,1,1,W/B,1409
20-Oct-18,63,1:38:00 AM,Saturday,Eglinton West Station,Utilized Off Route,14,28,SB,8308
20-Oct-18,320,2:20:00 AM,Saturday,Steeles and Yonge,Utilized Off Route,3,6,S/B,8192
20-Oct-18,363,2:30:00 AM,Saturday,Eglinton West Station,Diversion,30,60,N/B,1210
20-Oct-18,320,3:17:00 AM,Saturday,Alexander,Investigation,6,7,N/B,8324
20-Oct-18,320,3:18:00 AM,Saturday,Gerrard,Mechanical,5,7,N/B,8166
20-Oct-18,329,3:33:00 AM,Saturday,Steeles,Mechanical,30,60,N/B,9142
20-Oct-18,65,5:15:00 AM,Saturday,King / Parliament,Diversion,240,259,B/W,7864
20-Oct-18,47,5:24:00 AM,Saturday,Bridgeland / Yorkdale Roads at Dufferin,Diversion,999,999,B/W,1147
20-Oct-18,7,5:30:00 AM,Saturday,grenwin Village,Mechanical,15,30,S/B,9001
20-Oct-18,6,5:36:00 AM,Saturday,Dupont & Davenport,Late Leaving Garage,30,53,S/B,1625
20-Oct-18,52,5:40:00 AM,Saturday,Terminal 1,Late Leaving Garage,37,0,E/B,8159
20-Oct-18,22,5:41:00 AM,Saturday,Coxwell Station,Late Leaving Garage,10,20,B/W,7816
20-Oct-18,62,5:59:00 AM,Saturday,Coxwell & Mortimer,Late Leaving Garage,1,1,B/W,9236
20-Oct-18,57,5:59:00 AM,Saturday,Kennedy Station,Mechanical,0,0,E/B,8675
20-Oct-18,121,6:08:00 AM,Saturday,Mill & Cherry,Diversion,1,1,W/B,7879
20-Oct-18,135,6:15:00 AM,Saturday,Warden Station,Mechanical,30,60,W/B,8438
20-Oct-18,5,6:20:00 AM,Saturday,Eglinton stn,Mechanical,20,40,,8323
20-Oct-18,42,6:20:00 AM,Saturday,Dynamic,Late Leaving Garage,20,40,W/B,8300
20-Oct-18,106,6:30:00 AM,Saturday,Gerrard and Bay,Mechanical,15,30,,8166
20-Oct-18,104,6:30:00 AM,Saturday,Wilson Garage,Mechanical,12,23,,8166
20-Oct-18,102,6:36:00 AM,Saturday,Warden Station,Emergency Services,1,1,B/W,7788
20-Oct-18,52,6:45:00 AM,Saturday,Lawrence Station,Late Leaving Garage,20,40,W/B,1237
20-Oct-18,39,7:13:00 AM,Saturday,FSTN,Investigation,14,28,E/B,1630
20-Oct-18,111,8:30:00 AM,Saturday,Longbourne West of Martingrove,Diversion,999,999,N/B,
20-Oct-18,939,8:38:00 AM,Saturday,Willowdale on Finch,Mechanical,7,14,W/B,1646
20-Oct-18,22,9:02:00 AM,Saturday,Bingham Loop,Emergency Services,10,20,S/B,7776
20-Oct-18,63,9:11:00 AM,Saturday,Ossington Stn,Investigation,5,10,,1222
20-Oct-18,20,9:38:00 AM,Saturday,Main Station,Late Leaving Garage,20,40,E/B,8491
20-Oct-18,134,9:48:00 AM,Saturday,Sheppard Ave. at Progress,Investigation,15,30,W/B,1676
20-Oct-18,80,9:50:00 AM,Saturday,Keele station,Late Leaving Garage,22,46,W/B,8029
20-Oct-18,34,10:00:00 AM,Saturday,Eglinton & Kennedy STN's + Grenoble and Spanbridge,General Delay,25,30,B/W,
20-Oct-18,100,10:00:00 AM,Saturday,Broadview STN + Don Mills and Wynford,General Delay,20,25,B/W,
20-Oct-18,68,10:30:00 AM,Saturday,Warden Station - Warden Loop,General Delay,10,20,bw,
20-Oct-18,43,10:30:00 AM,Saturday,Kennedy between Mnicoll & Steeles,General Delay,10,20,N/B,
20-Oct-18,46,10:41:00 AM,Saturday,Martin Grove and Steeles,Investigation,15,30,S/B,8602
20-Oct-18,79,11:06:00 AM,Saturday,Runnymede Station,Mechanical,24,48,N/B,1132
20-Oct-18,22,11:31:00 AM,Saturday,Bingham Loop,Emergency Services,10,20,N/B,7868
20-Oct-18,29,11:35:00 AM,Saturday,Dufferin & Lawrence,Mechanical,5,10,S/B,9037
20-Oct-18,41,11:45:00 AM,Saturday,Keele and Falstaff,Investigation,10,20,S/B,1033
20-Oct-18,29,11:59:00 AM,Saturday,Wilson Station,Mechanical,4,8,S/B,1107
20-Oct-18,45,12:00:00 PM,Saturday,Kipling and Esther Lorrie,Mechanical,9,19,N/B,8081
20-Oct-18,89,12:00:00 PM,Saturday,Jane and Weston,Mechanical,10,20,N/B,1005
20-Oct-18,89,12:00:00 PM,Saturday,Entire Route,General Delay,25,30,B/W,
20-Oct-18,45,12:00:00 PM,Saturday,Kipling between Finch and Albion,General Delay,30,45,B/W,0
20-Oct-18,57,12:21:00 PM,Saturday,Midland & Steeles,Late Leaving Garage,13,26,S/B,8631
20-Oct-18,41,12:30:00 PM,Saturday,Keele stn,Late Leaving Garage,9,17,N/B,1020
20-Oct-18,22,12:39:00 PM,Saturday,Bingham Loop,Investigation,1,1,B/W,7819
20-Oct-18,53,12:49:00 PM,Saturday,Passmoore & Markham,Late Leaving Garage,5,11,W/B,1706
20-Oct-18,602,12:58:00 PM,Saturday,Islington Station,Mechanical,1,1,N/B,7963
20-Oct-18,161,1:00:00 PM,Saturday,Entire Route,General Delay,25,30,B/W,
20-Oct-18,38,1:18:00 PM,Saturday,RHGO,Mechanical,9,18,W/B,1715
20-Oct-18,95,1:26:00 PM,Saturday,Markham and Ellesmere,Mechanical,13,26,B/W,1752
20-Oct-18,606,1:39:00 PM,Saturday,Carlaw & Queen,Utilized Off Route,1,1,B/W,9228
20-Oct-18,104,1:40:00 PM,Saturday,Wilson Stn,Mechanical,15,30,,1352
20-Oct-18,29,1:52:00 PM,Saturday,Dufferin & Bloor,Mechanical,3,6,S/B,9148
20-Oct-18,41,2:00:00 PM,Saturday,Entire Route,General Delay,25,30,B/W,
20-Oct-18,29,2:00:00 PM,Saturday,Entire route,General Delay,60,60,B/W,1094
20-Oct-18,57,2:00:00 PM,Saturday,57 Midland route,General Delay,15,30,B/W,
20-Oct-18,80,2:00:00 PM,Saturday,Keele Station to Sherway Gardens,General Delay,20,44,B/W,
20-Oct-18,320,2:00:00 PM,Saturday,Bathurst and St. Clair,Utilized Off Route,3,6,N/B,8868
20-Oct-18,106,2:20:00 PM,Saturday,Chesswood and Sheppard,Mechanical,8,16,,8171
20-Oct-18,134,2:35:00 PM,Saturday,Washburn Way & Mammoth Hall Trail,Mechanical,15,30,S/B,1760
20-Oct-18,121,2:53:00 PM,Saturday,Mill and Trinity,Mechanical,16,32,W/B,8464
20-Oct-18,52,3:00:00 PM,Saturday,Bahurst to Keele,General Delay,25,37,B/W,
20-Oct-18,75,3:00:00 PM,Saturday,Sherbourne and Bloor,Mechanical,10,20,N/B,1376
20-Oct-18,24,3:00:00 PM,Saturday,Eglintion  to Lawrance,General Delay,7,14,N/B,
20-Oct-18,29,3:00:00 PM,Saturday,Dufferin & lawrence,Mechanical,3,6,N/B,1094
20-Oct-18,925,3:34:00 PM,Saturday,Don Mills and Green Belt,Mechanical,9,17,S/B,8831
20-Oct-18,35,3:35:00 PM,Saturday,Jane Station to Pioneer Village Station,General Delay,25,33,B/W,
20-Oct-18,52,4:10:00 PM,Saturday,Lawrence /Jane,Mechanical,7,17,W/B,1347
20-Oct-18,117,4:15:00 PM,Saturday,Dufferin and Steeles,Mechanical,12,24,EB,8124
20-Oct-18,14,4:22:00 PM,Saturday,Densbury and Glencairn,Mechanical,24,48,E/B,1125
20-Oct-18,32,4:23:00 PM,Saturday,Eglinton and Renforth,Mechanical,5,10,W/B,1258
20-Oct-18,95,4:40:00 PM,Saturday,MKEL,Mechanical,15,30,W/B,1712
20-Oct-18,63,4:40:00 PM,Saturday,Rosemount and Oakwood,Diversion,8,16,B/W,
20-Oct-18,35,4:44:00 PM,Saturday,Jane and Weston,Investigation,8,16,S/B,3146
20-Oct-18,32,4:50:00 PM,Saturday,Eglinton West Stn,Mechanical,5,10,W/B,1021
20-Oct-18,22,5:00:00 PM,Saturday,Kingson and Woodbine,Mechanical,8,16,W/B,7776
20-Oct-18,32,5:00:00 PM,Saturday,Eglinton and Tretheway,Mechanical,5,10,W/B,1536
20-Oct-18,939,5:01:00 PM,Saturday,Finch/Warden,Mechanical,12,18,W/B,1292
20-Oct-18,7,5:10:00 PM,Saturday,Bathurst station,Mechanical,7,14,N/B,9010
20-Oct-18,36,5:14:00 PM,Saturday,Finch West Station,Mechanical,4,9,W/B,8534
20-Oct-18,60,5:24:00 PM,Saturday,Signal hill and Steinway,Diversion,84,93,W/B,
20-Oct-18,25,5:27:00 PM,Saturday,Don Mills Station,Investigation,9,16,S/B,8662
20-Oct-18,75,5:30:00 PM,Saturday,Queen,Investigation,10,20,N/B,1376
20-Oct-18,91,5:32:00 PM,Saturday,Woodbine,Investigation,14,28,,9204
20-Oct-18,12,5:51:00 PM,Saturday,kennedy stn,Diversion,487,514,N/B,
20-Oct-18,20,5:51:00 PM,Saturday,kennedy stn,Diversion,516,536,N/B,
20-Oct-18,606,5:52:00 PM,Saturday,Victoria Park Station,Utilized Off Route,1,1,,8963
20-Oct-18,607,5:54:00 PM,Saturday,MGAT,Utilized Off Route,1,1,B/W,1780
20-Oct-18,707,5:56:00 PM,Saturday,STC,Utilized Off Route,1,1,B/W,1705
20-Oct-18,606,5:58:00 PM,Saturday,Victoria Park and Dawes,Utilized Off Route,1,1,,8501
20-Oct-18,601,5:58:00 PM,Saturday,Wellsley Station,Utilized Off Route,1,1,E/B,8118
20-Oct-18,601,5:59:00 PM,Saturday,Wilson Garage,Utilized Off Route,1,1,E/B,8194
20-Oct-18,43,6:00:00 PM,Saturday,Kennedy Station,Investigation,10,20,N/B,8811
20-Oct-18,710,6:00:00 PM,Saturday,Warden Station,Utilized Off Route,1,1,,8919
20-Oct-18,30,6:00:00 PM,Saturday,High Park,Mechanical,30,60,E/B,7970
20-Oct-18,606,6:00:00 PM,Saturday,Main Station,Utilized Off Route,1,1,,9206
20-Oct-18,102,6:03:00 PM,Saturday,Warden Station,Utilized Off Route,19,38,,8452
20-Oct-18,710,6:03:00 PM,Saturday,Warden Station,Utilized Off Route,1,1,N/B,8879
20-Oct-18,86,6:03:00 PM,Saturday,Kennedy Station,Utilized Off Route,7,14,E/B,8729
20-Oct-18,116,6:03:00 PM,Saturday,Kennedy Station,Utilized Off Route,6,13,E/B,8924
20-Oct-18,43,6:05:00 PM,Saturday,Kennedy Station,Utilized Off Route,16,32,N/B,8735
20-Oct-18,601,6:06:00 PM,Saturday,Wilson Garage,Utilized Off Route,1,1,E/B,8307
20-Oct-18,720,6:07:00 PM,Saturday,Kennedy STN,Utilized Off Route,1,1,S/B,8873
20-Oct-18,706,6:08:00 PM,Saturday,Warden Staion,Utilized Off Route,1,1,,7795
20-Oct-18,707,6:08:00 PM,Saturday,STC,Utilized Off Route,1,1,W/B,1673
20-Oct-18,70,6:08:00 PM,Saturday,Eglinton Division Yard,Investigation,11,21,,8838
20-Oct-18,607,6:09:00 PM,Saturday,STC,Utilized Off Route,1,1,B/W,1584
20-Oct-18,606,6:10:00 PM,Saturday,Pape Station,Utilized Off Route,1,1,,8959
20-Oct-18,601,6:10:00 PM,Saturday,Wilson Garage,Utilized Off Route,1,1,E/B,8389
20-Oct-18,86,6:13:00 PM,Saturday,Kennedy Station,Utilized Off Route,7,14,E/B,8866
20-Oct-18,86,6:13:00 PM,Saturday,Kennedy Station,Utilized Off Route,7,14,E/B,8921
20-Oct-18,116,6:13:00 PM,Saturday,Kennedy Station,Utilized Off Route,7,14,E/B,8678
20-Oct-18,86,6:13:00 PM,Saturday,Kennedy Station,Utilized Off Route,22,44,E/B,8639
20-Oct-18,21,6:16:00 PM,Saturday,Eglinton and Brimley,Utilized Off Route,12,24,S/B,1741
20-Oct-18,16,6:20:00 PM,Saturday,Warden Statoin,Utilized Off Route,12,24,,9219
20-Oct-18,85,6:20:00 PM,Saturday,Sheppard Ave and Morningside Ave,Utilized Off Route,8,16,W/B,1531
20-Oct-18,85,6:20:00 PM,Saturday,Sheppard Ave E and McCowan,Utilized Off Route,18,37,W/B,1541
20-Oct-18,133,6:23:00 PM,Saturday,STC,Utilized Off Route,9,18,E/B,1709
20-Oct-18,94,6:44:00 PM,Saturday,Welsely Stn,Mechanical,9,18,E/B,1135
20-Oct-18,53,6:57:00 PM,Saturday,FSTN,Investigation,11,24,E/B,1622
20-Oct-18,935,7:01:00 PM,Saturday,Jane and Finch,Investigation,10,20,N/B,3171
20-Oct-18,123,7:06:00 PM,Saturday,"On Evans, at Gair",Mechanical,30,60,W/B,8613
20-Oct-18,60,7:15:00 PM,Saturday,Finch Station,Mechanical,10,19,W/B,3173
20-Oct-18,606,7:20:00 PM,Saturday,Warden Station,Utilized Off Route,1,1,,8952
20-Oct-18,111,7:30:00 PM,Saturday,Kipling Station to Willowridge,General Delay,15,35,B/W,
20-Oct-18,36,7:56:00 PM,Saturday,Finch West Station,Investigation,8,16,E/B,8595
20-Oct-18,53,7:56:00 PM,Saturday,PAMK,Utilized Off Route,7,20,W/B,1637
20-Oct-18,36,8:00:00 PM,Saturday,Arrow Garage,Investigation,1,1,S/B,9122
20-Oct-18,939,8:01:00 PM,Saturday,STC,Utilized Off Route,10,20,W/B,1620
20-Oct-18,25,8:15:00 PM,Saturday,Pape Station,Utilized Off Route,9,16,,8751
20-Oct-18,85,8:16:00 PM,Saturday,SLP,Utilized Off Route,19,28,W/B,1672
20-Oct-18,26,8:44:00 PM,Saturday,St George Stn,Investigation,30,60,E/B,1409
20-Oct-18,32,8:55:00 PM,Saturday,Black creek and Eglinton,Mechanical,8,16,W/B,1267
20-Oct-18,25,9:05:00 PM,Saturday,Pape Station,Utilized Off Route,8,17,,8909
20-Oct-18,56,9:10:00 PM,Saturday,Eglinton/ Hanna rd,Mechanical,24,48,E/B,1370
20-Oct-18,32,9:31:00 PM,Saturday,Eglinton West Stn,Mechanical,8,16,E/B,1407
20-Oct-18,46,9:43:00 PM,Saturday,Steeles Loop at Martin Grove,Late Leaving Garage,30,60,S/B,1316
20-Oct-18,71,9:44:00 PM,Saturday,Weston and Ray,Diversion,12,24,N/B,1265
20-Oct-18,102,10:22:00 PM,Saturday,Lawrence and Markham,Investigation,10,20,N/B,8407
20-Oct-18,35,10:28:00 PM,Saturday,Jane and Falstaff,Mechanical,10,19,N/B,3256
20-Oct-18,32,10:46:00 PM,Saturday,Eglinton and Renforth,Mechanical,9,18,W/B,1067
20-Oct-18,116,11:00:00 PM,Saturday,Kennedy Sation,Mechanical,10,20,E/B,8754
20-Oct-18,29,11:00:00 PM,Saturday,EXLP,Mechanical,9,18,S/B,9025
20-Oct-18,52,11:10:00 PM,Saturday,Lawrence stn,Investigation,20,40,W/B,1388
20-Oct-18,121,11:16:00 PM,Saturday,Scott and Esplanade,Mechanical,20,40,,7716
21-Oct-18,50,12:10:00 AM,Sunday,Burhamthorp and Shaver,Diversion,78,78,B/W,7960
21-Oct-18,123,12:49:00 AM,Sunday,Long Branch Loop,Mechanical,30,30,N/B,7924
21-Oct-18,39,1:17:00 AM,Sunday,Markham Rd and Finch Ave,Mechanical,14,28,W/B,1768
21-Oct-18,307,5:11:00 AM,Sunday,Bloor,General Delay,20,40,S/B,9005
21-Oct-18,36,6:01:00 AM,Sunday,FSTN,Mechanical,11,22,W/B,8567
21-Oct-18,905,6:21:00 AM,Sunday,Kingston & Scarborough Golf Club,Mechanical,12,25,E/B,8664
21-Oct-18,7,6:31:00 AM,Sunday,wilson garage,Late Leaving Garage,30,60,N/B,9009
21-Oct-18,7,6:32:00 AM,Sunday,wilson garage,Late Leaving Garage,30,60,,9016
21-Oct-18,52,6:47:00 AM,Sunday,T1,Mechanical,20,30,E/B,8168
21-Oct-18,604,7:10:00 AM,Sunday,Arrow garage,Late Leaving Garage,1,1,BW,8514
21-Oct-18,7,7:13:00 AM,Sunday,wilson garage,Late Leaving Garage,15,,S/B,1243
21-Oct-18,984,7:24:00 AM,Sunday,Arrow garage POD  Sheppard   stn,Late Leaving Garage,13,,W/B,3130
21-Oct-18,29,7:28:00 AM,Sunday,WILS STN,Late Leaving Garage,7,14,S/B,9149
21-Oct-18,65,7:30:00 AM,Sunday,Front & Parliament,Diversion,1,1,B/W,8447
21-Oct-18,94,7:30:00 AM,Sunday,Wellesley and Bay,Diversion,182,194,B/W,
21-Oct-18,300,7:30:00 AM,Sunday,Bloor St (From Ossington to Bay),Diversion,86,98,B/W,
21-Oct-18,109,7:30:00 AM,Sunday,wilson garage,Late Leaving Garage,20,40,S/B,1307
21-Oct-18,60,7:31:00 AM,Sunday,Arrow garage POD Finch stn,Late Leaving Garage,10,20,W/B,3195
21-Oct-18,72,7:34:00 AM,Sunday,Pape Station,Late Leaving Garage,9,18,B/W,8438
21-Oct-18,72,7:40:00 AM,Sunday,Pape Station,Late Leaving Garage,9,18,B/W,8953
21-Oct-18,108,7:43:00 AM,Sunday,STON,Late Leaving Garage,1,30,N/B,3239
21-Oct-18,92,7:55:00 AM,Sunday,Woodbine & Queen,Diversion,1,1,B/W,
21-Oct-18,35,7:58:00 AM,Sunday,Jane & Heathrow,Mechanical,10,20,N/B,3173
21-Oct-18,83,8:00:00 AM,Sunday,Lakeshore & Leslie,Diversion,1,1,B/W,
21-Oct-18,121,8:00:00 AM,Sunday,121 Route - Multiple Sections,Diversion,1,1,B/W,
21-Oct-18,42,8:04:00 AM,Sunday,Dynamic and MCNicoll,Mechanical,18,35,W/B,8326
21-Oct-18,72,8:07:00 AM,Sunday,Pape Station,Diversion,1,1,B/W,
21-Oct-18,91,8:14:00 AM,Sunday,York Mills & Valleywood,Late Leaving Garage,1,1,S/B,7815
21-Oct-18,64,8:15:00 AM,Sunday,Queen & Wineva,Diversion,1,1,B/W,
21-Oct-18,74,8:19:00 AM,Sunday,yonge / eglinton,Mechanical,18,36,8332,
21-Oct-18,36,8:29:00 AM,Sunday,HWLP,Late Leaving Garage,6,12,E/B,9110
21-Oct-18,320,8:35:00 AM,Sunday,Steeles and Yonge,Investigation,1,1,N/B,8123
21-Oct-18,165,8:35:00 AM,Sunday,FWES,Late Leaving Garage,12,27,N/B,8513
21-Oct-18,32,8:41:00 AM,Sunday,Eg W Stn,Mechanical,10,20,W/B,1017
21-Oct-18,80,8:51:00 AM,Sunday,The Queensway and Coe Hill,Investigation,24,48,N/B,8030
21-Oct-18,32,9:03:00 AM,Sunday,Eg W Stn,Investigation,30,60,W/B,1034
21-Oct-18,24,9:26:00 AM,Sunday,Victoria Park & Consumers,Emergency Services,9,18,S/B,7786
21-Oct-18,75,9:30:00 AM,Sunday,South Dr and Glen,General Delay,360,1,B/W,
21-Oct-18,35,9:30:00 AM,Sunday,35 Jane Route,General Delay,10,25,B/W,
21-Oct-18,935,9:30:00 AM,Sunday,Jane Express,General Delay,9,18,B/W,
21-Oct-18,47,9:30:00 AM,Sunday,Queen and Dufferin,Investigation,20,40,S/B,1097
21-Oct-18,105,9:35:00 AM,Sunday,wilson garage,Late Leaving Garage,30,60,N/B,8123
21-Oct-18,102,10:07:00 AM,Sunday,Select / Markham,Mechanical,10,20,S/B,8444
21-Oct-18,29,10:12:00 AM,Sunday,WILS STN,Late Leaving Garage,7,14,S/B,9140
21-Oct-18,38,10:36:00 AM,Sunday,RHGO,Mechanical,12,24,W/B,1506
21-Oct-18,32,10:49:00 AM,Sunday,Eg W Stn,Mechanical,5,10,E/B,1287
21-Oct-18,98,10:53:00 AM,Sunday,Sheppard Stn,Mechanical,30,60,N/B,1241
21-Oct-18,34,11:00:00 AM,Sunday,Eglinton & Kenedy STN's + Grenoble and Spanbridge,General Delay,25,30,B/W,
21-Oct-18,89,11:06:00 AM,Sunday,Albion,Late Leaving Garage,10,20,S/B,1267
21-Oct-18,123,11:10:00 AM,Sunday,Sherway Gardens,Mechanical,20,40,S/B,7951
21-Oct-18,44,11:42:00 AM,Sunday,KPSN,Mechanical,10,20,S/B,7956
21-Oct-18,161,11:50:00 AM,Sunday,Jane and Alliance,Late Leaving Garage,16,25,E/B,1148
21-Oct-18,63,11:50:00 AM,Sunday,wilson garage,Late Leaving Garage,8,16,S/B,1399
21-Oct-18,29,11:51:00 AM,Sunday,WILS STN,Mechanical,7,14,S/B,9048
21-Oct-18,86,11:53:00 AM,Sunday,Meadowvale Loop,Mechanical,10,20,S/B,8780
21-Oct-18,60,12:01:00 PM,Sunday,SLPM,Late Leaving Garage,10,20,E/B,3278
21-Oct-18,7,12:08:00 PM,Sunday,Carpenter and Steeles,Mechanical,7,15,N/B,9016
21-Oct-18,133,12:20:00 PM,Sunday,Morningside Ave/Finch Ave E,Late Leaving Garage,10,25,S/B,1584
21-Oct-18,64,12:21:00 PM,Sunday,Main station,Mechanical,10,20,S/B,9239
21-Oct-18,82,12:30:00 PM,Sunday,Rosedale Stn,Mechanical,20,40,N/B,1248
21-Oct-18,75,12:50:00 PM,Sunday,South Drive and Glen Rd,Utilized Off Route,20,40,S/B,1368
21-Oct-18,113,12:50:00 PM,Sunday,Main Station,Mechanical,1,1,B/W,8961
21-Oct-18,53,12:50:00 PM,Sunday,Steeles and Warden,Diversion,10,34,W/B,1601
21-Oct-18,52,12:53:00 PM,Sunday,Lawrence West Station,Mechanical,7,14,W/B,1252
21-Oct-18,112,12:59:00 PM,Sunday,East Mall and Lynnford.,Investigation,20,40,N/B,8032
21-Oct-18,94,1:14:00 PM,Sunday,Wellesley and Bay,Mechanical,6,12,E/B,1380
21-Oct-18,20,1:15:00 PM,Sunday,Warden & Danforth Ave,Mechanical,24,39,B/W,8441
21-Oct-18,73,1:25:00 PM,Sunday,Royal York and White Oak,Diversion,60,65,B/W,
21-Oct-18,8,1:45:00 PM,Sunday,Broadview Station,Mechanical,15,30,B/W,9214
21-Oct-18,42,1:45:00 PM,Sunday,Michael and McNicoll ave,Mechanical,13,32,S/B,8115
21-Oct-18,100,2:16:00 PM,Sunday,Braodview STN + Don Mills and Wynford,General Delay,25,30,B/W,
21-Oct-18,47,2:49:00 PM,Sunday,earl loop,Mechanical,18,36,S/B,1093
21-Oct-18,80,2:55:00 PM,Sunday,The Queensway and Parkside,Investigation,24,48,S/B,7972
21-Oct-18,11,3:00:00 PM,Sunday,Sunnybrooke Hospital,Investigation,30,60,S/B,8197
21-Oct-18,121,3:00:00 PM,Sunday,princes' gate loop,Diversion,15,30,,8451
21-Oct-18,36,3:01:00 PM,Sunday,Finch Station,Mechanical,6,12,W/B,9130
21-Oct-18,61,3:10:00 PM,Sunday,On Ave rd north of Eglinton,Investigation,20,40,N/B,8331
21-Oct-18,985,3:10:00 PM,Sunday,,Mechanical,12,24,B/W,9087
21-Oct-18,112,3:16:00 PM,Sunday,Carlingview And International road,Mechanical,20,40,S/B,8080
21-Oct-18,52,3:35:00 PM,Sunday,Lawrence/Bolingbroke Rd.,Investigation,14,28,E/B,1228
21-Oct-18,134,3:43:00 PM,Sunday,STC,Mechanical,15,30,E/B,1773
21-Oct-18,165,3:46:00 PM,Sunday,Garyray and Barmac,Investigation,9,18,E/B,8579
21-Oct-18,927,3:57:00 PM,Sunday,Martin Grove Loop,Mechanical,10,20,E/B,8545
21-Oct-18,63,4:00:00 PM,Sunday,Eglinton West station,General Delay,5,10,BW,
21-Oct-18,29,4:00:00 PM,Sunday,All route,General Delay,25,30,B/W,
21-Oct-18,133,4:06:00 PM,Sunday,Centenary Hospital Loop,Emergency Services,10,20,W/B,1584
21-Oct-18,54,4:15:00 PM,Sunday,Eglinton Station,Mechanical,16,32,E/B,8913
21-Oct-18,35,4:29:00 PM,Sunday,Pioneer Village station exit,Investigation,10,20,S/B,3135
21-Oct-18,29,5:10:00 PM,Sunday,Dufferin/Ascot,Mechanical,5,9,N/B,9032
21-Oct-18,52,5:34:00 PM,Sunday,Lawrence West Station,Mechanical,14,28,W/B,8157
21-Oct-18,89,6:01:00 PM,Sunday,Church and Weston,Mechanical,10,20,N/B,1032
21-Oct-18,53,6:05:00 PM,Sunday,Steeles and English,Investigation,24,48,W/B,1601
21-Oct-18,41,6:08:00 PM,Sunday,Keele Station,Mechanical,10,20,N/B,1036
21-Oct-18,985,6:32:00 PM,Sunday,Don Mills station,Mechanical,12,24,W/B,9065
21-Oct-18,108,7:05:00 PM,Sunday,Driftwood Crt and Driftwood,Investigation,1,1,W/B,3211
21-Oct-18,68,7:09:00 PM,Sunday,Warden & Steeles,Investigation,13,30,S/B,8892
21-Oct-18,606,7:17:00 PM,Sunday,victoria park station,Utilized Off Route,1,1,S/B,8958
21-Oct-18,606,7:17:00 PM,Sunday,victoria park station,Utilized Off Route,1,1,S/B,8454
21-Oct-18,16,7:21:00 PM,Sunday,stc,Mechanical,1,1,S/B,8420
21-Oct-18,54,7:28:00 PM,Sunday,Eglinton Station,Mechanical,19,38,E/B,8733
21-Oct-18,927,7:37:00 PM,Sunday,KPSN,Mechanical,10,20,N/B,8585
21-Oct-18,47,7:39:00 PM,Sunday,Seaforth/Lansdowne,Emergency Services,20,40,N/B,1078
21-Oct-18,161,7:48:00 PM,Sunday,Jane and Alliance,Mechanical,20,40,E/B,1109
21-Oct-18,54,8:06:00 PM,Sunday,Lawrence and Donway,Mechanical,19,38,W/B,8705
21-Oct-18,86,8:32:00 PM,Sunday,Markham & Eglinton,Mechanical,10,19,W/B,8834
21-Oct-18,12,8:41:00 PM,Sunday,kennedy station,Mechanical,1,1,S/B,8947
21-Oct-18,96,8:41:00 PM,Sunday,Wilson Stn,Mechanical,10,20,E/B,3266
21-Oct-18,97,9:12:00 PM,Sunday,Hendon ave and Yonge street,Mechanical,30,60,SB,8128
21-Oct-18,85,9:39:00 PM,Sunday,Birchmount on Sheppard,Mechanical,20,40,W/B,1828
21-Oct-18,46,9:43:00 PM,Sunday,Steeles Loop at Martin Grove,Late Leaving Garage,30,60,S/B,
21-Oct-18,25,9:51:00 PM,Sunday,Pape Station,Mechanical,8,17,N/B,8928
21-Oct-18,38,9:54:00 PM,Sunday,Dormington on Ellesmere,Mechanical,12,24,W/B,1232
21-Oct-18,7,10:35:00 PM,Sunday,bathurst and wilson,Mechanical,10,20,N/B,1283
21-Oct-18,35,11:47:00 PM,Sunday,Yorkwoodsgate,Emergency Services,10,20,N/B,3173
22-Oct-18,102,12:40:00 AM,Monday,Warden Station,Mechanical,10,20,B/W,8503
22-Oct-18,85,1:27:00 AM,Monday,Bay Mills and Sheppard,Mechanical,20,40,W/B,1750
22-Oct-18,335,2:40:00 AM,Monday,Jane/Sheppard,Diversion,1,1,N/B,
22-Oct-18,84,2:49:00 AM,Monday,Jane/Sheppard,Diversion,1,1,W/B,
22-Oct-18,324,3:09:00 AM,Monday,Victoria Park and Lawrence,Mechanical,30,60,S/B,8437
22-Oct-18,29,4:32:00 AM,Monday,Wilson Stn,Late Leaving Garage,13,43,S/B,9139
22-Oct-18,29,4:45:00 AM,Monday,Wilson Stn,Late Leaving Garage,11,24,S/B,9140
22-Oct-18,169,4:54:00 AM,Monday,wilson garage,Late Leaving Garage,11,22,,1352
22-Oct-18,5,5:02:00 AM,Monday,wilson garage,Late Leaving Garage,15,30,,1309
22-Oct-18,70,5:03:00 AM,Monday,Eglinton Yard,Late Leaving Garage,1,1,S/B,8745
22-Oct-18,165,5:04:00 AM,Monday,SIGT,Late Leaving Garage,1,18,E/B,1331
22-Oct-18,7,5:11:00 AM,Monday,bathurst stn,Mechanical,11,22,N/B,9007
22-Oct-18,320,5:18:00 AM,Monday,Steeles and Yonge,Late Leaving Garage,15,45,S/B,1309
22-Oct-18,17,5:20:00 AM,Monday,Steeles & Mount Castle Gate,Late Leaving Garage,1,1,S/B,7748
22-Oct-18,95,5:20:00 AM,Monday,KNRD,Late Leaving Garage,10,20,W/B,1609
22-Oct-18,91,5:24:00 AM,Monday,Cassandra & Underhill,Late Leaving Garage,1,1,N/B,7767
22-Oct-18,35,5:25:00 AM,Monday,Jane Station,Late Leaving Garage,0,0,N/B,3130
22-Oct-18,53,5:28:00 AM,Monday,MOFI,Mechanical,13,26,W/B,9072
22-Oct-18,109,5:31:00 AM,Monday,wilson garage,Late Leaving Garage,15,,,8130
22-Oct-18,47,5:32:00 AM,Monday,Yorkdale,Late Leaving Garage,18,58,S/B,1349
22-Oct-18,43,5:32:00 AM,Monday,STC,Late Leaving Garage,17,27,S/B,8786
22-Oct-18,52,5:37:00 AM,Monday,Lawrence Station,Mechanical,15,30,E/B,8193
22-Oct-18,61,5:38:00 AM,Monday,Bombay loop,Late Leaving Garage,12,12,S/B,8130
22-Oct-18,42,5:38:00 AM,Monday,Dynamic and McNicoll ave,Late Leaving Garage,24,49,W/B,8169
22-Oct-18,97,5:41:00 AM,Monday,Hilda and Steeles,Late Leaving Garage,30,60,S/B,8101
22-Oct-18,68,5:44:00 AM,Monday,WLAS,Late Leaving Garage,19,35,S/B,8817
22-Oct-18,68,5:44:00 AM,Monday,Warden Loop,Mechanical,1,1,S/B,8654
22-Oct-18,165,5:47:00 AM,Monday,FWES,Late Leaving Garage,6,12,W/B,1341
22-Oct-18,81,5:48:00 AM,Monday,Pape Station,Mechanical,10,23,N/B,7823
22-Oct-18,7,5:48:00 AM,Monday,wilson garage,Late Leaving Garage,9,18,,9022
22-Oct-18,88,5:50:00 AM,Monday,Thorncliffe park and Overlea,Late Leaving Garage,20,20,S/B,1301
22-Oct-18,25,5:51:00 AM,Monday,Pape Stn,Late Leaving Garage,7,12,N/B,8732
22-Oct-18,82,5:57:00 AM,Monday,wilson garage,Late Leaving Garage,20,40,,8317
22-Oct-18,64,5:57:00 AM,Monday,Main stn,Late Leaving Garage,11,1,S/B,8408
22-Oct-18,165,6:05:00 AM,Monday,YKMS,Late Leaving Garage,6,12,W/B,1414
22-Oct-18,32,6:09:00 AM,Monday,ESTN,Late Leaving Garage,5,11,W/B,1072
22-Oct-18,186,6:09:00 AM,Monday,HLDG,Late Leaving Garage,11,22,E/B,3138
22-Oct-18,108,6:10:00 AM,Monday,STON,Late Leaving Garage,24,48,W/B,1500
22-Oct-18,925,6:10:00 AM,Monday,FMDM,Late Leaving Garage,8,16,S/B,8806
22-Oct-18,121,6:14:00 AM,Monday,Princes' Gate,Late Leaving Garage,16,30,E/B,7875
22-Oct-18,89,6:14:00 AM,Monday,ALWS,Late Leaving Garage,6,13,S/B,1406
22-Oct-18,45,6:18:00 AM,Monday,SLPK,Late Leaving Garage,5,10,S/B,8094
22-Oct-18,100,6:18:00 AM,Monday,DMWF,Late Leaving Garage,3,6,S/B,8870
22-Oct-18,96,6:19:00 AM,Monday,FIHU,Late Leaving Garage,22,44,E/B,3227
22-Oct-18,34,6:19:00 AM,Monday,ESTN,Late Leaving Garage,11,22,E/B,8909
22-Oct-18,88,6:20:00 AM,Monday,St.Clair stn,Late Leaving Garage,1,1,E/B,8345
22-Oct-18,165,6:21:00 AM,Monday,YKMS,Late Leaving Garage,6,12,W/B,1323
22-Oct-18,61,6:22:00 AM,Monday,Bombay loop,Late Leaving Garage,10,20,S/B,1212
22-Oct-18,43,6:24:00 AM,Monday,Lawrence and Treverton,Mechanical,10,20,N/B,8644
22-Oct-18,52,6:24:00 AM,Monday,Lawrence Wes Station,Mechanical,15,30,E/B,8218
22-Oct-18,32,6:25:00 AM,Monday,Eglinton west stn,Utilized Off Route,6,12,E/B,1068
22-Oct-18,25,6:28:00 AM,Monday,PSTN,Late Leaving Garage,5,10,N/B,8726
22-Oct-18,935,6:31:00 AM,Monday,Pioneer Village Station,Late Leaving Garage,8,16,S/B,3127
22-Oct-18,126,6:32:00 AM,Monday,St. Clair West stn,Late Leaving Garage,17,34,S/B,1379
22-Oct-18,106,6:38:00 AM,Monday,Sheppard West Station,Late Leaving Garage,7,15,N/B,1209
22-Oct-18,63,6:41:00 AM,Monday,Cannif St and Strachan Ave,Late Leaving Garage,2,5,S/B,1339
22-Oct-18,104,6:48:00 AM,Monday,Wilson Station,Mechanical,14,28,N/B,1205
22-Oct-18,188,7:00:00 AM,Monday,Kipling to Lakeshore,General Delay,20,30,B/W,7960
22-Oct-18,45,7:00:00 AM,Monday,Kipling Route,General Delay,20,26,B/W,8084
22-Oct-18,188,7:00:00 AM,Monday,Kipling to Lakeshore,General Delay,20,30,B/W,8073
22-Oct-18,23,7:04:00 AM,Monday,Main Station,Mechanical,1,1,N/B,7767
22-Oct-18,12,7:07:00 AM,Monday,Kennedy Station - 12A Kingston,Mechanical,14,28,N/B,8422
22-Oct-18,25,7:16:00 AM,Monday,PSTN,Mechanical,5,10,N/B,8732
22-Oct-18,124,7:18:00 AM,Monday,Lawrence Stn,Late Leaving Garage,6,12,S/B,8165
22-Oct-18,29,7:20:00 AM,Monday,PRGT,Mechanical,7,15,N/B,9140
22-Oct-18,119,7:21:00 AM,Monday,JWIL,Mechanical,20,40,E/B,3229
22-Oct-18,12,7:28:00 AM,Monday,Kingston & Ridgemoor,Emergency Services,14,28,B/W,8491
22-Oct-18,32,7:30:00 AM,Monday,Entire Route,General Delay,6,21,B/W,
22-Oct-18,32,7:45:00 AM,Monday,ESTN,Mechanical,6,11,W/B,1072
22-Oct-18,35,7:46:00 AM,Monday,York Gate Blvd,Investigation,10,20,S/B,3126
22-Oct-18,67,7:55:00 AM,Monday,Stellarton and Pharmacy,Emergency Services,17,34,S/B,8849
22-Oct-18,67,7:55:00 AM,Monday,Stellarton and Pharmacy,Diversion,150,160,N/B,8693
22-Oct-18,17,8:00:00 AM,Monday,Seeles,Utilized Off Route,7,20,S/B,7848
22-Oct-18,984,8:00:00 AM,Monday,Sheppard West Express Service,General Delay,15,25,W/B,
22-Oct-18,5,8:00:00 AM,Monday,Tramner and Orilole Parkways,Diversion,5,15,S/B,1390
22-Oct-18,95,8:00:00 AM,Monday,KNRD to YKMS,General Delay,10,20,B/W,
22-Oct-18,90,8:00:00 AM,Monday,st clair wstn to oakwood,General Delay,3,6,B/W,
22-Oct-18,84,8:00:00 AM,Monday,Sheppard Avenue West Route,General Delay,15,24,W/B,
22-Oct-18,41,8:00:00 AM,Monday,Rustic and Keele,General Delay,20,28,S/B,
22-Oct-18,609,8:07:00 AM,Monday,StClair and OldWeston,Investigation,10,20,N/B,1148
22-Oct-18,88,8:10:00 AM,Monday,St.Clair before Clifton,Investigation,11,22,W/B,8108
22-Oct-18,92,8:12:00 AM,Monday,Lakeshore Blvd and John Duggan Dr,Mechanical,9,18,E/B,7754
22-Oct-18,51,8:15:00 AM,Monday,Eglinton Station,General Delay,16,33,B/W,
22-Oct-18,63,8:15:00 AM,Monday,Eglinton Station to Atlantic/ King,General Delay,15,23,B/W,
22-Oct-18,25,8:20:00 AM,Monday,Don Mills Stn,Mechanical,5,10,N/B,8726
22-Oct-18,34,8:30:00 AM,Monday,Route 34 Eglinton Wast,General Delay,18,22,B/W,
22-Oct-18,87,8:32:00 AM,Monday,Main Station,Utilized Off Route,5,10,B/W,8458
22-Oct-18,116,8:34:00 AM,Monday,Morningside Ave/Cumber Ave,Investigation,6,13,S/B,8897
22-Oct-18,100,8:45:00 AM,Monday,Route 100- Flemingdon Park,General Delay,10,13,B/W,
22-Oct-18,64,8:50:00 AM,Monday,Queen,Utilized Off Route,8,16,N/B,8476
22-Oct-18,35,9:20:00 AM,Monday,Jane and Alliance,Investigation,7,14,N/B,3130
22-Oct-18,52,9:20:00 AM,Monday,Westway and Martin Grove,Diversion,120,134,W/B,
22-Oct-18,606,9:30:00 AM,Monday,Warden stn,Utilized Off Route,0,0,B/W,7869
22-Oct-18,5,9:30:00 AM,Monday,Eglinton STN to Queens Park,General Delay,90,1,S/B,
22-Oct-18,16,9:33:00 AM,Monday,Warden stn,Utilized Off Route,12,24,B/W,7791
22-Oct-18,63,9:34:00 AM,Monday,Queen St W/ Ossington Ave,Mechanical,9,18,N/B,8197
22-Oct-18,38,9:43:00 AM,Monday,STC,Mechanical,12,24,E/B,1530
22-Oct-18,45,9:57:00 AM,Monday,Kipling at Mount Oilive,Investigation,6,12,S/B,8023
22-Oct-18,84,10:23:00 AM,Monday,Sheppard Station,Mechanical,8,16,3195,1
22-Oct-18,929,10:25:00 AM,Monday,Wilson stn,Mechanical,10,20,S/B,9052
22-Oct-18,65,10:44:00 AM,Monday,Castle Frank stn,Mechanical,12,24,S/B,8462
22-Oct-18,54,10:50:00 AM,Monday,LAWRT,Mechanical,12,24,E/B,8695
22-Oct-18,53,11:30:00 AM,Monday,Finch station,Mechanical,5,15,W/B,1608
22-Oct-18,100,11:33:00 AM,Monday,Thorncliffe Park/ Overlea,Mechanical,6,11,N/B,8723
22-Oct-18,35,11:40:00 AM,Monday,Jane and Giltspur,Mechanical,7,14,S/B,3174
22-Oct-18,68,11:51:00 AM,Monday,Waden and Ashtonbee,Investigation,40,80,S/B,8685
22-Oct-18,95,12:01:00 PM,Monday,Ellesmere at Midland,Investigation,8,16,W/B,1814
22-Oct-18,704,12:12:00 PM,Monday,PVST,Mechanical,1,1,E/B,8595
22-Oct-18,53,12:13:00 PM,Monday,PAMK,Mechanical,5,10,W/B,1504
22-Oct-18,52,12:20:00 PM,Monday,The west way & Martin grove,Diversion,14,28,W/B,
22-Oct-18,63,12:21:00 PM,Monday,Oakwood Ave and Vaughan Rd,Mechanical,9,18,S/B,8153
22-Oct-18,939,12:36:00 PM,Monday,Finch ave at Bridal Town Circle,Mechanical,9,18,W/B,1796
22-Oct-18,40,12:43:00 PM,Monday,Jerome St,Mechanical,10,20,W/B,8079
22-Oct-18,925,1:45:00 PM,Monday,Don Mills and Eglinton,General Delay,1,1,B/W,
22-Oct-18,95,2:02:00 PM,Monday,ELMT,Mechanical,16,32,W/B,1771
22-Oct-18,39,2:06:00 PM,Monday,McCowan and Finch,Mechanical,6,12,B/W,1557
22-Oct-18,59,2:09:00 PM,Monday,CHJA,Late Leaving Garage,15,40,E/B,3231
22-Oct-18,134,2:09:00 PM,Monday,CECO,Mechanical,7,13,W/B,9065
22-Oct-18,95,2:22:00 PM,Monday,MKEL,Mechanical,16,32,E/B,1756
22-Oct-18,600,2:25:00 PM,Monday,Wilson Garage,Utilized Off Route,1,1,S/B,8330
22-Oct-18,600,2:26:00 PM,Monday,Wilson Garage,Utilized Off Route,1,1,S/B,1394
22-Oct-18,704,2:27:00 PM,Monday,Signet & Fenmar,Utilized Off Route,1,1,N/B,1336
22-Oct-18,711,2:28:00 PM,Monday,Eglinton Station,Utilized Off Route,1,1,S/B,8194
22-Oct-18,108,2:30:00 PM,Monday,Route 108,General Delay,8,16,B/W,
22-Oct-18,924,2:36:00 PM,Monday,Steeles Loop,Late Leaving Garage,9,18,S/B,7872
22-Oct-18,7,2:37:00 PM,Monday,Greenwin Village,Mechanical,9,19,S/B,9017
22-Oct-18,704,2:37:00 PM,Monday,Pioneer Village stn,Utilized Off Route,1,1,E/B,1398
22-Oct-18,935,2:43:00 PM,Monday,Jane & Lawrence,Late Leaving Garage,10,20,N/B,3281
22-Oct-18,52,2:48:00 PM,Monday,Lawrence West Station,Mechanical,14,28,W/B,8206
22-Oct-18,32,2:51:00 PM,Monday,MMCL,Late Leaving Garage,9,18,E/B,1549
22-Oct-18,53,2:54:00 PM,Monday,BREB,Late Leaving Garage,4,1,E/B,1764
22-Oct-18,129,2:54:00 PM,Monday,stc,Late Leaving Garage,17,29,N/B,1579
22-Oct-18,133,2:58:00 PM,Monday,MSNS,Late Leaving Garage,30,30,S/B,1635
22-Oct-18,42,2:59:00 PM,Monday,Vicotria Park and McNicoll,Late Leaving Garage,13,1,W/B,1209
22-Oct-18,49,3:00:00 PM,Monday,ENTIRE ROUTE,General Delay,10,25,B/W,
22-Oct-18,70,3:00:00 PM,Monday,Coxwell & Warden STN's + Craigton and Pharmacy,General Delay,25,30,B/W,
22-Oct-18,22,3:00:00 PM,Monday,Coxwell route,General Delay,10,1,B/W,
22-Oct-18,45,3:00:00 PM,Monday,ENTIRE ROUTE,General Delay,5,15,B/W,
22-Oct-18,81,3:00:00 PM,Monday,Thorncliff route,General Delay,10,1,B/W,
22-Oct-18,89,3:00:00 PM,Monday,Rogers to Lawrence,General Delay,20,29,B/W,
22-Oct-18,41,3:00:00 PM,Monday,Eglinton to Wilson,General Delay,9,18,N/B,
22-Oct-18,96,3:00:00 PM,Monday,Route 96,General Delay,12,21,B/W,
22-Oct-18,989,3:09:00 PM,Monday,SIGT,Late Leaving Garage,10,20,E/B,1050
22-Oct-18,53,3:10:00 PM,Monday,MOFI,Late Leaving Garage,15,30,W/B,9071
22-Oct-18,192,3:10:00 PM,Monday,KPSN,Mechanical,8,16,E/B,8084
22-Oct-18,35,3:11:00 PM,Monday,PVST,Late Leaving Garage,10,10,S/B,3289
22-Oct-18,56,3:15:00 PM,Monday,Donlands Station,Late Leaving Garage,17,35,N/B,8391
22-Oct-18,117,3:16:00 PM,Monday,Sentinel Rd and Finch Ave W,Late Leaving Garage,7,10,S/B,
22-Oct-18,935,3:17:00 PM,Monday,PVST,Late Leaving Garage,9,18,S/B,3124
22-Oct-18,32,3:18:00 PM,Monday,KEEG,Late Leaving Garage,9,17,E/B,1356
22-Oct-18,35,3:21:00 PM,Monday,PVST,Late Leaving Garage,10,20,S/B,3210
22-Oct-18,23,3:27:00 PM,Monday,RXDR,Mechanical,7,14,S/B,7818
22-Oct-18,95,3:29:00 PM,Monday,SCLP,Investigation,10,19,W/B,1645
22-Oct-18,102,3:29:00 PM,Monday,warden station,Mechanical,12,24,S/B,8444
22-Oct-18,924,3:36:00 PM,Monday,Victoria Park Station,Late Leaving Garage,9,18,N/B,7862
22-Oct-18,25,3:45:00 PM,Monday,Don Mills and Eglinton,General Delay,1,1,B/W,
22-Oct-18,924,3:55:00 PM,Monday,Victoria Park Station,Mechanical,9,18,N/B,7872
22-Oct-18,133,3:55:00 PM,Monday,Neilson and 401,Diversion,20,27,N/B,1664
22-Oct-18,102,3:56:00 PM,Monday,St clair and brimley,Mechanical,20,40,N/B,8954
22-Oct-18,9,4:00:00 PM,Monday,Warden Station,General Delay,10,1,,
22-Oct-18,24,4:00:00 PM,Monday,Yorkland Blvd and Yorkland Road,General Delay,10,1,B/W,
22-Oct-18,65,4:00:00 PM,Monday,Castle Frank Station,General Delay,10,1,B/W,
22-Oct-18,83,4:00:00 PM,Monday,Donlands Station,General Delay,10,1,B/W,
22-Oct-18,17,4:00:00 PM,Monday,Warden Station,General Delay,15,1,B/W,
22-Oct-18,65,4:00:00 PM,Monday,Castle Frank Station,General Delay,10,1,B/W,
22-Oct-18,16,4:00:00 PM,Monday,Warden Station,General Delay,10,1,B/W,
22-Oct-18,989,4:12:00 PM,Monday,Weston and Albion,Mechanical,10,20,N/B,1016
22-Oct-18,43,4:13:00 PM,Monday,FSTN,Late Leaving Garage,15,30,E/B,1284
22-Oct-18,5,4:20:00 PM,Monday,Eglinton Station,Mechanical,20,40,N/B,1390
22-Oct-18,102,4:20:00 PM,Monday,warden station,Utilized Off Route,20,40,S/B,9210
22-Oct-18,34,4:28:00 PM,Monday,Eglnton/DVP,Emergency Services,4,8,E/B,8836
22-Oct-18,44,4:30:00 PM,Monday,KPSN,Utilized Off Route,5,10,S/B,8095
22-Oct-18,16,4:45:00 PM,Monday,STC,Late Leaving Garage,8,17,B/W,9232
22-Oct-18,84,4:47:00 PM,Monday,Sheppard & Bathurst,Investigation,13,26,W/B,3223
22-Oct-18,84,4:47:00 PM,Monday,Sheppard & Bathurst,General Delay,1,1,B/W,
22-Oct-18,129,4:48:00 PM,Monday,SLMC,Mechanical,5,10,S/B,1612
22-Oct-18,165,4:48:00 PM,Monday,Wilson & Bathurst,Investigation,8,6,E/B,8533
22-Oct-18,17,4:50:00 PM,Monday,Lawrence and Birchmount,Mechanical,8,14,B/W,7767
22-Oct-18,65,4:50:00 PM,Monday,Castle Frank Station,Utilized Off Route,10,19,B/W,7727
22-Oct-18,939,5:02:00 PM,Monday,Mantis and Staines,Investigation,12,24,B/W,1705
22-Oct-18,32,5:25:00 PM,Monday,KEEG,Mechanical,8,16,E/B,1419
22-Oct-18,29,5:30:00 PM,Monday,Dufferin and Eglinton,Mechanical,7,15,N/B,9143
22-Oct-18,116,5:30:00 PM,Monday,Moeningside & Ellesmere,Utilized Off Route,6,13,S/B,8887
22-Oct-18,102,5:40:00 PM,Monday,warden station,Mechanical,1,1,S/B,8954
22-Oct-18,87,5:44:00 PM,Monday,BSTN,Utilized Off Route,6,12,E/B,8482
22-Oct-18,21,5:55:00 PM,Monday,Brimley and Port Royal,Mechanical,9,18,S/B,1740
22-Oct-18,32,6:03:00 PM,Monday,Northcliffe/Eglinton,Investigation,1,1,E/B,1265
22-Oct-18,102,6:04:00 PM,Monday,Painted post and markham road,Mechanical,20,40,N/B,8444
22-Oct-18,32,6:09:00 PM,Monday,PINE,Mechanical,8,17,E/B,1055
22-Oct-18,32,6:15:00 PM,Monday,MGRV,Mechanical,8,17,E/B,1023
22-Oct-18,87,6:25:00 PM,Monday,Woodmount and Cosburn,Investigation,6,12,W/B,8454
22-Oct-18,97,6:26:00 PM,Monday,Yonge and Eglinton,Mechanical,30,60,S/B,8101
22-Oct-18,102,6:40:00 PM,Monday,painted post and markham,Mechanical,20,40,N/B,8421
22-Oct-18,12,7:00:00 PM,Monday,Markham Road,Mechanical,25,50,E/B,7777
22-Oct-18,32,7:05:00 PM,Monday,EVER,Mechanical,8,16,E/B,1037
22-Oct-18,47,7:15:00 PM,Monday,Lansdown Station,Investigation,8,16,S/B,1560
22-Oct-18,52,7:16:00 PM,Monday,Olympia and Lawrence ave,Emergency Services,20,40,EB,8217
22-Oct-18,102,7:33:00 PM,Monday,warden station,Mechanical,10,20,N/B,9210
22-Oct-18,36,7:36:00 PM,Monday,Humberwoodloop,Mechanical,8,16,E/B,8612
22-Oct-18,32,8:25:00 PM,Monday,JAEG,Mechanical,9,18,E/B,1325
22-Oct-18,89,8:50:00 PM,Monday,KSTN,Utilized Off Route,8,17,N/B,1521
22-Oct-18,929,8:50:00 PM,Monday,Dufferin Loop,Utilized Off Route,10,20,N/B,1124
22-Oct-18,704,8:53:00 PM,Monday,Wilson stn,Utilized Off Route,1,1,E/B,8516
22-Oct-18,54,9:12:00 PM,Monday,Lawrence and Leslie,Emergency Services,13,26,W/B,8699
22-Oct-18,95,9:18:00 PM,Monday,Combermere and Parkwoods,Mechanical,14,28,W/B,1642
22-Oct-18,43,9:45:00 PM,Monday,Kennedy and Huntingwood,Diversion,142,152,N/B,
22-Oct-18,78,9:57:00 PM,Monday,York Mills Station,Mechanical,15,30,EB,8145
22-Oct-18,129,10:00:00 PM,Monday,McCowan and Bullock,Diversion,24,48,N/B,1766
22-Oct-18,43,10:16:00 PM,Monday,Kennedy and Antrim,Emergency Services,10,20,S/B,8867
22-Oct-18,41,10:34:00 PM,Monday,KSTN,Mechanical,17,34,N/B,9150
22-Oct-18,89,10:40:00 PM,Monday,KSTN,Utilized Off Route,10,20,N/B,1555
22-Oct-18,52,10:48:00 PM,Monday,Lawrence and Avenue road,Mechanical,12,24,EB,8374
22-Oct-18,39,11:47:00 PM,Monday,Kennedy /Finch,Mechanical,10,20,E/B,1815
22-Oct-18,29,11:50:00 PM,Monday,Dufferin Loop,Mechanical,8,17,N/B,1536
23-Oct-18,41,12:30:00 AM,Tuesday,Keele and Victory,Diversion,50,70,B/W,
23-Oct-18,120,12:50:00 AM,Tuesday,Keele/Wilson,Diversion,1,1,B/W,
23-Oct-18,63,1:20:00 AM,Tuesday,rogers and oakwood,Mechanical,10,20,S/B,8124
23-Oct-18,300,1:56:00 AM,Tuesday,Bathurst Stn,Investigation,10,10,E/B,8727
23-Oct-18,307,3:25:00 AM,Tuesday,Straun/Fleet,Emergency Services,10,1,S/B,9021
23-Oct-18,396,3:34:00 AM,Tuesday,Islington/Elmhurst,Emergency Services,17,1,W/B,8586
23-Oct-18,320,5:08:00 AM,Tuesday,Steeles Loop,Emergency Services,5,10,,1062
23-Oct-18,43,5:13:00 AM,Tuesday,Eglinton yard,Late Leaving Garage,1,1,S/B,8835
23-Oct-18,54,5:18:00 AM,Tuesday,eglinton stn,Late Leaving Garage,2,0,E/B,8758
23-Oct-18,70,5:22:00 AM,Tuesday,EGGA,Late Leaving Garage,1,1,,8901
23-Oct-18,131,5:38:00 AM,Tuesday,MORN,Late Leaving Garage,1,1,E/B,1550
23-Oct-18,53,5:50:00 AM,Tuesday,PAMK,Late Leaving Garage,5,9,W/B,1705
23-Oct-18,108,5:50:00 AM,Tuesday,PVST,Late Leaving Garage,22,44,E/B,1403
23-Oct-18,97,5:54:00 AM,Tuesday,York Mills Stn,Late Leaving Garage,20,20,S/B,8339
23-Oct-18,12,5:57:00 AM,Tuesday,Kingston and Brimely,Mechanical,1,1,N/B,8470
23-Oct-18,12,5:57:00 AM,Tuesday,KENNEDY STATION,Late Leaving Garage,7,7,N/B,8439
23-Oct-18,165,5:59:00 AM,Tuesday,FWES,Late Leaving Garage,12,22,W/B,1385
23-Oct-18,52,6:06:00 AM,Tuesday,Westwood Mall,Mechanical,22,44,E/B,
23-Oct-18,32,6:09:00 AM,Tuesday,ESTN,Late Leaving Garage,5,11,W/B,1423
23-Oct-18,35,6:11:00 AM,Tuesday,Jane and Finch,Investigation,9,17,S/B,3279
23-Oct-18,88,6:19:00 AM,Tuesday,Laird and McRea,Late Leaving Garage,6,15,S/B,8334
23-Oct-18,989,6:24:00 AM,Tuesday,SIGT,Late Leaving Garage,12,24,S/B,1055
23-Oct-18,985,6:25:00 AM,Tuesday,stc,Late Leaving Garage,9,9,W/B,9065
23-Oct-18,89,6:26:00 AM,Tuesday,KSTN,Late Leaving Garage,6,12,N/B,1361
23-Oct-18,905,6:30:00 AM,Tuesday,Kennedy Stn,Late Leaving Garage,5,0,E/B,8866
23-Oct-18,985,6:34:00 AM,Tuesday,STC,Late Leaving Garage,9,18,W/B,9062
23-Oct-18,63,6:35:00 AM,Tuesday,Ossington Aveand Geary Ave,Mechanical,5,13,S/B,8215
23-Oct-18,106,6:38:00 AM,Tuesday,Pioneer Village Station,Late Leaving Garage,7,15,S/B,1369
23-Oct-18,939,6:40:00 AM,Tuesday,Warden on Finch,Mechanical,4,7,W/B,1653
23-Oct-18,186,6:44:00 AM,Tuesday,YKMS,Mechanical,10,20,W/B,3166
23-Oct-18,42,6:45:00 AM,Tuesday,Finch and Leslie,Mechanical,12,24,N/B,1296
23-Oct-18,88,6:45:00 AM,Tuesday,Welland and Moore ave,Mechanical,11,22,S/B,8390
23-Oct-18,989,6:48:00 AM,Tuesday,Weston and Jane,Mechanical,12,24,S/B,1060
23-Oct-18,985,6:52:00 AM,Tuesday,STC,Late Leaving Garage,9,18,E/B,9064
23-Oct-18,165,6:55:00 AM,Tuesday,ORWE,Mechanical,5,10,E/B,1414
23-Oct-18,100,7:00:00 AM,Tuesday,DMWF,Late Leaving Garage,3,6,S/B,8681
23-Oct-18,53,7:07:00 AM,Tuesday,MOFI,Late Leaving Garage,13,26,W/B,1760
23-Oct-18,41,7:08:00 AM,Tuesday,KSTN,Late Leaving Garage,12,25,N/B,9039
23-Oct-18,63,7:09:00 AM,Tuesday,Ossington Ave and Queen Ave W,Mechanical,7,17,N/B,8113
23-Oct-18,32,7:15:00 AM,Tuesday,Eglinton West Stn.,Mechanical,5,11,E/B,1061
23-Oct-18,124,7:18:00 AM,Tuesday,Lawrence Stn,Late Leaving Garage,6,12,S/B,8141
23-Oct-18,26,7:18:00 AM,Tuesday,St.George Stn,Late Leaving Garage,13,26,W/B,1065
23-Oct-18,935,7:24:00 AM,Tuesday,Pioneer Village Station,Late Leaving Garage,7,15,S/B,3184
23-Oct-18,11,7:27:00 AM,Tuesday,Davisville stn,Mechanical,2,17,N/B,8332
23-Oct-18,30,7:28:00 AM,Tuesday,Dundas and Cordova,Diversion,20,40,B/W,7970
23-Oct-18,92,7:30:00 AM,Tuesday,Woodbine and Queen,General Delay,10,1,B/W,
23-Oct-18,129,7:30:00 AM,Tuesday,STC to SLMC to MMRC,General Delay,10,38,bw,
23-Oct-18,116,7:35:00 AM,Tuesday,Kennedy STN,Mechanical,1,1,E/B,8664
23-Oct-18,95,7:41:00 AM,Tuesday,Warden and Ellesmere,Mechanical,7,14,W/B,1743
23-Oct-18,35,7:44:00 AM,Tuesday,Jane Station,Mechanical,10,19,N/B,3252
23-Oct-18,59,7:51:00 AM,Tuesday,Weston Road and Oak Street,Investigation,11,22,S/B,3104
23-Oct-18,39,7:56:00 AM,Tuesday,FSTN,Mechanical,15,30,E/B,1559
23-Oct-18,162,8:00:00 AM,Tuesday,Lawrence Stn to Donway East and Lawrence,General Delay,120,1,B/W,0
23-Oct-18,5,8:00:00 AM,Tuesday,Eglinton Stn to Elm and Elizabeth,General Delay,120,1,B/W,0
23-Oct-18,84,8:00:00 AM,Tuesday,84 Sheppard West Route,General Delay,15,24,B/W,
23-Oct-18,34,8:00:00 AM,Tuesday,34 Eglinton East,General Delay,25,29,B/W,
23-Oct-18,90,8:00:00 AM,Tuesday,st clair wstn to oakwood,General Delay,4,7,B/W,
23-Oct-18,41,8:00:00 AM,Tuesday,"Rogers to KSTN, Rogers to Wilson",General Delay,30,36,B/W,
23-Oct-18,984,8:00:00 AM,Tuesday,Entire 984 Sheppard Express Route,General Delay,15,25,bw,
23-Oct-18,66,8:05:00 AM,Tuesday,Parklawn and Ketwell Court,Mechanical,10,20,S/B,8079
23-Oct-18,53,8:16:00 AM,Tuesday,PAMK,Mechanical,5,11,W/B,1585
23-Oct-18,165,8:16:00 AM,Tuesday,Weston and Flindon,Investigation,5,10,E/B,1316
23-Oct-18,29,8:23:00 AM,Tuesday,Wilson Station,Mechanical,8,15,S/B,9051
23-Oct-18,95,8:25:00 AM,Tuesday,york Mills and Lesmill,Mechanical,7,14,E/B,1617
23-Oct-18,134,8:28:00 AM,Tuesday,CECO,Mechanical,5,10,W/B,9060
23-Oct-18,100,8:30:00 AM,Tuesday,Route 100- Flemingdon Park,General Delay,15,21,B/W,
23-Oct-18,17,8:30:00 AM,Tuesday,Ellesmere,General Delay,10,10,B/W,
23-Oct-18,95,8:30:00 AM,Tuesday,YKMS to KNRD,General Delay,10,20,B/W,
23-Oct-18,63,8:30:00 AM,Tuesday,Eglinton West Station to Atlanatic/ King Ave W,General Delay,24,34,B/W,
23-Oct-18,924,8:30:00 AM,Tuesday,924 Route,General Delay,10,10,B/W,
23-Oct-18,24,8:30:00 AM,Tuesday,24A & 24B Branch,General Delay,15,15,B/W,
23-Oct-18,41,8:39:00 AM,Tuesday,Donald and Keele,Mechanical,12,24,S/B,1120
23-Oct-18,97,8:54:00 AM,Tuesday,Yorkmills stn,Mechanical,40,70,N/B,8325
23-Oct-18,29,9:00:00 AM,Tuesday,Dufferin and Queen,Mechanical,8,15,S/B,9038
23-Oct-18,79,9:00:00 AM,Tuesday,Runnymede Station,Mechanical,8,17,N/B,1105
23-Oct-18,41,9:00:00 AM,Tuesday,Dundas and Keele,Investigation,9,18,S/B,9024
23-Oct-18,67,9:05:00 AM,Tuesday,Brian Ave and Pharmacy,Diversion,1,1,N/B,8710
23-Oct-18,12,9:06:00 AM,Tuesday,Victoria Park & Meadow,Investigation,14,28,S/B,9203
23-Oct-18,143,9:09:00 AM,Tuesday,Queen and Qineva,Utilized Off Route,15,24,E/B,8463
23-Oct-18,35,9:22:00 AM,Tuesday,Jane and Finch,Mechanical,10,15,N/B,3121
23-Oct-18,67,9:27:00 AM,Tuesday,Brian Ave. and Pharmacy,Diversion,1,1,S/B,8741
23-Oct-18,43,9:29:00 AM,Tuesday,Kenndy Stn,Utilized Off Route,15,37,N/B,2320
23-Oct-18,606,9:30:00 AM,Tuesday,Warden stn,Utilized Off Route,0,0,B/W,7869
23-Oct-18,935,9:30:00 AM,Tuesday,935 Jane Express Route,General Delay,10,20,B/W,
23-Oct-18,610,9:30:00 AM,Tuesday,Kennedy STN,Utilized Off Route,1,1,,8701
23-Oct-18,35,9:30:00 AM,Tuesday,Entire Jane Street Route,General Delay,10,19,B/W,
23-Oct-18,39,9:31:00 AM,Tuesday,Finch Ave on V.P,Utilized Off Route,1,1,E/B,1770
23-Oct-18,16,9:33:00 AM,Tuesday,Warden stn,Utilized Off Route,12,24,B/W,7791
23-Oct-18,707,9:35:00 AM,Tuesday,STC,Utilized Off Route,1,1,S/B,1656
23-Oct-18,32,9:40:00 AM,Tuesday,EVER,Mechanical,12,25,E/B,1002
23-Oct-18,607,9:40:00 AM,Tuesday,Medowale loop,Utilized Off Route,1,1,S/B,1523
23-Oct-18,24,9:40:00 AM,Tuesday,Victoria Park Station,Utilized Off Route,1,1,B/W,9232
23-Oct-18,116,9:40:00 AM,Tuesday,Kennedy STN,Utilized Off Route,10,20,E/B,8793
23-Oct-18,54,9:40:00 AM,Tuesday,Lawrence Ave E (from Don Mills Rd to Eglinton STN),General Delay,15,25,B/W,
23-Oct-18,188,10:49:00 AM,Tuesday,Kipling Station,Mechanical,8,16,S/B,7922
23-Oct-18,91,11:15:00 AM,Tuesday,York Mills and Valley Woods,Mechanical,25,50,S/B,8459
23-Oct-18,24,11:20:00 AM,Tuesday,STLV,Utilized Off Route,9,18,S/B,7731
23-Oct-18,39,11:25:00 AM,Tuesday,Alexmuir Blvd on Finch,Mechanical,6,12,W/B,1291
23-Oct-18,16,11:32:00 AM,Tuesday,Warden stn,Mechanical,12,22,N/B,8479
23-Oct-18,32,11:35:00 AM,Tuesday,PINE,Mechanical,10,20,E/B,1000
23-Oct-18,5,12:00:00 PM,Tuesday,Eglinton Stn to University and Elm,General Delay,30,57,B/W,1372
23-Oct-18,5,12:00:00 PM,Tuesday,University and College,Diversion,185,215,B/W,
23-Oct-18,79,12:00:00 PM,Tuesday,Pine and Lawrence,Mechanical,8,16,S/B,1123
23-Oct-18,939,12:06:00 PM,Tuesday,McCowan and Sheppard,Utilized Off Route,4,8,W/B,1805
23-Oct-18,553,12:12:00 PM,Tuesday,Mt Dennis Garage,Investigation,1,1,S/B,9025
23-Oct-18,129,12:15:00 PM,Tuesday,kenhatch blvd and mccowan,Mechanical,7,21,N/B,1745
23-Oct-18,102,12:30:00 PM,Tuesday,Centennial College,Mechanical,20,40,S/B,9217
23-Oct-18,75,12:36:00 PM,Tuesday,bloor,Investigation,7,14,S/B,8308
23-Oct-18,134,12:50:00 PM,Tuesday,Sheppard and Progress,Mechanical,15,30,N/B,9058
23-Oct-18,719,1:10:00 PM,Tuesday,KSTN,Mechanical,9,18,S/B,1138
23-Oct-18,935,1:10:00 PM,Tuesday,Lawrence Avenue,Investigation,0,0,N/B,3258
23-Oct-18,14,1:30:00 PM,Tuesday,"GLENCAIRN STATION, BATHURST STRETCH, NO OPERATOR FOR 1 RUN AND 2 RUN",General Delay,30,57,B/W,
23-Oct-18,5,1:33:00 PM,Tuesday,Gerrard and Yonge,Investigation,30,60,N/B,1372
23-Oct-18,74,1:36:00 PM,Tuesday,Mt.pleasant & Soudan,Investigation,19,38,N/B,8013
23-Oct-18,32,1:38:00 PM,Tuesday,Eglinton West Stn.,Mechanical,10,20,W/B,1380
23-Oct-18,134,1:49:00 PM,Tuesday,FDFI,Investigation,15,30,W/B,9074
23-Oct-18,6,1:52:00 PM,Tuesday,Davenport and Dupont,Investigation,10,20,N/B,1045
23-Oct-18,607,2:00:00 PM,Tuesday,STC,Utilized Off Route,1,1,N/B,1523
23-Oct-18,89,2:00:00 PM,Tuesday,from eglinton to KSTN,General Delay,30,39,B/W,
23-Oct-18,165,2:00:00 PM,Tuesday,Route 165,General Delay,31,39,B/W,
23-Oct-18,41,2:00:00 PM,Tuesday,Eglinton to Wilson,General Delay,9,18,B/W,
23-Oct-18,707,2:00:00 PM,Tuesday,STS,Utilized Off Route,1,1,E/B,1632
23-Oct-18,96,2:00:00 PM,Tuesday,Route 96,General Delay,23,34,B/W,
23-Oct-18,606,2:01:00 PM,Tuesday,Victoria Park stn,Utilized Off Route,0,0,N/B,8440
23-Oct-18,65,2:01:00 PM,Tuesday,Castle Frank stn,Utilized Off Route,0,0,B/W,8448
23-Oct-18,701,2:02:00 PM,Tuesday,Eglinton West Station,Utilized Off Route,1,1,S/B,8151
23-Oct-18,711,2:03:00 PM,Tuesday,Eglinton station,Utilized Off Route,1,1,S/B,8303
23-Oct-18,39,2:03:00 PM,Tuesday,Finch Station,Mechanical,11,22,B/W,1673
23-Oct-18,704,2:04:00 PM,Tuesday,Yonge & Sheppard,Utilized Off Route,1,1,E/B,1385
23-Oct-18,69,2:04:00 PM,Tuesday,Warden STN,Mechanical,11,22,S/B,7754
23-Oct-18,133,2:04:00 PM,Tuesday,Scarborough Town Centre,Mechanical,11,22,B/W,1872
23-Oct-18,706,2:05:00 PM,Tuesday,Warden stn,Utilized Off Route,0,0,B/W,8476
23-Oct-18,610,2:05:00 PM,Tuesday,PSTN,Utilized Off Route,1,1,S/B,8665
23-Oct-18,116,2:05:00 PM,Tuesday,Kennedy Stastion,Utilized Off Route,10,20,E/B,8804
23-Oct-18,68,2:08:00 PM,Tuesday,WAST,Utilized Off Route,60,108,N/B,8870
23-Oct-18,25,2:08:00 PM,Tuesday,PSTN,Utilized Off Route,9,18,N/B,8821
23-Oct-18,607,2:09:00 PM,Tuesday,STC,Utilized Off Route,1,1,E/B,1583
23-Oct-18,606,2:10:00 PM,Tuesday,Donlands stn,Utilized Off Route,0,0,B/W,7791
23-Oct-18,29,2:10:00 PM,Tuesday,Dufferin / King,Utilized Off Route,8,15,S/B,9101
23-Oct-18,94,2:10:00 PM,Tuesday,Castle Frank STN,Utilized Off Route,7,14,W/B,1036
23-Oct-18,25,2:11:00 PM,Tuesday,Don Mills STN,Mechanical,9,18,S/B,8641
23-Oct-18,603,2:12:00 PM,Tuesday,Arrow Road,Utilized Off Route,1,1,S/B,1316
23-Oct-18,600,2:12:00 PM,Tuesday,Egliton station,Utilized Off Route,1,1,S/B,8207
23-Oct-18,603,2:13:00 PM,Tuesday,Yonge and Finch,Utilized Off Route,1,1,S/B,1318
23-Oct-18,165,2:14:00 PM,Tuesday,YKMS stn,Utilized Off Route,10,20,E/B,8546
23-Oct-18,120,2:15:00 PM,Tuesday,120 Calvington Route,General Delay,25,50,B/W,
23-Oct-18,600,2:15:00 PM,Tuesday,Sheppard west station,Utilized Off Route,1,1,S/B,8107
23-Oct-18,100,2:16:00 PM,Tuesday,BSTN,Utilized Off Route,5,11,N/B,8904
23-Oct-18,112,2:16:00 PM,Tuesday,Renforth and Carlingview,Late Leaving Garage,20,40,E/B,8074
23-Oct-18,34,2:22:00 PM,Tuesday,Eglinton STN,Late Leaving Garage,5,9,E/B,8627
23-Oct-18,60,2:30:00 PM,Tuesday,60 Steeles Route,General Delay,6,20,B/W,
23-Oct-18,79,2:30:00 PM,Tuesday,Runnymede stn,Mechanical,24,48,N/B,1135
23-Oct-18,84,2:49:00 PM,Tuesday,Sheppard Station,Late Leaving Garage,13,24,W/B,3116
23-Oct-18,17,2:50:00 PM,Tuesday,Birchmount and Steeles,Diversion,91,99,S/B,9229
23-Oct-18,70,2:50:00 PM,Tuesday,Craigton and Pharmacy,Mechanical,19,38,S/B,8626
23-Oct-18,98,2:51:00 PM,Tuesday,Gould and Cactus,Late Leaving Garage,13,36,S/B,8123
23-Oct-18,57,2:59:00 PM,Tuesday,Midland and Steeles,Mechanical,8,16,S/B,8636
23-Oct-18,70,3:00:00 PM,Tuesday,Coxwell & Warden STN's + Craigton and Pharmacy,General Delay,25,30,B/W,
23-Oct-18,53,3:00:00 PM,Tuesday,Entire Route,General Delay,15,20,B/W,
23-Oct-18,952,3:00:00 PM,Tuesday,LSTN to Terminal 3,General Delay,20,32,B/W,
23-Oct-18,90,3:00:00 PM,Tuesday,Oakwood and Vaughan to St.Clair West Stn,General Delay,1,1,B/W,
23-Oct-18,17,3:00:00 PM,Tuesday,Birchmount and Steeles,General Delay,9,9,B/W,
23-Oct-18,122,3:00:00 PM,Tuesday,York mIlls Stn to Bayview,General Delay,20,32,B/W,
23-Oct-18,167,3:00:00 PM,Tuesday,167 Pharmacy North,General Delay,14,1,B/W,
23-Oct-18,35,3:00:00 PM,Tuesday,Jane Station,Late Leaving Garage,10,20,N/B,3262
23-Oct-18,52,3:00:00 PM,Tuesday,LSTN TO WMAL,General Delay,20,40,E/B,
23-Oct-18,121,3:00:00 PM,Tuesday,PRGT to MLCH,General Delay,15,30,E/B,
23-Oct-18,952,3:08:00 PM,Tuesday,Terminal 3,Late Leaving Garage,1,12,E/B,1251
23-Oct-18,47,3:10:00 PM,Tuesday,St.Clair and Lansdown,Diversion,50,58,B/W,
23-Oct-18,63,3:10:00 PM,Tuesday,Eglinton west station,Late Leaving Garage,4,8,S/B,8103
23-Oct-18,12,3:14:00 PM,Tuesday,Birchmount Garage,Late Leaving Garage,1,1,S/B,7808
23-Oct-18,92,3:14:00 PM,Tuesday,Woodbine STN,Utilized Off Route,9,18,S/B,8491
23-Oct-18,63,3:14:00 PM,Tuesday,Eglinton West station,Late Leaving Garage,8,12,S/B,8118
23-Oct-18,52,3:17:00 PM,Tuesday,Law West Station,Mechanical,7,11,W/B,8206
23-Oct-18,939,3:24:00 PM,Tuesday,Birchmount and Finch,Mechanical,12,24,B/W,1653
23-Oct-18,53,3:25:00 PM,Tuesday,MOFI,Late Leaving Garage,15,30,W/B,9073
23-Oct-18,54,3:25:00 PM,Tuesday,ESTN,Late Leaving Garage,10,20,E/B,8632
23-Oct-18,168,3:28:00 PM,Tuesday,Avon Loop,Late Leaving Garage,8,16,E/B,
23-Oct-18,73,3:30:00 PM,Tuesday,Royal York Nth,General Delay,20,34,B/W,
23-Oct-18,64,3:30:00 PM,Tuesday,Wineva,General Delay,8,8,S/B,
23-Oct-18,75,3:30:00 PM,Tuesday,South and Glen Dr,General Delay,1,1,B/W,
23-Oct-18,76,3:30:00 PM,Tuesday,Royal York South,General Delay,20,34,B/W,
23-Oct-18,935,3:35:00 PM,Tuesday,Jane & Foxwell,Investigation,10,20,S/B,3270
23-Oct-18,24,3:42:00 PM,Tuesday,Victoria Park Station,Late Leaving Garage,16,32,N/B,8418
23-Oct-18,39,3:44:00 PM,Tuesday,Kennedy and Finch,General Delay,1,1,B/W,1604
23-Oct-18,88,3:44:00 PM,Tuesday,St. Clair Station,Mechanical,12,24,N/B,8219
23-Oct-18,168,3:45:00 PM,Tuesday,Various locations,General Delay,240,248,B/W,
23-Oct-18,44,3:47:00 PM,Tuesday,CSSL,Utilized Off Route,5,10,N/B,7932
23-Oct-18,188,3:47:00 PM,Tuesday,CSSL,Utilized Off Route,9,18,N/B,7968
23-Oct-18,63,3:47:00 PM,Tuesday,atlantic and king,Utilized Off Route,8,16,N/B,8216
23-Oct-18,35,3:48:00 PM,Tuesday,SHJA,Emergency Services,6,14,S/B,3185
23-Oct-18,16,3:50:00 PM,Tuesday,McCowan and Brimorton,General Delay,8,8,B/W,
23-Oct-18,63,3:52:00 PM,Tuesday,king and atlantic,Utilized Off Route,8,16,N/B,1392
23-Oct-18,168,3:56:00 PM,Tuesday,Symington and Lockhart,Investigation,8,6,W/B,1071
23-Oct-18,115,4:00:00 PM,Tuesday,YKMS to BASV,General Delay,20,40,B/W,
23-Oct-18,95,4:00:00 PM,Tuesday,YKMS to KNRD,General Delay,10,20,B/W,
23-Oct-18,45,4:00:00 PM,Tuesday,Rexdale to Albion and Kipling Ave,General Delay,25,,N/B,
23-Oct-18,143,4:00:00 PM,Tuesday,Sherbourn and richmond,General Delay,5,1,,
23-Oct-18,24,4:00:00 PM,Tuesday,24B Victoria Park,General Delay,14,1,B/W,
23-Oct-18,9,4:00:00 PM,Tuesday,Warden station,General Delay,10,1,B/W,
23-Oct-18,16,4:00:00 PM,Tuesday,Warden Station,General Delay,13,1,B/W,
23-Oct-18,17,4:00:00 PM,Tuesday,Warden Station,General Delay,15,1,B/W,
23-Oct-18,117,4:14:00 PM,Tuesday,Sheppard west station,Late Leaving Garage,12,26,N/B,8112
23-Oct-18,52,4:20:00 PM,Tuesday,LSTN,Mechanical,20,40,W/B,1235
23-Oct-18,985,4:25:00 PM,Tuesday,Fairview and Sheppard,Mechanical,8,16,E/B,9088
23-Oct-18,6,4:30:00 PM,Tuesday,"Front, Queens Quay, College, Bloor and Davenport",General Delay,180,185,B/W,
23-Oct-18,129,4:41:00 PM,Tuesday,STC,Investigation,22,39,N/B,1619
23-Oct-18,37,5:00:00 PM,Tuesday,Rexdale to HWLP,General Delay,1,1,B/W,7907
23-Oct-18,602,5:00:00 PM,Tuesday,Islington and Bloor,Mechanical,1,1,N/B,8429
23-Oct-18,54,5:16:00 PM,Tuesday,Lawrence and Leslie,Investigation,10,20,W/B,8831
23-Oct-18,44,5:24:00 PM,Tuesday,Kipling Station,Utilized Off Route,5,10,S/B,8035
23-Oct-18,53,5:30:00 PM,Tuesday,Entire Route,General Delay,15,20,B/W,
23-Oct-18,939,5:43:00 PM,Tuesday,Victoria Park and Finch,Mechanical,12,24,B/W,1274
23-Oct-18,79,5:45:00 PM,Tuesday,Runnymede stn,Mechanical,14,29,N/B,1120
23-Oct-18,165,5:57:00 PM,Tuesday,Wilson & Yonge blvd,Diversion,79,87,E/B,
23-Oct-18,186,5:57:00 PM,Tuesday,Wilson & Yonge blvd,Diversion,79,90,E/B,
23-Oct-18,96,5:57:00 PM,Tuesday,Wilson & Yonge blvd,Diversion,79,90,E/B,
23-Oct-18,39,6:13:00 PM,Tuesday,OFIN,Late Leaving Garage,15,30,W/B,1636
23-Oct-18,960,6:20:00 PM,Tuesday,New Westminister,Mechanical,12,24,W/B,3126
23-Oct-18,51,6:20:00 PM,Tuesday,Freshmeadow and Don Mills,Mechanical,18,36,S/B,8191
23-Oct-18,985,6:30:00 PM,Tuesday,Entire Route,General Delay,10,22,B/W,
23-Oct-18,52,6:40:00 PM,Tuesday,LSTN,Mechanical,13,26,W/B,1309
23-Oct-18,924,6:46:00 PM,Tuesday,Victoria Park Station,Mechanical,9,18,N/B,8934
23-Oct-18,79,6:48:00 PM,Tuesday,Runnymede stn,Investigation,15,30,N/B,1082
23-Oct-18,35,7:21:00 PM,Tuesday,PVST,Late Leaving Garage,8,17,S/B,3191
23-Oct-18,939,7:29:00 PM,Tuesday,Kennedy and Finch,General Delay,1,1,B/W,1829
23-Oct-18,29,7:30:00 PM,Tuesday,Dufferin and Bentworth,Mechanical,8,16,S/B,9141
23-Oct-18,35,8:01:00 PM,Tuesday,JNST,Late Leaving Garage,9,17,N/B,3125
23-Oct-18,112,8:04:00 PM,Tuesday,Renforth Station,Mechanical,16,32,N/B,8047
23-Oct-18,63,8:20:00 PM,Tuesday,queen and ossington,Investigation,10,20,N/B,8193
23-Oct-18,42,8:31:00 PM,Tuesday,Finch  Station,Mechanical,21,41,E/B,8177
23-Oct-18,42,8:52:00 PM,Tuesday,Finch Station,Utilized Off Route,11,21,E/B,8171
23-Oct-18,939,9:28:00 PM,Tuesday,Don Mills and Finch,Emergency Services,13,26,B/W,1639
23-Oct-18,60,9:31:00 PM,Tuesday,Hilda/Steeles,Investigation,4,8,W/B,3181
23-Oct-18,35,9:49:00 PM,Tuesday,PVST,Late Leaving Garage,9,17,S/B,8544
23-Oct-18,62,9:55:00 PM,Tuesday,Main Station,Mechanical,20,40,W/B,7763
23-Oct-18,704,10:47:00 PM,Tuesday,Weston &  Sheppard,Investigation,1,1,N/B,8540
23-Oct-18,6,10:48:00 PM,Tuesday,Dockside Drive,Emergency Services,25,50,N/B,1045
23-Oct-18,192,11:00:00 PM,Tuesday,Kipling Station,Mechanical,9,18,N/B,8000
23-Oct-18,17,11:22:00 PM,Tuesday,WLAS,Mechanical,22,44,S/B,8425
24-Oct-18,52,12:26:00 AM,Wednesday,Lawrence W stn,Investigation,13,31,W/B,8193
24-Oct-18,300,4:11:00 AM,Wednesday,Dundas W and Bloor,Investigation,27,57,E/B,8849
24-Oct-18,96,5:03:00 AM,Wednesday,WILS,Late Leaving Garage,1,40,W/B,3207
24-Oct-18,165,5:04:00 AM,Wednesday,SIGT,Late Leaving Garage,1,22,E/B,1330
24-Oct-18,21,5:05:00 AM,Wednesday,STC,Late Leaving Garage,20,,S/B,1782
24-Oct-18,53,5:11:00 AM,Wednesday,MOFI,Late Leaving Garage,10,10,W/B,1291
24-Oct-18,96,5:27:00 AM,Wednesday,Wilson and Dufferin,Mechanical,15,30,W/B,3264
24-Oct-18,165,5:37:00 AM,Wednesday,FWES,Late Leaving Garage,1,10,W/B,8545
24-Oct-18,67,5:40:00 AM,Wednesday,Danforth/Victoria Park,Late Leaving Garage,24,42,N/B,8852
24-Oct-18,71,5:41:00 AM,Wednesday,RUST,Late Leaving Garage,8,17,N/B,1059
24-Oct-18,104,5:48:00 AM,Wednesday,Wilson Stn,Late Leaving Garage,18,18,N/B,8130
24-Oct-18,35,5:50:00 AM,Wednesday,Pioneer Village Station,Mechanical,5,10,S/B,3307
24-Oct-18,53,5:50:00 AM,Wednesday,PAMK,Late Leaving Garage,5,9,W/B,1712
24-Oct-18,118,5:50:00 AM,Wednesday,Wilson Station,Late Leaving Garage,20,40,W/B,1338
24-Oct-18,25,5:51:00 AM,Wednesday,PSTN,Late Leaving Garage,7,12,N/B,8655
24-Oct-18,64,5:57:00 AM,Wednesday,Main Station,Late Leaving Garage,11,22,S/B,8499
24-Oct-18,165,5:57:00 AM,Wednesday,FWES,Late Leaving Garage,10,22,W/B,8570
24-Oct-18,168,5:58:00 AM,Wednesday,Avon loop,Late Leaving Garage,5,14,S/B,1305
24-Oct-18,88,5:59:00 AM,Wednesday,wilson garage,Late Leaving Garage,10,20,,8107
24-Oct-18,101,6:00:00 AM,Wednesday,Sheppard West Station,Late Leaving Garage,6,,W/B,1400
24-Oct-18,39,6:03:00 AM,Wednesday,MCVP,Late Leaving Garage,10,20,N/B,1572
24-Oct-18,989,6:05:00 AM,Wednesday,Keele Station,Late Leaving Garage,12,24,N/B,1030
24-Oct-18,100,6:07:00 AM,Wednesday,Don Mills & Wynford,Late Leaving Garage,3,6,S/B,8920
24-Oct-18,90,6:07:00 AM,Wednesday,wilson garage,Late Leaving Garage,4,8,,8180
24-Oct-18,112,6:10:00 AM,Wednesday,Kipling Station,Late Leaving Garage,14,28,N/B,7940
24-Oct-18,86,6:11:00 AM,Wednesday,Meadowvale Loop (S LP),Late Leaving Garage,5,10,S/B,8708
24-Oct-18,32,6:14:00 AM,Wednesday,PINE,Late Leaving Garage,6,12,E/B,1024
24-Oct-18,129,6:19:00 AM,Wednesday,Alton Towers,Mechanical,5,10,W/B,1557
24-Oct-18,86,6:21:00 AM,Wednesday,Kennedy STN,Late Leaving Garage,18,32,E/B,8891
24-Oct-18,939,6:23:00 AM,Wednesday,MSNS,Late Leaving Garage,8,15,N/B,1565
24-Oct-18,63,6:30:00 AM,Wednesday,Oakwood Loop,Mechanical,9,18,`,1394
24-Oct-18,937,6:30:00 AM,Wednesday,Islington Station,Late Leaving Garage,10,20,N/B,8055
24-Oct-18,85,6:38:00 AM,Wednesday,Brenyon Way and Sheppard,Investigation,16,32,W/B,1814
24-Oct-18,42,6:41:00 AM,Wednesday,Finch Stn,Late Leaving Garage,12,23,E/B,8182
24-Oct-18,11,7:05:00 AM,Wednesday,Davisville Stn,Late Leaving Garage,15,30,N/B,8325
24-Oct-18,32,7:05:00 AM,Wednesday,KEEG,Mechanical,5,11,E/B,1040
24-Oct-18,46,7:07:00 AM,Wednesday,Kipling Stn,Late Leaving Garage,11,22,,8547
24-Oct-18,960,7:08:00 AM,Wednesday,Pioneer Village Station,Late Leaving Garage,8,16,E/B,3209
24-Oct-18,70,7:12:00 AM,Wednesday,CSTN,Mechanical,17,34,S/B,8836
24-Oct-18,41,7:12:00 AM,Wednesday,Keele Station,Emergency Services,12,23,N/B,9033
24-Oct-18,32,7:16:00 AM,Wednesday,Dufferin and Eglinton,Investigation,6,11,E/B,1358
24-Oct-18,35,7:25:00 AM,Wednesday,Finch Avenue,Mechanical,9,18,N/B,3307
24-Oct-18,90,7:30:00 AM,Wednesday,st clair wstn / oakwood,General Delay,4,8,B/W,
24-Oct-18,75,7:40:00 AM,Wednesday,Queen,Utilized Off Route,5,10,N/B,8209
24-Oct-18,602,7:40:00 AM,Wednesday,QWGA,Utilized Off Route,1,1,N/B,8014
24-Oct-18,704,7:41:00 AM,Wednesday,ARGA,Utilized Off Route,1,1,W/B,1397
24-Oct-18,709,7:41:00 AM,Wednesday,Lawrence and Keele,Utilized Off Route,1,1,S/B,1139
24-Oct-18,759,7:43:00 AM,Wednesday,College and Lansdowne,Utilized Off Route,1,1,N/B,1132
24-Oct-18,602,7:45:00 AM,Wednesday,ISTN,Utilized Off Route,1,1,N/B,8022
24-Oct-18,704,7:50:00 AM,Wednesday,WILS,Utilized Off Route,1,1,W/B,8602
24-Oct-18,97,7:52:00 AM,Wednesday,davisville stn,Utilized Off Route,30,60,N/B,8216
24-Oct-18,88,7:53:00 AM,Wednesday,St.Clair Stn,Mechanical,11,22,N/B,8328
24-Oct-18,32,7:56:00 AM,Wednesday,PINE,Mechanical,6,12,E/B,1025
24-Oct-18,144,7:58:00 AM,Wednesday,Ness Dr. and York Mills,Late Leaving Garage,8,23,S/B,8737
24-Oct-18,954,8:05:00 AM,Wednesday,Lawrence and Morningside,Mechanical,9,18,E/B,8630
24-Oct-18,600,8:06:00 AM,Wednesday,davisville stn,Utilized Off Route,1,1,S/B,8206
24-Oct-18,24,8:18:00 AM,Wednesday,Lawrence and victoria park,Investigation,10,20,S/B,8458
24-Oct-18,89,8:20:00 AM,Wednesday,Keele Station,Mechanical,6,12,N/B,1502
24-Oct-18,162,8:30:00 AM,Wednesday,Lawrence Stn to Donway east and Don Mills,General Delay,120,1,B/W,
24-Oct-18,17,8:30:00 AM,Wednesday,Birchmount Road / WAST,General Delay,8,16,B/W,
24-Oct-18,35,8:34:00 AM,Wednesday,Jane and Bexley,Investigation,9,18,S/B,3198
24-Oct-18,44,8:35:00 AM,Wednesday,Kipling Station,Mechanical,5,10,S/B,7939
24-Oct-18,939,8:37:00 AM,Wednesday,Bathurst on Finch,Investigation,7,15,E/B,1741
24-Oct-18,84,8:40:00 AM,Wednesday,At Canyon Avenue before Bathurst,Mechanical,8,16,W/B,3309
24-Oct-18,63,8:40:00 AM,Wednesday,Eglinton West Stn,Mechanical,10,20,S/B,1393
24-Oct-18,53,8:48:00 AM,Wednesday,Between Yonge/Steeles and Finch station,General Delay,20,36,S/B,
24-Oct-18,43,8:55:00 AM,Wednesday,Kennedy and Dancy,Investigation,10,20,S/B,8787
24-Oct-18,72,8:56:00 AM,Wednesday,Carlaw & Eastern,Investigation,8,15,N/B,7756
24-Oct-18,95,9:14:00 AM,Wednesday,York Mills - Bayview,Mechanical,9,18,W/B,1754
24-Oct-18,32,9:19:00 AM,Wednesday,The east Mall on Eglinton,Mechanical,8,16,W/B,1004
24-Oct-18,935,9:30:00 AM,Wednesday,Jane Station,Mechanical,9,18,S/B,3225
24-Oct-18,95,9:30:00 AM,Wednesday,York Mills - Markham,Mechanical,16,31,W/B,1825
24-Oct-18,602,9:30:00 AM,Wednesday,Humber loop,Utilized Off Route,1,1,S/B,8014
24-Oct-18,701,9:34:00 AM,Wednesday,Eglinton Stn,Utilized Off Route,1,1,,8324
24-Oct-18,610,9:35:00 AM,Wednesday,Broadview station,Utilized Off Route,1,1,S/B,8762
24-Oct-18,707,9:35:00 AM,Wednesday,MLGA,Utilized Off Route,1,1,W/B,1548
24-Oct-18,704,9:35:00 AM,Wednesday,Finch Stn,Utilized Off Route,1,1,,8589
24-Oct-18,702,9:35:00 AM,Wednesday,CSSL,Utilized Off Route,1,1,S/B,7922
24-Oct-18,709,9:36:00 AM,Wednesday,Humber loop,Utilized Off Route,1,1,E/B,1139
24-Oct-18,719,9:36:00 AM,Wednesday,PINE,Utilized Off Route,1,1,S/B,1135
24-Oct-18,75,9:36:00 AM,Wednesday,Queen and Sherbourne,Utilized Off Route,4,9,,8103
24-Oct-18,602,9:37:00 AM,Wednesday,Humber loop,Utilized Off Route,1,1,S/B,8022
24-Oct-18,609,9:37:00 AM,Wednesday,Black Creek & Weston Road,Utilized Off Route,1,1,S/B,1121
24-Oct-18,759,9:37:00 AM,Wednesday,Davenport and Lansdowne,Utilized Off Route,1,1,N/B,1082
24-Oct-18,26,9:37:00 AM,Wednesday,Jane Stn,Utilized Off Route,1,1,,1105
24-Oct-18,602,9:37:00 AM,Wednesday,Queensway garage,Utilized Off Route,1,1,S/B,7977
24-Oct-18,79,9:37:00 AM,Wednesday,Runnymede stn,Utilized Off Route,8,17,N/B,1140
24-Oct-18,601,9:38:00 AM,Wednesday,Lawrence and Ave Rd,Utilized Off Route,1,1,`,8190
24-Oct-18,25,9:39:00 AM,Wednesday,PSTN,Utilized Off Route,9,18,N/B,8779
24-Oct-18,704,9:40:00 AM,Wednesday,Sheppard Stn,Utilized Off Route,1,1,,8576
24-Oct-18,607,9:40:00 AM,Wednesday,Don Mills station,Utilized Off Route,1,1,W/B,1828
24-Oct-18,704,9:40:00 AM,Wednesday,JNST,Utilized Off Route,1,1,N/B,1397
24-Oct-18,706,9:40:00 AM,Wednesday,WAST,Utilized Off Route,0,0,,8515
24-Oct-18,601,9:40:00 AM,Wednesday,Wilson Stn,Utilized Off Route,1,1,`,8206
24-Oct-18,606,9:42:00 AM,Wednesday,DONS,Utilized Off Route,0,0,,8480
24-Oct-18,704,9:43:00 AM,Wednesday,JNST,Utilized Off Route,1,1,N/B,1397
24-Oct-18,607,9:43:00 AM,Wednesday,FINCH STATION,Utilized Off Route,1,1,W/B,1685
24-Oct-18,54,9:46:00 AM,Wednesday,Lawrence and Don Mills,Utilized Off Route,9,18,W/B,8654
24-Oct-18,52,9:46:00 AM,Wednesday,Lawrence west sation,Mechanical,15,30,W/B,1309
24-Oct-18,606,9:46:00 AM,Wednesday,BRGA,Utilized Off Route,0,0,,7731
24-Oct-18,53,9:47:00 AM,Wednesday,FSTN,Utilized Off Route,1,1,E/B,1809
24-Oct-18,102,9:51:00 AM,Wednesday,WAST,Utilized Off Route,10,20,N/B,8442
24-Oct-18,79,9:52:00 AM,Wednesday,Runnymede Station,Utilized Off Route,1,1,N/B,1123
24-Oct-18,25,9:53:00 AM,Wednesday,PSTN,Utilized Off Route,9,18,N/B,8727
24-Oct-18,110,9:53:00 AM,Wednesday,Islington and Judson,Investigation,18,35,S/B,7924
24-Oct-18,63,9:54:00 AM,Wednesday,Ossington Stn`,Utilized Off Route,3,10,,8210
24-Oct-18,40,9:57:00 AM,Wednesday,Runnymede Loop,Mechanical,10,20,E/B,8436
24-Oct-18,34,10:00:00 AM,Wednesday,34 Eglinton East route,General Delay,20,40,B/W,
24-Oct-18,100,10:00:00 AM,Wednesday,100 Flemingdon Pk route,General Delay,15,30,B/W,
24-Oct-18,121,10:09:00 AM,Wednesday,PRGT,Utilized Off Route,20,40,E/B,8515
24-Oct-18,26,10:10:00 AM,Wednesday,Jane Stn,Utilized Off Route,20,40,E/B,1034
24-Oct-18,96,10:13:00 AM,Wednesday,Elmhurst and Tayrow,Mechanical,22,44,W/B,3228
24-Oct-18,48,10:25:00 AM,Wednesday,rathburn and Islington,Diversion,22,97,S/B,7913
24-Oct-18,42,10:39:00 AM,Wednesday,Finch Stn,Mechanical,12,23,E/B,1376
24-Oct-18,130,10:56:00 AM,Wednesday,STC,Mechanical,19,38,N/B,1768
24-Oct-18,65,11:00:00 AM,Wednesday,Parliament Street / CAST,General Delay,12,24,B/W,
24-Oct-18,111,11:00:00 AM,Wednesday,"Richgrove and Martin Grove,",Diversion,194,180,S/B,8038
24-Oct-18,100,11:03:00 AM,Wednesday,Broadview station,Mechanical,5,11,N/B,8633
24-Oct-18,29,11:35:00 AM,Wednesday,Lawrence & Dufferin,Mechanical,8,15,S/B,1415
24-Oct-18,61,11:40:00 AM,Wednesday,Bombay loop,Diversion,10,25,B/W,
24-Oct-18,61,11:40:00 AM,Wednesday,Bombay Loop,Emergency Services,15,30,N/B,1247
24-Oct-18,32,11:42:00 AM,Wednesday,KEEG,Mechanical,13,26,E/B,1044
24-Oct-18,54,11:43:00 AM,Wednesday,Lawrence and Midland,Investigation,12,24,W/B,8796
24-Oct-18,74,12:10:00 PM,Wednesday,Roslin and Mt.Pleasant,Mechanical,19,38,N/B,1276
24-Oct-18,104,12:12:00 PM,Wednesday,Wilson Lower,Mechanical,15,30,,8156
24-Oct-18,29,1:05:00 PM,Wednesday,Dufferin stn,Mechanical,8,16,N/B,9040
24-Oct-18,29,1:14:00 PM,Wednesday,Dufferin & Livinstone,Investigation,8,15,S/B,9047
24-Oct-18,89,1:32:00 PM,Wednesday,Keele Station,Mechanical,10,20,N/B,1063
24-Oct-18,87,1:50:00 PM,Wednesday,MSTN,Mechanical,6,12,E/B,8426
24-Oct-18,47,2:00:00 PM,Wednesday,Entire route,General Delay,10,25,B/W,
24-Oct-18,43,2:01:00 PM,Wednesday,Kennedy Station,Mechanical,15,30,N/B,8738
24-Oct-18,34,2:24:00 PM,Wednesday,Eglinton & Brentcliff,Investigation,11,22,W/B,8923
24-Oct-18,129,2:30:00 PM,Wednesday,stc,Late Leaving Garage,10,14,N/B,1683
24-Oct-18,985,2:30:00 PM,Wednesday,Don Mills Station,Mechanical,13,25,E/B,9060
24-Oct-18,929,2:40:00 PM,Wednesday,Dufferin Station,Mechanical,10,20,S/B,9153
24-Oct-18,12,2:55:00 PM,Wednesday,VPST,Mechanical,12,24,S/B,8961
24-Oct-18,165,3:00:00 PM,Wednesday,Route 165,General Delay,9,17,B/W,
24-Oct-18,186,3:00:00 PM,Wednesday,Route  186,General Delay,12,23,B/W,
24-Oct-18,96,3:00:00 PM,Wednesday,Route 96,General Delay,15,26,B/W,
24-Oct-18,121,3:00:00 PM,Wednesday,Front and Blue Jays Way,General Delay,10,25,B/W,
24-Oct-18,935,3:04:00 PM,Wednesday,JNST,Late Leaving Garage,9,18,N/B,3191
24-Oct-18,161,3:08:00 PM,Wednesday,Jane & Alliance,Late Leaving Garage,11,20,E/B,1117
24-Oct-18,44,3:18:00 PM,Wednesday,North Queen and Kipling Ave,Mechanical,5,10,N/B,8032
24-Oct-18,35,3:19:00 PM,Wednesday,PVST,Late Leaving Garage,10,20,N/B,
24-Oct-18,188,3:20:00 PM,Wednesday,KPSN,Utilized Off Route,9,18,S/B,7925
24-Oct-18,11,3:32:00 PM,Wednesday,Sunnybrook hospital,Mechanical,14,28,S/B,1233
24-Oct-18,985,3:32:00 PM,Wednesday,Sheppard loop,Late Leaving Garage,11,24,W/B,9077
24-Oct-18,737,3:59:00 PM,Wednesday,ISTN,Late Leaving Garage,11,22,N/B,7912
24-Oct-18,65,4:00:00 PM,Wednesday,Casltle Frank Station,General Delay,10,1,,
24-Oct-18,17,4:00:00 PM,Wednesday,Warden Station,General Delay,15,1,,
24-Oct-18,87,4:00:00 PM,Wednesday,MSTN TO BSTN,General Delay,8,14,B/W,
24-Oct-18,9,4:00:00 PM,Wednesday,Warden Station,General Delay,10,1,S/B,
24-Oct-18,23,4:00:00 PM,Wednesday,MSTN - RXDR,General Delay,10,16,B/W,
24-Oct-18,45,4:00:00 PM,Wednesday,Rexdale and Kipling Ave,General Delay,20,,bw,
24-Oct-18,54,4:00:00 PM,Wednesday,Eglinton Station to Starspray Loop,General Delay,20,30,B/W,
24-Oct-18,83,4:00:00 PM,Wednesday,Donlands Station,General Delay,10,1,,
24-Oct-18,16,4:00:00 PM,Wednesday,Warden Station,General Delay,10,1,,
24-Oct-18,989,4:05:00 PM,Wednesday,Keele & Dundas,Mechanical,10,20,N/B,1061
24-Oct-18,130,4:11:00 PM,Wednesday,Compass Ct and Middlefield Rd,Investigation,16,32,B/W,177
24-Oct-18,134,4:20:00 PM,Wednesday,Bellamy and Progress,Diversion,20,25,N/B,9095
24-Oct-18,112,4:22:00 PM,Wednesday,Renforth Station,Mechanical,16,32,N/B,7961
24-Oct-18,11,4:30:00 PM,Wednesday,Davisville and Yonge,Investigation,14,28,S/B,8111
24-Oct-18,96,4:43:00 PM,Wednesday,Carrier loop POD Wilson & Clayson,Mechanical,11,22,E/B,3134
24-Oct-18,109,5:05:00 PM,Wednesday,Rainee and Flemington,Investigation,22,44,E/B,1219
24-Oct-18,75,5:05:00 PM,Wednesday,Jarvis and Queens Quay,Utilized Off Route,6,12,N/B,8191
24-Oct-18,9,5:05:00 PM,Wednesday,Ellesemere and Bellamy,Diversion,124,156,S/B,8421
24-Oct-18,41,5:17:00 PM,Wednesday,Junction and Keele,Investigation,10,20,N/B,9102
24-Oct-18,54,5:25:00 PM,Wednesday,Eglinton and Warden Ave,Mechanical,10,20,E/B,8679
24-Oct-18,937,5:27:00 PM,Wednesday,WESTWAY AND ISLINGTON,Mechanical,11,22,S/B,8436
24-Oct-18,188,5:28:00 PM,Wednesday,Kipling station,Utilized Off Route,9,18,S/B,7925
24-Oct-18,52,5:38:00 PM,Wednesday,Lawrence W/Bathurst,Investigation,20,40,E/B,1282
24-Oct-18,133,5:51:00 PM,Wednesday,STC,Diversion,146,154,E/B,1728
24-Oct-18,38,5:51:00 PM,Wednesday,STC,Diversion,143,155,E/B,1822
24-Oct-18,95,6:10:00 PM,Wednesday,Morningside / Ellesmere,Mechanical,10,20,E/B,1531
24-Oct-18,144,6:13:00 PM,Wednesday,Valleywoods Rd,Investigation,20,40,S/B,8905
24-Oct-18,952,6:14:00 PM,Wednesday,Lawrence Ave W/Weston rd,Mechanical,12,24,W/B,1381
24-Oct-18,927,6:15:00 PM,Wednesday,Humber College,Mechanical,12,24,S/B,8564
24-Oct-18,95,6:34:00 PM,Wednesday,Military Trail and Ellesmere,Mechanical,0,0,E/B,1531
24-Oct-18,25,6:35:00 PM,Wednesday,PSTN,Utilized Off Route,5,11,N/B,8861
24-Oct-18,95,6:35:00 PM,Wednesday,MKEL,Mechanical,9,18,W/B,1284
24-Oct-18,123,7:00:00 PM,Wednesday,MEDULLA AND NORTH QUEEN,Investigation,24,48,N/B,7907
24-Oct-18,73,7:11:00 PM,Wednesday,Knob Hill at Weston,Mechanical,14,28,S/B,7960
24-Oct-18,52,7:17:00 PM,Wednesday,Terminal 3,Mechanical,11,22,E/B,8193
24-Oct-18,39,7:18:00 PM,Wednesday,Finch/Markham,Mechanical,14,28,E/B,1665
24-Oct-18,939,7:20:00 PM,Wednesday,STC,Mechanical,13,26,W/B,1774
24-Oct-18,47,7:30:00 PM,Wednesday,CAEG,Mechanical,20,40,S/B,1068
24-Oct-18,22,7:45:00 PM,Wednesday,coxwell on queen,General Delay,10,20,B/W,
24-Oct-18,34,8:00:00 PM,Wednesday,DMWF,Mechanical,11,22,E/B,8908
24-Oct-18,108,8:17:00 PM,Wednesday,Driftwood & Grandravine,Mechanical,9,18,S/B,1377
24-Oct-18,52,8:20:00 PM,Wednesday,Lawrence W stn,Mechanical,11,23,W/B,8122
24-Oct-18,192,8:39:00 PM,Wednesday,Kipling Station,Mechanical,9,18,N/B,8004
24-Oct-18,43,9:30:00 PM,Wednesday,PROGRESS,Mechanical,11,22,S/B,8734
24-Oct-18,81,10:08:00 PM,Wednesday,Overlead and Millwood,Investigation,12,24,,7230
24-Oct-18,36,10:12:00 PM,Wednesday,HWLP,Mechanical,9,18,E/B,9132
24-Oct-18,35,10:30:00 PM,Wednesday,Firgrove,Mechanical,9,18,S/B,3133
24-Oct-18,116,10:32:00 PM,Wednesday,Eglinton & Barbados,Investigation,10,20,E/B,8689
24-Oct-18,112,10:38:00 PM,Wednesday,Kipling Station,Mechanical,16,32,N/B,7962
25-Oct-18,60,12:17:00 AM,Thursday,Wedgewood on Yonge,Mechanical,9,18,E/B,3264
25-Oct-18,73,12:30:00 AM,Thursday,La Rose and Scarlett,Investigation,20,40,S/B,8081
25-Oct-18,95,12:50:00 AM,Thursday,Victoria Park and Ellemere,Mechanical,10,20,E/B,1724
25-Oct-18,36,12:59:00 AM,Thursday,Milvan/Finch,Mechanical,9,18,W/B,9128
25-Oct-18,63,1:15:00 AM,Thursday,Atlantic and King,Utilized Off Route,10,20,SB,8117
25-Oct-18,320,2:13:00 AM,Thursday,QQYU,Utilized Off Route,3,6,N/B,8899
25-Oct-18,36,2:21:00 AM,Thursday,Finch/Yonge,Diversion,1,1,W/B,
25-Oct-18,320,2:21:00 AM,Thursday,Finch/Yonge,Diversion,1,1,N/B,
25-Oct-18,320,2:37:00 AM,Thursday,Bay and Queens Quay,Mechanical,7,14,E/B,8391
25-Oct-18,334,3:20:00 AM,Thursday,Eglinton and Beachell,Investigation,30,60,W/B,8790
25-Oct-18,320,3:20:00 AM,Thursday,Hendon on Yonge,Investigation,3,6,S/B,1407
25-Oct-18,100,5:06:00 AM,Thursday,EGGA,Late Leaving Garage,1,1,B/W,8765
25-Oct-18,63,5:21:00 AM,Thursday,Eglinton Station,Late Leaving Garage,15,15,S/B,8214
25-Oct-18,86,5:21:00 AM,Thursday,Manse Rd/Lawrence Ave E,Late Leaving Garage,6,7,E/B,8817
25-Oct-18,86,5:24:00 AM,Thursday,Kingston Rd/Morningside Ave,Mechanical,7,21,W/B,8630
25-Oct-18,395,5:29:00 AM,Thursday,MKEL,Mechanical,30,60,E/B,1632
25-Oct-18,165,5:30:00 AM,Thursday,YKMS,Late Leaving Garage,10,20,W/B,8529
25-Oct-18,165,5:37:00 AM,Thursday,FWES,Late Leaving Garage,1,10,W/B,8589
25-Oct-18,52,5:37:00 AM,Thursday,Lawrence west station,Mechanical,15,30,E/B,1271
25-Oct-18,60,5:37:00 AM,Thursday,FSTN,Late Leaving Garage,14,23,W/B,3171
25-Oct-18,60,5:37:00 AM,Thursday,Finch Station,Late Leaving Garage,0,0,W/B,3171
25-Oct-18,85,5:40:00 AM,Thursday,rhgo,Late Leaving Garage,13,29,W/B,1505
25-Oct-18,95,5:44:00 AM,Thursday,KNRD,Late Leaving Garage,7,14,W/B,1704
25-Oct-18,113,5:49:00 AM,Thursday,BRGA,Late Leaving Garage,12,24,E/B,7816
25-Oct-18,133,5:52:00 AM,Thursday,Neilson and Sheppard,Mechanical,11,22,S/B,1707
25-Oct-18,36,5:57:00 AM,Thursday,Martin Grove,Mechanical,5,10,W/B,9121
25-Oct-18,129,5:58:00 AM,Thursday,STC,Late Leaving Garage,6,12,N/B,1612
25-Oct-18,47,5:59:00 AM,Thursday,YRKDL,Late Leaving Garage,18,36,S/B,1061
25-Oct-18,101,6:00:00 AM,Thursday,Sheppard West Station,Late Leaving Garage,20,,W/B,1414
25-Oct-18,11,6:02:00 AM,Thursday,Sunnybrook Hospital,Late Leaving Garage,15,30,S/B,8190
25-Oct-18,53,6:05:00 AM,Thursday,PAMK,Late Leaving Garage,5,10,W/B,1684
25-Oct-18,95,6:05:00 AM,Thursday,KNRD,Mechanical,7,14,W/B,1632
25-Oct-18,927,6:05:00 AM,Thursday,Rivald/Sheppard,Investigation,5,10,W/B,8556
25-Oct-18,32,6:08:00 AM,Thursday,PINE,Late Leaving Garage,7,13,E/B,1029
25-Oct-18,67,6:09:00 AM,Thursday,VICT,Late Leaving Garage,9,17,N/B,8909
25-Oct-18,79,6:10:00 AM,Thursday,Mount Dennis to Pine/Lawrence,Mechanical,8,16,S/B,1149
25-Oct-18,36,6:10:00 AM,Thursday,Humberwood loop,Mechanical,5,10,W/B,9118
25-Oct-18,117,6:10:00 AM,Thursday,Wilson Garage,Late Leaving Garage,10,20,,1285
25-Oct-18,69,6:11:00 AM,Thursday,DNSA,Late Leaving Garage,7,14,S/B,8458
25-Oct-18,925,6:11:00 AM,Thursday,DOEG,Late Leaving Garage,19,35,S/B,8677
25-Oct-18,29,6:14:00 AM,Thursday,Dufferin / Lawrence,Late Leaving Garage,7,15,N/B,9023
25-Oct-18,12,6:16:00 AM,Thursday,BRGA,Late Leaving Garage,14,28,E/B,8448
25-Oct-18,79,6:18:00 AM,Thursday,Mount Dennis to Pine and Lawrence,Late Leaving Garage,9,18,S/B,1089
25-Oct-18,929,6:20:00 AM,Thursday,Dufferin / St . Clair,Mechanical,9,18,S/B,9045
25-Oct-18,76,6:20:00 AM,Thursday,Royal York/Evans,Late Leaving Garage,13,20,S/B,8038
25-Oct-18,41,6:21:00 AM,Thursday,Keele Station,Late Leaving Garage,13,24,N/B,9149
25-Oct-18,57,6:24:00 AM,Thursday,Midland Ave/Steeles Ave E,Mechanical,9,17,S/B,8727
25-Oct-18,56,6:24:00 AM,Thursday,Donland Station,Mechanical,9,18,N/B,1211
25-Oct-18,98,6:28:00 AM,Thursday,Sheppard Yonge Station,Late Leaving Garage,15,30,E/B,8194
25-Oct-18,85,6:30:00 AM,Thursday,DONS to SLP to RHGO,General Delay,15,25,bw,
25-Oct-18,985,6:30:00 AM,Thursday,DONS to STC to SLP,General Delay,20,32,bw,
25-Oct-18,131,6:32:00 AM,Thursday,STC,Late Leaving Garage,8,16,E/B,1735
25-Oct-18,96,6:35:00 AM,Thursday,WILS,Mechanical,10,20,E/B,3212
25-Oct-18,106,6:38:00 AM,Thursday,Pioneer Vilage Stn,Late Leaving Garage,8,15,,1395
25-Oct-18,53,6:43:00 AM,Thursday,Finch station,Late Leaving Garage,13,26,E/B,1770
25-Oct-18,52,6:45:00 AM,Thursday,Lawrence Station,Mechanical,8,16,W/B,1282
25-Oct-18,36,6:46:00 AM,Thursday,Finch and Tobemory,Investigation,5,11,E/B,9130
25-Oct-18,186,6:48:00 AM,Thursday,HLDG,Late Leaving Garage,9,18,E/B,3127
25-Oct-18,95,6:52:00 AM,Thursday,Leslie and York Mills,Mechanical,7,14,W/B,1557
25-Oct-18,21,6:53:00 AM,Thursday,bmst,Late Leaving Garage,8,16,S/B,1619
25-Oct-18,57,6:58:00 AM,Thursday,Midland Ave/Steeles Ave E,Late Leaving Garage,9,17,S/B,8825
25-Oct-18,73,7:00:00 AM,Thursday,Entire Royal North Route,General Delay,12,24,B/W,796
25-Oct-18,76,7:00:00 AM,Thursday,Entire Royal York South Route,General Delay,15,30,B/W,8432
25-Oct-18,84,7:00:00 AM,Thursday,Sheppard West Station,Mechanical,10,20,W/B,3181
25-Oct-18,25,7:12:00 AM,Thursday,DONS,Mechanical,6,11,S/B,8700
25-Oct-18,95,7:12:00 AM,Thursday,SCLP,Late Leaving Garage,9,18,W/B,1531
25-Oct-18,75,7:13:00 AM,Thursday,Bloor St E. at Sherbourne St.,Late Leaving Garage,5,10,S/B,8327
25-Oct-18,143,7:15:00 AM,Thursday,Downtown Beach Express,Late Leaving Garage,0,0,B/W,8460
25-Oct-18,960,7:17:00 AM,Thursday,Finch Station,Mechanical,8,16,W/B,3245
25-Oct-18,45,7:18:00 AM,Thursday,Steeles Loop,Mechanical,6,12,N/B,7910
25-Oct-18,6,7:20:00 AM,Thursday,Davenport ( Avenue to Bedford),Diversion,70,75,B/W,1064
25-Oct-18,39,7:23:00 AM,Thursday,FSTN,Mechanical,15,30,E/B,1541
25-Oct-18,76,7:23:00 AM,Thursday,Royal York/Oakfield,Investigation,7,13,N/B,7964
25-Oct-18,88,7:24:00 AM,Thursday,St Clair Stn,Mechanical,9,18,E/B,8377
25-Oct-18,79,7:43:00 AM,Thursday,Pine and Lawrence,Mechanical,9,18,N/B,1124
25-Oct-18,161,7:54:00 AM,Thursday,Mount Dennis to Ossington,Late Leaving Garage,12,24,S/B,1134
25-Oct-18,52,7:55:00 AM,Thursday,Ralph St & Lawrence,Mechanical,15,30,E/B,8150
25-Oct-18,17,8:00:00 AM,Thursday,Birchmount Road / WAST,General Delay,8,16,B/W,
25-Oct-18,90,8:00:00 AM,Thursday,St Clair west station to Vaughan Rd,General Delay,15,19,B/W,
25-Oct-18,161,8:01:00 AM,Thursday,Humber Blvd. and Weston,Mechanical,12,24,E/B,1092
25-Oct-18,192,8:04:00 AM,Thursday,Kipling Station,Mechanical,10,20,N/B,8007
25-Oct-18,32,8:18:00 AM,Thursday,KEEG,Mechanical,6,12,W/B,1071
25-Oct-18,9,8:36:00 AM,Thursday,Bellamy Road / WAST,Mechanical,0,0,N/B,7872
25-Oct-18,61,8:47:00 AM,Thursday,Wilson and Avenue Rd,Mechanical,10,20,S/B,1347
25-Oct-18,53,8:49:00 AM,Thursday,Steeles and Leslie,Mechanical,10,16,E/B,1528
25-Oct-18,100,9:00:00 AM,Thursday,100 Flemingdon Pk route,General Delay,15,30,B/W,
25-Oct-18,34,9:00:00 AM,Thursday,34 Eglinton East route,General Delay,20,40,B/W,
25-Oct-18,24,9:02:00 AM,Thursday,Victoria park STN.,Investigation,10,20,S/B,8515
25-Oct-18,42,9:28:00 AM,Thursday,Dynamic and McNicol,Mechanical,11,22,W/B,1382
25-Oct-18,41,9:49:00 AM,Thursday,Founders & Ian MacDonald,Investigation,9,18,N/B,9104
25-Oct-18,609,10:49:00 AM,Thursday,Widdicombe Hill On Eglinton,Mechanical,1,1,W/B,1107
25-Oct-18,51,11:00:00 AM,Thursday,ESTN to Steeles,General Delay,25,50,B/W,
25-Oct-18,46,11:20:00 AM,Thursday,Ronson,Diversion,30,40,N/B,8527
25-Oct-18,939,11:30:00 AM,Thursday,FSTN,Mechanical,3,8,E/B,1772
25-Oct-18,34,11:33:00 AM,Thursday,Eglinton W & Duplex,Mechanical,8,15,W/B,8641
25-Oct-18,84,11:46:00 AM,Thursday,Weston and Bradstock,Mechanical,10,20,E/B,3103
25-Oct-18,929,11:50:00 AM,Thursday,Wilson stn,Mechanical,10,20,S/B,9144
25-Oct-18,42,12:00:00 PM,Thursday,Finch Station,Mechanical,11,22,E/B,8163
25-Oct-18,52,12:00:00 PM,Thursday,Martin grove 7 The westway,Diversion,0,0,B/W,
25-Oct-18,57,12:38:00 PM,Thursday,Midland Ave/South Shields Ave,Investigation,13,26,N/B,8882
25-Oct-18,38,12:50:00 PM,Thursday,MKEL,Mechanical,12,24,E/B,1775
25-Oct-18,89,1:09:00 PM,Thursday,RAY on Weston road,Mechanical,10,20,S/B,1052
25-Oct-18,89,1:11:00 PM,Thursday,Weston and Ray,Mechanical,10,20,S/B,1052
25-Oct-18,171,1:15:00 PM,Thursday,Trethewey / Todd Baylis,Diversion,39,59,S/B,1038
25-Oct-18,71,1:20:00 PM,Thursday,Black Creek and Trethewey,Diversion,23,57,S/B,
25-Oct-18,32,1:20:00 PM,Thursday,Black Creek and Trethewey,Diversion,10,44,E/B,
25-Oct-18,85,1:32:00 PM,Thursday,SHEP,Mechanical,22,44,E/B,1666
25-Oct-18,90,1:36:00 PM,Thursday,St Clair west Station,Mechanical,8,16,N/B,1389
25-Oct-18,14,1:40:00 PM,Thursday,GLEN,Mechanical,27,54,E/B,1009
25-Oct-18,21,1:50:00 PM,Thursday,Eglinton and Brimley,Diversion,20,45,N/B,1656
25-Oct-18,41,2:00:00 PM,Thursday,Eglinton to Sheppard,General Delay,30,39,B/W,
25-Oct-18,89,2:00:00 PM,Thursday,Eglinton to KSTN,General Delay,20,29,B/W,
25-Oct-18,711,2:10:00 PM,Thursday,Wilson garage,Utilized Off Route,1,1,S/B,8326
25-Oct-18,188,2:15:00 PM,Thursday,CSSL,Utilized Off Route,8,16,N/B,7959
25-Oct-18,134,2:22:00 PM,Thursday,CECO,Mechanical,6,13,E/B,9088
25-Oct-18,86,2:26:00 PM,Thursday,Kennedy STN,Mechanical,16,32,E/B,8867
25-Oct-18,39,2:31:00 PM,Thursday,Finch/Kennedy,Investigation,6,20,W/B,1642
25-Oct-18,46,2:36:00 PM,Thursday,Steeles Loop,Late Leaving Garage,11,22,S/B,3314
25-Oct-18,88,2:38:00 PM,Thursday,Thorncliffe Park and Overlea,Mechanical,6,12,S/B,1391
25-Oct-18,56,2:45:00 PM,Thursday,Eglinton stn,Investigation,15,33,E/B,1217
25-Oct-18,84,2:49:00 PM,Thursday,SHEP,Late Leaving Garage,13,24,W/B,3256
25-Oct-18,121,3:00:00 PM,Thursday,PRGT to MLCH,General Delay,10,25,B/W,
25-Oct-18,72,3:00:00 PM,Thursday,Pape and Danforth,General Delay,7,15,,
25-Oct-18,37,3:00:00 PM,Thursday,Islington Station to Steeles and Humberwood Loop,General Delay,15,27,B/W,
25-Oct-18,15,3:00:00 PM,Thursday,Sherway Gardens to Mill Road,General Delay,15,24,B/W,
25-Oct-18,913,3:00:00 PM,Thursday,Express route on progress CECO -STC,General Delay,6,13,B/W,
25-Oct-18,39,3:00:00 PM,Thursday,NERC,Mechanical,14,28,W/B,1638
25-Oct-18,24,3:00:00 PM,Thursday,24 Victoria Park Ave,General Delay,14,1,B/W,
25-Oct-18,134,3:00:00 PM,Thursday,Local route on progress STC-FDFI- CECO,General Delay,16,32,B/W,
25-Oct-18,610,3:03:00 PM,Thursday,Warden and Steeles,Utilized Off Route,1,1,B/W,8781
25-Oct-18,937,3:04:00 PM,Thursday,Islington Station to Steeles,General Delay,15,26,B/W,
25-Oct-18,112,3:05:00 PM,Thursday,Wellesworth Dr,Investigation,20,40,S/B,8078
25-Oct-18,53,3:13:00 PM,Thursday,PAMK,Late Leaving Garage,18,36,W/B,9076
25-Oct-18,16,3:15:00 PM,Thursday,McCowan Road / WAST / STC,General Delay,12,24,B/W,
25-Oct-18,9,3:15:00 PM,Thursday,Bellamy Road / WAST / STC,General Delay,18,36,B/W,
25-Oct-18,111,3:19:00 PM,Thursday,"On The East Mall, at Bloor",Diversion,56,70,S/B,
25-Oct-18,46,3:22:00 PM,Thursday,Kipling Station,Mechanical,11,15,N/B,3232
25-Oct-18,54,3:25:00 PM,Thursday,ESTN,Late Leaving Garage,10,20,E/B,
25-Oct-18,42,3:25:00 PM,Thursday,Cummer and Yonge,Investigation,13,26,E/B,1384
25-Oct-18,53,3:28:00 PM,Thursday,PAMK,Late Leaving Garage,18,34,W/B,9078
25-Oct-18,960,3:29:00 PM,Thursday,Steeles & Alness,Investigation,10,20,E/B,3244
25-Oct-18,53,3:30:00 PM,Thursday,FSTN-PAMK-MOFI,General Delay,15,30,B/W,
25-Oct-18,102,3:30:00 PM,Thursday,markham and lawrance,General Delay,10,20,N/B,
25-Oct-18,939,3:33:00 PM,Thursday,MSNS,Late Leaving Garage,12,24,W/B,1582
25-Oct-18,34,4:00:00 PM,Thursday,Laird to Victoria Park,General Delay,30,35,B/W,
25-Oct-18,32,4:00:00 PM,Thursday,Entire Route,General Delay,15,20,B/W,
25-Oct-18,87,4:00:00 PM,Thursday,MSTN TO BSTN,General Delay,10,16,B/W,
25-Oct-18,22,4:00:00 PM,Thursday,queen and coxwell stn,Mechanical,8,16,N/B,8944
25-Oct-18,100,4:00:00 PM,Thursday,BSTN to DMWF,General Delay,20,26,B/W,
25-Oct-18,44,4:00:00 PM,Thursday,Dundas St W and Aukland,General Delay,15,,S/B,
25-Oct-18,45,4:00:00 PM,Thursday,,General Delay,25,,B/W,
25-Oct-18,54,4:00:00 PM,Thursday,ESTN to STSP,General Delay,18,30,B/W,
25-Oct-18,45,4:02:00 PM,Thursday,Kipling Ave and Steeles Ave,Late Leaving Garage,14,28,S/B,8086
25-Oct-18,935,4:04:00 PM,Thursday,PVST,Mechanical,10,20,S/B,3250
25-Oct-18,35,4:11:00 PM,Thursday,Jane and Wilson,Investigation,10,20,N/B,3185
25-Oct-18,925,4:25:00 PM,Thursday,FMDM,Mechanical,8,16,S/B,8802
25-Oct-18,30,4:30:00 PM,Thursday,Dundas St W btwn Cordova and Runnymede,General Delay,25,,B/W,
25-Oct-18,45,4:40:00 PM,Thursday,Kipling and the Westway,Mechanical,16,27,S/B,7961
25-Oct-18,116,4:40:00 PM,Thursday,Kennedy STN,Utilized Off Route,12,24,E/B,8920
25-Oct-18,28,4:52:00 PM,Thursday,Davisville and Bayview,Diversion,80,100,S/B,8133
25-Oct-18,937,4:52:00 PM,Thursday,"On Islington, at Finch",Investigation,11,22,N/B,8083
25-Oct-18,133,4:54:00 PM,Thursday,STC,Mechanical,8,15,E/B,1665
25-Oct-18,96,4:55:00 PM,Thursday,Wilson Station,Investigation,22,44,W/B,3209
25-Oct-18,63,5:00:00 PM,Thursday,Ossington station,General Delay,188,198,BW,
25-Oct-18,96,5:04:00 PM,Thursday,York Mills Station,Mechanical,22,44,W/B,1318
25-Oct-18,32,5:05:00 PM,Thursday,Eglinton and Kipling,Investigation,8,17,W/B,1345
25-Oct-18,32,5:05:00 PM,Thursday,Eglinton and Kipling,Investigation,9,17,W/B,1618
25-Oct-18,52,5:05:00 PM,Thursday,Lawrence stn,Mechanical,14,21,W/B,8218
25-Oct-18,112,5:25:00 PM,Thursday,Holiday and The West Mall,Investigation,16,32,S/B,8078
25-Oct-18,84,5:31:00 PM,Thursday,Oakdale and Finch,Investigation,26,52,S/B,3228
25-Oct-18,95,5:32:00 PM,Thursday,MKEL,Mechanical,10,20,W/B,1711
25-Oct-18,56,5:35:00 PM,Thursday,Eglinton ave /Banff,Mechanical,10,20,W/B,1288
25-Oct-18,51,5:36:00 PM,Thursday,Freshmeadow and Don Mills,Mechanical,18,36,S/B,8205
25-Oct-18,14,5:45:00 PM,Thursday,Glencairn Station,Mechanical,16,32,E/B,1043
25-Oct-18,23,5:50:00 PM,Thursday,Main Station,Mechanical,7,14,N/B,7824
25-Oct-18,84,6:05:00 PM,Thursday,Sheppard Stn.,Emergency Services,6,19,W/B,3295
25-Oct-18,108,6:06:00 PM,Thursday,Bakersfield and Sheppard Ave.,Diversion,21,31,W/B,3112
25-Oct-18,41,6:07:00 PM,Thursday,Keele and Junction,Investigation,8,16,S/B,9149
25-Oct-18,16,6:11:00 PM,Thursday,WAST,Utilized Off Route,9,18,N/B,7795
25-Oct-18,63,6:12:00 PM,Thursday,Queen and Shaw,Investigation,9,18,NB,8214
25-Oct-18,952,6:19:00 PM,Thursday,Lawrence W stn,Investigation,12,24,W/B,1373
25-Oct-18,607,6:23:00 PM,Thursday,STC,Mechanical,1,1,W/B,1542
25-Oct-18,89,6:45:00 PM,Thursday,KSTN,Utilized Off Route,10,20,N/B,1032
25-Oct-18,36,7:22:00 PM,Thursday,Islington and Finch,Mechanical,6,13,W/B,9116
25-Oct-18,7,7:25:00 PM,Thursday,Greenwin Village,Mechanical,9,18,S/B,9018
25-Oct-18,160,7:36:00 PM,Thursday,Bathurst and Wilson,Investigation,24,46,N/B,1216
25-Oct-18,51,7:52:00 PM,Thursday,Eglinton Station,Investigation,24,48,N/B,8303
25-Oct-18,116,7:56:00 PM,Thursday,Morningside and Sheppard,Utilized Off Route,5,15,S/B,8694
25-Oct-18,63,8:00:00 PM,Thursday,eglinton and oakwood,Diversion,1,1,N/B,8340
25-Oct-18,7,8:00:00 PM,Thursday,Wilson ave,Mechanical,9,19,S/B,9004
25-Oct-18,80,8:04:00 PM,Thursday,Keele Station,Investigation,29,59,W/B,7978
25-Oct-18,54,8:11:00 PM,Thursday,Lawrence and Brimforest,Mechanical,13,26,E/B,8818
25-Oct-18,40,8:18:00 PM,Thursday,Dundas West Station,Utilized Off Route,10,20,N/B,7942
25-Oct-18,53,9:09:00 PM,Thursday,PAMK,Mechanical,4,9,W/B,1799
25-Oct-18,34,9:21:00 PM,Thursday,Linkwood lane/St. Dennis,Emergency Services,13,26,E/B,8923
25-Oct-18,63,10:09:00 PM,Thursday,Queens and Shaw,Diversion,8,16,NB,8216
25-Oct-18,96,10:17:00 PM,Thursday,Highview and Wilson,Investigation,1,1,E/B,3248
25-Oct-18,123,10:30:00 PM,Thursday,Valermo and Browns Line,Diversion,204,216,N/B,
25-Oct-18,602,10:37:00 PM,Thursday,Col Sam Smith Loop,Utilized Off Route,1,1,N/B,7952
25-Oct-18,25,10:45:00 PM,Thursday,PSTN,Utilized Off Route,9,18,B/W,8742
25-Oct-18,601,11:09:00 PM,Thursday,Wilson Station,Utilized Off Route,1,1,SB,8391
25-Oct-18,90,11:48:00 PM,Thursday,Oakwood/Vaughn,Investigation,10,20,N/B,1363
26-Oct-18,102,12:45:00 AM,Friday,warden stn,Mechanical,10,20,S/B,7788
26-Oct-18,32,1:15:00 AM,Friday,Eglinton and Spadina,Utilized Off Route,1,1,W/B,1010
26-Oct-18,113,2:09:00 AM,Friday,Main Station,Emergency Services,1,1,WB,7816
26-Oct-18,102,3:58:00 AM,Friday,Select / Markham,Late Leaving Garage,20,40,S/B,8403
26-Oct-18,102,4:54:00 AM,Friday,Warden Station,Late Leaving Garage,20,40,N/B,8504
26-Oct-18,337,5:04:00 AM,Friday,Lakeshore,Late Leaving Garage,30,60,N/B,8613
26-Oct-18,337,5:11:00 AM,Friday,Islinton at Lakeshore,Late Leaving Garage,30,60,N/B,8613
26-Oct-18,52,5:17:00 AM,Friday,Lwrence West/Yonge,Late Leaving Garage,15,30,W/B,8185
26-Oct-18,86,5:21:00 AM,Friday,Sheppard loop,Late Leaving Garage,1,1,W/B,8843
26-Oct-18,29,5:24:00 AM,Friday,WILS,Late Leaving Garage,8,17,S/B,9044
26-Oct-18,39,5:24:00 AM,Friday,Neilson and Crow Trail,Investigation,10,20,B/W,1777
26-Oct-18,161,5:26:00 AM,Friday,Jane and Alliance,Late Leaving Garage,13,26,E/B,1097
26-Oct-18,86,5:27:00 AM,Friday,Sheppard Loop,Late Leaving Garage,5,1,E/B,8858
26-Oct-18,610,5:30:00 AM,Friday,Parliament & Bloor,Utilized Off Route,1,1,B/W,8831
26-Oct-18,63,5:36:00 AM,Friday,Eglinton West Station,Late Leaving Garage,13,28,S/B,8111
26-Oct-18,52,5:37:00 AM,Friday,Lawrence West Station,Late Leaving Garage,18,36,W/B,1297
26-Oct-18,925,5:38:00 AM,Friday,Eglinton Yard,Late Leaving Garage,1,1,o/b,8838
26-Oct-18,300,5:42:00 AM,Friday,KENN,Late Leaving Garage,33,33,W/B,8418
26-Oct-18,69,5:52:00 AM,Friday,DABR,Late Leaving Garage,18,36,N/B,8955
26-Oct-18,320,5:52:00 AM,Friday,York Mills Stn.,Late Leaving Garage,8,15,S/B,8815
26-Oct-18,53,5:55:00 AM,Friday,MOFI,Late Leaving Garage,5,10,W/B,9063
26-Oct-18,41,5:57:00 AM,Friday,PVST,Late Leaving Garage,11,23,S/B,1132
26-Oct-18,35,5:58:00 AM,Friday,JNST,Late Leaving Garage,4,10,N/B,3256
26-Oct-18,73,6:01:00 AM,Friday,Evens at Royal York,Late Leaving Garage,12,24,S/B,8061
26-Oct-18,129,6:02:00 AM,Friday,MMRC,Late Leaving Garage,27,42,S/B,1611
26-Oct-18,165,6:05:00 AM,Friday,YKMS,Late Leaving Garage,5,10,N/B,1337
26-Oct-18,34,6:08:00 AM,Friday,ESTN,Late Leaving Garage,11,22,E/B,8638
26-Oct-18,94,6:08:00 AM,Friday,CAST STN,Mechanical,13,26,W/B,1502
26-Oct-18,86,6:09:00 AM,Friday,Meadowvale and 401,Investigation,9,15,W/B,8843
26-Oct-18,63,6:10:00 AM,Friday,Eglinton W Stn,Late Leaving Garage,5,13,,8195
26-Oct-18,165,6:10:00 AM,Friday,FWES,Late Leaving Garage,5,10,N/B,1320
26-Oct-18,72,6:11:00 AM,Friday,Pape stn,Late Leaving Garage,16,31,S/B,7842
26-Oct-18,81,6:13:00 AM,Friday,Thorncliffe Park,Late Leaving Garage,5,9,S/B,8476
26-Oct-18,63,6:15:00 AM,Friday,Eglinton W Stn,Late Leaving Garage,5,10,,8199
26-Oct-18,82,6:15:00 AM,Friday,Rosedale Station,Late Leaving Garage,25,25,E/B,8315
26-Oct-18,186,6:18:00 AM,Friday,Finch & Jayzel,Investigation,10,20,E/B,3200
26-Oct-18,32,6:24:00 AM,Friday,Mount Dennis to Renforth Station,Mechanical,6,12,E/B,1359
26-Oct-18,60,6:31:00 AM,Friday,PVST,Mechanical,7,14,W/B,3226
26-Oct-18,63,6:40:00 AM,Friday,Eglinton W Stn,Late Leaving Garage,1,4,,8213
26-Oct-18,63,6:40:00 AM,Friday,Ossington and Davenport,Mechanical,5,19,,8204
26-Oct-18,125,6:45:00 AM,Friday,Finch Station,Late Leaving Garage,6,12,W/B,1223
26-Oct-18,52,6:45:00 AM,Friday,Lawrence Station,Late Leaving Garage,8,16,W/B,8138
26-Oct-18,985,6:45:00 AM,Friday,DON MILLS,Late Leaving Garage,4,9,E/B,9074
26-Oct-18,53,6:46:00 AM,Friday,PAMK,Late Leaving Garage,5,9,W/B,1565
26-Oct-18,989,6:53:00 AM,Friday,KSTN,Mechanical,12,24,N/B,1066
26-Oct-18,41,6:54:00 AM,Friday,PVST,Mechanical,11,23,S/B,9102
26-Oct-18,73,6:55:00 AM,Friday,Royal York and Eglinton,Investigation,14,14,N/B,7920
26-Oct-18,95,7:00:00 AM,Friday,KNRD to YKMS,General Delay,10,20,W/B,
26-Oct-18,49,7:00:00 AM,Friday,Markland to Auckland,General Delay,1,1,B/W,7918
26-Oct-18,54,7:00:00 AM,Friday,54 Lawrence East route,General Delay,5,10,B/W,
26-Oct-18,7,7:02:00 AM,Friday,Bathurst st at Wilson Ave,Late Leaving Garage,7,19,S/B,9005
26-Oct-18,89,7:10:00 AM,Friday,Keele Station,Mechanical,6,12,N/B,1034
26-Oct-18,95,7:11:00 AM,Friday,ELRT,Late Leaving Garage,7,14,W/B,1596
26-Oct-18,188,7:12:00 AM,Friday,Kipling and Evans,Investigation,8,16,N/B,7921
26-Oct-18,75,7:13:00 AM,Friday,Bloor St and Sherbourne,Late Leaving Garage,5,9,S/B,8112
26-Oct-18,57,7:14:00 AM,Friday,North Service Rd and Eglinton,Investigation,9,17,E/B,8764
26-Oct-18,122,7:30:00 AM,Friday,York Mills Stn to Roy wood /Fenside,General Delay,12,20,B/W,
26-Oct-18,6,7:31:00 AM,Friday,SHQQ,Late Leaving Garage,5,10,N/B,1035
26-Oct-18,96,7:33:00 AM,Friday,YKMS,Late Leaving Garage,19,38,W/B,3273
26-Oct-18,45,7:45:00 AM,Friday,Steeles Loop,Mechanical,22,44,N/B,7906
26-Oct-18,90,7:45:00 AM,Friday,St Clair West Station to Oakwood/ Vaughan Rd,General Delay,12,16,B/W,
26-Oct-18,84,8:00:00 AM,Friday,Sheppard West,General Delay,7,25,B/W,
26-Oct-18,935,8:00:00 AM,Friday,Jane Express,General Delay,8,24,B/W,
26-Oct-18,30,8:00:00 AM,Friday,Kipling Station,General Delay,1,1,B/W,8090
26-Oct-18,35,8:15:00 AM,Friday,35 Jane Route,General Delay,7,20,B/W,
26-Oct-18,984,8:15:00 AM,Friday,Sheppard west express,General Delay,10,25,B/W,
26-Oct-18,53,8:30:00 AM,Friday,Leslie and Steeles,Diversion,15,28,E/B,1534
26-Oct-18,96,8:30:00 AM,Friday,Wilson & Bathurst,Investigation,10,19,E/B,3198
26-Oct-18,127,8:45:00 AM,Friday,TWLP,Mechanical,17,34,W/B,1065
26-Oct-18,32,8:47:00 AM,Friday,Pine and Lawrence,Utilized Off Route,6,12,E/B,1412
26-Oct-18,52,8:51:00 AM,Friday,Lawrence Av. W / Apex,Investigation,15,30,W/B,8146
26-Oct-18,90,8:55:00 AM,Friday,Vaughan Rd and St Clair,Investigation,4,8,S/B,8133
26-Oct-18,100,9:00:00 AM,Friday,100 Flemingdon Pk route,General Delay,15,30,B/W,
26-Oct-18,34,9:00:00 AM,Friday,34 Eglinton East route,General Delay,20,40,B/W,
26-Oct-18,53,9:19:00 AM,Friday,Finch and Dudley,Investigation,27,52,W/B,1663
26-Oct-18,52,9:30:00 AM,Friday,Brampton Rd. / The Westway,Diversion,420,433,W/B,1228
26-Oct-18,161,9:56:00 AM,Friday,Earlsdale and Oakwood,Mechanical,17,35,N/B,1135
26-Oct-18,32,9:59:00 AM,Friday,Weston and Eglinton,Mechanical,5,10,W/B,1053
26-Oct-18,134,10:16:00 AM,Friday,STC,Mechanical,17,34,E/B,9091
26-Oct-18,100,10:21:00 AM,Friday,Vendome & Grenoble,Mechanical,5,11,E/B,8862
26-Oct-18,35,10:30:00 AM,Friday,Jane station,Mechanical,7,14,N/B,3234
26-Oct-18,31,10:36:00 AM,Friday,Jones Avenue / DSTN,Mechanical,0,0,S/B,8964
26-Oct-18,38,10:56:00 AM,Friday,Military Trail and Ellesmere,Mechanical,12,25,N/B,1783
26-Oct-18,34,10:57:00 AM,Friday,Kennedy station,Mechanical,8,15,W/B,8776
26-Oct-18,711,11:33:00 AM,Friday,Eglinton Stn,Utilized Off Route,1,1,,8105
26-Oct-18,711,11:42:00 AM,Friday,Eglinton Station,Utilized Off Route,1,1,N/B,8325
26-Oct-18,62,11:54:00 AM,Friday,Main Station,Mechanical,22,44,W/B,8474
26-Oct-18,36,12:01:00 PM,Friday,Finch wesdt stn,Mechanical,5,10,N/B,9127
26-Oct-18,24,12:09:00 PM,Friday,Eglinton / Victoria Park,Investigation,30,60,N/B,9235
26-Oct-18,606,12:10:00 PM,Friday,BRGA,Utilized Off Route,1,1,N/B,8423
26-Oct-18,79,12:11:00 PM,Friday,PINE,Mechanical,24,48,N/B,1094
26-Oct-18,86,12:13:00 PM,Friday,Eglinton and Kingston,Investigation,10,20,W/B,8930
26-Oct-18,192,12:26:00 PM,Friday,Highway 427,Diversion,10,20,N/B,8000
26-Oct-18,42,12:52:00 PM,Friday,Midland and McNicol,Investigation,12,24,W/B,8167
26-Oct-18,121,1:25:00 PM,Friday,Blue Jays Way and Navy Wharft crt,Diversion,15,30,B/W,8459
26-Oct-18,66,1:26:00 PM,Friday,Old Mill Station,Mechanical,20,40,S/B,8039
26-Oct-18,60,1:36:00 PM,Friday,Homewood & Yonge,Investigation,8,15,S/B,3230
26-Oct-18,121,1:50:00 PM,Friday,Along route,General Delay,15,30,B/W,
26-Oct-18,985,2:00:00 PM,Friday,STC TO DONMILLS,General Delay,12,24,B/W,
26-Oct-18,107,2:11:00 PM,Friday,Finch and Keele,Mechanical,30,60,E/B,3110
26-Oct-18,53,2:30:00 PM,Friday,FSTN,Mechanical,25,50,E/B,1799
26-Oct-18,134,2:30:00 PM,Friday,PROGRESS ROUTE,General Delay,16,32,B/W,
26-Oct-18,88,2:38:00 PM,Friday,Thorncliffe Park and Overlea,Late Leaving Garage,6,12,S/B,8340
26-Oct-18,53,2:40:00 PM,Friday,FSTN,Utilized Off Route,5,10,E/B,1526
26-Oct-18,32,2:49:00 PM,Friday,Eglinton stn,Late Leaving Garage,8,17,W/B,1562
26-Oct-18,937,3:00:00 PM,Friday,Isllington Station to Steeles,General Delay,15,26,B/W,
26-Oct-18,32,3:00:00 PM,Friday,Entire Route,General Delay,25,30,B/W,
26-Oct-18,73,3:00:00 PM,Friday,Lakeshore and Mimico to Claireport,General Delay,20,30,B/W,
26-Oct-18,37,3:00:00 PM,Friday,Islington Station to Steeles and Humberwood Loop,General Delay,15,27,B/W,
26-Oct-18,80,3:00:00 PM,Friday,Keele Station to Sherway Gardens,General Delay,15,39,B/W,
26-Oct-18,913,3:00:00 PM,Friday,Express route on Progress CECO to STC,General Delay,6,13,B/W,
26-Oct-18,15,3:00:00 PM,Friday,Sherway Gardens to Mill Road Loop,General Delay,15,24,B/W,
26-Oct-18,121,3:12:00 PM,Friday,Mill and Cherry,Late Leaving Garage,15,30,W/B,7868
26-Oct-18,92,3:14:00 PM,Friday,Woodbine STN,Late Leaving Garage,9,18,S/B,7805
26-Oct-18,929,3:22:00 PM,Friday,Dufferin and Bloor,Investigation,10,20,S/B,9023
26-Oct-18,113,3:25:00 PM,Friday,Main Station,Late Leaving Garage,11,22,E/B,7868
26-Oct-18,54,3:25:00 PM,Friday,ESTN,Late Leaving Garage,10,20,E/B,8873
26-Oct-18,924,3:27:00 PM,Friday,Victoria Park Staiton,Late Leaving Garage,9,18,N/B,7876
26-Oct-18,96,3:29:00 PM,Friday,Wilson Station,Mechanical,22,44,W/B,3212
26-Oct-18,14,3:30:00 PM,Friday,Chaplin / Roselawn,Investigation,16,32,N/B,1016
26-Oct-18,17,3:30:00 PM,Friday,Birchmount Road / WAST,General Delay,8,16,B/W,
26-Oct-18,17,3:35:00 PM,Friday,Sheppard and Birchmount,Investigation,32,64,N/B,8936
26-Oct-18,35,3:35:00 PM,Friday,Wilson and Jane,Investigation,5,10,N/B,3243
26-Oct-18,17,3:38:00 PM,Friday,Birchmount Road / WAST,Late Leaving Garage,32,64,N/B,7575
26-Oct-18,16,3:44:00 PM,Friday,McCowan Road / STC / WAST,Late Leaving Garage,8,16,S/B,
26-Oct-18,17,4:00:00 PM,Friday,"Birchmount, WAST to WLAS",General Delay,24,32,B/W,
26-Oct-18,167,4:00:00 PM,Friday,167 Pharmacy North,General Delay,14,1,B/W,
26-Oct-18,45,4:00:00 PM,Friday,Kipling And Rexdale to Albion,General Delay,25,,B/W,
26-Oct-18,121,4:00:00 PM,Friday,MLCH,Late Leaving Garage,9,24,W/B,7818
26-Oct-18,41,4:00:00 PM,Friday,Entire Route,General Delay,15,25,B/W,
26-Oct-18,89,4:00:00 PM,Friday,Entire Route,General Delay,15,21,B/W,
26-Oct-18,989,4:00:00 PM,Friday,Entire Route,General Delay,15,25,B/W,
26-Oct-18,72,4:00:00 PM,Friday,front and Bay,General Delay,10,20,,
26-Oct-18,16,4:00:00 PM,Friday,WAST to STC,General Delay,27,36,B/W,
26-Oct-18,23,4:00:00 PM,Friday,Main Station,General Delay,8,14,B/W,
26-Oct-18,12,4:00:00 PM,Friday,12 Kingston Road,General Delay,10,1,B/W,
26-Oct-18,54,4:00:00 PM,Friday,ESTN to STSP and LSGR,General Delay,18,28,B/W,
26-Oct-18,24,4:00:00 PM,Friday,24 Victoria Park Ave,General Delay,14,1,B/W,
26-Oct-18,102,4:00:00 PM,Friday,lawrance  to shappard,General Delay,7,14,,
26-Oct-18,9,4:00:00 PM,Friday,WAST to STC,General Delay,32,48,B/W,
26-Oct-18,937,4:10:00 PM,Friday,Islington Station,Mechanical,11,22,N/B,8039
26-Oct-18,905,4:23:00 PM,Friday,Kennedy STN,Emergency Services,9,18,E/B,8868
26-Oct-18,65,4:30:00 PM,Friday,"Parliament, CAST to BKFR",General Delay,22,33,B/W,
26-Oct-18,188,4:36:00 PM,Friday,Col Sam Smith Loop,Investigation,9,18,N/B,7921
26-Oct-18,116,4:38:00 PM,Friday,Eglinton and Kingston RD,Utilized Off Route,12,24,E/B,8869
26-Oct-18,43,4:43:00 PM,Friday,KENNEDY AND TREVERTON,Mechanical,9,18,N/B,8658
26-Oct-18,113,4:43:00 PM,Friday,Main Station,Mechanical,13,26,E/B,7868
26-Oct-18,30,5:00:00 PM,Friday,Dundas St W from Islington to Runnymede,General Delay,20,,B/W,
26-Oct-18,21,5:03:00 PM,Friday,Steeles/Mccowan,Mechanical,9,18,S/B,1630
26-Oct-18,102,5:05:00 PM,Friday,warden stn,Mechanical,20,40,,8957
26-Oct-18,925,5:07:00 PM,Friday,Thorncliffe and Overlea,Mechanical,8,16,N/B,8838
26-Oct-18,609,5:19:00 PM,Friday,St Clair and Gunns RD,Investigation,1,1,W/B,1145
26-Oct-18,130,5:22:00 PM,Friday,STC to MDSL to STC,Mechanical,16,32,bw,1665
26-Oct-18,42,5:30:00 PM,Friday,Finch Station,Mechanical,13,6,E/B,1375
26-Oct-18,9,5:35:00 PM,Friday,Martindale and McCowan,Mechanical,16,32,N/B,7763
26-Oct-18,44,5:57:00 PM,Friday,North Queen and Kipling Ave,Mechanical,5,10,N/B,8069
26-Oct-18,36,5:58:00 PM,Friday,Finch and Sentinel,Investigation,6,13,S/B,9105
26-Oct-18,39,5:59:00 PM,Friday,Finch/Victoria Park,Diversion,19,33,W/B,1685
26-Oct-18,102,6:00:00 PM,Friday,warden stn,Mechanical,20,40,,8438
26-Oct-18,84,6:06:00 PM,Friday,Sheppard and Bakersfiefd,Diversion,21,31,W/B,3126
26-Oct-18,60,6:14:00 PM,Friday,Rossdean and Steeles,Investigation,8,16,E/B,8566
26-Oct-18,606,6:15:00 PM,Friday,BRGA,Utilized Off Route,1,1,N/B,9217
26-Oct-18,121,6:31:00 PM,Friday,Yonge and Front St,Investigation,15,30,W/B,8459
26-Oct-18,52,6:35:00 PM,Friday,Lawrence W stn,Mechanical,14,27,E/B,8138
26-Oct-18,7,6:39:00 PM,Friday,Steeles,Mechanical,9,18,S/B,9006
26-Oct-18,60,6:42:00 PM,Friday,Keele and Steeles,Mechanical,8,16,E/B,3196
26-Oct-18,192,7:08:00 PM,Friday,Kipling Station,Utilized Off Route,8,16,N/B,8001
26-Oct-18,54,8:31:00 PM,Friday,RT,Mechanical,13,26,W/B,8911
26-Oct-18,52,8:34:00 PM,Friday,Lawrence W stn,Mechanical,11,23,E/B,1392
26-Oct-18,80,8:45:00 PM,Friday,"On The Queensway, at Ellis",Diversion,2,4,B/W,
26-Oct-18,32,9:00:00 PM,Friday,Bathurst and Eglinton,Diversion,305,310,B/W,
26-Oct-18,75,9:07:00 PM,Friday,Jarvis and Queens Quay,Mechanical,13,26,N/B,8348
26-Oct-18,85,11:05:00 PM,Friday,RHGO,Mechanical,16,32,E/B,1564
26-Oct-18,11,11:09:00 PM,Friday,Bayview and Bob Rumble,Mechanical,30,60,NB,8339
26-Oct-18,33,11:40:00 PM,Friday,St Clair West station,Investigation,30,60,NB,8135
26-Oct-18,63,11:55:00 PM,Friday,St Clair and Oakwood,Utilized Off Route,10,20,SB,8117
27-Oct-18,12,12:18:00 AM,Saturday,KENN,Emergency Services,22,44,S/B,8964
27-Oct-18,165,12:32:00 AM,Saturday,Coral Gable and Weston Rd,Mechanical,14,28,N/B,1377
27-Oct-18,89,12:50:00 AM,Saturday,KSTN,Mechanical,10,20,N/B,1618
27-Oct-18,95,1:14:00 AM,Saturday,Kennedy and Ellesmere Rd,Utilized Off Route,10,20,W/B,1713
27-Oct-18,73,1:18:00 AM,Saturday,Silverstone and Albion,Diversion,20,27,N/B,
27-Oct-18,38,1:22:00 AM,Saturday,Scarborough Town Centre,Utilized Off Route,13,26,E/B,1306
27-Oct-18,63,1:28:00 AM,Saturday,Eglinton West Station,Utilized Off Route,10,20,SB,8195
27-Oct-18,52,1:40:00 AM,Saturday,Weston and Lawrence,Investigation,18,36,WB,8211
27-Oct-18,85,2:10:00 AM,Saturday,Don Mills Station,Utilized Off Route,19,39,E/B,1520
27-Oct-18,320,2:17:00 AM,Saturday,Yorkmills and Yonge,Mechanical,5,10,N/B,8316
27-Oct-18,320,2:21:00 AM,Saturday,Steeles Loop,Utilized Off Route,3,6,S/B,8203
27-Oct-18,39,2:38:00 AM,Saturday,Baldoon Rd and Finch Ave,Utilized Off Route,1,1,WB,1748
27-Oct-18,300,2:42:00 AM,Saturday,Bathurst Station,Mechanical,20,40,E/B,1305
27-Oct-18,300,2:50:00 AM,Saturday,Danforth and Brimley Rd,Mechanical,20,40,E/B,7927
27-Oct-18,320,3:22:00 AM,Saturday,Yonge and Queens Quay,Late Leaving Garage,5,10,N/B,8186
27-Oct-18,365,3:26:00 AM,Saturday,Dundas and Parliament Street,Investigation,30,30,S/B,7869
27-Oct-18,7,4:00:00 AM,Saturday,Eglinton and Bathurst,Diversion,1,1,B/W,
27-Oct-18,29,5:00:00 AM,Saturday,Dufferin ( Billy Bishop to Wilson),Diversion,93,98,B/W,9149
27-Oct-18,601,5:23:00 AM,Saturday,Wilson Division,Utilized Off Route,0,0,S/B,8383
27-Oct-18,29,5:25:00 AM,Saturday,WILS STN,Utilized Off Route,3,6,S/B,9102
27-Oct-18,39,5:28:00 AM,Saturday,Finch Ave East at Baldoon Rd,Late Leaving Garage,15,30,E/B,1583
27-Oct-18,702,5:30:00 AM,Saturday,QWGA,Utilized Off Route,1,1,S/B,8050
27-Oct-18,706,5:30:00 AM,Saturday,warden station,Utilized Off Route,1,1,B/W,8426
27-Oct-18,52,5:36:00 AM,Saturday,Lawrence and Yonge,Late Leaving Garage,8,18,W/B,1368
27-Oct-18,710,5:43:00 AM,Saturday,Eglinton Garage,Utilized Off Route,1,1,W/B,8903
27-Oct-18,101,5:49:00 AM,Saturday,PVST,Late Leaving Garage,13,26,,8173
27-Oct-18,90,5:50:00 AM,Saturday,St Clair W Station,Late Leaving Garage,12,24,N/B,1376
27-Oct-18,24,5:50:00 AM,Saturday,Bingham Loop,Late Leaving Garage,16,32,N/B,7719
27-Oct-18,129,6:00:00 AM,Saturday,Scarborough Town Center,Late Leaving Garage,28,1,N/B,1659
27-Oct-18,162,6:01:00 AM,Saturday,Sonway and Lawrence,Late Leaving Garage,30,60,W/B,1216
27-Oct-18,106,6:02:00 AM,Saturday,Pioneer Village Station,Late Leaving Garage,13,26,S/B,8156
27-Oct-18,109,6:06:00 AM,Saturday,Lawrence W Station,Late Leaving Garage,20,40,N/B,8123
27-Oct-18,85,6:10:00 AM,Saturday,Rouge Hill GO,Late Leaving Garage,23,46,B/W,1702
27-Oct-18,169,6:15:00 AM,Saturday,Donmills Stn,Late Leaving Garage,30,60,,8182
27-Oct-18,43,6:28:00 AM,Saturday,Kennedy Stn,Late Leaving Garage,10,20,N/B,8694
27-Oct-18,162,6:56:00 AM,Saturday,Donway wst and Eglinton,Late Leaving Garage,30,30,,1216
27-Oct-18,75,7:44:00 AM,Saturday,Sherbourne and Wellesley,Emergency Services,1,1,S/B,8138
27-Oct-18,68,8:00:00 AM,Saturday,Warden/Gibson,Diversion,29,62,S/B,8855
27-Oct-18,939,8:28:00 AM,Saturday,Scarborough Town Center,Late Leaving Garage,14,39,W/B,
27-Oct-18,42,8:30:00 AM,Saturday,Bayview/Cummer,Investigation,20,40,w/b,1315
27-Oct-18,129,8:41:00 AM,Saturday,Scarborough Town Center,Mechanical,6,13,N/B,1664
27-Oct-18,939,8:41:00 AM,Saturday,Finch West station,Late Leaving Garage,14,28,E/B,1807
27-Oct-18,51,8:58:00 AM,Saturday,Eglinton Stn,Late Leaving Garage,24,48,,8136
27-Oct-18,22,8:59:00 AM,Saturday,Coxwell Station,Late Leaving Garage,9,18,S/B,8963
27-Oct-18,122,9:20:00 AM,Saturday,Duncan Mills/Valley Brook Dr.,Diversion,400,430,B/W,8174
27-Oct-18,49,9:20:00 AM,Saturday,Mill RD loop,Mechanical,20,40,E/B,8071
27-Oct-18,45,9:24:00 AM,Saturday,Kipling STN,Mechanical,10,20,N/B,8027
27-Oct-18,53,9:29:00 AM,Saturday,Steele Ave East at McCowan rd,Mechanical,18,27,W/B,1812
27-Oct-18,54,9:42:00 AM,Saturday,Eglinton/Banff Rd.,Mechanical,13,27,W/B,8668
27-Oct-18,130,9:45:00 AM,Saturday,Scarborough Town center,Mechanical,30,60,N/B,1666
27-Oct-18,97,9:45:00 AM,Saturday,Davisville Stn,Late Leaving Garage,30,58,,8390
27-Oct-18,29,9:50:00 AM,Saturday,Lawrence / Apex,Mechanical,5,9,S/B,9045
27-Oct-18,89,9:55:00 AM,Saturday,Weston / Albion,Mechanical,10,20,S/B,1029
27-Oct-18,43,9:58:00 AM,Saturday,Kennedy Stn,Late Leaving Garage,10,20,N/B,8638
27-Oct-18,68,10:00:00 AM,Saturday,Entire Warden Ave Route,General Delay,15,30,B/W,8773
27-Oct-18,192,10:02:00 AM,Saturday,Kipling stn,Utilized Off Route,8,16,N/B,8011
27-Oct-18,102,10:05:00 AM,Saturday,Blakemanor and markham road,Mechanical,10,20,S/B,8439
27-Oct-18,89,10:15:00 AM,Saturday,Keele stn,Mechanical,10,20,N/B,1066
27-Oct-18,131,10:31:00 AM,Saturday,Morningside and staines,Mechanical,18,36,B/W,1284
27-Oct-18,41,10:32:00 AM,Saturday,Mount Dennis to Keele Station,Late Leaving Garage,10,20,N/B,1068
27-Oct-18,83,11:00:00 AM,Saturday,Donlads to Leslie Barnes,Utilized Off Route,1,1,S/B,8948
27-Oct-18,100,11:00:00 AM,Saturday,Broadview STN + Don Mills and Wynford,General Delay,17,22,B/W,
27-Oct-18,34,11:00:00 AM,Saturday,Eglinton & Kennedy STN's + Grenoble and Spanbridge,General Delay,25,30,B/W,
27-Oct-18,985,11:00:00 AM,Saturday,STC to DONS,General Delay,14,30,B/W,
27-Oct-18,32,11:03:00 AM,Saturday,Pine,Mechanical,10,20,E/B,1069
27-Oct-18,129,11:14:00 AM,Saturday,Steeles Loop,Mechanical,6,13,S/B,1604
27-Oct-18,29,11:15:00 AM,Saturday,Dufferin /Lawrence,Mechanical,5,9,S/B,9149
27-Oct-18,54,11:38:00 AM,Saturday,Eglinton/Bruce Park,Investigation,13,27,W/B,8682
27-Oct-18,60,11:38:00 AM,Saturday,Yonge and Athabaska,Investigation,11,22,,3213
27-Oct-18,168,12:00:00 PM,Saturday,AVON LOOP,Mechanical,8,16,S/B,1000
27-Oct-18,29,12:00:00 PM,Saturday,Entire Route,General Delay,20,40,BW,
27-Oct-18,94,12:09:00 PM,Saturday,OSSTN,Utilized Off Route,9,18,E/B,1423
27-Oct-18,126,12:15:00 PM,Saturday,Christie to St Clair,General Delay,30,30,N/B,1356
27-Oct-18,39,12:48:00 PM,Saturday,Victoria Park and Finch,Investigation,12,24,B/W,1725
27-Oct-18,42,12:52:00 PM,Saturday,Finch Station,Late Leaving Garage,13,26,E/B,1237
27-Oct-18,53,12:55:00 PM,Saturday,PAMK,Mechanical,10,18,N/B,1541
27-Oct-18,22,1:14:00 PM,Saturday,coxwell station,Utilized Off Route,8,16,N/B,7762
27-Oct-18,40,1:31:00 PM,Saturday,Dundas And Quebec ave.,Investigation,10,20,E/B,8053
27-Oct-18,25,1:31:00 PM,Saturday,Don Mills and Wynford,Investigation,9,17,N/B,8863
27-Oct-18,53,1:31:00 PM,Saturday,Markham and Passmore,Mechanical,6,12,B/W,1540
27-Oct-18,40,1:46:00 PM,Saturday,Annette and Dupont,Diversion,10,20,B/W,7938
27-Oct-18,706,1:51:00 PM,Saturday,Main station,Utilized Off Route,1,1,B/W,8440
27-Oct-18,168,1:59:00 PM,Saturday,Avon Loop,Mechanical,8,16,S/B,1022
27-Oct-18,85,2:12:00 PM,Saturday,BZO,Mechanical,10,15,W/B,1526
27-Oct-18,35,2:12:00 PM,Saturday,Jane Stn,Utilized Off Route,8,15,N/B,3233
27-Oct-18,90,2:13:00 PM,Saturday,St.Clair West station,Mechanical,8,16,N/B,1346
27-Oct-18,52,2:14:00 PM,Saturday,Jane / Lawrence,Investigation,17,34,W/B,1395
27-Oct-18,43,2:18:00 PM,Saturday,Steeles/Redlea Aven,Diversion,120,130,N/B,8912
27-Oct-18,86,2:20:00 PM,Saturday,Eglinton & Mason,Mechanical,7,14,E/B,8813
27-Oct-18,53,2:20:00 PM,Saturday,Steels East at Milliken Railway Crossing.,Diversion,110,134,B/W,
27-Oct-18,35,2:50:00 PM,Saturday,Pioneer Village Stn,Mechanical,10,20,N/B,3128
27-Oct-18,65,2:58:00 PM,Saturday,The Esplande,Investigation,16,30,S/B,8450
27-Oct-18,54,3:00:00 PM,Saturday,54 Lawrence Easr route,General Delay,5,10,B/W,
27-Oct-18,68,3:00:00 PM,Saturday,68 Warden route,General Delay,5,10,B/W,
27-Oct-18,43,3:00:00 PM,Saturday,43 Kennedy route,General Delay,5,10,B/W,
27-Oct-18,117,3:14:00 PM,Saturday,Sheppard West Station,Mechanical,14,26,W/B,8376
27-Oct-18,60,3:32:00 PM,Saturday,Finch Station to all branches,General Delay,24,34,B/W,
27-Oct-18,85,3:58:00 PM,Saturday,Harrisfram Gt and Sheppard,Investigation,10,15,W/B,1332
27-Oct-18,96,4:00:00 PM,Saturday,York Mills Station to all branches,General Delay,30,45,B/W,
27-Oct-18,117,4:23:00 PM,Saturday,Sheppard West Station,Mechanical,12,24,NB,8376
27-Oct-18,7,4:24:00 PM,Saturday,Baycrest,Mechanical,8,16,S/B,9017
27-Oct-18,52,4:30:00 PM,Saturday,Dixon/St Phillips,Mechanical,17,34,E/B,8159
27-Oct-18,80,5:00:00 PM,Saturday,Keele Station to Sherway Gardens,General Delay,15,39,B/W,
27-Oct-18,63,5:00:00 PM,Saturday,Eglinton West Station,General Delay,308,316,BW,
27-Oct-18,25,5:08:00 PM,Saturday,Don Mills and Eglinton,General Delay,20,29,B/W,
27-Oct-18,925,5:13:00 PM,Saturday,Don Mills and Eglinton,General Delay,25,35,B/W,
27-Oct-18,165,6:00:00 PM,Saturday,York Mills Station to Barmac and Steeles,General Delay,22,30,B/W,
27-Oct-18,935,6:06:00 PM,Saturday,Pioneer Village Station,Investigation,10,20,S/B,3275
27-Oct-18,133,6:15:00 PM,Saturday,Ellesmere and Parkington,Mechanical,9,18,E/B,1678
27-Oct-18,935,6:28:00 PM,Saturday,Jane and Shoreham,Mechanical,10,20,N/B,3303
27-Oct-18,32,6:43:00 PM,Saturday,Eglinton Stn,Investigation,5,10,W/B,1536
27-Oct-18,52,6:46:00 PM,Saturday,Lawrence W stn,Mechanical,7,17,W/B,1293
27-Oct-18,133,7:15:00 PM,Saturday,Neilson and McLevin,Diversion,10,20,S/B,1704
27-Oct-18,63,7:26:00 PM,Saturday,Jesmond and Oakwood,Investigation,8,16,NB,8111
27-Oct-18,602,7:28:00 PM,Saturday,Yonge & Eglinton,Investigation,1,1,S/B,7927
27-Oct-18,111,7:30:00 PM,Saturday,Kipling Station to Willowridge,General Delay,15,35,B/W,
27-Oct-18,807,9:15:00 PM,Saturday,Yonge & St Clair,Mechanical,1,1,N/B,8093
27-Oct-18,95,9:22:00 PM,Saturday,Ellesmere Cul-De-Sac Kingston Loop,Emergency Services,10,27,W/B,1638
27-Oct-18,24,9:30:00 PM,Saturday,ST Clair and Victoria Park,Mechanical,10,20,N/B,8955
27-Oct-18,29,9:37:00 PM,Saturday,Dufferin and Bloor,General Delay,8,16,N/B,9034
27-Oct-18,52,9:39:00 PM,Saturday,Lawrence W and Culford,Investigation,20,40,E/B,8180
27-Oct-18,35,10:05:00 PM,Saturday,Jane Station,Mechanical,10,20,N/B,3277
27-Oct-18,807,10:27:00 PM,Saturday,Yonge & Eglinton,Investigation,1,1,N/B,9225
27-Oct-18,807,10:35:00 PM,Saturday,Yonge & Eglinton,Investigation,1,1,N/B,1148
27-Oct-18,63,11:20:00 PM,Saturday,Eglinton West Station,Mechanical,10,20,SB,8208
27-Oct-18,106,11:54:00 PM,Saturday,Sheppard West Station,Mechanical,18,36,WB,1321
28-Oct-18,55,12:16:00 AM,Sunday,Jane Station,Investigation,30,60,N/B,1357
28-Oct-18,20,12:19:00 AM,Sunday,Dawes and Danforth,Diversion,64,124,E/B,8441
28-Oct-18,23,12:19:00 AM,Sunday,Dawes and Danforth,Diversion,64,124,E/B,8954
28-Oct-18,113,12:19:00 AM,Sunday,Dawes and Danforth,Diversion,64,124,E/B,8455
28-Oct-18,32,1:08:00 AM,Sunday,Emmett and Verona,Utilized Off Route,22,54,E/B,1625
28-Oct-18,97,1:10:00 AM,Sunday,Finch Station,Investigation,30,60,NB,1253
28-Oct-18,329,1:32:00 AM,Sunday,Dufferin and Steeles,General Delay,30,60,S/B,
28-Oct-18,320,1:35:00 AM,Sunday,Yonge and Steeles,General Delay,4,8,S/B,
28-Oct-18,320,2:56:00 AM,Sunday,Kempford/Yonge,Diversion,1,1,S/B,8307
28-Oct-18,307,3:03:00 AM,Sunday,Dundas and Bathurst,General Delay,20,40,S/B,9016
28-Oct-18,320,3:09:00 AM,Sunday,Steeles and Yonge,Mechanical,4,8,S/B,1390
28-Oct-18,352,3:09:00 AM,Sunday,Lawrence/Yonge,Mechanical,30,60,E/B,8151
28-Oct-18,339,3:20:00 AM,Sunday,Finch Ave and Finchdene Square,Emergency Services,30,60,W/B,1748
28-Oct-18,7,3:47:00 AM,Sunday,Queens Quay and Yonge,Late Leaving Garage,30,60,N/B,9012
28-Oct-18,353,3:55:00 AM,Sunday,Newgale Gate and Tapscott Rd,Emergency Services,1,1,W/B,1778
28-Oct-18,354,4:18:00 AM,Sunday,Kingston Rd and Lawrence Ave,Mechanical,60,90,W/B,8916
28-Oct-18,39,5:00:00 AM,Sunday,Neilson and Crow Trail,Diversion,19,38,B/W,1501
28-Oct-18,300,5:26:00 AM,Sunday,Bloor and Runnymede,Diversion,1,1,B/W,8676
28-Oct-18,300,5:38:00 AM,Sunday,Bloor and Auckland,Mechanical,9,18,E/B,7959
28-Oct-18,320,5:47:00 AM,Sunday,Yonge and Ellerslie,Investigation,5,10,,9025
28-Oct-18,37,6:02:00 AM,Sunday,Humberwood Loop,Late Leaving Garage,15,1,S/B,8022
28-Oct-18,36,6:15:00 AM,Sunday,Finch Stn,Mechanical,4,8,,9108
28-Oct-18,32,6:21:00 AM,Sunday,Keele and Eglinton,Mechanical,10,20,W/B,1066
28-Oct-18,7,6:35:00 AM,Sunday,wilson garage,Mechanical,10,20,,9011
28-Oct-18,107,6:39:00 AM,Sunday,Sheppard W Stn,Mechanical,23,48,,1343
28-Oct-18,706,7:00:00 AM,Sunday,Main Station,Utilized Off Route,1,1,B/W,8439
28-Oct-18,320,7:10:00 AM,Sunday,Lawrence and Yonge,Mechanical,1,1,S/B,8109
28-Oct-18,102,7:12:00 AM,Sunday,Warden Station,Late Leaving Garage,20,40,E/B,8462
28-Oct-18,26,7:15:00 AM,Sunday,JNST,Late Leaving Garage,20,40,W/B,
28-Oct-18,32,7:26:00 AM,Sunday,REGW,Mechanical,15,30,E/B,1325
28-Oct-18,100,7:30:00 AM,Sunday,Broadview STN,Late Leaving Garage,10,20,N/B,8712
28-Oct-18,102,7:32:00 AM,Sunday,Warden Station,Late Leaving Garage,10,20,N/B,8422
28-Oct-18,12,7:34:00 AM,Sunday,Kennedy station,Late Leaving Garage,30,60,W/B,7859
28-Oct-18,83,7:37:00 AM,Sunday,Lakeshore Garage,Late Leaving Garage,15,30,N/B,7875
28-Oct-18,24,7:37:00 AM,Sunday,brga,Late Leaving Garage,10,20,,8419
28-Oct-18,100,7:40:00 AM,Sunday,Broadview STN,Late Leaving Garage,10,20,N/B,8704
28-Oct-18,104,7:42:00 AM,Sunday,wilson garage,Mechanical,26,0,,8026
28-Oct-18,43,7:44:00 AM,Sunday,Kennedy Station,Late Leaving Garage,10,20,N/B,8655
28-Oct-18,32,7:45:00 AM,Sunday,ESTN,Late Leaving Garage,15,30,W/B,1417
28-Oct-18,54,7:45:00 AM,Sunday,Eglinton Station,Late Leaving Garage,30,60,E/B,8917
28-Oct-18,112,7:47:00 AM,Sunday,Carlingview,Mechanical,20,40,B/W,8048
28-Oct-18,192,7:51:00 AM,Sunday,Kipling stn,General Delay,10,20,B/W,8011
28-Oct-18,98,8:00:00 AM,Sunday,Steeles and Yonge St,Late Leaving Garage,30,60,S/B,8164
28-Oct-18,192,8:03:00 AM,Sunday,Kipling STN,General Delay,10,20,B/W,8008
28-Oct-18,168,8:11:00 AM,Sunday,AVLP,Late Leaving Garage,10,20,S/B,1040
28-Oct-18,51,8:15:00 AM,Sunday,Eglinton Stn,Late Leaving Garage,29,58,N/B,8181
28-Oct-18,116,8:20:00 AM,Sunday,Kennedy STN,Mechanical,10,20,E/B,8684
28-Oct-18,50,8:22:00 AM,Sunday,Islington stn,General Delay,20,40,B/W,8058
28-Oct-18,36,8:28:00 AM,Sunday,Humberwood Loop,Mechanical,7,14,,1403
28-Oct-18,96,8:29:00 AM,Sunday,Arrow garage POD Cariier loop,Late Leaving Garage,10,40,E/B,3119
28-Oct-18,939,8:31:00 AM,Sunday,STC,Late Leaving Garage,16,32,W/B,1711
28-Oct-18,54,8:55:00 AM,Sunday,Starspray Loop,Late Leaving Garage,16,25,W/B,8805
28-Oct-18,96,9:00:00 AM,Sunday,Arrow garage POD Carrier loop,Late Leaving Garage,18,36,E/B,3266
28-Oct-18,7,9:39:00 AM,Sunday,wilson garage,Mechanical,10,20,,9001
28-Oct-18,98,10:17:00 AM,Sunday,Sheppard and Yonge,Mechanical,30,60,N/B,8164
28-Oct-18,90,10:25:00 AM,Sunday,St.Clair and Vaughan,Mechanical,12,24,S/B,1208
28-Oct-18,29,10:30:00 AM,Sunday,WILS STN,Late Leaving Garage,7,14,S/B,9050
28-Oct-18,165,10:30:00 AM,Sunday,Route 165,General Delay,21,29,B/W,
28-Oct-18,96,10:30:00 AM,Sunday,Route 96,General Delay,20,28,B/W,
28-Oct-18,110,10:35:00 AM,Sunday,Islinton at Jutson,Mechanical,20,40,N/B,7949
28-Oct-18,100,11:00:00 AM,Sunday,Broadview STN +Don Mills and Wynford,General Delay,20,25,B/W,
28-Oct-18,34,11:00:00 AM,Sunday,Eglinton & Kennedy STN's + Grenoble and Spanbridge,General Delay,20,25,B/W,
28-Oct-18,89,11:06:00 AM,Sunday,ALWS,Late Leaving Garage,10,20,S/B,1035
28-Oct-18,41,11:11:00 AM,Sunday,KSTN,Mechanical,12,24,N/B,1104
28-Oct-18,161,11:40:00 AM,Sunday,Jane and Alliance,Mechanical,16,32,S/B,1147
28-Oct-18,161,11:50:00 AM,Sunday,JAAL,Late Leaving Garage,10,20,E/B,
28-Oct-18,52,11:51:00 AM,Sunday,Lawrence Station,Late Leaving Garage,14,28,W/B,1229
28-Oct-18,34,11:54:00 AM,Sunday,Eglinton STN,Mechanical,4,8,E/B,8873
28-Oct-18,83,12:00:00 PM,Sunday,Oxi Day Parade,Diversion,15,30,B/W,7875
28-Oct-18,106,12:00:00 PM,Sunday,wilson garage,Mechanical,10,20,,1246
28-Oct-18,90,12:02:00 PM,Sunday,St.Clair West Stn,Late Leaving Garage,8,16,N/B,1390
28-Oct-18,84,12:08:00 PM,Sunday,Sheppard & Arrow,Investigation,10,19,W/B,3185
28-Oct-18,29,12:10:00 PM,Sunday,wils stn,Mechanical,8,16,S/B,9041
28-Oct-18,63,12:13:00 PM,Sunday,oakwood / eglinton,Mechanical,7,14,,8137
28-Oct-18,52,12:13:00 PM,Sunday,Lawrence Station,Late Leaving Garage,14,28,W/B,8139
28-Oct-18,76,12:17:00 PM,Sunday,Royal York at Symons,Mechanical,10,20,S/B,7939
28-Oct-18,24,12:20:00 PM,Sunday,Sweeney Dr and VP,Mechanical,8,16,S/B,8408
28-Oct-18,52,12:32:00 PM,Sunday,Martin Grove/ Westway,Late Leaving Garage,3,13,1370,24
28-Oct-18,116,12:36:00 PM,Sunday,Morningside Ave/McLevin Ave,Mechanical,7,15,S/B,8808
28-Oct-18,95,12:37:00 PM,Sunday,Military Trail and Ellesmer,Late Leaving Garage,19,38,E/B,1298
28-Oct-18,52,12:38:00 PM,Sunday,Terminal 3,Late Leaving Garage,14,28,E/B,1237
28-Oct-18,52,12:41:00 PM,Sunday,Lawrence Station,Mechanical,14,28,W/B,1221
28-Oct-18,41,12:48:00 PM,Sunday,Keele and Lawrence,Mechanical,12,24,S/B,1137
28-Oct-18,52,1:02:00 PM,Sunday,Lawrence Station,Late Leaving Garage,14,28,W/B,8184
28-Oct-18,63,1:10:00 PM,Sunday,ossington / humbert,Diversion,25,35,S/B,1290
28-Oct-18,32,1:20:00 PM,Sunday,Keele and Eglinton,Mechanical,10,20,W/B,1325
28-Oct-18,7,1:34:00 PM,Sunday,Greenwin Village and Steeels,Mechanical,8,15,S/B,9009
28-Oct-18,706,1:45:00 PM,Sunday,Pape Station,Utilized Off Route,1,1,B/W,8483
28-Oct-18,73,1:55:00 PM,Sunday,Albion at Martin gr,Diversion,10,185,E/B,8036
28-Oct-18,192,1:55:00 PM,Sunday,Dundas And Wilmar Road,Mechanical,7,14,W/B,8004
28-Oct-18,48,2:00:00 PM,Sunday,Kingway,Mechanical,30,60,B/W,8025
28-Oct-18,17,2:06:00 PM,Sunday,Ellesmere/  birchmount,Investigation,18,36,N/B,7848
28-Oct-18,60,2:14:00 PM,Sunday,Martin Grove and Steeles,Diversion,10,20,B/W,3246
28-Oct-18,17,2:15:00 PM,Sunday,Ellesmere and Birchmount,Diversion,18,36,S/B,8454
28-Oct-18,104,2:43:00 PM,Sunday,Finch and Dufferin,Mechanical,22,48,S/B,8174
28-Oct-18,21,2:55:00 PM,Sunday,STC,Mechanical,18,36,S/B,1523
28-Oct-18,29,4:00:00 PM,Sunday,WILS,General Delay,20,25,B/W,
28-Oct-18,63,4:00:00 PM,Sunday,Eglinton West Station,General Delay,186,192,BW,
28-Oct-18,97,4:00:00 PM,Sunday,Davisville station,General Delay,30,60,BW,
28-Oct-18,74,4:40:00 PM,Sunday,Davisville/Mt.Pleasant,Mechanical,18,36,N/B,1319
28-Oct-18,111,5:22:00 PM,Sunday,Dundas and Billingham,Mechanical,13,26,W/B,7961
28-Oct-18,112,5:30:00 PM,Sunday,Renforth and Eglinton,Mechanical,20,40,S/B,8033
28-Oct-18,52,5:30:00 PM,Sunday,Lawrence West Station,Mechanical,14,28,W/B,8345
28-Oct-18,94,5:45:00 PM,Sunday,Brunswick Ave.,Mechanical,13,25,W/B,1085
28-Oct-18,79,5:54:00 PM,Sunday,Lawrence and Scarlett,Mechanical,12,24,W/B,1103
28-Oct-18,60,6:00:00 PM,Sunday,Route 60,General Delay,13,27,B/W,
28-Oct-18,25,6:01:00 PM,Sunday,Don Mills and Overlea,Mechanical,8,17,N/B,8777
28-Oct-18,29,6:03:00 PM,Sunday,Dufferin and Eglinton,Mechanical,3,6,N/B,9023
28-Oct-18,52,6:08:00 PM,Sunday,Lawrence / Keele,Investigation,14,28,E/B,1347
28-Oct-18,168,6:09:00 PM,Sunday,Avon Loop,Mechanical,9,18,S/B,1037
28-Oct-18,70,6:14:00 PM,Sunday,O'Connor and Sunrise,Investigation,20,40,N/B,8881
28-Oct-18,89,6:26:00 PM,Sunday,Albion and Weston,Mechanical,10,20,S/B,1062
28-Oct-18,925,6:28:00 PM,Sunday,Don Mills and Don Way,Investigation,10,20,N/B,8773
28-Oct-18,25,6:29:00 PM,Sunday,Don Mills and Don Way,Investigation,9,17,N/B,8800
28-Oct-18,39,6:39:00 PM,Sunday,Pineway / Finch,Investigation,16,32,,1519
28-Oct-18,94,7:25:00 PM,Sunday,CAST,Mechanical,9,18,W/B,1305
28-Oct-18,30,7:35:00 PM,Sunday,High Park Ave. at Glen Lake,Diversion,30,61,B/W,7965
28-Oct-18,131,7:46:00 PM,Sunday,Morningside and Morningview Trail,Investigation,22,44,S/B,1788
28-Oct-18,52,7:50:00 PM,Sunday,Martin Grove,Mechanical,21,42,E/B,1376
28-Oct-18,95,8:06:00 PM,Sunday,Dolly Varden on Ellesmere,Investigation,10,20,W/B,1648
28-Oct-18,53,8:17:00 PM,Sunday,Meridale Ave and Steeles,Diversion,57,67,W/B,1799
28-Oct-18,35,8:37:00 PM,Sunday,Pioneer Village Station,Mechanical,7,14,S/B,3316
28-Oct-18,96,9:10:00 PM,Sunday,YKMS,Emergency Services,10,20,E/B,3154
28-Oct-18,24,9:16:00 PM,Sunday,Victoria Park Station,Utilized Off Route,10,20,B/W,8939
28-Oct-18,939,9:26:00 PM,Sunday,McCowna/Sheppard,Mechanical,10,20,W/B,1597
28-Oct-18,126,9:30:00 PM,Sunday,St Clair West Station,General Delay,30,60,S/B,1058
28-Oct-18,84,9:39:00 PM,Sunday,WEBR,Utilized Off Route,10,20,E/B,3137
28-Oct-18,96,9:40:00 PM,Sunday,YKMS,Utilized Off Route,10,20,W/B,3145
28-Oct-18,96,9:43:00 PM,Sunday,YKMS,Utilized Off Route,10,20,W/B,3180
28-Oct-18,47,9:50:00 PM,Sunday,Dupont/Lansdowne,Utilized Off Route,10,20,S/B,1555
28-Oct-18,32,9:50:00 PM,Sunday,Eglinton West Station,Utilized Off Route,10,20,E/B,1038
28-Oct-18,56,9:59:00 PM,Sunday,ESTN,Mechanical,30,60,E/B,8128
28-Oct-18,29,10:04:00 PM,Sunday,Bathurst Station,Utilized Off Route,9,18,S/B,9023
28-Oct-18,96,11:09:00 PM,Sunday,HUML,Mechanical,10,20,E/B,3235
28-Oct-18,192,11:27:00 PM,Sunday,T3,Mechanical,10,20,S/B,8007
28-Oct-18,51,11:55:00 PM,Sunday,Bayview and Finch,Mechanical,30,60,E/B,8181
29-Oct-18,939,12:35:00 AM,Monday,Finch & Seneca College,Mechanical,9,18,W/B,1730
29-Oct-18,95,1:11:00 AM,Monday,Markham/ Ellesmere,Mechanical,10,20,W/B,1589
29-Oct-18,94,4:04:00 AM,Monday,Wellesley Stn,Investigation,8,16,W/B,1265
29-Oct-18,102,4:43:00 AM,Monday,BRGA,Late Leaving Garage,15,30,,8959
29-Oct-18,31,5:02:00 AM,Monday,BRGA,Late Leaving Garage,20,40,,8948
29-Oct-18,52,5:03:00 AM,Monday,Lawrence and Keele,Investigation,18,36,W/B,1395
29-Oct-18,805,5:04:00 AM,Monday,Distillery Loop,Utilized Off Route,1,1,B/W,1635
29-Oct-18,102,5:05:00 AM,Monday,Warden station,Late Leaving Garage,19,38,N/B,8482
29-Oct-18,706,5:10:00 AM,Monday,Eglinton and Markham,Utilized Off Route,1,1,W/B,7819
29-Oct-18,168,5:10:00 AM,Monday,AVLP,Late Leaving Garage,8,16,E/B,
29-Oct-18,84,5:10:00 AM,Monday,Rivalda and Sheppard,Late Leaving Garage,24,55,W/B,3310
29-Oct-18,60,5:11:00 AM,Monday,Finch Station,Late Leaving Garage,12,24,E/B,3126
29-Oct-18,96,5:15:00 AM,Monday,FIHU,Late Leaving Garage,10,15,E/B,3229
29-Oct-18,6,5:27:00 AM,Monday,DDUP,Late Leaving Garage,10,20,S/B,
29-Oct-18,42,5:38:00 AM,Monday,Dynamic,Mechanical,24,48,W/B,8176
29-Oct-18,61,5:38:00 AM,Monday,Bomb bay loop,Mechanical,12,24,S/B,8134
29-Oct-18,135,5:50:00 AM,Monday,BRGA,Late Leaving Garage,10,20,,7731
29-Oct-18,41,5:50:00 AM,Monday,Northwest / Ian Macdonald,Mechanical,11,23,N/B,9053
29-Oct-18,161,5:51:00 AM,Monday,Jane / Alliance,Utilized Off Route,12,24,E/B,1128
29-Oct-18,24,5:53:00 AM,Monday,BRGA,Late Leaving Garage,10,20,,7800
29-Oct-18,8,5:56:00 AM,Monday,BRGA,Late Leaving Garage,30,60,,9212
29-Oct-18,41,5:57:00 AM,Monday,Pioneer Village Station,Mechanical,12,23,S/B,9053
29-Oct-18,54,5:57:00 AM,Monday,Eglinton Station,Mechanical,9,18,E/B,8832
29-Oct-18,59,5:59:00 AM,Monday,Arrow Garage,Late Leaving Garage,11,22,E/B,8546
29-Oct-18,81,5:59:00 AM,Monday,THRN,Late Leaving Garage,3,6,N/B,8452
29-Oct-18,169,6:00:00 AM,Monday,Donmills and Yorkmills,Mechanical,20,40,,8159
29-Oct-18,39,6:00:00 AM,Monday,39 Finch Rotue-All Branch,General Delay,10,20,B/W,1580
29-Oct-18,91,6:00:00 AM,Monday,BRGA,Utilized Off Route,12,24,,9223
29-Oct-18,939,6:00:00 AM,Monday,939 Finch Express-All Branch,General Delay,10,18,B/W,1736
29-Oct-18,16,6:02:00 AM,Monday,Warden STN,Mechanical,7,126,N/B,7875
29-Oct-18,902,6:02:00 AM,Monday,Warden station,Late Leaving Garage,10,20,N/B,8420
29-Oct-18,85,6:03:00 AM,Monday,slp,Late Leaving Garage,16,32,W/B,1763
29-Oct-18,24,6:07:00 AM,Monday,BRGA,Late Leaving Garage,12,24,,8418
29-Oct-18,902,6:12:00 AM,Monday,warden station,Late Leaving Garage,10,20,N/B,7820
29-Oct-18,17,6:12:00 AM,Monday,Warden STN,Mechanical,7,14,N/B,8485
29-Oct-18,12,6:12:00 AM,Monday,Victoria Park STN,Mechanical,14,28,S/B,7849
29-Oct-18,939,6:13:00 AM,Monday,STC SRT,Late Leaving Garage,7,14,W/B,1736
29-Oct-18,102,6:14:00 AM,Monday,Warden Station,Late Leaving Garage,20,40,N/B,8480
29-Oct-18,121,6:17:00 AM,Monday,BRGA,Late Leaving Garage,12,24,,8491
29-Oct-18,69,6:18:00 AM,Monday,Birchmount and Sadler,Mechanical,6,12,N/B,9205
29-Oct-18,96,6:19:00 AM,Monday,FIHU,Late Leaving Garage,22,44,E/B,3203
29-Oct-18,60,6:22:00 AM,Monday,Signal Hill and Steeles,Late Leaving Garage,8,15,E/B,3223
29-Oct-18,24,6:25:00 AM,Monday,BRGA,Late Leaving Garage,13,26,,8944
29-Oct-18,929,6:26:00 AM,Monday,Wilson stn,Mechanical,9,18,S/B,9140
29-Oct-18,924,6:27:00 AM,Monday,BRGA,Late Leaving Garage,10,20,,8497
29-Oct-18,12,6:27:00 AM,Monday,BRGA,Late Leaving Garage,14,28,,8486
29-Oct-18,984,6:31:00 AM,Monday,Rivalda and Sheppard,Late Leaving Garage,10,10,W/B,3159
29-Oct-18,23,6:31:00 AM,Monday,Main STN,Mechanical,6,12,N/B,8401
29-Oct-18,68,6:31:00 AM,Monday,Warden Station,Mechanical,5,10,N/B,8657
29-Oct-18,23,6:42:00 AM,Monday,MSTN,Mechanical,6,12,N/B,8487
29-Oct-18,954,6:44:00 AM,Monday,Starspray Loop,Mechanical,0,0,W/B,8734
29-Oct-18,54,6:48:00 AM,Monday,Starspray Loop,Utilized Off Route,9,18,N/B,8907
29-Oct-18,954,6:48:00 AM,Monday,Lawrence SRT Station,Mechanical,9,18,E/B,8908
29-Oct-18,985,6:52:00 AM,Monday,STC,Late Leaving Garage,9,18,W/B,9091
29-Oct-18,924,6:56:00 AM,Monday,Victoria Park STN,Mechanical,10,20,N/B,8472
29-Oct-18,161,7:00:00 AM,Monday,Entire Rogers Road Route,General Delay,20,40,S/B,1146
29-Oct-18,76,7:00:00 AM,Monday,Royal York Rte,General Delay,15,29,B/W,
29-Oct-18,73,7:00:00 AM,Monday,Royal York Rte,General Delay,15,29,B/W,
29-Oct-18,41,7:00:00 AM,Monday,Entire Keele Route,General Delay,20,40,B/W,9100
29-Oct-18,30,7:00:00 AM,Monday,ENTIRE ROUTE,General Delay,20,45,B/W,
29-Oct-18,45,7:00:00 AM,Monday,ENTIRE ROUTE,General Delay,6,25,B/W,
29-Oct-18,89,7:00:00 AM,Monday,Entire Weston Road Route,General Delay,15,30,W/B,1025
29-Oct-18,935,7:09:00 AM,Monday,Pioneer Village Station,Late Leaving Garage,7,14,S/B,3312
29-Oct-18,122,7:09:00 AM,Monday,York Mills Stn,Mechanical,9,18,E/B,8325
29-Oct-18,79,7:20:00 AM,Monday,Scarlett / Clairton,Mechanical,9,18,N/B,1136
29-Oct-18,60,7:22:00 AM,Monday,Martin Grove and Steeles,Investigation,8,16,W/B,3234
29-Oct-18,935,7:24:00 AM,Monday,Pioneer Village Station,Late Leaving Garage,7,14,S/B,3197
29-Oct-18,87,7:30:00 AM,Monday,Broadview,Mechanical,5,10,,9212
29-Oct-18,939,7:39:00 AM,Monday,Bathurst and Finch,Mechanical,8,16,E/B,1726
29-Oct-18,144,7:45:00 AM,Monday,Concorde Place,Mechanical,10,20,S/B,8676
29-Oct-18,143,7:45:00 AM,Monday,NEVILLE LOOP,Mechanical,1,1,W/B,8460
29-Oct-18,64,7:46:00 AM,Monday,QUWI,Utilized Off Route,8,16,N/B,9222
29-Oct-18,89,7:50:00 AM,Monday,Keele Stn,Mechanical,6,12,N/B,1088
29-Oct-18,116,7:53:00 AM,Monday,Kennedy STN,Mechanical,6,13,E/B,8684
29-Oct-18,117,7:55:00 AM,Monday,Sheppard W Stn,Mechanical,10,20,,1206
29-Oct-18,32,8:00:00 AM,Monday,ESTN to KEEG,General Delay,8,16,B/W,
29-Oct-18,38,8:00:00 AM,Monday,STC to RHGO,General Delay,9,18,B/W,
29-Oct-18,90,8:00:00 AM,Monday,st clair wstn / oakwood,General Delay,3,7,B/W,
29-Oct-18,5,8:00:00 AM,Monday,Eglinton Stn to Elm and Elizabeth St,General Delay,120,10,B/W,
29-Oct-18,61,8:00:00 AM,Monday,67 Avenue Road North-All Branch,General Delay,120,20,B/W,
29-Oct-18,95,8:00:00 AM,Monday,KNRD to YKMS,General Delay,10,20,B/W,
29-Oct-18,985,8:00:00 AM,Monday,Express route on Sheppard,General Delay,9,18,B/W,
29-Oct-18,52,8:00:00 AM,Monday,Lawrence west stn,Mechanical,15,30,W/B,1342
29-Oct-18,37,8:00:00 AM,Monday,Islington and Rexdale,General Delay,1,1,N/B,8047
29-Oct-18,129,8:00:00 AM,Monday,MMRC to STC,General Delay,15,30,B/W,
29-Oct-18,134,8:06:00 AM,Monday,IRON,Mechanical,18,36,S/B,9072
29-Oct-18,16,8:17:00 AM,Monday,WARDEN STN,Mechanical,9,18,N/B,8464
29-Oct-18,11,8:30:00 AM,Monday,davisville stn / steeles,General Delay,9,18,B/W,
29-Oct-18,160,8:30:00 AM,Monday,wilson stn / steeles,General Delay,5,9,B/W,
29-Oct-18,109,8:30:00 AM,Monday,eglinton wstn / bathurst,General Delay,4,8,B/W,
29-Oct-18,989,8:30:00 AM,Monday,Weston Rd/Blackcreek,Mechanical,12,24,S/B,1603
29-Oct-18,17,8:30:00 AM,Monday,Finch and Birchmount,General Delay,10,16,N/B,
29-Oct-18,122,8:30:00 AM,Monday,York Mills Stn to York Mills/Lesmill,General Delay,17,26,B/W,
29-Oct-18,9,8:30:00 AM,Monday,WAST TO S.T.C,General Delay,8,23,N/B,
29-Oct-18,7,8:30:00 AM,Monday,steeles / bathurst stn,General Delay,6,16,B/W,
29-Oct-18,52,8:35:00 AM,Monday,Dufferin to Boilingbrooke,Diversion,50,65,E/B,
29-Oct-18,192,8:39:00 AM,Monday,T1,Emergency Services,10,20,S/B,8010
29-Oct-18,89,8:50:00 AM,Monday,Keele Stn,Mechanical,6,12,N/B,1555
29-Oct-18,108,10:38:00 AM,Monday,SWST,Mechanical,15,30,W/B,3196
29-Oct-18,42,11:05:00 AM,Monday,FSTN,Mechanical,12,24,N/B,1228
29-Oct-18,129,11:20:00 AM,Monday,Sandhurst C South.,Mechanical,14,21,S/B,1501
29-Oct-18,124,11:20:00 AM,Monday,Lawrence Stn,Utilized Off Route,9,18,N/B,1203
29-Oct-18,188,11:32:00 AM,Monday,KPSN,Utilized Off Route,8,16,S/B,8034
29-Oct-18,188,11:48:00 AM,Monday,KPSN,Utilized Off Route,8,16,S/B,8077
29-Oct-18,85,12:00:00 PM,Monday,Leslie and Sheppard,General Delay,22,44,W/B,1682
29-Oct-18,165,12:06:00 PM,Monday,BARM,Mechanical,10,20,E/B,1330
29-Oct-18,169,12:38:00 PM,Monday,Commander and N Wind Pl,Mechanical,30,60,,8175
29-Oct-18,29,12:55:00 PM,Monday,Wilson stn,Mechanical,7,15,S/B,9046
29-Oct-18,54,1:04:00 PM,Monday,Lawrence and Warden,Mechanical,12,24,E/B,8783
29-Oct-18,78,1:20:00 PM,Monday,Carluke and Fifeshire,Mechanical,40,60,W/B,8122
29-Oct-18,929,1:42:00 PM,Monday,Wilson stn,Investigation,7,15,S/B,9139
29-Oct-18,96,1:47:00 PM,Monday,Wilson and Garratt,Investigation,11,22,W/B,3192
29-Oct-18,29,2:00:00 PM,Monday,Dufferin / College,Mechanical,7,15,S/B,9051
29-Oct-18,37,2:00:00 PM,Monday,Islington Station to Steeles and Humberwood Loop,General Delay,15,25,B/W,
29-Oct-18,73,2:00:00 PM,Monday,Lakeshore and Mimico to Claireport,General Delay,15,26,B/W,
29-Oct-18,28,2:24:00 PM,Monday,Davisville Station,Mechanical,20,40,S/B,8168
29-Oct-18,41,2:27:00 PM,Monday,Keele/Junction,Investigation,9,18,N/B,9037
29-Oct-18,12,2:30:00 PM,Monday,Swanwick Ave,Investigation,22,44,N/B,8446
29-Oct-18,57,2:31:00 PM,Monday,Midland and Steeles,Late Leaving Garage,1,1,N/B,8748
29-Oct-18,84,2:34:00 PM,Monday,Pioneer Village Station,Late Leaving Garage,25,50,E/B,3203
29-Oct-18,129,2:38:00 PM,Monday,STC,Mechanical,4,11,N/B,1727
29-Oct-18,23,2:40:00 PM,Monday,DAWES RD ROUTE,General Delay,8,,B/W,
29-Oct-18,10,2:50:00 PM,Monday,Sheppard and Bathurst,Mechanical,15,30,E/B,1384
29-Oct-18,42,2:59:00 PM,Monday,Victoria Park and McNicoll,Late Leaving Garage,13,1,W/B,1218
29-Oct-18,96,3:00:00 PM,Monday,Route 96,General Delay,15,24,B/W,
29-Oct-18,47,3:00:00 PM,Monday,Caledonia and Eglinton,Mechanical,4,14,S/B,1087
29-Oct-18,186,3:00:00 PM,Monday,Route 186,General Delay,,,B/W,
29-Oct-18,165,3:00:00 PM,Monday,Route 165,General Delay,12,20,B/W,
29-Oct-18,88,3:02:00 PM,Monday,St. Clair Station,Mechanical,12,24,E/B,8216
29-Oct-18,60,3:08:00 PM,Monday,steeles and islington,Investigation,8,16,E/B,3211
29-Oct-18,96,3:11:00 PM,Monday,Wilson & Clayson,Investigation,9,19,W/B,3136
29-Oct-18,25,3:12:00 PM,Monday,Don Mills STN,Mechanical,5,12,N/B,8877
29-Oct-18,161,3:13:00 PM,Monday,Alliance and Jane,Mechanical,13,26,E/B,1000
29-Oct-18,121,3:15:00 PM,Monday,FORT YORK ROUTE,General Delay,15,,B/W,
29-Oct-18,23,3:21:00 PM,Monday,DAWES/GOWER,Mechanical,7,17,N/B,8415
29-Oct-18,43,3:21:00 PM,Monday,Sheppard and Kennedy,Emergency Services,3,8,S/B,8918
29-Oct-18,42,3:23:00 PM,Monday,Finch Station,Late Leaving Garage,13,26,E/B,1248
29-Oct-18,95,3:25:00 PM,Monday,YKMS,Late Leaving Garage,9,19,E/B,1680
29-Oct-18,34,3:25:00 PM,Monday,EGGA,Late Leaving Garage,4,9,E/B,8648
29-Oct-18,100,3:30:00 PM,Monday,BSTN to DMWF,General Delay,15,20,B/W,
29-Oct-18,87,3:30:00 PM,Monday,COSBURN ROUTE,General Delay,10,,B/W,
29-Oct-18,34,3:30:00 PM,Monday,ESTN to KENN,General Delay,20,25,B/W,
29-Oct-18,24,3:35:00 PM,Monday,Yorkland Blvd and Yorkland Road,Diversion,286,301,N/B,7800
29-Oct-18,6,3:40:00 PM,Monday,Queens Quay and Dockside,Mechanical,6,13,N/B,1057
29-Oct-18,87,3:45:00 PM,Monday,BROADVIEW/ERINDALE,Investigation,5,10,E/B,8953
29-Oct-18,53,3:45:00 PM,Monday,Markham ard and Passmore,Mechanical,5,11,W/B,1799
29-Oct-18,32,3:48:00 PM,Monday,REGW,Mechanical,8,17,E/B,1097
29-Oct-18,46,3:53:00 PM,Monday,Steeles Loop,Investigation,11,22,S/B,3225
29-Oct-18,17,4:00:00 PM,Monday,Warden Station,General Delay,10,1,B/W,
29-Oct-18,81,4:00:00 PM,Monday,Thorncliff route,General Delay,10,1,B/W,
29-Oct-18,83,4:00:00 PM,Monday,Donloads Station,General Delay,10,1,B/W,
29-Oct-18,65,4:00:00 PM,Monday,Castle Frank Station,General Delay,10,1,B/W,
29-Oct-18,16,4:00:00 PM,Monday,Warden Station,General Delay,10,1,B/W,
29-Oct-18,9,4:00:00 PM,Monday,Warden Station,General Delay,10,1,B/W,
29-Oct-18,24,4:00:00 PM,Monday,24 Victoria Park Ave,General Delay,15,1,N/B,
29-Oct-18,54,4:00:00 PM,Monday,Lawrence E & Carnforth,Mechanical,10,20,W/B,8728
29-Oct-18,52,4:04:00 PM,Monday,Terminal 3,Late Leaving Garage,6,21,W/B,1334
29-Oct-18,95,4:08:00 PM,Monday,SCLP,Mechanical,10,19,W/B,1738
29-Oct-18,97,4:15:00 PM,Monday,Davisville station,Mechanical,30,60,SB,1289
29-Oct-18,108,4:24:00 PM,Monday,Route 108,General Delay,11,20,N/B,3127
29-Oct-18,54,4:44:00 PM,Monday,Eglinton & Dunfield,Investigation,10,21,W/B,8774
29-Oct-18,935,4:51:00 PM,Monday,FJAN,Mechanical,10,20,S/B,3134
29-Oct-18,42,4:58:00 PM,Monday,VP and Gordon Baker,Mechanical,13,26,W/B,1248
29-Oct-18,86,5:03:00 PM,Monday,Eglinton and Markham Road,Mechanical,10,19,E/B,8829
29-Oct-18,116,5:10:00 PM,Monday,KENN,Mechanical,6,13,E/B,8834
29-Oct-18,76,5:15:00 PM,Monday,Royal York at Hillside,Diversion,566,573,S/B,8036
29-Oct-18,143,5:16:00 PM,Monday,Logan and Eastern,Diversion,116,166,E/B,9221
29-Oct-18,11,5:29:00 PM,Monday,Bayview and Broadway,Mechanical,30,60,NB,8163
29-Oct-18,77,5:40:00 PM,Monday,RUST,Mechanical,9,19,S/B,1258
29-Oct-18,939,5:56:00 PM,Monday,Finch and Yonge,Investigation,12,24,B/W,1665
29-Oct-18,7,5:58:00 PM,Monday,Greenwin Village,Investigation,5,10,S/B,9000
29-Oct-18,36,5:59:00 PM,Monday,King and Ardwick,Investigation,6,12,E/B,9135
29-Oct-18,32,6:04:00 PM,Monday,Ennerdale/Eglinton,Emergency Services,8,17,E/B,1040
29-Oct-18,7,6:12:00 PM,Monday,Greenwin Village,Mechanical,9,18,S/B,9001
29-Oct-18,133,6:16:00 PM,Monday,STC,Mechanical,7,15,E/B,1765
29-Oct-18,35,6:29:00 PM,Monday,JAWI,Investigation,5,10,S/B,3130
29-Oct-18,74,6:35:00 PM,Monday,Doncliffe Loop,Investigation,17,34,N/B,1231
29-Oct-18,22,6:47:00 PM,Monday,Coxwell and Gerrarad,Mechanical,10,20,S/B,7749
29-Oct-18,9,6:51:00 PM,Monday,STC,Mechanical,16,32,S/B,8501
29-Oct-18,131,6:52:00 PM,Monday,STC,Mechanical,8,16,E/B,1710
29-Oct-18,43,7:05:00 PM,Monday,Kennedy station,Mechanical,10,20,N/B,8841
29-Oct-18,60,7:12:00 PM,Monday,FSTN,Mechanical,4,8,W/B,9108
29-Oct-18,606,7:22:00 PM,Monday,Victoria park station,Utilized Off Route,1,1,S/B,7853
29-Oct-18,706,7:22:00 PM,Monday,Bingam loop,Utilized Off Route,1,1,S/B,8479
29-Oct-18,68,7:25:00 PM,Monday,Warden & Huntingwood,Diversion,5,10,B/W,
29-Oct-18,33,7:51:00 PM,Monday,Stclair West Station,Mechanical,30,60,WB,1344
29-Oct-18,36,7:57:00 PM,Monday,Finch and Arrow,Mechanical,8,16,E/B,9122
29-Oct-18,90,8:00:00 PM,Monday,St Clair West Station,Utilized Off Route,10,20,WB,1283
29-Oct-18,108,8:06:00 PM,Monday,Grandravine   &   Sentinel,Investigation,9,18,W/B,3213
29-Oct-18,167,8:23:00 PM,Monday,Yorkland Rd and Yorkland Blvd,Diversion,314,344,N/B,8453
29-Oct-18,90,9:34:00 PM,Monday,St Clair West Station,Diversion,147,157,WB,1390
29-Oct-18,33,9:44:00 PM,Monday,St Clair West Station,Diversion,30,60,NB,1283
29-Oct-18,44,9:46:00 PM,Monday,Kipling and North Queen,Mechanical,10,20,S/B,7939
29-Oct-18,35,9:51:00 PM,Monday,PVST,Late Leaving Garage,8,17,S/B,8598
29-Oct-18,63,9:54:00 PM,Monday,Ossington Station,Utilized Off Route,10,20,SB,1297
29-Oct-18,56,10:00:00 PM,Monday,Eglinton Station,Mechanical,20,40,E/B,1249
29-Oct-18,52,10:09:00 PM,Monday,Airport Road and Orlando,Diversion,305,425,WB,8153
29-Oct-18,73,10:15:00 PM,Monday,"On Claireport, at Albion",Mechanical,15,25,S/B,8013
30-Oct-18,39,12:08:00 AM,Tuesday,Brimley and Finch,Diversion,10,20,W/B,
30-Oct-18,939,12:14:00 AM,Tuesday,Brimley and Finch,Diversion,10,20,W/B,
30-Oct-18,52,12:40:00 AM,Tuesday,LSTN,Mechanical,18,36,W/B,8197
30-Oct-18,86,1:46:00 AM,Tuesday,SLP,Utilized Off Route,11,26,S/B,8930
30-Oct-18,320,1:59:00 AM,Tuesday,SYON,Mechanical,4,8,S/B,8315
30-Oct-18,320,2:52:00 AM,Tuesday,Yonge/York Mills,Investigation,4,8,S/B,8193
30-Oct-18,300,4:20:00 AM,Tuesday,Bathurst and Bloor,Mechanical,35,35,W/B,8673
30-Oct-18,25,4:25:00 AM,Tuesday,EGGA,Late Leaving Garage,1,1,S/B,8652
30-Oct-18,35,5:05:00 AM,Tuesday,HULL,Late Leaving Garage,10,20,N/B,3264
30-Oct-18,168,5:10:00 AM,Tuesday,AVLP,Late Leaving Garage,10,20,E/B,
30-Oct-18,52,5:15:00 AM,Tuesday,Weston and Lawrence,Late Leaving Garage,10,10,E/B,1201
30-Oct-18,72,5:20:00 AM,Tuesday,Commissioners and Logan,Diversion,999,999,B/W,
30-Oct-18,41,5:26:00 AM,Tuesday,KPSN,Late Leaving Garage,20,40,E/B,1133
30-Oct-18,35,5:30:00 AM,Tuesday,JNST,Late Leaving Garage,5,18,N/B,3135
30-Oct-18,60,5:30:00 AM,Tuesday,Steeles Loop,Late Leaving Garage,10,20,E/B,3147
30-Oct-18,96,5:33:00 AM,Tuesday,FIHU,Late Leaving Garage,13,15,E/B,3215
30-Oct-18,31,5:45:00 AM,Tuesday,Danforth at Greenwood,Mechanical,15,30,N/B,8526
30-Oct-18,35,5:48:00 AM,Tuesday,Jane Station,Late Leaving Garage,10,20,N/B,3191
30-Oct-18,94,5:59:00 AM,Tuesday,OSSTN,Late Leaving Garage,10,20,E/B,
30-Oct-18,169,6:00:00 AM,Tuesday,STC,Late Leaving Garage,20,40,W/B,8164
30-Oct-18,939,6:00:00 AM,Tuesday,939 Finch Express Route-All Branch,General Delay,10,18,E/B,1731
30-Oct-18,129,6:02:00 AM,Tuesday,MMRC,Late Leaving Garage,27,42,S/B,1813
30-Oct-18,41,6:08:00 AM,Tuesday,Keele stn,Late Leaving Garage,13,0,N/B,1138
30-Oct-18,63,6:10:00 AM,Tuesday,Eglinton W stn,Late Leaving Garage,5,13,S/B,8371
30-Oct-18,939,6:11:00 AM,Tuesday,Morningside and Nightstar,Late Leaving Garage,8,18,W/B,1731
30-Oct-18,43,6:14:00 AM,Tuesday,Progress & Midland,Investigation,17,27,W/B,8799
30-Oct-18,52,6:15:00 AM,Tuesday,ollinton & Martin grove,Mechanical,3,6,E/B,8150
30-Oct-18,129,6:17:00 AM,Tuesday,mmrc,Late Leaving Garage,15,30,S/B,1718
30-Oct-18,24,6:18:00 AM,Tuesday,Conroy,Mechanical,10,20,N/B,9208
30-Oct-18,104,6:19:00 AM,Tuesday,Sheppard W stn,Late Leaving Garage,13,24,N/B,1276
30-Oct-18,20,6:20:00 AM,Tuesday,Main Station,Mechanical,11,22,,8438
30-Oct-18,108,6:27:00 AM,Tuesday,SWST,Late Leaving Garage,13,26,W/B,3203
30-Oct-18,186,6:29:00 AM,Tuesday,HLDG,Late Leaving Garage,9,19,E/B,3232
30-Oct-18,23,6:31:00 AM,Tuesday,MSTN,Mechanical,6,12,N/B,7821
30-Oct-18,89,6:32:00 AM,Tuesday,KSTN,Late Leaving Garage,6,12,N/B,1082
30-Oct-18,60,6:32:00 AM,Tuesday,Finch Station,Mechanical,3,8,W/B,3268
30-Oct-18,120,6:36:00 AM,Tuesday,Gilspur and Jane,Late Leaving Garage,30,60,E/B,8568
30-Oct-18,106,6:38:00 AM,Tuesday,Shseppard W stn,Late Leaving Garage,7,15,N/B,1315
30-Oct-18,162,6:38:00 AM,Tuesday,Donway East and Don Mills,Mechanical,30,60,W/B,8159
30-Oct-18,53,6:41:00 AM,Tuesday,PAMK,Late Leaving Garage,5,10,W/B,1808
30-Oct-18,96,6:45:00 AM,Tuesday,HUML,Late Leaving Garage,25,43,E/B,3136
30-Oct-18,935,6:46:00 AM,Tuesday,Pioneer Village Station,Late Leaving Garage,7,15,S/B,3122
30-Oct-18,116,6:51:00 AM,Tuesday,Morningside and Milner,Investigation,6,13,N/B,8762
30-Oct-18,84,6:52:00 AM,Tuesday,Sheppard Yonge Station,Investigation,1,1,E/B,3170
30-Oct-18,186,6:53:00 AM,Tuesday,YKMS,Late Leaving Garage,9,18,W/B,3278
30-Oct-18,935,6:54:00 AM,Tuesday,Pioneer Village Station,Late Leaving Garage,7,14,S/B,
30-Oct-18,939,6:55:00 AM,Tuesday,Finch Station,Late Leaving Garage,7,14,E/B,1744
30-Oct-18,939,6:58:00 AM,Tuesday,STC SRT,Late Leaving Garage,7,14,W/B,1656
30-Oct-18,76,7:00:00 AM,Tuesday,Royal York Rte,General Delay,15,29,B/W,
30-Oct-18,73,7:00:00 AM,Tuesday,Royal York Rte,General Delay,15,29,B/W,
30-Oct-18,44,7:00:00 AM,Tuesday,Kipling stn,General Delay,1,1,B/W,8076
30-Oct-18,902,7:02:00 AM,Tuesday,WSTN,Late Leaving Garage,10,20,N/B,8480
30-Oct-18,133,7:05:00 AM,Tuesday,Neilson and Crow Trail,Mechanical,11,22,N/B,1504
30-Oct-18,186,7:07:00 AM,Tuesday,HLDG,Late Leaving Garage,9,18,E/B,3256
30-Oct-18,96,7:09:00 AM,Tuesday,Duddersfield,Investigation,15,30,E/B,3114
30-Oct-18,124,7:12:00 AM,Tuesday,LAST,Utilized Off Route,6,12,E/B,1344
30-Oct-18,39,7:15:00 AM,Tuesday,39 Finch Route-All Branch,General Delay,10,20,E/B,1806
30-Oct-18,39,7:15:00 AM,Tuesday,Finch Station,Late Leaving Garage,10,20,E/B,1818
30-Oct-18,131,7:20:00 AM,Tuesday,MORN,Late Leaving Garage,8,16,S/B,1617
30-Oct-18,32,7:22:00 AM,Tuesday,Richardson on Eglinton,Mechanical,5,11,E/B,1058
30-Oct-18,75,7:26:00 AM,Tuesday,Bloor St and Sherbourne St,Mechanical,9,18,N/B,8194
30-Oct-18,142,7:30:00 AM,Tuesday,Bombay Loop,Mechanical,30,60,S/B,1231
30-Oct-18,144,7:45:00 AM,Tuesday,Concorde Place,Mechanical,8,18,S/B,8829
30-Oct-18,116,7:48:00 AM,Tuesday,Morningside Ave/Nightstar Rd,Mechanical,6,13,S/B,8753
30-Oct-18,77,7:57:00 AM,Tuesday,Bloor and Runnymede,Investigation,9,18,N/B,1553
30-Oct-18,41,8:00:00 AM,Tuesday,ST CLAIR TO WILSON,General Delay,20,28,S/B,
30-Oct-18,11,8:00:00 AM,Tuesday,davisville stn / steeles,General Delay,6,14,B/W,
30-Oct-18,90,8:00:00 AM,Tuesday,st clair wstn / oakwood,General Delay,4,7,B/W,
30-Oct-18,82,8:00:00 AM,Tuesday,Roxbourgh St,General Delay,9,29,B/W,8209
30-Oct-18,122,8:00:00 AM,Tuesday,York Mills Stn to Roywood and Fenside,General Delay,15,23,B/W,
30-Oct-18,45,8:00:00 AM,Tuesday,Finch to Dixon,General Delay,1,1,B/W,8045
30-Oct-18,985,8:00:00 AM,Tuesday,Express route on Sheppard all branches,General Delay,9,18,B/W,
30-Oct-18,29,8:00:00 AM,Tuesday,Dufferin Gate,Mechanical,7,15,N/B,9136
30-Oct-18,102,8:02:00 AM,Tuesday,WSTN,Mechanical,20,40,N/B,9231
30-Oct-18,70,8:04:00 AM,Tuesday,O'Connor and Coxwell,Investigation,17,34,W/B,8786
30-Oct-18,60,8:15:00 AM,Tuesday,60 Steeles West,General Delay,6,20,B/W,
30-Oct-18,120,8:16:00 AM,Tuesday,120 Calvington Route,General Delay,30,60,B/W,
30-Oct-18,89,8:20:00 AM,Tuesday,St Clair,Mechanical,6,12,N/B,1379
30-Oct-18,61,8:30:00 AM,Tuesday,Bombay Loop to ESTN,General Delay,90,25,B/W,
30-Oct-18,69,8:40:00 AM,Tuesday,Warden and Hollis,Mechanical,13,26,N/B,8949
30-Oct-18,989,8:41:00 AM,Tuesday,ALWS,Mechanical,12,24,S/B,1104
30-Oct-18,24,8:50:00 AM,Tuesday,Steeles Loop,Mechanical,10,20,,8954
30-Oct-18,34,9:00:00 AM,Tuesday,Eglinton route Donmills to Warden,General Delay,25,35,B/W,
30-Oct-18,100,9:00:00 AM,Tuesday,Flemingdon park Broadview to span bridge,General Delay,20,25,B/W,
30-Oct-18,24,9:00:00 AM,Tuesday,Victoria Park,General Delay,10,20,S/B,8483
30-Oct-18,131,9:08:00 AM,Tuesday,STC,Mechanical,8,16,E/B,1591
30-Oct-18,45,9:22:00 AM,Tuesday,Penlea and Kipling,Investigation,5,10,S/B,8019
30-Oct-18,925,9:30:00 AM,Tuesday,PSTn to FMDM,General Delay,20,30,B/W,
30-Oct-18,25,9:30:00 AM,Tuesday,PSTN to FMDM,General Delay,20,29,B/W,
30-Oct-18,74,9:35:00 AM,Tuesday,Bombay loop,Utilized Off Route,1,1,N/B,1352
30-Oct-18,80,9:35:00 AM,Tuesday,Sherway Gardens,Mechanical,27,54,E/B,7923
30-Oct-18,35,9:37:00 AM,Tuesday,Jane and Sheppard,Emergency Services,9,18,S/B,3280
30-Oct-18,38,9:37:00 AM,Tuesday,stc,Mechanical,11,22,E/B,1713
30-Oct-18,7,9:58:00 AM,Tuesday,Caribou,Investigation,10,20,N/B,9007
30-Oct-18,84,10:27:00 AM,Tuesday,Sheppard West Station,Mechanical,8,16,E/B,3170
30-Oct-18,165,10:28:00 AM,Tuesday,Wilson Stn,Investigation,10,20,E/B,1327
30-Oct-18,192,10:42:00 AM,Tuesday,HWY 427 and Eglinton,Investigation,1,20,S/B,8008
30-Oct-18,186,10:43:00 AM,Tuesday,WILS,Mechanical,9,18,E/B,3126
30-Oct-18,53,10:44:00 AM,Tuesday,Mt Castle Gate,Diversion,33,23,E/B,1678
30-Oct-18,17,10:45:00 AM,Tuesday,Steeles & Mountcastle,Diversion,42,55,S/B,
30-Oct-18,939,10:48:00 AM,Tuesday,ATC SRT,Mechanical,9,18,W/B,1577
30-Oct-18,102,10:50:00 AM,Tuesday,WSTN,Mechanical,20,40,N/B,8420
30-Oct-18,68,11:00:00 AM,Tuesday,Warden Station,Utilized Off Route,0,0,N/B,8897
30-Oct-18,89,11:15:00 AM,Tuesday,Weston and Gunns,Mechanical,10,20,N/B,1001
30-Oct-18,35,11:22:00 AM,Tuesday,Murray Ross and Steeles,Mechanical,7,14,S/B,3110
30-Oct-18,939,11:30:00 AM,Tuesday,Seneca Hill Dr and Finch Av E,Mechanical,9,18,E/B,1649
30-Oct-18,134,11:35:00 AM,Tuesday,STC SRT,Mechanical,15,30,SB,9074
30-Oct-18,48,11:48:00 AM,Tuesday,Royal York Stn,Investigation,22,44,W/B,8027
30-Oct-18,102,11:50:00 AM,Tuesday,WSTN,Mechanical,10,20,N/B,8445
30-Oct-18,9,12:10:00 PM,Tuesday,Bellamy & Grace,Mechanical,23,46,S/B,9229
30-Oct-18,29,12:20:00 PM,Tuesday,Bridgeland,Mechanical,8,15,S/B,9142
30-Oct-18,54,12:43:00 PM,Tuesday,Lawrence SRT Station,Mechanical,12,24,E/B,8930
30-Oct-18,85,12:46:00 PM,Tuesday,Don Mills Station,Mechanical,14,21,E/B,1651
30-Oct-18,85,12:48:00 PM,Tuesday,DONS,Mechanical,7,14,E/B,1620
30-Oct-18,23,1:15:00 PM,Tuesday,DANFORTH MAIN TO DAWES,General Delay,15,1,B/W,
30-Oct-18,47,1:15:00 PM,Tuesday,Lansdowne south of college,Diversion,55,64,N/B,1360
30-Oct-18,100,1:17:00 PM,Tuesday,BSTN,Utilized Off Route,5,11,N/B,8759
30-Oct-18,108,2:00:00 PM,Tuesday,Route 108,General Delay,25,32,B/W,
30-Oct-18,96,2:00:00 PM,Tuesday,Route 96,General Delay,17,26,E/B,
30-Oct-18,165,2:00:00 PM,Tuesday,Route 165,General Delay,10,18,B/W,
30-Oct-18,41,2:00:00 PM,Tuesday,KSTN to wilson,General Delay,30,39,B/W,
30-Oct-18,89,2:00:00 PM,Tuesday,KSTN to Lawrence,General Delay,30,40,B/W,
30-Oct-18,186,2:00:00 PM,Tuesday,Route 186,General Delay,13,24,B/W,
30-Oct-18,37,2:00:00 PM,Tuesday,ENTIRE ROUTE,General Delay,18,35,B/W,
30-Oct-18,83,2:08:00 PM,Tuesday,Jones & Queen,Investigation,15,30,N/B,7795
30-Oct-18,57,2:23:00 PM,Tuesday,Kennedy STN,Late Leaving Garage,8,16,N/B,8772
30-Oct-18,102,2:25:00 PM,Tuesday,WSTN,Mechanical,19,38,N/B,8424
30-Oct-18,102,2:25:00 PM,Tuesday,Warden station,Mechanical,19,38,S/B,8424
30-Oct-18,6,2:27:00 PM,Tuesday,Davenport and Dupont,Late Leaving Garage,10,20,S/B,1536
30-Oct-18,83,2:33:00 PM,Tuesday,Jones & Dundas,Investigation,16,32,N/B,8470
30-Oct-18,12,2:35:00 PM,Tuesday,Warden Ave,Investigation,18,36,E/B,8939
30-Oct-18,925,2:37:00 PM,Tuesday,fresh meadow and don mills,Late Leaving Garage,7,14,N/B,8763
30-Oct-18,24,2:40:00 PM,Tuesday,Yorkland Road and Yorkland Blvd,Diversion,301,316,B/W,7819
30-Oct-18,61,2:43:00 PM,Tuesday,Avenue and Roselawn,Late Leaving Garage,15,29,N/B,1204
30-Oct-18,32,2:50:00 PM,Tuesday,MPOW,Late Leaving Garage,8,17,E/B,1603
30-Oct-18,98,2:51:00 PM,Tuesday,Goulding and Cactus,Late Leaving Garage,13,46,S/B,1285
30-Oct-18,123,2:52:00 PM,Tuesday,Kipling stn,Late Leaving Garage,24,48,S/B,7941
30-Oct-18,84,2:53:00 PM,Tuesday,St Basil The Great College School,Late Leaving Garage,10,20,E/B,3190
30-Oct-18,39,2:58:00 PM,Tuesday,MCVP,Late Leaving Garage,14,14,W/B,1653
30-Oct-18,68,3:00:00 PM,Tuesday,Entire Warden Route,General Delay,20,40,W/B,8756
30-Oct-18,72,3:00:00 PM,Tuesday,Pape station,General Delay,15,1,B/W,
30-Oct-18,70,3:00:00 PM,Tuesday,COXWELL STN,General Delay,25,38,N/B,
30-Oct-18,952,3:00:00 PM,Tuesday,Keele St to Bathrust,General Delay,15,27,B/W,
30-Oct-18,52,3:00:00 PM,Tuesday,Keele to Bathrust,General Delay,20,40,B/W,
30-Oct-18,54,3:00:00 PM,Tuesday,Entire Lawrence East Route,General Delay,30,60,B/W,8678
30-Oct-18,12,3:00:00 PM,Tuesday,Warden Ave and Kingston Road,General Delay,13,1,E/B,
30-Oct-18,167,3:00:00 PM,Tuesday,Sheppard Ave and Pharmacy Ave,General Delay,12,1,B/W,
30-Oct-18,87,3:00:00 PM,Tuesday,COSBURN ROUTE,General Delay,10,,B/W,
30-Oct-18,24,3:00:00 PM,Tuesday,Ellesmere Rd and Eglinton Ave,General Delay,20,1,B/W,
30-Oct-18,37,3:02:00 PM,Tuesday,Islington and Eglinton,Late Leaving Garage,7,14,S/B,8045
30-Oct-18,52,3:05:00 PM,Tuesday,Caledonia and Lawrence,Mechanical,14,24,W/B,1307
30-Oct-18,100,3:05:00 PM,Tuesday,BSTN,Mechanical,5,10,N/B,8703
30-Oct-18,935,3:08:00 PM,Tuesday,PVST,Mechanical,9,18,S/B,3174
30-Oct-18,61,3:17:00 PM,Tuesday,Eglinton Station,Investigation,14,29,N/B,1369
30-Oct-18,984,3:17:00 PM,Tuesday,RISH,Late Leaving Garage,7,14,W/B,3180
30-Oct-18,95,3:18:00 PM,Tuesday,Ellemere RT Station,Late Leaving Garage,10,1,W/B,1332
30-Oct-18,116,3:20:00 PM,Tuesday,Kennedy STN,Late Leaving Garage,12,24,E/B,8758
30-Oct-18,35,3:21:00 PM,Tuesday,Pioneer Village Station,Mechanical,10,20,S/B,3184
30-Oct-18,95,3:25:00 PM,Tuesday,Yorkmill Station,Late Leaving Garage,10,19,E/B,1731
30-Oct-18,55,3:28:00 PM,Tuesday,Jane and Annette,Investigation,15,30,S/B,1029
30-Oct-18,44,3:28:00 PM,Tuesday,Kipling Station,Mechanical,5,10,sb,8094
30-Oct-18,91,3:30:00 PM,Tuesday,WOODBINE ROUTE,General Delay,15,,B/W,
30-Oct-18,53,3:39:00 PM,Tuesday,Kennedy and Steeles,Mechanical,15,30,W/B,9059
30-Oct-18,53,3:40:00 PM,Tuesday,MOFI,Late Leaving Garage,15,30,W/B,1639
30-Oct-18,45,3:40:00 PM,Tuesday,Kipling and Steeles,Late Leaving Garage,14,28,N/B,8057
30-Oct-18,98,3:43:00 PM,Tuesday,Drewry and Grantbrook,Diversion,17,47,S/B,1352
30-Oct-18,28,3:43:00 PM,Tuesday,Brick Works,Mechanical,8,16,W/B,8179
30-Oct-18,169,3:52:00 PM,Tuesday,Sheppard and Parkway Forest Drive,Mechanical,30,60,EB,8133
30-Oct-18,78,4:00:00 PM,Tuesday,YKMS to Carluke,General Delay,15,30,B/W,
30-Oct-18,22,4:00:00 PM,Tuesday,Coxwell route,General Delay,10,1,B/W,
30-Oct-18,81,4:00:00 PM,Tuesday,Thornclif route,General Delay,10,1,B/W,
30-Oct-18,116,4:02:00 PM,Tuesday,MSNS,Mechanical,6,13,S/B,8662
30-Oct-18,78,4:06:00 PM,Tuesday,Carluke,Mechanical,15,30,B/W,8135
30-Oct-18,131,4:21:00 PM,Tuesday,Nugget Ave at Markham Rd,Mechanical,9,18,E/B,1756
30-Oct-18,44,4:24:00 PM,Tuesday,Kipling Station,Utilized Off Route,5,10,S/B,8095
30-Oct-18,62,4:30:00 PM,Tuesday,MORTIMER ROUTE,General Delay,10,,B/W,
30-Oct-18,25,4:39:00 PM,Tuesday,Don Mills at Kern,Investigation,6,11,S/B,8928
30-Oct-18,84,4:50:00 PM,Tuesday,Sheppard & Beecroft Rd.,Investigation,7,14,E/B,3294
30-Oct-18,102,4:50:00 PM,Tuesday,warden station,Mechanical,20,40,S/B,8944
30-Oct-18,30,5:00:00 PM,Tuesday,Cordova and Dundas St & Jane to Runnymede,General Delay,20,,B/W,
30-Oct-18,121,5:00:00 PM,Tuesday,FORT YORK ROUTE,General Delay,20,,B/W,
30-Oct-18,34,5:00:00 PM,Tuesday,ESTN,Mechanical,5,9,E/B,8745
30-Oct-18,44,5:00:00 PM,Tuesday,Dudndas And Aukland,General Delay,12,,B/W,
30-Oct-18,984,5:05:00 PM,Tuesday,Bradstock and Weston,Investigation,7,15,E/B,3159
30-Oct-18,929,5:11:00 PM,Tuesday,Dufferin and Eglinton,Investigation,10,20,S/B,9024
30-Oct-18,29,5:11:00 PM,Tuesday,Eglinton and Dufferin,Investigation,8,15,N/B,8140
30-Oct-18,73,5:15:00 PM,Tuesday,Royal York & Struthers,Diversion,0,0,S/B,8614
30-Oct-18,73,5:22:00 PM,Tuesday,Weston rd at Oak st,Mechanical,10,20,S/B,7954
30-Oct-18,95,5:30:00 PM,Tuesday,Yorkmill Station to Kingston Rd Loop,General Delay,20,30,B/W,
30-Oct-18,104,5:37:00 PM,Tuesday,Dufferin and Finch,Emergency Services,14,28,SB,1399
30-Oct-18,49,5:42:00 PM,Tuesday,Toledo and Mill Rd,Mechanical,10,20,E/B,7915
30-Oct-18,985,5:45:00 PM,Tuesday,Don Mills to SLP and DONS to STC,General Delay,9,25,B/W,
30-Oct-18,44,6:15:00 PM,Tuesday,Kipling Station,Mechanical,5,10,S/B,8084
30-Oct-18,34,6:44:00 PM,Tuesday,Eglinton/Ionview,Mechanical,4,9,W/B,8787
30-Oct-18,7,6:53:00 PM,Tuesday,Bathurst stn,Mechanical,9,18,N/B,9022
30-Oct-18,61,6:54:00 PM,Tuesday,Eglinton Station,Mechanical,18,36,N/B,1228
30-Oct-18,60,6:57:00 PM,Tuesday,sghl,Mechanical,8,16,E/B,3134
30-Oct-18,167,7:00:00 PM,Tuesday,Yorkland Road and Yorkland Blvd,Diversion,397,424,B/W,7838
30-Oct-18,88,7:14:00 PM,Tuesday,Thorncliffe Park and Overlea,Mechanical,18,36,S/B,8216
30-Oct-18,47,7:30:00 PM,Tuesday,On Caledonia at Lawrence,Investigation,20,40,S/B,1586
30-Oct-18,929,7:30:00 PM,Tuesday,Dupont and Dufferin,Mechanical,10,20,N/B,9142
30-Oct-18,47,8:17:00 PM,Tuesday,On Lansdowne at Dupont,Investigation,20,40,S/B,1418
30-Oct-18,7,8:42:00 PM,Tuesday,Bathurst and Davenport.,Investigation,9,18,S/B,9012
30-Oct-18,95,8:44:00 PM,Tuesday,KNRD,Mechanical,14,28,W/B,1771
30-Oct-18,34,8:51:00 PM,Tuesday,KENN,Mechanical,6,13,W/B,8690
30-Oct-18,52,9:03:00 PM,Tuesday,LSTN,Investigation,11,22,W/B,1381
30-Oct-18,38,9:21:00 PM,Tuesday,Markham and Ellesmere Rd,Mechanical,9,18,W/B,1680
30-Oct-18,32,9:30:00 PM,Tuesday,Ronald/Eglinton,Mechanical,9,18,W/B,1058
30-Oct-18,985,9:34:00 PM,Tuesday,Midland and Sheppard,Mechanical,12,24,E/B,9061
30-Oct-18,52,9:50:00 PM,Tuesday,Law W Stn,Mechanical,12,24,W/B,1368
30-Oct-18,23,10:00:00 PM,Tuesday,Main Station,Mechanical,15,30,E/B,8504
30-Oct-18,939,10:49:00 PM,Tuesday,FSTN,Investigation,9,18,E/B,1602
30-Oct-18,72,11:25:00 PM,Tuesday,Pape and Strathona,Diversion,106,124,B/W,
30-Oct-18,37,11:53:00 PM,Tuesday,Woodbine Race Track/Casino,Investigation,14,28,N/B,8085
31-Oct-18,21,12:19:00 AM,Wednesday,Finch Ave and Brimley Rd,Diversion,89,119,S/B,1604
31-Oct-18,335,2:36:00 AM,Wednesday,Jane Stn,Mechanical,30,60,N/B,1326
31-Oct-18,320,2:38:00 AM,Wednesday,Eglinton stn on Yonge,Emergency Services,3,6,N/B,8840
31-Oct-18,89,4:15:00 AM,Wednesday,Weston / Lawrence,Diversion,105,135,N/B,1045
31-Oct-18,702,4:30:00 AM,Wednesday,QWGA,Utilized Off Route,1,1,N/B,8617
31-Oct-18,72,5:03:00 AM,Wednesday,Commissiones and Logan,Diversion,999,999,B/W,
31-Oct-18,47,5:10:00 AM,Wednesday,QNLA,Mechanical,20,40,N/B,1029
31-Oct-18,300,5:16:00 AM,Wednesday,BSTN,Mechanical,17,30,W/B,8613
31-Oct-18,60,5:23:00 AM,Wednesday,Finch Station,Late Leaving Garage,14,24,W/B,
31-Oct-18,87,5:30:00 AM,Wednesday,Broadview Station,Late Leaving Garage,5,10,E/B,8475
31-Oct-18,72,5:30:00 AM,Wednesday,PSTN,Mechanical,7,14,S/B,7876
31-Oct-18,35,5:30:00 AM,Wednesday,Jane Station,Late Leaving Garage,18,18,N/B,3195
31-Oct-18,61,5:38:00 AM,Wednesday,Bombay loop,Late Leaving Garage,12,24,S/B,1394
31-Oct-18,47,5:44:00 AM,Wednesday,QNLA,Late Leaving Garage,10,20,N/B,
31-Oct-18,35,5:50:00 AM,Wednesday,Pioneer Village Station,Late Leaving Garage,5,10,S/B,3291
31-Oct-18,60,5:52:00 AM,Wednesday,Weston and Steeles,Investigation,1,1,W/B,3121
31-Oct-18,131,5:53:00 AM,Wednesday,MORN,Late Leaving Garage,7,14,W/B,1609
31-Oct-18,123,5:55:00 AM,Wednesday,Sherway Gardens,Late Leaving Garage,17,30,S/B,8088
31-Oct-18,41,5:57:00 AM,Wednesday,PVST,Mechanical,12,23,S/B,9145
31-Oct-18,100,5:57:00 AM,Wednesday,100 Flemingdon Pk route,Utilized Off Route,3,6,B/W,8675
31-Oct-18,39,6:00:00 AM,Wednesday,39 Finch Route-All Branch,General Delay,10,20,B/W,1805
31-Oct-18,939,6:00:00 AM,Wednesday,939 Finch Express-All Branch,General Delay,10,18,B/W,1802
31-Oct-18,86,6:02:00 AM,Wednesday,Kennedy STN,Late Leaving Garage,5,10,E/B,8829
31-Oct-18,35,6:06:00 AM,Wednesday,Pioneer Village Station,Late Leaving Garage,9,9,S/B,3212
31-Oct-18,72,6:14:00 AM,Wednesday,PSTN,Mechanical,15,30,S/B,8944
31-Oct-18,25,6:16:00 AM,Wednesday,FMDM,Late Leaving Garage,1,1,S/B,8669
31-Oct-18,32,6:20:00 AM,Wednesday,KEEG,Late Leaving Garage,3,6,E/B,1325
31-Oct-18,53,6:20:00 AM,Wednesday,PAMK,Late Leaving Garage,5,10,W/B,1745
31-Oct-18,60,6:22:00 AM,Wednesday,Finch Station,Late Leaving Garage,7,14,W/B,
31-Oct-18,32,6:24:00 AM,Wednesday,REGW,Late Leaving Garage,6,12,E/B,1421
31-Oct-18,89,6:26:00 AM,Wednesday,Keele Station,Late Leaving Garage,6,12,N/B,1411
31-Oct-18,76,6:27:00 AM,Wednesday,Royal York and Evans,Late Leaving Garage,7,13,S/B,8056
31-Oct-18,939,6:28:00 AM,Wednesday,STC SRT,Late Leaving Garage,7,14,W/B,1802
31-Oct-18,43,6:30:00 AM,Wednesday,Kennedy Stn to steeles,General Delay,40,20,bw,
31-Oct-18,86,6:30:00 AM,Wednesday,Kennedy STN to Meadowvale Loop,General Delay,20,30,B/W,
31-Oct-18,43,6:30:00 AM,Wednesday,kennedy stn to scarboro town ctr.,General Delay,40,30,bw,
31-Oct-18,905,6:30:00 AM,Wednesday,Kennedy STN to U of T Loop,General Delay,20,27,B/W,
31-Oct-18,57,6:30:00 AM,Wednesday,kennedy to steeles,General Delay,35,25,bw,
31-Oct-18,116,6:30:00 AM,Wednesday,Kennedy STN to Morningside Ave/Nightstar Rd,General Delay,20,30,B/W,
31-Oct-18,97,6:30:00 AM,Wednesday,Davisville Stn,Late Leaving Garage,15,45,N/B,8203
31-Oct-18,24,6:30:00 AM,Wednesday,Eglinton & Victoria Park,Mechanical,14,28,B/W,8445
31-Oct-18,165,6:31:00 AM,Wednesday,FWES,Late Leaving Garage,5,10,W/B,1401
31-Oct-18,61,6:35:00 AM,Wednesday,Bombay loop,Mechanical,10,20,S/B,1394
31-Oct-18,32,6:40:00 AM,Wednesday,Keele and Eglinton,Mechanical,6,12,W/B,1287
31-Oct-18,84,6:45:00 AM,Wednesday,Sheppard Yonge Station,Late Leaving Garage,10,20,W/B,
31-Oct-18,84,6:47:00 AM,Wednesday,Pioneer Village Station,Late Leaving Garage,20,40,E/B,3306
31-Oct-18,124,6:54:00 AM,Wednesday,LSTA,Late Leaving Garage,6,14,E/B,8168
31-Oct-18,984,6:56:00 AM,Wednesday,Rivalda and Sheppard,Late Leaving Garage,9,18,E/B,3205
31-Oct-18,21,7:00:00 AM,Wednesday,STC to Kenn,General Delay,25,35,B/W,
31-Oct-18,131,7:00:00 AM,Wednesday,Around Kennedy Station,General Delay,30,38,S/B,
31-Oct-18,76,7:00:00 AM,Wednesday,Royal York Rte,General Delay,10,20,B/W,
31-Oct-18,73,7:00:00 AM,Wednesday,royal York Rte,General Delay,10,24,B/W,
31-Oct-18,20,7:00:00 AM,Wednesday,Kennedy Station,General Delay,10,10,B/W,
31-Oct-18,113,7:00:00 AM,Wednesday,Kennedy Station,General Delay,10,10,B/W,
31-Oct-18,984,7:05:00 AM,Wednesday,Rivalda and Sheppard,Investigation,9,18,E/B,3223
31-Oct-18,6,7:07:00 AM,Wednesday,SHQQ,Late Leaving Garage,10,20,N/B,1060
31-Oct-18,53,7:07:00 AM,Wednesday,MOFI,Late Leaving Garage,13,26,W/B,9075
31-Oct-18,41,7:09:00 AM,Wednesday,Keele & Dundas,Investigation,13,25,N/B,1112
31-Oct-18,117,7:10:00 AM,Wednesday,Sheppard W Stn,Mechanical,10,20,,1370
31-Oct-18,134,7:12:00 AM,Wednesday,IRON,Mechanical,16,36,S/B,9071
31-Oct-18,124,7:18:00 AM,Wednesday,LSTA,Mechanical,6,12,E/B,8161
31-Oct-18,61,7:23:00 AM,Wednesday,Wilson Ave and Avenue Rd,Diversion,25,40,N/B,
31-Oct-18,989,7:26:00 AM,Wednesday,Weston & Jane,Mechanical,12,24,S/B,1118
31-Oct-18,75,7:30:00 AM,Wednesday,South Dr /Glen to Queen Quay/ Jarvis,General Delay,20,24,B/W,
31-Oct-18,51,7:30:00 AM,Wednesday,Eglinton Stn to Freshmeadows and Don Mills,General Delay,19,28,B/W,
31-Oct-18,122,7:30:00 AM,Wednesday,York Mills Stn to Roywood/Fenside,General Delay,16,22,B/W,
31-Oct-18,24,7:30:00 AM,Wednesday,Yorkland Blvd & Yorkland Road,Diversion,90,104,B/W,
31-Oct-18,88,7:30:00 AM,Wednesday,St Clair Stn to Throncliffe/Overlea,General Delay,18,28,B/W,
31-Oct-18,61,7:30:00 AM,Wednesday,Bombay loop to ESTN,General Delay,180,25,B/W,
31-Oct-18,133,7:30:00 AM,Wednesday,STC to MOFI,General Delay,15,26,B/W,
31-Oct-18,34,7:30:00 AM,Wednesday,34 Eglinton East route,General Delay,20,40,B/W,
31-Oct-18,67,7:39:00 AM,Wednesday,Pharmacy and St. Clair,Investigation,9,17,S/B,8783
31-Oct-18,100,7:40:00 AM,Wednesday,Concorde Place,Utilized Off Route,3,6,B/W,8760
31-Oct-18,12,7:40:00 AM,Wednesday,Swanwick & Victoria Park,Emergency Services,30,60,S/B,8408
31-Oct-18,53,7:41:00 AM,Wednesday,PAMK,Utilized Off Route,13,26,W/B,9066
31-Oct-18,56,7:42:00 AM,Wednesday,Laird & Eglinton,Mechanical,19,38,N/B,8159
31-Oct-18,38,7:51:00 AM,Wednesday,Dormington and Ellesmere,Investigation,10,19,W/B,1619
31-Oct-18,143,8:00:00 AM,Wednesday,Downtown Beach Express,General Delay,15,30,W/B,
31-Oct-18,7,8:00:00 AM,Wednesday,ba,General Delay,7,14,B/W,
31-Oct-18,32,8:00:00 AM,Wednesday,Entire route,General Delay,5,20,B/W,
31-Oct-18,160,8:00:00 AM,Wednesday,wilson stn lower / steeles,General Delay,6,12,B/W,
31-Oct-18,90,8:00:00 AM,Wednesday,st clair wstn / oakwood,General Delay,4,7,B/W,
31-Oct-18,38,8:00:00 AM,Wednesday,STC to RHGO,General Delay,15,25,B/W,
31-Oct-18,68,8:00:00 AM,Wednesday,Warden & Major Mackenzie,Diversion,25,50,W/B,8907
31-Oct-18,11,8:00:00 AM,Wednesday,davisville stn / steeles,General Delay,10,20,B/W,
31-Oct-18,54,8:00:00 AM,Wednesday,Esglinton Station to Starspray Loop,General Delay,15,24,BW,
31-Oct-18,39,8:04:00 AM,Wednesday,Neilson and Crow Trail,Mechanical,5,15,W/B,1530
31-Oct-18,83,8:30:00 AM,Wednesday,Jones Avenue / Lakeshore Garage,General Delay,12,24,N/B,
31-Oct-18,70,8:30:00 AM,Wednesday,oconnor route,General Delay,15,30,W/B,
31-Oct-18,25,8:30:00 AM,Wednesday,PSTN to DONS,General Delay,20,25,B/W,
31-Oct-18,81,8:30:00 AM,Wednesday,Thorncliffe Route,General Delay,8,1,B/W,
31-Oct-18,22,8:30:00 AM,Wednesday,Coxwell Route,General Delay,7,1,B/W,
31-Oct-18,102,8:30:00 AM,Wednesday,Markham Route,General Delay,13,1,B/W,
31-Oct-18,902,8:30:00 AM,Wednesday,Markham Express Route,General Delay,10,1,B/W,
31-Oct-18,72,8:30:00 AM,Wednesday,Pape route,General Delay,10,1,B/W,
31-Oct-18,9,8:30:00 AM,Wednesday,Bellamy Road / WAST / STC,General Delay,15,30,B/W,
31-Oct-18,17,8:30:00 AM,Wednesday,Birchmount Road / WAST,General Delay,7,14,B/W,
31-Oct-18,925,8:30:00 AM,Wednesday,PSTN to FMDM,General Delay,20,30,B/W,
31-Oct-18,97,8:31:00 AM,Wednesday,Yonge Blvd and Harley Ave,Investigation,30,60,S/B,8312
31-Oct-18,169,8:33:00 AM,Wednesday,Donmills Stn,Emergency Services,20,45,,8185
31-Oct-18,939,8:40:00 AM,Wednesday,Finch West Station,Mechanical,8,16,E/B,1224
31-Oct-18,7,8:41:00 AM,Wednesday,wilson ave,Mechanical,10,20,S/B,9000
31-Oct-18,939,8:53:00 AM,Wednesday,Bridletown Cir-Finch Av E,Mechanical,8,16,W/B,1627
31-Oct-18,85,9:09:00 AM,Wednesday,Rouge Hill Go Station,Mechanical,21,42,W/B,1817
31-Oct-18,63,9:13:00 AM,Wednesday,St Clair and Oakwood loop,Mechanical,8,17,,8331
31-Oct-18,14,9:15:00 AM,Wednesday,Caledonia & Glencairn,Mechanical,16,35,E/B,1130
31-Oct-18,607,9:30:00 AM,Wednesday,STC,Utilized Off Route,1,1,S/B,1630
31-Oct-18,9,9:30:00 AM,Wednesday,WSTN,Utilized Off Route,1,1,N/B,8412
31-Oct-18,86,9:33:00 AM,Wednesday,Kennedy STN,Utilized Off Route,10,20,E/B,8652
31-Oct-18,710,9:35:00 AM,Wednesday,Kennedy STN,Utilized Off Route,1,1,,8916
31-Oct-18,12,9:36:00 AM,Wednesday,Victoria Park Station,Mechanical,12,24,B/W,7731
31-Oct-18,102,9:38:00 AM,Wednesday,WSTN,Utilized Off Route,15,30,N/B,8527
31-Oct-18,95,9:42:00 AM,Wednesday,York Mill and Ellesmere,General Delay,20,40,B/W,1513
31-Oct-18,24,9:47:00 AM,Wednesday,Victoria Park Station,Utilized Off Route,1,1,N/B,9230
31-Oct-18,171,10:00:00 AM,Wednesday,Mt. Dennis Division stop,Mechanical,20,40,S/B,1048
31-Oct-18,75,10:09:00 AM,Wednesday,queen to maple,General Delay,7,12,B/W,
31-Oct-18,85,10:28:00 AM,Wednesday,Meadowvale and Sheppard,Mechanical,21,42,W/B,1540
31-Oct-18,102,10:30:00 AM,Wednesday,WSTN,Mechanical,15,30,N/B,8479
31-Oct-18,85,10:33:00 AM,Wednesday,Sheppard and Meadowvale,Investigation,18,36,E/B,1737
31-Oct-18,5,10:45:00 AM,Wednesday,Elizabeth and Elm St,Mechanical,30,60,N/B,1201
31-Oct-18,113,10:46:00 AM,Wednesday,Birchmount & Danforth,Emergency Services,23,33,E/B,7845
31-Oct-18,76,10:50:00 AM,Wednesday,Lake Shore and Mimico,Investigation,10,20,S/B,8096
31-Oct-18,702,11:05:00 AM,Wednesday,Lakeshore and Mimico,Utilized Off Route,1,1,N/B,8045
31-Oct-18,35,11:06:00 AM,Wednesday,Jane Station,Mechanical,7,14,N/B,3312
31-Oct-18,36,11:13:00 AM,Wednesday,,Investigation,5,10,EB,9109
31-Oct-18,602,11:15:00 AM,Wednesday,ISTN,Utilized Off Route,1,1,N/B,8014
31-Oct-18,39,11:15:00 AM,Wednesday,McCowan and Finch,Mechanical,6,12,E/B,1700
31-Oct-18,704,11:17:00 AM,Wednesday,Jane and Shepard,Utilized Off Route,1,1,S/B,8541
31-Oct-18,719,11:18:00 AM,Wednesday,Dundas West Stn.,Utilized Off Route,1,1,N/B,1144
31-Oct-18,704,11:20:00 AM,Wednesday,,Utilized Off Route,1,1,,1385
31-Oct-18,89,11:26:00 AM,Wednesday,Keele Station,Utilized Off Route,10,20,N/B,1007
31-Oct-18,54,11:29:00 AM,Wednesday,Lawrence SRT Station,Utilized Off Route,0,0,E/B,8629
31-Oct-18,52,11:30:00 AM,Wednesday,Lawrence West Station,Mechanical,14,28,W/B,1276
31-Oct-18,939,11:35:00 AM,Wednesday,STC SRT,Mechanical,9,18,W/B,1602
31-Oct-18,52,11:35:00 AM,Wednesday,Lawrence Station,Mechanical,14,28,W/B,8345
31-Oct-18,106,11:40:00 AM,Wednesday,Finch and Sentinel,Diversion,12,24,,8121
31-Oct-18,110,11:44:00 AM,Wednesday,ISTN,Investigation,18,36,S/B,7923
31-Oct-18,29,11:45:00 AM,Wednesday,Dufferin / Springhurst Loop,Mechanical,7,15,S/B,9039
31-Oct-18,35,11:47:00 AM,Wednesday,Dalrymple Drive,Investigation,1,1,N/B,3186
31-Oct-18,935,11:50:00 AM,Wednesday,Pioneer Village Station,Mechanical,10,20,S/B,3253
31-Oct-18,14,11:58:00 AM,Wednesday,Bathurst & Roselawn,Investigation,27,54,E/B,1095
31-Oct-18,84,12:27:00 PM,Wednesday,Sheppard West Station,Mechanical,8,16,E/B,3281
31-Oct-18,95,12:38:00 PM,Wednesday,SCLP,Mechanical,16,32,W/B,1682
31-Oct-18,123,12:50:00 PM,Wednesday,Eastmall and Queensway,Diversion,21,42,56688,8059
31-Oct-18,100,1:00:00 PM,Wednesday,BSTN to DMWF,General Delay,20,26,B/W,
31-Oct-18,88,1:05:00 PM,Wednesday,Welland and St.Clair Ave,Mechanical,30,60,S/B,8338
31-Oct-18,52,1:05:00 PM,Wednesday,Lawrence & Marlee,Mechanical,14,28,W/B,8150
31-Oct-18,7,1:08:00 PM,Wednesday,WILSON AVE,Investigation,10,20,S/B,9004
31-Oct-18,925,1:24:00 PM,Wednesday,Overlea and Don Mills,Investigation,10,20,E/B,8796
31-Oct-18,42,1:35:00 PM,Wednesday,Leslie and McNicoll,Mechanical,12,23,E/B,8122
31-Oct-18,600,1:40:00 PM,Wednesday,Bahturst and Briarhill,Utilized Off Route,1,1,,1394
31-Oct-18,711,1:49:00 PM,Wednesday,Eglinton W stn,Utilized Off Route,1,1,,8337
31-Oct-18,719,1:50:00 PM,Wednesday,PINE,Utilized Off Route,1,1,E/B,1122
31-Oct-18,47,1:52:00 PM,Wednesday,Dupont/Lansdowne,Utilized Off Route,15,30,S/B,1032
31-Oct-18,939,2:11:00 PM,Wednesday,Finch Station,Mechanical,8,16,B/W,1600
31-Oct-18,47,2:23:00 PM,Wednesday,Yorkdale,Late Leaving Garage,17,27,S/B,1109
31-Oct-18,100,2:29:00 PM,Wednesday,St. Dennis/Deauville Lane,Emergency Services,5,11,N/B,8803
31-Oct-18,100,2:29:00 PM,Wednesday,St. Dennis & Deauville,General Delay,2,10,B/W,
31-Oct-18,14,2:30:00 PM,Wednesday,CALE,Mechanical,16,32,E/B,1010
31-Oct-18,118,2:30:00 PM,Wednesday,Route 118,General Delay,21,46,B/W,
31-Oct-18,192,2:31:00 PM,Wednesday,Kipling stn,Mechanical,10,20,N/B,8007
31-Oct-18,110,2:32:00 PM,Wednesday,LONG BRANCH LOOP,Mechanical,24,48,N/B,7941
31-Oct-18,46,2:36:00 PM,Wednesday,SLPM,Late Leaving Garage,16,32,S/B,1326
31-Oct-18,24,2:38:00 PM,Wednesday,Senator and O'Connor School,Late Leaving Garage,10,20,N/B,9236
31-Oct-18,905,2:44:00 PM,Wednesday,KENN,Mechanical,8,17,E/B,8702
31-Oct-18,102,2:46:00 PM,Wednesday,Warden Station,Mechanical,1,1,N/B,8407
31-Oct-18,54,2:47:00 PM,Wednesday,Eglinton Station,Emergency Services,10,20,E/B,8922
31-Oct-18,95,2:52:00 PM,Wednesday,Brownspring and Sheppard,Mechanical,8,16,B/W,1700
31-Oct-18,118,3:00:00 PM,Wednesday,,General Delay,0,0,B/W,
31-Oct-18,79,3:00:00 PM,Wednesday,RUST to PINE,General Delay,15,24,W/B,
31-Oct-18,165,3:00:00 PM,Wednesday,Route 165,General Delay,13,21,B/W,
31-Oct-18,186,3:00:00 PM,Wednesday,Route 186,General Delay,15,26,E/B,3213
31-Oct-18,925,3:00:00 PM,Wednesday,925 Don Mills Express route,General Delay,5,10,B/W,
31-Oct-18,12,3:00:00 PM,Wednesday,North Service Rd Kennedy STN,General Delay,13,1,B/W,
31-Oct-18,20,3:00:00 PM,Wednesday,North Service Road KNST,General Delay,13,1,B/W,
31-Oct-18,121,3:00:00 PM,Wednesday,FORT YORK ROUTE,General Delay,35,1,B/W,
31-Oct-18,25,3:00:00 PM,Wednesday,25 Don Mills route,General Delay,5,10,B/W,
31-Oct-18,167,3:00:00 PM,Wednesday,Pharmacy and Finch Ave,General Delay,14,1,B/W,
31-Oct-18,87,3:00:00 PM,Wednesday,COSBURN ROUTE,General Delay,15,1,B/W,
31-Oct-18,117,3:14:00 PM,Wednesday,Sheppard W Stn,Mechanical,14,26,,8106
31-Oct-18,11,3:14:00 PM,Wednesday,Davisvile stn,Mechanical,7,14,E/B,8147
31-Oct-18,161,3:17:00 PM,Wednesday,JAAL,Mechanical,9,22,E/B,1098
31-Oct-18,70,3:19:00 PM,Wednesday,Coxwell Station,Late Leaving Garage,12,29,N/B,8851
31-Oct-18,952,3:24:00 PM,Wednesday,Lawrence stn,Mechanical,12,24,W/B,8332
31-Oct-18,17,3:27:00 PM,Wednesday,Birchmount and McNicol,Mechanical,8,16,S/B,8504
31-Oct-18,34,3:28:00 PM,Wednesday,Eglinton E & Ionview,Mechanical,4,12,W/B,8808
31-Oct-18,55,3:30:00 PM,Wednesday,JNST to VARS,General Delay,20,30,B/W,1088
31-Oct-18,91,3:30:00 PM,Wednesday,WOODBINE ROUTE,General Delay,15,1,B/W,
31-Oct-18,17,3:30:00 PM,Wednesday,Birchmount Road / WAST,Mechanical,8,16,N/B,7811
31-Oct-18,92,3:30:00 PM,Wednesday,WOODBINE SOUTH,General Delay,8,1,B/W,
31-Oct-18,62,3:30:00 PM,Wednesday,MORTIMER ROUTE,General Delay,8,1,B/W,
31-Oct-18,21,3:38:00 PM,Wednesday,Scarborough Town Centre,Late Leaving Garage,11,29,N/B,1780
31-Oct-18,989,3:40:00 PM,Wednesday,Keele Station,Mechanical,10,20,N/B,1044
31-Oct-18,36,3:41:00 PM,Wednesday,Finch and Alness,Diversion,199,204,BW,
31-Oct-18,36,3:45:00 PM,Wednesday,Finch West to Finch Station,General Delay,35,40,BW,
31-Oct-18,75,3:45:00 PM,Wednesday,King and Sherbourne to Bloor,General Delay,6,12,N/B,8391
31-Oct-18,9,3:50:00 PM,Wednesday,WAST,Mechanical,16,32,S/B,8408
31-Oct-18,45,3:50:00 PM,Wednesday,Steeles Loop,Mechanical,9,18,S/B,8019
31-Oct-18,94,3:51:00 PM,Wednesday,CastleFrank Stn,Mechanical,8,16,W/B,1560
31-Oct-18,63,4:00:00 PM,Wednesday,Eglinton West Station,General Delay,508,516,BW,
31-Oct-18,24,4:00:00 PM,Wednesday,24 Victoria Park Ave,General Delay,12,1,B/W,
31-Oct-18,929,4:00:00 PM,Wednesday,WILS,Mechanical,10,20,S/B,9034
31-Oct-18,54,4:00:00 PM,Wednesday,Laird & Eglinton,General Delay,1,1,E/B,
31-Oct-18,144,4:00:00 PM,Wednesday,144 Donvalley Downtown Express,General Delay,5,10,B/W,
31-Oct-18,165,4:01:00 PM,Wednesday,Weston & Finch,Investigation,10,20,N/B,8542
31-Oct-18,42,4:11:00 PM,Wednesday,McNicoll and Gordon Baker,Mechanical,6,12,W/B,1242
31-Oct-18,108,4:14:00 PM,Wednesday,Sheppard & Kodiak,Investigation,7,15,E/B,3125
31-Oct-18,145,4:15:00 PM,Wednesday,Adelaide at Spadina,Late Leaving Garage,15,45,E/B,8029
31-Oct-18,16,4:15:00 PM,Wednesday,Garage,Late Leaving Garage,9,18,S/B,9230
31-Oct-18,10,4:18:00 PM,Wednesday,Sheppard and Bathurst,Mechanical,10,20,W/B,1365
31-Oct-18,192,4:24:00 PM,Wednesday,Kipling Station,Mechanical,9,17,S/B,8001
31-Oct-18,143,4:30:00 PM,Wednesday,Adelaide Eastbound,General Delay,75,100,E/B,
31-Oct-18,127,4:50:00 PM,Wednesday,Old Weston and St. Clair,Mechanical,20,40,N/B,1126
31-Oct-18,96,4:52:00 PM,Wednesday,Route 96,General Delay,18,29,B/W,
31-Oct-18,6,5:00:00 PM,Wednesday,Bay route,General Delay,20,30,B/W,
31-Oct-18,985,5:00:00 PM,Wednesday,DONS to SLP & DONS to STC,General Delay,8,24,B/W,
31-Oct-18,145,5:00:00 PM,Wednesday,Adelaide/Spadina to Lakeshore at Royal York,General Delay,25,55,B/W,
31-Oct-18,49,5:00:00 PM,Wednesday,Dundas St W and Aukland,General Delay,15,,S/B,
31-Oct-18,44,5:00:00 PM,Wednesday,Dundas St and Aukland,General Delay,15,,B/W,
31-Oct-18,30,5:00:00 PM,Wednesday,Entire Route,General Delay,15,,B/W,
31-Oct-18,102,5:01:00 PM,Wednesday,Markham & 16th Avenue,Investigation,20,40,S/B,8441
31-Oct-18,57,5:11:00 PM,Wednesday,Midland and Eglinton,Mechanical,8,16,N/B,8863
31-Oct-18,32,5:25:00 PM,Wednesday,Eglinton/Lloyd Manor,Investigation,8,17,E/B,1258
31-Oct-18,51,5:35:00 PM,Wednesday,Leslie/ Eglinto,Mechanical,18,36,S/B,1342
31-Oct-18,134,5:40:00 PM,Wednesday,STC,Mechanical,5,10,E/B,9086
31-Oct-18,34,5:43:00 PM,Wednesday,Eglinton/Redpath,Investigation,4,8,E/B,8722
31-Oct-18,24,5:45:00 PM,Wednesday,Pachino Blvd,Investigation,9,18,N/B,8476
31-Oct-18,65,5:45:00 PM,Wednesday,BKFR,Utilized Off Route,8,16,N/B,8444
31-Oct-18,116,5:46:00 PM,Wednesday,Morningside and Ellesmere,Emergency Services,7,13,N/B,8883
31-Oct-18,36,5:48:00 PM,Wednesday,York Busway and Alness,Investigation,10,20,SB,9115
31-Oct-18,53,5:50:00 PM,Wednesday,FSTN,Mechanical,15,30,E/B,9075
31-Oct-18,939,5:56:00 PM,Wednesday,Allness and York University Busway,Diversion,11,22,B/W,1583
31-Oct-18,108,5:57:00 PM,Wednesday,Route 108,General Delay,27,34,B/W,
31-Oct-18,122,6:00:00 PM,Wednesday,York Mills/enn ae,Diversion,1,1,E/B,
31-Oct-18,95,6:00:00 PM,Wednesday,YKMS to KNRD (All branhces),General Delay,20,34,B/W,
31-Oct-18,60,6:00:00 PM,Wednesday,Entire route,General Delay,30,1,B/W,
31-Oct-18,89,6:18:00 PM,Wednesday,Keele and Dundas,Investigation,10,20,S/B,1261
31-Oct-18,95,6:23:00 PM,Wednesday,York Mills Stn,Emergency Services,10,20,E/B,1746
31-Oct-18,94,6:30:00 PM,Wednesday,Wellesley and Church,Diversion,424,432,B/W,
31-Oct-18,26,6:35:00 PM,Wednesday,St.George Stn,Mechanical,14,27,W/B,1066
31-Oct-18,16,7:00:00 PM,Wednesday,Lawerence and McCowan,Diversion,79,90,S/B,8957
31-Oct-18,60,7:07:00 PM,Wednesday,Maury ross/Steeles,Mechanical,7,14,E/B,9106
31-Oct-18,12,7:36:00 PM,Wednesday,Brimley Rd and Eglinton Ave,Mechanical,17,34,W/B,8472
31-Oct-18,85,7:47:00 PM,Wednesday,SLP,Utilized Off Route,15,31,W/B,1680
31-Oct-18,34,8:50:00 PM,Wednesday,ESTN,Mechanical,6,13,W/B,8713
31-Oct-18,36,9:10:00 PM,Wednesday,Keele and Finch,Investigation,8,16,EB,9132
31-Oct-18,24,9:12:00 PM,Wednesday,Basset Ave,Emergency Services,8,16,S/B,8437
31-Oct-18,24,9:12:00 PM,Wednesday,Bassett Ave,Diversion,113,121,N/B,8933
31-Oct-18,29,10:00:00 PM,Wednesday,Bloor and Dufferin,Utilized Off Route,8,17,S/B,9100
31-Oct-18,24,10:27:00 PM,Wednesday,Basset Ave,Utilized Off Route,8,16,S/B,8437
31-Oct-18,165,10:49:00 PM,Wednesday,Wilson & Julian,Mechanical,10,20,E/B,1341
31-Oct-18,53,10:50:00 PM,Wednesday,McCown and Steeles,Mechanical,19,22,E/B,1784
31-Oct-18,71,11:22:00 PM,Wednesday,INMD,Emergency Services,20,40,S/B,1267
